:020000040000FA
:06000000021460020889F1
:030013000209DF00
:03002B000211EFD0
:0300330002109226
:03003B00020A3482
:030053000207BEE3
:1000830002081D0100F0FF0700080000FFFF000049
:100093000704000000030001FF18102700000020E0
:1000A300FD000206FFFFFE0400000004E5C6FE0695
:1000B300001F0000AC03FE06001F00B4AC741E0357
:1000C300007701D517DB173B1E000000000000007E
:1000D300000000000000000000000000000000001D
:1000E300000000000000000000000000000000000D
:1000F3000000005F1E000000000000000000000080
:100103000000000101E803D00732006400DC009422
:1001130002000000000000000000000000000000DA
:100123000000000000000000000000FF00000000CD
:1001330000000000000000000000000000000104B7
:10014300010C0002067E820000000204010C000282
:1001530002E883000000010400006317000000E8C8
:10016300030000FFFFC01788130000E803000064CA
:10017300006400B801A0BB0D00A0BB0D0002020289
:10018300070401010A1E02051E020A0A01010108F1
:1001930009080103B80B02803E0102FEFFE8030ACF
:1001A300050001FFFF010A011401E00100B0423B19
:1001B300AAB83F0000003F8C906339AA0CA33A0011
:1001C300941E3C8042633DCFFE753E1572313F0065
:1001D30000803FF304353F8096184B000080BF2218
:1001E30092D43EDD9B2A3F04000040FFFF7F7FFF48
:1001F300FF7FFF010080341872313F0105030101C5
:100203000F10FEFFB535000000002734000000008A
:10021300FF000000FF0012148E60461214AC603D14
:10022300E9687008F618F618F618F622748067F76E
:1002330012024D090909748067F7221214AC601D7C
:1002430012148E7005191919801A12133C701F129B
:1002530012ECC37003E6673319191940071818180D
:100263002208080874FFF618F618F618F622121278
:10027300EC601712152C702192F012151A70195098
:100283001720F014080808090909E7F61819E7F612
:100293001819E7F61819E7F62212151A60E6E86945
:1002A300701F0808E62480F608E436F618547FB475
:1002B3007F0CE654806007F6E418F618F622181847
:1002C30022E9C6CC08C6CD08C6CE08C6CFC0E0E832
:1002D300C0E0EAC0E0EBC0E009E9F809E7FA09E7A2
:1002E300FBE6F918E6F8C3EC98ED99EE9AEBC2E752
:1002F300F5F0EFC2E795F0500E600CEBCFFBEACEC2
:10030300FAE9CDF9E8CCF8EAA2E7D2E7FAEB33FB56
:1003130013F5F0EEA2E7D2E7FEEF33FFC5F013A229
:10032300E730E601B313C5F0C3C0E0C0F07F00C3FC
:100333009BFB605E9418600F401D14601AD0E0238D
:10034300F9D0E0F802041F8AF0E9486003D2F0E430
:10035300AFF0FAF9F8803BEB30E40D89F0EA600383
:10036300D2F0E4AFF0F9CAF8EB30E30D88F0EF60B8
:1003730002D2F0AFF0E4CAC9F8EB54076014FBC330
:10038300EA13FAE913F9E813F8EF135002D2E0FF86
:10039300DBEDD0E0C0E030E739C3E49FFFF5F0ECDC
:1003A30098FC42F0ED99FD42F0EE9AFE42F0D0E067
:1003B300F9D0E0F8E5F0607AE923F9EE20E742D8D6
:1003C300028067C3EF33FFEC33FCED33FDEE33FE06
:1003D30080EAEC28FCED39FDEE3AFED0E023F9D0BB
:1003E300E0F84002801BC3EE13FEED13FDEC13FC9B
:1003F300EF135002D2E0FF08B800067F7F74FF803E
:100403002EEF3350178CF020F00260100CBC000C60
:100413000DBD00080EBE000408E860DFE933E813F1
:10042300FFEE2313FE4F4D4C8008E95480FFE4FE9A
:10043300FDFCEE33EF33F47004FCFD7E80D0E0FB73
:10044300D0E0FAD0E0F8D0E0CFC618CEC618CDC6BB
:1004530018CCC6F9221214AC7004181818221214FE
:100463008E700D74FFF61819F61819F61819F6227E
:10047300E7548066F612151A700F12152C70F014DB
:10048300F608F608F608F680D112152C700CF6085B
:10049300F608768008E6447F80EC1212EF700C12A7
:1004A300133F60BFE65480F6E480BB12133F700530
:1004B30019191980A5E869700C763F18768018F62B
:1004C30018F6E8F922E6CDC0E018ECC0E0E633CD3B
:1004D30033CDD313F6E719FCE7191933CC33C3949F
:1004E3007F400ECD9D502408E65480F6E418F68034
:1004F3000FF4043D14501408E6447FF6187680E4A4
:1005030018F618F6D0E0FCD0E0FD22CCD313CCFDD6
:1005130018E4C6CBC0E018E4C6CAC0E00808ED087A
:10052300C633E613F618E433C675F003C3CA97CA95
:1005330009CB97CB199C40047D08802EBD00030294
:10054300060116B6FF050606081618C3CA33CACB3A
:1005530033CB33CA27CA09CB37CB193CC37D0880B9
:100563003E187D0820E75CC633C6CA33CACB33CBFB
:1005730033DDF1D5F0EB30E77BCA97CA09CB974A55
:10058300CB199C406F4B7025E620E0218066187DD7
:1005930008C3CA97CA09CB97CB199CD3C633C6CA1B
:1005A30033CACB33CB3350C9DDE7D5F0E1D3E4C64F
:1005B30036C608C636C608C636C608C636C61818AE
:1005C300188031C3CA97CA09CB97CB199CB34097FC
:1005D300C633C6CA33CACB33CB33DD34D5F02EC6CC
:1005E300A2E0C640C8CA27CA09CB37194A70BECB96
:1005F3003CB480B90808E63308E633601F181818BE
:10060300D0E0FAD0E0FBD0E0FCD0E0FD22187D087A
:10061300CA27CA09CB37CB193CD3808013F618E419
:10062300B67F11F618B6FF0EF618C60470D2080886
:10063300768080CAF618F618F680C5001214AC60EE
:100643004F12148E6012E7548066F612133C701139
:1006530012152C703B090909F4F618F618F618F66A
:10066300221212EC701512151A08080860EAE64403
:100673007FF618768018E4F618F62212151A60161B
:1006830012152C7012E4F608F608F608E65480F604
:1006930009090918181822EAC0E0EBC0E0ECC0E031
:1006A300EDC0E0E687F0A4FBACF008E687F0A42CED
:1006B300FCE435F0FA1809E687F0A42C4B600274C9
:1006C30001CA35F0FCE433FB09E687F0D2F7A42C2A
:1006D300CB35F0FC1908E687F0A42BCC35F0FBE40E
:1006E30033FD0819E687F0D2E7A42C4ACB35F0CDC9
:1006F3003400FC09E687F0D2E7A42DCC35F0FDE405
:1007030033FA0918E687F0D2F7A42CCD35F0CA34B2
:1007130000FC08E687F0D2E7D2F7A42ACC35F07ABA
:100723007E20E70B0ACB33CBCD33CDCC33CC33CBCD
:100733003350147004ED30E00ED2F1E4CD3DCDCC56
:100743003CCC3B5005DA05C2F1EB547FC63308E6D7
:100753003392F0FBE73309E733C39A502D2B70191B
:100763000C0D4C4D70151806E608C333700D20F1BF
:100773000AA2F013F6E418800B4024E4F630F002EA
:10078300768018F618F618F68024D33B14501074AC
:10079300FFA2F013F6187680E418F618F6800FA27D
:1007A300F013F618E63303F618ECF618EDF6D0E07E
:1007B300FDD0E0FCD0E0FBD0E0FA22C0E074F112FF
:1007C3000C4CA2AFE433F509D2AF85A708AFA1EF74
:1007D3005508FE74105E60061218A175A1EF740827
:1007E3005E60081218A775A1F78024EFA2E092F0CB
:1007F300E508A2E082F05017906198E0F8900714A2
:10080300E0C398A2D265D0335002E8F075A1FEE5AB
:1008130009A2E092AF7F02020CABC0E074F2120CAB
:100823004CA2AFE433FED2AF9061A4E0F8759B0015
:10083300E59158540860087591F71218F58023E57F
:100843009158541060087591EF1218FB8014E591CC
:10085300A2E092F0E8A2E082F05007E0C2E0F012DA
:100863001A519061A3E0F8E5E9585404600E121A96
:100873002775E9FB906193E0A2E640F2EEA2E092D5
:10088300AF7F01020CABC0E074F2120C4CA2AFE4D8
:1008930033FED2AF9061A5E0F8E5BF58540460067B
:1008A30075BFFB121A6980D41208F630F0391209A9
:1008B3003B80341208F620F01430E72B74FFFCFB66
:1008C300FA747F8022E4FCFBFA7480801AB48008F7
:1008D300BC00F2BB00EF800F50EBF9E4C39AFAE4DB
:1008E3009BFBE49CFCE499C6CC18C6CB18C6CA187B
:1008F300C6F922E4C9C608CAC608CBC6D33303085F
:10090300CCC63392F0C3947F402E94184019C9B9D2
:100913000704CACBCC225025C309CA33CACB33CB75
:10092300CC33CC33D9F422F4600DC9CCC313CB132D
:10093300CBCA13CAD9F6CC22E4FCFBFA2214FCFB83
:10094300FA22C3E498F8E499F91209868026C3E4ED
:100953009AFAE49BFBE920E7E9120986E498F8E4B4
:1009630099F922C3E498F8E499F9120986E498F80E
:10097300E499F9C3E49AFAE49BFB22EB20E7CFE97D
:1009830020E7E0B90010BB0008E88AF084F8AAF079
:1009930022E4FBC8FA22EB70227B10C833C8C933A8
:1009A300C9335007C39AC3DBF280069A50012ADB8E
:1009B300EAC833F4C8C933F4C9FA2275F008E4C8A5
:1009C30033C8C933C933C99AC99B5004C92AC93B1F
:1009D300D5F0ECFBC833F4C8E4C9FA22C0E0C0D0B8
:1009E300E8C0E0E9C0E0C082C083A8C1E8C0E090ED
:1009F3000681E0F8740028F582E43406F583D0E03C
:100A0300F0900680E0F8A3E0687006E59590068311
:100A1300F0900681E004F0C394804002E4F0A374F4
:100A2300C6F0D083D082D0E0F9D0E0F8D0D0D0E0C7
:100A330032C0E0C0D0E8C0E0E9C0E0C082C083902B
:100A43000704E0F8A3E0687008539AFBA3740180DD
:100A530022C2E9900704E0F8740128F0748428F5B1
:100A630082E43406F583E0F5C1900704E0C3948083
:100A73004002E4F080AC080808EAC0E0EBC0E0867E
:100A8300F0E7A4FA180986F0E7A42AFA180986F011
:100A9300E7A42AFA180986F0E7A42AFA1986F0E7E8
:100AA300A4FBE5F02AFA190886F0E7A42BFBE5F08E
:100AB3003AFA190886F0E7A42BFBE5F03AFA18187E
:100AC3000986F0E7A4C5F02BFBE43AFA1908E7C559
:100AD300F0C6A426F6E5F03BFBE43AFA1886F0E705
:100AE300A4F6E5F00826F6E43B08F6E43A08F6D067
:100AF300E0FBD0E0FA22080808E630E71112130001
:100B0300120B11080808C64480C6181818221818B2
:100B130018E9799EC608CAC608CBC608CCC6C370F6
:100B2300207996CACBCC7019798ECBCC7013798689
:100B3300CC700EF9802ACA33CACB33CBCC33CC3337
:100B43001930E7F2CCCBCA3350147004EA30E00D0D
:100B5300E4CA3ACACB3BCBCC3CCC500209C3E91321
:100B6300C6CC182313C6CB18C6CA18C6F922E4CFBD
:100B7300C0E0E4CEC0E0E4CDC0E0E4CCC0E075F07A
:100B830020E626F608E633F608E633F608E633F6FB
:100B9300181818EC33FCED33FDEE33FEEF33FFC3CF
:100BA300EC9709ED9709EE9709EF97191919400F7B
:100BB300FFEC97FC09ED97FD09EE97FE191906D591
:100BC300F0BFECF709EDF709EEF709EFF71919197B
:100BD300D0E0FCD0E0FDD0E0FED0E0FF222521C52F
:100BE30082C0E0E52234FFC583C0E0E521C39582DE
:100BF30024F810AF0885832285822180088583220B
:100C0300858221D2AFCEF0A3E520F0A37808E608D1
:100C1300F0A3DEFAEFF0A3E58124FAF8E608F0A3E7
:100C2300E608F0A3E608F0A30808E608F0A3E60840
:100C3300F0A315811581D0E0FED0E0F81581158170
:100C43001581E8C0E0EEC0E022C0D02521C582C0F6
:100C5300E0E52234FFC583C0E0E521C3958224F398
:100C630010AF0885832285822180088583228582AF
:100C730021D2AFC8F0A3E9F0A3EAF0A3EBF0A37984
:100C830008E709F0A3D8FAECF0A3EDF0A3EEF0A384
:100C9300EFF0A3D0E0F0A3D0E0F0A3D0E0F0A3E521
:100CA30020F0A3E5F0F0A322852283852182E0C012
:100CB300E0A3E0F9A3E0FAA3E0FBA37808E0F608D9
:100CC300A3DFFAE0FCA3E0FDA3E0FEA3E0FFA3E0C3
:100CD300C0E0A3E0C0E0A3E0F5D0A3E0F520A3E0EB
:100CE300A3F5F010AF0885832285822180088583D0
:100CF30022858221D2AFD082D083D0E0F8D0E032F7
:100D0300121303181818120B7112140F1919192240
:100D130012140F191919080808E618181820E7E023
:100D2300120B7112130318181822090909E719196C
:100D33001920E7DC080808E618181820E703020B57
:100D430071121303181818120B71121303181818C1
:100D530012140F19191922121505B90003020D995E
:100D6300E490050178BC79168002F0A3D8FCD9FA87
:100D73007ABC7B1A900086789479028015E493A359
:100D8300AD82AE838A828B83F0A3AA82AB838D82EA
:100D93008E83D8E9D9E775827A7583AA740612110E
:100DA3008075824F75833174001211800C75F010B9
:100DB3008E238F248582288583278521828522831C
:100DC300E0CEA3E0CF852882852783EBC9EAC8ED6F
:100DD300CBECCAC3E833C8E933C9EA33CAEB33CB34
:100DE300C3EA9EF526EB9FF525B35004AB25AA264F
:100DF300EC33CCED33CDD5F0DAAE23AF242212148D
:100E0300AC601C12148E601712151A700712152C81
:100E13007001D322C0D012152C7006D0D0B322C3D8
:100E23002233D0D0501430E0F6C3E7960809E79692
:100E33000809E7960809E796B32220E0D5E6970864
:100E430009E6970809E6970809E697B3221214AC56
:100E5300601B12148E601612151A700712152C607F
:100E63000CB322C0D012152C7005D0D022C322336C
:100E7300D0D0501330E0EBC3E7960809E796080992
:100E8300E7960809E7962220E0E4E6970809E69743
:100E93000809E6970809E69722D083D082ECC0E0E0
:100EA300EDC0E0E493A3FCE493A3FDED4C600D12CD
:100EB3000F74EC24FFFCED34FFFD80EFE493A3FCFF
:100EC300E493A3FDED4C600D12103DEC24FFFCED0B
:100ED30034FFFD80EFD0E0FDD0E0FCE493A3C0E05D
:100EE300E493C0E022852283852182E0A3FEE0A370
:100EF300F5207808E0A3F608DFFAE0A3FFE0A3C03B
:100F0300E0E0A3C0E0E0A3C0E0E0A3C0E0E0A3C052
:100F1300E010AF08858221858322800885822185A0
:100F23008322D2AFD083D082021186D083D082E9CC
:100F3300C0E0E493A3C386F0C5F095F0F908E49309
:100F4300A386F0C5F095F0700BE493A3C399400515
:100F5300E9048002A3E475F002A42582F582E5F09A
:100F63003583F583D0E0F9E493A3C0E0E493C0E0D4
:100F730022C0E0C3E49396087401939618400FE4EB
:100F83009366700808740193661870007019A3A320
:100F9300C3E49396087401939618A3A3400DD0E07D
:100FA300D0E0D0E0020ED8A3A3A3A3A3A3D0E02252
:100FB3007404800474028000CCC0E0EDC0E0E5213D
:100FC300C39CCCAD2250011D10AF068C218D228015
:100FD300068C218D22D2AF121102D0E0FDD0E0FCAD
:100FE3002274028000CCC0E0EDC0E0E521C39CCCBC
:100FF300AD2250011D10AF068C218D2280068C215D
:101003008D22D2AF1210E0D0E0FDD0E0FC2212140A
:10101300AC602512148E602012151A700302152C71
:10102300080808E76670101819E766700A1819E7C8
:101033006670041819E76622F422C0E0C0F088F055
:10104300E4936670080874019366187000A8F0A30F
:10105300A3700BD0F0D0E0D0E0D0E0020ED8A3A371
:10106300D0F0D0E022D083D082CCC0E0E493A36060
:10107300061211231470FAE493A360061212821469
:1010830070FAD0E0FCE493A3C0E0E493C0E022C094
:10109300E074F2120C4CA2AFE433FED2AFE58BA2A4
:1010A300E0500579041217F3758B00C2E8EEA2E055
:1010B30092AF7F01020CABC008C3E096F50808A30A
:1010C300E096420808A3E096420808A3E096420887
:1010D300A2D265D033E5087001D3D00822CAC0E09C
:1010E300E493A3C582CCC582C583CDC583F0A3C5D4
:1010F30082CCC582C583CDC583DAE5D0E0CA22CAD6
:10110300C0E0E0A3C582CCC582C583CDC583F0A36F
:10111300C582CCC582C583CDC583DAE6D0E0CA22B9
:10112300C0E0E493A3D39C5010E493A3C39C400A70
:10113300D0E0D0E0D0E0021085A3A3A3D0E02270DA
:1011430009080808226016181818C6C333C608C64B
:1011530033C608C633C608C633C6D5E0EA22C0087C
:10116300C3E096F50808A3E096420808A3E0964278
:101173000808A3E09645087001D3D00822C09FF564
:101183009FE473D09F22D083D082C09FE493C0E0BA
:10119300740193C0E0740293F59F222521F5821018
:1011A300AF08F521400C15228008F52140021522D5
:1011B300D2AF8522832200C0D0252110AF08F521AC
:1011C300500C05228008F52150020522D2AFD0D061
:1011D300227404800A74038006740280027401C0BE
:1011E300E0F40412119ED0E01214C822C0E0C0D073
:1011F300E8C0E0A8A8D2AFC2C7E8A2E792AFD0E0A8
:10120300F8D0D0D0E032BB0102E722C082C083898C
:10121300828A83BB0003E08002E493D083D08222DE
:101223006016080808C6C313C618C613C618C61323
:10123300C618C613C6D5E0EA222521F8E43522F9FB
:10124300222521FAE43522FB222521FCE43522FD67
:1012530022C3E0C696F608A3E0C696F608A3E0C646
:1012630096F608A3E0C696F622252110AF08F521CD
:10127300400C15228008F52140021522D2AF22C06E
:10128300E0E493A36C7009D0E0D0E0D0E0021085D5
:10129300A3A3D0E022C3E7960809E7960809E796D7
:1012A3000809E796A2D265D03322E76670100809D1
:1012B300E766700A0809E76670040809E76622C34F
:1012C300E09608A3E09608A3E09608A3E096A2D2CE
:1012D30065D03322E066701008A3E066700A08A3A5
:1012E300E066700408A3E06622191919E7094709A3
:1012F3007009E727097005E733F422092218181843
:10130300E4C396F608E496F608E496F608E496F63F
:1013130022C3E096F008A3E096F008A3E096F00855
:10132300A3E096F022C3E697F60809E697F60809C4
:10133300E697F60809E697F622181818E60846080D
:101343007009E626087005E633F4220822C3E49305
:1013530096087401939608740293960874039396FF
:1013630022E026F608A3E036F608A3E036F608A343
:10137300E036F622E627F60809E637F60809E637E7
:10138300F60809E637F622700422600D18C6C33347
:10139300C608C633C6D5E0F41822E657F60809E6B0
:1013A30057F60809E657F60809E657F622E056F617
:1013B30008A3E056F608A3E056F608A3E056F62283
:1013C300E026F008A3E036F008A3E036F008A3E037
:1013D30036F022E056F008A3E056F008A3E056F0FA
:1013E30008A3E056F022E493F608740193F6087418
:1013F3000293F608740393F622E647F60809E647D4
:10140300F60809E647F60809E647F622E4C397F724
:1014130009E497F709E497F709E497F722600D08C1
:10142300C6A2E713C618C613C6D5E0F322C6F4C690
:1014330008C6F4C608C6F4C608C6F4C622C3E096B6
:1014430008A3E09608A3E09608A3E09622C3E796D4
:101453000809E7960809E7960809E7962275D00078
:1014630075813F75210175220500020D5A600C0834
:10147300C6C313C618C613C6D5E0F422E6F008A304
:10148300E6F008A3E6F008A3E6F022E7094709C35C
:10149300134709336002E733F422E0F608A3E0F6CA
:1014A30008A3E0F608A3E0F622E6084608C31346BD
:1014B30008336002E633F422800100E9F874FF2860
:1014C300F90470F622CAC0E0E6F0A308DAFAD0E025
:1014D300FA22E0F8A3E0F9A3E0FAA3E0FB22E8F0A4
:1014E300A3E9F0A3EAF0A3EBF022EAF0A3EBF0A365
:1014F300ECF0A3EDF022E0FAA3E0FBA3E0FCA3E011
:10150300FD22E5C754F84401F5C77901222521F5E9
:1015130082E43522F58322E6261846184618462229
:10152300C2AF75D69F02000022E727194719471952
:1015330047221211895BE1031211898AE103121117
:101543008990E203121189BAE2031211890EE303AF
:10155300121189E2E30312118910E603121189BE05
:10156300E6031211892BE903121189B0E903121161
:1015730089B3EC03121189E7EE0312118923EF03F8
:101583001211897CF0031211898FF003121189CC97
:10159300F00312118995F20312118978CC05121107
:1015A30089F4CC0512118927CD0512118955CD0572
:1015B30012118993CD05121189D0CF05121189EF2C
:1015C300CF0512118934D005121189CAD005121121
:1015D3008916D105121189AAD10512118983D20561
:1015E300121189DFD2051211893DD305121189B079
:1015F300D305121189F4D3051211894CD4051211A4
:10160300896ED405121189FED4051211898FD5056F
:10161300121189DBD50512118907D60512118948E4
:10162300D605121189DED705121189CAD805121100
:1016330089A5D9051211890CBB05121189A0BB0517
:1016430012118908BC051211892DBD05121189B724
:10165300BD0512118942BE051211897EBE05121104
:101663008917BF05121189ACBF051211897FC00507
:1016730012118961C20512118957C305121189F626
:10168300C3051211894BC405121189B9C40512117E
:1016930089C5C705121189EFC905121189F0CA0559
:1016A3001211892ECC0512118939CC05121189E644
:1016B300FD0312118912FE031211892DFE0312116B
:1016C3008952FE03121189F2FE0312118998FF0356
:1016D300121189C2FF0312118931B806121189361A
:1016E300B80612118969B80612118948F905121151
:1016F30089E4F9051211896DFA051211890EFB05AA
:1017030012118973FB0512118996FB05121189DAEF
:10171300FB05121189F7FB051211893CFC05121117
:10172300899AFC05121189EDFC0512118922FD0528
:1017330012118945A60612118904A706121189E917
:10174300A706121189E5B306121189F6B306121121
:101753008994B4061211899FB406121189B9B4068B
:10176300121189F9FF0112118948B9061211890E64
:10177300B6061211891EB60612118933B606121166
:101783008999B606121189E1B00612118965B1066D
:10179300121189CDB106121189969206121189AAE6
:1017A30092061211892093061211896F9306121162
:1017B30089A49306121189C99306121189EC930621
:1017C3001211892794061211895494061211899BC8
:1017D3009406121189B594061211895495061211B3
:1017E30089E6B2061211896DB30612118976B30622
:1017F3001211899DB306121189C77F0012118959ED
:10180300FD05121189A3FD0512118939FE05121177
:1018130089BFFE05121189F1FE0512118909FF0521
:101823001211897DFF0512118993FF05121189A6F3
:10183300FF05121189B0FF05121189F0EA05121193
:10184300891CEB0512118986ED05121189C6ED0578
:1018530012118902EE0512118916EE051211892F54
:10186300EE0512118921EF05121189D4EF0512112A
:1018730089E8EF0512118967FE011211898BFE01B8
:10188300121189A4FE01121189E2FE0112118912BB
:10189300FF011211893FFF01121189A5FF011211E6
:1018A30089A8FF01121189B2FF01121189BFFF013B
:1018B3001211890B9F061211892B9F061211896A37
:1018C3009F06121189889F06121189A39F06121180
:1018D3008909A00612118915A00612118972A006A2
:1018E30012118981A006121189A5A0061211896619
:1018F300A10612118973A10612118984A10612117E
:101903008977B8061211898FB806121189BBB806F8
:10191300121189F6F4051211894AF6051211895834
:10192300F6051211896BF60512118980F60512115D
:101933008995F605121189A8F60512118924F70570
:1019430012118989F7051211891FF805121189F8F7
:10195300F80512118908F90512118917F9051211F1
:101963008975B50612118999B506121189C1B50693
:10197300121189E9B506121189B2A106121189D98A
:10198300A106121189F7A10612118966A206121186
:10199300892499061211893D9906121189499906DC
:1019A3001211895D99061211897B99061211898595
:1019B30099061211898F9906121189A2990612119B
:1019C300892C9A06121189A19A06121189D59A06B1
:1019D300121189239B06121189709B061211898BA0
:1019E3009B06121189959B06121189BB9B06121146
:1019F30089209C0612118945FF0412118967FF048F
:101A0300121189E1FF051211894CF403121189782F
:101A1300F40312118995F403121189A8F403121126
:101A230089C3F4031211891DF5031211894BF503C0
:101A33001211895FF903121189BDFA03121189EF9B
:101A4300FA0312118952FB03121189D7FC031211F5
:101A530089FFFC0312118914FD0312118924FD036C
:101A630012118964FD03121189A6FD03121189B6AF
:101A7300FD0312118977AC0612118991AC0612117C
:101A830089B9AC06121189D2AC06121189F6AC06DB
:101A930012118914AD061211892BAD061211895941
:101AA300AD0612118974AD0612118904B90612111B
:101AB30089C28B06121189D28B06121189D78C0623
:101AC300121189098D06121189398D061211895C4B
:101AD3008D06121189738D06121189AD8D061211AF
:101AE30089128E06121189548E061211899B8E0655
:101AF300121189C88E06121189F38E061211896399
:101B03007E00121189837E00121189977F001211C2
:101B1300899A7F00121189DBAF0612118911B00671
:101B230012118929B0061211896BB0061211897B33
:101B3300B006121189BFB006121189C9B00612117D
:101B430089FEE30512118941E405121189A6E40512
:101B5300121189C5E40512118967E505121189700F
:101B6300E505121189C1E505121189EAE50512118E
:101B730089F7E50512118969E605121189F7E6056A
:101B83001211893CE70512118975E705121189DAEB
:101B9300E70512118903E8051211897AE805121184
:101BA30089C9E80512118906E9051211893BE9057E
:101BB3001211894DE9051211895FE9051211897E18
:101BC300E90512118987E90512118943EA05121102
:101BD3008986EA05121189C4EA051211897AB706C2
:101BE30012118905FE0412118907A4061211893DF9
:101BF300A40612118985A406121189DEA506121105
:101C0300897B9405121189A19505121189DD95052A
:101C13001211899B9705121189C9970512118933EE
:101C23009A05121189739A05121189159C051211CF
:101C330089AB9C05121189059D05121189959D0596
:101C4300121189D99D051211891B9E0512118980D4
:101C53009F0512118900A10512118941A3051211D3
:101C6300896FA3051211899BA305121189A4A305EA
:101C730012118901A4051211899AA405121189B1BF
:101C8300A70512118937A805121189A3B6061211E7
:101C930089B9B606121189C3B606121189008006E6
:101CA300121189168006121189BA8006121189F958
:101CB30080061211891681061211894781061211B5
:101CC30089948106121189C881061211890382063B
:101CD300121189F88306121189E6B106121189459A
:101CE300B20612118983B206121189C4B206121107
:101CF30089C8B40612118931B50612118951B50686
:101D0300121189C5AE0612118983AF06121189001B
:101D130080041211890C80041211896E800412113F
:101D2300897880041211890781041211894381047F
:101D330012118935820412118992820412118920A9
:101D43008304121189718304121189F1830412111E
:101D530089B78504121189B18704121189B38804E4
:101D6300121189E589041211893B8C041211897DB2
:101D73008D04121189238E04121189E19204121128
:101D830089DE9304121189749404121189A49404B2
:101D93001211894195041211895E95041211897EED
:101DA3009504121189EC95041211890996041211F4
:101DB30089379604121189D19704121189F2970475
:101DC300121189989804121189E098041211893E1E
:101DD3009904121189DC9904121189419A04121190
:101DE30089AA9A04121189E89A041211899A9B0408
:101DF300121189059C04121189419C04121189B2A4
:101E03009C04121189FD9D041211898D9F041211E6
:101E13008926A00412118977A204121189DCA20475
:101E23001211890AA30412118950A80412118914EA
:101E3300AB0412118914AC0412118900800512112C
:101E4300892080051211895883051211895585054A
:101E5300121189F2870512118934890512118966D5
:101E630089051211898F8905121189B58905121106
:101E730089018A051211899A8B05121189FA8B053A
:101E8300121189068D05121189188D05121189CC3D
:101E93008D05121189DD8D05121189B88E05121178
:101EA30089C18F051211893A9005121189D39005C2
:101EB300121189A29105121189EE9205121189BBA3
:101EC3009305121189C9FF01121189DE95061211BA
:101ED300899D9606121189039706121189B29706F6
:101EE300121189CCCB04121189FBCB041211897F07
:101EF300CC04121189E2CD04121189CCCE04121143
:101F03008988D004121189ADD004121189FFD0043D
:101F130012118991D104121189DDD104121189F0B2
:101F2300D1041211894DD2041211891AD30412114A
:101F3300898CD304121189C3D3041211890CD404DC
:101F4300121189B4D50412118993D604121189E1AF
:101F5300D704121189C4D80412118950D90412115B
:101F63008989D904121189A8D904121189F3D904D2
:101F730012118913DA04121189D0DA04121189F3C8
:101F8300DB041211894EDC0412118994DC04121152
:101F9300899CDD0412118937E0041211895DE00484
:101FA300121189D8E004121189FDE004121189711C
:101FB300E1041211894FE2041211898DE204121116
:101FC3008917E30412118930E40412118933E404FC
:101FD3001211893DE40412118947E4041211896343
:101FE300E404121189D5E4041211890EE5041211D7
:101FF300893AE50412118961E50412118985E50422
:10200300121189C0E50412118933E604121189679C
:10201300E60412118971E604121189ADE604121166
:1020230089E2E60412118901E704121189BEB80698
:10203300121189D6B806121189FCFF01121189FD0C
:10204300AF0412118920B0041211897EB104121158
:1020530089C7B10412118933B20412118991B204F0
:1020630012118994B204121189E5B2041211895A2A
:10207300B304121189EAB304121189EDB3041211E6
:10208300896EB404121189AFB404121189D4B8044F
:102093001211897EBA04121189D2BA04121189610C
:1020A300BE0412118999BF041211896DC004121163
:1020B30089D7C00412118901C104121189BAC2045B
:1020C3001211899DC4041211894CC504121189E9A6
:1020D300C504121189D4C6041211893CC904121112
:1020E3008996CA0412118904CB0412118996A80592
:1020F30012118940A905121189ABA905121189C6CC
:10210300A90512118947AA05121189A1AA0512115D
:1021130089E8AA0512118947AB0512118959AC0543
:1021230012118982AF05121189B2B0051211893AD1
:10213300B10512118943B305121189F5B3051211C3
:1021430089C1B4051211897CB6051211891AB80523
:10215300121189A7B805121189CDB9051211890485
:10216300D90212118967D902121189AFD90212114A
:1021730089F3D9021211894EDA02121189ABDA02FC
:10218300121189E6DA0212118968DB02121189C27F
:10219300DB0212118940DD02121189B8DD0212112E
:1021A30089D5DE02121189FDDE0212118950E00287
:1021B30012118961E00212118979E00212118982F8
:1021C300E1021211895FE2021211895CE30212112A
:1021D3008980E30212118997E302121189B8E3029D
:1021E300121189DAE302121189F9E302121189D17A
:1021F300E4021211892BE502121189C2E7021211BE
:10220300891BE8021211893AE8021211892AE902AC
:1022130012118960E90212118993EA0212118912DB
:10222300EB021211894EEB0212118988EB02121193
:1022330089F7EB02121189ACEC0212118984EE02C8
:1022430012118991EF021211898AD503121189FFA4
:10225300F20212118975F5021211894FF702121158
:102263008910F80212118988F802121189EBE00330
:1022730012118996F9021211898AFA02121189F947
:10228300FA021211894B8F06121189FB9006121163
:1022930089BA9106121189229206121189058406C0
:1022A3001211892384061211896784061211898DFC
:1022B3008406121189B48406121189CC8406121182
:1022C30089E48406121189868506121189C8850658
:1022D300121189EB86061211890BDF03121189FD96
:1022E30086061211890687061211891087061211B4
:1022F30089318706121189FCEF051211893AF40519
:1023030012118948F4051211894DF405121189043B
:10231300AB06121189C3FF051211892B9C061211FA
:1023230089A7AD0612118919B7061211896BA80680
:10233300121189D4FF02121189EA8706121189D278
:10234300B706121189E2B7061211899CFB0212111A
:10235300890080021211893280021211899E800243
:10236300121189398102121189D881021211891D32
:1023730082021211893F82021211895882021211BC
:10238300897E8202121189A08202121189DE8202E1
:10239300121189228302121189448302121189A620
:1023A30083021211896D840212118924850212118C
:1023B30089968502121189688602121189B28602F2
:1023C3001211890587021211896B8702121189A5DF
:1023D3008702121189F787021211891388021211D9
:1023E300893E8802121189458A02121189998B024A
:1023F300121189BB8B02121189EF8B021211891002
:102403008C021211891F8C021211892A8C0212115B
:1024130089DA8C02121189438D02121189F08D021F
:10242300121189288E02121189EE8E02121189FB74
:102433008F02121189459002121189D49002121150
:1024430089389102121189739102121189DF930263
:102453001211893395021211896C9802121189396C
:102463009902121189C79902121189F09902121166
:1024730089629A02121189F69A02121189549B02F7
:10248300121189469C02121189689C02121189C497
:102493009D02121189DD9D02121189F09D02121114
:1024A300895F9E021211896B9F02121189789F0224
:1024B300121189819F0212118959A1021211897F78
:1024C300A2021211898FA20212118991A302121181
:1024D3008908A40212118937A4021211894CA5029A
:1024E30012118918A702121189F0AA02121189FA8E
:1024F300AA021211890EAB0212118918AB02121132
:102503008922AB021211892CAB0212118945AB024D
:102513001211894FAB02121189C3AB02121189CE7A
:10252300AB02121189F3AB02121189FEAB02121135
:10253300894CAC0212118956AC0212118961AC02AA
:1025430012118985AC02121189A9AC0212118905F5
:10255300AD021211894BAD0212118968AD0212113D
:1025630089E5AD021211891CAE021211895BAE021C
:10257300121189A8AE021211892AAF02121189C35E
:10258300AF0212118993B102121189F1B102121132
:10259300890DB30212118933B30212118972B40285
:1025A30012118998B702121189D9B902121189B58A
:1025B300BB021211894BBC0212118972BE021211A5
:1025C300891EBF0212118953BF02121189B8BF02BB
:1025D300121189C2BF02121189ECC10212118913AF
:1025E300C30212118953C302121189F9C3021211D2
:1025F300898AC50212118913C70212118933C702CE
:102603001211898CC7021211898EC802121189D83E
:10261300C80212118928C90212118912CA021211A1
:102623008987CA02121189A1CB021211891CCC021B
:1026330012118921CD02121189CCCF02121189EB1B
:10264300CF021211894CD1021211890ED302121139
:102653008962D3021211891AD402121189C9D402D0
:102663001211891FD502121189D5D5021211896A57
:10267300D602121189D6D60212118910D70212116D
:102683008941D7021211899DD80212118900800352
:102693001211893280031211896980031211895240
:1026A30082031211893583031211898D8303121159
:1026B30089C884031211891485031211893C880384
:1026C3001211899E8B03121189EB8C0312118981DC
:1026D3008D031211898D8D03121189BF8D03121180
:1026E30089418F03121189DC9003121189849103AC
:1026F300121189C791031211892D92031211894A6C
:1027030092031211897A9203121189AF9203121163
:10271300897F9303121189289403121189AC9603BC
:10272300121189CC9703121189B5980312118937B5
:102733009903121189569D03121189939D03121156
:1027430089EB9D031211891E9E031211899F9E031B
:10275300121189EC9E03121189779F03121189C903
:102763009F03121189A0A00312118959A103121109
:1027730089F4A1031211890DA5031211892DA60352
:10278300121189DAA903121189F8AA03121189FB1C
:10279300AA031211892AAB0312118930AD03121156
:1027A3008909AE031211893EAE0312118946AF03A4
:1027B300121189FCAF031211899DB103121189C251
:1027C300B10312118901B20312118973B2031211F9
:1027D3008957B30312118924B4031211895AB6031A
:1027E300121189CBB6031211890BB7031211896C2D
:1027F300B7031211892FBB031211891EBC031211D7
:102803008905BD031211897DBD031211893FBE03E2
:102813001211893DC00312118955C0031211896930
:10282300C003121189A1C003121189CFC003121171
:102833008956C20312118961C303121189B3C303F9
:1028430012118914C403121189C6C403121189ED2C
:10285300C403121189D1C50312118982C60312114F
:102863008971C803121189A6C8031211890EC903FD
:102873001211893DCA03121189EFCA03121189206B
:10288300CB0312118938CB03121189C7CB03121161
:10289300897BCE0312118953D0031211896FD003A0
:1028A3001211898BD00312118959D1031211893D59
:1028B300D5031211891484011211894C8401121158
:1028C300892A8901121189708901121189BD8A012E
:1028D300121189288B01121189B18C01121189C13E
:1028E3008F01121189DC9001121189EE9A011211E4
:1028F30089819B01121189D39E01121189CF9F01F6
:102903001211892AA00112118974A101121189627D
:10291300A201121189FEA40112118972A6011211DA
:1029230089F5A601121189F8A6011211896DA70173
:1029330012118977A70112118984A701121189AF96
:10294300A7011211895FA80112118958A901121157
:102953008903AA0112118921AA011211893AAA0134
:1029630012118963AA0112118985AA01121189DA48
:10297300AC011211899FAD01121189E4AD0112114D
:102983008963AE011211890FAF0112118941AF01A1
:1029930012118995AF01121189D0AF011211891754
:1029A300B00112118967B0011211896CB0011211C3
:1029B30089C0B001121189ECB001121189D5B1019E
:1029C30012118926B20112118986B201121189E00E
:1029D300B2011211897BB301121189BAB601121126
:1029E30089CCB70112118946B90112118956BC016C
:1029F300121189F4BC01121189EABF01121189A9CC
:102A0300C001121189EDC00112118998C20112117E
:102A130089ACC201121189B6C201121189C0C20167
:102A2300121189CCC201121189F1C201121189CA92
:102A3300C4011211891FC50112118929C50112117F
:102A43008933C501121189A8C501121189F7C5017E
:102A530012118908C70112118955C7011211896220
:102A6300C801121189A6C8011211894CC90112119A
:102A7300893FCA0112118905CB0112118928CC01A2
:102A830012118946CD011211892ECE0112118946E8
:102A9300CE011211899DCE01121189A7CE01121107
:102AA30089B2CE01121189D0CE0112118918CF013A
:102AB3001211897ACF01121189A1CF01121189B3A1
:102AC300CF011211894ED00112118983D001121145
:102AD300896AD101121189AFD10112118995D201ED
:102AE300121189BCD2011211893FD301121189B08D
:102AF300D30112118939D50112118965D601121139
:102B03008928D701121189F0D7011211897AD801C6
:102B1300121189A2D90112118944DA01121189BF54
:102B2300DA011211897BDB01121189C5DB01121154
:102B3300891FDC01121189F7DC011211891ADD01E9
:102B4300121189CDDD01121189EFDD0112118958AE
:102B5300DE011211896EE00112118966E101121181
:102B6300892AE2011211895CE401121189A6E401A8
:102B7300121189F6E4011211895AE501121189BC77
:102B8300E501121189EAE5011211890EE60112111C
:102B93008943E60112118974E601121189A7E6013E
:102BA300121189F7E6011211894AE7011211896F9F
:102BB300E8011211890FEA011211896AEA0112115F
:102BC3008993EA0112118920EB011211898EEB011D
:102BD3001211899CEB01121189C0EB0112118915A5
:102BE300EC0112118930EC01121189E2EC0112118E
:102BF300891AED011211895DED01121189C0ED01F0
:102C0300121189C2EF01121189ECEF01121189E34C
:102C1300F001121189EDF1011211899DF2011211D6
:102C2300894E7300121189867300121189A77300EC
:102C3300121189E973001211894B7400121189551D
:102C43007400121189657400121189A074001211A5
:102C5300898078001211896D7A00121189537C00E2
:102C6300121189EA7C001211898C7D001211893FAF
:102C73003900121189EA3900121189983A001211A8
:102C8300899E3B00121189BE3B00121189E73C006B
:102C9300121189A23E00121189153F00121189B940
:102CA3003F00121189C540001211893041001211F1
:102CB300896C4100121189AF4100121189EA410068
:102CC3001211892C4200121189C142001211893D4F
:102CD3004300121189074400121189E444001211C0
:102CE300897C4500121189964500121189C6450059
:102CF300121189F74500121189BD4600121189CDC1
:102D030046001211891C470012118929470012112C
:102D130089324700121189B047001211890C48000B
:102D23001211895748001211897248001211899DA6
:102D33004800121189BA4800121189C648001211BD
:102D4300895D4A00121189764A00121189FB4A00F3
:102D53001211890E4B001211892D4B00121189D1CA
:102D63004B00121189524D00121189054F001211A7
:102D7300899B4F001211899E4F001211890E50003A
:102D83001211892C5000121189C350001211890BA2
:102D930051001211890E5100121189D451001211E0
:102DA30089415200121189675200121189F25200AF
:102DB3001211891053001211895653001211890AF6
:102DC30054001211895454001211898354001211B2
:102DD30089E05400121189155500121189415500DB
:102DE3001211894F55001211899C55001211890C3B
:102DF3005600121189555600121189A1560012115D
:102E030089CD5600121189D85600121189F6560041
:102E1300121189E15700121189EB5700121189260B
:102E230058001211893658001211898A580012115C
:102E3300899E5800121189CD5900121189E2590057
:102E4300121189705A00121189B55A001211894161
:102E53005B001211894C5B001211898E5C00121108
:102E630089A95C00121189F55C00121189645D0067
:102E73001211899D5D00121189B75D001211891726
:102E83005E00121189B65E00121189015F001211F2
:102E930089D16100121189836200121189F06200E5
:102EA3001211893065001211894865001211894B8E
:102EB30065001211895765001211896B65001211A3
:102EC30089736500121189A66500121189A966002C
:102ED300121189366700121189A667001211892819
:102EE3006800121189E9680012118908690012113A
:102EF30089A96900121189066A00121189096A00F9
:102F03001211897D6A00121189CC6B00121189D2CA
:102F13006C001211895D6D00121189786E00121117
:102F230089406F00121189716F00121189946F002B
:102F33001211899D6F00121189CC6F001211895CE7
:102F43007000121189127100121189877100121118
:102F5300892E7200121189A37200121189DA72008C
:102F630012118918730012118951E0031211895F3C
:102F7300D503121189B8E30512118984E3051211EF
:102F8300892DE305121189B6E10512118908E105BE
:102F9300121189FEE005121189F4E0051211898DE1
:102FA300E00512118972E005121189CFDF051211B4
:102FB30089CFDE051211890DE0031211899FF802F2
:102FC300121189EDDD05121189DDDB0512118977F7
:102FD300DE0312118917DE03121189EBDA051211D0
:102FE3008989DA05121189F1FD04121189E7FD04BB
:102FF3001211897CFD04121189B0FB041211896E30
:10300300FB041211897AFA041211894EFA0412117F
:103013008905FA0412118946F90412118935F60457
:10302300121189EDF3041211899DF30412118937EA
:10303300F304121189F6F20412118928F204121111
:1030430089C2F10412118961F10412118901F10499
:103053001211899FEF0412118933EF04121189872A
:10306300EE0412118982EE04121189E7DD031211B5
:103073008976EE041211893BDD03121189D4DA0338
:103083001211898BD703121189DFD6031211894DCF
:10309300D60312118907D60312118941EE041211C6
:1030A30089D3EA04121189D0EA0412118983EA044C
:1030B300121189D2D50312118971EA041211896799
:1030C300EA0412118936EA0412118931E804121153
:1030D30089BCDF03121189A4E704121189F486065F
:1030E30012118960E70412118934E704121189016E
:1030F300FE01121189D4FD01121189A1FD011211E2
:103103008979FD011211891AFD01121189FAFC0155
:10311300121189C5FC0112118971F9011211895922
:10312300F70112118943F501121189C3F401121138
:10313300896FF4011211897BF3011211899FD50361
:1031430012118923F40112118909F1020000008090
:10315300FB000022E4738F000100E01B87000100E5
:10316300DE1B35000400A41B25000200A81B26005B
:103173000200AA1B27000200AC1B28000100B61B9B
:1031830029000100B71B840004004E1886000100CB
:10319300CA1A2A000100B81B2B000100B91B2C001E
:1031A3000100BE1B2D0008005C182E000100BF1B90
:1031B3002F000100C01B30000100C11B31000100C2
:1031C300C21B32000100641833000100651834008B
:1031D3000100C31B36000100661838000100C41B40
:1031E30039000100BD1B83000200DC1B63000100EA
:1031F300711864000100BA1B65000100BB1B6D0060
:103203000100721871000800541866000100DB1BEE
:1032130043000100CC1B44000200CD1B450001000C
:10322300CF1B46000200D01B470008006918480066
:103233000100D21B4B000100D31B04000100DF1B64
:10324300A1000100E31B37000100E21B880001001D
:10325300E11B3C00010067183D000100C51B49004C
:103263000200D41B6700010073184D000200D61B37
:103273004E000100D81B4F000200D91B3E00010085
:10328300CB1B51000100C71B52000100C81B530098
:103293000100CA1B54000100681800000000000070
:1032A3000000000020010E840000010020011084B2
:1032B30000000200200112840000030020010F849B
:1032C30000000400420196820000050042018E8145
:1032D30000000600420171820000070030011384E0
:1032E300000000404201D8820000FEFF21010C844F
:1032F30003000000212335170300FEFF21010C8486
:103303000204000029055A1B0204100229234A1B48
:10331300030400002905601B030410002905621B38
:10332300030414002801641B030410022B234C1B09
:103333000504000021055E1B050410022923501B10
:103343000D0400003905541B0D04020210233D1B1C
:103353000D04030210233C1B0D04040221233E1B16
:103363000D0405022123401B0D0411F11023521BF0
:1033730000013636010100010201000103010001D1
:103383000401060605020000070100340801000FCE
:10339300090401010D0100FF0E08000017020000DF
:1033A300190100FF1A0100011B0100FE1C010008A6
:1033B3001D0200001F010001200100012102000085
:1033C3002301000F24020000260100012701000849
:1033D300280200FF2A0100072B0102402C010000F4
:1033E3002D0100012E0100012F0100FF30010B1DF3
:1033F300310800003A0100083B01000F3C010001C5
:103403003D0100FF3E0400004204000046040000AA
:103413004A0400004E040000520400005604000059
:103423005A040000010371030103010301030103B3
:10343300010322030203010310030003000300033B
:1034430000030003000300034203000324030603F5
:1034530000030003040312032503230325032303AB
:1034630004030403000300030003440300030003F5
:1034730023030003650321003503810300030503D0
:103483000003000300030003250323030302710267
:103493003001600211027002010202020202800284
:1034A300100261023A004100630273027202620277
:1034B3004302000213023800000200020402120257
:1034C3000002000200020002040204023700370077
:1034D3003C024402000239000002000265020002BD
:1034E3003502810200020502820283020002030404
:1034F3007104020460041104700402040204010450
:1035030002041004610400041404630473047204C9
:1035130062044304000413040604000400040404C6
:1035230012040004000400040004510464000004B5
:1035330000040004440400040004000400046504BF
:1035430000043504810464000504000483040004BA
:1035530001017101010101011101010131010101A8
:1035630001018001100161013B001400630173013B
:103573007201620143010001130106013D0135009F
:103583000401120100010001000100010401040112
:10359300330133013C0144013201360000010001D3
:1035A30065010001350081010001050182018301EC
:1035B300000103007100300160001100700031024E
:1035C3002003500480001000610000001400630019
:1035D3007300720062004300000013000600000045
:1035E30000000400120000000000000000000400BE
:1035F3000400370037003C024400000000000000D4
:103603000000650000003500810000000500000097
:103613008300000036000100060000000F000000D8
:103623000000000000000000000003FFFF00000492
:1036330003FFFF0000FFFF0FF4010005C404032094
:10364300000100000B000000000000000003010F58
:103653000000000000000000000000000000000067
:103663000000000000000000000000000000000057
:103673000000F91D231EFF1D2D1D051E291E051EFD
:10368300351E0B1E2D1D051E291E111E2D1D00008E
:103693000000171E2D1D00000000000000001D1E6D
:1036A3002D1D0000000000000000000000000000CD
:1036B3000000000000000000000000000000000007
:1036C30000000000000000000000000000001300E4
:1036D300B7201F00BD201F80C32000001D21010053
:1036E3001D210200632002805D2003006920040085
:1036F3006F200480752005007B20060087203100A1
:10370300992033009F203400A5203600AB20FFFF13
:1037130000002B0400003905671B2B04100228232B
:10372300531B2B0404022123421B2B0405022123D8
:10373300441B0C00550039056B1B0C008501390532
:103743006F1B0C0004022123461B0C0005022123DE
:10375300481B0A00000002000000040000000800EB
:103763000000100000002000000040000000800066
:103773000000000100000002000000040000000837
:10378300000000100000002000000040000001F1D4
:1037930028062129081B290B3F29103F2602F72859
:1037A300050F2907FD280CD9280DE528643524FFCA
:1037B300000007ECFDFDFDECDCDCCCBCACAC9C9C60
:1037C3008C7C7C6C6C5C5C5C4C4C3C3C2C2C1C1CE6
:1037D30000160F00000B150B020002220F3300002E
:1037E3000E0F0000000000000000000000000000B9
:1037F30000005A6967426565416C6C69616E636577
:103803003039D0D1D2D3D4D5D6D7D8D9DADBDCDD91
:10381300DEDF150AF4D4C0A5958272636155504961
:1038230000034D4C4651181A25050230301718195C
:1038330021301B1D1F3000011916181616182303FB
:1038430000003C40423A3F3F392F47303030161892
:103853001920231A1C1E300C0E020B040B0A070836
:10386300000F02040201010101090200BE040AE87B
:10387300030000F6FB010003000000E8030000B5AD
:10388300371A007F001538050A0A1E1010080A2887
:10389300FF001A0802040015033C18090A10150852
:1038A30000FF030C031EE4F0A3F0A3F0A3221238DD
:1038B300A9F0229019BC124EB5122CDB221238C487
:1038C30022E0F508E4F509F50AF50B22E824FBF5F7
:1038D30082E934FFF58322E82411F582E439F58384
:1038E300E022F5831238EB22E0F508A3E0F5092284
:1038F300122F5774041211B97F08020EE87401F0F5
:1039030090072CE0640F2274091211B97F04020E90
:10391300E8EA2413FAE43FFB122E85E92279051223
:103923002E91740622A3A3E024F5C3941322122F2D
:103933006390074C126E737A147B0022C082C0839B
:1039430090199B74CFF0A3742CF0A374E1F0A374CB
:103953002CF090199F74B7F0A3742CF0A374B1F0FA
:10396300A3742CF0A374EDF0A3742CF0A374F3F000
:10397300A3742CF0A374E7F0A3742CF0A3749FF04A
:10398300A3742CF09019AB74C3F0A3742CF0A3743C
:10399300C9F0A3742CF0A374BDF0A3742CF0A3742A
:1039A300F9F0A3742CF09019BC1258846009901993
:1039B300BC124EB1121BFB9019B91251CB740812F1
:1039C3006520A3F0901A65F09019BEF07C0BFDF909
:1039D3007ABF7B19121B4D7C0B7D0079007ACA7B61
:1039E30019121B4D02502574F7120BE074F71212D3
:1039F3006CEAFEEBFF123A7D74051252E97403F090
:103A0300123B941252CB2430FCE43FFD8C82123AD9
:103A130075123A8960081242A274FFF0A3F0EE24F3
:103A23002EE43F1C1CFD8C82F583A3E0C0E08A8258
:103A33008B83124F7DD0E0123A8988828983125793
:103A4300B82403F0EE1242AC1215107403F0900781
:103A530041120FB7740212124C123E761211B9E9D9
:103A6300F5087007EEFAEFFB122D6BA90874090233
:103A730042BBF583E08882898322EA123A822212CA
:103A830059C73FF583221267A01252D7E8F0A3E982
:103A9300126A77E02274F0120BE0EAFEEBFF8C0C63
:103AA3008D0D890B123B94F5831252DF741012159E
:103AB30010E0F508A3123A77F0E824FFF582E91243
:103AC3003E88E508F0E824FEF582E9123E88E50B1E
:103AD300F0900746E0C0E0E824FDF582E9123E8855
:103AE300D0E0F0900745E0C0E0E824FCF582E9125D
:103AF3003E88D0E0F074121215101238E71238CF56
:103B0300E509F0E824FAF8E934FFF98882F583E55A
:103B130008F0EE2404FCE43FFD88088A828B83E0EE
:103B2300F50E8C828D83E0250EC395081267A012D3
:103B33005105850C82850D83A3A3A3A3A3A3A3A3EC
:103B4300E064037009EE1252B9F0A3E48003123E5D
:103B53008D123E957409F07508BF750919750A0031
:103B630078081211D812626A1211B97508FF750923
:103B7300FF78081211DCAC0CAD0D123E761211B9B0
:103B8300E9F5087007EEFAEFFB122D6BA90802386E
:103B9300FBEA2402FAE43FFB8A8222C082C08390BC
:103BA30019DBE0C39408400474078001E08A828B28
:103BB30083F033333354F8F902502574F0120BE0D9
:103BC3008A088B09890A8C0E8D0F750C00A2AFE44D
:103BD30033F50BC2AF9019D58045123CC0503D124E
:103BE3003CDA64037036E50824F9F508E50934FF87
:103BF300F5098E828F83A3A3E02405FCA3E03400A0
:103C0300FDAA08AB09121CEBE50824FFF508E5093A
:103C130034FFF5097410250CF50C150A1240AF1288
:103C23007228E50A6004EE4F70B0E50BA2E092AF94
:103C3300A2AFE433F50BC2AF9019D5803E12579172
:103C43008882F583124A05850882850983F08A8272
:103C53008983123CD1A3A3E0C0E0E50824FFF582E9
:103C6300E509123E88D0E0F0E50824FEF508E509F1
:103C730034FFF509050C150A1240AF123F0360210A
:103C8300123CDA640270F1123CC0EE40B0125400F0
:103C9300A2E550E4850E82850F837401F0E50A7076
:103CA300D7E50BA2E092AF850882850983E50CF086
:103CB300E50824FFFAE50934FFFB0238FB123CC692
:103CC300A2E622EE2411F582E43FF583E022123CC2
:103CD300D5221257D6A3228E828F83A3A3124F819C
:103CE300125EAD2274F0120BE074F312126C7403C3
:103CF300121510E9F07402121510EAF08B0B8521EE
:103D030082852283E4F004121244122C81E9F89094
:103D1300072BE0292437F508FA7B00121B5F8A0C76
:103D23008B0DAE0CAF0DEA4F7003023E6DEA240219
:103D3300F50EE43FF50FA808EA28F8E43BF9850EF1
:103D430082850F8312480190072BE0F9FAC3E49AA6
:103D5300FA95E0FB850E82850F83E02AF50CA3E03C
:103D63003BF50D9007291238E7750A007808121100
:103D7300D8E9FC7D00AA0CAB0D12523B1211B9AC71
:103D830021AD227401121510E0F9E50C24FFFAE5C8
:103D93000D34FFFB122C878A828B83E4F0E50BC47E
:103DA30054F0F9901A66E0C4333354C0F8900725F1
:103DB300E0A2E0E43313134849440FC0E0EA24FFD0
:103DC300F582EB123E88D0E0F0EA24FEF50CEB34EA
:103DD300FFF50D7403121510E0F87402121510E0CC
:103DE300C454F048850C82850D83F0A80C850E829F
:103DF300850F831264ED2AC3988E828F83A3A3A3B6
:103E0300A3F0850E82850F83E8F0A3E50DF0123E43
:103E13008D123E95E4F0740C121510E4F07508CA87
:103E230075091978081211D812626A1211B985211D
:103E330082852283E06009EE240E1254024408F0C6
:103E4300122E73E9F9E4F508F50978081211DC7408
:103E53000612124C123E781211B9E97006EEFAEF0F
:103E6300FB800BEEFAEFFB121B657A007B00740DEF
:103E73000238F87903EEFAEFFB122E8B740222EE6E
:103E830024FFF582EF34FFF58322EE123A82E4F049
:103E9300A322F0123E9A22EE12618D3FF583227423
:103EA300F2120BE08A0C8B0DA2AFE433F50AC2AF1A
:103EB3007508007509009019D5802C1240BF502455
:103EC300850C82850D83A3A312627D8E828F83A3CB
:103ED300A3124EB1122E79E9600A1240BAC2E6F07B
:103EE3008E088F091240AF123F0370CFE5084509D2
:103EF3006006123F9CD2E6F0E50AA2E092AF800D85
:103F0300E0FEA3E0FFEE4F2274021211B97F060216
:103F13000EE874F0120BE08A0E8B0F8C0C8D0D756E
:103F23000A00A2AFE433F50BC2AF7E007F00901905
:103F3300D58010AE08AF09123F94125400D2E7F0B7
:103F4300124E8F124EA36034123F9CA2E750F185AC
:103F53000882850983A3A3120FB7AC0CAD0DAA0E7B
:103F6300AB0F122E7F74021211B9E960D3EE4F60CA
:103F7300C21243367006123FAED2E4F0E50BA2E064
:103F830092AFEE4F6006122D65750A01A90A023839
:103F9300FB123CC6D2E4F0EE22E5081261A7350914
:103FA300F583E022AA82AB83121CEB8E828F83A35C
:103FB300A3124F81E02274F2120BE074FE12126C12
:103FC300750C00750D00852182852283E4F0A3F032
:103FD300A2AF33F50AC2AF9019D5127228802BEE27
:103FE30024FBF582EF34FF1238E5780C1211DC1252
:103FF300409D1211B9EEFCEFFDAA21AB22121B83E7
:10400300AE08AF099019DBE014F0EE4F602B1240BD
:10401300BF501DEE240BF8E43FF98882F583E024BA
:10402300FFF0A3E034FFF08882898312588460AFE5
:104033008E0C8F0D1240AF80A1E50AA2E092AF90E3
:1040430019DBE0602C90072CE0640F6006901A6582
:10405300E0701E7AB37B19122F63908408120FB39A
:104063007AB37B191250AD1211B9800574F0124F57
:104073008EAA21AB22121B898A088B09AE08AF09CD
:10408300EA4F6013122C931240BAA2E28E828F83FE
:10409300A350D974E980D7023F0BEEFCEFFD7AD52C
:1040A3007B19121B957402228E0A8F0BEE24FBF5EB
:1040B30082EF34FFF58322EE123CC722123CC6A2E4
:1040C300E72274F7120BE0EAFEEBFF122C93124F78
:1040D3007A123157E96401900748700AE02401F825
:1040E300A3E034008003124F00F912560212510567
:1040F3009019DBE0701F90072CE0640F70177AB300
:104103007B19122F63908408120FB37AB37B1912B1
:1041130050AD1211B9A8A8C2AF9019DBE004F0E8C2
:10412300A2E78004E508A2E092AF02551074F712EB
:104133000BE0EAFEEBFFEA124166F0122C93EEFC71
:10414300EFFD7AD57B19121B8FA8A8C2AF9019DB9C
:10415300124A5490072CE0640F70057908122E2B35
:10416300025510123CC7C2E42274F7120BE074EA42
:1041730012126CEAFEEBFF900725E0602A8521828C
:104183008522837401F0121510E4124221121510D6
:10419300123FA7C0E0740A121510D0E012650D7427
:1041A3000B12151012576D74160242BB74F7120BE3
:1041B300E0EAFEEBFF122C75E9F974DC69601E740A
:1041C300DD69601974E469601474F369600F74DE67
:1041D30069600A74DF69600574DB697007EEFAEFE2
:1041E300FB122E3102551074F7120BE074EB12120E
:1041F3006CEAFEEBFF85218285228374061242213D
:10420300121510AA82AB83121CEBEE2408FCE43FC8
:10421300FD740A12151012576D74150242BBF0EAB1
:104223002413FCE43FFD74022274F7120BE074F7CD
:1042330012126CEAFEEBFFEA2430125402605DEACC
:104243001242AC1215107403F0900741120FB7120B
:1042530042A2120FB7900754E0F9740412124CEE05
:10426300FAEFFB122C7B74041211B9E9F974DC69BF
:10427300602374DD69601E74E469601974F3696016
:104283001474DE69600F74DF69600A74E86960059D
:1042930074DB697007EEFAEFFB122E31023A70EE0F
:1042A300242EF582E43FF5832212667EAA21AB22F7
:1042B300121CEB74082274031211B902551074F224
:1042C300120BE08A0C8B0D750A00750B007508E75D
:1042D300A2AFE433F509C2AF9019D580031240AB06
:1042E300123F0360251240BF50F312433670EEEEC7
:1042F30024321244CDE06870E4780A1211DC1240D3
:104303009D1211B99019DBE014F0E509A2E092AF18
:10431300EE4F6013EEFAEFFB122C9379F0EEFAEF07
:10432300FB122E31750800A908AA0CAB0D122E3111
:10433300023F10123E9AE064012274F4120BE074FF
:10434300F712126CEAFEEBFF8A82F583A3E064F3B3
:1043530070030243DB8A828B83A3E064DF60798A84
:10436300828B83A3E064E8606F8A828B83A3E0641B
:10437300DB6065122CD5E9F5087055EE240E125456
:1043830002604D1243E5604874081215101243F49D
:10439300120FB77508FF7509FF78081211DC8E82BA
:1043A3008F83A3A3A3A3A3A3A3A3E0F9740412126B
:1043B3004C122C7B74041211B9E9F50874F369608B
:1043C3000F74DF69600A74E869600574DB69700F54
:1043D3008E828F83A3E508F0EEFAEFFB122CE10245
:1043E300390AEE240FFAE43FFB7909122D17EA4B41
:1043F300227402125C7374FFF0A312440122125759
:10440300C1A3A32274F1120BE0EAFEEBFF750800CF
:104413008A82F583A3A3A3A3A3A312392840037518
:1044230008E88A828B83A3A3A3A3A3A3A3A3A3A321
:10443300E0C3941040057508E880138A828B83A338
:10444300A3A3A3A3A3A3A3A3A3E0640F600B901A46
:1044530042E0540870037508E8EA240B1244CDA324
:10446300A3A3A3A3A3A3A3E0C398500DEA240B1211
:104473005402640F60037508E8900745E0F4700385
:10448300A3E0F470037508EC7A237B00121BF58B11
:104493000BA90B9019BC1244DC60278E828F83A377
:1044A300A3A982AA83890C8A0D750E00780C1211B8
:1044B300D87C237D009019BCE0FA12523B1211B94B
:1044C300800375081AA908026265F582E43FF58343
:1044D300E0F88A828B83A3A322EAF0A3EBF0EA49F4
:1044E3002274F5120BE0EAFEEBFF8A82F583A3A3A5
:1044F300A3A3A3A3A3A3E090072C124574E0900702
:1045030047F0EA240B125402900727124574A3E0E4
:10451300901A66F0F91219A3901A66E0600BEE2464
:10452300041253F4240612456A901A651239006086
:10453300047401800274009019BE126BB81211D872
:104543007C0B7D007ABF7B1912523B1211B9EE240A
:1045530018F508E43FF50978081211D87C0B7D00A3
:104563007ACA7B19025228FAE43FFB79E112198BCC
:1045730022126BA2A3A3A3A32274F7120BE0EAFEF9
:10458300EBFF8A82F583A3E070031238B612672922
:1045930002551074F7120BE0EAFEEBFF9019BC1200
:1045A300588460109019BC124EB19019BCE4F0A36A
:1045B300F0121BFB8E828F837408124F951222F721
:1045C30002551074F6120BE0901A65E06010901912
:1045D300BEE0700A1245E4EA4B6003122D6B0268D9
:1045E30023900727E0FB900747E0FA90072CE0F9B8
:1045F300122C8D2274F4120BE074E712126CEAFE93
:10460300EBFF750B018A82F583A3A3A3A3A3A3A343
:10461300E0A2E25069EA242BF582E43F12627BEACE
:104623002413FAE43FFB122C99E970529082D6E0EE
:1046330064017005750B0080451246B61211D87CD3
:104643000B7D00741112124412523B1211B9122E37
:1046530073E9FA740E12123C88088909780812115A
:10466300DC75083075090078081211DCEE1264D687
:10467300120FB712667079011239221211B985210E
:10468300828522837410F01266707402121510AAC8
:1046930082AB83121CDFEE242B126E69740B12158E
:1046A30010125105740D121510E50B1268E27419FE
:1046B30002390CEE2408126BC022C082C083901A08
:1046C30066E06003122EE5025025C082C083901A73
:1046D3005D749BF0A37419F0A3749FF0A37419F095
:1046E300A374ABF0A37419F0901C4574F1F0A37498
:1046F30034F0901A47746FF0A3742CF09019E0749F
:10470300A5F0A3742CF09019E274ABF0A3742CF011
:10471300901A42E04402024B29C082C083EAFCEBB8
:10472300FD7903025830C082C08379080269A3C0AF
:1047330082C08374FE12126C9019E87453F0A37450
:104743002DF09019EA744DF0A3742DF080077AD5FB
:104753007B1912478E9019D512588470F19019D78E
:1047630012588460097AD77B1912478E80EF90190B
:10477300D5E4F0A3F09019DBF0A3F0A3F09019F6C1
:10478300748FF0A3742DF07402801C121B89852191
:1047930082852283EAF0A3EB1247A2122E6122F054
:1047A300AA21AB222274111211B902502574F612F8
:1047B3000BE0E9FF744429F582E43438F583E4938C
:1047C300FEFA7B00121B5FEA4B6007EA2E1247FEDC
:1047D30080267A027B00121B5FEA4B6017742E2F30
:1047E300F582E43438F583E4938A828B83F0A374EF
:1047F3001A124BC77A007B000268231250F4E812A6
:10480300679DA3A3A3A3E4F022E9FC740629F8EAB5
:10481300A2E0501EE875F00A84E5F0F96014740A0A
:1048230028C399F8E9C394054004740A28F8740B63
:1048330028F8ECC394134004791480027906E8291C
:1048430079002409F85001097A0A7B0012097EE8ED
:10485300F9021186C082C083901A42E05402600AB2
:104863001222FDE96004790180027900025025C01B
:1048730082C083901A42E0540260149019DBE07006
:104883000A1258816009124897500479018002790D
:10489300000250251238DAA2E722C082C083908238
:1048A300D3E0F89019DDE0C3985005121B5F800434
:1048B3007A007B00025025C082C083122E617900EA
:1048C300025025C082C08374FE12126C852182853A
:1048D3002283EAF0A3EB124A30A3A3A3A3A3E060CD
:1048E3000A14605724FE605A0249A090072CE06422
:1048F3000F6012122E37E9700C124EAB9019E412AE
:104903004F7D123157900754E0C0E0852182852204
:10491300831257A4D0E0124A3074141261C1FCA36D
:10492300E0FD7AD77B19121B83A8A8C2AF9019DDCB
:10493300124A547920122E2B02478A124CFE741508
:1049430080D9124CFEA3A3A3A3E06051124CFE1224
:104953003FB2C0E0852182852283E02406F582E40C
:104963003BF583D0E01261C12402F8A3E03400F9DF
:104973008882F583E02401FAA3E03400FB8882896E
:1049830083EAF0A3EB1261C1124D3E852182852299
:10499300836013124A056005124A174048AA21ABE7
:1049A30022122E618092124A0560F2124A17502198
:1049B300124A24FA852182852283A3E0C8240612A1
:1049C3004CFAF874641259B93438F583E4936A6085
:1049D30014852182852283124A05640870BF124A16
:1049E30024640870B8124A2414124A38240AC0E016
:1049F300852182852283124F7DD0E0124A3804023A
:104A0300491E124A0922124F00C82406F582E438CF
:104A1300F583E022852182852283124A09C3940A01
:104A230022852182852283123CD5A3E022124A42A9
:104A3300F583888222124A42C82406124D2822F0A6
:104A4300852182852283124F0022A8A8C2AF901924
:104A5300DCE004F0E8A2E792AF22C082C0839019A1
:104A6300EC1258846008124D051231578002790008
:104A730002502574F7120BE0EAFEEBFFEA123E9BAD
:104A830074011250B3F8A3E0F9123A7D125105EA0A
:104A93002435125402C0E0EA2413F582E43FF5837F
:104AA300D0E0F0EA2436125402C0E0EA2414F5827E
:104AB300E43FF583D0E0F0EA2438125402C0E0EA80
:104AC3002418F582E43FF583D0E0F0EA242FF58241
:104AD300E43FF583120FB712667DEA2431125402C4
:104AE300F9123E7C1211B9E9F5087007EEFAEFFBF3
:104AF300122D6BA908025510C082C083122E37E90C
:104B03006004792080027901025025C082C083EAC3
:104B13002411124B1FD2E0800DEA240DF582E43BF1
:104B2300F583E022F0A3F0025025C082C083124B2C
:104B33001C64017011124BC1400C8A828B83A3E069
:104B4300F9122E318066124BB2A2E650128A828B82
:104B530083A3E0F99019E6124F7D123157804D126D
:104B63004B1C6401700D124BC150088A828B8374F5
:104B73003080368A828B83A3E0641B8A828B8370A6
:104B83000474228024A3E0700D124B1CF8744F129E
:104B930059B93438800B124B1CF8742E1259B9349E
:104BA30038F583E4938A828B83124BC70250251214
:104BB3004BB622EA2410F582E43BF583E022124B44
:104BC300B6A2E322F0901A3DE0F9121B6B2274F7B0
:104BD300120BE0E9FE1258817003024CF7EE6014E9
:104BE300741B6E701AE812618D39F583E0640570E9
:104BF30003024CCF9019DF124D05A3E4024CD67487
:104C0300E96E7068E82412F582E439F583E0700BED
:104C1300122303E96005124D48606179EE12190D04
:104C23009019DE124D1F9019DE603A124D4B901908
:104C3300DE700B124D1F14F0121ACF024CF7124DF7
:104C43003DC2E7124EE6240D124CFA6403700912BA
:104C53004D18124E9CD2E2F079ED12190D124D301F
:104C63001231578078124D0B74E9806774E16E70CE
:104C73003E122303E96055124D48705090074EE0F1
:104C8300C0E0124D182412F582E438F583D0E0F029
:104C930090073DE0C0E09019DE124D14124D14D080
:104CA300E0F090073DE004F07901121AB7804574F3
:104CB3001C6E70189019DE124EB19019EE124F7DD2
:104CC3001231579019DEE4F0A3F080289019DE1218
:104CD3004D0BEEF09019DE124EB1122D59124EC744
:104CE300E0548060031269929019DEE4F0A3F07936
:104CF30010122E2B025510124D2822852182852257
:104D030083A3E0F583888222124D0F22124F85A3DD
:104D1300221257D2229019DE1257B3221257B3240C
:104D230012124D2822F582E438F583E0229019DE31
:104D3300124EB59019E2124F8122E0F8A3E0C82485
:104D430010124D28229019DE124ECEE05404227424
:104D5300F4120BE0750A00750B00A2AFE433FEC238
:104D6300AF1258816003024E45124F7A123157E950
:104D73004410F89019D5800985080A85090B124E4D
:104D83008F124EA37003024E45123F9C586870E881
:104D9300780A1211DCAC08AD091240A11211B990C6
:104DA30019DEE508F0A3E509124EE6124E9CA2E7D0
:104DB3005003024E4C9019DCE014F0EEA2E092AFE7
:104DC3009019DEE0240EF8A3E03400F9E8FEE9FFD1
:104DD3008882F583124EB19019DE124A2AF9122DF8
:104DE3001DE99019D91265208E828F83E05480606B
:104DF30018124D182413124CFAF91219C7124D1830
:104E03002414124CFAF91219BB124EC7A3E0540131
:104E1300605F9019D91258846045124EDD604012CC
:104E23004EDDF879009019D9124EB1120986E8C007
:104E3300E0124EBBD0E0124EEBC394134011740248
:104E4300800FEEA2E092AF80379019DB024DBB7466
:104E530000C0E09019DFE0C8124E86D0E0800D124A
:104E63004EBB7401124EE6124E867401F079038034
:104E73000C9019DE124D3DA2E1B3E433F9121AB7D7
:104E830002390F241AF582E438F58322E50824FB5E
:104E9300F582E50934FFF583221261A7124D2B2217
:104EA3001238EBE508450922852182852283124EBB
:104EB300B522E0FAA3E0FB221257B02419F582E4ED
:104EC30038F583229019DE124ECE22124F00C812FB
:104ED3004ED6221259C738F583221257B02418121E
:104EE3004D2822124EF8C822124EF8F5838882A369
:104EF300A3A3A3E022F09019DE124F0022E0F8A34F
:104F0300E02274F7120BE0EAFEEBFF122E5B125362
:104F1300FFA2E3400A12433670059082D1800390CA
:104F230082D2E0F9EEFCEFFD7AD57B19121B9BE9E7
:104F33006038EEFAEFFB9019E8124F7D123157EE0D
:104F4300240E12540254047012124A4DEE123A7E89
:104F5300A3E05401701E122D658019EEFAEFFB9049
:104F630019E0124F7D123157800A8E828F83A3740A
:104F7300F1124F8E0255109019EA124F8122124FEF
:104F83008522E0F8A3E0F583888222124F95122D43
:104F93005922F0EEFAEFFB2202501E74F7120BE0D7
:104FA300EAFEEBFF7900901A42E05402700CEA2407
:104FB300331254025404600279E8901A42E05460B8
:104FC300700CEA24331254025402600279E88A8294
:104FD3008B83A3A3A3A3E0F89082D7E0C3985002E6
:104FE30079E8EA2431125402700CEA242E12540296
:104FF300700479F5800BE97005122D47E9F9E96032
:1050030007EEFAEFFB122E31025510C082C0838ADD
:10501300828B83740DF01222F78007C082C0831243
:105023002D65D083D08202118674F4120BE0EAFE60
:10503300EBFF8A82F583E4F0A31250B35404908209
:10504300D17012E0F89019DCE0C398401279F112A4
:105053002E3102390FE0F89019DBE0C39850EE12BD
:1050630050B9A3E054016037EA2437125402C394C1
:10507300054033EA2433125402540570297AF07B35
:1050830019122F63EE2437F582E43FF5831238C0FB
:1050930078081211D47AF07B191250AD1211B9EEBF
:1050A300FA125AAA80AC79E880A5122F5774042209
:1050B300F01250B9E022EA2433F582E43FF583226B
:1050C30074F6120BE0E9FE2451FAE43400FB121BE0
:1050D3005FEA4B6015EE8A828B83A3A3A3A3F0EA56
:1050E30024511250F412510580047A007B000268A7
:1050F30023F8E43BF98A828B83A3A322126E739075
:105103001ABAE8F0A3E9F02202501EC082C08390CD
:1051130019F974B9F0A3742DF0A374E9F0A3742DF5
:10512300F0A374BFF0A3742DF0A374C5F0A3742D82
:10513300F0A374E3F0A3742DF0A374D7F0A3742D3C
:10514300F0A374D1F0A3742DF0A374EFF0A3742D26
:10515300F0A374F5F0A3742DF0A374FBF0A3742DE6
:10516300F0A37407F0A3742EF0A374CBF0A3742DF3
:10517300F0A374B3F0A3742DF0A374ADF0A3742D56
:10518300F0901A1574DDF0A3742DF0A37401F0A34D
:10519300742EF0A3741BF0A3742FF0A3740DF0A36B
:1051A300742EF0A37413F0A3742EF0901A39E4F064
:1051B300901A3CF0901A251251CB7402F0901A2EDB
:1051C3001251CB7401024B29742BF0A3742EF0A35C
:1051D3002274F5120BE074F112126C852182852280
:1051E300837402F07401121510E9F060047AFF7BF6
:1051F300FF7402121510125C6875083175091A756F
:105203000A0078081211D87C0B7D00740712151060
:10521300AA82AB8312523B1211B9AA21AB221222EA
:10522300F7740F800312523B1211B97F03020EE889
:105233007C0B7D007A317B1A121B4174032274F7B5
:10524300120BE074FD12126C852182852283740A8D
:10525300F07401121510E9F07402121510EA1268C5
:10526300E20242B974F6120BE074F712126CEAFE12
:10527300EBFFEA1252B91252E97402F0EA2428FC55
:10528300E43FFDAA21AB22121CDFEE24311252BFF0
:1052930024331262E11211DC740212124C79831A64
:1052A3001A123E7A1211B9E9F5087007EEFAEFFB0C
:1052B300122D6B02681C123A82740122F582E43FBC
:1052C300F5831238EB125789F5831252D7E8F0A30E
:1052D300E9F0EE221252DF8A828B8322E024FFF868
:1052E300A3E034FFF922F0A3E4F0EA123E9B227418
:1052F300F0120BE0126D5112149D7808790C120A0A
:105303007978081211D47A287B1A0238F374F412CC
:105313000BE074C612126C90072CE0640F600D85CD
:105323002182852283742E125C8780227A1F7B1A46
:1053330012393112098688088909E4F50AF50B78D0
:10534300081211D47A1F7B1A1250AD1211B9743A94
:1053530002390C74F5120BE0EAFEEBFF8A82F58347
:10536300A3E0F87078EA243012540264026007E084
:105373006403600278E8EA2426F582E43FF58312A9
:10538300392A400478E88058E87052EA2426124506
:105393006AEE24311253F424301254026402700E64
:1053A300EE2428126E6990073B125105801790076F
:1053B3003B74FEF0A304F0EE2428FCE43FFD7A32B4
:1053C3007B07121CEBEE241B1246B91211D81252A2
:1053D300331211B9EEFAEFFB122DA7E9F8E8600ECC
:1053E300E88E828F83A3126685741712672F025289
:1053F3002EFAE43FFB795012198BEE22EE2410F5BE
:1054030082E43FF583E02274F6120BE074F7121284
:105413006C901A3CE070377401F0F9121A81AA21DA
:10542300AB22122E6D75083175091A78081211DC3A
:1054330075080175090078081211DC900741120FF5
:10544300B7740612124C7A031239201211B902688A
:105453001E74F7120BE01256307004A374EBF09035
:105463001A3CE0A2E25003C2E2F0E0A2E1500512CE
:10547300564180098E828F83742A12672F0255103A
:1054830074F4120BE074FE12126C12553612577C30
:10549300EC8521828522831257CBE0F50B7015AA88
:1054A30021AB22795312198BEE2413FAE43FFB79D3
:1054B3004A12198B1246B61211D81252331211B96D
:1054C300124EABA90B122D9B901A3CE0A2E15003A4
:1054D300125648901A3CE4F0740202390C74F71225
:1054E3000BE0EAFEEBFF8A82F583A374EBF0901ADC
:1054F3003CE0A2E150077A0079EB122DA1EEFAEF1E
:10550300FB122DD78007EEFAEFFB122ED97F010293
:105513000EE874F7120BE0125536901A39E4F09046
:105523001A3CF07AFF7BFF8E828F83A3E0F9122D62
:105533009B80DA1256817A287B1A122F632274F722
:10554300120BE0EAFEEBFF122DD180BA74F7120BB7
:10555300E01256BEA3A3A3E060047400800274EBC0
:1055630012558F5003C2E2F0E0A2E15005125692A9
:105573008011A2E0500D8E828F83742AF0A374EB06
:1055830012672FEEFAEFFB122D7D80818E828F83BF
:10559300A3F0901A3CE0A2E22274F6120BE0EAFEBA
:1055A300EBFF901A3CE0D2E1F07901121A818E826E
:1055B3008F83A3E07038122E73E9FAEE240DF508F9
:1055C300E43FF50978081211DC75080175090078C4
:1055D300081211DC125602120FB7EE2402FCE43F4C
:1055E300FD1239201211B9E98E828F83A3F08E82C6
:1055F3008F83A3E060067A00F9122DA1026823EEDF
:10560300240BF582E43FF5832274F7120BE0125664
:10561300307004A374EBF0901A3CE0A2E25003C292
:10562300E2F0E0A2E15003125641025510EAFEEB0C
:10563300FF7901121A878E828F83E0642022C2E1F0
:10564300F0125648227A008E828F83A3E0F9122D3E
:10565300A12274F7120BE01256818E828F83A3A3CB
:10566300A3A3E060047400800274EB12558F50030F
:10567300C2E2F0E0A2E15003125692025586EAFE1E
:10568300EBFF7901121A877A1F7B1A122F6322C24A
:10569300E1126BB3E0A2E4E433FA12564A2274F740
:1056A300120BE01256BE74EB1255945003C2E2F093
:1056B300E0A2E15003125641025510EAFEEBFF79D6
:1056C30001121A878E828F83A32274F7120BE012C2
:1056D30056E302550974F7120BE01256E302551014
:1056E300EAFEEBFF7A1F7B1A122F63EEFAEFFB122F
:1056F3002DFB2274F7120BE074EF12126CEAFEEB2F
:10570300FFEA1266717A327B07121CD9E96056856B
:1057130021828522837409F0740112151074EFF04D
:1057230012577C7402121510EC1257CBA3A3E0C0DE
:10573300E07404121510D0E01257B8640870158E87
:10574300828F83A3A31257A4E0C0E074051215103F
:10575300D0E080067405121510E412650D7406126C
:10576300151012576D74110242BBAA82AB83122E1D
:10577300A3AA21AB221222F722125789F5831257CB
:105783009BFCA3E0F922EE125791FB8882222402AC
:10579300F8E43FF9E8FAE922124F008882F583E042
:1057A300221257B32407F582E438F583229019DED9
:1057B300124F00C8221257BC221257C1E022F08EAA
:1057C300828F83A3A3A3A32212679D1257D222120F
:1057D30057D622E0F8A3E0F5838882A3A322C082F0
:1057E300C083122EE5025025C082C083901A5974DB
:1057F300F9F0A37419F0A37415F0A3741AF0901CB4
:105803003F7453F0A37435F0A3748FF0A37434F092
:10581300901A457495F0A3742DF0901A42E0440158
:10582300024B29C082C083EAFCEBFD7902122E49A8
:1058330002502574F6120BE074FE12126C901A3E9D
:1058430012588460077A3E7B1A122E61901A44E440
:10585300F0900EB312588460208007AA21AB221265
:105863002E61901A3DE0F9121B778B09A909852156
:10587300828522831244DC70E2740202682090194C
:10588300DE126E73E8492274F7120BE0E9FA7B002B
:10589300901A3DE0F9121BA102551074F7120BE0A8
:1058A30074F012126CEAFCEBFDE9FE8A828B83E052
:1058B300F8745A1259B93438F583E493C0E074018B
:1058C300121510D0E0F0640B700DE98A828B83A36C
:1058D300F0122EC70259B4E070030259B4640C608D
:1058E300030259A5741A6E700B7404121510E4F0B8
:1058F300A30259A47404121510125C68EA2432122C
:105903006171C0E07403121510D0E0126B9E121483
:10591300D574061215101214E18C828D83A3A3A3F0
:10592300A3A3A3A3A3A3126E6F740A121510E8F026
:10593300A3E91259BEE054106009852182852283B0
:10594300E48013EC2412126171F890074EE0C398BF
:10595300852182852283F0E0C0E0740C121510D0FB
:10596300E0F0EC2415126171C0E0740D121510D033
:10597300E0F0EC2416126171C0E0740E121510D021
:10598300E0F0EC2417126171C0E0740F121510D00F
:10599300E01259BEA3E0540160087401121510749B
:1059A30011F07402121510EEF07401121244122257
:1059B300F774100242BB28F582E422F0EC1259C7B7
:1059C3003DF58322240EF582E422C082C083901A1F
:1059D30044E0640370047901800279000250257465
:1059E300F7120BE0901A44E0125A5D743D28F582D9
:1059F300741C39F583125EEFC2E7F0125A64A3E414
:105A030093FE25E0FCE433FD743D2CF582741C3DCC
:105A130012627BEC4D6005EE901A44F08A828B8310
:105A2300E025E0FCE433FDE82CF582E93DF583E471
:105A330093FCC4540F25E0F874531259B9341AF582
:105A4300831258847005122EB5800CEC540F125A31
:105A530064124F7D12315702551025E0F8E433F9F3
:105A63002225E0FCE82CF582E439F5832274F21256
:105A73000BE074FE12126C890B8A088B09125B0F00
:105A8300125B00601A12651AF50A78081211D8120F
:105A93005B1C24021262711211B9125AA8800312FC
:105AA3005B2E023F0BAA0CEFFB901A3DE0F9121B91
:105AB3006B2274F0120BE074FE12126C890B8A0EC7
:105AC3008B0F125B0FF508125B00602712651AA893
:105AD30008EA281247FE850E08850F09F50A78089B
:105AE3001211D8125B1C12626F1211B9125AA879E3
:105AF300008005125B2E791A74020238F8FA7B00D3
:105B0300121B5F8A0C8B0DAF0DEA4F22742329F50C
:105B130082E43438F583E49322A80B74391259B91B
:105B23003438F583E493FC7D00EA228521828522C3
:105B330083E50BF0791AAA21AB22122E3122C082FF
:105B4300C083E9901A3D024B2974F6120BE074FEF0
:105B530012126CEAFEEBFFEA542070308039A8A8D9
:105B6300C2AF9019DDE014124A568A828B83125C0D
:105B730055901A40125C68122E3D8521828522833E
:105B8300E0641560077A407B1A122E617AD77B197D
:105B9300121B89EA4B70C7EF5480700C8016901A61
:105BA30040EAF0A3EB125C7B901A3DE0F9121B77FD
:105BB300EA4B70EAEE5410600B85218285228374D0
:105BC3002D125C87EEA2E0500B852182852283741F
:105BD30024125C87EE5402600B8521828522837434
:105BE30025125C87EE5404600B8521828522837421
:105BF30026125C87EE5408600B852182852283740C
:105C030028125C87EE5440600D7401121510125C6B
:105C13006E742C125C87EE5480600D7401121510A3
:105C2300125C6E742F125C87901A3E125884601BAC
:105C3300A8A8C2AF901A3E124EB1901A3EE4F0A348
:105C4300124A56A3EAF0A3E9125C7B7A007B0002B6
:105C5300587C125C5922E0852182852283F022A39D
:105C6300A3A3A3A3A3EAF0A3EBF022E4125C7322A1
:105C7300F085218285228322F0122E3D7A407B1A01
:105C8300122E61221247A2122E3D22C082C083909F
:105C93001A401268DD687002EB697007901A40E4DD
:105CA300F0A3F002502574F7120BE0EAFEEBFFEAD3
:105CB3004F7003121763A2AFE433F508C2AF8E82AD
:105CC3008F831258846028E824FBFAE934FFFB90A1
:105CD3001A4012627DE86C7002E96D7007901A40F9
:105CE300E4F0A3F08E828F83E4F0A3F0121BFB0297
:105CF3004127C082C083901A6774A9F0A3742EF061
:105D0300A374BBF0A3742EF0A374C1F0A3742EF09C
:105D1300A37477F0A3742DF0A374C7F0A3742EF0CB
:105D2300A37471F0A3742DF0A3747DF0A3742DF00C
:105D3300901A7574F7F0A3742EF0A374CDF0A374C6
:105D43002EF0A374D3F0A3742EF0A374DFF0A37426
:105D53002EF0A374D9F0A3742EF0901A66E4024BCC
:105D630029C082C08390073BE064FE7003A3E0F484
:105D730070097C327D07121CDF801C8A828B83A30F
:105D8300A3A3A3A3A3A3A37402F090073B126E6F74
:105D93008A828B83125105025025C082C0839007EB
:105DA30045C3E094FEA3E094FF40047903800279A5
:105DB30002025025C082C083125EF88C828D83124A
:105DC3005EAD687039740268701C8A828B83125EC0
:105DD30006E06870298A828B83A3125E06A3E068BB
:105DE300701C7901801A7403687013EC2405FC504D
:105DF300010DEA2405FA50010B121CE5800279001B
:105E0300025025A3A3A3A3A3E0F88C828D83A3A3AD
:105E1300A3A3A32274F6120BE07E00740A121510DA
:105E2300E0125EA1FF8A828B83A3A3A3A3A3A3A3F0
:105E3300A3E06F706474026F704E8A828B83C0829A
:105E4300C08388828983A3A3A3A3A3E0F5088882E0
:105E53008983A3A3A3A3A3A3E0FBAA08D083D0822F
:105E6300E06A7003A3E06B703088828983A3A3A3E5
:105E7300E0FA88828983A3A3A3A3E0F9EA6C700202
:105E8300E96D70157E01801174036F700CE82405B1
:105E9300FCE439FD121CE5E9FEEEF9026823F8A3E0
:105EA300E0F98882F583125EAD22A3E01313543F19
:105EB300540322C082C0838A828B83A3A3A3A3A398
:105EC300A3A3A3E06402701690073B125EEF687011
:105ED30003A3E06970047901800F7900800BEAFC69
:105EE300EBFD7A327B07121CD9025025126E738A9E
:105EF300828B83E0228A828B83125EADF82274F058
:105F0300120BE074FC12126CE9852182852283F066
:105F13007402121510ECF0A3EDF08A0A8B0B7508CE
:105F2300007402121510E02408126171C0E07401BC
:105F3300121510D0E01261C1A2E75008750EFF756B
:105F43000FFF800A900741E0F50EA3E0F50F8521CE
:105F530082852283E0C2E71261C654206007126182
:105F63009374088004126193E41261C654046007B9
:105F730012619E7480800512619E74101261C65472
:105F8300106006126179E4800B90074EE0C0E012C6
:105F93006179D0E01261C6A2E0500375082054086D
:105FA300600674104508F5088A828B83A3A3E02456
:105FB300FFFEA3E034FFFFEA126184C39402E040D2
:105FC3000F640B6009E0148E828F831261B7740330
:105FD3004508F508750900900761E0640170118AAE
:105FE300828B83A3A3A3A3E0C39467400375091023
:105FF300852182852283E0F50C750D00740E780CE3
:1060030012138AE50D4509F509E06402701B900738
:1060130046E08E828F83F0900745E0C0E0123E8217
:10602300D0E0F0EE24FEFE801CE06403701DEE243D
:10603300F9FEEF34FFFF7C557D07EEFAEFFB121CF0
:10604300EBEE24FF1EEF34FFFF8003E0602F7401AB
:10605300121510E060187414121510E0650E700428
:10606300A3E0650F700874404508F508800F8E8221
:106073008F83E50FF0123E82E50E1261AD740112BB
:106083001510E0F50C750D00740A780C12138AE5EF
:106093000D4509F509E0640270237402121510120C
:1060A30068D88E828F83F07402121510123FB4C029
:1060B300E0123E82D0E0F0EE24FEFE8020E0640396
:1060C3007021EE24F9FEEF34FFFF74021215101253
:1060D300627DEEFAEFFB121CEBEE24FF1EEF34FFA2
:1060E300FF8003E0601C7414121510A3E08E828FEE
:1060F30083F07414121510E0C0E0123E82D0E01257
:1061030061ADEEF8EFF9E824FF1EE934FFFFE50A7D
:106113001261847005900731800390073DE0FA0413
:10612300F0EA88828983126685E5091261B78E8257
:10613300F583E508F0E50A2404F8E4350BF9E50AEC
:106143002402FAE4350BFBEEFC8A828B83E0F5082C
:1061530088828983E02508C39C1267A0EEF0A3EF31
:10616300F0850A82850B83A3E4F0F90238F6F58201
:10617300E43DF583E022EA2412F582E4350BF5834E
:106183002212618D350BF583E022240DF582E42282
:10619300EA2410F582E4350BF58322EA1261A73570
:1061A3000BF583222411F582E422F0EE24FEFEEFA8
:1061B30034FFFF22F0EE24FF1EEF34FFFF22125CB8
:1061C30073E022F0EA1259C7350BF583E02274F12C
:1061D300120BE074FE12126C852182852283ECF08F
:1061E300A3EDF0890B8A0E750A1A74151215101295
:1061F3007102122D178A0C8B0DAE0CAF0DEA4F6096
:106203005A74131215101268DD1262DCF0A3E9123E
:1062130052ECE50BF0750A0078081211D87C0B7D5F
:1062230000EA12626F1211B97411121510120FB72E
:10623300740212151012627DA90E123E781211B962
:10624300E9F50A7016E50B24F96003147006124091
:10625300BAD2E5F0EEFAEFFB122D6BA90A74021223
:1062630011B97F07020EE87C0B7D00EE241BFAE4D4
:106273003FFB121B41740322F583E0FCA3E0FD22E4
:1062830074F6120BE074F712126CEAFEEBFF78015E
:10629300EA243212540260027805EA1262DC1252D6
:1062A300E97404126678AA21AB22121CDFEE242FB4
:1062B3001252BF24311262E11211DC740212124C29
:1062C30079031A1A123E7A1211B9E9F5087007EE2A
:1062D300FAEFFB122D6B02681C123A82E822F58258
:1062E300E43F123A751257BC04F078082274F21294
:1062F3000BE08A088B09ECFEEDFF8A828B83740521
:10630300F0EC126711126A65F0EA2403F50AE4352A
:1063130009F50B850A82F583E0F50CA3E0F50DEC96
:106323002425F582E43FF5831214D5E50C1261A709
:10633300350DF5831214E1EC126671AA0CAB0D1244
:106343001CDF850A82850B831271821264D6126464
:10635300F9125C62EE242F125402C0E01264DFD003
:10636300E01265252415F582E438F583E4126525EA
:10637300124ED6E412650D850A82850B83E024163E
:10638300FAA3E03400FB122EA38E828F83A3A3A370
:10639300A3A3A3A3E0C0E0850A82850B83124D1B50
:1063A30012618D38F583D0E0126504FAA3E0FB8512
:1063B3000A82850B83126E6FE8240BFCE439FD8A95
:1063C300828B83E08C828D831265208A828B83A3E8
:1063D300E0F50B8C828D83A3E0450B126798A3E055
:1063E300FCEA2403FA50010BECA2E7E433C0E0E833
:1063F300240FF582E439F583D0E0F074075C600480
:1064030078018002780075F00374075CA428F8EA29
:1064130028FAE43BFBE5082405F8E43509F98A8208
:106423008B83123A77126798AA82AB838508828599
:106433000983125C6288828983E0F50A25E0540EA1
:10644300FCE50AC4540FF50A750B007403780A12AD
:10645300138AE50A5438F8EC28F8EA28F8E43BF9FB
:10646300850882850983A3A3A3A3A3A3A3A3A3E866
:10647300F0A3E91257B8FA8E828F83A3A3E02AFA16
:10648300A3E03400FBC3EA98EB9940288E828F8304
:10649300A3A3E0F8850882850983A3A3A3A3A3A3E9
:1064A300A3A3A31264EDC39A28850882850983A355
:1064B300A3A38016850882850983A3A3A3A3A3A30B
:1064C300A3A3E4F0850882850983A3A3A3A3A3F070
:1064D300023F10242BF582E43FF583221264E3226A
:1064E300E82410F582E439F58322E0FA8E828F8363
:1064F300A3A3A3A3E022124EB588828983A3A3A3F7
:1065030022F08E828F83A3A3E02212651122F0EE84
:106513002408FCE43FFD228A828B83E50BF0A3E48D
:10652300F022F0850A82850B831257B32274F51289
:106533000BE08C088D09750A0078081211D87C0BC2
:106543007D00025228021186C082C0837918122E60
:1065530031025025C082C0838A828B83E0C3940BAF
:106563005003122EAF025025C082C083791980DEFA
:1065730074F7120BE0EAFEEBFF901A3E12588460A8
:1065830010901A3E124EB1122EBB7A3E7B1A122E77
:1065930061EEFAEFFB122E5B901A3EEEF0A3EFF0E2
:1065A30002551074F7120BE074DE12126CEAFEEB64
:1065B300FF8A82F583E024FD601124FE601524ED3B
:1065C300600924FA600D14600A803C7416121510D9
:1065D300E4800774161215107401126678740B1296
:1065E3001510AA82AB83121CEB74131215101266DA
:1065F30091121510125105740A12151012669D128C
:106603001510125105804274161215107402F0EA27
:10661300126671740B121510AA82AB83121CEB74F1
:1066230013121510126691121510125105740A12E5
:10663300151012669D121510E8F0A3E912668B126D
:106643001510AA82AB83122EA3852182852283741F
:106653000B126685A3E0C0E07401121510D0E0129E
:10666300668B12151012576D74220242BBEE24136F
:10667300FCE43FFD22F012667D22EA2426FCE43F7F
:10668300FD22F08E828F8322126511741722740308
:10669300F0900745126E737402227402F090074162
:1066A300126E7374142274F7120BE0EAFEEBFF8A86
:1066B30082F583A3E0F508702CEA242F12671A7081
:1066C30003A3E06960037508E8EA2426123917601A
:1066D3002AEE126711E4F0E508700AEEFAEFFB12F6
:1066E3002E97E9F508E508600F8E828F83A3E508EE
:1066F300126685741912672F025510EE2432125454
:106703000260D4901A65E070CE7508E880DB24320D
:10671300F582E43FF58322F582E43FF583126E733D
:10672300900741E068228E828F83742C124F95125A
:106733002E3D22C082C08374F112126C74021215B2
:10674300107404126798E0C0E07403121510D0E0CF
:10675300F0EA242FF582E43B126E6D740D121510CE
:10676300125105EA2426FCE43BFD7404121510AA19
:1067730082AB83121CDF7404121510AA82AB83123E
:106783002E85E9600312680174021212441222F783
:10679300740F0247AA1267A0A322F0A3E9F08A822A
:1067A3008B832274F6120BE074E812126CEAFEEB90
:1067B300FF74021215107403F0EA2413F508E43F82
:1067C300F509AC08FD7404121510123FA7C0E0745C
:1067D3000C121510D0E012650D740D121510AA825B
:1067E300AB83122EA3AA08AB09122E85E96003120C
:1067F300680174021212441222F77418801F852153
:106803008285228374FFF0A31247A2795312198B56
:1068130090073B74FFF0A3F022A90874091211B981
:106823007F02020EE874F6120BE074D412126CEAC3
:10683300FEEBFF8A82F583A3A31268D8A2E6501C5D
:106843009007411268DD242B125402687003A3E001
:10685300697009901A66E06042122EE5740B1212F9
:106863003C74031215101252D0FCEFFDAA21AB2287
:10687300122E9D852182852283742B125C879007BB
:1068830026E060087408121510E0600B85218285EC
:10689300228374051268E2742C808290074AE060B8
:1068A300BB12391470B6EE2408F508E43FF50978F5
:1068B300081211DC75080175090078081211DC90C3
:1068C3000741120FB77C327D077A0379061239220A
:1068D3001211B980C2124D0FE022126E73EA221216
:1068E30047A21222F722C082C08374EF12126C8572
:1068F30021828522837409F0740112151074EE123B
:1069030068E20247A874F7120BE0A2AFE433FFC2B8
:10691300AFE9600312197912190712696D7E00122B
:10692300695E125884600912695E124F7D123157F5
:106933000EEEC3940740E8122F33122E25901A7FD0
:10694300E4F0122D11122E677A447B077952121943
:106953008BEFA2E092AF7900025510EE125A5D74EC
:106963004528F582741A39F58322126992901A66C2
:10697300E0F91219A3900741124EB51219A9900715
:1069830045124EB51219AF7A557B071219B52290ED
:106993000754E0F91219C7900753E0F91219BB2203
:1069A300122E43025025C082C083901A807403F0D4
:1069B300A3742FF0A37421F0A3742FF0A37427F012
:1069C300A3742FF0A37409F0A3742FF0A37415F02C
:1069D300A3742FF0A3740FF0A3742FF0901A5374C1
:1069E30067F0A3741AF0A37475F0A3741AF0A37478
:1069F30080F0A3741AF0901A42E4F0A3F012190184
:106A030002502502118674F7120BE0EAFEEBFF8AAF
:106A130082F5837407126A6D126A65126A6DA3A305
:106A2300126A65A3126A77A3A31214D58E828F8389
:106A3300A3A3A3A31214E18E828F83A3A3A3A3A36F
:106A4300A3A3A3E4F0EC2418F582E43D126E6D8E4B
:106A5300828F83A3A3A3A3A3A3A3A3A3125105027A
:106A63005510E08A828B83A3A322126A77A3A3A380
:106A7300A3A3A322F08C828D832274F4120BE0EA89
:106A8300FEEBFF901A8DE4126B9EA3E0C3940640C5
:106A930006901A8D74E8F08A828B83A3A3A3A3A321
:106AA300A3A3E0C3940F40158A828B83A3A3A3A35C
:106AB300A3A3E064036015901A8D74E8F08A828BB7
:106AC30083A3A3A3A3A3A3E06403700E901A42E0DD
:106AD300A2E04006901A8D74E8F0EAFCEBFD7A8C94
:106AE3007B1A122EFD8E828F83A3A3780812149D26
:106AF300740A7808121223901AA0780812147F8E51
:106B0300828F83A3A3A3A3A3A3A3E0901AA4126BCE
:106B1300ADE0901AA5126BADA3E0901AA6F0EE2497
:106B23000B125402901AA7F0EE240C125402901A7E
:106B3300A8F0A3740AF0900754E0901AAAF0901AF0
:106B43009D1251CB7404126BB81211D87C0B7D00CB
:106B53007AAB7B1A12523B1211B9901A8DE0702A4C
:106B63008E828F83A3E07022901A8EE06006901AC3
:106B73008D74EAF0901A8EE0F91219D38E828F8306
:106B83007426F07904121A7B80078E828F8374290E
:106B9300F0EEFAEFFB122E3D02390F126BA222F038
:106BA3008A828B83A3A3A3A3A322126BB3A3A322DF
:106BB300124401A322F0EE240D126BC022F508E467
:106BC3003FF509750A0078082274F4120BE074F794
:106BD30012126CEAFEEBFF901A8EE07030901AA945
:106BE300E0640A60281219E5E9C0E0901AA9E0F808
:106BF300901A95E028F8A3E03400F9E824F5F5822B
:106C0300E9123E88D0E0F0901A94E004F0901AA0C4
:106C1300780812149D74017808121223901AA07830
:106C23000812147F901AA9E004F0E508A2E04006D8
:106C3300E0C3941E40D7E0641E7003026CC67AA9B9
:106C43007B1A79E112198B74081215107402125C05
:106C53006F74FFF0A3F0901A8EE060046402700971
:106C6300EEFAEFFB122F0F8063E0640170067908E0
:106C73007A80800479077A837508AB75091A7808D6
:106C83001211DCE4F508F50978081211DC7508FF28
:106C93007509FF78081211DC740612124C1239229E
:106CA3001211B9E9F874DB68601474E568600F7455
:106CB300F368600A74DF68600574E868700EE99031
:106CC3001A8DF08E828F83742912672F02390A740A
:106CD300F0120BE0750801750900750A00750B00C9
:106CE300901AA9E078081211427808121430901A09
:106CF3009078081213D6901A8EE06403700F126D09
:106D03005112149D7808790C120A7980357508019F
:106D1300750900750A00750B00901AA4E078081233
:106D230011429083BC7808121364908408780C1283
:106D3300149D7808790C120A79901A8EE070031268
:106D430019DF78081211D47A977B1A0238F3900767
:106D53004F1238C4908408780C2274F1120BE0743B
:106D6300D412126C8A088B09901A8EE06402600DAB
:106D7300E064016008E064056003026E5E901A8DB2
:106D8300E4F0740B12123C7403121510125105AC8B
:106D930008AD09AA21AB22122E9D901AA5E0F89006
:106DA3001A94E0C3985078127227901A94E0F50A67
:106DB30080368E828F83A3A3A3A3A3A3A3A3A3122B
:106DC3006E6F7414121510E0687003A3E069700FFE
:106DD300740B12124CEEFAEFFB121CD9E97040153A
:106DE3000AEE2421FE50010FE50A70C6740B12123D
:106DF3003C880C890D750E00780C1211D87C217D0E
:106E030000901A94E08CF0A4F8A9F0A3E028FAA368
:106E1300E039FB12523B1211B9901A94E004F0903E
:106E23000726E0600E7408121510E07006901AA58C
:106E3300E07007AA21AB221222F7901AA5E0602185
:106E4300901A94E0F8901AA5E06870158508828579
:106E530009837429F0AA08AB098003126F1B122E51
:106E63003D742C026262F582E43FF583126E732255
:106E7300124F00F92274F6120BE074FE12126C8AA0
:106E8300088B09EA241BF582E43509F583E06403E2
:106E9300707DEA2424F582E43509F583E064037008
:106EA3006EEA2413FAE43509FB794A12198B850833
:106EB30082850983A31272278E82F583126F27506E
:106EC300010FAA21AB22795012198B8E828F831264
:106ED3006F2750010FAA21AB22794B12198BEEFABF
:106EE300EFFB79E112198B8E828F83A3126F33121A
:106EF3005106AA21AB22795312198B901A8DE4F013
:106F03008508828509837429F0AA08AB09800312D6
:106F13006F1B122E3D02587C901A8D74E81267A0E5
:106F23007429F022126F33F0A3E9F0EE2402FE225B
:106F3300E0FAA3E0F9EA85218285228322C082C098
:106F4300837A977B1A122F631219D97904121A873D
:106F5300901A8EE064037006901A8DE060097AAA95
:106F63007B1A79E112198B7A8C7B1A025019C08231
:106F7300C08374F512126CEAFCEBFDAA21AB22125A
:106F83002EFD740112151074FC1268E2740B024793
:106F9300AAC082C08379070269A3C082C083901A02
:106FA300B6E4F0A3F0901AB8F0A3F0901C47F0A356
:106FB300F0A374FF126520901C4BF0A3F0A374FFA1
:106FC300126520901ABA024B2774F4120BE0901A40
:106FD300BAE4F0A3F0901AB61258846027901C47C5
:106FE300780812149D1271091212C250171270F010
:106FF3001271091212C2500612710912147F901AEB
:10700300B61250FF901AB8125884901ABA601E1222
:10701300588460111270FC12149D901AB812710CEE
:107023001212C2500D901AB81250FF8005125884E4
:107033006021901C47780812149D901ABA12710CA3
:107043001212C2500E901ABA124D141214F91218D9
:1070530095800312189B02390F74F4120BE0A2AF50
:10706300E433FEC2AF901ABA12588460781270FCEF
:1070730012149D901C4778081212C2500B1217630A
:10708300901ABA125884605D1270F0901ABA127195
:107093000C121161504F9083D8780812149D901AE6
:1070A300BA12710C1212C25003121763901ABA1259
:1070B3007102122F63850882850983A3A3A3A3A367
:1070C300A3A3A3E0F9850882850983A3A3A3A3A3AC
:1070D300A312730FEEA2E092AF123157A2AFE433C3
:1070E300FEC2AF809BEEA2E092AF02390F12188965
:1070F3008A088B098C0A8D0B221257D97808221221
:1071030038EBAA08FB22901AB61257D278082274D9
:10711300F0120BE08A088B098C0A8D0B7410121580
:1071230010801C9083D8780C12149D8E828F83A3B9
:10713300A3780C1212C250031217638E828F83122C
:107143003F0360358E828F83A3A378081213C31283
:10715300717F687002EF6970CA9083D8780C12143B
:107163009D8E828F83A3A3780C1212C250B58E8298
:107173008F83A3A31238B180C20238FB901ABA12CC
:107183006E73EE2274F3120BE0A2AFE433F50CC27C
:10719300AF901AB8127228901AB6120FB7901C4704
:1071A300780812149D7808121303AA08AB09AC0AD5
:1071B300AD0B122F4574021211B9802F901C477822
:1071C3000812149D8E828F83A3A378081212C240E3
:1071D30013901C47780812149D8E828F83A3A37883
:1071E300081213148E828F83127228EE4F70CD9083
:1071F3001C4B780812149D901C4778081212D76014
:1072030015901C4B1214D5901C471214E1901C4787
:107213001214F9121883122F39E50CA2E092AF7FF2
:1072230005020EE8A3E0FEA3E0FF2274F0120BE0D8
:10723300A2AFE433FEC2AFED8C0CF50D8C828D83CF
:10724300800C850E0C850F0D850E82850F83E0F56E
:107253000EA3E0F50FE50E450F601A850E82850F2C
:1072630083A3A3780812149D8A828B83A3A378082F
:107273001212C250CD850C82850D83125C688A82FE
:107283008B83E50EF0A3E50F126A771268DD687051
:1072930002EB697003122F39EEA2E092AF0238FBC2
:1072A30074F4120BE0EAFEEBFF740C121510C082AB
:1072B300C0831270F0D083D08278081213648E8258
:1072C3008F83A3A3780812147F7CB67D1AEEFAEF9E
:1072D300FB122F5102390F74F7120BE0EAFE8C8276
:1072E3008D83A882A98312730FE58245836018EE0C
:1072F30065827003EB658370E9124EB188828983DE
:10730300125C68790180027900025510E0FAA3E06B
:107313008A82F5832274F7120BE0EAFEEBFFA2AF39
:10732300E433F508C2AF7CB67D1A122F5DE9700B0A
:107333007CB87D1AEEFAEFFB122F5D12717F687035
:1073430002EF697003122F39024127C082C0839074
:1073530005DD7470F0A374B1F0A3E0541FF0900541
:10736300E1741DF0A37442F0A37470F0A374B2F03F
:107373009005E7E0541FF09005E9741EF0A3741222
:10738300F08040C082C0831273CD00E5D6A2E150E5
:10739300F9E5B354F84406F5B343B301E5B3A2E307
:1073A30050FA801FC082C0831273CD00E5D6A2E1DC
:1073B30050F9E5B354F84404F5B343B301E5B3A27C
:1073C300E350FAD083D082021186EB9005DBF0EA1A
:1073D300A3F09005E07410F09005DFE054E0F07541
:1073E300D1FD75D6022274F7120BE0740912151041
:1073F3001278039005DBF0E8A3F0740B121510125A
:107403007803F9E89005E0F0E9F89005DFE054E04F
:1074130048F0EB9005E5F0EAA3F0EC9005E8F0ED19
:10742300FC9005E7E054E04CF075D1FD75D6020001
:10743300E5D6A2E150F975D1FB75D60400E5D6A2D5
:10744300E250F97F01020EE8C082C083122C2102B0
:1074530073C6C082C08353B38F43B340122C2D0233
:1074630073C674F4120BE08C088D09750A10750B42
:1074730000780A1211DC78081211DC1274921211CE
:10748300B9127A3CE5D1A2E250FA7F04020EE87CFD
:10749300107D00AA08AB09122C3374042274F01275
:1074A3000BE074E912126C7404121510E9F0740500
:1074B300121510ECF0A3EDF07404121510E0700334
:1074C3000277E77431121510E014C0E07407121547
:1074D30010D0E0F0742B121510E0F50EA3E0F50FB9
:1074E300E50E450F60097407121510E0D2E6F0743B
:1074F30004121510E024FE333354FCF874071215FC
:1075030010E048127C481211D87C0D7D00740B12D8
:107513001510127C3E1211B97427121510A3E0C086
:10752300E07415121510D0E0F07427121510E0C0A6
:10753300E07416121510D0E0F07C107D0079007411
:107543002F121510127808750C20750D00C3E50E67
:10755300940FE50F9400401DE50E24F2F8E50F3477
:10756300FFF9E854F02420F50CE439F50DE8540F45
:1075730060031277F77427121510E054F0F8A3E0B4
:10758300F9E50C28F50CE50D39F50D7427121510E6
:10759300E0540F60031277F7AA0CAB0D121BF574BE
:1075A30002121510EAF0A3EBF07402121510127810
:1075B30003F9E849700579100277E9740712123C60
:1075C3008808890978081211D87C107D0074051287
:1075D3001510127A5E1211B9740212151012780383
:1075E300C82410F582E438F583E50FF07402121510
:1075F30010127803C82411F582E438F583E50EF000
:107603007402121510E024121278694011742912C1
:107613001510127A541211D87C0E7D00801E7C0E38
:107623007D007900852182852283127808742912CE
:107633001510127A541211D8AC0EAD0F7403121533
:1076430010127A5E1211B9852182852283E0240EFD
:1076530012786950030276DFE50E24F2F50EE50F8A
:1076630034FFF50F850E08F50974047808121470B9
:10767300AE08AF09E50E1277EE12138A85080E7471
:1076830029121510E0240EF508A3E03400F509785B
:10769300081211D8AC0EAD0F7403121510127A5ED6
:1076A3001211B912784C603412781512138A7429A6
:1076B300121510E02508F8A3E03509F9E8240EF5C2
:1076C30008E439F50978081211D8AC0B7D0074036E
:1076D300121510127A5E1211B912782D7427121531
:1076E30010127A4374047808121470AE08AF097448
:1076F30027121510E01277EE12138A85080E8509FA
:107703000F7405121510127A541211D8AC0EAD0F66
:107713007403121510127A5E1211B912784C602D8F
:1077230012781512138A7405121510E02508F5084E
:10773300A3E03509F50978081211D8AC0B7D007464
:1077430003121510127A5E1211B912782D85218257
:10775300852283C082C0837402121510127803F944
:10776300D083D082E0C398F8A3E099F9E8650C7060
:1077730003E9650D600312176353B38F43B350746A
:107783002F121510127A67122C27780C1211DC7441
:1077930004121510120FB77C107D007433121510EC
:1077A300127A4B1211B953B3F87404780C12147093
:1077B300E50C24FFFEE50D34FFFF127A2D600B4329
:1077C300B301E5B3A2E340F280F853B38F85B3B3BB
:1077D30043B301E5D1A2E250FA7402121510127AF2
:1077E30067121BFB79007417027878540FF50B743A
:1077F30004780822E50C2410F50CE4350DF50D2270
:10780300E0F8A3E02212780C22E0FAA3E0FB121BBB
:107813004D227C107D007900852182852283127898
:107823000C8E088F097404780822852182852283AF
:10783300E0241012783A22F8A3E03400F98521827B
:10784300852283E8F0A3E9F022852182852283E063
:10785300250EF8A3E0350FF9852182852283E8F010
:10786300A3E9F0E50B2212783AC3E50E940FE50F76
:1078730094002274021211B97F08020EE874F01208
:107883000BE074DD12126CE9852182852283F0748A
:1078930001121510ECF0A3EDF0EAFEEBFF750E00FC
:1078A300750F007437121510127A43750A007808A1
:1078B3001211D87403121510E0FC7D007416121215
:1078C30044127C421211B97439121510E014C0E04D
:1078D3007403121510D0E0F08E088F097808121186
:1078E300D87C0D7D007407121510127C3E1211B95D
:1078F3007412121510E4F07411121510E4F07433BD
:10790300121510E0F50CA3E0F50D850C08F50974CC
:10791300047808121470AE08AF09E50C540FF50B88
:1079230060050EEE70010FE50C450D60508E088F5B
:10793300097404780812138AAA08AB09121BF58A82
:107943000E8B0FEA4B70057910027A287401121519
:1079530010127A541211D8AC0CAD0D127C421211D4
:10796300B9E50B6018F87410C398FC95E0FD790035
:10797300E50E250CFAE50F350DFB121B4D53B38FA6
:1079830043B3207403121244127C321211DC7415B7
:1079930012123C8808890978081211DC7C107D00DA
:1079A300743B121510127A4B1211B9127A3CE5D1BD
:1079B300A2E250FAEE4F604453B38F43B3307412D4
:1079C3001215107401F07403121244127C26121360
:1079D3008AAC08AD0978081211DC780E1211DCAA02
:1079E3000EAB0F12749A1211B953B3F8127A2D60B9
:1079F3000B43B301E5B3A2E340F280F8E50E450F74
:107A03006021850E08850F0978081211D8AC0CADDA
:107A13000D7404121510127A5E1211B9AA0EAB0F6F
:107A2300121BFB79007423027878EEF8EFF9E8244F
:107A3300FF1EE934FFFFE8492253B3F843B30122A1
:107A4300E0F508A3E0F50922127A67122C337404D7
:107A530022E0F508A3E0F509780822127A67121BE1
:107A630041740322E0FAA3E0FB2274F1120BE074E9
:107A7300DE12126C852182852283ECF0A3EDF0895E
:107A83000E7437121510E014C0E07402121510D0F2
:107A9300E0127C481211D87C0D7D0074061215107B
:107AA300127C3E1211B97411121510E4F074101205
:107AB3001510E4F07431121510E0C3950EF50BC4E4
:107AC300540FFE7F00740F550B60050EEE70010F0F
:107AD3007C107D0079007412121244121B4DA80B06
:107AE300852182852283E028F508A3E03400F50987
:107AF30078081211D8AC0E7D007415121244127C52
:107B0300421211B953B38F43B320740212124412B9
:107B13007C321211DC741412123C8808890978082B
:107B23001211DC7C107D007439121510127A4B127D
:107B330011B9127A3CE5D1A2E250FA8E088F09748A
:107B430004780812138AAA08AB09121BF58A0C8B56
:107B53000DEA4B70057910027C1C8E088F097404A2
:107B6300780812138AAC08AD09F9121B4D852182DE
:107B7300852283127A541211D8AC0B7D00AA0CAB68
:107B83000D127C421211B9EE604853B38F43B330E8
:107B930074111215107401F004121244127C26128F
:107BA300138AAC08AD0978081211DC780C1211DCC9
:107BB300AA0CAB0D12749A1211B9E5B354F844022E
:107BC300F5B3127A2D600B43B301E5B3A2E340F2A0
:107BD30080F8850C08850D0978081211D8AC0B7D47
:107BE300007403121510127A5E1211B9AA0CAB0DB0
:107BF300121BFB7435121510127A541211D8AC0EE5
:107C03007D00A80B7403121510E028FAA3E03400DA
:107C1300FB127C421211B9790074221211B97F0749
:107C2300020EE8122C278E088F097404780822129A
:107C33002C27750810750900780822AA82AB8312D5
:107C43001B41740322F08A088B09750A0078082205
:107C530074F2120BE0E9FF8C0C8D0D7005790002B4
:107C63007CE5740E121510E0C39FFE7416121510F6
:107C7300127A437418121510E0F50A780A1211E00B
:107C830078081211DC7417121510120FB77417123B
:107C93001510120FB77417121510120FB7EEF50A5D
:107CA300750B00780A1211DC122C4B740B1211B9EC
:107CB300E9F8702E7800800108E8C39F5024EEFD98
:107CC30074012DFEE8FAE5082AF582E43509F58307
:107CD300E0FCE50C2DF582E4350DF583E06C60D80E
:107CE30079017F06020EE874F0120BE074FE1212A3
:107CF3006C127E51121510E0FEA3E0FF741A1215E8
:107D030010127E34121510127E3E1211E0780C12FE
:107D130011DC850E0A850F0B780A1211DC741D1213
:107D23001510120FB7741D121510120FB78E0A8F8C
:107D33000B780A1211DC741D121510127E2E740BAF
:107D4300121510127E4B122C4B740B1211B9E9F958
:107D53007034E509F50A780A1211E0780C1211DC87
:107D6300780E1211DC8E0A780A1211DC74191215BE
:107D730010127E2E7407121510127E4B122C5174A2
:107D8300071211B9E9F902787674F0120BE074FE68
:107D930012126C127E51121510E0FEA3E0FF741A4A
:107DA300121510127E34121510127E3E1211E07855
:107DB3000C1211DC850E0A850F0B780A1211DC8E6A
:107DC3000A8F0B780A1211DC7419121510127E2E09
:107DD3007407121510127E4B122C5774071211B927
:107DE300E9F97044E509F50A780A1211E0780C12F2
:107DF30011DC780E1211DC741D121510120FB774FA
:107E03001D121510120FB78E0A780A1211DC741D99
:107E1300121510127E2E740B121510127E4B122C9B
:107E23005D740B1211B9E9F9027876E0FCA3E0FD69
:107E330022E0F50EA3E0F50F741C22E0F50CA3E09D
:107E4300F50DEBF50A780A22127A67A90822852133
:107E530082852283ECF0A3EDF08A088B0974142247
:107E6300C082C0837A207B00122369122BD3901B1C
:107E7300CBE064017003122BF7D083D0820211860A
:107E830074F6120BE0121B59EA9018E4F09018F5FF
:107E93007402F09018E87414F090190C740FF0A3A6
:107EA300F0901BC1E09018EBF0901BC0E09018E538
:107EB300F0901BBFE09018E6F09018ECE4F0A3F00C
:107EC3009018EF04F090194CF09018F07405F0A39B
:107ED3007401F090176EE09018F2F0901BB9E090E7
:107EE30018F3F0A3E4F0901BBDE09018F6F0901B9C
:107EF300BEE09018F7127F8EA3E4127F8E7C087D7C
:107F03000079007AFD7B18121B4D90190574FEF061
:107F1300A304F07C5C7D187A197B19121CEB901971
:107F230021E4F0901946740FF0A37403F0901865E0
:107F3300E090194AF0901864E0901949F0901BC33F
:107F4300E090194BF0901948E4F075084D75091944
:107F530078081211DC75080275090078081211DC23
:107F63007C007D007A897B00121C7F74041211B996
:107F7300E9600790194DE4F0A3F07900122A5F90AD
:107F8300194FE4F0A3F07F02020EE8F0A374FEF0B1
:107F9300A304F02202118674F6120BE0E9FEEAF85C
:107FA300EBF9EE241F600424F07013EC5430600EE0
:107FB300121B59EA540779002402F8500109E8FA20
:107FC300E9FB80C274F4120BE08A088B098C0A8DDA
:107FD3000B9083287808121161500C750896750967
:107FE30051750A18750B0090832C7808121364904E
:0C7FF3001AD7780812147F7F04020EE8F1
:1080000007000A000C000D000E000F001000110008
:1080100012001300140019001B00000101010002EE
:10802000010202040004010403040404050406041C
:1080300000050206030604060506060607060806EE
:1080400009060A060B060C060D060E060F0610069C
:1080500011061206130604070009000B010B020BA0
:10806000030BFFFFFFFFFFFFFFFFFFFF00FFFFFF0F
:10807000FFFFFFFFFFFFFFFFFFFFFFFFFFFFFFFF10
:10808000FFFFFFFF000000000000000000000000F4
:1080900000000000000000000000000000000000E0
:1080A0000000000500060008000900160002010299
:1080B0000203020003010301050205000601060494
:1080C0000B1406150617060007010702070307042D
:1080D000090009526573746F72696E672061747468
:1080E000726962757465732066726F6D204E5620DA
:1080F0007374617475733D25640D0A00706F72743A
:108100004E756D3D307825582070696E4E756D3D09
:1081100030782558206973507265737365643D2506
:10812000640D0A00000000000000000000000000D4
:10813000000000000000000000000000000000003F
:1081400000000000000000000000536176696E67C7
:10815000206174747269627574657320746F204E47
:10816000562077726974653D25640D0A0052656179
:1081700064424D4532383020743D256C642C2070AB
:108180003D256C642C20683D256C640D0A001A4462
:10819000495952755A5F41697253656E73655F52F2
:1081A000656C6F616465645F324E56207761732041
:1081B000656D7074792C2077726974696E672025FB
:1081C000640D0A0000000000000000000000000034
:1081D000000000000000000000000000000041500E
:1081E000505F524541445F53454E534F52535F4594
:1081F00056540D0A004150505F534156455F41545B
:108200005452535F4556540D0A00552EBB287B1718
:108210009926EF1E151D1D30471EC71633175265D0
:108220006164696E672066726F6D204E560D0A009C
:108230004150505F5245504F52545F4556540D0ABD
:1082400000415554482043422063616C6C65640DC5
:108250000A00000000000000000000000000000014
:1082600000004261736963526573657443420D0A8D
:10827000000C3230323630323138203634330000A0
:1082800003000204050403040D04000000000000C4
:10829000000000000000094566656B74614C616276
:1082A00000000000000000000000000000000000CE
:1082B000000000000000000000FFFFFFFFFFFFFFC5
:1082C000FFFFFFFFFFFFFFFFFFFFFFFFFFFFFFFFBE
:1082D000FF0508050008017405342E302E37820092
:1082E0003A003B000000008030750000B1AD010095
:1082F00000D4FEFF000400000000200001900100F7
:10830000010000199A99993FB03600000A00000058
:108310006400000014000000350C0000D0070000CD
:10832000000004001900000097511800FEFFFFFF35
:108330000000FF0008000000000000FF0020000017
:108340000400000019E0FCFFF8FF0000E71F030035
:108350003C000000FFFFFFFF0006FFFF352100008B
:1083600060F0FFFF00010000800000000500000039
:1083700000400000001000000008000002000000A3
:1083800048E80100F4010000A71900009001000076
:108390000600000000409C450000803A000020419B
:1083A0000000FA43018089440024744901800000E0
:1083B0001E000000030000000C000000010000008F
:1083C00000000000010000800048000010270000AD
:1083D00010000000983A000000000000008000003B
:1083E0000B000000C80000002B040C0088130000E4
:1083F00032000000E204000058020000AC0D000052
:10840000E8030000E9030000300000000200010161
:10841000030A040474F7120BE0E9901952F0901962
:1084200007E4F0121AFF90196AE4F0A3F0901953D0
:10843000F0A3F0122B6D1223D5122579121B059093
:108440001886E4F0A3F01222D302B0E774F0120B06
:10845000E074D312126C12D64F5480606690195299
:10846000E0F9121B778A088B09AF09EA4F604C7C50
:108470000080010CEC75F003A4F8A9F0749128F5C4
:1084800082743739F583E493F46029E493F88A829F
:108490008B83E06870DDEC75F003A4F8749228F526
:1084A00082743739F583E493C0E0740193F583D087
:1084B00082123157AA08EFFB121B6512EF7F64800E
:1084C0000288E9852182852283A3E05420601F125F
:1084D00029C98A088B09AF09EA4F600A1228E5AA60
:1084E00008EFFB121B6512EF7F64200288E98521EB
:1084F00082852283E0542070030287B07A207B00BB
:1085000012A4D1701A9019661214D5E8494A4B701A
:108510000E750801750900750A00750B00806D75F0
:108520000C00750D00750E00750F00121CD38A0823
:108530008B098C0A8D0B9019661214D5E8494A4BA9
:1085400060319019667808121161400E750CFF7544
:108550000DFF750EFF750F7F801985080C85090DBD
:108560008C0E8D0F901966780C1212547401780CD1
:10857000121223850C08850D09850E0A850F0BE55F
:10858000084509450A450B700302870D7C007904F4
:108590007A007B0012298D8A0C8B0DAE0CAF0D0278
:1085A0008653740212151074FFF0740312151074C0
:1085B000FFF0740412151074FF12A16FFAA3E0FB10
:1085C000740712124C128FADE9640170681288F5BD
:1085D0004480F8A3E0F97428121510E8F0A3E9121A
:1085E000E66FE0C0E0742A121510D0E012B35E54BA
:1085F0000860167428121510A3E04401128917C0F0
:10860000E0742C121510D0E0F012CC016011E824B7
:108610000B1288FFF87416121510E8F0A3E4F0901E
:1086200083D8120FB3740612124C740B1212441238
:108630009A4E1211B98E828F83A3A3A3A3A3A3A3DF
:10864000A3A37406128917F912296F740512151065
:1086500012DDBEEE4F700302870D7C007904EEFA46
:10866000EFFB12298D740512151012D6558E828FCC
:1086700083A3A3A3A3128C78E4F50EF50F780879F1
:108680000C1214504021EE2404F8E43FF985080C44
:1086900085090D8882F583C3E0950CF0A3E0950D64
:1086A00012ECDB70A6800C8E828F83A3A3A3A3E4BD
:1086B000F0A3F08E828F83A3A3A3A3A3A3A3A3A35A
:1086C000A3E064018E828F83A3A3A3A3A3A370203E
:1086D000E0540460030285A28E828F83A3A3A3A328
:1086E000A3A3A3A3A37406F07AB712890702864B4B
:1086F000A3A3A3A3E060030285A28E828F83A3A31A
:10870000A3A3A3A3A3A3A37401F002864B12295D24
:108710007C0079017A007B0012298DEA4B600312FC
:10872000C5127C0079047A007B0012298DEA4B7017
:108730001480458A828B83A3A3A3A312CBF1C3EE3B
:1087400098EF99400B8A828B83A3A3A3A312DDBE6B
:108750007C00790412298D8B0BA90BEA4970D4C3D4
:10876000E5089EE5099F500DC3EE9508FEEF9509BB
:10877000FFEE4F700C12C51290196612A66AF080B7
:1087800024EE2EFEEF338E08F509E4F50AF50B789A
:10879000081211D47A20128B1B1211B9121CD3901B
:1087A00019661214ED852182852283E064208037CA
:1087B000E05410600E1225B5852182852283E06485
:1087C000108024E05440600E1226278521828522E5
:1087D00083E064408011E05480601212249585216A
:1087E00082852283E06480FAA3E00288E9A3E05452
:1087F00001600B122B4312EF7F64010288E985218F
:1088000082852283A3E05408604012258590186475
:10881000E06401702D901865E06027F508E4F50923
:10882000F50AF50B908400780C12149D7808790CE9
:10883000120A7978081211D47A007B0812DE4D12E0
:1088400011B912EF7F64080288E9852182852283AD
:10885000A3E054106013901964E06005E4F0122561
:108860008512EF7F64100288E9852182852283A327
:10887000E05440603A90198B12CC08602B901BCBCF
:10888000E06401702390198C12C4BE123157901904
:108890009112CC08600612C4BE12315790840012A7
:1088A0000FB312DE491211B912EF7F6440803A858E
:1088B0002182852283A3E05402600A122B3D12EF2D
:1088C0007F64028024852182852283A3E054046092
:1088D0001B12CAE6901BDEE0640270031230A77917
:1088E00001129FC812EF7F6404FB80047A007B00B2
:1088F000742D02D65DEE240D129AE622E82406F5C8
:1089000082E439F583E0228E828F8312D99112EFAF
:1089100050E0F91228CD2212B363A3A3E022E8F0BD
:10892000A3E9F090190512B7C32274F7120BE07493
:10893000DA12126CEAFEEBFFEA4F602DAC21AD2299
:108940001229F37406121510E0601E741712151028
:10895000E0FD7401121510E0FCEEFAEFFB79001255
:108960002897E9600479A480027900742602B0E4B3
:1089700074F4120BE08A088B098A828B83A3A3A369
:10898000A3A3A3E0544060498A828B83128F806046
:10899000067AFF7BFF8016850882850983128AB5D7
:1089A00074FE6A700374FF6B7003028A6685088226
:1089B00085098312BF7C12D655122AA7E985088241
:1089C0008509837003028A7812AF83E4F0A3028AD8
:1089D0007C9018F2E0A2E14003028A668A828B83CF
:1089E00012DAAF12CA21A3A3128AACA3A312D51123
:1089F0008508828B83A3A3A3A3A3A3A3E054106041
:108A000004794080027900750AFE750BFF780A121E
:108A100011DC128AA2120FB7EAFCEFFD8508828BE7
:108A200083128AB512258B74041211B9EE6A700292
:108A3000EF6B600F128AA2E06A7003A3E06B600321
:108A40000289A0750A00780A1211E079028508826D
:108A500085098312B351FCA3E0FDEEFAEFFB122A65
:108A6000E974011211B97ECDEEFA85088285098379
:108A700012890BE96018802512EF98E4F07CC17D23
:108A80002885088285098312AA33E9FE70DAE50891
:108A9000450960097901AA08AB09122969EEF902B2
:108AA000A85AE50812C2403509F58322A3A3E0FACB
:108AB000888289832212B355FAA3E0FB2274F6124E
:108AC0000BE0E9FEEAFF7A0F7B00121B5FEA4B60C6
:108AD0001A8A828B83740CF0EEA3A3F0EF8A828B48
:108AE0008312AE4E12C9437900802BEEF9122993FE
:108AF0008B09A909EA49601C8A828B83A3A3A3A3DB
:108B0000A3A3A3A3A3740612AE57E0F9122639EE6D
:108B1000F912296F791002C2EC7A017B0090195288
:108B2000E0F9121CB574042274F2120BE0EAFEEBB9
:108B3000FF8C088D09890A740E121510128C788525
:108B40000C82F583E4F0A3F0EA128CA0601E8E8202
:108B50008F83128C9170158E828F83A3A3A3A3A3FE
:108B6000A3A3A3A312D7E612CA3B8003750A00EEA3
:108B7000241D12B34B14602E146043146060146003
:108B800068146048147003028C0C24FE7003028C7D
:108B900029147003028C32147003028C4514700384
:108BA000028C53028C69780C1211DCAC08AD09EE12
:108BB000FAEFFB12259D74021211B9028C4EAC081B
:108BC000AD09EEFAEFFB1225A3028C73128C8060C4
:108BD00003028C69EEFAEFFB1225EB028C73A90AF3
:108BE000EEFAEFFB122AEF8065EE241712B67064DE
:108BF000027076E50A700A12DCE17003A3E0697086
:108C000072EEFAEFFBA90A122A7D804212DCE170B3
:108C100003A3E0697053EE241712B6706402704922
:108C2000EEFAEFFB122A65804AEEFAEFFB122B6197
:108C3000804112DCE17003A3E069702DEEFAEFFBD6
:108C4000122AFB802EEEFAEFFBA90A122B07E9F598
:108C50000A8020901BCBE064017009EEFAEFFB1252
:108C60002B0D800F750A00800A750A007AD37B00ED
:108C7000122039A90A02A953E0F50CA3E0F50D2250
:108C80008E828F83A3A3A3A3A3A3A3A3A3128F87DF
:108C900022A3A3A3A3A3A3A3A3A3128F8764022247
:108CA000241DF582E43FF58312B355F9122A89E9B0
:108CB0002274F4120BE074D612126C8A088B098AA3
:108CC000828B83A3A3E0F91229938A0A8B0BAE0A45
:108CD000AF0BEA4F7003028DCB850882850983A311
:108CE000A882A983E0C0E0EA12BBE3D0E012ACD5D1
:108CF00064F16033850882850983A3E064CD602731
:108D0000850882850983A3E0641A601B8508828533
:108D10000983A3E064E9600F850882850983A3E0E5
:108D200064E16003028E938A828B83A3A3A3A3A32F
:108D3000A3A3E054087003028DD38A828B83A3A37C
:108D4000A3A3A3A3A3A3A3740512CC0EE064E960BC
:108D50004B90198712CC08600612C4BE123157908E
:108D6000198912CC0860359018F2E0A2E1502D8EDE
:108D7000828F8312CE25A3A3A312B685888289830E
:108D800012D50D122B9DEA4B60128508828509834E
:108D9000A3E0F990198912BF7C1231578E828F831C
:108DA000A3A3A3A3A3A3A3A3A3E0640270108E8232
:108DB0008F83A3A3A3A3A3A3A3A3A37406F08508EF
:108DC00082850983A3A3E0F912296F12295D742A11
:108DD00002A8577900122969E97003028E9390184E
:108DE000F2E0A2E1507E8E828F8312DAAF12CC06BF
:108DF00060728E828F8312D50D740412124C128F02
:108E0000AD850882850983A3E064E9701B128F6B2E
:108E10001211E0850882850983A3E0F50A780A1219
:108E200011E0128F901211B9740D12151012CBF5BA
:108E300012EC0D12CA3B7409121510E0600479405F
:108E400080027900740F12151012B685740D121578
:108E500010129A67600E8E828F83A3A3A3A3A3A38D
:108E6000E04420F0EE2404F50AE43FF50B8E828FF7
:108E700083A3A3A3A3A3A312B68585088285098330
:108E800012ACB5121B11850A82850B83EAF0A3EBA5
:108E9000028D49850882850983A3E0C0E07402122F
:108EA0001510D0E012F282F012C937E0C0E074036E
:108EB000121510D0E012E449E0AA21AB2270201272
:108EC00024DD7402121510E07018128F7C7031903E
:108ED000198712CC08602912C4BE123157800312C0
:108EE0002A837402121510E064E97014128F6B1259
:108EF00011E0750AE9780A1211E0128F901211B987
:108F00009018F2E0A2E14003028D9C8E828F83A331
:108F1000A3A3A3A3A3A3A3A3E0640270358E828FAF
:108F200083A3A3A3A3A3A3E054046026128F7C8E83
:108F3000828F83700F12BF7C74FFF0A312A4F374AE
:108F400005028DBDA3A3A3A3A3A3A3A3A37403029C
:108F50008DBD850882850983A3E064E96003028DE5
:108F60009CEEFAEFFB122B19028D9C8E828F8312DE
:108F7000B7C3E8FAE9FB750A01780A228E828F836B
:108F800012BF80128F872212EF89FB122AA7E922D3
:108F9000E50812E4563509F58312B19CA3A3A3A3F7
:108FA000A312D4F812AFCB122A29740222EA241E8B
:108FB000F582E43BF583E012CE0112AFCB1229F328
:108FC0002274F2120BE0EAFEEBFF750A007508004E
:108FD0008A82F583A3A3A3A3A3E06038750A0812CD
:108FE000D50079FF1226EDEA4B6010750A2C8E82AF
:108FF0008F83A3A3A3A3A3E0D2E0F08E828F83A3E9
:10900000A3A3A3A3E05403640160030290BC430A3A
:10901000110290BCEA241812B6706047EA241A12B2
:10902000B6706003F4701E8A828B8312DCE57003D5
:10903000A3E0697006750A220290BC901907E064EB
:109040000470798019EA241B1290D1241A12B67088
:10905000FAEE241912B670F91225FDE9705E750852
:109060000180598A828B83128C917003750A0112D8
:10907000DCE17003A3E0697006E50AD2E1F50AE5D8
:109080000A60158E828F83A3A3E07006E50AD2E5FD
:109090008004E50AD2E6F50A128C8064017006E5C8
:1090A0000AD2E0F50A8E828F83A3A3E0600EEE124F
:1090B0008CA064016006E50AC2E0F50AE50AA2E1B7
:1090C000400CE508A2E04006E50AD2E7F50A028C6A
:1090D00073F582E43FF58312B689EA2274F0120B2D
:1090E000E074C112126CEAFEEBFF852182852283B7
:1090F00074FEF0A304F07402121510E4F0A3F075EE
:109100000D00740712124C8A828B83A3A3A3A312AF
:10911000B1A412D50B1229F3E9700302936A780106
:109120007409121510E0C3940240027800740B1207
:109130001510E0C39402400278007410121510E07C
:1091400064F87003A3E0F4700302936A74101215BC
:1091500010E064F97003A3E0F4700302936A7410E2
:10916000121510E064FA7003A3E0F4700302936A2E
:109170007410121510E064FB7003A3E0F470030296
:10918000936A740A121510E0F99018F5E06960030B
:1091900002936AE8A2E0400302936A12CBE87426C5
:1091A00012151012B6B5241C12CBEB741412151044
:1091B00012CA3B740D121510E0601D741E121510BA
:1091C000E0FD7408121510E0FC8E828F8312D50B1F
:1091D0007901122897E9703B74071212441228DFB4
:1091E000E9F50C740D121510E0702D9018EFE06089
:1091F00027742259642260207442596442701474A6
:1092000024121510129A7B600F7424121510129AF2
:109210006060057ACF02936CE9A2E6505F9018F285
:10922000E0A2E17424501112151012B3511210680B
:1092300001010B5492006A9312151012B35124FDD0
:10924000601214600F24FD600B24FD600724FE6093
:109250000302936A7424121510129AAC700E7424CF
:1092600012151012C4BDA3E0640D60107407121231
:1092700044122AE3E964017003029A34129A4412F8
:10928000A1667003A3E069701F75080078081211C9
:10929000E078081211E0EE242F12B670F9129AB39A
:1092A000122A2974021211B9740D121510E07003FC
:1092B00002934D129AB3122B9D8A0E8B0FEA4B70BC
:1092C000030293747408121510E0F88E828F83A342
:1092D000A3E028F8A3E03400F9E8240D1288FFF891
:1092E0008A828B83A3A3A3E0686010E88A828B83C1
:1092F000A3A3A312AE47F0A3F0A3F079047408125D
:10930000151012A4CCE02AF8A3E034008882F5837B
:10931000A3AA82AB83121B538A088B098C0A8D0B7C
:10932000850E82850F83A3A3A3A378081211614041
:1093300003029A349083BC7808121364850E8285E8
:109340000F8312EFB6A3E50AF0A3E50BF09018F235
:10935000E0A2E14003029A34742B121510E060572A
:109360007412121510129A8F703F7AD37B0012205C
:1093700039029A3490194CE0640170D174241215AA
:1093800010129A7B7006E50CA2E640C17414121507
:1093900010E0F47003A3E0F4600CEEFCEFFD740742
:1093A0001212441228EB029A348E828F83A3A312E6
:1093B000BF7CA3E0C2E5F07418121510E06017122C
:1093C0009A5412EBFF1412F0C2129A39F874181260
:1093D0001510E8F07006E50CC2E7F50CE50CA2E309
:1093E000506B7402121510E4F0A37410F0E50CA297
:1093F000E25018740C121510E054E3F0740C1215BE
:1094000010E0131313541FF8E0802CA2E4502A74C8
:109410000C121510E01313543F5407F86009740739
:1094200068600B18E87007C3E50CC2E7F50CE83379
:109430003354FCF8E054E348F0740C121510E0C00B
:10944000E08E828F83A3A312AD93D0E0F090190732
:10945000E064046008E0640960030295217410125E
:10946000151012DCEE7003A3E06960197410121578
:1094700010128C9A600F740C121510E054036401E2
:109480006003029A347409121510E0703FEE242F25
:1094900012B670C0E07404121510D0E0129ADEC04B
:1094A000E07405121510D0E0129AD6C0E0740612CE
:1094B0001510D0E0129ACB120FB3740812124C742C
:1094C0000B121244129A4E1211B9805274241215C2
:1094D0001012CE1F7016741E121510E06402703E3A
:1094E00074071212447900122A7D803274241215F6
:1094F00010129A607014741E121510E06404701E2D
:109500007407121244122A71801474241215101256
:109510009AAC700A79007407121244122AEF029A68
:10952000347461550C7003029631E50CA2E050755D
:1095300012B67C740712124412262DE97064122AA6
:1095400023E9F50D7418121510E070157412121538
:109550001012ACB0241312B670687003A3E06960F7
:1095600044A90D12B67C7407121244122633E96026
:1095700026E50CA2E3500C85218285228374FFF03E
:10958000A38008741012151012F0BAF074021215AC
:1095900010E04404F0800EE50CC2E5F50C750D00FA
:1095A0008003530C9FE50CA2E5503DEE242F12B62C
:1095B00070C0E07404121510D0E0129ADEC0E0749E
:1095C00005121510D0E0129AD6C0E07406121510DC
:1095D000D0E0129ACB120FB3740812124C740B1213
:1095E0001244129A4E1211B9E50CA2E640030298F9
:1095F000E2A821A9228808890978081211DCA90D9E
:10960000129A711212441228D374021211B9E9F598
:109610000D70030298E2742412151012B351640104
:1096200060030298E27402121510E04410F00298F0
:10963000E27409121510E0640170597424121510B7
:1096400012B3516405701EA821A9228808890978DF
:10965000081211DC129A6F1212441228D3740212EB
:1096600011B9029A347424121510129AAC70257430
:1096700010121510129A8F601BA821A92288088940
:109680000978081211DC129A6F1212441228D3744E
:10969000021211B97418121510E070257409121510
:1096A00010E06401700C7424121510E0F8129AACEA
:1096B000600CEEFCEFFD74071212441228EB029AC4
:1096C00034122963E96003029A34741F121510E002
:1096D000700302976E742212151012B6857421124F
:1096E0001510E0FA7420121510E0F91225FDE9605A
:1096F000707421121510E0701B7410121510129A5C
:109700008112BCE4FAA3E0FB1223FFEA4B600302E0
:1097100098DC8042742212151012D50D7421121596
:1097200010E0F91225F712D64F7808740F121510B1
:10973000E060027810740E121510E06004740828BE
:10974000F8740C121510E0600108088E828F83A354
:10975000A312BFAC14F07402121510E0444002983A
:10976000DB75080078081211E0790B0298967410E6
:1097700012151012CA30740B121510E06003029813
:10978000B1E50CA2E350030298B17409121510E080
:10979000640160687900852182852283129B7A8B1F
:1097A00009A909EA49601C8A828B83A3A3A3A3A306
:1097B000E0640160478A828B83A3A3A3A3A3E06430
:1097C000026039129A4412B931FB122B9D8A828BA6
:1097D00083E58245836010129AA3600BC3940895B9
:1097E000E0C365D03340157412121510129A8F70B1
:1097F0000302988C740B1215107404F07400F508B1
:1098000078081211E07420121510AC82AD83741127
:1098100012151012D50D740C121510E0F9122663F2
:1098200074011211B9E960137402121510E044209A
:1098300012B6A2F812C4BDE0543FF0741F12151006
:10984000E06020741012151012B6857420121510E5
:10985000AA82AB831229ED12D64F7402121510E0C2
:109860004440F07409121510E06401601579007429
:109870001212151012B685741012151012D50D1291
:109880002603E50CA2E3503779408035750800784F
:10989000081211E07902741112151012B6857413B2
:1098A00012151012D50D122AE974011211B9029A7B
:1098B00034E50CA2E340030297FC74400297FE7962
:1098C00000741212151012B6857410121510129A27
:1098D0006760097402121510E04420F0122A23E98F
:1098E000F50D852182852283E064FE7003A3E0F4F8
:1098F0007003750D00901867E0640160030299879A
:10990000EE241312B670F47003A3E0F460797410BF
:10991000121510C3E094F9A3E094FF506A12CBE84B
:109920007412121510E0687003A3E0696059741294
:1099300012151012A84E8B09A909EA4960498A82BA
:109940008B83A3A3A3A3E06401600D8A828B83A30E
:10995000A3A3A3E06402702F7432121510740112D5
:10996000B7BA743D12151012CA3B74321212441267
:1099700023ABE960127435121510AA82AB8312244E
:1099800011E96003122009E50CA2E74003029A34B2
:10999000E50D7003029A348E828F83A3A3A3A312D2
:1099A000BBFF8A0E8B0FEA4B7003029A348E828FB4
:1099B00083A312D7D01211D88E828F83A3A3A3A31F
:1099C000E0FC7D0012A92A1211B97409121510E0E9
:1099D000C0E0742D121510D0E0F07430121510E4B0
:1099E000F0A3F0742D12123C88088909780812112E
:1099F000DC75080078081211E07405121510120FBA
:109A0000B7E50DF50878081211E012AC85120FB712
:109A10008E828F83A3A3A3A3E0F9740812151012FA
:109A2000C4C21229E174081211B9E96007AA0EAB89
:109A30000F121BFB743F02D65DC82406F582E43882
:109A4000F583E022EE242DF582E43FF583221224F3
:109A5000E3740422EE2402F8E43FF98882F58322BD
:109A600012BF82E064072212AFCB122597E9227958
:109A700000EE12AC8A12B68974092212B35564063C
:109A800022129A852212B7C785218285228322124B
:109A9000AFCB1223F3E9228A828B83A3A3A3A3A3D0
:109AA000A3A3A3A3A3E0F9122BBBE92212BF82E078
:109AB000640322EE242BF582E43F129AC412AC8A8E
:109AC00012AFCB22F58312B68DEE22F0EE2425F5EF
:109AD00082E43FF58322F0EE2431129AE622F0EE82
:109AE0002430129AE622F582E43FF583E02274F4F2
:109AF000120BE0EAFEEBFF8C088D09901864E06021
:109B0000138A828B8312DCE57003A3E0697005126F
:109B10002585806379008A828B83A3A3A3A3A3A353
:109B2000A3A3A3129B7A8A828B83E5824583602C50
:109B3000A3A3A3A3A3A3E054186021E508241C1247
:109B4000C92F120FB712C92B120FB7EE241812A487
:109B5000DE12BBE212D5201211B9801B79008E8271
:109B60008F83A3A3A3A3A3A3A3A3A312B69312BB00
:109B7000E312D50D1225AF02A85A12AFCB1226510F
:109B80002274F0120BE074E512126C8A0E8B0FEA4D
:109B90002402F50AE4350FF50B0A0AFB1224058AA4
:109BA000088B09AE08AF09750901850E82850F8300
:109BB000A3E0F50C750801AC0AAD0B74101215107A
:109BC000AA82AB83121CEB741812151074FEF0A35A
:109BD00004F0741A1215107402F0740D121510E4CA
:109BE000F0901885E0700EEE4F700AE50C70067567
:109BF00009C3029DC3901907E0640860067509C295
:109C0000029DBF850E82850F83A3A3A3A3A3A3A355
:109C1000A3A3A3E0A2E1500EA2E3500575080480BF
:109C20000C7508038007A2E35003750802EE4F701D
:109C300003029CBE8E828F83A3A3A3A3E06404606F
:109C40000D8E828F83A3A3A3A3E06403700C74041E
:109C50006508602C7403650860268E828F83A3A339
:109C6000A3A3E06402600D8E828F83A3A3A3A3E06D
:109C70006401703374026508600674016508701A27
:109C80008E828F83129ECB70358E828F8312CBF1A2
:109C9000741812151012CA3B80248E828F83A3A3DE
:109CA000A3A3E06402600D8E828F83A3A3A3A3E02D
:109CB0006401700312CF6F129EBE7E007F00741885
:109CC000121510E064FE7003A3E0F470441223B791
:109CD000E9703EE50C6019901C3B129ECB70119010
:109CE0001C3B12CBF17418121510E8F0A3E9802088
:109CF000850E82850F83A3A3A3A3A3A3A3A3A3A3DA
:109D0000E05402F91225C17418121510EAF0A3EB01
:109D1000F07418121510E064FE7003A3E0F47006EE
:109D20007509C7029DBFE50CF50A780A1211E08596
:109D30000E82850F83A3A3A3A3A3A3A3A3A3A3E03E
:109D4000F9E50E2402FCE4350FFD7419121510120A
:109D5000D50D12250774011211B9E9706290199599
:109D600012CC086011741812151012D50D901996A6
:109D700012C4BE123157A908E50E2402FCE4350FC7
:109D8000FD7418121510129FC18A0A8B0BAE0AAF10
:109D90000BEA4F601F7402650C700D8A828B83A3DF
:109DA000A3A3A3A3E0D2E3F0741A121510E4F07594
:109DB0000900800B741812151074FEF0A304F0E56E
:109DC0000C700A74051212441222BB8062901BDED2
:109DD000E070507401650C704A901852E07044E5D0
:109DE0000E2402F8E4350F12CA347402121510E47E
:109DF000F0901853E0C0E07403121510D0E0F07436
:109E000004121510E4F0741A121510E4F07C01A984
:109E1000087405121244122A6BAA21AB221224C51F
:109E2000029EB9AC0CA9087405121244122A6BE9FF
:109E3000F8EE4F6053E50C60208E828F83A3A3A3BE
:109E4000A3A3E0D2E6F07402650C700D8E828F83BE
:109E5000A3A3A3A3A3E0D2E5F0850E82850F83A37D
:109E6000A3A3A3A3A3A3A3A3A3E0A2E6500D8E8262
:109E70008F83A3A3A3A3A3E0D2E7F08E828F83A353
:109E8000A3A3A3A3A3E004F0E5097005E8602A609A
:109E90000AFC7D007A017B10121B0BEE4F6003124F
:109EA0009EBE7418121510E064FE7003A3E0F46007
:109EB00008741812151012CF73741B02D65DE50ECC
:109EC0002402FAE4350FFB1224112212AFCB122A1E
:109ED000C5E92274F7120BE074F712126CEAFEEB7C
:109EE000FF901907E06403600DE064016008E0641E
:109EF000096003029FB48A828B83A3E06003029F00
:109F0000907C007D007A027B00121B0B129FB98AA5
:109F10008212CBEF9018F812CA3B79531222AF90FD
:109F20001907E06409600312A6EE85218285228369
:109F3000740112C6FF9019077404F07401121244E0
:109F4000794A1222A9740112124C7AFD7B18121C54
:109F5000EB901766E0640B70057406F080057900DD
:109F6000129FC89018FBE064FE7003A3E0F4600D3C
:109F70007900740112124C9018FB129FC19018F2D4
:109F8000E0A2E35004D2F08002C2F012C6EC8021BD
:109F90008A828B83A3AE82AF83FC7D007A037B1021
:109FA000121B0B8E828F83E0F9129FC8901907E471
:109FB000F0122939740902B0E4EE2402FAE43FFBFE
:109FC0002212AFCB1223E12212AFC812250122C008
:109FD00082C08390188612CC087017901907E0246D
:109FE000FB6005146007800A90188D802F90188FF1
:109FF000802AE84960071288FC6401700C8A828B11
:10A0000083A3E0F91224E9801E901886E01288FDEF
:10A0100064027005122B31800E90198512CC0860F5
:10A020000612C4BE12315702C0E674F0120BE0747F
:10A03000E812126CEAFCEBFD8A82F583A3A3A3A3CA
:10A04000780812149D7808121430901908780812B4
:10A0500013D675097F75087F7900901908780C125E
:10A06000149DE9780C121223E50CA2E0502478002C
:10A07000901953800E8E828F83A3A3E0697001082C
:10A0800012B65E12B05F70EDE8C3950950048809FE
:10A09000890809E9C3941B40C18A828B83A3A3A3C7
:10A0A000A31214D5E8494A4B6070EC2404FEE43D49
:10A0B000FF8E82F5831214D59019081214E17C18D2
:10A0C0007D007900AA21AB2212E6671214D5852102
:10A0D000828522831214E174041215107401F09029
:10A0E000190EE0C0E07405121510D0E0F0740712EC
:10A0F000151012A25A806A90190512D50D12253139
:10A100008A0A8B0BA80AA90B901905EAF0A3EB1297
:10A11000A16F687003A3E069602690195312B05FC5
:10A12000601E8E828F8312A1667003A3E069700B9C
:10A130008E828F83A3A3E0650860BC12B65E80DDCB
:10A14000E5089018FAF0122915E96015901907E44E
:10A15000F090189112CC08600879C412C4BE123174
:10A1600057741802D65D12B7C3901905E068221221
:10A17000B6ADE02274F4120BE074E812126C8A821D
:10A180008B83A3A3A3A3A3A3A3A3A312CBF1E8FA56
:10A19000E9FB7900901908780812149DE9780812F3
:10A1A0001223E508A2E05032E9FCEA2CF582E41221
:10A1B000CE13F8901C3AE0C398501F75080175093A
:10A1C00000750A00750B00E9780812114278081230
:10A1D000143090190878081213D609E9C3941B406B
:10A1E000B39019081214D5E8494A4B604A7C187D8F
:10A1F000007900AA21AB22121B4D9019081214D528
:10A200008521828522831214E174041215107401D1
:10A21000F074071215107401F090190EE0C0E0748C
:10A2200005121510D0E0F0740712151012A25A9002
:10A2300019077406F0801E901907E4F0FCFD7A04FB
:10A240007B10121B0B90189112CC08600879C41275
:10A25000C4BE123157741802A857E412C85C122207
:10A26000C12274F5120BE074D112126C8A088B09AA
:10A270008A828B83A3A3A3A3A3A3A3A3E0C3940F66
:10A28000500302A4C78A828B83A3A3A312DDBE74EA
:10A290001C12124C8A828B83A3A3A3A3A3A3A31291
:10A2A000B19712D50812294B741C121510E0702EAC
:10A2B000850882850983A3A3A3A3A3A3A3A3E0C3C3
:10A2C000940B401A8E828F83A3A3A3A3A3A3A3A35B
:10A2D000E064027009EE240B12B670F4600302A46D
:10A2E000C7741E121510E060076402600302A4C761
:10A2F000901907E06402700302A3B8E064067003DB
:10A3000002A3B890188612CC08600A1288FC640177
:10A31000700302A3E2901907E064086008E0640497
:10A32000600302A4C7741E12151012A4CCA3A3A329
:10A33000A3A3A3A312DDBE901886E049600712888C
:10A34000FC64026069901905E06E7003A3E06F6021
:10A350000302A4C774016A60117423121510AC8241
:10A36000AD8312ED11600302A4C77A007B0212A430
:10A37000D1600302A4C79019081214D585218285E3
:10A3800022831214E190190EE0C0E074041215103B
:10A39000D0E0F074051215107401F0740612151057
:10A3A000740212C85812247DE9600302A4C4EEFAB4
:10A3B000EFFB122B2B02A4C790188612CC08702238
:10A3C00075080078081211E078081211E0EE2410E8
:10A3D00012A4DE8E828F8312D50D122A29740212E6
:10A3E00011B98E828F8312CBF17407121510E8F029
:10A3F000A3E912A4F312CBF1740912151012B6B529
:10A400001288F6C0E0740B121510D0E0F0EE240BA9
:10A4100012E158740F7808121470740C121510E5BC
:10A4200008F07420121510E0C0E0740D121510D061
:10A43000E0F07422121510E0C0E0740E121510D076
:10A44000E0F0741D121510E0C0E07410121510D069
:10A45000E0F0741E121510E0C0E0740F121510D059
:10A46000E0F0EE241012B670C0E07411121510D096
:10A47000E0F07421121510E0C0E07412121510D033
:10A48000E0F0742E121510E0C0E07413121510D015
:10A49000E0F07423121510A982AA8389088A09752D
:10A4A0000A0078081211D87C087D00741712151064
:10A4B000AA82AB8312A92A1211B97407121244128C
:10A4C00024FB8003122483742F02B37312BBDAA31C
:10A4D00022901952E0F9121CC7EA4B4C4D22129AF5
:10A4E000E6F98E828F83A3A3A3A3A3A3A3A3A3129E
:10A4F000B6892212A4F72212B367A3A3A322C082B3
:10A50000C08374C912126C122B49901907E06408B9
:10A5100060259038A1E4939018E9F09038A1E49375
:10A520009018E7F09019107401F0A312A66A04F0D5
:10A53000A3E4F0A3F0A3F07C237D0079007414124F
:10A540001244121B4D901918E07009741E12151058
:10A5500074018006741E121510E412D996740FF05F
:10A56000901C3912C85879461222AF740112151086
:10A57000E4F0901BB8E0C0E07402121510D0E0F0D7
:10A580009018F5E0C0E07403121510D0E0F07404E8
:10A59000121510E4F07405121510E4F0740712158A
:10A5A00010E4F0901918E0C3940F500CE0C0E07470
:10A5B00006121510D0E080077406121510740FF003
:10A5C0007C197D197408121510AA82AB83121CEB3A
:10A5D0007C037D0079FF7410121510AA82AB8312E0
:10A5E0001B4D901951E0C0E07413121510D0E01209
:10A5F000C89B740112124412C82D122A5990190CCA
:10A60000E0C0E0741C121510D0E0F090190DE0C00D
:10A61000E0741D121510D0E0F09018FAE0C0E0745C
:10A620001A121510D0E0128922741812151012CACD
:10A630003B7420121510E4F090190FE0C0E0741F75
:10A64000121510D0E0F07434121510E4F0742912D1
:10A650001510E4F07AF87B18795312C6DF741412DF
:10A6600012441222C7743702B7A1E4F0A3F0A3F09A
:10A67000A322C082C0838A828B83A3E090190760E3
:10A6800004E4F080667408F0901918E070229018C5
:10A690009112CC086008790012C4BE12315790198B
:10A6A0000512B6857A057B00121B0B12A6EE801FE1
:10A6B00079001224F59018F812B6857A067B0012FC
:10A6C0001B0B9018FB12B6857A047B00121B0B90B3
:10A6D000198B12CC086014901BCBE06401700C90B5
:10A6E0008400120FB312DE491211B902C0E612AF94
:10A6F000C8122B972202118674F2120BE074F81222
:10A70000126C8A0A8B0B8C0C8D0D89089082C1AC5F
:10A7100021AD227408121102C200AC0AAD0BAA21AD
:10A72000AB2212ED157002D2009019538013AC0ABF
:10A73000AD0BEE240BFAE43FFB12ED15701B12B6C5
:10A740005E12B05F601EA20040E48E828F83E065DF
:10A750000C7004A3E0650D70E58E828F83A3A3E0E7
:10A76000650870DAEEFAEFFB740802A950C082C0E7
:10A770008390195302C0E3C082C083901953E4F060
:10A78000A302AA1874F7120BE090195312EF8580F8
:10A790000FEA2414F582E412DDBB121BFBEEFAEF84
:10A7A000FBEA4B70EC901953E4F0A3F002B0E774AD
:10A7B000F4120BE08A088B09EA12C92DE0640370D9
:10A7C0000DEA240BFAE43509FB122405800DE06440
:10A7D00002707212A847350912A84C8A0A8B0BAE78
:10A7E0000AAF0BEE4F605E850882850983A3E07097
:10A7F0000D8E828F83A3A3A3A3A3A3E4804664F159
:10A80000600C850882850983A3E064E1701E8E8256
:10A810008F83A3A3A3A3A3A3E06401700F12CF6F40
:10A82000E508240BFAE43509FB1224118E828F838C
:10A83000A3A3A3A3A3A3E0600C8E828F83A3A3A3EF
:10A84000A3A3A314F08013EA12E41922F58312AF34
:10A85000CB1223FF2274091211B97F04020EE8748F
:10A86000F2120BE08A0C8B0DEDFF890B8A828B8331
:10A87000E08C828D83F0A3A882A9838A828B8312C5
:10A88000A93012AE41E0C454F0FA88828983E04ACC
:10A89000F0EC2402F8E43FF9850C828B83A3A31229
:10A8A000A93012A943E0333354FC12A937E0333303
:10A8B0003354F812A937A3E0A2E0E4331313FA8863
:10A8C000828983E04AF0EC2403FE50010FE50C245A
:10A8D00007F508E4350DF509750A0078081211D856
:10A8E0007C087D00EEFAEF12A9291211B9EE2408B6
:10A8F000FE50010FE50C240FF508E4350DF509783D
:10A90000081211D87C037D00EEFAEF12A92912116A
:10A91000B9E50BC3940F400BE50C12B7A8350D1227
:10A92000C246F0802EFAE4350DFB121B417403225F
:10A93000A3E08882898322FA88828983E04A12A967
:10A9400043A322F0850C828B83A3A3A3A3227403C9
:10A950001211B97F06020EE874F2120BE0EBFF8CC5
:10A960000C8D0D8A82F583E08C828D8312CA2CA314
:10A97000A882A983E012C08512ACD4C412C07FF0B3
:10A98000EA129A55E012C08C12ACD2A2E2E4338CE7
:10A99000828D8312ACD1131313541F12C085A312DE
:10A9A000ACD1A2E7E4338C828D83A3A3A3A3A3A39A
:10A9B000F0EA2403FE50010FF5088F09750A0078AC
:10A9C000081211D87C087D00E50C240712A9251275
:10A9D00011B9EE2408FE50010FF5088F097808120E
:10A9E00011D87C037D00E50C240F12A9251211B9A2
:10A9F0008E828F83A3A3A3E0C0E012F1CDD0E0F05C
:10AA000002A953C082C083E99019657003E48002F3
:10AA100074018004EAF0A3EBF002C0E6E0F902C0A2
:10AA2000E6C082C0837CC17D288A828B8312AA33D0
:10AA300002C0E612AFCB1222CD2274F6120BE090C8
:10AA40001965E0701B7C0079017A007B0012298D6A
:10AA5000EA4B600C8A828B8312CC0860031228C7F1
:10AA600002C2ECC082C08312AEF2401079FF1229FC
:10AA700087E9F890389DE493C398500479018002E7
:10AA8000790002C0E674F2120BE08A0A8B0B890986
:10AA9000C2008A828B83A3A3A3A3A3A3A3A3E0F9E9
:10AAA0001229938A0C8B0DAE0CAF0D750801EA4F7D
:10AAB000600302AB6E850A82850B83A3A3A3A3A3C5
:10AAC000A312B685850A82850B83A3A3A3A3A3A3A0
:10AAD000A312ACB512297B8A0C8B0DAE0CAF0DEA1C
:10AAE0004F700302AC7D8A828B83A3A3A3A3E4F0FF
:10AAF000A3F0E50A240CFAE4350BFB8A82F583E027
:10AB0000C0E012D15FD0E0F0E50A240D12ACA9122A
:10AB1000D7C312CA3B122AB312B66812D655E50A39
:10AB2000241112ACA912C23912CA3BE50A2413122D
:10AB3000E04CC0E012AC85D0E0F0D200EE2406F884
:10AB4000E43FF912AC9C12ACD55404600302ABE3B1
:10AB5000901BB6E0F50A750B007407780A12138A89
:10AB60008E828F83A3A3A3A3A3A312AC93F08E82A0
:10AB70008F83A3A3A3A3A3A3E0F50AA3E0F50B741B
:10AB800007780A121470E50A5407FCE50960648E20
:10AB9000828F83A3A3A3A3A3A3A3A3A3740212A13D
:10ABA0006F12AF88E05404600B9018F312BCDEA360
:10ABB000A312CA3BEC700302AC54EE2406F8E43F47
:10ABC000F9E8FAE912AC9CF0EC24FFF50AE434FF52
:10ABD000F50B7407780A12138A8A82898312AC9360
:10ABE000F080718E828F83A3A3A3A3A3A3E04480EC
:10ABF00002AB6DEC700575080080598E828F83A3BF
:10AC0000A3A3A3A3A3E05420600C121B59EA547F12
:10AC10007900245F80198E828F83A3A3A3A3A3A3AB
:10AC2000E05410601A121B59EA540F7900240A509C
:10AC300001098E828F83A3A3A3A3F0A3E9800D8EC5
:10AC4000828F83A3A3A3A37401F0A3E412A4F374DB
:10AC50000412AF01A20050288E828F83A3A3A3A366
:10AC600012D329F9EEFAEFFB122981E9601212CC16
:10AC700001600312ACC2EEFAEFFB121BFB75080079
:10AC8000A90802A953EE12AC8A222413F582E43FEC
:10AC9000F58322E0450AF0A3E0450B228882F58384
:10ACA000E0547FF0A3E054FC22F582E4350BF583F9
:10ACB00012B7C3EE22A3E0F9850A82850B8312AF97
:10ACC000CB2212ACC912B21E22EE12E0463FF5832F
:10ACD00022A3A3A3A312E146E02274F4120BE074B2
:10ACE000F712126C7E00122993EA4B700302AD8EAC
:10ACF0008A828B83A3A3A3A3A3A3A3A3A3E0640635
:10AD0000600302AD8E8A828B83A3A3A3A3A3A3A314
:10AD1000E0FF8A828B8312AD93E0C0E074081215C5
:10AD200010D0E012B1C912CA311229B1EF54086033
:10AD30005B85218285228312B6857A007B001229E9
:10AD400075EA4B704712F1D87C007D007A007B00D9
:10AD500080268E828F8312B351F47003A3E0F460D7
:10AD60002B90190512B6858E828F8312B1AB601CB1
:10AD70007C007D00EEFAEFFB1229758A0A8B0BAE80
:10AD80000AAF0BEE4F70CB79001222E57E01EEF98F
:10AD900002A85512D9912408F582E438F58322C01F
:10ADA00082C0838A828B83E5824583700990196A09
:10ADB00080068A828B83A3A312AFC260208A828B13
:10ADC00083A3A3A3A3A3A3A3E0540860E5EC4D6071
:10ADD0001012B00E7003A3E06D70D780047A007B70
:10ADE0000002C0E674F2120BE08A088B09890AECB3
:10ADF000FEEDFF7A147B00121BF5EA4B60378A8266
:10AE00008B83A3A3A3A3A3A3A3A3A3E412AE57E599
:10AE10000A12B1B5EEF0A3EF12AE4712B1D012AEE6
:10AE20004E8A828B8312EFBAEA240F12AE38A31235
:10AE3000AE41F0A3F002A953F582E43BF583E4F0C0
:10AE40002212EFA8A3A32212B1BBE4F0A322A3F025
:10AE500012E41812AE3B2212AE5B2212B1BFA3A3C2
:10AE6000A3A32274F5120BE0EAFEEBFF890A8C081B
:10AE70008D09EA4F60777401697012790112298790
:10AE8000E9F89038A0E493C3985015800A740469D7
:10AE9000700912AEF2500979118054740269704D34
:10AEA0008E828F83A3A3A3A3A3A3A3A3A3E50A12C4
:10AEB000B6AD12EFB68E828F83A3A3E4F0A3F09019
:10AEC000196A12CC086018800312CBF1888289833A
:10AED000A3A312AFC288828983A3A370EC800390DE
:10AEE000196AEEF0A3EF12AF017900800279C10276
:10AEF000B3767904122987E9F890389FE493C398D0
:10AF000022F07A207B00901952E0F9121BA122C096
:10AF100082C083E9F8790090196A801D8A828B8348
:10AF2000A3A3A3A3A3A3A3A3A3E068600574FF68DE
:10AF30007001098A828B83A3A312AFC270DE02C0A4
:10AF4000E674F7120BE0EA4B700590196A80068AE6
:10AF5000828B83A3A312AFC260228A828B83A3A3B6
:10AF6000A3A3A3A3A3A3A3E06970E4EC60128A8265
:10AF70008B8312AF83E0540470D580047A007B0089
:10AF800002B0E712AF8722E0F8A3E0C8240DF582F3
:10AF9000E438F58322C082C08390196A80068A82D1
:10AFA0008B83A3A312AFC260128A828B83A3A3A355
:10AFB000A3A3A3A3A3E06970E580047A007B000249
:10AFC000C0E612AFCBEA4B2290190512EF89FB22A3
:10AFD00074F7120BE0EAFCEBFD90196A80068A8296
:10AFE0008B83A3A312AFC2601E12B00E7003A3E046
:10AFF0006D70EB8A828B8312DAB512EF75A3E0A233
:10B00000E0E43370D980047A007B0002B0E78A82E2
:10B010008B8312B3556C2274F2120BE08A0A8B0BED
:10B020008C0C8D0D750800750900EA4B602A90198B
:10B030006A80068E828F83A3A312B05F601AAC0C65
:10B04000AD0DEEFAEFFB850A82850B83123157E9CD
:10B05000640170DF8E088F09AA08AB0902A953E0CA
:10B06000FEA3E0FFEE4F22790002118674F7120B67
:10B07000E090196A12CBF17C007D00800DE8FCE9BC
:10B08000FD88828983A3A312CBF1E8496030EA6886
:10B090007002EB6970E790196A12D50DE86A7002C8
:10B0A000E96B88828983A3A3700812CBF190196A97
:10B0B000800912CBF18C828D83A3A312CA3B802717
:10B0C00074F7120BE0EAFEEBFFEA4F60151229ABB2
:10B0D00012B20A12CC01600312ACC2EEFAEFFB12FC
:10B0E0001BFB80031211B97F01020EE874F6120BEC
:10B0F000E08A828B8312BF7C12E15E90196A12CBC8
:10B10000F17D007C00803488828983A3A3A3A3A35C
:10B11000A3A3A3A3E0640570190C88828983E0FED1
:10B12000A3E0F5838E82E065087004A3E0650970F2
:10B13000010D88828983A3A312CBF1E84970C890DE
:10B14000389BE493F8EDC398500890389A12E5E3E1
:10B15000400F8A828B83A3A3A3A37401F0A3E4808E
:10B160000C9018F3E0F812B197E8F0A3E912B1D00F
:10B17000740512B1B5A3E0440812B1C9F47003A379
:10B18000E0F4600B90190512D4F412B1AB7005799C
:10B19000011222E502C2ECA312B19C2212B1A4A3B7
:10B1A000A3A3A322E0F98A828B832212AFCB1230B1
:10B1B000DDE9641A2212B1BBA3A32212B1BF22F0AF
:10B1C0008A828B83A3A3A3A32212EFA812B35522D2
:10B1D00012AE5BA32274F6120BE090196A12DDBE68
:10B1E000801A8E828F83A3A312E15E12B20A12AC80
:10B1F000C2EEFAEFFB121BFBAE08AF09EE4F70E296
:10B2000090196AE4F0A3F002C2EC8E828F8312DA06
:10B21000B3F58312B21E8E828F8312B21E2212EFFA
:10B2200089FB121BFB22C082C083EAFCEBFDEA4DC6
:10B230006017EA24FBF582EB34FF12CC067007128C
:10B24000B27BE0F46007121B657905802B901952E0
:10B25000E0C0E012B27BD0E0F0903891E493F97A4C
:10B260006C7B19121B9BE96401700B7A007B201226
:10B27000C51679008002790402C0E6EA24FFF5824F
:10B28000EB34FFF5832274F4120BE0A2AFE433F544
:10B2900008C2AF90196C12B05F6038EE24FBF582E3
:10B2A000EF34FF12CC067A007B2090195260051211
:10B2B000C5198005E0F9121BA7E4F50AF50B780A19
:10B2C0001211DCEEFCEFFD7A6C7B19121B957402F7
:10B2D0001211B9E508A2E092AFEEFAEFFB02A85A0C
:10B2E00074F5120BE08A088B09750A0090196A80C0
:10B2F000518E828F8312B35165087004A3E06509F3
:10B30000703A8E828F83A3A3A3A3E4F0A312B35E4B
:10B31000540460118E828F83A3A3A3A3A3A3A3A32A
:10B32000E0F91226398E828F83A3A3A3A3A3A3A33C
:10B33000A3A37406F07AF0128907050A8E828F8320
:10B34000A3A312B05F70AAA90A802BF582E43FF58F
:10B350008312B3552212F0CFF5838882E02212B314
:10B3600063E02212B36722F08E828F83A3A3A3A38C
:10B37000A3A3221211B97F03020EE874F0120BE0AE
:10B3800074D412126CEAFEEBFF750A00750B00759F
:10B3900008FE7509FF122963E9600302B651EE2425
:10B3A0001512B670603E901BD3E0C43354E0F8E051
:10B3B000333354FC48C0E012C22FD0E012B6A2FAD8
:10B3C000A3E0FB79FF1226EDEA4B6015750A0175C3
:10B3D00008FF12B66D4404F0EE241512B670D2E0E8
:10B3E000F0750B408E828F83128C8B6006EE2412D8
:10B3F00012CA14EE241312B670700D90388DE493B7
:10B40000C0E012AC85D0E0F08E828F83E0A2E750DE
:10B410000454038019EE241412B67070129018E4CC
:10B42000E0C0E012B65ED0E0F09018E4E004F01264
:10B43000EF6C7016901BBAE0600D9018EFE0700A88
:10B440008E828F83E0700312CA119018F2E0A2E19D
:10B450005039E50AA2E040188E828F83128C8B60EF
:10B460002A8E828F83E06008EE240B128CA2601B70
:10B4700012B66D5440700302B602EE241312EF6F41
:10B48000600302B60212B66D54FBF08E828F83E029
:10B4900064017010EE240B12B34B6402700612B6F6
:10B4A0006D4440F012B66D5440600302B561E50A88
:10B4B000A2E0500302B5619018F2E0A2E14003025D
:10B4C000B561E50BF50A780A1211E0EE2406FCE4FA
:10B4D0003FFD8E828F8312D50BEE241212B670F9C7
:10B4E00012266374011211B9E9600CEE241212CA1B
:10B4F0001412B66D4420F08E828F83A3A3A3A3A35E
:10B50000A3E06037EE240212BBEA12B6932407FAD6
:10B51000E43FFB1229ED8A088B09850E82850F8393
:10B52000E06A7003A3E06B700C8E828F83A3A3A3E9
:10B53000A3A3A3E4F012B66D4440F08E828F83E0A3
:10B5400064016008A90B12B697122603A90B8E821C
:10B550008F8312B697122597E9600612B66D4420C4
:10B56000F0AC21AD22EEFAEFFB1229E78A0A8B0B31
:10B5700074FE6508700474FF650970098E828F83FC
:10B58000A3A312E15EEA4B700302B6558E828F834D
:10B59000E0C0E07401121510D0E0F0740412151030
:10B5A000EEF0A3EFF0EE241E12CBEB740212151096
:10B5B00012CA3B740112123C880C890D780C1211CE
:10B5C000DCEE242012B6741211E012B668120FB726
:10B5D000EE240E12B6741211E09018F8120FB77420
:10B5E00008121510E0F9AC08AD091229E17408122F
:10B5F00011B9E9FE74106E705EAA0AAB0B121BFB48
:10B600008055EE241312B670C0E07417121510D0D6
:10B61000E012EFAE740F12151012B6B5240412EF3B
:10B620006112CBEF741112151012B6B5241412B6B4
:10B6300070C0E07418121510D0E012E44412B1A4E6
:10B6400012B6857406121244122633E9600302B45E
:10B650008B791180047E10EEF9742C02D65DEE24F5
:10B6600014F582E43FF58322EE12ACCA22EE240FD9
:10B67000129AE622129AE6F50C780C22EE2413F5C3
:10B6800082E43FF58312B6892212B68D22E0FCA334
:10B69000E0FD22129AC622A3A3A3A312D33512AFB0
:10B6A000CB2212B6A62212B6ADA3A3E022F08E8260
:10B6B0008F8322A3A312CAFFEE22C082C08374D755
:10B6C00012126C908124740312124C74261211020F
:10B6D0008A828B83A3A3A3A312CBF1740E1215103D
:10B6E000E8F0A3E912B7BA740C12151012B7B5241A
:10B6F0000DF582E412CE13C0E0741A121510D0E0DA
:10B70000F012D3AB12CBEF742012151012B7B51292
:10B71000D97D12CE13C0E07408121510D0E0F0EA03
:10B72000241CF582E43B12CBEF741212151012B7F1
:10B73000B512C24012CE13C0E07409121510D0E049
:10B74000F012B7A712CE13C0E07407121510D0E0A4
:10B75000F012B7AE3B12CBEF742412151012B7B52E
:10B760002420F582E412CE13C0E07426121510D006
:10B77000E012D99674FFF0740112151074FFF07482
:10B780000212151074FFF09083D8120FB3740412D4
:10B79000124C7407121244129A4E1211B9790074A5
:10B7A000291211B902C0E6EA2412F582E422EA2441
:10B7B0001EF582E42212CAFFEA2212EFA8A3A31206
:10B7C000B7C32212B7C72212F0CFF92274F0120BBE
:10B7D000E074EC12126C8A0E8B0F8C088D09890CA8
:10B7E0007F107A217B00121BF5852182852283EA56
:10B7F000F0A3EB12D7DEE849700302B92A7E007C81
:10B80000217D007900852182852283E0FA121B4D7B
:10B81000AA08AB091223FF742712151012CBF1EA04
:10B820004B60238A828B83A3A3A3A3E06401600DF2
:10B830008A828B83A3A3A3A3E064037009E8544026
:10B840007004740449F9E9540460027E01901905FA
:10B8500012B93112EF57ECF0A3EDF0742412151069
:10B8600012D50D7411121510EAF0A3EB12B93E12A5
:10B87000A8483AF583740212B93E2408F582E43AE6
:10B88000F583740212D1A6FAA3E0F5838A82E50853
:10B89000F0A3E50912B93E12B7AF3AF583E50CF013
:10B8A0007426121510E0F50812EF7FCA12E4563A1A
:10B8B000F583E50812B93E241FF582E43A12D862F6
:10B8C000740612151012CA3B7408121510E508F020
:10B8D000742A12151012BF7CC082C083740C12151A
:10B8E00010AC82AD83D083D082740512110274290A
:10B8F000121510E0C0E07413121510D0E0F0EEF94C
:10B90000AA21AB22122969E964017015EEA2E05068
:10B910000CA908122993EA4B60031229B77F008013
:10B920000985218285228312ACC5EFF9741402D6F1
:10B930005D12B68985218285228312EF892212D178
:10B94000AAFAA3E0CA2274F0120BE074FF12126C80
:10B95000EAFEEBFF8C088D098A82F583A37408F058
:10B96000EA241612B67060088A828B83A37410F0E2
:10B97000EA241712B67060098A828B83A3E0240838
:10B98000F0EA241512B67060088A828B83A3E00463
:10B99000F08A828B83A3A3A3A3A3A3E060198A8266
:10B9A0008B83A3A3A3A3A3A3A3E0C3332402F88A96
:10B9B000828B83A3E028F0EA241112B670852182DD
:10B9C0008522836004740E8001E4F0EA2423F5826A
:10B9D000E43FF58312D1A5F98A828B83A3E0F8EACC
:10B9E0001288F628298C828D83F0EA241112B67011
:10B9F00060139018F0E0F912289DE9F88508828517
:10BA00000983E029F0850882850983E0C3947540A5
:10BA100009750C00750D0002BBD112BBFF8A0C8B9F
:10BA20000DEA4B700302BBD18E828F83E0FA90182F
:10BA3000F512BC2A7402780812138AEA4508FAAB98
:10BA400009EE241212BC247406780812138AA8087E
:10BA5000EA48FCEBFDEE241512B670600478018014
:10BA6000027800EE2416FAE43FFBE4C8F9ED49FD44
:10BA7000EE241112B670F5088809740978081213BB
:10BA80008AED4509FD8A828B8312BC2A740B7808E3
:10BA900012138AED4509FDEE241712BC24740C78AC
:10BAA0000812138AED4509FD8E828F83A3A3A3A3F9
:10BAB000A3A312BC2A740A780812138AED4509FD63
:10BAC000EE242312BC24740D780812138AED450964
:10BAD000F9EC850C82850D83F0E9A3F0EE240212C7
:10BAE000BC0712BC41F0EE240412BC07A3A312BC95
:10BAF00041A3A3F0EE241312BC17F0EE241412BCE1
:10BB000017A3F0750B088A828B83E06015EE24186A
:10BB100012B67FE50C2408FAE4350DFB121CEB7518
:10BB20000B10EE241712B6706019EE241A12B67FAD
:10BB3000A80BE50C28FAE4350DFB121CEB74082564
:10BB40000BF50B8E828F83A3A3A3A3A3A3E0604571
:10BB5000EE240712BBEAE0C0E012BBF6D0E012BC54
:10BB600031E0C0E00812BBF8D0E012BC3112D7D0EF
:10BB70001211D8850E82850F83E012BF49A80BE50C
:10BB80000C2812A9251211B9850E82850F83E0C3F6
:10BB900033250BF50BEE241512B6706008C0E012C9
:10BBA000BBF6D0E0F012BBE212D7D11211D8128846
:10BBB000F5FC7D00740312151012BBDAE0F8E50CF9
:10BBC00028F8E4350DF9E82AFAE43912A929121106
:10BBD000B9AA0CAB0D740102D65DE0FA8E828F8398
:10BBE000A322EE12E4193FF58322F50EE43FF50F90
:10BBF000850E82F58322A80BE50C2812BF6822E08F
:10BC0000FA7B00121BF522F8E43FF98882F583E005
:10BC1000850C82850D8322F582E43FF58312BC4BAF
:10BC2000A3A3A322F582E43FF583E0F5087509009C
:10BC300022F0050B8E828F83A3A3A3A3A3A3A3A3A8
:10BC400022A3A312E146A312BC4B22E0850C8285FD
:10BC50000D83A3A3A32274F4120BE074FD12126CE3
:10BC6000EAFEEBFF8C088D09740112123C880A89E8
:10BC70000B780A1211DC740212124CAA08AB0912DA
:10BC800025DF74021211B9E9704B85218285228368
:10BC900012C24FF0740112151012BCDE12BCE46027
:10BCA00027148E828F83A312D1A612D7117401128A
:10BCB0001510E028F8A3E039F9E824FEF582E9340C
:10BCC000FFF58312D50D80118E828F83A3E4F0AA35
:10BCD00008AB0980047AFE7BFF740302A85712CBDD
:10BCE000F9A3A322E812BCE92212CB0085218285A8
:10BCF0002283E02274F0120BE074FD12126C12D653
:10BD00004F7402121510E9F08C0C8D0D750B017C2F
:10BD1000267D007900AA0CAB0D121B4D7402121582
:10BD200010E0C39408500302BEDC12BC0FF0AC0C50
:10BD3000AD0D85218285228312B351FA852182853A
:10BD4000228312C4BD12C272E96003750B00852103
:10BD50008285228312BF7C12BF90E0F9EA850C82B3
:10BD6000850D83A3A3A3A3A3A3A3A3A312BFD8F565
:10BD7000838882A3A312BF90A3A3E0F912D4EBEAB5
:10BD800012BFD8129A39C0E012D4E2D0E012D1A684
:10BD9000F8A3E0C82407F582E438F583E0C0E01298
:10BDA000F1CDD0E012BFC2740812BFCFA3E0602073
:10BDB000852182852283E02408F8A3E03400F9E598
:10BDC0000C241312F1D1E8F0A3E912D64A2408F0AA
:10BDD000850C82850D83A3A3A3A3A3A3A3A3E060E3
:10BDE0002A850C82850D83A385820E85830F12BF61
:10BDF0008AF8A3E03400F9E50C241512F1D112CA37
:10BE00003B850E82850F83E02408F012BF50E4F0DA
:10BE100012BF60E4F0A312BFC2A3A3A3A3E060110A
:10BE200012BF9C850C82850D83A3A3A3A3A312BF7D
:10BE3000DFE50C12BF70E0700302BEC812BF9CFAAF
:10BE400012BF50EA12BFDFF8852182852283E028E5
:10BE5000FBA3E034008B82F583E0F8E50C241A1292
:10BE6000F1D1E812BFDFE8C39AE50C505612BF7754
:10BE7000F8900DAFE493C39850047E0C8006E50C57
:10BE800012BF77FE850C82850D8312BF89F508A34A
:10BE9000E03400F509750A0078081211D8EE12BFD7
:10BEA000497AC27B0C12A92A1211B912BF6074C25E
:10BEB000F0A3740CF0EEC333F8850E82850F83E097
:10BEC00028800412BF70E4F0850C82850D83A3E006
:10BED000F8850C82850D83E0C39850047900806654
:10BEE00012BF89FAA3E03400FBE50C12D4DC12F196
:10BEF000D412D655850C82850D83E0C398C0E0121C
:10BF0000D4D3D0E012BFCFE0603AE50C2417FEE4B2
:10BF1000350DFF8E82F583E024F2F0E50C241DF848
:10BF2000E4350DF98882F583E0240EFAA3E03400AD
:10BF3000FB88828983EAF0A3EB12C2798E828F8319
:10BF4000E0C398F0A90B02D65B25E0FCE433FD22A8
:10BF5000E50C12BF56222419F582E4350DF5832233
:10BF6000E50C241B12BF6822F582E4350DF583220F
:10BF700012C9F212BF6B2212BF56E02212BF8022FA
:10BF8000E0F8A3E0F583888222A312BFB9E028225B
:10BF9000A3A312C4B412BF82A3A3A322850C8285DB
:10BFA0000D83A385820E85830F12BFB9E028FAA303
:10BFB000E034008A82F583E022E0F8852182852240
:10BFC000832212BFC622F0850C82850D83A3221224
:10BFD000BFC6A3A3A3A3A32212BCE9F8A3E022F047
:10BFE000850E82850F83E004F02274F4120BE08A40
:10BFF000088B09EA12C08CA3A3F0EA1313543F1272
:10C00000C07FA3F0EAC4131312C08C12C09F74093E
:10C01000780A12147012C093A3A3A3A3A3A3F0EBF6
:10C0200012C09512C09E740A780A121470E50A5460
:10C0300001C0E0EC12C9F23DF583D0E012C0A37458
:10C040000B780A12147012C09312C09C740C780AF8
:10C0500012147012C093A312C09C740D780A1214AB
:10C0600070E50A5401C0E0EC2424F582E43DF58338
:10C07000D0E0F0740E7808121470A90802A85A12C1
:10C08000C085A3A322540F8C828D832254038C82FB
:10C090008D8322E50A54018C828D8322A3A3A3A35E
:10C0A000A3A3A3F08A0A8B0B22C082C08379008AE3
:10C0B000828B83A3A3A3A3A3A3E09018EF600EE059
:10C0C000701F8A828B83A3A3E070168012E0601138
:10C0D00012D5009018F8E06A7003A3E06B60027953
:10C0E00001800312D50DD083D08202118674F21222
:10C0F0000BE08A0A8B0B890CECFEEDFF8A828B83A6
:10C10000E0FA12C272850A82850B83A3A312C2666B
:10C11000E0F9EA8E828F83A3A3A3A3A3A3A3A3A37F
:10C1200012C28512C266A3A3E0F912BBE2EA12C2F0
:10C1300085A3A3E0C0E0EE12C239D0E012C28CA306
:10C14000A3A3E0C0E0EE12B7A83FF583D0E012E26F
:10C150001F740812E21FA3A3A3A3A3A3E06017E523
:10C160000A2408F8E4350BF912AC85E8F0A3E912CB
:10C17000E21FE02408F08E828F83A3A3A3A3A3A3CE
:10C18000A3A3E060188E828F83A312C25512C22F20
:10C1900012CA3B850882850983E02408F08E828FCD
:10C1A00083A3A3A3A3A3E060248E828F83A38582AD
:10C1B00008858309E0F8E50A28F582E4350B12C208
:10C1C00046A3A3F0850882850983E004F0EEFAEF28
:10C1D000FB1229FFE9F50D70518E828F83A3A3A373
:10C1E000A3A3A312C24FA37014E0F8E50A28FAE44F
:10C1F000350BFB12CD3C12D655E50C802212C255F0
:10C20000E8240EF850010912CD3CE8F0A3E912C26F
:10C2100079850882850983E0F9E50CC39924F2C386
:10C2200098C0E0EE12CE94D0E0F0A90D02A953EE32
:10C230002415F582E43FF5832212C2403FF58322A4
:10C240002411F582E42212C24DA3A3A322F583E0B8
:10C250008E828F8322858208858309E0F8E50A288B
:10C26000F8E4350BF922E0FA850A82850B83A3A353
:10C27000A32212E42E1229F922F09018F0E0F9120C
:10C28000289DE9F822F0A3E912C28C22F0850A82E7
:10C29000850B83A3A3A3A322C082C0837A7A7B19D0
:10C2A00079E21222A97A7A7B1902C0E6C082C083A1
:10C2B0009018F802C0E3C082C0839018FB02C0E36C
:10C2C000C082C083794A1222A902C0E674F6120B1A
:10C2D000E0901982E0FE04F0EEF9122993EA4B7027
:10C2E000F0EE60EDF9800574011211B97F02020EC3
:10C2F000E874F0120BE074FD12126C740112151048
:10C30000ECF0A3EDF0E9852182852283F08A0E8B83
:10C310000F7E008E08740112151012B685122B9D27
:10C320008A0A8B0B7413121510E0F50C7414121595
:10C3300010E0F8EA4B701CE8600302C420852182FB
:10C34000852283E0F9740112151012C4C2122BC1A8
:10C3500002C4B1E8700302C3DB90198712CC0860F5
:10C360000612C4BE123157E50C700B850A82850B8C
:10C3700083E4F002C41B9018F2E0A2E1400302C47F
:10C380003890198912CC08600CA90CAA0AAB0B12C0
:10C39000C4BE123157850A82850B83E0FA12E41F6E
:10C3A000500109C3EA98E499A2D265D033500985B7
:10C3B0000A82850B83E004F0850A82850B83E0F80E
:10C3C0009038A7E4936870700EAA0EAB0F12266F18
:10C3D000850A82850B83A3E4F0805DE50C702BEA6F
:10C3E0002402F8E4350BF98882F58312C4B4E0FC2A
:10C3F000EA2CFAE4340013EA1388828983F0700A85
:10C40000850A828B83A3A37401F0850A828B83A3A0
:10C41000A3E0F8901ADCE0C398501D75080180185D
:10C420007401687013E50C600F9018F2E0A2E150FF
:10C4300007AA0EAB0F12266FE508A2E092F0EEA25B
:10C44000E072F0506C9018F2E0A2E1502EAA0EAB10
:10C450000F12E6ED6025E508A2E0500D8A828B837D
:10C46000A3A3A3A3A3E0C2E0F0EEA2E050438A821C
:10C470008B83A3A3A3A3A3E0D2E0F0EEA2E050310C
:10C480009018F2E0A2E15012AA0EAB0F1223EDE9D0
:10C490006008AA0EAB0F790080149018FBE0650EBF
:10C4A0007004A3E0650F7009AA0EAB0F7901122585
:10C4B0001902D65BE0FA85218285228322A312BF6E
:10C4C000832212B689AA0EAB0F2274F4120BE08AF3
:10C4D000088B098C0A8D0B9083BC78081212D770D8
:10C4E000077A0112C5148027901BA4780812147FC4
:10C4F000EA4B4C4D600D78081211D4128B191211B1
:10C50000B9800C7A017B00901952E0F9121CC1022B
:10C51000A85A7A207B00901952E0F9121BA122C080
:10C5200082C083901BA802AA14C082C083901BAA59
:10C5300002AA1474F6120BE07E007508E47509185F
:10C5400078081211DC7C6E7D007A217B00121C6D54
:10C5500074021211B9E9640A70027E011223C9E95A
:10C56000640A7004EED2E1FE12243BE9640A70040E
:10C57000EED2E2FE9005C812CC08600F12C4BE12C3
:10C580003157E9640A7004EED2E3FE1226FFE96433
:10C590000A7004EED2E4FE12222BE9640A7004EE63
:10C5A000D2E5FEEEF902C2EC74F6120BE0121B05A6
:10C5B0007508E475091878081211DC75086E75099C
:10C5C0000078081211DC12C5E91211B91223CF123A
:10C5D00024419005CA12CC08600612C4BE1231571D
:10C5E00012270512223D02C2EC7C007D007A217BDD
:10C5F00000121C7974042274F6120BE074FF1212FC
:10C600006C7E007508E475091878081211DC7C6EE0
:10C610007D007A217B00121C6D74021211B9E96051
:10C620000302C6C378081211DC75086E8E097808FB
:10C630001211DC7C007D007A217B00121C7F7404C7
:10C640001211B9E9707D9018F8E064FE7003A3E060
:10C65000F460707E01901907E064086005E06404EE
:10C66000705C852182852283EE12C6FF7A0F7B19CA
:10C6700079431222AF7A0C7B1979471222AF7AFDE7
:10C680007B18794A12C6DF7A057B1979501222AFDE
:10C690007AF87B1879531222AF7A0D7B19795412EC
:10C6A00022AF7AFA7B1879E11222AF9018F2E0A259
:10C6B000E35004D2F08002C2F012C6EC8005121BD7
:10C6C000057E001223BD1224539005CC12CC0860C5
:10C6D0000612C4BE123157122711EEF902C2E71238
:10C6E00022AF7AFB7B18794B1222AF22A2F0E433FF
:10C6F00085218285228312C85C79521222AF2212D0
:10C70000C85C79421222AF2274F6120BE0E9FEA255
:10C71000E0501C7508E475091878081211DC7508DA
:10C720006E75090078081211DC12C5E91211B9EE14
:10C73000A2E350031223C3EEA2E15003122459EEE8
:10C74000A2E2500E9005CE12CC08600612C4BE12B2
:10C75000315702C2EC74F6120BE074EC12126C74D6
:10C760000112124C12C88E7405121510E4F07407F1
:10C77000121510E4F07A04F91223DB8A089038A12C
:10C78000E493FAC3E5089AEB940050441223B7E906
:10C79000703E90388012C83A600F7A04790312C84C
:10C7A0002390388012C84450087405121510740183
:10C7B000F090387C12C83A600F7A02790112C823CF
:10C7C00090387C12C844500874071215107401F098
:10C7D000901C39E0F97C557D19740112124412C87D
:10C7E0002D7407121510E070117405121510E07009
:10C7F00009852182852283E4800885218285228320
:10C800007401F0901C34E0F8901885E058F8852108
:10C8100082852283E05812C85879411222AF7414DD
:10C8200002C2E91223DB9038A1E493FC22122945CD
:10C830007A557B1979451222AF22E493F87401935B
:10C84000F9E84922E493F8740193F9ECC398F8E409
:10C8500099F9C3EA98EB992212C85C22F0AA21AB9D
:10C86000222274F7120BE074ED12126CE9FE90199B
:10C8700051F0AC21AD2212C88E7412121510EE12B6
:10C88000C89BAA21AB2212C82D741302B0E4901CDD
:10C8900039E0F97A557B1912294B22F0901C39E0C6
:10C8A000F97C557D192274F4120BE08A088B0990EB
:10C8B0001C3BE064FE7003A3E0F4706C7A167B000E
:10C8C000121B5F8A0A8B0BAE0AAF0BEA4F60598AC4
:10C8D000828B83740112CC1BA3E08A828B83A360BA
:10C8E00004740280027401F0EA240AF8E43FF9E5D6
:10C8F00008241D12C92F12EC0D12A930F0A2E3403A
:10C900000912C93712D50D1229CFE50812D97D3584
:10C910000912E43AEE241312CA14EEFA12C94112B3
:10C92000C93712D16312CA3B02A85AE5082413F58D
:10C9300082E43509F58322E50812E4193509F58307
:10C9400022EFFB901952E0F9121B6B2274F2120BCA
:10C95000E074FD12126C8A088B09890A8C0B740131
:10C96000121510740412D86C607212CA1D7407F08C
:10C97000E5082413FAE43509FB8A82F58312A9310C
:10C9800012CA2BA312D85B12CAD788828983A3A3A9
:10C99000A3F012CA00E508240BF8E43509F912C91E
:10C9A000EA12CA3B12CC23EE241312DA0C650A6099
:10C9B000067401650A700712C9F87404800412C96C
:10C9C000F8E4F0901C3B12BCDE12CA3B7401650B0C
:10C9D000700312CA11EE12E20DF980027910901C58
:10C9E0003B74FEF0A304F002A94EEE12C9F23FF52B
:10C9F00083222418F582E42212ACC97440F0A322E9
:10CA0000EE241612CA0722F582E43FF5837401F082
:10CA100022EE2411F582E43FF583E4F02212E418BB
:10CA20003FF58312B7C38882F58322A312EFA822B1
:10CA3000E0F8A3E0F985218285228312CAFF2274DF
:10CA4000F4120BE08A088B097A007B04901952E0FB
:10CA5000F9121CC112CAE69019077409F012D289A2
:10CA600012C92B12D50D12ED15640170677A0F7B78
:10CA700000121B5F8A0A8B0BAF0BEA4F60568A824B
:10CA80008B837402F0E50812D4DC350912D529FC39
:10CA900088828983A3A3E0FBEC8A828F83A3A312FD
:10CAA000D65688828983A3A3A3E08A828F8312CA81
:10CAB000D7FAA3E0FB794A1222AF85088285098361
:10CAC000A3A3A3A3A3A3E070069017667405F0AA1E
:10CAD0000A12C94102A85AA3F0E5082415F582E418
:10CAE0003509F583E02290188812B7C3901BAA126B
:10CAF000CAFF90188A12B7C3901BA812CAFF22E877
:10CB0000F0A3E9F02274F4120BE074FD12126C8AA7
:10CB1000088B097401121510740212DA12700302E4
:10CB2000CBE312CA1D7404F0A3E412CC0EA3A3A39A
:10CB3000E06401700888828983A37420F0850882EC
:10CB4000850983A3A3A3A3A3E06401700988828954
:10CB500083A3E0D2E6F0850882850983A3A3A3A37B
:10CB6000A3A3E06401700A88828983A3E0D2E780EE
:10CB700006EA12AC86740112CC1BE06401702385B6
:10CB80000882850983A3A312CC086004EA12CA01B3
:10CB9000850882850983A3A312CBF1EA12C9EB129F
:10CBA000CA3B850882850983A3A3A3A3A3A3A3E00B
:10CBB00064017009EA240F12CA03A3E4F085088215
:10CBC000850983128C8D600612B66D4404F012CC78
:10CBD0002385088285098312CBF512B6B312E20DC4
:10CBE000F98002791002BCD9EE2413F582E43FF5F6
:10CBF0008312B7C32212CBF92212B7C78E828F835A
:10CC000022EE12E0463FF58312B7C3E8492212CC68
:10CC10001222F0850882850983A32212CC12A3A3D5
:10CC2000A3A322EE12CE7C2274F5120BE074F31251
:10CC3000126C890AEAFEEBFF7508007509007C0D8D
:10CC40007D007900AA21AB22121B4D12CD3C12CEE1
:10CC500018741F58600C7AD37B00122039790002B7
:10CC6000CD37E8A2E55008740C1215107401F0E8F5
:10CC7000A2E75008740B1215107401F0E8A2E674D4
:10CC80000A50081215107401F08008121510E064A3
:10CC90000170138E828F83A3A3A3A3A3A3A3E06039
:10CCA00030EE241380128E828F83A3A3A3A3A3A3A9
:10CCB000A3A3E0601CEE241512E158E508450960C5
:10CCC00010AC08AD097402121510AA82AB83121CB5
:10CCD000EB12BBE212CA30740A121510E064017044
:10CCE0004D901BDEE0604E64017008901BC5E07043
:10CCF000198042E064027012EE240B12CBEB901804
:10CD0000FBE0687003A3E069702B128C807026E54D
:10CD10000845096019122A0B8A088B09AC08AD096D
:10CD20007402121510AA82AB8312ED156007AA21B6
:10CD3000AB22122513A90A740D02B373EE241DF55C
:10CD400082E43FF5832274F7120BE074CD12126C6B
:10CD5000EAFEEBFF8A82F58312D98D129A3AA2E09D
:10CD6000400302CDFC8A828B8312CE25E054FE1252
:10CD7000E868740D12124C12B7AE12CE1312CE0127
:10CD800012D50D122A05E97073742A12151012CEED
:10CD90001F70697C0D7D007900AA21AB22121B4D0A
:10CDA000741612151012CA30742A12151012CE18E9
:10CDB000A2E55008740B1215107401F0E8A2E750B8
:10CDC00008740A1215107401F0E8A2E650047420E9
:10CDD0008002742212151012B6857402121510AA60
:10CDE00082AB83121CEB8E828F83A3A3E0C0E0741E
:10CDF0000C121510D0E012C85812250D743302B071
:10CE0000E4F9EA241FF582E43BF5832274F22AF563
:10CE10008274093BF583E02212BF80A3E0F822125E
:10CE2000B35564042212D530A3A3A3A3A322E9F827
:10CE30007900740468600A740A6860057403687095
:10CE400002790102118674F6120BE08A828B8374D8
:10CE500024F0A3A37401F01224718A088B09AE0890
:10CE6000AF09EA4F60078A828B8312CE74EEFAEF25
:10CE7000FB02C2EC7401F0EA12CE7C2212CE947452
:10CE800001F0122A0BEE241AF582E43FF583EAF052
:10CE9000A3EBF0222417F582E43FF58322C082C081
:10CEA00083901C3A02AA1CC082C083E9901C3A02FB
:10CEB000AA18C082C08390196E7401F0E9A2E350F1
:10CEC000037403F0E9A2E15004E0D2E2F002C0E60C
:10CED00074F6120BE079007C008A088B097808123E
:10CEE0000F2EF8FF0705CF03CF03CF03CF03CFFBF0
:10CEF000CEFFCE05CFF7CE7C01800A7C0480067C75
:10CF00000280027C0890196EE05C60047902800562
:10CF1000EC6002790102C2EC74F4120BE0EAFEEB61
:10CF2000FF89081224058B0BA90BEA49603E8A820F
:10CF30008B83A3A3A3A3E06033C39405502E740195
:10CF40006508601A8A828B83A3A3A3A3E0640160AF
:10CF50000D8A828B83A3A3A3A3E0640270078A8255
:10CF60008B8312CF73EEFAEFFB12241102A85A8EB4
:10CF7000828F8312AFCB1225CD2274F6120BE08A7A
:10CF8000828B83E07014A3A3A312CC08600C8A8266
:10CF90008B8312D50A12275F80047A007B0002C2BD
:10CFA000ECC082C083901907E064087003122ACB9A
:10CFB00002C0E6C082C0837800E875F003A4FCA933
:10CFC000F0E9FD12D0426A7003A3E06B701890384C
:10CFD00098E493C0E074712CF582741939F583D00C
:10CFE000E0F079C5805908E8C3940340CC7800E8A4
:10CFF00075F003A4FCADF012D04264FE7003A3E010
:10D00000F4601E08E8C3940340E57800E875F00377
:10D01000A4FCADF074712CF58274193DF583E070B9
:10D0200015E812E4D312D655903898E49388828993
:10D0300083F07900800908E8C3940340CF79C702E0
:10D04000C0E674722CF58274193DF583E022C0822B
:10D05000C0837C00EC75F003A4F8A9F0747228F585
:10D060008274191289026A7003A3E06B700912E8D6
:10D07000466004790180090CECC3940340D6790022
:10D0800002C0E674F2120BE074DD12126C8A088B97
:10D0900009750A009018F8E06A7003A3E06B70103D
:10D0A000EA4B700302D14B750A01122AD102D15802
:10D0B0001223FF8A0C8B0DAE0CAF0DEA4F700302EA
:10D0C000D14B8A828B83A3A3A3A3E06401600D8A62
:10D0D000828B83A3A3A3A3E06402706F8521828562
:10D0E0002283E412B7BA740B121510E8F0A3E91208
:10D0F000C8581223ABE960538E828F8312D163121A
:10D10000CA3B7403121510AC82AD8374181215104B
:10D11000AA82AB83121CEB79001225C17420121570
:10D120001012D6557422121510E4F07C028E828FF4
:10D1300083A3A3A3A3E0F9740D121244122A6B7502
:10D140000A0112D15F12A66AF0800D90190512B67D
:10D1500085AA08AB09122B85A90A742302A95012CB
:10D16000E44E2212B7C3901C3B22C082C08374FEDF
:10D1700012126C79011225C7852182852283EAF07B
:10D18000A3EB12D1A69018F812D656AA21AB227999
:10D19000531222AF85218285228312D50D121FA939
:10D1A000740202B7A1E412D1AA2212D99AE0227421
:10D1B000F4120BE074F312126CEAFEEBFF8C088D94
:10D1C00009750A12EA4F7005790002D2849018F8A6
:10D1D000E06E7003A3E06F701412D289AA08AB0945
:10D1E00012ED157005750A018003750A008521820C
:10D1F000852283E4F004121510EEF0A3EF12C85854
:10D2000012239FE960287403121510AA82AB8312BF
:10D21000237BE964017017750A017403121510ACC1
:10D2200082AD83AA08AB0912ED157016801774122F
:10D23000650A7011AC08AD09EEFAEFFB1223E7E9BD
:10D240006003750A00AC08AD09EEFAEFFB122BA3E0
:10D25000E9F8740A687005750A01801D74A0687089
:10D2600012AC08AD09EEFAEFFB122BB5EEFAEFFBAC
:10D27000122BC77401650A70097900EEFAEFFB12F0
:10D280002ADDA90A740D02A857122A0B8A0A8B0BF1
:10D29000AC0AAD0B2274F6120BE0EAFEEBFF890834
:10D2A000122ACBE508F50978091211E0790DEEFC98
:10D2B000EFFD7AFD7BFF122AE902C2E774F7120B39
:10D2C000E0EAFEEBFF8A82F583A3A3A3A3A3A3A3B3
:10D2D000A3E06019EA24151290D112BBE312D50D18
:10D2E000122AD7E96401700512BBE2802D8E828F6D
:10D2F00083A3A3A3A3A3A3A3E0602912AC8512D3A5
:10D3000029FAA3E0FB122AD7E9640170178E828FF5
:10D3100083A3A3A3A3A3A3A3A3A312D50D122ABFE0
:10D3200079018002790002B0E712D335A3A3A3A349
:10D33000A3A3A3E02212B68D8E828F83A3A32274AF
:10D34000F2120BE074FD12126C8A088B09ECFEEDF0
:10D35000FF890A750B017401121510740412E2247E
:10D3600060447411121510E0601512D983E412DDC7
:10D37000C48A828B83E0D2E7F0EA241412AE38121A
:10D38000D3AB12CA217403F0A3E50AF0EE888289B8
:10D3900083A3A3F0EF88828983A3A312CA2B12EF81
:10D3A000B812E210F50BA90B02A94E12E4183B22A9
:10D3B00074F1120BE08A0C8B0D890875090112D4E7
:10D3C000DB350D12D529F50E88828983128AAC12BD
:10D3D000D51112D4D3E06404600A7AD37B00122002
:10D3E0003902D4CCE50E121068020002FED3030B02
:10D3F00084D4030C74D40D56D40E84D481D49018E4
:10D40000F2E0A2E1507E7900EFFB122651EA4B6078
:10D410003A8A828B83A3A3A3A3A3A3E05418602B0F
:10D4200012D4EB120FB78A828B83A3A3120FB779A2
:10D4300000850C82850D83A3A3A3A3A3A3A3A3A309
:10D4400012D4F412D5201211B980247901EEFAEF2A
:10D45000FB12251F802E9018F2E0A2E15026E9FB76
:10D46000122AB9EEFAEFFB122ABFE964C5701575EE
:10D47000090080109018F2E0A2E15008121FCD8040
:10D4800003750800E50C2409F50AE4350DF50BEEEB
:10D49000FCEFFDA90E850A82850B8312D50D12259E
:10D4A00037850A82850B83128C8D602012D4E2E0CE
:10D4B000C39402401712D4EB12DCEE7003A3E069B0
:10D4C000600AE509A2E05004A908800279007F07FC
:10D4D000020EE8E50C241712BF6822EA241DF5822B
:10D4E000E422E50C12C24012BF6B22E50C12E419D3
:10D4F00012BF6B2212D4F82212B68D8A828B83223D
:10D500008A828B83A3A3A3A3A3A3A3A3A312AFCBBA
:10D5100022A3A3A3E0F8E4C8F9EA28FEE439FF2235
:10D5200012AFCB122669740422F58312D530E022A3
:10D5300012B7C78882F583A32274F0120BE074F34C
:10D5400012126C7403121510ECF0A3EDF08A0E8B1E
:10D550000F890B7E01EE121510740AF0741D12155E
:10D5600010E0F50AE9700FE50AC333240AC0E0EEC3
:10D57000121510D0E0F0AA21AB22122A8F8A088B54
:10D5800009EA4B700302D64412A847350912DDBCE4
:10D590008E82F5837409F0E50BC43354E0450AA389
:10D5A000F0EE2402FE50010F740312151012B69310
:10D5B000FAEFFB12D72050010FE50B70357800749D
:10D5C0001E12151012D50D8023E812BF49EA2CF562
:10D5D0000CEB3DF50D850C8212C24D12D64A8E829F
:10D5E0008F83A3F0EE2402FE50010F08E8C3950AD2
:10D5F00040D7E508241712C92F7401F0122A0BE551
:10D6000008241A12C92F12D655740512124CAA0EEC
:10D61000AB0F122387E96019E508241612C92F748D
:10D6200001F0740512123CE508241812C92F12CA21
:10D630003B850882850983A3A312D864AA08AB0995
:10D6400012E210FEEEF9740D801312BFC6E02285BF
:10D650002182852283EAF0A3EBF02274031211B930
:10D660007F08020EE874F0120BE074F812126C8A54
:10D670000E8B0F12D4DB350F12D84BF8741F58F5F0
:10D680000A880BA3AE82AF8312D71850010F12ED98
:10D690000D607974E0550B706CAA0AEA2AFA7B00D7
:10D6A00012DCD060677A00802B8E828F83E0FCA32F
:10D6B000E0F8E4C8F9EC28E439FDEA12D711E508EE
:10D6C00028F582EB39F583ECF0A3EDF0EE2402FEB1
:10D6D00050010F0AEAC3950A40CF78081211DC788E
:10D6E0000A1211E0740312124C7900E50E12A848D8
:10D6F000350FF58312DCDA74031211B9AA08AB09ED
:10D70000121BFB80077AD37B00122039740802D6E3
:10D710005D25E0F8E433F922EEFCEFFDAA21AB220F
:10D72000121CEBEE2408FE2274F0120BE074FE12C1
:10D73000126C12D64F890C8C0E8D0F90178112CC63
:10D7400008607A7412121510E0F50B12D711E82454
:10D750000EFAE439FB121B5F8A088B09AE08AF0989
:10D76000EA4F60598A828B8374D412D7DE8A828B07
:10D7700083A3A312EFA0A3A3A3A3E50CF0AC0EAD6B
:10D780000FEA2405FAE43FFB121CEB12D7C2E50BAB
:10D79000F0741312151012D7D11211D8AC0BEC2C57
:10D7A000FCE433FDEE240EFAE43F12A9291211B96C
:10D7B000EEFAEFFB90178112BF7C12315774020210
:10D7C000D65DEE12D7C722240DF582E43FF5832201
:10D7D000A3E0F508A3E0F509750A0078082212D144
:10D7E000AAF8A3E0F92212B7C3850C82850D832223
:10D7F00074F6120BE074F812126C890812D4DB3B39
:10D8000012D84BF9741F59F88909A3AE82AF8374FB
:10D810000168702912D71850010F12ED0D602574A0
:10D82000E0550970188E828F83A312BBDA12E42AA6
:10D830008E828F83E0F9122B25A90880097AD37B89
:10D84000001220397900740802C2E9F583E024014E
:10D85000FEA3E034008E82F583E022E08882898393
:10D86000A322F583E50EF0A3E50FF02212DA208A59
:10D870000C8B0DAE0CAF0DEA4F2274F0120BE0745E
:10D88000FD12126C7401121510EAF0A3EB12D99676
:10D89000E4F00412151012D98D12D4DC3812DA39E2
:10D8A000888212DDBC740112151012D98D12D97D37
:10D8B00038F58312D50D122405EA4B700302D97A8C
:10D8C0008A828B83A3A3A3A3E0700302D97AC394B3
:10D8D00003400302D97AEEC3940F5003EF600B8527
:10D8E00021828522837401F0807512B7A712AE3BA6
:10D8F000EE702290375578081213E912D983780810
:10D9000012147F90375578081213E912E21578083F
:10D9100012147F803BF50875090074027808121311
:10D920008A74552508F582743712C932780C12139F
:10D93000E9908350780812149D780C7908120A79BE
:10D9400012D983780C12147F12E215780C12147F0E
:10D95000EA241BF582E43BF5837401F01220099060
:10D960001BC7E0FC852182852283E0F97401121532
:10D970001012EF8E12D50D122B1302D65B2415F563
:10D9800082E422EA2417F582E43BF5832212D9913E
:10D990002212F0CFC82212D99A22F0852182852244
:10D9A000832274F0120BE074F512126C8A0E8B0F46
:10D9B00089098C08750C017401121510740312DAB0
:10D9C00012604212CA1D740C12EFBC88828983A3B4
:10D9D000A3E50812CE76740312124CAA0EAB0F12F6
:10D9E0002387E9600FEE241612DA0C12123C12C9DA
:10D9F000EA12CA3B8E828F83A3A3E50EF0A3E50F44
:10DA000012DA29F50CA90C740B02D65D12CA077440
:10DA1000032212DA208A0A8B0BAE0AAF0BEA4F22DE
:10DA2000F0AA21AB22122A8F22F0EE241312CA0789
:10DA3000EEFAEFFB12246BE922F583E02401F8A350
:10DA4000E034002274F6120BE074DA12126CEAFE73
:10DA5000EBFF8A82F58312DAAF12CC06604C8A8221
:10DA60008B8312D50DAC21AD22128FAD7409121526
:10DA70001012DCEE7003A3E069602F8E828F831298
:10DA8000BF7C120FB77508FE7509FF78081211DC0C
:10DA9000741C121510E0F9740D12151012B685746D
:10DAA0000F12151012D5201211B9742602C2E912F4
:10DAB000DAB322E0F8A3E0C8241FF582E438227428
:10DAC000F7120BE0E9FD7A007B007C00800B12DB93
:10DAD00068E02AFAA3E03BFB0C9038A112E5E35082
:10DAE00030EC75F01CA4F8AEF0EEF974AA28F582BB
:10DAF0007407128902F460E074B628F5827407395D
:10DB000012CC0660D3ED60C612DB68E4F0A3F080AF
:10DB1000C77C00800B12DB55E02AFAA3E03BFB0C2C
:10DB200012E5E0502DEC75F017A4F8AEF0EEF91206
:10DB3000EB837003A3E0F460E6740728F582740AAF
:10DB40003912CC0660D9ED60CC12DB55E4F0A3F0BD
:10DB500080CD02B0E7EC75F017A4F8EEF974072851
:10DB6000F582740A39F58322EC75F01CA4F8EEF9FD
:10DB700074B628F582740739F5832274F0120BE02D
:10DB8000E9FE8A088B09901951E0C39E5034122A8D
:10DB90005F90198312EFBA9018EBE0F50CE4F50DE5
:10DBA000F50EF50F908310780812149D780C790803
:10DBB000120A79780C1211D47A007B02128B1D1292
:10DBC00011B902D66074F6120BE0EAFEEBFF901971
:10DBD0006F801388828983E06E7003A3E06F603CDE
:10DBE00088828983A3A312CC0870E87A047B001290
:10DBF0001BF58A088B09A808A909EA49601E8A82D0
:10DC00008B83EEF0A3EFF090196F12D50D88828907
:10DC100083A3A312D65590196F12CA3B02C2EC74AB
:10DC2000F4120BE07E0090196F80070E88828983C2
:10DC3000A3A312CC0870F4EE25E0FAE433FB12DC67
:10DC4000D0700302DCCA7C0090196F802A88828918
:10DC500083E0F50AA3E0F50BEC25E0FAE433FBE5FD
:10DC6000082AF582E5093BF583E50AF0A3E50BF008
:10DC70000C88828983A3A312CC0870D190194D120D
:10DC8000DCEE7003A3E069780870191211DCEEF580
:10DC90000A780A1211E07C197D19790090194D1249
:10DCA000DCDA801A1211DCEEF50A780A1211E07C37
:10DCB000197D19790090194D12D50D122AF57403AA
:10DCC0001211B9AA08AB09121BFB12248302A85A2D
:10DCD000121BF58A088B09EA4B2212AFCB122B01DB
:10DCE000228E828F83A3A3A3A3A3A3A3A3A312B76C
:10DCF000C39018F8E06822C082C08380128A828BA9
:10DD000083A3A312CBF190196F12CA3B121BFB9095
:10DD1000196F12AFC270E602C0E674F5120BE09004
:10DD2000190512E15E90198312CBF190190512CA00
:10DD30003B7A837B1979501222AF90198312DDBE92
:10DD4000750A00800F12E6A27003A3E06F60031251
:10DD5000E4EF050A12DDB05020E50A75F017A4F8CB
:10DD6000A9F012E54665087004A3E0650970D612B3
:10DD7000E54FEEF0A3EFF080D990198312DDBE904D
:10DD8000178312CC0860267A067B00121B5FEA4BD1
:10DD9000601B8A828B8374D5F0A3A3E412AE41A3E7
:10DDA0000412DDC490178312BF7C12315702B37680
:10DDB00090388FE493F8E50AC398223BF583E0FEA0
:10DDC000A3E0FF2212B1BBEEF0A3EFF022C082C0AD
:10DDD000839018F8E064FE7003A3E0F4600E9018DE
:10DDE000F2E0A2E15006122BA9122B4F02C0E674FA
:10DDF000F0120BE0901946E0604CF50CE4F50DF5DF
:10DE00000EF50F908400780812149D780C79081292
:10DE10000A79121B598A088B09A808A90990388623
:10DE2000E49358F508A3E49359F509E4F50AF50BD2
:10DE3000780C7908121377780C1211D47A007B01D0
:10DE400012DE4D1211B902D6607A007B4090195251
:10DE5000E0F9121CBB74042274F0120BE074FE1281
:10DE6000126C7E007F008E0E8E0F122423750A0026
:10DE70008026AA0A7B0012241D8B09A909EA4960A1
:10DE8000158A828B83A3A3A3A3E0600464047006B5
:10DE9000129A9760010F050A9038A112DDB340D2A3
:10DEA000122B7F12D64F750800801BAA087B001228
:10DEB0002B8B8B0BA90BEA49600AEA12E83F129AF6
:10DEC000A560010E050812E05E40E0EF2EFE700333
:10DED00002DFB5F5087509007402780812138AAAE2
:10DEE00008AB0912F371700302DFB3750B00EEF596
:10DEF000087509007402780812138AAC08AD097914
:10DF0000FF121B4D750A008052AA0A7B0012241DC5
:10DF10008A0C8B0DEA4B60418A828B83A3A3A3A357
:10DF2000E0600464047032129A97F9602C050B8546
:10DF30000E08850F0978081211DCEEFD850C82852C
:10DF40000D83A3A3A3A3A3A3A3A3A3E0FC850C8297
:10DF5000850D8312E0551211B9050A9038A112DD22
:10DF6000B35006E50BC39F40A075080012E05E5059
:10DF700044AA087B00122B8B8A0A8B0BEA4B602F7A
:10DF8000EA12E046350BF583129AA5F96021850E59
:10DF90000C850F0D780C1211DCEEFDE50A240E1233
:10DFA000E04CFC850A82850B8312E0551211B905FD
:10DFB0000880B97E007F629018F0E0600BF91228AB
:10DFC0009DE9F87454C398FF75F003EF84F5089445
:10DFD00020400375081F850E0A850F0B750C00EF96
:10DFE0006005750C207F00E508C39E500585080973
:10DFF00080088E09E50CD2E6F50CAC0AAD0BAA0C34
:10E00000A909122B5BE9F50DE50CA2E6401D1509E7
:10E010007800800BE50A2404F50A5002050B08E895
:10E02000C3950940EFE509CEC39EFEE97006E50CF5
:10E03000A2E650A8E50E450F6007AA0EAB0F121B13
:10E04000FBA90D02D7BD240FF582E422F582E43549
:10E050000BF583E02212AFCB122B557402228521DF
:10E060008285228312B7C3C3E50898E4992274F22B
:10E07000120BE0E9FE750A00750B00740E12151004
:10E0800012E15E7F00801185080A85090BE50824EE
:10E0900004F508500205090FEFC39D400302E14358
:10E0A000850882850983E0F47003A3E0F46076E5D7
:10E0B0000A450B600E850A82850B83C3E09AA3E0B4
:10E0C0009B50C485088285098312ECD4EB9950B724
:10E0D000A808A90988828983E0F47003A3E0F460AA
:10E0E0000DE82404F85001090FEFC39D40E6880AAB
:10E0F000890BE824FCF8E934FFF98882F583128C57
:10E1000078850A82850B83E50CF0A3E50D12E146C4
:10E1100012E14C12E146A312E14CA3F0C3E50898CA
:10E12000E5099940C985088285098312D655EC8591
:10E130000882850983A3A3F0EE850882850983A35D
:10E14000A3A3F002A953F08882898322A3A3E085C8
:10E150000A82850B83A3A322F582E43FF583E0F5D1
:10E1600008A3E0F5092274F3120BE074FD12126C9F
:10E1700089088A09ECFEEDFF750C0175F003E9A42E
:10E180002402C0E07401121510D0E012E224607184
:10E1900012D3AB12CA217408F0741F55084509A3A5
:10E1A000F0E82402F85001097C0080378E828F83CA
:10E1B00012A93112E21F12D85B12B6A2C454F05455
:10E1C00070FD8E828F83A3A3A3E054074D888289BC
:10E1D00083A3A3F0E82403F8500109EE2404FE50C1
:10E1E000010F0CECC3950840C38A828B83A3A374F0
:10E1F000FCF0A374FFF012E2157401F012E210F5C6
:10E200000CA90C74031211B97F05020EE8FAEFFB9A
:10E2100012246BE922EA2413F582E43BF5832212EF
:10E22000B6ADA32212DA20EA4B2274F1120BE08A77
:10E230000A8B0B7508007AFE7BFF7CFE7DFFE50AEA
:10E2400012D4DC350B12D529FE741F5EF509E824C3
:10E2500002F50CE439F50DEEA2E74074E50A241747
:10E2600012E04CF875F003E509A42402687061E53A
:10E2700009600B850C82850D83E0FA12E42A7F0089
:10E280008029850C82850D83A3A3E05407F50EE554
:10E290000C2403F50C5002050DE8FC9018F8E0681A
:10E2A0007003A3E0697003850E080FEFC395095052
:10E2B00029850C82850D8312F0CFFCE4CCFDE82C7F
:10E2C000E43DF9850C82850D83A3A3E0548860B2F8
:10E2D0007AD37B0012203902E40BE508700BEEF9CB
:10E2E000122B67E9700302E40BE50A12A848350B0C
:10E2F00012A84C8A0C8B0DAE0CAF0DEA4F605A8AF7
:10E30000828B83A3A3A3A3A3A3A3E4F09038A79332
:10E31000F88A828B83A3A3A3A3A3A3A3A3E0C39898
:10E32000402412E41F5001097A027B0012097EE8A2
:10E330008E828F83A3A3A3A3A3A3A3A3F0E508C303
:10E340009407500205088E828F83A3A3A3A3A3A3DF
:10E35000A3A3A3E508F002E40B7CFF7DFF12E40E0B
:10E3600012D50D122B738A0C8B0DAE0CAF0DEA4F2C
:10E37000704512EAF1700302E40B7C177D0079000E
:10E38000121B4D12E40E12CBF512891E8E828F8362
:10E39000A3A3A3A3A3A3A3A312B6B312B66974AA9B
:10E3A00012EB145001097A027B0012097E12D7C2C7
:10E3B000E812E4447401F09038A7E493F81288F569
:10E3C000C398401912E41F5001097A027B00120918
:10E3D0007E12EB0DE508C394075002050812EAFF10
:10E3E000E50812E449E4F0129FB912237BE9701B9F
:10E3F000850A82850B83A3A3A3A3A3A3A3A3E060A1
:10E400000AE50A12D97D350B12E43A02D4CEE50AA8
:10E4100012E419350BF58322EA240BF582E42290ED
:10E4200038A7E49379002401F82212E42E22A3E015
:10E43000F8E4C8F9EA28E439FB22129AC4129FBA18
:10E44000121CEB22F012EB0322F012E44E22EE1229
:10E45000E4563FF58322240CF582E42274F7120B74
:10E46000E0E9FE74FE6A700374FF6B603574605EF1
:10E470006460602EE9A2E5401CA2E69018F8500DF9
:10E48000C3E09AA3E09B501A790002B0E7C3E09A78
:10E49000A3E09B40F39018F812CBF1C3EC98ED99F0
:10E4A00040E6790180E474F7120BE07E008005EE0F
:10E4B00012E4E80E12E53C40F67E00EE12E4D3745E
:10E4C000FEF0A30412E146E4F00EEEC3940340EB29
:10E4D00002B0E775F003A4F8A9F0747128F8741974
:10E4E00039F98882F583A32275F017A4F8A9F012F0
:10E4F000E533122B912274F7120BE07E0080010E9F
:10E5000012E53C5027EE12EA47E06A7003A3E06B85
:10E5100070ED12E5466C7003A3E06D600A74FF6C49
:10E52000700374FF6D70D812E53380047A007B00AD
:10E5300002B0E774F228FA740939FB2290388FE4AC
:10E5400093F8EEC3982212E54A2212E54FE02274B6
:10E55000FC28F582740939F5832274F6120BE07CED
:10E56000FF7DFF7AFE7BFF122B73EA4B704075082C
:10E57000008036E50875F017A4F8A9F0740128F5B5
:10E5800082740A128902600C740028F582740A12DF
:10E590008902701374F228FE740939FF8E82F583A4
:10E5A00012E852EEFAEFFB050812E5B140C502C2CF
:10E5B000EC90388FE493F8E508C39822C082C083BA
:10E5C0007A007B007C00801012EB7B7003A3E0F4E8
:10E5D00060050AEA70010B0C12E5E040EB02C0E6B0
:10E5E00090388FE493F8ECC3982274F4120BE08A0D
:10E5F000088B09ECFEEDFF800B122B91EEFCEFFD7A
:10E60000AA08AB09122B73EA4B70EE02A85A74F7F2
:10E61000120BE07D007C0080020D0C12E5E0501C26
:10E6200012EB7B7003A3E0F460F0EDF8EA684B7046
:10E63000E8EC75F017A4F812E53380047A007B004B
:10E6400002B0E774F7120BE0EAFEEBFFEA4F600E50
:10E6500012E66174FEF0A30412E66FF0A3F002B0BC
:10E66000E77C177D007900121B4D8E828F8322126A
:10E67000A4F7A32274F7120BE0EAFEEBFF75080083
:10E680008018E50875F017A4F8A9F012E6A2700347
:10E69000A3E06F600312E4EF050812E5B140E30266
:10E6A000B0E712E54A6E2274F4120BE08A088B0977
:10E6B000ECFEEDFF901905E06E7003A3E06F700AA9
:10E6C00012E6ED6005EA24088016EEFCEFFDAA08CC
:10E6D000AB09122B738B09A909EA496009EA240DD9
:10E6E000FAE439FB80047A007B0002A85A1223FF67
:10E6F0008B0BA90BEA492274F4120BE0EAFEEBFF44
:10E700008C0A8D0B750800750900802BE50975F0E2
:10E7100017A4F8A9F012EB62601BE50912EB6F7009
:10E7200003A3E06F700375080AAC0AAD0B12EA5D33
:10E7300060034308A0050990388FE493F8E509C306
:10E74000985004E50860C502C07A74F4120BE074B6
:10E75000F812126C750800806BAA087B0012241D49
:10E760008A0A8B0BAE0AAF0BEA4F60568A828B8304
:10E77000A3A3A3A3E0640160498A828B83A3A3A31C
:10E78000A3E06402603CEA2407F582E43F12E85902
:10E7900050308A828B83A3A3A3A3A3A3A3A3A3A381
:10E7A000E412B1D012CA2C12E852AC21AD228E82F2
:10E7B0008F8312D50D122387AA21AB2212241112A6
:10E7C000200905089038A112E5B4408D7E00804DE7
:10E7D000EE75F017A4F8AAF0EAF912EB837003A320
:10E7E000E0F4603874F228F8740939F9E812E45654
:10E7F0003912E8595026EE75F017A4F8EAF974F2C8
:10E8000028F8740939F9E812E83FE4F0E8240EF535
:10E8100082E439F583E412E86812266F0E12E53CB3
:10E8200040AE7A00EA75F003A4F8A9F012E8466059
:10E830000214F00AEAC3940340EA740802A85712CB
:10E84000E04639F58322747128F582741939F5830D
:10E85000E02212AFCB12266F22F583E0F874012874
:10E86000F0901947E0C3982212E14612AFCB227410
:10E87000F0120BE08A0E8B0F8C0A8D0B750C007852
:10E880000079017EFE7FFF741012151012E15E8088
:10E8900011121B59E50CF5F0EA84E5F0F8750C004F
:10E8A00079007C00800B74F22AF582740912DDBBBA
:10E8B0000C90388FE493FAECC39A506AEC75F01719
:10E8C000A4FAADF0EDFB12CE0C64FE7003A3E0F4ED
:10E8D00060DE12CE0C650E7004A3E0650F60D112ED
:10E8E000CE0C650A7004A3E0650B60C412CE0C6503
:10E8F000087004A3E0650960B774002AF582740A01
:10E9000012CE1360ABC3940850A6E064076097E989
:10E91000050C709CE50CC3984096EDF974F22AF54D
:10E9200082740902E9D37C00800712EA0712DDBB7A
:10E930000C9038A1E493FAECC39A400302E9DBECB3
:10E9400075F01CA4FAADF0EDFB12EA0712CE1364C9
:10E95000FE7003A3E0F460D812EA0712CE13650E2E
:10E960007004A3E0650F60C812EA0712CE13650AAF
:10E970007004A3E0650B60B812EA0712CE136508B5
:10E980007004A3E0650960A874AF2AF582740712C9
:10E99000CE13609CC39408509774AA2AF58274071A
:10E9A00012CE1364016089E06402608474AF2AF5BA
:10E9B00082740712CE136407700302E92AE9050C7A
:10E9C000600302E930E50CC398500302E930EDF929
:10E9D00012EA0739F58312EF858022E50C6011E811
:10E9E000700E7401650C600302E891780102E89DE5
:10E9F00074FE6E700374FF6F6006EEFAEFFB800426
:10EA00007AFE7BFF02D66074A62AF5827407227410
:10EA1000F5120BE0EAFEEBFF8C088D09750A008009
:10EA200002050A12DDB0501CAC08AD09E50A75F00C
:10EA300017A4F8A9F012EA5D60E7E50A12EA47EECA
:10EA4000F0A3EFF002B37675F017A4F8A9F012EA7C
:10EA5000522274F228F582740939F5832274F4285D
:10EA6000FA740939FB121CE5E922E9F87907C39425
:10EA70000D400479018019E8C394074004790380AC
:10EA80000FE8C39403400479058005E8700279001B
:10EA900002118674F0120BE08A0E8B0F8C0A8D0B1C
:10EAA000890812EAF1604712E661E50EF0A3E50F6E
:10EAB00012E66FE50AF0A3E50BF0E508600712B671
:10EAC00068E508800512B6687401F090194CE0649E
:10EAD00001700612EAFFE4800512EAFF740712EBE8
:10EAE000145001097A027B0012097E12EB0D02D646
:10EAF00060122B798A0C8B0DAE0CAF0DEA4F2212EF
:10EB0000EB0322EE240EF582E43FF58322EE12D7CA
:10EB1000C7E8F022F09038A7E49379002401F822A6
:10EB200074F7120BE0EAFEEBFF750800802CE50895
:10EB300012EB6F7003A3E06F601474FF6E700374C8
:10EB4000FF6F701412EB837003A3E0F4600A12EB02
:10EB5000627005E50812E4E8050812E5B140CF024D
:10EB6000B0E774F428FA740939FB12237BE92275A3
:10EB7000F017A4F8A9F012EB896E22EC75F017A437
:10EB8000F8A9F012EB8964FE2212EA52E022C08258
:10EB9000C0837AFF7BFF122BC702C0E6C082C0830E
:10EBA00090198574D9F0A3742BF090198774DFF055
:10EBB000A3742BF090198974E5F0A3742B02AA18A2
:10EBC00074F7120BE0EAF8EBF990188612EBFF707D
:10EBD0002B88828B83A3A3A3A3A3A3A3A3A3120F16
:10EBE000B790188612EC0D1214F988828983A3E07D
:10EBF000F912252B74021211B912248302B0E71204
:10EC0000EF89CA2406F582E43AF583E02212EF89FF
:10EC1000F5838A8222C082C08390194F12ECCBF018
:10EC200090194F12CC0870057901122B1F02C0E613
:10EC300074F6120BE074FC12126CE9FE903894E446
:10EC400093700574E16E707EEA2408F8E43BF9885D
:10EC500082F58312ECCB12ECDB700E90194FE4F0CE
:10EC6000A3F07901122B1F805D901BE1E06057FA41
:10EC700090194F12ECD4E499504C7900122B1F8A52
:10EC8000088B09EA75F064A4F8AAF075F064EBA4A7
:10EC90002AF990194F12D50D120986E8941AE994B1
:10ECA00000402390177B12CC08601B90194F12CAAA
:10ECB00030740212151012EFBAAA21AB2290177B02
:10ECC00012BF7C123157740402C2E9E02401F0A3A0
:10ECD000E034002212B7C3C3EA982212F0C6F9E862
:10ECE0004922C082C08374F812126C9082B1AC21A8
:10ECF000AD227408121102AC21AD2212ED1564018F
:10ED00007004790080027901740802B7A1AC21ADCA
:10ED1000227A197B19121CE5E92274F6120BE0EA3B
:10ED2000FEEBFF740C12151012D50D743A6A7001C7
:10ED3000EB6006743B6A4B701F740A121510120FB9
:10ED4000B78C088D0978081211DCEEFCEFFD121C5F
:10ED50007F74041211B98002790A02C2ECC082C029
:10ED60008390198B7429F0A37424F090198D742F5B
:10ED7000F0A37424F0901BC7E0A2E0503290198FEA
:10ED80007403F0A3742CF09019917409F0A3742CFF
:10ED9000F0901993740FF0A3742CF09019957415DA
:10EDA000F0A3742CF090199774FDF0A3742BF090DD
:10EDB000198F12CC08600612C4BE12315702C0E689
:10EDC00074F4120BE074E612126C8A088B09740456
:10EDD0001215107402F004121244122A8F8A0A8B40
:10EDE0000BAE0AAF0BEA4F700302EF4B12A8473F7E
:10EDF00012EF757404F0A37460F0EA12AC8612CEC0
:10EE0000748E828F8312EFB8EE241412B6707012D3
:10EE10009018E4E0C0E012B65ED0E0F09018E4E0B4
:10EE200004F012EF6C7016901BBAE0600D9018EFB2
:10EE3000E0700A8E828F83E0700312CA11AC21AD9C
:10EE400022EEFAEFFB1229E78A088B09EA4B7003DE
:10EE500002EF447A217B00121BF574061215101282
:10EE6000D655740612151012CC08700302EF3D7CC3
:10EE7000217D0079007406121510E0FA121B4D7402
:10EE80000112124479501222A9740112151012CBEA
:10EE9000F1740612151012EF8512EF5712CA3B904B
:10EEA00018F812CBF1741712151012CA3B7406121F
:10EEB000151012EF8E7402F0740612151012AD9335
:10EEC000740212EFAE740612151012EC0D12CA3B4A
:10EED000740612151012EF9812D1A5C0E074061234
:10EEE000151012D98D12B7AF38F583D0E0F0EE24AB
:10EEF0000E12EF61F583E0C0E0740612151012D90E
:10EF00008D12EF50D0E0F0740612151012DAAFF542
:10EF10008312EFBAEE240F12CBEB740C1215101201
:10EF2000EFA0E0C0E0740E121510D0E0F0740612ED
:10EF30001244122957740612151012ACC5AA08AB58
:10EF400009121BFBEEFAEFFB121BFB741A02A85707
:10EF500012E45638F58322CA2409F582E43AF5838F
:10EF600022F8E43FF9E8FAE9FB888222EE24111244
:10EF70009AE6640122F58312F0CF8882F583228518
:10EF8000218285228312EF8922E0FAA3E02212D99E
:10EF90009112E41938F5832212AF877401F0A3228D
:10EFA000E8F0A3E912EFA822F08A828B832212B63E
:10EFB000A6F8A3E0F922A3A3A3A3E508F0A3E5091B
:10EFC000F02274F6120BE07E0080167C047D00793E
:10EFD000FFEEF5088D097402780812138A12F27494
:10EFE0000E90388A12E53F40E202C2EC74F4120B34
:10EFF000E074F712126C7508008048E508F50A7590
:10F000000B007402780A12138A12F0AD129A54E0BF
:10F0100024FFF0A3E034FF12F0C2F97A0A7B001259
:10F020000986EA4B701B740812151012F0D41213E3
:10F030008A748F250AF582740D350B12F0B812F11F
:10F04000E6050890388A12E5B4505FE508F50A75C0
:10F050000B007402780A12138A748F250AF58274E1
:10F060000D12E04FF47003A3E0F460D5E508F50A53
:10F07000750B007402780A12138A12F1C212CC06C0
:10F08000600302EFFB740812151012F0D412138AF9
:10F0900012F0AD8E8212F0B812F28A7C047D0079F3
:10F0A000FFEEFAEFFB121B4D809702A855748F25D7
:10F0B0000AFE740D350BFF22F583129A85E8F0A342
:10F0C000E92212F0C622F08882898312F0CF22E072
:10F0D000F8A3E0227402F0E508F50A750B0074024B
:10F0E000780A2274F0120BE074F712126C8A0E8BFD
:10F0F0000F7EFF7408121510740212D996EAF0A35D
:10F10000EB12F1E6E9641A700302F1BE790074199A
:10F11000121510780812149D800874FF6E7002E9B1
:10F12000FE0990388AE493F8E9C3985058E9F50C41
:10F13000750D007402780C12138A748F250CF582F9
:10F14000740D12F1D4E0F47003A3E0F460CCE9F59F
:10F150000C750D007402780C12138A748F250CF54F
:10F1600082740D12F1D4E0650E7004A3E0650F7097
:10F17000B0E9F50A750B007402780A12138A12F1CD
:10F18000C2F583802CE49369702A74FF6E602CEEC4
:10F19000F50C750D007402780C12138A748F250C0F
:10F1A000F8740D350DF9888212D86288828983A39C
:10F1B000A312EFBA7901740902D65D12F1D8790071
:10F1C00080F47491250AF582740D350B22E50C2428
:10F1D00012F582E412BF6B2290190512B689AA219A
:10F1E000AB221222DF2212F2911230DD2274F612CB
:10F1F0000BE074F712126CEAFEEBFF7A0080010A52
:10F2000090388AE493F8EAC3985064EAF5087509DF
:10F21000007402780812138A748F2508F582740D21
:10F2200012C932E0F47003A3E0F460D3EAF5087584
:10F2300009007402780812138A748F2508F5827405
:10F240000D12C932E06E7003A3E06F70B27C047DD2
:10F250000079FFEAF5088D097402780812138A1202
:10F26000F2747408121510740212F28212F28A7487
:10F270000902C2E9748F2508FA740D3509FB121BC7
:10F280004D2212D99AEEF0A3EF2212F2911222DF50
:10F2900022F090190512B68DAA21AB222274F01229
:10F2A0000BE074FE12126C12D64F8C0A8D0B75088F
:10F2B00000852182852283E06C7003A3E06D6017D6
:10F2C000852182852283E0FA121C738A0C8B0DAE95
:10F2D0000CAF0DEA4F700675080102F36CAA0AAB79
:10F2E0000B121C738A0C8B0DAC0CAD0DEA4D600734
:10F2F000AA0AAB0B121C85E4F50CF50D780C121163
:10F30000DCEEFCEFFDAA0AAB0B121C6D74021211AD
:10F31000B9E96058EEFAEFFB12F371604C780E1207
:10F3200011DC8E0C8F0D780C1211DC7C007D0074CA
:10F330000412151012D50D121C7F74041211B9E9B4
:10F34000701B780E1211DC780C1211DC7C007D0031
:10F35000AA0AAB0B12C5F11211B9E96003750801D5
:10F36000AA0EAB0F121BFB8003750810A90802D769
:10F37000BD121BF58A0E8B0FEA4B2274F2120BE0C2
:10F38000EAFEEBFF8C0A8D0B7A0B7B00121BF58AD1
:10F39000088B09EA4509607490050112F41B12FC00
:10F3A00092900501EAF0A3EBF0EA2402F8E43509B3
:10F3B000F9880C890D8882F583EEF0A3EF12F4B67C
:10F3C000A3E50AF012F524A3743212F415740112A5
:10F3D000F415A3F0740E12151012F41BA3A3A3A32B
:10F3E000A3A3A3A3A312FC9290050112FE589005BB
:10F3F0000512FC92850C82850D8312FCB9122FB187
:10F40000850C82850D8312FCF1A3E9F0AA08AB09F3
:10F410007F06020EE812F52BA3A32212FE5C8A825D
:10F420008B832274F6120BE0EAFEEBFF8E828F8351
:10F43000E0F91231138B09EA45096004790280274B
:10F44000E4F508F50978081211DC7C007D00EEFA7D
:10F45000EFFB12313774021211B98B09EA450970BA
:10F460000479108002790002FD9C7F01020EE8748D
:10F47000F2120BE089088A098B0A12310D8A0C8B73
:10F480000DAE0CAF0DEE4F602A7A047B00121B5FAD
:10F49000EA4B601F8A828B8374FDF0A3E50A12F4A5
:10F4A000BBE50812F4B6E509F08E828F8312F536BB
:10F4B000121B6B02F41012F4BBA322F08A828B831E
:10F4C000A3A32274F0120BE08A0BECFEEDFF8B0C71
:10F4D00012310D8A088B09EA450960437A077B00DF
:10F4E000121B5FEA4B60388A828B8374FEF07411C2
:10F4F000121510E08A828B83A312F4BBE50CF07422
:10F5000010121510E08A828B83A3A3A312F4B61203
:10F51000F524EEF0A3EF12F95612F536121B6B7FAD
:10F5200008020EE8A3E50B12F52B22F08A828B83EA
:10F53000A3A3A3A3A322A3A3E0F8A3E0F583888257
:10F54000E0F92274E0120BE074FE12126C85218245
:10F55000852283ECF0A3EDF08A128B13891C9005B1
:10F5600001E0F50AA3E0F50B7EFEEA2402F516E4BD
:10F570003513F517EA2404F51EE43513F51F8A82C6
:10F580008B83E0540C640C702179FE12FCB31226BC
:10F59000F3E9FE74FE6E700302F74F12310D8A0814
:10F5A0008B09EA4509705D02F74F8516828517833E
:10F5B000E0F974FF697040E50A450B700302F74FEC
:10F5C000850A82850B83A3A3E0F508A3E0F50974FF
:10F5D00022121510E0F510A3E0F511742612151093
:10F5E000E0F5197427121510780C12149D742B1263
:10F5F0001510E0F518802D12310D8A088B09A90924
:10F60000EA4960CB850882850983E0F91231138AC3
:10F610000A8B0B80BA850A82850B83A3A3E0F508C9
:10F62000A3E0F509E5084509700302F74F800D8A4C
:10F63000828B83E0F91231138A0A8B0B7514FE75E5
:10F6400015FF850A82850B83A3A3A3A312FCBFEC3D
:10F650004D850882850983601A12FC98123157EA99
:10F660004B601D8A828B83E0F514A3E0F515121B15
:10F67000FB800D12FCA76008A3E0F514A3E0F515CC
:10F68000851282851383A3A3A3A312FE5485088247
:10F69000850983E0FAE514687003E515696013EAEB
:10F6A0007006E849705C800A74FF68700374FF6933
:10F6B0007050851682851783E0FFEAF0E518F5148F
:10F6C00078141211E0780C1211D4E519F51478149D
:10F6D0001211E0742A121510120FB778101211DCF3
:10F6E000740A121510120FB7A91CAC08AD09AA12A2
:10F6F000AB1312311F740C1211B9EF8516828517E6
:10F7000083F0851282851383E0540C640C7020EE24
:10F71000F912FCB31226F3E9FE74FE6E6031123169
:10F720000D8A088B09EA4509600302F62F802085BF
:10F730001682851783E0F47016850A82850B83E0B4
:10F74000F50AA3E0F50BE50A450B600302F6157414
:10F75000021211B97F18020EE874EC120BE08A084D
:10F760008B098C0C8D0D8910EA240EF582E4350985
:10F77000F583E0F50EA3E0F50FEA2410F50AE43571
:10F7800009F50B850A82F583E02427FA7B00121B1A
:10F790005F8A128B13AE12AF13EE4F700302F9475C
:10F7A0008E828F83741A12F95612F96312F94C1271
:10F7B000F963A3A312FC92741412151012FCBFEE8D
:10F7C0002406FAE43FFB1230EF850882850983A303
:10F7D000A3A3E0C0E0EE240FF582E43FF583D0E080
:10F7E00012FC7EC0E0EE2414F582E43FF583D0E005
:10F7F000F0E508240CF582E43509F583E0C0E0EE7D
:10F800002415F582E43FF583D0E0F074181215104A
:10F8100012FDC6E0C0E0EE2416F582E43FF583D089
:10F82000E0F088828983A3E0C0E0EE2417F582E44B
:10F830003FF583D0E0F088828983A3A3E0C0E0EEA7
:10F840002418F582E43FF583D0E0F0741A12151005
:10F85000E0C0E0EE2419F582E43FF583D0E0F074D7
:10F860001B1215101214D5EE241AF582E43FF5830D
:10F870001214E1EE241EF582E43FF583E510F0E575
:10F88000082415F582E43509F58312F95E2424F580
:10F8900082E43FF58312F94CA3A3A3A3A3A3A3A3DC
:10F8A00012F95E241212FC8C741612151012F95EF5
:10F8B000241012FC8CEE241FF582E43FF583E4F063
:10F8C000EE2420F8E43FF9E8FCE9FD850A82850B87
:10F8D00083E08C828D83F0A3E4F0741F121510E096
:10F8E000C0E0EE2426F582E43FF583D0E0F0EE247C
:10F8F00022F8E43FF98C828D8312FCB9EA4B602F29
:10F90000EE2427FAE43FFB88828983EAF0A3EBF038
:10F91000850E08850F09750A0078081211D88C82A7
:10F920008D8312FCBF121B4174031211B980088829
:10F93000828983E4F0A3F0EEFAEFFB850C82850D5B
:10F940008312F536121B6B7F0C020EE8E8F0A3E978
:10F9500012F956A3A322F08508828509832212FE9C
:10F960005CEE22A3A3A3A312FE5C8E828F83A3A3CB
:10F970002274F0120BE074DF12126CEAFEEBFF8CC3
:10F98000088D09890AEC4509700302FA3BEE240848
:10F99000F8E43FF9880C890D8882F583E0C0E074B3
:10F9A00002121510D0E0F0E50AA2E35033888289F4
:10F9B00083E06402600302FA3B122A118A0E8B0F65
:10F9C0008E828F8312FCB9E50E6A7003E50F6B60BF
:10F9D0000F7C037901122657E9600579CD02FC7688
:10F9E000850C82850D83E0F87402686005740F68E9
:10F9F000703C8E828F8312FCB9122AA7E9850C8293
:10FA0000850D836022740FF0E0C0E0740B121510B6
:10FA1000D0E012FC7E64037027EEFCEFFD7403124D
:10FA20001244121CEB8028E0640F70DC800D74031C
:10FA30006860D574016860D0E860CD790202FC7618
:10FA40008E828F8312FE58740312151012FC92E5F9
:10FA50000AA2E17412500912151074FFF0A3806C11
:10FA6000121510E4F0A3F090050112FCA160468885
:10FA7000828983A3A312FCB9E5086A7003E5096BC8
:10FA80008882898370E412FE54E8FCE9FDEC4D6045
:10FA90002485088285098312FC98123157EA4B604D
:10FAA0002C8A828B8312FE58741212151012FC924B
:10FAB000121BFB801885088285098312FCA7600D44
:10FAC00012FE577412121510E8F0A3E9F074181220
:10FAD0001510E4F0A3F0E50AA2E4501C740B121513
:10FAE00010E0F8740F686010740168600B741812ED
:10FAF00015107404F0A3E4F0E50AA2E750097418A5
:10FB0000121510E04410F0E50AA2E6501274181223
:10FB10001510E04401F07401121510740180067490
:10FB200001121510E4F0E50AA2E25009741812154A
:10FB300010E04440F0852182852283E4F0E50AA2AA
:10FB4000E55009741B1215107404800D901ABCE066
:10FB5000C0E0741B121510D0E0F0743712151012AB
:10FB6000FE58880C890D8882F583E0C0E0741A1273
:10FB70001510D0E012FC87C0E0740C121510D0E014
:10FB8000F08E828F83A3A3A3A3A3A3A3A3A3E0C008
:10FB9000E0740D121510D0E0F0743112151012FE41
:10FBA00058741012151012FC927433121510E0FEE6
:10FBB000A3E0FF7414121510EEF0A3EFF0743512E9
:10FBC000151012FE58741612151012FC9274391288
:10FBD0001510E0C0E0741C121510D0E012FC87F97B
:10FBE0001231138A828B83E58245836012A3A3A31B
:10FBF000A3A312FCA760087403121244123157AA7F
:10FC000021AB22123101E9C39EE49F50199018B133
:10FC100012FCA1600D740312124412FCF41231574D
:10FC2000800C7E02800A740312124412272FE9FE10
:10FC3000740B121510E06402702E122A118A0E8BBA
:10FC40000FA80EA90F7403121510E0687003A3E04B
:10FC5000697015EEFB850C82850D83E0FA850882BC
:10FC6000850983E0F9123131EE7009850C82850D2A
:10FC700083E004F0EEF974211211B902F51FF0854A
:10FC80000C82850D83E02212F956E022F582E43FD2
:10FC9000F583E8F0A3E9F022E0FA79028C828D8303
:10FCA0002212FE5CE84922A3A3A3A312FDCAE582A7
:10FCB000458322851E82851F83E0FAA3E0FB22E0B4
:10FCC000FCA3E0FD22C082C08390050180048A82EB
:10FCD0008B8312FCB9EA4B600B8A828B8312FCEF98
:10FCE000E06970EAD083D0820211868C828D83A372
:10FCF000A3E0F8A3E0F58388822274F6120BE012E9
:10FD000031138A828B83E58245836007A3A312FCAB
:10FD1000B980047A007B0002FD9C74F4120BE0EAC7
:10FD2000FEEBFF89081231138A0A8B0BAC0AAD0B6C
:10FD30007900EC4D60388C828D83A3A3A3A312FDC0
:10FD4000BCE58245836013AA08091231578E828F61
:10FD500083EAF0A3EBF07901801C12FCEBA3A3A3D0
:10FD6000A312FCB98E828F83EAF0A3EB80078E8208
:10FD70008F83E4F0A3F002FE6274F7120BE08A8234
:10FD80008B83E0640170047E0880027E00A3AA8257
:10FD9000AB83122735E9C39EF902F46A7F02020E93
:10FDA000E8C082C08390050112FDC6790080040975
:10FDB00012FDBCE582458370F602FCE4E0FAA3E0A4
:10FDC000FB8A828B832212FDCA22E0F8A3E0F98825
:10FDD00082898322C082C083900501801A12FCEBC5
:10FDE000E0F8E96003E8600BE88A828B83F0A3AA5D
:10FDF00082AB838C828D8312FCBFEC4D70DF02FCE2
:10FE0000E474F7120BE0EAFEEBFFEC2408F8E43DA3
:10FE1000F988828983E08E828F83A3A3A3A3A3A3FF
:10FE2000A3A3F088828983E064037005121CEB8031
:10FE30000E8C828D8312FE588E828F8312FC928EDE
:10FE4000828F83A3A3A3A3A3A3A3A3A3A3E4F0A349
:10FE5000F002F46AA3A3A3A312FE5C22E0F8A3E0DD
:10FE6000F9227F04020EE8C082C0839083D8121466
:10FE7000F91219379083301214F912188375A1F70B
:10FE800043A70875A1EF43A7108012C082C0835317
:10FE9000A7EF53A7F712187780031214F9D083D075
:10FEA0008202118674F0120BE08A088B098C0A8D8D
:10FEB0000B12192B8A0C8B0D8C0E8D0F7808790C78
:10FEC0001214504003121763AEA8C2AF90070B780C
:10FED0000812147FAA08AB09AC0AAD0B1219430231
:10FEE000FF9B74F4120BE0AEA8C2AF12192B8A0864
:10FEF0008B098C0A8D0BEEA2E792AF90070B780866
:10FF000012116150087A007B007C007D007F0402A2
:10FF10000EE874F4120BE0AEA8C2AF1219318A08D1
:10FF20008B098C0A8D0BEEA2E792AF90070B780835
:10FF300012116150087A007B007C007D0080CE7435
:10FF4000F0120BE08A088B098C0A8D0B90070B7856
:10FF5000081211615003121763A2AFE433FEC2AF5F
:10FF600090070F780812147FAA08AB09AC0AAD0BF2
:10FF700012193D12192B8A0C8B0D8C0E8D0F7808DF
:10FF8000790C1212AD700D75A1EFEEA2E092AF12D6
:10FF90002F3F8005EEA2E092AF8005EEA2E792AF80
:10FFA0007F08020EE8021186C082C083122F3F0232
:10FFB000FE9DC082C08312195B122F4B02FE9DC0B2
:10FFC00082C08390070B02FE9AC082C083901B3CC4
:10FFD0007401F0A3F0901B4AE4F0A3F0901B50F0E2
:10FFE000A3F0901B4CF0A3F0A3F0A3F0901735F012
:0FFFF000A3F0D083D082021186021186021186FF
:020000040001F9
:10000000C082C083790012BBA63BF583C082C08347
:1000100090188112BE5FD083D082C3E09CA3E09D84
:10002000500D12CD14FAA3E012811860027901027A
:100030009E5874F7120BE0890812AEA312839CAC91
:10004000F075F00BE9A42CF9901883E028FEA3E0EA
:1000500039FF7401650860067402650870228A829F
:100060008B8312857D74026508701DEA2403FA50A3
:10007000010B12237BE970108E828F83E4F08008DD
:10008000EA1286593B1280928E828F8312810D0272
:10009000AB09FDEE2403FAE43FFB1223752274F44E
:1000A000120BE08A088B09EA1284578A828B83E05C
:1000B000604D7E007F00804212811570381284EC02
:1000C000F50AA3E039F50B850882850983E0850AE6
:1000D00082850B83129C25128514F01286573509F0
:1000E00012810212237512844E850A82850B8312B7
:1000F000810D1285090EEE70010F12844240B90283
:10010000B1ECFDE50A2403FAE4350BFB22E0D2E76B
:10011000F0121FD922EEFAEFFBEA75F00BA4FAA851
:10012000F075F00BEBA428FB901883E02AF8A3E00D
:100130003B8882F583E0540F2274F5120BE08A08A5
:100140008B09750A01740B12151012850EEC4D60A7
:1001500018EC12BBA73DF58312AACB1281CE790110
:10016000122357EE4F6064801FEE4F603A1285866F
:100170001281CEEE2403FAE43F1285757019AA08A5
:10018000AB0912235DE9F50A8E828F8312D6C979F5
:1001900002EEFAEFFB800B128569702F7903AA0833
:1001A000AB0912235780248A828B83A3E064FE70FC
:1001B00003A3E0F47006EA12856B700CAA08AB0981
:1001C00012235DE9F50A8003750A00028CD3EA1256
:1001D000BBAB3509129AEE2274F7120BE09018812E
:1001E00012A402EA4B602CEA75F00BA4FAA8F07591
:1001F000F00BEBA428FBEAFEEBFF121BF590188333
:1002000012A402F9EA496012EEFCEFFD7900121B1C
:100210004D8007901883E4F0A3F002AB09C082C0C0
:100220008390188312ADDF601390188312C2D390AD
:100230001881E4F0A3F0901883F0A3F0029E58C058
:1002400082C083EC4D6005121CEB80097C087D00A8
:100250007900121B4D029E58C082C0837900EA4B80
:1002600060197800E8FCEA2CF582E412BF146004FF
:100270007901780808E8C3940840E9029E58C082D2
:10028000C0837901EC6A7002ED6B6011EA4B600B80
:10029000EC4D6007121CE5E9F980027900029E58D6
:1002A00074F7120BE074F312126CECFEEDFF852173
:1002B00082852283E4F00412151012A402AA21AB55
:1002C0002212239F7403121510AC82AD83EEFAEF55
:1002D000FB122375EEFAEFFB12237B02AB0474F7DB
:1002E000120BE074F312126CECFEEDFF8521828597
:1002F0002283E4F0EAFCEBFD740312151012864829
:10030000740112151012AACB8E828F8312AA8E74DA
:10031000FE68700374FF696004790180027900024D
:10032000AB0474F7120BE0EAFEEBFF12837D701151
:10033000128387F4FA88828983E05A4480F0121F7E
:10034000D9029A5D74F7120BE0EAFEEBFF75080024
:100350008A82F583E0602312837D701E128387FA00
:1003600088828983E05A70128E828F83E04480FAFB
:1003700088828983E04AF0121FD9029A5D122351C4
:10038000E9F5087401692212ABB8F812839C128453
:10039000FAF8A3E039F98E828F83E022A3E0F9E82E
:1003A00075F00BA4F82274F4120BE08A088B097C18
:1003B000007D00EA128437E508128457850882859B
:1003C0000983A3E064FE7003A3E0F460677E007F0E
:1003D00000805C1281156052EEFAEFFBEA75F00BBB
:1003E000A4FAA8F075F00BEBA428FB901883E02A80
:1003F000F50AA3E03BF50B85088285098312D12419
:10040000850A82850B83A3E06A7003A3E06B701AF0
:10041000E50A1284E5700DE50A128659350BFDE5F3
:100420000812843712844E1285090EEE70010F12E5
:100430008442409F02B1EC2403FAE43509FB122305
:10044000752290188112B77AC3EE9AEF9B2212841C
:1004500063EEF0A3EFF02212846574FEF0A304F0C3
:10046000790022E50812BBAF3509F5832274F21238
:100470000BE08A0A8B0B8A828B8312D6C9EA12B1EF
:100480008512D6CA750800EA1284E570537E007F93
:100490000080481284ECFAA3E0398A82F583E054A4
:1004A0000F60331284ECF50CA3E039F50DE50C1266
:1004B0008659350D128102121CE5E9640170178519
:1004C0000C82850D8312851412B182EEF0A3EFF039
:1004D00075080112850B0EEE70010F12875F40B395
:1004E000A908029E5012810512857622EEF8EFF9D6
:1004F0001284F422E875F00BA4F8AAF075F00BE969
:10050000A42AF9901883E028227901901881E0FE4E
:10051000A3E0FF22A3128590850A82850B83A3E8BE
:10052000F0A3E92274F5120BE0EAFEEBFF8A82F5F4
:100530008312D6C97C007D00EA128094EEFAEFFBAC
:10054000122351E9F50A740169701B12858612861F
:10055000FA850882F58312857D12856970081286F6
:10056000573509128092028CD3E5082403FAE4354A
:100570000912857522FB12237BE9640122A312BFB5
:1005800005129AF022F0EE129AE912858E22F58376
:10059000E0F8A3E0F92274F2120BE074E612126C98
:1005A000EAFEEBFF12BBA63FF58312D6CA7508011F
:1005B000750A00750B00750C00750D00852182858C
:1005C0002283E4F0EA1286593FFD740312151012DB
:1005D0008648E964017022740B12151012CA821247
:1005E0009AE0740112151012BEFF7003A3E0696057
:1005F00049A821A922880A890B740D1215101286A8
:100600005E12AACB740E12151012AA8E740D12125D
:100610004412239FE964017009740D12123C880C86
:10062000890D780C1211DCAC0AAD0BEEFAEFFB125F
:10063000236374021211B9E9F508EEFAEFFB1223F5
:1006400099A908741A029E4DAA82AB83122375AA37
:1006500021AB221223A522E5082403FCE422E412A4
:1006600086632212A3F8A322C082C0837800790097
:10067000800508E870010990188112D125C3E89A15
:10068000E99B5029E8FAE9FBEA75F00BA4FAACF013
:1006900075F00BEBA42CFB901883E02AFCA3E03B45
:1006A0008C82F583E0540F70C979008002790102D1
:1006B0009E5874F6120BE07E007F008035EEF8EF56
:1006C000F91286FA78081211DC75080B75090078A2
:1006D000081211DCEEFCEFFDEC75F00BA4FC75F0DC
:1006E0000BEDA42AFD7A231297CE1211B90EEE70EB
:1006F000010F12875F40C6028BEA1284F4F508A34B
:10070000E039F5092274F6120BE07E007F00804785
:100710001284ECF8A3E0398882F583E0A2E7503236
:10072000C2E7F085820885830978081211DC750814
:100730000B75090078081211DCEEFCEFFDEC75F08A
:100740000BA4FC75F00BEDA42AFD7A231293C212C0
:1007500011B90EEE70010F12875F40B4028BEA9060
:100760001881128590C3EE98EF992274F6120BE06F
:10077000E4F508F50978081211DC9018811293CA83
:1007800075F00BA4FCA8F075F00BEDA428FD7A23FE
:100790001291301211B9E9FE74096E70031223CF61
:1007A000EEF9028BEA74F6120BE074FF12126C7E03
:1007B000007F008038852182852283E412916712B0
:1007C00011DC75080175090078081211DCEEFCEFE8
:1007D000FDEC75F00BA4FCA8F075F00BEDA428FD62
:1007E0007A231293C21211B90EEE70010F12875FB5
:1007F00040C37401028BE7C082C0839038A1E493A8
:1008000075F01CA4FCADF079FF7AA67B07121B4D96
:10081000029E5874F7120BE0E9FCEAFD7B007A00B7
:100820008010EA128E239C4008E0F8EDC398400146
:100830000B0A12C1C040EBEBFA7B0002AB0974F06B
:10084000120BE074F212126CE9852182852283F08A
:100850008A088B098C0A8D0BEC4D6016AA0AAB0B2B
:100860001224058A0C8B0DAE0CAF0DEA4F6003020B
:10087000892B7A0080010A12C1C0500A128A2C709A
:10088000F512984880047E007F00EE4F70030289C5
:10089000E5903880128A0E601F852182852283E0D0
:1008A00064036005E06404700F7A047903128A041B
:1008B000903880128A18502790387C128A0E602651
:1008C000852182852283E064016005E06402701660
:1008D0007A027901128A0490387C128A1840077AC9
:1008E000007B000289F674011215107401F00412E5
:1008F0001510E508F0A3E509F0AC0AAD0B7404127D
:100900001510AA82AB8312237574011212441223AC
:10091000B1740C12151012A1398E828F83A3A3A378
:10092000A3A3A3E4F012CD03122B857800852182C6
:10093000852283E06007C39405500278048E828F7D
:1009400083E508F0A3E50912C6F812B2FCE88E822E
:100950008F83A3A3A3A3A312C1CA5001097A027B68
:100960000012097E1297FBA312BE3D1298518521F9
:1009700082852283E06067C394035062901BC8E0C5
:10098000702190375578081213E91297D612147F08
:1009900090375578081213E9EE24131297D91214E0
:1009A0007F8031F5087509007402780812138A12E5
:1009B0008FE51213E9908350780812149D780C7912
:1009C00008120A79128A00780C12147F12A11F787B
:1009D0000C12147F1289F93FF58374018006128A84
:1009E000001297E2F01297B14005901C34E4F01227
:1009F0002A59EEFAEFFB02B9CFEE241BF582E4226E
:100A0000129827221223DB9038A1E493FC22E4936E
:100A1000F8740193F9E84922E493F8740193F9EC2E
:100A2000C398F8E499F9C3EA98EB9922EA128A325A
:100A3000F42275F01CA4F8A9F074AA28F5827407B2
:100A400039F583E02274F0120BE074EF12126C128D
:100A50008B75121510ECF0A3EDF07E0074021215E8
:100A60001012D125122405EA4B7003028B588A829A
:100A70008B8312A42DE0687003A3E0697003028BDE
:100A8000588A828B83A3A3A3A3E0C39405400302E7
:100A90008B58128B8312D2C1E060708A828B83A341
:100AA000A3A3A3E0C394035062901BC8E0702290FC
:100AB000375578081213E9128B6D780812147F905D
:100AC000375578081213E9128B5F780812147F806B
:100AD00030F5088E097402780812138A128FE51215
:100AE00013E9908350780812149D780C7908120A43
:100AF00079128B6D780C12147F128B5F780C1214A4
:100B00007FEA1289FA3BF583E4800DEA2417128B01
:100B100091F0EA2413128B91F0EA240CF582E43B65
:100B2000F583E4F0A3F0A3F0A3F0740412151012FF
:100B3000AAC2740512151012AA8E74021215101290
:100B4000BE5F7407121510AA82AB8312237574045A
:100B50001212441223B17E01EEF9741102B9D112BE
:100B60008B663BF58322EA2413F582E422EA12B174
:100B70005D3BF58322852182852283EAF0A3EBF099
:100B80007402228521828522831285908A828B833A
:100B900022F582E43B1297EF2274F6120BE0128BDF
:100BA000DD60148A828B83A3A3A3A3E06009C394AE
:100BB000055004790180027900802F74F6120BE051
:100BC000128BDD60148A828B83A3A3A3A3E0600948
:100BD000C394035004790180027900800D1223FF31
:100BE0008B09A909EA49221211B97F02020EE874A1
:100BF000F6120BE01223FF8A828B83E58245836025
:100C00000BA3A3A3A3E0700479018002790080DA2A
:100C1000C082C083EAFCEBFD7A007B00029E55C0D7
:100C200082C0837C007D00029E5574F5120BE07437
:100C3000F312126C8A088B09ECFEEDFFC3EC94F8FA
:100C4000ED94FF4004EA4B6066750A00801774FF5C
:100C50006E700374FF6F600B12D8836E7003A3E095
:100C60006F6039050A9038A1E493F8E50AC39850FB
:100C70003EE50A128A2D60EBE508450960D0128C2A
:100C8000BA121510128ED760DA7403121510AC82E6
:100C9000AD83AA08AB09121CE5E960C7E50A75F047
:100CA0001CA4F8A9F074A628FA740739FB80047A0A
:100CB000007B00740D1211B9801B8521828522836F
:100CC0007401F074A828F582740739F583128590B1
:100CD000740B22A90A7F03020EE874F4120BE0746D
:100CE000F312126C7508001224058A0A8B0BAF0BE5
:100CF000EA4F6027852182852283740112A38B121B
:100D00008CCD12151012A5421223937C1C7D007904
:100D1000FFAA0AEFFB121B4D7508017A0479001235
:100D200023DB8A0A9038A1E493FAC3E50A9AEB948C
:100D3000005009901C347401F0122A59A908740D4E
:100D400002B1E974F4120BE0EAFEEBFF7508007AD9
:100D5000007B007C00800EEC128DDB6007C39403E7
:100D6000500205080C128DD140EDE508605625E0D3
:100D7000FAE433FB121BF5EA4B6049EAF8EBF97C25
:100D8000009038A1E493FDECC39D503BEC75F01C42
:100D9000A4F50AE5F0F50B74AA250AF5827407128A
:100DA000B18EE0601CC39403501774A6250AF58227
:100DB0007407350B128DE68882898312C55950015C
:100DC000090C80BD7508008E828F83E508F002B1A2
:100DD000EC9038A1E493F8ECC3982275F01CA4F8C9
:100DE000A9F0128A3922F583E0F50AA3E0F50B2277
:100DF000C082C0837C008009EA24FF1AEB34FFFB29
:100E00000C128DD15016EC128E23940550F2EA4B41
:100E100070E674A628FA740739FB80047A007B0018
:100E2000029E58128A32C32274F7120BE074F31236
:100E3000126C7E00807FEF75F017A4F8A9F012D82D
:100E40004E12AACBEE75F01CA4FAABF074A62AF5EC
:100E500082740712BF14687003A3E0696037EF75EE
:100E6000F017A4F8AAF0EA128EE3121510E06870E9
:100E700003A3E069601FEF75F017A4F8EAF974F4B2
:100E800028FC740939FD7403121510AA82AB831271
:100E90001CE5E96013EF75F017A4F8A9F074F228C7
:100EA000FA740939FB122B910F90388FE493F8EF05
:100EB000C39840820E12D405501A12D87BF47003E6
:100EC000A3E0F460EF128CBA121510128ED760E412
:100ED0007F0080D502AB04129AF0AA21AB22122324
:100EE000ABE922F912D8463912858E74012274F0CA
:100EF000120BE074F312126C7E00803890832C7811
:100F00000812149DEE75F01CA4F8A9F074B928F528
:100F100082740739F58378081212D76016908354CB
:100F2000780812149DEE75F01CA4F8128FF0780862
:100F30001213C30E12D4054003028FE0EE128DDBB4
:100F400060F1C3940350EC128FF01214D5E8494AB3
:100F50004B70A9901BC7E0A2E0505790199312ADB7
:100F6000DF604F901BC9E0700A903755780C121360
:100F7000E98021F5087509007402780812138A12B5
:100F80008FE51213E9908350780812149D780C793C
:100F900008120A79780C1211D4EE75F01CA4F8A985
:100FA000F012D86639F5831290CA123157740412C0
:100FB00011B9EE75F01CA4F8A9F0128CC31215102B
:100FC00012C6F4740112A5461223ABE97003028F16
:100FD000337403121510AA82AB83122411028F33CB
:100FE000740D02B9D112D35B7437128468780C2265
:100FF00074BD28F582740739F5832274F6120BE06C
:101000001223FF8A088B09AC08AD09EA4D60318ACA
:10101000828B83A3A3A3A3E06022C39403501D1279
:101020008B663DF5831214D5EC12B1593DF5831250
:1010300014E1EC1289FA3DF5837401F07901800224
:101040007900028BEA74F0120BE0EAFEEBFF9019D4
:101050008D12ADDF606B90199312ADDF6063901954
:101060009712ADDF605B12D13C123157E97052909C
:101070001BC9E0700A903755780C1213E98021F5EE
:10108000087509007402780812138A128FE512138A
:10109000E9908350780812149D780C7908120A7927
:1010A000780C1211D41290C412315774041211B971
:1010B000E96401700C8E828F83A3A312D1291231AF
:1010C0005702B9D48E828F83A3A312B77A90199353
:1010D00012D1332274F6120BE0E4F508F509780812
:1010E0001211DC9038A1E493F50874037808121308
:1010F0008AE5082402FCE43509FD12912E1211B98B
:10110000E9FE740A6E6021E4F508F5097808121109
:10111000DC9038A1E49375F005A4FCADF07A3F12A1
:1011200091301211B9EE60031224410287A07A2295
:101130007B00121C6D74022274F6120BE074FE1216
:10114000126C852182852283E4F0A312916712112B
:10115000DC75080275090078081211DC1293BC12C4
:1011600011B97402028BE7F0A821A9228808890925
:1011700078082274F0120BE074DC12126C74061200
:10118000151012A4028C0E8D0F7508007A2212958C
:1011900029AE0AAF0B129527EE4F6015E50E6E7063
:1011A00003E50F6F600BEEFCEFFD7A227B00121C53
:1011B00085743612151012850EE50A450B6015EE82
:1011C000650A7003EF650B600BAC0AAD0B7A3F7BD1
:1011D00000121C85E4F50AF50B780A1211DCAC0E3E
:1011E000AD0F12912E1211B9E9640A70030293B285
:1011F000780A1211DCEEFCEFFD7A3F1291301211E9
:10120000B9E9640A70030293B2740412123C880AAA
:10121000890B780A1211DC750A02750B00780A1224
:1012200011DC7C007D007A017B031297D01211B98A
:10123000E960030293B2852182852283E4F0A3F062
:101240007E0002932F740812123C880A890B780AD8
:101250001211DC750A08750B00780A1211DCEEF524
:101260000A7403780A12138A12992F7A017B0312E7
:1012700097D01211B9E960030293B2740A121510E3
:10128000E0F47003A3E0F4700302932E74081212CA
:101290003C880A890B780A1211DC750A08750B0064
:1012A000780A1211DC7404121510128DE874037898
:1012B0000A12138A1299221211B9E960030293B239
:1012C000740212123C880A890B780A1211DC750A22
:1012D00005750B00780A1211DCEE75F005A4FCAD63
:1012E000F07A027B031297D01211B9E9703D7402B3
:1012F00012123C880A890B780A1211DC750A0575EE
:101300000B00780A1211DC74041215101293CA75BE
:10131000F005A4FCA8F075F005EDA428FD7A3F12B5
:1013200093C21211B9E960030293B21293CF0E85F2
:101330002182852283C082C0839038A1E493F8D0B3
:1013400083D082C3E098A3E0940050218521828558
:101350002283C082C083740412151012AACBD083DA
:10136000D082C3E098A3E0995003029245A821A936
:1013700022880A890B780A1211DC750A02750B00A3
:10138000780A1211DC1293BC1211B9E970247406A8
:1013900012151012BE5F7A017B03121C85E97012D0
:1013A000743412151012BE5F7A027B03121C85E999
:1013B0006003750801A908742402B9D17C007D007E
:1013C0007A227B00121C7974042212D5CFEC22857C
:1013D0002182852283E02401F0A3E03400F022740E
:1013E000F1120BE074FA12126C750E0074041215EF
:1013F00010E4F0A3F09038A193FAF5087509007491
:1014000003780812138AE5082402FEE43509FFEA8E
:1014100075F005A4FA7402121510EAF0A3E5F0F0D5
:101420007A227B00121C738A088B09129527740498
:1014300012123C880C890D780C1211DC750C0275A7
:101440000D00780C1211DC1297C81211B97A017BC9
:1014500003121C7385218285228312A4027A027BE7
:1014600003121C738A0C8B0DA80CA90D8521828593
:10147000228312AE55700AEE65087003EF6509709D
:101480002BE84970107402121510E0650A7004A36D
:10149000E0650B7017EA4B7003029520E5084509DB
:1014A000604D740412151012AE5560437C017D032B
:1014B0007A227B00122C1BE9F8F50E70637C027D0A
:1014C000037A3F7B00122C1BE9F8F50E7052AC0832
:1014D000AD097A227B00121C85E9700EAC0AAD0BB7
:1014E0007A3F7B00121C85E96016750E01803185FC
:1014F000218285228312D4C1E8496004880A890BBD
:101500007402121510120FB7780A1211DCEEFCEFFC
:10151000FDAA08AB0912244774041211B9E9F50EAB
:10152000A90E740602B3057A3F7B00121C738A0A67
:101530008B0B2274F0120BE074CD12126C7401123A
:101540001510E4F0A3F012244DE960030297A5748E
:101550000112123C8808890978081211DC7508020A
:1015600075090078081211DC1297C81211B9E960E8
:10157000030297A59038A1E493FA74011215101292
:10158000AACBC3EA98E49950030297A574031215F5
:1015900010E4F0A312C6F8803912983C74061215B4
:1015A00010780812149D1297D612147FEE2413128D
:1015B00097D912147F1289F93FF583E4F01297B19D
:1015C0004005901C34E4F0122A598521828522833B
:1015D000E004F09038A1E493F8852182852283E02D
:1015E000C39840030297A57403121510C082C083EC
:1015F000740112151012AACBD083D082C3E098A335
:10160000E09940030297A5741712123C88088909D3
:1016100078081211DC75080875090078081211DCC9
:101620007404121510E0F5087403780812138AE5A3
:10163000082402FCE43509FD1297CC1211B9E970B7
:10164000897419121510E0F47003A3E0F47003021A
:1016500095CA74031215101293D5740A12151074DA
:1016600001F0741912151012AACB7415121510126C
:10167000AA8E740A1212441223ABE970030295CAAF
:1016800012BE5C741712151012D125122B858521FC
:101690008285228312983C741712123C88088909AB
:1016A000750A0078081211D87C087D00EEFAEFFB6D
:1016B000121B4174031211B912C1CF5001097A02F1
:1016C0007B0012097E1297FB129851740512123C8E
:1016D0008808890978081211DC75080575090078F1
:1016E000081211DC7404121510E075F005A4FCADAD
:1016F000F07A3F1297CE1211B9E960030295BD90BE
:101700008354780812149D7406121510780812126A
:10171000D78521828522836003029599129835AA84
:10172000F0EAF9128DE26074C39403506F901BC805
:10173000E0701B12984890375578081213E91297F9
:10174000D612147F90375578081213E98035F508C2
:101750007509007402780812138A12D35B74371269
:10176000AFBF78081213E9908350780C12149D785B
:1017700008790C120A7912982FEAF9129820780841
:1017800012147FEE24131297D912147F12982FA9E6
:10179000F074C128F5827407390295B912982012A5
:1017A00097E20295BC7401121510E0F9743302B986
:1017B000D17A0479001223DB8A089038A1E493FAE5
:1017C000C3E5089AEB9400227C007D007A227B001E
:1017D000121C7F740422EE2417F582E43FF583780F
:1017E00008221297F1F0EE128B673F1297EF22F565
:1017F0008374FEF0A304F0A3F0A322E88E828F830B
:10180000A3A3A3A3A3A3A3A312AAAC740112AAAC7B
:10181000A374AAF0EE2410F582E43FF583E4F022ED
:1018200012984812982722EE12B15D3FF583228567
:101830002182852283E075F01CA4F822E075F01C5B
:10184000A4F8A9F01298482274A628FE740739FF5C
:1018500022A3F0129AE8F583E4F0EE240CF582E47A
:101860003FF583E4F0A3F0A3F0A3F02274F2120B8F
:10187000E074FE12126C852182852283E4F0A3F0CD
:101880007508008072E50875F01CA4F8A9F074A62C
:1018900028F50C740739F50DAE08780C1211DC75BB
:1018A0000A08750B00780A1211DC8E0A7403780A94
:1018B00012138A1299221211B9E50C2412F50AE4C6
:1018C000350DF50B780A1211DC750A05750B0078D9
:1018D0000A1211DCEE75F005A4FCADF07A3F12930C
:1018E000C21211B9850C82850D83A3A3A3A3E0F4D2
:1018F00060031293CF05089038A112BE124086A84B
:1019000021A9228808890978081211DC7508027556
:10191000090078081211DC1293BC1211B97402028A
:101920009E4D12992F7A227B00121C79740422E5B5
:101930000A2402FCE4350BFD2274F2120BE074F36E
:1019400012126CEAFEEBFF7A0279011223DBEA8EB7
:10195000828F83F06062F5087509007403780812BD
:10196000138AAA08AB0912ACFB6053AE08AF097525
:101970000A009038A1E493F8E50AC3985040E50ABC
:1019800075F01CA4F8A9F012D8756005E064027027
:1019900023128CBA121510128ED760187403121508
:1019A00010AC82AD83EEFAEFFB121CEB8A0C8B0DB0
:1019B000AE0CAF0D050A80BA750800750900AA08BB
:1019C000AB09740D029E4DC082C08390189174EFD4
:1019D000F0A37424F01299DB029E5890188D7409BC
:1019E000F0A37429F090188F7403F0A37429F022E7
:1019F00074F7120BE0EAFEEBFF901907E064086051
:101A00001DE0640460188A828B83E05403640170D3
:101A100042EA12ABB4F812B756E0640670358A8217
:101A20008B83A3A3E064FE7003A3E0F460258A82A5
:101A30008B83A3A312C5707003A3E0697008EA2426
:101A40001512BE3160051229D580031229DBE9F594
:101A50000880037508C2EEFAEFFB121BFBA908020F
:101A6000AB0974F4120BE08A088B0912CA7EFAE8FB
:101A70002AFAE43400FB121BF58A0A8B0BAE0AAF7C
:101A80000BEA4F6054850882850983E0FC7D00796C
:101A900000121B4D8E828F83A312D6C9122A118E7B
:101AA000828F8312A3FE850882850983E0F8EE28E1
:101AB000F8E43F129AE0850882850983A3E0C0E03C
:101AC00012C1B6D0E0F0122A2312C1ACE912CB84C5
:101AD000E0C0E012A115D0E0F0EEFAEFFB02B1ECAD
:101AE000F9129AE8129AEE22EE12BBAF3F22F5836A
:101AF000E8F0A3E9F02274F4120BE074E812126C1F
:101B00008A088B098C0A8D0BE9FE901907E06404A2
:101B10006005E06408700479C28036A37808121466
:101B20007FE990190E129C378521828522837808DF
:101B300012147F7405121510EEF07404121510744F
:101B400001F07407121510E4F09019077402129C4A
:101B50002E02B1E774F4120BE074E812126CEAFE84
:101B6000EBFF90188612ADDF6003029C207A077BA2
:101B700000121BF590188612A402F9EA49700302BC
:101B80009C1C8E828F831214D590188612D2FA1262
:101B900014E1EE2404F50AE43FF50B850A82F5838F
:101BA000E0C0E090188612AC48A3A3A3A3D0E0F055
:101BB000EE2405F508E43FF509850882F583E0C0C9
:101BC000E090188612B764D0E012AA92C0E0901894
:101BD0008612CA82C82406F582E438F583D0E01262
:101BE0009C378E828F831214D585218285228312A1
:101BF00014E1850A82850B83E0C0E074051215109C
:101C0000D0E0129C25E0C0E07404121510D0E0F082
:101C10007407121510129C2DE9F9800679108002C4
:101C2000790102B1E7F085088285098322E4F0AAF0
:101C300021AB221222C122F07C187D007900AA215A
:101C4000AB22121B4D22C082C08390188612ADDFDA
:101C5000600D90188612C2D3901886E4F0A3F0129B
:101C60002939122B37029E5874F0120BE074E812D7
:101C7000126C8A0A8B0B8C088D09890C7E007F0000
:101C8000742F121510E06026743012151012AACBB2
:101C9000800B121B598A0E8B0FA80EA90FC3E89454
:101CA000F8E994FF50ECE84960E8E8FEE9FF742C9D
:101CB000121510E0FC742D121510E0FD740F6C70FD
:101CC00005740F6D6012901BC2E064026005ECC3E6
:101CD0009D500579C1029DBF74281215101214D5AC
:101CE0009019081214E1E50C90190EF0EC90190C03
:101CF000F0EDA3F0742E121510E090190FF074FFA0
:101D0000650A700474FF650B7024901BDCE0F470AE
:101D100003A3E0F4700C121B59901905EAF0A3EB31
:101D20008015901BDC12CFA1E8F0A3E9800990197F
:101D300005E50AF0A3E50BF0E50845096017AA08D8
:101D4000AB09122BEBE96401700BAC08AD097A19F1
:101D50007B19121CEB7A197B19122BEBE970097AAB
:101D6000197B1979E21222A99018F8EEF0A3EFF08E
:101D70009018FBE4F0A3F0901918F0901BC2E064F7
:101D800002700890190C740FF0A3F09019077405F5
:101D9000129C377404121510E4F09019081214D52F
:101DA0008521828522831214E190190EE0C0E0742F
:101DB00005121510D0E0F07407121510129C2D7446
:101DC0001802B9D174F7120BE0E990188CF07A8000
:101DD0007B00129F5312249B790002AB09C082C082
:101DE0008390188CE070031220B112249B029E583D
:101DF00074F0120BE090188CE09018857008E4F0F5
:101E0000F9121FA3803B7401F090188CE0F9121FA7
:101E1000A390188CE0F46029E0F50CE4F50DF50EC4
:101E2000F50FF0908400780812149D780C79081250
:101E30000A79780C1211D47A807B00129F601211FB
:101E4000B97A857B1879411222AF02B9D41211B93F
:101E50007F06020EE812240BD083D0820211867412
:101E6000F0120BE074E312126C740112151012A43C
:101E700002A3ECF0A3EDF0E9FF7E00750C018E0DDE
:101E80008E0E8E0F9019077401F07C187D0079007A
:101E90007405121244121B4D74011215101214D540
:101EA00074051215101214E1740A121510EFF07473
:101EB000091215107403F0740C121510E4F074017B
:101EC000121510850C08850D09850E0A850F0B78F3
:101ED000081213B0E5084509450A450B60010E7468
:101EE00001780C12114212CF7370D3AA21AB227960
:101EF0005A1222A9852182852283E0F508E4F5099A
:101F0000F50AF50B8E0CF50DF50EF50F7808790C2A
:101F1000120A799083C8780C12149D7808790C12F3
:101F20000A79908400780C12149D7808790C120BB1
:101F30007112A140129F4F78081211D4129F5C12A7
:101F400011B974051212441222C1741D02B9D17A5A
:101F5000007B04901952E0F9121CC1227A007B0424
:101F6000901952E0F9121CB574042274F7120BE0B8
:101F70007C011224B302AB0974F7120BE07C0080E1
:101F8000F174F2120BE074FD12126CEAFEEBFF89A1
:101F90000C8C0D12BE5C1229278A088B09EA4B7043
:101FA0000579CA02A1108A828B83A3A3A3A3A3A34A
:101FB000A3E064FE7003A3E0F4700579C302A110EE
:101FC000122A118A0A8B0BA80AA90B850882850997
:101FD00083A3A3A3A3A3A3A3E0687003A3E06970F2
:101FE0000579C202A11090190512AACB8508828535
:101FF0000983E0687003A3E06960098508828509A8
:102000008312A27890190512D125122B9785088288
:10201000850983A3A3A3A3A3A3A3A3A3A3E00490DD
:10202000191812A2617401121510740212B163AE74
:102030000AAF0BEA4F700302A107EA128587888274
:10204000F5837406F09018F2E088828983A3F01279
:10205000B1583F12A127EE241AF582E43FF583120E
:10206000A40212A11F740112AAB77440F0A3E412D3
:10207000A13012A13912A115E50DF0EEFAEFFB1215
:10208000246BE9FE600302A109901907740912A1EB
:102090003012A26E9018FAE0650C6003E50CF07A3D
:1020A000FB7B18794B1222AF7A057B1979501222EB
:1020B000AF7AFA7B1879E11222AF7AF87B1879535C
:1020C0001222AF12A140901BAC12D125122A3B90D4
:1020D0001BA812D125122A3512D4BEE4F50AF50B3D
:1020E00078081211D47A0112CFBF1211B9129F4F82
:1020F00012D4BE7402780812114278081211D41258
:102100009F5C1211B980027E10901743E4F0EEF943
:102110007403029E4DEE2411F582E43FF58322EE16
:10212000128B673FF58322F5837401F0122A0B228C
:1021300012CB88A3A3A3A3A32212C1E0129AF02278
:10214000901BAA128590901888129AF0901BA812E2
:10215000859090188A129AF02274F6120BE074E5BA
:1021600012126C12A2518908901907E064046005EC
:10217000E06408700579C202A24C7426121510E0C2
:1021800064FE7003A3E0F4700579C302A24C7C19CD
:102190007D0079007402121244121B4D90190774CD
:1021A0000312A54679501222AF7426121244794BBD
:1021B0001222AF85218285228312A278E508901829
:1021C000FAF0742612151012A26E7425121510E082
:1021D000F5099018F212A26174CE55094480C0E04E
:1021E000741A121510D0E0F07428121510E0049043
:1021F0001918F074171215107402F07426121510C5
:1022000012AACB740F121510E8F0A3E912AAC47435
:102210001812151012AA8E740D121510E508F0741C
:102220000A121510E4F090190D740FF07A0D7B1955
:1022300079541222AF90190C740FF07A0C7B197933
:10224000471222AF74021212441222B5741B028B81
:10225000E7852182852283ECF0A3EDF0EAFEEBFF17
:1022600022F0EEFCEFFD7A197B19121CEB2212858D
:10227000909018FB129AF02212CFA5129AF02274B5
:10228000F7120BE0EB90190FF012291502AB09744D
:10229000F7120BE074E912126CEAFEEBFF7508000E
:1022A0008A82F583A3A3A3E0C0E07406121510D0C0
:1022B000E012A38BE0C0E07408121510D0E0F0909B
:1022C0001BC6E0C0E07409121510D0E012C2BC12A7
:1022D000ADDF600D8A828B8312D12512237BE970DA
:1022E0001C7407121510E412A12B7404121510129D
:1022F0008B7B12151074FDF0A374FF8039AC21ADF7
:10230000228E828F8312D12512238D8E828F83A3FA
:10231000A3A3A3E0702E740712151012AAC27402B0
:1023200012151012AA8E8E828F8312AACB740412F9
:102330001510E8F0A3E9F07402121244122A77E9AA
:10234000F508804012AAC5740A12151012AA8E74DC
:1023500014121510740112AA86E0C0E0741512154B
:1023600010D0E0F07416121510E412A3F812BE5F3C
:10237000740C121510AA82AB83121CEB740A121291
:1023800044121FBBA908741702AB0612C2BCA3A358
:102390002274F7120BE074F812126CEAFEEBFF796C
:1023A00000901907E064086005E064047045852129
:1023B0008285228374FDF0A374FF12A12B74021294
:1023C000151012A402740512151012865EE0C0E00A
:1023D0007404121510D0E012A3F8E0C0E0740612E5
:1023E0001510D0E0F07407121510E412A546122A59
:1023F00077E9F9740802AB06F08E828F8322A3A3DB
:10240000A3A3EAF0A3EBF02274F7120BE079011218
:1024100022A3E9FE1223D512236F1229BD122939F6
:10242000901952E0F91228B5EEF902AB0912859025
:102430008521828522832274F2120BE0ECFEEDFFEF
:102440007C00750800E92479602C24FC607624F374
:10245000601324FC601514603E14600302A51D90F7
:10246000190702A5349018F502A534122B7FEA8EC5
:10247000828F8302A5397508C1122B8B8B0DA90D94
:10248000EA49700302A53A8A088B09750A007808A0
:102490001211D87C1780737862790B7A00801788C4
:1024A000828983E064FE7003A3E0F460010CE824F9
:1024B00007F85001090A903892E493FBEAC39B4065
:1024C000DEEC80717508C17862790B7D0080090CA3
:1024D000E82407F85001090D903892E493F509EDCE
:1024E000C39509505588828983E064FE7003A3E098
:1024F000F460DDECF50CEA650C4B70D388088909B3
:10250000750A0078081211D87C077D00EEFAEFFBFF
:10251000121B4174031211B9750800801D747F29C4
:10252000C3945840057508C98010746329F582E486
:102530003418F583E08E828D83F00284E074070204
:10254000B1E9E8F0A3E9F0AA21AB222274F5120B5D
:10255000E08A088B098A828B8312850EEE4F700306
:1025600002A6F29018AB12ADDF60158A828B83A3AE
:10257000A3E0F9EEFAEFFB9018AC12B757123157FF
:102580008E828F83A3A3A3A3A3A3A3A3A3E0640228
:10259000600302A6608E828F83A3A3A3A3A3A3E0FC
:1025A0005402700302A684850882850983A3A3E0F0
:1025B00064E9700302A684850882850983A3A3E0E9
:1025C00064CD700302A684850882850983A3A3E0F5
:1025D00064F0700302A684EE240D12AA806024EE3B
:1025E000241312BE31601C8E828F83A3A3A3A3A3E6
:1025F000A3A3A3A3A312A706701D7A307B01122008
:10260000398014901BCCE0048E828F83A3A3A3A3F4
:10261000A3A3A3A3A3A3F0850882850983A3A3E0B2
:10262000701F750A0080097A367B01122039050A6D
:10263000850882850983A3A3A3E0F8E50AC398402F
:10264000E6EE240A12BE3114F0C0E012A11FD0E061
:1026500012AAA87404F0901BCD12C1DAE812A6F5F4
:102660008E828F83A3A3A3A3A3A3A3A3A3E0640247
:1026700060128E828F83A3A3A3A3A3A3A3A3A3E02B
:102680006406706E8E828F83A3A3A3A3A3A3E0A28C
:10269000E0505F850882850983A3A3E0F9EEFAEF95
:1026A000FB12281F8E828F83A3A3A3A3A3A3E054AE
:1026B000FE12A706850882850983A3A3702AE0700D
:1026C000237A2F7B011220397E00850882850983B9
:1026D000A3A3A3E0F8EEC39850187A367B0112202A
:1026E000390E80E67A318005E070077A2D7B011281
:1026F0002039028CD5F0A3E9F07A207B00901952A2
:10270000E0F9121BA12212A3F812D13312B77A12E8
:10271000A71322122AA7E92274F0120BE074BB124D
:10272000126C12A251750E00750F00740212124C39
:10273000122717740F121510E0700874121215107A
:10274000E060167402121510E0A2E650118E828F1E
:102750008312D11C12A71360057A3502A871740286
:10276000121510E0540C64047004D2008002C20000
:10277000E0A2E55036750F01A200402F12AACF70DB
:1027800003A3E069700512AA7D706B12AACF7003D3
:10279000A3E069601612AA7D701112AADF740212FA
:1027A000124C1227E3E9600302A86F12AA7D702A77
:1027B0007402121510E0A2E650207403121510E006
:1027C000540370167402121510E0540C640C600A65
:1027D000E0540C64086003750E017402121510E0D9
:1027E0005403F87402687022740212124C12AADFA9
:1027F00012272902AA708E828F8312D11C1285861D
:10280000741712151012AA8E80937401687045E532
:102810000EA2E0500D12AA7D7008740212124C1222
:10282000AAE6740212123C741C121510E8F0A3E917
:102830001285857419121510E8F0A3E912AA92C046
:10284000E0741B121510D0E0F07419121244122615
:102850009F02AA70E8600302AA709018EFE064017A
:1028600070178E828F83A3A3A3A3A3A3E0700A7A19
:10287000347B0112203902AA7074441215107402BC
:10288000128585743C12151012AA97E054807003CB
:1028900002A9937426121510740212AAA812AACBC8
:1028A000741E12151012AA8E7405121510E0C0E0E5
:1028B0007427121510D0E0F07404121510E0C0E077
:1028C0007428121510D0E0F090190512AACB7429C3
:1028D00012151012AA8E740812151012AACB742B9E
:1028E00012151012AA8E740A12151012AACB742D8A
:1028F00012151012AA8E7412121510E0F8742F120D
:102900001510E8F0A3E4F0741012151012AACB749D
:102910003112151012AA9712AACB74331215101285
:10292000AAB3E0C0E07435121510D0E012AA86A355
:10293000E0C0E07436121510D0E0F012BE2EC0E0F8
:102940007437121510D0E0F07413121510E0C0E0C7
:102950007438121510D0E0F07415121510E0C0E0B4
:102960007439121510D0E0F0EE242312BE31C0E00D
:10297000743A121510D0E0F0EE242512BE31C0E0FA
:10298000743B121510D0E0F0741E12124412272F5F
:1029900002AA707455121510780812149DA20040F6
:1029A0000302AA24EE240F12BE31C0E074141215E3
:1029B00010D0E0F09018AD12ADDF700302AA7012D3
:1029C000C6DC743C121510E0687003A3E069600374
:1029D00002AA70EE242312AA751211E012AA9E1206
:1029E0000FB778081211D4E50FF50878081211E036
:1029F0008E828F83A3A3A3A3E0F50878081211E0C9
:102A00007409121510120FB7A90E740D12124C741E
:102A1000471212449018AD12AC48123157740B1281
:102A200011B9804CE50EA2E05008740212124C124B
:102A3000AAE6EE241112AA751211E078081211D438
:102A4000E50FF50878081211E07406121510120F40
:102A5000B7901905120FB7EE241212BE31F9744661
:102A600012124C740C12124412282B740A1211B94F
:102A7000744502B9D112ABBBF50C780C22EE2421BF
:102A800012ABBB548022128663A3A322A3A3129A83
:102A9000F02212BE41E022129AF012AA9E22EE24E7
:102AA00021F582E43FF5832212AAAC2212BE45A38F
:102AB000A3A322E8F0A3E9F0EE240FF582E43FF5AA
:102AC00083227401F085218285228312859022124F
:102AD0002A118A088B09A808A90912ABB868221222
:102AE0009AE812B77822129AE812B77812271D22B4
:102AF00074F7120BE0121F85800F74F7120BE012AF
:102B00001F8B8005740D1211B97F01020EE874F756
:102B1000120BE0121F9780F1C082C083121F910236
:102B20009E5874F7120BE0121F9D80DD74F7120B94
:102B3000E07409121510E0F50878081211E0121F70
:102B4000AF740180C1C082C083121FBB029E587443
:102B5000F6120BE0EAFEEBFF9018F2E0A2E1504A19
:102B60008A828B83A3A3A3A3A3A3A3A3A3A3E064A9
:102B7000016037122A178A088B09A808A9098E82D2
:102B80008F83E0687003A3E069601FEE12ABB4644A
:102B90000160178E828F8312D1251223F3E9600A18
:102BA0008E828F8312D1251229CFEEFAEFFB121FEE
:102BB000C1028BEA12ABB922EE240BF582E43FF599
:102BC00083E02274F7120BE0121FC702AB0974F7FF
:102BD000120BE0EAFEEBFF74016970147900122613
:102BE000099038A8E493FC7900EEFAEFFB12257FF8
:102BF00002AB0974F7120BE0121FB502AB0974F4B3
:102C0000120BE074F912126CE9FE8A088B098C0A27
:102C10008D0B90177F12ADDF602BEE852182852210
:102C200083F07401121510780812147F74131215B2
:102C30001012AACB740512151012A54290177F121C
:102C4000AC4812315702A53D12D13322C082C08355
:102C500012200F029E5874F7120BE0121FD302AB22
:102C60000974F7120BE0901C36E0F97800800B1223
:102C7000AEEE540D64017001190812AF075003E95C
:102C800070ED02AB0974F7120BE0901C37E0F97895
:102C900000800B12AEEE548D64817001190812AFE2
:102CA000075003E970ED02AB0974F2120BE0890AD8
:102CB000E975F007A4A9F0240FFEE439FFEE2AFA23
:102CC000E43FFB12ACFB602CEEFCEFFD7900121B25
:102CD0004DE50812BBA712AFBFE50AF0E5082EF8D4
:102CE000E5093FF9850882850983A3A3A3A3A3A3CC
:102CF000A312AA8CAA08AB09029E50121BF58A08DF
:102D00008B09EA4B2274F6120BE08A088B09122514
:102D100055E9F8901C35E0F9E8C3994009901893FB
:102D200012D12512255BE5082402FEE43509FF9047
:102D3000189512C6D6F0901895E004F0AA08AB09D1
:102D40001225618E828F83E00287A1C082C08379C1
:102D500000901893800109E0FAA3E08A82F583E5E8
:102D600082458370F1029E5874F7120BE0EAFEEB85
:102D7000FFEA4F605A90189312ADDF605288828943
:102D8000837A007B00EE65827003EF65836013AA8F
:102D900082AB8312CA828882F583E5824583602FE5
:102DA00080E3901893E0F8EE687002EF698E828FEE
:102DB00083700812AACB9018938003128B8912AAF1
:102DC0008EEEFAEFFB1226CFEEFAEFFB121BFB02A0
:102DD000AB09EE75F006A4F8AAF012C308F5831249
:102DE0008590E84922C082C083901893800488822D
:102DF000898312ADDF600A888289831293CA4D707D
:102E0000ED8A828B83E4F0A3F0E84960068882892A
:102E100083800390189312A402029E5874F7120B39
:102E2000E0E9FD90189380048A828B8312AE55608E
:102E30001D7C0080010C12AEA3ECC39850EAEC7527
:102E4000F007A4F8A9F012AE9A6D70E980047A0038
:102E50007B0002AB0912B77AEA4B2274F7120BE03F
:102E6000E9FE7D0080010D12AEA3EDC3985024ED64
:102E700075F007A4F8AFF0EFF912AE9A6E70E7EDB7
:102E800075F007A4F812AF194CF0E8240FFAE439F2
:102E9000FB80047A007B0002AB0912AF11241312ED
:102EA000AF222212CD18F82274F6120BE0E9FEEAE6
:102EB000FF1225678A088B09A808A909EA49602B2F
:102EC0007C00801AEC75F007A4FAABF0E82AFAE966
:102ED0003BFB128B6612BF146E7002EFF00CE8120F
:102EE000BBA712CF8BFAECC39A40D9028BEAE875E4
:102EF000F007A4FCADF0EA2CFCEB3DFDEC2414F54E
:102F000082E43DF583E02212CD18FCE8C39C22EF59
:102F1000F9EA28F8EB39F9E82212AF0F241412AFBE
:102F20002222F582E439F583E02274F6120BE012D6
:102F300026757A00801AEA75F006A4F8A9F012C284
:102F4000C212BE51A3E412C3E0F0A312BE56F00AAF
:102F50009038A612C1C340DE7A00801CEAF50875DD
:102F600009007403780812138A12BE1A74FEF0A3C3
:102F70000412CA0DA3E4F00A90389012C1C340DCD9
:102F80007900801BE9F508750900740378081213AD
:102F90008A741A12D35D740D12AFBF12D6CA09908B
:102FA000389E12C78540DD90389CE493901897F0C6
:102FB000908400120FB312CFBD028BE7F582E412AA
:102FC00084682274F1120BE074F512126CEAFEEBC5
:102FD000FF89088C09E9A2E050117EFC7FFFA2E185
:102FE0005005D2E402B067D2E3807C12B45470037F
:102FF000A3E069600EAC087902EEFAEFFB122657E7
:10300000E97005790002B145E508F50A780A121160
:10301000E0790212B14A1211B9E9600302B143E545
:1030200008C2E5F508A2E64040740312124CEEFA1D
:10303000EFFB122387E9702B12BE5CEEFAEFFB1256
:103040002B738A0A8B0BEA4B601FEA2402FAE435E1
:103050000BFB12237BE9601112992F7403121244A7
:10306000121CEBE508D2E5F508901896E0F50E90F5
:1030700018F8128DE8780A1211DC7D017C00901896
:1030800096E0F9AA0AAB0B12261574021211B9E9DF
:10309000F8901896E004F0E9600302B143E508A255
:1030A000E55004740E80027406C0E074011215101D
:1030B000D0E012B163EA4B700302B13F12B1583550
:1030C0000B12A127E50A241A12B18BEAF0A3EB1226
:1030D000B18212AACB8882F5837401F07478550806
:1030E000A312D6D1E50EF0EE88828983A3A3A3F0C4
:1030F000EF12B170E4F0E508A2E5500F740312126C
:103100004CE82406FAE439FB121CEB850A82850B95
:1031100083A3A374FDF0A374FFF0E5096016903853
:103120008DE493F8E509C398500AE50A241312B117
:103130008BE509F0AA0AAB0B12246BE9F98006793A
:1031400010800279C7740B02B3057CFE7DFFEEFA96
:10315000EFFB1225D3740122EA12B15D222417F588
:1031600082E422F0AA21AB22122A8F8A0A8B0B2238
:1031700088828983A3A3A3A312B17C2212CA07A3C6
:10318000A322F0E50A240B12B18B22F582E4350B61
:10319000F5832274F4120BE07A007B1012BE656096
:1031A000089019647401F0803C901866E064019006
:1031B0001BC37006E0FC79018004E0FC79037A000F
:1031C0007B0012257F90387EE493F508740193F517
:1031D00009E4F50AF50B78081211D47A007B101275
:1031E0009F601211B9800574181211B97F04020E84
:1031F000E874F1120BE08A088B098C0A8D0B890E9A
:1032000012A71360057AFF02B2CF901BC2E06402DE
:10321000600302B2F312D4AF600302B2ED7900AAE8
:1032200008AB0912265DA90E12C1A4AE0CAF0DEABF
:103230004F700302B2F38A828B83A3A3A3A3A312CA
:10324000C91E707312D1258E828F83A3A3A3A3A35B
:10325000A3E05418604F903893E4938E828F83A339
:10326000A3A3A3F0740F12151012BE5F74111215F0
:103270001012AACBEA650A7003EB650B6010EA6CCA
:103280007002EB6D6008EA687002EB69701D880CD3
:10329000890D780C1211DCAA0AAB0B122BAF740249
:1032A0001211B980069018F712B2FC74FE6A70030E
:1032B00074FF6B601E8043A3A3A3E0640360228AB3
:1032C000828B83A3A3A3A3A3E0640470067AFE7B8E
:1032D000FF80278E828F83A3A3A3A3A3E064026051
:1032E000127907AA08AB09122687E96006AA08AB7B
:1032F000098007AA08AB09122591800C12C6D6A333
:10330000A3A3A3F0221211B97F07020EE874F712EB
:103310000BE0EAFEEBFF1223EDE9700AEEFAEFFB99
:103320001223F9E96006EEFAEFFB80047AFE7BFFD8
:1033300002AB0974F0120BE074FF12126CE98521E4
:1033400082852283F08A088B098C0E8D0F7E0012F5
:10335000A7137900600302B44F12C87B8A0A8B0B53
:10336000EA4B60658A828B83A3A3A3A3A3E06403D3
:1033700060238A828B83A3A3A3A3A3E064016003D9
:1033800002B44D79078A828B8312D123122687E9F2
:10339000600302B44D7F02850A82850B83A3A3A339
:1033A000A3A3A3E0541870617900AA0EAB0F12B466
:1033B000547003A3E069707D9038A8E493FC12B4C4
:1033C0006512257F7E0102B44DAA08AB0912259132
:1033D00012D51560788A828B83A3A3A3A3A3E0A24E
:1033E000E0506A7F01A2E150127901AC08AD09AA50
:1033F0000EAB0F1225AFE970AF80528A828B83A388
:10340000A3A3A3A3D2E1F0809F7E01850A82850B4E
:1034100083A3A3120FB7750AFE750BFF780A12116A
:10342000DC7900AC08AD09AA0EAB0F122669740452
:103430001211B98018EFF9AC08AD09AA0EAB0F1242
:1034400025AFE970087E0112B465122609EEF97401
:103450000102B9D112265D8A0A8B0BA80AA90B902A
:1034600018F8E06822852182852283E0F9AA08AB5A
:10347000092274F0120BE074EC12126C8A0E8B0F9E
:103480008C088D097402121510E4F0A3F0750B0678
:1034900012C1E57402121510128B7B12151012ADB9
:1034A000DF600F740212151012B756A3E07003020A
:1034B000B61BE50E241DF50CE4350FF50D850C82C9
:1034C00012B9ACC0E07401121510D0E012D6D1A32D
:1034D000E0FA88828983A3A3A3A3E0F8E4C8F9EA09
:1034E00028FEE439FFAA08AB0912260FE9F9850C7A
:1034F00082850D8312B764E029852182852283F0BD
:10350000E50AA2E55003750B0E7487550A700D7419
:1035100018550A6418600512B991600A7AD37B00C5
:1035200012203902B61B530A7878081211DC7D008C
:103530007402121510E0FC740312151012B78D12EC
:1035400011B9E9F8740368700302B61BE96003025D
:10355000B60B7418550A700302B620E50AD2E0F5DE
:103560000AA2E45004D2E1F50AA90A12B76D1226A4
:1035700051EA4B60538A828B83A3A3A3A3A3A3E046
:10358000541860448A828B83A3A3A3A3A3E064019D
:103590007036740212151012ADDF602C12BE5C8AF8
:1035A000828B8312D123122B9DEA4B601B8A828B64
:1035B00083A3E06013740212151012C567F88A82A3
:1035C0008B83A3E0C3984053E50AF50B780B1211E7
:1035D000E012B7801211B9E970317C007D007424CB
:1035E00012151012B75B850E82850F83A3A3A3A3C8
:1035F000A3A3A3A3E0600612B74A12BE5F8521828F
:10360000852283E0F912B76D122525742412151056
:1036100012BEFAF47003A3E0F46036790002B745F5
:103620009018F1E0600FE50AF50B780B1211E0122B
:10363000B7801211B9E50AF50B780B1211E0790089
:1036400012B14A1211B9E970C2742412151012B7DE
:103650005B78081211DC7D017402121510E0FC7415
:103660000312151012B78D1211B9A90AEEFAEFFB69
:1036700012BC3A7003A3E069600302B72EEEFAEFC2
:10368000FB128BDD60288A828B83A3A3A3A3E06453
:1036900001600D8A828B83A3A3A3A3E06402700E52
:1036A000740412124CEEFAEFFB1223878013122AD5
:1036B0000B8A088B09AC08AD097404121244121C61
:1036C000EB850E82850F83A3A3A3A3A3A3A3A3E0EB
:1036D0006401700E12B74A12BE5F740C12124412CB
:1036E0001CEB12B97A12C5654430F508780812113E
:1036F000E0740512123C8808890978081211DC74FC
:103700000F12123C8808890978081211DC7406121D
:103710001510E0F50878081211E07900EEFCEFFDD5
:1037200012B76D1225A974061211B902B61B8521B4
:1037300082852283E0C0E012B97AF58312B764D0A3
:10374000E0F0122A23741402B9D1E50E2415F58293
:10375000E4350FF58322A312D1362212D13374FF40
:10376000F0A3F02212D133A3A3A3A3A32212B77113
:1037700022E50E12BBAF350FF583E0FAA3E0FB2282
:103780007901AC08AD0912B77112B15222E0F912F9
:10379000B77112261574022274F0120BE074EE1247
:1037A000126C8A0E8B0FECFAEDFB750B0812BE5CE7
:1037B000122B9D8A088B09AC08AD09EA4D601F8A5F
:1037C000828B83A3E0701712C1CF5001097A027B6C
:1037D0000012097EE88C828D83F0A37407F012B981
:1037E0007A12B9ACC0E07401121510D0E012BE56C6
:1037F00012B99EE0FAE4CAFBEC2AF508E43BF509AD
:1038000088828983A3A312B99EA3A3E0FBECFEE404
:103810003BFF88828983A3A3A3A3A3A3A3E085215D
:1038200082852283F0E50AA2E45003750B10A2E51D
:1038300050067408250BF50B748F550A700512B9E4
:1038400091600A7AD37B0012203902B976530A704C
:103850007800E50AA2E4501B12B9842408FCA3E016
:103860003400FD740A121244121CEB7808E50AC2F7
:10387000E4F50AE50AA2E5501F12B98428F8A3E08E
:103880003400F9E82408FCE439FD740212124412F1
:103890001CEBE50AC2E5F50A740112151012B46BAF
:1038A00012264BE9F912C782504AE9F50C750D0052
:1038B0007403780C12138A74DF250CF582740C12D1
:1038C000D2BCE0F8852182852283E0C3985022E0B3
:1038D000C0E0E9F50C750D007403780C12138A74BE
:1038E000DF250CF582740C12D2BCD0E0F078008099
:1038F0000502B97678049018F8E065087004A3E032
:1039000065096063E87014E50AF50B780B1211E0A5
:1039100012B9BF1211B9E9705D8005740468705660
:10392000780A1211E0740312123C880A890B780A93
:103930001211DC740D12123C880A890B780A1211DC
:10394000DC7406121510E0F50A780A1211E074060C
:10395000121510E0F9EEFCEFFDAA08AB091225A93B
:1039600074061211B9800FE50AF50878081211E003
:1039700012B9BF1211B974128057E50E241DF582D9
:10398000E4350F22E50E241DF582E4350FF583E0C2
:1039900022E50E12B15D350FF583E0650B22A3A37E
:1039A000A3E0FC88828983A3A3A3A32212858E8827
:1039B00082F583A3E0F50A88828983A3A3E02279B4
:1039C00001E50E12BBAB350F12D5CD12B14E2274EC
:1039D0000E1211B97F08020EE874F0120BE074F4B5
:1039E00012126CE985218285228312A25B8C088DDC
:1039F00009741C121510E0F912264BE9F890389062
:103A000012CF845021E8F50A750B007403780A126E
:103A1000138A74DD250AF582740C12B18EE0F50E5E
:103A2000A3E0F50F8006750EFE750FFF74021215E8
:103A3000107408F07421121510E0A2E4500874020A
:103A40001215107410F07421121510E0A2E550093F
:103A50007402121510E02408F07401121244122AA4
:103A60008F8A0C8B0DEA4B700302BB9812B158354C
:103A70000D12A127E50C241A12D2B912A402740463
:103A800012124CAA0EAB0F122387E9600D12D2B5A9
:103A90007401F0740412123C80227421121510E09B
:103AA000A2E45022E50E6E7003E50F6F701812D27B
:103AB000B57401F0741D12151012AACBE50C241870
:103AC00012D2B912AA8EE50C12BBA7350D128DE6E3
:103AD000850A82F5837402F0742112151012BB9DC1
:103AE000F0741C12151012BB9DA3F0EE850A82859E
:103AF0000B83A3A3A3F0EF850A82850B83A3A3A363
:103B0000A3F0850A82850B83A3A3A3A3A3E508F0F2
:103B1000E509850A82850B83A3A3A3A3A3A3F0AA27
:103B20000EAB0F12260F852182852283E029850A9C
:103B300082850B83A3A3A3A3A3A3A3F0780074217E
:103B4000121510E0A2E45016741D12151012BE5F7B
:103B5000E50A2408FAE4350BFB121CEB7808742103
:103B6000121510E0A2E5501A741F12151012BE5F54
:103B7000E50A28F8E4350BF9E82408FAE439FB12E1
:103B80001CEB850C82850D83A3A3E50EF0A3E50F46
:103B9000F0AA0CAB0D12246B740C02B9D1E0850AAB
:103BA00082850B83A322EA12BBAB2212BBAF222475
:103BB0000BF582E42274F4120BE08A088B09ECFE08
:103BC000EDFF750A019018F8E06A7003A3E06B60DE
:103BD00013750A00780A1211E0122AE97401121111
:103BE000B9E9F50A7900AA08AB0912BC3A7003A337
:103BF000E06970417900EEFAEFFB122651EA4B6062
:103C00002B8A828B83A3A3A3A3A3A3E05418601CD5
:103C10007508FE7509FF78081211DC8A828B83A370
:103C2000A3120FB712D5B81211B980097901EEFAB3
:103C3000EFFB12251FA90A02B1EC12265D8A088B40
:103C400009A808A9099018F8E0682274F2120BE09C
:103C50007E627F0B7A1012BE63700C908400120F8C
:103C6000B312CFBD1211B9901897E014F06003029F
:103C7000BD1890389CE493901897F07C0079057AF1
:103C8000007B0012298D8A088B0902BD0F7C007908
:103C900005AA08AB0912298D8A0A8B0B8508828533
:103CA0000983A3A3A3A312ADDF605EE5082404F893
:103CB000E43509F98882F583E024FFF0A3E034FFBE
:103CC00012BE5612ADDF7041850882850983A3A319
:103CD000A3A3A3A3E054046013850882850983A3EA
:103CE000A3A3A3A3A3A3A3E0F91226398508828581
:103CF0000983A3A3A3A3A3A3A3A3A37406F07AF0A9
:103D000085088285098312CA6C850A08850B09E536
:103D1000084509600302BC8D75080080658E828F9E
:103D200083A3A3A3A3E06051F4604EEE240412BE6B
:103D30003114F070448E828F83A3A3A3A3A3E06405
:103D400003701379028E828F8312BE5F8E828F83FF
:103D500012D1231225AF8E828F83A3A3A3A3A3E046
:103D6000640160158E828F8374FE12BE351412BEFC
:103D700035A3A3A3E412BE3DF00508EE2407FE50D0
:103D8000010F90389212BE1240937E00803B1229A0
:103D9000B1EEF5087509007403780812138A74DA15
:103DA0002508FC740C3509FD7ABB7B2512299FEA96
:103DB0004B70DBEEF5087509007403780812138A5E
:103DC00012BE1A12BE51E4F00E90389012D4085070
:103DD0001FEEF5087509007403780812138A12BEE5
:103DE00023E82407F582E412CF8B14F070DA80A167
:103DF0007A008010EA75F006A4F8A9F012C3E56015
:103E00000214F00A9038A612C1C340E8029E5090F6
:103E100038A6E493F8E508C3982212BE238882F5F9
:103E200083A32274DA2508F8740C3509F922EE24EC
:103E30001112ABBB22F0A304128663A32212BE416F
:103E40002212BE4522F08E828F83A3A3A3A3A3A335
:103E50002274FEF0A304F08882898322901905124F
:103E6000D5CF227B00901952E0F9121CC7EA4B4CC7
:103E70004D2274F7120BE074DA12126CECFEEDFFB7
:103E8000750800EC4F606C12CA7EC8241FF582E4EE
:103E90003812ADDD605D8A828B8312D125AC21ADF5
:103EA00022EA241EF582E412BF14F9EA241FF582E7
:103EB000E412BF191229F3740B12151012BEFF7011
:103EC00003A3E069702D7402121510E064017023E1
:103ED000741D12151012BEFA64017017741D1215AC
:103EE0001012B756A3A3E0F88E828F83E0687003A8
:103EF000750801A908742602AB0612D133E022121C
:103F0000BF05E0682212BF0922E0F8A3E0F98E8223
:103F10008F83A3223BF583E0223B12B7782274F40F
:103F2000120BE0E97016790012BF4774FE6E700341
:103F300074FF6F700C903899E4936005790112BF9B
:103F400047122A59029AD91225C78A0A8B0BAE0A40
:103F5000AF0B2274F6120BE074F312126C121B59A1
:103F60008A088B09AE08AF099018F8E06E7003A3B9
:103F7000E06F60E9122A17EA6E7002EB6F60DEEE06
:103F8000FAEFFB12A71370D5EE4F60D18521828521
:103F90002283E4F004121510EEF0A3EF12A54612EE
:103FA000239FE970B874FE6E700374FF6F60AEEE0D
:103FB000FAEFFB740D028BE7C082C083122A59020C
:103FC0009E5874F2120BE0EAFEEBFF8C088D098913
:103FD0000B74FC6E700374FF6F700302C19579005F
:103FE00012265D8A0C8B0DAE0CAF0D740E121510DF
:103FF000E0F50A9018F8E06E7003A3E06F7009E531
:104000000AA2E6400302C195A90A12C19A703B793F
:10401000007AFE7BFF12C19A70307418550A700343
:1040200002C0BF7A0080010A90389212C1C34003D7
:1040300002C0BFEA75F007A4F8A9F012D40F541813
:1040400070E5746228F8740B39F988828983EEF080
:10405000A3EFF074FE6508700474FF6509600D88B5
:10406000828983A3A3E508F0A3E509F08882898308
:10407000A3A3A3A3A3A3E50AF0A2E0500D8882891D
:1040800083A3A3A3A3A3A3D2E2F07401650B888248
:104090008983A3A3A3A3A37031740112CA0DE054B2
:1040A000186021903893E49388828983A3A3A3A303
:1040B000F012C1E5EA4B600302C1957D00803679BC
:1040C0000202C1979018F7E080DEE06401700302FD
:1040D000C19588828983A3A3A3A3A3A3E0541860F6
:1040E00007903893E49380049018F6E012B170E5DD
:1040F0000B02C1940D90388FE493F8EDC398400300
:1041000002C1957C008030EC75F007A4F8A9F0742A
:104110006428F582740B39F58312AACBED75F0177C
:10412000A4FAABF074F22AF582740912BF14687015
:1041300003A3E06960BE0C903892128DD440C8E4AD
:10414000936C70B0ED75F017A4F8A9F074F228FE26
:10415000740939FF7C177D007900EEFAEFFB121B22
:104160004D8E828F83E508F0A3E509F090190512C2
:10417000C1DAA3A3A3A3A3A312AAB374AAF012C182
:10418000AC740112C1CA5001097A027B0012097E87
:1041900012C1B6E8F07900029E5012C1A4A80CA981
:1041A0000DEA49221226518A0C8B0D22EE240EF5BF
:1041B00082E43FF58322EE240DF582E43FF583226D
:1041C0009038A1E493F8EAC39822F012C1CF22906C
:1041D00038A7E49379002401F82212C1E0A3A322B6
:1041E00012BF09A32212CD07122B9D2274F2120BCB
:1041F000E08A088B09E9FF8C0C8D0D900DAF12C77A
:10420000854005790502C2B9122015AA08AB09122A
:10421000C2F070097AFE7BFF1225E5E9FE9038A610
:1042200012D408400302C2B712ADD2600CEE75F092
:1042300006A4F812C30812C2D1EF602112C2DAEE4E
:1042400075F006A4F8A9F0747A28F8740C398882FD
:10425000F58312A3FEEA4B70157901805CEE75F0D0
:1042600006A4F8A9F012C30AF583E4F0A3F0EE75F2
:10427000F006A4F812C2C2E508F0A3E50912BE5682
:10428000A3AA82AB83EFF0901BC4E08882898312DB
:10429000C2BCE0601E12ADD26019850C08850D0904
:1042A000750A0078081211D812C2E3EAF912C2FCAA
:1042B0001211B9790080027907029E50F08A828B30
:1042C0008322747A28F8740C39F98882F583A3A3C1
:1042D00022F58312B77A121BFB222FFAE433FB126A
:1042E0001BF522EF2FFCE433FDEE75F006A4F82257
:1042F0001225E5E9FE9038A6E4936E2212C30A1255
:10430000B778121B41740322EAF9747E28F582748F
:104310000C392274F7120BE0ECFEEDFF12CF7C504B
:104320002DE875F006A4F8A9F012C3F08882F58391
:10433000A312C700A3A3A312AACB7409121510E0FD
:10434000FAA3E0F5838A8212AA8E790080027904AA
:1043500002AB0974F7120BE0750800801DE50875C3
:10436000F006A4F8A9F0747C28F582740C12CF8BA7
:104370006A7003A3E06B6062050812BE0F40DEE4C2
:10438000936508705574FE6A700374FF6B704B750B
:1043900008008002050812BE0F503FE50875F006C0
:1043A000A4F8AAF0EAF912C3E570E912C3F0A3A3D6
:1043B00074FE12C3DD12ADDF6020E50875F006A4BF
:1043C000F8EAF912C3F0E82404FEE439FF8E821201
:1043D000C2D18E828F83E4F0A3F0029A5DF0A30431
:1043E00012CA03A322747A28F582740C12AF252214
:1043F000747A28F8740C39F92274F1120BE08A08E7
:104400008B09EA241DF582E4350912C565FE605169
:10441000EA241D12C6EC2402F8A3E03400F9900D42
:10442000AFE493FAEEC39A400302C5567A00802C9B
:1044300088828983E0F50AA3E0FCE4CCFDE50A2C40
:10444000E43DF50BEA25E0FCE433FD74C22CF58273
:10445000740C3DF58312C5595001090AEAC39E4008
:10446000CF8508828B83A3A3A3A3A3A3A3A3A31293
:10447000C5707003A3E069700912C5791225D902CD
:10448000C55612C6E8700302C5567B00EEFF7A00DF
:1044900080010AEAC39E501CEA25E0F8E433F9746F
:1044A000C228F582740C12C56D7003A3E06970E236
:1044B000EAFF7B018B0E790012D11612C1A4EA4BE0
:1044C00060478A828B83A3A3A3A3A3E0640170390E
:1044D0008A828B83A3A3A3A3A3A3E05418602A8A90
:1044E000828B83A3A312BE5F7AC27B0CEEF91226E5
:1044F0007BE97006E50EA2E0500F12C57912268105
:10450000850C82850D8312A40012C6E8F974FF2978
:10451000F0750A01780A1211E0750AC2750B0C7861
:104520000A1211DCEFF50A780A1211E0E5082412EC
:1045300012C6ECF50A780A1211E0E508241512AF4C
:10454000BC120FB712C70EFCA3E0FD12D116122544
:10455000F174071211B902B308E50AF0A3E50BF0F4
:10456000E82402F822F58312D133A3E02239F5833F
:104570001285909018F8E068227CC27D0CEEF9E577
:104580000812BBAB350912B7782274F0120BE07435
:10459000FC12126CE9852182852283F08A0E8B0F32
:1045A000ECFEEDFF7417121510E0F50A741A1215DF
:1045B00010E0F50B6008E50AC3332404800274029E
:1045C000C0E07402121510D0E0F07401121244120F
:1045D0002A8F8A088B09EA4B700302C6D18A828B24
:1045E00083A3A3E50EF0A3E50F12A38BA3A3EEF024
:1045F000A3EF12C6F8E0C0E0EA241312AFBCD0E08B
:10460000F07416121510E0C0E0EA241412AFBCD00A
:10461000E0F0EA241712C6EC6401703612C6DC859D
:104620000882850983A3A3A3A3E0687003A3E069BC
:104630006020741412151012ADDF600DE508241A05
:1046400012AFBCE8F0A3E98008E508241712AFBC5C
:10465000E4F012C70EFEA3E0FF8E82F5837405F02E
:10466000E50B7009A3E50AF0EE2402805D740125D4
:104670000AA3F0EE2402FE50010F7A0074181215FE
:104680001012AACB801B8882898312C70012C6D65B
:10469000A3F0E82402F8500109EE2402FE50010FB5
:1046A0000AEAC3950A40DF8E0A8F0B850A82850BC2
:1046B00083A3AE82AF83122A11EA850A82850B8317
:1046C000F0122A11EB8E828F83F0AA08AB09122414
:1046D0006B740402B9D1E08E828F8322122A118A70
:1046E0000C8B0DA80CA90D22E5082411F582E4120B
:1046F0008468E022E8F0A3E9F08521828522832204
:1047000012C6D612C70722F088828983A322128498
:1047100063E022C082C083E929FCE433FDEA2CFA7D
:10472000EB3DFBEA24FEF582EB34FFF58312D12545
:10473000029E5874F3120BE089088A09ECFEEDFF23
:10474000900DAF12C7855033750C008002050CE543
:104750000CC39508501B122A11A80CE828F8E43362
:10476000F9EE28F582EF12CF8B6A7003A3E06B702D
:10477000DCE509650C70047901800279007F05028F
:104780000EE8903890E493F8E9C3982274F0120B85
:10479000E074F212126CE9852182852283F08A0886
:1047A0008B09ECFEEDFF750A0012A7137900600378
:1047B00002C87812C87B8A0E8B0FEA4B700302C8BE
:1047C000768A828B83A3A3A3A3A3A3E0A2E24003E0
:1047D00002C876122A11EA6E7002EB6F7008780A2E
:1047E0001211E0E48036EEFAEFFB1223F3E96401E4
:1047F000706174011215107404F07402121510EE39
:10480000F0A3EFF0740112124412239FE9640170C7
:1048100042750A01780A1211E0E4F50AF50B780AEC
:104820001211DC780A1211E0780A1211E0740912F0
:10483000151085820A85830B780A1211DC90388D59
:10484000E493F9EEFCEFFDAA08AB091225F1740719
:104850001211B9850E82850F83A3A3A3A3A3A3E09E
:10486000A2E1400F850E82850F83A3A3A3A3A3A378
:10487000C2E2F0750A01A90A02B9CFAA08AB09126F
:10488000265D852182852283E0F91226512274F665
:10489000120BE0E9FE790012265DEEF91226518B2B
:1048A00009A909EA49601D8A828B8312D6CA8A82C5
:1048B0008B83A3A31412C8CDE412C8C912C8C9A31C
:1048C000F0F980027904028BEA12CB9622F0A3045D
:1048D00012C2BCA3A3A3A32274F4120BE0750807B1
:1048E0009018ECE0703312D8F0602E9018F112C9D5
:1048F0001E701A12D8E9F88E828F83A3E0C39850F5
:10490000048908800D8E828F83A3E0800312D8E98A
:10491000F508E5087003750807A90802B1ECE06422
:10492000018A828B83A3A32274F0120BE08A0C8B82
:104930000DE9FE8C08EDFF12264BE9F974101215F3
:1049400010E0F50EA3E0F50F12C7825043E9F50A17
:10495000750B007403780A12138A74E0250AF58235
:10496000740C12B18EE0F8E508C398501FEF607424
:10497000E9F50A750B007403780A12138A12C9E963
:10498000A3A3A3A3A3E50812C9F98057790380560E
:1049900079007AFE7BFF12264BE9F9903890E49378
:1049A0006970047902803FEF603AE9F50A750B00FF
:1049B0007403780A12138A12C9E9E50CF0A3E50D15
:1049C00012C9F912CA0DE50812B17874FFF0EE8829
:1049D000828983F09018F6E088828983A3A3A3A339
:1049E000A3A3A3F0790002B9D474DA250AF8740CF1
:1049F000350BF98882F583A32212CA03E50EF0A3D2
:104A0000E50F2212CA072212C707A3A32212B17C04
:104A1000A322C082C0838A828B83A3A3A3A3A3E41F
:104A2000F0780080010890389E12CF84501D12CF7C
:104A30008FF98C828D83A3A3A3A3A3A3A3A3E0696F
:104A400070E3ECFAEDFB1229B7801EE4936870194D
:104A50008C828D83A3A3A3A3A3A3A3A3A37406F013
:104A60007A008C828D8312CA6C029E5812CA82C848
:104A7000240CF582E438F583E0F91228CD228A82ED
:104A80008B83E0F8A3E02274F4120BE08A088B0910
:104A90008A828B8312CB8EE0F91229938A0A8B0BC0
:104AA000AE0AAF0BEA4F700302CB818508828509FD
:104AB00083A3A3E070348A828B83A3A3A3A3A3A3BD
:104AC000A3A3A3E064028A828B83A3A3A3A3A3A3CB
:104AD000A3A3A3600F7406F07AF08E828B8312CAB0
:104AE0006C02CB817406F002CB8185088285098334
:104AF000A3A3A3A3A3A3E0606B850882850983A376
:104B0000A3A3A3E0607BE508240312C6EC14F070B5
:104B1000709018E5E0850882850983A3A3A312CBD2
:104B20008412CB8EA3A3A3A3E064037054850882F0
:104B3000850983A3A3A3A3E0603C8A828B83A3A3FC
:104B4000A3A3A3A3A3A3A37404F0121B59EA540FB5
:104B5000790024015001098E828F83A3A3A3A3129D
:104B6000A6F5801D8A828B83A3A3A3A3A3A3A3A3DB
:104B7000A3E06403700BEAFCEBFDAA08AB09122664
:104B80001B02B1EC12CB8822129C25A3A322A3A363
:104B9000E01412CB9622F08A828B83A3A3A3A3A353
:104BA0002274F6120BE079007E008026EEF508757F
:104BB00009007403780812138A741A2508FA740D10
:104BC0003509FB8A82F583A3A3E0600512262179CB
:104BD000010E90389E12D40840D2E9A2E07A407BC0
:104BE00000901952E0F95019121CC7EA4B4C4D7055
:104BF00028908310120FB37A4012CFBF1211B980E0
:104C000018121CC1901874E06401700DE4F0901843
:104C100075E0F912286D122009028BEA74F4120B68
:104C2000E08C088D097E1A7F0D7C00803C8E828F7F
:104C300083A3A3A3A3A3A3A3E0F8EA2412F582E429
:104C400012BF1468701B8E828F8312AACB12CD14F0
:104C5000687003A3E06970098E828F83A3A3E0705C
:104C60001A0CEE2408FE50010F90389E128DD4408D
:104C7000BCE4936C7005790002CD008E828F83A313
:104C8000A3A3A3A3A3E0607612CD03122B73EA4B78
:104C9000600D8E828F83A3A3A3A3A3A3E014F07A55
:104CA0000080010A12C1C0501F128A2C60F512D870
:104CB0008365087004A3E0650970E88E828F83A382
:104CC000A3A3A3A3A3E014F090388FE493F8903843
:104CD000A1E493FAE82AF8E43400F98E828F83A3E2
:104CE000A3A3A3A3A3E0FAE89AE99400C365D03391
:104CF000500C8E828F83A3A3A3A3A3A3E4F0790116
:104D000002B1EC12CD0722901905E0FCA3E0FDAA48
:104D100008AB092212CD1822EA12BBAF3BF583E0A3
:104D20002274F0120BE074FD12126C740112151053
:104D3000ECF0A3EDF0E985218285228312A25B7C51
:104D40001A7D0D750801750900750A00750B009034
:104D5000388FE4937808121142F50CF50DF50EF535
:104D60000F780080118C828D83A3A3E0601A08EC79
:104D70002408FC50010D90389E12CF8440E7E49344
:104D8000687005790002CF6E8C828D83A3A3A3A3E4
:104D9000A3A3E4F07A00802E64016005E064037050
:104DA0001D8E828F83A3A3A3A3A3A3A3A3A3E0F435
:104DB0007003A3E0F47007780C79081213FC0A74EE
:104DC0000178081211429038A112C1C4504EEA7500
:104DD000F01CA4F8ABF012D864128EE7121510E0A4
:104DE000687003A3E06960D6EA75F01CA4F812D8D5
:104DF0006412C56D7003A3E06960C3EA75F01CA47A
:104E0000F8EBF9128DE264046003E0708B8C828D04
:104E100083A3A3A3A3A3A3E004F080A27A008067E6
:104E2000EA75F017A4F8ABF0EB128EE3121510E060
:104E3000687003A3E069604EEA75F017A4F8EBF917
:104E400012D86E7003A3E0F4603C74FC28F5827401
:104E50000939F58312CFA1E0687003A3E0697026D9
:104E6000EA75F017A4F8EBF912D859601974012803
:104E7000F582740A12CF8B600D8C828D83A3A3A35D
:104E8000A3A3A3E004F00A90388F12C1C340918C11
:104E9000828D83A3A3A3A3A3A3E0F89038A2E493F5
:104EA000C398500DE4938C828D83A3A3A3A3A3A3E3
:104EB000F08C828D83A3A3A3A3A3A3E0600712BEFB
:104EC0002E6401700B8C828D83A3A3A3A3E4800DB9
:104ED0009018E6E0048C828D83A3A3A3A3F090181E
:104EE000EBE08C828D83A3A3F09018E512CFB4126F
:104EF00085858C828D8312C6F412CFAEF0EE24121B
:104F0000F582E43FF58312CFAEA3A3F012CF736016
:104F100046780080010890389E12CF84503912CF15
:104F20008F600BF9852182852283E06970E7E8F5BF
:104F300008750900852182852283E0C0E012CF96A2
:104F4000D0E0F07402780812138A746B12D35D7487
:104F50000D128FEA12147F7A4012BE63700E908396
:104F600010120FB37A4012CFBF1211B97901740336
:104F700002B9D1E50C450D450E450F221225E5E994
:104F8000F89038A6E493F9E8C3992212AF2522E8F5
:104F9000FA12CF96E02274622AF582E4340DF5838A
:104FA0002212CFA522E0F8A3E0F99019052212CF32
:104FB000B4A3A322E08C828D83A3A3A3227A107BC7
:104FC00000901952E0F9121CBB740422C082C08305
:104FD000780080010890389EE493FAE8C39A50085C
:104FE00012CF8F6970EEE4F0029E5874F0120BE05D
:104FF000EAFEEBFF8A82F583A3A3A3A3A3A3A3A343
:10500000A3A3E06402600302D113EA240D12BE31AF
:10501000600302D0D490198D12ADDF700302D0C4AA
:1050200090199312ADDF700302D0C490199712AD9E
:10503000DF700302D0C490199512ADDF700302D067
:10504000C4901BCBE06401707B901BC7E0A2E050D2
:105050007312D13C123157E9706A901BC9E0700A93
:10506000903755780C1213E98021F5087509007402
:1050700002780812138A128FE51213E99083507890
:105080000812149D780C7908120A79780C1211D440
:105090001290C412315774041211B9E9640170738B
:1050A000EE2402E43F0E0EFF8E82F58312D1291208
:1050B00031578E828F8312D12590199512AC4812E8
:1050C0003157804F7C0179018E828F8312D1231258
:1050D0002645803F90198B12ADDF6037901BCBE0E7
:1050E0006401702F901BC7E0A2E050277A047B0078
:1050F000121B5FEA4B601C8A828B837464F0A3747A
:105100000112865FA3128B8912AA8C901952E0F9C2
:10511000121B6B02B9D4850882850983A3A3A3A3BC
:10512000A3A3A3A3A312B77A2212B77A9019971256
:10513000D13322E0F8A3E0F5838882228A828B8330
:10514000A3A312B77A90198D12D1332274F0120BE7
:10515000E074FD12126C128B75121510E9F0ECFF61
:1051600085218285228312D125122999EA4B600379
:1051700002D2777402121510E0700302D28D750806
:1051800000750900750A00750B00750C01750D009E
:10519000750E00750F0090388FE493780C12114251
:1051A00079008008097401780C1211429038A1121C
:1051B000C7865020E912D2D860EA12D2CD12D303AA
:1051C0006C7003A3E06D70DC850C08850D09850EFD
:1051D0000A850F0B7E0080057A007B000E90389EBA
:1051E00012D408400302D27712D2EC60EFEEF50C35
:1051F000750D007402780C12138A746B250CF582FD
:10520000740D12D2BC85080C85090D850A0E850B1C
:105210000F780C1213B012CF7360C112D2ECF912D6
:105220002993EA4B60B28A828B83A3A3A3A3A3A38F
:10523000A3A3A3E0640570A085080C85090D850A69
:105240000E850B0F780C121430C00CC00DEEF50C4F
:10525000750D007402780C12138A746B250CF5829C
:10526000740D12D2BCD00DD00C780C1213D690381D
:105270009EE493FE02D1DCEA4B60128A828B83A308
:10528000A3A3A3A3A3A3A3A3E064056012EF6022DA
:1052900090190512D303FAA3E0FB1222F180131236
:1052A0008B8312D2FA12D2C1A3A3A3A3A3740112B7
:1052B000A6F802CF6EE50C2416F582E4350DF583D1
:1052C00022129AF08A828B83A3A3A3A32274A62C12
:1052D000F58274073DF5832275F01CA4FCADF074D3
:1052E000AA2CF58274073DF583E0F422EEF874628F
:1052F00028F582E4340DF583E022E0FCA3E0F58399
:105300008C822212D5CF852182852283E02274F6F9
:10531000120BE0E9FC790080010912C7825039E9DB
:10532000F5087509007403780812138A74DB12D328
:105330005D740C12C6EF6A7003A3E06B70DBE9F5D5
:10534000087509007403780812138A74DA12D35DA1
:10535000740C12C6EF6C70C1028BEA74552508F507
:10536000822274F7120BE089085308407E00802ED9
:10537000EE75F007A4F8A9F0746228F582740B1298
:10538000CF8B6A7003A3E06B701374FE6A700374B2
:10539000FF6B605812D40F54406508604F0E903870
:1053A0009212D40840CAE4936E705374FE6A70037C
:1053B00074FF6B70497E0080010E90389212D40801
:1053C000503CEE75F007A4F8A9F0746628F58274D5
:1053D0000B12CF8B70E3A908EE75F007A4ABF07445
:1053E0006228F582740B12BF19122609EE75F007B8
:1053F000A4F8A9F0746228FA740B39FB80047A00CF
:105400007B0002AB099038A1E493F8EEC3982274B4
:105410006828F582740B12AF252274F4120BE0EAAF
:10542000FEEBFF890B8C0A740169700C9038A5E4BF
:1054300093F9122687E970647900EEFAEFFB1226E1
:105440005DA90A1226518B09A9097401650B601424
:10545000EA4960568A828B83A3A3A3A3A3E0650BCA
:1054600070488038EA4960198A828B83A3A3A3A37A
:10547000A3E06401700B8A828B83A3A312D4C18042
:105480000AE50AA2E640238E088F0974FE650870BB
:105490000474FF6509601312D4AF60047900800CB6
:1054A000EE65087003EF650970DD790102B1EC90DB
:1054B00038A5E493F9AA08AB09122687E922901BC4
:1054C000ACE0F508A3E0F5092274F4120BE0EAFE63
:1054D000EBFFE9A2E6500F79FF1226EDEA4B7025AB
:1054E0007AFE7BFF802C12D51560238A828B83A3E2
:1054F000A3A3A3E06401600D8A828B83A3A3A3A36B
:10550000E0640270099018F8E0FAA3E08003EEFA74
:10551000EFFB02B1EC1223FF8B0BA90BEA492274BB
:10552000F4120BE0EAFEEBFF8C0A8D0B740C1215E3
:1055300010E0F50974026960317404696005740152
:10554000697022AC097901122657E96018E50A450D
:105550000B6017EEFAEFFB12CF7C500E850A8285A6
:105560000B837401F0790002B1EC7900EEFAEFFBE5
:10557000122651EA4B602D8A828B83A3A3A3A3A397
:10558000A3E05418601E750AFE750BFF780A12110D
:10559000DC8A828B83A3A3120FB712D5B81211B97C
:1055A000790180C39038A8E493FCA909EEFAEFFBD7
:1055B00012257FE970AF80E879009018F812D5CFF6
:1055C0008A828B8312B77A122669740422F583E0EB
:1055D000FCA3E0FD2274F1120BE0EAFEEBFF8C0865
:1055E0008D09E9600C750A00780A1211E0790B80C8
:1055F0006E7900AA08AB091226518A0A8B0BEA4B76
:1056000060658A828B83A3A3A3A3A3A3E0A2E05037
:10561000568E0C8F0D780C1211DC741112151012AD
:10562000BE5F741312151012D125122BAF74021223
:1056300011B98A0C8B0DA80CA90D74FE6870037447
:10564000FF696023850A82850B8312A400750A0016
:10565000780A1211E0790CEEFCEFFDAA08AB0912F2
:105660002AE974011211B902B308C082C0837862BA
:10567000790B7C00804588828983A3A3A3A3A3A37D
:10568000E0A2E0402E88828983A3A3E06A7003A38E
:10569000E06B701F88828983A3A3A3A3A3E06401A6
:1056A000701188828983A3A3A3A3A3740312D6D104
:1056B00012D6CA0CE82407F8500109903892E493F6
:1056C000FDECC39D40B0029E58A374FEF0A304F00D
:1056D0002212C707A322C082C0837862790B7A00A6
:1056E00080208882898374FEF0A30412D6D114121C
:1056F000C3DDE412B17812CA0DF00AE82407F850AD
:105700000109903892E493FBEAC39B40D5029E586E
:1057100074F7120BE0E9FF7E0080010EEEC39F508C
:105720001BEE25E0F8E433F9EA28F582EB12CF8B83
:105730006C7003A3E06D70E379018002790002AB25
:105740000974F0120BE08A0E8B0F890A8C0C8D0DF8
:105750007F007508007509018011121B59EFF5F0E3
:10576000EA84E5F0F5087F007509007E0080010EEF
:1057700090388F12D408504CEE75F017A4F8A9F0A9
:1057800012D86E7003A3E0F460E512D84EE0650E07
:105790007004A3E0650F60D712D84612D88E70CF80
:1057A000EE75F017A4F8A9F012D85960C2C3940797
:1057B00050BD0FE509A2E040B6EFC3950840B01216
:1057C000D846805E7E0080010E12D405505C12D84F
:1057D0007B64FE7003A3E0F460EE12D883650E7064
:1057E00004A3E0650F60E112D86612D88E70D9EE7E
:1057F00075F01CA4F8A9F074AF28F582740712CFD5
:105800008B60C5C3940750C012D87560BBE06402BA
:1058100060B60FE509A2E040AFEFC3950840A912BA
:10582000D86639F58312D1258019EF6012E508702A
:105830000E74016F600302D75A75080102D7667AA9
:10584000FE7BFF02B9D474F228F58274092212D8C3
:10585000522212D84639F58322740028F582740A40
:1058600012AF2522EBF974A628F58274072212D80C
:1058700052E064FE22128A39640122EE75F01CA403
:10588000F8A9F074A628F582740712AF2522391200
:10589000D5CDAA0CAB0DA90A12267BE92274F4120D
:1058A0000BE0890812D8F0603B8A828B83A3A31295
:1058B000D8E9F98E828F83A3E06029E960269018E9
:1058C000F1E06401700D8E828F83A3E0C3995003D1
:1058D000E980068E828F83A3E0F8E508C398400430
:1058E00079018002790002B1ECE0F9122BBBE922C8
:1058F00090190512D5CF122B9D8A0A8B0BAE0AAFD9
:105900000BEA4F2274F7120BE074F312126C85212C
:10591000828522837402F01412151012E04A1215C7
:1059200010AA82AB83122375741612151012D94D6A
:105930001223B1E96401700A740B12151012DA3DDA
:105940008008740B12151012D95802E81112DAA44B
:10595000FEE9FFAA21AB222212E7BC8E828F83E8E8
:10596000F0A3E9F079C82274F7120BE074F3121275
:105970006CECFEEDFF8521828522837402F0EAFC47
:10598000EBFD7403121510AA82AB83122375AA21B2
:10599000AB221223A5E96401700A740B12151012D0
:1059A000DA3D8008740B12151012D95802E81174F0
:1059B000F7120BE074F112126CAC21AD22122165CA
:1059C000E9FE702874021215107402F08521828598
:1059D000228312EF87740D12151012E4C67402129E
:1059E0001244122393E9640160027E01EEF9740F00
:1059F00002E81374F7120BE0E9FE90181312E7A007
:105A000070327A0F7B00121BF5901813EAF0A3EBAB
:105A100012DA9B60257800790012DB4274FEF0A355
:105A20000412E356A3A3E4F0A3F008E870010912FE
:105A3000DA9140E5EE700312223702E816E0F8A38F
:105A4000E0F98E828F83E8F0A3E9F079002274F701
:105A5000120BE08C828D8312DA9860307800790026
:105A600012DBA7FEA3E03FFF8E828F83E06A700304
:105A7000A3E06B700DEEF8EFF98C828D8312DA469D
:105A8000800C08E870010912DA9140D479C802E864
:105A900016C39403E9940022E4F0A3F090181312C3
:105AA000DAA44922E0F8A3E0F9E82274F7120BE047
:105AB00074FE12126CECFEEDFF8E828F83E4F0A375
:105AC000F07508C8AC21AD22122165E97013EEFC17
:105AD000EFFD85218285228312E259122177E9F5B3
:105AE00008A90802DEF874F7120BE074FE12126CBB
:105AF000ECFEEDFFAC21AD22122165E9703F90185C
:105B00001312E7A060377800790012DB4212DDB291
:105B1000852182852283E06C7003A3E06D70148E72
:105B2000828F8312E80B740B12151012EA8612DAB8
:105B300046800C08E870010912DA9140CD79C8025C
:105B4000DEF812DB4A8A828B8322E8FAE9FBEA75E7
:105B5000F005A4FAACF075F005EBA42CFB9018133B
:105B6000E02AFAA3E03BFB2274F7120BE090181333
:105B700012E7A0602D7800790012DBA7F508A3E0FA
:105B80003F850882F583E06A7003A3E06B70098C9F
:105B9000828D8312DA46800C08E870010912DA91CE
:105BA00040D779C802E816E8FEE9FFEE75F005A4D3
:105BB000FE85F00875F005EFA42508FF901813E0A6
:105BC0002E2274F0120BE074FC12126CEAFEEBFF52
:105BD000740212124C8E828F8312E259122189E9CB
:105BE000F50A7A187B00121BF58A0C8B0DEA450D1D
:105BF00060417C187D007900121B4D12DEC7780CC5
:105C00001211DC750E18750F00780E1211DC7C0075
:105C10007D00850882898312E259121C797404126E
:105C200011B9850882850983E4F0A3F0AA0CAB0DB5
:105C3000121BFB8E828F8374FEF0A30412E4BDA3BB
:105C4000A3A3A3E4F0E50A600302DD367402121593
:105C50001012E259EAFEEBFFEE75F005A4FEA8F083
:105C600075F005EFA428FF90181312E7A0603E908E
:105C70001813E02EF508A3E03FF50978081211DCAF
:105C800075080575090078081211DCEA75F005A49D
:105C9000FAA8F075F005EBA428FBEA2402FCE43B2B
:105CA000FD7A4C7B00121C7974041211B9A821A949
:105CB000228808890978081211DC75080275090024
:105CC00078081211DC7C007D007A4C7B00121C7F6E
:105CD00074041211B9E9705E901813E02EF8A3E075
:105CE0003F8882F583E064FE7003A3E0F48521829F
:105CF000852283701512E7A0601485218285228396
:105D0000E024FFF0A3E034FF800312ECA3F0A8210D
:105D1000A9228808890978081211DC75080275091A
:105D20000078081211DC7C007D007A4C7B00121C8C
:105D30007974041211B974041211B97F08020EE8C3
:105D400074F7120BE08A828B8312DA98605F7C0012
:105D50007D00ECF8EDF9E875F005A4F8AEF075F00B
:105D600005E9A42EF9901813E028FEA3E039FF8E70
:105D7000828F83E064FE7003A3E0F47023EEFCEFF7
:105D8000FD8A828B83ECF0A3EDF0901813E028FAE3
:105D9000A3E0398A82F583A3A3A3A3E4F0F9800FDB
:105DA0000CEC70010DC39403ED940040A579C8027A
:105DB000E816E0FCA3E0FD2274F4120BE074DE129E
:105DC000126CEAFEEBFF8E828F8312EF877404124F
:105DD000151012E4C612DEC78882F58312EF8774AD
:105DE0000A12151012E4C674061215107401F0752B
:105DF0000A3A750B00780A1211DC741312123C88EF
:105E00000A890B780A1211DC7C117D007A007B0074
:105E1000122BF174041211B9E9600D7C117D007927
:105E200000EC121244121B4D7411121510E0C0E068
:105E30007407121510D0E0F07412121510A882A980
:105E400083740812151012E4C6740D121510740133
:105E5000F0122A11EE2404F8E43FF988828983E0E5
:105E60006A7003A3E06B7011740E121510E4F074E5
:105E70000F121510E4F0A3802F740E121510740188
:105E8000F0740F121510E521F0A3E52212E0418510
:105E9000218285228312E4C685088285098312DE69
:105EA000CF121510E8F0A3E9F0740412124412277F
:105EB000EFE9FE7C117D007900EC121244121B4DBB
:105EC000EEF9742202EC9B12E03188088909221253
:105ED000E7BC74022274F7120BE074FE12126CAC71
:105EE00021AD2212217DE9FE700C8521828522835D
:105EF00012E25912218FEEF9740202E81374F612BD
:105F00000BE074ED12126CEAFEEBFF122A118A0804
:105F10008B098E828F83A3A312E25712E031E5082A
:105F20006A7003E5096B600302DFC088828983120F
:105F3000E259740112151012E04A121510E4F074BF
:105F400004121510E4F08882898312E259122405A4
:105F50008A088B09A808A909E849603088828983E2
:105F6000A3A3A3A3E06025C394055020888289835E
:105F7000A3A3A3A3A3E0A2E374055006121510E4A3
:105F800080051215107401F07401802C122A118AF8
:105F9000088B09A808A9098E828F83E0687003A383
:105FA000E069600302E02C7401121510E4F0A3F024
:105FB0007405121510E4F0041212441224C5806C0A
:105FC0007406121510EAF0A3EB12E04174081215E2
:105FD0001012E03912124C7A007B0079AB1227477D
:105FE000E4F508F50978081211DC740212124C74F9
:105FF0000D1212441227F574021211B9901BDBE046
:1060000064017018852182852283E0700F740A1262
:106010001510E4F07406121244122801740A1215C5
:10602000107401F07406121244122801741302E86D
:1060300032EE2402F8E43FF922E8F0A3E9F0740B11
:1060400022F08882898312E7BC2212E80B740322B3
:10605000C082C0837900901BBBE0700279C802E364
:10606000B1C082C083901815E0640170071221ADA1
:10607000E9F9800279C802E3B174F0120BE074F21E
:1060800012126CEAFEEBFF75080012E031880A89F3
:106090000BEE2406F8E43FF9880C890D8882F5831D
:1060A000E070081221B3E9F5087058A821A92288E8
:1060B0000E890F780E1211DC850A82850B8312DDA2
:1060C000B28E828F8312E25912215F74021211B9CB
:1060D0008E828F83A3A3A3A3A3A3A3E0A2E2502352
:1060E000850C82850D83E0701AEEFAEFFB12219B7E
:1060F000E9F508601B850A82850B8312E25912219B
:106100006B8004E5086009EEFAEFFB1221A7805EC0
:1061100090175C12E7A060568E828F8312DECF123A
:10612000151012E4C6850A82850B83E0F50CA3E006
:10613000F50D750E00780C1211D87C087D007407DF
:10614000121510AA82AB83121B4174031211B98E6F
:10615000828F83A3A312EF85740C12151012E4C66C
:10616000740212124490175C12E175123157A9089B
:10617000740E02DD3812E17922E0F8A3E0F583889D
:10618000822274F4120BE074EC12126CEAFEEBFF44
:106190008E828F83A3A3A3A3A3A3E0600302E234B0
:1061A000740112123C8808890978081211DC740203
:1061B00012124C8E828F8312E2571227F57402124C
:1061C00011B9852182852283E06401706774111200
:1061D0001510E06402705D74FFF07413121510E086
:1061E00004540FF0740512151012F56112151012F7
:1061F000F10412F549ACF075F009E9A42CF97432F8
:1062000028F8741839F988828983A3A3A3A312F10B
:10621000048882898312F10578081211DC7508134D
:1062200075090078081211DC7C007D00121C79745D
:10623000041211B9EEFAEFFB1221B9E9F508700D5D
:106240008E828F8312E2591223FF1221D1A9087482
:106250001402EC9B12E179A3A3E0FAA3E0FB227401
:10626000F6120BE074EF12126C7401121510E4F0C8
:10627000A312E35612EF87740312151012E7AF74DE
:106280000512151012E4C6EA2407F582E43BF583F3
:10629000E0A2E7502EA2E650218A828B83A3A3A31B
:1062A000A3A3A3E06401700974071215107404809D
:1062B0003D7407121510740780347407121510749A
:1062C00005802BA2E650208A828B83A3A3A3A3A3DD
:1062D000A3E0640170087407121510E480107407BD
:1062E000121510740380077407121510740112E35D
:1062F0005612E2591223FF1221D1740912124C7A5C
:10630000007B0079AB122747E4F508F509780812FD
:1063100011DC740212124C740B1212441227F57421
:10632000021211B9901BDBE0640170178521828590
:106330002283E0700E7408121510E4F00412124467
:106340001227FB74081215107401F0121244122760
:10635000FB741102E832F08A828B832274F7120BED
:10636000E0EAFEEBFF122819E96009EEFAEFFB12F2
:1063700021BF8007EEFAEFFB1221C5E9F902E8160A
:10638000C082C083EA4B600D8A828B83A3A3A3A340
:10639000A3E0D2E3F0801AC082C083901766E06465
:1063A00005700C7A807B00901763E0F9121BA180C6
:1063B00000D083D08202118674F7120BE012217193
:1063C000122819E9600B9018157401F0901816E462
:1063D000F012284912281302E816C082C083E9F897
:1063E000901816E4F0E890181560087401F0901801
:1063F000168001E4F0790180B874F4120BE074EBBC
:1064000012126C7508001223FF8A0A8B0BAE0AAFBA
:106410000BEE4F700302E4B5750801901871E0644B
:106420000170031221D1740812151012E4BC12EF8E
:1064300085741312151012E4C67408121244122344
:10644000AB8E828F8312E7A512E039121510A88255
:10645000A983740212151012E4C6122A11740412D0
:10646000151012E80B12E789546064607009740615
:10647000121510740180067406121510E412E4BDA2
:10648000E0C0E07407121510D0E012EF8B1221CBA0
:10649000E9700A8E828F83E0C2E2F08018740B12DA
:1064A0001510AA82AB8312216B740B121510AA82ED
:1064B000AB83122411A908741502EC9BE4F08E82C0
:1064C0008F832212EA8AE8F0A3E9F022740802E836
:1064D0001374F6120BE074F112126CEAFEEBFF7407
:1064E00002121510E4F0EEFCEFFD7405121510AA6F
:1064F00082AB83121CEB122819E9702A7402121263
:10650000441223A5E96401601DA821A922880889F5
:106510000978081211DCEEFCEFFD7A007B001221F5
:106520005F74021211B9740F02E83274F2120BE0B8
:1065300074D812126CEAFEEBFFEE2416F50AE43F63
:10654000F50BAA0AFB122279901BDEE064016005BC
:10655000E064027020780A1211DC750808750900E1
:1065600078081211DC7C087D007A117B01121C79FD
:1065700074041211B97C0879FFAA0AAB0B121BD75D
:10658000E960069018157401F0AA0AAB0B1221EF0E
:106590008E828F83A3A3A3A3E0F8EE2406F508E47C
:1065A0003FF509740168600574066870727800E848
:1065B000FAEE2AF582E43FF583A3A3A3A3A3A3E005
:1065C000700708E8C3941040E674106870319019A1
:1065D00021E07045741812124C7A627B0012225B23
:1065E00079007418121244122867790012286D7C01
:1065F000107D0079007418121244121B4D801A127B
:10660000E789F9AA08AB09122867901921E07009F7
:106610008E828F83E0F912286D1221D702E77F74F2
:106620000468600302E6FD740512123C880C890DB3
:10663000780C1211DC740212124CAA0AAB0B12274E
:10664000F574021211B98A0A8B0BAE0AAF0B8521C1
:1066500082852283E0700302E77F7415121510E033
:10666000700C7417121510AA82AB831227E97415E7
:106670001215107401F07416121510E4F07409125A
:10668000151012F56F12151012F10474171215106F
:10669000E4F0740512123C880A890B780A1211DCA6
:1066A000750A13750B00780A1211DC7C007D00EE70
:1066B000FAEFFB121C7974041211B978081211DC7C
:1066C0007C107D007A027B01121C6D74021211B9DC
:1066D000E9702078081211DC750810750900780837
:1066E0001211DC7C007D007A027B01121C7974049B
:1066F0001211B97A03790112302902E77F74036815
:10670000707D740312124CAA0AAB0B122165E9606A
:106710002B740312123C880C890D780C1211DCAC1E
:106720000AAD0B7AFE7BFF12215F74021211B97D54
:10673000007C007900AA0AAB0B1220FF7401121230
:106740004C740312151012E25912217774011215BC
:106750001012E7A0701B7401121244122195E97007
:1067600010740312151012EF87740112151012E441
:10677000C3AC08AD09AA0AAB0B1222131222317462
:10678000281211B97F06020EE8EE2405F8E43FF95D
:10679000E8FEE9FF8E828F83E022852182852283B5
:1067A00012DAA4492212E7BC85218285228322E8DD
:1067B000F0A3E912E356A3A312E7BC22E0F8A3E09A
:1067C000F92274F7120BE074F812126C8A828B8330
:1067D000A3A312E7A07031EA2404FEE43BFFAC213E
:1067E000AD22EEFAEFFB122759E96401701A122A62
:1067F00011740412151012E80B7402121510EEF049
:10680000A3EF12EF8B1221A702E4CCEAF0A3EBF086
:1068100022740D1211B97F01020EE8C082C0838A72
:10682000828B83A3A3A3A3E0F912286D122009028F
:10683000E3B11211B97F02020EE874ED120BE0749D
:10684000F012126C8A088B09890AECFEEDFFEE4FFC
:10685000700302E920EA4509700302E920A821A992
:1068600022880C890D780C1211DC750C10750D0046
:10687000780C1211DC7C007D007A017B01121C7FF8
:1068800074041211B9E50AF50C852182852283E58D
:1068900082250CF510E43583F5117512007810127D
:1068A00011D87410C3950CFC95E0FDEEFAEFFB12C5
:1068B0001B4174031211B9A821A9228810891178EB
:1068C000101211D8AC0A7D00C3E4950CF895E0F9DC
:1068D000EE28F8EF39F9E82410FAE439FB121B41ED
:1068E00074031211B97C00ECFAE5082AF8E43509C2
:1068F000F9EE2AFAE43FFB88828983E0FD8A828BE5
:1069000083E06DF088828983E0F88A828B83A3A379
:10691000A3A3A3A3A3A3E068F00CECC3940840C70F
:1069200074101211B97F0B020EE874F4120BE0EA36
:10693000FEEBFF750800121B598A0A8B0BAA08EAA6
:106940002AFAE433FBEE2AF582EF3BF583E50AF001
:10695000A3E50BF00508E508C3940840D902EC9EB6
:1069600074F2120BE074FC12126CECFEEDFF740278
:1069700012123C8808890978081211DC740212127C
:106980004C12218374021211B9E9F50B600302EA7B
:106990007F7402121510E02401F8A3E03402F98597
:1069A000218285228312EA86A3A312E4C67A187B89
:1069B00000121BF58A0C8B0DEA450D700302EA7F6D
:1069C000780C1211DC75081875090078081211DCB2
:1069D0007C007D00740412151012E254121C7F74A6
:1069E000041211B98E088F09750A0078081211D89F
:1069F0007C107D00AA0CAB0D121B4174031211B95F
:106A0000E50C241412F0FDE50C241012F0FD780CB6
:106A10001211DC75081875090078081211DC7C0069
:106A20007D00740412151012E254121C79740412C1
:106A300011B97C187D007900AA0CAB0D121B4DAA70
:106A40000CAB0D121BFB85218285228312E175128E
:106A5000EF85E875F009A4F8AAF075F009E9A42A11
:106A6000F9741728F8741839F9E824F7F582E9342D
:106A7000ED12F102E824FBF582E934ED12F102A9EE
:106A80000B740402E78112EA8A22E0FAA3E0F5839C
:106A90008A822274F6120BE074F412126CEAFEEB96
:106AA000FF740412124C7A007B0079AB1227471254
:106AB0002A0B8A088B09AC08AD097404121244121F
:106AC0001CE5E9603B740412124CEEFAEFFB122352
:106AD00087E96015AC21AD22740412124412217DA5
:106AE000E9700D12EB04E070177900740C02E832C3
:106AF000740212124C7404121244122165E970E9F6
:106B0000790180E785218285228312E179A3A3A3FD
:106B1000A32274F7120BE074FE12126CECFEEDFF70
:106B2000AC21AD2212217DE9F970138521828522E5
:106B30008312E2548E828F83EAF0A3EB80078E8269
:106B40008F83E4F0A3F002DEF87F07020EE874F60C
:106B5000120BE08A828B8312E7A070278A828B83D4
:106B6000A3A3E0F8740168600574066870118A8256
:106B70008B83A3A3A3A312E2571224051221D17978
:106B8000018002790002E83574F6120BE074FE12FF
:106B9000126CE4F508F50978081211DC7C117D000F
:106BA0007A4C7B00121C6D74021211B9E9FE740953
:106BB0006E702112EF701211DC75080275090078F1
:106BC000081211DC7C007D007A4C7B00121C797469
:106BD000041211B975085475091878081211DC7C73
:106BE000087D007A717B00121C6D74021211B9E9E4
:106BF0004EF9740202E83274F4120BE074FE1212C1
:106C00006C85218285228312DA9860657E007F0080
:106C10008E088F09E50875F005A4F508A8F075F051
:106C200005E509A428F509901813E02508F50AA33D
:106C3000E03509F50B780A1211DC750A05750B00B1
:106C4000780A1211DC12EF4D121C7974041211B97A
:106C500012EE70E064FE7003A3E0F4600A85218206
:106C600085228312ECA3F00EEE70010F12EF464066
:106C70009FA821A9228808890978081211DC7508C3
:106C80000275090078081211DC7C007D007A4C7BCB
:106C900000121C7974041211B974021211B97F0424
:106CA000020EE8E02401F0A3E034002274EC120BA1
:106CB000E074FE12126CA821A922880889097808BC
:106CC0001211DC75080275090078081211DC7C00CD
:106CD0007D007A4C7B00121C7F74041211B9E960AC
:106CE0000302EE4012E79A700302EE40852182858E
:106CF0002283C3E09404A3E09400400302EE407AB0
:106D0000187B00121BF58A0C8B0D7E00EA2410F50F
:106D10000AE4350DF50BEE75F005A4F508E5F0F580
:106D200009901813E02508F50EA3E03509F50F7852
:106D30000E1211DC750E05750F00780E1211DCEEC7
:106D400075F005A4A9F012EF65121C7F74041211EE
:106D5000B9E9600302EE2912EE78F9E8FAE9FB8A54
:106D6000828B83E064FE7003A3E0F4700302EE29DB
:106D7000E50C450D700302EE29780C1211DC750E3E
:106D800018780E1211DC7C007D008A828B8312E25F
:106D900057121C7F74041211B990840478101214D5
:106DA0009D850A82850B8378101213C312EE70A39F
:106DB000A3E0F508A3E0F509E50875F009A4F8AA31
:106DC000F075F009E509A42AF9741728FC7418393C
:106DD000FD850A82850B831214D5EC24F7F582ED2C
:106DE00034EDF5831214E1E50C2414F582E4350D3D
:106DF000F5831214D5EC24FBF582ED34EDF5831206
:106E000014E1780C1211DC780E1211DC7C007D008C
:106E1000AA08AB09121C7974041211B97C187D0000
:106E20007900AA0CAB0D121B4D0EEEC39403500358
:106E300002ED16E50C450D6007AA0CAB0D121BFB0D
:106E400075085475091878081211DC750808750959
:106E50000078081211DC7C007D007A717B00121C26
:106E60007F74041211B974021211B97F0C020EE87A
:106E700012EE788882F58322901813E02508F8A393
:106E8000E035092274F4120BE074F912126C12EF5F
:106E9000701211DC75080275090078081211DC7C8B
:106EA000007D007A4C7B00121C7974041211B97CAD
:106EB000057D0079007402121244121B4D7E007F82
:106EC00000740212123C8808890978081211DC75D6
:106ED000080575090078081211DC12EF4D121C79B3
:106EE00074041211B90EEE70010F12EF4640D27AFF
:106EF000187B00121BF58A088B09EA450960427C61
:106F0000187D007900121B4D7E007F007808121159
:106F1000DC750A18750B00780A1211DC7C007D0004
:106F2000EE2401FAEF3402FB121C7974041211B939
:106F30000EEE70010F12EF4640D2AA08AB09121BE9
:106F4000FB740702EC9BC39403EF940022EEF8EF6E
:106F5000F9E875F005A4F8AAF075F005E9A42AF996
:106F6000E812EF65222402FCE439FD7A4C7B002212
:106F7000852182852283E4F0A3F0A821A922880834
:106F80008909780822A3A312E7BC22F0AA21AB2228
:106F90002274EC120BE074ED12126C890C7C137DE0
:106FA000007900AA21AB22121B4D74101215107427
:106FB000FFF07E007F00EE2411F50AEF3401F50B9F
:106FC000A821A9228808890978081211DC7C137D80
:106FD00000AA0AAB0B121C6D74021211B9E960030E
:106FE00002F0E0EEF8EFF9E875F009A4F8AAF07500
:106FF000F009E9A42AF9743228F508741839F5095A
:10700000E5082404F50EE43509F50FE50CA821A9DF
:107010002288108911781060361211DC75101375F2
:10702000110078101211DC7C007D00AA0AAB0B1253
:107030001C7974041211B985088285098312F10440
:10704000850E82850F83F0A3F0A3F0A302F0DF1278
:1070500011DC75101375110078101211DC7C007DA5
:1070600000AA0AAB0B121C7F74041211B99083E0C2
:10707000781012149D85218285228378101213C303
:10708000A821A9228810891178101211DC7510131B
:1070900075110078101211DC7C007D00AA0AAB0B80
:1070A000121C7974041211B985218285228312146D
:1070B000D58508828509831214E174041215101213
:1070C00014D5850E82850F831214E17C137D00791F
:1070D00000AA21AB22121B4D741012151074FFF080
:1070E0000EEE70010F12EF46500302EFB6E50C6092
:1070F000077A007B001227E9741302EE68F582E438
:10710000350DF583E412F5672274F0120BE074E498
:1071100012126C8A0C8B0D8C088D09750AA18521C1
:1071200082852283E4F0EC2406FEE43509FFEEFAC2
:10713000EFFB12237BE9700BEEFCEFFDAA0CAB0D0D
:10714000122753740912123C880C890D780C121105
:10715000DC740212124CEEFAEFFB1227F5740212E5
:1071600011B98A0C8B0DA80CA90D901BDEE06401EF
:107170006005E06402703F852182852283E07036DD
:107180007C087D0079007401121244121B4D7409B1
:1071900012123C880C890D780C1211DC7402121248
:1071A0004C74031212441227F574021211B98A0C9E
:1071B0008B0DA80CA90DE508240FFAE43509FBEAAC
:1071C000FEEBFF852182852283E0700302F2DE75EB
:1071D0000A00E5082420FAE43509FB741912151099
:1071E000E0604514600E14606C2405606824FE6045
:1071F0001602F2F8901BDEE06401700302F2A1E0D7
:107200006402700B02F2A1901BDEE064016005E0F5
:10721000640270078A828B837401F08E828F83747C
:1072200003F0A3740102F2AA741B12151012F55890
:107230008E828F8312E4C690184DE08A828B83F091
:1072400090184DE0C0E0E5082421F582E43509F509
:1072500083D0E08055E875F009A4F8AAF075F0092C
:10726000E9A42AF9749D28F8740E39F9E8FAE9FBC3
:1072700012F53D780C12149D8A828B83780C1211C2
:107280006150569083BC780C1213648A828B837889
:107290000C12147F901BDEE064016005E064027054
:1072A0000C8E828F837402F0A314F0804B74111241
:1072B0001510A982AA83890C8A0D750E00780C120C
:1072C00011D87C087D00E5082418FAE43509FB1282
:1072D0001B4174031211B9801F750AA2801A901BFA
:1072E000DEE07014123065E9700E8E828F837403B5
:1072F000F0A37401F0750A00A90A741C02DD387449
:10730000ED120BE074DF12126C8C088D097EA174F3
:1073100014121510E4F0741512151012E80BEC2479
:1073200006F50AE43509F50BAA0AFB12237BE9707E
:107330000302F521740112123C880C890D780C129D
:1073400011DC740212124CAA0AAB0B1227F574025C
:107350001211B98A0E8B0FE508240FF50CE43509DC
:10736000F50D74FF650E700474FF650F700302F570
:107370001012F549AAF075F009E9A42AF974322827
:10738000FE741839FF852182852283E0700302F4A0
:10739000177411121510E0602114600E146030246F
:1073A00005601424FE601002F4A9901BDEE0640165
:1073B000602AE06402602502F49C74131215101216
:1073C000F558850C82850D83E8F0A3E902F4A890B6
:1073D0001BDEE064016005E06402700E850C8285AE
:1073E0000D837402F0A31402F4A87409121510A9F5
:1073F00082AA83890C8A0D750E00780C1211D87C34
:10740000087D00E5082418FAE43509FB121B4174D5
:10741000031211B902F4A9850A10850B1175120027
:1074200078101211D87C087D00740C121510AA82F5
:10743000AB83121B4174031211B97411121510742D
:10744000FFF074121215107401F0121B59EA540F58
:10745000C0E07413121510D0E0F074011215101270
:10746000F56F12151012F56112123C880A890B781B
:107470000A1211DC750A13750B00780A1211DC7CF4
:10748000007D00AA0EAB0F121C7974041211B97C96
:10749000097D007900EEFAEFFB121B4D850C828509
:1074A0000D837403F0A37401F0E508240EF582E463
:1074B0003509F58312E4BC1214D512F53D1214E11E
:1074C0009083BC780812149D8E828F8378081213E3
:1074D000C38E828F83780812149D90830C780C12CF
:1074E000149D7808790C120B71E50C450D450E457D
:1074F0000F702A8E828F83A3A3A3A3A3A3A3A37435
:1075000001F07A007B04901763E0F9121BA1800D53
:10751000850C82850D837403F0A37401F07E0080D6
:1075200015741412124412239FE964017008741434
:10753000121244122393EEF9742102E922E5082481
:1075400012F582E43509F58322EA24EFF8EB34FEE4
:10755000F9E875F009A4F822E02404F8E43401F90C
:107560002212F5660422E4F0A3F0A3F0A3F02212A5
:10757000F56674052274F4120BE074CE12126C8955
:1075800009C2007C0C7D007900AA21AB22121B4DA0
:10759000122291E9F8A2E75002D200750800804D4E
:1075A000EE2475FE50010FA821A922880A890B78C4
:1075B0000A1211DC7C0C7D00EEFAEFFB121C6D74DC
:1075C000021211B9E97024A2005020780A1211DCCD
:1075D000750A0C750B00780A1211DC7C007D00EE38
:1075E000FAEFFB121C7974041211B90508AE087F7A
:1075F00000903897E493F8EEC39840A47C087D008F
:1076000079FF7404121510AA82AB83121B4DEE246D
:1076100074FE50010FA821A922880A890B780A124A
:1076200011DC7C0C7D00EEFAEFFB121C6D74021273
:1076300011B9E97024A2005020780A1211DC750AF1
:107640000C750B00780A1211DC7C007D00EEFAEF5D
:10765000FB121C7974041211B97C157D0079007439
:107660001D121244121B4D741D12123C880A890B04
:10767000780A1211DC7C157D007A827B00121C6D69
:1076800074021211B9E97026740165097020780A34
:107690001211DC750A15750B00780A1211DC7C00DA
:1076A0007D007A827B00121C7974041211B97C115E
:1076B0007D007900740C121244121B4D740C1212CE
:1076C0003C880A890B780A1211DC7C117D007A3A19
:1076D0007B00121C6D74021211B9E97026740165E9
:1076E000097020780A1211DC750A11750B00780AEE
:1076F0001211DC7C007D007A3A7B00121C79740444
:107700001211B9740C12123C880A890B780A1211F2
:10771000DC7C117D007A3B7B00121C6D740212111F
:10772000B9E97026740165097020780A1211DC75B8
:107730000A11750B00780A1211DC7C007D007A3B7F
:107740007B00121C7974041211B9743202EC9B7420
:10775000F1120BE08C088D09743A6A7001EB600637
:10776000743B6A4B701578081211DC7508107509A6
:107770000078081211DC7C0102F7FF74036A7003C1
:1077800074016B7008750CF5750D37801974686A93
:107790004B702F901BDEE064016005E06402706BAB
:1077A000750C05750D38750E80780C1211D87C108B
:1077B0007D00AA08AB09121B4174031211B97900AC
:1077C000804B74026A700374016B602174626A4BAF
:1077D000601BEA24FCF8EB34FEF9E849600FEA2468
:1077E000FFF8EB34FDF9C3E812DA92501E78081264
:1077F00011DC75081075090078081211DC7C007D19
:1078000000121C7F74041211B98002790A02EB493C
:1078100074F4120BE074E812126C89097C187D0074
:107820007900AA21AB22121B4D750800E50824013E
:10783000FEE43402FFA821A922880A890B780A12E3
:1078400011DC7C187D00EEFAEFFB121C6D74021245
:1078500011B9E97026740165097020780A1211DCEB
:10786000750A18750B00780A1211DC7C007D00EE99
:10787000FAEFFB121C7974041211B90508EEC394D7
:107880000340A9741802EC9B74F7120BE0E9FE1296
:107890002255EEF9122261EEF912224302E8167423
:1078A000EE120BE07A187B00121BF58A0E8B0FEAA2
:1078B000450F700302F991750800750900E5087518
:1078C000F009A4F8AAF075F009E509A42AF97417DB
:1078D00028F50A741812FA73600302F964E50824A3
:1078E00001FEE5093402FF780E1211DC75101875DF
:1078F000110078101211DC7C007D00EEFAEFFB1213
:107900001C7F74041211B9E9705A850A82850B83B1
:107910001214D5E50E2410F582E4350FF583121408
:10792000E1850A82850B83A3A3A3A31214D5E50ED8
:107930002414F582E4350FF5831214E1780E121148
:10794000DC750A18750B00780A1211DC7C007D00CA
:10795000EEFAEFFB121C7974041211B9850C8285C2
:107960000D83E4F00508E50870020509C39403E5FA
:10797000099400A2D265D033500302F8BD7C187D73
:10798000007900AA0EAB0F121B4DAA0EAB0F121BF3
:10799000FB7F0A020EE874EE120BE07A137B0012F2
:1079A0001BF58A0E8B0FEA450F700302FA707508FB
:1079B00000750900E50875F009A4F8AAF075F0094A
:1079C000E509A42AF9743228F50A741812FA7360CA
:1079D0000302FA55E5082411FEE5093401FF780E8B
:1079E0001211DC75101375110078101211DC7C0077
:1079F0007D00EEFAEFFB121C7F74041211B9E970DE
:107A000054850A82850B831214D5850E82850F83D7
:107A10001214E1850A82850B83A3A3A3A31214D5B4
:107A2000850E82850F83A3A3A3A31214E1780E12FF
:107A300011DC750A13750B00780A1211DC7C007DCD
:107A400000EEFAEFFB121C7974041211B9850C8256
:107A5000850D83E4F00508E50870020509C3940369
:107A6000E5099400500302F9B4AA0EAB0F121BFBF8
:107A700002F99139F50BE50A2408F50CE4350BF50C
:107A80000D850C82F583E064012274F6120BE0741C
:107A9000F812126C9082C9AC21AD22740812110246
:107AA000EA4B6006EAFEEBFF800CA821A9228808B9
:107AB0008909AE08AF09EEFCEFFD7A007B0079ABD7
:107AC00012274DEEFCEFFD7A547B18121CEB750863
:107AD0005475091878081211DC75080875090078C2
:107AE000081211DC7C007D007A717B00121C797415
:107AF000041211B9740802E83274F6120BE074DA59
:107B000012126C7C157D0079007411121244121B44
:107B10004D741112123C8808890978081211DC751D
:107B2000081575090078081211DC7C007D007A8246
:107B30007B00121C7974041211B97C117D0079004C
:107B4000AA21AB22121B4DA821A9228808890978F5
:107B5000081211DC75081175090078081211DC7C17
:107B6000007D007A3A7B00121C7974041211B9A8C6
:107B700021A9228808890978081211DC7508117575
:107B8000090078081211DC7C007D007A3B7B001232
:107B90001C7974041211B9742602E83274F0120BC5
:107BA000E074F112126C7401121510EAF0A3EBF0FC
:107BB000740D121510ECF0A3EDF07407121510E41B
:107BC000F0A3801B741F12151012FF99740D12156B
:107BD0001012FF9F123157740712151012FFCBF0CD
:107BE000740112151012FFACF97401121510E02483
:107BF00001FAA3E03400FB7401121510EAF0A3EBC4
:107C0000F07425696015E970BB740712151012FF36
:107C100099740F1211B97F08020EE87A007B007484
:107C20000112151012FF77121510E0FCA3E0F58386
:107C30008C82E02498600924FC70107B01EB8003A7
:107C40007A01EA121510E8F0A3E9F0740112151098
:107C500012FFAC852182852283F074011215101267
:107C6000FF77121510E8F0A3E9F0EAA2E092F0EB3A
:107C7000A2E0B372F092F0852182852283E024A8ED
:107C8000700302FD5724F5601714700302FD3024C1
:107C9000F5607B24FC603424FB700302FD578018E0
:107CA000742112151012FFB5852182852283F012EE
:107CB000FF6D12151012FF83741F12151012FF9919
:107CC000852182852283E0F902FBCC7421121510F4
:107CD00012FFB5FEA3E0FF12FF6D12151012FF8C0C
:107CE000F08E828F83E0F9A3AE82AF83700302FB34
:107CF000E0741F12151012FF99740D12151012FF67
:107D00009F123157740712151012FFCB80D27E08D4
:107D10007F00A2F07403500A121510E4F0A37480DF
:107D20008046121510E4F0A3F0A3F0A37440804A3B
:107D30007E0A7F00A2F07403500B1215107410F02D
:107D4000A374278023121510E4F0A374CAF0A3745F
:107D50009AF0A3743B80237E107F00A2F07403503E
:107D60000E121510E4F0A3EEF0A3E4F0A3800B12C2
:107D70001510E4F0A3F0A3F0A3EEF0742112151097
:107D800012FFACFCA3E0FDEAA2E0400302FEAC85DA
:107D90002182852283E06464600302FE8A12FF6D03
:107DA00012151012FFC2FAA3E0FB3395E0FC740930
:107DB000121510EAF0A3EBF0A3ECF0A3F09083D837
:107DC000780812149D740912151078081212C25006
:107DD000377409121510780812149D7808121303CD
:107DE0007409121510780812147F741F12151012DE
:107DF000FF99792D740D12151012FF9F12315774CF
:107E00000712151012FFCBF0740312151078081228
:107E1000149D740912151078081214405038740318
:107E2000121510780C12149D8E088F09E4F50AF5CE
:107E30000B780C7908120B717403121510780C1260
:107E4000147F90837C780812149D740312151078A7
:107E50000812144050B27409121510780C12149DB7
:107E60007403121510780812149D780C7908120BFF
:107E700071E50C2430F9C3943A407985218285223A
:107E800083E06478706A7427806812FF6D121510A1
:107E900012FFC2F8A3E0F9E8FAE9FB740912151021
:107EA000EAF0A3EBF0A3E4F0A302FE07EBA2E0509C
:107EB0002F8C828D831214D574091215101214E1BF
:107EC000EC2404F8E43DF9742112151012FF8385A7
:107ED0002182852283E06464600302FE0802FDBD06
:107EE000852182852283E06464700302FD9D809A6F
:107EF000740729F9741F12151012FF99740D1215C9
:107F00001012FF9F123157740712151012FFCBF099
:107F10007409121510780C12149D74031215107840
:107F20000812149D780C7908120B7174091215103F
:107F3000780812147F7403121510780C12149D8E99
:107F4000088F09E4F50AF50B780C7908120B7174A7
:107F500003121510780C12147F74031215101214EA
:107F6000D5E8494A4B600302FE5602FBE0EC2402CE
:107F7000F8E43DF9742122E02401F8A3E03400F98B
:107F800074012212FF872212FF8CF022E0FAA3E094
:107F9000F5838A82E8F0A3E922E0FAA3E0FB22124B
:107FA000FFA322E0F8A3E0F58388822212FFB0222B
:107FB00012FFA3E02212FFB0FCA3E0FD8C828D83B0
:107FC000E02212FF878C828D83E022E02401F0A35F
:107FD000E0340022C082C083852182852283E0F8BC
:107FE000A3E0F9E84960128A828B83ECF0A3E824CD
:107FF000FF18E934FFF94870F2D083D0820211866D
:10800000C082C08312159B9018A774A5F0A3742694
:10801000F09018A974ABF0A37426F09018AB74B16B
:10802000F0A37426F09018AD74B7F0A37426F00294
:10803000AE0274F7120BE0901899E4F0E9901898EA
:10804000F0901BD0129ECB12BAF27C697D187A9CFC
:108050007B18121CEB901BD2E09018A4F09018A58E
:108060007454F0A3741802905174F0120BE0EAFEFD
:10807000EBFF548070030281D69018981290D07054
:10808000030281CFEA241B12A95B707CEA241F1231
:10809000A95B64137002A3E0706E8A828B831282E4
:1080A0003B9018B7129EDE750A00750B00800D120A
:1080B0008F2812BAF2121BFBAA0EAB0FEA4B6048D4
:1080C0008A828B83E0650C7004A3E0650D702C8AB6
:1080D000828B83A3A3A3A3E0F50EA3E0F50FE50A2B
:1080E000450B8A828B83A3A3A3A360C312916C85E3
:1080F0000A82850B83A3A3A3A380B78A0A8B0B8A6A
:10810000828B83129EDA80B4E508242A12A95BFCD4
:10811000E5082402F8E43509F9E8FAE9FB9018B714
:10812000128325A3A3E0640270388A828B83129E97
:10813000DE800788828983129168E849601F8882FF
:108140008983E06A7003A3E06B70E888828983A367
:10815000A3E06C70DE901BD812ACBF806BECF91200
:1081600026E1850882850983E06401704FE50824D3
:10817000181282241211E012A47E120FB3E5082413
:10818000121282241211E0E5081290C41211DCE5EB
:1081900008240B12A482120FB7E508241712906B63
:1081A000E5082402FCE43509FDE5082419FAE43564
:1081B00009FB123125740A1211B9800CE0640270B7
:1081C00007AA08AB091227D1AA08AB09121B65EE52
:1081D000FAEF64808044EAA2E050139018AF12A432
:1081E000FB600612C23A123157EE6401802A540233
:1081F000600C901C387401F0EA6402FA8023EA549F
:1082000008601A1226DBEA4B700B9018B912B7639C
:108210007A08128231EE6408FAEFFB80047A007B60
:108220000002C40FF582E43509F583E0F50A780A07
:1082300022FB901898E0F9121CC122A3A3E0F50CD0
:10824000A3E0F50D227B00901898E0F9121CB5749C
:10825000042274F4120BE08A088B098A828B83A3B0
:10826000A3A3129CB212907638F583E02409FA1287
:10827000C38C70030283158A828B837402129D2C37
:10828000850882850983128325E8F0A3E912BFE6F9
:108290008A828B83A3A3A3A3A3A3A3A3F0E50824AB
:1082A00003F8E4350912831A1290763AF583E08ECA
:1082B000828B83A3A3A3A3F0EE2409FAE43FFB8EF1
:1082C000828F83A3A312B191F5838882E0A2E58E09
:1082D000828F83A3A3A3A3A3500474018001E4F0BD
:1082E000E5082403F5828983129EDEEA12A45C3B32
:1082F000F58312AFEA1211D81290753B12AF388E87
:10830000828F83A3A3128B951211B9EEFAEFFB9023
:10831000189812C3F48019F8E43FF98882F583E0D5
:10832000FAA3E0CA2212A075A3A32274021211B903
:108330007F04020EE874F2120BE08A088B09ECFA53
:10834000EDFB740E121510E0FC1215D18A0C8B0D8A
:10835000AE0CAF0DEA4F6030AC08AD091215BFE9A5
:108360006026AC08AD09EEFAEFFB1215C5E97014F2
:108370008E828F83129214FAEFFB1215B9AA08AB02
:10838000091215E97900800279B4029FC474F012D1
:108390000BE074F612126CEAFEEBFF8C088D097587
:1083A0000FB3852182852283E4F0750E00800205DB
:1083B0000E90388BE493F8E50EC39840030284B422
:1083C000AA0E7B0012160D8A0A8B0BEA4B60E08A1C
:1083D000828B83A3A31284BB28F0F8C3EE98EF949A
:1083E0000050CC7C157D007900AA08AB09121B4D0A
:1083F000850A82850B83A3A3A3A312C822E0F8EE0B
:10840000C3982925E0F8E433F9E50A28F582E50B5D
:1084100039F583A3A3A3A3A3A3129080A312AAE672
:108420008A0C8B0DAC0CAD0DAA08AB09121CEB85A8
:108430000A82850B83A3E06401700A12A47E740192
:108440001290888044740112124C850A82850B8335
:10845000129EDC1215F5E9603D7409121510E0C09A
:10846000E012A47ED0E0F07409121510E0640370ED
:1084700013740112124CE508240BFAE43509FB12BF
:108480001CEB8012740112151012916CE50812AAEF
:10849000A0350912BAF0850A82850B8312BCD81266
:1084A0009088A3A3E0C0E0E508241412A482D0E0E1
:1084B000F0750F00A90F740A02C40CA3A3A3E0F87F
:1084C000852182852283E02274F7120BE0E9FE8A7F
:1084D000828B83A3A3A3A3A3A3E0540860338A825F
:1084E0008B83A3A3A3A3A3A3E0540260218A828B5E
:1084F00083A3A3A3A3A3A3A3A3A3E06406600F7411
:10850000E96E600A74CD6E600574F06E7003122619
:10851000C30298B074F0120BE074EF12126C740F77
:1085200012151012B6377408121510E9F0ECFEEDB2
:10853000FF740512151012967A12989CA3E0F91296
:1085400015DD740612151012B637740612151012C6
:10855000A4FB70030287CE1290B0E0FA74061215E5
:1085600010E0F912254912882EF8A3E0F9E84970C5
:10857000030287CEEE2403F50AE43FF50BEE240652
:10858000F508E43FF5097C00850882F583129EDE3C
:10859000850A82850B83E0F91215E3740312151026
:1085A00012B637850A82850B83E0C0E0852182857B
:1085B0002283128827D0E012A614F9852182852211
:1085C00083128F2F12A1511284BEFAA3E0CA24078E
:1085D000F582E43AF583E8F0A3E412B6482406F500
:1085E00082E438F583E412C7EF129CA61211D8EE8C
:1085F0001290763F12AF387403121510129CB224F9
:1086000009128B8F1211B9742912151012C8181281
:10861000831F12A6273A12BAF0742B121510E0C06D
:10862000E085218285228312A4C4D0E0F074021276
:108630001510E4F07425121510780812149D0287A5
:1086400025740312151012B2498882F58312881618
:10865000A3A3A312AAF1FB1215FB850E82850F833B
:10866000A3EAF0A3EBF07403121510128827A312EB
:10867000881612AD00A2E6500F850E82850F83A3E7
:10868000A3A3A3A3E0D2E1F07405121510E0706A71
:10869000850E82850F8312916B9018F8E068700345
:1086A000A3E0697055850E82850F83A3A3A3129062
:1086B00055750C00780C1211E078081211D4742949
:1086C000121510E0F50C780C1211E0742712151039
:1086D000120FB7901905120FB779007419121510FF
:1086E000129E9712282B740A1211B9850E82850FDB
:1086F00083A3A3A3A3A3E04405F07402121510E022
:1087000004FC8E828F83129ED88E828F83A3A3A3B4
:10871000E0F91215E3740312151012B63774021241
:108720001510E004F0740312151012A4FB606774B6
:1087300002121510E0FA740612151012916CC3EAB9
:1087400098E49950517402121510128B668521829B
:10875000852283E028F8A3E039F9E8240FF50EE438
:1087600039F50F850E82F583E4F0740312151012AB
:10877000882164016003028641740512151074019A
:1087800012C3FAF0740312151012ADF2128B7EE8C8
:10879000F0A3E9028665852182852283129EDE127E
:1087A000254F852182852283120FB774261215105A
:1087B000E0FD7425121510E0FC740A121510E0F9A2
:1087C000EEFAEFFB1226BD74021211B980438E82BD
:1087D0008F83A3A3A3E0C0E0740C121510D0E0F0C7
:1087E00012C223E0C0E0740D121510D0E0F0740640
:1087F00012151012A4FB7009740E12151074B980B2
:1088000007740E1215107410F07409121244122815
:1088100025741102C40CE0850E82850F83A3A3A3E7
:1088200022E012A5E8E022E012A5E8A3A322852118
:1088300082852283EAF0A3EB12A5042274F0120BC6
:10884000E074E012126C7405121510E9F074041251
:108850001510ECF07403121510EDF08A0E8B0F74E6
:108860003012151012823DAA0CFB12253D74011224
:108870001510E9F0AA0CAB0D122543740212151065
:10888000E9F07401121510E07003028B61852182FA
:10889000852283E480158E828F83A3A3A3A3A3E004
:1088A000D2E3F0852182852283E00412C31DF8857E
:1088B0002182852283E0C3984003028B5874011201
:1088C0001510E07003028B58852182852283128B5C
:1088D00066E50C28F8E50D39F9E8240FFEE439FFC8
:1088E0008E82F583A3A3A3A3A3E0A2E040B5C200B8
:1088F0008E828F83E07042129EDD1223FF8B09A9C6
:1089000009EA4960348A828B83A3A3A3A3E06401AC
:10891000600D8A828B83A3A3A3A3E06403701A8EE5
:10892000828F83A3A3A3A3A3E0D2E7F0D2007402B3
:10893000121510E070030288A3750800750A087507
:108940000B007403121510E060037508207C087D8D
:108950000079007406121244121B4D8E828F83E040
:108960006040901948E06401701CE508D2E3F50806
:10897000750B108E828F8312916B74061215101274
:10898000B17974FF807C43080C750A0C8E828F834A
:10899000A3128B7612BAF2740612151074FFF0A3AC
:1089A00080607405121510E06009E508D2E6F5084C
:1089B000750A0A8E828F83A3E064FE7003A3E0F43D
:1089C00070307413121510740412BCF6F8741E1271
:1089D0001510E8129D2C74131212441223AB7D0063
:1089E0007C0079007416121510AA82AB831220FF46
:1089F00080118E828F8312916B7406121510E8F02D
:108A0000A3E9F07408121510E508F01290A7C0E071
:108A1000740A121510D0E0F0740B1215107401F0E6
:108A200074061212441227D77412121510E0600354
:108A3000028B2A740E12151012A60F8E828F83A33A
:108A4000A3A3A3F0740E121510129CF5E50AF0A36F
:108A5000E50BF07404121510E0C0E0129C88D0E021
:108A600012AD006011901948E0C0E0740E121510AC
:108A7000129CD0D0E0F0740E12151012916C850C7F
:108A800082850D83A3A3A3A3A3128B6F241C12B60C
:108A90003112C7FF128B7112ACB23912C246C0E05C
:108AA000129C6FD0E012C312C0E0740E12151012A7
:108AB00097B6D0E012C005C0E0740E1215101297E0
:108AC000ACD0E0F0740E121510128B76128B6F245E
:108AD0002A12B631850E82850F83A3A3A3A3A3A375
:108AE000A3A3E012B62A129096C0E01297A2D0E09B
:108AF000F0740E121510129EDE850E82850F831201
:108B0000C3282428F582E43B12BAF012909F12AFDA
:108B1000EA1211D812AF31EA12B5B23B128B93129E
:108B200011B974061212441227DD8E828F83A3A31B
:108B3000A3A3A3E0D2E0F07412121510E0600302C8
:108B40008896A20050087402121510E014F0740107
:108B5000121510E0140288A27900AA0CAB0D12269F
:108B6000C9742002C40CE075F007A4F8A9F022A390
:108B7000A3129EE2E822E0128B7EA3A3A322F8A315
:108B8000E0F9850E82850F83A322129CC6242FF55F
:108B900082E438F583129EE2121B4174032274F0C2
:108BA000120BE074E812126CE9852182852283F0B1
:108BB0008A0E8B0F8A828B83A3A3A3A3A3A3A3A351
:108BC000E0F91225678A088B09EA4B7003028C7161
:108BD000E50E12A4741290BF129060852182852246
:108BE00083E06003028C747C04850E82850F83A36E
:108BF000A3A3A3A3A3A3A3E0F912256DEE4F607175
:108C00008E828F83129168740712151012BB0F1297
:108C1000916C740912151012AFF3C0E074111215A3
:108C200010D0E012BFEBA3129166740F1215101250
:108C3000BAF27412121510E412C402C8241FF5828D
:108C4000E438F583128CE4C413135403FC70027CE3
:108C5000048E828F83E0F978081211DC742059FDAC
:108C6000744059F974031212441226BD7402121191
:108C7000B902C40A7C08850E82850F83A3A3A3A32F
:108C8000A3A3A3A3E0F912256D8B0BEA4B7003029B
:108C90008BFCEE4F60DB852182852283E0F50C782A
:108CA0000C1211E0850882850983A3A3A3A3A3A3C3
:108CB000A3E0F50C780C1211E08A828B83A3A3A3A6
:108CC000E0FB8A82850B8312D0488A82850B83E081
:108CD000FA8E828F83A3A3E0F912312B7402121152
:108CE000B9028C00E0F812B611E02274F7120BE022
:108CF00074FA12126CE9FE780179017F0080037921
:108D0000000F12A054E0FCEFC39C5026EF75F00753
:108D1000A4FC85F008AD08EA2CFCEB3DFD12963270
:108D2000E0A2E050DA540C60D6E0A2E250D3780022
:108D300080CF8A828B83A3A3A3A3A3A3E0703DE982
:108D4000A2E0400574016E70338A828B83A3A3A3D3
:108D5000A3A3A3740112903EE0C0E07403121510A7
:108D6000D0E0129691E0C0E07404121510D0E0F04B
:108D70007405121510E812B1E6122825740602983F
:108D8000ADC082C08379011226C902AE0274F4120A
:108D90000BE0EA4B901C386019E4F08A088B09F567
:108DA0000AF50B78081211D47A021282451211B911
:108DB000800A7401F07A027B0012823202833074DE
:108DC000F0120BE074F312126C7403121510E4F03D
:108DD000A3F09018B71290607401121510E4F0A37C
:108DE000129D3104F09018F2E0A2E35003028EB21B
:108DF00012903274091215101214E1740912151030
:108E0000780812149D9018B978081212547405123B
:108E10001510780812147F128F357405121510780A
:108E20000812144050077A017B00028F2374051248
:108E30001510780C12149D901BD7E0F509780C7969
:108E400008120B71A80CA90D901BD8E0C398E499E7
:108E50005003E08001E8852182852283F0740912A5
:108E60001510780812149DC008C009C00AC00B7400
:108E700005121510780C12149D128F35780C790894
:108E8000120B71E4F50AF50BD00FD00ED00DD00CFB
:108E9000780C79081213289018B9780C12147F8076
:108EA00011128F2812BAF2EEFAEFFB121BFBAE087A
:108EB000AF09EE4F60658E828F831284BBC39850DA
:108EC0002DEE2403F8E43FF9E0FA88828983E0C3B9
:108ED0009AF0602374031215101293757401121521
:108EE00010EEF0A3EF12B650FEA3E0FF80C48E8216
:108EF0008F83A3A3A3E4F08E828F8312D4E2740144
:108F000012151012A4FB8E828F83A3A3A3A36091DA
:108F100012BAD7121510128F2F80897403121510F0
:108F2000129EDE740D02C40C1291709018B72212BA
:108F3000AAB0A3A322901BD612D4EAE4F50AF50B3B
:108F40002274F0120BE08A088B09890A78007900F4
:108F50009018B7129060FBEE4B601E088E828F83D4
:108F6000A3A3A3A3129E91601008E87001098E824A
:108F70008F8312905CEA4F70E3901BD9129EDEC380
:108F8000E89AE99B40030290257A06129028A80CE3
:108F9000A90DEA4970030290258A828B83E508F0C7
:108FA000A3E509129047E50AF0901BD812A05C12C5
:108FB000903EA3E4F0A3F09018B7129E91600D8E3E
:108FC000828F83A3A3A3A312BAF280179018B712BB
:108FD000BAF29018F2E0A2E340091290329018B968
:108FE0001214E19018F2E0A2E3503A7A087B009064
:108FF0001898E0F9121CC7EA4B4C4D7028901BD60C
:10900000E0F508A3E085080CF50DE4F50EF50F7802
:109010000C1211D47A087B00901898E0F9121CBB4E
:1090200074041211B902C40F7B00121BF58A0C8B59
:109030000D22121CD3EAF8EBF9ECFAEDFB221290A8
:109040004222129047A322F08A828B83A3A322E5B7
:1090500008F00298B012A969A3A3F022A3A3A3A3C6
:10906000E0FEA3E0FF227F05020EE8F582E4350969
:10907000F583E0F922EA12907A222410F582E422A4
:1090800012AAC8A3A3A3A32212908C22F0850A825D
:10909000850B83A3A322E50E24111290BCE022E5E8
:1090A0000E240E1290BC22E50E24101290BCE02279
:1090B0001290B422EE12907A3FF58322F582E435C5
:1090C0000FF58322240FF50AE43509F50B780A22FF
:1090D000E0F9121B778A088B09EA4B2274F2120B13
:1090E000E0890B8A088B098A828B83129EDE122606
:1090F000EDEA4B600479B8806A1226F9E9F89038F5
:109100008EE493F9E8C399400479B280567A151237
:109110009028AE0CAF0DEA4F7004791080458A821A
:109120008B83E4F0A3129047E50BF0750A007808F2
:109130001211D87C127D00EA240312C2E41211B984
:109140009018BD12A4FB70089018BD800C12916C91
:109150008882898312917A70F4EEF0A3EFF01227DF
:109160000B7900029FC4A3A3A3A3A3A3129170220F
:1091700012917422E0F8A3E0F922129EE2EA4B88F1
:1091800082898322C082C0839018BD80048C828D26
:109190008312D049EC4D60288C828D83A3A3E069B3
:1091A000600574FF6970E68C828D83A3A3A3E06AD7
:1091B0007003A3E06B70D6EC2403FAE43DFB80045B
:1091C0007A007B0002AE0274F7120BE0E9FD74FE38
:1091D0006D70047C0180027C009018BD80096D7068
:1091E000027C018882898312A4FB601F88828983A4
:1091F000A3A3A3E06A7003A3E06B70E7ECA2E0888E
:10920000828983A3A3E050D6F9800279FE0298B048
:10921000EEF9800CA3A312D4EAEE2274021211B963
:109220007F02020EE81291748E828F8322C082C068
:109230008379009018BD800109E0FAA3E08A82F5E5
:1092400083E582458370F102AE0274F6120BE0E40E
:10925000F508F50978081211DC90388EE49375F062
:1092600013A4A9F012936A12C8431211B9E9FE744B
:10927000096E700312270502921074F6120BE07447
:10928000FE12126C852182852283E4F0A3F0A821CE
:10929000A9228808890978081211DC750802750965
:1092A0000078081211DC12C4AC1211B902921B74BE
:1092B000F5120BE074EB12126C852182852283E497
:1092C000F0A3F09018BD80748E828F83A3A3E0C0BA
:1092D000E07402121510D0E012A9B0A982AA838905
:1092E000088A09750A0078081211D87C127D00746A
:1092F0000612151012C8081211B9740212123C8815
:1093000008890978081211DC7508137509007808B6
:109310001211DC740412151012A4AD75F013A4F828
:10932000AAF075F013E912936612C4B41211B9854C
:1093300021828522831293758E828F83129060EE34
:109340004F7085A821A9228808890978081211DCA4
:1093500075080275090078081211DC12C4AC1211EC
:10936000B9741502C906A42AF9E82402FCE439FDFF
:109370007A427B0022E02401F0A3E03400F0227462
:10938000F4120BE074EB12126C7E007F00A821A98E
:10939000228808890978081211DC7508028E09787C
:1093A000081211DC7C007D007A4212C84F1211B9FC
:1093B000E9706C8E088056740212123C880A890B80
:1093C000780A1211DC750A13750B00780A1211DC89
:1093D000E50875F013A4F8AAF075F013E5091293E7
:1093E0006612C8511211B9E9701B7403121510AA44
:1093F00082AB837402121510E0F91226E7E97005BA
:109400000EEE70010F0508E508700205098521823E
:1094100085228312916CC3E50898E509994098EE7E
:10942000FAEFFB741502832D74F6120BE08C828D1B
:1094300083A3A312967FF0EA12B5B83BF583E0C090
:10944000E012963CD0E0F012960F12916C1296202A
:1094500012967AF0A3F0EA241FF582E43BF583121A
:109460009060EC1296093DF583EEF0A3EFF01296B2
:10947000193BF58312964AA3A3A3A3A3A3EEF0A3DB
:10948000EF12B16AFE8C828D8312968974035EFEA0
:10949000C3940340030295FCEE600874026E6003FF
:1094A0000295298C828D83E0540CFE740C6E70033F
:1094B000029566E0A2E4400D88828983E08C828D6B
:1094C00083A312969F74086E600302956612962A13
:1094D0007401F08A828B83A3A3A3A3A312A976703D
:1094E000148C828D83E0440C129691A3A312964AA9
:1094F000EEF0A3EFF08C828D83E0A2E4402B888213
:1095000012965812966D500109F582129658A3A32F
:10951000A3A3A3A3F0A3EF1296998C828D83A3A398
:10952000A3F0E82403F850010988828983E0C0E0B1
:10953000EC12C2113DF583D0E01296898C828D83A6
:10954000E0A2E7507588828983E0FE8C828D8312C9
:10955000969F74FC5E700C8C828D83A3E054036430
:1095600003701E0295FC12962AE4F0740C6E6003E0
:109570000294D3888212965E12966D50010902946D
:10958000F58C828D83A3E05403603288828983E066
:10959000C0E0EC1296443DF583D0E01296A08C8298
:1095A0008D83E054036402701488828983E0C0E0F4
:1095B000129632D0E01296A08003A3E4F0EC12A43D
:1095C0005C3D12BAF0EC2410FEE43DFF12960FE071
:1095D000F5088E828F83E0C3982508F508F0EA2409
:1095E00017F8E43BF98882F583E0C39508C0E012E0
:1095F0009620D0E012B16AC39508500A129620E472
:10960000F012963CE4F00292202415F582E422EA5E
:10961000241DF582E43BF58322EA240DF582E42241
:10962000EC240DF582E43DF58322EC12A6273DF5EE
:109630008322EC2414F582E43DF58322EC12907A27
:109640003DF583222413F582E422E0FEA3E0FF8CA3
:10965000828D83A3A3A3A32212965EA3A322898350
:10966000E0F508A3E0FFE5088C828D8322A3A3A385
:10967000A3F0A3EFF0E82402F82212967FA322E4DD
:10968000F08C828D83A3A3A3221296A7A882A9831C
:1096900022129042A3A3A3A3221296A7A3E022A37F
:1096A0001296A708A9832212B173A32274F4120B95
:1096B000E074F312126C8A0A8B0BECFEEDFF8C82C5
:1096C000F583E0540CF508E0A2E75006E508D2E780
:1096D000F508E508D2E1F50812A9767006E508D28A
:1096E000E4F508E0A2E55006E508D2E5F5087C08B7
:1096F0007D007900AA21AB22121B4D7402121510B5
:10970000E50812C7EAC0E07403121510D0E0129DFC
:1097100031E50AF0A3E50BF0740512151012C00A2A
:10972000121510E070777408121510129CB212B165
:10973000583812C02FC0E074081215101297B6D016
:10974000E012C005C0E074081215101297ACD0E00A
:10975000F074081215101297C2E0129CDA12AFF7DB
:1097600012B62AEE241112A946C0E01297A2D0E048
:10977000F0EE241412A946C0E07408121510129CD1
:10978000B22435F582E438F583D0E0129CFFC0E0C6
:109790007408121510129CB6D0E012BCE8740D02C9
:1097A000832DE82432F582E439F58322129CC61217
:1097B000C20338F58322129CC62426F582E438F5CC
:1097C0008322129225A3A3A3A3A3A32274F7120BAF
:1097D000E07E008A828B83A3A3A3A3A3A3A3A3A356
:1097E000E06404600302988C12A61FE060030298F4
:1097F0008C12A4733B12A4F9700302988C8882899E
:1098000083E05403600302988CE812A62739F5839D
:10981000E0FA8C828D83A3A3E0FBA3E0CB12C211FC
:109820003BF583E06A706588828983A3A3A3A3A321
:10983000A3A3A3A3129890E06A7003A3E06B704CFB
:1098400088828983A3A312989CE0FFA3E0CF24061B
:1098500012A9466A7003A3E06B703188828983A3E2
:10986000A3E0F88C828D83A3A3E0F9A3E0F58389BC
:1098700082A3A3E06860138C828D83A3A3A3E0F589
:10988000838982E0540C640470027E01EEF980202A
:1098900012989422129EE68C828D8322A3A31298A2
:1098A00094A3A322740C121510E0F9740D1211B9CF
:1098B0007F01020EE874F6120BE074FC12126CEADF
:1098C000FEEBFFECFAEDFB8C82F583A3E054036022
:1098D000169018B312A4FB60597900EEFCEFFD124C
:1098E000C23A123157804B852182852283EEF0A344
:1098F000EFF07402121510129D21AC21AD227A23D3
:109900007B2712299F8A088B09A808A909EA4960C0
:10991000218A828B83A3A3A3A3A3A3A3A3A37406D7
:10992000F07A0088828B83129CB212B5D9E0F912CA
:1099300028CD740402921D74F2120BE074F312121B
:109940006CEAFEEBFF8A82F583A3A3A3A3A3A3A3E0
:10995000A3A3A3E0F50A901C38E0700579BA029C35
:109960006C750801750900750C00750D007C087D8B
:10997000007900AA21AB22121B4D74051215107438
:1099800001129D39540460127402121510E0D2E6DF
:10999000129D3954087003750803E0541060067472
:1099A000404508F508E0540860227402121510E0E2
:1099B00044C0129D395420600A7403121510E0D27D
:1099C000E080087403121510E0D2E1F0EE241512C5
:1099D000A946129C9A7003740169700674084508C0
:1099E000F5088E828F83A3A3A3A3A3A3A3A3E070F0
:1099F00016122A1185218285228312B6377402122B
:109A00001510E0D2E2802C640F7010740212151051
:109A1000129D4174044508F508807B8E828F83A3D4
:109A2000A3A3A3A3A3A3A3E064028E828F837006E3
:109A300012AFDAF08060A3A3A3A3A3A3A3A3E0645F
:109A400003700DAC21AD22EEFAEFFB1227598046D0
:109A50008E828F83A3A3A3A3A3A3A3A3E064017017
:109A600035901948E060107402121510129D41756E
:109A70000910750AFF80187402121510E0440C12C8
:109A80009D3174FDF0A374FFF074044508F5088E51
:109A9000828F8312823DEE241512A946A2E0503F28
:109AA0007402121510E0540C701B8E828F83129E6C
:109AB000DE122219E9700579BB029C6C7402121542
:109AC00010E0D2E5F0EE241512A946A2E050107481
:109AD00002121510E0540C64047004E0D2E5F0EEBC
:109AE000241112A946C0E07404121510D0E012C06F
:109AF0000C121510E06003029C6574081215101218
:109B00009CF5E508F0A3E509F0129C90E0C0E01296
:109B10009C88D0E0F0129C79E0C0E0740812151027
:109B2000129CB212964438F583D0E012AFF764016C
:109B30007011901948E0C0E07408121510129CD002
:109B4000D0E0F07408121510129CF0129C83FAE811
:109B5000241CF582E439F583EA129D2CEE2415FAD3
:109B6000E43FFB8A82F58312D049E812ACB239F5A2
:109B700083129D21EE241C12A946C0E0129C6FD0D6
:109B8000E012ADF8129C9A700374016970137408A6
:109B900012151012A60FFAEE241D12A946F912256D
:109BA000738E828F83A3A3A3A3A3A3A3A3A3E0C0C5
:109BB000E074081215101297B6D0E0F07408121570
:109BC000101297ACE50AF0740812151012A4AD2417
:109BD00028F582E439F583E50CF0A3E50D129D0725
:109BE000129CDA12A9C512B62AEE129C83C0E0E8D4
:109BF0002433F582E439F583D0E0F0EE241B12A97A
:109C000046C0E07408121510129CB6D0E0F0EE24A5
:109C10001A12A946C0E07408121510129CB2243220
:109C2000F582E438F583D0E0129CFF129CA6121155
:109C3000D812C20912D049740B121510128B8A1255
:109C400011B9EE241512A946544060129018D3128F
:109C5000A4FB600AAA21AB2212C23A123157AA21F0
:109C6000AB221227DD740C121510E0F9029FBFE839
:109C70002420F582E439F58322EE2419F582E43FAD
:109C8000F5832212C21CE022E812B15C39F583226E
:109C9000EE2418F582E43FF583225480F8A3E054C3
:109CA00001F974806822F508A3E0F509750A0078C7
:109CB0000822129CC622129CC62434F582E438F590
:109CC0008322A3A3A3A3129CCA22E0F8A3E0C82284
:109CD000129CC612960938F58322FAA3E0FBE82409
:109CE0002AF582E439F583EAF0A3EB22A3A3A3A328
:109CF000129170EE2212A4B112A47839F58322F0E9
:109D0000EE241312A9CD22F0EE240D12A9CD22E0EB
:109D1000FC8A828B83E02CFCA3E03400FD8A828BDA
:109D200083ECF0A3EDF02212A4DA7404F0A3E4F0C3
:109D300022F085218285228322F0EE241512A9CDFE
:109D400022E0D2E3F0129D49228E828F8312C82036
:109D5000E8F0A3E9F02274F7120BE08A828B83A368
:109D6000E0640170047E6380027E648A828B83E0FB
:109D700060087905129D8A24F3FE9018F0E06007D0
:109D8000F9129D8A24F2FE02988C12289DE9F8EEC1
:109D9000C3982274F6120BE074FE12126C852182B5
:109DA00085228312B637E9FEECFAEDFB9005C2126C
:109DB000A4FB6032A821A922880889097808121119
:109DC000DC7D01740E121510E0FCEEF99005C21254
:109DD000B60B12315774021211B9EA4B60047900C4
:109DE000800679B2800279B602921B74F7120BE0FA
:109DF000E9FE9018A712A4FB601F7409121510E069
:109E0000F50878081211E0EEF99018A712B60B12B7
:109E1000315774011211B9800279B60298B074F703
:109E2000120BE08908ECFEEDFF79B5E508245F60D0
:109E30000C14603414601624F86048805190189A0D
:109E400012916C8C828D83E8F0A3E980189005C490
:109E5000129E916039E0F5838A821231578E828F8B
:109E600083EAF0A3EBF080249018A912D049EC4DBE
:109E7000601CEEFCEFFD9018A912B60B123157E9E9
:109E8000F9800B9018A5129E97121CEB790002988E
:109E9000B0129EE2EA4B2212D04DEEFAEFFB227492
:109EA000F7120BE0E979B5245F600624F6600E80B6
:109EB000178C828D83129ECB12BAF280099018A55E
:109EC000129EDE121CEB79000298B012917090186D
:109ED0009A228E828F83A3A3A3A3A3A3A3A3129EDC
:109EE000E222129EE622E0FAA3E0FB2274F1120BBA
:109EF000E0EAFEEBFF8C0A8D0B7508019018F8E084
:109F00006E7003A3E06F700C129FB3AA0AAB0B1222
:109F10001CEB805E122A17EE6A7002EF6B7009AAC2
:109F20000AAB0B122A1D804AAC0AAD0BEEFAEFFB0E
:109F3000122387E9F508901BDEE07036123065E9E0
:109F40007030E508702C9018C7E06E7003A3E06FC6
:109F50007020EE4F601C750CBF750D18750E0078E3
:109F60000C1211D87C087D00AA0AAB0B12C80C1287
:109F700011B9A90802D14574F2120BE0EAFEEBFF19
:109F80008C088D09750A01129FB3EEFAEFFB121CC3
:109F9000E5E96401700B9018F812AAC412BAF280B5
:109FA0000EAC08AD09EEFAEFFB12238DE9F50AA914
:109FB0000A8011122A0B8A0C8B0DAC0CAD0D227489
:109FC0000D1211B97F06020EE874F6120BE0EAFEDC
:109FD000EBFF7A0D7B00121BF5EA4B6062EE242446
:109FE00012C4E1F0EE242512C4E1A312A08112C430
:109FF000E7A3A312C23E12A05CF0EE12A04212A090
:10A0000071E8F0A3E912A09812A06912BAF2EE1258
:10A01000A04B12C308A3A3A3A3F0EE243312A946B6
:10A02000C0E012A054D0E012C03312A069A3A3A3D1
:10A03000E8F0A3E912A090C0E012A61FD0E0F00261
:10A040009220242AF582E43FF58322242EF582E42F
:10A050003FF58322EA12AAA03BF5832212A06022D8
:10A06000E08A828B83A3A3A32212C356A3A3A3A334
:10A070002212A075221291748A828B83A3A3A3A3B8
:10A0800022F012A08622EE2426F582E43FF58322F8
:10A09000F0EE243212A9CD22F0EE242C12A9CD220A
:10A0A00074F4120BE074FE12126CECFEEDFFEC2463
:10A0B0001612A94664057010EC2406FCE43FFD125C
:10A0C0002753E9700302A14CAC21AD2212C59612B0
:10A0D000221F85218285228312A4FB606B8E828FD2
:10A0E00083E064017058E875F009A4F8AAF075F0EF
:10A0F00009E9A42AF9741228F8740639F9E8FAE98A
:10A10000FB8882F583780812149DEE12A1EE1214DA
:10A11000404027852182852283129CF012A9541287
:10A12000A151780812149D9083BC78081213648A98
:10A13000828B83780812147F800A79A28010EE2423
:10A140000F12BAEC7900800679A1800279C80283E7
:10A150002B129D50EE12C2282274F2120BE08A0CD0
:10A160008B0DECFEEDFFEC12A954E4F0A3F090830C
:10A1700054780812149DEC12A1EE1212D76067EC0D
:10A18000240E12A94D703478B39018EFE070289027
:10A190001921E064017020EC241112A946F912285B
:10A1A000858B09A909EE12A4743F12B635EA4960FD
:10A1B000047800800278A18808802EE060046402A0
:10A1C000700A122765E9F5087007801DE0640370C6
:10A1D00010EEFCEFFDAA0CAB0D123149E9F5088039
:10A1E000087508A180037508A3A908029FC412C2BC
:10A1F0002878082274F0120BE074F512126CEAFE53
:10A20000EBFFEA240AFCE43F8C82F58312D4E612C9
:10A21000A48A740312124C8A828B8312B41DE970D3
:10A220000302A2DD740112124C74031212441222B2
:10A230001F740112151012A4FB700302A2DDE87551
:10A24000F009A4F8AAF075F009E9A42AF9740E2817
:10A25000FC740639FDE508240E12A482E4F0041211
:10A26000151012916CE50812A474350912BAF08C1D
:10A27000828D831214D5E508241212A4821214E1EF
:10A280009083BC780812149D8C828D8378081213F9
:10A29000C38C828D83780C12149D908400780812F0
:10A2A000149D780C7908120B71E5084509450A459B
:10A2B0000B702A740112151012A4AD75F009A4F8E0
:10A2C000AAF075F009E9A42AF9741628F582740633
:10A2D00039F5837401F07A007B0812A4A48E828F72
:10A2E00083A3A3A3A3A3A3A3A3A3A3E02406FCA3E4
:10A2F000E03400FD8E828F8312B41D12C017603EC1
:10A30000EE240A12A466129CF57468129D2CE812C1
:10A31000A45C39F5837402F09018D91214D58C829C
:10A320008D8312B62412B1583CF5831214E1908348
:10A33000BC780812149D9018D978081213C312A47F
:10A34000E670609018A512A498A3A3A3A3A3A3A347
:10A35000A3A3A3E0240612AABD121CE5E970101203
:10A36000B14C9018A512B162700512C01760348EFE
:10A37000828F83A3A3A3A3A3A3A3A3A3A312A4989D
:10A38000129EDE12224FE960118E828F83A3A3A357
:10A39000A3A3A312A4D2E4F0A3F08E828F8312A40D
:10A3A000BAE4F012A4E6600302A4578E828F83A35E
:10A3B000A3A3A3A3A312D4E29018EFE0600302A426
:10A3C0004C901921E06401600302A44C750A3A75AF
:10A3D0000B00780A1211DC740212123C880A890BF5
:10A3E000780A1211DC12CAE11211B9E9705BE508B2
:10A3F000240E12A482740112A500C0E0E508241105
:10A4000012A482D0E0F0E508240F12A482743A125C
:10A410009D2C9018D51214D5E508241212A482128E
:10A4200014E19083BC780812149D9018D578081216
:10A4300013C39083BC780812149D9018D578081225
:10A4400012D7700812A4A0800312A48A12A4E67086
:10A450000612AF2374A1F0740B02C40C12A4602284
:10A46000240EF582E422F8E43FF9E8FCE9FD888255
:10A47000F58322EA12A47822240FF582E422E5086B
:10A480002413F582E43509F58322E50812A4783512
:10A4900009F583E4F0A3F02212D04D8E828F83223F
:10A4A0007A007B02901763E0F9121BA12212A4B17B
:10A4B00022129174E8228A828B83A3A3A3A3A3A36D
:10A4C000A3A3A3A312A4C822129CCA12A46038F5A5
:10A4D0008322A3A3A3A312A4DA22129CCA240FF5F9
:10A4E00082E438F583228E828F83A3A3A3A3A3A340
:10A4F000129CC2240FF582E438F58312A4B14922DC
:10A5000012A50422F0852182852283E02274F612AE
:10A510000BE0EAFEEBFF7A237B00121BF5EE240A28
:10A52000F508E43FF50985088212B6357C237D00E5
:10A530007900121B4D85088285098312A4FB7003E4
:10A5400002A5CEEEFAEFFB12277112A4E660748E1C
:10A55000828F8312A60564018E828F83A3A3A3A397
:10A56000A3A3700712A5FB740E802112A4FB701028
:10A5700012C017700B8E828F83A3A3E0A2E0500756
:10A5800012A5F1740D800512A5F1740512C03354A3
:10A59000036401700712A5D57405800B9018F0E0D4
:10A5A000C0E012A5D5D0E012A614F583888212A9C6
:10A5B0006F850882850983129CB212B5B838F5837D
:10A5C000E9800E85088285098312B6BE800312B524
:10A5D000E0F00292208E828F83A3A3A3A3A3A3A360
:10A5E000A3A3A312A5E722E0F8A3E0F5838882A342
:10A5F000228E828F83A3A3A3A3A3A3129CC212B50E
:10A60000BE38F58322A3A3A3A3A3A3A3A3A3A3124A
:10A61000A4C8E02212A6182212C5C8F8A3E022EAB4
:10A6200012A6273BF58322240CF582E42274F11252
:10A630000BE074E412126C8A0C8B0D8C088D097A75
:10A64000237B00121BF58A0A8B0BAE0AAF0BEA4F75
:10A65000700302A92E12B5C4E508241512A95B687F
:10A660007003A3E0698E828F837004740280027489
:10A6700001F0E508240DF8E43509F98882F583E056
:10A68000FAC3E49AFA95E0FBE508240E12A95B2AC6
:10A69000FAA3E03BFB8E828F83A3A3A3A312B18412
:10A6A0008E828F83A3A3F0EE2420F582E43FF5830E
:10A6B000E4F0EE2421F582E43FF583E4F0EEFAEFD6
:10A6C000FB12284F85088285098312A97670098EAE
:10A6D000828F83A3740580069018F012A964F0EEAF
:10A6E0002417F50AE43FF50B8E828F8312A96FE9D8
:10A6F000850A82850B83F0EE2416F8E43FF9E5081D
:10A70000240EFAE43509FB88828983129D0FE5083F
:10A710002410FAE43509FB850A82850B83E0FC8866
:10A72000828983E0F88A828B83E0C398C39CF81205
:10A73000A9B0F0EEFCEFFDAA0CAB0D12276BE9F50A
:10A740000B8E828F83E06402700612B14C12A9381E
:10A75000E50B600302A925750C00750D00901BDE4A
:10A76000E064016005E06402703F12A94A6008EEEF
:10A77000242112A94D70328E828F83A3A3A312B518
:10A78000E612A97CEE241612A94612A9A5FAE4390C
:10A79000FB12902AEA4B601112AFE21211D812A9F3
:10A7A0008AAA0C12C80C1211B9EEFAEFFB12285B40
:10A7B000E9F50B901BDEE064016008E064026003D1
:10A7C00002A918E9700302A918E50C450D700302EF
:10A7D000A9258003850E0B12A94A600BEE242112D5
:10A7E000A94D600302A91E850B0E850C08850D0975
:10A7F000750A0078081211D812A98A8E828F83A355
:10A80000A3A3A3128B951211B9EE242012A94660BE
:10A810000D12A9537468129D2CEE24208015EE248D
:10A820002112A946601512A9537403F0A37401F014
:10A83000EE2421F582E43FF583E4F0EEFAEFFB121B
:10A84000285BE9F50B70907C137D00790074091288
:10A850001244121B4D741A121510740112A9C5640A
:10A86000687002A3E0704F8E828F8312A4D2E064DE
:10A8700005600302A7D47C0879FF8E828F83A3A38F
:10A88000A3A3E0242A12AABD121BD7E9700302A7D2
:10A89000D47C087D0079FF7401121244121B4D74A0
:10A8A0000112124C7A007B0079AB12274D741912F9
:10A8B000151074FC801512A953E064037004A3E022
:10A8C00064017008741912151074FFF0E4F508F5AE
:10A8D0000978081211DC740212124C74131215104C
:10A8E000AA82AB8312B7441211B9852182852283D3
:10A8F000E0602B740912123C88088909780812114B
:10A90000DC75081375090078081211DC7C007D00E5
:10A9100012C4B41211B98006E50C450D6007AA0CEB
:10A92000AB0D121BFBEEFAEFFB121BFB8003750B4A
:10A9300010A90B741C02D142EE2406FAE43FFB126C
:10A940001CEB22EE240C12A9CD22EE242012A9CD5C
:10A95000640122EE12A4783FF58322F582E43509E2
:10A96000F583E02212A969A322E08E828F8322A3BD
:10A97000E0F912289D22E0540364012212A98022EA
:10A98000E0FAE82AF8E43400F9228E828F83A3A348
:10A99000A312B5EA12A980EE241612A9CD12A9A518
:10A9A000FCE439FD22FAE82AF8E439F9E824042223
:10A9B00012A9B42212A9B82212A9BC22F08E828F49
:10A9C00083A3A3A322F012A9CA22EE240FF582E4E6
:10A9D0003FF583E022790102118674F4120BE0EA5C
:10A9E000FEEBFF8A82F583A3A3A3A3A3A3A3A312D1
:10A9F0009CB22424F582E438F58312A976702E8A5D
:10AA0000828B8312A605702512AAD2E06405701D00
:10AA100012AAD2A3E0F87401686005740668700792
:10AA200012A4B67402800512A4B67403F0EA240AD4
:10AA300012B6B212B60BE4F0EA24081283172431DE
:10AA4000F582E43AF583E0C0E012AAA6D0E012AAAB
:10AA5000F1CA242EF582E43AF583E0C0E012AAA6FA
:10AA6000A3D0E012B23BC812AAA038F58312AAC440
:10AA700012B5F312AAE68A0A8B0BAC0AAD0B850855
:10AA800082850983E0240612AABD121CEB85088288
:10AA9000850983129EDE12285B12B6ADF002833068
:10AAA000240BF582E42285088285098312AAB0224C
:10AAB00012B5FBA3A322EE12BCCDE02412FAA3E050
:10AAC0003400FB2212AAC8221291748508828509DB
:10AAD00083228A828B83A3A3A3A3A3A3A3A312BFCE
:10AAE000FEF583888222A3A3A3A3129D50122A0BF2
:10AAF0002212B16EFAA3E02202A9D5C082C08390CF
:10AB000018C97477F0A37427F09018CB7483F0A35E
:10AB10007427F09018CD7489F0A37427F09018CFA3
:10AB2000747DF0A37427F002AE0274F4120BE0EA15
:10AB30002408FEE43BFF8E82F58312A4AD12B5D04B
:10AB4000E0F50874035508F50912B198F8A3E088F8
:10AB500082F583E508F0A3A882A983E5096009745A
:10AB6000026509600302AC17740C5508FC600A7496
:10AB7000086C600574046C7026740265097006E543
:10AB800008A2E4401A8A828B83A3A3A3A3A3A3A34E
:10AB9000A312AD1D12C2033D12ACB8A308A9837461
:10ABA0000C6C701C12AD19242812AD072428F582F4
:10ABB000E43DF583A312BE3AF0E82402F8500109FF
:10ABC000740265097006E508A2E4404B12AD192431
:10ABD0002A12AD07242AF582E43DF583A312ACC7FF
:10ABE00012AD2312BE3A12AD23A312ACBFE8240467
:10ABF000F8500109EC600F74086C600A740C6C600A
:10AC00000574046C701112B6182426F582E43C1207
:10AC1000ACB8A3A882A9838A828B83A3A3A3A3A38E
:10AC2000A3A3A312ACE754037014E508A2E1400EFD
:10AC300012B61812ACB23CF583E05480600812AC36
:10AC4000CD12ACBA8019901899E0C0E012ACCDD00A
:10AC5000E012ACFA8882898312ACFA0412B173A3B1
:10AC6000A882A983E508A2E750458E828F8312ACA3
:10AC7000E78882898312AD0012ACEC540360301275
:10AC8000B6182434F582E43C12BE38F0E508A2E19F
:10AC9000501D8A828B83A3A3A3A3A3A3A3A3128380
:10ACA0001F2435F582E43A12BE38A3F0E8240302EB
:10ACB0008330241EF582E422F58312ACC7F0221201
:10ACC000ACC7A3A3A3F022E088828983228A828B67
:10ACD00083A3A3A3A3A3A3A3A3E0FCA3E0CC243258
:10ACE000F582E43CF58322E012ACEC22FCA3E0CC3C
:10ACF0002425F582E43CF583E022F0901899E022C7
:10AD0000F08E828F83E022F582E43DF58312ACC79A
:10AD100012AD1422F012AD19228E828F83E0FDA3B2
:10AD2000E0CD22A312AD14242CF582E43DF583225C
:10AD3000C082C0838A828B8312ADF2FC74035CF9FB
:10AD40008A828B83A3A37401F0E9600574026970A1
:10AD500061740C5CF8600A740868600574046870BB
:10AD6000137402697005ECA2E440098A828B83A304
:10AD7000A37402F0740C68700A8A828B83A3A3E028
:10AD80002402F07402697005ECA2E440258A828BEB
:10AD900083A3A3E02404F0E8600F740868600A74D9
:10ADA0000C68600574046870098A828B83A3A3E031
:10ADB00004F0ECA2E7502A8A828B83A3A3E004125A
:10ADC000ADF8128828E0540360178A828B83A3A30E
:10ADD000E004F0ECA2E150098A828B83A3A3E00493
:10ADE000F08A828B83A3A3E004F0801685218285FC
:10ADF000228312A5E7A3E022F08A828B83E022124D
:10AE000011B9D083D082021186C082C0838A828B1E
:10AE100083A3A3A3A3A3A3A3A3A3A312A4FB600937
:10AE20008A828B83A3A312AE2B80D7A3A3A3A3A351
:10AE3000A3A3A312AE3722129EE6121BFB2274F2CA
:10AE4000120BE074F312126CEAFEEBFF740C121595
:10AE5000107401F012B69B12A4FB600612B6041225
:10AE6000315712A943600302AEF37C087D007900DC
:10AE7000AA21AB22121B4D7402121510740112AFDD
:10AE80003F12C81812AFF3F8A3E0C812961A38F5AB
:10AE900083E02409C0E07404121510D0E0F07405BA
:10AEA00012151012C00A121510E07047740812151E
:10AEB0001012BADD740E12AF3F12D047850C828596
:10AEC0000D83A3AA82AB83121CEB129ED212A05454
:10AED00012AFEA1211D81296193B12AF38E50C24C2
:10AEE00009FAE4350DFB12C80C1211B9AA21AB22E4
:10AEF0001227DD8E828F83A3A3A3A3A3A3A3A312F0
:10AF0000A4FB60078E828F8312AE2BEEFAEFFB124A
:10AF100027A1740C121510E0C0E012AF23D0E0F0AE
:10AF2000029FBF12AF2722EE240CF582E43FF58387
:10AF300022E50E12907A350FF583E0FC7D00221297
:10AF4000BCFA12B6102274F5120BE074F312126CF4
:10AF5000EAFEEBFF7C087D007900AA21AB2212BA41
:10AF6000B4A3A3A3A312AFDA12B650C0E0740412C4
:10AF70001510D0E0F07402121510740112AFF7C072
:10AF8000E07405121510D0E012B63D64017009742A
:10AF900002121510E0D2E5F0AA21AB221227D774D5
:10AFA0000C121510E070278E828F8312AFE81211F9
:10AFB000D88E828F83A3A3A3A312AF3A740B12156A
:10AFC00010128B8A1211B9AA21AB221227DD740C40
:10AFD000121510E0F9740D02C90612C81CE8F0A39E
:10AFE000E9228E828F83A3A3A3A312D4EA750A0059
:10AFF000780822E8F0A3E912BB29E02274F6120BCC
:10B00000E074F212126CEAFEEBFF8A82F58312C83A
:10B010001212BAF2EA12BCC912B5F3A3E0C0E0748E
:10B0200002121510D0E012B25312B242740412157B
:10B030001012BAF27402121510E06404700F12AA12
:10B04000B6740612151012B184241A8032E064011D
:10B050006005E064067036EE240212831712B158C0
:10B060003AF583E0C0E07403121510D0E012B16A23
:10B07000241312AABD740612151012B184241B12D7
:10B08000B2427408121510E8F0A3E9802774061282
:10B090001510E4F0A3F012AAB6740812151012B13C
:10B0A00091C8241AF582E438F583E0C0E0740A12EE
:10B0B0001510D0E0F0740612151012A4FB601F7476
:10B0C00006121510129EDE12237BE96401700F1226
:10B0D000B14C740612151012B16264017009AA21F4
:10B0E000AB221228318060AA21AB22122225E9640A
:10B0F000017054740C12124C7406121510129EDE5C
:10B10000122759E96401703F740C1215101297C28E
:10B1100012B179A3A3E4F0901871E0601512B41392
:10B1200070108E828F83A3A3A3A3A3A3A3A37401F0
:10B13000800D8E828F83A3A3A3A3A3A3A3A3E4F074
:10B14000EEFAEFFB1227AD740E02921D122A0B8A43
:10B15000088B09AC08AD092212B15C222412F582D9
:10B16000E422129EE2121CE5E92212B16E2212B113
:10B1700073E022F08882898322129D508E828F8311
:10B18000A3A3A32212B18822EAF0A3EB12B173E0C9
:10B190002212B188F8A3E02212C091E022C082C03E
:10B1A0008374FC12126C12B1EC240112B2427402CC
:10B1B000121510E8F0A3E912B1E612283774040260
:10B1C000ADFFC082C08374FD12126C12B1EC128804
:10B1D00022C0E07402121510D0E012B1E612283D30
:10B1E000740302ADFFE4F0AA21AB22228A828B8392
:10B1F000A3A3A3A3A3A3129D4D8A828B83A3A3E041
:10B2000022C082C08374FA12126C8A828B8312C8A5
:10B210001212B265C0E07402121510D0E012B23BF7
:10B22000F5838882A3A3E0C0E07405121510D0E076
:10B2300012B1E6122843740602ADFF12B16EF8A3F4
:10B24000E022F8A3E03400F922E02402F8A3E0347D
:10B2500000F92212B16E240222E8F0A3E9F0EA24F8
:10B2600002F8E43B2212B259F98882F58312B5F74D
:10B27000A3E02274F4120BE074FB12126CEAFEEBF2
:10B28000FF8A82F58312B351601624FE601824FEF3
:10B29000601A24FB601C24FE700302B34002B34317
:10B2A0001227B302B3431227B902B3431227BF02D6
:10B2B000B3438A828B83A3A3A3E08882F583E582CC
:10B2C0002409F508E43583F509740312124CA3AA86
:10B2D00082AB83122759E964017068852182852237
:10B2E00083743612B65024F7C0E07401121510D0E2
:10B2F000E0F0740212151012B1E51224718A0A8B63
:10B300000BAE0AAF0BEA4F603A7403121510E0124D
:10B31000C3E512C5C4C0E0EA12B348D0E0F0750A34
:10B320000078081211D81296193F12AF38EA12BAF3
:10B33000BA128B931211B9EEFAEFFB12246B800351
:10B340001227C5740502832D2424F582E43FF5837A
:10B350002212B40724FB2274F6120BE074E41212DA
:10B360006CEAFEEBFF740112124C8A828B83A3A35A
:10B37000A3A3A3A312B41D740912123C880889095F
:10B3800078081211DC740212124C74031212441267
:10B39000B7441211B9852182852283E06034741A82
:10B3A000121510E0600464017028901873E0702298
:10B3B0008E828F83A3A3A3A3A3E070168E828F83B4
:10B3C00012B40160378E828F83A3A3128CE66407C8
:10B3D000602A8E828F83A3A3A3A3A3A3A3A3E07059
:10B3E0000E12B41360097A347B01122039800DEEFD
:10B3F000FAEFFB9018D112B60B123157741C02925F
:10B400001D12B407640622A3A3E0F8A3E0F5838825
:10B4100082E0228E828F8312B407640522129EE29C
:10B420001227532274F4120BE074FA12126CEAFE23
:10B43000EBFF12882E2408F582E43B12B643240A5F
:10B44000F582E43812B64312B5D912B1E512279B42
:10B4500012ADECF50812B5C485218285228312B5A0
:10B46000F3E0687003A3E069602EE508A2E55028C8
:10B47000852182852283A3E0FB9018C912B60B12A6
:10B480003157852182852283129CB2240A12A4F5A9
:10B49000700612ADECC2E5F012A943600302B5AD2F
:10B4A00074031215107436F0740212151012B5E6FA
:10B4B000A3A3E028C0E07404121510D0E012B63D3A
:10B4C000C0E07405121510D0E012BB22F8A3E0F919
:10B4D000E849601BE812B5B839F583E0FAE812B51F
:10B4E000BE39F583E02AF87404121510E028F074D0
:10B4F000031212441224718A088B09A808A909EAC8
:10B5000049700302B5A28E828F83129EDE888289E3
:10B5100083A3A312B637E812B1583912C02FC0E086
:10B52000E812B5D0D0E012C005C0E0E82425F582CD
:10B53000E439F583D0E012B650C0E0E8242EF5825D
:10B54000E439F583D0E0F07402121510E0FA12B17C
:10B55000982AFCA3E03400FDE812B5B239F5831255
:10B560009D21E82431F582E439F583EA12BB22FA01
:10B57000A3E0FBEA4B6019E8242FFAE439FB8E8242
:10B580008F83A3A312B61C12B5BE3CF583129D0F88
:10B590008E828F83A3A3A3A3A3A3A3A3E8F0A3E90D
:10B5A000800AEEFAEFFB1227A112B5E0F074060252
:10B5B000832D242FF582E4222417F582E422241619
:10B5C000F582E422122A118A0A8B0BA80AA90B22FF
:10B5D0002424F582E439F5832212A62738F5832244
:10B5E00012AF2774102212B5EA22E0F88E828F8300
:10B5F000A3A32212B5F72212B5FB22E0FAA3E0F5CD
:10B60000838A8222EEFAEFFB9018CBE012B610226A
:10B61000F8A3E0F5838882228A828B83A3A3A3A365
:10B62000A3A3A3A3E0FCA3E0CC22FAA3E0FBE824BD
:10B630002CF582E439F583EAF0A3EBF02212B6553B
:10B64000A3E022F583E4F0A312A504F8A3E0C82246
:10B6500012B655E02212A9B8A32274F6120BE0EA42
:10B66000FEEBFFEA12A944702812B69B12A4FB60FD
:10B670000612B60412315712A943700B129ED21251
:10B68000246B12B6AD8009EE240812B6B212B6BE13
:10B69000F0EEFAEFFB1227A10292201227958E827C
:10B6A0008F83A3A3A3A3A3A3A3A3A3A32212AF2720
:10B6B000E922F508E43FF509850882F5832212AEF8
:10B6C00037850882850983E4F0A32274F4120BE025
:10B6D0008A088B09ECFEEDFF12B5C4EE241512A901
:10B6E00046687003A3E069600EAA08AB091222192C
:10B6F000E9700479018011EEFCEFFDAA08AB099016
:10B7000018CF12B60B12315702833074F7120BE0C8
:10B71000EA4B701F7E007F0012B74A50247C107DD8
:10B7200000EE2404FAEF3401FB121C850EEE70E8E3
:10B730000F80E57C107D008A828B8312B75A121C21
:10B74000850298B01227F5740222903878E493F8B5
:10B75000740193F9C3EE98EF9922E02404FAE434DB
:10B7600001FB22E4F0A3F0A3F0A3F02274F1120B8A
:10B77000E074DF12126CEAFEEBFF740D121510126A
:10B78000BAF612124412BAB4E06404600302B8308C
:10B7900074051215107422F0740D121510E0600378
:10B7A00002BA8812BAD312151012BB0912151074FE
:10B7B0000112BB22C0E07406121510D0E0F012BADC
:10B7C000B9F58312916C740712151012BB0FA3A365
:10B7D000A3E0640170097403121510E0D2E5F0745F
:10B7E000011212441227D7740D121510E0600302E3
:10B7F000BA88740912151012BADD740512C03385A7
:10B800000C82850D83A312B650F8A3E0F9E84970C5
:10B810000302B8E512AFE21211D87C107D00E50CEE
:10B820002402FAE4350DFB12C80C1211B902B8F764
:10B830008E828F83A3A3E06401600B8E828F83A32B
:10B84000A3E064067074901BDEE07064123065E95A
:10B8500070278E828F83A3A312AFE61211D87C08C3
:10B860007D007ABF7B1812C80C1211B98E828F83AB
:10B8700012916C9018C712BAF2901BBCE06402706F
:10B880002F740E12123C8808890978081211DC7492
:10B890000212124C12C01C1211B9741E121510E0C3
:10B8A0007009852182852283E0700579B102BAAFE3
:10B8B0007405121510742302B7978E828F83A3A389
:10B8C000E06402600B8E828F83A3A3E06403700A9E
:10B8D0007405121510741B02B797740D12151074AD
:10B8E000B3F002BA887C107D007900E50C2402FADE
:10B8F000E4350DFB121B4DE50C2412F50C5002052E
:10B900000D8E828F83A3A3E06401600B8E828F83F0
:10B91000A3A3E06406700E8E828F8312BABFA38544
:10B92000820C85830D8E828F83A3A3A3A312D0479D
:10B93000AA0CAB0D122375E50C2408F50C5002057A
:10B940000D8E828F83A3A3E0640460168E828F83A2
:10B95000A3A3E06401600B8E828F83A3A3E064063F
:10B96000700FAC0CAD0D7A007B0079AB12274780CD
:10B970000C8E828F83A3A3A3A3A312BABF8E828F40
:10B980008312BACB60087409121510129D27740D2A
:10B99000121510E0600302BA888E828F83A3A3E0A1
:10B9A0006404600302BA6E740E12123C880889099E
:10B9B00078081211DC740212124C12C01C1211B958
:10B9C0008A088B09852182852283E0700D74FF6AC5
:10B9D000700374FF6B700302BA8812BAB912A4F92B
:10B9E000600A74011212441227A78008740112120F
:10B9F000441227DD8E828F83A3A3A3A312823B75FB
:10BA00000E00780C1211D87C087D007419121510E4
:10BA100012C8081211B9741E121510E0700C7420AF
:10BA2000121510AA82AB831227E9741E1215107426
:10BA300001F0741F121510E4F0741212151012BAEE
:10BA4000FE12151012BAFE12123C880A890B780AEF
:10BA50001211DC750A13750B00780A1211DC7C00D8
:10BA60007D00AA08AB0912C4B41211B9801A12BA27
:10BA7000B912A4F9600A74011212441227A78008AF
:10BA800074011212441227DD901BDEE0701A12308E
:10BA900065E970147C087D0079007ABF7B18121B61
:10BAA0004D9018C7E4F0A3F0740D121510E0F9746E
:10BAB0002102D14212BE2FA322EE12AAA03F22A33E
:10BAC000A3A3E0850C82850D83F022129EE2122A48
:10BAD000A7E9228E828F8312917074012212BFD740
:10BAE000F50CA3E0F50D850C82F58322F582E43F89
:10BAF000F583129D5022E4F07C08FDF90422E4F065
:10BB0000A3F0A3F0A3F0740E22129D50740322E858
:10BB1000F0A3E912BB172212BB1B2212A9BCA3A3DC
:10BB2000A32212BB29A3A3E02212BB1BA3A322744E
:10BB3000F0120BE074ED12126C8A0E8B0F8C0A8DD2
:10BB40000B7EFF7FFF8C828D83E4F0EC4D6004EA76
:10BB50004B70077AFF7BFF02BC0E75080075090069
:10BB6000802474FF6E700374FF6F701274081215D6
:10BB700010AA82AB83122BEBE9700312BC130508E9
:10BB8000E5087002050990387AE493F8740193F996
:10BB9000C3E50898E509995071A821A922880C8964
:10BBA0000D780C1211DC750C13750D00780C121148
:10BBB000DC7C007D00E5082411FAE5093401FB1264
:10BBC000C8511211B9AC0EAD0F7408121510AA822B
:10BBD000AB83121CE5E964017088850A82850B83BA
:10BBE0007401F07423121510129E91601AA821A9F5
:10BBF00022880C890D750E00780C1211D87C137DEB
:10BC00000012C80C1211B912BC13EEFAEFFB741338
:10BC100002C40CE5082411FEE5093401FF2274F684
:10BC2000120BE074F312126C12BD66121510740C34
:10BC3000F07405121510740112BCFF600974021231
:10BC40001510742180077402121510740112C00CB3
:10BC5000121510E07056740812151012BFD3F508B3
:10BC6000A3E0F509850882F583740612B650FCA39B
:10BC7000E0FD850882850983A3AA82AB83121CEBB1
:10BC8000EE12BCC912BCD8A312BCF185088285098A
:10BC900083A3A3A3A3A3A3A3A3A3A312BCF6C0E05F
:10BCA000E508240B12A482D0E012BCE88E828F83B8
:10BCB000A3A3A3A3A3A3E0700479008007740C12CC
:10BCC0001510E0F9740D02921D12BCCD222402F869
:10BCD000E43FF98882F58322E0850882850983A301
:10BCE000A3A3A3A3A3A3A322F0AA21AB221227DD1F
:10BCF000221296A7E02212BCFA2212BB1BE02212EB
:10BD0000BB17A3E02274F7120BE074F312126C124B
:10BD1000BD661215107409F0740512151074011225
:10BD2000B6506401700974021215107421800774F2
:10BD300002121510740112C00C121510E070247458
:10BD40000812151012BFF5740712C033FCA3E0FDF2
:10BD500088828983A3AA82AB83121CEBAA21AB221F
:10BD60001227DD0298A4EAFEEBFF7C087D00790033
:10BD7000AA21AB22121B4D129D4974042274F712A2
:10BD80000BE074F312126CEAFEEBFF740C12151048
:10BD9000E4F07C08FDF9AA21AB2212BE2FE0640179
:10BDA000600A8E828F83A3E06404706674041215A7
:10BDB000107402F0740C121510E070538E828F8391
:10BDC000E0852182852283129D2C74021215107445
:10BDD00021F0740512151012C00A121510E0702F10
:10BDE000740812151012BFF5740812C857AA82AB56
:10BDF0008312BE3A12ADF86402700D12D043E824EB
:10BE000002FAE439FB121CEBAA21AB221227DD0255
:10BE100098A48E828F83A3E06402700974041215C3
:10BE200010740A808E740C12151074B3F080E01236
:10BE30001B4D8E828F83A322F58312ACC7A322747D
:10BE4000F4120BE074B612126C8A088B098A828B8A
:10BE500083A3A3E06404600302BFCC901BDEE07008
:10BE60000302BFCC12C017600302BFCC740F1212C2
:10BE70004C7A007B0079AB122747850882850983BD
:10BE800012D049740F121244122381E9700302BFC9
:10BE9000CC743712123C880A890B780A1211DC74B0
:10BEA0000212124C85088285098312C0261211B92C
:10BEB000852182852283E0700302BFCC744712156E
:10BEC00010E06401600302BFCC742712123C880AA0
:10BED000890B780A1211DC750A10750B00780A12AA
:10BEE00011DC7C007D007A027B0112C8511211B96D
:10BEF00074011215107403F0741712123C880A8929
:10BF00000B780A1211DC742912123C880A890B780A
:10BF10000A1211DC7C087D00740512124412C7E479
:10BF20001211B9740E121510E4F07C08FDF97402B8
:10BF3000121244121B4D7402121510E4F0A3F07497
:10BF4000041215107401F074071215107401F074C6
:10BF500006121510741AF074021212441227D774C4
:10BF60000E121510E07065740A12151012BFD3FE80
:10BF7000A3E0FF8E82F583740F12BFE68E828F835B
:10BF800012C8621211D87C087D0074121212441279
:10BF9000C80C1211B9740F12124CEE240212A93BF4
:10BFA000741712123C8808890978081211D87C107D
:10BFB0007D00EE240A12C2E41211B9740212124476
:10BFC0001227DD740E121510E0F9800279C2744A4E
:10BFD00002832D12BFD72212BFDB22129CCA12B5D8
:10BFE000B238F583E02212BFEBE022F085088285AB
:10BFF0000983A3A32212BFFEF98882F5832212BF10
:10C00000DBF8A3E02212A9B4E0227401F0AA21AB6C
:10C01000221227D7740C22122819E9228E828F83CC
:10C02000A3A3A3A3A3A3129EE21227F5740222F5F1
:10C0300083740112C0372212C85BA3E022C082C001
:10C040008312C04E74CBF0A37427F002AE02122705
:10C050008F9018D122C082C0837C0879FF9018A5E8
:10C06000129EDE121BD702AE0274F7120BE0E9FE3D
:10C0700012A4733B12A4F9601588828983A3E0544B
:10C0800003700BEEFB12C09112C0C612C09B029847
:10C09000B0E8240BF582E439F58322E0F91231315E
:10C0A00022C082C083EAF8EBF98A82F583A3A3A3B6
:10C0B000A3A3E0FB8A828983A3A3A3A312C0C6A380
:10C0C00012C09B02AE02E0FA88828983A3A3227485
:10C0D000F0120BE08A0C8B0D8C0E8D0F890B1290D9
:10C0E0007512C7FA2430FA12C2EE700302C1FF8A39
:10C0F000828B837401F0850C08850D09750A007820
:10C10000081211D87C177D00EA241912C2E412111A
:10C11000B9850E08850F0978081211D87C097D00B1
:10C12000EE240212C2E41211B97410121510129CFE
:10C13000F0240B12BAEC741212151012C22FC0E0C8
:10C1400012A953D0E0129699C0E012C209D0E012B1
:10C15000BCF1C0E01290B0D0E0F07414121510E001
:10C16000C0E012C223D0E012C23EE4F0A3F0741586
:10C170001215101214D5EE1296443FF5831214E1F5
:10C1800012C217E50B12C30DA3A3129CEC240D12CF
:10C19000BAEC7419121510E0C0E0129C90D0E012B5
:10C1A000C82CE06029EE2430FAE43FFB12C2023FC3
:10C1B00012C246F508A3E0F50978081211D8E50C7B
:10C1C000129076350D12AF3812C80C1211B9EE2448
:10C1D0001A12A9465403601D9018B512A4FB600CF6
:10C1E000EEFAEFFB12C23A1231578013EEFAEFFB70
:10C1F000121B65800AEEFAEFFB90189812C3F40246
:10C20000C40FEE2427F582E422EE12C2113FF5831B
:10C21000222411F582E422EE12C21C2212B5B83F8C
:10C22000F58322EE12C2282212B15C3FF58322125E
:10C2300091708882F583E022EEF912B61222F01294
:10C24000C2023FF58322F583EAF0A3EBF0E50C246C
:10C250000E12C835E02274F2120BE08A0C8B0D7AB4
:10C260002012C2EE606C8A828B83740412C33F1268
:10C27000C30812C3128A828B83A3A3A3A3A312C3EE
:10C280000D12AFEA1211D87C107D00EA240612C20A
:10C29000E41211B9850C82850D83A3A3A3A3A3A3E4
:10C2A00012D047EE2416FAE43FFB122375850C8268
:10C2B000850D83A3A3A3A3A3A3A3A3A3A3E0C0E08B
:10C2C00012C2D5D0E012C31DC0E012C2FED0E012EF
:10C2D000C331029FC4EE12ACB23FF583227C087DCD
:10C2E00000EA2404FAE43FFB121B417403227B00A2
:10C2F000121B5F8A088B09AE08AF09EA4F22EE24B1
:10C300001FF582E43FF5832212A060A32212C31717
:10C31000A32212C317E02212D4CBA3A322F0E50C70
:10C3200012AAA012C838E022A3A3A3A3129170EA14
:10C3300022F0EEFAEFFB901763E0F9121B6B22F08C
:10C34000850C82850D83E012C356129D50850C82A8
:10C35000850D83A3A322F8A3E0F98A828B83A3A38C
:10C360002274F4120BE08A088B097A0C12C38C60D9
:10C37000188A828B83740612C39C129CA61211D851
:10C3800012C2DD1211B912C3ED0283307B00121B01
:10C390005F8A0A8B0BAE0AAF0BEA4F2212A618F97E
:10C3A0008A828B83A3A3129D50850882850983A36B
:10C3B000A3E02274F6120BE0EAFEEBFF7A057B00A5
:10C3C000121B5FEA4B601B8A828B83740812AD00DC
:10C3D00012C3E512C0338A828B83A3A3A3A3F012F6
:10C3E000C3F102922012C356E8F0A3E922EEFAEF5D
:10C3F000FB901763E0F9121B6B22F0850E82850F0C
:10C40000832212C3FAE0F8A3E02274181211B97F54
:10C4100008020EE874F6120BE074EC12126CEAFEDD
:10C42000EBFF8A82F58312BACB707C12C0176002D0
:10C4300080758E828F83A3A3E070658E828F83A325
:10C44000A3A3A3A3E064047057740112123C8808EC
:10C45000890978081211DC740212124C9018A51286
:10C46000C0261211B9852182852283E060327411C1
:10C47000121510E06401702812C4BA1211DC75089C
:10C480000175090078081211DC7C107D007A117B9F
:10C490000112C4B41211B979001230BF7A018002BE
:10C4A0007A0079011230A1741402921D7C007D0083
:10C4B0007A427B00121C797404227402F08582088F
:10C4C000858309780822C082C0839018DF748BF0BE
:10C4D000A37428F09018E1747FF0A37428F002AEE2
:10C4E00002F582E43FF583E08A828B832274F512A1
:10C4F0000BE012C5A5850882F583E054078A828B7C
:10C5000083A312C5C4131313541F5403C0E0EA12CB
:10C51000C59ED0E012C5C4C4135407F50A7904A31C
:10C52000AA82AB83121B53EAF8EBF9ECFAEDFB128B
:10C53000C2231214E112C58E7405F0E50AA2E05080
:10C5400017E5082405FCE43509FD12A938EE241688
:10C5500012A9462408F0800C7C087D00790012C5E1
:10C5600096121B4DEE240E12A94D701FEE2416F8E4
:10C57000E43FF98882F583E0FAE5082A12A95BC056
:10C58000E012C209D0E012B16A04F002C909EE1249
:10C59000B5BE3FF58322EE2406FAE43FFB2212A447
:10C5A000603FF58322EAFEEBFF8A82F583A3A3E0D6
:10C5B000F88A828B83A3A3A3A3E028F508A3E03421
:10C5C00000F5092212C5C822F0850882850983E09A
:10C5D0002274F2120BE08A0A8B0BEA241612C65957
:10C5E000640D70047E0180027E008A828B8312C5F6
:10C5F000ADEEC43354E0F9EA12C67133333354F864
:10C60000F88A828B83A3E04849850882850983F0F4
:10C61000A3858208858309EA12C67A120FB3AA0895
:10C62000AB0912CADB1211B98A088B09EEA2E050DD
:10C6300016E50A2406FCE4350BFD121CEBE5082484
:10C6400008F50850020509E50A12C6716401700672
:10C65000E50A12C662F0029FC4F582E4350BF58349
:10C66000E02212C211350BF583E08508828509832B
:10C670002212A460350BF583E02212B15C350BF574
:10C68000832274F4120BE074C712126C12C5A58ACF
:10C69000828B83E07005122855800CA3E0F8850892
:10C6A00082850983E048F012C223120FB37430125E
:10C6B000124C850882850983E0F912C59612287903
:10C6C00074041211B98E828F83A3A3E0C0E07401B9
:10C6D000121510D0E0F0EE241612A946C0E0740244
:10C6E000121510D0E012C005C0E07403121510D06E
:10C6F000E012C7EAC0E07404121510D0E012A9C518
:10C7000064017004A3E064017018740C12124CEE02
:10C71000242212A946F9EE2418FAE43FFB1222075C
:10C72000800E740C12124C12A953129EDE12225B60
:10C73000740C12123C740A121510E8F0A3E9129D51
:10C740003174FF12C7EF640270098521828522834C
:10C75000E4800DE0640370418521828522837402A8
:10C76000F0741C12123C880A890B780A1211DC74CE
:10C770000E12123C880A890B780A1211DC7C087DA3
:10C7800000740412124412C7E41211B9741C12127C
:10C790003C740A12151012BAF28E828F83A3A3A3DF
:10C7A000A3120FB7742E12124C74031212448E820D
:10C7B0008F83E0F912289174021211B9E9FE8508FD
:10C7C0008285098312CE70741C121244121B4D7C98
:10C7D000107D007900740C121244121B4DEEF97496
:10C7E0003902832D1228A374042212C85BE022F0C0
:10C7F000EE240E12A9CD22F582E412C838E022E51B
:10C800000C12A62712C83822AA82AB83121B4174CD
:10C810000322A3A3A3A3A3A312C81C2212C82022ED
:10C82000E0F8A3E0F985218285228322F0E50C243B
:10C830001012C83522F582E4350DF583221228A99D
:10C84000740422121C6D7402227C007D007A3A7BF3
:10C8500000121C7F74042212C85B22F08E828F8328
:10C86000A322A3F0122A0B8A088B09750A00780804
:10C870002274F4120BE08A088B0978081211DC7517
:10C880000A11750B00780A1211DC12C8491211B98D
:10C89000E970109018D51214D5E508241112A4825D
:10C8A0001214E102833074F5120BE074EF12126C73
:10C8B000E9852182852283F08A088B09750A007830
:10C8C000081211D87C107D00740412151012C808CB
:10C8D0001211B9A821A9228808890978081211DC47
:10C8E00075081175090078081211DC7C007D007A4A
:10C8F0003B12C4B21211B97C117D007900AA21ABA0
:10C9000022121B4D74111211B97F03020EE874F04C
:10C91000120BE074EB12126CE9FE7A1112CA31703C
:10C920000302CA2C78081211DC750A11750B007805
:10C930000A1211DC7C007D007A3B12C84F1211B93B
:10C94000E9600302CA18850882850983E06E6003E6
:10C9500002CA187A117B00121BF58A0A8B0BEA4B6C
:10C96000700302CA18780A1211DC750C11750D00DB
:10C97000780C1211DC12C8491211B9E9600302CA1D
:10C980000478081211DC780C1211DC7C007D007A2E
:10C990003A12C4B21211B99019217401F09083C4F3
:10C9A000780C12149D9018D5780C12144040069003
:10C9B00018D512B76385080C85090D750E00780C23
:10C9C0001211D87C117D00740312124412C80C128B
:10C9D00011B99018D51214D574111215101214E152
:10C9E000A821A922880C890D780C1211DC750C1570
:10C9F000750D00780C1211DC7C007D007A8212C467
:10CA0000B21211B97C117D007900AA0AAB0B121B7E
:10CA10004DAA0AAB0B121BFB7C117D007900AA0802
:10CA2000AB09121B4DAA08AB09121BFB741502C4FB
:10CA30000C7B00121BF58A088B09EA4B2274F31257
:10CA40000BE074FF12126C8A098B08EBC43354E0BC
:10CA5000F8EA33333354F849488C828D83F0A3AE1F
:10CA600082AF83740E121510120FB3EEFAEF12CAD2
:10CA7000DA1211B98A0A8B0BAE0AAF0BE5086019FE
:10CA8000122A0B8A0A8B0BAC0AAD0BEEFAEFFB12E3
:10CA90001CEBEE2408FE50010F740165097033751C
:10CAA0000A3A750B00780A1211DC740212123C88E3
:10CAB0000A890B780A1211DC12CAE11211B9E97065
:10CAC0000B85218285228312A96980058E828F833E
:10CAD000E4F074011211B9029066FB121BCB7404CE
:10CAE000227C017D007A007B00122BF174042274F9
:10CAF000F7120BE08908ECFEEDFFEAFCEBFDEEFA25
:10CB0000EFFB121CEB7409121510120FB3EE240880
:10CB1000FAE43F12CADA1211B98A828B8302904F6B
:10CB2000E9F874020458F97402B900028004C333AE
:10CB3000D9FC541CF902118674F4120BE074FE1235
:10CB4000126C8908750A3A750B00780A1211DC74A8
:10CB50000312123C880A890B780A1211DC12CAE10E
:10CB60001211B9E970567401121510E0650860449D
:10CB7000750A3B750B00780A1211DC740212123C24
:10CB8000880A890B780A1211DC12CAE11211B9E97C
:10CB9000702E852182852283E06508701FE0F8747D
:10CBA00001121510E0C398500F852182852283E081
:10CBB000F912286D7E3A80067E3B80027E007F005F
:10CBC000EEFAEFFB02832B74F0120BE074D2121218
:10CBD0006C7403121510E9F0740112151012B637B7
:10CBE000EC852182852283F07404121510EDF07417
:10CBF00006121510740E12A500C0E074051215106F
:10CC0000D0E0F07404121510E0C0E07407121510A3
:10CC1000D0E0F09018F0E0C0E07408121510D0E0F9
:10CC2000F074091215107401F07403121510E0600D
:10CC30000302CD0475083A75090078081211DC74F6
:10CC40001212123C8808890978081211DC7C111232
:10CC5000CAE31211B9E9600302CCF874111215107D
:10CC6000A882A983740E12151012BAF29018D57802
:10CC70000812149D85080C85090D850A0E850B0F79
:10CC80009083BC780C1213649018D5780C12147F22
:10CC900078081211D47404121510E0F874051215F6
:10CCA00010E028FCA3E03400FD7B017A01740C1233
:10CCB0001510E0F912287374041211B912B14C74F2
:10CCC00021121244121CEB9018DD1293759018DD9E
:10CCD000128F38903872780812135040159083BC28
:10CCE000780812149D9018D578081212D7600302A4
:10CCF000CD8712A4A002CD87740E121510E4F0A304
:10CD0000F002CD87852182852283E0F87401121517
:10CD100010E02812B242E812961A39F583E0F912AF
:10CD200028858A08A808743A684B600302CDD97533
:10CD3000083A75090078081211DC741212123C8846
:10CD400008890978081211DC7C1112CAE31211B9A2
:10CD5000E9700302CE09740E121510E4F0A312A5B7
:10CD600000F8740112151012CE677408121510E045
:10CD7000F88E828F83E048F0EE2405FCE43FFD74DA
:10CD800021121244121CEB852182852283E0F87463
:10CD90000112151012CE678E82F583A3A982AA8391
:10CDA00089088A09750A0078081211D87C047D0068
:10CDB000742C12151012C8081211B98E828F83E0DC
:10CDC000C0E0742D121510D0E0F0740E1215101280
:10CDD000A4FB704A79A102CE62743B684B600302E7
:10CDE000CD5675083B75090078081211DC741212D3
:10CDF000123C8808890978081211DC7C1112CAE3F8
:10CE00001211B9E9600302CD567411121510A882EF
:10CE1000A983740E121510E8F0A3E902CD5E740127
:10CE2000121510120FB7742312124C740712124409
:10CE30007405121510E0F912289174021211B9E963
:10CE4000FE852182852283E0F8740112151012D527
:10CE50000D12CE707411121510AA82AB83121B4DE5
:10CE6000EEF9742E02C40CE028FEA3E03400FF2289
:10CE7000E054F8F07C107D0079002274F0120BE091
:10CE800074E812126C7403121510E9F07404121590
:10CE900010129D21EAFEEBFF7508007509008A82D9
:10CEA000F583A3A3A3A3A3A3A3A3A312BAD7121585
:10CEB0001012BAF27401121510129EDE122C3F905D
:10CEC00019997445F0A3742C12C7EAF88E828F83E7
:10CED000E028F50BA3A3A3E0C394048E828F83A361
:10CEE000A3E05009250BF50B750A008002F50A8EA8
:10CEF000828F83A3A312A96FE9852182852283F003
:10CF00007428121510E0F50EA3E0F50FAA0AA80B7D
:10CF1000E50E28F8E4350FF9E82AF8E439F9740643
:10CF200012151012BB0912151012A964A3A36003F5
:10CF300002CFC8E0C39404400375090174081212BB
:10CF40003C880C890D780C1211DC74031215101238
:10CF50000FB7E50BF50C750D00780C1211DC780E8F
:10CF60001211DCEAF50C780C1211DC12D03412111B
:10CF7000DC7B02741012151012D049740C121510BB
:10CF8000E0FAA909122C63740C1211B9E9F96003D3
:10CF900002D0317800852182852283E0FAE8C39AA5
:10CFA000400302D031E8FA740812151012D14AE099
:10CFB000C0E07406121510E02AFCA3E034008C8255
:10CFC000F583D0E0F00880CDE0C3940440037508F9
:10CFD00001740812123C880C890D780C1211DC7453
:10CFE00003121510120FB7E50BF50C750D00780C38
:10CFF0001211DC780E1211DC7408121510E0FAE53B
:10D000000A2AF50CE43400F50D780C1211DC12D06C
:10D01000341211DC7B02741012151012D049740CFA
:10D02000121510E0FAA908122C69740C1211B9E952
:10D03000F902C40AA80BE50E28F50AE4350FF50B32
:10D04000780A228E828F83A3A312D04D22E0FCA304
:10D05000E0FD2274F7120BE0E9FE9018DF12A4FB4A
:10D06000600812C238123157800279010298B074F8
:10D07000F7120BE0E9FE9018E112A4FB600812C25F
:10D0800038123157800279000298B074F1120BE027
:10D0900074E012126C7800742F121510129060EE6A
:10D0A0002812A9466436C0E0852182852283E58264
:10D0B00028F582E43583F583D0E012D52840E0746A
:10D0C0003112151012D51F1211DC8C0A8D0B780A43
:10D0D0001211DCEAFCEBFD7901740412124412C84F
:10D0E0003D1211B985080C85090D750E00780C12DA
:10D0F00011D87C107D00741312124412C80C121146
:10D10000B97800E8FAEE2A12A946645CC0E08521ED
:10D110008285228312D14AD0E012D52840E57808D2
:10D120001211DC75088075090078081211DC74147E
:10D1300012124C7901740412124412C83D1211B932
:10D1400074201211B97F07020EE812D14E22E58237
:10D150002AF582E43583F5832274F0120BE074DF44
:10D1600012126CE9852182852283F08A0C8B0D8C4A
:10D170000E8D0F743112151012D4E6740378081254
:10D180001470AA0874047808121470AE08AF09EA83
:10D19000540FF50B7C107D007900743312151012BA
:10D1A000D4F2852182852283E060607433121510E9
:10D1B00012AFEA1211D87C107D00740412124412CE
:10D1C000C80C1211B9850C08850D0978081211D800
:10D1D0007C107D007436121510128B951211B974E3
:10D1E0003312151012D51912124412D4D4E8FAE5EC
:10D1F0000C2A12C7F7FC743312151012D52540ED16
:10D200007431121510E02480129378850E0C850F6E
:10D210000DEEF8EFF9E824FF1EE934FFFFE849605E
:10D2200066743312151012AFEA1211D87C107D000B
:10D23000740412124412C80C1211B9850C08850D21
:10D240000978081211D87C107D007436121510125E
:10D250008B951211B9743312151012D5191212448C
:10D2600012D4D4850C82850D83E0FCE8FA74331265
:10D27000151012D52F12D4CB85820C85830D08E8AA
:10D28000C39410508C80DCE50B600302D32174330F
:10D2900012151012AFEA1211D87C107D007404121E
:10D2A000124412C80C1211B97C0E7D00790074333F
:10D2B00012151012D4F2743312151012B60B7480BA
:10D2C000F07431121510A3E0C0E07433121510127F
:10D2D000A4C4D0E0F07431121510E0C0E074331231
:10D2E000151012A4D6D0E0F078081211D87C107D69
:10D2F00000741412124412C80C1211B974331215AE
:10D300001012D51912124412D4D4E8FA741112155D
:10D310001012D4DA12151012D525400302D4C6809B
:10D32000E9C3940E7433500302D42912151012AFBE
:10D33000EA1211D87C107D00740412124412C80C39
:10D340001211B97C107D007900743312151012D4BB
:10D35000FD1211D8AC0B7D007436121510128B958E
:10D360001211B9A80B743312151012D506780812D1
:10D3700011D87C107D00741412124412C80C1211C2
:10D38000B9743312151012D51912124412D4D4E8FC
:10D39000FA741112151012D4DA12151012D5254094
:10D3A000EE743312151012D51F1211D87C107D00A7
:10D3B000740412124412C80C1211B97C0E7D00794B
:10D3C00000743312151012D4F27431121510A3E048
:10D3D000C0E0743312151012A4C4D0E0F0743112FE
:10D3E0001510E0C0E0743312151012A4D6D0E0F08E
:10D3F00078081211D87C107D00741412124412C8DF
:10D400000C1211B9743312151012D51912124412DC
:10D41000D4D4E8FA741112151012D4DA12151012BD
:10D42000D525400302D4C680E912151012AFEA12C6
:10D4300011D87C107D00740412124412C80C121111
:10D44000B97C0E7D007900743312151012D4FD12D0
:10D4500011D8AC0B7D007436121510128B95121179
:10D46000B9A80B743312151012D5067431121510A9
:10D47000A3E0C0E0743312151012A4C4D0E0F0741D
:10D4800031121510E0C0E0743312151012A4D6D07A
:10D49000E0F078081211D87C107D00741412124448
:10D4A00012C80C1211B9743312151012D5191212B8
:10D4B0004412D4D4E8FA741112151012D4DA1215E9
:10D4C0001012D52540EE742102C40CF0850C828523
:10D4D0000D83A3221228AF78002212D14EE0FC74F3
:10D4E0003322A3A3A3A312D4EA22E0F508A3E0F514
:10D4F000092212D4F622129EE6121B4D2212D4F6F5
:10D50000750E00780C2212D50D7480F022E028FAF6
:10D51000A3E034008A82F5832212D04D74012212D6
:10D52000D4EA78082212D52FF008E8C3941022E03C
:10D530002AF9A3E034008982F583E06C2274F612A4
:10D540000BE012D54B122C45029220EAFEEBFF8C29
:10D55000088D09122C3FAC08AD09EEFAEFFB22C092
:10D5600082C0839005B6E4F0A3F09005C004F0906B
:10D5700005B9E4F0A3F09005BBF09005BEF0A3F070
:10D580009005BDF09005B502E153C082C0839005BF
:10D59000C0E4F012155912155312154102E15474EA
:10D5A000F7120BE08C08EDFE9005B5E06021122F1C
:10D5B000B7E9F974FF696017740165087006EEFD3C
:10D5C0007C008004EEFD7C017A007B001230D102E9
:10D5D000E008C082C0837A807B00900504E0F912E5
:10D5E0001CC7EA4B4C4D701C7A807B00900504E010
:10D5F000F9121CC19005B6E4F0A3F09005B874FFD1
:10D60000F012157702E15474F4120BE07A807B007B
:10D61000900504E0F9121CC78B098C0A8D0BEA45B2
:10D6200009450A450B601E9005B6120FB712308FE0
:10D6300074021211B98A088B091215837901AA089C
:10D64000AB09122F691230B37F04020EE874E8129E
:10D650000BE08A108B118C128D13750C00750D0068
:10D66000750E00750F00741812151012EF1778144C
:10D6700012149D78087914120A7978107908121416
:10D6800050401385080C85090D850A0E850B0F780F
:10D690000C7910121328850C08850D09850E0A8552
:10D6A0000F0B908400781012149D78087910120BDB
:10D6B00071AC08AD09908400780812149D780C793B
:10D6C00008120B71E5084509450A450B6008EC2472
:10D6D00001FAE43D8003ECFAEDFB7F10020EE874E2
:10D6E000F7120BE079009005B612E2B0122F697EB6
:10D6F000FF7CFF7DFF7F00801812F436EAC398F8A4
:10D70000EB99F9C3E89CE99D5006EFFEE8FCE9FDC2
:10D710000F9005B5E0F8EFC3985019EF12E0E05014
:10D72000EF12E14760EA74FF6A700374FF6B60E018
:10D73000EC4D70C574FF6E604FEE12DF7688828903
:10D7400083A3A3A3A3A3A3C082C08312F436D08370
:10D75000D082E0C398F8A3E099F9E8496009900500
:10D76000B6E8F0A3E9801DEE9005B8F079FF121538
:10D770006B7DFF7CFF7A007B00EEF91230D19005C3
:10D78000B6E4F0A3F012157702E00874E2120BE0A1
:10D7900074F812126C8A148B15EA2416F516E43507
:10D7A00015F517851682F583E0F91215898B09EABC
:10D7B0004509603BE5142417F582E43515F583E04F
:10D7C000F518A3E0F519851882F583E06021F508C6
:10D7D0007509007402780812138AE5082401FAE436
:10D7E0003509FB121BF58A0A8B0BEA450B7005798C
:10D7F0000002DABE121583121565E96009AA0AABA8
:10D800000B121BFB80E9750800750E00750900E519
:10D81000142408F51AE43515F51B803D798DE50EC5
:10D82000F5107511007402781012138AE50A25109C
:10D83000FAE50B3511FBE98A828B83A3F0850C8214
:10D84000850D83E08A828B83A3A3F08E828F83125F
:10D85000DF9812ECAA050E0509851882851983E068
:10D86000F8E509C398400302DA0DE50975F00CA448
:10D87000F8A9F0E51828F582E51939F583A3858222
:10D880000C85830DA3AE82AF8312EC8E121547E98F
:10D89000F50FA821A9228810891178101211DC8EA9
:10D8A000828F8312EC8E121D8D74021211B9E9F869
:10D8B00074FF650F6003E87005798702D81E850C38
:10D8C00082850D83E07090E50C2403F510E4350D9E
:10D8D000F511851082F583E0F87404121510E068E4
:10D8E000600302D81C7405121510E0A2E240030286
:10D8F000DA08E50F75F015A4FEAFF012DAC82405BA
:10D90000F8E43BF9850C82850D83A3A3A3A3E0F57E
:10D9100012A3E0F513E50C2406FCE4350DFD74FFBD
:10D920006512700474FF6513706C8C828D83E0F552
:10D930001CA3E0F51DE51C451D705B7508018A827E
:10D940008B83A3A3A3A3A3A3A3A3A312EC6E888298
:10D950008983ECF0A3EDF012E26212ECA37C047D6B
:10D96000007900EA240DFA50010B121B4D12DAC89F
:10D970002411F510E43BF51175120078101211D83E
:10D980007C047D00EA240DFA50010B121B41740344
:10D990001211B902D85775080188828983E512F0FF
:10D9A000A3E513F08C828D8312ECA3851082851180
:10D9B00083E0F9121DB7E9700302D8577C047D009B
:10D9C000790012DAC8240DFA50010B121B4D851094
:10D9D00082851183E0F9121DBDE9F9850C82850D60
:10D9E00083A3A3A3A3A3A3A3A3A3A312EC781211BD
:10D9F000D8E9FC7D009005B9E02EF8A3E03FF9E8F6
:10DA0000240DFAE439FB8083798C02D81EE5086086
:10DA1000409005B9120FB712E6AE121C6D740212D7
:10DA200011B9E970299005B9120FB79005BBE075DF
:10DA3000F015A4F508E5F0F50978081211DC7C0072
:10DA40007D007A567B00121C7974041211B91215EC
:10DA50007D850A82850B83E50EF0700BA3E4F085CB
:10DA60000A82850B8304F0851482851583A3A3A302
:10DA7000A3A3A3E0F50878081211E075080178085F
:10DA80001211E078081211E0780A1211DC851A826E
:10DA9000851B8312EC6EE514240AFAE43515FB8528
:10DAA0001682851783E0F9121D5D74051211B9AA5B
:10DAB0000AAB0B121BFB1215411230B3790174082B
:10DAC0001211B97F16020EE89005B9E02EFAA3E014
:10DAD0003FFBEA2274E4120BE074F812126C8A0C19
:10DAE0008B0D750800EA2416F516E4350DF517853B
:10DAF0001682F583E0F91215898A0A8B0BAE0AAFFC
:10DB00000BEE4F700302DB9FE50C2417F582E43522
:10DB10000DF58312EC3F750A00E50C2408F514E4BA
:10DB2000350DF515805AA821A922880E890F780E87
:10DB30001211DCE50A75F003A4F8A9F0E51028F548
:10DB400082E51139F583A3A312DD2612DD33E0F956
:10DB5000121D8D74021211B9E9602374041215109C
:10DB6000E0F9121DB7E960167404121510E0F912FD
:10DB70001DBDE9F8A2E0500108E82508F508050AEE
:10DB800012EC8140A175F00DE8A404AA082AFAE479
:10DB90003400FB121BF58A088B09EA4509700579E8
:10DBA0000002DD1C121565E96009AA08AB09121B09
:10DBB000FB80EC850882850983E4F0750A00802CDF
:10DBC000750B868E828F83E50BF08518828519830D
:10DBD000A3E08E828F83A3F0850E82850F8312F4DB
:10DBE000428E828F83A3A312DE6D050A851682857D
:10DBF0001783E0F985148285158312E2B012EC8157
:10DC0000400302DCD5AC0AEC75F00DA4FEAFF0E5E4
:10DC1000082EF582E5093FF583A3AE82AF83750B2D
:10DC200000EC75F003A4FCADF0E5102CF518E5113F
:10DC30003DF519E5182402F50EE43519F50F850EAA
:10DC400082F58312EC6E121547E9F512A821A9227C
:10DC5000881A891B781A1211DC850E82850F8312AF
:10DC6000DD2612EC97121D8D74021211B9E9F874B9
:10DC7000FF6512700302DBC0E8700302DBC07405AD
:10DC8000121510E0A2E250477404121510E08E82C3
:10DC90008F83A3A3A3A3F0E51275F015A4F8A9F050
:10DCA0009005B9E028F8A3E039F988828983A3A315
:10DCB00012DD30A3A3A312DEFB12DD3012DEEEE88C
:10DCC000240DF850010912F41912ECAD02DBC375F2
:10DCD0000B8C02DBC3850C82850D83A3A3A3A3A3B6
:10DCE000A3E0F50A780A1211E0750A01780A121108
:10DCF000E0780A1211E078081211DCEAFCEBFDE58D
:10DD00000C240AFAE4350DFB121D6374051211B9D7
:10DD1000AA08AB09121BFB121541790174081211F4
:10DD2000B97F14020EE812EC7285148285158322E5
:10DD3000A3A3A312E2B48E828F832274F0120BE0AD
:10DD4000750C00750D008011E0A2E0500A7DFF7C8B
:10DD50000112DDD512313D050D9005B5E0F8E50D58
:10DD6000C3985041E50D12DF8AA385820885830997
:10DD7000EE2402F8E43FF9880A890B7C008882F5DA
:10DD80008312DDDB1215E38B0FEA450F8E828F8342
:10DD900060B6E0A2E0400A7DFF7C0012DDD51231C2
:10DDA0003D050C80B27A807B00900504E0F9121CDE
:10DDB000C7EA4B4C4D6012E50C70157A807B0090E1
:10DDC0000504E0F9121CC18007E50C60031230B3B2
:10DDD0007F08020EE8850A82850B8312E2B485086B
:10DDE00082850983E0F922C082C0837C00ECF8EAD6
:10DDF00028F8E43BF988828983A3A3E412F28FA375
:10DE0000A3A3A3A3A3F00CECC3940440E08A828BE9
:10DE100083E4F0A302E15374F4120BE08A088B0947
:10DE2000ECFEEDFF7A047B00121BF58A0A8B0BA82F
:10DE30000AA90BE84970047901801C88828983EE65
:10DE4000F0A3EFF0850882850983A3AA82AB831231
:10DE5000DE5A12DE6D790002D64812EC7288828991
:10DE600083A3A3ECF0A3EDF08A828B8322E8F0A3D6
:10DE7000E912EC4704F02274F7120BE0E9FF900579
:10DE8000B5E0C3940A40047901805412DEE2F874CC
:10DE90000539F9EF8882898312F28E12DEFBECF0ED
:10DEA000A3EDF0740912151012F06912DEEF740B75
:10DEB00012151012E2B012DEE9E8240AF850010946
:10DEC0008882898312F28BF09005B512DEE2F5822A
:10DED000740539F583E4F09005B5E004F0790002AB
:10DEE000E00812E5BC7433282288828983A3A3A3A7
:10DEF000A3A3A3A3A3EAF0A3EBF022A3A3EAF0A3B6
:10DF0000EBF088828983A3A3A3A32274F6120BE00B
:10DF10008A09E912DF76E8FAE9FBE50912DF8A12DD
:10DF2000DF9612ECAB8E828F83A3E08A828B83A371
:10DF300012DFB2A3A312E26C12DFA612DF9812DF87
:10DF4000A6A3A312DF96A312ECA6EE240AF8E43FE0
:10DF5000F988828983EA240AFCE43BFD74031211E8
:10DF6000028E828F83E08A828B8312F28F12F28B71
:10DF7000F07F02020EE812DF7A2275F00DA4F8A9F4
:10DF8000F0743328F8740539F92212DF7AE8FEE9D3
:10DF9000FF8E828F8322A3A312DF9C22E0F8A3E0EE
:10DFA000F98A828B8322A3A3A3A3E8F0A3E912DF5B
:10DFB000B222F08E828F83A3A3A3A32274F7120B45
:10DFC000E0E9FF9005B5E0F8EFC3984004790180DF
:10DFD00037EF12DF7612DEE974FF6C601274016CA9
:10DFE000888289837005E0D2E08003E0C2E0F074AB
:10DFF000FF6D601274016D888289837005E0D2E143
:10E000008003E0C2E1F079007F01020EE874F712AC
:10E010000BE0E9FF79FF78008001089005B5E0FC8E
:10E02000E8C39C502AE875F00DA4FCADF074332CC5
:10E03000FC74053DFD8C828D83A3E06F70DC8C82C7
:10E040008D83A3A3E06A7003A3E06B70CDE8F98031
:10E05000B774F2120BE0890D750C00801E8E828F52
:10E0600083E02AFCA3E03BFD8E828F83ECF0A3EDDE
:10E07000F088828983E0C2E1F0050C9005B5E0F8F4
:10E08000E50CC3985055E50C12E0E050ECE50D604E
:10E0900005E0A2E140DBE82406FCE439FD8C828D3A
:10E0A0008312E28860CB74FF6508700474FF650911
:10E0B00060BFE82408FEE439FF8E828F83E02AF5F2
:10E0C0000AA3E03BF50BC3E508950AE509950B505B
:10E0D0008C8C828D83E0FCA3E0808C7F06020EE8AE
:10E0E00012DF7A88828983E0A2E022C082C0838A1C
:10E0F000828B8380058A828B83A312E14C60428AE3
:10E10000828B8312E91BE0FC852182852283E06CEF
:10E1100070E388828983A3A3A312EC6E74031215A3
:10E1200010E06C7003A3E06D70CB8882898312F4D9
:10E13000417401121510E0687003A3E06970B680A5
:10E14000047A007B00800DA3A3A3A3A3A312E2B4CF
:10E15000EA4B22F0D083D08202118674F7120BE0D2
:10E16000E960229005BCF075F015A4FAABF0121B23
:10E17000F59005B912DEF59005BBE4F012E30570E9
:10E180000479018002790002E00874F5120BE0E9DD
:10E19000FE8A088B0912E305600D9005BCE0F8903B
:10E1A00005BBE0C3984005790102E25D12E2728A84
:10E1B00082F583EEF09005BB12E27AF8A3E039F91C
:10E1C000E8FAE9FB8A828B83A3E508F0A3E509124C
:10E1D000E923A3ECF0A3EDF0740B12151012DF98F5
:10E1E00012ECA8740D12151012ECA3740F12151076
:10E1F00012E288601B750A0078081211D87C047D31
:10E2000000EA240DFA50010B121B4174031211B9DC
:10E210009005BB12E272FB741112151012E26C121F
:10E22000ECA6741312151012F44212E26212ECAD55
:10E23000741512151012E288601B750A0078081216
:10E2400011D87C047D00EA2411FA50010B121B4105
:10E2500074031211B99005BBE004F079007F03024A
:10E260000EE8EA240BF582E43BF5832212DF9CA33F
:10E27000A32212E27AFAA3E03922E075F015A4F89D
:10E28000A9F09005B9E0282212F260E508450922BC
:10E29000C082C08312E30560149005B912E2B01287
:10E2A0001BFB9005BBE4F09005B9F0A3F002E1542C
:10E2B00012E2B422E0FAA3E0FB2274F7120BE08929
:10E2C0000812E305603A79008001099005BBE0F887
:10E2D000E9C398502BE975F015A4FEAFF012E3D214
:10E2E000650870E6A3E06A7003A3E06B70DC8E82C1
:10E2F0008F83A3A3A3E06C7003A3E06D70CC8002B6
:10E3000079FF02E0089005B912F446E8492274F159
:10E31000120BE0890E8C828D8374FFF0A3F0740FD2
:10E3200012151012E91B74FFF0A3F0750A00900596
:10E33000B912E8F5700302E3C7750B008077E50BAF
:10E3400075F015A4FE85F008AF0812E3D2650E70D3
:10E3500062A3E06A7003A3E06B7058050A8E828F97
:10E3600083A3A3A3A3A3E0F50CA3E0F50D8C828DFA
:10E370008312F25CC3E50C9508E50D9509500B8CF2
:10E38000828D83E50CF0A3E50DF08E828F83A3A32D
:10E39000A3A3A3A3A312F25C8882898312E5C6C358
:10E3A000E5089EE5099F500B88828983E508F0A364
:10E3B000E509F0050B9005BBE0FEE50BC39E50039D
:10E3C00002E33EE50A70047901800279007F0702CA
:10E3D0000EE89005B9E02EFEA3E03FFF8E828F830A
:10E3E000E02274EC120BE074F612126C7402121537
:10E3F0001074FFF0A3F0852182852283F0A3F075CD
:10E40000130012E3057005790102E5B7750E0002ED
:10E41000E4EEA821A922880C890D780C1211DC7475
:10E420000412124CEEFAEFFBA90812154D740212F9
:10E4300011B9E9600302E4ECE4F50CF50D780C1277
:10E4400011DC7402121510120FB774061215101297
:10E45000E5D2122FCF74041211B9E9600302E5B2BC
:10E460007A0A7B00121BF58A0C8B0DEA450D7003AE
:10E4700002E5B212306B12E5DC1211D87C047D008B
:10E48000E50C2406FAE4350DFB121B41740312114E
:10E49000B9740412123C880A890B780A1211DC1232
:10E4A000E5CC12158F74021211B9E9640170207461
:10E4B0000812151012F2791211D87C047D00E50CB7
:10E4C0002402FAE4350DFB121B4174031211B9AC9E
:10E4D0000CAD0D9005B512E5BC743028FA74053901
:10E4E000FB122FD5E96401700302E5B2050E900519
:10E4F000BBE0F8E50EC398400302E5B5E50E75F004
:10E5000015A4F50AE5F0F50B12E5FFE0F50812E5B4
:10E51000C5EEFAEFFBA908122FB7E9F50F74FF65F6
:10E520000F700302E4127A0A7B00121BF58A0C8B2F
:10E530000DEA450D607C12306B12E5DC1211D87CBF
:10E54000047D00E50C2406FAE4350DFB121B417432
:10E55000031211B9740412123C880A890B780A124A
:10E5600011DC12E5CC12158F74021211B9E96401A5
:10E570007020740812151012F2791211D87C047DE3
:10E5800000E50C2402FAE4350DFB121B4174031262
:10E5900011B9AC0CAD0DE50F75F00DA4F8A9F07430
:10E5A0003D28FA740539FB122FD5E9640160030296
:10E5B000E4EC751302A913740A02EEDFE075F00DA6
:10E5C000A4F8A9F022A3E0FEA3E0FF22850C828537
:10E5D0000D8312EC72EEFAEFFBA9082212E5FFA3FD
:10E5E000A3A312E2B4850C82850D83EAF0A3EBF0BD
:10E5F000E8240DF510E439F5117512007810229019
:10E6000005B9E0250AF8A3E0350BF9888289832251
:10E6100074F6120BE012155F9005B9120FB712E6EF
:10E62000AE121C6D74021211B9E9F8740A68607BAD
:10E63000740968606E1215417A567B00121C73EAE9
:10E64000F8EBF97A157B00120986E8FEF912153508
:10E65000E9640160569005B9120FB7EE75F015A484
:10E66000F508E5F0F50978081211DC7C007D007AE8
:10E67000567B00121C7F74041211B9EE9005BBF09A
:10E6800080218A828B8312F4409005BE12F071FEC5
:10E69000A3E0FF121BFB9005BDE014F0EEFAEFFBC8
:10E6A000121BFB9005BE12E14D70D702DF71900581
:10E6B000BBE075F015A4FCADF07A567B002274EA3D
:10E6C000120BE074EF12126C12E305600312154195
:10E6D00075080090050180618E828F83A3A312E9E3
:10E6E00011121D87EA4B604D8A828B83A3A3A3A3DB
:10E6F000A3A3A3E0F9603E750A00E50AF50C750DC9
:10E70000007403780C12138A8A828B83A3A3A3A3B9
:10E71000A3A3A3A3E0250CF8A3E0350D8882F5831D
:10E72000A3A3A3A3A3E493A2E250020508050AE56C
:10E730000AC39940C58E828F8312E8F5709AA908A2
:10E74000121535E9F9600302E8EB90050180048EAB
:10E75000828F8312E8F5700302E8E9EE240212ECDE
:10E760005012E911121D878A0A8B0BA80AA90BE81F
:10E770004960DCE82407F50EE439F50F850E82F5D3
:10E7800083E060CB750A00E82408F50CE439F50D48
:10E79000807D12E91BA3A3A3A3A3E0F512A3E0F5D8
:10E7A0001388828983A3A3A3A3A3A3A3E0F514A33F
:10E7B000E0F515850C82850D8312F24BFBE82409E8
:10E7C000F510E439F51178101211DC78141211DC0F
:10E7D00078121211DC78101211DC78141211DC7826
:10E7E000121211DC8A828B83A3A3E493FC7401933D
:10E7F000FD8A828B83E493FA740193FB85088285FA
:10E80000098312E91112153B740C1211B9050A851E
:10E810000E82850F8312EC87400302E74FE50AF56D
:10E82000127513007403781212138A85121085135F
:10E830001112E8FD8A828B83A3A3A3A3A3E493A26E
:10E84000E250CA12F423E0C0E07404121510D0E0C4
:10E8500012DE6712F2437405121510E8F0A3E912F4
:10E86000E92312F243740712151012ECAD7404126E
:10E870001510740D120FBB7ABD7B0512226D740D3D
:10E880001211B98A828B83E5824583600302E79285
:10E890009083C0AC21AD22740412110212E8FDA8CD
:10E8A00021A9228810891178101211DC7510FF75CA
:10E8B00011FF78101211DC75100A75110078101212
:10E8C00011DC740612123C8810891178101211DCC8
:10E8D0007510FF7511FF78101211DC75100A751193
:10E8E0000078101211DC02E7E4790074111211B9FA
:10E8F0007F0E020EE8E0FEA3E0FFEE4F22850C82C1
:10E90000850D83E02510F8A3E03511F9E8FAE9FB5D
:10E910002212E9152212F42DE0F92212F44688821F
:10E92000898322F08A828B83A3A32274F6120BE0E0
:10E930009005BBE0600812E30570031215419005D5
:10E94000B9120FB712E6AE121C6D74021211B9E9BA
:10E95000F8740A68600574096870047901804E7A59
:10E96000567B00121C73EAF8EBF97A157B0012094A
:10E9700086E8FEF9121535E9640170047902802DEC
:10E980009005B9120FB7EE75F015A4F508E5F0F58E
:10E990000978081211DC7C007D007A567B00121C7D
:10E9A0007F74041211B9EE9005BBF0790002DF719B
:10E9B00074E4120BE074EE12126C890B7E007F007F
:10E9C00074FF650B70109005B5E0F89005B8E0C3D2
:10E9D000985013E08001E975F00DA4F8A9F07433A4
:10E9E00028FE740539FF8E828F83A3A3A3A3A3A35C
:10E9F000E0F47003A3E0F4700302EC3AEE240A1290
:10EA0000EC50E0700302EC3A740E121510E4F0744E
:10EA10000612151012F282A3858216858317E0C0B4
:10EA2000E0740F121510D0E0F090190512F4427442
:10EA30001012151012ECAD850882850983E075F07F
:10EA400005A4A9F02401FAE439FB121BF58A0C8B0A
:10EA50000D850882850983E0F50E750F0074027834
:10EA60000E12138AAA0EAB0F121BF58A0E8B0F8A99
:10EA7000148B15E50C450D700302EC2DEA4515705D
:10EA80000302EC26850882850983E0850C82850DCA
:10EA900083F0750A00EE2402F518E43FF51902EB45
:10EAA0007F12E5C57800EE4F700302EB7DE8C39559
:10EAB0000A50088E828F83A312E5C508EAC39850D6
:10EAC000E5EE4F700302EB7D8E828F8312F442E8F5
:10EAD000FAE9FB8A828B8312F26812ECADA821A9B5
:10EAE00022881A891B781A1211DC12EC6A851882A6
:10EAF00085198312EC9712158F74021211B9E9640B
:10EB000001707A7402121510E0851282851383F069
:10EB1000851082851183E50EF0A3E50FF0740412D1
:10EB2000151012EC781211D87C047D00AA0EAB0FE0
:10EB3000121B4174031211B98A0E8B0F7402121545
:10EB400010E0F9121DB7E960347C047D00790012F1
:10EB5000EC5C121B4D7402121510E0F9121DBDE998
:10EB6000F9740412151012EC3F78101211D8E9FC58
:10EB70007D0012EC5C121B4174031211B9050A8569
:10EB8000088285098312EC87505EAA0AEA75F005AF
:10EB9000A4F8A9F0E50C28F8E50D39F988828983F5
:10EBA000A3AC82AD8374FFF0A3F0E82403F512E474
:10EBB00039F513851282F58374FFF0E82404F5100B
:10EBC000E439F511851082F583E4F0A312EC4724B3
:10EBD000FFF8E434FFF9C3E89AE99400A2D265D0C3
:10EBE00033400302EAA18095122FE7E9F50878087F
:10EBF0001211E075080078081211E0750801780814
:10EC00001211E0780C1211DC85188285198312EC40
:10EC10006E740B121244851682851783E0F9121D5B
:10EC20006974051211B9AA0CAB0D121BFBE5144552
:10EC3000156007AA14AB15121BFB741202DD1EE04F
:10EC4000F510A3E0F51122F0850882850983E02202
:10EC5000F508E43FF509850882F583228E828F83CB
:10EC6000E02402FAA3E03400FB228A828B8312ECB8
:10EC70007222E0FCA3E0FD2212EC3F751200781036
:10EC800022851082851183E0F8E50AC3982212ECF0
:10EC900072851A82851B8312E2B4851682851783DA
:10ECA000E0F92212DF9CA3A3A3A3A3A3A3E8F0A3EC
:10ECB000E9F02274EC120BE0E9FF7E0074141215E7
:10ECC0001012E91BEF24E0603514605414606F14D7
:10ECD000700302ED6024FB700302EDA214700302C6
:10ECE000EDD814700302EDFF14700302EDFF24F25F
:10ECF000700302EE4114700302EE7102EEB512EEE3
:10ED0000B9AA09A808E8C395094005E8C39A800391
:10ED1000EAC398F895E0F9C3E89CE9940002EDF89D
:10ED200012EECC4008E8C39AF8E99B8006EAC39843
:10ED3000F8EB99F9C3E89508E9950902EE3D7808E2
:10ED400012149D8A828B83780C12149D8C828D8381
:10ED5000781012149D7810790812145040338020D6
:10ED6000780812149D8A828B83780C12149D8C82F1
:10ED70008D83781012149D78107908121450401168
:10ED800078087910121328780C790812145002EEC2
:10ED90003D78107908121328780C7910121450025B
:10EDA000EE3D12EEB93395E0FDE509FA3395E0FB4F
:10EDB000E508F83395E0F9E8C39509A2D265D033A8
:10EDC0004008E8C39AF8E99B8006EAC398F8EB99F3
:10EDD000F9C3E89CE99D802012EECCA2D265D03325
:10EDE0004008E8C39AF8E99B8006EAC398F8EB99D3
:10EDF000F9C3E89508E99509A2D265D033803E7839
:10EE00000812149D8A828B83780C12149D8C828D3B
:10EE100083781012149D7810790812129840107897
:10EE2000087910121328780C7908121298800E783D
:10EE3000107908121328780C7910121298407680F5
:10EE400072780812149D8A828B83780C12149D8C20
:10EE5000828D83781012149D78087910120E01406B
:10EE600030781079081202197810790C120E01808E
:10EE70002E780812149D8A828B83780C12149D8C34
:10EE8000828D83781012149D78087910120E01502B
:10EE900012780879101202197808790C120E0150B4
:10EEA000148010781079081202197810790C120E5B
:10EEB0000150027E01EEF98029E0F5088A828B83F9
:10EEC000E0F88C828D83E0F509E8FC2212DF9C12C9
:10EED000F2608C828D8312E2B4C3E89AE99B22121D
:10EEE00011B97F0C020EE874F0120BE09005B61217
:10EEF000EF17780C12149D7808790C120A797808AB
:10EF00001211D47A807B00900504E0F9121CB574CC
:10EF1000041211B902DDD012F260E4F50AF50B908B
:10EF200084002274F3120BE07A807B00900504E0E9
:10EF3000F9121CC19005B5E0F50BF50875090074D0
:10EF400002780812138AAA08AB09121BF58A088BEB
:10EF500009AE08AF09EE4F700302F064750A008035
:10EF60003FAA0A8A087509007402780812138AEE0B
:10EF70002508F8EF3509F9EA75F00DA4FAABF0743D
:10EF8000332AFA74053BFB8A828B83A3E08882894B
:10EF900083A312E92312DE5AE088828983F0050AEE
:10EFA000E50AC3950B40BA9005B5E06051F50C75C4
:10EFB0000A00803E8A828B8312F44090053E12F054
:10EFC00071F508A3E0F509121BFB90053DE014F074
:10EFD000AA08AB09121BFB90053E12E14D70D590BB
:10EFE00005B5E014FA79001222D99005B5E014F0C5
:10EFF000050AE50AC3950C5005E070DB80F2121596
:10F0000053750A008050E50AF50875090074027806
:10F010000812138AEE2508F8EF3509F988088909DE
:10F020008882F583A3A312F069A3E0F9122FB7E950
:10F03000F874FF68601E850882850983E0C0E0E8F7
:10F0400075F00DA4F8A9F0743328F582740539F52C
:10F0500083D0E0F0050AE50AC3950B40A9EEFAEF6C
:10F06000FB121BFB7F05020EE812E2B48882898343
:10F0700022E8F0A3E9F08A828B83E022C082C08379
:10F080007A807B00900504E0F9121CC102E154C0B3
:10F0900082C083900505E0FCA3E08003EAFCEBFD61
:10F0A0008C828D83A3A312E2B08A828B83E0696095
:10F0B000148C828D8312E2B012EC6AEC4D70DD7A12
:10F0C000007B008004AA82AB8302E15474EA120B35
:10F0D000E074FE12126C890CEAFEEBFF8C0A8D0BB9
:10F0E0007C047D0079007A2F7B05121B4D90050171
:10F0F00012F254800985088285098312F25CE508C2
:10F100004509700302F23A85088285098312F2707C
:10F1100070E3121D878A0E8B0FA80EA90FE84960B5
:10F12000D488828983A3A3A3A3A3A3A3E0F5126039
:10F13000C4E82408500109FCE9FD8C828D8312E1AA
:10F140004D60B2750D008002050DE50DC39512509E
:10F15000A4E50DF50E750F007403780E12138A8561
:10F160000E10850F11EA2510F8EB3511F9880E897C
:10F170000F888212F241EE687002EF6970CAA3A391
:10F18000E493C0E0740193F583D082858214858373
:10F1900015E50A65147004E50B651570AB7418125B
:10F1A000151012F2548882F583E514F0A3E515F0EA
:10F1B000E82402F8E43509F9850E82850F83A3A3BC
:10F1C000A3A3E49388828983F08C828D8312F24B0F
:10F1D0008A82F583A3A3A3A3A3E493850882850968
:10F1E00083A3A312F28EE0F9121DBDE98521828569
:10F1F0002283F0A3E4F0A821A922880A890B780AC7
:10F200001211DC750A2F750B05780A1211DC8508BE
:10F210008285098312EC6EEEFAEFFBA90C121DCF6A
:10F2200074041211B9850882850983A3A3A3A3746A
:10F230002FF0A37405F0790180027900740202E8CE
:10F24000EDF583E493F8740193F922E02510FAA315
:10F25000E035112212F446880889092212F2602250
:10F26000E0F508A3E0F5092212F4468C828D832292
:10F27000A3A312E915E50C692212F260750A007861
:10F280000822E4F0A3F08E828F8322A3E4F0A3F09F
:10F29000888289832274EC120BE074F012126C895C
:10F2A0000B8A0C8B0D8C0E8D0F122FB7E9F50A749B
:10F2B000FF650A700302F341E975F00DA4F8A9F0A7
:10F2C000743328FE740539FF8E828F83E0A2E040FC
:10F2D0000302F3EDA3A3A3A3A3A3E0F47003A3E0AD
:10F2E000F4700302F3ED7406121510E50EF0A3E5B9
:10F2F0000FF012F4198002A3A312E288604312F403
:10F300002312F4427406121510E0687003A3E0693A
:10F3100085088285098370DF12E3086024A821A98B
:10F32000228810891178101211DCAC0EAD0FAA0CD6
:10F33000AB0DA90B12158F74021211B9E9640160AB
:10F34000077902741002EEDF7A807B00900504E0FA
:10F35000F9121CC78B118C128D13750C00750D00E2
:10F36000C200EA45114512451360149005B6120F0C
:10F37000B712308F74021211B98A0C8B0DD2008E25
:10F38000828F83A3A3A3A312E308601C8E828F83C2
:10F39000A3A3A3A3A3A3A3A3E0250CFAA3E0350D85
:10F3A000FBC3E89AE99B50457402121510E0F9126C
:10F3B0001DB7E9603D85088285098312E2B0EA2421
:10F3C00002F508E43BF50978081211DC7406121501
:10F3D0001012EC6EEA2406FA50010B740412151098
:10F3E000E0F912157174021211B9E9700579000281
:10F3F000F343121583A90A12156BA2005009790074
:10F40000AA0CAB0D122F697DFF7CFF7A007B00A94F
:10F410000A1230D11230B380D4EE240BF582E43FCF
:10F42000F5832285088285098312F42D22E0F8A352
:10F43000E0F58388822288828983A3A3A3A3A3A360
:10F44000A3A312F44622E0F8A3E0F922C082C0830D
:10F4500090078AE4F0900798F090078EF0A3F09060
:10F46000078912FCC490078BE4F0900799F090078D
:10F470009AF090079B02FB4AC082C083906194740B
:10F480000512F93575E9FBE8A2E792AF9061A3E0B8
:10F49000D2E202FB4AC082C083121A8D90078AE42E
:10F4A000F0F9121A6F02FB4BC082C08390079A7466
:10F4B00001F0900799E07008121A2190079AE4F081
:10F4C00002FB4BC082C0839061A4E0C2E0F0906177
:10F4D000947405F075E1ED75E1EDA8A8C2AF759BD8
:10F4E0000075E9FBE8A2E792AF12F947F9E8496035
:10F4F000077A8E7B07122D3590078C742DF0A3743C
:10F500001AF0900789E0700690078BE0600C900776
:10F5100089E4F090078BF0121A5702FB4BC082C0AF
:10F520008390079AE07021900799740112FCD2121F
:10F53000F91E123157900799E4F090079AE060089D
:10F54000121A2190079AE4F002FB4B74F1120BE0BF
:10F5500074FE12126C750A00900789E0600312179E
:10F56000639007897481F090079CE0600D9061932F
:10F57000E0A2E74010E0A2E6400B900789E4F01219
:10F580001A5702F8FC1218E312FC6D90078AE090FB
:10F590000797F079047A907B07121973900790E02F
:10F5A000547F24FD900794F0C3947D400302F6D16C
:10F5B000900791E05407F8C39404400302F6D17415
:10F5C0000268600302F66A900798E0600302F66A38
:10F5D0007902AA21AB22121973A2AFE433F508C253
:10F5E000AF90079EE0648670799019DE12F94AF9AF
:10F5F000E849700312176312FC9C852182852283DF
:10F60000E02824B7FE7401121510E0547FFFFAEED3
:10F61000F91219F19019DE12FA9D2415F582E438D9
:10F62000F583E912F94F2416F582E438F583EF12D9
:10F63000F94F2417F582E438F583EEF0E508A2E0EF
:10F6400092AF7401121510E0A2E75011900791E0FB
:10F650005410FA900793E0F9121AE7807A121AED23
:10F660008075E508A2E092AF806D90079EE0648609
:10F670007003121AED900797E0602F900798E070E2
:10F6800029900797E06401700302F712900791E058
:10F690005407F8900797E064027005E87074800AD8
:10F6A000E0640370057403687068900792E0F813D3
:10F6B00013543F5403F508E8C413135403F5099099
:10F6C0000713E0701874016509600674016508701D
:10F6D0000C75E1ED75E1ED121A4B02F8FCA8091268
:10F6E000F906FAA80812F9062AFEE509600A900749
:10F6F00091E0A2E650021E1E900794E0FAEE790017
:10F700002402F8500109C3EA98E499A2D265D033E3
:10F710005006121A5D02F8FCE0C39E24FE90079684
:10F7200012F9575003750A25900796E0F8E50A2864
:10F73000F8E43400F9E8243AFAE439FB122D2F906A
:10F74000078EEAF0A3EB12F93EF9E849700575E17E
:10F75000E880BF7F00900791E0F8900798E070077D
:10F7600074205890078BF090078BE0604AA2AFE4BA
:10F7700033F50AC2AF7407586403701D122D29E9CE
:10F78000600302F8DA900709E0700302F8D112185A
:10F7900053E964FE700302F8DA90618AE0C2E21273
:10F7A000F9357591FEE8A2E792AF9061A4E0D2E04E
:10F7B000F0E50AA2E092AF90078EE0243AF8A3E0C9
:10F7C0003400F990078EE0FAA3E0F5838A82A3A3C0
:10F7D00012FCB1243312FA8E900796E0C0E012F9C1
:10F7E00013D0E012F93EF5838882A3A3A3A3E0C05F
:10F7F000E090078F12FC7AD0E012F957503A12F9D4
:10F80000267403F0750C91750D07750E00780C12B7
:10F8100011D812F926E0FC7D0012FB21121B417465
:10F82000031211B990078EE0243312FC892435F5B8
:10F8300082E43AF58312FB3212FA9A241BF582E431
:10F8400038F583E50912FCBA2424F582E438F583FF
:10F85000E508F01219318A088B098C0A8D0B12FA0F
:10F860009A2425F582E438F583780812147F12195A
:10F87000258A0812FC932429F582E43AF583E508E9
:10F88000F0A3EBF0900791E05407C0E012F913A346
:10F89000D0E0F0900793E0C0E012FA9A2432F582AB
:10F8A000E438F583D0E0F0900791E05478F8A3E0D5
:10F8B000C4540F5403484FC0E012FAA1D0E0F0EE58
:10F8C000702390078C743FF0A3741AF0121A3980D9
:10F8D0002B122D23E9700302F7997F0490618AE0CF
:10F8E000D2E202F79F90079512F957900795E040F2
:10F8F000011412FCCF7433F0A3741AF074021211C5
:10F90000B97F07020EE8746E28F582E43438F58377
:10F91000E4932290078E12F91EA3A3A3A32212F947
:10F920004AF58388822212F92D12FC802290078EDC
:10F9300012F94AC822F0A8A8C2AF759B002212F99A
:10F940004222F012F9472290078EE0F8A3E022F05D
:10F950009019DE12F93022F0900791E0A2E32274B0
:10F96000F6120BE074EC12126C900795E070031223
:10F970001763900795E0F9AA21AB22121973A82109
:10F98000A92288088909AC08AD09900792E01313F1
:10F99000543F5403FE607090078EE0242DF8A3E0DE
:10F9A0003400F9852182852283E0FC740112151050
:10F9B000E0FBEC88828983F0A3EBF08882898312D4
:10F9C000F94A12FC92242B12FAAD241CFAA3E0345B
:10F9D00000FB74036E70107402121510AC82AD83BC
:10F9E000121CEB740A80197402121510E0FC7403E7
:10F9F000121510E0F9EC8A828B83F0A3E9F074040D
:10FA0000121510AC82AD83900792E0C41313540317
:10FA1000FA605812FAA1E0A2E640278C828D83E0BA
:10FA2000FEA3E0F9EEF890078EE0FBA3E0CB242BD9
:10FA3000F582E43BF583E8F0A3E9F0EC2402FC5006
:10FA4000010D74036A701190078EE02413FAA3E08D
:10FA50003400FB121CEB80138C828D83E0FAA3E050
:10FA6000F9EAF812FC93241312FA8E12FA9A24106F
:10FA7000F582E438F583E412FCD2743FF0A3741AE3
:10FA8000F0121A3974141211B97F02020EE8F582CD
:10FA9000E43AF583E8F0A3E9F02290078E12F930FA
:10FAA0002212F92D2407F582E438F58322F582E449
:10FAB0003AF583E8F0A3E9F090078EE022C082C017
:10FAC00083900796E07010906194740112FCD274D8
:10FAD00045F0A3741A8016C394105006E090079561
:10FAE00080059007957410F0E014906194805BC0DD
:10FAF00082C083900795E0F912FB211219739007D9
:10FB00008EE02433F8A3E03400F990079512FB321D
:10FB1000900795E0F8900796E0C398F0121A3980A4
:10FB20002A12F92D2433F582E438F583E0FAA3E0B4
:10FB3000FB22E0FA88828983E02AFAA3E03400FB02
:10FB400088828983EAF0A3EBF022F0D083D082028E
:10FB5000118674F6120BE07E0079027A907B071210
:10FB60001973900791E05480F509700B900798E0A5
:10FB70006402600302FC539007897402F0121A9920
:10FB800012FC9C900790E02824B7F508A3E0547F6E
:10FB9000FFFAA9081219F112FA9A242FF582E43813
:10FBA000F583E912FCBA2431F582E438F583E508DF
:10FBB00012FCBA2430F582E438F583EF12FAB72448
:10FBC0003A12FC89243312FAAD2402F8A3E034007F
:10FBD000F9E8FAE9FB181812FC7AE0F890078EE0D1
:10FBE000FCA3E0F5838C82A3A3A3A3E0FCE8C39C61
:10FBF000F895E0F98A828B83E028F8A3E039F98A46
:10FC0000828B8312FCB12407F582E43AF583E0A2EB
:10FC1000E2501088828983E06404600790618AE082
:10FC2000C2E2F0900709E06008121859E960027E0C
:10FC300004E5094EF890078EE0F9A3E0C92407F522
:10FC400082E439F583E04812FAB7FAA3E0FB122DFB
:10FC50003B800A12FC6D7A8E7B07122D3590078E41
:10FC6000E4F0A3F012FCBF121A4B02FA899061A4CF
:10FC7000E0C2E0F090078BE4F022E0C812FC8022A2
:10FC80002435F582E438F58322F8A3E0340012FC31
:10FC90009222F990078EE0FAA3E0CA22900788E04A
:10FCA000540FF8747628F582E43438F583E493F839
:10FCB00022E8F0A3E9F012FC932212F942C8229044
:10FCC0006194740512FCD2742DF0A3741AF0229082
:10FCD0006194F090078C22C082C083906193E0A26F
:10FCE000E6500BE0A2E7400675E1ED75E1ED900707
:10FCF00089E4F090078BE07003121A5702FB4BC0A7
:10FD000082C08390078BE4F0900789E07003121A99
:10FD10005702FB4BC082C083121A991219C1121AE2
:10FD2000D502FB4BC082C08390078CE0642D700429
:10FD3000A3E0641A6003121763900794E070051241
:10FD40001A4B801DC394105006E0900795800590D3
:10FD500007957410F0E01412FCCF7463F0A3741ACA
:10FD6000F002FB4BC082C08374F012126C900795B6
:10FD7000E0F9AA21AB22121973900795E0F89007D9
:10FD800094E0C398F06011C394105012E09007956E
:10FD9000F014906194F0800612FCBF121A4B74109C
:10FDA0001211B902FB4BC082C08390079BE004F0A4
:10FDB000121A1B02FB4B74F7120BE0E9FE90079836
:10FDC000F0700A906180E4F0E04409801374026EE0
:10FDD000600874016E6003121763906180E0C2E0F6
:10FDE000F07F01020EE874F7120BE0E99005D0F005
:10FDF0007AC17B16122FED7ACD7B16122F937913D1
:10FE00001222EB901812E4F0790A1230CB7F010233
:10FE10000EE8C082C083901AD27418F0901AD3747E
:10FE200010F0A37427F0A3E4F0A3F0801EC082C0FA
:10FE3000831216B59083CC120FB37A017B00900524
:10FE4000D0E0F9121CB574041211B9D083D082022B
:10FE5000118674F0120BE08A828B83A3E0600A148F
:10FE6000601224FC601A02FEED8A828B83E0640D2E
:10FE7000707B80078A828B83E070721216BB806D64
:10FE80008A828B83E0640D70051216B5805F901A2C
:10FE9000D2E0901AD3602E780812149D7808120BC5
:10FEA00014908304780C12149D7808790C12063E85
:10FEB00078081208AB901AD3780812147F901AD2DF
:10FEC000E014F0801174A0F0A374BBF0A3740DF0E3
:10FED000A3E4F01216B5901AD3120FB37A027B0086
:10FEE0009005D0E0F9121CB574041211B97F080214
:10FEF0000EE874F4120BE0EAFEEBFF54807031EE72
:10FF000054026044EE640202FF8C8A828B83E064B8
:10FF1000347016EA2417F582E43509F583E0FAA374
:10FF2000E0FBEA4B6003121BFBAA08AB09121B653E
:10FF30009005D0E0F9121B778A088B09EA45097011
:10FF4000C9EEFAEF64808037EEA2E05004640180CD
:10FF50003B5404602DD281908308120FB37A087B42
:10FF6000009005D0E0F9121CB574041211B9790A99
:10FF70001230CB90170AE4F0A3F0EE6404FAEFFB22
:10FF80008011EE54086008C281EE6408FA80047A99
:10FF9000007B007F04020EE8C082C08374FC121252
:10FFA0006C7402121510E4F0A3F08521828522837F
:10FFB000F0A3F0AC21AD2274021212441215AD026E
:10FFC000FE4674F7120BE0E9A2E6500E7A047B00BD
:10FFD0009005D0E0F9121CC18021A2E2501D901AB8
:10FFE000CBE07017908400120FB37A047B00900569
:0EFFF000D0E0F9121CB574041211B902FE0D16
:020000040002F8
:10000000C082C083E99016F6F002822E74F4120BBF
:10001000E08A088B09EB5480604D800EEEFAEFFB0E
:10002000121D75EEFAEFFB121B659016F6E0F91241
:100030001B778A0A8B0BAE0AAF0BEE4F60208E82C5
:100040008F83E0641A60D5EEFAEFFB121D27E9F901
:1000500074FF6960CEEEFAEFFB121B6B80CCAA082E
:10006000E5096480FB80047A007B000283EC74F76E
:10007000120BE07AFF02946C74F6120BE0E9FEEAD0
:10008000FF7A047B00121BF5EA4B6035EF8A828B06
:1000900083A3A3A3F0EE8A828B83A3A31280FEF036
:1000A0009017021299CE7009901702EAF0A3EB8024
:1000B00047E0F988828983A3A3A3E06F7007121B2E
:1000C000FB79008036E8FCE9FD888289831299CEAD
:1000D00070E174FF6F700D8C828D83EAF0A3EB12D8
:1000E00080FE801490170212A7849017021292C209
:1000F0008A828B83E8F0A3E9F07901029579F08A8E
:10010000828B83E4F0A322C082C083EA12A75E3B05
:10011000F583E0FA9017028004888289831299CED1
:10012000601C88828983A3A3A3E0FBEA6B6005744B
:10013000FF6B70E588828983A3A3E0F9800279FFD1
:1001400002822E74F2120BE08A088B098A828B835A
:1001500012AAA2121D27E9F50A74FF650A700302AC
:1001600082297A197B00121B5F8A0C8B0DAE0CAFB3
:100170000DEE4F70030282298E828F837434129F9A
:1001800085A3A3EE2402FCE43FFD74061211028550
:100190000882850983128E04A3A3A3A3129B70A3D4
:1001A000A3A3A3EAF0A3EB12835AA3EE240AFCE470
:1001B0003FFD740C12110212A78DC812A75E38F50C
:1001C00083E0C0E0EE2416F582E43FF583D0E0F052
:1001D000E508240CF8E43509F98882898312AAA27B
:1001E000EE2417F582E43FF583EAF0A3EB12859D38
:1001F000A3A3A3E0FA74066A7009EEFAEFFB1230CB
:1002000083800C74086A7010EEFAEFFB12307DEEFA
:10021000FAEFFB121B65801188828983E4F0A3F05A
:10022000EEFAEFFBA90A121B6B7901029AE3D08365
:10023000D08202118674F4120BE08A088B09ECFE5E
:10024000EDFF7A087B00121BF58A0A8B0BA80AA91E
:100250000BE849700479108036128311A31282FBD7
:10026000740C12151012AF96A3A3A3A31292C09000
:1002700016FA12949E9016FA6012E0FCA3E0800336
:10028000EAFCEB12949970F88C828D831282ED0255
:1002900083EC74F4120BE089088A09ECFEEDFF7A16
:1002A0000A7B00121BF58A0A8B0BA80AA90BE849E6
:1002B000700479108034128306E4F0A31282F5E50D
:1002C000091282F5A3EEF0A3EFF09016FC12949EB3
:1002D0009016FC6012E0FCA3E08003EAFCEB1294B1
:1002E0009970F88C828D831282ED0283ECE8F0A382
:1002F000E9F079002212835EA3A322E50912836349
:10030000EEF0A3EFF02212831188828983A3A3A3C6
:100310002288828983E4F0A312836AA3E508F0228D
:1003200074F2120BE0EAFEEBFF8C088D09121D87B8
:100330008A0C8B0DA80CA90DE84960198882898365
:10034000A3A3A3EEF0A3EF12835AE508F0A3E509F7
:10035000F0790080027901029AE312835E2212830F
:1003600063A32212836AA3A3A322F088828983A3B2
:100370002274F4120BE074F712126CE9FEECFF85A4
:1003800021828522837401F0EF7006EDC39406404C
:100390005074036A4B604A740112123C880A890B3C
:1003A000780A1211DC7C127D007A007B00EEF912D3
:1003B0001D8D74021211B9E9601CE4F50AF50B7881
:1003C0000A1211DC740312124C7402121244121D30
:1003D000C974021211B9852182852283E0640170FB
:1003E0000479018002790074091211B97F04020EA8
:1003F000E874E8120BE074FA12126C89088A0A8B0E
:100400000B8C0E8D0F12310D8A0C8B0DAE0CAF0DB7
:10041000EE4F70057902028593AA0EAB0FA9081260
:100420001DA5E9F509A2E6401C9017001299CE60BF
:1004300014E82419F582E439F583E064017006E5D7
:1004400009D2E6F5097C067D007900AA21AB2212CB
:100450001B4D741F121510128E116009E054FCF030
:10046000E044018003E054FC12859D1299CE602C7B
:10047000741E121510E0F50C88828983A3120FB741
:10048000AD0C7402121510E05403FCAA0EAB0FA9B8
:1004900008121D4574021211B9E97005790102852F
:1004A0009374221215101299CE6012852182852232
:1004B00083E04404F074021215101292CF742012DB
:1004C0001510128E116005E044088003E054F7F027
:1004D0007421121510128E116005E044108003E0A3
:1004E00054EFF07424121510E0C0E07404121510DB
:1004F000D0E0F07405121510E50CF0780385218228
:10050000852283E0540460027805742512151012C8
:100510009AA2E8250CF516E4350DF517AA16FB127C
:100520001BF58A148B15EA45156064AC14AD15AA49
:1005300021AB22121D81742712151012AC0B12115F
:10054000D8AC0CAD0D121B4174031211B9901AF7FF
:10055000E0F50C780C1211E0750C99750D18780CFB
:100560001211DC78141211DC78161211DC780E12DC
:1005700011DCA909EEFCEFFDAA0AAB0B12311974CC
:10058000091211B9E9FEAA14AB15121BFB80027EF9
:1005900010EEF974061211B97F10020EE81297B32B
:1005A000A3A3A3A322EEF97F0C020EE8E50C28F525
:1005B00082E50D128D372274EA120BE074FE1212DE
:1005C0006C89098A0C8B0DECFEEDFF75100075111E
:1005D0000075080074181215101299C18015128741
:1005E00099121DD58B0FE5102AF510E511350FF581
:1005F00011050812878C5046E50875F006A4F8A985
:10060000F0E50A28F582E50B1285B3E5102403F521
:1006100010E43511F511A3A3E070D60510E51070B4
:1006200002051188828983A3A3A3A312949E8882C2
:10063000898360AAA3A3A3E0F9121DC380A6AA1010
:10064000AB11121BF58A0E8B0F8A128B13EA45131E
:10065000700302876F7508008036A821A9228814CC
:10066000891578141211DC780E1211DC8A828B83C2
:10067000128799121DDB74041211B985218285221B
:100680008312A784E50E28F50EE50F39F50F05084E
:1006900012878C5078E50875F006A4F8A9F0E50AF1
:1006A00028F582E50B12A73D12877F8A828B83A3F0
:1006B000128776F0129452128776A3F0E50E240387
:1006C000F50E5002050F88828983E070C1EA240389
:1006D00008E43BF9881489158882F58312877FA383
:1006E00085820E85830F8A828B83A3A31299CC7097
:1006F0000302865AAC0EAD0FE8FAE9FB8514828539
:100700001583E0F9121DB18A0E8B0F8081781212C9
:1007100011DC78101211DC7420121510128E1912CF
:1007200011E0E4F50AF50B780A1211DC74221215B7
:1007300010128E191211E07422121510128E191255
:1007400011E075080078081211E0750801780812A8
:1007500011E0EEFCEFFDAA0CAB0DA909121D4B74C4
:100760000B1211B9E9FEAA12AB13121BFB80027E19
:1007700010EEF90287A712877A22128784A3221229
:100780008784F022E0850E82850F8322850A828588
:100790000B83E0F8E508C3982212AFEFEEFAEFFB07
:1007A000A90922EEF9800574021211B97F0E020E1A
:1007B000E874EC120BE0890EEAFEEBFF8C088D0961
:1007C00074141215101288A675F003A4F512E5F042
:1007D000F513AA12FB121BF58A0A8B0B8A108B11D8
:1007E000EA451170030288997A00802FEA75F003B8
:1007F000A4F8A9F0E50C28F8E50D391289C8E82419
:1008000002F85001098882898312889E1289D3F0E8
:10081000E50A2403F50A5002050B0A850C82850DB2
:1008200083E0F8EAC39840C4740168700AA3E070DA
:100830000675120175130078101211DC781212116E
:10084000DC741C121510128C1D1211E0E4F50AF56F
:100850000B780A1211DC741E121510128C1D121165
:10086000E0741E121510128C1D1211E0750A00782A
:100870000A1211E0750A04780A1211E0AC08AD09F9
:10088000EEFAEFFBA90E121D4B740B1211B9E9FE23
:10089000AA10AB11121BFB80027E100285A5E08519
:1008A0000A82850B832212A788880C890D8882F51D
:1008B00083E02274EA120BE0890EEAFEEBFF8C085B
:1008C0008D0974161215101288A6F50A750B00749E
:1008D00002780A12138A850A12850B13AA12AB1327
:1008E000121BF58A0A8B0B8A108B11EA45117003D3
:1008F0000289B67A008041EAF51475150074027811
:100900001412138AE50C2514F8E50D35151289C863
:1009100088828983A3A31289BBF0E82403F85001DD
:1009200009888289831289BB1289D3A3F0E50A243E
:1009300004F50A5002050B0A850C82850D83E0F848
:10094000EAC39840B2740168700AA3E07006751299
:100950000175130078101211DC78121211DC741E6C
:10096000121510128C1D1211E0E4F50AF50B780A2D
:100970001211DC7420121510128C1D1211E074205B
:10098000121510128C1D1211E0750A00780A12114E
:10099000E0750A07780A1211E0AC08AD09EEFAEF2B
:1009A000FBA90E121D4B740B1211B9E9FEAA10AB74
:1009B00011121BFB80027E100287A31289BF22E066
:1009C000850A82850B83A322F988828983A31288F2
:1009D0009EF0221289DF850A82850B83A3A322A3BE
:1009E00012836AE02274E6120BE0890B8A128B13E1
:1009F0008C0E8D0F7E007F00750A00741A12151080
:100A0000129AA28009EE2402FEE43FFF050A850C3B
:100A100082850D83E0F8E50AC3985046E50A75F033
:100A20000DA4F8A9F01285ACEE2404FEE43FFFE02B
:100A300070DAA3E070CFEE2405FEE43FFFE8240463
:100A4000F508E439F509850882F583E0F9121DB748
:100A5000E960B9850882850983E0F9121DBDEE2998
:100A600080A6EEFAEFFB121BF58A088B09EA45090E
:100A70007003028BFF8A168B17750A00801EE5141F
:100A80002409FCE43515FD8C828D83128C128C8236
:100A90008D83A31297B988168917050A850C82855C
:100AA0000D83E0F8E50AC3984003028B99E50A75C7
:100AB000F00DA4F8A9F0E50C28F582E50D12A75475
:100AC000128C12851482851583A3AC82AD83128C9F
:100AD00005F0E5142402F8E43515F98882898312BB
:100AE0008C0A128C23F0E5162404F5165002051723
:100AF000851482851583E070A1E5162402F8E4359B
:100B000017F9851682851783A3AA82AB838C828D01
:100B100083E06003028A7EE5142404F510E43515B1
:100B2000F511851082F583128C12E5142405FCE47E
:100B30003515FD8C828D831297B98C828D83A3E04D
:100B400088828983F0E5142407F8E43515F9888252
:100B50008983128C05128C23A3F0E5162405F51663
:100B600050020517851082851183E0F9121DB7E93F
:100B70007003028A9AAC16AD17E514240BF582E4D3
:100B80003515F58312AAA2851082851183E0F9122A
:100B90001DB18A168B17028A9A78081211DC8E0C06
:100BA0008F0D780C1211DC7422121510128C1D128C
:100BB00011E0E4F50CF50D780C1211DC742412151B
:100BC00010128C1D1211E07424121510128C1D12BB
:100BD00011E0750A00780A1211E0750A09780A1204
:100BE00011E0AC0EAD0FAA12AB13A90B121D4B7482
:100BF0000B1211B9E9FEAA08AB09121BFB80027E99
:100C000010EEF98031128C0AA322E0851682851736
:100C10008322128C0AF022A3A3A3A3A3A3E0F50AC4
:100C2000780A22A31289DF851682851783A3A3A3DE
:100C300022740A1211B97F12020EE874EA120BE054
:100C4000890CEAFEEBFF8C0A8D0B75120075130000
:100C5000750D007416121510129B928009128D19D1
:100C6000121DC3128CFC128D0C40F2AA12AB13128F
:100C70001BF58A0E8B0F8A148B15EA451560787563
:100C80000D00800C128D3F121DB18A0E8B0F050DC9
:100C9000128D0C40EF78141211DC78121211DC74F2
:100CA0001E121510128E191211E0E4F508F50978DC
:100CB000081211DC7420121510128E191211E07432
:100CC00020121510128E191211E075080078081202
:100CD00011E075080A78081211E0AC0AAD0BEEFAC3
:100CE000EFFBA90C121D4B740B1211B9E9FEAA14EB
:100CF000AB15121BFB80027E100287A38B0FEA2428
:100D000003F8E4350FF912AF5E050D2285088285E0
:100D10000983E0F8E50DC39822128D27A3A3A3123F
:100D2000AF9AA3A3E0F922E50D75F005A4F8A9F0A8
:100D3000E50828F582E50912AF85A882A983221269
:100D40008D271287841289E0850E82850F83A3F098
:100D5000E82402FAE439FB8A108B118A82F58312A7
:100D6000877AA3F0E50E2403FCE4350FFD88828921
:100D70008312AAA7851082851183E0F92274F612E6
:100D80000BE074FE12126CE9FE740C121510128E38
:100D900004128E11128E1FC0E07401121510D0E0E3
:100DA000F0A821A9228808890978081211DC7508A1
:100DB0000275090078081211DC7416121510128ED3
:100DC000191211E07415121510120FB774161215BE
:100DD00010128E191211E07416121510128E1912BB
:100DE00011E075080078081211E075080B780812F8
:100DF00011E0EEF9121D4B740B1211B974021211AD
:100E0000B9029579128E082212A793F988828983F4
:100E100022E085218285228322E0F50878082212CB
:100E200089E02274F1120BE074EB12126CEAFEEB13
:100E3000FFC200EE2420F8E43FF98808890988827F
:100E4000F583C3E09403A3E0940050057901029276
:100E50006C901700EEF0A3EFF07402121510EEF094
:100E6000A3EFF0740E121510E4F0A3F0740A12153B
:100E700010E4F0A3F0740C121510E4F0A3F0EE24CB
:100E800022F8E43FF9880A890B8882F58312AAD1F7
:100E90007404121510AA82AB83121D7B8A0C8B0D71
:100EA000A80CA90D740A121510E8129F7E12AAA2AE
:100EB000EAC398F8EB99F9850A82850B83E028F854
:100EC000A3E039F9740C1215101292CF74081215A0
:100ED00010E09016F9F0EE2414F508E43FF50985CA
:100EE0000882F583E0F912310D8A828B83E5824511
:100EF00083700C901700E4F0A3F0790202926C1258
:100F000092B4602BEE2404F50AE43FF50BA3120F14
:100F1000B7740B121510E0FD7406121510E054039F
:100F2000FC1292A2121D4574021211B9E9700C90C4
:100F30001700E4F0A3F0790302926C1292A2121D42
:100F4000A5E9F50E850A82850B8312AAA2EAFCEBBD
:100F5000FD9016FA8004888289831299CE7003026C
:100F6000905188828983129AA0C3EC950CED950D5F
:100F700040E488828983A3A3A3A3C3E09CA3E09D4C
:100F800040D4E8FCE9FD7404121510E05407700D1C
:100F90007409121510E0640B7003029055E50EA25F
:100FA000E64003029055EE2419F582E43FF583E014
:100FB0006003029055740212151012928B600302A6
:100FC000904574021215101299C970797C00850839
:100FD00082850983E0F9121DAB74011215107401AA
:100FE000F07409121510129274121510E0F50C78B5
:100FF0000C1211E07407121510120FB7750C01785E
:101000000C1211E0740812151012A798F50C780C48
:101010001211E0740512123C880C890D780C121123
:10102000DC740912151012929912151012927F1287
:10103000151012AAE4121D6F74071211B97C011267
:1010400092A2121DAB901700E4F0A3F07905029272
:101050006C7C007D007404121510E0F854036003EA
:10106000029183E8540460057E840291C1740912E0
:101070001510E0F8C39417400302917FE8F50A7554
:101080000B007402780A12138A7475250AF58274AB
:1010900036350BF583E493F8740193F9E84970034E
:1010A00002917F850882850983E0C0E074101215E3
:1010B00010D0E0F0740C12151012AAA274111215BF
:1010C000101292C2740A12151012AAA274131215E9
:1010D000101292C2741012124488828983123157FE
:1010E0008A088B09A808A909740E1215101292CF4C
:1010F000E849604C7409121510E0F5087509007490
:1011000002780812138A74772508F5827436350937
:10111000F583E493F8740193F988828983E5824525
:101120008360127402121244123157740E12151099
:101130001299CE600B740E12151012AAA2121BFB8C
:101140007409121510E0F860587402686053740353
:1011500068604E7405686049740668604474086885
:10116000603F740C68603A7411686035741368608D
:1011700030741568602B740B6860267E0080427E98
:1011800082803EEC4D602A8C828D83A3A31292B4A0
:10119000601F7402121244123157E9FE74FF6E7020
:1011A0000B901700E4F0A3F0F902926C74016E70DA
:1011B000107404121510E0540460047E8380027ED3
:1011C00081740212151012928B707A74021215102B
:1011D0001299C970707404121510E0FA54107065F9
:1011E0007401121510EEF074091215101292741297
:1011F0001510128E191211E07407121510120FB784
:1012000075080178081211E0EA131313541F6401E2
:101210005401F50878081211E0740512123C880890
:10122000890978081211DC740912151012929912AA
:10123000151012927F12151012AAE4121D6F740776
:101240001211B9D200901700E4F0A3F0EE70047907
:1012500000801974846EA200700A50047907800C13
:1012600079068008500479098002790874151211F2
:10127000B9029A9BE0852182852283F0740822E0DE
:101280002406FAA3E03400FB74092212A793C824B1
:1012900015F582E438F583E0221299D412AFEB748D
:1012A0000922850A82850B8312AAAA8508828509EC
:1012B00083E0F922A3A3A3A3128E08E5824583222B
:1012C000A3A3EAF0A3EBF0221292D5A3A3A3A3E871
:1012D000F0A3E9F022E0F8A3E0F9850A82850B8308
:1012E0002274F4120BE08A088B09ECFEEDFF7C06F9
:1012F0007D007900121B4D850882850983E054FC2E
:10130000F8A3E0F98E828F83E05403FAE84A850857
:1013100082850983F0A3E91293CCA2E25004D2F0B3
:101320008002C2F0850882850983E054FBF0A2F0B8
:10133000E433F50A750B007402780A12138AE0454B
:101340000A1293CCA2E3850882850983E050044405
:1013500008800254F71293CCA2E45004D2F0800229
:10136000C2F0850882850983E054EFF0A2F0E433EF
:10137000F50A7404780A12138AE0450A129DEE8574
:101380000882850983E0540460091293BB1293D349
:1013900050010F8E828F83E0850882850983A3A385
:1013A000A3A31297C1850882850983A3A3A3A3A33E
:1013B000F0EE2402FAE43FFB0283EC8E828F83E09E
:1013C000FAA3E0F9EA850882850983221297B3E03F
:1013D00022A3A3A3A3F0A3E9F0EE2402FE2274F754
:1013E000120BE08A828B83E054038C828D831294EB
:1013F00065540412945E540812945E5410F88C8262
:101400008D83E048F0A3AC82AD838A828B83E05465
:10141000046018129452E08C828D83128E1F8C828D
:101420008D83A3F0EC2402FC50010D8A828B83A3F0
:10143000A3A3A3E08C828D83F08A828B83A3A3A3D2
:10144000A3A3E08C828D83A3F0EC2402FAE43DFB9D
:10145000801DEA2402F8E43BF98882898322F88C13
:10146000828D83E048F08A828B83E022121D217FE7
:1014700001020EE8C082C0839016FC80048A828B31
:101480008312949E600C8A828B83A3A3E06970ED23
:1014900080047A007B0002822EFD8C828D8312AA4A
:1014A000AAEA4B2274F0120BE08A088B09ECFEEDDD
:1014B000FF121D878A0C8B0DEA450D60787C008039
:1014C000010C850C82850D83A3A3A3A3A3A3A3E092
:1014D000F8ECC398505FECF50E750F007403780EAE
:1014E00012138A850C82850D83A3A3A3A3A3A3A3B0
:1014F000A3E0250EF8A3E0350FF988828983E493F1
:10150000FA740193FBE5086A7003E5096B70B2A3F6
:10151000A3E493FA740193FBEE6A7002EF6B70A17F
:10152000741012151012AAD18983888274081210BF
:10153000E079018002790080031211B97F08020E60
:10154000E874F6120BE0121D878A828B83E58245D0
:1015500083600512AA9F80047A007B00801B74F6CA
:10156000120BE0121D878A828B83E582458360051A
:1015700012AA9D80047A007B007F02020EE874F7B5
:10158000120BE09016FEE0FEA3E0800A8E828F83AD
:1015900012AAD1ECFEEDFFEE4F604A8E828F83A33C
:1015A000A3E06970E778008001088E828F83A3A38F
:1015B000A3E0FCE8C39C50D4E875F003A4FC85F0DC
:1015C00008AD088E828F83A3A3A3A3E02CFCA3E025
:1015D0003DFD8C828D83E06A7003A3E06B70CAECE2
:1015E000FAEDFB80047A007B0002946F74F6120B14
:1015F000E0121D9F8A828B83E58245836006A3A348
:10160000E0F98002790002957974F6120BE0ECFFA4
:10161000121D9F8A088B09A808A909E8496015E8E6
:101620002402F582E439F583EF6005E0D2E6800319
:10163000E0C2E6F002957974F0120BE0EAFEEBFFEF
:10164000ECFAEDFBEE4F70030297B0EA2402F508C6
:10165000E43BF5098A828B83A3AC82AD838E0C8F29
:101660000D750E00E91210680441427B9743448DCA
:1016700097E0E24697E8E9F9962508EB9609F9968E
:101680000A08970B469710EB9618EB9619F9961ADD
:1016900008971B46971C57971D60971E69971F72E6
:1016A0009720EB9621F9962208972346972457977F
:1016B00025609726699727729728EB9629F9962A2D
:1016C00008972B46972C57972D60972E69972F7266
:1016D0009730EB9631F99638F9963946973A7297E2
:1016E000EA4697F07297F19F97B0978E828F831298
:1016F00097B9ECFAEDFB0297B01297BE8C828D83FE
:10170000F00A0AAB090297B08E828F83780C12140C
:101710009D8A828B83E50C1297B3780C12149DE599
:101720000D8C828D831297B3780C12149D741078EF
:101730000C121223850882850983E50CF0EA240344
:10174000FA506D0B806A8E828F83120FB3121BCBFF
:1017500074041211B98059780C1211D87C05804696
:10176000780C1211D87C06803D780C1211D87C07B9
:101770008034780C1211D87C08802B780C1211D888
:101780008E828F83E02401FCE43400800F780C12F9
:1017900011D88E828F831298D7FCE439FD800978A6
:1017A0000C1211D87C107D00121B4174031211B968
:1017B00002953CF08E828F83221297CBF0221297F3
:1017C000C71297B3A3E0228E828F83E08A828B8335
:1017D00022C082C083E912106803202FE997383AAB
:1017E000E997E0E2E99700ED97790180027900023C
:1017F000822EE924F8607814607914607A14607B92
:1018000024FB606B24F860671460681460691460DE
:101810006A24FB605A14605B14605C14605D1460A1
:101820005E14605F14606014606114604214604371
:1018300014604414604514604614604714604814F2
:10184000604914602A14602B24F9602714602C145A
:101850006039245A602514602214601F24FA601332
:1018600014601014601524FA602114602280247919
:101870000180227902801E7903801A79048016790A
:101880000580127906800E7907800A79088006792A
:10189000108002790002118674F7120BE0E9FE74E1
:1018A000446E600574436E700C8A828B831298D7E5
:1018B000FAE439801574426E600574416E700E8AC8
:1018C000828B83E02401FAE43400FB8007121DBD03
:1018D000E9FA7B0002946FE0FCA3E0F9EC24022219
:1018E00074F1120BE0EAFEEBFFEC2406F8E43DF99C
:1018F000880889098882F58312949E700479018092
:101900003A8C828D83A3A3A3A3E0F9121DC38A0A94
:101910008B0B129B7C1211D8AC0AAD0BEEFAEFFBCD
:10192000121B4174031211B9740F1215101292B8E0
:101930006007E50AF0A3E50BF07900029A9B74F0CA
:10194000120BE074F812126C890C8A088B09ECFEF9
:10195000EDFFA821A922880A890B780A1211DCA9B7
:101960000C121D8D74021211B9E970047901804CBA
:10197000741812151012A7AD741A1215101299C10D
:1019800074061215101299CE780A60161211DC74C2
:101990000212124CAA0EAB0F121DC974021211B919
:1019A000801A1211DC780E1211DCEEFCEFFDAA0891
:1019B000AB09A90C121DDB74041211B9740802954D
:1019C00039E0F50AA3E0F50B221299D4A3A312A7DC
:1019D00088E8492212A793F58388822274F0120BBB
:1019E000E074FE12126C8A0A8B0BECFEEDFF85216F
:1019F00082852283E4F0A3F0121D938A088B09EA02
:101A00004509602FA821A922880E890F780E12118E
:101A1000DCE4F50EF50F780E1211DC7900EEFCEF28
:101A2000FDAA0AAB0B85088285098312315774041D
:101A30001211B985218285228312AAA2740202950D
:101A40003974F1120BE08A088B09ECFEEDFF121DD0
:101A5000938A0A8B0B7411121510129AA2E50C4589
:101A60000D600A850C82850D83E4F0A3F0EA450B36
:101A70006027780C1211DC7411121510120FB7794F
:101A800001EEFCEFFDAA08AB09850A82850B8312E3
:101A9000315774041211B9800279C17F07020EE830
:101AA000A3A3E0F50CA3E0F50D2274F2120BE0EA1B
:101AB000FEEBFF8C088D098C828D83A3A3A3A3A3C7
:101AC000E0A2E4501C121D998A828B83E582458333
:101AD000600F7901AC08AD09EEFAEFFB12315780C7
:101AE0000279007F06020EE874F1120BE0ECFEEDC5
:101AF000FF8E828F83A3A3A3A3A3E0A2E150691268
:101B00001DF3E9F50A7064740F121510129B929080
:101B100016F71299CE6013AC08AD09EEFAEFFBE0B0
:101B2000F5838882123157E96039E5082403F8E427
:101B30003509F9880889098882F583129B70E0F9D4
:101B4000121DC38A0C8B0DAC0CAD0D129B7C1211B7
:101B5000D88E828F83A312AA9D121B417403121187
:101B6000B98008750A878003750A88A90A029A9BBA
:101B700012AAAA8E828F83A3A3A3A322850882859B
:101B80000983E0F508A3E085080CF50D750E0078D3
:101B90000C22E0F508A3E0F5092274F2120BE089AB
:101BA00008ECFEEDFF8E828F83A3A3A3A3A3E0A284
:101BB000E1504D121DF3E9F97048A908121D938AEE
:101BC0000A8B0BEA450B6034E4F50CF50D780C122A
:101BD00011DC7410121510120FB779028E828F83E8
:101BE00012AACF8E828F8312AAA2850A82850B83C6
:101BF00012315774041211B9E9F9800679C18002D3
:101C00007988029AE374F2120BE0EAFEEBFF8C088B
:101C10008D098C828D83A3A3A3A3A3E0A2E5501C0E
:101C2000121D998A828B83E5824583600F7902AC0D
:101C300008AD09EEFAEFFB12315780027900029AE3
:101C4000E374F4120BE012A2FB8A828B83A38582D9
:101C50000885830912A000121BF5EA4B604A12A7FF
:101C60008DC313E8138A828B83F07C00802F8E82D1
:101C70008F83E0F508A3E0F8E4C8F9E50828E43923
:101C8000F509EC129CABEA28F582EB12AF85E5086A
:101C9000F0A3E509F0EE2402FE50010F0C8A828BBE
:101CA00083E0F8ECC39840C60283EC25E0F8E43307
:101CB000F92274EB120BE0129F2212AADC751300BA
:101CC000750E00750F00804905138E828F83A3A3C4
:101CD000E0F8EE2403FE50010FE870358E828F830A
:101CE000E0F9A3AE82AF83EEFAEFFB121DC38A08C0
:101CF0008B09EE2AFEEF3509FFEAA2E0500705083E
:101D00000470020509E50E2508F50EE50F3509F505
:101D10000F129F67EE98EF9940AE75F006E513A499
:101D200004F508129F1A121BF58A0A8B0BEA450B61
:101D30007003029DE5850C82850D8312AADEA8083A
:101D4000EA28129F3E029DDBE51475F006129F34CF
:101D50008E828F83129F5A1292D08E828F83A3A37A
:101D6000E0F8850E82850F83A3A3F0EE2403FE50D6
:101D7000010FE870648E828F83129F4FA3129DEE35
:101D8000EEFAEFFB121DC38A088B098E108F1175B6
:101D9000120078101211D8AC08AD09AA0CAB0D12C4
:101DA0001B4174031211B9850E82850F83A3A3A36F
:101DB000A3E50CF0A3E50DF0EE2508FEEF3509FFD5
:101DC000E508A2E0500705080470020509E50C25A6
:101DD00008F50CE50D3509F50D0514E514C395134B
:101DE0005003029D48AA0AAB0B7F0D020EE8129D1C
:101DF000F222F08E828F83A3AE82AF832274EB1225
:101E00000BE0129F22F583129B92751300750E0052
:101E1000750F0080420513850882850983A3A3E01E
:101E2000F9E5082403F50850020509FAAB09121D6B
:101E3000C38A108B11AE10AF11E5082AF508E50929
:101E40003FF509EEA2E050050E0470010FE50E2EDD
:101E5000F50EE50F3FF50F129F67E50898E5099924
:101E600040B375F005E513A404FE129F1A121BF58A
:101E70008A0A8B0BEA450B7003029F17850C82853B
:101E80000D83129B92EA2E129F3E029F0DE5147560
:101E9000F005129F34850882850983129F5A129F8C
:101EA0007EA3A3129F4FF0E5082403F50850020516
:101EB00009FAAB09121DC38A108B11AE10AF118540
:101EC000081085091175120078101211D8EEFCEF78
:101ED000FDAA0CAB0D121B4174031211B9850E82C1
:101EE000850F83A3A3A3E50CF0A3E50DF0E5082E71
:101EF000F508E5093FF509EEA2E050050E04700172
:101F00000FE50C2EF50CE50D3FF50D0514E514C39A
:101F100095135003029E8D029DE5250EFAE4350FC0
:101F2000FB228A0A8B0BEA2403F50CE4350BF50D32
:101F3000850C822212A24085820E85830F22F50C29
:101F4000E43BF50D8A828B83E513F075140022E0E3
:101F5000F9850E82850F83A3A322E0FAA3E0F9EAB4
:101F6000850E82850F8322850A82850B83A312AB9F
:101F700009129F7522E028F8A3E039F9C322F0A3E3
:101F8000E9129F8522F08508828509832274F01268
:101F90000BE0EA2403F8E43B12AAD5750C008A8210
:101FA0008B83A385820A85830B12A000121BF5EA9E
:101FB0004B604A850A82850B83E064017002A3E0CE
:101FC00070291297C7A3F0750C01802AE50C12A0A6
:101FD0000AF50EA3E0FDE50E88828983A3A3F0A392
:101FE000EDF0050CEE2402FE50010F850A82850BF0
:101FF0008312A26640D68A828B83E50CF002953C60
:10200000E02401FAA3E03400FB2275F003A4F8A950
:10201000F0EA28F8EB39F98E828F83E08882898391
:10202000A3129DF2E02274EA120BE074FE12126C0D
:102030008A0A8B0BEA2403F8E4350B12AAD5750E35
:1020400000750C00750D008007EE2405FE50010F91
:10205000850A82850B83A312A2665039050E8E82F3
:102060008F83E070E4A3A3A3E0F50FEE2408FE50F5
:10207000010FA90F121DB7E96010A90F121DBD12A3
:10208000A24F50010812A25B80C68E828F83A3AE3E
:1020900082AF8380BB75F00CE50EA404F50F250C10
:1020A000FAE4350DFB121BF58A0A8B0BEA450B701F
:1020B0000302A23985088285098312AADEA80FEAE5
:1020C00028F50CE43BF50D8A828B83E50EF0750F45
:1020D00000801E88828983E0F9EC85088285098367
:1020E000A3A3A3A3A3A3A3A31292D00E0EEBFF0559
:1020F0000FE50FC3950E400302A239E50F75F00CF2
:1021000012A2408582088583097C0C7D007900AA93
:1021100008AB09121B4D8E828F83E0FD85088285F6
:10212000098312A0211293C01293D450010F2402EC
:10213000FAE43FFB8E828F83A3A882A9838E828FCD
:1021400083E0FCED708DE5082403F510E43509F516
:1021500011EC851082851183F00EE9FF8E828F834A
:10216000E0F5128A828B83E0F9E512850882850901
:10217000831293D150010F1293BBA3A31293D1509A
:10218000010FECF9121DB7E9700302A0EF8E128F58
:1021900013AA0CAB0D851082851183E0F9121DC3C3
:1021A0008521828522837401F0A3E4F08521828554
:1021B0002283E0600C7514017515007800790080A9
:1021C0003A7514FF7515FFEA24FFF8EB34FF802AF7
:1021D000851282851383E0C0E0E50C28F582E50DC9
:1021E00039F583D0E0F0851282851383A3858212AE
:1021F000858313E82514F8E93515F9EAFCEBFDECC5
:1022000024FF1AED34FFFBEC4D70C585088285096B
:1022100083A3A3A3A3A3A3A3A3A3A3E50CF0A3E574
:102220000DF0851082851183E0F9121DBD12A24FB9
:1022300050010812A25B02A0EFAA0AAB0B0287A70B
:10224000A4F8A9F0E50A28F582E50B12AF8522E98A
:10225000F8EE29FEE43FFFE8A2E022E50C28F50CA9
:10226000E4350DF50D2212A78885088285098312B1
:102270009F75EE98EF992274F4120BE08A828B839B
:10228000A3A3A312AADE8A828B83A312A7847A0354
:102290007B00120986E8F50875F00312A733121BBC
:1022A000F5EA4B60348A828B83E508F0750800807C
:1022B0001FE50812A00AF50AA3E0FDE50A88828955
:1022C00083A3A3F0A3EDF0EE2402FE50010F050856
:1022D0008A828B8312879240D80283EC74F6120BA9
:1022E000E012A2FB7A027B00121BF5EA4B60091296
:1022F00097BE8A828B83A3F00295798A828B83A30F
:10230000A3A312A788E8FEE9FF2274E2120BE0748F
:10231000F012126C8A088B09EA240CF582E4350964
:10232000F58312A7ADEA2406F51CE43509F51DEA8C
:102330002402F51AE43509F51B850E82850F83E02A
:10234000F8C39406E875F006400302A3DE12A73333
:10235000121BF58A128B13EA4513700302A634127E
:10236000A771800A850C82850D837486F00E850E18
:1023700082850F83E0F8EEC398400302A51212A7EE
:10238000FF1211DC12A7E3121D8D74021211B9E9BC
:10239000640170D07405121510E0A2E6400F12A778
:1023A000B5121510E0A2E720F001B350B7A2E0503B
:1023B0002312A7C1121DE1E9F8850C82850D83F077
:1023C00070AB74061215101292C874041215101214
:1023D000A7A78098850C82850D83748F808EA4A911
:1023E000F02401F50AE439F50B7E00807885088237
:1023F00085098312A784880C890D740812123C8801
:1024000010891178101211DCEE129CABE50E28F544
:1024100082E50F39F58312AAD0850C82850D8312CF
:10242000AA9EE50C12A75E350DF583E0F9121D8D0D
:1024300074021211B9E96021740E12151012949EE3
:102440006017740C121510E0F9121DC38B0DE50A0C
:102450002AF50AE50B350DF50BE50A2403F50AE428
:10246000350BF50B0E850E82850F83E0F8EEC398D1
:10247000500302A3EDC3E50A946FE50B9400E84016
:102480000302A57212A730121BF58A128B13EA45BC
:1024900013700302A63412A771800A850C82850D81
:1024A000837486F00E850E82850F83E0F8EEC39864
:1024B000506012A7FF1211DC12A7E3121D8D7402E7
:1024C0001211B9E9640170D37405121510E0A2E687
:1024D000400F12A7B5121510E0A2E720F001B3508B
:1024E000BAA2E0502312A7C1121DE1E9F8850C82BF
:1024F000850D83F070AE74061215101292C8740424
:1025000012151012A7A7809B850C82850D83748FEE
:10251000809185088285098312AAC1851C82851D48
:1025200083128E191211E075080178081211E085E6
:102530001A82851B8312A798F50878081211E07893
:10254000121211DC85108285118312AACDE51012BA
:10255000AF593511FBE51012A75E3511F583E0F98F
:10256000121D5174051211B9AA12AB13121BFB02F2
:10257000A72479002403F85001097A047B0012098A
:102580007EE8F50D7E00805E850882850983E0F592
:1025900012A3E0F513851C82851D83128C1D121178
:1025A000E0750A01780A1211E0851A82851B8312F0
:1025B000AAF01211E078101211DC851282851383C3
:1025C00012AACDE51212AF593513FBE51212A75E20
:1025D0003513F583E0F9121D5174051211B9AA10D3
:1025E000AB11121BFB0EEEC3950D400302A724EEA8
:1025F000333354FCF50A850E82850F83E0FA7900A7
:10260000E50A2404F8500109EAFCC3E89CE99400B7
:10261000A2D265D0335005E8F50B80028A0BE50B9A
:10262000C3950AF50C12A730121BF58A108B11EA1C
:1026300045117005790002A7268A828B83E50CF08C
:102640007F00800A8516828517837486F00FEFC39A
:10265000950C400302A588E50A2FFAEF75F00612E3
:10266000A749EA2AF8E433F9E50E28F582E50F12C6
:10267000A73D12AFB21292CFE5142402F516E4354D
:1026800015F517850882850983E0F512A3E0F51397
:10269000740812123C8818891978181211DC8A8281
:1026A0008B8312AFD3121D8D74021211B9E964012C
:1026B0007092740D121510E0A2E6401A851A8285F8
:1026C0001B8312AAB0740D121510E0A2E720F001CE
:1026D000B3400302A644A2E0503F850882850983E7
:1026E00012A784740812124C12A768121DE1E9F8AF
:1026F000851682851783F0600302A64D740E1215AD
:102700001012AFB21292CB740C121510E085148225
:10271000851583A3A3A302A64C851682851783740F
:102720008F02A64C790174101211B97F16020EE8BF
:1027300075F006A4A9F02401FAE439FB2212A7419E
:102740002212AF85AA82AB8322A4F8A9F0E5102853
:10275000F582E51112AF858582148583152212A7B3
:1027600062222414F582E42212AF5839FB12A7D753
:1027700022850E82850F831297CBF07E0022850C76
:1027800082850D8312A7882212A793F922850882D9
:10279000850983E0F8A3E02212A79C22E01313131B
:1027A000541F64015401221289BFA3A322E0F50E35
:1027B000A3E0F50F22851A82851B8312AAB4740543
:1027C0002285088285098312A788AC21AD2212AF29
:1027D0005839FB12A7D722E82414F582E439F5838F
:1027E000E0F9228A828B8312AFEF851082851183F4
:1027F00012AAA6E51012A7623511F583E0F922EEC0
:10280000F875F006A4FAABF0E5122AF582E5133B61
:10281000F583A385820A85830BE828F8E433F9E57C
:102820000E28F582E50F12A7411292D5E8F0A3E930
:10283000F0E50A2402F50CE4350BF50D85088285D8
:10284000098312AAC5A821A92288148915781422FF
:1028500074E6120BE074F612126C8A0A8B0BC2003B
:102860007E00EA240CF582E4350B12AABF8A828B23
:1028700083A3A3A3A3A3A3A3E06402701C85108277
:1028800085118312AFA4121BF58A088B09EA45094A
:102890007005790002A9A8D2007F00E50A2402F59C
:1028A00012E4350BF5138010A200500B850E8285C3
:1028B0000F83748612AAF80F851082851183E0F8C1
:1028C000EFC398400302A95512AF72858216858323
:1028D00017EE75F003A4F8A9F0E50828F582E509DC
:1028E00039F583E5822402F50CE43583F50DA385E3
:1028F000820E85830F850A82850B8312A784881434
:102900008915740212123C8818891978181211DC82
:1029100085168285178312AAD185148285158312A4
:10292000AA9E12AA91121D8D74021211B9E97003A8
:1029300002A8A885128285138312AAB07407121503
:1029400010E0A2E720F001B34061850E82850F837D
:10295000748612AAF8A200504DEE8508828509837C
:10296000F0700312AFF5850A82850B8312AADE850B
:102970000A82850B83128C171211E0750A01780AFE
:102980001211E085128285138312AAF01211E078E9
:10299000081211DC12AFBC121D5774051211B9AA2E
:1029A00008AB09121BFB7901028C31851682851751
:1029B00083A3A3E0F87406121510E068600302AA6E
:1029C00077850A82850B83E0F514A3E0F51574087A
:1029D0001215101299CE606D851482851583A3A3FC
:1029E000A3A3E064037002A3E070488516828517F4
:1029F000831299CE703D851682851783A3129AA003
:102A0000750E00780C1211D87C027D00740312122E
:102A100044121B4174031211B9850A82850B83E0AD
:102A2000F812AAE485218285228312AAA21230D745
:102A300002A8B778161211DC740412124C12AA897B
:102A4000121DE78017851682851783A3A3A3120F93
:102A5000B7740412124C12AA89121DED74021211DD
:102A6000B9E9A200400302A8B7700302A8B7850E17
:102A700082850F8302A8B4A200400302A8B7850E86
:102A800082850F83748D02A8B4E51412AF593515F1
:102A9000FBE51412A7623515F583E0F922A3A3A381
:102AA000A3A312AAAA22A3A3A3A3E0FAA3E0FB2252
:102AB00012AAB422E0131313541FA2E092F022F5DD
:102AC0008312AAC522E0F510A3E0F51122A3A3A367
:102AD000A312AFEF22F9880889098882F583E0FE06
:102AE000A3E0FF22A3E0C812A76238F583E0F92231
:102AF00012A79CF50A780A22F085168285178312A0
:102B0000AB09E8F0A3E9F00E2212A793F9850C8235
:102B1000850D832274EC120BE074F812126CEAFE3D
:102B2000EBFF8C0E8D0F750C00741C121510129B90
:102B30009280328E828F831299C18A108B11781005
:102B40001211DC740212124CE50A12AF59350BFB5C
:102B5000E50A12A75E350BF583E0F9121DED74024C
:102B60001211B9050CC3E50C9508E4950940030260
:102B7000AC03E50C75F005A4F8A9F0E50E28F50AFC
:102B8000E50F39F50B8E828F8312A7848810891187
:102B9000A821A9228812891378121211DC850A82D1
:102BA000850B8312A7E7121D8D74021211B9E9601B
:102BB00052E50A2403F8E4350BF98810891188825C
:102BC000F58312AAA274061215101299C1E50A45DE
:102BD0000B700302AB337404121510E0F9121DC31D
:102BE0008A128B13AC12AD1385108285118312AC3F
:102BF0000B1211D8AA0AAB0B121B4174031211B9A4
:102C000002AB6374081211B90285A712AAC5751226
:102C10000078102274E6120BE074F612126C8A0C23
:102C20008B0D750E00750F007E00EA240CF582E412
:102C3000350D12AABF851082F58312AFA4121BF5C1
:102C40008A088B09EA4509700302AD177F008042AC
:102C500012A77E850A82850B8312AAD18882898376
:102C600012AA9E12A76D121DD5852182852283127C
:102C700092C2852182852283E0A2E0500312AF69CF
:102C8000852182852283E0250EF50EA3E0350FF520
:102C90000F0F851082851183E0F8EFC39850501212
:102CA000AF7285820A85830B12A77E8812891374FE
:102CB0000212123C8814891578141211DC850A82DC
:102CC000850B8312AFD3121D8D74021211B9E970F6
:102CD0004B850882850983A37486F0850A82850B5B
:102CE0008312A7848508828509831292CD7E01EE26
:102CF000850882850983F0600302AF1175F005A491
:102D0000FF129F1A121BF58A0A8B0BEA450B705CA7
:102D1000AA08AB09121BFB790002AF557406121505
:102D2000101292D8A3A3E069600B850882850983FD
:102D3000A3748D80A57407121510E0A2E1400B85E5
:102D40000882850983A374888090A2E5500B8508CA
:102D500082850983A3747E808174081215101294F1
:102D60009E700302AC50121DC302AC69EA2FF5122B
:102D7000E43BF5137F00801B852182852283E0A23E
:102D8000E0500312AF6985218285228312A7841245
:102D9000AF5E0F851082851183E0F8EFC398400382
:102DA00002AEFDEF75F00512A749E50A28F50EE51C
:102DB0000B39F50F12A77E88168917740212123C80
:102DC0008818891978181211DC85148285158312E8
:102DD000AAD185168285178312AA9EE51612A75ED0
:102DE0003517F583E0F9121D8D74021211B9E970DF
:102DF0000302AEFD85148285158312A784850E8299
:102E0000850F831292CF850E82850F83A3A3A3E53E
:102E100012F0A3E513F074081215101299CE604158
:102E2000A821A922880E890F780E1211DC740412D1
:102E3000124CAA12AB13121DC974021211B9850CDF
:102E400082850D8312A7AD78141211DC740412125E
:102E50004CE50E12AF59350FFB12AF8A121DE780F9
:102E60005012A77E880E890FA821A92288168917DB
:102E700078161211DC78121211DC85148285158304
:102E800012AAD1850E82850F8312AA9E12AF8A12D2
:102E90001DDB74041211B9850C82850D8312AFB24B
:102EA000A3A3A3120FB7740412124C12A768121D29
:102EB000ED74021211B9E9FAEA700302AD78EE7509
:102EC000F003A4F8A9F0E50828F8E50939F9EA883B
:102ED000828983A3F085148285158312AF9612929E
:102EE000C00EEFF50E750F00780E1211DCAC0AADB6
:102EF0000BAA0CAB0D121E2F74021211B9EE85082D
:102F000082850983F0700312AFF5AA0AAB0B121B7E
:102F1000FB850C82850D8312AADE850C82850D83CC
:102F2000128C171211E0750A01780A1211E0850C53
:102F300082850D83A3A312AAF01211E07808121162
:102F4000DC12AFBC121D5774051211B9AA08AB09E7
:102F5000121BFB7901028C31E82406FAE422E51207
:102F600028F512E51339F513222401F0A3E034000B
:102F7000F022EF75F005A4F8A9F0E51028F582E538
:102F80001112AF852239F583A322E50E12A762350F
:102F90000FF583E0F92212AF9A22E0FAA3E0FB8852
:102FA00082898322E075F003A4A9F02401FAE439B0
:102FB000FB2212A788851482851583228E828F8337
:102FC00012AFEBEE12AF593FFBEE12A7623FF58353
:102FD000E0F92212AFEF85128285138312AAA6E5CB
:102FE0001212A7623513F583E0F922A3A3A3A3E08D
:102FF000FCA3E0FD22A3E4129F8504F022C082C05E
:10300000839017B9E4F0A3F07C9C7D187A447B1779
:10301000121CEB12268D122465D083D082021186F9
:1030200074F2120BE074FE12126CE9FEEAFF8B08D8
:103030008C0974016E600874026E600302B150EF77
:10304000600874036F600302B0E9122819E9605345
:1030500074036F604E121B598A0A8B0B780A121187
:10306000DC750A01780A1211E0750A00780A12115B
:10307000E0E509F50A780A1211E0E508F50A780A90
:103080001211E090175E120FB3901ACAE0F97C6932
:103090007D18901BDC12BDFF122489740A1211B92D
:1030A00002B14B7902122021901ACAE0F990175E02
:1030B0001214F9122477E9F890176EE0A2E3401099
:1030C000E8700D9017BBE004F06404700312B16C5B
:1030D00074036F70789017BCE0F9740129F0E9C3AC
:1030E0009405406912B16C806474016F7062740160
:1030F0006E790A702E1220217A007B04901952E01A
:10310000F9121CC1AA21AB2279501222A912C52E94
:1031100090190512BE0D790090190512BDFF1225F8
:10312000018044122021901BB2120FB37A007B2041
:10313000901763E0F9121CB574041211B9901ACA01
:10314000E0F990175E1214F91224A1E9F8E860176B
:10315000908400120FB37A017B00901763E0F9129C
:103160001CB574041211B9740202C51A90175EE4FA
:10317000F0A374F8F0A374FFF0A37407F02274F6C0
:10318000120BE0E9FFEAFE7AD1F9121B7D8A828BED
:1031900083E5824583702A7A027B00121B5FEA4B2B
:1031A000700E7A107B00901763E0F9121BA1801457
:1031B0008A828B8374D1F0EFA3F0EEF9121B6B803F
:1031C00003EFA3F002B2E074F7120BE08908900558
:1031D0000112C7F6801A8E828F8312B21CE060093A
:1031E00012B228FAA90812204B8E828F8312CACFFE
:1031F000FFEE4F70E1901B9CE0F47003A3E0F460DD
:103200000A901B9CE0FAA90812204B122A11901771
:103210003A12BE05122A0B7F01020EE8A3A3E0F8C2
:10322000A3E0F98882898322A3A312B22E2212B8C6
:10323000BAE02274F4120BE0890B7D00740C1215B5
:103240001012C53480010DEDC3950B503D750A0079
:103250008002050AE50AC39C50ECED25E0FEE4334C
:10326000FFEA2EF582EB3F12CA8EF509AE0AEE2E6A
:10327000FEE433FFE82EF582E912C2B5650870045A
:10328000A3E0650970CC7901800279007F04020E09
:10329000E802118674F6120BE012B3377003A3E054
:1032A0006D701775086C75091778081211DCEEFA45
:1032B00012212374021211B9801F7508027509804A
:1032C00078081211DC8C088D0978081211DC12B311
:1032D0002C12213B74041211B9800574021211B929
:1032E0007F02020EE874F6120BE012B3377003A3EC
:1032F000E06D701775087975091778081211DCEE02
:10330000FA12212974021211B9801F750803750978
:103310008078081211DC8C088D0978081211DC12F3
:10332000B32C12213B74041211B980B412BAB1E06B
:10333000FD7C8012BE4E22EAFEEBFFEE12BF793F0B
:1033400012C0F412B35128FCE439FD90173AE06C36
:1033500022FAA3E0F8E4C8F9EA2274F6120BE0744A
:10336000FE12126CEAFEEBFF852182852283E4F0D7
:10337000A3F012BE3812C0EDFBECFA88828983A359
:10338000A3E0F9750900750800600574FF69700510
:10339000750882802F90173AE06A7003A3E06B7083
:1033A00015AA21AB22123107E9FA12C05870037531
:1033B00008838A09800E1223EDE96005750889806B
:1033C00003750881852182852283E0FCA3E0FDA9A5
:1033D00008EEFAEFFB12212FE509600B12C05860CE
:1033E0000612BDF9121BFB02B2DB02118674F21247
:1033F0000BE0EAFEEBFF75090075080012B45EF5FC
:103400000AE439F50B122A11EA650A7003EB650B21
:1034100070121230FBE914F50979017A857B1712D5
:1034200030F5800375088112C2AFF50C780C1211CB
:10343000E0750C85750D17780C1211DC78091211E6
:10344000E0780A1211DC78081211E012BF8E12C265
:10345000B2F97A057B80122135740702C51A12BAB7
:10346000C112C53888828983E012B351282274F6CC
:10347000120BE0780080308A828B8312CA90FEE4BF
:10348000CEFFE5082EE43FF509E825E0FEE433FF32
:10349000EC2EF582ED3FF583E508F0A3E509F0EAAF
:1034A0002402FA50010B08E8C39940CB02B2E07441
:1034B000E0120BE08A1A8B1B751300751600751746
:1034C0000075140075150012BF74351B12C8ECF599
:1034D0000B850A82F58312B468F508E439F509858D
:1034E0000A82850B83A3A312C922A3A3E0F9EAFEF3
:1034F000E439FFE51A240FF51EE4351BF51FE51A24
:103500002402F518E4351BF519E51A240EF51CE420
:10351000351BF51DAA08AB09122AA7E9640170380A
:10352000851C82851D83E0F50A780A1211E0E4F516
:103530000AF50B780A1211DC780A1211E0780812E9
:1035400011DC75088078081211E012B8C312213519
:1035500074071211B902B8B5AA08AB09122AA7E973
:10356000705090173AE065087004A3E06509604266
:10357000901BDEE0600464017035851C82851D832C
:10358000E0F50A780A1211E0E4F50AF50B780A1260
:1035900011DC780A1211E078081211DC75088178C4
:1035A000081211E012B8C312213574071211B902C2
:1035B000B8B5850A82850B83A3A3A3A3E0F509E52B
:1035C0000A2405F50A5002050BE509602212CA77A4
:1035D000121BF58A168B17EA45176013AC16AD1748
:1035E000AA0AAB0BA9091220818A0A8B0B800375EA
:1035F0000900850A82850B83E0F508A385820A8588
:10360000830B601E12CA77121BF58A148B15EA45CC
:1036100015600FAC14AD15AA0AAB0BA908122081D6
:1036200080037508009005018045E4F0A3F0AA0C22
:10363000AB0D850E82850F83A3A312B8BA12B228F0
:10364000F9121B6B850A82850B83E0C0E0A8137416
:103650008528F582E43417F583D0E0F00513A20045
:103660005007AA0AAB0B121BFB850E82850F83E065
:10367000F50EA3E0F50FE50E450F700302B82785A0
:103680000E82850F83A3A312C534E8FAE9FB8A8270
:103690008B83E0FC60D3850E82850F83A3A3A3A355
:1036A000A3A3A3A3E0A2E050C0850E82850F83A34D
:1036B000A312B21CE5824583600FECFA7901123146
:1036C000578A0A8B0BD200800F8A828B83A3A3A315
:1036D000A312C8EEF50BC200E50A450B6080850A0F
:1036E00082850B83A3E06E7003A3E06F600D74FF0F
:1036F0006E700374FF6F600302B65E850A82850BED
:1037000083A3A3A3A3A3A3A3120FB7850A82850B48
:1037100083A3A3A3A3A3A3E0FCAA16AB17A9091232
:10372000205774021211B9E97038850A82850B831B
:10373000A3A3A3A3A3A3A3A3A3A3120FB7850A8242
:10374000850B83A3A3A3A3A3A3A3A3A3E0FCAA1411
:10375000AB15A90812205774021211B9E9700302BF
:10376000B65EE5082509C333240AFA7B00121B5F05
:103770008A0C8B0DEA450D700302B6448A828B8356
:1037800074D2F085188285198312C5348A828B839E
:10379000A3A3E8F0A3E912C8D6A3E50912CB9DE5DF
:1037A00008F0EA2405F582E4350DF583E509602883
:1037B00012C899350D12BE048516108517117512A1
:1037C0000078101211D8AC09EC2CFCE433FD121B6C
:1037D0004174031211B98004E4F0A3F0E50C24084D
:1037E000F582E4350DF583E508700302B62AA809D1
:1037F000E828F8E433F9E50C28F8E50D39F9E81282
:10380000C89A3912BE0485141085151175120078F6
:10381000101211D8AC08EC2CFCE433FD121B4174DF
:10382000031211B902B62EE513602D851C82851D89
:1038300083E0F50878081211E07508857509177896
:10384000081211DCE513F50878081211E090173A18
:10385000120FB77508008033E51A12C7FB351BF548
:1038600083E07037851C82851D83E0F50878081297
:1038700011E075088575091778081211DC750800C4
:1038800078081211E090173A120FB778081211E079
:1038900012B8C312213574071211B9E51645176025
:1038A00007AA16AB17121BFBE51445156007AA14EF
:1038B000AB15121BFB7F18020EE8E0F8A3E0F583BE
:1038C000888222AC18AD19851E82851F83E0F97AA3
:1038D000067B802274EF120BE074F412126CEAFE85
:1038E000EBFF8C088D09740B1215107403F0121283
:1038F00044121CEB122A0B8A0A8B0BAC0AAD0BEE9E
:10390000240CF50AE43FF50B7403121244121CE573
:10391000E9601CE5082413F50CE43509F50D850C68
:1039200082F583E0FA74036A601074016A600B85A3
:103930002182852283748402BA3EE5082408F8E4D3
:103940003509F9880E890F8882F583E0F510602526
:1039500074FF6510601FE5082414F8E43509F9E8E0
:10396000FCE9FD74036A70188C828D83E0F86005B1
:1039700074FF68700B852182852283748202BA3EAF
:10398000E5082409F8E43509F9E8FAE9FBE5082433
:103990000BF50850020509850A82850B83E0642136
:1039A0007002A3E07065852182852283748C12C524
:1039B00014E0F51078101211E0AC08AD098A828B82
:1039C0008312BDFF850E82850F83E0F912273B74B9
:1039D000011211B9E97068852182852283E4F01211
:1039E0002009850C82850D83E064037052740112F6
:1039F000124CAA08AB09122759E970437D007C00DC
:103A00007900AA08AB091220FF80348C828D83E0F4
:103A1000F50C780C1211E0AC08AD098A828B831288
:103A2000BDFFA91012274174011211B9E985218245
:103A30008522837007E4F012200980037488F01255
:103A4000C2AFF50878081211E0740112123C880820
:103A5000890978081211DC850A82850B8312CA90C5
:103A60004480F50978081211DC12BF841220F37427
:103A7000051211B9740C1211B97F09020EE8C08247
:103A8000C08374F312126C852182852283E4F004D2
:103A900012151012BE057403121510AA82AB831200
:103AA0002375AA21AB221223B1740D1211B902B0F1
:103AB00019EE12C5283FF58322EAFEEBFF12BAC1C8
:103AC00022EE2413F582E43FF5832212C882FBEA3A
:103AD0004B2274E8120BE074DB12126C8A168B17FF
:103AE000751200751300750D0012BF74351712BEE4
:103AF0003E799C1224D7901BDEE0600464017014B0
:103B00007A0479001223DBEAF50D85218285228370
:103B1000E02A80088521828522837401F0E0F8E59F
:103B20000EC398400302BD96E0C3950EF509C394F9
:103B3000044003750903E50975F01AA4FAABF01205
:103B40001BF58A128B13EA4513700302BD99750C9D
:103B500000AE12AF13850E0802BBFA7C087D007917
:103B6000FFAA14AB15121B4DE50A2404F8E4350B2B
:103B7000F9EE2416FAE43FFBEE2415FCE43FFDEEDB
:103B80002414F514E43FF51588828983E0702E85AE
:103B90000A82850B8312C05E8514828515837004AA
:103BA000E4F080087401F0901918E0148510828503
:103BB000118312C514740212C846E4803390191898
:103BC000E00485108285118312C88EC39403851486
:103BD00082851583400302BCA3740212C88E64015F
:103BE000700302BCAF8C828D83740112C8467401CD
:103BF000F0EE241AFE50010F050CE50CC3950940A8
:103C00000302BD14E508C3950D400302BCB7AA0822
:103C10007B0012241D8A0A8B0B050890190512BE21
:103C200021121CEB850A82850B8312C534EE241207
:103C3000F582E43FF583E8F0A3E912BE13EE241801
:103C4000F510E43FF511851082F58374FF12C93336
:103C5000A3A3A3A3A3A3A3A3A3E0C0E012BDEFD09B
:103C6000E0F07401121510E412C879F8A3E0F974B9
:103C70000212151012BE0DEE240AF514E43FF515DC
:103C8000740112124412239FE96401600302BB5BBA
:103C90007404121510AC82AD83AA14AB15121CEB80
:103CA00002BB68740112C88E6403600302BBE58C1A
:103CB000828D83E402BBEBE50DC3950E40057508CC
:103CC000008058E50EC3950DF508804F850A828562
:103CD0000B83E412C514F0901918E0148A828B83C8
:103CE00012BE13741D121510E0C0E012BDEFD0E03B
:103CF000F0EE2414FAE43FFB8882898312C05E8AC6
:103D0000828B837003E480027401F0EE241AFE506B
:103D1000010F050CE50CC39509507E740E12124C70
:103D2000AA087B0079871224D70508741812151089
:103D300012BE21121CEB7410121510AC82AD83EE72
:103D400012C89A3FFB121CEBEE2412F8E43FF97400
:103D50000E12151012BDFF8882898312BE05EE2453
:103D600018FAE43FFBEE2416FCE43FFDEE2415F5C3
:103D70000AE43FF50B901BDEE0600764016003027C
:103D8000BCCC850A82850B83740212C5140412C848
:103D90004674FF02BCE0750900750A00780A12112A
:103DA000E078121211DC78091211E0E50EF50978BD
:103DB000091211E07405121510E0FD7C00E51612E1
:103DC000C7F13517FBE51612C5223517F583E0F963
:103DD00012214174051211B9E51245136007AA12A8
:103DE000AB13121BFB74251211B97F10020EE8EE03
:103DF0002419F582E43FF5832285218285228312EE
:103E0000C882FB22FBEAF0A3EBF022A3A3E8F0A315
:103E1000E9F022F0EE2417F582E43FF5837402F016
:103E20002212C5388E828F83E8F0A3E9F07C197DD9
:103E300019EE12C7F13FFB22EE12BF793F22F58344
:103E400012B22EF50EAC21AD227A007B0022EE24B8
:103E500002FAE43FFBEE240FF582E43FF583E0F93C
:103E60002274EF120BE074FE12126C8A0A8B0B752F
:103E70000E00750F0012BF74350BF58312B22AF5D0
:103E80000DAC21AD227A007B0079A3122747AA0D41
:103E900012C52EC3EA98E499501E8521828522839B
:103EA000E0C39AFEA3E09400FFC3EE9404EF9400F5
:103EB00040617E037F00805F7E00750C00EEF97527
:103EC000080078081211E0780E1211DCE9F5087884
:103ED000081211E0E50DF50878081211E0740512DA
:103EE0001510E0FDAC0CE50A12C7F1350BFBE50A35
:103EF00012C522350BF583E0F91221477405121122
:103F0000B9E50E450F6007AA0EAB0F121BFB74023A
:103F100002BA76EE4F60A3EEFAEFFBEA75F015A455
:103F2000FAA8F075F015EBA428FB121BF58A088B94
:103F3000098A0E8B0FEA450F6032750C0075100070
:103F4000C3E5109EE49F400302BEBDAC08AD09A8C6
:103F50000DE51028FAE43400FB79A2122747E508A2
:103F60002415F50850020509051080D4750CB579A3
:103F70000002BEBF12BF7822EA2413F582E4227445
:103F80000102B2DD790112BF8EFAE43FFB22EE247A
:103F900002FCE43FFDEE240F2274F4120BE074FAED
:103FA00012126C8A088B09EA12C8FE12C7F6FFEEDD
:103FB000FAEFFB12237BE96017122A0B8A0A8B0B9C
:103FC000AC0AAD0BEEFAEFFB121CE5E96401700AD6
:103FD0007401121510E4F0A380097401121510EE9B
:103FE000F0A3EF12C8E3FEA2E65008740312151006
:103FF0007401F0EEA2E7500874041215107401F079
:10400000740512151012C064F0F50A780A1211E056
:10401000740112123C880A890B780A1211DC750AA5
:1040200034750B80780A1211DC790112C0DA122083
:10403000F374051211B974011212441224C5EEA2D0
:10404000E7400D740112151012C05E70031230B9F2
:1040500074061211B902B28C85218285228312C5A1
:1040600038E84922E4F08521828522832274F61201
:104070000BE074FF12126C12BAB912B22AF508746E
:10408000FF650870037508FEA90812248FE98521D1
:1040900082852283F0122819E96005A9081221E31C
:1040A000EE240B12C2B2702C75080078081211E0D1
:1040B000740112123C8808890978081211DC75080D
:1040C0003675098078081211DC12BF841220F3744F
:1040D000051211B902BF7F021186E5082402FCE433
:1040E0003509FDE508240FFAE43509FB2212C0F476
:1040F000FCA3E022F583E0F8A3E0F988828983E05D
:104100002274F6120BE074E012126CEAFEEBFF90E0
:104110001907E0F87408686008740468600302C254
:10412000AAAC21AD221220E1122BCD74021215107F
:10413000AC82AD8312BDF9122AD7E9640170030283
:10414000C2AA7418121244122A1D7402121510AC5D
:1041500082AD837418121244121CE5E9602C122AF5
:10416000178A088B09A808A909852182852283E07E
:10417000687003A3E069601212C52E9018FB12BE8E
:104180000D7AFB7B18794B1222AF122A118A088B09
:1041900009A808A909EE241112C2B2687003A3E0AD
:1041A0006960507402121510AA82AB831224058A2A
:1041B000828B83E5824583601CA3A3A3A3E0F874EC
:1041C00001686005740268700C7402121510AA82EE
:1041D000AB8312241190199512C05E6016901BCB10
:1041E000E06401700E12BDF9901996E0F5838882A3
:1041F000123157790012BDF9122609901905E0FC19
:10420000A3E0FD12BDF9122B85740B12151012C01C
:104210006412C534740C12151012BE0D740B1212F8
:104220004412239FE9603F7C087D007900741812D6
:104230001244121B4D740E121510AC82AD8374180B
:10424000121244121CE5E9601D7402121510AC82B2
:10425000AD83740E121510AA82AB83122375740BF2
:104260001212441223B17402121510AC82AD837481
:104270000E121510AA82AB83122375740B1212440E
:104280001223A5E96024740C12151012C489E06889
:104290007003A3E069601312C52E740C121510127E
:1042A000BE0D740B1212441223B1742002B2DDEE63
:1042B000240EF582E43FF583E02274EA120BE074E9
:1042C000F712126C8A088B09751500750C00750DB4
:1042D000001220E78A0E8B0FEA450F700302C465B7
:1042E000751400801E850A82850B83A3A3A3A3A354
:1042F000A3A3A3E510F0A3E511F085120AF50B05C1
:10430000150514850E82850F83E0F8E514C39840E7
:104310000302C3A6E514F51075110074037810129A
:10432000138AE50E2510F582E50F3511F583A3AE4E
:1043300082AF83EEFAEFFB1224058A108B11A810CE
:10434000A911E84960BB88828983A3A3A3A3E0FAEB
:1043500074016A600574026A70A7E8241BF582E4A0
:1043600039F583E0640170997A0A7B00121BF58AA3
:10437000108B118A12EEFCEFFD121CEB851082856A
:104380001183A3A3A3A3A3A3A3A3E4F0A3F0E50C29
:10439000450D600302C2E585100A85110B850A0CE4
:1043A000850B0D02C2FFE515700302C45E7408128E
:1043B0001510740212C49312C48912BE0D75140034
:1043C000E515F50A750B007403780A12138AAA0A18
:1043D000AB0B121BF58A108B11EA4511607A802D08
:1043E000850C0A850D0BAC0CAD0DE514F50C750DA7
:1043F000007403780C12138AE510250CFAE51135C8
:104400000DFB121CEB051412C46F121BFBE50C45CF
:104410000D70CD750A00780A1211E0750A1F750B30
:1044200080780A1211DC78101211DCA915740512BB
:10443000124CE508240FFAE43509FB122117740524
:104440001211B9AA10AB11121BFB8012850C0A8540
:104450000D0B12C46F121BFBE50C450D70EEAA0E7E
:10446000AB0F121BFB74091211B97F0E020EE88507
:104470000A82850B83A3A3A3A3A3A3A3A3E0F50CA4
:10448000A3E0F50DAA0AAB0B2212C538852182855F
:10449000228322F0850882850983A3A32274F21265
:1044A0000BE01220E78A088B09EA45096063750A68
:1044B000008049E50AF50C750D007403780C1213A1
:1044C0008AE508250CF582E509350DF583A3AE8252
:1044D000AF83EEFAEFFB1224058A828B83E58245D7
:1044E000836017A3A3A3A3E0F874016860057402B6
:1044F000687007EEFAEFFB122411050A8508828521
:104500000983E0F8E50AC39840A9AA08AB09121B81
:10451000FB02C51DF08C828D83221211B97F060229
:104520000EE8240FF582E422240EF582E422852190
:104530008285228312C53822E0F8A3E0F922A3F095
:10454000A3E912C54622F0EE2402FE2274F6120BF5
:10455000E012C5E012CA8EF509AC08FDEEFAEFFBD9
:10456000121CEB850882850983A3A3A312CBA5A304
:10457000A3F0E5082409F50850020509F58212CBDD
:10458000BAA3A312BE0E850882850983A3A3E0F80F
:1045900012BABDE8F0E5082403F50850020509EE5B
:1045A000240BFAE43FFB7403687025AC08AD0912D4
:1045B0001CEB850882850983A3A3A3A3A3A3A3A3BC
:1045C000E0C0E0EE2414F582E43FF583D0E0800CF7
:1045D00085088285098312C906F0A3E9F002B2E0DA
:1045E000ECFEEDFF12BF783B2274F2120BE0750A6D
:1045F00000EA241312C83DEA2410F582E43BF58357
:10460000E0C3940C40128E828F83E0F8A3E0C812BE
:10461000C7FB38F583E0F50AA80AE828F8E433F97F
:10462000E8240DFAE439FB121BF58A088B09EA45E8
:1046300009700302C6C58E828F8312C8C7F88A82AA
:104640008B8312C6CC707EEEFCEFFDEA2403FAE405
:104650003509FB121CEBEE2408FE50010F12C911A4
:1046600012BE0EE508240BF8E43509F9E8FAE9FB77
:104670008A828B83E4F0E50A604BE508240DF8E4B8
:104680003509F98E828F83A312C92C12C8A4C0E009
:1046900012C8BBD0E0F0EE2404FE50010F850A0BD7
:1046A0008E828F83E0FCA3E0FBEC8882898312BEBC
:1046B00006E82402F8500109EE2402FE50010F150D
:1046C0000BE50B70DBAA08AB0902C51D12C8AFAE23
:1046D00082AF832274F6120BE012C850600302C747
:1046E000E9E812C7F139FBEC2403FEE43DFF8A82BE
:1046F0008B83E05407F5088E828F83E054F84508D9
:10470000F50912C808A2E3E433F508A2E0E4333364
:104710003333F50874F7550945088E828F8312C824
:1047200008A2E4E433FAA2E0E433C4FA8E828F8371
:10473000E054EF4AF0E82403FAE439FBEC24040ED9
:10474000E43DFF8A828B83E054F8F5088E828F83E4
:10475000E054074508F50812C8085407FA74F855DC
:10476000084A8E828F8312C81E8C828D83A3A3A3D6
:10477000A3A312C80DA312C88712C82412C801121D
:10478000C82412C88712C83512C80112C835A3122E
:10479000C801A3A3A3A3A3A3A3A3A3F0E8240AF897
:1047A0005001098882898312C7F6FBEEFAEC12C722
:1047B000FB3DF58312BE0588828983A3A3E0C0E098
:1047C000EC240DF582E43DF583D0E012C80DE0C085
:1047D000E0EC12C5283DF583D0E012C81EC0E0EC25
:1047E00012C5223DF583D0E0F002B2E0FCEFFDE51A
:1047F000082402FAE422E0FEA3E022240BF582E47E
:1048000022E08C828D83A32212C84AE02212C811B2
:104810002212C81522F088828983A3A3A32212C87A
:1048200011A3E02212C82822A3A3A3A3A3A312C802
:1048300015A3A3A322A3A312C828A3A322F8E43B91
:10484000F9E8FEE9FF2212C84A22F08A828B83220D
:1048500012BF783B12C0F48C828D83F088828983EA
:10486000A3A882A98312C7F6FBEE8C828D83A3F0E6
:10487000A3EBF08C828D83E022F0850A82850B8386
:10488000E022E0FAA3E022A3E08C828D832212C80A
:104890009222F088828983E022EA240AFAE4221232
:1048A000C8A9A32212C8A9E02212C8AFA3A322F06C
:1048B0008E828F83A3227F08020EE8E508240CF580
:1048C00082E43509F5832212C8CB22E0FEA3E0FF83
:1048D0008E828F83E02212C8DA22F08A828B83A331
:1048E000A3A32212C89FA3A3A3A3E022F583E0F50C
:1048F0000AA3E02212C8F82212C8AFA3E02212BF16
:10490000793509F58322E0FCA3E0F9EC8A828B83F8
:10491000228E828F8312C882F9EA850882850983F4
:10492000A322E0FA850A82850B83A322A3E08A8270
:104930008B8322F0850A82850B83A32274F0120BED
:10494000E0EAFEEBFF8C088D098E828F8312C88807
:1049500012C6CC12CAF612C53E50010F12CAF2A3FB
:10496000A3A3F0A3E912C8F4C4540F8C828D83A3CF
:10497000A3A3A3A312C8A4F50CEE2404FE50010FB8
:104980008C828D83A3A3A3A3A3A3E50CF0EC24073F
:10499000F8E43509F9880A890BE50C604C12CA77EE
:1049A000121BF58A0E8B0FA80EA90F850A82850BA4
:1049B0008312BE0DE849700302CA427A0080248E39
:1049C000828F83E0F50EA3E0FCE4CCFDE50E2CE441
:1049D0003DF50F12CA7EE50EF0A3E50F12C5465055
:1049E000010F0AEAC3950C40D68E828F83E0F50C46
:1049F000A3AE82AF83850882850983A3A3A3A3A363
:104A0000A3A3A3A3F0606B12CA77121BF58A0E8BC7
:104A10000FA80EA90F850882850983A3A3A3A3A3CA
:104A2000A3A3A312BE0BE849701C850A82850B83E1
:104A300012BACB600D121BFB850A82850B83E4F052
:104A4000A3F07901802E7A0080228E828F8312CA91
:104A500090FCE4CCFDE5082CE43DF50912CA7EE5A6
:104A600008F0A3E50912C54650010F0AEAC3950CE8
:104A700040D8790002C8B625E0FAE433FB22EA25E3
:104A8000E0FCE433FDE82CF582E93DF58322F58373
:104A9000E0F508A3E02274F6120BE08C088D0912F1
:104AA000CAC112CACFFF12CAF212C53F50010F127B
:104AB000C7EC3509FB121CEB12CAD6A3A3F002B255
:104AC000E012CAC522EA2413F582E43BF5832212E0
:104AD000C538E8FEE9228E828F83A3A3A3A3A3A3F4
:104AE000A3A3E0850882850983A3A3A3A3A3A3A30B
:104AF000A3228E828F8312CAFE8C828D832212C8DB
:104B000082F9EA2274F2120BE012CAC112C7F6FF50
:104B1000EA240CF582E43BF583E0641F7004A3E013
:104B2000648070098E828F83A3AE82AF838E828F62
:104B300083E0F50DA3AE82AF83F508750900740319
:104B4000780812138AE5082401FAE43509FB121BE0
:104B5000F58A0A8B0BEA450B603C8A828B83A3851E
:104B600082088583098A828B83E50DF0750C0080AD
:104B70001EEEFCEFFDAA08AB09121CEBEE2408FEAA
:104B800050010FE5082408F50850020509050CE559
:104B90000CC3950D40DBAA0AAB0B02C51D12C8DA87
:104BA000A3A3A3A32212CBAAA322A3A3A3A3A3E0FC
:104BB0008E828F83A3A3A3A3A32285098312CAFE97
:104BC0008E828F83A3A3A3A3A3A3A32274F7120BA4
:104BD000E0E9901763F09017427402F090173A746E
:104BE000FEF0A304F0122A0B12203F7A917B1B12D5
:104BF000314312201B121F3102D0A874F7120BE0B0
:104C000074F012126C89081221DDE508603A9019DF
:104C100021E07034901BBAE06401702C901871E0B0
:104C20006026AC21AD227A627B0012225B7900AA59
:104C300021AB22122867790012286D7C107D007943
:104C400000AA21AB22121B4D12E0CD602012CC72C3
:104C5000FEA3E0FF90176912E029121BFBEEF8EFAC
:104C6000F9901769E8F0A3E9F0E84970E0741002E0
:104C7000D0A5901769E0F8A3E0F5838882E022745C
:104C8000F2120BE0890AEAFEEBFF5480702DEEA2CF
:104C9000E0504179011220217C0F7B0F901767E0D3
:104CA000FA90176CE05407F9122045EE640102CD2A
:104CB00099121F25AA08AB09121B65901763E0F92A
:104CC000121B778A088B09EA450970E5EEFAEF6452
:104CD0008002CDC454026009121F0DEE640202CDA1
:104CE00099EE54206034901764E0701D901766E0D0
:104CF0006406700579071220217900121C91901B1F
:104D0000CBE0640170031220277A107B00901763B8
:104D1000E0F9121BA1EE6420807FEF5440600B127B
:104D20002003EEFAEF644002CDC4EF5420603B90C4
:104D30001766E0640C700D7902122021121FF190A9
:104D40001BB2800B790C122021121FF7901BAE12A0
:104D50000FB37A007B20901763E0F9121CB574043E
:104D60001211B9EEFAEF6420805AEE5410602E90C2
:104D70001766E0F9122051901864E06401701790F2
:104D80008310120FB37A007B08901952E0F9121CBD
:104D9000B574041211B9EE6410FAEF8027EE5408CE
:104DA0006006EE6408FA8037EF5401601A90190724
:104DB000E0F874086860057404687003121F19EE47
:104DC000FAEF6401FB8018EE5404600A7A0379FF5D
:104DD000122297121523EEFAEFFBA90A121EF50212
:104DE000E16C74F0120BE0EAFEEBFFEE544070034E
:104DF00002CE7712E0CD607A12E6A7A3A312E029D3
:104E00001221E912CC72F508A3E0F5099017691296
:104E1000E029121BFB90176912E02FE50845096095
:104E200051850882850983A3A3A3A3E0F50CA3E021
:104E3000F50D8014850882850983A3A3A3A3C3E08D
:104E4000950CF0A3E0950DF085088285098312E0AA
:104E50001DE508450970DDE4F50EF50F780C12111B
:104E6000D47A407B00901763E0F9121CB5740412E9
:104E700011B9EE6440801AEE54806019121F43127B
:104E80001F1379011230117A0179031230A1EE64F7
:104E900080FAEF802BEF5402600A121F49EEFAEFFE
:104EA0006402801CEF5408600A122FBDEEFAEF6412
:104EB00008800DEF5404600B122273EEFAEF6404C5
:104EC000FB80047A007B007F08020EE874F0120B6E
:104ED000E074B612126C8A0A8B0B89097508017E80
:104EE000007F00901766E08521828522837008E4A8
:104EF000F0F912228B80037401F0AA21AB227952BF
:104F00001222AF12202D90176EE09018F2F0901739
:104F10006BE06404600302CFE4E4F0122A41122A39
:104F20004712227F74016508600302D055121F07E3
:104F3000121B59EA547FF8E50A28F8E4350BF9E822
:104F40002464FEE439FF90184E1214D590175E12B7
:104F500014E17A0279FF122297908062740912128A
:104F60004C7441121102750C10750D037409121264
:104F70003C880E890F780E1211DC750E41750F00FA
:104F8000780E1211DC7C007D00E50C2410FAE50D92
:104F90003403FB121C7974041211B9E97011050C69
:104FA000E50C7002050DC39440E50D940340BD90DF
:104FB00018F874FEF0A304F09018FB14F0A304F0AA
:104FC000901905F0A3F07C087D0079007A197B190F
:104FD000121B4D7900122A5F7401650970347A0042
:104FE0007B008041121F01E9F508600302CF1B120C
:104FF0001F1FE9F508750C018E0D8E0E8E0F90188F
:10500000FAE0780C12114290175E780C12147F02AD
:10501000CF247C087D0079007401121244121B4DCC
:105020007401121244122279750CE4750D18780C73
:105030001211DC750C6E750D00780C1211DC7C0001
:105040007D007A217B00121C7974041211B97A0256
:105050007900122297A908121EE974FF650A7004EC
:1050600074FF650B60109017667401F0121F67EEF5
:10507000FAEFFB121FE590176EE0F9122AA1A908BA
:10508000744A1211B902CEC774F7120BE07E0012F7
:105090002291E9F8A2E150077E017900123011EE69
:1050A000F9800574051211B97F01020EE8C082C0B3
:1050B00083901BDEE0700E9017677402F090176CFF
:1050C000E054F8803690176CE054F8F8901BDEE05E
:1050D0006401700474018007E06402700774024880
:1050E00090176CF07A9C7B18122BEBE99017677085
:1050F00003E480077403F0901B9004F002DA0CC004
:1051000082C083901764E0704E901766E064087068
:1051100033121FD9790912202190050FE064057020
:105120000A790112309B121F43800CE0640770075C
:105130007A0179071230A1901BCBE0640170111243
:105140002027800C7A107B00901763E0F9121BA1D6
:105150007900121C918037122A95E97900241050A9
:105160000109C394FFE99400A2D265D033501A120A
:105170002A95E9F8741029F9122A9B7A017B00908C
:105180001763E0F9121BA18005790012309B02DA47
:105190000CC082C083901766E06405703A121F61EC
:1051A000790612202112D5AB60097B007A007900C4
:1051B0001224BF122009121F49121FFD90176EE022
:1051C000A2E35008901BCBE06401700E901B981274
:1051D00014F9122A2F800312200902DA0CC082C0AF
:1051E00083790F122A537A02790012229702DA0C7D
:1051F00074F7120BE0122A41E9FE7045122A4DE9BC
:105200006036122A1190173A12E6CD90173A12E042
:10521000D0700790176CE054F8F0901BDEE0640249
:1052200090176770097403F0901907E48002740105
:1052300012DAC6121CEB80027E099018DDE4F0A39E
:10524000F0EE700479008002790102D0A874F612A1
:105250000BE08A828B83E014602B14605E24E8608C
:105260000A2447600B24D6600C807F122159807D70
:10527000121F2B807890177D12E0D0607012E6A785
:105280001231578068901766E064027060901BDEF0
:10529000E064016005E064027053123071E9600659
:1052A00012305FE9604712292D8B09EA4509600435
:1052B0007901800279001230598032901BDEE0645F
:1052C000016005E06402702590050FE06407600549
:1052D000E064087010901764E0700A7A0190050F7E
:1052E000E0F91230A1121F3D8003121F378026758E
:1052F000086575091778081211DC75080175090031
:1053000078081211DC7C007D007A857B00121C7904
:1053100074041211B97F02020EE874F6120BE074E5
:10532000EB12126CEAFEEBFFEE240CF582E43F1266
:10533000E01B7808120E9C02002100220076D300A8
:1053400080018049D3000088D31220CF8A088B09BE
:10535000AE08AF09EE4F60308E828F83E0700EEEA4
:105360002403FCE43FFDA312E029122093EEFAEFA0
:10537000FB121BFB8012AC21AD221220C9AC21AD67
:1053800022EEFAEFFB12208D74158086C082C08356
:105390007A017B80901763E0F912214D7A007B80BF
:1053A000901763E0F912214D7A217B00901763E09A
:1053B000F912214D7A227B00901763E0F912214DFA
:1053C00002DA0CC082C0838A828B83E024FC600AEC
:1053D00024FE601824FE6021802F901BDEE0640113
:1053E0006005E0640270221221F5801D901BDEE052
:1053F000640170151221FB8010901BDEE0640160D7
:1054000005E06402700312220102DA0C74F6120B3A
:10541000E0901766E064036015E0640A600302D45C
:10542000A390176CE054076401600302D4BA90178C
:1054300064E070677A107B00901763E0F9121BA19B
:105440007901121F55E9700979051220217901802F
:105450004C901766E0640A700D12D5AB6024901969
:10546000077408F0801CE064037017121FFD90059C
:105470000FE06402700C79011230117A0179021286
:1054800030A1790612202112D5AB700302D5A87B7A
:10549000007A0079001224BF02D5A87900123047A3
:1054A00002D5A8E064046012E0640E600DE0640FB1
:1054B0006008E0640D600302D596901764E07066A2
:1054C000901768E4F07901121F55E9700F79051201
:1054D00020217A107B27121F5B02D5A879061220A3
:1054E000217A007B20901763E0F9121CC190176E9F
:1054F000E0A2E3501D901BCBE070179083D81214EC
:10550000F9122A2F7A007B00122A357A007B0012CA
:105510002A3B12D5AB60097B007A0079001224BFC8
:10552000121FFD02D5A8901767E06401703790172D
:1055300068E004F0C39404501F901905E0F4700370
:10554000A3E0F4601B9017677403F0901743740195
:10555000F0901B907404800C9018A4E06401700516
:10556000901767E4F0122B6D12248390176EE0A25F
:10557000E35008901BCBE06401702D901767E06446
:10558000037025901BACE0F508A3E0AA08FBE4FC3F
:10559000FD122A2F8012E0600F121FFD7A107B008F
:1055A000901763E0F9121BA102D31590176CE05419
:1055B0000764022274F1120BE074F412126C7E0084
:1055C0007508197509198E0A80010E903897E493B1
:1055D000F8EEC398400302D690A821A922880C892E
:1055E0000D780C1211DC750C0C750D00780C121175
:1055F000DC7C007D00EE2475FAE43400FB121C7F95
:1056000074041211B97404121510A982AA83890CAA
:105610008A0D750E00780C1211D87C087D00A9083F
:10562000AA09AB0A121B4774031211B9E970617C15
:105630000879007404121510AA82AB83121BD7E9F3
:105640006088EEFF78081211D87C087D007407127C
:105650001510AA82AB83121B4174031211B9852164
:1056600082852283E4F0A3F0A3F0A312DBE71211FA
:10567000DC75080C75090078081211DC7C007D00CF
:10568000EF2475FAE43400FB121C7974041211B98A
:1056900002D7D774F1120BE074DF12126C740C1283
:1056A0001244122861740C12123C88088909780887
:1056B0001211DC75081575090078081211DC7C00E0
:1056C0007D007A827B00121C7974041211B975086E
:1056D0000080020508AE087F00903897E493F8EE4A
:1056E000C398400302D772EE2475FE50010FA82123
:1056F000A922880A890B780A1211DC750A0C750B2D
:1057000000780A1211DC7C007D00EEFAEFFB121C1F
:105710007F74041211B97404121510A982AA838926
:105720000C8A0D750E00780C1211D87C087D00795A
:10573000197A197B00121B4774031211B9E960939F
:10574000741D1215101214D585218285228312141E
:10575000E1A821A9228808890978081211DC7508B6
:105760000C75090078081211DC7C007D00EEFAEF60
:1057700080457C087D0079FF7404121510AA82AB65
:1057800083121B4D741D1215101214D585218285AC
:1057900022831214E1A821A9228808890978081215
:1057A00011DC75080C8F0978081211DC7C007D0073
:1057B000EE2474FAE43400FB121C7974041211B95B
:1057C0009018DDE4F0A3F07C15FDF9740C1212447E
:1057D000121B4D74218002740C1211B97F07020E46
:1057E000E874F1120BE074F412126C750800805426
:1057F000A821A922880A890B780A1211DC750A0CE3
:10580000750B00780A1211DC7C007D00EEFAEFFBCC
:10581000121C7F74041211B97404121510A982AA03
:1058200083890C8A0D750E00780C1211D87C087DC6
:105830000079197A197B00121B4774031211B9E918
:1058400070250508E5082475FEE43400FF903897BC
:10585000E493F8E508984098852182852283121404
:10586000D5E8494A4B605A901762E070547401F0D1
:105870009083F4780812149D85218285228378080C
:105880001213C38521828522831214D59018D51254
:1058900014E1A821A9228808890978081211DC7569
:1058A000080C75090078081211DC7C007D00EEFA06
:1058B000EFFB121C7974041211B99018DDE4F0A307
:1058C000F002D7D774F5120BE074DB12126C7E0075
:1058D000121F4F741012123C88088909780812119F
:1058E000DC7508158E0978081211DC7C007D007AC1
:1058F000827B00121C7F74041211B9E970467C107F
:105900007D007900AA21AB22121B4DA821A9228873
:105910000889098E0A78081211D87C107D00741449
:10592000121510A982AA837B00121B47740312115F
:10593000B9E970107E017C157D0079007410121297
:1059400044121B4DEEF974251211B97F03020EE8C3
:1059500074F4120BE08A088B097A047B00901763B9
:10596000E0F9121CC7EA4B4C4D701BE4F50AF50B2D
:1059700078081211D47A047B00901763E0F9121CA6
:10598000B574041211B902DBE2C082C0837A047BD1
:1059900000901763E0F9121CC17A047B0090176332
:1059A000E0F9121BA702DA0C74F6120BE0901765EF
:1059B000E4F075086575091778081211DC7C017D23
:1059C000007A857B00121C6D74021211B9E97020F7
:1059D00078081211DC75080175090078081211DCCD
:1059E0007C007D007A857B00121C7F74041211B943
:1059F00002D31574F6120BE0E9FE9017657401F0FE
:105A00006E70037403F002D2EF1211B9D083D0820A
:105A100002118674F6120BE0E9FE121F6D7A887B84
:105A2000131226D57A007B01901952E0F9121CC19D
:105A30007A007B01901952E0F9121BA7901BDEE05F
:105A40006402704474016E7028901BA41214D590E7
:105A50001B981214E1901BAA12E015901888E8F028
:105A6000A3E9F0901BA812E01590188AE8F0A3E9CA
:105A7000F09083D81214F9122A2F7A007B00122A90
:105A80003B7A007B00122A3574016E702F901766E6
:105A90007402F090176704F0901743740112DAC68D
:105AA000121CEB9019077402F0122483121B59EA9E
:105AB000547F2464FA7B00121FE580077A887B13E9
:105AC000121F5B02D315F07C197D197A447B1722D3
:105AD00074F1120BE074E612126C8A088B09ECFE6A
:105AE000EDFF890AEEFAEFFB1221A1EEFAEFFB12AD
:105AF000216B9005C612E0D060337411121510743A
:105B000003F08E0C8F0D750E00780C1211D87C08E6
:105B10007D00740C121244121B4174031211B974EB
:105B2000091212449005C612E6A4123157740112EC
:105B30001510E4F0A3F0740312151012E02F740591
:105B4000121510EEF0A3EFF074071215107402F0A6
:105B50007429121510E0705C122819E9705674123D
:105B600012124C7A007B0079AB122747E4F50CF552
:105B70000D780C1211DC740212124CEEFAEFFB12CB
:105B800027F574021211B9901BDBE06401701785D0
:105B90002182852283E0700E7408121510E4F0044F
:105BA0001212441227FB74081215107401F012121D
:105BB000441227FBA90AEEFAEFFB122AAD7900AADC
:105BC00008AB09122609901905E0FCA3E0FDAA081C
:105BD000AB09122B85121FD9741A02D7D97404127B
:105BE00011B97F04020EE8F0A821A92288088909CA
:105BF00078082274EE120BE0890F8A108B118C0A40
:105C00008D0BAE11EEFA7B00121B5F8A088B09EA3E
:105C100045096035EE6020E50A450B601A850A0CDF
:105C2000850B0D750E00780C1211D8EEFC7D00125C
:105C30001B4174031211B9850882850983E510F0B0
:105C4000AA08AB09A90F121B6B7F0A020EE8C082DB
:105C5000C08374FD12126CE9852182852283F09045
:105C6000175012E27F6009AA21AB22123157801728
:105C70007402121510E4F00412124C7B027A0190A7
:105C80001763E0F9121F7F7900740302DA09E0FE5E
:105C9000A3E0FF2274F7120BE074EF12126CE9908C
:105CA0001764F0600302DD8B7901123011901BDE66
:105CB000E0700B901766E070127908122021901B9B
:105CC000DEE060076401600302DD8B9082527401A4
:105CD00012124C7410121102122819E9700302DD1D
:105CE0008B7A197B19122BEBE9700B7CA77D0E7A4E
:105CF000197B19121CEB7A007B0079F01222AF7A23
:105D0000F87B1879531222AF9018F2E0A2E3500406
:105D1000D2F08002C2F0A2F0E43385218285228392
:105D2000F0AA21AB2279521222AF9019077408F021
:105D3000122A59121F4F9018D51214D5E8494A4B10
:105D4000700D9018D57401F0A3E4F0A3F0A3F07ADD
:105D5000007B03901763E0F9121BA1740112124437
:105D600012220D7900740112124412286790192131
:105D7000E07005790012286D7C107D0079007401B7
:105D8000121244121B4D790112309B7A027B009053
:105D90001763E0F9121BA1741102D0A574EE120B67
:105DA000E0EAFEEBFF90175212E27F6006123157D5
:105DB00002E00190195312E01D901953E0F50AA377
:105DC000E0F50BEE2404F50EE43FF50FEE2402F5AA
:105DD0000CE43FF50D803E85088285098312E015AD
:105DE000850C82850D83E0687003A3E069701485DB
:105DF0000882850983A3A3E0F8850E82850F83E0DE
:105E000068607385080A85090BE5082414F582E4A7
:105E1000350912E01BE508450970BC7A167B0012B3
:105E20001BF58A088B09EA4509700302E0017C161C
:105E30007D007900121B4D850882850983A3A3A3E9
:105E4000A3A3A3A374FEF0A304F0850882850983AD
:105E5000A3A3A3A3A3A3A3A3A3A3F090195312E006
:105E6000D07005901953800BE50A2414F582E435AF
:105E70000BF58312E02F8E828F83A3A3A3A3A3A38A
:105E8000A3A3A312E004A3F0EE2408F8E43FF988EA
:105E900082898312E004F0850E82850F8312E00B65
:105EA000F0850C82850D8312E0298508828509839F
:105EB00012E6CD12E4CBE0C0E0E5082413F582E45D
:105EC0003509F583D0E0F0E508240BFAE43509FB49
:105ED00088828983E06401600CEE240DFCE43FFDC0
:105EE000121CEB80097C087D0079FF121B4DEE240B
:105EF0000A12E30E8882F583E0F8901ADCE0C3987A
:105F0000400302E0018E828F83A3A3A3A3A3E064D6
:105F1000016009123071E9700302E001C2F0850AE4
:105F200082850B83E0F50CE5082409F8E43509F9CE
:105F300088828983E0F50DE508240AFAE43509FB37
:105F4000EE240BFCE43FFDE50DC3950C500C8C8258
:105F50008D83E0C3941440198019E50D650C70130E
:105F60008A828B83E0F50C8C828D83E0C3950C5084
:105F700002D2F0EE2406F50CE43FF50D850C82F517
:105F800083E070198E828F83E0F50EA3E0F50F9009
:105F900018FBE0650E7004A3E0650F7034A2F050AA
:105FA000308E828F83E0F50EA3E0F50F85088285A1
:105FB0000983A3A3A3A3A3A3A3E50EF0A3E50F1254
:105FC000E42788828983F08C828D83E08A828B83A8
:105FD000F08E828F83A3A3A3A3A3A3A3E0600D8568
:105FE0000882850983A3A3A3A37401F0850C82858D
:105FF0000D83E0600C850882850983A3A3A3740147
:10600000F002DC4912E00BA3A3A322E085088285FD
:106010000983A3A322E0F8A3E0F922F583E0F508C1
:10602000A3E0F509228E828F83E0FAA3E0FB22E54C
:1060300008F0A3E509F02274F7120BE0E990176469
:10604000F0700B901766E0700579061220217A2017
:106050007B00901763E0F9121BA102D0A874F7121D
:106060000BE074FB12126CE9FE901764F070149050
:106070001766E070057903122021901B981214F91D
:10608000122A2F90175412E0D0602FEE85218285BE
:106090002283F09018F812E029740112151012E60C
:1060A000CD9018FB12E029740312151012E6CDAA48
:1060B00021AB22888289831231577C007D007B02CC
:1060C0007A02901763E0F9121F7F02D0A39017693C
:1060D000E0F8A3E0F9E84922C082C08374FF1212FD
:1060E0006CE9852182852283F090175A12E27F6045
:1060F00007AA21AB22123157740102DA0974F21295
:106100000BE08A0A8B0B90050112DC8E1220097AB3
:10611000107B00901763E0F9121BA18048EE240267
:10612000F8E43FF9880889098882F58312CC756004
:106130002D7A047B00121B5FEA4B60228A828B83DC
:1061400074D6F0A3A3E50AF0A3E50BF085088285D9
:10615000098312E6A4A3A312CC75F9121B6B8E82DD
:106160008F8312DC8EEE4F70B4121FFD7F06020E7D
:10617000E874F0120BE08A088B097A047B00901710
:1061800063E0F9121CC7EA4B4C4D6005790102E24D
:106190004C1220097410121510E0F8600D7401689B
:1061A0006008740268600302E24A7A067B00121BF0
:1061B000F58A0A8B0BAE0AAF0BEE4F700579100211
:1061C000E24C12E0CD9017697006EEF0A3EF801F4D
:1061D000E0FAA3E08003E8FAE9FB8A828B8312E00D
:1061E000D070F3EEF8EFF98A828B83E8F0A3E9F040
:1061F0007A407B00901763E0F9121CC78A0C8B0D64
:106200008E828F83E4F0A3F08E828F83A3A312E0AB
:106210002F7458C3950CF87402950DF98E828F83F4
:10622000A3A3A3A3E8F0A3E9F07458687003740271
:106230006970179083F8120FB37A407B0090176350
:10624000E0F9121CB574041211B9790002CEC774BA
:10625000F7120BE074FB12126C12E6C774021215EF
:1062600010ECF0A3EDF07404121510E9F090174E45
:1062700012E27F6007AA21AB2212315702D0A3E0BD
:10628000F8A3E0F988828983E58245832274F412B9
:106290000BE0EAFEEBFF122A0B8A088B09AC08AD73
:1062A0000912E30BEE2402F508E43FF509AA08FB06
:1062B000121CE5E96401702390175612E27F600E0C
:1062C000EEFAEFFB1231578B09EA4509703A850A5D
:1062D00082850B83E0F9121F73802D850A82850B5E
:1062E00083E0F50A780A1211E08E828F83A3A3A3BC
:1062F000A3A3A3A3A3A3A3E0F9AC08AD0912E025CF
:10630000121F7974011211B902DBE2EE240BF8E4DA
:106310003FF9880A890B2274F2120BE074F812120A
:106320006CEAFEEBFF12E30BEE240C08E43FF98865
:106330000889098E828F83A3A3A3A3A3A3A3A3A3E6
:10634000A3E0640170717402121510E4F088828970
:1063500083E0701A7401121510E412E4278521827B
:10636000852283F01230B9AA21AB221224CB8508F2
:1063700082850983E0640170277403121510E4F02C
:10638000A3F07405121510E4F074061215107401D0
:10639000F07407121510E4F074031212441224C5AD
:1063A000850882850983E0F9121F73740212124472
:1063B00079521222AF8059122A178A0C8B0D850A46
:1063C00082850B83E0F912E025E50C6A7003E50D88
:1063D0006B7020740169600E12D5AB70168508824F
:1063E0008509837401F0850882850983E0F9121F0D
:1063F00073801D850882850983E0F50878081211ED
:10640000E0EE2402FCE43FFD121F7974011211B981
:1064100090175812E27F6007EEFAEFFB12315774C3
:10642000081211B902E16CF0850A82850B83E02223
:10643000021186C082C08312258502DA0CC082C098
:1064400083122A1102DA0CC082C0837A007B019089
:106450001763E0F9121CC7EA4B4C4D700312200978
:1064600002DA0C74F6120BE0EAFEEBFF12E4CB1238
:10647000E01554807052EE240BF582E43FF583E082
:1064800070467413687001E9603EE8F508E94480DD
:10649000F50978081211DCE4F508F50978081211FD
:1064A000DCEE240EF582E43FF583E0FD7C84EE24EF
:1064B00002FAE43FFBEE240FF582E43FF583E0F9B6
:1064C00012213B74041211B902D315EE240CF5828B
:1064D000E43FF5832274F4120BE0EA4B60218A0852
:1064E0008B09E4F50AF50B78081211D47A017B00C8
:1064F000901763E0F9121CB574041211B9800C7A7C
:10650000017B00901763E0F9121BA102DBE274F734
:10651000120BE0E9FE90176EE0A2E1501A901BB852
:10652000E06E601390176CE054F84402F090176E20
:10653000740CF0F9122AA102D0A8C082C08390176F
:1065400066E064016005E064027011901B8F7401C5
:10655000F07A007B00121FE579018002790002DAEF
:106560000CC082C083901766E06401600AE0640298
:106570006005E0640C7009901B8FE4F079018002E3
:10658000790002DA0C74F6120BE07A007B00122616
:10659000D5122A0B8A088B09AE08122A1175080039
:1065A00078081211E090176EE0F9EEFCAD091221A7
:1065B0001174011211B97A007B001226D502D3158D
:1065C00074F4120BE074F612126CAA21AB2212249E
:1065D0005F8A088B09EA45096054852182852283F8
:1065E000E060447409121510740FF0740112151054
:1065F00074FCF0A374FFF0750A00780A1211E075BC
:106600000A1F750B00780A1211DC78081211DC746D
:1066100005121510E0F9740612124C7ABD7B1712A0
:10662000211774051211B9AA08AB09121BFB740AD1
:1066300002DBDFC082C0839018F2E0A2E1400E7A54
:10664000007B01901763E0F9121BA180179083FC77
:10665000120FB37A007B01901763E0F9121CB57436
:10666000041211B902DA0CEA24010A50010B0211DA
:106670008674F7120BE074FB12126C12E6C77402F8
:10668000121510E9F07403121510ECF0A3EDF09060
:10669000174C12E0D0600AAA21AB2212E6A71231F1
:1066A0005702D0A3E0F8A3E0F583888222C082C01D
:1066B000837A00EA25E012E6D3E4F0A3F00AEAC305
:1066C000940940EF02DA0C852182852283EAF0A347
:1066D000EBF022F8E433F9744C28F582741739F59D
:1066E000832274F7120BE0E9FE901766E06E600EED
:1066F000EEF07A107B00901763E0F9121BA102D034
:10670000A874F4120BE0121B59EA5410F508EB546C
:1067100027F509E4F50AF50B9083CC780812136489
:1067200078081211D47A007B40901763E0F9121CAC
:10673000B502DBDD74F7120BE0E9FE900504F01200
:106740002F6F7A027B80EEF912214D7A017B80EE69
:10675000F912214D7A047B80EEF912214D02EE717F
:1067600074F6120BE0EAFEEBFF7A077B00121BF5D2
:10677000EA4B60238E828F83E08A828B83F0A3A30F
:1067800074F6F0A3741612E79AEEF0A3EF12E79AEC
:10679000A3A3E4F012314302FA00F08A828B83A3B0
:1067A000A3A3A32274F4120BE074F812126CEAFE95
:1067B000EBFF8908A821A922880A890B780A1211FF
:1067C000DC7C007D007A037B00A908121D8D740219
:1067D0001211B9E96056740612151012F5F7E06E41
:1067E0007003A3E06F6045EE4F88828983601EEEE0
:1067F000F0A3EFF0908400120FB37A007B20900595
:1068000004E0F9121CB574041211B9800FE4F0A36E
:10681000F0FA7B20900504E0F9121CC190051F12CC
:10682000F9376008A90812F5DE123157740802F032
:10683000F974F4120BE074EC12126C89085308CE50
:10684000901AC8E070127A047B00900504E0F912F7
:106850001CC7EA4B4C4D6024901ACBE06010E50851
:10686000A2E1500A7A0179041230A1630802743F50
:106870005508F8901AC8E048F002EA31743F55080C
:10688000FE901AC8E04EF0900513E0600302EA0D96
:106890007401F0121F01E96401701A7A567B00122C
:1068A0001C738A0A8B0BAC0AAD0BEC4D60077A5651
:1068B0007B00121C85122249750ACB750B1A780AC7
:1068C0001211DC750A01750B00780A1211DC7C00CC
:1068D0007D007A557B00121C7F74041211B9901A46
:1068E000CBE06401600302EA0D901BDEE06401600E
:1068F00008E06402600302E9E17C0879009018A5D1
:1069000012FB60121BD7E9600302E9E1122819E9C2
:10691000600302E9E1A821A922880A890B780A12FA
:1069200011DC750A01750B00780A1211DC7C107DF0
:10693000007A117B01121C7F74041211B990181295
:10694000E0700302E9E1852182852283E064FD7025
:106950000302E9E1E06402700302E9E17C137D00D7
:1069600079007401121244121B4D74111215107427
:10697000FFF0740112123C880A890B780A1211DCAC
:10698000750A13750B00780A1211DC7C007D007A01
:10699000117B01121C7974041211B9901832E4F0C1
:1069A000A3F0A3F0A3F0A3F0A3F0A3F0A3F0901A38
:1069B000CBF0750ACB750B1A780A1211DC750A0137
:1069C000750B00780A1211DC7C007D007A557B0083
:1069D000121C7974041211B97A0379FF122297807C
:1069E0004090050F7407F074104EF8901AC8E048F4
:1069F000F079007A007B00121EFBE97005123077F7
:106A0000802F79001230117A007907800F901AC810
:106A1000E0700E90050F7407F07A00F91230A18033
:106A20001090050FE4F07A04FB900504E0F9121BC6
:106A3000A1741402F0F974F6120BE074FD12126CDA
:106A40007401121510E912F1B812F6291211DC7C4A
:106A5000037B007A0A900504E0F9122FF374021206
:106A600011B9740302F9FDC082C083E9901ACC8089
:106A700057C082C08379001230117A0379FF122245
:106A8000978046C082C08374FB12126C901ACBE0D0
:106A90006021901AC8E0A2E540197C057D007900CC
:106AA000AA21AB22121B4D1230B9AA21AB2212240B
:106AB000C5800A1230B97AF47B01121F5B7405128B
:106AC00011B98005EAF0A3EBF0D083D082021186E1
:106AD00002118674F6120BE074FC12126CE9FEEAE5
:106AE000FF90050FE06E6013E06408600302EE3C67
:106AF000900512E06406600302EE3CEE147003029F
:106B0000EBBE14700302ED8C14601B14700302ECD6
:106B10004514700302EC7A14700302ECDF14700366
:106B200002EDC702EE05901BDEE064016008E06440
:106B300002600302EE059083F0120FB37A047B002B
:106B4000900504E0F9121CB574041211B9EF60222B
:106B500090050F7401F0800612FB5D123041900524
:106B60001412F93770F29084001214F9122A2F02CD
:106B7000EE3C852182852283E4F09084001214F992
:106B8000122A2F901AC77402F01215107401F09097
:106B9000050FE4F0901AC8E0C2E112EF2B1222AF09
:106BA0001230B91224D1790012202190051412F963
:106BB00037700302EE0512FB5D12304180ED901B31
:106BC000DEE064016008E06402600302EE05EF604D
:106BD0003B7A03790012229790050F740412F94151
:106BE000120FB37A047B00900504E0F9121CB5740F
:106BF000041211B99084001214F9122A2F7A007B22
:106C000010900504E0F9121CC102EE3C740212154A
:106C1000107401F0901AC77407F07A007B10900589
:106C200004E0F9121CC1901AC8E4F09083EC120F32
:106C3000B37A027B00900504E0F9121CB5740412CB
:106C400011B902EE0574021215107401F0EF600A1A
:106C5000901AC7E4F0790712202112F93D120FB300
:106C60007A047B00900504E0F9121CB5740412113B
:106C7000B9901AC8E0C2E102EE0474021215107451
:106C800002F0EF901AC7600CE4F07A03F912229731
:106C9000790780287408F0901BDEE06004640170BE
:106CA0001E901ACBE07018852182852283E412EFB2
:106CB0002B1222AF1230B91224D1790012202112E6
:106CC000F93D120FB37A047B00900504E0F9121C21
:106CD000B574041211B9901AC8E0C2E202EE04744D
:106CE000021215107403F0901AC7E0700690051890
:106CF0007401F0900503E0600302EE3C9005091278
:106D0000FB60122F7B8B09EA4509600302EE3C7A97
:106D1000007B40900504E0F9121CC7EA4B4C4D6023
:106D20000302EE3C90050BE4F0A3F090050DF0A3F8
:106D3000F07A097B05122FFF7A007B40900504E072
:106D4000F9121CC1900518E0600A901AC7E0640BA4
:106D50007002E4F0900518E4F090050FE06406700E
:106D60001912F940120FB37A047B00900504E0F980
:106D7000121CB574041211B9800A900512E0640661
:106D80007002E4F0901AC8E0C2E38078790012291A
:106D90005174021215107404F0EF600C901AC7E4DD
:106DA000F0A3F0790712202112F93D120FB37A04F3
:106DB0007B00900504E0F9121CB574041211B9901F
:106DC0001AC8E0C2E0803D7402121510E4F0EF60D2
:106DD00027121F4F901AC7740DF090050FE4F09022
:106DE00083E4120FB37A047B00900504E0F9121CCF
:106DF000B574041211B98006901AC77402F0901A83
:106E0000C8E0C2E4F090051912F937602F901AC754
:106E1000E0C0E07401121510D0E0F0740112123CD1
:106E20008808890978081211DC7C037B007A0A90B3
:106E30000504E0F9122FF374021211B9740402F977
:106E4000FD74F7120BE0E960047A01801F901AD0FC
:106E5000E06017901ABD1214D5E8494A4B600B90B8
:106E60001AD0E4F0F912302F80077A007905123039
:106E7000A17F01020EE8C082C083901ACBE0F90224
:106E8000EAC9790002118674F6120BE074FF12123F
:106E90006C7E009018E4E004F07508E47509187839
:106EA000081211DC7508018E0978081211DC7C00CB
:106EB0007D007A217B00121C7974041211B97900CB
:106EC000121F55E96401700479048002790E1220C2
:106ED000219018F8E064FE7003A3E0F470027E01D4
:106EE000901905E0F47003A3E0F470047E0180368D
:106EF000EEA2E04031852182852283740112EF2BBE
:106F00001222AF7901121F55E964019018FA700B33
:106F1000E0F97A447B171224A78009E0F97A447BD0
:106F2000171224ADE9FEEEF902F9FBF0AA21AB221B
:106F300079522274F6120BE074FF12126CE9FE858E
:106F40002182852283E4F0EE6022A821A92288080C
:106F5000890978081211DC7C017B007A0390050412
:106F6000E0F9122FF374021211B98030901AD0E0B8
:106F70006023901ABD1214D5E8494A4B6017901A45
:106F8000D0E4F0901ABD1214F91230357A327B0039
:106F9000121FE580077A0079031230A102F9FB7411
:106FA000F4120BE0750800750A0075090012292D0E
:106FB00090051412FDFF1229339005148005050871
:106FC00012F0EF12FB57EE4F70F490051412F937E0
:106FD000700302F0ED90051D12F937600EA908123A
:106FE000FB5D90051E12F5DE12315790051412FB61
:106FF00057EE4F700302F0E1750B008022E064024F
:1070000070087401687003750901E50A7009EEFAE9
:10701000EFFB1230411508050B12F0EF12FB57E59C
:107020000BC39508400302F0E17A447B17122BEB67
:10703000E964017013EE240BFCE43FFD7A447B17F6
:10704000121CE5E9702180C6901BDCE0F47003A3FC
:10705000E0F460138E828F8312F929901BDCE068C4
:107060007003A3E06970A79018FB12F9298E828F34
:1070700083A3A3A3A3A3A3A3E0687003A3E0697001
:107080000A74FE68700374FF697018E5098E828FB8
:1070900083A3A3A37006E0700A02F00EA3E07003BE
:1070A00002F00E8E828F83A3A3A3A3A3E0F890180F
:1070B000F5E068600302F0178E828F83A3A3A3A379
:1070C000A3A3E0F8901BB8E068700302F017E06437
:1070D00001600302EFFD740268600302F00A02F02F
:1070E00007050AE50AC39402500302EFEB800DEE98
:1070F00012F21A3FF5832274041211B97F04020EB2
:10710000E874F6120BE074FF12126C90051412F979
:1071100037900511601712F15512303BE960338545
:10712000218285228312F1551230418005E412F646
:1071300010F0A821A9228808890978081211DC7C9E
:10714000017B017A03900504E0F9122FF374021217
:1071500011B902F9FB7401F0900514E0FAA3E0FB09
:107160002274F6120BE074FF12126CE9FE901AC73B
:10717000740312F1B8F0EE60047B00801A900517DA
:10718000E0C394035004E004800A12FB5D12304116
:10719000900517E4F07B01A821A9228808890978C5
:1071A000081211DC7C017A03900504E0F9122FF338
:1071B00074021211B902F9FBF085218285228374D1
:1071C0000122C082C0839005148007E8FCE9FD120B
:1071D000F22012F937603EEA687002EB6970EC1237
:1071E000FB5DE86A7002E96B7010E0CA12F21A3AAD
:1071F000F58312FB60900514800D12F22012FB60E3
:10720000EC12F21A3DF58312FDFFE8FAE9FB121BBE
:10721000FB79008002790202EAC92414F582E42293
:10722000E812F21A39F5832274F6120BE0EAFEEB4B
:10723000FF79031220218E828F83A3A3A3A3A3A38C
:10724000E0F9121FEB8E828F83A3A3A3A3A3A3A3B2
:10725000A3A3A3E0F50878081211E08E828F83A320
:10726000A3A3A3A3A3A3120FB790176EE0F508780A
:10727000081211E08E828F83A3A3E0F98E828F83A0
:10728000E0FCA3E0FDEE240BFAE43FFB1224B9740A
:10729000041211B9E9FE705990176EE0A2E3502E66
:1072A000901BDEE0600F6401600BE06402704290AE
:1072B0001BCBE0703C9083D81214F9122A2F7A006D
:1072C0007B00122A357A007B00122A3B802390171C
:1072D00067E0701D901BA41214D5901B981214E146
:1072E000901BACE0F508A3E0AA08FBE4FCFD122A21
:1072F0002FEEF902FA0074F4120BE08A088B098C65
:107300000A8D0B90184E780812147F90175E78083B
:1073100012147F75084E75091878081211DC75086B
:107320000475090078081211DC7C007D007A847BEA
:1073300000121C7902F0F774F4120BE0E9FE901AC7
:10734000D0E0601C901AC1780812149DE508450928
:10735000450A450B600AAA08AB09AC0AAD0B800BC5
:10736000901AD0E4F0901ABD1214F912303590182A
:107370004E1214D5E8494A4B6012EE600479008041
:107380000279017A647B00121EFB800EEE7A0060A7
:10739000047903800279051230A102F0FC74F41222
:1073A0000BE074FF12126CE9FF7E00EA900510F00A
:1073B000EF60137A007B10900504E0F9121CC19075
:1073C0001ACDE4F080027E01A821A922880A890B47
:1073D000780A1211DC7C01EEFB7A01900504E0F9D9
:1073E000122FF374021211B9740102F0F974F6123B
:1073F0000BE074F512126C901AC8E0A2E1504390B1
:10740000050F7404F0901AC9E0A2E05032901ACB34
:10741000E060097A0179041230A18023901BDEE03C
:1074200064016005E06402701612F618121B4D909C
:10743000050F7403F0790112302F79011230C50263
:10744000F5D6A2E2503790050F7405F0901AC9E006
:10745000A2E1501F901ACBE0701912F618121B4DC2
:1074600090050F7405F0790012302F79021230C5A3
:1074700002F5D67A0079051230A102F5D6A2E340D2
:107480000302F5D690050F7406F0901ACBE0700356
:1074900002F58F122FE18A088B09AE08AF09EE4F73
:1074A000700302F58F12F5E4F8A312F5DEA3E0A253
:1074B000E1400302F56A740312123C8808890978D6
:1074C000081211DC7C007D007A037B008E828F83A2
:1074D000E0F9121D8D74021211B9E9700302F56012
:1074E000740912151012F5F7C3E094B5A3E09400E7
:1074F00050408882898374B4F0A3E4F09084001231
:107500000FB37A007B20900504E0F9121CB57404D7
:107510001211B990051F12F9376017901AD1E0F4D3
:10752000700479FF80068E828F83E0F912F5DB12FA
:10753000315712F5FF40047909802C74011215109F
:1075400012F60E740912F6291211DC7C037B007A04
:107550000A900504E0F9122FF374021211B9800A9F
:1075600012F5FF4005790E122FA512F5E42401F85B
:10757000A3E03400F988828983E0A2E050589005A6
:10758000C212FB66701088828983E0A2E1404779CD
:107590000E122FA58040900503740CF09083D41236
:1075A0000FB37A407B00900504E0F9121CB5740417
:1075B0001211B9740112151012F60E740A12F6297E
:1075C0001211DC7C037B007A0A900504E0F9122F8B
:1075D000F374021211B9740B02F9FD900520E0F565
:1075E0008388822212F5E822900507E0F8A3E0F5EF
:1075F000838882A3A3E02212F92988828983221238
:10760000F5E8F8A3E0F5838882A3E0A2E022740302
:10761000F085218285228322901AD07401F07C04A7
:107620007D0079007A0F7B0522F0A821A922880825
:10763000890978082274F0120BE074F312126CEAD4
:10764000FEEBFFEE5404604F90050FE0600D1460F8
:107650000F24FD601424FE6019803612302380311F
:107660007A01790112302980287A0179041230A137
:10767000801F901AC7E4F090050F12F941120FB362
:107680007A047B00900504E0F9121CB57404121111
:10769000B9EE640402F82EEF5480706EEF5410704F
:1076A0000302F77F901BDEE064016008E064026083
:1076B0000302F77790050FE014700302F76F24FEC2
:1076C000600302F777900511E06402600302F77728
:1076D0007401F0790012304702F777740A6870235A
:1076E000901AC8E08A828B83A3A3A3A3F090051904
:1076F00012F937600EEA2402FAE43509FB12F5DECE
:10770000123157AA08AB09121B65900504E0F91263
:107710001B778A088B09EA4509604C8A828B83E0D3
:10772000F874D3687032EA240CF582E43509F583E5
:10773000E0F50AA3E0F50B780A120F2E018003038F
:10774000F753F749F703F74EF712301780B5122FAA
:10775000C380B0122FDB80AB90050FE0686003029E
:10776000F6DB122FF9809CEEFAEF648002F910A389
:10777000E0FA7900123029EEFAEF641002F910EE07
:1077800054806009123089EE648002F82EEE5402B3
:10779000603A901BDEE064016005E0640270287CC2
:1077A000057D007900AA21AB22121B4D7900123011
:1077B00011AA21AB221224C5E9600C7A027B009049
:1077C0000504E0F9121BA1EE64028062EF54086028
:1077D00006EF640802F910EE54406057122FE18B57
:1077E00009EA4509603A900503E014F060387A0030
:1077F0007B40900504E0F9121CC7EA4B4C4D700920
:1078000090050912FB60122F7B9083D4120FB37A7C
:10781000407B00900504E0F9121CB574041211B904
:10782000900503E07005790B122FA5EE6440FAEF86
:1078300002F910EF5420700302F90390050512F9C4
:1078400021750C008024901AC7E4F090051F12F9EE
:1078500037600E850A82850B83E0F912F5DB123161
:107860005785088285098312F921E5084509606377
:10787000850882850983A3A312F5F785820A85838B
:107880000BE060DDC394F150D8740512123C880EF1
:10789000890F780E1211DC7C007D007A037B008555
:1078A0000A82850B83E0F9121D8D74021211B9E969
:1078B00060AF740B12151012F5F712FB666087EAC1
:1078C00024FF1AEB34FFFB8882898312FDFF750CBD
:1078D00001808EE50C6019908400120FB37A007B52
:1078E00020900504E0F9121CB574041211B9800C43
:1078F0007A007B20900504E0F9121CC1EEFAEF64D7
:1079000020800DEF5440600B122F87EEFAEF644099
:10791000FB80047A007B00740D1211B97F08020EFF
:10792000E812F9298808890922E0F8A3E0F922EA97
:10793000FEEBFF8E828F8312F929E8492290050F12
:10794000E4F09083F02274F6120BE074DD12126CF6
:10795000EAFEEBFF901812E0700302F9F790050FB2
:10796000E06401600302F9F7122819E9600302F9E3
:10797000F78E828F83A3A312F937707B7A007B1076
:10798000900504E0F9121CC1741312124CEEFAEFC8
:10799000FB1220D5741E121510E0F508A3E0F509BE
:1079A00074097808121470C3E508941595E0C3654E
:1079B000D03340097A027901123029803A741012CA
:1079C000151074FDF085820885830978081211DC92
:1079D00075080175090078081211DC7C107D007AA9
:1079E000117B01121C7974041211B979001230BF95
:1079F0007A0179011230A17423800274011211B945
:107A00007F02020EE874F6120BE0E9FE901ACBE05A
:107A10006E7006900513E07033EE7005901AC8E49E
:107A2000F0EE901ACBF07508CB75091A7808121190
:107A3000DC75080175090078081211DC7C007D00F6
:107A40007A557B00121C7974041211B980B274F655
:107A5000120BE012F92F701F7A117B00121BF58AAE
:107A6000088B09A808A9098E828F83E8F0A3E9F0A2
:107A7000E849600312FB4102FA0074F6120BE012AF
:107A8000F92F700612300B02FB37EC4D606FE8FAED
:107A9000E9FB8C828D83E0FCA3E0FD8A828B83A3CB
:107AA000A3A3A3A3A3A3A3A3E0FE8C828D83A3A37C
:107AB000A3A3A3A3A3A3A3E06E70348A828B83A3A2
:107AC000A3A3A3A3A3A3A3A3A312FB4FA3A3A3A313
:107AD000A3A3A3A3A3A3E06E7003A3E06F70108A17
:107AE000828B8312FB4FE06E7003A3E06F603FEA6E
:107AF000240FF582E43BF58312FB66709EE8240FA9
:107B0000FEE4398008E8240F500109FEE912F93239
:107B100070F37A117B00121BF58A088B09A808A95B
:107B2000098E828F83E8F0A3E9F0E84970067A00B5
:107B30007B00800A12FB418E828F8312FB6002FA67
:107B400000E8240FF582E439F583E4F0A3F0221273
:107B5000FB578C828D8322E0FEA3E0FF2290051468
:107B6000E0FAA3E0FB22E0FAA3E0FBEA4B2274F484
:107B7000120BE012F92F60358E088F09801CEA2461
:107B80000FF50AE43BF50B121BFB85088285098380
:107B9000E4F0A3F0850A08850B098508828509832E
:107BA00012FB6670D98E828F83E4F0A3F002F0FCA2
:107BB00074F6120BE074E612126C8A828B83E01466
:107BC000700302FC5F24FE600302FD77901BDEE081
:107BD00064016008E06402600302FD778A828B839F
:107BE000A3A3E0600614601802FD778A828B83A34A
:107BF000E070051230538061790012305902FD7730
:107C00008A828B83A3E070099005117402F002FD53
:107C100060122A118A088B0974FE6508700474FFCB
:107C20006509700D9018F8E064FE7003A3E0F4603D
:107C30001D740712151074FEF0A304F09018F814C8
:107C4000F0A304F0740712124479531222AF122BDE
:107C50006D122483901907E4F012304D02FD7790E5
:107C60001BDEE064016008E06402600302FD778AC5
:107C7000828B83A3E06011901ACDE004F0F8A3E0BA
:107C8000C39850047A008071900510E014600C14C1
:107C9000606E14700302FD2702FD77901812E060F9
:107CA00051122819E97047901ACFE0702D741912FB
:107CB00015107402F07411121510E4F0A3F0F50819
:107CC00078081211E079027C007D007412121244CF
:107CD0001220F974011211B9807A90051B12F9373C
:107CE000700302FD7712F5DE12315702FD7779013C
:107CF000800279001230BF7A0179011230A18077B9
:107D00007403121510E4F074041215107404F014C6
:107D10001212441228077A007B10900504E0F91231
:107D20001CC1901BA0803C740912124C7A007B008D
:107D300079AB122747740912123C85218285228370
:107D4000E8F0A3E9F074021215107404F0AA21AB54
:107D50002212280D7A007B10900504E0F9121CC154
:107D60009083EC120FB37A007B10900504E0F912B7
:107D70001CB574041211B9741A02F9FD74EE120BD9
:107D8000E0890B8A0D8B0E8C0CEC60567412121568
:107D900010E0F508A3E0F509E50845096044740220
:107DA0002CFA7B00121B5F8A108B11AE10AF11EE04
:107DB0004F602F750A0078081211D8AC0C7D00EEC8
:107DC0002402FAE43FFB121B4174031211B98E82A4
:107DD0008F83E50DF0A3E50EF0EEFAEFFBA90B1291
:107DE0001B6B7F0A020EE8C082C08390051902EA6D
:107DF000C4C082C083900516E004F0F902EAC9EA23
:107E0000F0A3EBF02274EC120BE07510007511007A
:107E1000751200751300AEA8C2AF1219498A088BFB
:107E2000098C0A8D0BEEA2E792AF900EB57808127E
:107E300012D7700302FF408A0C8B0D8C0E8D0F90B1
:107E40000EB5780C121254908340780C12116140D8
:107E50000302FF40900EB5780812147F80109083C3
:107E600044780C1213649083487810121364908342
:107E70004C780C12116140E67508197509007808F4
:107E80001211DC7403780C121142900EB9E0F5085F
:107E9000A3E0F509E4F50AF50B780C7908121377DD
:107EA000AA0CAB0DAC0EAD0F120DB074021211B9CD
:107EB0008A0C8B0D8C0E8D0F7410780C1212237897
:107EC00010790C121377900EB9EAF0A3EBF0A2AF81
:107ED000E433FEC2AF900EBB78101213C39084003F
:107EE000780812149D900EBB78081214404041751A
:107EF00008E875090378081211DC900EBB1214F91A
:107F0000120DB074021211B98A0C8B0D8A088B09FC
:107F10008C0A8D0B74107808121223900EBF78080B
:107F20001213C3A80CA90DE4FAFB900EBB1214E1C6
:107F3000EEA2E092AFAA10AB11AC12AD13121CCDA1
:107F40007F0C020EE8C082C083EAC3940240027A2A
:107F500000E9C454F04A900788F09007877404F051
:107F6000D083D082021186C082C0839061A5E0D206
:107F7000E2F0900787E064037011D287D29390619A
:107F8000EB7468F090624474FB8018E064049061C4
:107F9000EB700812FFE5906243800612FFE59062E5
:107FA0004774FCF0900713E0C39412502D900741E2
:107FB000E0906172F0900742E0906173F0900745A5
:107FC000E0906174F0900746E0906175F079087C6C
:107FD000557D077A6A7B61121961906180E4F0E057
:107FE000440902FF5F7468F090624474FBF0906192
:057FF000EC746AF022B0
:1080000074F4120BE0EA75F0E8A4CAA8F075F00366
:10801000A428F875F0E8EBA428FB121B3B02918022
:1080200074F6120BE074FD12126CE9FE121E83E46A
:10803000F508F50978081211DC7904908380121490
:10804000F9121E8974021211B978081211DC790232
:108050009083801214F9121E8974021211B97808E3
:108060001211DC79039083801214F9121E897402B4
:108070001211B9E4901812F078081211DC7C187D06
:10808000007A017B04121C6D74021211B9E9FFF52C
:108090000878081211DC7AD37B801216DF74021282
:1080A00011B974096F703C75083C75091B7808128A
:1080B00011DC75081875090078081211DC7C007D48
:1080C000007A017B04121C7974041211B9E9F508D5
:1080D00078081211DC7AA97B811216DF7402121162
:1080E000B98030EF702D7A1E7B821216E575083C40
:1080F00075091B78081211DC7508187509007808D5
:108100001211DC7C007D007A017B04121C7F740458
:108110001211B9EE901704F07A2C7B1B901B77E0BC
:10812000F9121ECB7A777B1B1230E37CA37D329051
:108130003895E493FA901B77E0F9121D397C657D40
:108140001E7A007B00901B77E0F9121D3F7A2C7B92
:108150001B901B83E0F9121ECB7A837B1B1230E34A
:108160007C157D37903896E493FA901B83E0F912E2
:108170001D397C657D1E7A007B00901B83E0F9121F
:108180001D3F901704E0F9121D1B901704E0F9122F
:108190001B1D7A957B1E122F99438F017A01901730
:1081A00004E0F9121C971217999083E41214F91243
:1081B0001E3B1216F79083841214F9121E3B7401B1
:1081C000121510E4F0A3F0852182852283F0AC2102
:1081D000AD22041212441216FDE970147401121536
:1081E00010E064607004A3E0640170047401800115
:1081F000E490170EF09083841214F9121E3B7A7DDE
:108200007B1E121CF19084001214F9121E3B901B6D
:108210003DE06004790180027900121CF7901B3D5B
:10822000E0901706F09083D4120FB37A017B009090
:108230001704E0F9121CBB74041211B99083881260
:108240000FB37A107B00901704E0F9121CBB740482
:108250001211B97F7FEFF50878081211DC790490CC
:1082600083801214F9121E8974021211B97808124F
:1082700011DC79029083801214F9121E89740212A3
:1082800011B978081211DC79039083801214F91265
:108290001E8974021211B990830C1214F9121E3B3C
:1082A0001FEFC3940250AE7F01EFF508780812115A
:1082B000DC79049083801214F9121E897402121161
:1082C000B978081211DC79029083801214F9121E19
:1082D0008974021211B978081211DC790390838035
:1082E0001214F9121E8974021211B9908314121417
:1082F000F9121E3B0FEFC3947F40AEE4F5087808F7
:108300001211DC79049083801214F9121E89740210
:108310001211B978081211DC79029083801214F9D5
:10832000121E8974021211B978081211DC790390B7
:1083300083801214F9121E8974021211B990838479
:108340001214F9121E3BD2819083F01214F9121EFE
:108350003BC28174030289F974F4120BE0EAFEEB6C
:10836000FF54807058EEA2E040030284197A307BFB
:10837000821216E5901709E0702490170AE0240194
:10838000F0A3E03400F090170AE0640A7002A3E062
:1083900070067401901709F0740190170CF0121E0A
:1083A00059EE6401028549129294E0FAA3E0FBEAD7
:1083B0004B6003121BFBAA08AB09121B6590170444
:1083C000E0F9121B778A088B09EA450960438A8223
:1083D0008B83E024CC60D0247470DBA3A3A3E0F5EE
:1083E0000B8A828B83A3A3E0F50A901ACBE0640189
:1083F0007007AA0BA90A12173FAA0BA90A1216D3D3
:10840000E50AA2E650B0740190170CF0121E5980D4
:10841000A5EEFAEF648002854B540260107AF57B7A
:10842000811216E5121E6BEE64020285497ADE7B2C
:1084300081EE5404600C1216E5121E53EE64040221
:108440008549EE540860591216E57AF97B1A12161E
:1084500037E97029901B297405F0901B27F0A3F0D1
:10846000901B2A14F0A37401F07AF97B1A791F1279
:1084700016497AF97B1A790112164F8003121E8F62
:10848000121CFD90838C120FB37A047B00901704AA
:10849000E0F9121CB574041211B9EE6408028549A2
:1084A000EE541060201216E59083E4120FB37A08A0
:1084B0007B00901704E0F9121CB574041211B9EE98
:1084C0006410028549EE542060681216E590170585
:1084D000E0F8740128F0E860481460401460381433
:1084E000603014602814703E121EBF901705E060C3
:1084F000179083F0120FB37A207B00901704E0F9F5
:10850000121CB574041211B9EE6420803C121EB91D
:1085100080D9121EB380D4121EAD80CF121EA78048
:10852000CA121EA180C5E4F090170CE060DAE4F0F6
:1085300080D6EE54406007C281EE6440800BEE545A
:1085400080600B121E9BEE6480FAEFFB80047A00C1
:108550007B0002918074F0120BE07B007A007C00BB
:10856000901707E0F8A3E0F975831B75823EC3E01E
:1085700098A3E099501C901B40E0F8A3E0F97583A4
:1085800017758207C3E098A3E09950047B0180022D
:108590007B02901B67780812149D78081208B6A811
:1085A00008A909901B42C3E098A3E0995013A3E0E7
:1085B000FEA3E0FFC3E89EE99F50047A0180027A9F
:1085C00002901B6B780C12149D901B461289251289
:1085D0000B147808790C120E014016A3128925128B
:1085E0000B14780C7908120E5050047C0180027C28
:1085F00002EBFEC39A5002EAFEEEC39C5002ECFE70
:10860000901B3CE070030287A5901AF8E06E70039F
:108610000287EFE0703A7F01EFF5087509007808EE
:108620001211DC79029083801214F9121E897402EF
:108630001211B99083901214F9121E3B0FEFC394DC
:108640007F40D5E4F50878081211DC79040286DE53
:108650006401704E7F01EFF508750900780812116A
:10866000DC79029083801214F9121E8974021211AF
:10867000B978081211DC79039083801214F9121E64
:108680008974021211B99083901214F9121E3B0FD3
:10869000EFC3947F40C0E4F50878081211DC79023A
:1086A000803CE0640270457F01EFF50875090078B1
:1086B000081211DC79039083801214F9121E897458
:1086C000021211B99083901214F9121E3B0FEFC3DE
:1086D000947F40D5E4F50878081211DC7903908383
:1086E000801214F9121E8974021211B9EE901AF850
:1086F000F070327F7FEFF50875090078081211DC01
:1087000079029083801214F9121E8974021211B931
:108710009083341214F9121E3B1FEFC394025003CE
:108720000287EF80D074016E70477F7FEFF5087588
:10873000090078081211DC79029083801214F91272
:108740001E8974021211B978081211DC7903908322
:10875000801214F9121E8974021211B99083341216
:1087600014F9121E3B1FEFC3940250030287EF80DF
:10877000BB74026E70797F7FEFF508750900780889
:108780001211DC79039083801214F9121E8974028D
:108790001211B99083341214F9121E3B1FEFC394C7
:1087A00002404C80D3E4F508F50978081211DC7911
:1087B000049083801214F9121E8974021211B97880
:1087C000081211DC79029083801214F9121E897448
:1087D000021211B978081211DC7903908380121407
:1087E000F9121E8974021211B9901AF87403F0027A
:1087F000891774F0120BE074FA12126C7AF97B1A72
:10880000121E717C057B807A047900121D09901775
:1088100033EAF0A3EBF0901B53E0FA3395E0FB90C2
:108820001733128925120B1478081211D4908394EF
:10883000120FB39083D8120FB3EA24F3F508EB3488
:108840001312891C120AF978081211D4EA24DEF5F1
:1088500008EB340312891C120AF9AA08AB09AC0A06
:10886000AD0B121D0374101211B98A088B098C0A02
:108870008D0B901B67780812147F9083D8780C12A8
:10888000149D7808790C120E01750C00750D007599
:108890000E005005750F3F8003750FBF7808790CE7
:1088A00012023E78081208B6E50912891E120AF96A
:1088B000901B67780812147F90170EE06054AA216D
:1088C000AB22121715E9704A852182852283E06068
:1088D00041740112124C740412124412171BE970F5
:1088E000137404121510128925120B14901B6F7843
:1088F0000812147F7402121244121721E9701374C3
:1089000002121510128925120B14901B6B78081295
:10891000147F74061211B97F08020EE8F509128B54
:108920009022901707E0F508A3E0F509E4F50AF5B1
:108930000B780822C082C083901766E06407600548
:10894000E06406700990170CE06003121E8F901708
:108950000A128DC5497005E4901709F09083E4125E
:108960000FB37A208013C082C0837A627B82121692
:10897000E5121EC5121E6B800F7B00901704E0F9F4
:10898000121CB574041211B9D083D082021186C0B2
:1089900082C0837A417B821216E590831C120FB34A
:1089A0007A027B00901704E0F9121CB574041211CE
:1089B000B9790080D374F6120BE075083C75091B79
:1089C00078081211DC75081875090078081211DC96
:1089D0007C007D007A017B04121C7974041211B9A9
:1089E000E9F50878081211DC7A4A7B811216DF74E7
:1089F000021211B9121E4D80031211B97F02020E2C
:108A0000E874F0120BE074F412126CEAFCEBFDAAAD
:108A100021AB227907121661E96003028B5F7408AB
:108A2000121510120FB37404121510120FB3740C38
:108A3000121510120FB37A6D7B811216DF740C12AF
:108A400011B97408121510780812149D90831078CB
:108A50000C12149D7808790C120A797808120B14FC
:108A6000908398780C12149D7808790C12063E7841
:108A7000081208B6901B50128DC575F064A4F8AAB0
:108A8000F075F064128B6924BCF8E93402F9901B8C
:108A90005E128B7712149D7808120B14901B64E001
:108AA000F50C3395E0F50DF50EF50F780C120AF97B
:108AB000780C1211D490839C1214F9122339740487
:108AC0001211B98A0C8B0D8C0E8D0F7808790C124F
:108AD000063E78081208B6901B62128B85120AF9BE
:108AE00090839C780C12149D7808790C12045878A5
:108AF000081208B6901B4C780C12149DE508250C42
:108B0000F8E509350DF9901B60E8F0A3E9F074046D
:108B1000121510780812149D901B4A128DC575F01D
:108B20000AA4F8AAF075F00A128B692424F8E93433
:108B3000FFF9901B5A128B7712149D908310780CBA
:108B400012149D7808790C120B71901B65128B859D
:108B5000120AF9901713780812147F790080051211
:108B60001E8F7901740C028914E9A42AF9E50828FA
:108B7000F8E50939F9E822E8F0A3E9F085218285D2
:108B80002283780822E508F0A3E509F0128B9022F1
:108B90003395E0F50AF50B78082274EC120BE08AA5
:108BA000088B098C0A8D0B7414121510780C121492
:108BB0009D9083A0781012149D780C7910120E509D
:108BC00040339083A4781012149D780C7910120E03
:108BD00001402275100075115075127D751344788F
:108BE00010790C1204587810790812063EAA10ABBE
:108BF00011AC12AD137F0C020EE874EC120BE07492
:108C0000FF12126CE9FE7F0080267C017D00AA2104
:108C1000AB22EEF9121823852182852283E0C0E081
:108C2000EFF8742428F582E43417F583D0E0F00FD0
:108C3000EEF91218358B09EA450970CE901726E037
:108C4000F8901724E064FE7058A3E0640470527436
:108C50002428F8E43417F988828983A3E0FB88820A
:108C60008983A3A3E0F8EBF9901707E8F0A3E9F0F4
:108C7000128922120B1485080C85090D850A0E85B0
:108C80000B0F9083A8781012149D780C79101204A1
:108C900058901B54780C12147F90170F78081214F8
:108CA0007F128922120B14901B52E0601E90171342
:108CB000120FB3AA08AB09AC0AAD0B121E777404ED
:108CC0001211B98A088B098C0A8D0B9083A8780C35
:108CD00012149D7808790C120458901B54780812CD
:108CE000147F121E4D901B3DE0F8901706E068605F
:108CF0000DE8F06004790180027900121CF774011C
:108D00001211B9028BF543FD7053F1BF43F10353C8
:108D1000FF3F43F37002118674EC120BE08A0C8B58
:108D20000D8C0E8D0FE9FB53E4FC9083AC780C1294
:108D30001161400B75108075118475121E800975C4
:108D400010007511247512F47513008A08850D0939
:108D50008C0A8D0B78107908120B71A810A911E8F4
:108D6000F5DAE9F5DB7414121510128DC5FAE9F87D
:108D7000EB14600B146011146017146023803188A9
:108D8000DD8ADC75E61C802888DF8ADE75E71C80BA
:108D90001FE89062ADF0EA9062ACF09062A3800DA3
:108DA000E89062AFF0EA9062AEF09062A4741CF0BA
:108DB0009083AC780C121161400543E40780037581
:108DC000E403028BF5E0F8A3E0F9E822C082C08357
:108DD000D2819083B0120FB37A4002897974F6126F
:108DE0000BE0901735128DC54990170D6055E06066
:108DF00003028EB5E4F508F50978081211DC790450
:108E00009083801214F9121E8974021211B9780825
:108E10001211DC79029083801214F9121E897402F7
:108E20001211B978081211DC79039083801214F9B9
:108E3000121E8974021211B9740190170DF0121EDE
:108E40009B8072E0606F7A807B00901704E0F912DB
:108E50001CC17A807B00901704E0F9121BA77401F3
:108E600090170CF0901AF87403F0E490170DF0F5D9
:108E700008F50978081211DC79049083801214F93E
:108E8000121E8974021211B978081211DC7902904D
:108E900083801214F9121E8974021211B978081213
:108EA00011DC79039083801214F9121E8974021266
:108EB00011B9121E590289FC74F6120BE07E7FEE86
:108EC000F50875090078081211DC79049083801286
:108ED00014F9121E8974021211B978081211DC7982
:108EE000029083801214F9121E8974021211B9784B
:108EF000081211DC79039083801214F9121E897410
:108F0000021211B99083B41214F9121E3B1EEEC363
:108F1000940250AB7E01EEF50878081211DC79045A
:108F20009083801214F9121E8974021211B9780804
:108F30001211DC79029083801214F9121E897402D6
:108F40001211B978081211DC79039083801214F998
:108F5000121E8974021211B99083B81214F9121EEC
:108F60003B0EEEC3947F40AEE4F50878081211DCA6
:108F700079049083801214F9121E8974021211B9B7
:108F800078081211DC79029083801214F9121E897C
:108F900074021211B978081211DC790390838012DF
:108FA00014F9121E8974021211B99083E4120FB3DE
:108FB0007A807B00901704E0F9121CB574040289D2
:108FC000F974F4120BE090170CE0605B7A0B7B00F5
:108FD000121BF58A088B09EA450960428A828B8355
:108FE0007402129185745AF0A3741B129193744AFF
:108FF000F0A3741B1292DE1211E0750A01780A12B6
:1090000011E0780A1211E078081211DC7C027D046C
:109010007A187B177901121D6974051211B9AA0813
:10902000AB09121BFB80107C007D007A027B049050
:109030001B77E0F912159502918074F4120BE09001
:10904000170CE060667A0B7B00121BF58A088B090F
:10905000EA4509604D8A828B837402F0A3E4F0A391
:109060001290BE74211290BEA3745EF0A3741B1202
:1090700091937450F0A3741B1292DE1211E0750AE2
:1090800001780A1211E0780A1211E078081211DC56
:109090007C057D047A187B177901121D697405120D
:1090A00011B9AA08AB09121BFB80107C007D007A65
:1090B000057B04901B77E0F91215950291801290C0
:1090C000C2221290C6221290CA22F08A828B83A3F7
:1090D000A3A32274F4120BE090170CE0700302912A
:1090E000707A157B00121BF58A088B09EA45096026
:1090F000768A828B8374041291857460F0A3741B4A
:10910000129380E41291987462F0A3741B1292B7C8
:109110007414F0A3E41292AB74281292A77464F052
:10912000A3741B12929B74101293B2129297742B19
:10913000F0EA2413129297744CF0A3741B1292DE7F
:109140001211E0750A01780A1211E0780A1211E092
:1091500078081211DC7C037D047A187B17790112E0
:109160001D6974051211B9AA08AB09121BFB801006
:109170007C007D007A037B04901B77E0F912159543
:109180007F04020EE8F0A3E4F0A31290C274291247
:1091900092D922129384740212939074291293909C
:1091A000A32274F4120BE090170CE070030292817A
:1091B0007A1F7B00121BF58A088B09EA45097003A8
:1091C0000292788A828B8374061292CB7454F0A335
:1091D000741B12945B7402F0A312938C741012919E
:1091E0009D743DF0A3741B1292B77403F0A3141284
:1091F00092AB74101292A7743CF0A3741B12929B52
:1092000074041293A2743EF0A3741BF0EA241512A6
:1092100092977405F0A37402F01292947421F0EA0C
:1092200024181292977440F0A3741BF0EA241A12C7
:1092300092977411F0A374F1F0EA241C12929774BF
:1092400010F0EA241D1292977452F0A3741B12922C
:10925000DE1211E0750A01780A1211E0780A121183
:10926000E078081211DC7C0D7D047A187B177901F7
:10927000121D6974051211B9AA08AB09121BFB80F3
:10928000107C007D007A0D7B04901B77E0F91215AD
:1092900095029180EA24171292C32212929F22F023
:1092A000EA24101292C322129473221292AF22F077
:1092B000EA240D1292C3221292BB22F0EA240B126E
:1092C00092C322F582E43509F58322F0A3E4F0A3EA
:1092D0001290C274391292D9221290C6A322F09031
:1092E0001717E0F8740128F0E8F50A780A2274F4F8
:1092F000120BE090170CE060777A157B00121BF5DB
:109300008A088B09EA4509605E8A828B837404129D
:1093100092CB7467F0A3741B129380740212938C27
:10932000742812919D7453F0A3741B1294617442BB
:10933000F0A3741B12939D7444F0A3741B1292DE6D
:109340001211E0750A01780A1211E0780A1211E090
:1093500078081211DC7C2B7D047A187B17790212B5
:109360001D6974051211B9AA08AB09121BFB800D07
:109370007C007D007A2B7B04790212159502918086
:10938000129384221293967410F0A32212939022C7
:10939000129396A3A3221290CAA3A3A32212929F70
:1093A00074051293B21292C37421F0EA241312923C
:1093B000C322F0A37402F0EA24122274F4120BE028
:1093C00090170CE0700302944B7A157B00121BF58A
:1093D0008A088B09EA450960698A828B837404F0E4
:1093E000A37455F0A3E41292D0746BF0A3741B1213
:1093F000945B7485F0A3740112938C743912919D5F
:10940000746FF0A3741B1294617446F0A3741B1262
:10941000939D7448F0A3741B1292DE1211E0750A3A
:1094200001780A1211E0780A1211E078081211DCB2
:109430007C0C7D007A187B177902121D6974051265
:1094400011B9AA08AB09121BFB800D7C557D007A6F
:109450000C7B0079021215950291801292D9A3A378
:10946000221292BB7404F0A374021292AF74211200
:10947000947322F0EA240E1292C32274F4120BE0C9
:1094800074F812126C7508007F009016DEE4F07E0E
:1094900079750A088F0B780A1211DC740212124CCB
:1094A0007A007B00EEF912178774021211B9852138
:1094B00082852283E0F47003A3E0F470139016DE3B
:1094C000E07004EEF080197A01EEF9121C078010AA
:1094D0007404121510E0F47003A3E0F460028E0827
:1094E0000EEEC3947F40AAE5089016DE601FE06090
:1094F0000FF9121C137A007B00A908121C198014A2
:10950000A908121C13E5089016DEF08007E060043D
:10951000F9121C137E79EFFC7A007B00EEF9121C25
:109520000D8B0BEA450B60047F017E780EEEC39431
:109530007F40E3EFA2E050147E797C007A007B004C
:10954000EEF9121C0D0EEEC3947F40EE9016DEE095
:10955000703C7E007C00EC12959312A47B74F86A38
:10956000700374076B7004ECFE8018EE129593394B
:10957000F583C3E09AA3E09B5002ECFE0CECC3948D
:109580000640D374792E9016DEF0F9121C1379017F
:10959000029DCF25E0F8E433F974D228F5827416E1
:1095A0002274F7120BE074F812126CEAFF85218224
:1095B000852283E4F0A3F0EF60087402121510E432
:1095C0008007740212151074FF129C0D7A007B0044
:1095D000121C3D74081211B97F01020EE874EE12DC
:1095E0000BE074F812126C890C8A0E8B0F8C0D7EB6
:1095F000087F008F0A8F0B7508087509007808121C
:1096000011DC740212124CEEFAEFFBA90C12178750
:1096100074021211B9852182852283E0F47003A3BC
:10962000E0F470030297657402121510129A1B4041
:10963000087508FC7509FF8008129A10F508E9F50D
:1096400009129A049508E99509501CE50A2400E5D9
:109650000B3408F50BC3E50A9EF50AE50B9FF50BE5
:109660007E007F08029765EE2408FEE43FFF852117
:109670008285228312A32CE849700302973EE50EEF
:10968000450F604AA80EE50F547FF9852182852297
:1096900083E0687003A3E0696003029751740612C7
:1096A000151012A32CE50F5480700F74FF6870031F
:1096B00074FF696003029751800D74FF6870037432
:1096C000FF697003029751EEFAEFFB02977CEEFA06
:1096D000EFFBA90C121C378A108B11A810A911746A
:1096E00004121510E0687003A3E069704674061256
:1096F000151012A32CE50D602A74FF68700374FF27
:1097000069704E852182852283E0FAA3E04480FBC4
:10971000121C1FEA4B603A7C019016DFE0F9121C24
:109720002B802E74FF68700374FF6960247AFF7BBE
:10973000FF80497C01EEFAEFFBA90C121C2BE50817
:109740002408F8E43509F9E50A28F50AE50B39F5A6
:109750000BEE2508FEEF3509FFC3EE94F8EF9407F2
:1097600050030295F7A80C129780EEF0A3EF129722
:10977000B9E50AF0A3E50BF07A007B0074088013CA
:10978000E828F8E433F974D428F582741539F583A0
:109790002274041211B97F0A020EE874F7120BE06A
:1097A000E9FE121793EE2E1297827408F0A3E412CA
:1097B00097B9E4F0A3F00295D8F01297BE2274E0B6
:1097C00028F582741539F5832274EE120BE074F7D4
:1097D00012126C89088A0A8B0B7E007F00750C01BF
:1097E000750D00780C1211DC740212124CEEFAEFB7
:1097F000FB9016DEE0F912178774021211B9852169
:1098000082852283E0F4600D9016DEE0F9121C13CD
:1098100079000299FF0EEE70010FC3EF940840BD6E
:109820007E087F007401F09016DEE025E01297823A
:10983000E0F50CA3E0F50D750E08750F00780E121B
:1098400011DC740312124CEEFAEFFBA90812178711
:1098500074021211B97401121510E0F47003A3E040
:10986000F470030299BF7403121510129A1B40087A
:10987000750EFC750FFF8008129A10F50EE9F50FB2
:10988000129A04950EE9950F50030299BF74F8C31C
:10989000950CF87407950DF9C3E8950EE9950F50EE
:1098A000030299D2EE2408FEE43FFF740112151062
:1098B00012A32CE84970030299AB7401121510E051
:1098C000650A7004A3E0650B70030299ABEEFAEF32
:1098D000FBA908121C378A108B11A810A911740556
:1098E000121510E0687003A3E06960030299AB747D
:1098F00007121510E0F47003A3E0F4700B7C00EE87
:10990000FAEFFBA908121C2B75090078091211E067
:10991000E4F510F51178101211DC7406121510120E
:10992000A31D740412151012A47E9016DEE0F91225
:109930001C5574031211B9E970030299D2E50C2485
:1099400008F50CE4350DF50D780E1211DC780C12CB
:1099500011DC9016DEE0FCEEFAEFFBA908121C4FBA
:1099600074041211B97403121510129A26121C37BE
:10997000740512151012A33B7002EB6D7054AA0C03
:10998000AB0D9016DEE0F9121C318A108B11A81075
:10999000A9117405121510E0687003A3E069703214
:1099A0007401121510129A26121C61EE250EFEEF9C
:1099B000350FFFC3EE94F8EF940750030298278504
:1099C0002182852283E070149016DEE0F9121C13C8
:1099D0008025852182852283E4F080ECE50A450B11
:1099E00070157A019016DEE0F9121C07A908121C06
:1099F00013E5089016DEF0852182852283E0F97454
:109A00000902979374F8C39EF874079FF9C3E8227C
:109A1000EC2403F8E43DF9E854FC2212A31DC3EC46
:109A200094FCED94FF2212A31DAA0CAB0D9016DE40
:109A3000E0F92274F4120BE0EAFEEB800374804F2D
:109A4000FF7508797C00EEFAEFFBA908121C0DEAFD
:109A50004B6008E5089016DFF080150508E508C39F
:109A6000947F40E0EF548060D49016DFE4F0FAFB7E
:109A7000029DD474EE120BE074F612126C89098AFE
:109A80000C8B0DECFEEDFFC3EE94F4EF94FF400E53
:109A900085218285228374FCF0A374FF8018EE2454
:109AA00003F8E43FF9E854FC2408500109852182B9
:109AB000852283F0A3E9F07508007C069016DEE0AD
:109AC00004F50AE50AC3947F4003750A799016DE0F
:109AD000E0650A60317487250A25E0F8E433F974FB
:109AE000C628F582741612A47BE4C39AFA74089B04
:109AF000FB74D228F582741639F583E02AFAA3E0C4
:109B00003B129BF45009050A1CEC70B7029BEDEC6C
:109B10007003029BED741C121510E0F50EA3E0F526
:109B20000FA80A12978012A332FA740899129BF4B4
:109B30004003029BC975100875110078101211DCE2
:109B4000740412124C7A007B00A90A12178774025F
:109B50001211B97406121510E0F47003A3E0F4704A
:109B60000B129C067A04FBA90A121C43AA0CAB0D2B
:109B7000A90A121C19E96075E509F50B780B121199
:109B8000E0780E1211DCEEFCEFFDAA0CAB0D901686
:109B9000DEE0F9121C5574031211B9E96006901643
:109BA000DEE0F508E509700A850E82850F83E50A77
:109BB00080147A019016DEE0F9121C07A90A121C23
:109BC00013E50A9016DEF08024E509F50B780B12F8
:109BD00011E0780E1211DCEEFCAA0CAB0DA90A12F2
:109BE0001C5574031211B9E96003850A08A90874A9
:109BF0000A029793FB852182852283E0F8A3E0F98E
:109C0000C3EA98EB9922852182852283E4F0A3F0B0
:109C1000AC21AD222274F4120BE074F812126C899C
:109C20000AEAFEEBFF8C0BEE24F8FEEF34FFFF7523
:109C3000080875090078081211DC740212124CEE43
:109C4000FAEFFB12178774021211B9E50B7020743A
:109C500006121510E4F0A3F07404121510AC82ADD6
:109C600083EE2404FAE43FFBA90A121C3D803974F8
:109C700002121510E02403F8A3E03400F9E854FCC4
:109C80002408F508E439F509129C06EEFAEFFBA961
:109C90000A121C3DA80AE828F8E433F91297BEE03E
:109CA0002508F0A3E03509F0029DCF74F4120BE013
:109CB00074FE12126C852182852283ECF0A3EDF0F4
:109CC0008908EAFEEBFFEE24FCFEEF34FFFFAC2137
:109CD000AD22EEFAEFFB121C43750A02750B0078F9
:109CE0000A1211DC740212124CEEFAEFFBA90812F0
:109CF000178774021211B985218285228312A47EEE
:109D00007402029DD174F0120BE074FC12126C8983
:109D10000CEAFEEBFF8D0B750800750900EC2403BF
:109D2000F50EE4350BF50F7402780E121470850EE3
:109D30000A850F0B12A789604E750E04750F007807
:109D40000E1211DC740212124CEEFAEFFBA90C1287
:109D5000178774021211B9EE2404FEE43FFF780065
:109D6000E8FA852182852283E5822AF582E435831B
:109D7000F583E0FAE5082AF508E43509F50908E86D
:109D8000C3940450AF80D9AA08AB0974041211B966
:109D90007F08020EE874F4120BE0E9FE7508017505
:109DA000090078081211DC8A088B097402780812FD
:109DB0001470EEF50A750B007409780A12138AE51F
:109DC000082400FAE509350BFB12178D029D00747B
:109DD000081211B97F04020EE874F7120BE074FC4C
:109DE00012126C8C828D83E0852182852283F08C17
:109DF000828D83A3E0C0E07401121510D0E0F074EE
:109E00000212151074FFF0740312151074FFF0ACF9
:109E100021AD22121C3D74040295D574EE120BE0A4
:109E200074FC12126C890A8A088B098C0C8D0DEA5D
:109E30005403F50B7416121510E0FEA3E0FFE50BBA
:109E4000605C74FC5508F508750E04750F00780EFB
:109E50001211DC740212124CAA0812178774021233
:109E600011B9E50C450D60268E828F83E0C0E0A815
:109E70000B129F64D0E0129F75050BE50C24FFF5D3
:109E80000CE50D34FFF50DE50BC3940440D4AC2173
:109E9000AD22AA08AB09A90A121C3D12A0E5E50CE7
:109EA0005403F50B850C0E850D0F7402780E1214F9
:109EB00070850E0C850F0DE50C450D6051780C1268
:109EC00011DCEEFCEFFD85080E85090F7402780E9B
:109ED000121470E50AF51075110074097810121348
:109EE0008AE50E2400FAE50F3511FB12178D740276
:109EF0001211B97402780C12138AA80CA90DE50886
:109F000028F508E50939F509EE28FEEF39FFE50BDC
:109F1000604F750C00750E04750F00780E1211DC81
:109F2000740212124CAA08AB09A90A12178774020C
:109F30001211B980138E828F83E0C0E0A80C129FAB
:109F400064D0E0129F75050C850B0D74FF250DF58F
:109F50000B0470E1AC21AD22AA08AB09A90A121CBE
:109F60003D029791852182852283E58228F582E44E
:109F70003583F58322F08E828F83A3AE82AF832256
:109F800074EE120BE074FC12126C890E8A0C8B0DAD
:109F90008C0B7416121510E0F508A3E0F509E5081E
:109FA0005403F50A7418121510E0FEA3E0FFE50A49
:109FB0006072F8C3E50898F508E5099400F509759D
:109FC000100475110078101211DC740212124CAAE0
:109FD00008AB09A90B12178774021211B9EE4F6072
:109FE0003375100178101211DCA80A7402121510D2
:109FF00012A0F112178774021211B9050CE50C704A
:10A0000002050D050AEE24FF1EEF34FFFFE50AC32B
:10A01000940440C9AC21AD22AA08AB09A90B121CBB
:10A020003D12A0E5EE5403F50A8E108F11740278EC
:10A0300010121470AE10AF11803975100475110034
:10A0400078101211DC740212124CAA0CAB0DA90E7E
:10A0500012178774021211B9E50C2404F50CE435CB
:10A060000DF50DAC21AD22AA08AB09A90B121C3DC0
:10A0700012A0E5EEF8EFF9E824FF1EE934FFFFE84F
:10A080004970B7E50A605B7E007510048E11781088
:10A090001211DC740212124CAA08AB09A90B121798
:10A0A0008774021211B9802375100178101211DC27
:10A0B000EEF8740212151012A0F112178774021232
:10A0C00011B9050CE50C7002050D0EAF0A74FF2FD7
:10A0D000F50A0470D3AC21AD22AA08AB09A90B1272
:10A0E0001C3D029791E5082404F508E43509F509BB
:10A0F00022E58228FCE43583FDAA0CAB0DA90E22D3
:10A1000074EC120BE074F812126C890C8A0E8B0F2F
:10A11000ECFEEDFFE929F508E433F50974D42508D0
:10A12000F51074153509F511851082F583E0F50AEF
:10A13000A3E0F50B750D00852182852283EAF0A34B
:10A14000EBF07402121510EEF0A3EFF0AC21AD228B
:10A15000AA0AAB0B121C3D75120875130078121277
:10A1600011DC740212124CAA0AAB0BA90C1217874D
:10A1700074021211B9740212151012A32C852182D7
:10A18000852283E0650E7004A3E0650F600302A2E0
:10A19000C0EE687002EF69600302A2C0741E12155F
:10A1A00010E0700302A29B741C121510E0F50EA3C0
:10A1B000E0F50F850E82F583EEF8EFF9E85403F52C
:10A1C00008E58245837015E875F0FFA4F8AAF075DC
:10A1D000F0FFE9A42AF9E8FAE9FB801F7A007B0086
:10A1E0008009E0FCEA2CFAE43BFBA3E8FCE9FDEC87
:10A1F00024FF18ED34FFF9EC4D70E7E508601EF818
:10A200007404C398F895E0F9E875F0FFA4F8ACF091
:10A2100075F0FFE9A42CF9EA28FAEB39FB74041273
:10A220001510EAF0A3EBF0E50A2408F50AE4350B73
:10A23000F50BE50E450F6017780E1211DCEEFCEF02
:10A24000FDAA0AAB0BA90C121C4974021211B9EE3B
:10A25000FCEFFDAA0AAB0BA90C121C3774041215F3
:10A260001012A33B7002EB6D7034AA0AAB0BA90C61
:10A27000121C318A088B09A808A909740412151048
:10A28000E0687003A3E0697015852182852283123E
:10A29000A31DAA0AAB0BA90C121C61750D01740257
:10A2A00012151012A32CC3E894F4E994FF40067E23
:10A2B000FC7FFF804FE8240350010912A323804450
:10A2C000C3E894F4E994FF40067EFC7FFF8009E830
:10A2D000240350010912A32385108285118312A340
:10A2E00032F8740899F9C3E89EE99F5004E8FEE942
:10A2F000FF74E02508F58274153509F583E02EF02A
:10A30000A3E03FF0851082851183E02EF0A3E03FAB
:10A31000F0A90D74081211B97F0C020EE8E0FCA33D
:10A32000E0FD2254FC2408FEE439FF22E0F8A3E01B
:10A33000F922E0F8A3E0F9E4C3982212A31DEA6C25
:10A3400022C082C0837900E925E0FCE433FD74DE9D
:10A350002CF58274823DF583E06A7003A3E06B60A4
:10A360000709E9C3940340DFD083D08202118674C9
:10A37000F6120BE0E9FE8A088B09ECFAEDFB121CE1
:10A380005BE9F8C39403500E12A470EE12A484E5A6
:10A3900008F0A3E509F07F02020EE8C082C0831234
:10A3A0001C0180C474F4120BE0EAFEEBFF8C088DF4
:10A3B00009121C5BE9C394035006121B2FE9603C91
:10A3C000EEFAEFFB121C1FEA4B6010EEFCEFFD9063
:10A3D00016DFE0F9121C6179008023740C1215104D
:10A3E000120FB7AC08AD09EEFAEFFB7901121C258C
:10A3F00074021211B9E9600479098002790A029D98
:10A40000D474F6120BE074F812126CEAFEEBFF1231
:10A410001C5BE9F8C39403504212A470E09016DF6D
:10A4200012A48412A47E7508087509007808121118
:10A43000DC740212124CEA24F8FAEB34FFFB90169B
:10A44000DFE0F912178774021211B97402121510A5
:10A4500012A47E74081211B902A396EEFAEFFB1251
:10A460001C1F8B09A909EA4970BC7A007B0080E3B4
:10A4700074E029F582E43416F5832239F583E0FA95
:10A48000A3E0FB22F0E812A48A2229F8E433F9744D
:10A49000E328F582741639F5832274E2120BE07416
:10A4A000F712126C8A168B178C0C8D0D7511001219
:10A4B0001B2FE960697427121510E0F512A3E0F56F
:10A4C00013E5124513700302A77DAA16AB17121CE1
:10A4D0001F8A188B199016DFE0F510EA45197005F0
:10A4E000790902A77F75080875090078081211DC40
:10A4F000740312124CEA24F8FAEB34FFFBA9101291
:10A50000178774021211B97403121510E50C251285
:10A51000F8E50D3513F9C3E098A3E0995005790AE1
:10A5200002A77FE518250CFEE519350DFF8E148F67
:10A53000157429121510E0F51CA3E0F51D851C0803
:10A54000F50985120A85130B750E00806B751A01CB
:10A55000751B00781A1211DC740212124CAA14AB8B
:10A5600015A91012178774021211B985218285224C
:10A5700083E0F8850882850983E0686026750E010E
:10A580007405121510C3E098F0A3E09400F085085C
:10A5900082850983E0F87405121510E028F0A3E025
:10A5A0003400F00514E5147002051585088285094C
:10A5B00083A385820885830912A7897090E50EA27E
:10A5C000E0400302A77D852182852283E4F0A82153
:10A5D000A9228808890978081211DC74051215105F
:10A5E00012A31DAA16AB177900121C2574021211B2
:10A5F000B9E9F50A700302A721740312151012A31A
:10A600002CC3E894FCE994FF40087508FC7509FF29
:10A61000800DE8240350010954FCF508E9F509A868
:10A620000AE828F8E433F974D428F50E741539F5DE
:10A630000F850E82F58312A7A47407121510E0F49B
:10A640007003A3E0F4700B7C00AA18AB19A91012D8
:10A650001C2B780C1211DC78141211DCAC0AAA182D
:10A66000AB19A910121C4F74041211B9E514250C72
:10A67000F514E515350DF515781C1211DCAC12AD8D
:10A6800013AA14AB15A90A121C4974021211B97449
:10A6900003121510E0C3950CF8A3E0950DF9E8C37B
:10A6A0009512F50CE99513F50D780C1211DCE514F3
:10A6B0002512F50CE5153513F50D780C1211DCACEF
:10A6C0000AEE2512FAEF3513FBA910121C4F740481
:10A6D0001211B9850E82850F8312A7A47403121577
:10A6E0001012A79A121C37740512151012A33B7092
:10A6F00002EB6D702CAA14AB15A90A121C318A0842
:10A700008B09A808A9097405121510E0687003A345
:10A71000E069700D740112151012A79A121C618065
:10A720000375110A852182852283E06034651070EB
:10A7300010740A6511700A9016DEE0F9121C13807D
:10A740003C7A019016DEE0F9121C078521828522F1
:10A7500083E0F9121C13852182852283E09016DEA6
:10A76000F0852182852283E065106011740A6511ED
:10A77000600B7C01AA18AB19A910121C2BA911742B
:10A78000091211B97F16020EE8A80AA90BE824FFE6
:10A79000F50AE934FFF50BE8492212A31DAA14AB10
:10A7A00015A90A22E0C39508F514A3E09509F5154B
:10A7B0002274F0120BE0EAFEEBFF8C0A8D0B121CE8
:10A7C0005BE9F87410121510E0F50CA3E0F50D74B8
:10A7D00012121510E0F508A3E0F509E8C394035040
:10A7E00024E8FE780C1211DCAC08AD09EE12A48A44
:10A7F000E0250AFAA3E0350BFB74E02EF582E43481
:10A8000016F5838023EEFAEFFB121C1FEA4B70044F
:10A81000790A8020780C1211DCAC08AD09EA250A0F
:10A82000FAEB350BFB9016DFE0F912178774021272
:10A8300011B97900029D9074F2120BE0EAFEEBFF71
:10A840008C0A8D0B121C1F8A088B09EA45097004BB
:10A850007909803DEEFAEFFB121C738A0C8B0DE533
:10A860000A650C7004E50B650D6004790C80227C90
:10A8700001AA08AB099016DFE0F9121C2BEEFAEFE3
:10A88000FB121C1F8B09EA45096004790A800279D2
:10A89000007F06020EE874F2120BE074F412126CE0
:10A8A0008A088B09ECFEEDFF890C7C0C7D00790099
:10A8B000AA21AB22121B4D7409121510E4F08E82EE
:10A8C0008F83A3A3A3A3A3A3A3A3E0C0E074081250
:10A8D0001510D0E0F08E828F8312AA3D12B66990D7
:10A8E0001B9EE024FFF50AA3E034FFF50B850882E8
:10A8F000850983E0850A82850B83F0750D1E780D2E
:10A900001211E078081211DC780A1211DCE50C242F
:10A9100001F508E43400F50978081211DC742112FD
:10A920001510120FB790180FE0F97C917D1B740978
:10A9300012124412311974091211B9740C02AA9935
:10A9400074F5120BE08909901B9E12B7B789087441
:10A950000D12151012B9B480178882898312B05B6A
:10A9600012AF79A882A9838E828F83A3AE82AF8330
:10A9700085080A74FF250AF5080470DD740F1215A6
:10A9800010E090180F600474408001E4F0740B1222
:10A990001510120FB7A9091220ED74021211B9E9AE
:10A9A000F990180FE4F07F03020EE874F6120BE042
:10A9B000E9FE12AABCF0EEF508750900780812113C
:10A9C000DC790202B0A274F4120BE074F712126C7C
:10A9D000EAFEEBFF890A8C0B901B9E12AF66EEFC21
:10A9E000EFFD7A7A7B19121CE5E9700A74081215DA
:10A9F0001012AB37801274081215107402F0901701
:10AA00003A12AA3DE8F0A3E9F0EEFCEFFDAA08AB8C
:10AA100009121CEB8A828B8312B4B9E4F508F5099C
:10AA200078081211DC790A740212124C7ABD7B1775
:10AA30001220ED74021211B9740902B48712B9B868
:10AA40008521828522832274F6120BE074F712129C
:10AA50006CE9FEECFF12B9B174081215107402F023
:10AA6000852182852283EAF0A3EBF0EA888289833C
:10AA7000F0EB12AA8FF0EF88828983A3A3A3F0756D
:10AA8000080175090078081211DC790402AAC5A32F
:10AA9000F0EE88828983A3A3221211B97F06020EE9
:10AAA000E874F6120BE012AABC12B45D75080475C6
:10AAB000090078081211DC790302B0A212B499ECF3
:10AAC00012B493ED22740212124C7ABD7B1712203D
:10AAD000ED74021211B974091211B97F02020EE865
:10AAE0001211B97F07020EE874F6120BE074F71228
:10AAF000126CE9FE740812151012AB3212B451EA4E
:10AB000012B48FEBF0901B9EE02402FAA3E0340015
:10AB1000FB121CEB12B9BDC8240AF582E438F58398
:10AB2000EEF075081375090078081211DC790B0234
:10AB3000AAC512AB37F022740FF0852182852283DB
:10AB400074FDF0A374FF2274EA120BE0EAFEEBFF3F
:10AB50008C088D09890B12B47E8C828D83A3A3A3EC
:10AB6000A3A3A3A3A3E0640F700B8C828D8374FC5A
:10AB7000F0A374FFF0750A01741812151012B809C9
:10AB8000741F6510700474806511700B750A028A59
:10AB9000828B83E412B7E38A0C8B0D8A828B83E964
:10ABA00012B7E3751200741612151012B9B4880E9C
:10ABB000890F9017BEE0F514751500740378141210
:10ABC000138AE50E2514FCE50F3515FD121CEB90DC
:10ABD00017BEE004F07408250AF50AE0650B701250
:10ABE00074012512850C82850D83F09017BEE4F068
:10ABF000804B0512E512C3940A40B7850C82850D7F
:10AC000083740AF09017BEE0C3950B5030741F6533
:10AC100010451170051220278023741F65107004E1
:10AC200074806511701790830C120FB37A007B400B
:10AC3000901763E0F9121CB574041211B978101260
:10AC400011DCA90AAC08AD09EEFAEFFB1220ED7495
:10AC5000021211B97F0E020EE874E8120BE074EADA
:10AC600012126CEAFEEBFF7508FE7509FF75100005
:10AC7000751100EE240CF50AE43FF50B850A82F508
:10AC80008312B481EA4B70047C0880027C02EE24BB
:10AC900013F516E43FF517851682F58312B10E2CD5
:10ACA000F582E439F583E0F50FEE240BF514E43F6B
:10ACB000F515EA4B704D88108911AC10AD117A7AF8
:10ACC0007B19121CE5E9600990173A12AF6602ADD4
:10ACD0007DAA10AB11122405EA4B700302AD8F8AD6
:10ACE000828B83A3A3A3A3E0F874016860087402B5
:10ACF00068600302AD8F8A828B8312AF66E50F70A6
:10AD000079807A88828983E0FAA3E0F8E4C8F9EAD6
:10AD100028F508E439F50990173AE065087004A3AE
:10AD2000E06509700875107A7511198050AB091229
:10AD300023FF8A0C8B0DA80CA90DE849605188826D
:10AD40008983A3A3A3A3E0640170447409121510BE
:10AD5000E412B077F8A3E0F9741412151012B66972
:10AD600074091212441223ABE9600B740C12151013
:10AD7000858210858311E50F6003750FFF74FE65F2
:10AD800008700474FF65096006E5104511700C85B4
:10AD90001482851583E0600302AF5C901B9EE0F592
:10ADA0000CA3E0F50D750E0B74FE6508700474FFBE
:10ADB00065096026E51045116020E50F6006740105
:10ADC000650F7005751200803875128085148285B4
:10ADD0001583E06401702A02AF5C75128112AF6EB8
:10ADE00070087508FF7509FF80177C087D0079FFE2
:10ADF0007401121244121B4D740112123C88108906
:10AE000011850C82850D83E512F0A385820C858364
:10AE10000DAC10AD11AA0CAB0D121CEB8A0C8B0DF6
:10AE20008A828B83E508F0A3E509F07401650F6061
:10AE30000302AF2590173AE065087004A3E06509A6
:10AE4000600302AF25E512600302AF2585218285EC
:10AE50002283E4F0AA21AB22122417E50C2402F885
:10AE6000E4350DF9E8FCE9FDEA4B700302AF1C1272
:10AE7000AF6E700478098002780385168285178387
:10AE8000E028F508A3E03400850882F583E0F508A2
:10AE900025E0F8E433F9EA28F8EB39F985218285D1
:10AEA0002283E0F509E508C39509500DE0C3950834
:10AEB000F0C333240BF50E8002E4F0E08C828D8326
:10AEC000F0850C82850D83A3A3A3E508F0E50C248F
:10AED00004F50C5002050D050E050E80318882899F
:10AEE00083E0850C82850D8312AF79E0850C828525
:10AEF0000D83A3F0E50C2402F50C5002050DE824A7
:10AF000002F8500109852182852283E014F0852111
:10AF100082852283E070C6121BFB80098C828D83A0
:10AF2000E4F0750E0C90180F7410F0850A82850BF2
:10AF300083E0F508A3E04480F50978081211DCA944
:10AF40000EEE2402FCE43FFDEE240FFAE43FFB1278
:10AF500020ED74021211B990180FE4F0741612115A
:10AF6000B97F10020EE8E0F508A3E0F50922850A92
:10AF700082850B8312B112492212AF7D2212B11FBA
:10AF8000A32274F6120BE0901B9EE0FEA3E012B128
:10AF90002512151012B06E541F8E828F83A3A3A3A7
:10AFA00012AF7912B056A3A3A312B0778E828F830B
:10AFB00012B07D12B05612B07DA312B05B12B088F1
:10AFC00012B05612B088A312B06112B09C12B061D8
:10AFD000A3F0E82408FCE439FD8C828D83E0F508B9
:10AFE000EE240BF582E43FF583E50812B321E0C0BF
:10AFF000E0EE240CF582E43FF583D0E012B09CA390
:10B00000A3A3E0C0E0EE240DF582E43FF583D0E099
:10B01000F0E8240BF582E439F583E0C0E0EE240E7D
:10B02000F582E43FF583D0E0F0E8240CF582E439C2
:10B03000F583E0C0E0EE240FF582E43FF583D0E035
:10B04000F075080275098078081211DC791012B0C9
:10B05000FF50010B805412B05BA322E08E828F83DD
:10B060002212B05BA3A3A3A3A3A3A3A3A32212B9F9
:10B07000B888828983E02212AF7DA3E022A3A3A334
:10B08000A3A312AF7DA3A322A3A3A3A3A3A3A3124D
:10B09000B0932212B11FA3A3A3A3A32212B093A320
:10B0A000A322EAFCEBFD7ABD7B171220ED740202AD
:10B0B000AAD874F6120BE012B10BFEE912B12512F8
:10B0C000151012B06E8E828F83A312B118F508A3EB
:10B0D000E0F509540FF9740C7808121470E508C4EF
:10B0E000498E828F83A3A3A3A3F0750803750980FB
:10B0F00078081211DC790512B0FF50010B80ABEA21
:10B100002402FCE43BFDEA240FFA22901B9E12B1BC
:10B11000122212B9C0F9E822A3A312B11FE022F053
:10B120008882898322FF8E828F83E4F0ECA3F0ED86
:10B130008E828F83A3A3F0740A2274EC120BE012A8
:10B14000B9AFEC2409F508E43D85080CF50DEC24B5
:10B1500006F508E43D85080EF50FEE7024EC4D6011
:10B1600020850C82850D83E0FF850E82850F83E0AC
:10B170002FC333240CF50AC3944F4008791002B250
:10B18000D9750A04EE88828983F0EA2413F508E46D
:10B190003BF509850882F583E0FFA3E0F5838F8204
:10B1A00012B4AFA312B316FFA3E0F5838F82A312EC
:10B1B000B310F0E82403F582E439F583E50AC3947B
:10B1C00005500302B2BC74FC250AF08C828D8312F8
:10B1D000B31012B31F85820885830912B4AF12B36E
:10B1E00028F0EC2403F508E43DF509850882F58391
:10B1F00012B31012B32812B31FA3A3A3A3E0540FDA
:10B2000088828983A3A3A3A3A3A3A3A3A3F0850EEA
:10B2100082850F8312B310A3A3A3A3A3A3A3A3F0B8
:10B22000E8240BF8500109850E82850F83E0603811
:10B230007F00EC2407F508E43D850810F51180191E
:10B24000EF25E0F508E433F50912B2FB12B46B12F6
:10B25000B2FB12B2EA5001090F850E82850F83E01E
:10B26000F508EFC3950840D8850C82850D8312B48C
:10B270006BA3A882A983850C82850D83E0603F7F44
:10B2800000EC240AFC50010D8C088D09850C828588
:10B290000D83E0FCEFC39C5025EF25E0FCE433FD7B
:10B2A000850882850983E012B2DE12B4AF12B316AC
:10B2B00012B2DE12B2EA5001090F80D0E4F0750834
:10B2C0000475098078081211DCA90A12B0FF500138
:10B2D0000B1220ED74021211B97F0C020EE82CF54E
:10B2E0000BA3E03D850B82F5832212B2EE22A3E090
:10B2F00088828983A3F0E82402F8228510828511D0
:10B3000083E02508F50BA3E03509850B82F5832240
:10B3100012B4B3A3A322F0850882850983E022A397
:10B32000A3F08C828D83A322A3A3A3A312B339120B
:10B33000B4B3A3A3A3A3A3A322A3F0850882850982
:10B3400083A32274F1120BE074FF12126CE98521C1
:10B3500082852283F08A0A8B0BECFEEDFF901B9E08
:10B3600012B4647508047406650A70047480650B71
:10B3700070057509108003750900741012151012FC
:10B38000B479741112151012B4707413121510E000
:10B39000F98A828B83A3A3A3F0602C740429F50897
:10B3A0007414121510E0F50CA3E0F50D750E00787D
:10B3B0000C1211D8E9FC7D00EA2404FA50010B12AA
:10B3C0001B4174031211B9E50990180FF0780A12A5
:10B3D00011DCA908EEFCEFFD74021212441220EDFC
:10B3E00074021211B9E9F990180FE4F00402AAE00E
:10B3F0007F0B020EE874F7120BE074FF12126CE977
:10B40000852182852283F012B451ECF0740A121562
:10B410001012B9B4901B9EE0FCA3E0F5838C82A3CC
:10B42000E812B45D12B451A3A3A3E4F0740C121596
:10B4300010120FB77904EAFCEBFD740212124412E9
:10B4400020ED74021211B974011211B97F01020EBC
:10B45000E8901B9EE0F8A3E0F58388822212B49363
:10B46000A3E9F02212B112FAE9FB2212B4B3F022DE
:10B4700012B7FFA312B811F02212B7B1F022901B3D
:10B480009EE0FAA3E0FB221211B97F04020EE8123B
:10B49000B49322F012B499A322901B9EE0F8A3E08B
:10B4A000F58388822274011211B97F0D020EE81211
:10B4B000B4B322E08882898322E50AF0A3E50BF089
:10B4C0002274EB120BE074FF12126CE98521828565
:10B4D0002283F08A128B138D14741812151012B770
:10B4E000B7EC602612B451ECF0750831750980781C
:10B4F000081211DC7901AC12AD137402121244125D
:10B5000020ED74021211B902B62F7417121510E053
:10B51000F50E75F016A42404F50B12B65B121BF59C
:10B520008A088B09EA45097005791002B62F8A82CC
:10B530008B83A385820C85830D850C10850D11E40A
:10B54000F0A3E514F0741612151012B643E50EF0D0
:10B55000E5102404F51050020511750F0002B5F135
:10B56000EE2402FCE43FFDAA10AB11121CEBEE240A
:10B570000AFCE43FFDE5102408FAE43511FB121C37
:10B58000EBEE241212B7A512B7D7F0EA2402F8E4C2
:10B590003BF912B79B12B46BEE2415F582E43FF52C
:10B5A00083E0333354FCFC88828983E04CF0EE2442
:10B5B00016F582E43FF583E0C454F0FC8882898369
:10B5C000E04CF0EE241712B632F0EE2418F582E4C7
:10B5D0003FF58312B663EE241912B632A3A3F0EA44
:10B5E0002406F510E43BF511EE241AFE50010F0578
:10B5F0000FE50FC3950E500302B560901B9EE50C3E
:10B60000F0A3E50DF0750C31750D80780C1211DC8E
:10B61000A90BAC12AD1374021212441220ED740285
:10B620001211B9E9FEAA08AB09121BFB12B66F0290
:10B63000B4A5F582E43FF58312B63C2212B7B1A35C
:10B64000A3A32212B651F0851082851183A3A3A370
:10B6500022E0851082851183A3A3222401FAE43419
:10B6600000FB2212B63CA3F022E8F0A3E9F02290FE
:10B670001B9E74C0F0A37417F0EEF92274EA120B4B
:10B68000E074FF12126CE9852182852283F08A1210
:10B690008B138C0E8D087418121510E0F50975F0D7
:10B6A00015A4240412B65B121BF58A0A8B0BEA451B
:10B6B0000B7005791002B7968A828B83A385820C62
:10B6C00085830DAA0CAB0DE50EF0A3E508F0741709
:10B6D00012151012B7BDE50912B7D150010B750F45
:10B6E00004751000741912151012B7B78016740E75
:10B6F000250FF50F12B7EAFA50010BEE2415FE5094
:10B70000010F0510E510C395095057EEFCEFFD122F
:10B710001CEB8E828F83A3A3A3A3A3A3A3A312B422
:10B7200079EE240912B7A5A312B7D7A3F0EE24131C
:10B73000F8E43FF98882898312B7CE50010BEE24DA
:10B740000BFCE43FFD88828983E0640370A07415DC
:10B75000250FF50F121CEB12B79B12B7AD12B7E312
:10B760008099901B9EE50CF0A3E50DF0750C3375E8
:10B770000D80780C1211DCA90FAC12AD13740212FB
:10B7800012441220ED74021211B9E9FEAA0AAB0BA1
:10B79000121BFB12B66F740102AC51EE2414F58239
:10B7A000E43FF58322F8E43FF98882898312B7B138
:10B7B00022E08A828B8322E0FEA3E0FF2212B7DE22
:10B7C000A312B7C522F08A828B83A3A3A32212B649
:10B7D0003CF0EA2404FA2212AF7D12B7DE2212B73F
:10B7E000B1A322F0A3AA82AB83228C828D8312B7ED
:10B7F000B1F08C828D83A312B7DEF0EA240222120C
:10B80000B9C0F9E88A828B8322E0F510A3E0F51134
:10B8100022F0E98A828B83A3A32274F2120BE089BF
:10B820000A8A088B0990181012B7B7EEF8EF802833
:10B8300088828983A3A3E0650A701288828983A322
:10B84000A3A3E065087004A3E065096051E8FEE980
:10B85000FF8882898312B9C0F9E84970D37A057BE1
:10B8600000121BF58A0C8B0DA80CA90DE84960325B
:10B8700088828983A3A3E50A12B082E508F0A3E5D4
:10B880000912B11FE4F0A3F090181012B481EA4B32
:10B8900060068E828F83800390181012B66979003B
:10B8A0008002791002AA9C74ED120BE08A088B09C1
:10B8B000750E0090181012B9C5EA2410F50CE43585
:10B8C00009F50D02B9A1E508240CF582E43509F566
:10B8D0008312B9B4850A82850B83A3A3A312B48112
:10B8E000E86A7002E96B601B74FF6A700374FF6B97
:10B8F000600302B998E954807009741368496003C1
:10B9000002B998850C82850D83E02417FAE434008F
:10B91000FB121B5F8A108B11AE10AF11EE4F6078D7
:10B9200085081085091175120078101211D87C173E
:10B930007D00121B4174031211B9850C82850D83A1
:10B94000E0603AEE2417FAE43FFBEE2413F582E4BC
:10B950003FF583EAF0A3EBF0E5082413F582E43524
:10B9600009F58312B80978101211D8850C82850D5B
:10B9700083E0FC7D00121B4174031211B98E828F8B
:10B980008374D3F0EEFAEFFB850A82850B83A3A3C1
:10B99000E0F9121B6B750E01850A82850B8312B9C3
:10B9A000C5E50A450B600302B8C6A90E02B3F0E96B
:10B9B000FE901B9E12B9B82212B9C0F922901B9EAC
:10B9C000E0F8A3E022E0F50AA3E0F50B2274F612FA
:10B9D0000BE074E912126C7E00740A1215107402E6
:10B9E00012BB07A3A312B9B4740212151012B669E0
:10B9F000EA2415F582E43BF583E0C0E0740B1215F0
:10BA000010D0E012BB0712B9B4740C12151012B6A4
:10BA100069EA2419F582E43BF583E0C0E0740E1274
:10BA20001510D0E0F0EA2420F582E43BF583E01421
:10BA3000C0E07410121510D0E0F0EA2422F8E43BC4
:10BA4000F988828983E02401FCA3E03400FD7413AB
:10BA5000121510ECF0A3ED12B11A12B455E0C0E0CB
:10BA6000740F121510D0E0F0EA2412F582E43BF5D1
:10BA70008312B9B4741112151012B669EA2424F5B0
:10BA800082E43BF58312B9B4741512151012B6692D
:10BA9000AA21AB22122153E9FC80010EEEF50875B4
:10BAA00009007402780812138A74D12508F87436D4
:10BAB0003509F988828983E493C0E0740193F583A2
:10BAC000D082AA82AB8374FF6A700374FF6B602814
:10BAD000740C121510E06A7003A3E06B70BDAA210C
:10BAE000AB2288828983A3A3E493C0E0740193F519
:10BAF00083D082123157800AEC7007AA21AB221240
:10BB00001FDF741702AAD812B7C5A32274F6120B4E
:10BB1000E074FF12126C8A088B097E0585218285EC
:10BB20002283E4F01216A9E9F9704878081211DCB2
:10BB30007C017D00740212124479D012163D740209
:10BB40001211B9E97032852182852283E064607028
:10BB5000278508828509837460F0AA08AB0912164C
:10BB60005BE9F97009AA08AB09121697E9F9EE70BA
:10BB70000279FE740102C4B19083BC1214F912BBA5
:10BB80008A1231571EEE60E980A1850882850983FB
:10BB9000A3A3A3A3A3A3A3E0F8A3E0F58388822231
:10BBA00074F3120BE0890CEAFEEBFF8C0A8D0B7428
:10BBB0000D121510E0F508A3E0F509AA08FB12160E
:10BBC000A9E9F9703E850882850983A3A3E0640191
:10BBD0006006E50CD2E7F50C780A1211DCEEFCEFFA
:10BBE000FDAA0C850882850983A3E0F98508828572
:10BBF000098312BB9412315774021211B9E9F9602A
:10BC00000279FC7F05020EE874F3120BE074EC126B
:10BC1000126CEAFEEBFF8C088D09890CE9C3940BCA
:10BC20004003750C0A7421121510E0F50AA3E0F523
:10BC30000BAA0AFB1216A9E9600302BD19EE4F70A8
:10BC40000302BD19E5084509700302BD19E50C7032
:10BC50000302BD15850882850983E085218285223E
:10BC600083F0850A82850B83A3A3E06401601378C7
:10BC7000008009E8FA12BD23C2E7F008E8C3950C7A
:10BC800040F1E50CC3940240537C01ECFA25E0F846
:10BC9000E433F9852182852283E58228F8E583391A
:10BCA000F912BD23C0E0E824FFF582E934FFF583F3
:10BCB000D0E0F0E5082AF582E43509F58312CBE2FD
:10BCC000F00CECC3950C40C3A80CE828F8E433F959
:10BCD000E824FFF508E934FFF5098007E50CF508CD
:10BCE00075090078081211DC740212124C8E828FD2
:10BCF00083E0FA850A82850B83A3E0F9850A8285B1
:10BD00000B8312BB9212315774021211B9E9F96018
:10BD10000A79FC800679FD800279FF74141211B94A
:10BD200002BC03EE2AF582E43FF583E02274F412AC
:10BD30000BE074FF12126C8909EAFEEBFF1216A9E0
:10BD4000E9F5087066EEFCEFFDAA21AB221216554C
:10BD5000E9F5087013852182852283E0600EEEFAF2
:10BD6000EFFB121685E9F508E508703FEE242EF585
:10BD70000AE43FF50BAA0979071216A3E96012EE4F
:10BD8000FCEFFDAA0AAB0BA909121673E9F50870BE
:10BD90001AAA0979181216A3E96010EEFCEFFDAAA1
:10BDA0000AAB0BA909121679E9F508A90874011262
:10BDB00011B97F04020EE874F6120BE074FD121242
:10BDC0006CE9FE8A088B091216A9E9F97071AC08B2
:10BDD000AD097401121244121655E9F9701174017B
:10BDE000121510E0600CAA08AB09121685E9F9E9F2
:10BDF000704D740212151074F4F078081211DC7C86
:10BE0000017D00740212124479F412163D7402127C
:10BE100011B9E9702974035EF8852182852283E0D7
:10BE200054FC48F078081211DC7901740212124CAB
:10BE3000740412124412164374021211B9E9F90281
:10BE4000C4AF74F6120BE0EAFEEBFF8C088D09AA72
:10BE500008AB091216A9E9F9702178081211DC7CE7
:10BE6000017D00EEFAEFFB79F412163D7402121117
:10BE7000B9E9F98E828F83E05403F002C4B474F6FA
:10BE8000120BE074FD12126C8A088B0974021215F1
:10BE90001074E0F0852182852283E4F07E0504128F
:10BEA000151074B6F01216A9E9F970687808121125
:10BEB000DC7901740312124C7404121244121643FA
:10BEC00074021211B9E9F9704B90837C1214F912C3
:10BED000BB8A12315778081211DC7C017D00740294
:10BEE00012124479F312163D74021211B9E9F97075
:10BEF00016EEF874FF28FE04600D852182852283EA
:10BF0000E0A2E040C4800D852182852283E0A2E08A
:10BF1000500279FA02C4AF74F5120BE074EC1212FD
:10BF20006C890AEAFEEBFF8C088D099082A9AC218E
:10BF3000AD22740812110290828A740812124C7495
:10BF40000C121102AA08AB091216A9E97052EE4FA1
:10BF5000604E78081211DC7C087D007402121244D5
:10BF600079F712163D74021211B9E9F970347408A8
:10BF700012124CAA21AB22121667E5082409F50813
:10BF80005002050978081211DCEEFCEFFD740A126C
:10BF90001244A90A12166D74021211B9E9F980024D
:10BFA00079FF74141211B97F03020EE874F0120BBA
:10BFB000E08A828B8312C076F50B740C780812111C
:10BFC00042A312C9CB7404780C1211427808790C80
:10BFD0001213FC8A828B8312C0631213FC8C828D35
:10BFE00083780812147F8A828B8312C073740C7852
:10BFF000081211428A828B83A3A3A3A3E0F50C74D9
:10C0000004780C1211427808790C1213FC8A828B86
:10C0100083A3A3A312C0631213FC8C828D83A3A3FA
:10C02000A3A3780812147F8A828B83A3A3A312C0D0
:10C0300073740878081211428A828B83A3A3A3A386
:10C04000A3A3A3E0F50C7808790C1213FC8C828D65
:10C0500083A3A3A3A3A3A3A3A3780812147F7F0899
:10C06000020EE8A3A3E0C4540FF50CE4F50D780824
:10C07000790C22A3A3A3E0F508E4F509F50A2274DC
:10C08000E0120BE0890B8A1C8B1D8C088D09750A48
:10C0900000EA451D700302C24EEC4509700302C25E
:10C0A0004E7420121510E0FEA3E0FFEE4F70030265
:10C0B000C24EEC2404FCE43509FD8C828D8312C24F
:10C0C0005885088285098312C259E5082408F51E9F
:10C0D000E43509F51F851E82F58312C25874075591
:10C0E0000B700302C2148A828B83A3A3A3A37810CC
:10C0F00012149D8E828F83E0F514A3E0F515851050
:10C100000C85110D85120E85130F7404780C121214
:10C1100023851418851519F51AF51B780C79181252
:10C12000132874037810121223F516F517047814E7
:10C13000121142781079141213288E828F8312C73D
:10C14000B478107914120A79908378781412149DB7
:10C1500078107914120D2D850C14850D15850E1689
:10C16000850F17780C7914120A7990837478141259
:10C17000149D780C7914120D2D8E828F8312C7B204
:10C18000780C7914120A79908370781412149D78BF
:10C190000C7914120D2D7810790C12137785100C70
:10C1A00085110D85120E85130FEE2421F582E43FD3
:10C1B000F583780C12147F90836C781012149D789C
:10C1C0000C7910120A79908368780C1213649083AA
:10C1D00064781012149D780C7910120D2D908360E4
:10C1E000780C1210BA400E750C60750DF0750EFFCC
:10C1F000750FFF801690835C780C1210BA500C7586
:10C200000C34750D21750E00750F008C828D8378AE
:10C210000C12147FE50BA2E05018EEFCEFFD121695
:10C220008BEAF8EBF9ECFAEDFB85088285098312BD
:10C2300014E1E50BA2E25019EEFCEFFDAA1CAB1DC8
:10C24000121691851E82851F831214ED8003750AD4
:10C25000FFA90A7F18020EE8E4F0A3F0A3F0A3F010
:10C260002274F4120BE074FD12126CE9FE8A088B42
:10C27000098C0A8D0B7F01A2E25073EF1215107426
:10C28000F2F08A828B83A3A3E05407C0E074021209
:10C290001510D0E0F0780A1211DC79017404121242
:10C2A0004C740312124412164374021211B9E9704D
:10C2B0003CEF12151074F4F0780A1211DC7C017D49
:10C2C00000740212124479F412163D74021211B96C
:10C2D000E9701A780A1211DC7901740212124C7496
:10C2E0000312124412164374021211B9E9FF7403C7
:10C2F0005E605D740112151074F4F0780A1211DC9E
:10C300007C017D00740212124479F412163D74020D
:10C310001211B9E9F87037EEA2E05009850882855C
:10C32000098312C3E2EEA2E15009850882850983E0
:10C3300012C3CF780A1211DC7901740212124C7404
:10C340000312124412164374021211B9E9F8E8FFFD
:10C35000EFF9740302BDAF74F5120BE074FE121214
:10C360006C890AEAFEEBFF8C088D09740112151026
:10C3700074F5F078081211DC7C017D007402121251
:10C380004479F512163D74021211B9E9F9703BE5D2
:10C390000AA2E3500A8E828F83A3A3A312C3E2E50D
:10C3A0000AA2E4500A8E828F83A3A3A312C3CF787C
:10C3B000081211DC7901740212124C740312124437
:10C3C00012164374021211B9E9F9740202BFA4A350
:10C3D000E0C43354E0F8852182852283E0541F486D
:10C3E000F022E0333354FC541CF8852182852283EB
:10C3F000E054E348F02274F7120BE08A828B83E06A
:10C4000012C437A3A3F0EA2402F812C42712C43ED0
:10C41000F0EA24030812C427A3A3A312C43EA3A3D3
:10C42000A3F07F01020EE8E43BF988828983E013E0
:10C4300013543F12C4372254078C828D8322F08814
:10C44000828983E0C41312C437A32274F6120BE06E
:10C4500074F712126C8A088B0978081211DC7C04BC
:10C460007D00740712124479F212163D7402121103
:10C47000B9E9F97036AC21AD2274051212441216D6
:10C480007FAA08AB0912165BE9F9701FAC08AD0969
:10C49000AA21AB22791F121673E9700EAC08AD0900
:10C4A000AA21AB22791F121679E9F9740980027466
:10C4B000031211B97F02020EE874E4120BE012C9F4
:10C4C000C1781012149D90837C780812149D781006
:10C4D0007908120D2D90835878101213648510146A
:10C4E000851115851216851317908340780812144C
:10C4F0009D78147908120D2D851008851109851273
:10C500000A85130B908340780C12149D7808790CDF
:10C51000120D2D78147908120A7985140C85150DE1
:10C5200085160E85170F908378780812149D780C65
:10C530007908120D2DEC241012C7A4120A79851067
:10C540000885110985120A85130BEC240E12C9B94E
:10C55000F518A3E0F5193395E0F51AF51B7808797D
:10C5600018120A7974017808121142780C790812AD
:10C570001377908340780812149D780C7908120D77
:10C580002DEC240C12C9D674107808121142780CC4
:10C5900079081213778C828D83A3A3A3A3A3A3A3EB
:10C5A000A3A3A312C9DC90833C781812149D7814BD
:10C5B0007918120D2D78087914120A79908334783D
:10C5C0001412149D78087914120D2D8C828D83A37A
:10C5D000A3A3A312C7B278147910120A7990837CAE
:10C5E000781012149D78147910120D2D7808791492
:10C5F000121377908320781012149D780879101206
:10C600000D2D9083DC78081213648C828D83A3A394
:10C61000A3A3A3A3E0F510A3E0F511E4F512F5132D
:10C6200078087910120A799083DC781012149D78BA
:10C63000087910120D2D850810850911850A1285BB
:10C640000B13E510451145124513700302C78B7596
:10C6500014007515007516107517008A828B837883
:10C6600014121254908374780812149D780C79086F
:10C67000120D2D7814790C12132890831878081253
:10C68000149D78147908120A799082E478141211B2
:10C690006140107401781412114278147910120B51
:10C6A00071800E78147910120B71740178141211C4
:10C6B0004285141085151185161285171374037899
:10C6C00010121223EC241612C9B9F508A3E085084C
:10C6D0000CF50D3395E0F50EF50F85100885110961
:10C6E00085120A85130B78087910120A79740D786F
:10C6F00008121223780C7908120A7990837478084A
:10C7000012149D780C7908120D2D851408851509D1
:10C7100085160A85170B74027808121223EC24146C
:10C7200012C9B9F510A3E0F5113395E0F512F51330
:10C7300078087910120A7990833C781012149D7849
:10C74000087910120D2D780C7908121377EC241249
:10C7500012C7A41213779083D0780812149D780C16
:10C760007908120D2D7814790C1213779082E878DD
:10C770001412116150159082EC7814121161501747
:10C780007514B07515AD75160180097514307515E1
:10C7900075751600751700AA14AB15AC16AD177F8A
:10C7A00014020EE8F582E43DF58312C9E0780C79B5
:10C7B0000822A3A3A3A3E0F514A3E0F5153395E0A5
:10C7C000F516F5172274E8120BE012C9C1780C12A5
:10C7D000149D9082F0780C1213648A828B83A3A339
:10C7E000A3A3A3A3A3A3781012149D740E78101210
:10C7F0001142EC241C12C9D6741478081211427824
:10C80000107908121328EC241E12C9D67808790C66
:10C81000120A797810790812132890837078101210
:10C8200013649083DC780812149D78107908120D37
:10C830002D850C08850D09850E0A850F0BEC24202B
:10C8400012C9B9F5143395E0F515F516F517780802
:10C850007914120A799082F4781412149D78087968
:10C8600014120D2DEC241B12C9B9F514E4F515F5BD
:10C8700016F517780C7914120A79908378781412C7
:10C88000149D780C7914120D2D9083DC780C121302
:10C89000647808790C120A799082F4780C12149D4D
:10C8A0007808790C120D2D9082F87808121364EC38
:10C8B000241912C9B9F50CA3E0F50D3395E0F50E76
:10C8C000F50F7808790C120A7990833C78081213D6
:10C8D00064908370780C12149D7808790C120D2DD9
:10C8E00078107908120A7985100C85110D85120EC1
:10C8F00085130F9083DC780812149D780C79081248
:10C900000D2D850C08850D09850E0A850F0B7808FD
:10C91000790C120A79908368780C12149D78087942
:10C920000C120D2DEC2418F582E43DF58312C9CBD1
:10C930007808790C120A799083D0780C12149D78BB
:10C9400008790C120D2D781079081213289083D8CD
:10C9500078101210BA404A75100075110075120057
:10C96000751300908374780812149D78107908125A
:10C970000D2D85100885110985120A85130B9082EB
:10C98000FC7808121161500C750800750990750A41
:10C9900001750B00AA08AB09AC0AAD0B7F10020EA3
:10C9A000E890830078101210BA50B8751000751115
:10C9B0009075120175130080B9F582E43DF583E0AE
:10C9C00022EC2421F582E43DF58322E0F50CE4F528
:10C9D0000DF50EF50F22F582E43DF58312C9E02234
:10C9E000E0F508A3E0F5093395E0F50AF50B2274AC
:10C9F000F6120BE074E612126C8A088B099081C45F
:10CA0000AC21AD22741A12110278081211DC7C1AC2
:10CA10007D007402121244798812163D74021211BC
:10CA2000B9E9F9600302CAC8AC08AD09AA21AB2272
:10CA300012169D78081211DC7C077D007402121218
:10CA40004479E112163D74021211B9E9F97079E5E1
:10CA5000082409FAE43509FB7401121510E0FD857C
:10CA60002182852283E0FCEA12CBB9ECF0A3EDF041
:10CA70007402121510E0C0E0EA241BF582E43BF5D5
:10CA800083D0E0F07404121510E0FE740312151048
:10CA900012CAE312138AEE12CADA241C12CACD7427
:10CAA0000512151012CAE312138AEEC412CADA2450
:10CAB0001E12CACD7406121510E0C0E0EA2420F55B
:10CAC00082E43BF583D0E0F0741A02C4B1F582E44D
:10CAD0003BF583ECF0A3E509F022540FFCE5084C8C
:10CAE000FCEA22E0F5083395E0F5097404780822A1
:10CAF00074F7120BE0EC2409F8E43DF98A828B8389
:10CB000012CBD612CBE212CC0512CBD712CBE0A3BC
:10CB1000A312CC05A312CBD612CBDE12CC1512CBAE
:10CB2000D7A3A312CBDEA3A312CC15A3A312CBF6DB
:10CB300012CBE812CC28240BF582E43BF58312CB10
:10CB4000F6A3A312CBE8A3A312CC28240D12CBCCBE
:10CB5000240C12CBC2240C12CC21240F12CBCC24D7
:10CB60000E12CBC2240E12CC21241112CBCC2410D5
:10CB700012CBC2241012CC21241312CBCC241212BB
:10CB8000CBC2241212CC21241512CBCC241412CBEC
:10CB9000C2241412CC21241712CBCC241612CBC2DF
:10CBA000241612CC2112CBB9E0C0E0E82418F5829B
:10CBB000E439F583D0E002C4212419F582E43BF581
:10CBC0008322F582E43BF583E0FCE822F582E43B36
:10CBD000F583E0FDEA22A3E0FD8A828B8322A3A3F2
:10CBE000A3A3E08882898322E088828983A3A3A308
:10CBF000A3A3A3A3A322E0FD8A828B83A3A3A3A361
:10CC0000A3A3A3A32212CC0922F0A3EDF08A828B66
:10CC100083A3A3A322A3A3A3A312CC09A3A3A3A387
:10CC200022F582E439F583ECF0A3EDF0EA22E9790C
:10CC3000005A60027901021186C082C083EA4B600B
:10CC40001D8A828B8312CC6D60148A828B8312CCF6
:10CC50006B600B8A828B83A3A312CC6B700479FF69
:10CC600080027900D083D082021186A3A3A3A3A35C
:10CC7000E0F8A3E0F9E8492274F6120BE012CFE4E1
:10CC800090388BE493F508EC8508F0A4FCA8F085B7
:10CC900008F0EDA428FD79FF7AA37B0D121B4D90BF
:10CCA00005C274B3F0A37415F09005C474A7F0A383
:10CCB0007415F09005C674D7F0A37415F09005C8EC
:10CCC0007413F0A37416F09005CA7419F0A37416C7
:10CCD000F09005CC742BF0A37416F09005CE74314F
:10CCE000F0A37416F09005C1E4F080031211B97F2F
:10CCF00002020EE8C082C0837A0080010A90388B5D
:10CD0000E493F8EAC398500CEA12CD1B70EEAA82A5
:10CD1000AB8380047A007B0002D3A975F01AA4F8D3
:10CD2000A9F012D2C8F422C082C0837A007B007CB2
:10CD3000008014EC12CD1B600DA3A3A3A3A3E0F805
:10CD4000EA28FAE43BFB0C90388BE493F8ECC398A8
:10CD500040E102D3A974F7120BE07F007E0080123D
:10CD6000EE75F01AA4F885F008A90812CD2260012A
:10CD70000F0E90388BE493F8EEC39840E3E4938A67
:10CD8000828B83F0A3E4F0EF8C828D83F0A3E4F038
:10CD900002D11174E9120BE074F412126C890C8A3E
:10CDA0000A8B0B8C0F8D08750E00EA2408F510E431
:10CDB000350BF511851082F583E0F8740168600584
:10CDC0007403687011E9600E74FF650C60087403E9
:10CDD00068700AEC70077A007B0002CF9D8A148B82
:10CDE0001575160078141211D87C097D0074031291
:10CDF0001244121B4174031211B97409121510E583
:10CE00000FF07E007F00121601AA0AAB0B12160764
:10CE10008A0A8B0B851082851183E0640170087586
:10CE20000901750D008006750900850F0D74FE65FA
:10CE30000A700474FF650B700302CF997A007423A3
:10CE4000121510E0F510A3E0F51180010A90388B5F
:10CE5000E493F8EAC398400302CEECEA12D32670BA
:10CE6000EBA3E0650970E58E828F83A3A3E0650ADA
:10CE70007004A3E0650B70D48E828F83A3A3A3A359
:10CE8000E0650D70C7750900802C850A82850B83CB
:10CE900012D7C9740A12151012CFA7600CAA21ABC1
:10CEA00022E0F583888212315712D896A90C1231EC
:10CEB0003D750E010509E509C39508400302CF90B1
:10CEC00012CFB7FCA3E0FDEEFAEFFB1215BFE9703D
:10CED000E3850A82850B83E0FCA3E0FDEEFAEFFB1D
:10CEE0001215CBE970A47E007F0080C81215A18ABC
:10CEF000128B13AE12AF13EE4F700302CF998E82D6
:10CF00008F83E50CF0A3E509F08E828F83A3A3E560
:10CF10000AF0A3E50BF08E828F83A3A3A3A3E50DF4
:10CF2000F090388CE493C395085004E493F50875A9
:10CF30000900802A12CFB7F8A3E0F9740A1215107D
:10CF400012CFA7600CAA21AB22E0F58388821231B0
:10CF50005712D896A90C12313D750E010509E50945
:10CF6000C3950840CF8E828F83A3A3A3A3A3E50814
:10CF7000F075120078101211D8AC08EC2CFCE433D8
:10CF8000FDEE2406FAE43FFB121B4174031211B9B3
:10CF9000E50EA2E05003123095EEFAEFFB740C128E
:10CFA00011B97F0F020EE8E8F0A3E9F0900521E047
:10CFB000F8A3E0F9E84922A809E828F8E433F9E5FC
:10CFC0001028F50AE51139F50B850A82F583E02270
:10CFD000C082C08312CFE479FF121B4D12307779E3
:10CFE0000102D3A9903884E493FC740193FD227468
:10CFF000F7120BE0EA4B60377E0080010E8A828BCD
:10D0000083A3A3A3A3A3E0F8EEC3985022EE25E0E8
:10D01000F8E433F9EA28F582EB39F583A3A3A3A357
:10D02000A3A3E06C7003A3E06D70D1790180027955
:10D030000002D11174F2120BE0750A00EA4B607C19
:10D04000EA240512D264F5086072EA240608E43B7B
:10D05000F985080C750B00801488828983E508F037
:10D06000A3E509F0E82402F8500109050BE50BC31C
:10D07000950C5036E50B25E0F508E433F509EA2573
:10D0800008F582EB3509F583A3A3A3A3A3A3E0F5D9
:10D0900008A3E0F509EC65087003ED650970BA8E28
:10D0A000828F83E014F0050A70C1E50A6003123034
:10D0B000778E828F83E06004790180027900800599
:10D0C00074021211B97F06020EE874F7120BE0EA3F
:10D0D0004B603CEA2405F8E43BF988828983E0FE52
:10D0E00090388CE493FFEEC39F5024EE2EFEE43381
:10D0F000FFEA2EF582EB3FF583A3A3A3A3A3A3EC42
:10D10000F0A3EDF088828983E004F0790180027950
:10D11000007F01020EE874F3120BE0890A8C0B12F7
:10D12000D25B700B8A828B83E0FCA3E0FD800B1244
:10D1300015EF8A088B09AC08AD0974FE6C70037496
:10D14000FF6D605D750800801574016509700D88BC
:10D15000828983E06C7003A3E06D6049050812D2F8
:10D1600050503EE50812D23CE0650A70EFA3E0F5AE
:10D1700009EA2402F8E43BF98E828F83E0640160BF
:10D18000C8E50970D788828983E06C7003A3E06DDD
:10D1900070CA8A828B83A3A3A3A3E0650B70BD80B2
:10D1A000047A007B007F05020EE874F4120BE0EABB
:10D1B0002408F8E43BF9880889098882F583E0644B
:10D1C00001700B8A828B83E0FEA3E0FF800B1215B7
:10D1D000EF8A0A8B0BAE0AAF0B74FE6E700374FFFE
:10D1E0006F6054750A008015EC701088828983E0A6
:10D1F0006E7003A3E06F70031215B9050A12D2D442
:10D20000502EE50A12D23CA3E0FCEA2402F8E43BEB
:10D21000F9850882850983E0640170CC74016C7023
:10D22000DA88828983E06E7003A3E06F60CA80CBE6
:10D23000EEFAEFFB1215E97F04020EE875F01AA46E
:10D24000F8A9F074A328FA740D39FB8A828B832223
:10D2500090388BE493F8E508C39822EA240812D2A8
:10D2600064640122F8E43BF9E8FEE9FF8E828F83D3
:10D27000E022EC75F01AA4F8A9F074A328F8740D54
:10D2800039F92274F4120BE0890B8A088B097E00AD
:10D290007F00750A008025E50A75F01AA4F8A9F048
:10D2A00012D2C8650B7013AC08AD09AA82AB831209
:10D2B00015BFE960050EEE70010F050A12D2D440C9
:10D2C000D6EEFAEFFB02D23774A328F582740D393B
:10D2D000F583E02290388BE493F8E50AC398227432
:10D2E000F2120BE0890C8A088B098C0D750B007506
:10D2F0000A008004050B050A12D2D45022E50A1256
:10D30000D32670F2AC08AD09EEFAEFFB1215BFE9B7
:10D3100060E4E50BC3950D40DBEEFAEFFB80047A89
:10D32000007B0002D0C575F01AA4F8A9F074A328F8
:10D33000FE740D39FF8E828F83E0650C22C082C09F
:10D340008374F312126C74FE6A700374FF6B604A8C
:10D350007C00802212D27288828983A3E0FD74014E
:10D360006D6012ED700F88828983A3A3E06A700359
:10D37000A3E06B60250C90388BE493F8ECC39840E5
:10D38000D3E4936C70148521828522837404F07435
:10D390000B12151012D4421223938008740B12152D
:10D3A0001012D8A0740D1211B9D083D08202118648
:10D3B000C082C08374F312126C12D5786402700EAE
:10D3C00012D3E812151012D56E12239F8017EAFCB3
:10D3D000EBFD7403121510AA82AB83122375AA21E8
:10D3E000AB221223A502D39C8A828B83E0F8A3E0B0
:10D3F000F974012274F7120BE074F312126CECFE54
:10D40000EDFF8521828522837404F0740B121510C0
:10D4100012D4421223ABE9F508601D8E828F83A3DC
:10D42000A3A3A3A3A3A3A37403F0121510AC82AD0E
:10D4300083EEFAEFFB121CEBA908740D1211B9026E
:10D44000D111EAF0A3EBF0AA21AB2222C082C08363
:10D4500074F312126C8521828522837404F0740B9C
:10D4600012151012D4421223AB740102D39E74F62B
:10D47000120BE074F312126C9005C1E0707B8521F1
:10D48000828522837404F09018F812D3EC121510E0
:10D49000E8F0A3E9F0122A0B8A088B09AC08AD0961
:10D4A0007403121510AA82AB83122375AA21AB2232
:10D4B0001223B1122A178A088B09A808A909740136
:10D4C000121510E0687003A3E069602774FE6870AD
:10D4D0000374FF69601D7401121510E8F0A3E9F0F0
:10D4E0007403121510AA82AB83122A1DAA21AB2243
:10D4F0001223B19005C17401F0740D02CCECC0820E
:10D50000C08374F312126C12D578F874026870112B
:10D5100012D3E812151012D56E12239FE9704C80B9
:10D520001F7403687023EAFCEBFD7403121510AA44
:10D5300082AB83122375AA21AB221223A5E9702B9B
:10D54000AA21AB221223B1802274016870128A8250
:10D550008B8312D7C9740B121510E8F0A3E9800A67
:10D56000740B12151074FEF0A304F002D39CE8F0C3
:10D57000A3E9F0AA21AB22228521828522837404AB
:10D58000F08A828B83A3A3A3A3A3A3A3A3E0227403
:10D59000F7120BE0780079007C007D0080010D908F
:10D5A000388BE493FEEDC39E502AED75F01AA4FE6D
:10D5B00085F008AF0874A32EF582740D3FF583E063
:10D5C000F460DB8C0874012CFCAE08EA6E4B70CE64
:10D5D000A882A983E8FAE9FB02D11174F6120BE0E4
:10D5E000E4F508F50978081211DC12D8A612D7D58F
:10D5F000121C6D74021211B9E9FE74096E700312E7
:10D600001619EEF902CCEF74F6120BE074FE12124A
:10D610006C852182852283E4F0A3F0A821A92288C9
:10D6200008890978081211DC750802750900780864
:10D630001211DC7C007D007A417B00121C7974049D
:10D640001211B9740202CCEC74F2120BE074E21203
:10D65000126C8A088B09ECFEEDFF750A007A417B9B
:10D6600000121C738A0C8B0DAC0CAD0DEC4D600FD1
:10D67000EE6C7002EF6D60077A417B00121C85E44E
:10D68000F50CF50D780C1211DCEEFCEFFD7A417B08
:10D6900000121C6D74021211B9E9640A700302D7FA
:10D6A000BF740212123C880C890D780C1211DC75C3
:10D6B0000C02750D00780C1211DC7C007D007A00E4
:10D6C0007B03121C7F74041211B9E9600302D7BFF7
:10D6D000852182852283E4F0A3F07E00806A7404B1
:10D6E00012123C880C890D780C1211DC90388412CF
:10D6F0000FE4EEF812D97F7A007B03121C7F7404CA
:10D700001211B9E9600302D7BF7404121510E0F4D6
:10D710006035740412123C880C890D780C1211DCEF
:10D72000903884120FE4740412151012D7C912D95C
:10D730008BFA850CF0E912D7CF121C797404121100
:10D74000B9E9707B12DA6F0E852182852283C0824F
:10D75000C08390388BE493F8D083D082C3E098A341
:10D76000E094005021852182852283C082C0837489
:10D770000212151012D7C9D083D082C3E098A3E05B
:10D7800099500302D6DEA821A922880C890D780CB5
:10D790001211DC750C02750D00780C1211DC7C0086
:10D7A0007D007A417B00121C7974041211B9E97072
:10D7B0000EAC08AD097A007B03121C85E960037585
:10D7C0000A01A90A741E02D0C2E0F8A3E0F922A45B
:10D7D0002AF9E82402FCE439FD7A417B002274F244
:10D7E000120BE074FE12126C750A0012D8A6F5082E
:10D7F000E439F5097A417B00121C738A0C8B0DAE5B
:10D800000CAF0DA821A922880C890D780C1211DC0F
:10D81000750C02750D00780C1211DC7C007D007A0D
:10D82000417B00121C7F74041211B97A007B031231
:10D830001C738A0C8B0DA80CA90DE849700CE50827
:10D840006E7003E5096F70138047EE4F60318521DC
:10D850008285228312D8A0EA4B60247C007D037A63
:10D86000417B00122C1BE9F8880A7025EEFCEFFDC5
:10D870007A417B00121C85E96009750A018012E873
:10D88000FEE9FFAC08AD09EEFAEFFB12161FE9F551
:10D890000AA90A02D0C07D017C00850A82850B831B
:10D8A000E0FAA3E0FB22903884E493F8740193F942
:10D8B00090388BE493F508E88508F0A4F8AAF08581
:10D8C00008F0E9A42AF9E824022274F2120BE074A9
:10D8D000FE12126C852182852283E4F0A3F01216D9
:10D8E00025E9600302D973A821A92288088909784B
:10D8F000081211DC75080275090078081211DC7C29
:10D90000007D007A417B00121C7F74041211B9E97A
:10D9100070617E007F007508008043E50875F01A8D
:10D92000A4F8A9F074A328F50A740D39F50B780A48
:10D930001211DC903884120FE4A80812D97F7A41C2
:10D940007B00121C7F74041211B9E9700F850A82E2
:10D95000850B83E0F460050EEE70010F050812D20E
:10D9600050501085218285228312D7C9C3EE98EFCB
:10D970009940A885218285228312D8A002D0C012A6
:10D98000D98BF9E82402FCE439FD22903884E49331
:10D99000F50C740193F50DE8850CF0A4C8AAF08588
:10D9A0000DF0A42A2274F1120BE074E412126C85BB
:10D9B0002182852283E4F0A3F07E008075EE75F06D
:10D9C0001AA4F8A9F074A328F508740D39F509858F
:10D9D000080CF50D750E00780C1211D812CFE474F6
:10D9E00005121244121B4174031211B9740212126F
:10D9F0003C880A890B780A1211DC903884120FE4F3
:10DA0000EEF8903884E493F50A740193F50BE885F9
:10DA10000AF0A4C8AAF0850BF012D7CF121C7974B3
:10DA2000041211B9850882850983E0F4600312DAD3
:10DA30006F0E90388BE493F8EEC3984080A821A92C
:10DA4000228808890978081211DC75080275090016
:10DA500078081211DC7C007D007A417B00121C7971
:10DA600074041211B9741C1211B97F07020EE885F3
:10DA70002182852283E02401F0A3E03400F022A378
:10DA8000A312DBC98882898322C082C083900505E6
:10DA900012DBC512DDE4901AD1E0F4601B9005079B
:10DAA00012E327603612DD88F8901AD1E068602210
:10DAB00012DDD680E812DDD690050712E327601B41
:10DAC00012DEC012DA7FE060ECC394F150E7A3E00D
:10DAD00060E312DD91FAA3E0FB80047A007B008012
:10DAE0000312E06CD083D08202118674F6120BE030
:10DAF00074F112126C852182852283E4F0A3F01266
:10DB000020CF8A088B09AE08AF09EE4F700302DB05
:10DB1000C0122FE18E828F83A3858208858309122C
:10DB2000DEC4122F7512E316700302DBB985218261
:10DB3000852283A3E0C812DD70E0C39481407A8E11
:10DB4000828F83E0706985088285098312DBC57442
:10DB50000312151012DDE774021215107404F0EEB2
:10DB60002403FCE43FFD7405121510AA82AB831256
:10DB7000237574021212441223B1E9702012DBCF14
:10DB8000121CC17A237B05122F9F7A007B409005DF
:10DB900004E0F9121CC1790C122FA58023AC21AD31
:10DBA0002285088285098312E0E67901122FC98552
:10DBB000218285228312DD82F0EEFAEFFB121BFB3D
:10DBC000740F02E0EC12DBC922E0F8A3E0F9229026
:10DBD0000503E4F07A40FB900504E0F92274EC12AE
:10DBE0000BE074F712126C89088A108B118C0E8D61
:10DBF0000F90050712E327700302DD667E0012DD39
:10DC000091F50AA3E0F50B74081215107403F0E502
:10DC100008600BAC21AD22AA10AB111223877F0044
:10DC2000E50A2404F50CE4350BF50D805775090160
:10DC300078091211E0E508F50978091211E074027B
:10DC400012123C8812891378121211DC90052A12E4
:10DC50000FB7900523E0FD90052912DD74A3A3A35F
:10DC600012DDBC122FAB74061211B9E9F50974B2BA
:10DC70006509700302DCFCE970097E01E5087003A8
:10DC800002DD050F12DDA4A3A3A3E0F8EFC39840C3
:10DC90009C74B265096065EEA2E05004E508605C22
:10DCA0007F00800AE970067E01E50860580F12DDEA
:10DCB000A4E0F8EFC398504475090078091211E008
:10DCC000E508F50978091211E0740212123C881275
:10DCD000891378121211DC90052D120FB7900523CD
:10DCE000E0FD90052C12DD7412DDBC122FAB740622
:10DCF0001211B9E9F50974B2650970A8EEA2E050F5
:10DD000014E5087010850E82850F8312E1B012DDD4
:10DD10007074808009850E82850F8312DD82F07415
:10DD2000B26509702012DBCF121CC17A237B051269
:10DD30002F9F7A007B40900504E0F9121CC1790CFA
:10DD4000122FA58021901AD1E0F4701A800D12DDF7
:10DD5000886008C394F1500302DBFC12DDD6900505
:10DD60000712E32770E874091211B97F0C020EE85C
:10DD700012E30D22E0FCEF25E0F8E433F98A828B10
:10DD8000832212E30474FF2212DD9EA3A312E2F6A3
:10DD90002290050712DD9BA3A3E022E0F8A3E0F5A3
:10DDA00083888222850C82850D8312DBC9E8FAE91B
:10DDB000FB8A828B83A3A3A3A3A3A322A3A3A3A3CE
:10DDC000A3A3A3E028FAA3E0398A82F58312DFC671
:10DDD000850B83E0F92290050712E2F6F8A3E0F93B
:10DDE00012DDE422900507E8F0A3E9F02274F712AF
:10DDF0000BE074ED12126CEAFEEBFF8521828522A6
:10DE000083E4F0A3F0750800122FE112DD9112DE19
:10DE1000BEA3E0A2E0400302DEB9EE2413F582E4E3
:10DE20003FF58312DA81A3E0FC88828983A3A3E013
:10DE3000FBECFA740212151012E06C740A12151041
:10DE40007402F07C237D05E82404FAE439FB1220F7
:10DE5000DB740212151012DEC4122F7512E3166065
:10DE600058740B12124C85218285228312DEBF1258
:10DE7000E0E6122387E96005750801801885218294
:10DE800085228312E1B0240DF582E438F5837423F2
:10DE9000F0A37405F0AC21AD22740212151012E04B
:10DEA000E6A908122FC985218285228312E2FFF498
:10DEB00070077A237B05122F9F741302E085F8A365
:10DEC00012DD9E22E0FAA3E0FB900523E0F9227424
:10DED000F2120BE0750800EA2404F8E43BF9E8FECE
:10DEE000E9FF12DFA2750CA3750D80780C1211DC0E
:10DEF0007C1812DFAC12205774021211B9E96401C8
:10DF0000700375080212DFA2780C1211DC7C1885F0
:10DF10000A82898312E0DC850A828983A3A3A3A3F2
:10DF2000A3A3A3A3A3E0F912205774021211B9E925
:10DF300064017006E508D2E0F50812DFA2750C0056
:10DF4000750D80780C1211DC7C3112DFAC12205779
:10DF500074021211B9E964017006E508D2E0F5080F
:10DF60008E828F8312DBC5E8FEE9FF780C1211DC8C
:10DF70007C318E828F8312E0DC8E828F83A3A3A3F9
:10DF8000A3A3A3A3A3A3E0F912205774021211B90B
:10DF9000E964017006E508D2E1F508A9087F0602E8
:10DFA0000EE88E828F8312DBC9880A22850A828955
:10DFB00083A3A3A3A3A3A3A312DFC68983A3A3A3BD
:10DFC000A3A3A3E0F922E0FAA3E0FB850A8222746E
:10DFD000F4120BE074FE12126C85218285228312EA
:10DFE000E06C8908ECFFEDFE741312151012E2E6E6
:10DFF000E0FA122F81E97024A821A922880A890B4E
:10E00000780A1211DC7C01741012151012E0E6EF90
:10E01000F912205774021211B9E9700479B1803FE6
:10E020007412121510E060359005C212E327602DBE
:10E03000780A1211DC7D01EEFC741212151012E048
:10E04000E6A9089005C2E012DEBE12315774021232
:10E0500011B98B0BEA450B700479B2800279007418
:10E06000021211B97F04020EE890050BEAF0A3EB4F
:10E07000F02274F7120BE0E9901AC7F07A017906E2
:10E080001230A180031211B97F01020EE874F6125A
:10E090000BE0EAFEEBFFEE2407F8E43FF98808897D
:10E0A000098882F58312E0E6EA4B600D121BFB85BE
:10E0B0000882850983E4F0A3F0EE240AF8E43FF92E
:10E0C000E8FEE9FF8E828F8312E0E6EA4B600B12D6
:10E0D0001BFB8E828F83E4F0A3F08013A3A3A3A382
:10E0E000A3A3A3A3A3A3E0FAA3E0FB221211B97F89
:10E0F00002020EE8C082C08390051F02DAE1C082EE
:10E10000C08390052102DAE174F6120BE0EAFEEB1F
:10E11000FF7A007B40900504E0F9121CC1EEFCEF91
:10E12000FD7A097B05123005EA4B605C8E828F8395
:10E1300012DA8112E197F088828983E0FCA3E0FD86
:10E140008A828B83ECF0A3EDF088828983A312E1AD
:10E1500097A3F08E828F8312E1B0240AF582E4380F
:10E16000F58312DBC58A828B83A3A3A3A3A3A3A3F6
:10E17000A3A3A312DDE712E3AEE4F0EA240DF582D7
:10E18000E43BF583E4F0A3F07A007B40900504E0E3
:10E19000F9121BA102E0EFA3A3A3A3A3A3A3A3E0EF
:10E1A0008A828B83A3A3A3A3A3A3A3A32290050B7B
:10E1B000E0F8A3E0C82274F7120BE074F712126CB7
:10E1C0009082A0AC21AD22740912110290050B12AD
:10E1D000E327702090050912E0E6122F7B12E06918
:10E1E00090050B12E327705290050912E327703C4B
:10E1F000790B803A90050BE0240CF8A3E03400F989
:10E2000088828983E0A2E75031547FC39404402A76
:10E2100090050D12E327701C90050912E0E6122FFD
:10E220007B12E06990050B12E327700E7900122F24
:10E23000A502E2E190050B12DDE79083CC120FB34B
:10E240007A007B40900504E0F9121CB574041211A9
:10E25000B990050FE0640890050B606812E2F2F8CF
:10E26000A312E2E612DDE712E1AD2408F582E438FC
:10E27000F583E0C0E07408121510D0E012E2FB0450
:10E2800012E2FBA2E750127D007C00790012E2EF5F
:10E29000FAA3E0FB122105803175080078081211FD
:10E2A000E012E1AD2409F582E438F583E0F912E2E9
:10E2B000EFFCA3E0FD740112124412210B74011251
:10E2C00011B9800612E2FFD2E6F012E1AD240FF59B
:10E2D00082E438F58312E0E6122F7B90050D12E000
:10E2E0006C740902E085E0F9852182852283229001
:10E2F000050B12E2F62212DD9BE022F090050B12D4
:10E30000E304E022E0F8A3E0C812E30D22240CF5B8
:10E3100082E438F58322852182852283EAF0A3EB0B
:10E32000F085218285228312DBC9E8492274F71225
:10E330000BE0E978006023E825E0FCE433FD74A3FA
:10E340002CF58274803DF583E06A7003A3E06B6076
:10E350002308E8C39418502780DDE825E0FCE43367
:10E36000FD74002CF58274803DF583E06A7003A390
:10E37000E06B70047900800908E8C3943140DB79D0
:10E380000102E088C082C083800CEA240FF582E499
:10E390003BF58312E0E6EA4B600D12E3AEE0547FFA
:10E3A000C3940450E580047A007B0002DAE4EA2496
:10E3B0000CF582E43BF58322C082C083900509807E
:10E3C00009EC240FF582E43DF583E0FCA3E0FDECCD
:10E3D0004D60248C828D83E06A7003A3E06B70E152
:10E3E0008C828D83A3A3A3A3A3A3A3A3A3E069709B
:10E3F000D0ECFAEDFB80047A007B0002DAE474F7DB
:10E40000120BE0EAFEEBFF740912151012E4298EDC
:10E41000828F83800C121209F0E9240109E43AFA90
:10E42000A312E43270EF02E76CE0F9A3E0FAA3E094
:10E43000FB22ECFEEDFFEE24FF1CEF34FFFDEE4F60
:10E440002274ED120BE0890C8A0D8B0E74131215D9
:10E450001012E7D2A3E0F50AECF8EDF9E824FF1C6E
:10E46000E934FFFDE8496037A90CAA0DAB0EE92499
:10E4700001F50CE43AF50D850810850911850A129D
:10E48000E5082401F508E43509F509121209F8A98F
:10E4900010AA11AB121212096860BD7900800279CE
:10E4A000017F0B020EE874F6120BE0E9FE8C088D7A
:10E4B0000978081211DCEEFC7D001223337402127D
:10E4C00011B902E7CD74F0120BE0E9FE8A828B836A
:10E4D000E0F50CE4F50DF50EF50F74026E70051203
:10E4E000E559804774036E701212E5531211427899
:10E4F0000C790812137712E544803074046E70377B
:10E5000012E553121142780C790812137712E54480
:10E510007808121142780C79081213778A828B835B
:10E52000A3A3A3E0F508E4F50A74187808121142D1
:10E53000780C7908121377AA0CAB0DAC0EAD0F7FD7
:10E5400008020EE88A828B83A3A3E0F508E4F509AC
:10E5500074102212E559780822A3E0F508E4F509C1
:10E56000F50AF50B740822C082C083121B35807334
:10E5700074F6120BE0EAFEEBFFEE4F603DEE240571
:10E58000FAE43FFB121BF58A088B09A808A909E8E1
:10E5900049602788828983E4F0A3F088828983A375
:10E5A000A3EEF0A3EFF088828983A3A3A3A374FF53
:10E5B000F0E82405FAE439FB80047A007B0002E7E6
:10E5C000CDC082C083EA4B70047905801612E65CE8
:10E5D00060047904800DEA24FBFAEB34FFFB121B84
:10E5E000FB7900D083D08202118674F7120BE07C95
:10E5F00000121B7102E77074F7120BE0E9FEECFFEA
:10E60000EA4B6027908411E0F8EEC3984007121B94
:10E610006579038044EA24FBF582EB12E87512EA7F
:10E620003B700512E65C6007121B657905802AEED7
:10E63000F074016F700DEAFCEBFD7AB17B0E121BDA
:10E640008F800BEAFCEBFD7AB17B0E121B837A0004
:10E650007B80EEF9121BA1790002E770EA24FFF536
:10E6600082EB34FFF583E0F42274F2120BE0890CA4
:10E67000750A00750B007E007F00A2AFE433F50D34
:10E68000C2AF900EB18015EE4F700685080A85095D
:10E690000BE50824FBF582E50912E87512E7D2E5DF
:10E6A0000845096023E50824FFF582E50912E875AD
:10E6B000E0650C70D2EE4F7006AE08AF0980D27ADA
:10E6C000007B80121BA1800B7A007B80121BA7EEBF
:10E6D0004F6015780A1211DCEEFCEFFD7AB17B0E6B
:10E6E000121B9574021211B9E50DA2E092AFEEFA79
:10E6F000EFFB7F06020EE8C082C083EAFCA2AFE413
:10E7000033F8C2AF900EB18009EA24FBF582EB1218
:10E71000E87512E42CEA4B6015EA24FFF582EB124F
:10E72000E875E06970E38A828B83E06C70DBE8A2B5
:10E73000E092AF02E5E3A2E092AF803474F7120BEF
:10E74000E0A2AFE433FEC2AF12E86FE4F0A3F080C2
:10E750000612E8BFFAE9FB8A828B8312EA3B70F16A
:10E760008A828B83ECF0A3EDF0EE80CAAA82AB83A1
:10E770007F01020EE874F6120BE078007900A2AF78
:10E78000E433FEC2AF8A828B83E0FCA3E0FDEC4D54
:10E790006032ECF8EDF9E824FBFCE934FFFD8C82F3
:10E7A0008D8312E7D28A828B83E508F0A3E509F016
:10E7B0008C828D83E4F0A3F0E824FFF582E912E86F
:10E7C0007574FFF0EEA2E092AFE8FAE9FB7F020277
:10E7D0000EE8E0F508A3E0F5092274F7120BE0A8B3
:10E7E000A8C2AF8A828B83E0FEA3E0FF12E86FEE3F
:10E7F000F0A3EFF08A828B83ECF0A3EDF0E8A2E7C0
:10E8000002E73874F5120BE0A2AFE433F50AC2AFA9
:10E81000EC24FBF8ED34FFF9E8FEE9FF8E828F83EC
:10E82000E0F8A3E0F98A828B8312E7D2EC650870E6
:10E8300003ED650970068A828B838012740B1215B2
:10E8400010E0FAA3E0CA24FBF582EA12E875E8F0CA
:10E85000A3E9F08E828F83E4F0A3F0EC24FF12E8AA
:10E860007274FFF0E50AA2E092AF7F03020EE8ECBB
:10E8700024FBF582ED34FFF5832274F7120BE0EAF6
:10E88000FEEBFF89087A00A2AFE433FBC2AF12EAC5
:10E890003770068015E508601C150812E8BFFEE910
:10E8A000FF12EA3770EFE508600B8E828F83ECF081
:10E8B000A3EDF07A01EBA2E092AFEAF902E770E88B
:10E8C00024FBF8E934FFF9E82274F7120BE0E9FEC3
:10E8D000908411E0F8EEC3985027ACA8C2AFEE299F
:10E8E000F8E433F9900EB3E028FDA3E0398D82F50A
:10E8F00083E04AF0A3E04BF0ECA2E792AF7900800E
:10E9000002790302E77074F7120BE0E9FF908411BB
:10E91000E0F8EFC398501FAEA8C2AFEAF4FCEBF4E6
:10E92000FDEF2912EA25E05CF0A3E05DF0EEA2E73E
:10E9300092AF79008002790302E770E9F874FF680A
:10E940007006D2AF790080027907021186E9F87467
:10E95000FF687006C2AF790080027907021186C095
:10E9600082C083121BE9900EB1E4F0A3F0121C9D4B
:10E97000121C8B121BDD121BEF790002E5E3C08233
:10E98000C083121BC580FB74F6120BE075080012E1
:10E990001BE3121781A808E82812EA2512EA3B7047
:10E9A0000D0508908411E0F8E508C39840E79084CD
:10E9B00011E0F8E508C3985069ACA8C2AFAE08EE04
:10E9C0002EFEE433FF900EB3E02EF8A3E03FF9886B
:10E9D00082898312E42C88828983E4F0A3F0ECA27C
:10E9E000E792AFE508901ADEF0F9740A2EF582740A
:10E9F000823FF583E0F8A3E0F583888212315790D7
:10EA00001ADE74FFF0A8A8C2AF900EB3E02EF9A3EF
:10EA1000E03F8982F583E04AF0A3E04BF0E8A2E70B
:10EA200092AF02E7CDF8E433F9900EB3E028FAA3F1
:10EA3000E0398A82F583228E828F83E0F8A3E0F9A1
:10EA4000E8492274F0120BE07410121510780C12C1
:10EA5000149D12EAB2850E0A850F0B741078081205
:10EA600012238A828B83A3A3E508F07418780C1212
:10EA700012238A828B83A3A3A3E50CF0EA2404FA71
:10EA800050010B02E53F74F0120BE07410121510E8
:10EA9000780C12149D12EAB27410780C1212238AA8
:10EAA000828B83A3A3E50CF0EA2403FA50010B0246
:10EAB000E53F850C088A828B83E508F0850D09E522
:10EAC00009A3F02274F7120BE0E9FDEA4B60187815
:10EAD00000800108E8C39C5012E8FEEA2EF582E4AB
:10EAE0003BF583E06D60EC79008002790102E7700C
:10EAF000C082C083906180E4F0E04409F0906189B5
:10EB0000E0D2E5F0906182E0D2E0F0E0D2E1F0E026
:10EB1000D2E2F09007097401F002EDFB74E6120BEB
:10EB2000E074F612126C8A088B09ECFEEDFFEA45E0
:10EB300009601BEA2408F518E43509F519851882DF
:10EB4000F583E0F8740268600A740368600579E888
:10EB500002ED7C12185FE9F46005791E02ED7C85F8
:10EB60001882851983E0F50A12186B8A108B118CB4
:10EB7000128D131218718A148B158C168D1785102F
:10EB80000C85110D85120E85130F780C7914121354
:10EB9000FC7402650A750A00703B8A0C8B0D8C0EA2
:10EBA0008D0F74FE550A780C121223E50CA2E0407A
:10EBB0001985100C85110D85120E85130FE50A7845
:10EBC0000C121223E50CA2E05046050AE50AC39494
:10EBD00018503D80C5850C10850D11850E12850FCE
:10EBE00013751403751500751600751700E50AC333
:10EBF0003378141211427810791412139DE51045E0
:10EC000011451245136009050AE50AC3940C40C575
:10EC10007418650A7059851882851983E06402604A
:10EC20005FE50AF50C750D00851882851983E0648F
:10EC30000270527406121510EEF07407121510EFE0
:10EC4000F0850882850983E0C0E07408121510D0B1
:10EC5000E0F0850882850983A3E0C0E074091215FD
:10EC600010D0E0F07904740612124C7402801E7405
:10EC70000C650A70AC851882851983E0640370A165
:10EC8000791A02ED7C7908AC08AD097403780C128E
:10EC9000138A250CFA7461350DFB121961851882EF
:10ECA000851983E064027903AC21AD22704E7A6746
:10ECB0007B611219677903AA21AB22121B538A0CBC
:10ECC0008B0D8C0E8D0F751001751100751200756E
:10ECD0001300E50A7810121142780C79101213FC17
:10ECE000780C1211D47407121244121BD17404123E
:10ECF00011B97903E912124C7A67806A7A647B61F0
:10ED00001219677903AA21AB22121B538A0C8B0DAF
:10ED10008C0E8D0FE50AC333FA751001751100755D
:10ED200012007513007810121142780C791012132A
:10ED3000FC75100175110075120075130074012A1D
:10ED40007810121142780C79101213FC780C121101
:10ED5000D47407121244121BD174041211B979032E
:10ED6000E912124C7A647B61121961851882851947
:10ED700083E0FB7A01A90A1218657900740A12115E
:10ED8000B97F12020EE874F7120BE0EA4B6021EA39
:10ED90002408FEE43BFF8E828F83E0F874026860F3
:10EDA00005740368700A12185FE9F974FF6970044A
:10EDB00079E8800D8E828F83E0FB7A0012186579E6
:10EDC000007F01020EE8C082C08374016990070AC7
:10EDD000700B7401F090618AE0D2E28008E4F09058
:10EDE000618AE0C2E2F080137B611219677903AA9D
:10EDF00021AB22121B5374031211B9D083D08202AB
:10EE00001186C082C08390070AE06401700479FE15
:10EE1000800279FF80E5C082C08390070AE0600429
:10EE200079018009906163E0F8744058F980CC74EE
:10EE3000E8120BE074F412126C8A828B83A3A3A3F2
:10EE4000A3A3A3A3A3E06402703FEC8521828522E3
:10EE500083F07401121510EDF08A828B83E0C0E01C
:10EE60007402121510D0E0F08A828B83A3E0C0E018
:10EE70007403121510D0E0F0A821A922880E890F82
:10EE80007E047F0112186B800B8A0E8B0F7E087F29
:10EE9000021218718A108B118C128D13750B00855C
:10EEA0001014851115851216851317E50B781412A9
:10EEB0001223E514A2E05053EFF5F0E50B84F50CB6
:10EEC000EEF9740412124CE50C89F0A4FAA8F0E4EF
:10EED00028FB74613BFB121967740412123C88080A
:10EEE0008909750A0078081211D8EEFC7D00850E9C
:10EEF00082850F83A982AA837B00121B47740312A9
:10EF000011B9E964017004A90C800CEF250BF50B15
:10EF1000C39418408A79FF740C1211B97F10020E45
:10EF2000E874EC120BE0E9FEEAFF8B08751001753E
:10EF30001100751200751300EEC3337810121142E0
:10EF4000750C01F50DF50EF50FEE780C121142045B
:10EF50006F702E74026508701412186B8A108B1172
:10EF60008C128D137810790C1213FC8031121871E9
:10EF70008A0C8B0D8C0E8D0F780C79101213FC807F
:10EF80003D74026508702012186B8A108B118C1268
:10EF90008D13780C1214307810790C12139D7810A0
:10EFA0001211D47A83801E1218718A0C8B0D8C0E6C
:10EFB0008D0F7810121430780C791012139D780C84
:10EFC0001211D47A867B61121BD174041211B97F9D
:10EFD0000C020EE8C082C08374FD12126C7903AC7F
:10EFE00021AD227A8302EDE8C082C08374FD121243
:10EFF0006C7903AC21AD227A8602EDE874EC120B39
:10F00000E074FC12126C852182852283EAF0A3EB66
:10F0100012F43112F3DBE0F513F874D328F582E42F
:10F020003437F583E493F5087402121510E508F0FF
:10F03000A3E4F07402121510E0700302F3A6740D3D
:10F0400065137046740212124479531219857402C2
:10F05000121510E064FE7003A3E0F4700302F2EBFB
:10F060007402121510E0F47003A3E0F4700302F2CE
:10F07000EB12F3E3A3A3E0700302F2EB8521828598
:10F080002283E0FEA3E0FF02F2757405651370159C
:10F09000852182852283E0F812F3F179002421F89A
:10F0A000502E09802B74076513703112F3E3E07062
:10F0B0000F7402121510E0241BF0A3E03400801B33
:10F0C00085218285228312F3F175F021A4F8A9F03D
:10F0D0007402121510E028F0A3E039F07402121542
:10F0E00010E0FAA3E0FB121B5F8A0A8B0BAE0AAF9B
:10F0F0000BEE4F7044740C6513600302F3A612F418
:10F100000C700302F3A6A2AFE433F50AC2AF122ECD
:10F11000617402121510E0FAA3E0FB121B5F8A0C67
:10F120008B0DAE0CAF0DEE4F7009E50AA2E092AF69
:10F1300002F3A6E50AA2E092AF852182852283E050
:10F14000F50CA3E0F50D750E00780C1211D8AC0883
:10F150007D00EEFAEFFB121B4174031211B9EE248D
:10F1600009F50AE43FF50BEE2408F50EE43FF50F30
:10F1700074056513600302F1FF12F3CAEE2403F570
:10F180000CE43FF50D850C82F583E0F510A3E0F566
:10F190001175120078101211D87C217D00AA08ABDD
:10F1A00009121B4174031211B9850C82850D83E588
:10F1B00008F0A3E509F0850A82850B83E0F510A32A
:10F1C000E0F51178101211D8850E82850F83E0FCCE
:10F1D0007D00E5082421FAE43509FB121B41740384
:10F1E0001211B9850C82850D83E02421F8A3E03447
:10F1F00000F9850A82850B83E8F0A3E9F080767434
:10F20000076513707090187A12F3FE606890187A90
:10F21000E0F50CA3E0F50D90187AE4F0A3F0881067
:10F220008911F51212F3CA8E828F83A3A3E0850A97
:10F2300082850B837012E508F0A3E509F0781012BF
:10F2400011D87C1B7D00801AE508F0A3E509F07851
:10F25000101211D8850E82850F83E075F021A4FC71
:10F26000ADF0AA08AB09121B4174031211B9AA0C24
:10F27000AB0D121BFB90187D12F3FE6010EEFAEF3F
:10F28000FB12F3DD123157E9600302F392740D654E
:10F2900013600302F34812F405F988828983E0FAC7
:10F2A0001313543F540FF9A3E0F874035AC39402A4
:10F2B000501D9018F5E069701674C058701112F462
:10F2C00026C8241BF582E438F583E06402602374C9
:10F2D0000369701712F3D4740112F431FAA3E0FB3E
:10F2E0009018E3E0F9121B6B02F3A6AA21AB2202ED
:10F2F000F3A3EE2413F8E43FF9E8241CFAE439FB05
:10F30000E8241DF582E439F583E0F912230912F4AB
:10F3100026C8241CF582E438F583E0F47003A3E0EA
:10F32000F4706312F405C82406F582E438F583E02E
:10F33000C394024051EEFAEFFB1229C3E96067AAB9
:10F3400021AB22122E61805E740C6513706212F381
:10F35000D4A3E0641A602F8E828F83A3A3A312F339
:10F36000FE6023E8240EF582E439F583E0A2E05044
:10F3700015EE240CFAE43FFBEE240DF582E43FF594
:10F3800083E0F9122309EEFAEFFB901952E0F9122B
:10F390001B6B740C6513600674116513700812F40E
:10F3A0000C6003122E6174041211B97F0C020EE876
:10F3B0007411651370D08E828F83E4F0EEFAEFFB48
:10F3C0009018E3E0F9121B6B80D4EE240BF508E4EF
:10F3D0003FF50922852182852283E0F8A3E0F583A9
:10F3E00088822212F3E72212F426F5838882A3A3EF
:10F3F00022A3E0C82408F582E438F583E02212F461
:10F400002CF9E8492212F3E712F42C228521828597
:10F410002283E02403FAA3E03400FB8A828B831268
:10F42000F42CF9E84922852182852283E0F8A3E0C3
:10F4300022F0852182852283E022C082C0831229A6
:10F44000A5D083D082021186790002118674F6124B
:10F450000BE0E9FEEAFCEBFD90187CE060518C8249
:10F460008D83E0F87900EEC3943250047E32800838
:10F47000EEC3946F40027E6E90187CE06401701FB2
:10F48000EE24CEF508E434FFF509E88508F0A4C8B9
:10F49000AAF08509F0A42AF97A3C7B00120986C3F8
:10F4A000E99401400474FF8001E88C828D83F07F31
:10F4B00002020EE8E5A4852182852283F0E5A5C03D
:10F4C000E07401121510D0E0F0E5A6C0E07402125D
:10F4D0001510D0E0F07403121510E4F0E8A2E792E2
:10F4E000AF8521828522831214F974041211B9D0D8
:10F4F00083D082021186C082C08374E012126C90A5
:10F5000061A97414F09061AB743FF0A37455F0904E
:10F5100061A87485F0907803E0F8749568600574CC
:10F520003468700C906265740FF090619674F8F016
:10F530009061AEE4F09061B27415F0906182E4F0F5
:10F540009061B57410F0A3740EF0A37403F0906191
:10F55000FA7409F09061E574FFF0439A01D2A84370
:10F56000A90153B9FE43A90453B9FB906249E09045
:10F570000713F0A8A8C2AF75C30275A20075A3282F
:10F58000E8A2E792AFE59E70FC439403E594A2E203
:10F5900050FA43940AD2BA9061897448F0121A9FC3
:10F5A000906199E0A2E050F8780079007A10E8259F
:10F5B000E0F8E933F99061A7E0A2E0E433FCE84C1D
:10F5C000F8DAEBE849600A748068700374036970C4
:10F5D0000478BE79BAE8F5BCE9F5BC900722E0F8FA
:10F5E000A3E0F9E8496042790078007A089061A7C1
:10F5F000E0A2E0E433FBE8334BF8DAF1E9FA8521E5
:10F6000082852283E5822AF582E43583F583E8F05A
:10F6100009E9C3942040D2AA21AB22900722E0F846
:10F62000A3E0F5838882123157121AA5906189747C
:10F6300040F0E0D2E5F0906164E4F0A3F0A3F0A321
:10F64000F0A3F0A3F0742002F4ECE5B454F3440406
:10F65000F5B4E5BDF9021186E5B454F34404F5B4FC
:10F66000E5BDF9E5BCFAE9FB021186A9A8C2AF75B0
:10F67000C301A8A3AAA2E9A2E792AFE8FB02118600
:10F68000C082C08374FC12126CA8A8C2AF75C300FC
:10F69000E5A202F4B4C082C08374FC12126CA8A864
:10F6A000C2AF75C31002F4B474F4120BE074FC1210
:10F6B000126C12F7FF852182852283780812149D2F
:10F6C00090833878081213B012F780600312176322
:10F6D00090071EC082C08312192B8A088B098C0ADE
:10F6E0008D0BD083D0827808121364852182852205
:10F6F00083780812125490071E780812147FA8A865
:10F70000C2AF75C300852182852283E0F5A4740110
:10F71000121510E0F5A57402121510E0F5A6E8A286
:10F72000E702F81374F4120BE074FC12126C12F777
:10F73000F112149D90833878081213B012F780608C
:10F7400003121763A2AFE433F8C2AFE5A7A2E450F7
:10F7500005D20053A7EF75C330852182852283E04F
:10F76000F5A47401121510E0F5A57402121510E04D
:10F77000F5A675A1EFA200500343A710E802F81107
:10F78000E5084509450A450B2274F4120BE074FCA8
:10F7900012126C12F7F112149D908338780812132C
:10F7A000B012F7806003121763A2AFE433FEC2AF5A
:10F7B000E5A7A2E35005D20053A7F775C320852122
:10F7C00082852283E0F5A47401121510E0F5A5747A
:10F7D00002121510E0F5A653A1F7A200500343A7AB
:10F7E000088521828522831214F91217F9EE02F896
:10F7F0001112F7FFC20085218285228378082285B5
:10F800002182852283EAF0A3EBF0A3ECF0A3EDF0D4
:10F8100022A2E092AF74041211B97F04020EE874C0
:10F82000F4120BE074FC12126C852182852283E4B1
:10F83000F0A3F0A3F0A3F0A2AF33FEC2AF75C300F4
:10F84000E5A2E5A4852182852283F0E5A5C0E074C8
:10F8500001121510D0E0F0E5A6C0E07402121510F8
:10F86000D0E0F090071E780812149D852182852231
:10F870008378081213C390071A780812149D852103
:10F88000828522837808121440504190071E780820
:10F8900012149D90071578081212D7702F1218AD08
:10F8A0008A088B098C0A8D0B90071E78081213C3E7
:10F8B0001218AD8A088B098C0A8D0B85218285224E
:10F8C0008378081213C39007197401F0852182858B
:10F8D00022831214D590071A1214E190071E1214F5
:10F8E000D59007151214E1EEA2E092AF8521828532
:10F8F00022831214F902F815C082C0839007147491
:10F9000080F043A70102F4EFC082C08353A7FE90AA
:10F910000714E0F902F4EF74F4120BE0A2AFE43341
:10F92000FEC2AF900719E070151218AD8A088B0956
:10F930008C0A8D0B90071E78081213C38002E4F026
:10F94000EEA2E092AF02F81A74F2120BE074FF120A
:10F95000126CE9FE8A088B098C0A8D0B750C05EA7E
:10F9600045096074EC450B606FEE8521828522832A
:10F97000F0800990830C1214F912172DAF0C74FF4C
:10F980002FF50C0460107C017D00AA21AB2279A622
:10F990001217A5E970DDE50C70107C017D00AA212D
:10F9A000AB2279A61217A5E9702E750C0580099077
:10F9B000830C1214F912172D850C0D74FF250DF50B
:10F9C0000C046014AC0AAD0BAA08AB0979A7121796
:10F9D0009FE970DB79008002790174011211B97F0F
:10F9E00006020EE874F5120BE074F012126CECFED5
:10F9F000EDFF750805EA4B6068EE4F606485218273
:10FA0000852283E9F078007900EA28F582EB39F560
:10FA100083E0C0E0852182852283E58228F582E5A6
:10FA20008339F583A3D0E0F008E8700109C39EE9AB
:10FA30009F40D685080A74FF250AF508046022EE67
:10FA40002401FCE43FFDAA21AB2279A61217A5E907
:10FA500070047900800D90830C1214F912172D8018
:10FA6000D2790174101211B97F03020EE874F612F4
:10FA70000BE074FD12126C7401121510E4F0A3F087
:10FA8000852182852283F07E0380099083101214E1
:10FA9000F912172DEEFF74FF2FFE04600FAC21AD9D
:10FAA0002274011212441216FDE970DF740112155E
:10FAB00010E064607004A3E0640160047901804A8E
:10FAC0007E0380099083101214F912172D74FF2EF3
:10FAD000FE046006121703E970EA9083F01214F92D
:10FAE00012172D7E0380099083101214F912172D1E
:10FAF00074FF2EFE0460087902121709E970E8907D
:10FB000083141214F912172D79007403805D74F6B2
:10FB1000120BE074FE12126C8A088B09ECFEEDFFEA
:10FB2000EA4509603EEE4F603A7C027D00AA21ABB7
:10FB30002279001216EBE9702A852182852283E062
:10FB4000FA7401121510E0F9EA850882850983F03C
:10FB5000A3E9F07C017D00EEFAEFFB79011216EBD0
:10FB6000E9600479018002790074021211B97F0200
:10FB7000020EE8C082C08374FF12126C8521828558
:10FB80002283741112FBB91216F1E9600479018025
:10FB900002790002FBC9C082C08374FF12126CE9B3
:10FBA00085218285228312FBBF79101216F1E9604C
:10FBB00004790180027900801012FBBF791222F0D3
:10FBC0007C017D00AA21AB222274011211B9D083DD
:10FBD000D0820211867F08020EE8C082C083EA4B01
:10FBE000600C7C017D0079201216EBE9600479013C
:10FBF0008002790002FBCE74F7120BE074FF121240
:10FC00006CEAFEEBFFEE4F600AAA21AB2212170F3F
:10FC1000E9600479018017852182852283E0A2E1D1
:10FC2000500474018001E48E828F83F079007401A6
:10FC3000800274021211B97F01020EE874F6120BF1
:10FC4000E074FE12126CEAFEEBFF8C088D09EE4F99
:10FC50006027EC450960227C017D00EC121244799A
:10FC6000211216EBE97012740112151012FCE1AAB0
:10FC700021AB2212170FE960047901800C12FC8C71
:10FC8000850882850983F0790002FB6985218285D8
:10FC90002283E01313543F54032274F7120BE074D1
:10FCA000FE12126CEAFEEBFFEE4F60107C027D004C
:10FCB000AA21AB2279221216EBE9600479018010A7
:10FCC000852182852283E0FA740112151012FCD37B
:10FCD00002FC32E0F9EA8E828F83F0A3E9F079002A
:10FCE00022E054078E828F83F0A3E4F0228020006C
:10FCF0000000000000000000000000000000000004
:10FD0000000000000000000000000000000000EA09
:10FD1000F8EBF9E824FF1AE934FFFBE84970D00258
:10FD2000118674F0120BE08A088B098C0A8D0B8007
:10FD3000077AE87B0312172785080C85090D850AC9
:10FD40000E850B0F9083547808121364E50C450D53
:10FD5000450E450F70DB02FBD574F7120BE07800FF
:10FD60007900802774002EF582E43406F583E08A5A
:10FD7000828B83F0900680E00412FE2EC3948040B4
:10FD800005900680E4F008E8700109900680E0FE26
:10FD9000A3E06E6007C3E89CE99D40C8E8FAE9FB70
:10FDA00002FF8E74F7120BE0900705E0FEF8900753
:10FDB00004E0FFEEC39FE05010C398F895E0F9E827
:10FDC00024FF18E934FFF9800DC398F895E0F9E8AD
:10FDD000247FF8500109C3E89CE99D50067A007B16
:10FDE00000804878007900800BE004F0439A040812
:10FDF000E8700109C3E89CE99D502C8A828B83E05E
:10FE0000C0E0900705E0FE74842EF582E43406F528
:10FE100083D0E012FE2E900706E4F0900705E0C3C1
:10FE2000947F40C5E480C4E8FAE9FB02FF8EF08AC3
:10FE3000828B83A3AA82AB832274F6120BE0900715
:10FE400007E0F8A3E0F9E8FEE9FFEE4F606C121856
:10FE5000118A088B09A808A9097A00900682E0FC9B
:10FE60006016A3E0FBE595C39BFBC39C9006825004
:10FE700005E0C39B8001E4F0E595A3F0C3E8947F1F
:10FE8000E9940040047A018019C3E89430E99400B1
:10FE900040047A02800CE8496008900682E0700213
:10FEA0007A04900706E06006E4F0EAD2E4FAEA6039
:10FEB0000979008E828F831231577F02020EE8C0CB
:10FEC00082C083900681E0FD900680E0FCFAEDF8A8
:10FED000C39C4008E8C39AFA95E0800D7480C39AE9
:10FEE000FA95E0FBEA2DFAE43BFBD083D0820211C5
:10FEF0008653FF3F85FFFF53F1FE43F30C53F2F3AC
:10FF000075868075C480021186C082C083E97068DE
:10FF1000EA241BF582E43BF583E0F8A3E0F99007BF
:10FF200007E8F0A3E9F08A828B83A3E0F874036802
:10FF3000600A740468600575C23B800375C2D8E02E
:10FF4000601314600B14600314700F75C50A800DE4
:10FF500075C509800875C508800375C50B8A828B35
:10FF600083A3A3E0600875C44243F330800375C4E3
:10FF700002438640D2AAD2E9790002FEEA74F7125F
:10FF80000BE0E970051217FF80047A007B007F0107
:10FF9000020EE874F7120BE0E970051218058004F0
:10FFA0007A007B0080E8C082C08312180B02FEEA50
:10FFB00074F7120BE0E9700512181180047A007BC7
:10FFC0000080CBC3EB9400A2D265D0334005EAF8A1
:10FFD000EB8006C3E49AF8E49BF9E8FAE9FB021126
:10FFE00086C082C0837A0079001219F7D2879061A7
:0BFFF000967406F0D083D082021186C8
:020000040003F7
:10000000C082C0839016F212800EF002810FE4F0DD
:10001000A3F0A3F0A32274F0120BE08908EAFEEB30
:10002000FF121CA97410121510780C12149DEA4BC3
:10003000600D8A828B83A3A3780C12147F806A7A66
:100040000D7B00121BF5EA4B605B8A828B83A3A3B6
:10005000A3A3A3A3A3A3E5081280AEEEF0A3EFF041
:100060008A828B83A3A3780C12147F8A828B83E409
:10007000F0A31280AEA3A3A312800FF09016F0128B
:1000800083F09016F06017E0FCA3E08003E8FCE941
:10009000FD8C828D831283F070F38C828D83EAF065
:1000A000A3EBF080047A007B007F08020EE8F08A60
:1000B000828B83A3A3A3A3A3A322C082C083901691
:1000C000F080048C828D83E0FCA3E0FDEC4D602386
:1000D0008C828D83A3A3A3A3A3A3E06A7003A3E0F0
:1000E0006B70E08C828D83A3A3A3A3A3A3A3A3E03F
:1000F0006970D0ECFAEDFB8016C082C083EA4B60D9
:100100000E8A828B83A3A3A3A3A3A3E4F0A3F0D0BE
:1001100083D08202118674F6120BE0AEA8C2AF74CF
:100120000A121510120FB3121CA374041211B98B0A
:1001300009A909EEA2E792AFEA49600479008002BA
:1001400079087F02020EE874F2120BE0A2AFE433EA
:10015000FEC2AF740E121510780812149D780812A2
:1001600011D4121CA374041211B9EA4B60128A82D2
:100170008B83A3A3A3A3A3A3A3A3A3780812147F91
:10018000EEA2E092AFEA4B60047900800279087F2A
:1001900006020EE874F4120BE0A2AFE433F508C2D5
:1001A000AF121CA98A0A8B0BAE0AAF0BEE4F60038D
:1001B000121CAFE508A2E092AFEE4F600479008018
:1001C0000279067F04020EE874F2120BE075080053
:1001D000750900750A00750B00A2AFE433FEC2AFCB
:1001E000121CA98A828B83E58245836007A3A378CA
:1001F0000812149DEEA2E092AFAA08AB09AC0AADBA
:100200000B808C74EA120BE074FC12126C85218254
:10021000852283EAF0A3EBF0A3ECF0A3EDF0A9A80C
:10022000C2AF852182852283780812149D9016F230
:1002300078081213C3E9A2E792AF9016F01283F088
:1002400070030283E09016F0E0FEA3E0FF750C005F
:10025000750D00750A00750B00A2AFE433F50EC2F0
:10026000AFEE2402F508E43FF509740212151012EE
:1002700083F070207401121510E0701885218285BA
:100280002283E0F8850882850983E0C3984005E071
:10029000C3988039850882850983781012149D855A
:1002A000218285228378101214405018852182857E
:1002B0002283781012149D85088285098378101294
:1002C0001314800A85088285098312800EF0EE24BB
:1002D00006F514E43FF515EE2404F510E43FF5119E
:1002E0001283EA70548510828511831283F0704E58
:1002F000EE2409F512E43FF513851282F5831214FA
:10030000D5E8494A4B604D851482851583E0FAA3F0
:10031000E0FBEA4B603E8E828F83A3A3A3A3A3A33B
:10032000A3A3E0F9121BA18512828513831214D5B1
:100330008508828509831214E11283EA700B851007
:10034000828511831283F0600B85148285158312D8
:1003500083F070258E828F83E0F8A3E0F9E50C45E9
:100360000D70059016F08006850C82850D83E8F0EF
:10037000A3E9F08E0A8F0B80048E0C8F0D8E828F76
:1003800083E0FEA3E0FFE50EA2E092AFE50A450B95
:100390006047850A82850B83A3A31283F07033859F
:1003A0000A82850B83A3A3A3A31283F07024850A7A
:1003B00082850B83A3A3A3A3A3A3E0FAA3E0FB85F9
:1003C0000A82850B83A3A3A3A3A3A3A3A3E0F9128B
:1003D0001BA1AA0AAB0B121BFBEE4F600302825358
:1003E00074041211B97F0E020EE885088285098314
:1003F000E0F8A3E0F9E84922C082C0839016F21227
:1004000014F902810F74F7120BE0122EF1122E195B
:10041000122CFF79011222A3E9FE79FF121BB3EE21
:10042000F9806574F7120BE074FF12126C122EEB58
:10043000E9FE852182852283E4F0AA21AB22795648
:1004400012198B7AA77B0E79E212198B12857B60C9
:100450001290187AE0FAA3E0FB121BFB90187AE4E2
:10046000F0A3F0EEF9801C74F7120BE0E9FE74E2E1
:100470006E700B7CA77D0E121CEB790080031219A5
:1004800085800574011211B97F01020EE874F7121C
:100490000BE08908EAFEEBFF74E26508700BEEFCE6
:1004A000EFFD7AA77B0E121CEBEEFAEFFBA9081208
:1004B000198B80D4C082C0838A828B83A3A3A3A319
:1004C000A3A3A3A3E4F0122E1F0286DDC082C08383
:1004D0008A828B83A3A3A3A3A3A3A3A3E4F0122DD7
:1004E000050286DF74F4120BE0EAFEEBFF8E828FCA
:1004F000831214D59018761214E112857B6004796A
:10050000FC80418E828F83A3A3A3A3E0FA74036AC5
:10051000601D1287AE70307A1B7B00121BF51285AE
:100520006860417C1B7D007900121B4D1287D28EC2
:10053000828F83A3A3A3A3A3A3E4F0EEFAEFFB129D
:100540002F2D79000287A98E828F83A3A3A3A3A353
:10055000A3A3E060DA75F021A4FAABF0121BF51248
:1005600087BB70CB791A80DC8A0A8B0BA80AA90B8F
:1005700090187AE8F0A3E9F0E8492290187AE0F8B8
:10058000A3E0F9E8492274F7120BE074FF12126C31
:10059000EAFEEBFF8521828522837401F0AA21AB5C
:1005A00022795212198BEE2415F582E43FF583E48B
:1005B000F0EE2420F582E43FF583E4F0EEFAEFFB61
:1005C000122D0B790002848374ED120BE08A088BE4
:1005D000098C0A8D0BEA241EF8E43509F9880C8988
:1005E0000DEA241CF582E43509F583E0FBEA241BBF
:1005F000F582E43509F583E0FA88828983E0F9120F
:100600002D898A0E8B0FAE0EAF0FEE4F7003028650
:10061000D685081085091175120078101211D87C42
:10062000137D00EE2426FAE43FFB121B41740312F3
:1006300011B9EE2402F8E43FF9880E890FE5082489
:100640001FF582E43509F583E0F510A3E0F5117894
:10065000101211D8850C82850D83E0FC7D00850E7B
:10066000828983E0FAA3E0FB121B4174031211B9E3
:10067000E508241350020509F510850911781012B8
:1006800011D87C0B7D00EE241BFAE43FFB121B41CA
:1006900074031211B9E50A450B60308E828F83A373
:1006A000A3A3A3E0F96024850E82850F83E0FAA35B
:1006B000E0FBEA4B6015850A82850B83123157E90E
:1006C0006009EEFAEFFB121B65800BEEFAEFFB12EE
:1006D0002D8379008002791A7F0B020EE87900D011
:1006E00083D0820211867900028488C082C083127E
:1006F000183B80E9C082C08312184180E2C082C0EA
:100700008312184780D974F7120BE012184D80D667
:10071000C082C08374FF12126CE985218285228316
:10072000F0AA21AB2279E012198B74011211B98061
:10073000AE74F4120BE08A088B09ECFEEDFF7B002F
:100740007A007900122D89EA4B605EEA2431F58245
:10075000E43BF5837402F0EA2426F582E43BF5835A
:10076000E508F0A3E509F0EA242EF582E43BF583E1
:100770007402F0EA242FF582E43BF583EEF0A3EF58
:10078000F0EA2432F582E43BF583E4F0EA2433F521
:1007900082E43BF5837431F0A3E4F0EA2423F5828C
:1007A000E43BF583E4F0122D837F04020EE8EE248F
:1007B00016F8E43FF988088909EA228A0A8B0BA80F
:1007C0000AA90B850882850983E8F0A3E9F0128560
:1007D000702290187AE0240BF8A3E03400F9850821
:1007E00082850983E8F0A3E9F02274F0120BE0742B
:1007F000EA12126C852182852283EAF0A3EBF0A332
:10080000ECF0A3EDF0C20074261215107808121453
:100810009D9083D8780C12149D7808790C121011D1
:10082000700B7A007B007C807D3F028BB885218233
:10083000852283780812149D9083D8780C12149D19
:100840007808790C12101170030288CC85218285FA
:100850002283780812149DEDC2E7F50B901C2478D2
:100860000C12149D7808790C121011701590187FD5
:100870007422F0A3E4F08521828522831214F90208
:100880008BB87426121510780812149D901C2478C9
:100890000C12149D7808790C121011701490187FA6
:1008A0007422F0A3E4F07AFF7BFF7C7F7D7F028BD4
:1008B000B87426121510780812149D901C28780C14
:1008C00012149D7808790C121011700B7A007B00BD
:1008D0007C007D00028BB8852182852283780812F6
:1008E000149D9083D8780C12149D7808790C120E00
:1008F0005050717426121510780812149D74261227
:100900001510780C12149D780C1208B6780C120A87
:10091000F97808790C120219901C2C780C12149D8D
:100920007808790C120E01500B90187F7421F0A3F7
:10093000E4F08098852182852283780812149DED49
:10094000C2E7F50B852182852283780812147F7413
:1009500026121510780812149D78081208B6E508BA
:10096000A2E09200852182852283780812149DE5F9
:100970000B5480443FF50BE50AC2E7F50A740612F2
:100980001510780812147F85218285228378081239
:10099000149DE50A33E50B332482F5083395E0F521
:1009A00009F50AF50B7808120AF974261215107861
:1009B0000C12149D7808790C12063E740E12151054
:1009C000780812147F740E1215101214F9122321D4
:1009D0008521828522831214ED85218285228378E8
:1009E0000812149D78081208B67404121510E50850
:1009F000F0A3E509F074061215101214F912232D54
:100A000074121215101214ED7426121510780812B3
:100A1000149D7404121510E0F50CA3E0F50D339548
:100A2000E0F50EF50F780C120AF97808790C12022D
:100A3000197412121510780C12149D7808790C1282
:100A4000063EC008C009C00AC00B740E121510780B
:100A50000812149D852182852283780C12149D78BA
:100A600008790C120219901C30780C12149D780829
:100A7000790C12063ED00FD00ED00DD00C780C7928
:100A80000812023EAA0CAB0DAC0EAD0F12231B7464
:100A90000A1215101214ED852182852283E4F0A339
:100AA000F0A37480F0A3743FF07404121510E0FA00
:100AB000A3E0FB122315EA4B702F028B557406122C
:100AC0001510780C12149D74061215107808121463
:100AD0009D780C790812063E7406121510780C12D7
:100AE000147FEBC313FBEA13FAEAA2E05027852137
:100AF00082852283780C12149D74061215107808D2
:100B000012149D780C790812063E85218285228375
:100B1000780C12147F74016A4B70A27404121510C1
:100B2000C3A3E09400A2D265D033502975080075A4
:100B30000900750A80750B3F852182852283780C18
:100B400012149D7808790C1204588521828522831D
:100B5000780812147F740A121510780812149D7404
:100B600004121510E0F9852182852283780C121475
:100B70009DE9A2E713F9E413250EF50EE9350FF50B
:100B80000F7808790C12063E740A121510780812B4
:100B9000147FA200740A5010121510780812149DC8
:100BA000E50BB2E7F50B8008121510780812149DBA
:100BB000AA08AB09AC0AAD0B74161211B97F080272
:100BC0000EE8C082C08390079EE4F09007A5F00273
:100BD0008D6C74F7120BE0E9FE90079EE060031243
:100BE000176390079E7401F0901ADBE06008791D8E
:100BF000121AF3028CD4EE90079FF0640270051273
:100C000018D1804AE06007640160031217639007FF
:100C1000A2E4F09019DEE0F8A3E0C8240EF582E427
:100C200038F583E05440600590075E8003900740EC
:100C3000E09007A0128D337012900727E0600C90AF
:100C400007A0E0C3940340037402F0121ABD90079A
:100C5000A5E0705A9019DEE0F8A3E0F9E8497003C6
:100C6000121763128F3DE0F8A3E0F988828983E0D0
:100C700054209007A4F088828983A3A3E09007A35F
:100C8000F09019DEE0FAA3E0F5838A82A3A3A3A380
:100C9000E0FAE824FFF582E934FFF58374022AF0D4
:100CA00075E1EE74012AF9AA82AB8312196DA2AF25
:100CB000E433F8C2AF900789E0701190078BE070C1
:100CC0000B90079E128DA4121AC3800890079E7481
:100CD00002128DA6028E9674F6120BE012199DE98F
:100CE000F97508017509009007A0E0780812138AC9
:100CF000E50814599007A1128D3370051218C580AC
:100D0000031218BF7F02020EE8C082C0839061A464
:100D1000E0C2E0F090078BE4128D3364027005129C
:100D200018D7800DE0640370051218DD8003121AD5
:100D3000C98039F090079FE022C082C08390079F4E
:100D4000E07014122D41E9F89007A1E0C398400724
:100D5000791C121AF380031218CB8010C082C08352
:100D60009007A57401128D33F9121AB7D083D0827F
:100D7000021186C082C083900789E0700690078BBD
:100D8000E06003121763A2AFE433F8C2AF90079E8E
:100D9000E064027008128DA4121AC38005E8A2E074
:100DA00092AF80C87483F0E8A2E092AF22C082C004
:100DB0008390079FE0600764016003121763900748
:100DC0009E7404F0121A999007A2E004F0F89007BC
:100DD0003FE0C398500779E1121AF3803290074B35
:100DE000E0FA9007A0E079002401F8500109EAFC3C
:100DF000C3E89CE99400A2D265D0335004E004809B
:100E000001EAF0121ABD90079E7483F0121AC9020B
:100E10008D6C74F7120BE0A2AFE433FEC2AF900703
:100E20009EE064837027900789E06003121A1B908C
:100E300007A4E090079E700F7485F0EEA2E092AFD9
:100E40007900121AF3800B7486F01218E9EEA2E012
:100E500092AF804274F7120BE0E9FF8A08A2AFE478
:100E600033FEC2AF90079EE0648670257487F0124F
:100E700018EFEEA2E092AF9007A3E06F700CE508C8
:100E80006004791B80067900800279E9121AF380E8
:100E900005EEA2E092AF7F01020EE874F7120BE0BC
:100EA000A2AFE433FEC2AF90079EE0648670127476
:100EB00087F01218EFEEA2E092AF79E9121AF380F0
:100EC00005EEA2E092AF80CE74F7120BE0E9FE903F
:100ED00007A5E4F090079EF0900760E0600590079A
:100EE00089E4F0121A991219C11219CDEEF9122DD6
:100EF0005F80A374F4120BE09019DEE0F8A3E0F930
:100F0000E849700312176312188F8A088B098C0A3C
:100F10008D0B128F3DA3A3A3780812147F121925FD
:100F20008A089019DEE0FAA3E0CA2409F582E43ABF
:100F3000F583E508F0A3EBF07F04020EE89019DEDC
:100F4000E0F8A3E0F5838882A3A32274F1120BE0FA
:100F500074EE12126C7E00122291E9F8A2E05002A7
:100F60007E017508CB75091A78081211DC7C017DA9
:100F7000007A557B00121C6D74021211B9E9700AD7
:100F8000EEA2E0500579001230117A247B00121C89
:100F9000738A088B097A357B00121C738B0BEA4528
:100FA0000B7072740265084509706AA821A922882D
:100FB00008890978081211DC75080275090078089B
:100FC0001211DC7C007D007A247B00121C7F7404EB
:100FD0001211B9852182852283E0F8A3E0F9E8FAAD
:100FE000E9FB901BA4EAF0A3EBF0A3E4F0A3F075F7
:100FF00008A475091B78081211DC7C047D007A3581
:101000007B00121C6D74021211B97C027D007A24DF
:101010007B00121C857A5C7B1879E21222A9EEF91A
:1010200012228B7C107D0079007402121244121B74
:101030004D901BDEE060046401704F750CE5750D8A
:1010400037750E80740212123C88088909750A00EF
:1010500078081211D87C107D00A90CAA0DAB0E12D5
:101060001B4774031211B9E9600A74021212441288
:10107000220D8016780C1211D87C107D0074051298
:101080001244121B4174031211B9740212123C88EB
:1010900008890978081211DC7C107D007A627B00D7
:1010A000121C6D74021211B9E97025EEA2E05020F5
:1010B00078081211DC75081075090078081211DC27
:1010C0007C007D007A627B00121C7974041211B9D5
:1010D0007C107D0079007402121244121B4DEEF94F
:1010E000122267EEA2E050077A0179001222977966
:1010F0000074121211B97F07020EE874F2120BE0AD
:10110000890D750C009018727401F0801A1211DCB0
:1011100078081211DC7C007D00EEFAEFFB121C7FD8
:1011200074041211B9050CE50C75F006A4F8A9F0C9
:10113000745928F8743139F988828983E493FA74F0
:101140000193FBEA4B606EA3A3A3A3E493F50A7497
:101150000193F50B88828983A3A3E493C0E0740113
:1011600093F583D08285820885830988828983E408
:1011700093C0E0740193F583D082AE82AF83780A86
:101180001211DCAC08AD09EEFAEFFB121C6D740213
:101190001211B9E9708FE50D780A700302910D12F2
:1011A00011DC78081211DC7C007D00EEFAEFFB12F6
:1011B0001C790291207F06020EE874F6120BE0748F
:1011C000FF12126C12920F1211DC7C017D007A0367
:1011D0007B00121C6D74021211B9E970207808129C
:1011E00011DC75080175090078081211DC7C007D9E
:1011F000007A037B00121C7F74041211B9852182CE
:10120000852283E0F974011211B97F02020EE8858C
:101210002182852283E4F0A821A9228808890978FF
:10122000082274F6120BE074FF12126CE9FEEAFF5A
:1012300012920F1211DC750801750900780812115D
:10124000DC7C007D007A037B00121C7F7404121189
:10125000B9E9F9703E74FF6E700A85218285228398
:10126000E04F800C74FF6FF8852182852283E0585F
:101270001292161211DC7508017509007808121116
:10128000DC7C007D007A037B00121C79740412114F
:10129000B9E9F9029205C082C0839005FCE07003B1
:1012A0007401F0D083D08202118674F1120BE08AAF
:1012B0000A8B0B8C088D09EC4509605D1217CF7500
:1012C0000C00750D00801C1217B753FE7F1217C952
:1012D000E98E828F83F079001217B1050CE50C704E
:1012E00002050DE50A250CFEE50B350DFFE508248A
:1012F000FFF8E50934FFF9C3E50C98E50D9979008D
:1013000040C51217B753FE7F1217C9E98E828F832B
:10131000F079011217B11217C379007F07020EE8A6
:1013200074F2120BE08A088B09ECFEEDFF1217CF66
:10133000750C03EE4F6031750A00750B00E508254A
:101340000AF582E509350BF583E0F91217AB400683
:10135000150CE50C70E7050AE50A7002050BC39E43
:10136000E50B9F40D81217C379007F06020EE87480
:10137000F7120BE0E9FF7E0874805FF91217B1EFF6
:10138000C333FFDEF379001217B712944E1217B76A
:1013900079011214BBA297B3800579011214BB7FA7
:1013A00001020EE874F7120BE0E9FE79001217B79C
:1013B00079011214BBEE600553FE7F800543FE8069
:1013C000C29779011217B780D174F7120BE0E96068
:1013D0001453FEBF7E0AA2964010EE600D790112F2
:1013E00014BB1E80F143FE40C29680AE74F7120B10
:1013F000E079011217B77E03A29640097901121411
:10140000BB1EEE70F379001217B712944E1217B785
:1014100079011214BB43FE80C29779011214BB7983
:10142000001217B702939FC082C08379001217B7CA
:1014300043FE80C29779011214BB79011217B712CB
:10144000944E1214BB53FE7F53FEBF0292A353FE71
:101450007F79012274F6120BE07E007F077900127B
:1014600017B779011214BB79011217B77901121459
:10147000BBA2975011750801750900EF7808121387
:101480008AE508CE4EFE74FF2F1FC39400A2D265DA
:10149000D03350C9EEF97F02020EE874F7120BE068
:1014A000E9FF7E031217BDEFF91217AB40041EEEE1
:1014B00070F202939F74F1120BE0890E8A0BECFE1E
:1014C000EDFF750C00750D00740F1215101295C10B
:1014D00060371217BDE50EC333F50AF91217AB508A
:1014E00004D2F08002C2F0A2F0501EA90B1217AB7A
:1014F00050171217BD7401450AF91217AB5004D2E8
:10150000F08002C2F0A2F040047901804479001218
:1015100017B753FE7F1217C9EE250CF582EF350D74
:10152000F583E9F0C3E5089402E5099400400579E4
:10153000001217B1050CE50C7002050D1295CD7067
:10154000CC79001217B712944E1217B11217C37943
:101550000002931B74F2120BE0890D8A0CECFEED75
:10156000FF750A00750B00740E1215101295C160FC
:10157000371217BDE50DC333F91217AB5004D2F083
:101580008002C2F0A2F05020A90C1217AB501979BA
:10159000001217B753FE7FEE250AF582EF350BF5E3
:1015A00083E0F91217AB400479018012050AE50ABD
:1015B0007002050B1295CD70D61217C379000293F5
:1015C0006AE0F508A3E0F509E508450922E50824E5
:1015D000FFF508E50934FFF509E50845092274F42B
:1015E000120BE08908EAFEEBFF901739E0702175D5
:1015F0000AD7750B1E780A1211DC7C147D007A0064
:101600007B00121D3374021211B99017397401F066
:101610007A057B00121BF58A0A8B0BA80AA90BE836
:101620004970047910804E88828983E4F0A3F088A1
:10163000828983A3A3E508F088828983A3A3A3EE0C
:10164000F0A3EFF0901737E0FAA3E0FBEA4B901716
:1016500037601BE0FCA3E08003EAFCEBFD8C828D8D
:1016600083E0FAA3E0FBEA4B70EF8C828D83E8F015
:10167000A3E9F0790002990B78081211E0750800CF
:1016800078081211E07C037D00EEF9121D4B740BFB
:101690001211B974021211B97F02020EE874F61227
:1016A0000BE074FE12126CE9FEEC85218285228328
:1016B000F074011215101296F01211DC7508027503
:1016C000090078081211DC74111215101296FD121F
:1016D00011E0E4F50878081211DC741312151012E9
:1016E00096FD1211E075080178081211E002967853
:1016F000EDF0A821A92288088909780822E0F508D8
:1017000078082274F6120BE08A828B83A3A3E0FE92
:101710005407640170658A828B83E0F8A3E0F9883E
:10172000088909E82414F582E43509F583E0FC9082
:10173000173712991D49604388828983A3A3E06CFF
:101740008882898370ECA3A3A3E0FCA3E0FDEC4DA9
:101750006029850882850983A3A3A3A3E0F508A3D4
:10176000E0F5097808120F2E000003AC977F97ACC4
:1017700097AC977597121EDDE9803379018030EEC2
:10178000540870248A828B83A3A3A3A3A3A3A3E0FA
:10179000701A8C828D83E0F8A3E0F988828983E552
:1017A0008245836003123157740080027401F9028C
:1017B000969874F4120BE074FA12126C8A088B0972
:1017C0008A828B83A3A3A3A3A3A3A3E0F88A828B1B
:1017D00083A3A3E0540860030298B7E870378A82B5
:1017E0008B83A3A3A3A3A3A3A3A3E0FAA3E0FB85F6
:1017F0000882850983E0F8A3E0C82414F582E43860
:10180000F583E0F98A828B83E0FCA3E0FBECFA121B
:1018100030D702990474016860030298BA85218266
:10182000852283E4F0A3F08A828B8312991DFEE95E
:10183000FFE4F50AF50B780A1211DC740212123C6F
:10184000880A890B780A1211DC7C007D008E828F59
:1018500083A3A3A3A3E0FAA3E0129910121DCF74EF
:10186000041211B985218285228312991D497003C2
:10187000029904850882850983E0FEA3E0FF8508BC
:1018800082850983A3A3A3A3A3A31296FD1211E04B
:1018900075080178081211E07402121510E0FCA31B
:1018A000E0FDEE2406FAE43F129910121ED17402F4
:1018B0001211B979FF804FE86004790180488A826B
:1018C0008B83E02406F8A3E03400F97402121510AB
:1018D000E8F0A3E9F08A828B83A3A3A3A3A3A3A325
:1018E000A312991DFAE9FB8A828B83E0FCA3E0F93D
:1018F000ECF87404121510E8F0A3E9F07402121267
:1019000044122F8D790074061211B97F04020EE87B
:10191000FBEE2414F582E43FF583E0F922E0F8A31E
:10192000E0F9E822C082C083900784740BF090072E
:101930008374FFF0900782F09007858018C082C002
:10194000831219D91219E5800DC082C083121919AA
:101950008004F0EBA3F0D083D082021186C082C055
:1019600083906180E0F8E96004D2F08002C2F0A2C6
:10197000F0E43333FA74FD584A80DAC082C083EA57
:1019800090617280CDC082C083EA90617480C3C0D0
:1019900082C083EAFCEBFD79087A6A7B61121961E7
:1019A00080B474F7120BE0E9FE907803E0F87495C8
:1019B00068600574346870059038828003903888B8
:1019C000E493F8740193F988828983E493FAC39EBF
:1019D000A2D265D033400EA3E493FAEEC39AA2D20A
:1019E00065D0335002EAFEA2AFE433FAC2AF888278
:1019F0008983E4939E2402FCE82CF582E439F58384
:101A0000E493900785129A9760057434687011907A
:101A10000785E064FD900786700474018001E4F09E
:101A2000EAA2E092AF1219C1EE029ACFC082C0833F
:101A3000A2AFE433F9C2AF900785E0F8900782E0E7
:101A400068604C90078BE0704690079EE0A2E740EC
:101A50003E900785E0900782129A9760057434687B
:101A60007025900782E0906190F0900786E0906189
:101A7000AC600A74F5F0906191747480117455F043
:101A800090619174698007900782E0906190F0E91D
:101A9000A2E092AF029956F0907803E0F87495684E
:101AA0002274F7120BE0E9FF74F529C39413400385
:101AB000121763A2AFE433FEC2AFEF900784F09039
:101AC000079EE070031219CDEEA2E092AF8001F9FB
:101AD0007F01020EE8C082C08390079EE06003127F
:101AE0001763A2AFE433F8C2AF900784E0F9900720
:101AF00083E0696026900784E0900783F0E8A2E025
:101B000092AF121AA575F005900783E0A424D49033
:101B1000618FF0121A1B121A938005E8A2E092AFAF
:101B200002995674F7120BE0E9FE901ADBE06003AD
:101B300012176390078AE06003121763EE70079034
:101B4000078A7401802674036E700790078A7403F5
:101B5000801A74016E600874026E6003121763903D
:101B6000078A7402F090617274FFF0A3F0029AD0B9
:101B7000C082C08390078AE4F0900741E0906172D0
:101B8000F0900742E0906173029955C082C08312C1
:101B9000194F029956C082C083121955E9FA90076D
:101BA00088E0540FF8747628F582E43438F583E43D
:101BB000932924B7F91219EB02995674F7120BE026
:101BC000E9FE9038A4E49324A9F89038A3E4932480
:101BD0000AFCEEC398A2D265D0335003E8800BEC28
:101BE000C39EA2D265D0335002ECFEE8FA3395E0F2
:101BF000FBEEF83395E0F9E8C39AF8E99BF9E8754C
:101C0000F0FFA4F8ADF075F0FFE9A42DF9EC3395E1
:101C1000E0FDECC39AFAED9BFB12097EE8029ACF35
:101C200074F7120BE01219EB029AD074F0120BE069
:101C300074F812126C852182852283EAF0A3EBF0FE
:101C4000A3ECF0A3ED129EF712149D9083D8780CAC
:101C500012149D7808790C121011700B7A007B0019
:101C60007C807D3F029EED8521828522837808124B
:101C7000149DEDC2E7F50B901BE4780C12149D78CF
:101C800008790C120E01504490187F7422F0A3E4DE
:101C9000129EF712149D9083D8780C12149D780828
:101CA000790C120E50500E750800750900750A0067
:101CB000750B00800C7508FF7509FF750A7F750BA1
:101CC0007FAA08AB09AC0AAD0B029EED8521828587
:101CD0002283780812149D901BE8780C12149D78CA
:101CE00008790C12063E8521828522837808121419
:101CF0007F852182852283780812149DE50BC2E737
:101D0000F50B78081208B6E508FA8521828522834A
:101D1000780C12149D9083D8780812149D780C7951
:101D200008120E50503985218285228378081214BA
:101D30009DEAF50C3395E0F50DF50EF50F780C12D4
:101D40000AF97808790C1202199083D8780C1214C9
:101D50009D7808790C12101160010AEAF404FA85E2
:101D60002182852283780C12149DEAF5083395E0D0
:101D7000F509F50AF50B7808120AF9780C790812BA
:101D800002197404121510780C12147F74041215C1
:101D900010780C12149D901BEC780812149D780C8E
:101DA0007908120E5050277404121510780C121472
:101DB0009D901BEC780812149D780C790812023E55
:101DC0007404121510780C12147FD2008002C20025
:101DD0007404121510780812149D901BF0780C12E0
:101DE000149D7808790C12063E901BF4780C12149E
:101DF0009D7808790C12023E7404121510780C12AA
:101E0000149D7808790C12063E901BF8780C121479
:101E10009D7808790C12023E7404121510780C1289
:101E2000149D7808790C12063E901BFC780C121455
:101E30009D7808790C12023E7404121510780C1269
:101E4000149D7808790C12063E901C00780C121430
:101E50009D7808790C12023E7404121510780C1249
:101E6000149D7808790C12063E901C04780C12140C
:101E70009D7808790C12023E7404121510780C1229
:101E8000149D7808790C12063E901C08780C1214E8
:101E90009D7808790C12023E85218285228378087C
:101EA00012147FA2005025852182852283780C128E
:101EB000149D901C0C780812149D780C7908120659
:101EC0003E852182852283780C12147FEAF98521D0
:101ED00082852283780812149DAA08AB09AC0AAD4A
:101EE0000BE9A2E713F9E4132CFCE93DFD74081299
:101EF00011B97F08020EE8F08521828522837808D7
:101F000022F075E1E275E1FF02A002A9A8C2AF7557
:101F1000C300AAA2A8A3E9A2E792AFE8F9EAF87A77
:101F2000007B0212097EE8F9021186C082C083900C
:101F300061A4E0A2E45003121763759C019061E470
:101F40007401F075E1E275E1FFA8A8C2AF759B00CE
:101F50007591EFE8A2E792AFA8A8C2AF759B007594
:101F600091F7E8A2E792AF02A002C082C0831218E4
:101F7000B975E1BC75E1B875E10F75E1D075E1D0D7
:101F800075E1D075E1D0805FC082C0831218B97549
:101F9000E1BC75E11775E18175E11075E1D275E17C
:101FA000818044C082C0839007A1E09061E2F07517
:101FB000A1FDA2AFE433FAC2AF75C300A8A2A9A3E2
:101FC000900713E094125008E87005E97002780158
:101FD00075C30388A289A3EAA2E092AF12A0661299
:101FE0001A9F75E1E1801B75E11075E1D275E1D9A9
:101FF00075E10175E10975E1BA75E10175E1C57534
:10200000E1D2D083D082021186C082C0831218B977
:1020100075E1BC80D874F7120BE012A066A2AFE4A1
:1020200033F508C2AF75C300E5A2AFA4740F5FF823
:10203000740F98FE9061E2F0121A8D90079C740163
:10204000F075E1E175C300E5A2E5A46F600DEEC394
:102050009402400774FF2E9061E2F0E508A2E0923E
:10206000AF7F01020EE89061A4E0D2E4F0E0D2E399
:10207000F022C082C0839007A1E09061E2F0029F4D
:10208000DCC082C0839061E4E070179061A4E0A29C
:10209000E4500FE0C2E4F0E0A2E350031218F5129E
:1020A0001AE102A00274F4120BE09061A4E0A2E431
:1020B00050031217631218B3E9F508900724E0FEE5
:1020C000C39415500312176374EC25082EFE75F0A7
:1020D0001484FF75F014A4CE9EFE0F9061E4740288
:1020E000F0EF9061E2F0EEC39415400312176375B0
:1020F000A1FDA2AFE433FAC2AF75C303EEF50A75D2
:102100000B007409780A12138AF8A90B900713E0E0
:10211000C394125006E97003087900E8F5A2E9F5C6
:10212000A3EAA2E092AF75E1E275E1FFA8A8C2AF11
:10213000759B007591EFE8A2E792AF75E1BC75E180
:10214000B875E1D29061A4E0D2E4F075E1E1121833
:10215000B3E9C39508500A9061E2E06F7003E014A0
:10216000F07F04020EE8C082C0839061A4E0C2E464
:10217000029F01C082C0839061A4E0C2E3F0121A02
:10218000F902A002C082C0839061A4E0C2E4F09092
:1021900061E4E07005121AE18015E0640170051237
:1021A0001ADB800BE064026003121763121AED025F
:1021B000A002C082C0839036177C247D07745E1213
:1021C00010E012199DE990073DF012199DE9900762
:1021D00031F0D083D082021186E9F874C029F9C3A6
:1021E000941E4010742028C3940F5006743E28F9A2
:1021F0008002792D02118674F3120BE0EAFEEBFFE8
:1022000012197FE9F8742D68700479F4805385A859
:102210000BC2AFE8F5087509007402780812138A3A
:1022200074732508FA74333509FB8A828B83E4932F
:10223000F8742428F508E43407F509750A007808CD
:102240001211D88A828B83A3E493FC7D00EEFAEF0F
:10225000FB121B4174031211B9E50BA2E792AF798F
:10226000007F05020EE874F1120BE08908EAFEEB2C
:10227000FF74F1650870248E828F83E06401790217
:102280007014121A87A90812197FE9F8742D687062
:102290002F79F402A402121A7B80EA74F0650870A8
:1022A0000F8E828F83E0901A66F0F91219A380D501
:1022B0007445650870CF900729EEF0A3EF02A3FFE5
:1022C000E8F50A750B007402780A12138A747325F4
:1022D0000AFA7433350BFBEA2402F8E43BF98882EE
:1022E0008983E493F509EA2403FCE43BFDE50970E6
:1022F000088C828D83E49360538C828D83E4936594
:1023000009700579FB02A40274586508701A8E8260
:102310008F83E02471F50AA3E034FFF50BC3E50ACF
:102320009422E50B9464501F8E828F83E0F5098818
:10233000828983E493F8E509C398400B8C828D83EE
:10234000E493C39509500579E802A40285A809C25F
:10235000AF8E0C8F0D750E00780C1211D88A828BFF
:1023600083A3E493FC7D008A828B83E493F8742436
:1023700028FAE43407FB121B4174031211B9E50972
:10238000A2E792AFE50824B0601A24FE6030146022
:10239000202473604E14603814603F24FD604E1496
:1023A0006055805C900741E0FAA3E0FB1219A98018
:1023B0004F900745E0FAA3E0FB1219AF8042900767
:1023C00044E079026005121A7B8035121A8780304A
:1023D000900754E0F91219C780267A557B07121925
:1023E000B5801D900753E0F91219BB80138E828FC0
:1023F00083E090076080088E828F83E0900761F011
:1024000079007F07020EE8C082C0839016C1E4F015
:10241000A3F09016C374C3F0A3740EF0900EC374AF
:1024200070F0A37402F0901133F0A37480F0A374E1
:102430008CF0A37405F0D083D08202118674F6125A
:102440000BE07A017B00121BF58A088B09AE08AFFE
:1024500009EE4F700312176385A808C2AFEE24FE81
:10246000F8EF34FFF99016C3E8F0A3E9F0EEFAEFC5
:10247000FB121BFB9016C57401F0E508A2E792AFB2
:102480007F02020EE874F2120BE07C007D007E00F9
:10249000EA2402FAE43BFBA2AFE433FFC2AF90169A
:1024A000C5E06008EA9411EB9400500A9016C3E06E
:1024B000F8A3E0F980047835791188828983E0F502
:1024C00008A3E0F509548060057E0002A562EEA233
:1024D000E0507C8C828D83E0F50AA3E0F50B5480FC
:1024E000F50DE50A2508F508E50B3509547FF509D2
:1024F000E50D4509F5098C828D83E508F0A3E50912
:10250000F0547FF509C3E5089AE5099B4054ECF8BF
:10251000EDF9E849700302A5D088828983E0FCA325
:10252000E0547FFDECC39AFCED9BFDC3EC9404EDFD
:102530009400405DE82AF582E93BF583ECF0A3EDD9
:10254000F0EB4480FB88828983EAF0A3EB804AE5C4
:1025500009547FFDC3E5089AED9B50B67E01E8FC67
:10256000E9FD88828983E0F508A3E0547FF509E856
:102570002508F8E93509F988828983E0F508A3E0A0
:10258000F509E5084509600302A4BA7800790080DE
:102590003F88828983A3E04480F09016C5E06029DB
:1025A0009016C3E0FAA3E0FBE86A7002E96B7019C9
:1025B00088828983E0FAA3E0547FFBE82AFAE93BAA
:1025C000FB9016C3EAF0A3EBF0E82402F8500109EF
:1025D000EFA2E092AFE8FAE9FB7F06020EE874F79B
:1025E000120BE0EA24FEFEEB34FFFFEAF8EBF9C33E
:1025F000E894C3E9940E4009C3E894C3E9941640F3
:10260000031217638E828F83A3E054807003121726
:1026100063A2AFE433FAC2AF8E828F83A3E0547F0C
:10262000F09016C3E0F8A3E0F9EE98EF99500CEEA5
:10263000F8EFF99016C3E8F0A3E9F0EAA2E092AF50
:102640007F01020EE874F6120BE074FE12126CEABF
:10265000FEEBFF54106027D2817A007B409005D1B9
:10266000E0F9121CC17A007B809005D1E0F9121CC0
:10267000C1121EC51230ADEEFAEF64108075EF5432
:1026800020602812A7D41211DC75080275090078A1
:10269000081211DC7C007D007A027B00121C797428
:1026A000041211B9EEFAEF64208048EF5440602024
:1026B000D2819083F0120FB37A007B809005D1E035
:1026C000F9121CB574041211B9EEFAEF64408023BC
:1026D000EF54806021C281908400120FB37A007B96
:1026E000409005D1E0F9121CB574041211B9EEFA4C
:1026F000EF6480FB80047A007B0074021211B97FC2
:1027000002020EE874F6120BE074FE12126CE990ED
:1027100005D1F09083CC120FB37A007B20121CB548
:1027200074041211B912A7D41211DC7C027D007A54
:10273000027B00121C6D74021211B9E97020780836
:102740001211DC75080275090078081211DC7C0092
:102750007D007A027B00121C7F74041211B985215E
:1027600082852283E02401F0A3E03400F0852182F9
:10277000852283C3E09405A3E09400402C85218248
:10278000852283E4F0A3F0FA7B209005D1E0F912D2
:102790001CC19083EC120FB37A007B109005D1E03E
:1027A000F9121CB574041211B9A821A9228808894C
:1027B0000978081211DC75080275090078081211F1
:1027C000DC7C007D007A027B00121C7974041211FB
:1027D000B902A6FA852182852283E4F0A3F0A8211C
:1027E000A9228808890978082274F4120BE0E9A26A
:1027F000E650287A007B109005D1E0F9121CC17ACE
:10280000007B409005D1E0F9121CC17A007B8090DA
:1028100005D1E0F9121CC1C281804BA2E250479061
:102820001ACBE0600875082875092380067508D062
:10283000750907750A00750B0078081211D47A0023
:102840007B109005D1E0F9121CB574041211B990F7
:10285000831C120FB37A007B409005D1E0F9121C63
:10286000B574041211B97F04020EE874F0120BE083
:1028700074F612126C852182852283EAF0A3EBF0B4
:10288000A3ECF0A3EDF08521828522837808121451
:102890009D9083BC780C12149D7808790C120E5010
:1028A0005033852182852283780812149D9083D825
:1028B000780C12149D7808790C12101190187F7002
:1028C0000A742212AA6F7DFF02AA65742112AA6FF0
:1028D0007D7F02AA65740412123C88088909780871
:1028E0001211DC74021215101214F912232774024B
:1028F0001211B98521828522831214ED85218285EA
:102900002283780812149D901C0C780C12149D7868
:1029100008790C120E505032852182852283780866
:1029200012149D7401C31313250AF50AE4350BF53F
:102930000B852182852283780812147F7404121576
:1029400010E024FFF0A3E034FFF08521828522838C
:10295000780812149D901C14780C12149D78087934
:102960000C12023EC008C009C00AC00B8521828536
:102970002283780C12149D901C08780812149D78FC
:102980000C790812023ED00BD00AD009D008780882
:10299000790C120458852182852283780812147FCD
:1029A000852182852283780812149D8521828522C3
:1029B00083780C12149D7808790C12063E74061266
:1029C0001510780812147F7404121510E0F50833FE
:1029D00095E0F509F50AF50B7808120AF9901C3014
:1029E000780C12149D7808790C12063EC008C009B4
:1029F000C00AC00B7406121510780812149D901CA2
:102A000018780C12149D7808790C12063E901C1C44
:102A1000780C12149D7808790C12023E7406121577
:102A200010780C12149D7808790C12063E901C2028
:102A3000780C12149D7808790C12023E852182854B
:102A40002283780C12149D7808790C12063ED00F60
:102A5000D00ED00DD00C780C790812023EAA0CAB27
:102A60000DAC0EAD0F740A1211B97F08020EE8F01A
:102A7000A3E4F07AFF7BFF7C7F2279FF121BB35324
:102A8000BEFBE59DA2E650FA0078F8790100E82443
:102A9000FF18E934FFF9E84970F375C600E59E7048
:102AA000FC43BE049062707408F043FE0343FD8053
:102AB000121A03C28143FD02C28443FD10C2854342
:102AC000FD20C28643FD407E10794A121757E96007
:102AD000F81EEE70F47900121B171217757A007B3E
:102AE00000121C6712229D12230F122285121BB99D
:102AF00079FF121BAD7902121B17121BBF7A007BE4
:102B00000002118674EE120BE074F812126C9082BF
:102B1000B9AC21AD2274081211027508A775090E0F
:102B2000F50AA821A922880C890DF50EF510F511DA
:102B300078101211DC7C087D007A017B00121C6D7C
:102B400074021211B9E970467510A775110E78104C
:102B50001211DC75100875110078101211DC7C0060
:102B60007D007A017B00121C7F74041211B9E97098
:102B70001D780C1211D87C087D00A908AA09AB0A9F
:102B8000121B4774031211B9E9700302AC59751096
:102B90000878101211DC7CA77D0E7AE87B07797F1C
:102BA00012178774021211B9780C1211D87C087DA3
:102BB00000A908AA09AB0A121B4774031211B9E94C
:102BC0006071780C1211D87C087D00790C7A787BC2
:102BD00000121B4774031211B9E9701D75080C75BA
:102BE000097878081211D87C087D007AA77B0E122C
:102BF0001B4174031211B9803A7E00121B598A08D6
:102C0000EEFA74A72AF582E4340EF583E508F00E97
:102C1000EEF812AC6CEBF00EEEC3940640DD081239
:102C2000AC6C7420F00874A728F582E4340EF583A8
:102C300074F8F07508A775090E78081211DC75088C
:102C40000875090078081211DC7C007D007A017B90
:102C500000121C7974041211B97AA77B0E79E21262
:102C600022AF74081211B97F0A020EE874A72EF57C
:102C700082E4340EF58322C082C08390079DE4F085
:102C800090079CF08004A2E092AFD083D082021122
:102C90008674F7120BE0E9FF7003121763AEA8C247
:102CA000AF90079DE04FF0121A9FEEA2E78003EE6F
:102CB000A2E092AF7F01020EE874F7120BE0E9FE8A
:102CC0007003121763A8A8C2AF90079DE04EF0E80A
:102CD00080D974F7120BE0E9FE7003121763A8A8FD
:102CE000C2AF74FF6EF990079DE059F0E8A2E79239
:102CF000AF121A9980BEC082C083A8A8C2AF900745
:102D00009DE4F090079C12AD9CE8A2E792AF121AE6
:102D10001B02AC8A74F7120BE0A2AFE433FEC2AF21
:102D200090079DE06003121A9F808474F7120BE0F5
:102D3000A2AFE433FEC2AF90079DE07019900789FF
:102D4000E0A2E7401190078BE0700B90079EE0A295
:102D5000E74003121AA502ACAFC082C083A2AFE461
:102D600033F8C2AF90079CE070067401F075E1E3A0
:102D7000E802AC86C082C083A2AFE433F9C2AF9050
:102D8000079CE06013E412AD9CA8A8C2AF759B003D
:102D900075E9FBE8A2E792AFE902AC86F075E1EFD6
:102DA00075E1ED75E1ED2274F0120BE074F812128A
:102DB0006C852182852283EAF0A3EBF0A3ECF0A3DB
:102DC000EDF0852182852283780812149DEDC2E7FB
:102DD000F50B901C10780C12149D7808790C120ECB
:102DE0000185218285228350061214F902AEBB7838
:102DF0000812149D9083D8780C12149D7808790CD1
:102E0000120E50852182852283780812149D40037A
:102E100002AEA9EDC2E7F50B8521828522837808F1
:102E200012147F852182852283780812149D7808E8
:102E30001208B67808120AF97404121510780812EC
:102E4000147F852182852283780812149D740412D0
:102E50001510780C12149D7808790C1202199083C1
:102E6000D8780C12149D7808790C12101160237414
:102E700004121510780812149D901C08780C121476
:102E80009D7808790C12023E74041215107808120D
:102E9000147F7404121510780812149DAA08AB0947
:102EA000AC0AE50BB2E7FD801278081208B6780884
:102EB000120AF9AA08AB09AC0AAD0B74081211B9D1
:102EC0007F08020EE874E4120BE08A188B198C1A42
:102ED0008D1B7420121510781012149D7424121575
:102EE00010780C12149D7428121510781412149D69
:102EF00078147918120219850C08850D09850E0AB7
:102F0000850F0B78087910120219781479081206C7
:102F10003E741C121510780812149D780879181246
:102F20000219781479081204587814791012023EA4
:102F300078147910120E50500E85101885111985CD
:102F4000121A85131B800C85141885151985161AFD
:102F500085171B780C7918120E50500E850C0885B9
:102F60000D09850E0A850F0B800C85180885190937
:102F7000851A0A851B0BAA08AB09AC0AAD0B7F1496
:102F8000020EE874ED120BE089118A10EB8C12F935
:102F9000121751750C00750D00750E00750F007E2F
:102FA000008018AA10A91112174B8A088B09E4F5A2
:102FB0000AF50B780C79081213770EEEC3951240C0
:102FC000E2851208E4F509F50AF50B780C79081288
:102FD0000B71AA0CAB0D7F0B020EE874F7120BE01D
:102FE000E97020900000E4F079FF121BB3E59D54D6
:102FF00018F860187408686013741068600E12176F
:103000006380097A297B1B79011217ED7F01020E7B
:10301000E8C082C083E9F8901ADDE0F47006E8F0B9
:1030200079018002790002B0B874F6120BE0E9FE73
:10303000EAFF901ADDE0F4602B7A047B00121B5F3C
:10304000EA4B601C8A828B8374C0F0EFA3A3F0EE7E
:103050008A828B83A3A3A3F0901ADDE0F9121B6B85
:103060007900800279017F02020EE874F7120BE00A
:10307000E9A2E5E433FA121B23809174F7120BE006
:1030800012175DE9F8C394535025E8C3944F4004E8
:103090007E0180027E00900EAFE0F8A3E0F9E849DF
:1030A000600AEEF9E0F5838882123157EE60047908
:1030B000018002790002B00CD083D082021186C058
:1030C00082C08312191F02B0B88003000000EAF822
:1030D000EBF9E824FF1AE934FFFBE84970ED02112F
:1030E0008674F4120BE08908740F5508F50A750B05
:1030F00000740B780A12138AEA2400F8EB3480F982
:10310000E82400E9350BF985C70AA2AFE433F509D5
:10311000C2AFE508C4540FFAE5C754F84AF5C774BE
:103120000C121510E0FAA3E0FB801C88828983E072
:103130008C828D83F088828983A3A882A9838C8264
:103140008D83A3AC82AD83EAFEEBFFEE24FF1AEF82
:1031500034FFFBEE4F70D4850AC7E509A2E092AFB9
:103160007F04020EE874F6120BE0ECFEED9005D33E
:10317000F0EEA3F0A37462F0A37473F0A3E0541F05
:10318000F0740A121510E0F508A3E0F509E508331C
:103190003354FC9005D8F074067808121470E508D2
:1031A0009005D7F09005D97412F0A37442F075D150
:1031B000FE75D601EA906271F0EBA3F0906270E0C8
:1031C000D2E1F0E0A2E740FB7F02020EE8C082C03D
:1031D00083E9C333906272F0906270E0D2E0F0D085
:1031E00083D082021186C082C08312B2287020E888
:1031F000601D740268700E12B2187003A3E069704B
:103200000E7901800C7403687005121CE580027948
:1032100000D083D0820211868A828B83E0F8A3E0FB
:10322000F98C828D83E068228A828B83A3A3A3A377
:10323000A3A3A3A3E0F88C828D83A3A3A3A3A3A33A
:10324000A3A3E06822C082C0838C828D83A3A3A342
:10325000A3A3A3A3A3E0F88A828B83A3A3A3A3A31E
:10326000A3A3A3F07403687005121CEB80128C8278
:103270008D83E0F8A3E0F98A828B83E8F0A3E9F07C
:1032800002B21174F6120BE0750808EAFEEBFF8E2D
:10329000828F83A3AA82AB83ECF8EDF988828983BD
:1032A000A3AC82AD838E828F83E0FE88828983E027
:1032B0006E6004790080081508E50870CE79017FFA
:1032C00002020EE874F5120BE08C088D09750A00F5
:1032D00078081211D87C087D00121B41740312116A
:1032E000B97F03020EE874F6120BE07E009005FD34
:1032F000E014600914601124FE601A8025638C01BB
:103300009005FEE055808009638C069005FEE0552F
:1033100090700F800B638C089005FEE055A0700242
:103320007E01EEF50875090078081211DC9005FEA3
:10333000E0F50878081211DC9005FDE0F508780842
:103340001211DC7AFC7B801216DF74061211B9EEC2
:10335000A2E050047820800278409005FDE048FA11
:103360009005FEE0F9121B237F02020EE853F5FEE2
:1033700053FFFE021186C082C0839005FF7401F0E6
:1033800043AC01439A0253F7FE53F77F7A327B0036
:10339000121B3B438C08D083D08202118674F71233
:1033A0000BE0E99005FDF014600914600A24FE604A
:1033B0000E8016E5898002E58A9005FEE48009E525
:1033C0008BA2E0E4339005FEF0908324120FB37AD1
:1033D000107B009005FBE0F9121CB574041211B9C2
:1033E0007F01020EE8C082C0839005D27480F0D0C5
:1033F00083D08202118674F6120BE0E9FCEAFD79B3
:1034000001ECC39408500E78008005E9C333F90835
:10341000E8C39C40F6E942F2ED1460081460091418
:10342000600A800C7800800A78108006782080027C
:1034300078309005D2E0FAEC484AF5B6E5B4A2E758
:1034400050FA74FF6952F2E5BAFAA9BBE9FBC394DA
:1034500000A2D265D03350047A007B00ED146008DE
:1034600014600D14601280188A088B097408801685
:103470008A088B097406800E8A088B0974048006FA
:103480008A088B0974027808121420AA08AB097FF5
:1034900002020EE8C082C083E99005D202B3EEE9D1
:1034A000F875B60FE5B4A2E750FAE8C395BB50042F
:1034B00079018002790002118675B60FE5B4A2E7A2
:1034C00050FAE5BBF9021186C082C08374E3121280
:1034D0006C8521828522837401F0121510E4F0744A
:1034E00002121510E4F074031215107430F0A3E406
:1034F000F0740A1215107414F0A3E4F0741212158B
:10350000107414F0A3E4F07405121510740AF0742A
:10351000161215107401F0741B121510EAF0A3EBCB
:10352000F0121817AA21AB22790012181D741D8001
:103530003374F7120BE0E97C087D0060067AEF7BBC
:103540001A80047AE77B1A79001218297F01020E8B
:10355000E8C082C0837C087D007ADF7B1A79001284
:10356000182980031211B9D083D082021186D0832A
:10357000D082021186C082C0838019198C828D830B
:10358000E08A828B83F0A3AA82AB838C828D83A393
:10359000AC82AD83E970E480D5C082C083801D1900
:1035A0008A828B83E08C828D83F08A828B83A3AAAC
:1035B00082AB838C828D83A3AC82AD83E970E08083
:1035C000AD74F7120BE0EAFEEBFF8908E970031215
:1035D00017638E828F83E0F5D9A3AE82AF8315087F
:1035E000E50870EE7F01020EE874F7120BE0EAFEC8
:1035F000EBFF8908E97003121763E5D98E828F8388
:10360000F0A3AE82AF831508E50870EE80D6C082C5
:10361000C083E99005FBF0D083D082021186C0827E
:10362000C083121745121769122C39121817121776
:10363000E780E474F6120BE0EAFEEBFF54806018BA
:103640008003121B659005FBE0F9121B77EA4B70B3
:10365000F1EEFAEF64808035EE54206006EE6420CF
:10366000FA8031EE541060281217E19005FFE070E7
:1036700017908310120FB37A107B009005FBE0F9CE
:10368000121CB574041211B9EE6410FAEFFB800439
:103690007A007B007F02020EE8C082C08312182FDE
:1036A00002B617C082C0839016EFE4F09016E9F0DE
:1036B000A3F0D083D082021186C082C083E9901625
:1036C000EF80EE74F6120BE0E9FE908411E0F8EE64
:1036D000C39840047903803CA2AFE433FBC2AF75CA
:1036E0000801750900EE780812138AAC08AD09EAE2
:1036F0007011ECF4F8EDF4F99016E9E058F0A3E05D
:103700005980099016E9E04CF0A3E04DF0EBA2E0FF
:1037100092AF79007F02020EE874F0120BE08A0883
:103720008B098C0A8D0B7410121510E0F8A3E0F9C8
:10373000E8FAE9FB9083D8780C12149D7808790C8C
:10374000121011700E8A828B83E4F0A3F0FAFBFC56
:10375000FD8022EC33ED332482F83395E0F98A8240
:103760008B83E8F0A3E9F0AA08AB09ED5480443F4D
:10377000FDECC2E7FC7F08020EE8C082C08312168F
:10378000D97A147B00121BF5900EB3EAF0A3EBF08C
:103790007C147D007900121B4D7900122E4F7901A7
:1037A0001228B5790212176F790312269379041241
:1037B0001EE37905121D0F79061230E97907121EF2
:1037C0004179081216AF7909121739D083D08202D5
:1037D0001186EEC0E0E9FA7B00123154D0E0FE021F
:1037E000118674F6120BE074FE12126C740C121235
:1037F0003C852182852283E8F0A3E9F0A821A92253
:103800008808890978081211DCE4F508F5097808B8
:103810001211DC7C3F7D2312234B74041211B97406
:10382000021211B97F02020EE81211B97F02020ED4
:10383000E8790102118674F6120BE074FE12126C24
:10384000740C12123C852182852283E8F0A3E9F0F2
:10385000A821A9228808890978081211DC122345B9
:1038600074021211B9740280C0C082C08312234551
:10387000D083D082021186C082C08312191312191C
:1038800091121A75121A09121AB11218778025C0EE
:1038900082C083A2AF5003121763901ADBE0700658
:1038A000121A1512199712187D121AAB900760742C
:1038B00001F08000D083D082021186021186C0827E
:1038C000C0831220339017797410F0A374C1F0D024
:1038D00083D082021186C082C08390176C7401F07D
:1038E000A37440F0A3748EF0A3E4F0A3F0A374508B
:1038F000F0A374A0F0A3E4F090177674A0F0A3E412
:10390000F0A380CAC082C083901ADBE06033E59EDA
:1039100070FC439403E594A2E250FAE0640270085C
:103920001219FD121A0F8011E0640160031217636F
:10393000E59DA2E64003121763901ADBE4F0121A29
:1039400093D083D0820211867405F5D574D3F5D453
:0B3950007405F5D374DBF5D20211867C
:040000050000146083
:00000001FF
