:020000040000FA
:0600000002145402087D09
:030013000209D30C
:03002B000211E3DC
:0300330002108632
:03003B00020A288E
:030053000207B2EF
:100083000208110100F0FF0700080000FFFF000055
:100093000704000000030001FF18102700000020E0
:1000A300FD000206FFFFFE0400000004E5C6FE0695
:1000B300001F0000AC03FE06001F00B4AC741E0357
:1000C3000077016F177517D51D00000000000000B1
:1000D300000000000000000000000000000000001D
:1000E300000000000000000000000000000000000D
:1000F300000000F31D0000000000000000000000ED
:100103000000000101E803D00732006400DC009422
:1001130002000000000000000000000000000000DA
:100123000000000000000000000000FF00000000CD
:1001330000000000000000000000000000000104B7
:10014300010C0002076F8200000001040000621727
:10015300000000E8030000FFFFBF1788130000E85A
:1001630003000064006400B801A0BB0D00A0BB0D38
:1001730000020202070401010A1E02051E020A0A06
:100183000101010809080103B80B02803E0102FEC8
:10019300FFE8030A050001FFFF010A011401E00162
:1001A30000B0423BAAB83F0000003F8C906339AADD
:1001B3000CA33A00941E3C8042633DCFFE753E156E
:1001C30072313F0000803FF304353F8096184B00A7
:1001D3000080BF2292D43EDD9B2A3F04000040FFF3
:1001E300FF7F7FFFFF7FFF010080341872313F01E3
:1001F300050301010F10FEFF3D3400000000D5335D
:1002030000000000FF000000FF001214826046128D
:1002130014A0603DE9687008F618F618F618F6227F
:10022300748067F7120241090909748067F7221283
:1002330014A0601D1214827005191919801A121363
:1002430030701F1212E0C37003E6673319191940A7
:10025300071818182208080874FFF618F618F61875
:10026300F6221212E06017121520702192F0121577
:100273000E7019501720F014080808090909E7F649
:100283001819E7F61819E7F61819E7F62212150EEA
:1002930060E6E869701F0808E62480F608E436F68D
:1002A30018547FB47F0CE654806007F6E418F61800
:1002B300F622181822E9C6CC08C6CD08C6CE08C651
:1002C300CFC0E0E8C0E0EAC0E0EBC0E009E9F8092C
:1002D300E7FA09E7FBE6F918E6F8C3EC98ED99EEBF
:1002E3009AEBC2E7F5F0EFC2E795F0500E600CEB26
:1002F300CFFBEACEFAE9CDF9E8CCF8EAA2E7D2E7F8
:10030300FAEB33FB13F5F0EEA2E7D2E7FEEF33FF90
:10031300C5F013A2E730E601B313C5F0C3C0E0C0D4
:10032300F07F00C39BFB605E9418600F401D146058
:100333001AD0E023F9D0E0F80204138AF0E9486008
:1003430003D2F0E4AFF0FAF9F8803BEB30E40D8927
:10035300F0EA6003D2F0E4AFF0F9CAF8EB30E30D52
:1003630088F0EF6002D2F0AFF0E4CAC9F8EB5407AB
:100373006014FBC3EA13FAE913F9E813F8EF135017
:1003830002D2E0FFDBEDD0E0C0E030E739C3E49F09
:10039300FFF5F0EC98FC42F0ED99FD42F0EE9AFE89
:1003A30042F0D0E0F9D0E0F8E5F0607AE923F9EE25
:1003B30020E742D8028067C3EF33FFEC33FCED3311
:1003C300FDEE33FE80EAEC28FCED39FDEE3AFED07B
:1003D300E023F9D0E0F84002801BC3EE13FEED13D7
:1003E300FDEC13FCEF135002D2E0FF08B800067FC8
:1003F3007F74FF802EEF3350178CF020F0026010D3
:100403000CBC000C0DBD00080EBE000408E860DF44
:10041300E933E813FFEE2313FE4F4D4C8008E954F4
:1004230080FFE4FEFDFCEE33EF33F47004FCFD7E4D
:1004330080D0E0FBD0E0FAD0E0F8D0E0CFC618CE11
:10044300C618CDC618CCC6F9221214A07004181809
:100453001822121482700D74FFF61819F61819F683
:100463001819F622E7548066F612150E700F12154E
:100473002070F014F608F608F608F680D11215205D
:10048300700CF608F608768008E6447F80EC1212BA
:10049300E3700C12133360BFE65480F6E480BB12A2
:1004A3001333700519191980A5E869700C763F1884
:1004B300768018F618F6E8F922E6CDC0E018ECC00D
:1004C300E0E633CD33CDD313F6E719FCE71919333F
:1004D300CC33C3947F400ECD9D502408E65480F660
:1004E300E418F6800FF4043D14501408E6447FF634
:1004F300187680E418F618F6D0E0FCD0E0FD22CCA4
:10050300D313CCFD18E4C6CBC0E018E4C6CAC0E0E0
:100513000808ED08C633E613F618E433C675F0038E
:10052300C3CA97CA09CB97CB199C40047D08802E78
:10053300BD00030205F516B6FF050606081618C327
:10054300CA33CACB33CB33CA27CA09CB37CB193CFF
:10055300C37D08803E187D0820E75CC633C6CA33D6
:10056300CACB33CB33DDF1D5F0EB30E77BCA97CA87
:1005730009CB974ACB199C406F4B7025E620E021AD
:100583008066187D08C3CA97CA09CB97CB199CD339
:10059300C633C6CA33CACB33CB3350C9DDE7D5F034
:1005A300E1D3E4C636C608C636C608C636C608C68C
:1005B30036C61818188031C3CA97CA09CB97CB1906
:1005C3009CB34097C633C6CA33CACB33CB33DD346F
:1005D300D5F02EC6A2E0C640C8CA27CA09CB371930
:1005E3004A70BECB3CB480B90808E63308E63360F2
:1005F3001F181818D0E0FAD0E0FBD0E0FCD0E0FDE3
:1006030022187D08CA27CA09CB37CB193CD380806F
:1006130013F618E4B67F11F618B6FF0EF618C604E3
:1006230070D20808768080CAF618F618F680C500DE
:100633001214A0604F1214826012E7548066F612FF
:1006430013307011121520703B090909F4F618F6DE
:1006530018F618F6221212E0701512150E08080883
:1006630060EAE6447FF618768018E4F618F622125C
:10067300150E60161215207012E4F608F608F60837
:10068300E65480F609090918181822EAC0E0EBC0FD
:10069300E0ECC0E0EDC0E0E687F0A4FBACF008E6D8
:1006A30087F0A42CFCE435F0FA1809E687F0A42CB3
:1006B3004B60027401CA35F0FCE433FB09E687F0B2
:1006C300D2F7A42CCB35F0FC1908E687F0A42BCC89
:1006D30035F0FBE433FD0819E687F0D2E7A42C4A92
:1006E300CB35F0CD3400FC09E687F0D2E7A42DCC5E
:1006F30035F0FDE433FA0918E687F0D2F7A42CCDE0
:1007030035F0CA3400FC08E687F0D2E7D2F7A42A12
:10071300CC35F07A7E20E70B0ACB33CBCD33CDCC6F
:1007230033CC33CB3350147004ED30E00ED2F1E40C
:10073300CD3DCDCC3CCC3B5005DA05C2F1EB547F2B
:10074300C63308E63392F0FBE73309E733C39A5025
:100753002D2B70190C0D4C4D70151806E608C3337C
:10076300700D20F10AA2F013F6E418800B4024E484
:10077300F630F002768018F618F618F68024D33B8C
:1007830014501074FFA2F013F6187680E418F618CC
:10079300F6800FA2F013F618E63303F618ECF618FA
:1007A300EDF6D0E0FDD0E0FCD0E0FBD0E0FA22C0D3
:1007B300E074F1120C40A2AFE433F509D2AF85A780
:1007C30008AFA1EF5508FE74105E600612183B7562
:1007D300A1EF74085E600812184175A1F78024EF39
:1007E300A2E092F0E508A2E082F05017906198E051
:1007F300F8900714E0C398A2D265D0335002E8F012
:1008030075A1FEE509A2E092AF7F02020C9FC0E052
:1008130074F2120C40A2AFE433FED2AF9061A4E0B5
:10082300F8759B00E59158540860087591F7121804
:100833008F8023E59158541060087591EF12189535
:100843008014E591A2E092F0E8A2E082F05007E084
:10085300C2E0F01219EB9061A3E0F8E5E958540403
:10086300600E1219C175E9FB906193E0A2E640F2B4
:10087300EEA2E092AF7F01020C9FC0E074F2120C73
:1008830040A2AFE433FED2AF9061A5E0F8E5BF58D4
:100893005404600675BFFB121A0380D41208EA30B1
:1008A300F03912092F80341208EA20F01430E72BB4
:1008B30074FFFCFBFA747F8022E4FCFBFA748080F3
:1008C3001AB48008BC00F2BB00EF800F50EBF9E4D0
:1008D300C39AFAE49BFBE49CFCE499C6CC18C6CB10
:1008E30018C6CA18C6F922E4C9C608CAC608CBC6C0
:1008F300D3330308CCC63392F0C3947F402E9418AD
:100903004019C9B90704CACBCC225025C309CA333D
:10091300CACB33CBCC33CC33D9F422F4600DC9CC5E
:10092300C313CB13CBCA13CAD9F6CC22E4FCFBFA0C
:100933002214FCFBFA22C3E498F8E499F912097A29
:100943008026C3E49AFAE49BFBE920E7E912097ADB
:10095300E498F8E499F922C3E498F8E499F91209C0
:100963007AE498F8E499F9C3E49AFAE49BFB22EB5E
:1009730020E7CFE920E7E0B90010BB0008E88AF0E0
:1009830084F8AAF022E4FBC8FA22EB70227B10C899
:1009930033C8C933C9335007C39AC3DBF280069AFD
:1009A30050012ADBEAC833F4C8C933F4C9FA227503
:1009B300F008E4C833C8C933C933C99AC99B500482
:1009C300C92AC93BD5F0ECFBC833F4C8E4C9FA2201
:1009D300C0E0C0D0E8C0E0E9C0E0C082C083A8C1E5
:1009E300E8C0E0900681E0F8740028F582E434065C
:1009F300F583D0E0F0900680E0F8A3E0687006E5A8
:100A030095900683F0900681E004F0C39480400241
:100A1300E4F0A374C6F0D083D082D0E0F9D0E0F83C
:100A2300D0D0D0E032C0E0C0D0E8C0E0E9C0E0C040
:100A330082C083900704E0F8A3E0687008539AFB30
:100A4300A374018022C2E9900704E0F8740128F03E
:100A5300748428F582E43406F583E0F5C190070435
:100A6300E0C394804002E4F080AC080808EAC0E0E8
:100A7300EBC0E086F0E7A4FA180986F0E7A42AFAA7
:100A8300180986F0E7A42AFA180986F0E7A42AFAD7
:100A93001986F0E7A4FBE5F02AFA190886F0E7A423
:100AA3002BFBE5F03AFA190886F0E7A42BFBE5F0F7
:100AB3003AFA18180986F0E7A4C5F02BFBE43AFAD2
:100AC3001908E7C5F0C6A426F6E5F03BFBE43AFABD
:100AD3001886F0E7A4F6E5F00826F6E43B08F6E40A
:100AE3003A08F6D0E0FBD0E0FA22080808E630E73F
:100AF300111212F4120B05080808C64480C6181810
:100B03001822181818E9799EC608CAC608CBC60861
:100B1300CCC6C370207996CACBCC7019798ECBCC56
:100B230070137986CC700EF9802ACA33CACB33CBC3
:100B3300CC33CC331930E7F2CCCBCA335014700426
:100B4300EA30E00DE4CA3ACACB3BCBCC3CCC5002F2
:100B530009C3E913C6CC182313C6CB18C6CA18C6D3
:100B6300F922E4CFC0E0E4CEC0E0E4CDC0E0E4CCC1
:100B7300C0E075F020E626F608E633F608E633F61D
:100B830008E633F6181818EC33FCED33FDEE33FEAC
:100B9300EF33FFC3EC9709ED9709EE9709EF971928
:100BA3001919400FFFEC97FC09ED97FD09EE97FE2D
:100BB300191906D5F0BFECF709EDF709EEF709EFC0
:100BC300F7191919D0E0FCD0E0FDD0E0FED0E0FF2A
:100BD300222521C582C0E0E52234FFC583C0E0E5BC
:100BE30021C3958224F810AF088583228582218052
:100BF30008858322858221D2AFCEF0A3E520F0A31E
:100C03007808E608F0A3DEFAEFF0A3E58124FAF80A
:100C1300E608F0A3E608F0A3E608F0A30808E60850
:100C2300F0A3E608F0A315811581D0E0FED0E0F82B
:100C3300158115811581E8C0E0EEC0E022C0D02502
:100C430021C582C0E0E52234FFC583C0E0E521C3AE
:100C5300958224F310AF088583228582218008853D
:100C63008322858221D2AFC8F0A3E9F0A3EAF0A3DF
:100C7300EBF0A37908E709F0A3D8FAECF0A3EDF0C1
:100C8300A3EEF0A3EFF0A3D0E0F0A3D0E0F0A3D065
:100C9300E0F0A3E520F0A3E5F0F0A322852283850D
:100CA3002182E0C0E0A3E0F9A3E0FAA3E0FBA3788C
:100CB30008E0F608A3DFFAE0FCA3E0FDA3E0FEA34F
:100CC300E0FFA3E0C0E0A3E0C0E0A3E0F5D0A3E031
:100CD300F520A3E0A3F5F010AF08858322858221D8
:100CE3008008858322858221D2AFD082D083D0E051
:100CF300F8D0E0321212F7181818120B6512140309
:100D030019191922121403191919080808E61818D1
:100D13001820E7E0120B651212F7181818220909B8
:100D230009E719191920E7DC080808E6181818203C
:100D3300E703020B651212F7181818120B6512124B
:100D4300F7181818121403191919221214F9B900F3
:100D530003020D8DE490050178BB79168002F0A3A0
:100D6300D8FCD9FA7ABB7B1A9000867888790280FE
:100D730015E493A3AD82AE838A828B83F0A3AA8208
:100D8300AB838D828E83D8E9D9E77582FF7583A102
:100D930074061211747582DD758330740012117438
:100DA3000575F0108E238F2485822885832785215E
:100DB30082852283E0CEA3E0CF852882852783EB3B
:100DC300C9EAC8EDCBECCAC3E833C8E933C9EA338F
:100DD300CAEB33CBC3EA9EF526EB9FF525B350044C
:100DE300AB25AA26EC33CCED33CDD5F0DAAE23AF69
:100DF30024221214A0601C121482601712150E70A4
:100E0300071215207001D322C0D01215207006D00E
:100E1300D0B322C32233D0D0501430E0F6C3E796C8
:100E23000809E7960809E7960809E796B32220E040
:100E3300D5E6970809E6970809E6970809E697B300
:100E4300221214A0601B121482601612150E700772
:100E5300121520600CB322C0D01215207005D0D01B
:100E630022C32233D0D0501330E0EBC3E7960809F6
:100E7300E7960809E7960809E7962220E0E4E69753
:100E83000809E6970809E6970809E69722D083D070
:100E930082ECC0E0EDC0E0E493A3FCE493A3FDED9A
:100EA3004C600D120F68EC24FFFCED34FFFD80EF66
:100EB300E493A3FCE493A3FDED4C600D121031EC1D
:100EC30024FFFCED34FFFD80EFD0E0FDD0E0FCE437
:100ED30093A3C0E0E493C0E022852283852182E0CE
:100EE300A3FEE0A3F5207808E0A3F608DFFAE0A369
:100EF300FFE0A3C0E0E0A3C0E0E0A3C0E0E0A3C044
:100F0300E0E0A3C0E010AF0885822185832280083A
:100F1300858221858322D2AFD083D08202117AD0F9
:100F230083D082E9C0E0E493A3C386F0C5F095F0D3
:100F3300F908E493A386F0C5F095F0700BE493A34E
:100F4300C3994005E9048002A3E475F002A4258255
:100F5300F582E5F03583F583D0E0F9E493A3C0E0AF
:100F6300E493C0E022C0E0C3E4939608740193962F
:100F730018400FE4936670080874019366187000B4
:100F83007019A3A3C3E49396087401939618A3A3BB
:100F9300400DD0E0D0E0D0E0020ECCA3A3A3A3A3E6
:100FA300A3D0E0227404800474028000CCC0E0ED7E
:100FB300C0E0E521C39CCCAD2250011D10AF068CCF
:100FC300218D2280068C218D22D2AF1210F6D0E023
:100FD300FDD0E0FC2274028000CCC0E0EDC0E0E56F
:100FE30021C39CCCAD2250011D10AF068C218D2254
:100FF30080068C218D22D2AF1210D4D0E0FDD0E038
:10100300FC221214A06025121482602012150E70A7
:1010130003021520080808E76670101819E76670C0
:101023000A1819E76670041819E76622F422C0E06B
:10103300C0F088F0E4936670080874019366187032
:1010430000A8F0A3A3700BD0F0D0E0D0E0D0E00272
:101053000ECCA3A3D0F0D0E022D083D082CCC0E0CA
:10106300E493A360061211171470FAE493A36006C5
:101073001212761470FAD0E0FCE493A3C0E0E49378
:10108300C0E022C0E074F2120C40A2AFE433FED2FF
:10109300AFE58BA2E05005790412178D758B00C262
:1010A300E8EEA2E092AF7F01020C9FC008C3E09676
:1010B300F50808A3E096420808A3E096420808A3AF
:1010C300E0964208A2D265D033E5087001D3D00878
:1010D30022CAC0E0E493A3C582CCC582C583CDC533
:1010E30083F0A3C582CCC582C583CDC583DAE5D0A1
:1010F300E0CA22CAC0E0E0A3C582CCC582C583CDC5
:10110300C583F0A3C582CCC582C583CDC583DAE68A
:10111300D0E0CA22C0E0E493A3D39C5010E493A38D
:10112300C39C400AD0E0D0E0D0E0021079A3A3A38F
:10113300D0E0227009080808226016181818C6C3E0
:1011430033C608C633C608C633C608C633C6D5E099
:10115300EA22C008C3E096F50808A3E0964208080F
:10116300A3E096420808A3E09645087001D3D0088F
:1011730022C09FF59FE473D09F22D083D082C09F6B
:10118300E493C0E0740193C0E0740293F59F2225B9
:1011930021F58210AF08F521400C15228008F521B6
:1011A30040021522D2AF8522832200C0D025211010
:1011B300AF08F521500C05228008F52150020522C5
:1011C300D2AFD0D0227404800A74038006740280E4
:1011D300027401C0E0F404121192D0E01214BC2294
:1011E300C0E0C0D0E8C0E0A8A8D2AFC2C7E8A2E779
:1011F30092AFD0E0F8D0D0D0E032BB0102E722C0FA
:1012030082C08389828A83BB0003E08002E493D097
:1012130083D082226016080808C6C313C618C613F3
:10122300C618C613C618C613C6D5E0EA222521F888
:10123300E43522F9222521FAE43522FB222521FC7B
:10124300E43522FD22C3E0C696F608A3E0C696F66F
:1012530008A3E0C696F608A3E0C696F62225211059
:10126300AF08F521400C15228008F5214002152214
:10127300D2AF22C0E0E493A36C7009D0E0D0E0D0F9
:10128300E0021079A3A3D0E022C3E7960809E7960A
:101293000809E7960809E796A2D265D03322E766E4
:1012A30070100809E766700A0809E7667004080900
:1012B300E76622C3E09608A3E09608A3E09608A396
:1012C300E096A2D265D03322E066701008A3E066F0
:1012D300700A08A3E066700408A3E06622191919CE
:1012E300E70947097009E727097005E733F422097D
:1012F30022181818E4C396F608E496F608E496F65E
:1013030008E496F622C3E096F008A3E096F008A35B
:10131300E096F008A3E096F022C3E697F60809E604
:1013230097F60809E697F60809E697F622181818BB
:10133300E60846087009E626087005E633F4220835
:1013430022C3E49396087401939608740293960853
:101353007403939622E026F608A3E036F608A3E08A
:1013630036F608A3E036F622E627F60809E637F64E
:101373000809E637F60809E637F622700422600DFD
:1013830018C6C333C608C633C6D5E0F41822E657D9
:10139300F60809E657F60809E657F60809E657F688
:1013A30022E056F608A3E056F608A3E056F608A393
:1013B300E056F622E026F008A3E036F008A3E03674
:1013C300F008A3E036F022E056F008A3E056F00858
:1013D300A3E056F008A3E056F022E493F608740164
:1013E30093F608740293F608740393F622E647F61D
:1013F3000809E647F60809E647F60809E647F6222C
:10140300E4C397F709E497F709E497F709E497F733
:1014130022600D08C6A2E713C618C613C6D5E0F3AB
:1014230022C6F4C608C6F4C608C6F4C608C6F4C67F
:1014330022C3E09608A3E09608A3E09608A3E096EB
:1014430022C3E7960809E7960809E7960809E7968D
:101453002275D00075813F75210175220500020DAB
:101463004E600C08C6C313C618C613C6D5E0F422D3
:10147300E6F008A3E6F008A3E6F008A3E6F022E707
:10148300094709C3134709336002E733F422E0F63F
:1014930008A3E0F608A3E0F608A3E0F622E6084670
:1014A30008C3134608336002E633F422800100E9DF
:1014B300F874FF28F90470F622CAC0E0E6F0A30826
:1014C300DAFAD0E0FA22E0F8A3E0F9A3E0FAA3E025
:1014D300FB22E8F0A3E9F0A3EAF0A3EBF022EAF0A1
:1014E300A3EBF0A3ECF0A3EDF022E0FAA3E0FBA35F
:1014F300E0FCA3E0FD22E5C754F84401F5C77901F8
:10150300222521F582E43522F58322E626184618A2
:1015130046184622C2AF75D69F02000022E727195C
:1015230047194719472212117D5BE10312117D8A86
:10153300E10312117D90E20312117DBAE20312114D
:101543007D0EE30312117DE2E30312117D10E60326
:1015530012117DBEE60312117D2BE90312117DB03A
:10156300E90312117DB3EC0312117DE7EE031211AF
:101573007D23EF0312117D7CF00312117D8FF003A5
:1015830012117DCCF00312117D95F20312117DD956
:10159300CA0512117D55CB0512117D88CB05121199
:1015A3007DB6CB0512117DF4CB0512117D31CE052D
:1015B30012117D50CE0512117D95CE0512117D2B92
:1015C300CF0512117D77CF0512117D0BD0051211B6
:1015D3007DE4D00512117D40D10512117D9ED10508
:1015E30012117D11D20512117D55D20512117DAD57
:1015F300D20512117DCFD20512117D5FD3051211D1
:101603007DF0D30512117D3CD40512117D68D405FC
:1016130012117DA9D40512117D3FD60512117D2B20
:10162300D70512117D06D80512117D6DB90512116A
:101633007D01BA0512117D69BA0512117D8EBB05B4
:1016430012117D18BC0512117DA3BC0512117DDF9B
:10165300BC0512117D78BD0512117D0DBE05121159
:101663007DE0BE0512117DC2C00512117DB8C10512
:1016730012117D57C20512117DACC20512117D1ADC
:10168300C30512117D26C60512117D50C80512111E
:101693007D51C90512117D8FCA0512117D9ACA05A4
:1016A30012117DE6FD0312117D12FE0312117D2D31
:1016B300FE0312117D52FE0312117DF2FE0312117D
:1016C3007D98FF0312117DC2FF0312117DB0B00696
:1016D30012117DB5B00612117DE8B00612117DD04E
:1016E3007D0012117D8F7E0012117D747F00121117
:1016F3007DAAAC0612117DBBAC0612117D59AD0655
:1017030012117D64AD0612117D7EAD0612117DF6B8
:101713007F0012117D2FB20612117D67FF04121193
:101723007D77FF0412117D8CFF0412117DF2FF04FB
:1017330012117DA6A90612117D2AAA0612117D9205
:10174300AA0612117D80960612117D9E960612112D
:101753007DD3960612117DF8960612117D1B97060E
:1017630012117D56970612117D83970612117DCAB9
:10177300970612117D69980612117DABAB06121103
:101783007D32AC0612117D3BAC0612117D62AC06B4
:1017930012117DC7FF0112117DF3980612117D3DD1
:1017A300990612117DD3990612117D599A061211C9
:1017B3007D8B9A0612117DA39A0612117D179B0643
:1017C30012117D2D9B0612117D409B0612117D4A3D
:1017D3009B0612117D51E90512117D7DE905121158
:1017E3007DE7EB0512117D27EC0512117D63EC05F6
:1017F30012117D77EC0512117D90EC0512117D829B
:10180300ED0512117D35EE0512117D49EE0512111C
:101813007D05FE0412117D29FE0412117D42FE0492
:1018230012117D80FE0412117DB0FE0412117DDDC4
:10183300FE0412117D43FF0412117D46FF041211B1
:101843007D50FF0412117D5DFF0412117DD99306B3
:1018530012117DF9930612117D38940612117D56EB
:10186300940612117D71940612117DD794061211FC
:101873007DE3940612117D40950612117D4F950666
:1018830012117D73950612117D34960612117D4156
:10189300960612117D52960612117DF6B0061211AC
:1018A3007D0EB10612117D3AB10612117D57F30573
:1018B30012117DABF40512117DB9F40512117DCC23
:1018C300F40512117DE1F40512117DF6F4051211F0
:1018D3007D09F50512117D85F50512117DEAF505E2
:1018E30012117D80F60512117D59F70512117D69DC
:1018F300F70512117D78F70512117DEAAE06121174
:101903007D0EAF0612117D36AF0612117D5EAF0656
:1019130012117D5D9B0612117D849B0612117DA21F
:101923009B0612117D119C0612117DF28D06121178
:101933007D0B8E0612117D178E0612117D2B8E06DE
:1019430012117D498E0612117D538E0612117D5D93
:101953008E0612117D708E0612117DFA8E061211FB
:101963007D6F8F0612117DA38F0612117DF18F06F5
:1019730012117D3E900612117D59900612117D635E
:10198300900612117D89900612117DEE90061211B8
:101993007D8DAD0612117DAFAD0612117D15B20618
:1019A30012117D4CF40312117D78F40312117D950D
:1019B300F40312117DA8F40312117DC3F403121171
:1019C3007D1DF50312117D4BF50312117D5FF903A4
:1019D30012117DBDFA0312117DEFFA0312117D522C
:1019E300FB0312117DD7FC0312117DFFFC031211BF
:1019F3007D14FD0312117D24FD0312117D64FD038B
:101A030012117DA6FD0312117DB6FD0312117D3C5B
:101A1300A50612117D56A50612117D7EA50612118B
:101A23007D97A50612117DBBA50612117DD9A506CA
:101A330012117DF0A50612117D1EA60612117D3925
:101A4300A60612117D83B10612117DD883061211E9
:101A53007DE8830612117DED840612117D1F850634
:101A630012117D4F850612117D72850612117D8933
:101A7300850612117DC3850612117D288606121173
:101A83007D6A860612117DB1860612117DDE8606F9
:101A930012117D09870612117D63FE0112117D83E8
:101AA300FE0112117D97FF0112117D9AFF011211A0
:101AB3007DA0A80612117DD6A80612117DEEA806F8
:101AC30012117D30A90612117D40A90612117D84E1
:101AD300A90612117D8EA90612117D5FE20512116E
:101AE3007DA2E20512117D07E30512117D26E305B0
:101AF30012117DC8E30512117DD1E30512117D2278
:101B0300E40512117D4BE40512117D58E405121111
:101B13007DCAE40512117D58E50512117D9DE50589
:101B230012117DD6E50512117D3BE60512117D6488
:101B3300E60512117DDBE60512117D2AE705121178
:101B43007D67E70512117D9CE70512117DAEE70560
:101B530012117DC0E70512117DDFE70512117DE843
:101B6300E70512117DA4E80512117DE7E8051211BE
:101B73007D25E90512117DF9AF0612117DFCA3063F
:101B830012117DB29D0612117DE89D0612117D3062
:101B93009E0612117D899F0612117D008005121188
:101BA3007D26810512117D62810512117D20830539
:101BB30012117D4E830512117DB8850512117DF832
:101BC300850512117D9A870512117D308805121142
:101BD3007D8A880512117D1A890512117D5E89059A
:101BE30012117DA0890512117D058B0512117D85CA
:101BF3008C0512117DC68E0512117DF48E0512110E
:101C03007D208F0512117D298F0512117D868F0589
:101C130012117D1F900512117D36930512117DBCA3
:101C2300930512117D83AF0612117D99AF06121130
:101C33007DA3AF0612117DA9F70512117DBFF7052C
:101C430012117D63F80512117DA2F80512117DBFF3
:101C5300F80512117DF0F80512117D3DF9051211F9
:101C63007D71F90512117DACF90512117DA1FB05FA
:101C730012117DABAA0612117D0AAB0612117D4823
:101C8300AB0612117D89AB0612117D3DAE06121112
:101C93007DA6AE0612117DC6AE0612117D8AA70679
:101CA30012117D48A80612117D00800412117D0CCB
:101CB300800412117D6E800412117D78800412114C
:101CC3007D07810412117D43810412117D35820445
:101CD30012117D92820412117D20830412117D71F1
:101CE300830412117DF1830412117DB7850412114F
:101CF3007DB1870412117DB3880412117DE5890437
:101D030012117D3B8C0412117D7D8D0412117D23F4
:101D13008E0412117DE1920412117DDE93041211DF
:101D23007D74940412117DA4940412117D419504D1
:101D330012117D5E950412117D7E950412117DECC6
:101D4300950412117D09960412117D379604121120
:101D53007DD1970412117DF2970412117D98980496
:101D630012117DE0980412117D3E990412117DDC5D
:101D7300990412117D419A0412117DAA9A04121139
:101D83007DE89A0412117D9A9B0412117D059C042F
:101D930012117D419C0412117DB29C0412117DFD30
:101DA3009D0412117D8D9F0412117D26A004121132
:101DB3007D77A20412117DDCA20412117D0AA30413
:101DC30012117D50A80412117D14AB0412117D145D
:101DD300AC0412117D1B940512117D3B9405121165
:101DE3007DEB960512117DA5990512117D549C0575
:101DF30012117D889C0512117DB19C0512117DD7AE
:101E03009C0512117D1C9D0512117DB89E051211B2
:101E13007D189F0512117D24A00512117D36A005A2
:101E230012117DEAA00512117DFBA00512117DDAC6
:101E3300A10512117DE6A20512117D6FA3051211F2
:101E43007DEFA30512117DCEA40512117D04A60515
:101E530012117DC7B10612117DAC8A0612117D6B7A
:101E63008B0612117DD18B0612117D808C06121107
:101E73007DCCCB0412117DFBCB0412117D7FCC04EE
:101E830012117DE2CD0412117DCCCE0412117D8896
:101E9300D00412117DADD00412117DFFD0041211B4
:101EA3007D91D10412117DDDD10412117DF0D10495
:101EB30012117D4DD20412117D1AD30412117D8C9F
:101EC300D30412117DC3D30412117D0CD404121157
:101ED3007DB4D50412117D93D60412117DE1D7048C
:101EE30012117DC4D80412117D50D90412117D89B9
:101EF300D90412117DA8D90412117DF3D90412114A
:101F03007D13DA0412117DD0DA0412117DF3DB04A0
:101F130012117D4EDC0412117D94DC0412117D9CA0
:101F2300DD0412117D37E00412117D5DE00412110E
:101F33007DD8E00412117DFDE00412117D71E104EE
:101F430012117D4FE20412117D8DE20412117D17EF
:101F5300E30412117D30E40412117D33E404121101
:101F63007D3DE40412117D47E40412117D63E40412
:101F730012117DD5E40412117D0EE50412117D3A90
:101F8300E50412117D61E50412117D85E50412114A
:101F93007DC0E50412117D33E60412117D67E6046A
:101FA30012117D71E60412117DADE60412117DE27A
:101FB300E60412117D01E70412117D3DB1061211F1
:101FC3007D55B10612117DF97F0012117DFDAF041D
:101FD30012117D20B00412117D7EB10412117DC750
:101FE300B10412117D33B20412117D91B2041211A6
:101FF3007D94B20412117DE5B20412117D5AB3042B
:1020030012117DEAB30412117DEDB30412117D6E3A
:10201300B40412117DAFB40412117DD4B8041211AB
:102023007D7EBA0412117DD2BA0412117D61BE0401
:1020330012117D99BF0412117D6DC00412117DD759
:10204300C00412117D01C10412117DBAC204121120
:102053007D9DC40412117D4CC50412117DE9C50494
:1020630012117DD4C60412117D3CC90412117D9650
:10207300CA0412117D04CB0412117DF7A6051211B7
:102083007DA1A70512117D0CA80512117D27A805B6
:1020930012117DA8A80512117D02A90512117D490F
:1020A300A90512117DA8A90512117DBAAA0512115D
:1020B3007DE3AD0512117D13AF0512117D9BAF05B5
:1020C30012117DA4B10512117D56B20512117D22A4
:1020D300B30512117DDDB40512117D7BB605121116
:1020E3007D08B70512117D2EB80512117D04D902A2
:1020F30012117D67D90212117DAFD90212117DF33E
:10210300D90212117D4EDA0212117DABDA021211DD
:102113007DE6DA0212117D68DB0212117DC2DB0259
:1021230012117D40DD0212117DB8DD0212117DD541
:10213300DE0212117DFDDE0212117D50E00212114A
:102143007D61E00212117D79E00212117D82E102CC
:1021530012117D5FE20212117D5CE30212117D8098
:10216300E30212117D97E30212117DB8E30212110B
:102173007DDAE30212117DF9E30212117DD1E4024B
:1021830012117D2BE50212117DC2E70212117D1B94
:10219300E80212117D3AE80212117D2AE9021211B6
:1021A3007D60E90212117D93EA0212117D12EB02A6
:1021B30012117D4EEB0212117D88EB0212117DF795
:1021C300EB0212117DACEC0212117D84EE021211AE
:1021D3007D91EF0212117D09F10212117DFFF202CE
:1021E30012117D75F50212117D4FF70212117D1048
:1021F300F80212117D88F80212117D9FF802121164
:102203007D96F90212117D8AFA0212117D8AD50395
:1022130012117D61870612117D11890612117DD07D
:10222300890612117D388A0612117DAEFB05121143
:102233007DEBE00312117D10FC0512117D36FC05C8
:1022430012117D5DFC0512117D75FC0512117D8D4A
:10225300FC0512117D2FFD0512117D71FD05121173
:102263007D94FE0512117D9DFE0512117DA6FE05CE
:1022730012117DAFFE0512117DB9FE0512117DDA33
:10228300FE0512117D5DEE0512117D9BF205121103
:102293007DA9F20512117DAEF20512117D0BDF034C
:1022A30012117DF7B10612117DF9900612117D6CA2
:1022B300A60612117D93FF0512117DF09F061211E0
:1022C3007DD4FF0212117D00800612117D51B006EC
:1022D30012117D61B00612117D9CFB0212117D006B
:1022E300800212117D32800212117D9E8002121132
:1022F3007D39810212117DD8810212117D1D820266
:1023030012117D3F820212117D58820212117D7ECD
:10231300820212117DA0820212117DDE820212114D
:102323007D22830212117D44830212117DA6830252
:1023330012117D6D840212117D24850212117D9686
:10234300850212117D68860212117DB28602121176
:102353007D05870212117D6B870212117DA587020D
:1023630012117DF7870212117D13880212117D3E2F
:10237300880212117D458A0212117D998B02121176
:102383007DBB8B0212117DEF8B0212117D108C022B
:1023930012117D1F8C0212117D2A8C0212117DDA1B
:1023A3008C0212117D438D0212117DF08D021211E8
:1023B3007D288E0212117DEE8E0212117DFB8F029B
:1023C30012117D45900212117DD4900212117D38B5
:1023D300910212117D73910212117DDF930212118A
:1023E3007D33950212117D6C980212117D39990289
:1023F30012117DC7990212117DF0990212117D62AB
:102403009A0212117DF69A0212117D549B02121147
:102413007D469C0212117D689C0212117DC49D02AF
:1024230012117DDD9D0212117DF09D0212117D5F5F
:102433009E0212117D6B9F0212117D789F02121171
:102443007D819F0212117D59A10212117D7FA2028B
:1024530012117D8FA20212117D91A30212117D0828
:10246300A40212117D37A40212117D4CA502121190
:102473007D18A70212117DF0AA0212117DFAAA0299
:1024830012117D0EAB0212117D18AB0212117D22C7
:10249300AB0212117D2CAB0212117D45AB0212115E
:1024A3007D4FAB0212117DC3AB0212117DCEAB0285
:1024B30012117DF3AB0212117DFEAB0212117D4CA2
:1024C300AC0212117D56AC0212117D61AC021211E5
:1024D3007D85AC0212117DA9AC0212117D05AD02FE
:1024E30012117D4BAD0212117D68AD0212117DE513
:1024F300AD0212117D1CAE0212117D5BAE021211F0
:102503007DA8AE0212117D2AAF0212117DC3AF0264
:1025130012117D93B10212117DF1B10212117D0DE1
:10252300B30212117D33B30212117D72B402121180
:102533007D98B70212117DD9B90212117DB5BB0284
:1025430012117D4BBC0212117D72BE0212117D1E4F
:10255300BF0212117D53BF0212117DB8BF021211C7
:102563007DC2BF0212117DECC10212117D13C302A1
:1025730012117D53C30212117DF9C30212117D8A18
:10258300C50212117D13C70212117D33C702121146
:102593007D8CC70212117D8EC80212117DD8C8022C
:1025A30012117D28C90212117D12CA0212117D87F0
:1025B300CA0212117DA1CB0212117D1CCC02121191
:1025C3007D21CD0212117DCCCF0212117DEBCF0202
:1025D30012117D4CD10212117D0ED30212117D62B4
:1025E300D30212117D1AD40212117DC9D402121121
:1025F3007D1FD50212117DD5D50212117D6AD60237
:1026030012117DD6D60212117D10D70212117D410F
:10261300D70212117D9DD80212117D008003121181
:102623007D32800312117D69800312117D52820372
:1026330012117D35830312117D8D830312117DC821
:10264300840312117D14850312117D3C880312113A
:102653007D9E8B0312117DEB8C0312117D818D0303
:1026630012117D8D8D0312117DBF8D0312117D41DA
:102673008F0312117DDC900312117D8491031211DB
:102683007DC7910312117D2D920312117D4A92038E
:1026930012117D7A920312117DAF920312117D7F85
:1026A300930312117D28940312117DAC960312112A
:1026B3007DCC970312117DB5980312117D379903D1
:1026C30012117D569D0312117D939D0312117DEB13
:1026D3009D0312117D1E9E0312117D9F9E031211F5
:1026E3007DEC9E0312117D779F0312117DC99F0319
:1026F30012117DA0A00312117D59A10312117DF4C3
:10270300A10312117D0DA50312117D2DA603121134
:102713007DDAA90312117DF8AA0312117DFBAA0326
:1027230012117D2AAB0312117D30AD0312117D0905
:10273300AE0312117D3EAE0312117D46AF0312119B
:102743007DFCAF0312117D9DB10312117DC2B10354
:1027530012117D01B20312117D73B20312117D5761
:10276300B30312117D24B40312117D5AB60312115F
:102773007DCBB60312117D0BB70312117D6CB7032A
:1027830012117D2FBB0312117D1EBC0312117D0597
:10279300BD0312117D7DBD0312117D3FBE031211D6
:1027A3007D3DC00312117D55C00312117D69C00325
:1027B30012117DA1C00312117DCFC00312117D56EA
:1027C300C20312117D61C30312117DB3C30312113E
:1027D3007D14C40312117DC6C40312117DEDC4031D
:1027E30012117DD1C50312117D82C60312117D71B1
:1027F300C80312117DA6C80312117D0EC90312115D
:102803007D3DCA0312117DEFCA0312117D20CB0354
:1028130012117D38CB0312117DC7CB0312117D7BBF
:10282300CE0312117D53D00312117D6FD003121109
:102833007D8BD00312117D59D10312117D3DD50338
:1028430012117D10840112117D48840112117D261D
:10285300890112117D6C890112117DB98A0112114E
:102863007D248B0112117DAD8C0112117DBD8F0171
:1028730012117DD8900112117DEA9A0112117D7D0A
:102883009B0112117DCF9E0112117DCB9F0112116D
:102893007D26A00112117D70A10112117D5EA2019E
:1028A30012117DFAA40112117D6EA60112117DF1A0
:1028B300A60112117DF4A60112117D69A70112115F
:1028C3007D73A70112117D80A70112117DABA701B2
:1028D30012117D5BA80112117D54A90112117DFF14
:1028E300A90112117D1DAA0112117D36AA0112112F
:1028F3007D5FAA0112117D81AA0112117DD6AC015F
:1029030012117D9BAD0112117DE0AD0112117D5FAE
:10291300AE0112117D0BAF0112117D3DAF011211FA
:102923007D91AF0112117DCCAF0112117D13B00166
:1029330012117D63B00112117D68B00112117DBCCB
:10294300B00112117DE8B00112117DD1B101121154
:102953007D22B20112117D82B20112117DDCB2011E
:1029630012117D77B30112117DB6B60112117DC824
:10297300B70112117D42B90112117D52BC0112112E
:102983007DF0BC0112117DE6BF0112117DA5C001CE
:1029930012117DE9C00112117D94C20112117DA8AB
:1029A300C20112117DB2C20112117DBCC20112110A
:1029B3007DC8C20112117DEDC20112117DC6C40191
:1029C30012117D1BC50112117D25C50112117D2F29
:1029D300C50112117DA4C50112117DF3C5011211A8
:1029E3007D04C70112117D51C70112117D5EC8011B
:1029F30012117DA2C80112117D48C90112117D3B3C
:102A0300CA0112117D01CB0112117D24CC011211D7
:102A13007D42CD0112117D2ACE0112117D42CE01DC
:102A230012117D99CE0112117DA3CE0112117DAE3B
:102A3300CE0112117DCCCE0112117D14CF011211E2
:102A43007D76CF0112117D9DCF0112117DAFCF0194
:102A530012117D4AD00112117D7FD00112117D66C2
:102A6300D10112117DABD10112117D91D20112114D
:102A73007DB8D20112117D3BD30112117DACD3017C
:102A830012117D35D50112117D61D60112117D24FC
:102A9300D70112117DECD70112117D76D8011211E5
:102AA3007D9ED90112117D40DA0112117DBBDA013D
:102AB30012117D77DB0112117DC1DB0112117D1B28
:102AC300DC0112117DF3DC0112117D16DD011211FF
:102AD3007DC9DD0112117DEBDD0112117D54DE0193
:102AE30012117D6AE00112117D62E10112117D264E
:102AF300E20112117D58E40112117DA2E4011211C9
:102B03007DF2E40112117D56E50112117DB8E50154
:102B130012117DE6E50112117D0AE60112117D3FD6
:102B2300E60112117D70E60112117DA3E601121177
:102B33007DF3E60112117D46E70112117D6BE80179
:102B430012117D0BEA0112117D66EA0112117D8FCC
:102B5300EA0112117D1CEB0112117D8AEB011211A6
:102B63007D98EB0112117DBCEB0112117D11EC017B
:102B730012117D2CEC0112117DDEEC0112117D1678
:102B8300ED0112117D59ED0112117DBCED01121100
:102B93007DBEEF0112117DE8EF0112117DDFF0011F
:102BA30012117DE9F10112117D99F20112117DBB20
:102BB300720012117DF3720012117D147300121151
:102BC3007D56730012117DB8730012117DC273001C
:102BD30012117DD2730012117D0D740012117DED5F
:102BE300770012117DDA790012117DC07B0012117A
:102BF3007D577C0012117DF97C0012117DAC3800E9
:102C030012117D57390012117D053A0012117D0B07
:102C13003B0012117D2B3B0012117D543C0012111D
:102C23007D0F3E0012117D823E0012117D263F0072
:102C330012117D32400012117D9D400012117DD989
:102C4300400012117D1C410012117D5741001211E9
:102C53007D99410012117D2E420012117DAA42007E
:102C630012117D74430012117D51440012117DE94C
:102C7300440012117D03450012117D3345001211EA
:102C83007D64450012117D2A460012117D3A4600EB
:102C930012117D89460012117D96460012117D9F07
:102CA300460012117D1D470012117D794700121154
:102CB3007DC4470012117DDF470012117D0A4800D1
:102CC30012117D27480012117D33480012117DCA6D
:102CD300490012117DE3490012117D684A00121167
:102CE3007D7B4A0012117D9A4A0012117D3E4B00F2
:102CF30012117DBF4C0012117D724E0012117D081E
:102D03004F0012117D0B4F0012117D7B4F001211EA
:102D13007D994F0012117D30500012117D785000C3
:102D230012117D7B500012117D41510012117DAEB5
:102D3300510012117DD4510012117D5F5200121106
:102D43007D7D520012117DC3520012117D77530015
:102D530012117DC1530012117DF0530012117D4DEC
:102D6300540012117D82540012117DAE54001211D1
:102D73007DBC540012117D09550012117D79550057
:102D830012117DC2550012117D0E560012117D3AAB
:102D9300560012117D45560012117D635600121123
:102DA3007D4E570012117D58570012117D93570025
:102DB30012117DA3570012117DF7570012117D0BDD
:102DC300580012117D3A590012117D4F590012110A
:102DD3007DDD590012117D225A0012117DAE5A0079
:102DE30012117DB95A0012117DFB5B0012117D1681
:102DF3005C0012117D625C0012117DD15C00121126
:102E03007D0A5D0012117D245D0012117D845D0039
:102E130012117D235E0012117D6E5E0012117D3E44
:102E2300610012117DF0610012117D5D62001211CB
:102E33007D9D640012117DB5640012117DB864009C
:102E430012117DC4640012117DD8640012117DE05B
:102E5300640012117D13650012117D1666001211B4
:102E63007DA3660012117D13670012117D95670023
:102E730012117D56680012117D75680012117D16BE
:102E8300690012117D73690012117D7669001211B8
:102E93007DEA690012117D396B0012117D3F6C00D0
:102EA30012117DCA6C0012117DE56D0012117DAD0A
:102EB3006E0012117DDE6E0012117D016F00121182
:102EC3007D0A6F0012117D396F0012117DC96F00E9
:102ED30012117D7F700012117DF4700012117D9B21
:102EE300710012117D10720012117D4772001211D0
:102EF3007D85720012117D51E00312117D5FD503B0
:102F030012117D19E20512117DE5E10512117D8E85
:102F1300E10512117D17E00512117D69DF0512111C
:102F23007D5FDF0512117D55DF0512117DEEDE0594
:102F330012117DD3DE0512117D30DE0512117D30B5
:102F4300DD0512117D0DE00312117DCCFB0512117D
:102F53007D4EDC0512117D3EDA0512117D77DE030D
:102F630012117D17DE0312117D4CD90512117DEA72
:102F7300D80512117DF1FD0412117DE7FD04121134
:102F83007D7CFD0412117DB0FB0412117D6EFB04E8
:102F930012117D7AFA0412117D4EFA0412117D0585
:102FA300FA0412117D46F90412117D35F60412114B
:102FB3007DEDF30412117D9DF30412117D37F304AB
:102FC30012117DF6F20412117D28F20412117DC252
:102FD300F10412117D61F10412117D01F10412114A
:102FE3007D9FEF0412117D33EF0412117D87EE04F0
:102FF30012117D82EE0412117DE7DD0312117D763D
:10300300EE0412117D3BDD0312117DD4DA0312119C
:103013007D8BD70312117DDFD60312117D4DD603AD
:1030230012117D07D60312117D41EE0412117DD3D7
:10303300EA0412117DD0EA0412117D83EA0412110D
:103043007DD2D50312117D71EA0412117D67EA0462
:1030530012117D36EA0412117D31E80412117DBC90
:10306300DF0312117DA4E70412117D89A206121158
:103073007D60E70412117D34E70412117DFDFD012B
:1030830012117DD0FD0112117D9DFD0112117D757F
:10309300FD0112117D16FD0112117DF6FC011211C5
:1030A3007DC1FC0112117D6DF90112117D55F701EE
:1030B30012117D3FF50112117DBFF40112117D6BD9
:1030C300F40112117D77F30112117D9FD5031211C3
:1030D3007D1FF40112117DF9FA0200000080FB004C
:1030E3000022E4738F000100D31B87000100D11B72
:1030F30035000400971B250002009B1B26000200DD
:103103009D1B270002009F1B28000100A91B29000B
:103113000100AA1B840004004D1886000100C91A8F
:103123002A000100AB1B2B000100AC1B2C0001008B
:10313300B11B2D0008005B182E000100B21B2F00ED
:103143000100B31B30000100B41B31000100B51BAB
:1031530032000100631833000100641834000100D9
:10316300B61B36000100651838000100B71B390093
:103173000100B01B83000200CF1B63000100701825
:1031830064000100AD1B65000100AE1B6D00010072
:10319300711871000800531866000100CE1B43002C
:1031A3000100BF1B44000200C01B45000100C21BFD
:1031B30046000200C31B47000800681848000100CE
:1031C300C51B4B000100C61B04000100D21BA1005C
:1031D3000100D61B37000100D51B88000100D41B5A
:1031E3003C00010066183D000100B81B49000200C5
:1031F300C71B6700010072184D000200C91B4E0077
:103203000100CB1B4F000200CC1B3E000100BE1B84
:1032130051000100BA1B52000100BB1B5300010007
:10322300BD1B5400010067180000000000000000EF
:10323300000020010A840000010020010C8400002A
:10324300020020010E840000030020010B84000013
:10325300040042019682000005004201C381000080
:10326300060042017D820000070030010F84000048
:1032730000404201D8820000FEFF210108840300C0
:103283000000212334170300FEFF210108840204F8
:1032930000002905591B020410022923491B0304BA
:1032A300000029055F1B030410002905611B0304AB
:1032B30014002801631B030410022B234B1B05047A
:1032C300000021055D1B0504100229234F1B0D047B
:1032D30000003905531B0D04020210233C1B0D048F
:1032E300030210233B1B0D04040221233D1B0D0489
:1032F300050221233F1B0D0411F11023511B2B0445
:1033030000003905661B2B0410022823521B2B04D3
:1033130004022123411B2B0405022123431B00012B
:10332300363601010001020100010301000104011D
:10333300060605020000070100340801000F090416
:1033430001010D0100FF0E08000017020000190122
:1033530000FF1A0100011B0100FE1C0100081D02F1
:1033630000001F01000120010001210200002301D0
:10337300000F240200002601000127010008280293
:1033830000FF2A0100072B0102402C0100002D0140
:1033930000012E0100012F0100FF30010B1D310838
:1033A30000003A0100083B01000F3C0100013D0110
:1033B30000FF3E04000042040000460400004A04EB
:1033C30000004E04000052040000560400005A049A
:1033D300000001037103010301030103010301035E
:1033E300220302030103100300030003000300038D
:1033F3000003000300034203000324030603000346
:1034030000030403120325032303250323030403F7
:103413000403000300030003440300030003230326
:103423000003650321003503810300030503000343
:10343300000300030003250323030300710030018D
:10344300600011007000310220035004800010005E
:103453006100000014006300730072006200430007
:10346300000013000600000000000400120000002A
:1034730000000000000004000400370037003C0295
:10348300440000000000000000006500000035005B
:1034930081000000050000008300000003047104A4
:1034A300020460041104700402040204010402040F
:1034B30010046104000414046304730472046204BA
:1034C3004304000413040604000400040404120467
:1034D3000004000400040004510464000004000418
:1034E3000004440400040004000400046504000410
:1034F300350481046400050400048304000403020A
:103503007102300160021102700201020202020222
:103513008002100261023A004100630273027202E8
:103523006202430200021302380000020002040296
:103533001202000200020002000204020402370029
:1035430037003C0244020002390000020002650217
:103553000002350281020002050282028302000298
:103563000101710101010101110101013101010198
:1035730001018001100161013B001400630173012B
:103583007201620143010001130106013D0135008F
:103593000401120100010001000100010401040102
:1035A300330133013C0144013201360000010001C3
:1035B30065010001350081010001050182018301DC
:1035C300000136000100060000000F0000000000AB
:1035D300000000000000000003FFFF00000403FFE1
:1035E300FF0000FFFF0FF4010005C40403200001E6
:1035F30000000B000000000000000003010F0000AA
:1036030000000000000000000000000000000000B7
:1036130000000000000000000000000000000000A7
:10362300931DBD1D991DC71C9F1DC31D9F1DCF1D30
:10363300A51DC71C9F1DC31DAB1DC71C000000009B
:10364300B11DC71C0000000000000000B71DC71C0F
:103653000000000000000000000000000000000067
:103663000000000000000000000000000000000057
:1036730000000000000000000000000013004520CF
:103683001F004B201F8051200000AB200100AB2006
:103693000200F11F0280EB1F0300F71F0400FD1F50
:1036A300048003200500092006001520310027208F
:1036B30033002D203400332036003920FFFF000073
:1036C3000A000000020000000400000008000000DF
:1036D30010000000200000004000000080000000F7
:1036E30000010000000200000004000000080000C8
:1036F300001000000020000000400000017F2806A9
:10370300AF2808A9280BCD2810CD25028528059DB3
:1037130028078B280C67280D732864C323FF000038
:1037230007ECFDFDFDECDCDCCCBCACAC9C9C8C7CE8
:103733007C6C6C5C5C5C4C4C3C3C2C2C1C1C001668
:103743000F00000B150B020002220F3300000E0FB7
:103753000000000000000000000000000000000066
:103763005A6967426565416C6C69616E636530399E
:10377300D0D1D2D3D4D5D6D7D8D9DADBDCDDDEDFCE
:10378300150AF4D4C0A595827263615550490003AC
:103793004D4C4651181A250502003C40423A3F3F22
:1037A300392F473000011916181616182303003055
:1037B3003017181921301B1D1F30303016181920EF
:1037C300231A1C1E300C0E020B040B0A0708000FF1
:1037D30002040201010101090200BE040AE8030018
:1037E30000F6FB0100030000000000E80323371A82
:1037F3000083377F00101E0A0A1E10080C280004DD
:103803001E02000915033C18080A10150300FF03E4
:103813000C0AFFE4F0A3F0A3F0A322123816F0225F
:103823009019BB124E22122C692212383122E0F574
:1038330008E4F509F50AF50B22E824FBF582E934DF
:10384300FFF58322E82411F582E439F583E022F5BC
:103853008312385822E0F508A3E0F50922122EE579
:1038630074041211AD7F08020EDC7401F090072C72
:10387300E0640F2274091211AD7F04020EDCEA2406
:1038830013FAE43FFB122E13E9227905122E1F745B
:103893000622A3A3E024F5C3941322122EF190076A
:1038A3004C126DE07A147B0022C082C08390199A77
:1038B300745DF0A3742CF0A3746FF0A3742CF090D8
:1038C300199E7445F0A3742CF0A3743FF0A3742CD9
:1038D300F0A3747BF0A3742CF0A37481F0A3742C75
:1038E300F0A37475F0A3742CF0A3742DF0A3742CBF
:1038F300F09019AA7451F0A3742CF0A37457F0A399
:10390300742CF0A3744BF0A3742CF0A37487F0A36E
:10391300742CF09019BB1257F160099019BB124E29
:103923001E121B959019B8125138740812648DA396
:10393300F0901A64F09019BDF07C0BFDF97ABE7B10
:1039430019121AE77C0B7D0079007AC97B19121AC8
:10395300E7024F9274F7120BD474F7121260EAFE67
:10396300EBFF1239EA74051252567403F0123B014D
:103973001252382430FCE43FFD8C821239E21239B2
:10398300F6600812420F74FFF0A3F0EE242EE43F1A
:103993001C1CFD8C82F583A3E0C0E08A828B83121A
:1039A3004EEAD0E01239F688828983125725240320
:1039B300F0EE1242191215047403F0900741120F2E
:1039C300AB7402121240123DE31211ADE9F5087017
:1039D30007EEFAEFFB122CF9A9087409024228F545
:1039E30083E08882898322EA1239EF221259343F15
:1039F300F5832212670D125244E8F0A3E91269E439
:103A0300E02274F0120BD4EAFEEBFF8C0C8D0D89CF
:103A13000B123B01F58312524C7410121504E0F59E
:103A230008A31239E4F0E824FFF582E9123DF5E535
:103A330008F0E824FEF582E9123DF5E50BF0900766
:103A430046E0C0E0E824FDF582E9123DF5D0E0F060
:103A5300900745E0C0E0E824FCF582E9123DF5D08B
:103A6300E0F0741212150412385412383CE509F0D0
:103A7300E824FAF8E934FFF98882F583E508F0EEE3
:103A83002404FCE43FFD88088A828B83E0F50E8CD6
:103A9300828D83E0250EC3950812670D125072853F
:103AA3000C82850D83A3A3A3A3A3A3A3A3E0640311
:103AB3007009EE125226F0A3E48003123DFA123E7F
:103AC300027409F07508BE750919750A00780812A1
:103AD30011CC1261D71211AD7508FF7509FF780873
:103AE3001211D0AC0CAD0D123DE31211ADE9F50886
:103AF3007007EEFAEFFB122CF9A908023868EA24E2
:103B030002FAE43FFB8A8222C082C0839019DAE082
:103B1300C39408400474078001E08A828B83F033E6
:103B2300333354F8F9024F9274F0120BD48A088B92
:103B330009890A8C0E8D0F750C00A2AFE433F50BC7
:103B4300C2AF9019D48045123C2D503D123C4764BE
:103B5300037036E50824F9F508E50934FFF5098E05
:103B6300828F83A3A3E02405FCA3E03400FDAA080D
:103B7300AB09121C85E50824FFF508E50934FFF5B8
:103B8300097410250CF50C150A12401C127195E5E9
:103B93000A6004EE4F70B0E50BA2E092AFA2AFE46F
:103BA30033F50BC2AF9019D4803E1256FE8882F5CE
:103BB30083124972850882850983F08A8289831278
:103BC3003C3EA3A3E0C0E0E50824FFF582E509122B
:103BD3003DF5D0E0F0E50824FEF508E50934FFF5EE
:103BE30009050C150A12401C123E706021123C4755
:103BF300640270F1123C2DEE40B012536DA2E550F9
:103C0300E4850E82850F837401F0E50A70D7E50B16
:103C1300A2E092AF850882850983E50CF0E50824CC
:103C2300FFFAE50934FFFB023868123C33A2E622AF
:103C3300EE2411F582E43FF583E022123C42221286
:103C43005743A3228E828F83A3A3124EEE125E1AD2
:103C53002274F0120BD474F312126074031215045D
:103C6300E9F07402121504EAF08B0B852182852298
:103C730083E4F004121238122C0FE9F890072BE0BA
:103C8300292437F508FA7B00121AF98A0C8B0DAE3A
:103C93000CAF0DEA4F7003023DDAEA2402F50EE49D
:103CA3003FF50FA808EA28F8E43BF9850E82850F53
:103CB3008312476E90072BE0F9FAC3E49AFA95E072
:103CC300FB850E82850F83E02AF50CA3E03BF50DFF
:103CD300900729123854750A0078081211CCE9FCB0
:103CE3007D00AA0CAB0D1251A81211ADAC21AD226F
:103CF3007401121504E0F9E50C24FFFAE50D34FF15
:103D0300FB122C158A828B83E4F0E50BC454F0F983
:103D1300901A65E0C4333354C0F8900725E0A2E05D
:103D2300E43313134849440FC0E0EA24FFF582EB60
:103D3300123DF5D0E0F0EA24FEF50CEB34FFF50D6F
:103D43007403121504E0F87402121504E0C454F06D
:103D530048850C82850D83F0A80C850E82850F8320
:103D630012645A2AC3988E828F83A3A3A3A3F085D8
:103D73000E82850F83E8F0A3E50DF0123DFA123EA3
:103D830002E4F0740C121504E4F07508C9750919FE
:103D930078081211CC1261D71211AD8521828522C8
:103DA30083E06009EE240E12536F4408F0122E01D3
:103DB300E9F9E4F508F50978081211D0740612122E
:103DC30040123DE51211ADE97006EEFAEFFB800BF0
:103DD300EEFAEFFB121AFF7A007B00740D023865CE
:103DE3007903EEFAEFFB122E19740222EE24FFF58B
:103DF30082EF34FFF58322EE1239EFE4F0A322F0D1
:103E0300123E0722EE1260FA3FF5832274F2120B80
:103E1300D48A0C8B0DA2AFE433F50AC2AF75080048
:103E23007509009019D4802C12402C5024850C82E3
:103E3300850D83A3A31261EA8E828F83A3A3124EFF
:103E43001E122E07E9600A124027C2E6F08E088F81
:103E53000912401C123E7070CFE508450960061236
:103E63003F09D2E6F0E50AA2E092AF800DE0FEA39F
:103E7300E0FFEE4F2274021211AD7F06020EDC74D6
:103E8300F0120BD48A0E8B0F8C0C8D0D750A00A2C9
:103E9300AFE433F50BC2AF7E007F009019D48010DE
:103EA300AE08AF09123F0112536DD2E7F0124DFC79
:103EB300124E106034123F09A2E750F18508828543
:103EC3000983A3A3120FABAC0CAD0DAA0EAB0F125B
:103ED3002E0D74021211ADE960D3EE4F60C212428F
:103EE300A37006123F1BD2E4F0E50BA2E092AFEE03
:103EF3004F6006122CF3750A01A90A023868123CB6
:103F030033D2E4F0EE22E5081261143509F583E0BB
:103F130022AA82AB83121C858E828F83A3A3124EA7
:103F2300EEE02274F2120BD474FE121260750C00D0
:103F3300750D00852182852283E4F0A3F0A2AF33BF
:103F4300F50AC2AF9019D4127195802BEE24FBF5BC
:103F530082EF34FF123852780C1211D012400A1239
:103F630011ADEEFCEFFDAA21AB22121B1DAE08AF73
:103F7300099019DAE014F0EE4F602B12402C501D1B
:103F8300EE240BF8E43FF98882F583E024FFF0A3E5
:103F9300E034FFF0888289831257F160AF8E0C8F73
:103FA3000D12401C80A1E50AA2E092AF9019DAE05D
:103FB300602C90072CE0640F6006901A64E0701E7A
:103FC3007AB27B19122EF1908404120FA77AB27B76
:103FD3001912501A1211AD800574F0124EFBAA216A
:103FE300AB22121B238A088B09AE08AF09EA4F6084
:103FF30013122C21124027A2E28E828F83A350D961
:1040030074E980D7023E78EEFCEFFD7AD47B191277
:104013001B2F7402228E0A8F0BEE24FBF582EF34E2
:10402300FFF58322EE123C3422123C33A2E72274C2
:10403300F7120BD4EAFEEBFF122C21124EE71230DB
:10404300E5E96401900748700AE02401F8A3E0342D
:10405300008003124E6DF912556F1250729019DAE7
:10406300E0701F90072CE0640F70177AB27B19126F
:104073002EF1908404120FA77AB27B1912501A12F0
:1040830011ADA8A8C2AF9019DAE004F0E8A2E78066
:1040930004E508A2E092AF02547D74F7120BD4EA50
:1040A300FEEBFFEA1240D3F0122C21EEFCEFFD7A77
:1040B300D47B19121B29A8A8C2AF9019DA1249C1DF
:1040C30090072CE0640F70057908122DB902547D16
:1040D300123C34C2E42274F7120BD474EA12126055
:1040E300EAFEEBFF900725E0602A85218285228383
:1040F3007401F0121504E412418E121504123F14D8
:10410300C0E0740A121504D0E012647A740B12151D
:10411300041256DA741602422874F7120BD4EAFE1C
:10412300EBFF122C03E9F974DC69601E74DD69602E
:104133001974E469601474F369600F74DE69600ACA
:1041430074DF69600574DB697007EEFAEFFB122D0B
:10415300BF02547D74F7120BD474EB121260EAFEA3
:10416300EBFF852182852283740612418E1215048A
:10417300AA82AB83121C85EE2408FCE43FFD740A7B
:104183001215041256DA7415024228F0EA2413FCBD
:10419300E43FFD74022274F7120BD474F712126019
:1041A300EAFEEBFFEA243012536F605DEA12421914
:1041B3001215047403F0900741120FAB12420F1251
:1041C3000FAB900754E0F97404121240EEFAEFFBC0
:1041D300122C0974041211ADE9F974DC69602374BB
:1041E300DD69601E74E469601974F369601474DE38
:1041F30069600F74DF69600A74E869600574DB69DC
:104203007007EEFAEFFB122DBF0239DDEE242EF517
:1042130082E43FF583221265EBAA21AB22121C85AF
:1042230074082274031211AD02547D74F2120BD47C
:104233008A0C8B0D750A00750B007508E7A2AFE4B5
:1042430033F509C2AF9019D48003124018123E709F
:10425300602512402C50F31242A370EEEE2432126A
:10426300443AE06870E4780A1211D012400A12113D
:10427300AD9019DAE014F0E509A2E092AFEE4F60D9
:1042830013EEFAEFFB122C2179F0EEFAEFFB122D6D
:10429300BF750800A908AA0CAB0D122DBF023E7D05
:1042A300123E07E064012274F4120BD474F7121265
:1042B30060EAFEEBFF8A82F583A3E064F3700302F6
:1042C30043488A828B83A3E064DF60798A828B838D
:1042D300A3E064E8606F8A828B83A3E064DB60659C
:1042E300122C63E9F5087055EE240E12536F604DDE
:1042F30012435260487408121504124361120FAB43
:104303007508FF7509FF78081211D08E828F83A379
:10431300A3A3A3A3A3A3A3E0F97404121240122C32
:104323000974041211ADE9F50874F369600F74DFC1
:1043330069600A74E869600574DB69700F8E828FA7
:1043430083A3E508F0EEFAEFFB122C6F023877EE49
:10435300240FFAE43FFB7909122CA5EA4B227402DD
:10436300125BE074FFF0A312436E2212572EA3A335
:104373002274F1120BD4EAFEEBFF7508008A82F572
:1043830083A3A3A3A3A3A312389540037508E88AC4
:10439300828B83A3A3A3A3A3A3A3A3A3A3E0C394F5
:1043A3001040057508E880138A828B83A3A3A3A317
:1043B300A3A3A3A3A3A3E0640F600B901A41E0544B
:1043C3000870037508E8EA240B12443AA3A3A3A3D5
:1043D300A3A3A3A3E0C398500DEA240B12536F6465
:1043E3000F60037508E8900745E0F47003A3E0F459
:1043F30070037508EC7A237B00121B8F8B0BA90BC0
:104403009019BB12444960278E828F83A3A3A9828C
:10441300AA83890C8A0D750E00780C1211CC7C23AB
:104423007D009019BBE0FA1251A81211AD800375FB
:10443300081AA9080261D2F582E43FF583E0F88AFD
:10444300828B83A3A322EAF0A3EBF0EA492274F55B
:10445300120BD4EAFEEBFF8A82F583A3A3A3A3A3E3
:10446300A3A3A3E090072C1244E1E0900747F0EAEE
:10447300240B12536F9007271244E1A3E0901A65AF
:10448300F0F912193D901A65E0600BEE2404125303
:104493006124061244D7901A6412386D60047401C3
:1044A300800274009019BD126B251211CC7C0B7D18
:1044B300007ABE7B191251A81211ADEE2418F5082B
:1044C300E43FF50978081211CC7C0B7D007AC97B97
:1044D30019025195FAE43FFB79E112192522126B77
:1044E3000FA3A3A3A32274F7120BD4EAFEEBFF8A54
:1044F30082F583A3E0700312382312669602547D7B
:1045030074F7120BD4EAFEEBFF9019BB1257F1605C
:10451300109019BB124E1E9019BBE4F0A3F0121BAE
:10452300958E828F837408124F0212228502547D66
:1045330074F6120BD4901A64E060109019BDE07009
:104543000A124551EA4B6003122CF9026790900757
:1045530027E0FB900747E0FA90072CE0F9122C1BA9
:104563002274F4120BD474E7121260EAFEEBFF75A7
:104573000B018A82F583A3A3A3A3A3A3A3E0A2E2CF
:104583005069EA242BF582E43F1261E8EA2413FA26
:10459300E43FFB122C27E970529082D6E06401704D
:1045A30005750B0080451246231211CC7C0B7D0050
:1045B30074111212381251A81211AD122E01E9FA18
:1045C300740E1212308808890978081211D0750800
:1045D3003075090078081211D0EE126443120FAB44
:1045E3001265DD790112388F1211AD852182852282
:1045F300837410F01265DD7402121504AA82AB8372
:10460300121C79EE242B126DD6740B121504125062
:1046130072740D121504E50B12684F741902387980
:10462300EE2408126B2D22C082C083901A65E060CD
:1046330003122E73024F92C082C083901A5C749A45
:10464300F0A37419F0A3749EF0A37419F0A374AAD1
:10465300F0A37419F0901C38749FF0A37434F09095
:104663001A4674FDF0A3742BF09019DF7433F0A392
:10467300742CF09019E17439F0A3742CF0901A4162
:10468300E04402024A96C082C083EAFCEBFD790350
:1046930002579DC082C0837908026910C082C0831B
:1046A30074FE1212609019E774E1F0A3742CF09079
:1046B30019E974DBF0A3742CF080077AD47B191208
:1046C30046FB9019D41257F170F19019D61257F195
:1046D30060097AD67B191246FB80EF9019D4E4F077
:1046E300A3F09019DAF0A3F0A3F09019F5741DF07C
:1046F300A3742DF07402801C121B23852182852252
:1047030083EAF0A3EB12470F122DEF22F0AA21AB9D
:10471300222274111211AD024F9274F6120BD4E9D6
:10472300FF749C29F582E43437F583E493FEFA7B26
:1047330000121AF9EA4B6007EA2E12476B80267AB9
:10474300027B00121AF9EA4B601774B22FF582E468
:104753003437F583E4938A828B83F0A3741A124B64
:10476300347A007B00026790125061E812670AA353
:10477300A3A3A3E4F022E9FC740629F8EAA2E0501B
:104783001EE875F00A84E5F0F96014740A28C399E9
:10479300F8E9C394054004740A28F8740B28F8EC6C
:1047A300C394134004791480027906E8297900241C
:1047B30009F85001097A0A7B00120972E8F902111B
:1047C3007AC082C083901A41E05402600A12228B9D
:1047D300E96004790180027900024F92C082C083AC
:1047E300901A41E0540260149019DAE0700A1257EB
:1047F300EE60091248045004790180027900024FE7
:1048030092123847A2E722C082C0839082D3E0F895
:104813009019DCE0C3985005121AF980047A007BE2
:1048230000024F92C082C083122DEF7900024F9293
:10483300C082C08374FE121260852182852283EABE
:10484300F0A3EB12499DA3A3A3A3A3E0600A146002
:104853005724FE605A02490D90072CE0640F601242
:10486300122DC5E9700C124E189019E3124EEA127C
:1048730030E5900754E0C0E08521828522831257FA
:1048830011D0E012499D741412612EFCA3E0FD7A4D
:10489300D67B19121B1DA8A8C2AF9019DC1249C1FF
:1048A3007920122DB90246F7124C6B741580D91278
:1048B3004C6BA3A3A3A3E06051124C6B123F1FC028
:1048C300E0852182852283E02406F582E43BF5839B
:1048D300D0E012612E2402F8A3E03400F98882F5B7
:1048E30083E02401FAA3E03400FB88828983EAF0A1
:1048F300A3EB12612E124CAB8521828522836013B8
:1049030012497260051249844048AA21AB22122D34
:10491300EF809212497260F2124984502112499138
:10492300FA852182852283A3E0C82406124C67F806
:1049330074D21259263437F583E4936A60148521BF
:1049430082852283124972640870BF1249916408F8
:1049530070B8124991141249A5240AC0E085218236
:10496300852283124EEAD0E01249A50402488B1235
:10497300497622124E6DC82406F582E438F583E0A9
:1049830022852182852283124976C3940A228521B6
:1049930082852283123C42A3E0221249AFF5838829
:1049A30082221249AFC82406124C9522F085218237
:1049B300852283124E6D22A8A8C2AF9019DBE004B2
:1049C300F0E8A2E792AF22C082C0839019EB12579E
:1049D300F16008124C721230E580027900024F92A6
:1049E30074F7120BD4EAFEEBFFEA123E08740112CD
:1049F3005020F8A3E0F91239EA125072EA24351272
:104A0300536FC0E0EA2413F582E43FF583D0E0F06E
:104A1300EA243612536FC0E0EA2414F582E43FF52A
:104A230083D0E0F0EA243812536FC0E0EA2418F58B
:104A330082E43FF583D0E0F0EA242FF582E43FF5EA
:104A430083120FAB1265EAEA243112536FF9123D58
:104A5300E91211ADE9F5087007EEFAEFFB122CF934
:104A6300A90802547DC082C083122DC5E960047970
:104A73002080027901024F92C082C083EA2411127E
:104A83004A8CD2E0800DEA240DF582E43BF583E005
:104A930022F0A3F0024F92C082C083124A896401BC
:104AA3007011124B2E400C8A828B83A3E0F9122DD6
:104AB300BF8066124B1FA2E650128A828B83A3E04B
:104AC300F99019E5124EEA1230E5804D124A8964D5
:104AD30001700D124B2E50088A828B8374308036FE
:104AE3008A828B83A3E0641B8A828B837004742283
:104AF3008024A3E0700D124A89F874BD125926343C
:104B030037800B124A89F874B21259263437F58369
:104B1300E4938A828B83124B34024F92124B2322EB
:104B2300EA2410F582E43BF583E022124B23A2E34F
:104B330022F0901A3CE0F9121B052274F7120BD4F1
:104B4300E9FE1257EE7003024C64EE6014741B6EA0
:104B5300701AE81260FA39F583E064057003024CB9
:104B63003C9019DE124C72A3E4024C4374E96E705C
:104B730068E82412F582E439F583E0700B12229180
:104B8300E96005124CB5606179EE1218A79019DD42
:104B9300124C8C9019DD603A124CB89019DD700BF1
:104BA300124C8C14F0121A69024C64124CAAC2E71C
:104BB300124E53240D124C6764037009124C851274
:104BC3004E09D2E2F079ED1218A7124C9D1230E58E
:104BD3008078124C7874E9806774E16E703E12221B
:104BE30091E96055124CB5705090074EE0C0E01249
:104BF3004C852412F582E438F583D0E0F090073D2C
:104C0300E0C0E09019DD124C81124C81D0E0F090AD
:104C1300073DE004F07901121A518045741C6E704F
:104C2300189019DD124E1E9019ED124EEA1230E55E
:104C33009019DDE4F0A3F080289019DD124C78EE92
:104C4300F09019DD124E1E122CE7124E34E0548000
:104C530060031268FF9019DDE4F0A3F07910122DC0
:104C6300B902547D124C9522852182852283A3E0CB
:104C7300F583888222124C7C22124EF2A322125711
:104C83003F229019DD125720221257202412124C72
:104C93009522F582E438F583E0229019DD124E2245
:104CA3009019E1124EEE22E0F8A3E0C82410124C52
:104CB30095229019DD124E3BE054042274F4120B3A
:104CC300D4750A00750B00A2AFE433FEC2AF1257CE
:104CD300EE6003024DB2124EE71230E5E94410F8DC
:104CE3009019D4800985080A85090B124DFC124ED0
:104CF300107003024DB2123F09586870E8780A1227
:104D030011D0AC08AD0912400E1211AD9019DDE5BA
:104D130008F0A3E509124E53124E09A2E75003020D
:104D23004DB99019DBE014F0EEA2E092AF9019DDDB
:104D3300E0240EF8A3E03400F9E8FEE9FF8882F5E9
:104D430083124E1E9019DD124997F9122CABE9908C
:104D530019D812648D8E828F83E054806018124CB0
:104D6300852413124C67F9121961124C852414120D
:104D73004C67F9121955124E34A3E05401605F9049
:104D830019D81257F16045124E4A6040124E4AF844
:104D930079009019D8124E1E12097AE8C0E0124E1B
:104DA30028D0E0124E58C3941340117402800FEEC2
:104DB300A2E092AF80379019DA024D287400C0E068
:104DC3009019DEE0C8124DF3D0E0800D124E287426
:104DD30001124E53124DF37401F07903800C9019B4
:104DE300DD124CAAA2E1B3E433F9121A5102387C62
:104DF300241AF582E438F58322E50824FBF582E5DD
:104E03000934FFF58322126114124C982212385888
:104E1300E508450922852182852283124E2222E05C
:104E2300FAA3E0FB2212571D2419F582E438F58317
:104E3300229019DD124E3B22124E6DC8124E4322B0
:104E430012593438F5832212571D2418124C952217
:104E5300124E65C822124E65F5838882A3A3A3A3CD
:104E6300E022F09019DD124E6D22E0F8A3E02274E7
:104E7300F7120BD4EAFEEBFF122DE912536CA2E3F7
:104E8300400A1242A370059082D180039082D2E03F
:104E9300F9EEFCEFFD7AD47B19121B35E96038EE8D
:104EA300FAEFFB9019E7124EEA1230E5EE240E12E8
:104EB300536F540470121249BAEE1239EBA3E05443
:104EC30001701E122CF38019EEFAEFFB9019DF121A
:104ED3004EEA1230E5800A8E828F83A374F1124E5C
:104EE300FB02547D9019E9124EEE22124EF222E09B
:104EF300F8A3E0F583888222124F02122CE722F0F6
:104F0300EEFAEFFB22024F8B74F7120BD4EAFEEB9F
:104F1300FF7900901A41E05402700CEA24331253D3
:104F23006F5404600279E8901A41E05460700CEA0F
:104F3300243312536F5402600279E88A828B83A36D
:104F4300A3A3A3E0F89082D7E0C398500279E8EADC
:104F5300243112536F700CEA242E12536F700479AC
:104F6300F5800BE97005122CD5E9F9E96007EEFA33
:104F7300EFFB122DBF02547DC082C0838A828B83D4
:104F8300740DF01222858007C082C083122CF3D0E7
:104F930083D08202117A74F4120BD4EAFEEBFF8AF7
:104FA30082F583E4F0A312502054049082D170124E
:104FB300E0F89019DBE0C398401279F1122DBF029B
:104FC300387CE0F89019DAE0C39850EE125026A32B
:104FD300E054016037EA243712536FC3940540331A
:104FE300EA243312536F540570297AEF7B19122E7A
:104FF300F1EE2437F582E43FF58312382D78081259
:1050030011C87AEF7B1912501A1211ADEEFA125A27
:105013001780AC79E880A5122EE5740422F01250B3
:1050230026E022EA2433F582E43FF5832274F61264
:105033000BD4E9FE2451FAE43400FB121AF9EA4BCB
:105043006015EE8A828B83A3A3A3A3F0EA245112F3
:10505300506112507280047A007B00026790F8E47A
:105063003BF98A828B83A3A322126DE0901AB9E8DD
:10507300F0A3E9F022024F8BC082C0839019F87429
:1050830047F0A3742DF0A37477F0A3742DF0A374E9
:105093004DF0A3742DF0A37453F0A3742DF0A374F7
:1050A30071F0A3742DF0A37465F0A3742DF0A374B1
:1050B3005FF0A3742DF0A3747DF0A3742DF0A3749B
:1050C30083F0A3742DF0A37489F0A3742DF0A3745B
:1050D30095F0A3742DF0A37459F0A3742DF0A37469
:1050E30041F0A3742DF0A3743BF0A3742DF0901A38
:1050F30014746BF0A3742DF0A3748FF0A3742DF0CC
:10510300A374A9F0A3742EF0A3749BF0A3742DF0E1
:10511300A374A1F0A3742DF0901A38E4F0901A3B15
:10512300F0901A241251387402F0901A2D1251384B
:105133007401024A9674B9F0A3742DF0A32274F596
:10514300120BD474F11212608521828522837402BA
:10515300F07401121504E9F060047AFF7BFF740216
:10516300121504125BD575083075091A750A007893
:10517300081211CC7C0B7D007407121504AA82ABB4
:10518300831251A81211ADAA21AB22122285740FEA
:1051930080031251A81211AD7F03020EDC7C0B7D3C
:1051A300007A307B1A121ADB74032274F7120BD4C1
:1051B30074FD121260852182852283740AF07401C2
:1051C300121504E9F07402121504EA12684F024240
:1051D3002674F6120BD474F7121260EAFEEBFFEAA0
:1051E3001252261252567402F0EA2428FCE43FFDC0
:1051F300AA21AB22121C79EE243112522C24331231
:10520300624E1211D0740212124079831A1A123D9F
:10521300E71211ADE9F5087007EEFAEFFB122CF96E
:105223000267891239EF740122F582E43FF5831294
:1052330038581256F6F583125244E8F0A3E9F0EE1B
:105243002212524C8A828B8322E024FFF8A3E0349B
:10525300FFF922F0A3E4F0EA123E082274F0120BE5
:10526300D4126CBE1214917808790C120A6D780866
:105273001211C87A277B1A02386074F4120BD474A3
:10528300C612126090072CE0640F600D85218285A1
:105293002283742E125BF480227A1E7B1A12389EAC
:1052A30012097A88088909E4F50AF50B78081211BE
:1052B300C87A1E7B1A12501A1211AD743A02387949
:1052C30074F5120BD4EAFEEBFF8A82F583A3E0F8B0
:1052D3007078EA243012536F64026007E06403605D
:1052E3000278E8EA2426F582E43FF58312389740F2
:1052F3000478E88058E87052EA24261244D7EE2452
:1053030031125361243012536F6402700EEE24285D
:10531300126DD690073B125072801790073B74FEB4
:10532300F0A304F0EE2428FCE43FFD7A327B07125D
:105333001C85EE241B1246261211CC1251A0121109
:10534300ADEEFAEFFB122D35E9F8E8600EE88E8238
:105353008F83A31265F2741712669C02519BFAE4C1
:105363003FFB7950121925EE22EE2410F582E43F1B
:10537300F583E02274F6120BD474F7121260901ABC
:105383003BE070377401F0F9121A1BAA21AB221209
:105393002DFB75083075091A78081211D0750801AC
:1053A30075090078081211D0900741120FAB7406EB
:1053B3001212407A0312388D1211AD02678B74F703
:1053C300120BD412559D7004A374EBF0901A3BE0BA
:1053D300A2E25003C2E2F0E0A2E150051255AE8012
:1053E300098E828F83742A12669C02547D74F41290
:1053F3000BD474FE1212601254A31256E9EC8521E9
:1054030082852283125738E0F50B7015AA21AB224F
:105413007953121925EE2413FAE43FFB794A121942
:10542300251246231211CC1251A01211AD124E189F
:10543300A90B122D29901A3BE0A2E150031255B596
:10544300901A3BE4F0740202387974F7120BD4EA31
:10545300FEEBFF8A82F583A374EBF0901A3BE0A284
:10546300E150077A0079EB122D2FEEFAEFFB122DA4
:10547300658007EEFAEFFB122E677F01020EDC74E4
:10548300F7120BD41254A3901A38E4F0901A3BF09D
:105493007AFF7BFF8E828F83A3E0F9122D2980DAB6
:1054A3001255EE7A277B1A122EF12274F7120BD4BF
:1054B300EAFEEBFF122D5F80BA74F7120BD412567B
:1054C3002BA3A3A3E060047400800274EB1254FCCA
:1054D3005003C2E2F0E0A2E150051255FF8011A291
:1054E300E0500D8E828F83742AF0A374EB12669CB6
:1054F300EEFAEFFB122D0B80818E828F83A3F09047
:105503001A3BE0A2E22274F6120BD4EAFEEBFF9000
:105513001A3BE0D2E1F07901121A1B8E828F83A32A
:10552300E07038122E01E9FAEE240DF508E43FF598
:105533000978081211D0750801750900780812114D
:10554300D012556F120FABEE2402FCE43FFD12386C
:105553008D1211ADE98E828F83A3F08E828F83A388
:10556300E060067A00F9122D2F026790EE240BF506
:1055730082E43FF5832274F7120BD412559D700415
:10558300A374EBF0901A3BE0A2E25003C2E2F0E016
:10559300A2E150031255AE02547DEAFEEBFF7901FE
:1055A300121A218E828F83E0642022C2E1F0125509
:1055B300B5227A008E828F83A3E0F9122D2F2274F5
:1055C300F7120BD41255EE8E828F83A3A3A3A3E00D
:1055D30060047400800274EB1254FC5003C2E2F0C6
:1055E300E0A2E150031255FF0254F3EAFEEBFF7908
:1055F30001121A217A1E7B1A122EF122C2E1126BBA
:1056030020E0A2E4E433FA1255B72274F7120BD464
:1056130012562B74EB1255015003C2E2F0E0A2E1E3
:1056230050031255AE02547DEAFEEBFF7901121AC4
:10563300218E828F83A32274F7120BD41256500249
:10564300547674F7120BD412565002547DEAFEEBD3
:10565300FF7A1E7B1A122EF1EEFAEFFB122D89222E
:1056630074F7120BD474EF121260EAFEEBFFEA1226
:1056730065DE7A327B07121C73E9605685218285C9
:1056830022837409F0740112150474EFF01256E9C1
:105693007402121504EC125738A3A3E0C0E074049B
:1056A300121504D0E0125725640870158E828F837B
:1056B300A3A3125711E0C0E07405121504D0E080D3
:1056C300067405121504E412647A740612150412A2
:1056D30056DA7411024228AA82AB83122E31AA2110
:1056E300AB22122285221256F6F583125708FCA329
:1056F300E0F922EE1256FEFB8882222402F8E43FF0
:10570300F9E8FAE922124E6D8882F583E0221257F6
:10571300202407F582E438F583229019DD124E6DBB
:10572300C8221257292212572EE022F08E828F832D
:10573300A3A3A3A32212670A12573F22125743229D
:10574300E0F8A3E0F5838882A3A322C082C083127A
:105753002E73024F92C082C083901A5874F8F0A33C
:105763007419F0A37414F0A3741AF0901C327463C8
:10577300F0A37435F0A37401F0A37435F0901A44C8
:105783007423F0A3742DF0901A41E04401024A9669
:10579300C082C083EAFCEBFD7902122DD7024F923F
:1057A30074F6120BD474FE121260901A3D1257F164
:1057B30060077A3D7B1A122DEF901A43E4F0900EA6
:1057C300B31257F160208007AA21AB22122DEF906C
:1057D3001A3CE0F9121B118B09A909852182852244
:1057E3008312444970E2740202678D9019DD126DD1
:1057F300E0E8492274F7120BD4E9FA7B00901A3CD3
:10580300E0F9121B3B02547D74F7120BD474F012AF
:105813001260EAFCEBFDE9FE8A828B83E0F874C830
:105823001259263437F583E493C0E074011215044A
:10583300D0E0F0640B700DE98A828B83A3F0122E03
:1058430055025921E07003025921640C6003025987
:1058530012741A6E700B7404121504E4F0A3025947
:10586300117404121504125BD5EA24321260DEC0EF
:10587300E07403121504D0E0126B0B1214C9740602
:105883001215041214D58C828D83A3A3A3A3A3A3FF
:10589300A3A3A3126DDC740A121504E8F0A3E912A2
:1058A300592BE054106009852182852283E48013FB
:1058B300EC24121260DEF890074EE0C39885218233
:1058C300852283F0E0C0E0740C121504D0E0F0EC04
:1058D30024151260DEC0E0740D121504D0E0F0EC64
:1058E30024161260DEC0E0740E121504D0E0F0EC52
:1058F30024171260DEC0E0740F121504D0E01259B1
:105903002BA3E05401600874011215047411F074A0
:1059130002121504EEF0740112123812228574106B
:1059230002422828F582E422F0EC1259343DF58333
:1059330022240EF582E422C082C083901A43E064DD
:10594300037004790180027900024F9274F7120BFD
:10595300D4901A43E01259CA743028F582741C3962
:10596300F583125E5CC2E7F01259D1A3E493FE25DE
:10597300E0FCE433FD74302CF582741C3D1261E8C5
:10598300EC4D6005EE901A43F08A828B83E025E0AC
:10599300FCE433FDE82CF582E93DF583E493FCC494
:1059A300540F25E0F87452125926341AF58312570E
:1059B300F17005122E43800CEC540F1259D1124E84
:1059C300EA1230E502547D25E0F8E433F92225E0BC
:1059D300FCE82CF582E439F5832274F2120BD474BB
:1059E300FE121260890B8A088B09125A7C125A6DB7
:1059F300601A126487F50A78081211CC125A8924A6
:105A0300021261DE1211AD125A158003125A9B0263
:105A13003E78AA0CEFFB901A3CE0F9121B052274A6
:105A2300F0120BD474FE121260890B8A0E8B0F12C4
:105A33005A7CF508125A6D6027126487A808EA2871
:105A430012476B850E08850F09F50A78081211CCE9
:105A5300125A891261DC1211AD125A1579008005B0
:105A6300125A9B791A7402023865FA7B00121AF9EA
:105A73008A0C8B0DAF0DEA4F22749129F582E43421
:105A830037F583E49322A80B74A71259263437F50C
:105A930083E493FC7D00EA22852182852283E50B42
:105AA300F0791AAA21AB22122DBF22C082C083E94A
:105AB300901A3C024A9674F6120BD474FE121260CA
:105AC300EAFEEBFFEA542070308039A8A8C2AF90F9
:105AD30019DCE0141249C38A828B83125BC2901AC9
:105AE3003F125BD5122DCB852182852283E064157D
:105AF30060077A3F7B1A122DEF7AD67B19121B238C
:105B0300EA4B70C7EF5480700C8016901A3FEAF08E
:105B1300A3EB125BE8901A3CE0F9121B11EA4B70FD
:105B2300EAEE5410600B852182852283742D125B6B
:105B3300F4EEA2E0500B8521828522837424125B4C
:105B4300F4EE5402600B8521828522837425125B57
:105B5300F4EE5404600B8521828522837426125B44
:105B6300F4EE5408600B8521828522837428125B2E
:105B7300F4EE5440600D7401121504125BDB742CB7
:105B8300125BF4EE5480600D7401121504125BDB9A
:105B9300742F125BF4901A3D1257F1601BA8A8C230
:105BA300AF901A3D124E1E901A3DE4F0A31249C362
:105BB300A3EAF0A3E9125BE87A007B000257E9123B
:105BC3005BC622E0852182852283F022A3A3A3A3BF
:105BD300A3A3EAF0A3EBF022E4125BE022F0852119
:105BE3008285228322F0122DCB7A3F7B1A122DEF6E
:105BF3002212470F122DCB22C082C083901A3F126C
:105C0300684A687002EB697007901A3FE4F0A3F0EA
:105C1300024F9274F7120BD4EAFEEBFFEA4F7003C4
:105C230012170FA2AFE433F508C2AF8E828F83122F
:105C330057F16028E824FBFAE934FFFB901A3F127E
:105C430061EAE86C7002E96D7007901A3FE4F0A313
:105C5300F08E828F83E4F0A3F0121B95024094C070
:105C630082C083901A667437F0A3742EF0A374492C
:105C7300F0A3742EF0A3744FF0A3742EF0A3740555
:105C8300F0A3742DF0A37455F0A3742EF0A374FF46
:105C9300F0A3742CF0A3740BF0A3742DF0901A747A
:105CA3007485F0A3742EF0A3745BF0A3742EF0A399
:105CB3007461F0A3742EF0A3746DF0A3742EF0A39B
:105CC3007467F0A3742EF0901A65E4024A96C082BA
:105CD300C08390073BE064FE7003A3E0F470097C8B
:105CE300327D07121C79801C8A828B83A3A3A3A312
:105CF300A3A3A3A37402F090073B126DDC8A828BEB
:105D030083125072024F92C082C083900745C3E052
:105D130094FEA3E094FF4004790380027902024FCA
:105D230092C082C083125E658C828D83125E1A6874
:105D33007039740268701C8A828B83125D73E06809
:105D430070298A828B83A3125D73A3E068701C7928
:105D530001801A7403687013EC2405FC50010DEAEA
:105D63002405FA50010B121C7F80027900024F9226
:105D7300A3A3A3A3A3E0F88C828D83A3A3A3A3A3CC
:105D83002274F6120BD47E00740A121504E0125E1C
:105D93000EFF8A828B83A3A3A3A3A3A3A3A3E06F72
:105DA300706474026F704E8A828B83C082C0838852
:105DB300828983A3A3A3A3A3E0F50888828983A38D
:105DC300A3A3A3A3A3E0FBAA08D083D082E06A70B5
:105DD30003A3E06B703088828983A3A3A3E0FA88CE
:105DE300828983A3A3A3A3E0F9EA6C7002E96D702F
:105DF300157E01801174036F700CE82405FCE439EF
:105E0300FD121C7FE9FEEEF9026790F8A3E0F98822
:105E130082F583125E1A22A3E01313543F54032224
:105E2300C082C0838A828B83A3A3A3A3A3A3A3A3B8
:105E3300E06402701690073B125E5C687003A3E097
:105E43006970047901800F7900800BEAFCEBFD7A1D
:105E5300327B07121C73024F92126DE08A828B838E
:105E6300E0228A828B83125E1AF82274F0120BD41A
:105E730074FC121260E9852182852283F074021278
:105E83001504ECF0A3EDF08A0A8B0B75080074027D
:105E9300121504E024081260DEC0E0740112150438
:105EA300D0E012612EA2E75008750EFF750FFF8038
:105EB3000A900741E0F50EA3E0F50F8521828522C4
:105EC30083E0C2E712613354206007126100740853
:105ED3008004126100E41261335404600712610B01
:105EE3007480800512610B741012613354106006C4
:105EF3001260E6E4800B90074EE0C0E01260E6D04B
:105F0300E0126133A2E05003750820540860067460
:105F1300104508F5088A828B83A3A3E024FFFEA320
:105F2300E034FFFFEA1260F1C39402E0400F640B18
:105F33006009E0148E828F8312612474034508F58F
:105F430008750900900761E0640170118A828B83F0
:105F5300A3A3A3A3E0C3946740037509108521821B
:105F6300852283E0F50C750D00740E780C12137EF8
:105F7300E50D4509F509E06402701B900746E08EC4
:105F8300828F83F0900745E0C0E0123DEFD0E0F050
:105F9300EE24FEFE801CE06403701DEE24F9FEEF88
:105FA30034FFFF7C557D07EEFAEFFB121C85EE24D0
:105FB300FF1EEF34FFFF8003E0602F74011215040E
:105FC300E060187414121504E0650E7004A3E06514
:105FD3000F700874404508F508800F8E828F83E5A3
:105FE3000FF0123DEFE50E12611A7401121504E071
:105FF300F50C750D00740A780C12137EE50D450936
:10600300F509E06402702374021215041268458EC8
:10601300828F83F07402121504123F21C0E0123DF7
:10602300EFD0E0F0EE24FEFE8020E064037021EE6A
:1060330024F9FEEF34FFFF74021215041261EAEE35
:10604300FAEFFB121C85EE24FF1EEF34FFFF8003E3
:10605300E0601C7414121504A3E08E828F83F07425
:1060630014121504E0C0E0123DEFD0E012611AEE05
:10607300F8EFF9E824FF1EE934FFFFE50A1260F1A7
:106083007005900731800390073DE0FA04F0EA8839
:106093008289831265F2E5091261248E82F583E514
:1060A30008F0E50A2404F8E4350BF9E50A2402FABA
:1060B300E4350BFBEEFC8A828B83E0F5088882894A
:1060C30083E02508C39C12670DEEF0A3EFF0850A69
:1060D30082850B83A3E4F0F9023863F582E43DF58E
:1060E30083E022EA2412F582E4350BF58322126061
:1060F300FA350BF583E022240DF582E422EA24101D
:10610300F582E4350BF58322EA126114350BF5832E
:10611300222411F582E422F0EE24FEFEEF34FFFF89
:1061230022F0EE24FF1EEF34FFFF22125BE0E02299
:10613300F0EA125934350BF583E02274F1120BD4D3
:1061430074FE121260852182852283ECF0A3EDF0A8
:10615300890B8A0E750A1A741512150412706F12C0
:106163002CA58A0C8B0DAE0CAF0DEA4F605A74133D
:1061730012150412684A126249F0A3E9125259E552
:106183000BF0750A0078081211CC7C0B7D00EA1223
:1061930061DC1211AD7411121504120FAB740212EB
:1061A30015041261EAA90E123DE51211ADE9F50AD3
:1061B3007016E50B24F96003147006124027D2E52C
:1061C300F0EEFAEFFB122CF9A90A74021211AD7F5B
:1061D30007020EDC7C0B7D00EE241BFAE43FFB126E
:1061E3001ADB740322F583E0FCA3E0FD2274F612AC
:1061F3000BD474F7121260EAFEEBFF7801EA243243
:1062030012536F60027805EA1262491252567404FF
:106213001265E5AA21AB22121C79EE242F12522C0F
:10622300243112624E1211D0740212124079031AF1
:106233001A123DE71211ADE9F5087007EEFAEFFB0C
:10624300122CF90267891239EFE822F582E43F1232
:1062530039E212572904F078082274F2120BD48A17
:10626300088B09ECFEEDFF8A828B837405F0EC1238
:10627300667E1269D2F0EA2403F50AE43509F50BC8
:10628300850A82F583E0F50CA3E0F50DEC2425F5F2
:1062930082E43FF5831214C9E50C126114350DF540
:1062A300831214D5EC1265DEAA0CAB0D121C798592
:1062B3000A82850B831270EF126443126466125BC9
:1062C300CFEE242F12536FC0E012644CD0E012645F
:1062D300922415F582E438F583E4126492124E4356
:1062E300E412647A850A82850B83E02416FAA3E01C
:1062F3003400FB122E318E828F83A3A3A3A3A3A307
:10630300A3E0C0E0850A82850B83124C881260FAF1
:1063130038F583D0E0126471FAA3E0FB850A828525
:106323000B83126DDCE8240BFCE439FD8A828B833A
:10633300E08C828D8312648D8A828B83A3E0F50BBC
:106343008C828D83A3E0450B126705A3E0FCEA244E
:1063530003FA50010BECA2E7E433C0E0E8240FF5A5
:1063630082E439F583D0E0F074075C60047801803F
:1063730002780075F00374075CA428F8EA28FAE4AD
:106383003BFBE5082405F8E43509F98A828B83127F
:1063930039E4126705AA82AB8385088285098312D3
:1063A3005BCF88828983E0F50A25E0540EFCE50A79
:1063B300C4540FF50A750B007403780A12137EE5B3
:1063C3000A5438F8EC28F8EA28F8E43BF9850882FF
:1063D300850983A3A3A3A3A3A3A3A3A3E8F0A3E98A
:1063E300125725FA8E828F83A3A3E02AFAA3E034FF
:1063F30000FBC3EA98EB9940288E828F83A3A3E026
:10640300F8850882850983A3A3A3A3A3A3A3A3A3B6
:1064130012645AC39A28850882850983A3A3A3809B
:1064230016850882850983A3A3A3A3A3A3A3A3E437
:10643300F0850882850983A3A3A3A3A3F0023E7D6D
:10644300242BF582E43FF5832212645022E82410C2
:10645300F582E439F58322E0FA8E828F83A3A3A326
:10646300A3E022124E2288828983A3A3A322F08E63
:10647300828F83A3A3E02212647E22F0EE2408FC21
:10648300E43FFD228A828B83E50BF0A3E4F022F044
:10649300850A82850B831257202274F5120BD48C44
:1064A300088D09750A0078081211CC7C0B7D000257
:1064B300519502117AC082C0837918122DBF024F01
:1064C30092C082C0838A828B83E0C3940B500312F1
:1064D3002E3D024F92C082C083791980DE74F71279
:1064E3000BD4EAFEEBFF901A3D1257F16010901A9D
:1064F3003D124E1E122E497A3D7B1A122DEFEEFAF3
:10650300EFFB122DE9901A3DEEF0A3EFF002547D5C
:1065130074F7120BD474DE121260EAFEEBFF8A8268
:10652300F583E024FD601124FE601524ED60092449
:10653300FA600D14600A803C7416121504E4800797
:10654300741612150474011265E5740B121504AA6E
:1065530082AB83121C8574131215041265FE121587
:1065630004125072740A12150412660A12150412E8
:106573005072804274161215047402F0EA1265DE3A
:10658300740B121504AA82AB83121C8574131215A3
:10659300041265FE121504125072740A12150412C5
:1065A300660A121504E8F0A3E91265F8121504AAA5
:1065B30082AB83122E31852182852283740B12656F
:1065C300F2A3E0C0E07401121504D0E01265F812E2
:1065D30015041256DA7422024228EE2413FCE43F17
:1065E300FD22F01265EA22EA2426FCE43FFD22F0B4
:1065F3008E828F832212647E7417227403F09007B5
:1066030045126DE07402227402F0900741126DE0AE
:1066130074142274F7120BD4EAFEEBFF8A82F5831B
:10662300A3E0F508702CEA242F1266877003A3E019
:106633006960037508E8EA2426123884602AEE129A
:10664300667EE4F0E508700AEEFAEFFB122E25E908
:10665300F508E508600F8E828F83A3E5081265F2C3
:10666300741912669C02547DEE243212536F60D467
:10667300901A64E070CE7508E880DB2432F582E47A
:106683003FF58322F582E43FF583126DE0900741E5
:10669300E068228E828F83742C124F02122DCB223C
:1066A300C082C08374F11212607402121504740460
:1066B300126705E0C0E07403121504D0E0F0EA2489
:1066C3002FF582E43B126DDA740D12150412507229
:1066D300EA2426FCE43BFD7404121504AA82AB836E
:1066E300121C797404121504AA82AB83122E13E9C7
:1066F300600312676E7402121238122285740F023D
:10670300471712670DA322F0A3E9F08A828B832235
:1067130074F6120BD474E8121260EAFEEBFF7402F3
:106723001215047403F0EA2413F508E43FF509ACE9
:1067330008FD7404121504123F14C0E0740C121502
:1067430004D0E012647A740D121504AA82AB83128A
:106753002E31AA08AB09122E13E9600312676E7477
:10676300021212381222857418801F852182852215
:106773008374FFF0A312470F795312192590073B37
:1067830074FFF0A3F022A90874091211AD7F02026D
:106793000EDC74F6120BD474D4121260EAFEEBFF13
:1067A3008A82F583A3A3126845A2E6501C90074191
:1067B30012684A242B12536F687003A3E0697009AF
:1067C300901A65E06042122E73740B121230740338
:1067D30012150412523DFCEFFDAA21AB22122E2BFF
:1067E300852182852283742B125BF4900726E06057
:1067F300087408121504E0600B85218285228374D6
:106803000512684F742C808290074AE060BB1238EF
:106813008170B6EE2408F508E43FF50978081211F3
:10682300D075080175090078081211D0900741123C
:106833000FAB7C327D077A03790612388F1211ADC4
:1068430080C2124C7CE022126DE0EA2212470F1242
:10685300228522C082C08374EF1212608521828553
:1068630022837409F0740112150474EE12684F0246
:10687300471574F7120BD4A2AFE433FFC2AFE9603C
:10688300031219131218A11268DA7E001268CB12D0
:1068930057F160091268CB124EEA1230E50EEEC3CF
:1068A300940740E8122EC1122DB3901A7EE4F01221
:1068B3002C9F122DF57A447B077952121925EFA2EA
:1068C300E092AF790002547DEE1259CA744428F560
:1068D30082741A39F583221268FF901A65E0F9125F
:1068E300193D900741124E22121943900745124E4B
:1068F300221219497A557B0712194F22900754E047
:10690300F9121961900753E0F912195522122DD18A
:10691300024F92C082C083901A7F7491F0A3742EA9
:10692300F0A374AFF0A3742EF0A374B5F0A3742E88
:10693300F0A37497F0A3742EF0A374A3F0A3742EA2
:10694300F0A3749DF0A3742EF0901A527466F0A312
:10695300741AF0A37474F0A3741AF0A3747FF0A3F1
:10696300741AF0901A41E4F0A3F012189B024F92AC
:1069730002117A74F7120BD4EAFEEBFF8A82F583D5
:1069830074071269DA1269D21269DAA3A31269D2FF
:10699300A31269E4A3A31214C98E828F83A3A3A3B2
:1069A300A31214D58E828F83A3A3A3A3A3A3A3A30C
:1069B300E4F0EC2418F582E43D126DDA8E828F83C5
:1069C300A3A3A3A3A3A3A3A3A312507202547DE082
:1069D3008A828B83A3A3221269E4A3A3A3A3A3A301
:1069E30022F08C828D832274F4120BD4EAFEEBFF27
:1069F300901A8CE4126B0BA3E0C394064006901A22
:106A03008C74E8F08A828B83A3A3A3A3A3A3A3E03C
:106A1300C3940F40158A828B83A3A3A3A3A3A3E0EC
:106A230064036015901A8C74E8F08A828B83A3A3A5
:106A3300A3A3A3A3E06403700E901A41E0A2E04075
:106A430006901A8C74E8F0EAFCEBFD7A8B7B1A1241
:106A53002E8B8E828F83A3A37808121491740A78E5
:106A630008121217901A9F78081214738E828F835C
:106A7300A3A3A3A3A3A3A3E0901AA3126B1AE0906A
:106A83001AA4126B1AA3E0901AA5F0EE240B12536A
:106A93006F901AA6F0EE240C12536F901AA7F0A36E
:106AA300740AF0900754E0901AA9F0901A9C1251BE
:106AB300387404126B251211CC7C0B7D007AAA7BEF
:106AC3001A1251A81211AD901A8CE0702A8E828F7F
:106AD30083A3E07022901A8DE06006901A8C74EA0A
:106AE300F0901A8DE0F912196D8E828F837426F05F
:106AF3007904121A1580078E828F837429F0EEFAB7
:106B0300EFFB122DCB02387C126B0F22F08A828BA3
:106B130083A3A3A3A3A322126B20A3A32212436ED6
:106B2300A322F0EE240D126B2D22F508E43FF509A4
:106B3300750A0078082274F4120BD474F7121260E9
:106B4300EAFEEBFF901A8DE07030901AA8E0640A19
:106B5300602812197FE9C0E0901AA8E0F8901A940F
:106B6300E028F8A3E03400F9E824F5F582E9123DC2
:106B7300F5D0E0F0901A93E004F0901A9F78081291
:106B8300149174017808121217901A9F780812143E
:106B930073901AA8E004F0E508A2E04006E0C3946D
:106BA3001E40D7E0641E7003026C337AA87B1A7907
:106BB300E112192574081215047402125BDC74FFC8
:106BC300F0A3F0901A8DE0600464027009EEFAEF0E
:106BD300FB122E9D8063E06401700679087A808041
:106BE3000479077A837508AA75091A78081211D0EF
:106BF300E4F508F50978081211D07508FF7509FF47
:106C030078081211D0740612124012388F1211AD87
:106C1300E9F874DB68601474E568600F74F3686006
:106C23000A74DF68600574E868700EE9901A8CF0E6
:106C33008E828F83742912669C02387774F0120B4C
:106C4300D4750801750900750A00750B00901AA820
:106C5300E078081211367808121424901A8F7808F5
:106C63001213CA901A8DE06403700F126CBE1214D3
:106C7300917808790C120A6D803575080175090041
:106C8300750A00750B00901AA3E07808121136906C
:106C9300837C7808121358908404780C121491782A
:106CA30008790C120A6D901A8DE070031219797825
:106CB300081211C87A967B1A02386090074F12386F
:106CC30031908404780C2274F1120BD474D4121210
:106CD300608A088B09901A8DE06402600DE06401FC
:106CE3006008E064056003026DCB901A8CE4F074D5
:106CF3000B1212307403121504125072AC08AD0952
:106D0300AA21AB22122E2B901AA4E0F8901A93E03A
:106D1300C3985078127194901A93E0F50A80368ED6
:106D2300828F83A3A3A3A3A3A3A3A3A3126DDC7442
:106D330014121504E0687003A3E069700F740B125A
:106D43001240EEFAEFFB121C73E97040150AEE24B1
:106D530021FE50010FE50A70C6740B121230880C25
:106D6300890D750E00780C1211CC7C217D00901AD0
:106D730093E08CF0A4F8A9F0A3E028FAA3E039FB90
:106D83001251A81211AD901A93E004F0900726E077
:106D9300600E7408121504E07006901AA4E07007E0
:106DA300AA21AB22122285901AA4E06021901A93A3
:106DB300E0F8901AA4E06870158508828509837449
:106DC30029F0AA08AB098003126E88122DCB742C0C
:106DD3000261CFF582E43FF583126DE022124E6D1E
:106DE300F92274F6120BD474FE1212608A088B090E
:106DF300EA241BF582E43509F583E06403707DEA38
:106E03002424F582E43509F583E06403706EEA24F3
:106E130013FAE43509FB794A121925850882850995
:106E230083A31271948E82F583126E9450010FAA7C
:106E330021AB2279501219258E828F83126E9450C2
:106E4300010FAA21AB22794B121925EEFAEFFB7938
:106E5300E11219258E828F83A3126EA0125073AA9A
:106E630021AB227953121925901A8CE4F0850882FC
:106E73008509837429F0AA08AB098003126E88126E
:106E83002DCB0257E9901A8C74E812670D7429F020
:106E930022126EA0F0A3E9F0EE2402FE22E0FAA390
:106EA300E0F9EA85218285228322C082C0837A9613
:106EB3007B1A122EF11219737904121A21901A8D6A
:106EC300E064037006901A8CE060097AA97B1A7952
:106ED300E11219257A8B7B1A024F86C082C0837414
:106EE300F5121260EAFCEBFDAA21AB22122E8B7481
:106EF3000112150474FC12684F740B024717C08209
:106F0300C0837907026910C082C083901AB5E4F088
:106F1300A3F0901AB7F0A3F0901C3AF0A3F0A37477
:106F2300FF12648D901C3EF0A3F0A374FF12648DD6
:106F3300901AB9024A9474F4120BD4901AB9E4F07B
:106F4300A3F0901AB51257F16027901C3A780812F3
:106F530014911270761212B6501712705D12707679
:106F63001212B65006127076121473901AB512509C
:106F73006C901AB71257F1901AB9601E1257F1604C
:106F830011127069121491901AB71270791212B615
:106F9300500D901AB712506C80051257F160219072
:106FA3001C3A7808121491901AB91270791212B619
:106FB300500E901AB9124C811214ED12182F80033F
:106FC30012183502387C74F4120BD4A2AFE433FEEA
:106FD300C2AF901AB91257F1607812706912149106
:106FE300901C3A78081212B6500B12170F901AB968
:106FF3001257F1605D12705D901AB9127079121117
:1070030055504F9083D47808121491901AB9127086
:10701300791212B6500312170F901AB912706F1229
:107023002EF1850882850983A3A3A3A3A3A3A3A306
:10703300E0F9850882850983A3A3A3A3A3A31272FE
:107043007CEEA2E092AF1230E5A2AFE433FEC2AF12
:10705300809BEEA2E092AF02387C1218238A088B41
:10706300098C0A8D0B22125746780822123858AA27
:1070730008FB22901AB512573F78082274F0120BBE
:10708300D48A088B098C0A8D0B7410121504801C8A
:107093009083D4780C1214918E828F83A3A3780CDF
:1070A3001212B6500312170F8E828F83123E706036
:1070B300358E828F83A3A378081213B71270EC68FE
:1070C3007002EF6970CA9083D4780C1214918E8287
:1070D3008F83A3A3780C1212B650B58E828F83A32D
:1070E300A312381E80C2023868901AB9126DE0EEFE
:1070F3002274F3120BD4A2AFE433F50CC2AF901A8F
:10710300B7127195901AB5120FAB901C3A7808120A
:10711300149178081212F7AA08AB09AC0AAD0B1246
:107123002ED374021211AD802F901C3A78081214DA
:10713300918E828F83A3A378081212B64013901CFA
:107143003A78081214918E828F83A3A378081213BE
:10715300088E828F83127195EE4F70CD901C3E780E
:1071630008121491901C3A78081212CB6015901CE7
:107173003E1214C9901C3A1214D5901C3A1214ED05
:1071830012181D122EC7E50CA2E092AF7F05020E66
:10719300DCA3E0FEA3E0FF2274F0120BD4A2AFE461
:1071A30033FEC2AFED8C0CF50D8C828D83800C8584
:1071B3000E0C850F0D850E82850F83E0F50EA3E07F
:1071C300F50FE50E450F601A850E82850F83A3A385
:1071D30078081214918A828B83A3A378081212B6BB
:1071E30050CD850C82850D83125BD58A828B83E516
:1071F3000EF0A3E50F1269E412684A687002EB69A6
:107203007003122EC7EEA2E092AF02386874F41234
:107213000BD4EAFEEBFF740C121504C082C0831278
:10722300705DD083D08278081213588E828F83A327
:10723300A378081214737CB57D1AEEFAEFFB122EB5
:10724300DF02387C74F7120BD4EAFE8C828D83A89C
:1072530082A98312727CE58245836018EE65827091
:1072630003EB658370E9124E1E88828983125BD516
:1072730079018002790002547DE0FAA3E08A82F565
:10728300832274F7120BD4EAFEEBFFA2AFE433F5CB
:1072930008C2AF7CB57D1A122EEBE9700B7CB77D6B
:1072A3001AEEFAEFFB122EEB1270EC687002EF6924
:1072B3007003122EC7024094C082C0839005DD7410
:1072C30070F0A374B1F0A3E0541FF09005E1741DB6
:1072D300F0A37442F0A37470F0A374B2F09005E7C6
:1072E300E0541FF09005E9741EF0A37412F080407F
:1072F300C082C08312733A00E5D6A2E150F9E5B328
:1073030054F84406F5B343B301E5B3A2E350FA805E
:107313001FC082C08312733A00E5D6A2E150F9E59B
:10732300B354F84404F5B343B301E5B3A2E350FA0D
:10733300D083D08202117AEB9005DBF0EAA3F090C0
:1073430005E07410F09005DFE054E0F075D1FD75B1
:10735300D6022274F7120BD4740912150412777033
:107363009005DBF0E8A3F0740B121504127770F9A3
:10737300E89005E0F0E9F89005DFE054E048F0EB31
:107383009005E5F0EAA3F0EC9005E8F0EDFC90053C
:10739300E7E054E04CF075D1FD75D60200E5D6A2C6
:1073A300E150F975D1FB75D60400E5D6A2E250F998
:1073B3007F01020EDCC082C083122BAF027333C085
:1073C30082C08353B38F43B340122BBB0273337416
:1073D300F4120BD48C088D09750A10750B00780A0A
:1073E3001211D078081211D01273FF1211AD127955
:1073F300A9E5D1A2E250FA7F04020EDC7C107D00E5
:10740300AA08AB09122BC174042274F0120BD474B2
:10741300E91212607404121504E9F07405121504DC
:10742300ECF0A3EDF07404121504E070030277543A
:107433007431121504E014C0E07407121504D0E08F
:10744300F0742B121504E0F50EA3E0F50FE50E45DD
:107453000F60097407121504E0D2E6F074041215E4
:1074630004E024FE333354FCF87407121504E04897
:10747300127BB51211CC7C0D7D00740B1215041216
:107483007BAB1211AD7427121504A3E0C0E0741591
:10749300121504D0E0F07427121504E0C0E074164E
:1074A300121504D0E0F07C107D007900742F1215C2
:1074B30004127775750C20750D00C3E50E940FE566
:1074C3000F9400401DE50E24F2F8E50F34FFF9E8B0
:1074D30054F02420F50CE439F50DE8540F60031241
:1074E30077647427121504E054F0F8A3E0F9E50C6F
:1074F30028F50CE50D39F50D7427121504E0540F2A
:107503006003127764AA0CAB0D121B8F7402121561
:1075130004EAF0A3EBF07402121504127770F9E891
:10752300497005791002775674071212308808895A
:107533000978081211CC7C107D0074051215041211
:1075430079CB1211AD7402121504127770C824108E
:10755300F582E438F583E50FF0740212150412770F
:1075630070C82411F582E438F583E50EF074021235
:107573001504E024121277D640117429121504124F
:1075830079C11211CC7C0E7D00801E7C0E7D0079AA
:1075930000852182852283127775742912150412BE
:1075A30079C11211CCAC0EAD0F740312150412790C
:1075B300CB1211AD852182852283E0240E1277D66A
:1075C300500302764CE50E24F2F50EE50F34FFF579
:1075D3000F850E08F50974047808121464AE08AF19
:1075E30009E50E12775B12137E85080E74291215B6
:1075F30004E0240EF508A3E03400F509780812111D
:10760300CCAC0EAD0F74031215041279CB1211AD6D
:107613001277B9603412778212137E74291215041B
:10762300E02508F8A3E03509F9E8240EF508E43964
:10763300F50978081211CCAC0B7D00740312150404
:107643001279CB1211AD12779A742712150412799D
:10765300B074047808121464AE08AF0974271215C5
:1076630004E012775B12137E85080E85090F7405FB
:107673001215041279C11211CCAC0EAD0F740312A2
:1076830015041279CB1211AD1277B9602D127782DE
:1076930012137E7405121504E02508F508A3E035DE
:1076A30009F50978081211CCAC0B7D00740312158F
:1076B300041279CB1211AD12779A85218285228328
:1076C300C082C0837402121504127770F9D083D07C
:1076D30082E0C398F8A3E099F9E8650C7003E965C3
:1076E3000D600312170F53B38F43B350742F12154A
:1076F300041279D4122BB5780C1211D0740412151C
:1077030004120FAB7C107D0074331215041279B888
:107713001211AD53B3F87404780C121464E50C24FD
:10772300FFFEE50D34FFFF12799A600B43B301E5C9
:10773300B3A2E340F280F853B38F85B3B343B301ED
:10774300E5D1A2E250FA74021215041279D4121B85
:1077530095790074170277E5540FF50B74047808D4
:1077630022E50C2410F50CE4350DF50D22E0F8A309
:10777300E02212777922E0FAA3E0FB121AE7227CD7
:10778300107D0079008521828522831277798E0806
:107793008F097404780822852182852283E02410CE
:1077A3001277A722F8A3E03400F98521828522838A
:1077B300E8F0A3E9F022852182852283E0250EF8F3
:1077C300A3E0350FF9852182852283E8F0A3E9F050
:1077D300E50B221277A7C3E50E940FE50F94002261
:1077E30074021211AD7F08020EDC74F0120BD47414
:1077F300DD121260E9852182852283F0740112155E
:1078030004ECF0A3EDF0EAFEEBFF750E00750F003C
:1078130074371215041279B0750A0078081211CC66
:107823007403121504E0FC7D007416121238127BE7
:10783300AF1211AD7439121504E014C0E0740312D1
:107843001504D0E0F08E088F0978081211CC7C0D56
:107853007D007407121504127BAB1211AD74121262
:107863001504E4F07411121504E4F07433121504D2
:10787300E0F50CA3E0F50D850C08F5097404780810
:10788300121464AE08AF09E50C540FF50B60050E36
:10789300EE70010FE50C450D60508E088F097404DE
:1078A300780812137EAA08AB09121B8F8A0E8B0F5E
:1078B300EA4B700579100279957401121504127957
:1078C300C11211CCAC0CAD0D127BAF1211ADE50B97
:1078D3006018F87410C398FC95E0FD7900E50E2557
:1078E3000CFAE50F350DFB121AE753B38F43B320A0
:1078F3007403121238127B9F1211D07415121230B6
:107903008808890978081211D07C107D00743B1215
:1079130015041279B81211AD1279A9E5D1A2E2507A
:10792300FAEE4F604453B38F43B33074121215040D
:107933007401F07403121238127B9312137EAC0895
:10794300AD0978081211D0780E1211D0AA0EAB0F20
:107953001274071211AD53B3F812799A600B43B343
:1079630001E5B3A2E340F280F8E50E450F602185FF
:107973000E08850F0978081211CCAC0CAD0D7404F8
:107983001215041279CB1211ADAA0EAB0F121B956F
:10799300790074230277E5EEF8EFF9E824FF1EE996
:1079A30034FFFFE8492253B3F843B30122E0F5085B
:1079B300A3E0F509221279D4122BC1740422E0F555
:1079C30008A3E0F5097808221279D4121ADB7403AC
:1079D30022E0FAA3E0FB2274F1120BD474DE12123C
:1079E30060852182852283ECF0A3EDF0890E743744
:1079F300121504E014C0E07402121504D0E0127BE7
:107A0300B51211CC7C0D7D007406121504127BABEC
:107A13001211AD7411121504E4F07410121504E47C
:107A2300F07431121504E0C3950EF50BC4540FFE28
:107A33007F00740F550B60050EEE70010F7C107DF7
:107A43000079007412121238121AE7A80B852182EA
:107A5300852283E028F508A3E03400F509780812AD
:107A630011CCAC0E7D007415121238127BAF1211BB
:107A7300AD53B38F43B3207402121238127B9F129B
:107A830011D074141212308808890978081211D0A1
:107A93007C107D0074391215041279B81211AD12DD
:107AA30079A9E5D1A2E250FA8E088F097404780807
:107AB30012137EAA08AB09121B8F8A0C8B0DEA4B9B
:107AC30070057910027B898E088F09740478081277
:107AD300137EAC08AD09F9121AE78521828522834A
:107AE3001279C11211CCAC0B7D00AA0CAB0D127B29
:107AF300AF1211ADEE604853B38F43B3307411121C
:107B030015047401F004121238127B9312137EAC25
:107B130008AD0978081211D0780C1211D0AA0CAB59
:107B23000D1274071211ADE5B354F84402F5B31204
:107B3300799A600B43B301E5B3A2E340F280F88581
:107B43000C08850D0978081211CCAC0B7D00740369
:107B53001215041279CB1211ADAA0CAB0D121B95A1
:107B630074351215041279C11211CCAC0E7D00A824
:107B73000B7403121504E028FAA3E03400FB127B14
:107B8300AF1211AD790074221211AD7F07020EDC22
:107B9300122BB58E088F097404780822122BB57541
:107BA3000810750900780822AA82AB83121ADB74C5
:107BB3000322F08A088B09750A0078082274F212EE
:107BC3000BD4E9FF8C0C8D0D70057900027C527487
:107BD3000E121504E0C39FFE74161215041279B039
:107BE3007418121504E0F50A780A1211D4780812F1
:107BF30011D07417121504120FAB74171215041257
:107C03000FAB7417121504120FABEEF50A750B00C8
:107C1300780A1211D0122BD9740B1211ADE9F87036
:107C23002E7800800108E8C39F5024EEFD74012DD7
:107C3300FEE8FAE5082AF582E43509F583E0FCE578
:107C43000C2DF582E4350DF583E06C60D879017F66
:107C530006020EDC74F0120BD474FE121260127D55
:107C6300BE121504E0FEA3E0FF741A121504127D80
:107C7300A1121504127DAB1211D4780C1211D08508
:107C83000E0A850F0B780A1211D0741D12150412F7
:107C93000FAB741D121504120FAB8E0A8F0B780AEB
:107CA3001211D0741D121504127D9B740B1215044E
:107CB300127DB8122BD9740B1211ADE9F97034E5AA
:107CC30009F50A780A1211D4780C1211D0780E1221
:107CD30011D08E0A780A1211D07419121504127D6C
:107CE3009B7407121504127DB8122BDF740712114F
:107CF300ADE9F90277E374F0120BD474FE1212604B
:107D0300127DBE121504E0FEA3E0FF741A121504DF
:107D1300127DA1121504127DAB1211D4780C12112D
:107D2300D0850E0A850F0B780A1211D08E0A8F0B9D
:107D3300780A1211D07419121504127D9B7407125C
:107D43001504127DB8122BE574071211ADE9F97011
:107D530044E509F50A780A1211D4780C1211D07887
:107D63000E1211D0741D121504120FAB741D1215CF
:107D730004120FAB8E0A780A1211D0741D12150467
:107D8300127D9B740B121504127DB8122BEB740B2E
:107D93001211ADE9F90277E3E0FCA3E0FD22E0F57F
:107DA3000EA3E0F50F741C22E0F50CA3E0F50DEB38
:107DB300F50A780A221279D4A9082285218285221C
:107DC30083ECF0A3EDF08A088B0974142274F61285
:107DD3000BD474FE121260EAFEEBFF54106027D23C
:107DE300817A007B409005D1E0F9121C5B7A007B1D
:107DF300809005D1E0F9121C5B121E5312303BEE4A
:107E0300FAEF64108075EF54206028127F5F12111F
:107E1300D075080275090078081211D07C007D0026
:107E23007A027B00121C1374041211ADEEFAEF6494
:107E3300208048EF54406020D2819083E8120FA73E
:107E43007A007B809005D1E0F9121C4F7404121163
:107E5300ADEEFAEF64408023EF54806021C281903D
:107E630083FC120FA77A007B409005D1E0F9121C26
:107E73004F74041211ADEEFAEF6480FB80047A00B4
:107E83007B0074021211AD7F02020EDC74F6120B3A
:107E9300D474FE121260E99005D1F09083C0120FE2
:107EA300A77A007B20121C4F74041211AD127F5F5E
:107EB3001211D07C027D007A027B00121C0774022F
:107EC3001211ADE9702078081211D07508027509F6
:107ED3000078081211D07C007D007A027B00121C0E
:107EE3001974041211AD852182852283E02401F0E7
:107EF300A3E03400F0852182852283C3E09405A3A7
:107F0300E09400402C852182852283E4F0A3F0FADB
:107F13007B209005D1E0F9121C5B9083E4120FA73C
:107F23007A007B109005D1E0F9121C4F74041211F2
:107F3300ADA821A9228808890978081211D07508EB
:107F43000275090078081211D07C007D007A027B4B
:107F530000121C1374041211AD027E8585218285E3
:107F63002283E4F0A3F0A821A922880889097808CC
:107F73002274F4120BD4E9A2E650287A007B109005
:107F830005D1E0F9121C5B7A007B409005D1E0F942
:107F9300121C5B7A007B809005D1E0F9121C5BC256
:107FA30081804BA2E25047901ACAE0600875082806
:107FB30075092380067508D0750907750A00750BC6
:107FC3000078081211C87A007B109005D1E0F912ED
:107FD3001C4F74041211AD90831C120FA77A007BFF
:107FE300409005D1E0F9121C4F74041211AD7F04C7
:097FF300020EDC02117A02117A7F
:1080000007000A000C000D000E000F001000110008
:1080100012001300140019001B00000101010002EE
:10802000010202040004010403040404050406041C
:1080300000050206030604060506060607060806EE
:1080400009060A060B060C060D060E060F0610069C
:1080500011061206130604070009000B010B020BA0
:10806000030BFFFFFFFFFFFFFFFFFFFF00FFFFFF0F
:10807000FFFFFFFFFFFFFFFFFFFFFFFFFFFFFFFF10
:10808000FFFFFFFF000000000000000000000000F4
:1080900000000000000000000000000000000000E0
:1080A0000000000500060008000900160002010299
:1080B0000203020003010301050205000601060494
:1080C0000B1406150617060007010702070307042D
:1080D000090009526573746F72696E672061747468
:1080E000726962757465732066726F6D204E5620DA
:1080F0007374617475733D25640D0A00706F72743A
:108100004E756D3D307825582070696E4E756D3D09
:1081100030782558206973507265737365643D2506
:10812000640D0A00000000000000000000000000D4
:10813000000000000000000000000000000000003F
:1081400000000000000000000000536176696E67C7
:10815000206174747269627574657320746F204E47
:10816000562077726974653D25640D0A0052656179
:1081700064424D4532383020743D256C642C2070AB
:108180003D256C642C20683D256C640D0A004E561C
:108190002077617320656D7074792C207772697413
:1081A000696E672025640D0A0000000000000000D1
:1081B00000000000000000000000000000000000BF
:1081C0000000001844495952755A5F41697253655D
:1081D0006E73655F52656C6F616465644150505F9A
:1081E000524541445F53454E534F52535F45565499
:1081F0000D0A004150505F534156455F415454525F
:10820000535F4556540D0A00E32D492827172726AA
:108210007D1EAF1CAB2FE11DBB16DF1652656164DE
:10822000696E672066726F6D204E560D0A004155CB
:1082300054482043422063616C6C65640D0A004120
:1082400050505F5245504F52545F4556540D0A00EE
:10825000000000000000000000000000000000001E
:108260004261736963526573657443420D0A00008D
:108270000003000204050403040D042B040C323037
:1082800032363032313820363433000000000000FE
:10829000000000000000094566656B74614C616276
:1082A00000000000000000000000000000000000CE
:1082B00000FFFFFFFFFFFFFFFFFFFFFFFFFFFFFFCD
:1082C000FF0000000000000000FFFFFFFFFFFFFFB6
:1082D000FF0508050008017405342E302E37820092
:1082E0003A003B000000008030750000B1AD010095
:1082F00000D4FEFF000400000000200001900100F7
:10830000010000199A99993FB03600000A00000058
:108310006400000014000000350C0000D0070000CD
:10832000080000001900000000200000FEFFFFFF11
:108330000000FF0000800000000000FF04000000BB
:108340000006FFFF19E0FCFFF8FF0000E71F030035
:108350003C000000FFFFFFFF3521000060F0FFFF41
:108360000001000080000000050000000040000047
:1083700000100000000800000200000001000000E2
:1083800048E80100A7190000F401000000409C45E6
:1083900090010000060000000000803A000020412B
:1083A0000000FA43018089440024744901800000E0
:1083B0001E000000030000000C0000000000000090
:1083C000102700000100008000480000100000009D
:1083D000983A000000000000C800000000000400FF
:1083E0000B000000881300003200000097511800B5
:1083F000E204000058020000AC0D0000E803000099
:10840000E90300003000000002000101030A040437
:1084100074F7120BD4E9901951F0901906E4F01298
:108420001A99901969E4F0A3F0901952F0A3F01290
:108430002AFB122363122507121A9F901885E4F075
:10844000A3F012226102B0E374F0120BD474D312C1
:10845000126012D64B54806066901951E0F9121BDD
:10846000118A088B09AF09EA4F604C7C0080010C2F
:10847000EC75F003A4F8A9F074FF28F5827436397E
:10848000F583E493F46029E493F88A828B83E068AF
:1084900070DDEC75F003A4F8740028F582743739A8
:1084A000F583E493C0E0740193F583D0821230E544
:1084B000AA08EFFB121AFF12EF7B64800288E585A1
:1084C0002182852283A3E05420601F1229578A0845
:1084D0008B09AF09EA4F600A122873AA08EFFB1252
:1084E0001AFF12EF7B64200288E5852182852283B2
:1084F000E0542070030287AC7A207B0012A4CD7078
:108500001A9019651214C9E8494A4B700E75080192
:10851000750900750A00750B00806D750C00750DEE
:1085200000750E00750F00121C6D8A088B098C0AED
:108530008D0B9019651214C9E8494A4B60319019A6
:10854000657808121155400E750CFF750DFF750EFC
:10855000FF750F7F801985080C85090D8C0E8D0F16
:10856000901965780C1212487401780C1212178554
:108570000C08850D09850E0A850F0BE50845094590
:108580000A450B70030287097C0079047A007B009E
:1085900012291B8A0C8B0DAE0CAF0D02864F740294
:1085A00012150474FFF0740312150474FFF07404C0
:1085B00012150474FF12A16BFAA3E0FB74071212E8
:1085C00040128FA9E9640170681288F14480F8A311
:1085D000E0F97428121504E8F0A3E912E66BE0C094
:1085E000E0742A121504D0E012B35A5408601674CD
:1085F00028121504A3E04401128913C0E0742C1260
:108600001504D0E0F012CBFD6011E8240B1288FBBA
:10861000F87416121504E8F0A3E4F09083D4120F56
:10862000A77406121240740B121238129A4A1211D1
:10863000AD8E828F83A3A3A3A3A3A3A3A3A3740636
:10864000128913F91228FD740512150412DDBAEE11
:108650004F70030287097C007904EEFAEFFB1229C0
:108660001B740512150412D6518E828F83A3A3A307
:10867000A3128C74E4F50EF50F7808790C121444EB
:108680004021EE2404F8E43FF985080C85090D88A3
:1086900082F583C3E0950CF0A3E0950D12ECD77042
:1086A000A6800C8E828F83A3A3A3A3E4F0A3F08EF5
:1086B000828F83A3A3A3A3A3A3A3A3A3A3E0640183
:1086C0008E828F83A3A3A3A3A3A37020E05404608E
:1086D0000302859E8E828F83A3A3A3A3A3A3A3A338
:1086E000A37406F07AB7128903028647A3A3A3A353
:1086F000E0600302859E8E828F83A3A3A3A3A3A31E
:10870000A3A3A37401F00286471228EB7C00790131
:108710007A007B0012291BEA4B600312C50E7C0015
:1087200079047A007B0012291BEA4B701480458A79
:10873000828B83A3A3A3A312CBEDC3EE98EF994042
:108740000B8A828B83A3A3A3A312DDBA7C007904D6
:1087500012291B8B0BA90BEA4970D4C3E5089EE5CF
:10876000099F500DC3EE9508FEEF9509FFEE4F707F
:108770000C12C50E90196512A666F08024EE2EFE2E
:10878000EF338E08F509E4F50AF50B78081211C8E5
:108790007A20128B171211AD121C6D9019651214EC
:1087A000E1852182852283E064208037E0541060D7
:1087B0000E122543852182852283E064108024E007
:1087C0005440600E1225B5852182852283E06440E5
:1087D0008011E05480601212242385218285228337
:1087E000E06480FAA3E00288E5A3E05401600B1284
:1087F0002AD112EF7B64010288E5852182852283DC
:10880000A3E054086040122513901863E0640170DF
:108810002D901864E06027F508E4F509F50AF50BDA
:108820009083FC780C1214917808790C120A6D78F8
:10883000081211C87A007B0812DE491211AD12EF3E
:108840007B64080288E5852182852283A3E0541099
:108850006013901963E06005E4F012251312EF7BBA
:1088600064100288E5852182852283A3E05440605C
:108870003A90198A12CC04602B901BBEE064017000
:108880002390198B12C4BA1230E590199012CC04BF
:10889000600612C4BA1230E59083FC120FA712DEF4
:1088A000451211AD12EF7B6440803A85218285220A
:1088B00083A3E05402600A122ACB12EF7B64028089
:1088C00024852182852283A3E05404601B12CAE21E
:1088D000901BD1E0640270031230357901129FC4FD
:1088E00012EF7B6404FB80047A007B00742D02D6B7
:1088F00059EE240D129AE222E82406F582E439F5B5
:1089000083E0228E828F8312D98D12EF4CE0F91210
:10891000285B2212B35FA3A3E022E8F0A3E9F09062
:10892000190412B7BF2274F7120BD474DA12126052
:10893000EAFEEBFFEA4F602DAC21AD2212298174D3
:1089400006121504E0601E7417121504E0FD740190
:10895000121504E0FCEEFAEFFB7900122825E9601D
:108960000479A480027900742602B0E074F4120B3A
:10897000D48A088B098A828B83A3A3A3A3A3A3E031
:10898000544060498A828B83128F7C60067AFF7B19
:10899000FF8016850882850983128AB174FE6A7089
:1089A0000374FF6B7003028A628508828509831253
:1089B000BF7812D651122A35E9850882850983705D
:1089C00003028A7412AF7FE4F0A3028A789018F150
:1089D000E0A2E14003028A628A828B8312DAAB1240
:1089E000CA1DA3A3128AA8A3A312D50D8508828B42
:1089F00083A3A3A3A3A3A3A3E0541060047940809E
:108A0000027900750AFE750BFF780A1211D0128ADE
:108A10009E120FABEAFCEFFD8508828B83128AB1B0
:108A200012251974041211ADEE6A7002EF6B600F1B
:108A3000128A9EE06A7003A3E06B600302899C7552
:108A40000A00780A1211D4790285088285098312F6
:108A5000B34DFCA3E0FDEEFAEFFB122A777401128E
:108A600011AD7ECDEEFA850882850983128907E96A
:108A70006018802512EF94E4F07C4F7D28850882F1
:108A800085098312AA2FE9FE70DAE5084509600915
:108A90007901AA08AB091228F7EEF902A856E508F1
:108AA00012C23C3509F58322A3A3E0FA88828983A8
:108AB0002212B351FAA3E0FB2274F6120BD4E9FEA2
:108AC000EAFF7A0F7B00121AF9EA4B601A8A828B4E
:108AD00083740CF0EEA3A3F0EF8A828B8312AE4A6C
:108AE00012C93F7900802BEEF91229218B09A909BF
:108AF000EA49601C8A828B83A3A3A3A3A3A3A3A395
:108B0000A3740612AE53E0F91225C7EEF91228FD40
:108B1000791002C2E87A017B00901951E0F9121C29
:108B20004F74042274F2120BD4EAFEEBFF8C088D12
:108B300009890A740E121504128C74850C82F5834F
:108B4000E4F0A3F0EA128C9C601E8E828F83128C5C
:108B50008D70158E828F83A3A3A3A3A3A3A3A3A326
:108B600012D7E212CA378003750A00EE241D12B331
:108B70004714602E146043146060146068146048E9
:108B8000147003028C0824FE7003028C25147003F9
:108B9000028C2E147003028C41147003028C4F025D
:108BA0008C65780C1211D0AC08AD09EEFAEFFB120F
:108BB000252B74021211AD028C4AAC08AD09EEFAF5
:108BC000EFFB122531028C6F128C7C6003028C65E6
:108BD000EEFAEFFB122579028C6FA90AEEFAEFFB91
:108BE000122A7D8065EE241712B66C64027076E559
:108BF0000A700A12DCDD7003A3E0697072EEFAEF0E
:108C0000FBA90A122A0B804212DCDD7003A3E06983
:108C10007053EE241712B66C64027049EEFAEFFB43
:108C20001229F3804AEEFAEFFB122AEF804112DCA0
:108C3000DD7003A3E069702DEEFAEFFB122A898044
:108C40002EEEFAEFFBA90A122A95E9F50A80209088
:108C50001BBEE064017009EEFAEFFB122A9B800F45
:108C6000750A00800A750A007AD37B00121FC7A913
:108C70000A02A94FE0F50CA3E0F50D228E828F8346
:108C8000A3A3A3A3A3A3A3A3A3128F8322A3A3A3FA
:108C9000A3A3A3A3A3A3128F83640222241DF5829E
:108CA000E43FF58312B351F9122A17E92274F41242
:108CB0000BD474D61212608A088B098A828B83A324
:108CC000A3E0F91229218A0A8B0BAE0AAF0BEA4FF7
:108CD0007003028DC7850882850983A3A882A983B2
:108CE000E0C0E0EA12BBDFD0E012ACD164F1603347
:108CF000850882850983A3E064CD60278508828585
:108D00000983A3E0641A601B850882850983A3E0B8
:108D100064E9600F850882850983A3E064E160034C
:108D2000028E8F8A828B83A3A3A3A3A3A3A3E05461
:108D3000087003028DCF8A828B83A3A3A3A3A3A36E
:108D4000A3A3A3740512CC0AE064E9604B901986D2
:108D500012CC04600612C4BA1230E590198812CC05
:108D60000460359018F1E0A2E1502D8E828F8312BD
:108D7000CE21A3A3A312B6818882898312D50912BA
:108D80002B2BEA4B6012850882850983A3E0F990BA
:108D9000198812BF781230E58E828F83A3A3A3A314
:108DA000A3A3A3A3A3E0640270108E828F83A3A366
:108DB000A3A3A3A3A3A3A37406F0850882850983B4
:108DC000A3A3E0F91228FD1228EB742A02A8537914
:108DD000001228F7E97003028E8F9018F1E0A2E1EB
:108DE000507E8E828F8312DAAB12CC0260728E823A
:108DF0008F8312D5097404121240128FA98508823C
:108E0000850983A3E064E9701B128F671211D48572
:108E10000882850983A3E0F50A780A1211D4128F1B
:108E20008C1211AD740D12150412CBF112EC091253
:108E3000CA377409121504E0600479408002790091
:108E4000740F12150412B681740D121504129A6370
:108E5000600E8E828F83A3A3A3A3A3A3E04420F07C
:108E6000EE2404F50AE43FF50B8E828F83A3A3A3BF
:108E7000A3A3A312B68185088285098312ACB1121F
:108E80001AAB850A82850B83EAF0A3EB028D458538
:108E90000882850983A3E0C0E07402121504D0E0C3
:108EA00012F27EF012C933E0C0E07403121504D050
:108EB000E012E445E0AA21AB22702012246B740278
:108EC000121504E07018128F78703190198612CC48
:108ED00004602912C4BA1230E58003122A11740208
:108EE000121504E064E97014128F671211D4750A28
:108EF000E9780A1211D4128F8C1211AD9018F1E09A
:108F0000A2E14003028D988E828F83A3A3A3A3A323
:108F1000A3A3A3A3E0640270358E828F83A3A3A3CF
:108F2000A3A3A3E054046026128F788E828F8370EF
:108F30000F12BF7874FFF0A312A4EF7405028DB96D
:108F4000A3A3A3A3A3A3A3A3A37403028DB985081A
:108F500082850983A3E064E96003028D98EEFAEF4D
:108F6000FB122AA7028D988E828F8312B7BFE8FA70
:108F7000E9FB750A01780A228E828F8312BF7C1268
:108F80008F832212EF85FB122A35E922E50812E4CD
:108F9000523509F58312B198A3A3A3A3A312D4F465
:108FA00012AFC71229B7740222EA241EF582E43BED
:108FB000F583E012CDFD12AFC71229812274F2129F
:108FC0000BD4EAFEEBFF750A007508008A82F58370
:108FD000A3A3A3A3A3E06038750A0812D4FC79FF09
:108FE00012267BEA4B6010750A2C8E828F83A3A316
:108FF000A3A3A3E0D2E0F08E828F83A3A3A3A3A3B5
:10900000E05403640160030290B8430A110290B86F
:10901000EA241812B66C6047EA241A12B66C600390
:10902000F4701E8A828B8312DCE17003A3E0697006
:1090300006750A220290B8901906E06404707980DF
:1090400019EA241B1290CD241A12B66CFAEE2419D8
:1090500012B66CF912258BE9705E75080180598A89
:10906000828B83128C8D7003750A0112DCDD700314
:10907000A3E0697006E50AD2E1F50AE50A60158EFB
:10908000828F83A3A3E07006E50AD2E58004E50A97
:10909000D2E6F50A128C7C64017006E50AD2E0F58E
:1090A0000A8E828F83A3A3E0600EEE128C9C640173
:1090B0006006E50AC2E0F50AE50AA2E1400CE5080F
:1090C000A2E04006E50AD2E7F50A028C6FF582E4D9
:1090D0003FF58312B685EA2274F0120BD474C112E4
:1090E0001260EAFEEBFF85218285228374FEF0A3E5
:1090F00004F07402121504E4F0A3F0750D00740777
:109100001212408A828B83A3A3A3A312B1A012D50B
:1091100007122981E9700302936678017409121518
:1091200004E0C3940240027800740B121504E0C3FB
:109130009402400278007410121504E064F8700381
:10914000A3E0F470030293667410121504E064F94E
:109150007003A3E0F470030293667410121504E028
:1091600064FA7003A3E0F47003029366741012159E
:1091700004E064FB7003A3E0F47003029366740AD6
:10918000121504E0F99018F4E0696003029366E8B0
:10919000A2E0400302936612CBE474261215041277
:1091A000B6B1241C12CBE7741412150412CA37741A
:1091B0000D121504E0601D741E121504E0FD740804
:1091C000121504E0FC8E828F8312D50779011228D4
:1091D00025E9703B740712123812286DE9F50C74FA
:1091E0000D121504E0702D9018EEE06027742259DE
:1091F000642260207442596442701474241215046D
:10920000129A77600F7424121504129A5C60057A22
:10921000CF029368E9A2E6505F9018F1E0A2E174F2
:1092200024501112150412B34D12105C01010B50A1
:109230009200669312150412B34D24FD601214605F
:109240000F24FD600B24FD600724FE60030293667B
:109250007424121504129AA8700E742412150412A4
:10926000C4B9A3E0640D60107407121238122A7199
:10927000E964017003029A30129A4012A1627003ED
:10928000A3E069701F75080078081211D4780812DD
:1092900011D4EE242F12B66CF9129AAF1229B774BA
:1092A000021211AD740D121504E0700302934912FD
:1092B0009AAF122B2B8A0E8B0FEA4B70030293701E
:1092C0007408121504E0F88E828F83A3A3E028F8B7
:1092D000A3E03400F9E8240D1288FBF88A828B831E
:1092E000A3A3A3E0686010E88A828B83A3A3A312E0
:1092F000AE43F0A3F0A3F07904740812150412A48D
:10930000C8E02AF8A3E034008882F583A3AA82ABE0
:1093100083121AED8A088B098C0A8D0B850E8285C3
:109320000F83A3A3A3A378081211554003029A3018
:1093300090837C7808121358850E82850F8312EF74
:10934000B2A3E50AF0A3E50BF09018F1E0A2E1402A
:1093500003029A30742B121504E060577412121530
:1093600004129A8B703F7AD37B00121FC7029A3087
:1093700090194BE0640170D17424121504129A778D
:109380007006E50CA2E640C17414121504E0F470F6
:1093900003A3E0F4600CEEFCEFFD74071212381228
:1093A0002879029A308E828F83A3A312BF78A3E01C
:1093B000C2E5F07418121504E06017129A5012EB0F
:1093C000FB1412F0BE129A35F87418121504E8F066
:1093D0007006E50CC2E7F50CE50CA2E3506B7402D5
:1093E000121504E4F0A37410F0E50CA2E250187416
:1093F0000C121504E054E3F0740C121504E013137E
:1094000013541FF8E0802CA2E4502A740C121504A7
:10941000E01313543F5407F86009740768600B1891
:10942000E87007C3E50CC2E7F50CE8333354FCF8E9
:10943000E054E348F0740C121504E0C0E08E828F13
:1094400083A3A312AD8FD0E0F0901906E06404600E
:1094500008E06409600302951D741012150412DC03
:10946000EA7003A3E06960197410121504128C9657
:10947000600F740C121504E0540364016003029A37
:10948000307409121504E0703FEE242F12B66CC040
:10949000E07404121504D0E0129ADAC0E0740512E8
:1094A0001504D0E0129AD2C0E07406121504D0E080
:1094B000129AC7120FA77408121240740B121238B6
:1094C000129A4A1211AD8052742412150412CE1B46
:1094D0007016741E121504E06402703E74071212B6
:1094E000387900122A0B80327424121504129A5C07
:1094F0007014741E121504E06404701E74071212B6
:10950000381229FF80147424121504129AA8700AC4
:1095100079007407121238122A7D029A307461554C
:109520000C700302962DE50CA2E0507512B678740B
:10953000071212381225BBE970641229B1E9F50D42
:109540007418121504E07015741212150412ACACE4
:10955000241312B66C687003A3E0696044A90D126D
:10956000B67874071212381225C1E96026E50CA2FC
:10957000E3500C85218285228374FFF0A380087458
:109580001012150412F0B6F07402121504E044042F
:10959000F0800EE50CC2E5F50C750D008003530C50
:1095A0009FE50CA2E5503DEE242F12B66CC0E0748E
:1095B00004121504D0E0129ADAC0E0740512150402
:1095C000D0E0129AD2C0E07406121504D0E0129ACC
:1095D000C7120FA77408121240740B121238129A95
:1095E0004A1211ADE50CA2E640030298DEA821A9BB
:1095F000228808890978081211D0A90D129A6D12D3
:10960000123812286174021211ADE9F50D700302CF
:1096100098DE742412150412B34D6401600302989D
:10962000DE7402121504E04410F00298DE74091290
:109630001504E064017059742412150412B34D64CA
:1096400005701EA821A9228808890978081211D05E
:10965000129A6B12123812286174021211AD029A1A
:10966000307424121504129AA8702574101215046F
:10967000129A8B601BA821A92288088909780812F0
:1096800011D0129A6B12123812286174021211ADA5
:109690007418121504E070257409121504E06401B1
:1096A000700C7424121504E0F8129AA8600CEEFCF9
:1096B000EFFD7407121238122879029A301228F13D
:1096C000E96003029A30741F121504E070030297D8
:1096D0006A742212150412B6817421121504E0FA7C
:1096E0007420121504E0F912258BE96070742112C0
:1096F0001504E0701B7410121504129A7D12BCE060
:10970000FAA3E0FB12238DEA4B60030298D8804253
:10971000742212150412D5097421121504E0F912ED
:10972000258512D64B7808740F121504E060027874
:1097300010740E121504E06004740828F8740C12FA
:109740001504E0600108088E828F83A3A312BFA8CE
:1097500014F07402121504E044400298D775080012
:1097600078081211D4790B02989274101215041211
:10977000CA2C740B121504E060030298ADE50CA22C
:10978000E350030298AD7409121504E064016068A7
:109790007900852182852283129B768B09A909EAAB
:1097A00049601C8A828B83A3A3A3A3A3E064016006
:1097B000478A828B83A3A3A3A3A3E0640260391228
:1097C0009A4012B92DFB122B2B8A828B83E582459E
:1097D000836010129A9F600BC3940895E0C365D014
:1097E0003340157412121504129A8B700302988874
:1097F000740B1215047404F07400F5087808121143
:10980000D47420121504AC82AD83741112150412A5
:10981000D509740C121504E0F91225F17401121126
:10982000ADE960137402121504E0442012B69EF8EC
:1098300012C4B9E0543FF0741F121504E0602074A4
:109840001012150412B6817420121504AA82AB837B
:1098500012297B12D64B7402121504E04440F074B6
:1098600009121504E06401601579007412121504E0
:1098700012B681741012150412D509122591E50C47
:10988000A2E350377940803575080078081211D46A
:109890007902741112150412B68174131215041290
:1098A000D509122A7774011211AD029A30E50CA283
:1098B000E340030297F874400297FA790074121299
:1098C000150412B6817410121504129A636009749B
:1098D00002121504E04420F01229B1E9F50D8521AA
:1098E00082852283E064FE7003A3E0F47003750DAB
:1098F00000901866E064016003029983EE2413125D
:10990000B66CF47003A3E0F460797410121504C30C
:10991000E094F9A3E094FF506A12CBE4741212159C
:1099200004E0687003A3E069605974121215041210
:10993000A84A8B09A909EA4960498A828B83A3A3B3
:10994000A3A3E06401600D8A828B83A3A3A3A3E099
:109950006402702F7432121504740112B7B6743D8C
:1099600012150412CA377432121238122339E96000
:10997000127435121504AA82AB8312239FE9600387
:10998000121F97E50CA2E74003029A30E50D700321
:10999000029A308E828F83A3A3A3A312BBFB8A0EED
:1099A0008B0FEA4B7003029A308E828F83A312D7FB
:1099B000CC1211CC8E828F83A3A3A3A3E0FC7D00E5
:1099C00012A9261211AD7409121504E0C0E0742D1D
:1099D000121504D0E0F07430121504E4F0A3F07412
:1099E0002D1212308808890978081211D0750800E4
:1099F00078081211D47405121504120FABE50DF599
:109A00000878081211D412AC81120FAB8E828F83AA
:109A1000A3A3A3A3E0F9740812150412C4BE12296B
:109A20006F74081211ADE96007AA0EAB0F121B95F7
:109A3000743F02D659C82406F582E438F583E02243
:109A4000EE242DF582E43FF5832212247174042262
:109A5000EE2402F8E43FF98882F5832212BF7EE00B
:109A600064072212AFC7122525E9227900EE12AC55
:109A70008612B68574092212B351640622129A81A5
:109A80002212B7C38521828522832212AFC71223F7
:109A900081E9228A828B83A3A3A3A3A3A3A3A3A365
:109AA000A3E0F9122B49E92212BF7EE0640322EE03
:109AB000242BF582E43F129AC012AC8612AFC72263
:109AC000F58312B689EE22F0EE2425F582E43FF507
:109AD0008322F0EE2431129AE222F0EE2430129A20
:109AE000E222F582E43FF583E02274F4120BD4EA1B
:109AF000FEEBFF8C088D09901863E060138A828B5F
:109B00008312DCE17003A3E0697005122513806302
:109B100079008A828B83A3A3A3A3A3A3A3A3A312E5
:109B20009B768A828B83E5824583602CA3A3A3A3C3
:109B3000A3A3E054186021E508241C12C92B120FBE
:109B4000AB12C927120FABEE241812A4DA12BBDE37
:109B500012D51C1211AD801B79008E828F83A3A3B6
:109B6000A3A3A3A3A3A3A312B68F12BBDF12D5098D
:109B700012253D02A85612AFC71225DF2274F0123B
:109B80000BD474E51212608A0E8B0FEA2402F50AD8
:109B9000E4350FF50B0A0AFB1223938A088B09AEF2
:109BA00008AF09750901850E82850F83A3E0F50CC6
:109BB000750801AC0AAD0B7410121504AA82AB83B0
:109BC000121C85741812150474FEF0A304F0741AA4
:109BD0001215047402F0740D121504E4F090188448
:109BE000E0700EEE4F700AE50C70067509C3029D19
:109BF000BF901906E0640860067509C2029DBB8526
:109C00000E82850F83A3A3A3A3A3A3A3A3A3A3E06F
:109C1000A2E1500EA2E35005750804800C750803FC
:109C20008007A2E35003750802EE4F7003029CBA4E
:109C30008E828F83A3A3A3A3E06404600D8E828F22
:109C400083A3A3A3A3E06403700C74046508602CD1
:109C50007403650860268E828F83A3A3A3A3E064A8
:109C600002600D8E828F83A3A3A3A3E064017033EF
:109C700074026508600674016508701A8E828F830D
:109C8000129EC770358E828F8312CBED7418121519
:109C90000412CA3780248E828F83A3A3A3A3E06417
:109CA00002600D8E828F83A3A3A3A3E064017003DF
:109CB00012CF6B129EBA7E007F007418121504E05A
:109CC00064FE7003A3E0F47044122345E9703EE59E
:109CD0000C6019901C2E129EC77011901C2E12CB76
:109CE000ED7418121504E8F0A3E98020850E828532
:109CF0000F83A3A3A3A3A3A3A3A3A3A3E05402F945
:109D000012254F7418121504EAF0A3EBF074181220
:109D10001504E064FE7003A3E0F470067509C70241
:109D20009DBBE50CF50A780A1211D4850E82850FC9
:109D300083A3A3A3A3A3A3A3A3A3A3E0F9E50E2452
:109D400002FCE4350FFD741912150412D509122412
:109D50009574011211ADE9706290199412CC0460EF
:109D600011741812150412D50990199512C4BA125B
:109D700030E5A908E50E2402FCE4350FFD74181245
:109D80001504129FBD8A0A8B0BAE0AAF0BEA4F6017
:109D90001F7402650C700D8A828B83A3A3A3A3A3F7
:109DA000E0D2E3F0741A121504E4F0750900800B98
:109DB000741812150474FEF0A304F0E50C700A7414
:109DC000051212381222498062901BD1E070507443
:109DD00001650C704A901851E07044E50E2402F8B9
:109DE000E4350F12CA307402121504E4F0901852D0
:109DF000E0C0E07403121504D0E0F07404121504FE
:109E0000E4F0741A121504E4F07C01A90874051238
:109E100012381229F9AA21AB22122453029EB5ACA2
:109E20000CA90874051212381229F9E9F8EE4F60EE
:109E300053E50C60208E828F83A3A3A3A3A3E0D25B
:109E4000E6F07402650C700D8E828F83A3A3A3A32A
:109E5000A3E0D2E5F0850E82850F83A3A3A3A3A37D
:109E6000A3A3A3A3A3E0A2E6500D8E828F83A3A396
:109E7000A3A3A3E0D2E7F08E828F83A3A3A3A3A31F
:109E8000A3E004F0E5097005E8602A600AFC7D00A3
:109E90007A017B10121AA5EE4F6003129EBA741855
:109EA000121504E064FE7003A3E0F4600874181255
:109EB000150412CF6F741B02D659E50E2402FAE482
:109EC000350FFB12239F2212AFC7122A53E92274C7
:109ED000F7120BD474F7121260EAFEEBFF9019062A
:109EE000E06403600DE064016008E064096003025F
:109EF0009FB08A828B83A3E06003029F8C7C007DED
:109F0000007A027B00121AA5129FB58A8212CBEB4F
:109F10009018F712CA37795312223D901906E0645F
:109F200009600312A6EA852182852283740112C684
:109F3000FB9019067404F07401121238794A122247
:109F40003774011212407AFC7B18121C8590176539
:109F5000E0640B70057406F080057900129FC490D0
:109F600018FAE064FE7003A3E0F4600D7900740158
:109F70001212409018FA129FBD9018F1E0A2E3501F
:109F800004D2F08002C2F012C6E880218A828B835C
:109F9000A3AE82AF83FC7D007A037B10121AA58EDC
:109FA000828F83E0F9129FC4901906E4F01228C74B
:109FB000740902B0E0EE2402FAE43FFB2212AFC7BC
:109FC00012236F2212AFC412248F22C082C083904A
:109FD000188512CC047017901906E024FB60051454
:109FE0006007800A90188C802F90188E802AE8498C
:109FF00060071288F86401700C8A828B83A3E0F9F1
:10A00000122477801E901885E01288F9640270058A
:10A01000122ABF800E90198412CC04600612C4BAB2
:10A020001230E502C0E274F0120BD474E812126030
:10A03000EAFCEBFD8A82F583A3A3A3A3780812149C
:10A0400091780812142490190778081213CA750918
:10A050007F75087F7900901907780C121491E978C0
:10A060000C121217E50CA2E05024780090195280CF
:10A070000E8E828F83A3A3E06970010812B65A1274
:10A08000B05B70EDE8C3950950048809890809E9B7
:10A09000C3941B40C18A828B83A3A3A3A31214C9B8
:10A0A000E8494A4B6070EC2404FEE43DFF8E82F5E3
:10A0B000831214C99019071214D57C187D007900F9
:10A0C000AA21AB2212E6631214C98521828522835C
:10A0D0001214D574041215047401F090190DE0C027
:10A0E000E07405121504D0E0F0740712150412A2F2
:10A0F00056806A90190412D5091224BF8A0A8B0B64
:10A10000A80AA90B901904EAF0A3EB12A16B6870DE
:10A1100003A3E069602690195212B05B601E8E8224
:10A120008F8312A1627003A3E069700B8E828F830C
:10A13000A3A3E0650860BC12B65A80DDE50890185C
:10A14000F9F01228A3E96015901906E4F090189030
:10A1500012CC04600879C412C4BA1230E574180233
:10A16000D65912B7BF901904E0682212B6A9E022AE
:10A1700074F4120BD474E81212608A828B83A3A346
:10A18000A3A3A3A3A3A3A312CBEDE8FAE9FB790051
:10A190009019077808121491E97808121217E50847
:10A1A000A2E05032E9FCEA2CF582E412CE0FF890DE
:10A1B0001C2DE0C398501F750801750900750A0031
:10A1C000750B00E9780812113678081214249019DA
:10A1D0000778081213CA09E9C3941B40B390190702
:10A1E0001214C9E8494A4B604A7C187D007900AADC
:10A1F00021AB22121AE79019071214C98521828512
:10A2000022831214D574041215047401F074071219
:10A2100015047401F090190DE0C0E07405121504E6
:10A22000D0E0F0740712150412A2569019067406B5
:10A23000F0801E901906E4F0FCFD7A047B10121ADF
:10A24000A590189012CC04600879C412C4BA1230D8
:10A25000E5741802A853E412C85812224F2274F56C
:10A26000120BD474D11212608A088B098A828B83F4
:10A27000A3A3A3A3A3A3A3A3E0C3940F500302A487
:10A28000C38A828B83A3A3A312DDBA741C1212406B
:10A290008A828B83A3A3A3A3A3A3A312B19312D5F2
:10A2A000041228D9741C121504E0702E85088285CA
:10A2B0000983A3A3A3A3A3A3A3A3E0C3940B401A5E
:10A2C0008E828F83A3A3A3A3A3A3A3A3E06402709E
:10A2D00009EE240B12B66CF4600302A4C3741E12C0
:10A2E0001504E060076402600302A4C3901906E04D
:10A2F0006402700302A3B4E06406700302A3B49086
:10A30000188512CC04600A1288F86401700302A355
:10A31000DE901906E064086008E06404600302A4AB
:10A32000C3741E12150412A4C8A3A3A3A3A3A3A3BA
:10A3300012DDBA901885E04960071288F86402605F
:10A3400069901904E06E7003A3E06F600302A4C378
:10A3500074016A60117423121504AC82AD8312ED8E
:10A360000D600302A4C37A007B0212A4CD60030235
:10A37000A4C39019071214C985218285228312145F
:10A38000D590190DE0C0E07404121504D0E0F0740B
:10A39000051215047401F07406121504740212C833
:10A3A0005412240BE9600302A4C0EEFAEFFB122A58
:10A3B000B902A4C390188512CC04702275080078E5
:10A3C000081211D478081211D4EE241012A4DA8ED7
:10A3D000828F8312D5091229B774021211AD8E82B1
:10A3E0008F8312CBED7407121504E8F0A3E912A4D1
:10A3F000EF12CBED740912150412B6B11288F2C037
:10A40000E0740B121504D0E0F0EE240B12E154744A
:10A410000F7808121464740C121504E508F0742007
:10A42000121504E0C0E0740D121504D0E0F074229F
:10A43000121504E0C0E0740E121504D0E0F0741D93
:10A44000121504E0C0E07410121504D0E0F0741E80
:10A45000121504E0C0E0740F121504D0E0F0EE24F1
:10A460001012B66CC0E07411121504D0E0F0742123
:10A47000121504E0C0E07412121504D0E0F0742E3E
:10A48000121504E0C0E07413121504D0E0F0742338
:10A49000121504A982AA8389088A09750A00780816
:10A4A0001211CC7C087D007417121504AA82AB83AC
:10A4B00012A9261211AD74071212381224898003D2
:10A4C000122411742F02B36F12BBD6A3229019511C
:10A4D000E0F9121C61EA4B4C4D22129AE2F98E828D
:10A4E0008F83A3A3A3A3A3A3A3A3A312B68522121E
:10A4F000A4F32212B363A3A3A322C082C08374C9AE
:10A50000121260122AD7901906E06408602590386C
:10A510000EE4939018E8F090380EE4939018E6F06B
:10A5200090190F7401F0A312A66604F0A3E4F0A33F
:10A53000F0A3F07C237D0079007414121238121AF3
:10A54000E7901917E07009741E1215047401800653
:10A55000741E121504E412D992740FF0901C2C1280
:10A56000C854794612223D7401121504E4F0901B80
:10A57000ABE0C0E07402121504D0E0F09018F4E0F3
:10A58000C0E07403121504D0E0F07404121504E462
:10A59000F07405121504E4F07407121504E4F09049
:10A5A0001917E0C3940F500CE0C0E07406121504B4
:10A5B000D0E080077406121504740FF07C187D1922
:10A5C0007408121504AA82AB83121C857C037D00DB
:10A5D00079FF7410121504AA82AB83121AE790193E
:10A5E00050E0C0E07413121504D0E012C897740153
:10A5F00012123812C8291229E790190BE0C0E07432
:10A600001C121504D0E0F090190CE0C0E0741D128B
:10A610001504D0E0F09018F9E0C0E0741A121504A7
:10A62000D0E012891E741812150412CA3774201251
:10A630001504E4F090190EE0C0E0741F121504D068
:10A64000E0F07434121504E4F07429121504E4F0F7
:10A650007AF77B18795312C6DB741412123812225F
:10A6600055743702B79DE4F0A3F0A3F0A322C08293
:10A67000C0838A828B83A3E09019066004E4F08093
:10A68000667408F0901917E0702290189012CC04AC
:10A690006008790012C4BA1230E590190412B6812C
:10A6A0007A057B00121AA512A6EA801F79001224EF
:10A6B000839018F712B6817A067B00121AA59018BB
:10A6C000FA12B6817A047B00121AA590198A12CC6C
:10A6D000046014901BBEE06401700C9083FC120FA8
:10A6E000A712DE451211AD02C0E212AFC4122B2533
:10A6F0002202117A74F2120BD474F81212608A0AD0
:10A700008B0B8C0C8D0D89089082B1AC21AD22741D
:10A71000081210F6C200AC0AAD0BAA21AB2212ED52
:10A72000117002D2009019528013AC0AAD0BEE24C6
:10A730000BFAE43FFB12ED11701B12B65A12B05B1C
:10A74000601EA20040E48E828F83E0650C7004A33B
:10A75000E0650D70E58E828F83A3A3E0650870DA53
:10A76000EEFAEFFB740802A94CC082C08390195224
:10A7700002C0DFC082C083901952E4F0A302AA1481
:10A7800074F7120BD490195212EF81800FEA24143F
:10A79000F582E412DDB7121B95EEFAEFFBEA4B707F
:10A7A000EC901952E4F0A3F002B0E374F4120BD46D
:10A7B0008A088B09EA12C929E06403700DEA240BA8
:10A7C000FAE43509FB122393800DE06402707212E3
:10A7D000A843350912A8488A0A8B0BAE0AAF0BEEC4
:10A7E0004F605E850882850983A3E0700D8E828F9D
:10A7F00083A3A3A3A3A3A3E4804664F1600C85080C
:10A8000082850983A3E064E1701E8E828F83A3A3F7
:10A81000A3A3A3A3E06401700F12CF6BE508240B80
:10A82000FAE43509FB12239F8E828F83A3A3A3A38F
:10A83000A3A3E0600C8E828F83A3A3A3A3A3A3147E
:10A84000F08013EA12E41522F58312AFC712238DAC
:10A850002274091211AD7F04020EDC74F2120BD4C3
:10A860008A0C8B0DEDFF890B8A828B83E08C828DA5
:10A8700083F0A3A882A9838A828B8312A92C12AEAB
:10A880003DE0C454F0FA88828983E04AF0EC240267
:10A89000F8E43FF9850C828B83A3A312A92C12A99B
:10A8A0003FE0333354FC12A933E033333354F8120E
:10A8B000A933A3E0A2E0E4331313FA88828983E08A
:10A8C0004AF0EC2403FE50010FE50C2407F508E4E0
:10A8D000350DF509750A0078081211CC7C087D0049
:10A8E000EEFAEF12A9251211ADEE2408FE50010F69
:10A8F000E50C240FF508E4350DF50978081211CCA4
:10A900007C037D00EEFAEF12A9251211ADE50BC311
:10A91000940F400BE50C12B7A4350D12C242F08023
:10A920002EFAE4350DFB121ADB740322A3E08882B1
:10A93000898322FA88828983E04A12A93FA322F000
:10A94000850C828B83A3A3A3A32274031211AD7F72
:10A9500006020EDC74F2120BD4EBFF8C0C8D0D8A08
:10A9600082F583E08C828D8312CA28A3A882A983F2
:10A97000E012C08112ACD0C412C07BF0EA129A512E
:10A98000E012C08812ACCEA2E2E4338C828D831236
:10A99000ACCD131313541F12C081A312ACCDA2E788
:10A9A000E4338C828D83A3A3A3A3A3A3F0EA24039F
:10A9B000FE50010FF5088F09750A0078081211CCB6
:10A9C0007C087D00E50C240712A9211211ADEE24AC
:10A9D00008FE50010FF5088F0978081211CC7C038E
:10A9E0007D00E50C240F12A9211211AD8E828F83F8
:10A9F000A3A3A3E0C0E012F1C9D0E0F002A94FC0C8
:10AA000082C083E99019647003E4800274018004B9
:10AA1000EAF0A3EBF002C0E2E0F902C0E2C082C0BB
:10AA2000837C4F7D288A828B8312AA2F02C0E21278
:10AA3000AFC712225B2274F6120BD4901964E07037
:10AA40001B7C0079017A007B0012291BEA4B600C09
:10AA50008A828B8312CC04600312285502C2E8C09C
:10AA600082C08312AEEE401079FF122915E9F890EA
:10AA7000380AE493C398500479018002790002C037
:10AA8000E274F2120BD48A0A8B0B8909C2008A8203
:10AA90008B83A3A3A3A3A3A3A3A3E0F91229218AD1
:10AAA0000C8B0DAE0CAF0D750801EA4F600302ABC5
:10AAB0006A850A82850B83A3A3A3A3A3A312B681ED
:10AAC000850A82850B83A3A3A3A3A3A3A312ACB17E
:10AAD0001229098A0C8B0DAE0CAF0DEA4F700302E0
:10AAE000AC798A828B83A3A3A3A3E4F0A3F0E50A45
:10AAF000240CFAE4350BFB8A82F583E0C0E012D126
:10AB00005BD0E0F0E50A240D12ACA512D7BF12CA43
:10AB100037122A4112B66412D651E50A241112AC3A
:10AB2000A512C23512CA37E50A241312E048C0E064
:10AB300012AC81D0E0F0D200EE2406F8E43FF91226
:10AB4000AC9812ACD15404600302ABDF901BA9E0B7
:10AB5000F50A750B007407780A12137E8E828F83B4
:10AB6000A3A3A3A3A3A312AC8FF08E828F83A3A36E
:10AB7000A3A3A3A3E0F50AA3E0F50B7407780A12D8
:10AB80001464E50A5407FCE50960648E828F83A390
:10AB9000A3A3A3A3A3A3A3A3740212A16B12AF84C4
:10ABA000E05404600B9018F212BCDAA3A312CA3767
:10ABB000EC700302AC50EE2406F8E43FF9E8FAE941
:10ABC00012AC98F0EC24FFF50AE434FFF50B74079F
:10ABD000780A12137E8A82898312AC8FF080718E7C
:10ABE000828F83A3A3A3A3A3A3E0448002AB69EC59
:10ABF000700575080080598E828F83A3A3A3A3A339
:10AC0000A3E05420600C121AF3EA547F7900245F09
:10AC100080198E828F83A3A3A3A3A3A3E054106003
:10AC20001A121AF3EA540F7900240A5001098E828D
:10AC30008F83A3A3A3A3F0A3E9800D8E828F83A3A8
:10AC4000A3A3A37401F0A3E412A4EF740412AEFD55
:10AC5000A20050288E828F83A3A3A3A312D325F929
:10AC6000EEFAEFFB12290FE9601212CBFD6003121E
:10AC7000ACBEEEFAEFFB121B95750800A90802A9FD
:10AC80004FEE12AC86222413F582E43FF58322E0D6
:10AC9000450AF0A3E0450B228882F583E0547FF05B
:10ACA000A3E054FC22F582E4350BF58312B7BFEE26
:10ACB00022A3E0F9850A82850B8312AFC72212AC6A
:10ACC000C512B21A22EE12E0423FF58322A3A3A3DB
:10ACD000A312E142E02274F4120BD474F712126052
:10ACE0007E00122921EA4B700302AD8A8A828B838F
:10ACF000A3A3A3A3A3A3A3A3A3E06406600302AD3D
:10AD00008A8A828B83A3A3A3A3A3A3A3E0FF8A823F
:10AD10008B8312AD8FE0C0E07408121504D0E012EE
:10AD2000B1C512CA2D12293FEF5408605B852182FC
:10AD300085228312B6817A007B00122903EA4B70C8
:10AD40004712F1D47C007D007A007B0080268E8241
:10AD50008F8312B34DF47003A3E0F4602B901904B9
:10AD600012B6818E828F8312B1A7601C7C007D0099
:10AD7000EEFAEFFB1229038A0A8B0BAE0AAF0BEE39
:10AD80004F70CB79001222737E01EEF902A85112A6
:10AD9000D98D2408F582E438F58322C082C0838AE5
:10ADA000828B83E5824583700990196980068A82C7
:10ADB0008B83A3A312AFBE60208A828B83A3A3A33D
:10ADC000A3A3A3A3E0540860E5EC4D601012B00A01
:10ADD0007003A3E06D70D780047A007B0002C0E2AC
:10ADE00074F2120BD48A088B09890AECFEEDFF7A03
:10ADF000147B00121B8FEA4B60378A828B83A3A3DC
:10AE0000A3A3A3A3A3A3A3E412AE53E50A12B1B173
:10AE1000EEF0A3EF12AE4312B1CC12AE4A8A828B8F
:10AE20008312EFB6EA240F12AE34A312AE3DF0A3A4
:10AE3000F002A94FF582E43BF583E4F02212EFA47F
:10AE4000A3A32212B1B7E4F0A322A3F012E41412D8
:10AE5000AE372212AE572212B1BBA3A3A3A3227412
:10AE6000F5120BD4EAFEEBFF890A8C088D09EA4F34
:10AE7000607774016970127901122915E9F8903828
:10AE80000DE493C3985015800A740469700912AEDA
:10AE9000EE500979118054740269704D8E828F834F
:10AEA000A3A3A3A3A3A3A3A3A3E50A12B6A912EF86
:10AEB000B28E828F83A3A3E4F0A3F090196912CC21
:10AEC000046018800312CBED88828983A3A312AF9C
:10AED000BE88828983A3A370EC8003901969EEF089
:10AEE000A3EF12AEFD7900800279C102B37279043A
:10AEF000122915E9F890380CE493C39822F07A20CF
:10AF00007B00901951E0F9121B3B22C082C083E9FB
:10AF1000F87900901969801D8A828B83A3A3A3A36B
:10AF2000A3A3A3A3A3E068600574FF687001098A66
:10AF3000828B83A3A312AFBE70DE02C0E274F7124D
:10AF40000BD4EA4B700590196980068A828B83A323
:10AF5000A312AFBE60228A828B83A3A3A3A3A3A361
:10AF6000A3A3A3E06970E4EC60128A828B8312AF22
:10AF70007FE0540470D580047A007B0002B0E312B5
:10AF8000AF8322E0F8A3E0C8240DF582E438F5830E
:10AF900022C082C08390196980068A828B83A3A312
:10AFA00012AFBE60128A828B83A3A3A3A3A3A3A321
:10AFB000A3E06970E580047A007B0002C0E212AF72
:10AFC000C7EA4B2290190412EF85FB2274F7120B8B
:10AFD000D4EAFCEBFD90196980068A828B83A3A3D7
:10AFE00012AFBE601E12B00A7003A3E06D70EB8A50
:10AFF000828B8312DAB112EF71A3E0A2E0E4337026
:10B00000D980047A007B0002B0E38A828B8312B37A
:10B01000516C2274F2120BD48A0A8B0B8C0C8D0D9E
:10B02000750800750900EA4B602A90196980068E40
:10B03000828F83A3A312B05B601AAC0CAD0DEEFA45
:10B04000EFFB850A82850B831230E5E9640170DF2E
:10B050008E088F09AA08AB0902A94FE0FEA3E0FF02
:10B06000EE4F22790002117A74F7120BD49019690D
:10B0700012CBED7C007D00800DE8FCE9FD88828923
:10B0800083A3A312CBEDE8496030EA687002EB6954
:10B0900070E790196912D509E86A7002E96B888235
:10B0A0008983A3A3700812CBED901969800912CB94
:10B0B000ED8C828D83A3A312CA37802774F7120BFD
:10B0C000D4EAFEEBFFEA4F601512293912B20612DC
:10B0D000CBFD600312ACBEEEFAEFFB121B958003B2
:10B0E0001211AD7F01020EDC74F6120BD48A828B32
:10B0F0008312BF7812E15A90196912CBED7D007C62
:10B1000000803488828983A3A3A3A3A3A3A3A3A3BA
:10B11000E0640570190C88828983E0FEA3E0F58362
:10B120008E82E065087004A3E0650970010D8882D5
:10B130008983A3A312CBEDE84970C8903808E49343
:10B14000F8EDC398500890380712E5DF400F8A8267
:10B150008B83A3A3A3A37401F0A3E4800C9018F243
:10B16000E0F812B193E8F0A3E912B1CC740512B182
:10B17000B1A3E0440812B1C5F47003A3E0F4600B7E
:10B1800090190412D4F012B1A7700579011222733C
:10B1900002C2E8A312B1982212B1A0A3A3A3A322D2
:10B1A000E0F98A828B832212AFC7122267E9641A00
:10B1B0002212B1B7A3A32212B1BB22F08A828B83E1
:10B1C000A3A3A3A32212EFA412B3512212AE57A33A
:10B1D0002274F6120BD490196912DDBA801A8E828D
:10B1E0008F83A3A312E15A12B20612ACBEEEFAEF9D
:10B1F000FB121B95AE08AF09EE4F70E2901969E49F
:10B20000F0A3F002C2E88E828F8312DAAFF58312C8
:10B21000B21A8E828F8312B21A2212EF85FB121B92
:10B220009522C082C083EAFCEBFDEA4D6017EA2458
:10B23000FBF582EB34FF12CC02700712B277E0F418
:10B240006007121AFF7905802B901951E0C0E012B7
:10B25000B277D0E0F0903814E493F97A6B7B19124E
:10B260001B35E96401700B7A007B2012C51279004E
:10B270008002790402C0E2EA24FFF582EB34FFF594
:10B28000832274F4120BD4A2AFE433F508C2AF905A
:10B29000196B12B05B6038EE24FBF582EF34FF12BD
:10B2A000CC027A007B20901951600512C5158005EB
:10B2B000E0F9121B41E4F50AF50B780A1211D0EE01
:10B2C000FCEFFD7A6B7B19121B2F74021211ADE596
:10B2D00008A2E092AFEEFAEFFB02A85674F5120B4B
:10B2E000D48A088B09750A0090196980518E828F63
:10B2F0008312B34D65087004A3E06509703A8E822D
:10B300008F83A3A3A3A3E4F0A312B35A5404601140
:10B310008E828F83A3A3A3A3A3A3A3A3E0F91225E3
:10B32000C78E828F83A3A3A3A3A3A3A3A3A37406FF
:10B33000F07AF0128903050A8E828F83A3A312B0DC
:10B340005B70AAA90A802BF582E43FF58312B35102
:10B350002212F0CBF5838882E02212B35FE0221242
:10B36000B36322F08E828F83A3A3A3A3A3A322128D
:10B3700011AD7F03020EDC74F0120BD474D41212E0
:10B3800060EAFEEBFF750A00750B007508FE750993
:10B39000FF1228F1E9600302B64DEE241512B66CD7
:10B3A000603E901BC6E0C43354E0F8E0333354FCF5
:10B3B00048C0E012C22BD0E012B69EFAA3E0FB799F
:10B3C000FF12267BEA4B6015750A017508FF12B65D
:10B3D000694404F0EE241512B66CD2E0F0750B400F
:10B3E0008E828F83128C876006EE241212CA10EEB2
:10B3F000241312B66C700D9037F9E493C0E012ACD0
:10B4000081D0E0F08E828F83E0A2E7500454038065
:10B4100019EE241412B66C70129018E3E0C0E0121A
:10B42000B65AD0E0F09018E3E004F012EF6870161E
:10B43000901BADE0600D9018EEE0700A8E828F8355
:10B44000E0700312CA0D9018F1E0A2E15039E50A4C
:10B45000A2E040188E828F83128C87602A8E828FA2
:10B4600083E06008EE240B128C9E601B12B66954B8
:10B4700040700302B5FEEE241312EF6B600302B5B9
:10B48000FE12B66954FBF08E828F83E06401701067
:10B49000EE240B12B3476402700612B6694440F002
:10B4A00012B6695440600302B55DE50AA2E050039C
:10B4B00002B55D9018F1E0A2E1400302B55DE50B35
:10B4C000F50A780A1211D4EE2406FCE43FFD8E82C0
:10B4D0008F8312D507EE241212B66CF91225F1747F
:10B4E000011211ADE9600CEE241212CA1012B669F5
:10B4F0004420F08E828F83A3A3A3A3A3A3E060378D
:10B50000EE240212BBE612B68F2407FAE43FFB12C8
:10B51000297B8A088B09850E82850F83E06A700378
:10B52000A3E06B700C8E828F83A3A3A3A3A3A3E4D9
:10B53000F012B6694440F08E828F83E064016008A7
:10B54000A90B12B693122591A90B8E828F8312B686
:10B5500093122525E9600612B6694420F0AC21ADAE
:10B5600022EEFAEFFB1229758A0A8B0B74FE65082E
:10B57000700474FF650970098E828F83A3A312E1A2
:10B580005AEA4B700302B6518E828F83E0C0E0749A
:10B5900001121504D0E0F07404121504EEF0A3EFCC
:10B5A000F0EE241E12CBE7740212150412CA37748F
:10B5B00001121230880C890D780C1211D0EE242063
:10B5C00012B6701211D412B664120FABEE240E1222
:10B5D000B6701211D49018F7120FAB74081215043C
:10B5E000E0F9AC08AD0912296F74081211ADE9FE3B
:10B5F00074106E705EAA0AAB0B121B958055EE2478
:10B600001312B66CC0E07417121504D0E012EFAA42
:10B61000740F12150412B6B1240412EF5D12CBEBB5
:10B62000741112150412B6B1241412B66CC0E07471
:10B6300018121504D0E012E44012B1A012B68174C1
:10B64000061212381225C1E9600302B4877911800D
:10B65000047E10EEF9742C02D659EE2414F582E41F
:10B660003FF58322EE12ACC622EE240F129AE2229C
:10B67000129AE2F50C780C22EE2413F582E43FF5E1
:10B680008312B6852212B68922E0FCA3E0FD2212C5
:10B690009AC222A3A3A3A312D33112AFC72212B618
:10B6A000A22212B6A9A3A3E022F08E828F8322A346
:10B6B000A312CAFBEE22C082C08374D7121260901C
:10B6C0008124740312124074261210F68A828B832E
:10B6D000A3A3A3A312CBED740E121504E8F0A3E903
:10B6E00012B7B6740C12150412B7B1240DF582E42A
:10B6F00012CE0FC0E0741A121504D0E0F012D3A7D6
:10B7000012CBEB742012150412B7B112D97912CEF4
:10B710000FC0E07408121504D0E0F0EA241CF58292
:10B72000E43B12CBEB741212150412B7B112C23CF7
:10B7300012CE0FC0E07409121504D0E0F012B7A3C6
:10B7400012CE0FC0E07407121504D0E0F012B7AAB1
:10B750003B12CBEB742412150412B7B12420F582EE
:10B76000E412CE0FC0E07426121504D0E012D99274
:10B7700074FFF0740112150474FFF07402121504C2
:10B7800074FFF09083D4120FA77404121240740750
:10B79000121238129A4A1211AD790074291211ADA1
:10B7A00002C0E2EA2412F582E422EA241EF582E4D1
:10B7B0002212CAFBEA2212EFA4A3A312B7BF2212DD
:10B7C000B7C32212F0CBF92274F0120BD474EC122E
:10B7D00012608A0E8B0F8C088D09890C7F107A21DC
:10B7E0007B00121B8F852182852283EAF0A3EB1256
:10B7F000D7DAE849700302B9267E007C217D007902
:10B8000000852182852283E0FA121AE7AA08AB0993
:10B8100012238D742712150412CBEDEA4B60238A94
:10B82000828B83A3A3A3A3E06401600D8A828B8330
:10B83000A3A3A3A3E064037009E854407004740454
:10B8400049F9E9540460027E0190190412B92D12DD
:10B85000EF53ECF0A3EDF0742412150412D5097423
:10B8600011121504EAF0A3EB12B93A12A8443AF502
:10B8700083740212B93A2408F582E43AF58374021B
:10B8800012D1A2FAA3E0F5838A82E508F0A3E509C4
:10B8900012B93A12B7AB3AF583E50CF074261215DB
:10B8A00004E0F50812EF7BCA12E4523AF583E5088A
:10B8B00012B93A241FF582E43A12D85E74061215C2
:10B8C0000412CA377408121504E508F0742A121518
:10B8D0000412BF78C082C083740C121504AC82AD10
:10B8E00083D083D08274051210F67429121504E0F7
:10B8F000C0E07413121504D0E0F0EEF9AA21AB22D7
:10B900001228F7E964017015EEA2E0500CA90812A4
:10B910002921EA4B60031229457F00800985218295
:10B9200085228312ACC1EFF9741402D65912B68580
:10B9300085218285228312EF852212D1A6FAA3E007
:10B94000CA2274F0120BD474FF121260EAFEEBFFED
:10B950008C088D098A82F583A37408F0EA241612F4
:10B96000B66C60088A828B83A37410F0EA241712E5
:10B97000B66C60098A828B83A3E02408F0EA241560
:10B9800012B66C60088A828B83A3E004F08A828BF3
:10B9900083A3A3A3A3A3A3E060198A828B83A3A399
:10B9A000A3A3A3A3A3E0C3332402F88A828B83A3B7
:10B9B000E028F0EA241112B66C852182852283608A
:10B9C00004740E8001E4F0EA2423F582E43FF58359
:10B9D00012D1A1F98A828B83A3E0F8EA1288F228B7
:10B9E000298C828D83F0EA241112B66C60139018B2
:10B9F000EFE0F912282BE9F8850882850983E02910
:10BA0000F0850882850983E0C394754009750C00B0
:10BA1000750D0002BBCD12BBFB8A0C8B0DEA4B707F
:10BA20000302BBCD8E828F83E0FA9018F412BC26FD
:10BA30007402780812137EEA4508FAAB09EE241264
:10BA400012BC207406780812137EA808EA48FCEBA2
:10BA5000FDEE241512B66C6004780180027800EEC9
:10BA60002416FAE43FFBE4C8F9ED49FDEE24111277
:10BA7000B66CF50888097409780812137EED45093B
:10BA8000FD8A828B8312BC26740B780812137EED1C
:10BA90004509FDEE241712BC20740C780812137EA1
:10BAA000ED4509FD8E828F83A3A3A3A3A3A312BC9C
:10BAB00026740A780812137EED4509FDEE24231240
:10BAC000BC20740D780812137EED4509F9EC850C45
:10BAD00082850D83F0E9A3F0EE240212BC0312BCB0
:10BAE0003DF0EE240412BC03A3A312BC3DA3A3F0BB
:10BAF000EE241312BC13F0EE241412BC13A3F07541
:10BB00000B088A828B83E06015EE241812B67BE561
:10BB10000C2408FAE4350DFB121C85750B10EE247D
:10BB20001712B66C6019EE241A12B67BA80BE50C3E
:10BB300028FAE4350DFB121C857408250BF50B8ED5
:10BB4000828F83A3A3A3A3A3A3E06045EE240712DF
:10BB5000BBE6E0C0E012BBF2D0E012BC2DE0C0E0DA
:10BB60000812BBF4D0E012BC2D12D7CC1211CC8538
:10BB70000E82850F83E012BF45A80BE50C2812A9A1
:10BB8000211211AD850E82850F83E0C333250BF59D
:10BB90000BEE241512B66C6008C0E012BBF2D0E0C8
:10BBA000F012BBDE12D7CD1211CC1288F1FC7D0051
:10BBB000740312150412BBD6E0F8E50C28F8E4353E
:10BBC0000DF9E82AFAE43912A9251211ADAA0CAB35
:10BBD0000D740102D659E0FA8E828F83A322EE12F1
:10BBE000E4153FF58322F50EE43FF50F850E82F54F
:10BBF0008322A80BE50C2812BF6422E0FA7B001216
:10BC00001B8F22F8E43FF98882F583E0850C82855A
:10BC10000D8322F582E43FF58312BC47A3A3A32240
:10BC2000F582E43FF583E0F50875090022F0050B85
:10BC30008E828F83A3A3A3A3A3A3A3A322A3A31250
:10BC4000E142A312BC4722E0850C82850D83A3A3A9
:10BC5000A32274F4120BD474FD121260EAFEEBFFFF
:10BC60008C088D097401121230880A890B780A1227
:10BC700011D07402121240AA08AB0912256D740289
:10BC80001211ADE9704B85218285228312C24BF0DF
:10BC9000740112150412BCDA12BCE06027148E8203
:10BCA0008F83A312D1A212D70D7401121504E028BC
:10BCB000F8A3E039F9E824FEF582E934FFF58312B0
:10BCC000D50980118E828F83A3E4F0AA08AB098086
:10BCD000047AFE7BFF740302A85312CBF5A3A322C0
:10BCE000E812BCE52212CAFC852182852283E0226B
:10BCF00074F0120BD474FD12126012D64B7402123F
:10BD00001504E9F08C0C8D0D750B017C267D0079F6
:10BD100000AA0CAB0D121AE77402121504E0C394CA
:10BD200008500302BED812BC0BF0AC0CAD0D85213F
:10BD30008285228312B34DFA85218285228312C423
:10BD4000B912C26EE96003750B00852182852283DA
:10BD500012BF7812BF8CE0F9EA850C82850D83A3AF
:10BD6000A3A3A3A3A3A3A3A312BFD4F5838882A3F1
:10BD7000A312BF8CA3A3E0F912D4E7EA12BFD41236
:10BD80009A35C0E012D4DED0E012D1A2F8A3E0C808
:10BD90002407F582E438F583E0C0E012F1C9D0E071
:10BDA00012BFBE740812BFCBA3E06020852182853C
:10BDB0002283E02408F8A3E03400F9E50C241312F0
:10BDC000F1CDE8F0A3E912D6462408F0850C82856F
:10BDD0000D83A3A3A3A3A3A3A3A3E0602A850C823E
:10BDE000850D83A385820E85830F12BF86F8A3E09D
:10BDF0003400F9E50C241512F1CD12CA37850E82F4
:10BE0000850F83E02408F012BF4CE4F012BF5CE41D
:10BE1000F0A312BFBEA3A3A3A3E0601112BF988535
:10BE20000C82850D83A3A3A3A3A312BFDBE50C1291
:10BE3000BF6CE0700302BEC412BF98FA12BF4CEA96
:10BE400012BFDBF8852182852283E028FBA3E03442
:10BE5000008B82F583E0F8E50C241A12F1CDE8128C
:10BE6000BFDBE8C39AE50C505612BF73F89037FF5A
:10BE7000E493C39850047E0C8006E50C12BF73FE59
:10BE8000850C82850D8312BF85F508A3E03400F58B
:10BE900009750A0078081211CCEE12BF457AC27BF0
:10BEA0000C12A9261211AD12BF5C74C2F0A3740C5F
:10BEB000F0EEC333F8850E82850F83E028800412EC
:10BEC000BF6CE4F0850C82850D83A3E0F8850C82BD
:10BED000850D83E0C39850047900806612BF85FA0F
:10BEE000A3E03400FBE50C12D4D812F1D012D651E5
:10BEF000850C82850D83E0C398C0E012D4CFD0E0DA
:10BF000012BFCBE0603AE50C2417FEE4350DFF8E3E
:10BF100082F583E024F2F0E50C241DF8E4350DF9F8
:10BF20008882F583E0240EFAA3E03400FB8882893E
:10BF300083EAF0A3EB12C2758E828F83E0C398F080
:10BF4000A90B02D65725E0FCE433FD22E50C12BF15
:10BF500052222419F582E4350DF58322E50C241BC9
:10BF600012BF6422F582E4350DF5832212C9EE1268
:10BF7000BF672212BF52E02212BF7C22E0F8A3E08A
:10BF8000F583888222A312BFB5E02822A3A312C49E
:10BF9000B012BF7EA3A3A322850C82850D83A38547
:10BFA000820E85830F12BFB5E028FAA3E034008A21
:10BFB00082F583E022E0F88521828522832212BF68
:10BFC000C222F0850C82850D83A32212BFC2A3A3D7
:10BFD000A3A3A32212BCE5F8A3E022F0850E82857C
:10BFE0000F83E004F02274F4120BD48A088B09EA60
:10BFF00012C088A3A3F0EA1313543F12C07BA3F02E
:10C00000EAC4131312C08812C09B7409780A121470
:10C010006412C08FA3A3A3A3A3A3F0EB12C0911239
:10C02000C09A740A780A121464E50A5401C0E0EC5C
:10C0300012C9EE3DF583D0E012C09F740B780A124E
:10C04000146412C08F12C098740C780A121464120F
:10C05000C08FA312C098740D780A121464E50A54B4
:10C0600001C0E0EC2424F582E43DF583D0E0F074D7
:10C070000E7808121464A90802A85612C081A3A35E
:10C0800022540F8C828D832254038C828D8322E56F
:10C090000A54018C828D8322A3A3A3A3A3A3A3F09C
:10C0A0008A0A8B0B22C082C08379008A828B83A389
:10C0B000A3A3A3A3A3E09018EE600EE0701F8A82F2
:10C0C0008B83A3A3E070168012E0601112D4FC9061
:10C0D00018F7E06A7003A3E06B6002790180031235
:10C0E000D509D083D08202117A74F2120BD48A0A55
:10C0F0008B0B890CECFEEDFF8A828B83E0FA12C277
:10C100006E850A82850B83A3A312C262E0F9EA8ED0
:10C11000828F83A3A3A3A3A3A3A3A3A312C2811269
:10C12000C262A3A3E0F912BBDEEA12C281A3A3E0BC
:10C13000C0E0EE12C235D0E012C288A3A3A3E0C0D3
:10C14000E0EE12B7A43FF583D0E012E21B740812B0
:10C15000E21BA3A3A3A3A3A3E06017E50A2408F8A6
:10C16000E4350BF912AC81E8F0A3E912E21BE024FC
:10C1700008F08E828F83A3A3A3A3A3A3A3A3E0604D
:10C18000188E828F83A312C25112C22B12CA378516
:10C190000882850983E02408F08E828F83A3A3A3FD
:10C1A000A3A3E060248E828F83A385820885830900
:10C1B000E0F8E50A28F582E4350B12C242A3A3F0A9
:10C1C000850882850983E004F0EEFAEFFB12298DE1
:10C1D000E9F50D70518E828F83A3A3A3A3A3A312AD
:10C1E000C24BA37014E0F8E50A28FAE4350BFB1201
:10C1F000CD3812D651E50C802212C251E8240EF837
:10C2000050010912CD38E8F0A3E912C27585088201
:10C21000850983E0F9E50CC39924F2C398C0E0EEE8
:10C2200012CE90D0E0F0A90D02A94FEE2415F582B0
:10C23000E43FF5832212C23C3FF583222411F582AC
:10C24000E42212C249A3A3A322F583E08E828F8346
:10C2500022858208858309E0F8E50A28F8E4350B91
:10C26000F922E0FA850A82850B83A3A3A32212E4B4
:10C270002A12298722F09018EFE0F912282BE9F80A
:10C2800022F0A3E912C28822F0850A82850B83A3DB
:10C29000A3A3A322C082C0837A797B1979E21222F8
:10C2A000377A797B1902C0E2C082C0839018F70206
:10C2B000C0DFC082C0839018FA02C0DFC082C08392
:10C2C000794A12223702C0E274F6120BD490198117
:10C2D000E0FE04F0EEF9122921EA4B70F0EE60ED79
:10C2E000F9800574011211AD7F02020EDC74F012A8
:10C2F0000BD474FD1212607401121504ECF0A3ED5E
:10C30000F0E9852182852283F08A0E8B0F7E008ED4
:10C3100008740112150412B681122B2B8A0A8B0B9A
:10C320007413121504E0F50C7414121504E0F8EA05
:10C330004B701CE8600302C41C852182852283E0C7
:10C34000F9740112150412C4BE122B4F02C4ADE8D9
:10C35000700302C3D790198612CC04600612C4BAC7
:10C360001230E5E50C700B850A82850B83E4F00240
:10C37000C4179018F1E0A2E1400302C43490198878
:10C3800012CC04600CA90CAA0AAB0B12C4BA12306E
:10C39000E5850A82850B83E0FA12E41B500109C38C
:10C3A000EA98E499A2D265D0335009850A82850BB8
:10C3B00083E004F0850A82850B83E0F8903812E46C
:10C3C000936870700EAA0EAB0F1225FD850A828548
:10C3D0000B83A3E4F0805DE50C702BEA2402F8E403
:10C3E000350BF98882F58312C4B0E0FCEA2CFAE43C
:10C3F000340013EA1388828983F0700A850A828BDD
:10C4000083A3A37401F0850A828B83A3A3E0F89031
:10C410001ADBE0C398501D7508018018740168701C
:10C4200013E50C600F9018F1E0A2E15007AA0EABE3
:10C430000F1225FDE508A2E092F0EEA2E072F050A6
:10C440006C9018F1E0A2E1502EAA0EAB0F12E6E9B3
:10C450006025E508A2E0500D8A828B83A3A3A3A3E5
:10C46000A3E0C2E0F0EEA2E050438A828B83A3A354
:10C47000A3A3A3E0D2E0F0EEA2E050319018F1E0E7
:10C48000A2E15012AA0EAB0F12237BE96008AA0E9C
:10C49000AB0F790080149018FAE0650E7004A3E0E9
:10C4A000650F7009AA0EAB0F79011224A702D657A7
:10C4B000E0FA85218285228322A312BF7F2212B651
:10C4C00085AA0EAB0F2274F4120BD48A088B098C48
:10C4D0000A8D0B90837C78081212CB70077A0112B8
:10C4E000C5108027901B977808121473EA4B4C4DA7
:10C4F000600D78081211C8128B151211AD800C7ADC
:10C50000017B00901951E0F9121C5B02A8567A20B9
:10C510007B00901951E0F9121B3B22C082C083902E
:10C520001B9B02AA10C082C083901B9D02AA10749C
:10C53000F6120BD47E007508E375091878081211FD
:10C54000D07C6E7D007A217B00121C0774021211D0
:10C55000ADE9640A70027E01122357E9640A70048F
:10C56000EED2E1FE1223C9E9640A7004EED2E2FEC3
:10C570009005C812CC04600F12C4BA1230E5E96409
:10C580000A7004EED2E3FE12268DE9640A7004EE0E
:10C59000D2E4FE1221B9E9640A7004EED2E5FEEE9F
:10C5A000F902C2E874F6120BD4121A9F7508E375EB
:10C5B000091878081211D075086E750900780812EC
:10C5C00011D012C5E51211AD12235D1223CF9005D3
:10C5D000CA12CC04600612C4BA1230E512269312B5
:10C5E00021CB02C2E87C007D007A217B00121C1363
:10C5F00074042274F6120BD474FF1212607E00755C
:10C6000008E375091878081211D07C6E7D007A2134
:10C610007B00121C0774021211ADE9600302C6BF51
:10C6200078081211D075086E8E0978081211D07C26
:10C63000007D007A217B00121C1974041211ADE9EF
:10C64000707D9018F7E064FE7003A3E0F460707EE4
:10C6500001901906E064086005E06404705C8521BF
:10C6600082852283EE12C6FB7A0E7B197943122251
:10C670003D7A0B7B19794712223D7AFC7B18794A67
:10C6800012C6DB7A047B19795012223D7AF77B18A7
:10C69000795312223D7A0C7B19795412223D7AF992
:10C6A0007B1879E112223D9018F1E0A2E35004D208
:10C6B000F08002C2F012C6E88005121A9F7E0012B6
:10C6C000234B1223E19005CC12CC04600612C4BAAD
:10C6D0001230E512269FEEF902C2E312223D7AFAE9
:10C6E0007B18794B12223D22A2F0E433852182850A
:10C6F000228312C858795212223D2212C858794218
:10C7000012223D2274F6120BD4E9FEA2E0501C75F1
:10C7100008E375091878081211D075086E750900BC
:10C7200078081211D012C5E51211ADEEA2E3500344
:10C73000122351EEA2E150031223E7EEA2E2500EC3
:10C740009005CE12CC04600612C4BA1230E502C2C3
:10C75000E874F6120BD474EC1212607401121240D9
:10C7600012C88A7405121504E4F07407121504E463
:10C77000F07A04F91223698A0890380EE493FAC318
:10C78000E5089AEB94005044122345E9703E903737
:10C79000EC12C836600F7A04790312C81F9037EC88
:10C7A00012C840500874051215047401F09037EA5D
:10C7B00012C836600F7A02790112C81F9037EA1248
:10C7C000C840500874071215047401F0901C2CE046
:10C7D000F97C547D19740112123812C82974071299
:10C7E0001504E070117405121504E07009852182AA
:10C7F000852283E480088521828522837401F0905C
:10C800001C27E0F8901884E058F88521828522835F
:10C81000E05812C854794112223D741402C2E51244
:10C82000236990380EE493FC221228D37A547B19A2
:10C83000794512223D22E493F8740193F9E84922E4
:10C84000E493F8740193F9ECC398F8E499F9C3EA16
:10C8500098EB992212C85822F0AA21AB222274F731
:10C86000120BD474ED121260E9FE901950F0AC2155
:10C87000AD2212C88A7412121504EE12C897AA21AA
:10C88000AB2212C829741302B0E0901C2CE0F97A94
:10C89000547B191228D922F0901C2CE0F97C547D8D
:10C8A000192274F4120BD48A088B09901C2EE064B0
:10C8B000FE7003A3E0F4706C7A167B00121AF98AFA
:10C8C0000A8B0BAE0AAF0BEA4F60598A828B8374D6
:10C8D0000112CC17A3E08A828B83A36004740280C8
:10C8E000027401F0EA240AF8E43FF9E508241D1275
:10C8F000C92B12EC0912A92CF0A2E3400912C9338A
:10C9000012D50912295DE50812D979350912E436E4
:10C91000EE241312CA10EEFA12C93D12C93312D115
:10C920005F12CA3702A856E5082413F582E43509D8
:10C93000F58322E50812E4153509F58322EFFB9013
:10C940001951E0F9121B052274F2120BD474FD1276
:10C9500012608A088B09890A8C0B74011215047401
:10C960000412D868607212CA197407F0E50824131B
:10C97000FAE43509FB8A82F58312A92D12CA27A38E
:10C9800012D85712CAD388828983A3A3A3F012C9ED
:10C99000FCE508240BF8E43509F912C9E612CA3798
:10C9A00012CC1FEE241312DA08650A6006740165C2
:10C9B0000A700712C9F47404800412C9F4E4F090F8
:10C9C0001C2E12BCDA12CA377401650B700312CA2E
:10C9D0000DEE12E209F980027910901C2E74FEF01F
:10C9E000A304F002A94AEE12C9EE3FF583222418EF
:10C9F000F582E42212ACC57440F0A322EE24161294
:10CA0000CA0322F582E43FF5837401F022EE24117B
:10CA1000F582E43FF583E4F02212E4143FF583123B
:10CA2000B7BF8882F58322A312EFA422E0F8A3E027
:10CA3000F985218285228312CAFB2274F4120BD459
:10CA40008A088B097A007B04901951E0F9121C5B6B
:10CA500012CAE29019067409F012D28512C927127F
:10CA6000D50912ED11640170677A0F7B00121AF973
:10CA70008A0A8B0BAF0BEA4F60568A828B83740253
:10CA8000F0E50812D4D8350912D525FC88828983AF
:10CA9000A3A3E0FBEC8A828F83A3A312D6528882E1
:10CAA0008983A3A3A3E08A828F8312CAD3FAA3E067
:10CAB000FB794A12223D850882850983A3A3A3A39B
:10CAC000A3A3E070069017657405F0AA0A12C93D89
:10CAD00002A856A3F0E5082415F582E43509F5838C
:10CAE000E02290188712B7BF901B9D12CAFB9018C6
:10CAF0008912B7BF901B9B12CAFB22E8F0A3E9F092
:10CB00002274F4120BD474FD1212608A088B09741B
:10CB100001121504740212DA0E700302CBDF12CA7E
:10CB2000197404F0A3E412CC0AA3A3A3E064017077
:10CB30000888828983A37420F0850882850983A3ED
:10CB4000A3A3A3A3E06401700988828983A3E0D230
:10CB5000E6F0850882850983A3A3A3A3A3A3E064C9
:10CB600001700A88828983A3E0D2E78006EA12ACCA
:10CB700082740112CC17E064017023850882850954
:10CB800083A3A312CC046004EA12C9FD8508828540
:10CB90000983A3A312CBEDEA12C9E712CA378508AD
:10CBA00082850983A3A3A3A3A3A3A3E064017009BF
:10CBB000EA240F12C9FFA3E4F085088285098312D5
:10CBC0008C89600612B6694404F012CC1F85088275
:10CBD00085098312CBF112B6AF12E209F98002790E
:10CBE0001002BCD5EE2413F582E43FF58312B7BFE3
:10CBF0002212CBF52212B7C38E828F8322EE12E06F
:10CC0000423FF58312B7BFE8492212CC0E22F085CD
:10CC10000882850983A32212CC0EA3A3A3A322EE2C
:10CC200012CE782274F5120BD474F3121260890AB2
:10CC3000EAFEEBFF7508007509007C0D7D007900A8
:10CC4000AA21AB22121AE712CD3812CE14741F5843
:10CC5000600C7AD37B00121FC7790002CD33E8A2A3
:10CC6000E55008740C1215047401F0E8A2E75008AE
:10CC7000740B1215047401F0E8A2E6740A5008124D
:10CC800015047401F08008121504E0640170138E1D
:10CC9000828F83A3A3A3A3A3A3A3E06030EE2413F6
:10CCA00080128E828F83A3A3A3A3A3A3A3A3E06078
:10CCB0001CEE241512E154E50845096010AC08ADDE
:10CCC000097402121504AA82AB83121C8512BBDE02
:10CCD00012CA2C740A121504E06401704D901BD125
:10CCE000E0604E64017008901BB8E070198042E06B
:10CCF00064027012EE240B12CBE79018FAE0687011
:10CD000003A3E069702B128C7C7026E5084509604E
:10CD1000191229998A088B09AC08AD0974021215F9
:10CD200004AA82AB8312ED116007AA21AB22122460
:10CD3000A1A90A740D02B36FEE241DF582E43FF53C
:10CD4000832274F7120BD474CD121260EAFEEBFF4B
:10CD50008A82F58312D989129A36A2E0400302CD65
:10CD6000F88A828B8312CE21E054FE12E864740D9F
:10CD700012124012B7AA12CE0F12CDFD12D509120F
:10CD80002993E97073742A12150412CE1B70697C02
:10CD90000D7D007900AA21AB22121AE77416121534
:10CDA0000412CA2C742A12150412CE14A2E55008DB
:10CDB000740B1215047401F0E8A2E75008740A120B
:10CDC00015047401F0E8A2E6500474208002742275
:10CDD00012150412B6817402121504AA82AB8312D2
:10CDE0001C858E828F83A3A3E0C0E0740C1215040F
:10CDF000D0E012C85412249B743302B0E0F9EA2444
:10CE00001FF582E43BF5832274F22AF58274093B14
:10CE1000F583E02212BF7CA3E0F82212B351640430
:10CE20002212D52CA3A3A3A3A322E9F879007404AA
:10CE300068600A740A686005740368700279010208
:10CE4000117A74F6120BD48A828B837424F0A3A314
:10CE50007401F01223FF8A088B09AE08AF09EA4F6C
:10CE600060078A828B8312CE70EEFAEFFB02C2E873
:10CE70007401F0EA12CE782212CE907401F01229D9
:10CE800099EE241AF582E43FF583EAF0A3EBF02251
:10CE90002417F582E43FF58322C082C083901C2DC5
:10CEA00002AA18C082C083E9901C2D02AA14C08275
:10CEB000C08390196D7401F0E9A2E350037403F08C
:10CEC000E9A2E15004E0D2E2F002C0E274F6120BF3
:10CED000D479007C008A088B097808120F22F8FFA9
:10CEE0000701CFFFCEFFCEFFCEFFCEF7CEFBCE01A8
:10CEF000CFF3CE7C01800A7C0480067C0280027C19
:10CF00000890196DE05C600479028005EC6002799C
:10CF10000102C2E874F4120BD4EAFEEBFF89081296
:10CF200023938B0BA90BEA49603E8A828B83A3A3D0
:10CF3000A3A3E06033C39405502E74016508601A02
:10CF40008A828B83A3A3A3A3E06401600D8A828BF2
:10CF500083A3A3A3A3E0640270078A828B8312CF0A
:10CF60006FEEFAEFFB12239F02A8568E828F831278
:10CF7000AFC712255B2274F6120BD48A828B83E032
:10CF80007014A3A3A312CC04600C8A828B8312D5E5
:10CF9000061226ED80047A007B0002C2E8C082C03F
:10CFA00083901906E064087003122A5902C0E2C097
:10CFB00082C0837800E875F003A4FCA9F0E9FD12B3
:10CFC000D03E6A7003A3E06B7018903802E493C0FF
:10CFD000E074702CF582741939F583D0E0F079C5CE
:10CFE000805908E8C3940340CC7800E875F003A4A6
:10CFF000FCADF012D03E64FE7003A3E0F4601E08A6
:10D00000E8C3940340E57800E875F003A4FCADF0B4
:10D0100074702CF58274193DF583E07015E812E404
:10D02000CF12D651903802E49388828983F0790038
:10D03000800908E8C3940340CF79C702C0E2747145
:10D040002CF58274193DF583E022C082C0837C00F8
:10D05000EC75F003A4F8A9F0747128F58274191224
:10D0600088FE6A7003A3E06B700912E842600479DD
:10D070000180090CECC3940340D6790002C0E2742D
:10D08000F2120BD474DD1212608A088B09750A0043
:10D090009018F7E06A7003A3E06B7010EA4B70031E
:10D0A00002D147750A01122A5F02D15412238D8AD8
:10D0B0000C8B0DAE0CAF0DEA4F700302D1478A8284
:10D0C0008B83A3A3A3A3E06401600D8A828B83A357
:10D0D000A3A3A3E06402706F852182852283E412FA
:10D0E000B7B6740B121504E8F0A3E912C854122362
:10D0F00039E960538E828F8312D15F12CA3774036D
:10D10000121504AC82AD837418121504AA82AB8385
:10D11000121C85790012254F742012150412D65165
:10D120007422121504E4F07C028E828F83A3A3A3E1
:10D13000A3E0F9740D1212381229F9750A0112D1FF
:10D140005B12A666F0800D90190412B681AA08AB96
:10D1500009122B13A90A742302A94C12E44A2212C1
:10D16000B7BF901C2E22C082C08374FE1212607959
:10D1700001122555852182852283EAF0A3EB12D185
:10D18000A29018F712D652AA21AB22795312223D4F
:10D1900085218285228312D509121F37740202B7B6
:10D1A0009DE412D1A62212D996E02274F4120BD477
:10D1B00074F3121260EAFEEBFF8C088D09750A12F7
:10D1C000EA4F7005790002D2809018F7E06E700384
:10D1D000A3E06F701412D285AA08AB0912ED11708A
:10D1E00005750A018003750A00852182852283E482
:10D1F000F004121504EEF0A3EF12C85412232DE927
:10D2000060287403121504AA82AB83122309E9640F
:10D21000017017750A017403121504AC82AD83AA5C
:10D2200008AB0912ED11701680177412650A70119F
:10D23000AC08AD09EEFAEFFB122375E96003750A3D
:10D2400000AC08AD09EEFAEFFB122B31E9F8740AD5
:10D25000687005750A01801D74A0687012AC08AD75
:10D2600009EEFAEFFB122B43EEFAEFFB122B55748B
:10D2700001650A70097900EEFAEFFB122A6BA90A20
:10D28000740D02A8531229998A0A8B0BAC0AAD0BB4
:10D290002274F6120BD4EAFEEBFF8908122A59E534
:10D2A00008F50978091211D4790DEEFCEFFD7AFD2D
:10D2B0007BFF122A7702C2E374F7120BD4EAFEEB6B
:10D2C000FF8A82F583A3A3A3A3A3A3A3A3E060196A
:10D2D000EA24151290CD12BBDF12D509122A65E996
:10D2E0006401700512BBDE802D8E828F83A3A3A301
:10D2F000A3A3A3A3E0602912AC8112D325FAA3E073
:10D30000FB122A65E9640170178E828F83A3A3A3A1
:10D31000A3A3A3A3A3A312D509122A4D79018002C6
:10D32000790002B0E312D331A3A3A3A3A3A3A3E084
:10D330002212B6898E828F83A3A32274F2120BD499
:10D3400074FD1212608A088B09ECFEEDFF890A75E4
:10D350000B017401121504740412E220604474116C
:10D36000121504E0601512D97FE412DDC08A828BA9
:10D3700083E0D2E7F0EA241412AE3412D3A712CA23
:10D380001D7403F0A3E50AF0EE88828983A3A3F05D
:10D39000EF88828983A3A312CA2712EFB412E20C8A
:10D3A000F50BA90B02A94A12E4143B2274F1120BEB
:10D3B000D48A0C8B0D890875090112D4D7350D124A
:10D3C000D525F50E88828983128AA812D50D12D42C
:10D3D000CFE06404600A7AD37B00121FC702D4C86E
:10D3E000E50E12105C020002FAD3030B80D4030C8A
:10D3F00070D40D52D40E80D47DD49018F1E0A2E107
:10D40000507E7900EFFB1225DFEA4B603A8A828B6F
:10D4100083A3A3A3A3A3A3E05418602B12D4E71201
:10D420000FAB8A828B83A3A3120FAB7900850C828A
:10D43000850D83A3A3A3A3A3A3A3A3A312D4F01234
:10D44000D51C1211AD80247901EEFAEFFB1224AD48
:10D45000802E9018F1E0A2E15026E9FB122A47EE57
:10D46000FAEFFB122A4DE964C570157509008010AA
:10D470009018F1E0A2E15008121F5B8003750800CC
:10D48000E50C2409F50AE4350DF50BEEFCEFFDA9DA
:10D490000E850A82850B8312D5091224C5850A825E
:10D4A000850B83128C89602012D4DEE0C394024085
:10D4B0001712D4E712DCEA7003A3E069600AE509F9
:10D4C000A2E05004A908800279007F07020EDCE583
:10D4D0000C241712BF6422EA241DF582E422E50C15
:10D4E00012C23C12BF6722E50C12E41512BF67227C
:10D4F00012D4F42212B6898A828B83228A828B8389
:10D50000A3A3A3A3A3A3A3A3A312AFC722A3A3A3CD
:10D51000E0F8E4C8F9EA28FEE439FF2212AFC712A6
:10D5200025F7740422F58312D52CE02212B7C388A4
:10D5300082F583A32274F0120BD474F31212607478
:10D5400003121504ECF0A3EDF08A0E8B0F890B7E0D
:10D5500001EE121504740AF0741D121504E0F50AA8
:10D56000E9700FE50AC333240AC0E0EE121504D0B7
:10D57000E0F0AA21AB22122A1D8A088B09EA4B701F
:10D580000302D64012A843350912DDB88E82F58316
:10D590007409F0E50BC43354E0450AA3F0EE24020D
:10D5A000FE50010F740312150412B68FFAEFFB122E
:10D5B000D71C50010FE50B70357800741E1215044E
:10D5C00012D5098023E812BF45EA2CF50CEB3DF596
:10D5D0000D850C8212C24912D6468E828F83A3F02B
:10D5E000EE2402FE50010F08E8C3950A40D7E50873
:10D5F000241712C92B7401F0122999E508241A1274
:10D60000C92B12D6517405121240AA0EAB0F122369
:10D6100015E96019E508241612C92B7401F0740588
:10D62000121230E508241812C92B12CA3785088255
:10D63000850983A3A312D860AA08AB0912E20CFEE5
:10D64000EEF9740D801312BFC2E02285218285227B
:10D6500083EAF0A3EBF02274031211AD7F08020EEF
:10D66000DC74F0120BD474F81212608A0E8B0F1255
:10D67000D4D7350F12D847F8741F58F50A880BA372
:10D68000AE82AF8312D71450010F12ED0960797486
:10D69000E0550B706CAA0AEA2AFA7B0012DCCC6017
:10D6A000677A00802B8E828F83E0FCA3E0F8E4C8C9
:10D6B000F9EC28E439FDEA12D70DE50828F582EBEC
:10D6C00039F583ECF0A3EDF0EE2402FE50010F0AD1
:10D6D000EAC3950A40CF78081211D0780A1211D403
:10D6E00074031212407900E50E12A844350FF58339
:10D6F00012DCD674031211ADAA08AB09121B958077
:10D70000077AD37B00121FC7740802D65925E0F8A8
:10D71000E433F922EEFCEFFDAA21AB22121C85EEC8
:10D720002408FE2274F0120BD474FE12126012D67A
:10D730004B890C8C0E8D0F90178012CC04607A747C
:10D7400012121504E0F50B12D70DE8240EFAE43995
:10D75000FB121AF98A088B09AE08AF09EA4F605923
:10D760008A828B8374D412D7DA8A828B83A3A31222
:10D77000EF9CA3A3A3A3E50CF0AC0EAD0FEA240528
:10D78000FAE43FFB121C8512D7BEE50BF0741312AE
:10D79000150412D7CD1211CCAC0BEC2CFCE433FDEC
:10D7A000EE240EFAE43F12A9251211ADEEFAEFFBBA
:10D7B00090178012BF781230E5740202D659EE122B
:10D7C000D7C322240DF582E43FF58322A3E0F508B8
:10D7D000A3E0F509750A0078082212D1A6F8A3E0A3
:10D7E000F92212B7BF850C82850D832274F6120BC5
:10D7F000D474F8121260890812D4D73B12D847F9B2
:10D80000741F59F88909A3AE82AF83740168702927
:10D8100012D71450010F12ED09602574E0550970FC
:10D82000188E828F83A312BBD612E4268E828F833A
:10D83000E0F9122AB3A90880097AD37B00121FC726
:10D840007900740802C2E5F583E02401FEA3E03408
:10D85000008E82F583E022E088828983A322F5830B
:10D86000E50EF0A3E50FF02212DA1C8A0C8B0DAE48
:10D870000CAF0DEA4F2274F0120BD474FD1212603B
:10D880007401121504EAF0A3EB12D992E4F0041229
:10D89000150412D98912D4D83812DA35888212DDEB
:10D8A000B8740112150412D98912D97938F5831286
:10D8B000D509122393EA4B700302D9768A828B83AF
:10D8C000A3A3A3A3E0700302D976C3940340030289
:10D8D000D976EEC3940F5003EF600B852182852229
:10D8E000837401F0807512B7A312AE37EE702290E8
:10D8F00036C378081213DD12D97F7808121473909A
:10D9000036C378081213DD12E211780812147380FE
:10D910003BF5087509007402780812137E74C3255C
:10D9200008F582743612C92E780C1213DD908350DC
:10D930007808121491780C7908120A6D12D97F7840
:10D940000C12147312E211780C121473EA241BF5F2
:10D9500082E43BF5837401F0121F97901BBAE0FC40
:10D96000852182852283E0F9740112150412EF8A61
:10D9700012D509122AA102D6572415F582E422EA0B
:10D980002417F582E43BF5832212D98D2212F0CBC5
:10D99000C82212D99622F08521828522832274F032
:10D9A000120BD474F51212608A0E8B0F89098C0841
:10D9B000750C017401121504740312DA0E60421220
:10D9C000CA19740C12EFB888828983A3A3E50812E0
:10D9D000CE727403121240AA0EAB0F122315E96027
:10D9E0000FEE241612DA0812123012C9E612CA37E4
:10D9F0008E828F83A3A3E50EF0A3E50F12DA25F53F
:10DA00000CA90C740B02D65912CA0374032212DA41
:10DA10001C8A0A8B0BAE0AAF0BEA4F22F0AA21AB8D
:10DA200022122A1D22F0EE241312CA03EEFAEFFB93
:10DA30001223F9E922F583E02401F8A3E03400225F
:10DA400074F6120BD474DA121260EAFEEBFF8A82CB
:10DA5000F58312DAAB12CC02604C8A828B8312D52A
:10DA600009AC21AD22128FA9740912150412DCEA47
:10DA70007003A3E069602F8E828F8312BF78120F2C
:10DA8000AB7508FE7509FF78081211D0741C1215C9
:10DA900004E0F9740D12150412B681740F12150406
:10DAA00012D51C1211AD742602C2E512DAAF22E0C3
:10DAB000F8A3E0C8241FF582E4382274F7120BD4CF
:10DAC000E9FD7A007B007C00800B12DB64E02AFA1F
:10DAD000A3E03BFB0C90380E12E5DF5030EC75F004
:10DAE0001CA4F8AEF0EEF974AA28F5827407128827
:10DAF000FEF460E074B628F58274073912CC026037
:10DB0000D3ED60C612DB64E4F0A3F080C77C008034
:10DB10000B12DB51E02AFAA3E03BFB0C12E5DC50D0
:10DB20002DEC75F017A4F8AEF0EEF912EB7F700350
:10DB3000A3E0F460E6740728F582740A3912CC0277
:10DB400060D9ED60CC12DB51E4F0A3F080CD02B0DF
:10DB5000E3EC75F017A4F8EEF9740728F582740A5F
:10DB600039F58322EC75F01CA4F8EEF974B628F5AB
:10DB700082740739F5832274F0120BD4E9FE8A0807
:10DB80008B09901950E0C39E50341229ED901982F0
:10DB900012EFB69018EAE0F50CE4F50DF50EF50F6E
:10DBA0009083107808121491780C7908120A6D7815
:10DBB0000C1211C87A007B02128B191211AD02D619
:10DBC0005C74F6120BD4EAFEEBFF90196E8013889A
:10DBD000828983E06E7003A3E06F603C8882898352
:10DBE000A3A312CC0470E87A047B00121B8F8A086E
:10DBF0008B09A808A909EA49601E8A828B83EEF086
:10DC0000A3EFF090196E12D50988828983A3A3121D
:10DC1000D65190196E12CA3702C2E874F4120BD4AE
:10DC20007E0090196E80070E88828983A3A312CC90
:10DC30000470F4EE25E0FAE433FB12DCCC7003024E
:10DC4000DCC67C0090196E802A88828983E0F50A00
:10DC5000A3E0F50BEC25E0FAE433FBE5082AF582B6
:10DC6000E5093BF583E50AF0A3E50BF00C88828912
:10DC700083A3A312CC0470D190194C12DCEA700378
:10DC8000A3E069780870191211D0EEF50A780A122B
:10DC900011D47C187D19790090194C12DCD6801AA9
:10DCA0001211D0EEF50A780A1211D47C187D197978
:10DCB0000090194C12D509122A8374031211ADAACF
:10DCC00008AB09121B9512241102A856121B8F8A49
:10DCD000088B09EA4B2212AFC7122A8F228E828F3D
:10DCE00083A3A3A3A3A3A3A3A3A312B7BF9018F7CF
:10DCF000E06822C082C08380128A828B83A3A31231
:10DD0000CBED90196E12CA37121B9590196E12AF97
:10DD1000BE70E602C0E274F5120BD490190412E151
:10DD20005A90198212CBED90190412CA377A827B6D
:10DD300019795012223D90198212DDBA750A0080BD
:10DD40000F12E69E7003A3E06F600312E4EB050A76
:10DD500012DDAC5020E50A75F017A4F8A9F012E521
:10DD60004265087004A3E0650970D612E54BEEF039
:10DD7000A3EFF080D990198212DDBA90178212CCED
:10DD80000460267A067B00121AF9EA4B601B8A822D
:10DD90008B8374D5F0A3A3E412AE3DA30412DDC0BF
:10DDA00090178212BF781230E502B3729037F8E410
:10DDB00093F8E50AC398223BF583E0FEA3E0FF2237
:10DDC00012B1B7EEF0A3EFF022C082C0839018F733
:10DDD000E064FE7003A3E0F4600E9018F1E0A2E1AD
:10DDE0005006122B37122ADD02C0E274F0120BD457
:10DDF000901945E0604CF50CE4F50DF50EF50F902B
:10DE000083FC7808121491780C7908120A6D121AA2
:10DE1000F38A088B09A808A9099037F6E49358F506
:10DE200008A3E49359F509E4F50AF50B780C790891
:10DE300012136B780C1211C87A007B0112DE4912A2
:10DE400011AD02D65C7A007B40901951E0F9121CAA
:10DE50005574042274F0120BD474FE1212607E000A
:10DE60007F008E0E8E0F1223B1750A008026AA0A3B
:10DE70007B001223AB8B09A909EA4960158A828BC2
:10DE800083A3A3A3A3E0600464047006129A9360C2
:10DE9000010F050A90380E12DDAF40D2122B0D1281
:10DEA000D64B750800801BAA087B00122B198B0B20
:10DEB000A90BEA49600AEA12E83B129AA160010E36
:10DEC000050812E05A40E0EF2EFE700302DFB1F5C4
:10DED000087509007402780812137EAA08AB0912AB
:10DEE000F36D700302DFAF750B00EEF508750900E6
:10DEF0007402780812137EAC08AD0979FF121AE794
:10DF0000750A008052AA0A7B001223AB8A0C8B0D83
:10DF1000EA4B60418A828B83A3A3A3A3E0600464DD
:10DF2000047032129A93F9602C050B850E08850F48
:10DF30000978081211D0EEFD850C82850D83A3A30C
:10DF4000A3A3A3A3A3A3A3E0FC850C82850D831246
:10DF5000E0511211AD050A90380E12DDAF5006E502
:10DF60000BC39F40A075080012E05A5044AA087BDA
:10DF700000122B198A0A8B0BEA4B602FEA12E0423F
:10DF8000350BF583129AA1F96021850E0C850F0DD2
:10DF9000780C1211D0EEFDE50A240E12E048FC8543
:10DFA0000A82850B8312E0511211AD050880B97EFB
:10DFB000007F629018EFE0600BF912282BE9F874EB
:10DFC00054C398FF75F003EF84F50894204003755F
:10DFD000081F850E0A850F0B750C00EF6005750C88
:10DFE000207F00E508C39E500585080980088E093A
:10DFF000E50CD2E6F50CAC0AAD0BAA0CA909122A65
:10E00000E9E9F50DE50CA2E6401D15097800800B45
:10E01000E50A2404F50A5002050B08E8C3950940F7
:10E02000EFE509CEC39EFEE97006E50CA2E650A816
:10E03000E50E450F6007AA0EAB0F121B95A90D0246
:10E04000D7B9240FF582E422F582E4350BF583E09D
:10E050002212AFC7122AE37402228521828522830D
:10E0600012B7BFC3E50898E4992274F2120BD4E901
:10E07000FE750A00750B00740E12150412E15A7F2A
:10E0800000801185080A85090BE5082404F508506D
:10E090000205090FEFC39D400302E13F8508828519
:10E0A0000983E0F47003A3E0F46076E50A450B60B1
:10E0B0000E850A82850B83C3E09AA3E09B50C4853A
:10E0C000088285098312ECD0EB9950B7A808A909FA
:10E0D00088828983E0F47003A3E0F4600DE82404EF
:10E0E000F85001090FEFC39D40E6880A890BE82428
:10E0F000FCF8E934FFF98882F583128C74850A8272
:10E10000850B83E50CF0A3E50D12E14212E1481204
:10E11000E142A312E148A3F0C3E50898E50999405C
:10E12000C985088285098312D651EC850882850944
:10E1300083A3A3F0EE850882850983A3A3A3F0023D
:10E14000A94FF08882898322A3A3E0850A82850BE8
:10E1500083A3A322F582E43FF583E0F508A3E0F56D
:10E16000092274F3120BD474FD12126089088A0913
:10E17000ECFEEDFF750C0175F003E9A42402C0E08C
:10E180007401121504D0E012E220607112D3A712BC
:10E19000CA1D7408F0741F55084509A3F0E824024D
:10E1A000F85001097C0080378E828F8312A92D12CE
:10E1B000E21B12D85712B69EC454F05470FD8E82E2
:10E1C0008F83A3A3A3E054074D88828983A3A3F080
:10E1D000E82403F8500109EE2404FE50010F0CEC72
:10E1E000C3950840C38A828B83A3A374FCF0A374F5
:10E1F000FFF012E2117401F012E20CF50CA90C749C
:10E20000031211AD7F05020EDCFAEFFB1223F9E9D0
:10E2100022EA2413F582E43BF5832212B6A9A32255
:10E2200012DA1CEA4B2274F1120BD48A0A8B0B759A
:10E2300008007AFE7BFF7CFE7DFFE50A12D4D8350C
:10E240000B12D525FE741F5EF509E82402F50CE4D7
:10E2500039F50DEEA2E74074E50A241712E048F8FC
:10E2600075F003E509A42402687061E509600B8577
:10E270000C82850D83E0FA12E4267F008029850C4C
:10E2800082850D83A3A3E05407F50EE50C2403F566
:10E290000C5002050DE8FC9018F7E0687003A3E04D
:10E2A000697003850E080FEFC395095029850C820C
:10E2B000850D8312F0CBFCE4CCFDE82CE43DF98520
:10E2C0000C82850D83A3A3E0548860B27AD37B00CF
:10E2D000121FC702E407E508700BEEF9122AF5E9F0
:10E2E000700302E407E50A12A844350B12A8488A15
:10E2F0000C8B0DAE0CAF0DEA4F605A8A828B83A354
:10E30000A3A3A3A3A3A3E4F090381293F88A828B6B
:10E3100083A3A3A3A3A3A3A3A3E0C398402412E4CD
:10E320001B5001097A027B00120972E88E828F83EA
:10E33000A3A3A3A3A3A3A3A3F0E508C39407500238
:10E3400005088E828F83A3A3A3A3A3A3A3A3A3E5FE
:10E3500008F002E4077CFF7DFF12E40A12D50912DF
:10E360002B018A0C8B0DAE0CAF0DEA4F704512EAF3
:10E37000ED700302E4077C177D007900121AE712A2
:10E38000E40A12CBF112891A8E828F83A3A3A3A36E
:10E39000A3A3A3A312B6AF12B66574AA12EB1050D2
:10E3A00001097A027B0012097212D7BEE812E4401A
:10E3B0007401F0903812E493F81288F1C398401970
:10E3C00012E41B5001097A027B0012097212EB0958
:10E3D000E508C394075002050812EAFBE50812E4B9
:10E3E00045E4F0129FB5122309E9701B850A828566
:10E3F0000B83A3A3A3A3A3A3A3A3E0600AE50A122C
:10E40000D979350B12E43602D4CAE50A12E415357F
:10E410000BF58322EA240BF582E422903812E49370
:10E4200079002401F82212E42A22A3E0F8E4C8F9D2
:10E43000EA28E439FB22129AC0129FB6121C8522E8
:10E44000F012EAFF22F012E44A22EE12E4523FF503
:10E450008322240CF582E42274F7120BD4E9FE74B3
:10E46000FE6A700374FF6B603574605E6460602EDA
:10E47000E9A2E5401CA2E69018F7500DC3E09AA36C
:10E48000E09B501A790002B0E3C3E09AA3E09B40FE
:10E49000F39018F712CBEDC3EC98ED9940E67901B3
:10E4A00080E474F7120BD47E008005EE12E4E40ED3
:10E4B00012E53840F67E00EE12E4CF74FEF0A304BD
:10E4C00012E142E4F00EEEC3940340EB02B0E375B8
:10E4D000F003A4F8A9F0747028F8741939F9888247
:10E4E000F583A32275F017A4F8A9F012E52F122BDB
:10E4F0001F2274F7120BD47E0080010E12E53850F3
:10E5000027EE12EA43E06A7003A3E06B70ED12E5B8
:10E51000426C7003A3E06D600A74FF6C700374FFBB
:10E520006D70D812E52F80047A007B0002B0E3748E
:10E53000F228FA740939FB229037F8E493F8EEC315
:10E54000982212E5462212E54BE02274FC28F5825F
:10E55000740939F5832274F6120BD47CFF7DFF7A9F
:10E56000FE7BFF122B01EA4B70407508008036E5F8
:10E570000875F017A4F8A9F0740128F582740A123E
:10E5800088FE600C740028F582740A1288FE7013ED
:10E5900074F228FE740939FF8E82F58312E84EEE7C
:10E5A000FAEFFB050812E5AD40C502C2E89037F866
:10E5B000E493F8E508C39822C082C0837A007B0008
:10E5C0007C00801012EB777003A3E0F460050AEA88
:10E5D00070010B0C12E5DC40EB02C0E29037F8E46E
:10E5E00093F8ECC3982274F4120BD48A088B09ECCC
:10E5F000FEEDFF800B122B1FEEFCEFFDAA08AB090E
:10E60000122B01EA4B70EE02A85674F7120BD47D60
:10E61000007C0080020D0C12E5DC501C12EB7770C0
:10E6200003A3E0F460F0EDF8EA684B70E8EC75F0F5
:10E6300017A4F812E52F80047A007B0002B0E3747F
:10E64000F7120BD4EAFEEBFFEA4F600E12E65D74A0
:10E65000FEF0A30412E66BF0A3F002B0E37C177D9A
:10E66000007900121AE78E828F832212A4F3A3226C
:10E6700074F7120BD4EAFEEBFF7508008018E5086A
:10E6800075F017A4F8A9F012E69E7003A3E06F607E
:10E690000312E4EB050812E5AD40E302B0E312E536
:10E6A000466E2274F4120BD48A088B09ECFEEDFF3F
:10E6B000901904E06E7003A3E06F700A12E6E9603F
:10E6C00005EA24088016EEFCEFFDAA08AB09122B20
:10E6D000018B09A909EA496009EA240DFAE439FB2A
:10E6E00080047A007B0002A85612238D8B0BA90BA5
:10E6F000EA492274F4120BD4EAFEEBFF8C0A8D0B6C
:10E70000750800750900802BE50975F017A4F8A9B4
:10E71000F012EB5E601BE50912EB6B7003A3E06F78
:10E72000700375080AAC0AAD0B12EA59600343087E
:10E73000A005099037F8E493F8E509C3985004E57B
:10E740000860C502C07674F4120BD474F81212601B
:10E75000750800806BAA087B001223AB8A0A8B0B1A
:10E76000AE0AAF0BEA4F60568A828B83A3A3A3A3A2
:10E77000E0640160498A828B83A3A3A3A3E06402BF
:10E78000603CEA2407F582E43F12E85550308A8263
:10E790008B83A3A3A3A3A3A3A3A3A3A3E412B1CC9A
:10E7A00012CA2812E84EAC21AD228E828F8312D578
:10E7B00009122315AA21AB2212239F121F970508C5
:10E7C00090380E12E5B0408D7E00804DEE75F0174A
:10E7D000A4F8AAF0EAF912EB7F7003A3E0F4603822
:10E7E00074F228F8740939F9E812E4523912E8553C
:10E7F0005026EE75F017A4F8EAF974F228F87409B7
:10E8000039F9E812E83BE4F0E8240EF582E439F542
:10E8100083E412E8641225FD0E12E53840AE7A005A
:10E82000EA75F003A4F8A9F012E842600214F00AB5
:10E83000EAC3940340EA740802A85312E04239F58F
:10E840008322747028F582741939F583E02212AF9F
:10E85000C71225FD22F583E0F8740128F0901946CF
:10E86000E0C3982212E14212AFC72274F0120BD417
:10E870008A0E8B0F8C0A8D0B750C00780079017E47
:10E88000FE7FFF741012150412E15A8011121AF360
:10E89000E50CF5F0EA84E5F0F8750C0079007C00F1
:10E8A000800B74F22AF582740912DDB70C9037F8E8
:10E8B000E493FAECC39A506AEC75F017A4FAADF041
:10E8C000EDFB12CE0864FE7003A3E0F460DE12CE0E
:10E8D00008650E7004A3E0650F60D112CE08650ACA
:10E8E0007004A3E0650B60C412CE0865087004A331
:10E8F000E0650960B774002AF582740A12CE0F60D1
:10E90000ABC3940850A6E064076097E9050C709CBF
:10E91000E50CC3984096EDF974F22AF58274090269
:10E92000E9CF7C00800712EA0312DDB70C90380EA5
:10E93000E493FAECC39A400302E9D7EC75F01CA407
:10E94000FAADF0EDFB12EA0312CE0F64FE7003A3E2
:10E95000E0F460D812EA0312CE0F650E7004A3E053
:10E96000650F60C812EA0312CE0F650A7004A3E0B7
:10E97000650B60B812EA0312CE0F65087004A3E0BD
:10E98000650960A874AF2AF582740712CE0F609CE7
:10E99000C39408509774AA2AF582740712CE0F64A4
:10E9A000016089E06402608474AF2AF58274071202
:10E9B000CE0F6407700302E926E9050C600302E943
:10E9C0002CE50CC398500302E92CEDF912EA033947
:10E9D000F58312EF818022E50C6011E8700E74015E
:10E9E000650C600302E88D780102E89974FE6E7090
:10E9F0000374FF6F6006EEFAEFFB80047AFE7BFF84
:10EA000002D65C74A62AF58274072274F5120BD420
:10EA1000EAFEEBFF8C088D09750A008002050A12D8
:10EA2000DDAC501CAC08AD09E50A75F017A4F8A9D7
:10EA3000F012EA5960E7E50A12EA43EEF0A3EFF0BC
:10EA400002B37275F017A4F8A9F012EA4E2274F21C
:10EA500028F582740939F5832274F428FA74093987
:10EA6000FB121C7FE922E9F87907C3940D40047971
:10EA7000018019E8C3940740047903800FE8C39428
:10EA800003400479058005E87002790002117A7468
:10EA9000F0120BD48A0E8B0F8C0A8D0B890812EAA8
:10EAA000ED604712E65DE50EF0A3E50F12E66BE5BB
:10EAB0000AF0A3E50BF0E508600712B664E50880EC
:10EAC0000512B6647401F090194BE06401700612EF
:10EAD000EAFBE4800512EAFB740712EB105001090F
:10EAE0007A027B0012097212EB0902D65C122B0724
:10EAF0008A0C8B0DAE0CAF0DEA4F2212EAFF22EE0C
:10EB0000240EF582E43FF58322EE12D7C3E8F0220B
:10EB1000F0903812E49379002401F82274F7120B74
:10EB2000D4EAFEEBFF750800802CE50812EB6B7051
:10EB300003A3E06F601474FF6E700374FF6F7014B2
:10EB400012EB7F7003A3E0F4600A12EB5E7005E540
:10EB50000812E4E4050812E5AD40CF02B0E374F416
:10EB600028FA740939FB122309E92275F017A4F871
:10EB7000A9F012EB856E22EC75F017A4F8A9F0123B
:10EB8000EB8564FE2212EA4EE022C082C0837AFF47
:10EB90007BFF122B5502C0E2C082C083901984749F
:10EBA00067F0A3742BF0901986746DF0A3742BF0AA
:10EBB0009019887473F0A3742B02AA1474F7120BC3
:10EBC000D4EAF8EBF990188512EBFB702B88828B56
:10EBD00083A3A3A3A3A3A3A3A3A3120FAB901885FE
:10EBE00012EC091214ED88828983A3E0F91224B98A
:10EBF00074021211AD12241102B0E312EF85CA247F
:10EC000006F582E43AF583E02212EF85F5838A82E5
:10EC100022C082C08390194E12ECC7F090194E1298
:10EC2000CC0470057901122AAD02C0E274F6120B11
:10EC3000D474FC121260E9FE903801E493700574FC
:10EC4000E16E707EEA2408F8E43BF98882F58312CD
:10EC5000ECC712ECD7700E90194EE4F0A3F07901D6
:10EC6000122AAD805D901BD4E06057FA90194E12C5
:10EC7000ECD0E499504C7900122AAD8A088B09EA4D
:10EC800075F064A4F8AAF075F064EBA42AF9901961
:10EC90004E12D50912097AE8941AE994004023909B
:10ECA000177A12CC04601B90194E12CA2C740212EF
:10ECB000150412EFB6AA21AB2290177A12BF781270
:10ECC00030E5740402C2E5E02401F0A3E034002240
:10ECD00012B7BFC3EA982212F0C2F9E84922C082F3
:10ECE000C08374F81212609082A9AC21AD2274081E
:10ECF0001210F6AC21AD2212ED11640170047900FE
:10ED000080027901740802B79DAC21AD227A187B8C
:10ED100019121C7FE92274F6120BD4EAFEEBFF7481
:10ED20000C12150412D509743A6A7001EB6006746E
:10ED30003B6A4B701F740A121504120FAB8C088DBE
:10ED40000978081211D0EEFCEFFD121C19740412A0
:10ED500011AD8002790A02C2E8C082C08390198A8C
:10ED600074B7F0A37423F090198C74BDF0A37423CE
:10ED7000F0901BBAE0A2E0503290198E7491F0A38B
:10ED8000742BF09019907497F0A3742BF090199253
:10ED9000749DF0A3742BF090199474A3F0A3742BBA
:10EDA000F0901996748BF0A3742BF090198E12CCFE
:10EDB00004600612C4BA1230E502C0E274F4120B09
:10EDC000D474E61212608A088B0974041215047454
:10EDD00002F004121238122A1D8A0A8B0BAE0AAFF7
:10EDE0000BEA4F700302EF4712A8433F12EF717412
:10EDF00004F0A37460F0EA12AC8212CE708E828F9F
:10EE00008312EFB4EE241412B66C70129018E3E083
:10EE1000C0E012B65AD0E0F09018E3E004F012EF30
:10EE2000687016901BADE0600D9018EEE0700A8ED1
:10EE3000828F83E0700312CA0DAC21AD22EEFAEF8F
:10EE4000FB1229758A088B09EA4B700302EF407A9E
:10EE5000217B00121B8F740612150412D651740602
:10EE600012150412CC04700302EF397C217D007965
:10EE7000007406121504E0FA121AE774011212382F
:10EE80007950122237740112150412CBED74061258
:10EE9000150412EF8112EF5312CA379018F712CBF4
:10EEA000ED741712150412CA37740612150412EF06
:10EEB0008A7402F0740612150412AD8F740212EFF8
:10EEC000AA740612150412EC0912CA377406121538
:10EED0000412EF9412D1A1C0E0740612150412D9E5
:10EEE0008912B7AB38F583D0E0F0EE240E12EF5D57
:10EEF000F583E0C0E0740612150412D98912EF4CB4
:10EF0000D0E0F0740612150412DAABF58312EFB6F6
:10EF1000EE240F12CBE7740C12150412EF9CE0C024
:10EF2000E0740E121504D0E0F074061212381228A4
:10EF3000E5740612150412ACC1AA08AB09121B95A0
:10EF4000EEFAEFFB121B95741A02A85312E4523822
:10EF5000F58322CA2409F582E43AF58322F8E43FD6
:10EF6000F9E8FAE9FB888222EE2411129AE26401A0
:10EF700022F58312F0CB8882F583228521828522B7
:10EF80008312EF8522E0FAA3E02212D98D12E41554
:10EF900038F5832212AF837401F0A322E8F0A3E9CD
:10EFA00012EFA422F08A828B832212B6A2F8A3E089
:10EFB000F922A3A3A3A3E508F0A3E509F02274F6C0
:10EFC000120BD47E0080167C047D0079FFEEF508DC
:10EFD0008D097402780812137E12F2700E900DA340
:10EFE00012E53B40E202C2E874F4120BD474F7124B
:10EFF00012607508008048E508F50A750B00740278
:10F00000780A12137E12F0A9129A50E024FFF0A39E
:10F01000E034FF12F0BEF97A0A7B0012097AEA4B5B
:10F02000701B740812150412F0D012137E748F2511
:10F030000AF582740D350B12F0B412F1E205089056
:10F040000DA312E5B0505FE508F50A750B007402D8
:10F05000780A12137E748F250AF582740D12E04B24
:10F06000F47003A3E0F460D5E508F50A750B0074AD
:10F0700002780A12137E12F1BE12CC02600302EF74
:10F08000F7740812150412F0D012137E12F0A98E34
:10F090008212F0B412F2867C047D0079FFEEFAEF62
:10F0A000FB121AE7809702A851748F250AFE740D8F
:10F0B000350BFF22F583129A81E8F0A3E92212F0C2
:10F0C000C222F08882898312F0CB22E0F8A3E022EA
:10F0D0007402F0E508F50A750B007402780A2274D0
:10F0E000F0120BD474F71212608A0E8B0F7EFF742D
:10F0F00008121504740212D992EAF0A3EB12F1E29D
:10F10000E9641A700302F1BA7900741912150478CF
:10F1100008121491800874FF6E7002E9FE09900DC8
:10F12000A3E493F8E9C3985058E9F50C750D007401
:10F1300002780C12137E748F250CF582740D12F177
:10F14000D0E0F47003A3E0F460CCE9F50C750D0099
:10F150007402780C12137E748F250CF582740D12D4
:10F16000F1D0E0650E7004A3E0650F70B0E9F50A18
:10F17000750B007402780A12137E12F1BEF58380BB
:10F180002CE49369702A74FF6E602CEEF50C750DFB
:10F19000007402780C12137E748F250CF8740D35F0
:10F1A0000DF9888212D85E88828983A3A312EFB6F4
:10F1B0007901740902D65912F1D4790080F474915E
:10F1C000250AF582740D350B22E50C2412F582E434
:10F1D00012BF672290190412B685AA21AB2212220F
:10F1E0006D2212F28D1222672274F6120BD474F77C
:10F1F000121260EAFEEBFF7A0080010A900DA3E490
:10F2000093F8EAC3985064EAF50875090074027827
:10F210000812137E748F2508F582740D12C92EE032
:10F22000F47003A3E0F460D3EAF5087509007402F2
:10F23000780812137E748F2508F582740D12C92E7A
:10F24000E06E7003A3E06F70B27C047D0079FFEA8A
:10F25000F5088D097402780812137E12F270740892
:10F26000121504740212F27E12F286740902C2E5CB
:10F27000748F2508FA740D3509FB121AE72212D98A
:10F2800096EEF0A3EF2212F28D12226D22F0901969
:10F290000412B689AA21AB222274F0120BD474FE98
:10F2A00012126012D64B8C0A8D0B750800852182D4
:10F2B000852283E06C7003A3E06D60178521828551
:10F2C0002283E0FA121C0D8A0C8B0DAE0CAF0DEAF6
:10F2D0004F700675080102F368AA0AAB0B121C0DE9
:10F2E0008A0C8B0DAC0CAD0DEA4D6007AA0AAB0B76
:10F2F000121C1FE4F50CF50D780C1211D0EEFCEF8A
:10F30000FDAA0AAB0B121C0774021211ADE960587A
:10F31000EEFAEFFB12F36D604C780E1211D08E0CEA
:10F320008F0D780C1211D07C007D0074041215042E
:10F3300012D509121C1974041211ADE9701B780E54
:10F340001211D0780C1211D07C007D00AA0AAB0BF0
:10F3500012C5ED1211ADE96003750801AA0EAB0FDD
:10F36000121B958003750810A90802D7B9121B8FCC
:10F370008A0E8B0FEA4B2274F2120BD4EAFEEBFFDB
:10F380008C0A8D0B7A0B7B00121B8F8A088B09EA83
:10F390004509607490050112F41712FC8E90050166
:10F3A000EAF0A3EBF0EA2402F8E43509F9880C89C5
:10F3B0000D8882F583EEF0A3EF12F4B2A3E50AF014
:10F3C00012F520A3743212F411740112F411A3F097
:10F3D000740E12150412F417A3A3A3A3A3A3A3A34B
:10F3E000A312FC8E90050112FE5490050512FC8EAE
:10F3F000850C82850D8312FCB5122F3F850C82850A
:10F400000D8312FCEDA3E9F0AA08AB097F06020EFA
:10F41000DC12F527A3A32212FE588A828B83227462
:10F42000F6120BD4EAFEEBFF8E828F83E0F91230E6
:10F43000A18B09EA4509600479028027E4F508F503
:10F440000978081211D07C007D00EEFAEFFB123033
:10F45000C574021211AD8B09EA4509700479108058
:10F4600002790002FD987F01020EDC74F2120BD4C7
:10F4700089088A098B0A12309B8A0C8B0DAE0CAF5F
:10F480000DEE4F602A7A047B00121AF9EA4B601FD6
:10F490008A828B8374FDF0A3E50A12F4B7E50812A3
:10F4A000F4B2E509F08E828F8312F532121B050249
:10F4B000F40C12F4B7A322F08A828B83A3A32274E4
:10F4C000F0120BD48A0BECFEEDFF8B0C12309B8AF2
:10F4D000088B09EA450960437A077B00121AF9EAAA
:10F4E0004B60388A828B8374FEF07411121504E02D
:10F4F0008A828B83A312F4B7E50CF0741012150402
:10F50000E08A828B83A3A3A312F4B212F520EEF05B
:10F51000A3EF12F95212F532121B057F08020EDC1E
:10F52000A3E50B12F52722F08A828B83A3A3A3A362
:10F53000A322A3A3E0F8A3E0F5838882E0F9227474
:10F54000E0120BD474FE121260852182852283ECB6
:10F55000F0A3EDF08A128B13891C900501E0F50AE7
:10F56000A3E0F50B7EFEEA2402F516E43513F51749
:10F57000EA2404F51EE43513F51F8A828B83E054D8
:10F580000C640C702179FE12FCAF122681E9FE7426
:10F59000FE6E700302F74B12309B8A088B09EA4516
:10F5A00009705D02F74B851682851783E0F974FFB9
:10F5B000697040E50A450B700302F74B850A8285A6
:10F5C0000B83A3A3E0F508A3E0F509742212150448
:10F5D000E0F510A3E0F5117426121504E0F5197496
:10F5E00027121504780C121491742B121504E0F5EF
:10F5F00018802D12309B8A088B09A909EA4960CB33
:10F60000850882850983E0F91230A18A0A8B0B8074
:10F61000BA850A82850B83A3A3E0F508A3E0F50968
:10F62000E5084509700302F74B800D8A828B83E061
:10F63000F91230A18A0A8B0B7514FE7515FF850A25
:10F6400082850B83A3A3A3A312FCBBEC4D85088288
:10F65000850983601A12FC941230E5EA4B601D8A1A
:10F66000828B83E0F514A3E0F515121B95800D1233
:10F67000FCA36008A3E0F514A3E0F51585128285CC
:10F680001383A3A3A3A312FE50850882850983E0F8
:10F69000FAE514687003E515696013EA7006E84935
:10F6A000705C800A74FF68700374FF69705085167F
:10F6B00082851783E0FFEAF0E518F514781412113B
:10F6C000D4780C1211C8E519F51478141211D474F9
:10F6D0002A121504120FAB78101211D0740A1215E9
:10F6E00004120FABA91CAC08AD09AA12AB1312305F
:10F6F000AD740C1211ADEF851682851783F085125B
:10F7000082851383E0540C640C7020EEF912FCAF78
:10F71000122681E9FE74FE6E603112309B8A088BDE
:10F7200009EA4509600302F62B80208516828517B9
:10F7300083E0F47016850A82850B83E0F50AA3E066
:10F74000F50BE50A450B600302F61174021211ADC8
:10F750007F18020EDC74EC120BD48A088B098C0C17
:10F760008D0D8910EA240EF582E43509F583E0F564
:10F770000EA3E0F50FEA2410F50AE43509F50B8530
:10F780000A82F583E02427FA7B00121AF98A128B89
:10F7900013AE12AF13EE4F700302F9438E828F83C4
:10F7A000741A12F95212F95F12F94812F95FA3A301
:10F7B00012FC8E741412150412FCBBEE2406FAE43B
:10F7C0003FFB12307D850882850983A3A3A3E0C097
:10F7D000E0EE240FF582E43FF583D0E012FC7AC01E
:10F7E000E0EE2414F582E43FF583D0E0F0E5082450
:10F7F0000CF582E43509F583E0C0E0EE2415F582CE
:10F80000E43FF583D0E0F0741812150412FDC2E055
:10F81000C0E0EE2416F582E43FF583D0E0F0888264
:10F820008983A3E0C0E0EE2417F582E43FF583D09E
:10F83000E0F088828983A3A3E0C0E0EE2418F5827B
:10F84000E43FF583D0E0F0741A121504E0C0E0EE56
:10F850002419F582E43FF583D0E0F0741B121504FF
:10F860001214C9EE241AF582E43FF5831214D5EE82
:10F87000241EF582E43FF583E510F0E5082415F534
:10F8800082E43509F58312F95A2424F582E43FF520
:10F890008312F948A3A3A3A3A3A3A3A312F95A24F1
:10F8A0001212FC88741612150412F95A241012FC54
:10F8B00088EE241FF582E43FF583E4F0EE2420F87F
:10F8C000E43FF9E8FCE9FD850A82850B83E08C8240
:10F8D0008D83F0A3E4F0741F121504E0C0E0EE2461
:10F8E00026F582E43FF583D0E0F0EE2422F8E43FF1
:10F8F000F98C828D8312FCB5EA4B602FEE2427FA37
:10F90000E43FFB88828983EAF0A3EBF0850E08854B
:10F910000F09750A0078081211CC8C828D8312FCB5
:10F92000BB121ADB74031211AD800888828983E44C
:10F93000F0A3F0EEFAEFFB850C82850D8312F53211
:10F94000121B057F0C020EDCE8F0A3E912F952A3AA
:10F95000A322F08508828509832212FE58EE22A395
:10F96000A3A3A312FE588E828F83A3A32274F01246
:10F970000BD474DF121260EAFEEBFF8C088D09894C
:10F980000AEC4509700302FA37EE2408F8E43FF95F
:10F99000880C890D8882F583E0C0E074021215049A
:10F9A000D0E0F0E50AA2E3503388828983E0640264
:10F9B000600302FA3712299F8A0E8B0F8E828F8383
:10F9C00012FCB5E50E6A7003E50F6B600F7C0379DE
:10F9D000011225E5E9600579CD02FC72850C82856E
:10F9E0000D83E0F87402686005740F68703C8E82C5
:10F9F0008F8312FCB5122A35E9850C82850D836050
:10FA000022740FF0E0C0E0740B121504D0E012FC79
:10FA10007A64037027EEFCEFFD7403121238121C97
:10FA2000858028E0640F70DC800D74036860D574F5
:10FA3000016860D0E860CD790202FC728E828F830B
:10FA400012FE54740312150412FC8EE50AA2E1742E
:10FA500012500912150474FFF0A3806C121504E40F
:10FA6000F0A3F090050112FC9D604688828983A373
:10FA7000A312FCB5E5086A7003E5096B88828983E7
:10FA800070E412FE50E8FCE9FDEC4D60248508822C
:10FA900085098312FC941230E5EA4B602C8A828B34
:10FAA0008312FE54741212150412FC8E121B9580E0
:10FAB0001885088285098312FCA3600D12FE537419
:10FAC00012121504E8F0A3E9F07418121504E4F01A
:10FAD000A3F0E50AA2E4501C740B121504E0F874BC
:10FAE0000F686010740168600B74181215047404B8
:10FAF000F0A3E4F0E50AA2E750097418121504E037
:10FB00004410F0E50AA2E650127418121504E044FD
:10FB100001F07401121504740180067401121504B9
:10FB2000E4F0E50AA2E250097418121504E044401A
:10FB3000F0852182852283E4F0E50AA2E55009746C
:10FB40001B1215047404800D901ABBE0C0E0741BF6
:10FB5000121504D0E0F0743712150412FE54880C0C
:10FB6000890D8882F583E0C0E0741A121504D0E094
:10FB700012FC83C0E0740C121504D0E0F08E828F6A
:10FB800083A3A3A3A3A3A3A3A3A3E0C0E0740D1224
:10FB90001504D0E0F0743112150412FE54741012E2
:10FBA000150412FC8E7433121504E0FEA3E0FF74FA
:10FBB00014121504EEF0A3EFF0743512150412FEC2
:10FBC00054741612150412FC8E7439121504E0C018
:10FBD000E0741C121504D0E012FC83F91230A18AE3
:10FBE000828B83E58245836012A3A3A3A3A312FCA7
:10FBF000A3600874031212381230E5AA21AB221256
:10FC0000308FE9C39EE49F50199018B012FC9D609C
:10FC10000D740312123812FCF01230E5800C7E02D3
:10FC2000800A74031212381226BDE9FE740B1215F5
:10FC300004E06402702E12299F8A0E8B0FA80EA971
:10FC40000F7403121504E0687003A3E0697015EEE9
:10FC5000FB850C82850D83E0FA850882850983E0A7
:10FC6000F91230BFEE7009850C82850D83E004F037
:10FC7000EEF974211211AD02F51BF0850C82850D91
:10FC800083E02212F952E022F582E43FF583E8F0A6
:10FC9000A3E9F022E0FA79028C828D832212FE58C9
:10FCA000E84922A3A3A3A312FDC6E58245832285CA
:10FCB0001E82851F83E0FAA3E0FB22E0FCA3E0FDA7
:10FCC00022C082C08390050180048A828B8312FC4B
:10FCD000B5EA4B600B8A828B8312FCEBE06970EA19
:10FCE000D083D08202117A8C828D83A3A3E0F8A303
:10FCF000E0F58388822274F6120BD41230A18A8236
:10FD00008B83E58245836007A3A312FCB580047A48
:10FD1000007B0002FD9874F4120BD4EAFEEBFF891D
:10FD2000081230A18A0A8B0BAC0AAD0B7900EC4D9E
:10FD300060388C828D83A3A3A3A312FDB8E582450E
:10FD4000836013AA08091230E58E828F83EAF0A33C
:10FD5000EBF07901801C12FCE7A3A3A3A312FCB56E
:10FD60008E828F83EAF0A3EB80078E828F83E4F08C
:10FD7000A3F002FE5E74F7120BD48A828B83E064D8
:10FD80000170047E0880027E00A3AA82AB83122643
:10FD9000C3E9C39EF902F4667F02020EDCC082C092
:10FDA0008390050112FDC2790080040912FDB8E5B7
:10FDB00082458370F602FCE0E0FAA3E0FB8A828BC6
:10FDC000832212FDC622E0F8A3E0F988828983220B
:10FDD000C082C083900501801A12FCE7E0F8E96058
:10FDE00003E8600BE88A828B83F0A3AA82AB838C42
:10FDF000828D8312FCBBEC4D70DF02FCE074F712C5
:10FE00000BD4EAFEEBFFEC2408F8E43DF988828984
:10FE100083E08E828F83A3A3A3A3A3A3A3A3F088CD
:10FE2000828983E064037005121C85800E8C828DAC
:10FE30008312FE548E828F8312FC8E8E828F83A358
:10FE4000A3A3A3A3A3A3A3A3A3E4F0A3F002F46634
:10FE5000A3A3A3A312FE5822E0F8A3E0F9227F0493
:10FE6000020EDCC082C0837A207B001222F7122BA4
:10FE700061901BBEE064017003122B85D083D08299
:10FE800002117A74F6120BD4121AF3EA9018E3F006
:10FE90009018F47402F09018E77414F090190B7431
:10FEA0000FF0A3F0901BB4E09018EAF0901BB3E0C1
:10FEB0009018E4F0901BB2E09018E5F09018EBE495
:10FEC000F0A3F09018EE04F090194BF09018EF7436
:10FED00005F0A37401F090176DE09018F1F0901BFD
:10FEE000ACE09018F2F0A3E4F0901BB0E09018F5AD
:10FEF000F0901BB1E09018F612FF8EA3E412FF8E73
:10FF00007C087D0079007AFC7B18121AE7901904AE
:10FF100074FEF0A304F07C5B7D187A187B19121C28
:10FF200085901920E4F0901945740FF0A37403F044
:10FF3000901864E0901949F0901863E0901948F027
:10FF4000901BB6E090194AF0901947E4F075084C00
:10FF500075091978081211D075080275090078081A
:10FF60001211D07C007D007A897B00121C19740468
:10FF70001211ADE9600790194CE4F0A3F07900127A
:10FF800029ED90194EE4F0A3F07F02020EDCF0A3FD
:10FF900074FEF0A304F02202117A74F6120BD4E975
:10FFA000FEEAF8EBF9EE241F600424F07013EC5421
:10FFB00030600E121AF3EA540779002402F8500157
:10FFC00009E8FAE9FB80C274F4120BD48A088B09A1
:10FFD0008C0A8D0B9083EC7808121155500C750823
:10FFE00096750951750A18750B0090832C780812C4
:0FFFF0001358901AD678081214737F04020EDC8F
:020000040001F9
:10000000C082C083790012BBA63BF583C082C08347
:1000100090188012BE5FD083D082C3E09CA3E09D85
:10002000500D12CD14FAA3E012811860027901027A
:100030009E5874F7120BD4890812AEA312839CAC9D
:10004000F075F00BE9A42CF9901882E028FEA3E0EB
:1000500039FF7401650860067402650870228A829F
:100060008B8312857D74026508701DEA2403FA50A3
:10007000010B122309E970108E828F83E4F080084F
:10008000EA1286593B1280928E828F8312810D0272
:10009000AB09FDEE2403FAE43FFB1223032274F4C0
:1000A000120BD48A088B09EA1284578A828B83E068
:1000B000604D7E007F00804212811570381284EC02
:1000C000F50AA3E039F50B850882850983E0850AE6
:1000D00082850B83129C25128514F01286573509F0
:1000E00012810212230312844E850A82850B831229
:1000F000810D1285090EEE70010F12844240B90283
:10010000B1ECFDE50A2403FAE4350BFB22E0D2E76B
:10011000F0121F6722EEFAEFFBEA75F00BA4FAA8C3
:10012000F075F00BEBA428FB901882E02AF8A3E00E
:100130003B8882F583E0540F2274F5120BD48A08B1
:100140008B09750A01740B12150412850EEC4D60B3
:1001500018EC12BBA73DF58312AACB1281CE790110
:100160001222E5EE4F6064801FEE4F603A128586E2
:100170001281CEEE2403FAE43F1285757019AA08A5
:10018000AB091222EBE9F50A8E828F8312D6C97968
:1001900002EEFAEFFB800B128569702F7903AA0833
:1001A000AB091222E580248A828B83A3E064FE706F
:1001B00003A3E0F47006EA12856B700CAA08AB0981
:1001C0001222EBE9F50A8003750A00028CD3EA12C9
:1001D000BBAB3509129AEE2274F7120BD49018803B
:1001E00012A402EA4B602CEA75F00BA4FAA8F07591
:1001F000F00BEBA428FBEAFEEBFF121B8F9018829A
:1002000012A402F9EA496012EEFCEFFD7900121A1D
:10021000E78007901882E4F0A3F002AB09C082C027
:100220008390188212ADDF601390188212C2D390AF
:100230001880E4F0A3F0901882F0A3F0029E58C05A
:1002400082C083EC4D6005121C8580097C087D000E
:100250007900121AE7029E58C082C0837900EA4BE7
:1002600060197800E8FCEA2CF582E412BF146004FF
:100270007901780808E8C3940840E9029E58C082D2
:10028000C0837901EC6A7002ED6B6011EA4B600B80
:10029000EC4D6007121C7FE9F980027900029E583C
:1002A00074F7120BD474F3121260ECFEEDFF85218B
:1002B00082852283E4F00412150412A402AA21AB61
:1002C0002212232D7403121504AC82AD83EEFAEFD3
:1002D000FB122303EEFAEFFB12230902AB0474F7BF
:1002E000120BD474F3121260ECFEEDFF85218285AF
:1002F0002283E4F0EAFCEBFD740312150412864835
:10030000740112150412AACB8E828F8312AA8E74E6
:10031000FE68700374FF696004790180027900024D
:10032000AB0474F7120BD4EAFEEBFF12837D70115D
:10033000128387F4FA88828983E05A4480F0121F7E
:1003400067029A5D74F7120BD4EAFEEBFF750800A2
:100350008A82F583E0602312837D701E128387FA00
:1003600088828983E05A70128E828F83E04480FAFB
:1003700088828983E04AF0121F67029A5D1222DFA9
:10038000E9F5087401692212ABB8F812839C128453
:10039000FAF8A3E039F98E828F83E022A3E0F9E82E
:1003A00075F00BA4F82274F4120BD48A088B097C24
:1003B000007D00EA128437E508128457850882859B
:1003C0000983A3E064FE7003A3E0F460677E007F0E
:1003D00000805C1281156052EEFAEFFBEA75F00BBB
:1003E000A4FAA8F075F00BEBA428FB901882E02A81
:1003F000F50AA3E03BF50B85088285098312D12419
:10040000850A82850B83A3E06A7003A3E06B701AF0
:10041000E50A1284E5700DE50A128659350BFDE5F3
:100420000812843712844E1285090EEE70010F12E5
:100430008442409F02B1EC2403FAE43509FB122305
:10044000032290188012B77AC3EE9AEF9B2212848F
:1004500063EEF0A3EFF02212846574FEF0A304F0C3
:10046000790022E50812BBAF3509F5832274F21238
:100470000BD48A0A8B0B8A828B8312D6C9EA12B1FB
:100480008512D6CA750800EA1284E570537E007F93
:100490000080481284ECFAA3E0398A82F583E054A4
:1004A0000F60331284ECF50CA3E039F50DE50C1266
:1004B0008659350D128102121C7FE964017017857F
:1004C0000C82850D8312851412B182EEF0A3EFF039
:1004D00075080112850B0EEE70010F12875F40B395
:1004E000A908029E5012810512857622EEF8EFF9D6
:1004F0001284F422E875F00BA4F8AAF075F00BE969
:10050000A42AF9901882E028227901901880E0FE50
:10051000A3E0FF22A3128590850A82850B83A3E8BE
:10052000F0A3E92274F5120BD4EAFEEBFF8A82F500
:100530008312D6C97C007D00EA128094EEFAEFFBAC
:100540001222DFE9F50A740169701B128586128692
:10055000FA850882F58312857D12856970081286F6
:10056000573509128092028CD3E5082403FAE4354A
:100570000912857522FB122309E9640122A312BF27
:1005800005129AF022F0EE129AE912858E22F58376
:10059000E0F8A3E0F92274F2120BD474E6121260B0
:1005A000EAFEEBFF12BBA63FF58312D6CA7508011F
:1005B000750A00750B00750C00750D00852182858C
:1005C0002283E4F0EA1286593FFD740312150412E7
:1005D0008648E964017022740B12150412CA821253
:1005E0009AE0740112150412BEFF7003A3E0696063
:1005F00049A821A922880A890B740D1215041286B4
:100600005E12AACB740E12150412AA8E740D121269
:100610003812232DE964017009740D121230880C10
:10062000890D780C1211D0AC0AAD0BEEFAEFFB126B
:1006300022F174021211ADE9F508EEFAEFFB122374
:1006400027A908741A029E4DAA82AB83122303AA1B
:1006500021AB2212233322E5082403FCE422E41216
:1006600086632212A3F8A322C082C0837800790097
:10067000800508E870010990188012D125C3E89A16
:10068000E99B5029E8FAE9FBEA75F00BA4FAACF013
:1006900075F00BEBA42CFB901882E02AFCA3E03B46
:1006A0008C82F583E0540F70C979008002790102D1
:1006B0009E5874F6120BD47E007F008035EEF8EF62
:1006C000F91286FA78081211D075080B75090078AE
:1006D000081211D0EEFCEFFDEC75F00BA4FC75F0E8
:1006E0000BEDA42AFD7A231297CE1211AD0EEE70F7
:1006F000010F12875F40C6028BEA1284F4F508A34B
:10070000E039F5092274F6120BD47E007F00804791
:100710001284ECF8A3E0398882F583E0A2E7503236
:10072000C2E7F085820885830978081211D0750820
:100730000B75090078081211D0EEFCEFFDEC75F096
:100740000BA4FC75F00BEDA42AFD7A231293C212C0
:1007500011AD0EEE70010F12875F40B4028BEA906C
:100760001880128590C3EE98EF992274F6120BD47C
:10077000E4F508F50978081211D09018801293CA90
:1007800075F00BA4FCA8F075F00BEDA428FD7A23FE
:100790001291301211ADE9FE74096E700312235DDF
:1007A000EEF9028BEA74F6120BD474FF1212607E1B
:1007B000007F008038852182852283E412916712B0
:1007C00011D075080175090078081211D0EEFCEF00
:1007D000FDEC75F00BA4FCA8F075F00BEDA428FD62
:1007E0007A231293C21211AD0EEE70010F12875FC1
:1007F00040C37401028BE7C082C08390380EE4933B
:1008000075F01CA4FCADF079FF7AA67B07121AE7FD
:10081000029E5874F7120BD4E9FCEAFD7B007A00C3
:100820008010EA128E239C4008E0F8EDC398400146
:100830000B0A12C1C040EBEBFA7B0002AB0974F06B
:10084000120BD474F2121260E9852182852283F0A2
:100850008A088B098C0A8D0BEC4D6016AA0AAB0B2B
:100860001223938A0C8B0DAE0CAF0DEA4F6003027E
:10087000892B7A0080010A12C1C0500A128A2C709A
:10088000F512984880047E007F00EE4F70030289C5
:10089000E59037EC128A0E601F852182852283E065
:1008A00064036005E06404700F7A047903128A041B
:1008B0009037EC128A1850279037EA128A0E602679
:1008C000852182852283E064016005E06402701660
:1008D0007A027901128A049037EA128A1840077A5C
:1008E000007B000289F674011215047401F00412F1
:1008F0001504E508F0A3E509F0AC0AAD0B74041289
:100900001504AA82AB831223037401121238122336
:100910003F740C12150412A1398E828F83A3A3A3F6
:10092000A3A3A3E4F012CD03122B13780085218238
:10093000852283E06007C39405500278048E828F7D
:1009400083E508F0A3E50912C6F812B2FCE88E822E
:100950008F83A3A3A3A3A312C1CA5001097A027B68
:10096000001209721297FBA312BE3D129851852105
:1009700082852283E06067C394035062901BBBE0D2
:1009800070219036C378081213DD1297D6121473B3
:100990009036C378081213DDEE24131297D912147F
:1009A000738031F5087509007402780812137E12FD
:1009B0008FE51213DD9083507808121491780C792A
:1009C00008120A6D128A00780C12147312A11F7893
:1009D0000C1214731289F93FF58374018006128A90
:1009E000001297E2F01297B14005901C27E4F01234
:1009F00029E7EEFAEFFB02B9CFEE241BF582E422E1
:100A00001298272212236990380EE493FC22E49373
:100A1000F8740193F9E84922E493F8740193F9EC2E
:100A2000C398F8E499F9C3EA98EB9922EA128A325A
:100A3000F42275F01CA4F8A9F074AA28F5827407B2
:100A400039F583E02274F0120BD474EF12126012A5
:100A50008B75121504ECF0A3EDF07E0074021215F4
:100A60000412D125122393EA4B7003028B588A8219
:100A70008B8312A42DE0687003A3E0697003028BDE
:100A8000588A828B83A3A3A3A3E0C39405400302E7
:100A90008B58128B8312D2C1E060708A828B83A341
:100AA000A3A3A3E0C394035062901BBBE070229009
:100AB00036C378081213DD128B6D78081214739008
:100AC00036C378081213DD128B5F78081214738016
:100AD00030F5088E097402780812137E128FE51221
:100AE00013DD9083507808121491780C7908120A5B
:100AF0006D128B6D780C121473128B5F780C1214BC
:100B000073EA1289FA3BF583E4800DEA2417128B0D
:100B100091F0EA2413128B91F0EA240CF582E43B65
:100B2000F583E4F0A3F0A3F0A3F07404121504120B
:100B3000AAC2740512150412AA8E740212150412A8
:100B4000BE5F7407121504AA82AB831223037404D8
:100B500012123812233F7E01EEF9741102B9D1123C
:100B60008B663BF58322EA2413F582E422EA12B174
:100B70005D3BF58322852182852283EAF0A3EBF099
:100B80007402228521828522831285908A828B833A
:100B900022F582E43B1297EF2274F6120BD4128BEB
:100BA000DD60148A828B83A3A3A3A3E06009C394AE
:100BB000055004790180027900802F74F6120BD45D
:100BC000128BDD60148A828B83A3A3A3A3E0600948
:100BD000C394035004790180027900800D12238DA3
:100BE0008B09A909EA49221211AD7F02020EDC74B9
:100BF000F6120BD412238D8A828B83E582458360A3
:100C00000BA3A3A3A3E0700479018002790080DA2A
:100C1000C082C083EAFCEBFD7A007B00029E55C0D7
:100C200082C0837C007D00029E5574F5120BD47443
:100C3000F31212608A088B09ECFEEDFFC3EC94F806
:100C4000ED94FF4004EA4B6066750A00801774FF5C
:100C50006E700374FF6F600B12D8836E7003A3E095
:100C60006F6039050A90380EE493F8E50AC398508E
:100C70003EE50A128A2D60EBE508450960D0128C2A
:100C8000BA121504128ED760DA7403121504AC82FE
:100C9000AD83AA08AB09121C7FE960C7E50A75F0AD
:100CA0001CA4F8A9F074A628FA740739FB80047A0A
:100CB000007B00740D1211AD801B8521828522837B
:100CC0007401F074A828F582740739F583128590B1
:100CD000740B22A90A7F03020EDC74F4120BD47485
:100CE000F31212607508001223938A0A8B0BAF0B64
:100CF000EA4F6027852182852283740112A38B121B
:100D00008CCD12150412A5421223217C1C7D007982
:100D1000FFAA0AEFFB121AE77508017A047900129C
:100D200023698A0A90380EE493FAC3E50A9AEB9491
:100D3000005009901C277401F01229E7A908740DCE
:100D400002B1E974F4120BD4EAFEEBFF7508007AE5
:100D5000007B007C00800EEC128DDB6007C39403E7
:100D6000500205080C128DD140EDE508605625E0D3
:100D7000FAE433FB121B8FEA4B6049EAF8EBF97C8B
:100D80000090380EE493FDECC39D503BEC75F01CD5
:100D9000A4F50AE5F0F50B74AA250AF5827407128A
:100DA000B18EE0601CC39403501774A6250AF58227
:100DB0007407350B128DE68882898312C55950015C
:100DC000090C80BD7508008E828F83E508F002B1A2
:100DD000EC90380EE493F8ECC3982275F01CA4F85C
:100DE000A9F0128A3922F583E0F50AA3E0F50B2277
:100DF000C082C0837C008009EA24FF1AEB34FFFB29
:100E00000C128DD15016EC128E23940550F2EA4B41
:100E100070E674A628FA740739FB80047A007B0018
:100E2000029E58128A32C32274F7120BD474F31242
:100E300012607E00807FEF75F017A4F8A9F012D839
:100E40004E12AACBEE75F01CA4FAABF074A62AF5EC
:100E500082740712BF14687003A3E0696037EF75EE
:100E6000F017A4F8AAF0EA128EE3121504E06870F5
:100E700003A3E069601FEF75F017A4F8EAF974F4B2
:100E800028FC740939FD7403121504AA82AB83127D
:100E90001C7FE96013EF75F017A4F8A9F074F2282D
:100EA000FA740939FB122B1F0F9037F8E493F8EF0F
:100EB000C39840820E12D405501A12D87BF47003E6
:100EC000A3E0F460EF128CBA121504128ED760E41E
:100ED0007F0080D502AB04129AF0AA21AB22122324
:100EE00039E922F912D8463912858E74012274F03C
:100EF000120BD474F31212607E00803890832C7829
:100F000008121491EE75F01CA4F8A9F074B928F534
:100F100082740739F58378081212CB6016908354D7
:100F20007808121491EE75F01CA4F8128FF078086E
:100F30001213B70E12D4054003028FE0EE128DDBC0
:100F400060F1C3940350EC128FF01214C9E8494ABF
:100F50004B70A9901BBAE0A2E0505790199212ADC5
:100F6000DF604F901BBCE0700A9036C3780C121300
:100F7000DD8021F5087509007402780812137E12CD
:100F80008FE51213DD9083507808121491780C7954
:100F900008120A6D780C1211C8EE75F01CA4F8A99D
:100FA000F012D86639F5831290CA1230E574041233
:100FB00011ADEE75F01CA4F8A9F0128CC312150443
:100FC00012C6F4740112A546122339E97003028F88
:100FD000337403121504AA82AB8312239F028F334A
:100FE000740D02B9D112D35B7436128468780C2266
:100FF00074BD28F582740739F5832274F6120BD478
:1010000012238D8A088B09AC08AD09EA4D60318A3C
:10101000828B83A3A3A3A3E06022C39403501D1279
:101020008B663DF5831214C9EC12B1593DF583125C
:1010300014D5EC1289FA3DF5837401F07901800230
:101040007900028BEA74F0120BD4EAFEEBFF9019E0
:101050008C12ADDF606B90199212ADDF6063901956
:101060009612ADDF605B12D13C1230E5E970529010
:101070001BBCE0700A9036C3780C1213DD8021F59A
:10108000087509007402780812137E128FE5121396
:10109000DD9083507808121491780C7908120A6D4B
:1010A000780C1211C81290C41230E574041211ADFC
:1010B000E96401700C8E828F83A3A312D1291230B0
:1010C000E502B9D48E828F83A3A312B77A901992C6
:1010D00012D1332274F6120BD4E4F508F50978081E
:1010E0001211D090380EE493F508740378081213A7
:1010F0007EE5082402FCE43509FD12912E1211ADA3
:10110000E9FE740A6E6021E4F508F5097808121109
:10111000D090380EE49375F005A4FCADF07A3F1240
:1011200091301211ADEE60031223CF0287A07A2214
:101130007B00121C0774022274F6120BD474FE1288
:101140001260852182852283E4F0A3129167121137
:10115000D075080275090078081211D01293BC12DC
:1011600011AD7402028BE7F0A821A9228808890931
:1011700078082274F0120BD474DC12126074061218
:10118000150412A4028C0E8D0F7508007A22129598
:1011900029AE0AAF0B129527EE4F6015E50E6E7063
:1011A00003E50F6F600BEEFCEFFD7A227B00121C53
:1011B0001F743612150412850EE50A450B6015EEF4
:1011C000650A7003EF650B600BAC0AAD0B7A3F7BD1
:1011D00000121C1FE4F50AF50B780A1211D0AC0EB0
:1011E000AD0F12912E1211ADE9640A70030293B291
:1011F000780A1211D0EEFCEFFD7A3F1291301211F5
:10120000ADE9640A70030293B27404121230880AC2
:10121000890B780A1211D0750A02750B00780A1230
:1012200011D07C007D007A017B031297D01211ADA2
:10123000E960030293B2852182852283E4F0A3F062
:101240007E0002932F7408121230880A890B780AE4
:101250001211D0750A08750B00780A1211D0EEF53C
:101260000A7403780A12137E12992F7A017B0312F3
:1012700097D01211ADE960030293B2740A121504FB
:10128000E0F47003A3E0F4700302932E74081212CA
:1012900030880A890B780A1211D0750A08750B007C
:1012A000780A1211D07404121504128DE8740378B0
:1012B0000A12137E1299221211ADE960030293B251
:1012C0007402121230880A890B780A1211D0750A3A
:1012D00005750B00780A1211D0EE75F005A4FCAD6F
:1012E000F07A027B031297D01211ADE9703D7402BF
:1012F000121230880A890B780A1211D0750A057506
:101300000B00780A1211D074041215041293CA75D6
:10131000F005A4FCA8F075F005EDA428FD7A3F12B5
:1013200093C21211ADE960030293B21293CF0E85FE
:101330002182852283C082C08390380EE493F8D046
:1013400083D082C3E098A3E0940050218521828558
:101350002283C082C083740412150412AACBD083E6
:10136000D082C3E098A3E0995003029245A821A936
:1013700022880A890B780A1211D0750A02750B00AF
:10138000780A1211D01293BC1211ADE970247406C0
:1013900012150412BE5F7A017B03121C1FE9701242
:1013A000743412150412BE5F7A027B03121C1FE90B
:1013B0006003750801A908742402B9D17C007D007E
:1013C0007A227B00121C1374042212D5CFEC2285E2
:1013D0002182852283E02401F0A3E03400F022740E
:1013E000F1120BD474FA121260750E007404121507
:1013F00004E4F0A3F090380E93FAF5087509007430
:1014000003780812137EE5082402FEE43509FFEA9A
:1014100075F005A4FA7402121504EAF0A3E5F0F0E1
:101420007A227B00121C0D8A088B091295277404FE
:10143000121230880C890D780C1211D0750C0275BF
:101440000D00780C1211D01297C81211AD7A017BE1
:1014500003121C0D85218285228312A4027A027B4D
:1014600003121C0D8A0C8B0DA80CA90D85218285F9
:10147000228312AE55700AEE65087003EF6509709D
:101480002BE84970107402121504E0650A7004A379
:10149000E0650B7017EA4B7003029520E5084509DB
:1014A000604D740412150412AE5560437C017D0337
:1014B0007A227B00122BA9E9F8F50E70637C027D7D
:1014C000037A3F7B00122BA9E9F8F50E7052AC08A5
:1014D000AD097A227B00121C1FE9700EAC0AAD0B1D
:1014E0007A3F7B00121C1FE96016750E0180318562
:1014F000218285228312D4C1E8496004880A890BBD
:101500007402121504120FAB780A1211D0EEFCEF20
:10151000FDAA08AB091223D574041211ADE9F50E2A
:10152000A90E740602B3057A3F7B00121C0D8A0ACD
:101530008B0B2274F0120BD474CD12126074011252
:101540001504E4F0A3F01223DBE960030297A5740D
:10155000011212308808890978081211D075080222
:1015600075090078081211D01297C81211ADE96000
:10157000030297A590380EE493FA74011215041231
:10158000AACBC3EA98E49950030297A574031215F5
:1015900004E4F0A312C6F8803912983C74061215C0
:1015A0000478081214911297D6121473EE241312B1
:1015B00097D91214731289F93FF583E4F01297B1A9
:1015C0004005901C27E4F01229E7852182852283BB
:1015D000E004F090380EE493F8852182852283E0C0
:1015E000C39840030297A57403121504C082C083F8
:1015F000740112150412AACBD083D082C3E098A341
:10160000E09940030297A5741712123088088909DF
:1016100078081211D075080875090078081211D0E1
:101620007404121504E0F5087403780812137EE5BB
:10163000082402FCE43509FD1297CC1211ADE970C3
:10164000897419121504E0F47003A3E0F470030226
:1016500095CA74031215041293D5740A12150474F2
:1016600001F0741912150412AACB74151215041284
:10167000AA8E740A121238122339E970030295CA2D
:1016800012BE5C741712150412D125122B1385217A
:101690008285228312983C741712123088088909B7
:1016A000750A0078081211CC7C087D00EEFAEFFB79
:1016B000121ADB74031211AD12C1CF5001097A0264
:1016C0007B001209721297FB1298517405121230A6
:1016D0008808890978081211D075080575090078FD
:1016E000081211D07404121504E075F005A4FCADC5
:1016F000F07A3F1297CE1211ADE960030295BD90CA
:101700008354780812149174061215047808121282
:10171000CB8521828522836003029599129835AA90
:10172000F0EAF9128DE26074C39403506F901BBB12
:10173000E0701B1298489036C378081213DD129798
:10174000D61214739036C378081213DD8035F5086D
:101750007509007402780812137E12D35B74361276
:10176000AFBF78081213DD908350780C1214917873
:1017700008790C120A6D12982FEAF912982078084D
:10178000121473EE24131297D912147312982FA9FE
:10179000F074C128F5827407390295B912982012A5
:1017A00097E20295BC7401121504E0F9743302B992
:1017B000D17A0479001223698A0890380EE493FAEA
:1017C000C3E5089AEB9400227C007D007A227B001E
:1017D000121C19740422EE2417F582E43FF5837875
:1017E00008221297F1F0EE128B673F1297EF22F565
:1017F0008374FEF0A304F0A3F0A322E88E828F830B
:10180000A3A3A3A3A3A3A3A312AAAC740112AAAC7B
:10181000A374AAF0EE2410F582E43FF583E4F022ED
:1018200012984812982722EE12B15D3FF583228567
:101830002182852283E075F01CA4F822E075F01C5B
:10184000A4F8A9F01298482274A628FE740739FF5C
:1018500022A3F0129AE8F583E4F0EE240CF582E47A
:101860003FF583E4F0A3F0A3F0A3F02274F2120B8F
:10187000D474FE121260852182852283E4F0A3F0E5
:101880007508008072E50875F01CA4F8A9F074A62C
:1018900028F50C740739F50DAE08780C1211D075C7
:1018A0000A08750B00780A1211D08E0A7403780AA0
:1018B00012137E1299221211ADE50C2412F50AE4DE
:1018C000350DF50B780A1211D0750A05750B0078E5
:1018D0000A1211D0EE75F005A4FCADF07A3F129318
:1018E000C21211AD850C82850D83A3A3A3A3E0F4DE
:1018F00060031293CF050890380E12BE124086A8DE
:1019000021A9228808890978081211D07508027562
:10191000090078081211D01293BC1211AD740202A2
:101920009E4D12992F7A227B00121C13740422E51B
:101930000A2402FCE4350BFD2274F2120BD474F37A
:10194000121260EAFEEBFF7A027901122369EA8E35
:10195000828F83F06062F5087509007403780812BD
:10196000137EAA08AB0912ACFB6053AE08AF097531
:101970000A0090380EE493F8E50AC3985040E50A4F
:1019800075F01CA4F8A9F012D8756005E064027027
:1019900023128CBA121504128ED760187403121514
:1019A00004AC82AD83EEFAEFFB121C858A0C8B0D22
:1019B000AE0CAF0D050A80BA750800750900AA08BB
:1019C000AB09740D029E4DC082C083901890747D47
:1019D000F0A37424F01299DB029E5890188C74972F
:1019E000F0A37428F090188E7491F0A37428F0225C
:1019F00074F7120BD4EAFEEBFF901906E06408605E
:101A00001DE0640460188A828B83E05403640170D3
:101A100042EA12ABB4F812B756E0640670358A8217
:101A20008B83A3A3E064FE7003A3E0F460258A82A5
:101A30008B83A3A312C5707003A3E0697008EA2426
:101A40001512BE3160051229638003122969E9F578
:101A50000880037508C2EEFAEFFB121B95A9080275
:101A6000AB0974F4120BD48A088B0912CA7EFAE807
:101A70002AFAE43400FB121B8F8A0A8B0BAE0AAFE2
:101A80000BEA4F6054850882850983E0FC7D00796C
:101A900000121AE78E828F83A312D6C912299F8E55
:101AA000828F8312A3FE850882850983E0F8EE28E1
:101AB000F8E43F129AE0850882850983A3E0C0E03C
:101AC00012C1B6D0E0F01229B112C1ACE912CB8438
:101AD000E0C0E012A115D0E0F0EEFAEFFB02B1ECAD
:101AE000F9129AE8129AEE22EE12BBAF3F22F5836A
:101AF000E8F0A3E9F02274F4120BD474E812126037
:101B00008A088B098C0A8D0BE9FE901906E06404A3
:101B10006005E06408700479C28036A37808121466
:101B200073E990190D129C378521828522837808EC
:101B30001214737405121504EEF074041215047473
:101B400001F07407121504E4F09019067402129C57
:101B50002E02B1E774F4120BD474E8121260EAFE9C
:101B6000EBFF90188512ADDF6003029C207A077BA3
:101B700000121B8F90188512A402F9EA4970030223
:101B80009C1C8E828F831214C990188512D2FA126F
:101B900014D5EE2404F50AE43FF50B850A82F5839B
:101BA000E0C0E090188512AC48A3A3A3A3D0E0F056
:101BB000EE2405F508E43FF509850882F583E0C0C9
:101BC000E090188512B764D0E012AA92C0E0901895
:101BD0008512CA82C82406F582E438F583D0E01263
:101BE0009C378E828F831214C985218285228312AD
:101BF00014D5850A82850B83E0C0E07405121504B4
:101C0000D0E0129C25E0C0E07404121504D0E0F08E
:101C10007407121504129C2DE9F9800679108002D0
:101C2000790102B1E7F085088285098322E4F0AAF0
:101C300021AB2212224F22F07C187D007900AA21CC
:101C4000AB22121AE722C082C08390188512ADDF42
:101C5000600D90188512C2D3901885E4F0A3F0129D
:101C600028C7122AC5029E5874F0120BD474E812C9
:101C700012608A0A8B0B8C088D09890C7E007F000C
:101C8000742F121504E06026743012150412AACBCA
:101C9000800B121AF38A0E8B0FA80EA90FC3E894BB
:101CA000F8E994FF50ECE84960E8E8FEE9FF742C9D
:101CB000121504E0FC742D121504E0FD740F6C7015
:101CC00005740F6D6012901BB5E064026005ECC3F3
:101CD0009D500579C1029DBF74281215041214C9C4
:101CE0009019071214D5E50C90190DF0EC90190B12
:101CF000F0EDA3F0742E121504E090190EF074FFAD
:101D0000650A700474FF650B7024901BCFE0F470BB
:101D100003A3E0F4700C121AF3901904EAF0A3EB99
:101D20008015901BCF12CFA1E8F0A3E9800990198C
:101D300004E50AF0A3E50BF0E50845096017AA08D9
:101D4000AB09122B79E96401700BAC08AD097A1864
:101D50007B19121C857A187B19122B79E970097A84
:101D6000187B1979E21222379018F7EEF0A3EFF002
:101D70009018FAE4F0A3F0901917F0901BB5E06406
:101D800002700890190B740FF0A3F09019067405F7
:101D9000129C377404121504E4F09019071214C948
:101DA0008521828522831214D590190DE0C0E0743C
:101DB00005121504D0E0F07407121504129C2D745E
:101DC0001802B9D174F7120BD4E990188BF07A800D
:101DD0007B00129F53122429790002AB09C082C0F4
:101DE0008390188BE0700312203F122429029E5822
:101DF00074F0120BD490188BE09018847008E4F003
:101E0000F9121F31803B7401F090188BE0F9121F1A
:101E10003190188BE0F46029E0F50CE4F50DF50E37
:101E2000F50FF09083FC7808121491780C79081261
:101E30000A6D780C1211C87A807B00129F60121113
:101E4000AD7A847B18794112223D02B9D41211ADCA
:101E50007F06020EDC122399D083D08202117A749D
:101E6000F0120BD474E3121260740112150412A460
:101E700002A3ECF0A3EDF0E9FF7E00750C018E0DDE
:101E80008E0E8E0F9019067401F07C187D0079007B
:101E90007405121238121AE774011215041214C9CB
:101EA00074051215041214D5740A121504EFF07497
:101EB000091215047403F0740C121504E4F0740193
:101EC000121504850C08850D09850E0A850F0B78FF
:101ED000081213A4E5084509450A450B60010E7474
:101EE00001780C12113612CF7370D3AA21AB22796C
:101EF0005A122237852182852283E0F508E4F5090C
:101F0000F50AF50B8E0CF50DF50EF50F7808790C2A
:101F1000120A6D9083C8780C1214917808790C120B
:101F20000A6D9083FC780C1214917808790C120BCE
:101F30006512A140129F4F78081211C8129F5C12BF
:101F400011AD740512123812224F741D02B9D17AE4
:101F5000007B04901951E0F9121C5B227A007B048B
:101F6000901951E0F9121C4F74042274F7120BD42B
:101F70007C0112244102AB0974F7120BD47C00805F
:101F8000F174F2120BD474FD121260EAFEEBFF89B9
:101F90000C8C0D12BE5C1228B58A088B09EA4B70B6
:101FA0000579CA02A1108A828B83A3A3A3A3A3A34A
:101FB000A3E064FE7003A3E0F4700579C302A110EE
:101FC00012299F8A0A8B0BA80AA90B85088285090A
:101FD00083A3A3A3A3A3A3A3E0687003A3E06970F2
:101FE0000579C202A11090190412AACB8508828536
:101FF0000983E0687003A3E06960098508828509A8
:102000008312A27890190412D125122B25850882FB
:10201000850983A3A3A3A3A3A3A3A3A3A3E00490DD
:10202000191712A2617401121504740212B163AE81
:102030000AAF0BEA4F700302A107EA128587888274
:10204000F5837406F09018F1E088828983A3F0127A
:10205000B1583F12A127EE241AF582E43FF583120E
:10206000A40212A11F740112AAB77440F0A3E412D3
:10207000A13012A13912A115E50DF0EEFAEFFB1215
:1020800023F9E9FE600302A109901906740912A15F
:102090003012A26E9018F9E0650C6003E50CF07A3E
:1020A000FA7B18794B12223D7A047B19795012225F
:1020B0003D7AF97B1879E112223D7AF77B18795342
:1020C00012223D12A140901B9F12D1251229C990C6
:1020D0001B9B12D1251229C312D4BEE4F50AF50BBD
:1020E00078081211C87A0112CFBF1211AD129F4F9A
:1020F00012D4BE7402780812113678081211C81270
:102100009F5C1211AD80027E10901742E4F0EEF950
:102110007403029E4DEE2411F582E43FF58322EE16
:10212000128B673FF58322F5837401F012299922FF
:1021300012CB88A3A3A3A3A32212C1E0129AF02278
:10214000901B9D128590901887129AF0901B9B12FD
:102150008590901889129AF02274F6120BD474E5C7
:1021600012126012A2518908901906E064046005F9
:10217000E06408700579C202A24C7426121504E0CE
:1021800064FE7003A3E0F4700579C302A24C7C19CD
:102190007D0079007402121238121AE79019067441
:1021A0000312A546795012223D7426121238794B3B
:1021B00012223D85218285228312A278E50890189B
:1021C000F9F0742612150412A26E7425121504E09B
:1021D000F5099018F112A26174CE55094480C0E04F
:1021E000741A121504D0E0F07428121504E004905B
:1021F0001917F074171215047402F07426121504DE
:1022000012AACB740F121504E8F0A3E912AAC47441
:102210001812150412AA8E740D121504E508F07434
:102220000A121504E4F090190C740FF07A0C7B1963
:10223000795412223D90190B740FF07A0B7B1979A7
:102240004712223D7402121238122243741B028B71
:10225000E7852182852283ECF0A3EDF0EAFEEBFF17
:1022600022F0EEFCEFFD7A187B19121C85221285F4
:10227000909018FA129AF02212CFA5129AF02274B6
:10228000F7120BD4EB90190EF01228A302AB0974CD
:10229000F7120BD474E9121260EAFEEBFF75080026
:1022A0008A82F583A3A3A3E0C0E07406121504D0CC
:1022B000E012A38BE0C0E07408121504D0E0F090A7
:1022C0001BB9E0C0E07409121504D0E012C2BC12C0
:1022D000ADDF600D8A828B8312D125122309E9704C
:1022E0001C7407121504E412A12B740412150412B5
:1022F0008B7B12150474FDF0A374FF8039AC21AD03
:10230000228E828F8312D12512231B8E828F83A36C
:10231000A3A3A3E0702E740712150412AAC27402BC
:1023200012150412AA8E8E828F8312AACB74041205
:102330001504E8F0A3E9F07402121238122A05E934
:10234000F508804012AAC5740A12150412AA8E74E8
:1023500014121504740112AA86E0C0E07415121557
:1023600004D0E0F07416121504E412A3F812BE5F54
:10237000740C121504AA82AB83121C85740A121203
:1023800038121F49A908741702AB0612C2BCA3A3D6
:102390002274F7120BD474F8121260EAFEEBFF7984
:1023A00000901906E064086005E06404704585212A
:1023B0008285228374FDF0A374FF12A12B74021294
:1023C000150412A402740512150412865EE0C0E022
:1023D0007404121504D0E012A3F8E0C0E0740612F1
:1023E0001504D0E0F07407121504E412A546122A71
:1023F00005E9F9740802AB06F08E828F8322A3A34D
:10240000A3A3EAF0A3EBF02274F7120BD479011224
:102410002F4BE9FE1223631222FD12294B1228C70B
:10242000901951E0F9122843EEF902AB0912859098
:102430008521828522832274F2120BD4ECFEEDFFFB
:102440007C00750800E92479602C24FC607624F374
:10245000601324FC601514603E14600302A51D90F7
:10246000190602A5349018F402A534122B0DEA8E39
:10247000828F8302A5397508C1122B198B0DA90D06
:10248000EA49700302A53A8A088B09750A007808A0
:102490001211CC7C1780737862790B7A00801788D0
:1024A000828983E064FE7003A3E0F460010CE824F9
:1024B00007F85001090A903800E493FBEAC39B40F7
:1024C000DEEC80717508C17862790B7D0080090CA3
:1024D000E82407F85001090D903800E493F509ED60
:1024E000C39509505588828983E064FE7003A3E098
:1024F000F460DDECF50CEA650C4B70D388088909B3
:10250000750A0078081211CC7C077D00EEFAEFFB0B
:10251000121ADB74031211AD750800801D747F2937
:10252000C3945840057508C98010746229F582E487
:102530003418F583E08E828D83F00284E074070204
:10254000B1E9E8F0A3E9F0AA21AB222274F5120B5D
:10255000D48A088B098A828B8312850EEE4F700312
:1025600002A6F29018AA12ADDF60158A828B83A3AF
:10257000A3E0F9EEFAEFFB9018AB12B7571230E573
:102580008E828F83A3A3A3A3A3A3A3A3A3E0640228
:10259000600302A6608E828F83A3A3A3A3A3A3E0FC
:1025A0005402700302A684850882850983A3A3E0F0
:1025B00064E9700302A684850882850983A3A3E0E9
:1025C00064CD700302A684850882850983A3A3E0F5
:1025D00064F0700302A684EE240D12AA806024EE3B
:1025E000241312BE31601C8E828F83A3A3A3A3A3E6
:1025F000A3A3A3A3A312A706701D7A307B01121F09
:10260000C78014901BBFE0048E828F83A3A3A3A373
:10261000A3A3A3A3A3A3F0850882850983A3A3E0B2
:10262000701F750A0080097A367B01121FC7050AE0
:10263000850882850983A3A3A3E0F8E50AC398402F
:10264000E6EE240A12BE3114F0C0E012A11FD0E061
:1026500012AAA87404F0901BC012C1DAE812A6F501
:102660008E828F83A3A3A3A3A3A3A3A3A3E0640247
:1026700060128E828F83A3A3A3A3A3A3A3A3A3E02B
:102680006406706E8E828F83A3A3A3A3A3A3E0A28C
:10269000E0505F850882850983A3A3E0F9EEFAEF95
:1026A000FB1227AD8E828F83A3A3A3A3A3A3E05421
:1026B000FE12A706850882850983A3A3702AE0700D
:1026C000237A2F7B01121FC77E008508828509832C
:1026D000A3A3A3E0F8EEC39850187A367B01121F2B
:1026E000C70E80E67A318005E070077A2D7B0112F3
:1026F0001FC7028CD5F0A3E9F07A207B0090195116
:10270000E0F9121B3B2212A3F812D13312B77A124E
:10271000A71322122A35E92274F0120BD474BB12CB
:10272000126012A251750E00750F00740212124051
:102730001226A5740F121504E07008741212150405
:10274000E060167402121504E0A2E650118E828F2A
:102750008312D11C12A71360057A3502A871740286
:10276000121504E0540C64047004D2008002C2000C
:10277000E0A2E55036750F01A200402F12AACF70DB
:1027800003A3E069700512AA7D706B12AACF7003D3
:10279000A3E069601612AA7D701112AADF740212FA
:1027A0001240122771E9600302A86F12AA7D702AF5
:1027B0007402121504E0A2E650207403121504E01E
:1027C000540370167402121504E0540C640C600A71
:1027D000E0540C64086003750E017402121504E0E5
:1027E0005403F87402687022740212124012AADFB5
:1027F0001226B702AA708E828F8312D11C12858690
:10280000741712150412AA8E80937401687045E53E
:102810000EA2E0500D12AA7D70087402121240122E
:10282000AAE67402121230741C121504E8F0A3E92F
:102830001285857419121504E8F0A3E912AA92C052
:10284000E0741B121504D0E0F0741912123812262D
:102850002D02AA70E8600302AA709018EEE06401ED
:1028600070178E828F83A3A3A3A3A3A3E0700A7A19
:10287000347B01121FC702AA70744412150474023B
:10288000128585743C12150412AA97E054807003D7
:1028900002A9937426121504740212AAA812AACBD4
:1028A000741E12150412AA8E7405121504E0C0E0FD
:1028B0007427121504D0E0F07404121504E0C0E08F
:1028C0007428121504D0E0F090190412AACB7429D0
:1028D00012150412AA8E740812150412AACB742BB6
:1028E00012150412AA8E740A12150412AACB742DA2
:1028F00012150412AA8E7412121504E0F8742F1225
:102900001504E8F0A3E4F0741012150412AACB74B5
:102910003112150412AA9712AACB7433121504129D
:10292000AAB3E0C0E07435121504D0E012AA86A361
:10293000E0C0E07436121504D0E0F012BE2EC0E004
:102940007437121504D0E0F07413121504E0C0E0DF
:102950007438121504D0E0F07415121504E0C0E0CC
:102960007439121504D0E0F0EE242312BE31C0E019
:10297000743A121504D0E0F0EE242512BE31C0E006
:10298000743B121504D0E0F0741E1212381226BDEA
:1029900002AA7074551215047808121491A200400E
:1029A0000302AA24EE240F12BE31C0E074141215E3
:1029B00004D0E0F09018AC12ADDF700302AA7012E0
:1029C000C6DC743C121504E0687003A3E069600380
:1029D00002AA70EE242312AA751211D412AA9E1212
:1029E0000FAB78081211C8E50FF50878081211D45A
:1029F0008E828F83A3A3A3A3E0F50878081211D4D5
:102A00007409121504120FABA90E740D1212407442
:102A1000471212389018AC12AC481230E5740B1201
:102A200011AD804CE50EA2E0500874021212401263
:102A3000AAE6EE241112AA751211D478081211C850
:102A4000E50FF50878081211D47406121504120F58
:102A5000AB901904120FABEE241212BE31F974467A
:102A6000121240740C1212381227B9740A1211ADE6
:102A7000744502B9D112ABBBF50C780C22EE2421BF
:102A800012ABBB548022128663A3A322A3A3129A83
:102A9000F02212BE41E022129AF012AA9E22EE24E7
:102AA00021F582E43FF5832212AAAC2212BE45A38F
:102AB000A3A322E8F0A3E9F0EE240FF582E43FF5AA
:102AC00083227401F085218285228312859022124F
:102AD000299F8A088B09A808A90912ABB868221295
:102AE0009AE812B77822129AE812B7781226AB2227
:102AF00074F7120BD4121F13800F74F7120BD41239
:102B00001F198005740D1211AD7F01020EDC74F7E0
:102B1000120BD4121F2580F1C082C083121F1F0226
:102B20009E5874F7120BD4121F2B80DD74F7120B12
:102B3000D47409121504E0F50878081211D4121F94
:102B40003D740180C1C082C083121F49029E587427
:102B5000F6120BD4EAFEEBFF9018F1E0A2E1504A26
:102B60008A828B83A3A3A3A3A3A3A3A3A3A3E064A9
:102B70000160371229A58A088B09A808A9098E8245
:102B80008F83E0687003A3E069601FEE12ABB4644A
:102B90000160178E828F8312D125122381E9600A8A
:102BA0008E828F8312D12512295DEEFAEFFB121F60
:102BB0004F028BEA12ABB922EE240BF582E43FF50B
:102BC00083E02274F7120BD4121F5502AB0974F77D
:102BD000120BD4EAFEEBFF74016970147900122520
:102BE000979037FCE493FC7900EEFAEFFB12250D89
:102BF00002AB0974F7120BD4121F4302AB0974F431
:102C0000120BD474F9121260E9FE8A088B098C0A3F
:102C10008D0B90177E12ADDF602BEE852182852211
:102C200083F07401121504780812147374131215CA
:102C30000412AACB740512150412A54290177E1235
:102C4000AC481230E502A53D12D13322C082C083C8
:102C5000121F9D029E5874F7120BD4121F6102AB13
:102C60000974F7120BD4901C29E0F97800800B123C
:102C7000AEEE540D64017001190812AF075003E95C
:102C800070ED02AB0974F7120BD4901C2AE0F978AE
:102C900000800B12AEEE548D64817001190812AFE2
:102CA000075003E970ED02AB0974F2120BD4890AE4
:102CB000E975F007A4A9F0240FFEE439FFEE2AFA23
:102CC000E43FFB12ACFB602CEEFCEFFD7900121A26
:102CD000E7E50812BBA712AFBFE50AF0E5082EF83A
:102CE000E5093FF9850882850983A3A3A3A3A3A3CC
:102CF000A312AA8CAA08AB09029E50121B8F8A0845
:102D00008B09EA4B2274F6120BD48A088B09122421
:102D1000E3E9F8901C28E0F9E8C39940099018927B
:102D200012D1251224E9E5082402FEE43509FF90BA
:102D3000189412C6D6F0901894E004F0AA08AB09D3
:102D40001224EF8E828F83E00287A1C082C0837934
:102D500000901892800109E0FAA3E08A82F583E5E9
:102D600082458370F1029E5874F7120BD4EAFEEB91
:102D7000FFEA4F605A90189212ADDF605288828944
:102D8000837A007B00EE65827003EF65836013AA8F
:102D900082AB8312CA828882F583E5824583602FE5
:102DA00080E3901892E0F8EE687002EF698E828FEF
:102DB00083700812AACB9018928003128B8912AAF2
:102DC0008EEEFAEFFB12265DEEFAEFFB121B950278
:102DD000AB09EE75F006A4F8AAF012C308F5831249
:102DE0008590E84922C082C083901892800488822E
:102DF000898312ADDF600A888289831293CA4D707D
:102E0000ED8A828B83E4F0A3F0E84960068882892A
:102E100083800390189212A402029E5874F7120B3A
:102E2000D4E9FD90189280048A828B8312AE55609B
:102E30001D7C0080010C12AEA3ECC39850EAEC7527
:102E4000F007A4F8A9F012AE9A6D70E980047A0038
:102E50007B0002AB0912B77AEA4B2274F7120BD44B
:102E6000E9FE7D0080010D12AEA3EDC3985024ED64
:102E700075F007A4F8AFF0EFF912AE9A6E70E7EDB7
:102E800075F007A4F812AF194CF0E8240FFAE439F2
:102E9000FB80047A007B0002AB0912AF11241312ED
:102EA000AF222212CD18F82274F6120BD4E9FEEAF2
:102EB000FF1224F58A088B09A808A909EA49602BA2
:102EC0007C00801AEC75F007A4FAABF0E82AFAE966
:102ED0003BFB128B6612BF146E7002EFF00CE8120F
:102EE000BBA712CF8BFAECC39A40D9028BEAE875E4
:102EF000F007A4FCADF0EA2CFCEB3DFDEC2414F54E
:102F000082E43DF583E02212CD18FCE8C39C22EF59
:102F1000F9EA28F8EB39F9E82212AF0F241412AFBE
:102F20002222F582E439F583E02274F6120BD412E2
:102F300026037A00801AEA75F006A4F8A9F012C2F6
:102F4000C212BE51A3E412C3E0F0A312BE56F00AAF
:102F500090381312C1C340DE7A00801CEAF5087570
:102F600009007403780812137E12BE1A74FEF0A3CF
:102F70000412CA0DA3E4F00A9037FE12C1C340DC6C
:102F80007900801BE9F508750900740378081213AD
:102F90007E741A12D35D740D12AFBF12D6CA099097
:102FA000380612C78540DD903809E493901896F0F2
:102FB0009083FC120FA712CFBD028BE7F582E412BB
:102FC00084682274F1120BD474F5121260EAFEEBDD
:102FD000FF89088C09E9A2E050117EFC7FFFA2E185
:102FE0005005D2E402B067D2E3807C12B45470037F
:102FF000A3E069600EAC087902EEFAEFFB1225E55A
:10300000E97005790002B145E508F50A780A121160
:10301000D4790212B14A1211ADE9600302B143E55D
:1030200008C2E5F508A2E640407403121240EEFA29
:10303000EFFB122315E9702B12BE5CEEFAEFFB12C8
:103040002B018A0A8B0BEA4B601FEA2402FAE43553
:103050000BFB122309E9601112992F740312123825
:10306000121C85E508D2E5F508901895E0F50E905C
:1030700018F7128DE8780A1211D07D017C009018A3
:1030800095E0F9AA0AAB0B1225A374021211ADE95F
:10309000F8901895E004F0E9600302B143E508A256
:1030A000E55004740E80027406C0E0740112150429
:1030B000D0E012B163EA4B700302B13F12B1583550
:1030C0000B12A127E50A241A12B18BEAF0A3EB1226
:1030D000B18212AACB8882F5837401F07478550806
:1030E000A312D6D1E50EF0EE88828983A3A3A3F0C4
:1030F000EF12B170E4F0E508A2E5500F740312126C
:1031000040E82406FAE439FB121C85850A82850B07
:1031100083A3A374FDF0A374FFF0E5096016903754
:10312000F9E493F8E509C398500AE50A241312B1AB
:103130008BE509F0AA0AAB0B1223F9E9F9800679AD
:1031400010800279C7740B02B3057CFE7DFFEEFA96
:10315000EFFB122561740122EA12B15D222417F5FA
:1031600082E422F0AA21AB22122A1D8A0A8B0B22AA
:1031700088828983A3A3A3A312B17C2212CA07A3C6
:10318000A322F0E50A240B12B18B22F582E4350B61
:10319000F5832274F4120BD47A007B1012BE6560A2
:1031A000089019637401F0803C901865E064019008
:1031B0001BB67006E0FC79018004E0FC79037A001C
:1031C0007B0012250D9037EEE493F508740193F51A
:1031D00009E4F50AF50B78081211C87A007B101281
:1031E0009F601211AD800574181211AD7F04020E9C
:1031F000DC74F1120BD48A088B098C0A8D0B890EB2
:1032000012A71360057AFF02B2CF901BB5E06402EB
:10321000600302B2F312D4AF600302B2ED7900AAE8
:1032200008AB091225EBA90E12C1A4AE0CAF0DEA32
:103230004F700302B2F38A828B83A3A3A3A3A312CA
:10324000C91E707312D1258E828F83A3A3A3A3A35B
:10325000A3E05418604F903815E4938E828F83A3B7
:10326000A3A3A3F0740F12150412BE5F74111215FC
:103270000412AACBEA650A7003EB650B6010EA6CD6
:103280007002EB6D6008EA687002EB69701D880CD3
:10329000890D780C1211D0AA0AAB0B122B3D7402C7
:1032A0001211AD80069018F612B2FC74FE6A70031B
:1032B00074FF6B601E8043A3A3A3E0640360228AB3
:1032C000828B83A3A3A3A3A3E0640470067AFE7B8E
:1032D000FF80278E828F83A3A3A3A3A3E064026051
:1032E000127907AA08AB09122615E96006AA08ABED
:1032F000098007AA08AB0912251F800C12C6D6A3A5
:10330000A3A3A3F0221211AD7F07020EDC74F71203
:103310000BD4EAFEEBFF12237BE9700AEEFAEFFB17
:10332000122387E96006EEFAEFFB80047AFE7BFF4A
:1033300002AB0974F0120BD474FF121260E98521FC
:1033400082852283F08A088B098C0E8D0F7E0012F5
:10335000A7137900600302B44F12C87B8A0A8B0B53
:10336000EA4B60658A828B83A3A3A3A3A3E06403D3
:1033700060238A828B83A3A3A3A3A3E064016003D9
:1033800002B44D79078A828B8312D123122615E964
:10339000600302B44D7F02850A82850B83A3A3A339
:1033A000A3A3A3E0541870617900AA0EAB0F12B466
:1033B000547003A3E069707D9037FCE493FC12B471
:1033C0006512250D7E0102B44DAA08AB0912251F16
:1033D00012D51560788A828B83A3A3A3A3A3E0A24E
:1033E000E0506A7F01A2E150127901AC08AD09AA50
:1033F0000EAB0F12253DE970AF80528A828B83A3FA
:10340000A3A3A3A3D2E1F0809F7E01850A82850B4E
:1034100083A3A3120FAB750AFE750BFF780A121176
:10342000D07900AC08AD09AA0EAB0F1225F77404D1
:103430001211AD8018EFF9AC08AD09AA0EAB0F124E
:10344000253DE970087E0112B465122597EEF974E6
:103450000102B9D11225EB8A0A8B0BA80AA90B909D
:1034600018F7E06822852182852283E0F9AA08AB5B
:10347000092274F0120BD474EC1212608A0E8B0FB6
:103480008C088D097402121504E4F0A3F0750B0684
:1034900012C1E57402121504128B7B12150412ADD1
:1034A000DF600F740212150412B756A3E070030216
:1034B000B61BE50E241DF50CE4350FF50D850C82C9
:1034C00012B9ACC0E07401121504D0E012D6D1A339
:1034D000E0FA88828983A3A3A3A3E0F8E4C8F9EA09
:1034E00028FEE439FFAA08AB0912259DE9F9850CED
:1034F00082850D8312B764E029852182852283F0BD
:10350000E50AA2E55003750B0E7487550A700D7419
:1035100018550A6418600512B991600A7AD37B00C5
:10352000121FC702B61B530A7878081211D07D000B
:103530007402121504E0FC740312150412B78D1204
:1035400011ADE9F8740368700302B61BE960030269
:10355000B60B7418550A700302B620E50AD2E0F5DE
:103560000AA2E45004D2E1F50AA90A12B76D1225A5
:10357000DFEA4B60538A828B83A3A3A3A3A3A3E0B8
:10358000541860448A828B83A3A3A3A3A3E064019D
:103590007036740212150412ADDF602C12BE5C8A04
:1035A000828B8312D123122B2BEA4B601B8A828BD6
:1035B00083A3E06013740212150412C567F88A82AF
:1035C0008B83A3E0C3984053E50AF50B780B1211E7
:1035D000D412B7801211ADE970317C007D007424E3
:1035E00012150412B75B850E82850F83A3A3A3A3D4
:1035F000A3A3A3A3E0600612B74A12BE5F8521828F
:10360000852283E0F912B76D1224B37424121504D5
:1036100012BEFAF47003A3E0F46036790002B745F5
:103620009018F0E0600FE50AF50B780B1211D41238
:10363000B7801211ADE50AF50B780B1211D47900A1
:1036400012B14A1211ADE970C2742412150412B7F6
:103650005B78081211D07D017402121504E0FC742D
:103660000312150412B78D1211ADA90AEEFAEFFB81
:1036700012BC3A7003A3E069600302B72EEEFAEFC2
:10368000FB128BDD60288A828B83A3A3A3A3E06453
:1036900001600D8A828B83A3A3A3A3E06402700E52
:1036A0007404121240EEFAEFFB1223158013122954
:1036B000998A088B09AC08AD097404121238121CDF
:1036C00085850E82850F83A3A3A3A3A3A3A3A3E051
:1036D0006401700E12B74A12BE5F740C12123812D7
:1036E0001C8512B97A12C5654430F50878081211A4
:1036F000D474051212308808890978081211D07420
:103700000F1212308808890978081211D074061235
:103710001504E0F50878081211D47900EEFCEFFDED
:1037200012B76D12253774061211AD02B61B852132
:1037300082852283E0C0E012B97AF58312B764D0A3
:10374000E0F01229B1741402B9D1E50E2415F58206
:10375000E4350FF58322A312D1362212D13374FF40
:10376000F0A3F02212D133A3A3A3A3A32212B77113
:1037700022E50E12BBAF350FF583E0FAA3E0FB2282
:103780007901AC08AD0912B77112B15222E0F912F9
:10379000B7711225A374022274F0120BD474EE12C6
:1037A00012608A0E8B0FECFAEDFB750B0812BE5CF3
:1037B000122B2B8A088B09AC08AD09EA4D601F8AD1
:1037C000828B83A3E0701712C1CF5001097A027B6C
:1037D00000120972E88C828D83F0A37407F012B98D
:1037E0007A12B9ACC0E07401121504D0E012BE56D2
:1037F00012B99EE0FAE4CAFBEC2AF508E43BF509AD
:1038000088828983A3A312B99EA3A3E0FBECFEE404
:103810003BFF88828983A3A3A3A3A3A3A3E085215D
:1038200082852283F0E50AA2E45003750B10A2E51D
:1038300050067408250BF50B748F550A700512B9E4
:1038400091600A7AD37B00121FC702B976530A70BF
:103850007800E50AA2E4501B12B9842408FCA3E016
:103860003400FD740A121238121C857808E50AC269
:10387000E4F50AE50AA2E5501F12B98428F8A3E08E
:103880003400F9E82408FCE439FD740212123812FD
:103890001C85E50AC2E5F50A740112150412B46B21
:1038A0001225D9E9F912C782504AE9F50C750D00C5
:1038B0007403780C12137E74DF250CF582740C12DD
:1038C000D2BCE0F8852182852283E0C3985022E0B3
:1038D000C0E0E9F50C750D007403780C12137E74CA
:1038E000DF250CF582740C12D2BCD0E0F078008099
:1038F0000502B97678049018F7E065087004A3E033
:1039000065096063E87014E50AF50B780B1211D4B1
:1039100012B9BF1211ADE9705D800574046870566C
:10392000780A1211D47403121230880A890B780AAB
:103930001211D0740D121230880A890B780A1211F4
:10394000D07406121504E0F50A780A1211D4740630
:10395000121504E0F9EEFCEFFDAA08AB09122537B9
:1039600074061211AD800FE50AF50878081211D41B
:1039700012B9BF1211AD74128057E50E241DF582E5
:10398000E4350F22E50E241DF582E4350FF583E0C2
:1039900022E50E12B15D350FF583E0650B22A3A37E
:1039A000A3E0FC88828983A3A3A3A32212858E8827
:1039B00082F583A3E0F50A88828983A3A3E02279B4
:1039C00001E50E12BBAB350F12D5CD12B14E2274EC
:1039D0000E1211AD7F08020EDC74F0120BD474F4D9
:1039E000121260E985218285228312A25B8C088DE8
:1039F00009741C121504E0F91225D9E9F89037FE74
:103A000012CF845021E8F50A750B007403780A126E
:103A1000137E74DD250AF582740C12B18EE0F50E6A
:103A2000A3E0F50F8006750EFE750FFF74021215E8
:103A3000047408F07421121504E0A2E45008740222
:103A40001215047410F07421121504E0A2E5500957
:103A50007402121504E02408F07401121238122ABC
:103A60001D8A0C8B0DEA4B700302BB9812B15835BE
:103A70000D12A127E50C241A12D2B912A402740463
:103A8000121240AA0EAB0F122315E9600D12D2B527
:103A90007401F0740412123080227421121504E0B3
:103AA000A2E45022E50E6E7003E50F6F701812D27B
:103AB000B57401F0741D12150412AACBE50C24187C
:103AC00012D2B912AA8EE50C12BBA7350D128DE6E3
:103AD000850A82F5837402F0742112150412BB9DCD
:103AE000F0741C12150412BB9DA3F0EE850A8285AA
:103AF0000B83A3A3A3F0EF850A82850B83A3A3A363
:103B0000A3F0850A82850B83A3A3A3A3A3E508F0F2
:103B1000E509850A82850B83A3A3A3A3A3A3F0AA27
:103B20000EAB0F12259D852182852283E029850A0F
:103B300082850B83A3A3A3A3A3A3A3F0780074217E
:103B4000121504E0A2E45016741D12150412BE5F93
:103B5000E50A2408FAE4350BFB121C857808742169
:103B6000121504E0A2E5501A741F12150412BE5F6C
:103B7000E50A28F8E4350BF9E82408FAE439FB12E1
:103B80001C85850C82850D83A3A3E50EF0A3E50FAC
:103B9000F0AA0CAB0D1223F9740C02B9D1E0850A1E
:103BA00082850B83A322EA12BBAB2212BBAF222475
:103BB0000BF582E42274F4120BD48A088B09ECFE14
:103BC000EDFF750A019018F7E06A7003A3E06B60DF
:103BD00013750A00780A1211D4122A77740112118F
:103BE000ADE9F50A7900AA08AB0912BC3A7003A343
:103BF000E06970417900EEFAEFFB1225DFEA4B60D5
:103C00002B8A828B83A3A3A3A3A3A3E05418601CD5
:103C10007508FE7509FF78081211D08A828B83A37C
:103C2000A3120FAB12D5B81211AD80097901EEFACB
:103C3000EFFB1224ADA90A02B1EC1225EB8A088B26
:103C400009A808A9099018F7E0682274F2120BD4A9
:103C50007E627F0B7A1012BE63700C9083FC120F91
:103C6000A712CFBD1211AD901896E014F0600302B8
:103C7000BD18903809E493901896F07C0079057A85
:103C8000007B0012291B8A088B0902BD0F7C00797A
:103C900005AA08AB0912291B8A0A8B0B85088285A5
:103CA0000983A3A3A3A312ADDF605EE5082404F893
:103CB000E43509F98882F583E024FFF0A3E034FFBE
:103CC00012BE5612ADDF7041850882850983A3A319
:103CD000A3A3A3A3E054046013850882850983A3EA
:103CE000A3A3A3A3A3A3A3E0F91225C785088285F4
:103CF0000983A3A3A3A3A3A3A3A3A37406F07AF0A9
:103D000085088285098312CA6C850A08850B09E536
:103D1000084509600302BC8D75080080658E828F9E
:103D200083A3A3A3A3E06051F4604EEE240412BE6B
:103D30003114F070448E828F83A3A3A3A3A3E06405
:103D400003701379028E828F8312BE5F8E828F83FF
:103D500012D12312253D8E828F83A3A3A3A3A3E0B8
:103D6000640160158E828F8374FE12BE351412BEFC
:103D700035A3A3A3E412BE3DF00508EE2407FE50D0
:103D8000010F90380012BE1240937E00803B122932
:103D90003FEEF5087509007403780812137E74DA93
:103DA0002508FC740C3509FD7A497B2512292DEA7A
:103DB0004B70DBEEF5087509007403780812137E6A
:103DC00012BE1A12BE51E4F00E9037FE12D4085003
:103DD0001FEEF5087509007403780812137E12BEF1
:103DE00023E82407F582E412CF8B14F070DA80A167
:103DF0007A008010EA75F006A4F8A9F012C3E56015
:103E00000214F00A90381312C1C340E8029E509089
:103E10003813E493F8E508C3982212BE238882F58C
:103E200083A32274DA2508F8740C3509F922EE24EC
:103E30001112ABBB22F0A304128663A32212BE416F
:103E40002212BE4522F08E828F83A3A3A3A3A3A335
:103E50002274FEF0A304F088828983229019041250
:103E6000D5CF227B00901951E0F9121C61EA4B4C2E
:103E70004D2274F7120BD474DA121260ECFEEDFFCF
:103E8000750800EC4F606C12CA7EC8241FF582E4EE
:103E90003812ADDD605D8A828B8312D125AC21ADF5
:103EA00022EA241EF582E412BF14F9EA241FF582E7
:103EB000E412BF19122981740B12150412BEFF708F
:103EC00003A3E069702D7402121504E064017023ED
:103ED000741D12150412BEFA64017017741D1215B8
:103EE0000412B756A3A3E0F88E828F83E0687003B4
:103EF000750801A908742602AB0612D133E022121C
:103F0000BF05E0682212BF0922E0F8A3E0F98E8223
:103F10008F83A3223BF583E0223B12B7782274F40F
:103F2000120BD4E97016790012BF4774FE6E70034D
:103F300074FF6F700C903805E4936005790112BF2F
:103F4000471229E7029AD91225558A0A8B0BAE0A25
:103F5000AF0B2274F6120BD474F3121260121AF320
:103F60008A088B09AE08AF099018F7E06E7003A3BA
:103F7000E06F60E91229A5EA6E7002EB6F60DEEE79
:103F8000FAEFFB12A71370D5EE4F60D18521828521
:103F90002283E4F004121504EEF0A3EF12A54612FA
:103FA000232DE970B874FE6E700374FF6F60AEEE7F
:103FB000FAEFFB740D028BE7C082C0831229E7027F
:103FC0009E5874F2120BD4EAFEEBFF8C088D09891F
:103FD0000B74FC6E700374FF6F700302C19579005F
:103FE0001225EB8A0C8B0DAE0CAF0D740E1215045E
:103FF000E0F50A9018F7E06E7003A3E06F7009E532
:104000000AA2E6400302C195A90A12C19A703B793F
:10401000007AFE7BFF12C19A70307418550A700343
:1040200002C0BF7A0080010A90380012C1C3400369
:1040300002C0BFEA75F007A4F8A9F012D40F541813
:1040400070E5746228F8740B39F988828983EEF080
:10405000A3EFF074FE6508700474FF6509600D88B5
:10406000828983A3A3E508F0A3E509F08882898308
:10407000A3A3A3A3A3A3E50AF0A2E0500D8882891D
:1040800083A3A3A3A3A3A3D2E2F07401650B888248
:104090008983A3A3A3A3A37031740112CA0DE054B2
:1040A000186021903815E49388828983A3A3A3A381
:1040B000F012C1E5EA4B600302C1957D00803679BC
:1040C0000202C1979018F6E080DEE06401700302FE
:1040D000C19588828983A3A3A3A3A3A3E0541860F6
:1040E00007903815E49380049018F5E012B170E55C
:1040F0000B02C1940D9037F8E493F8EDC398400398
:1041000002C1957C008030EC75F007A4F8A9F0742A
:104110006428F582740B39F58312AACBED75F0177C
:10412000A4FAABF074F22AF582740912BF14687015
:1041300003A3E06960BE0C903800128DD440C8E43F
:10414000936C70B0ED75F017A4F8A9F074F228FE26
:10415000740939FF7C177D007900EEFAEFFB121A23
:10416000E78E828F83E508F0A3E509F09019041229
:10417000C1DAA3A3A3A3A3A312AAB374AAF012C182
:10418000AC740112C1CA5001097A027B0012097293
:1041900012C1B6E8F07900029E5012C1A4A80CA981
:1041A0000DEA49221225DF8A0C8B0D22EE240EF532
:1041B00082E43FF58322EE240DF582E43FF583226D
:1041C00090380EE493F8EAC39822F012C1CF2290FF
:1041D0003812E49379002401F82212C1E0A3A3224B
:1041E00012BF09A32212CD07122B2B2274F2120B3D
:1041F000D48A088B09E9FF8C0C8D0D9037FF12C70C
:10420000854005790502C2B9121FA3AA08AB09129D
:10421000C2F070097AFE7BFF122573E9FE90381315
:1042200012D408400302C2B712ADD2600CEE75F092
:1042300006A4F812C30812C2D1EF602112C2DAEE4E
:1042400075F006A4F8A9F0747A28F8740C398882FD
:10425000F58312A3FEEA4B70157901805CEE75F0D0
:1042600006A4F8A9F012C30AF583E4F0A3F0EE75F2
:10427000F006A4F812C2C2E508F0A3E50912BE5682
:10428000A3AA82AB83EFF0901BB7E08882898312E8
:10429000C2BCE0601E12ADD26019850C08850D0904
:1042A000750A0078081211CC12C2E3EAF912C2FCB6
:1042B0001211AD790080027907029E50F08A828B3C
:1042C0008322747A28F8740C39F98882F583A3A3C1
:1042D00022F58312B77A121B95222FFAE433FB12D0
:1042E0001B8F22EF2FFCE433FDEE75F006A4F822BD
:1042F000122573E9FE903813E4936E2212C30A125A
:10430000B778121ADB740322EAF9747E28F58274F6
:104310000C392274F7120BD4ECFEEDFF12CF7C5057
:104320002DE875F006A4F8A9F012C3F08882F58391
:10433000A312C700A3A3A312AACB7409121504E009
:10434000FAA3E0F5838A8212AA8E790080027904AA
:1043500002AB0974F7120BD4750800801DE50875CF
:10436000F006A4F8A9F0747C28F582740C12CF8BA7
:104370006A7003A3E06B6062050812BE0F40DEE4C2
:10438000936508705574FE6A700374FF6B704B750B
:1043900008008002050812BE0F503FE50875F006C0
:1043A000A4F8AAF0EAF912C3E570E912C3F0A3A3D6
:1043B00074FE12C3DD12ADDF6020E50875F006A4BF
:1043C000F8EAF912C3F0E82404FEE439FF8E821201
:1043D000C2D18E828F83E4F0A3F0029A5DF0A30431
:1043E00012CA03A322747A28F582740C12AF252214
:1043F000747A28F8740C39F92274F1120BD48A08F3
:104400008B09EA241DF582E4350912C565FE605169
:10441000EA241D12C6EC2402F8A3E03400F9903718
:10442000FFE493FAEEC39A400302C5567A00802C4B
:1044300088828983E0F50AA3E0FCE4CCFDE50A2C40
:10444000E43DF50BEA25E0FCE433FD74C22CF58273
:10445000740C3DF58312C5595001090AEAC39E4008
:10446000CF8508828B83A3A3A3A3A3A3A3A3A31293
:10447000C5707003A3E069700912C579122567023F
:10448000C55612C6E8700302C5567B00EEFF7A00DF
:1044900080010AEAC39E501CEA25E0F8E433F9746F
:1044A000C228F582740C12C56D7003A3E06970E236
:1044B000EAFF7B018B0E790012D11612C1A4EA4BE0
:1044C00060478A828B83A3A3A3A3A3E0640170390E
:1044D0008A828B83A3A3A3A3A3A3E05418602A8A90
:1044E000828B83A3A312BE5F7AC27B0CEEF91226E5
:1044F00009E97006E50EA2E0500F12C57912260FE9
:10450000850C82850D8312A40012C6E8F974FF2978
:10451000F0750A01780A1211D4750AC2750B0C786D
:104520000A1211D0EFF50A780A1211D4E508241204
:1045300012C6ECF50A780A1211D4E508241512AF58
:10454000BC120FAB12C70EFCA3E0FD12D116122550
:104550007F74071211AD02B308E50AF0A3E50BF072
:10456000E82402F822F58312D133A3E02239F5833F
:104570001285909018F7E068227CC27D0CEEF9E578
:104580000812BBAB350912B7782274F0120BD47441
:10459000FC121260E9852182852283F08A0E8B0F3E
:1045A000ECFEEDFF7417121504E0F50A741A1215EB
:1045B00004E0F50B6008E50AC333240480027402AA
:1045C000C0E07402121504D0E0F074011212381227
:1045D0002A1D8A088B09EA4B700302C6D18A828B96
:1045E00083A3A3E50EF0A3E50F12A38BA3A3EEF024
:1045F000A3EF12C6F8E0C0E0EA241312AFBCD0E08B
:10460000F07416121504E0C0E0EA241412AFBCD016
:10461000E0F0EA241712C6EC6401703612C6DC859D
:104620000882850983A3A3A3A3E0687003A3E069BC
:104630006020741412150412ADDF600DE508241A11
:1046400012AFBCE8F0A3E98008E508241712AFBC5C
:10465000E4F012C70EFEA3E0FF8E82F5837405F02E
:10466000E50B7009A3E50AF0EE2402805D740125D4
:104670000AA3F0EE2402FE50010F7A0074181215FE
:104680000412AACB801B8882898312C70012C6D667
:10469000A3F0E82402F8500109EE2402FE50010FB5
:1046A0000AEAC3950A40DF8E0A8F0B850A82850BC2
:1046B00083A3AE82AF8312299FEA850A82850B838A
:1046C000F012299FEB8E828F83F0AA08AB09122388
:1046D000F9740402B9D1E08E828F832212299F8A55
:1046E0000C8B0DA80CA90D22E5082411F582E4120B
:1046F0008468E022E8F0A3E9F08521828522832204
:1047000012C6D612C70722F088828983A322128498
:1047100063E022C082C083E929FCE433FDEA2CFA7D
:10472000EB3DFBEA24FEF582EB34FFF58312D12545
:10473000029E5874F3120BD489088A09ECFEEDFF2F
:104740009037FF12C7855033750C008002050CE5C9
:104750000CC39508501B12299FA80CE828F8E433D5
:10476000F9EE28F582EF12CF8B6A7003A3E06B702D
:10477000DCE509650C70047901800279007F05028F
:104780000EDC9037FEE493F8E9C3982274F0120B24
:10479000D474F2121260E9852182852283F08A089E
:1047A0008B09ECFEEDFF750A0012A7137900600378
:1047B00002C87812C87B8A0E8B0FEA4B700302C8BE
:1047C000768A828B83A3A3A3A3A3A3E0A2E24003E0
:1047D00002C87612299FEA6E7002EB6F7008780AA1
:1047E0001211D4E48036EEFAEFFB122381E9640162
:1047F000706174011215047404F07402121504EE51
:10480000F0A3EFF0740112123812232DE964017045
:1048100042750A01780A1211D4E4F50AF50B780AF8
:104820001211D0780A1211D4780A1211D474091214
:10483000150485820A85830B780A1211D09037F906
:10484000E493F9EEFCEFFDAA08AB0912257F74078B
:104850001211AD850E82850F83A3A3A3A3A3A3E0AA
:10486000A2E1400F850E82850F83A3A3A3A3A3A378
:10487000C2E2F0750A01A90A02B9CFAA08AB09126F
:1048800025EB852182852283E0F91225DF2274F64B
:10489000120BD4E9FE79001225EBEEF91225DF8B1D
:1048A00009A909EA49601D8A828B8312D6CA8A82C5
:1048B0008B83A3A31412C8CDE412C8C912C8C9A31C
:1048C000F0F980027904028BEA12CB9622F0A3045D
:1048D00012C2BCA3A3A3A32274F4120BD4750807BD
:1048E0009018EBE0703312D8F0602E9018F012C9D7
:1048F0001E701A12D8E9F88E828F83A3E0C39850F5
:10490000048908800D8E828F83A3E0800312D8E98A
:10491000F508E5087003750807A90802B1ECE06422
:10492000018A828B83A3A32274F0120BD48A0C8B8E
:104930000DE9FE8C08EDFF1225D9E9F97410121566
:1049400004E0F50EA3E0F50F12C7825043E9F50A23
:10495000750B007403780A12137E74E0250AF58241
:10496000740C12B18EE0F8E508C398501FEF607424
:10497000E9F50A750B007403780A12137E12C9E96F
:10498000A3A3A3A3A3E50812C9F98057790380560E
:1049900079007AFE7BFF1225D9E9F99037FEE4937E
:1049A0006970047902803FEF603AE9F50A750B00FF
:1049B0007403780A12137E12C9E9E50CF0A3E50D21
:1049C00012C9F912CA0DE50812B17874FFF0EE8829
:1049D000828983F09018F5E088828983A3A3A3A33A
:1049E000A3A3A3F0790002B9D474DA250AF8740CF1
:1049F000350BF98882F583A32212CA03E50EF0A3D2
:104A0000E50F2212CA072212C707A3A32212B17C04
:104A1000A322C082C0838A828B83A3A3A3A3A3E41F
:104A2000F0780080010890380612CF84501D12CF14
:104A30008FF98C828D83A3A3A3A3A3A3A3A3E0696F
:104A400070E3ECFAEDFB122945801EE493687019BF
:104A50008C828D83A3A3A3A3A3A3A3A3A37406F013
:104A60007A008C828D8312CA6C029E5812CA82C848
:104A7000240CF582E438F583E0F912285B228A825F
:104A80008B83E0F8A3E02274F4120BD48A088B091C
:104A90008A828B8312CB8EE0F91229218A0A8B0B32
:104AA000AE0AAF0BEA4F700302CB818508828509FD
:104AB00083A3A3E070348A828B83A3A3A3A3A3A3BD
:104AC000A3A3A3E064028A828B83A3A3A3A3A3A3CB
:104AD000A3A3A3600F7406F07AF08E828B8312CAB0
:104AE0006C02CB817406F002CB8185088285098334
:104AF000A3A3A3A3A3A3E0606B850882850983A376
:104B0000A3A3A3E0607BE508240312C6EC14F070B5
:104B1000709018E4E0850882850983A3A3A312CBD3
:104B20008412CB8EA3A3A3A3E064037054850882F0
:104B3000850983A3A3A3A3E0603C8A828B83A3A3FC
:104B4000A3A3A3A3A3A3A37404F0121AF3EA540F1C
:104B5000790024015001098E828F83A3A3A3A3129D
:104B6000A6F5801D8A828B83A3A3A3A3A3A3A3A3DB
:104B7000A3E06403700BEAFCEBFDAA08AB09122565
:104B8000A902B1EC12CB8822129C25A3A322A3A3D5
:104B9000E01412CB9622F08A828B83A3A3A3A3A353
:104BA0002274F6120BD479007E008026EEF508758B
:104BB00009007403780812137E741A2508FA740D1C
:104BC0003509FB8A82F583A3A3E060051225AF793E
:104BD000010E90380612D40840D2E9A2E07A407B58
:104BE00000901951E0F95019121C61EA4B4C4D70BC
:104BF00028908310120FA77A4012CFBF1211AD80F8
:104C000018121C5B901873E06401700DE4F09018AA
:104C100074E0F91227FB121F97028BEA74F4120B4F
:104C2000D48C088D097E1A7F0D7C00803C8E828F8B
:104C300083A3A3A3A3A3A3A3E0F8EA2412F582E429
:104C400012BF1468701B8E828F8312AACB12CD14F0
:104C5000687003A3E06970098E828F83A3A3E0705C
:104C60001A0CEE2408FE50010F903806128DD44025
:104C7000BCE4936C7005790002CD008E828F83A313
:104C8000A3A3A3A3A3E0607612CD03122B01EA4BEA
:104C9000600D8E828F83A3A3A3A3A3A3E014F07A55
:104CA0000080010A12C1C0501F128A2C60F512D870
:104CB0008365087004A3E0650970E88E828F83A382
:104CC000A3A3A3A3A3E014F09037F8E493F89038DB
:104CD0000EE493FAE82AF8E43400F98E828F83A375
:104CE000A3A3A3A3A3E0FAE89AE99400C365D03391
:104CF000500C8E828F83A3A3A3A3A3A3E4F0790116
:104D000002B1EC12CD0722901904E0FCA3E0FDAA49
:104D100008AB092212CD1822EA12BBAF3BF583E0A3
:104D20002274F0120BD474FD121260740112150477
:104D3000ECF0A3EDF0E985218285228312A25B7C51
:104D40001A7D0D750801750900750A00750B009034
:104D500037F8E4937808121136F50CF50DF50EF5D9
:104D60000F780080118C828D83A3A3E0601A08EC79
:104D70002408FC50010D90380612CF8440E7E493DC
:104D8000687005790002CF6E8C828D83A3A3A3A3E4
:104D9000A3A3E4F07A00802E64016005E064037050
:104DA0001D8E828F83A3A3A3A3A3A3A3A3A3E0F435
:104DB0007003A3E0F47007780C79081213F00A74FA
:104DC00001780812113690380E12C1C4504EEA759F
:104DD000F01CA4F8ABF012D864128EE7121504E0B0
:104DE000687003A3E06960D6EA75F01CA4F812D8D5
:104DF0006412C56D7003A3E06960C3EA75F01CA47A
:104E0000F8EBF9128DE264046003E0708B8C828D04
:104E100083A3A3A3A3A3A3E004F080A27A008067E6
:104E2000EA75F017A4F8ABF0EB128EE3121504E06C
:104E3000687003A3E069604EEA75F017A4F8EBF917
:104E400012D86E7003A3E0F4603C74FC28F5827401
:104E50000939F58312CFA1E0687003A3E0697026D9
:104E6000EA75F017A4F8EBF912D859601974012803
:104E7000F582740A12CF8B600D8C828D83A3A3A35D
:104E8000A3A3A3E004F00A9037F812C1C340918CA9
:104E9000828D83A3A3A3A3A3A3E0F890380BE4938C
:104EA000C398500DE4938C828D83A3A3A3A3A3A3E3
:104EB000F08C828D83A3A3A3A3A3A3E0600712BEFB
:104EC0002E6401700B8C828D83A3A3A3A3E4800DB9
:104ED0009018E5E0048C828D83A3A3A3A3F090181F
:104EE000EAE08C828D83A3A3F09018E412CFB41271
:104EF00085858C828D8312C6F412CFAEF0EE24121B
:104F0000F582E43FF58312CFAEA3A3F012CF736016
:104F100046780080010890380612CF84503912CFAD
:104F20008F600BF9852182852283E06970E7E8F5BF
:104F300008750900852182852283E0C0E012CF96A2
:104F4000D0E0F07402780812137E746B12D35D7493
:104F50000D128FEA1214737A4012BE63700E9083A2
:104F600010120FA77A4012CFBF1211AD790174034E
:104F700002B9D1E50C450D450E450F22122573E906
:104F8000F8903813E493F9E8C3992212AF2522E888
:104F9000FA12CF96E02274622AF582E4340DF5838A
:104FA0002212CFA522E0F8A3E0F99019042212CF33
:104FB000B4A3A322E08C828D83A3A3A3227A107BC7
:104FC00000901951E0F9121C55740422C082C0836C
:104FD0007800800108903806E493FAE8C39A5008F4
:104FE00012CF8F6970EEE4F0029E5874F0120BD469
:104FF000EAFEEBFF8A82F583A3A3A3A3A3A3A3A343
:10500000A3A3E06402600302D113EA240D12BE31AF
:10501000600302D0D490198C12ADDF700302D0C4AB
:1050200090199212ADDF700302D0C490199612ADA0
:10503000DF700302D0C490199412ADDF700302D068
:10504000C4901BBEE06401707B901BBAE0A2E050EC
:105050007312D13C1230E5E9706A901BBCE0700A13
:105060009036C3780C1213DD8021F50875090074A1
:1050700002780812137E128FE51213DD90835078A8
:1050800008121491780C7908120A6D780C1211C864
:105090001290C41230E574041211ADE9640170730A
:1050A000EE2402E43F0E0EFF8E82F58312D1291208
:1050B00030E58E828F8312D12590199412AC48125C
:1050C00030E5804F7C0179018E828F8312D12312CB
:1050D00025D3803F90198A12ADDF6037901BBEE068
:1050E0006401702F901BBAE0A2E050277A047B0085
:1050F000121AF9EA4B601C8A828B837464F0A374E1
:105100000112865FA3128B8912AA8C901951E0F9C3
:10511000121B0502B9D4850882850983A3A3A3A322
:10512000A3A3A3A3A312B77A2212B77A9019961257
:10513000D13322E0F8A3E0F5838882228A828B8330
:10514000A3A312B77A90198C12D1332274F0120BE8
:10515000D474FD121260128B75121504E9F0ECFF85
:1051600085218285228312D125122927EA4B6003EB
:1051700002D2777402121504E0700302D28D750812
:1051800000750900750A00750B00750C01750D009E
:10519000750E00750F009037F8E493780C121136F5
:1051A00079008008097401780C12113690380E12BB
:1051B000C7865020E912D2D860EA12D2CD12D303AA
:1051C0006C7003A3E06D70DC850C08850D09850EFD
:1051D0000A850F0B7E0080057A007B000E90380652
:1051E00012D408400302D27712D2EC60EFEEF50C35
:1051F000750D007402780C12137E746B250CF58209
:10520000740D12D2BC85080C85090D850A0E850B1C
:105210000F780C1213A412CF7360C112D2ECF912E2
:105220002921EA4B60B28A828B83A3A3A3A3A3A301
:10523000A3A3A3E0640570A085080C85090D850A69
:105240000E850B0F780C121424C00CC00DEEF50C5B
:10525000750D007402780C12137E746B250CF582A8
:10526000740D12D2BCD00DD00C780C1213CA903829
:1052700006E493FE02D1DCEA4B60128A828B83A3A0
:10528000A3A3A3A3A3A3A3A3E064056012EF6022DA
:1052900090190412D303FAA3E0FB12227F801312A9
:1052A0008B8312D2FA12D2C1A3A3A3A3A3740112B7
:1052B000A6F802CF6EE50C2416F582E4350DF583D1
:1052C00022129AF08A828B83A3A3A3A32274A62C12
:1052D000F58274073DF5832275F01CA4FCADF074D3
:1052E000AA2CF58274073DF583E0F422EEF874628F
:1052F00028F582E4340DF583E022E0FCA3E0F58399
:105300008C822212D5CF852182852283E02274F6F9
:10531000120BD4E9FC790080010912C7825039E9E7
:10532000F5087509007403780812137E74DB12D334
:105330005D740C12C6EF6A7003A3E06B70DBE9F5D5
:10534000087509007403780812137E74DA12D35DAD
:10535000740C12C6EF6C70C1028BEA74C32508F599
:10536000822274F7120BD489085308407E00802EE5
:10537000EE75F007A4F8A9F0746228F582740B1298
:10538000CF8B6A7003A3E06B701374FE6A700374B2
:10539000FF6B605812D40F54406508604F0E903870
:1053A0000012D40840CAE4936E705374FE6A70030E
:1053B00074FF6B70497E0080010E90380012D40893
:1053C000503CEE75F007A4F8A9F0746628F58274D5
:1053D0000B12CF8B70E3A908EE75F007A4ABF07445
:1053E0006228F582740B12BF19122597EE75F0072B
:1053F000A4F8A9F0746228FA740B39FB80047A00CF
:105400007B0002AB0990380EE493F8EEC398227447
:105410006828F582740B12AF252274F4120BD4EABB
:10542000FEEBFF890B8C0A740169700C90380FE455
:1054300093F9122615E970647900EEFAEFFB122554
:10544000EBA90A1225DF8B09A9097401650B601409
:10545000EA4960568A828B83A3A3A3A3A3E0650BCA
:1054600070488038EA4960198A828B83A3A3A3A37A
:10547000A3E06401700B8A828B83A3A312D4C18042
:105480000AE50AA2E640238E088F0974FE650870BB
:105490000474FF6509601312D4AF60047900800CB6
:1054A000EE65087003EF650970DD790102B1EC90DB
:1054B000380FE493F9AA08AB09122615E922901BCC
:1054C0009FE0F508A3E0F5092274F4120BD4EAFE7C
:1054D000EBFFE9A2E6500F79FF12267BEA4B70251D
:1054E0007AFE7BFF802C12D51560238A828B83A3E2
:1054F000A3A3A3E06401600D8A828B83A3A3A3A36B
:10550000E0640270099018F7E0FAA3E08003EEFA75
:10551000EFFB02B1EC12238D8B0BA90BEA4922742D
:10552000F4120BD4EAFEEBFF8C0A8D0B740C1215EF
:1055300004E0F5097402696031740469600574015E
:10554000697022AC0979011225E5E96018E50A4580
:105550000B6017EEFAEFFB12CF7C500E850A8285A6
:105560000B837401F0790002B1EC7900EEFAEFFBE5
:105570001225DFEA4B602D8A828B83A3A3A3A3A30A
:10558000A3E05418601E750AFE750BFF780A12110D
:10559000D08A828B83A3A3120FAB12D5B81211ADA0
:1055A000790180C39037FCE493FCA909EEFAEFFB84
:1055B00012250DE970AF80E879009018F712D5CF69
:1055C0008A828B8312B77A1225F7740422F583E05E
:1055D000FCA3E0FD2274F1120BD4EAFEEBFF8C0871
:1055E0008D09E9600C750A00780A1211D4790B80D4
:1055F0006E7900AA08AB091225DF8A0A8B0BEA4BE9
:1056000060658A828B83A3A3A3A3A3A3E0A2E05037
:10561000568E0C8F0D780C1211D0741112150412C5
:10562000BE5F741312150412D125122B3D740212A1
:1056300011AD8A0C8B0DA80CA90D74FE6870037453
:10564000FF696023850A82850B8312A400750A0016
:10565000780A1211D4790CEEFCEFFDAA08AB0912FE
:105660002A7774011211AD02B308C082C083786238
:10567000790B7C00804588828983A3A3A3A3A3A37D
:10568000E0A2E0402E88828983A3A3E06A7003A38E
:10569000E06B701F88828983A3A3A3A3A3E06401A6
:1056A000701188828983A3A3A3A3A3740312D6D104
:1056B00012D6CA0CE82407F8500109903800E49388
:1056C000FDECC39D40B0029E58A374FEF0A304F00D
:1056D0002212C707A322C082C0837862790B7A00A6
:1056E00080208882898374FEF0A30412D6D114121C
:1056F000C3DDE412B17812CA0DF00AE82407F850AD
:105700000109903800E493FBEAC39B40D5029E5800
:1057100074F7120BD4E9FF7E0080010EEEC39F5098
:105720001BEE25E0F8E433F9EA28F582EB12CF8B83
:105730006C7003A3E06D70E379018002790002AB25
:105740000974F0120BD48A0E8B0F890A8C0C8D0D04
:105750007F007508007509018011121AF3EFF5F04A
:10576000EA84E5F0F5087F007509007E0080010EEF
:105770009037F812D408504CEE75F017A4F8A9F041
:1057800012D86E7003A3E0F460E512D84EE0650E07
:105790007004A3E0650F60D712D84612D88E70CF80
:1057A000EE75F017A4F8A9F012D85960C2C3940797
:1057B00050BD0FE509A2E040B6EFC3950840B01216
:1057C000D846805E7E0080010E12D405505C12D84F
:1057D0007B64FE7003A3E0F460EE12D883650E7064
:1057E00004A3E0650F60E112D86612D88E70D9EE7E
:1057F00075F01CA4F8A9F074AF28F582740712CFD5
:105800008B60C5C3940750C012D87560BBE06402BA
:1058100060B60FE509A2E040AFEFC3950840A912BA
:10582000D86639F58312D1258019EF6012E508702A
:105830000E74016F600302D75A75080102D7667AA9
:10584000FE7BFF02B9D474F228F58274092212D8C3
:10585000522212D84639F58322740028F582740A40
:1058600012AF2522EBF974A628F58274072212D80C
:1058700052E064FE22128A39640122EE75F01CA403
:10588000F8A9F074A628F582740712AF2522391200
:10589000D5CDAA0CAB0DA90A122609E92274F4127F
:1058A0000BD4890812D8F0603B8A828B83A3A312A1
:1058B000D8E9F98E828F83A3E06029E960269018E9
:1058C000F0E06401700D8E828F83A3E0C3995003D2
:1058D000E980068E828F83A3E0F8E508C398400430
:1058E00079018002790002B1ECE0F9122B49E9223A
:1058F00090190412D5CF122B2B8A0A8B0BAE0AAF4C
:105900000BEA4F2274F7120BD474F3121260852144
:10591000828522837402F01412150412E04A1215D3
:1059200004AA82AB83122303741612150412D94DF4
:1059300012233FE96401700A740B12150412DA3D58
:105940008008740B12150412D95802E81112DAA457
:10595000FEE9FFAA21AB222212E7BC8E828F83E8E8
:10596000F0A3E9F079C82274F7120BD474F3121281
:1059700060ECFEEDFF8521828522837402F0EAFC53
:10598000EBFD7403121504AA82AB83122303AA2130
:10599000AB22122333E96401700A740B121504124E
:1059A000DA3D8008740B12150412D95802E81174FC
:1059B000F7120BD474F1121260AC21AD221220F355
:1059C000E9FE702874021215047402F085218285A4
:1059D000228312EF87740D12150412E4C6740212AA
:1059E0001238122321E9640160027E01EEF9740F7E
:1059F00002E81374F7120BD4E9FE90181212E7A014
:105A000070327A0F7B00121B8F901812EAF0A3EB12
:105A100012DA9B60257800790012DB4274FEF0A355
:105A20000412E356A3A3E4F0A3F008E870010912FE
:105A3000DA9140E5EE70031221C502E816E0F8A302
:105A4000E0F98E828F83E8F0A3E9F079002274F701
:105A5000120BD48C828D8312DA9860307800790032
:105A600012DBA7FEA3E03FFF8E828F83E06A700304
:105A7000A3E06B700DEEF8EFF98C828D8312DA469D
:105A8000800C08E870010912DA9140D479C802E864
:105A900016C39403E9940022E4F0A3F090181212C4
:105AA000DAA44922E0F8A3E0F9E82274F7120BD453
:105AB00074FE121260ECFEEDFF8E828F83E4F0A381
:105AC000F07508C8AC21AD221220F3E97013EEFC8A
:105AD000EFFD85218285228312E259122105E9F525
:105AE00008A90802DEF874F7120BD474FE121260D3
:105AF000ECFEEDFFAC21AD221220F3E9703F9018CF
:105B00001212E7A060377800790012DB4212DDB292
:105B1000852182852283E06C7003A3E06D70148E72
:105B2000828F8312E80B740B12150412EA8612DAC4
:105B300046800C08E870010912DA9140CD79C8025C
:105B4000DEF812DB4A8A828B8322E8FAE9FBEA75E7
:105B5000F005A4FAACF075F005EBA42CFB9018123C
:105B6000E02AFAA3E03BFB2274F7120BD490181240
:105B700012E7A0602D7800790012DBA7F508A3E0FA
:105B80003F850882F583E06A7003A3E06B70098C9F
:105B9000828D8312DA46800C08E870010912DA91CE
:105BA00040D779C802E816E8FEE9FFEE75F005A4D3
:105BB000FE85F00875F005EFA42508FF901812E0A7
:105BC0002E2274F0120BD474FC121260EAFEEBFF6A
:105BD00074021212408E828F8312E259122117E949
:105BE000F50A7A187B00121B8F8A0C8B0DEA450D83
:105BF00060417C187D007900121AE712DEC7780C2C
:105C00001211D0750E18750F00780E1211D07C008D
:105C10007D00850882898312E259121C13740412D4
:105C200011AD850882850983E4F0A3F0AA0CAB0DC1
:105C3000121B958E828F8374FEF0A30412E4BDA321
:105C4000A3A3A3E4F0E50A600302DD367402121593
:105C50000412E259EAFEEBFFEE75F005A4FEA8F08F
:105C600075F005EFA428FF90181212E7A0603E908F
:105C70001812E02EF508A3E03FF50978081211D0BC
:105C800075080575090078081211D0EA75F005A4A9
:105C9000FAA8F075F005EBA428FBEA2402FCE43B2B
:105CA000FD7A4C7B00121C1374041211ADA821A9BB
:105CB000228808890978081211D075080275090030
:105CC00078081211D07C007D007A4C7B00121C19E0
:105CD00074041211ADE9705E901812E02EF8A3E082
:105CE0003F8882F583E064FE7003A3E0F48521829F
:105CF000852283701512E7A0601485218285228396
:105D0000E024FFF0A3E034FF800312ECA3F0A8210D
:105D1000A9228808890978081211D0750802750926
:105D20000078081211D07C007D007A4C7B00121C98
:105D30001374041211AD74041211AD7F08020EDC4D
:105D400074F7120BD48A828B8312DA98605F7C001E
:105D50007D00ECF8EDF9E875F005A4F8AEF075F00B
:105D600005E9A42EF9901812E028FEA3E039FF8E71
:105D7000828F83E064FE7003A3E0F47023EEFCEFF7
:105D8000FD8A828B83ECF0A3EDF0901812E028FAE4
:105D9000A3E0398A82F583A3A3A3A3E4F0F9800FDB
:105DA0000CEC70010DC39403ED940040A579C8027A
:105DB000E816E0FCA3E0FD2274F4120BD474DE12AA
:105DC0001260EAFEEBFF8E828F8312EF877404125B
:105DD000150412E4C612DEC78882F58312EF8774B9
:105DE0000A12150412E4C674061215047401F07543
:105DF0000A3A750B00780A1211D074131212308807
:105E00000A890B780A1211D07C117D007A007B0080
:105E1000122B7F74041211ADE9600D7C117D0079A5
:105E200000EC121238121AE77411121504E0C0E0E7
:105E30007407121504D0E0F07412121504A882A998
:105E400083740812150412E4C6740D12150474014B
:105E5000F012299FEE2404F8E43FF988828983E058
:105E60006A7003A3E06B7011740E121504E4F074F1
:105E70000F121504E4F0A3802F740E1215047401A0
:105E8000F0740F121504E521F0A3E52212E041851C
:105E9000218285228312E4C685088285098312DE69
:105EA000CF121504E8F0A3E9F07404121238122797
:105EB0007DE9FE7C117D007900EC121238121AE7A0
:105EC000EEF9742202EC9B12E03188088909221253
:105ED000E7BC74022274F7120BD474FE121260AC89
:105EE00021AD2212210BE9FE700C852182852283CF
:105EF00012E25912211DEEF9740202E81374F6122F
:105F00000BD474ED121260EAFEEBFF12299F8A088F
:105F10008B098E828F83A3A312E25712E031E5082A
:105F20006A7003E5096B600302DFC088828983120F
:105F3000E259740112150412E04A121504E4F074D7
:105F400004121504E4F08882898312E25912239323
:105F50008A088B09A808A909E849603088828983E2
:105F6000A3A3A3A3E06025C394055020888289835E
:105F7000A3A3A3A3A3E0A2E374055006121504E4AF
:105F800080051215047401F07401802C12299F8A77
:105F9000088B09A808A9098E828F83E0687003A383
:105FA000E069600302E02C7401121504E4F0A3F030
:105FB0007405121504E4F004121238122453806C94
:105FC0007406121504EAF0A3EB12E04174081215EE
:105FD0000412E0391212407A007B0079AB1226D508
:105FE000E4F508F50978081211D074021212407411
:105FF0000D12123812278374021211AD901BCEE0DD
:1060000064017018852182852283E0700F740A1262
:106010001504E4F0740612123812278F740A121550
:10602000047401F0740612123812278F741302E8F8
:1060300032EE2402F8E43FF922E8F0A3E9F0740B11
:1060400022F08882898312E7BC2212E80B740322B3
:10605000C082C0837900901BAEE0700279C802E371
:10606000B1C082C083901814E06401700712213B14
:10607000E9F9800279C802E3B174F0120BD474F22A
:10608000121260EAFEEBFF75080012E031880A89FF
:106090000BEE2406F8E43FF9880C890D8882F5831D
:1060A000E07008122141E9F5087058A821A922885A
:1060B0000E890F780E1211D0850A82850B8312DDAE
:1060C000B28E828F8312E2591220ED74021211AD4A
:1060D0008E828F83A3A3A3A3A3A3A3E0A2E2502352
:1060E000850C82850D83E0701AEEFAEFFB122129F0
:1060F000E9F508601B850A82850B8312E25912209C
:10610000F98004E5086009EEFAEFFB122135805EA4
:1061100090175B12E7A060568E828F8312DECF123B
:10612000150412E4C6850A82850B83E0F50CA3E012
:10613000F50D750E00780C1211CC7C087D007407EB
:10614000121504AA82AB83121ADB74031211AD8EEE
:10615000828F83A3A312EF85740C12150412E4C678
:10616000740212123890175B12E1751230E5A9081B
:10617000740E02DD3812E17922E0F8A3E0F583889D
:10618000822274F4120BD474EC121260EAFEEBFF5C
:106190008E828F83A3A3A3A3A3A3E0600302E234B0
:1061A00074011212308808890978081211D074021B
:1061B0001212408E828F8312E257122783740212CA
:1061C00011AD852182852283E0640170677411120C
:1061D0001504E06402705D74FFF07413121504E09E
:1061E00004540FF0740512150412F561121504120F
:1061F000F10412F549ACF075F009E9A42CF97431F9
:1062000028F8741839F988828983A3A3A3A312F10B
:10621000048882898312F10578081211D075081359
:1062200075090078081211D07C007D00121C1374CF
:10623000041211ADEEFAEFFB122147E9F508700DDB
:106240008E828F8312E25912238D12215FA9087466
:106250001402EC9B12E179A3A3E0FAA3E0FB227401
:10626000F6120BD474EF1212607401121504E4F0EC
:10627000A312E35612EF87740312150412E7AF74EA
:106280000512150412E4C6EA2407F582E43BF583FF
:10629000E0A2E7502EA2E650218A828B83A3A3A31B
:1062A000A3A3A3E0640170097407121504740480A9
:1062B0003D740712150474078034740712150474B2
:1062C00005802BA2E650208A828B83A3A3A3A3A3DD
:1062D000A3E0640170087407121504E480107407C9
:1062E000121504740380077407121504740112E375
:1062F0005612E25912238D12215F74091212407A4C
:10630000007B0079AB1226D5E4F508F50978081270
:1063100011D07402121240740B12123812278374B7
:10632000021211AD901BCEE06401701785218285A9
:106330002283E0700E7408121504E4F0041212387F
:1063400012278974081215047401F01212381227EA
:1063500089741102E832F08A828B832274F7120B5F
:10636000D4EAFEEBFF1227A7E96009EEFAEFFB1271
:10637000214D8007EEFAEFFB122153E9F902E816EE
:10638000C082C083EA4B600D8A828B83A3A3A3A340
:10639000A3E0D2E3F0801AC082C083901765E06466
:1063A00005700C7A807B00901762E0F9121B3B802D
:1063B00000D083D08202117A74F7120BD41220FF1E
:1063C0001227A7E9600B9018147401F0901815E4D7
:1063D000F01227D71227A102E816C082C083E9F87D
:1063E000901815E4F0E890181460087401F0901803
:1063F000158001E4F0790180B874F4120BD474EBC9
:1064000012126075080012238D8A0A8B0BAE0AAF38
:106410000BEE4F700302E4B5750801901870E0644C
:1064200001700312215F740812150412E4BC12EF0C
:1064300085741312150412E4C6740812123812235C
:10644000398E828F8312E7A512E039121504A882D3
:10645000A983740212150412E4C612299F7404124F
:10646000150412E80B12E789546064607009740621
:10647000121504740180067406121504E412E4BDBA
:10648000E0C0E07407121504D0E012EF8B1221591E
:10649000E9700A8E828F83E0C2E2F08018740B12DA
:1064A0001504AA82AB831220F9740B121504AA8278
:1064B000AB8312239FA908741502EC9BE4F08E8233
:1064C0008F832212EA8AE8F0A3E9F022740802E836
:1064D0001374F6120BD474F1121260EAFEEBFF741F
:1064E00002121504E4F0EEFCEFFD7405121504AA87
:1064F00082AB83121C851227A7E9702A740212123C
:1065000038122333E96401601DA821A92288088973
:106510000978081211D0EEFCEFFD7A007B00122002
:10652000ED74021211AD740F02E83274F2120BD442
:1065300074D8121260EAFEEBFFEE2416F50AE43F6F
:10654000F50BAA0AFB122207901BD1E0640160053B
:10655000E064027020780A1211D0750808750900ED
:1065600078081211D07C087D007A117B01121C136F
:1065700074041211AD7C0879FFAA0AAB0B121B71CF
:10658000E960069018147401F0AA0AAB0B12217D81
:106590008E828F83A3A3A3A3E0F8EE2406F508E47C
:1065A0003FF509740168600574066870727800E848
:1065B000FAEE2AF582E43FF583A3A3A3A3A3A3E005
:1065C000700708E8C3941040E674106870319019A1
:1065D00020E0704574181212407A627B001221E9A3
:1065E000790074181212381227F579001227FB7CF3
:1065F000107D0079007418121238121AE7801A12EE
:10660000E789F9AA08AB091227F5901920E070096B
:106610008E828F83E0F91227FB12216502E77F74D7
:106620000468600302E6FD7405121230880C890DBF
:10663000780C1211D07402121240AA0AAB0B122766
:106640008374021211AD8A0A8B0BAE0AAF0B85213F
:1066500082852283E0700302E77F7415121504E03F
:10666000700C7417121504AA82AB83122777741565
:106670001215047401F07416121504E4F074091272
:10668000150412F56F12150412F104741712150493
:10669000E4F07405121230880A890B780A1211D0BE
:1066A000750A13750B00780A1211D07C007D00EE7C
:1066B000FAEFFB121C1374041211AD78081211D0FA
:1066C0007C107D007A027B01121C0774021211AD4E
:1066D000E9702078081211D0750810750900780843
:1066E0001211D07C007D007A027B01121C1374040D
:1066F0001211AD7A037901122FB702E77F74036894
:10670000707D7403121240AA0AAB0B1220F3E960E9
:106710002B7403121230880C890D780C1211D0AC36
:106720000AAD0B7AFE7BFF1220ED74021211AD7DD3
:10673000007C007900AA0AAB0B12208D74011212A2
:1067400040740312150412E2591221057401121546
:106750000412E7A0701B7401121238122123E97091
:1067600010740312150412EF87740112150412E459
:10677000C3AC08AD09AA0AAB0B1221A11221BF7448
:10678000281211AD7F06020EDCEE2405F8E43FF975
:10679000E8FEE9FF8E828F83E022852182852283B5
:1067A00012DAA4492212E7BC85218285228322E8DD
:1067B000F0A3E912E356A3A312E7BC22E0F8A3E09A
:1067C000F92274F7120BD474F81212608A828B8348
:1067D000A3A312E7A07031EA2404FEE43BFFAC213E
:1067E000AD22EEFAEFFB1226E7E96401701A1229D6
:1067F0009F740412150412E80B7402121504EEF0D3
:10680000A3EF12EF8B12213502E4CCEAF0A3EBF0F8
:1068100022740D1211AD7F01020EDCC082C0838A8A
:10682000828B83A3A3A3A3E0F91227FB121F970275
:10683000E3B11211AD7F02020EDC74ED120BD474C1
:10684000F01212608A088B09890AECFEEDFFEE4F08
:10685000700302E920EA4509700302E920A821A992
:1068600022880C890D780C1211D0750C10750D0052
:10687000780C1211D07C007D007A017B01121C196A
:1068800074041211ADE50AF50C852182852283E599
:1068900082250CF510E43583F5117512007810127D
:1068A00011CC7410C3950CFC95E0FDEEFAEFFB12D1
:1068B0001ADB74031211ADA821A92288108911785E
:1068C000101211CCAC0A7D00C3E4950CF895E0F9E8
:1068D000EE28F8EF39F9E82410FAE439FB121ADB54
:1068E00074031211AD7C00ECFAE5082AF8E43509CE
:1068F000F9EE2AFAE43FFB88828983E0FD8A828BE5
:1069000083E06DF088828983E0F88A828B83A3A379
:10691000A3A3A3A3A3A3E068F00CECC3940840C70F
:1069200074101211AD7F0B020EDC74F4120BD4EA5A
:10693000FEEBFF750800121AF38A0A8B0BAA08EA0D
:106940002AFAE433FBEE2AF582EF3BF583E50AF001
:10695000A3E50BF00508E508C3940840D902EC9EB6
:1069600074F2120BD474FC121260ECFEEDFF740290
:106970001212308808890978081211D07402121294
:106980004012211174021211ADE9F50B600302EA05
:106990007F7402121504E02401F8A3E03402F985A3
:1069A000218285228312EA86A3A312E4C67A187B89
:1069B00000121B8F8A0C8B0DEA450D700302EA7FD3
:1069C000780C1211D075081875090078081211D0CA
:1069D0007C007D00740412150412E254121C197418
:1069E000041211AD8E088F09750A0078081211CCB7
:1069F0007C107D00AA0CAB0D121ADB74031211ADD2
:106A0000E50C241412F0FDE50C241012F0FD780CB6
:106A10001211D075081875090078081211D07C0081
:106A20007D00740412150412E254121C1374041233
:106A300011AD7C187D007900AA0CAB0D121AE7AAE3
:106A40000CAB0D121B9585218285228312E17512F4
:106A5000EF85E875F009A4F8AAF075F009E9A42A11
:106A6000F9741628F8741839F9E824F7F582E9342E
:106A7000ED12F102E824FBF582E934ED12F102A9EE
:106A80000B740402E78112EA8A22E0FAA3E0F5839C
:106A90008A822274F6120BD474F4121260EAFEEBAE
:106AA000FF74041212407A007B0079AB1226D512D3
:106AB00029998A088B09AC08AD097404121238129E
:106AC0001C7FE9603B7404121240EEFAEFFB1223C4
:106AD00015E96015AC21AD22740412123812210B95
:106AE000E9700D12EB04E070177900740C02E832C3
:106AF000740212124074041212381220F3E970E981
:106B0000790180E785218285228312E179A3A3A3FD
:106B1000A32274F7120BD474FE121260ECFEEDFF88
:106B2000AC21AD2212210BE9F97013852182852257
:106B30008312E2548E828F83EAF0A3EB80078E8269
:106B40008F83E4F0A3F002DEF87F07020EDC74F618
:106B5000120BD48A828B8312E7A070278A828B83E0
:106B6000A3A3E0F8740168600574066870118A8256
:106B70008B83A3A3A3A312E25712239312215F795D
:106B8000018002790002E83574F6120BD474FE120B
:106B90001260E4F508F50978081211D07C117D0027
:106BA0007A4C7B00121C0774021211ADE9FE7409C5
:106BB0006E702112EF701211D075080275090078FD
:106BC000081211D07C007D007A4C7B00121C1374DB
:106BD000041211AD75085375091878081211D07C8C
:106BE000087D007A717B00121C0774021211ADE956
:106BF0004EF9740202E83274F4120BD474FE1212CD
:106C00006085218285228312DA9860657E007F008C
:106C10008E088F09E50875F005A4F508A8F075F051
:106C200005E509A428F509901812E02508F50AA33E
:106C3000E03509F50B780A1211D0750A05750B00BD
:106C4000780A1211D012EF4D121C1374041211ADF8
:106C500012EE70E064FE7003A3E0F4600A85218206
:106C600085228312ECA3F00EEE70010F12EF464066
:106C70009FA821A9228808890978081211D07508CF
:106C80000275090078081211D07C007D007A4C7BD7
:106C900000121C1374041211AD74021211AD7F04A2
:106CA000020EDCE02401F0A3E034002274EC120BAD
:106CB000D474FE121260A821A922880889097808D4
:106CC0001211D075080275090078081211D07C00E5
:106CD0007D007A4C7B00121C1974041211ADE9601E
:106CE0000302EE4012E79A700302EE40852182858E
:106CF0002283C3E09404A3E09400400302EE407AB0
:106D0000187B00121B8F8A0C8B0D7E00EA2410F575
:106D10000AE4350DF50BEE75F005A4F508E5F0F580
:106D200009901812E02508F50EA3E03509F50F7853
:106D30000E1211D0750E05750F00780E1211D0EEDF
:106D400075F005A4A9F012EF65121C197404121154
:106D5000ADE9600302EE2912EE78F9E8FAE9FB8A60
:106D6000828B83E064FE7003A3E0F4700302EE29DB
:106D7000E50C450D700302EE29780C1211D0750E4A
:106D800018780E1211D07C007D008A828B8312E26B
:106D900057121C1974041211AD908400781012144B
:106DA00091850A82850B8378101213B712EE70A3B7
:106DB000A3E0F508A3E0F509E50875F009A4F8AA31
:106DC000F075F009E509A42AF9741628FC7418393D
:106DD000FD850A82850B831214C9EC24F7F582ED38
:106DE00034EDF5831214D5E50C2414F582E4350D49
:106DF000F5831214C9EC24FBF582ED34EDF5831212
:106E000014D5780C1211D0780E1211D07C007D00B0
:106E1000AA08AB09121C1374041211AD7C187D0072
:106E20007900AA0CAB0D121AE70EEEC394035003BF
:106E300002ED16E50C450D6007AA0CAB0D121B9573
:106E400075085375091878081211D0750808750966
:106E50000078081211D07C007D007A717B00121C32
:106E60001974041211AD74021211AD7F0C020EDC04
:106E700012EE788882F58322901812E02508F8A394
:106E8000E035092274F4120BD474F912126012EF77
:106E9000701211D075080275090078081211D07CA3
:106EA000007D007A4C7B00121C1374041211AD7C1F
:106EB000057D0079007402121238121AE77E007FF5
:106EC0000074021212308808890978081211D075EE
:106ED000080575090078081211D012EF4D121C1325
:106EE00074041211AD0EEE70010F12EF4640D27A0B
:106EF000187B00121B8F8A088B09EA450960427CC7
:106F0000187D007900121AE77E007F0078081211C0
:106F1000D0750A18750B00780A1211D07C007D001C
:106F2000EE2401FAEF3402FB121C1374041211ADAB
:106F30000EEE70010F12EF4640D2AA08AB09121BE9
:106F400095740702EC9BC39403EF940022EEF8EFD4
:106F5000F9E875F005A4F8AAF075F005E9A42AF996
:106F6000E812EF65222402FCE439FD7A4C7B002212
:106F7000852182852283E4F0A3F0A821A922880834
:106F80008909780822A3A312E7BC22F0AA21AB2228
:106F90002274EC120BD474ED121260890C7C137DF8
:106FA000007900AA21AB22121AE77410121504749A
:106FB000FFF07E007F00EE2411F50AEF3401F50B9F
:106FC000A821A9228808890978081211D07C137D8C
:106FD00000AA0AAB0B121C0774021211ADE9600380
:106FE00002F0E0EEF8EFF9E875F009A4F8AAF07500
:106FF000F009E9A42AF9743128F508741839F5095B
:10700000E5082404F50EE43509F50FE50CA821A9DF
:107010002288108911781060361211D075101375FE
:10702000110078101211D07C007D00AA0AAB0B125F
:107030001C1374041211AD85088285098312F104B2
:10704000850E82850F83F0A3F0A3F0A302F0DF1278
:1070500011D075101375110078101211D07C007DBD
:1070600000AA0AAB0B121C1974041211AD9083E034
:10707000781012149185218285228378101213B71B
:10708000A821A9228810891178101211D075101327
:1070900075110078101211D07C007D00AA0AAB0B8C
:1070A000121C1374041211AD8521828522831214DF
:1070B000C98508828509831214D574041215041237
:1070C00014C9850E82850F831214D57C137D007937
:1070D00000AA21AB22121AE7741012150474FFF0F3
:1070E0000EEE70010F12EF46500302EFB6E50C6092
:1070F000077A007B00122777741302EE68F582E4AA
:10710000350DF583E412F5672274F0120BD474E4A4
:107110001212608A0C8B0D8C088D09750AA18521CD
:1071200082852283E4F0EC2406FEE43509FFEEFAC2
:10713000EFFB122309E9700BEEFCEFFDAA0CAB0D7F
:107140001226E17409121230880C890D780C121184
:10715000D07402121240EEFAEFFB1227837402126F
:1071600011AD8A0C8B0DA80CA90D901BD1E0640108
:107170006005E06402703F852182852283E07036DD
:107180007C087D0079007401121238121AE7740924
:10719000121230880C890D780C1211D07402121260
:1071A00040740312123812278374021211AD8A0C34
:1071B0008B0DA80CA90DE508240FFAE43509FBEAAC
:1071C000FEEBFF852182852283E0700302F2DE75EB
:1071D0000A00E5082420FAE43509FB7419121504A5
:1071E000E0604514600E14606C2405606824FE6045
:1071F0001602F2F8901BD1E06401700302F2A1E0E4
:107200006402700B02F2A1901BD1E064016005E002
:10721000640270078A828B837401F08E828F83747C
:1072200003F0A3740102F2AA741B12150412F5589C
:107230008E828F8312E4C690184CE08A828B83F092
:1072400090184CE0C0E0E5082421F582E43509F50A
:1072500083D0E08055E875F009A4F8AAF075F0092C
:10726000E9A42AF9749C28F8740E39F9E8FAE9FBC4
:1072700012F53D780C1214918A828B83780C1211CE
:1072800055505690837C780C1213588A828B8378E1
:107290000C121473901BD1E064016005E06402706D
:1072A0000C8E828F837402F0A314F0804B74111241
:1072B0001504A982AA83890C8A0D750E00780C1218
:1072C00011CC7C087D00E5082418FAE43509FB128E
:1072D0001ADB74031211AD801F750AA2801A901B6D
:1072E000D1E07014122FF3E9700E8E828F83740335
:1072F000F0A37401F0750A00A90A741C02DD387449
:10730000ED120BD474DF1212608C088D097EA1740B
:1073100014121504E4F0741512150412E80BEC2491
:1073200006F50AE43509F50BAA0AFB122309E970F0
:107330000302F5217401121230880C890D780C12A9
:1073400011D07402121240AA0AAB0B1227837402E6
:107350001211AD8A0E8B0FE508240FF50CE43509E8
:10736000F50D74FF650E700474FF650F700302F570
:107370001012F549AAF075F009E9A42AF974312828
:10738000FE741839FF852182852283E0700302F4A0
:10739000177411121504E0602114600E146030247B
:1073A00005601424FE601002F4A9901BD1E0640172
:1073B000602AE06402602502F49C74131215041222
:1073C000F558850C82850D83E8F0A3E902F4A890B6
:1073D0001BD1E064016005E06402700E850C8285BB
:1073E0000D837402F0A31402F4A87409121504A901
:1073F00082AA83890C8A0D750E00780C1211CC7C40
:10740000087D00E5082418FAE43509FB121ADB743C
:10741000031211AD02F4A9850A10850B1175120033
:1074200078101211CC7C087D00740C121504AA820D
:10743000AB83121ADB74031211AD741112150474AC
:10744000FFF074121215047401F0121AF3EA540FCB
:10745000C0E07413121504D0E0F074011215041288
:10746000F56F12150412F561121230880A890B7833
:107470000A1211D0750A13750B00780A1211D07C0C
:10748000007D00AA0EAB0F121C1374041211AD7C08
:10749000097D007900EEFAEFFB121AE7850C828570
:1074A0000D837403F0A37401F0E508240EF582E463
:1074B0003509F58312E4BC1214C912F53D1214D536
:1074C00090837C78081214918E828F83780812132F
:1074D000B78E828F83780812149190830C780C12E7
:1074E00014917808790C120B65E50C450D450E4595
:1074F0000F702A8E828F83A3A3A3A3A3A3A3A37435
:1075000001F07A007B04901762E0F9121B3B800DBA
:10751000850C82850D837403F0A37401F07E0080D6
:1075200015741412123812232DE9640170087414B2
:10753000121238122321EEF9742102E922E50824FF
:1075400012F582E43509F58322EA24EFF8EB34FEE4
:10755000F9E875F009A4F822E02404F8E43401F90C
:107560002212F5660422E4F0A3F0A3F0A3F02212A5
:10757000F56674052274F4120BD474CE121260896D
:1075800009C2007C0C7D007900AA21AB22121AE707
:1075900012221FE9F8A2E75002D200750800804DC0
:1075A000EE2475FE50010FA821A922880A890B78C4
:1075B0000A1211D07C0C7D00EEFAEFFB121C07744E
:1075C000021211ADE97024A2005020780A1211D0E5
:1075D000750A0C750B00780A1211D07C007D00EE44
:1075E000FAEFFB121C1374041211AD0508AE087FEC
:1075F00000903804E493F8EEC39840A47C087D0022
:1076000079FF7404121504AA82AB83121AE7EE24E0
:1076100074FE50010FA821A922880A890B780A124A
:1076200011D07C0C7D00EEFAEFFB121C07740212E5
:1076300011ADE97024A2005020780A1211D0750A09
:107640000C750B00780A1211D07C007D00EEFAEF69
:10765000FB121C1374041211AD7C157D00790074AB
:107660001D121238121AE7741D121230880A890B83
:10767000780A1211D07C157D007A827B00121C07DB
:1076800074021211ADE97026740165097020780A40
:107690001211D0750A15750B00780A1211D07C00F2
:1076A0007D007A827B00121C1374041211AD7C11D0
:1076B0007D007900740C121238121AE7740C121241
:1076C00030880A890B780A1211D07C117D007A3A31
:1076D0007B00121C0774021211ADE970267401655B
:1076E000097020780A1211D0750A11750B00780AFA
:1076F0001211D07C007D007A3A7B00121C137404B6
:107700001211AD740C121230880A890B780A12110A
:10771000D07C117D007A3B7B00121C077402121191
:10772000ADE97026740165097020780A1211D075D0
:107730000A11750B00780A1211D07C007D007A3B8B
:107740007B00121C1374041211AD743202EC9B7492
:10775000F1120BD48C088D09743A6A7001EB600643
:10776000743B6A4B701578081211D07508107509B2
:107770000078081211D07C0102F7FF74036A7003CD
:1077800074016B7008750C63750D37801974686A25
:107790004B702F901BD1E064016005E06402706BB8
:1077A000750C73750D37750E80780C1211CC7C102A
:1077B0007D00AA08AB09121ADB74031211AD79001F
:1077C000804B74026A700374016B602174626A4BAF
:1077D000601BEA24FCF8EB34FEF9E849600FEA2468
:1077E000FFF8EB34FDF9C3E812DA92501E78081264
:1077F00011D075081075090078081211D07C007D31
:1078000000121C1974041211AD8002790A02EB49AE
:1078100074F4120BD474E812126089097C187D008C
:107820007900AA21AB22121AE7750800E5082401A5
:10783000FEE43402FFA821A922880A890B780A12E3
:1078400011D07C187D00EEFAEFFB121C07740212B7
:1078500011ADE97026740165097020780A1211D003
:10786000750A18750B00780A1211D07C007D00EEA5
:10787000FAEFFB121C1374041211AD0508EEC39449
:107880000340A9741802EC9B74F7120BD4E9FE12A2
:1078900021E3EEF91221EFEEF91221D102E816747C
:1078A000EE120BD47A187B00121B8F8A0E8B0FEA14
:1078B000450F700302F991750800750900E5087518
:1078C000F009A4F8AAF075F009E509A42AF97416DC
:1078D00028F50A741812FA73600302F964E50824A3
:1078E00001FEE5093402FF780E1211D075101875EB
:1078F000110078101211D07C007D00EEFAEFFB121F
:107900001C1974041211ADE9705A850A82850B8323
:107910001214C9E50E2410F582E4350FF583121414
:10792000D5850A82850B83A3A3A3A31214C9E50EF0
:107930002414F582E4350FF5831214D5780E121154
:10794000D0750A18750B00780A1211D07C007D00E2
:10795000EEFAEFFB121C1374041211AD850C828534
:107960000D83E4F00508E50870020509C39403E5FA
:10797000099400A2D265D033500302F8BD7C187D73
:10798000007900AA0EAB0F121AE7AA0EAB0F121B5A
:10799000957F0A020EDC74EE120BD47A137B001270
:1079A0001B8F8A0E8B0FEA450F700302FA70750861
:1079B00000750900E50875F009A4F8AAF075F0094A
:1079C000E509A42AF9743128F50A741812FA7360CB
:1079D0000302FA55E5082411FEE5093401FF780E8B
:1079E0001211D075101375110078101211D07C008F
:1079F0007D00EEFAEFFB121C1974041211ADE97050
:107A000054850A82850B831214C9850E82850F83E3
:107A10001214D5850A82850B83A3A3A3A31214C9CC
:107A2000850E82850F83A3A3A3A31214D5780E120B
:107A300011D0750A13750B00780A1211D07C007DE5
:107A400000EEFAEFFB121C1374041211AD850C82C8
:107A5000850D83E4F00508E50870020509C3940369
:107A6000E5099400500302F9B4AA0EAB0F121B955E
:107A700002F99139F50BE50A2408F50CE4350BF50C
:107A80000D850C82F583E064012274F6120BD47428
:107A9000F81212609082B9AC21AD2274081210F66F
:107AA000EA4B6006EAFEEBFF800CA821A9228808B9
:107AB0008909AE08AF09EEFCEFFD7A007B0079ABD7
:107AC0001226DBEEFCEFFD7A537B18121C8575083D
:107AD0005375091878081211D075080875090078CF
:107AE000081211D07C007D007A717B00121C137487
:107AF000041211AD740802E83274F6120BD474DA71
:107B00001212607C157D0079007411121238121A5D
:107B1000E774111212308808890978081211D0759B
:107B2000081575090078081211D07C007D007A8252
:107B30007B00121C1374041211AD7C117D007900BE
:107B4000AA21AB22121AE7A821A92288088909785C
:107B5000081211D075081175090078081211D07C2F
:107B6000007D007A3A7B00121C1374041211ADA838
:107B700021A9228808890978081211D07508117581
:107B8000090078081211D07C007D007A3B7B00123E
:107B90001C1374041211AD742602E83274F0120B37
:107BA000D474F11212607401121504EAF0A3EBF020
:107BB000740D121504ECF0A3EDF07407121504E433
:107BC000F0A3801B741F12150412FF99740D121577
:107BD0000412FF9F1230E5740712150412FFCBF058
:107BE000740112150412FFACF97401121504E0249B
:107BF00001FAA3E03400FB7401121504EAF0A3EBD0
:107C0000F07425696015E970BB740712150412FF42
:107C100099740F1211AD7F08020EDC7A007B00749C
:107C20000112150412FF77121504E0FCA3E0F5839E
:107C30008C82E02498600924FC70107B01EB8003A7
:107C40007A01EA121504E8F0A3E9F07401121504B0
:107C500012FFAC852182852283F074011215041273
:107C6000FF77121504E8F0A3E9F0EAA2E092F0EB46
:107C7000A2E0B372F092F0852182852283E024A8ED
:107C8000700302FD5724F5601714700302FD3024C1
:107C9000F5607B24FC603424FB700302FD578018E0
:107CA000742112150412FFB5852182852283F012FA
:107CB000FF6D12150412FF83741F12150412FF9931
:107CC000852182852283E0F902FBCC742112150400
:107CD00012FFB5FEA3E0FF12FF6D12150412FF8C18
:107CE000F08E828F83E0F9A3AE82AF83700302FB34
:107CF000E0741F12150412FF99740D12150412FF7F
:107D00009F1230E5740712150412FFCB80D27E0853
:107D10007F00A2F07403500A121504E4F0A37480EB
:107D20008046121504E4F0A3F0A3F0A37440804A47
:107D30007E0A7F00A2F07403500B1215047410F039
:107D4000A374278023121504E4F0A374CAF0A3746B
:107D50009AF0A3743B80237E107F00A2F07403503E
:107D60000E121504E4F0A3EEF0A3E4F0A3800B12CE
:107D70001504E4F0A3F0A3F0A3EEF07421121504AF
:107D800012FFACFCA3E0FDEAA2E0400302FEAC85DA
:107D90002182852283E06464600302FE8A12FF6D03
:107DA00012150412FFC2FAA3E0FB3395E0FC74093C
:107DB000121504EAF0A3EBF0A3ECF0A3F09083D447
:107DC0007808121491740912150478081212B6502A
:107DD000377409121504780812149178081212F7F2
:107DE00074091215047808121473741F1215041202
:107DF000FF99792D740D12150412FF9F1230E5744E
:107E00000712150412FFCBF0740312150478081240
:107E1000149174091215047808121434503874033C
:107E2000121504780C1214918E088F09E4F50AF5E6
:107E30000B780C7908120B657403121504780C1278
:107E400014739083787808121491740312150478CF
:107E50000812143450B27409121504780C121491DB
:107E600074031215047808121491780C7908120B17
:107E700065E50C2430F9C3943A4079852182852246
:107E800083E06478706A7427806812FF6D121504AD
:107E900012FFC2F8A3E0F9E8FAE9FB74091215042D
:107EA000EAF0A3EBF0A3E4F0A302FE07EBA2E0509C
:107EB0002F8C828D831214C974091215041214D5E3
:107EC000EC2404F8E43DF9742112150412FF8385B3
:107ED0002182852283E06464600302FE0802FDBD06
:107EE000852182852283E06464700302FD9D809A6F
:107EF000740729F9741F12150412FF99740D1215D5
:107F00000412FF9F1230E5740712150412FFCBF024
:107F10007409121504780C12149174031215047864
:107F200008121491780C7908120B65740912150463
:107F300078081214737403121504780C1214918EBD
:107F4000088F09E4F50AF50B780C7908120B6574B3
:107F500003121504780C121473740312150412140E
:107F6000C9E8494A4B600302FE5602FBE0EC2402DA
:107F7000F8E43DF9742122E02401F8A3E03400F98B
:107F800074012212FF872212FF8CF022E0FAA3E094
:107F9000F5838A82E8F0A3E922E0FAA3E0FB22124B
:107FA000FFA322E0F8A3E0F58388822212FFB0222B
:107FB00012FFA3E02212FFB0FCA3E0FD8C828D83B0
:107FC000E02212FF878C828D83E022E02401F0A35F
:107FD000E0340022C082C083852182852283E0F8BC
:107FE000A3E0F9E84960128A828B83ECF0A3E824CD
:107FF000FF18E934FFF94870F2D083D08202117A79
:10800000C082C08312158F9018A67433F0A3742613
:10801000F09018A87439F0A37426F09018AA743F51
:10802000F0A37426F09018AC7445F0A37426F00207
:10803000AE0274F7120BD4901898E4F0E9901897F8
:10804000F0901BC3129ECB12BAF27C687D187A9B0B
:108050007B18121C85901BC5E09018A3F09018A403
:108060007453F0A3741802905174F0120BD4EAFE0A
:10807000EBFF548070030281D69018971290D07055
:10808000030281CFEA241B12A95B707CEA241F1231
:10809000A95B64137002A3E0706E8A828B831282E4
:1080A0003B9018B6129EDE750A00750B00800D120B
:1080B0008F2812BAF2121B95AA0EAB0FEA4B60483A
:1080C0008A828B83E0650C7004A3E0650D702C8AB6
:1080D000828B83A3A3A3A3E0F50EA3E0F50FE50A2B
:1080E000450B8A828B83A3A3A3A360C312916C85E3
:1080F0000A82850B83A3A3A3A380B78A0A8B0B8A6A
:10810000828B83129EDA80B4E508242A12A95BFCD4
:10811000E5082402F8E43509F9E8FAE9FB9018B615
:10812000128325A3A3E0640270388A828B83129E97
:10813000DE800788828983129168E849601F8882FF
:108140008983E06A7003A3E06B70E888828983A367
:10815000A3E06C70DE901BCB12ACBF806BECF9120D
:10816000266F850882850983E06401704FE5082445
:10817000181282241211D412A47E120FA7E508242B
:10818000121282241211D4E5081290C41211D0E503
:1081900008240B12A482120FABE508241712906B6F
:1081A000E5082402FCE43509FDE5082419FAE43564
:1081B00009FB1230B3740A1211AD800CE064027036
:1081C00007AA08AB0912275FAA08AB09121AFFEE2B
:1081D000FAEF64808044EAA2E050139018AE12A433
:1081E000FB600612C23A1230E5EE6401802A5402A6
:1081F000600C901C2B7401F0EA6402FA8023EA54AC
:1082000008601A122669EA4B700B9018B812B7630F
:108210007A08128231EE6408FAEFFB80047A007B60
:108220000002C40FF582E43509F583E0F50A780A07
:1082300022FB901897E0F9121C5B22A3A3E0F50C37
:10824000A3E0F50D227B00901897E0F9121C4F7403
:10825000042274F4120BD48A088B098A828B83A3BC
:10826000A3A3129CB212907638F583E02409FA1287
:10827000C38C70030283158A828B837402129D2C37
:10828000850882850983128325E8F0A3E912BFE6F9
:108290008A828B83A3A3A3A3A3A3A3A3F0E50824AB
:1082A00003F8E4350912831A1290763AF583E08ECA
:1082B000828B83A3A3A3A3F0EE2409FAE43FFB8EF1
:1082C000828F83A3A312B191F5838882E0A2E58E09
:1082D000828F83A3A3A3A3A3500474018001E4F0BD
:1082E000E5082403F5828983129EDEEA12A45C3B32
:1082F000F58312AFEA1211CC1290753B12AF388E93
:10830000828F83A3A3128B951211ADEEFAEFFB902F
:10831000189712C3F48019F8E43FF98882F583E0D6
:10832000FAA3E0CA2212A075A3A32274021211AD0F
:108330007F04020EDC74F2120BD48A088B09ECFA6B
:10834000EDFB740E121504E0FC1215C58A0C8B0DA2
:10835000AE0CAF0DEA4F6030AC08AD091215B3E9B1
:108360006026AC08AD09EEFAEFFB1215B9E97014FE
:108370008E828F83129214FAEFFB1215ADAA08AB0E
:10838000091215DD7900800279B4029FC474F012DD
:108390000BD474F6121260EAFEEBFF8C088D09759F
:1083A0000FB3852182852283E4F0750E00800205DB
:1083B0000E9037FAE493F8E50EC39840030284B4B4
:1083C000AA0E7B001216018A0A8B0BEA4B60E08A28
:1083D000828B83A3A31284BB28F0F8C3EE98EF949A
:1083E0000050CC7C157D007900AA08AB09121AE771
:1083F000850A82850B83A3A3A3A312C822E0F8EE0B
:10840000C3982925E0F8E433F9E50A28F582E50B5D
:1084100039F583A3A3A3A3A3A3129080A312AAE672
:108420008A0C8B0DAC0CAD0DAA08AB09121C85850E
:108430000A82850B83A3E06401700A12A47E740192
:1084400012908880447401121240850A82850B8341
:10845000129EDC1215E9E9603D7409121504E0C0B2
:10846000E012A47ED0E0F07409121504E0640370F9
:10847000137401121240E508240BFAE43509FB12CB
:108480001C858012740112150412916CE50812AA61
:10849000A0350912BAF0850A82850B8312BCD81266
:1084A0009088A3A3E0C0E0E508241412A482D0E0E1
:1084B000F0750F00A90F740A02C40CA3A3A3E0F87F
:1084C000852182852283E02274F7120BD4E9FE8A8B
:1084D000828B83A3A3A3A3A3A3E0540860338A825F
:1084E0008B83A3A3A3A3A3A3E0540260218A828B5E
:1084F00083A3A3A3A3A3A3A3A3A3E06406600F7411
:10850000E96E600A74CD6E600574F06E7003122619
:10851000510298B074F0120BD474EF121260740F01
:1085200012150412B6377408121504E9F0ECFEEDCA
:10853000FF740512150412967A12989CA3E0F912A2
:1085400015D1740612150412B637740612150412EA
:10855000A4FB70030287CE1290B0E0FA74061215E5
:1085600004E0F91224D712882EF8A3E0F9E8497044
:10857000030287CEEE2403F50AE43FF50BEE240652
:10858000F508E43FF5097C00850882F583129EDE3C
:10859000850A82850B83E0F91215D774031215043E
:1085A00012B637850A82850B83E0C0E0852182857B
:1085B0002283128827D0E012A614F9852182852211
:1085C00083128F2F12A1511284BEFAA3E0CA24078E
:1085D000F582E43AF583E8F0A3E412B6482406F500
:1085E00082E438F583E412C7EF129CA61211CCEE98
:1085F0001290763F12AF387403121504129CB22405
:1086000009128B8F1211AD742912150412C8181299
:10861000831F12A6273A12BAF0742B121504E0C079
:10862000E085218285228312A4C4D0E0F074021276
:108630001504E4F0742512150478081214910287C9
:1086400025740312150412B2498882F58312881624
:10865000A3A3A312AAF1FB1215EF850E82850F8347
:10866000A3EAF0A3EBF07403121504128827A312F7
:10867000881612AD00A2E6500F850E82850F83A3E7
:10868000A3A3A3A3E0D2E1F07405121504E0706A7D
:10869000850E82850F8312916B9018F7E068700346
:1086A000A3E0697055850E82850F83A3A3A3129062
:1086B00055750C00780C1211D478081211C8742961
:1086C000121504E0F50C780C1211D474271215045D
:1086D000120FAB901904120FAB7900741912150424
:1086E000129E971227B9740A1211AD850E82850F5A
:1086F00083A3A3A3A3A3E04405F07402121504E02E
:1087000004FC8E828F83129ED88E828F83A3A3A3B4
:10871000E0F91215D7740312150412B63774021259
:108720001504E004F0740312150412A4FB606774CE
:1087300002121504E0FA740612150412916CC3EAD1
:1087400098E49950517402121504128B66852182A7
:10875000852283E028F8A3E039F9E8240FF50EE438
:1087600039F50F850E82F583E4F0740312150412B7
:1087700088216401600302864174051215047401A6
:1087800012C3FAF0740312150412ADF2128B7EE8D4
:10879000F0A3E9028665852182852283129EDE127E
:1087A00024DD852182852283120FAB7426121504E5
:1087B000E0FD7425121504E0FC740A121504E0F9BA
:1087C000EEFAEFFB12264B74021211AD80438E823B
:1087D0008F83A3A3A3E0C0E0740C121504D0E0F0D3
:1087E00012C223E0C0E0740D121504D0E0F074064C
:1087F00012150412A4FB7009740E12150474B980CA
:1088000007740E1215047410F0740912123812272E
:10881000B3741102C40CE0850E82850F83A3A3A359
:1088200022E012A5E8E022E012A5E8A3A322852118
:1088300082852283EAF0A3EB12A5042274F0120BC6
:10884000D474E01212607405121504E9F074041275
:108850001504ECF07403121504EDF08A0E8B0F74FE
:108860003012150412823DAA0CFB1224CB740112A3
:108870001504E9F0AA0CAB0D1224D17402121504F0
:10888000E9F07401121504E07003028B6185218206
:10889000852283E480158E828F83A3A3A3A3A3E004
:1088A000D2E3F0852182852283E00412C31DF8857E
:1088B0002182852283E0C3984003028B5874011201
:1088C0001504E07003028B58852182852283128B68
:1088D00066E50C28F8E50D39F9E8240FFEE439FFC8
:1088E0008E82F583A3A3A3A3A3E0A2E040B5C200B8
:1088F0008E828F83E07042129EDD12238D8B09A938
:1089000009EA4960348A828B83A3A3A3A3E06401AC
:10891000600D8A828B83A3A3A3A3E06403701A8EE5
:10892000828F83A3A3A3A3A3E0D2E7F0D2007402B3
:10893000121504E070030288A3750800750A087513
:108940000B007403121504E060037508207C087D99
:108950000079007406121238121AE78E828F83E0B3
:108960006040901947E06401701CE508D2E3F50807
:10897000750B108E828F8312916B74061215041280
:10898000B17974FF807C43080C750A0C8E828F834A
:10899000A3128B7612BAF2740612150474FFF0A3B8
:1089A00080607405121504E06009E508D2E6F50858
:1089B000750A0A8E828F83A3E064FE7003A3E0F43D
:1089C00070307413121504740412BCF6F8741E127D
:1089D0001504E8129D2C74131212381223397D00ED
:1089E0007C0079007416121504AA82AB8312208DC4
:1089F00080118E828F8312916B7406121504E8F039
:108A0000A3E9F07408121504E508F01290A7C0E07D
:108A1000740A121504D0E0F0740B1215047401F0FE
:108A200074061212381227657412121504E06003DE
:108A3000028B2A740E12150412A60F8E828F83A346
:108A4000A3A3A3F0740E121504129CF5E50AF0A37B
:108A5000E50BF07404121504E0C0E0129C88D0E02D
:108A600012AD006011901947E0C0E0740E121504B9
:108A7000129CD0D0E0F0740E12150412916C850C8B
:108A800082850D83A3A3A3A3A3128B6F241C12B60C
:108A90003112C7FF128B7112ACB23912C246C0E05C
:108AA000129C6FD0E012C312C0E0740E12150412B3
:108AB00097B6D0E012C005C0E0740E1215041297EC
:108AC000ACD0E0F0740E121504128B76128B6F246A
:108AD0002A12B631850E82850F83A3A3A3A3A3A375
:108AE000A3A3E012B62A129096C0E01297A2D0E09B
:108AF000F0740E121504129EDE850E82850F83120D
:108B0000C3282428F582E43B12BAF012909F12AFDA
:108B1000EA1211CC12AF31EA12B5B23B128B9312AA
:108B200011AD740612123812276B8E828F83A3A3A5
:108B3000A3A3A3E0D2E0F07412121504E0600302D4
:108B40008896A20050087402121504E014F0740113
:108B5000121504E0140288A27900AA0CAB0D1226AB
:108B600057742002C40CE075F007A4F8A9F022A302
:108B7000A3129EE2E822E0128B7EA3A3A322F8A315
:108B8000E0F9850E82850F83A322129CC6242FF55F
:108B900082E438F583129EE2121ADB74032274F029
:108BA000120BD474E8121260E9852182852283F0C9
:108BB0008A0E8B0F8A828B83A3A3A3A3A3A3A3A351
:108BC000E0F91224F58A088B09EA4B7003028C71D4
:108BD000E50E12A4741290BF129060852182852246
:108BE00083E06003028C747C04850E82850F83A36E
:108BF000A3A3A3A3A3A3A3E0F91224FBEE4F6071E8
:108C00008E828F83129168740712150412BB0F12A3
:108C1000916C740912150412AFF3C0E074111215AF
:108C200004D0E012BFEBA3129166740F1215041268
:108C3000BAF27412121504E412C402C8241FF58299
:108C4000E438F583128CE4C413135403FC70027CE3
:108C5000048E828F83E0F978081211D0742059FDB8
:108C6000744059F9740312123812264B740212110F
:108C7000AD02C40A7C08850E82850F83A3A3A3A33B
:108C8000A3A3A3A3E0F91224FB8B0BEA4B7003020E
:108C90008BFCEE4F60DB852182852283E0F50C782A
:108CA0000C1211D4850882850983A3A3A3A3A3A3CF
:108CB000A3E0F50C780C1211D48A828B83A3A3A3B2
:108CC000E0FB8A82850B8312D0488A82850B83E081
:108CD000FA8E828F83A3A3E0F91230B974021211C5
:108CE000AD028C00E0F812B611E02274F7120BD43A
:108CF00074FA121260E9FE780179017F008003792D
:108D0000000F12A054E0FCEFC39C5026EF75F00753
:108D1000A4FC85F008AD08EA2CFCEB3DFD12963270
:108D2000E0A2E050DA540C60D6E0A2E250D3780022
:108D300080CF8A828B83A3A3A3A3A3A3E0703DE982
:108D4000A2E0400574016E70338A828B83A3A3A3D3
:108D5000A3A3A3740112903EE0C0E07403121504B3
:108D6000D0E0129691E0C0E07404121504D0E0F057
:108D70007405121504E812B1E61227B374060298BE
:108D8000ADC082C083790112265702AE0274F4127C
:108D90000BD4EA4B901C2B6019E4F08A088B09F580
:108DA0000AF50B78081211C87A021282451211AD29
:108DB000800A7401F07A027B0012823202833074DE
:108DC000F0120BD474F31212607403121504E4F061
:108DD000A3F09018B61290607401121504E4F0A389
:108DE000129D3104F09018F1E0A2E35003028EB21C
:108DF00012903274091215041214D5740912150454
:108E000078081214919018B8780812124874051254
:108E100015047808121473128F357405121504782E
:108E20000812143450077A017B00028F2374051254
:108E30001504780C121491901BCAE0F509780C798E
:108E400008120B65A80CA90D901BCBE0C398E49900
:108E50005003E08001E8852182852283F0740912A5
:108E600015047808121491C008C009C00AC00B7418
:108E700005121504780C121491128F35780C7908AC
:108E8000120B65E4F50AF50BD00FD00ED00DD00C07
:108E9000780C790812131C9018B8780C121473808F
:108EA00011128F2812BAF2EEFAEFFB121B95AE08E0
:108EB000AF09EE4F60658E828F831284BBC39850DA
:108EC0002DEE2403F8E43FF9E0FA88828983E0C3B9
:108ED0009AF060237403121504129375740112152D
:108EE00004EEF0A3EF12B650FEA3E0FF80C48E8222
:108EF0008F83A3A3A3E4F08E828F8312D4E2740144
:108F000012150412A4FB8E828F83A3A3A3A36091E6
:108F100012BAD7121504128F2F8089740312150408
:108F2000129EDE740D02C40C1291709018B62212BB
:108F3000AAB0A3A322901BC912D4EAE4F50AF50B48
:108F40002274F0120BD48A088B09890A7800790000
:108F50009018B6129060FBEE4B601E088E828F83D5
:108F6000A3A3A3A3129E91601008E87001098E824A
:108F70008F8312905CEA4F70E3901BCC129EDEC38D
:108F8000E89AE99B40030290257A06129028A80CE3
:108F9000A90DEA4970030290258A828B83E508F0C7
:108FA000A3E509129047E50AF0901BCB12A05C12D2
:108FB000903EA3E4F0A3F09018B6129E91600D8E3F
:108FC000828F83A3A3A3A312BAF280179018B612BC
:108FD000BAF29018F1E0A2E340091290329018B86A
:108FE0001214D59018F1E0A2E3503A7A087B009071
:108FF0001897E0F9121C61EA4B4C4D7028901BC980
:10900000E0F508A3E085080CF50DE4F50EF50F7802
:109010000C1211C87A087B00901897E0F9121C55C1
:1090200074041211AD02C40F7B00121B8F8A0C8BCB
:109030000D22121C6DEAF8EBF9ECFAEDFB2212900E
:109040004222129047A322F08A828B83A3A322E5B7
:1090500008F00298B012A969A3A3F022A3A3A3A3C6
:10906000E0FEA3E0FF227F05020EDCF582E4350975
:10907000F583E0F922EA12907A222410F582E422A4
:1090800012AAC8A3A3A3A32212908C22F0850A825D
:10909000850B83A3A322E50E24111290BCE022E5E8
:1090A0000E240E1290BC22E50E24101290BCE02279
:1090B0001290B422EE12907A3FF58322F582E435C5
:1090C0000FF58322240FF50AE43509F50B780A22FF
:1090D000E0F9121B118A088B09EA4B2274F2120B79
:1090E000D4890B8A088B098A828B83129EDE122612
:1090F0007BEA4B600479B8806A122687E9F89037DA
:10910000FDE493F9E8C399400479B280567A1512C8
:109110009028AE0CAF0DEA4F7004791080458A821A
:109120008B83E4F0A3129047E50BF0750A007808F2
:109130001211CC7C127D00EA240312C2E41211AD9C
:109140009018BC12A4FB70089018BC800C12916C93
:109150008882898312917A70F4EEF0A3EFF01226E0
:10916000997900029FC4A3A3A3A3A3A31291702281
:1091700012917422E0F8A3E0F922129EE2EA4B88F1
:1091800082898322C082C0839018BC80048C828D27
:109190008312D049EC4D60288C828D83A3A3E069B3
:1091A000600574FF6970E68C828D83A3A3A3E06AD7
:1091B0007003A3E06B70D6EC2403FAE43DFB80045B
:1091C0007A007B0002AE0274F7120BD4E9FD74FE44
:1091D0006D70047C0180027C009018BC80096D7069
:1091E000027C018882898312A4FB601F88828983A4
:1091F000A3A3A3E06A7003A3E06B70E7ECA2E0888E
:10920000828983A3A3E050D6F9800279FE0298B048
:10921000EEF9800CA3A312D4EAEE2274021211AD6F
:109220007F02020EDC1291748E828F8322C082C074
:109230008379009018BC800109E0FAA3E08A82F5E6
:1092400083E582458370F102AE0274F6120BD4E41A
:10925000F508F50978081211D09037FDE49375F000
:1092600013A4A9F012936A12C8431211ADE9FE7457
:10927000096E700312269302921074F6120BD474C6
:10928000FE121260852182852283E4F0A3F0A821DA
:10929000A9228808890978081211D0750802750971
:1092A0000078081211D012C4AC1211AD02921B74D6
:1092B000F5120BD474EB121260852182852283E4AF
:1092C000F0A3F09018BC80748E828F83A3A3E0C0BB
:1092D000E07402121504D0E012A9B0A982AA838911
:1092E000088A09750A0078081211CC7C127D007476
:1092F0000612150412C8081211AD74021212308839
:1093000008890978081211D07508137509007808C2
:109310001211D0740412150412A4AD75F013A4F840
:10932000AAF075F013E912936612C4B41211AD8558
:1093300021828522831293758E828F83129060EE34
:109340004F7085A821A9228808890978081211D0B0
:1093500075080275090078081211D012C4AC1211F8
:10936000AD741502C906A42AF9E82402FCE439FD0B
:109370007A427B0022E02401F0A3E03400F0227462
:10938000F4120BD474EB1212607E007F00A821A9A6
:10939000228808890978081211D07508028E097888
:1093A000081211D07C007D007A4212C84F1211AD14
:1093B000E9706C8E0880567402121230880A890B8C
:1093C000780A1211D0750A13750B00780A1211D0A1
:1093D000E50875F013A4F8AAF075F013E5091293E7
:1093E0006612C8511211ADE9701B7403121504AA5C
:1093F00082AB837402121504E0F9122675E9700538
:109400000EEE70010F0508E508700205098521823E
:1094100085228312916CC3E50898E509994098EE7E
:10942000FAEFFB741502832D74F6120BD48C828D27
:1094300083A3A312967FF0EA12B5B83BF583E0C090
:10944000E012963CD0E0F012960F12916C1296202A
:1094500012967AF0A3F0EA241FF582E43BF583121A
:109460009060EC1296093DF583EEF0A3EFF01296B2
:10947000193BF58312964AA3A3A3A3A3A3EEF0A3DB
:10948000EF12B16AFE8C828D8312968974035EFEA0
:10949000C3940340030295FCEE600874026E6003FF
:1094A0000295298C828D83E0540CFE740C6E70033F
:1094B000029566E0A2E4400D88828983E08C828D6B
:1094C00083A312969F74086E600302956612962A13
:1094D0007401F08A828B83A3A3A3A3A312A976703D
:1094E000148C828D83E0440C129691A3A312964AA9
:1094F000EEF0A3EFF08C828D83E0A2E4402B888213
:1095000012965812966D500109F582129658A3A32F
:10951000A3A3A3A3F0A3EF1296998C828D83A3A398
:10952000A3F0E82403F850010988828983E0C0E0B1
:10953000EC12C2113DF583D0E01296898C828D83A6
:10954000E0A2E7507588828983E0FE8C828D8312C9
:10955000969F74FC5E700C8C828D83A3E054036430
:1095600003701E0295FC12962AE4F0740C6E6003E0
:109570000294D3888212965E12966D50010902946D
:10958000F58C828D83A3E05403603288828983E066
:10959000C0E0EC1296443DF583D0E01296A08C8298
:1095A0008D83E054036402701488828983E0C0E0F4
:1095B000129632D0E01296A08003A3E4F0EC12A43D
:1095C0005C3D12BAF0EC2410FEE43DFF12960FE071
:1095D000F5088E828F83E0C3982508F508F0EA2409
:1095E00017F8E43BF98882F583E0C39508C0E012E0
:1095F0009620D0E012B16AC39508500A129620E472
:10960000F012963CE4F00292202415F582E422EA5E
:10961000241DF582E43BF58322EA240DF582E42241
:10962000EC240DF582E43DF58322EC12A6273DF5EE
:109630008322EC2414F582E43DF58322EC12907A27
:109640003DF583222413F582E422E0FEA3E0FF8CA3
:10965000828D83A3A3A3A32212965EA3A322898350
:10966000E0F508A3E0FFE5088C828D8322A3A3A385
:10967000A3F0A3EFF0E82402F82212967FA322E4DD
:10968000F08C828D83A3A3A3221296A7A882A9831C
:1096900022129042A3A3A3A3221296A7A3E022A37F
:1096A0001296A708A9832212B173A32274F4120B95
:1096B000D474F31212608A0A8B0BECFEEDFF8C82DD
:1096C000F583E0540CF508E0A2E75006E508D2E780
:1096D000F508E508D2E1F50812A9767006E508D28A
:1096E000E4F508E0A2E55006E508D2E5F5087C08B7
:1096F0007D007900AA21AB22121AE7740212150428
:10970000E50812C7EAC0E07403121504D0E0129D08
:1097100031E50AF0A3E50BF0740512150412C00A36
:10972000121504E070777408121504129CB212B17D
:10973000583812C02FC0E074081215041297B6D022
:10974000E012C005C0E074081215041297ACD0E016
:10975000F074081215041297C2E0129CDA12AFF7E7
:1097600012B62AEE241112A946C0E01297A2D0E048
:10977000F0EE241412A946C0E07408121504129CDD
:10978000B22435F582E438F583D0E0129CFFC0E0C6
:109790007408121504129CB6D0E012BCE8740D02D5
:1097A000832DE82432F582E439F58322129CC61217
:1097B000C20338F58322129CC62426F582E438F5CC
:1097C0008322129225A3A3A3A3A3A32274F7120BAF
:1097D000D47E008A828B83A3A3A3A3A3A3A3A3A362
:1097E000E06404600302988C12A61FE060030298F4
:1097F0008C12A4733B12A4F9700302988C8882899E
:1098000083E05403600302988CE812A62739F5839D
:10981000E0FA8C828D83A3A3E0FBA3E0CB12C211FC
:109820003BF583E06A706588828983A3A3A3A3A321
:10983000A3A3A3A3129890E06A7003A3E06B704CFB
:1098400088828983A3A312989CE0FFA3E0CF24061B
:1098500012A9466A7003A3E06B703188828983A3E2
:10986000A3E0F88C828D83A3A3E0F9A3E0F58389BC
:1098700082A3A3E06860138C828D83A3A3A3E0F589
:10988000838982E0540C640470027E01EEF980202A
:1098900012989422129EE68C828D8322A3A31298A2
:1098A00094A3A322740C121504E0F9740D1211ADE7
:1098B0007F01020EDC74F6120BD474FC121260EA03
:1098C000FEEBFFECFAEDFB8C82F583A3E054036022
:1098D000169018B212A4FB60597900EEFCEFFD124D
:1098E000C23A1230E5804B852182852283EEF0A3B7
:1098F000EFF07402121504129D21AC21AD227AB151
:109900007B2612292D8A088B09A808A909EA496033
:10991000218A828B83A3A3A3A3A3A3A3A3A37406D7
:10992000F07A0088828B83129CB212B5D9E0F912CA
:10993000285B740402921D74F2120BD474F3121299
:1099400060EAFEEBFF8A82F583A3A3A3A3A3A3A3EC
:10995000A3A3A3E0F50A901C2BE0700579BA029C42
:109960006C750801750900750C00750D007C087D8B
:10997000007900AA21AB22121AE7740512150474AB
:1099800001129D39540460127402121504E0D2E6EB
:10999000129D3954087003750803E0541060067472
:1099A000404508F508E0540860227402121504E0EE
:1099B00044C0129D395420600A7403121504E0D289
:1099C000E080087403121504E0D2E1F0EE241512D1
:1099D000A946129C9A7003740169700674084508C0
:1099E000F5088E828F83A3A3A3A3A3A3A3A3E070F0
:1099F0001612299F85218285228312B6377402129E
:109A00001504E0D2E2802C640F7010740212150469
:109A1000129D4174044508F508807B8E828F83A3D4
:109A2000A3A3A3A3A3A3A3E064028E828F837006E3
:109A300012AFDAF08060A3A3A3A3A3A3A3A3E0645F
:109A400003700DAC21AD22EEFAEFFB1226E7804643
:109A50008E828F83A3A3A3A3A3A3A3A3E064017017
:109A600035901947E060107402121504129D41757B
:109A70000910750AFF80187402121504E0440C12D4
:109A80009D3174FDF0A374FFF074044508F5088E51
:109A9000828F8312823DEE241512A946A2E0503F28
:109AA0007402121504E0540C701B8E828F83129E78
:109AB000DE1221A7E9700579BB029C6C74021215B5
:109AC00004E0D2E5F0EE241512A946A2E05010748D
:109AD00002121504E0540C64047004E0D2E5F0EEC8
:109AE000241112A946C0E07404121504D0E012C07B
:109AF0000C121504E06003029C6574081215041230
:109B00009CF5E508F0A3E509F0129C90E0C0E01296
:109B10009C88D0E0F0129C79E0C0E0740812150433
:109B2000129CB212964438F583D0E012AFF764016C
:109B30007011901947E0C0E07408121504129CD00F
:109B4000D0E0F07408121504129CF0129C83FAE81D
:109B5000241CF582E439F583EA129D2CEE2415FAD3
:109B6000E43FFB8A82F58312D049E812ACB239F5A2
:109B700083129D21EE241C12A946C0E0129C6FD0D6
:109B8000E012ADF8129C9A700374016970137408A6
:109B900012150412A60FFAEE241D12A946F9122579
:109BA000018E828F83A3A3A3A3A3A3A3A3A3E0C037
:109BB000E074081215041297B6D0E0F0740812157C
:109BC000041297ACE50AF0740812150412A4AD242F
:109BD00028F582E439F583E50CF0A3E50D129D0725
:109BE000129CDA12A9C512B62AEE129C83C0E0E8D4
:109BF0002433F582E439F583D0E0F0EE241B12A97A
:109C000046C0E07408121504129CB6D0E0F0EE24B1
:109C10001A12A946C0E07408121504129CB224322C
:109C2000F582E438F583D0E0129CFF129CA6121155
:109C3000CC12C20912D049740B121504128B8A126D
:109C400011ADEE241512A946544060129018D2129C
:109C5000A4FB600AAA21AB2212C23A1230E5AA2163
:109C6000AB2212276B740C121504E0F9029FBFE8B7
:109C70002420F582E439F58322EE2419F582E43FAD
:109C8000F5832212C21CE022E812B15C39F583226E
:109C9000EE2418F582E43FF583225480F8A3E054C3
:109CA00001F974806822F508A3E0F509750A0078C7
:109CB0000822129CC622129CC62434F582E438F590
:109CC0008322A3A3A3A3129CCA22E0F8A3E0C82284
:109CD000129CC612960938F58322FAA3E0FBE82409
:109CE0002AF582E439F583EAF0A3EB22A3A3A3A328
:109CF000129170EE2212A4B112A47839F58322F0E9
:109D0000EE241312A9CD22F0EE240D12A9CD22E0EB
:109D1000FC8A828B83E02CFCA3E03400FD8A828BDA
:109D200083ECF0A3EDF02212A4DA7404F0A3E4F0C3
:109D300022F085218285228322F0EE241512A9CDFE
:109D400022E0D2E3F0129D49228E828F8312C82036
:109D5000E8F0A3E9F02274F7120BD48A828B83A374
:109D6000E0640170047E6380027E648A828B83E0FB
:109D700060087905129D8A24F3FE9018EFE06007D1
:109D8000F9129D8A24F2FE02988C12282BE9F8EE33
:109D9000C3982274F6120BD474FE121260852182CD
:109DA00085228312B637E9FEECFAEDFB9005C2126C
:109DB000A4FB6032A821A922880889097808121119
:109DC000D07D01740E121504E0FCEEF99005C2126C
:109DD000B60B1230E574021211ADEA4B6004790043
:109DE000800679B2800279B602921B74F7120BD406
:109DF000E9FE9018A612A4FB601F7409121504E076
:109E0000F50878081211D4EEF99018A612B60B12C4
:109E100030E574011211AD800279B60298B074F782
:109E2000120BD48908ECFEEDFF79B5E508245F60DC
:109E30000C14603414601624F8604880519018990E
:109E400012916C8C828D83E8F0A3E980189005C490
:109E5000129E916039E0F5838A821230E58E828FFE
:109E600083EAF0A3EBF080249018A812D049EC4DBF
:109E7000601CEEFCEFFD9018A812B60B1230E5E95D
:109E8000F9800B9018A4129E97121C8579000298F5
:109E9000B0129EE2EA4B2212D04DEEFAEFFB227492
:109EA000F7120BD4E979B5245F600624F6600E80C2
:109EB000178C828D83129ECB12BAF280099018A45F
:109EC000129EDE121C8579000298B01291709018D3
:109ED00099228E828F83A3A3A3A3A3A3A3A3129EDD
:109EE000E222129EE622E0FAA3E0FB2274F1120BBA
:109EF000D4EAFEEBFF8C0A8D0B7508019018F7E091
:109F00006E7003A3E06F700C129FB3AA0AAB0B1222
:109F10001C85805E1229A5EE6A7002EF6B7009AA9B
:109F20000AAB0B1229AB804AAC0AAD0BEEFAEFFB81
:109F3000122315E9F508901BD1E07036122FF3E9D2
:109F40007030E508702C9018C6E06E7003A3E06FC7
:109F50007020EE4F601C750CBE750D18750E0078E4
:109F60000C1211CC7C087D00AA0AAB0B12C80C1293
:109F700011ADA90802D14574F2120BD4EAFEEBFF31
:109F80008C088D09750A01129FB3EEFAEFFB121CC3
:109F90007FE96401700B9018F712AAC412BAF2801C
:109FA0000EAC08AD09EEFAEFFB12231BE9F50AA986
:109FB0000A80111229998A0C8B0DAC0CAD0D2274FC
:109FC0000D1211AD7F06020EDC74F6120BD4EAFE00
:109FD000EBFF7A0D7B00121B8FEA4B6062EE2424AC
:109FE00012C4E1F0EE242512C4E1A312A08112C430
:109FF000E7A3A312C23E12A05CF0EE12A04212A090
:10A0000071E8F0A3E912A09812A06912BAF2EE1258
:10A01000A04B12C308A3A3A3A3F0EE243312A946B6
:10A02000C0E012A054D0E012C03312A069A3A3A3D1
:10A03000E8F0A3E912A090C0E012A61FD0E0F00261
:10A040009220242AF582E43FF58322242EF582E42F
:10A050003FF58322EA12AAA03BF5832212A06022D8
:10A06000E08A828B83A3A3A32212C356A3A3A3A334
:10A070002212A075221291748A828B83A3A3A3A3B8
:10A0800022F012A08622EE2426F582E43FF58322F8
:10A09000F0EE243212A9CD22F0EE242C12A9CD220A
:10A0A00074F4120BD474FE121260ECFEEDFFEC247B
:10A0B0001612A94664057010EC2406FCE43FFD125C
:10A0C00026E1E9700302A14CAC21AD2212C5961223
:10A0D00021AD85218285228312A4FB606B8E828F45
:10A0E00083E064017058E875F009A4F8AAF075F0EF
:10A0F00009E9A42AF9741128F8740639F9E8FAE98B
:10A10000FB8882F5837808121491EE12A1EE1214E6
:10A11000344027852182852283129CF012A9541293
:10A12000A151780812149190837C78081213588AF0
:10A13000828B837808121473800A79A28010EE242F
:10A140000F12BAEC7900800679A1800279C80283E7
:10A150002B129D50EE12C2282274F2120BD48A0CDC
:10A160008B0DECFEEDFFEC12A954E4F0A3F090830C
:10A17000547808121491EC12A1EE1212CB6067EC25
:10A18000240E12A94D703478B39018EEE070289028
:10A190001920E064017020EC241112A946F912285C
:10A1A000138B09A909EE12A4743F12B635EA49606F
:10A1B000047800800278A18808802EE060046402A0
:10A1C000700A1226F3E9F5087007801DE064037039
:10A1D00010EEFCEFFDAA0CAB0D1221D7E9F50880BB
:10A1E000087508A180037508A3A908029FC412C2BC
:10A1F0002878082274F0120BD474F5121260EAFE6B
:10A20000EBFFEA240AFCE43F8C82F58312D4E612C9
:10A21000A48A74031212408A828B8312B41DE970DF
:10A220000302A2DD740112124074031212381221CB
:10A23000AD740112150412A4FB700302A2DDE875CF
:10A24000F009A4F8AAF075F009E9A42AF9740D2818
:10A25000FC740639FDE508240E12A482E4F0041211
:10A26000150412916CE50812A474350912BAF08C29
:10A27000828D831214C9E508241212A4821214D507
:10A2800090837C78081214918C828D837808121345
:10A29000B78C828D83780C1214919083FC7808120D
:10A2A0001491780C7908120B65E5084509450A45B3
:10A2B0000B702A740112150412A4AD75F009A4F8EC
:10A2C000AAF075F009E9A42AF9741528F582740634
:10A2D00039F5837401F07A007B0812A4A48E828F72
:10A2E00083A3A3A3A3A3A3A3A3A3A3E02406FCA3E4
:10A2F000E03400FD8E828F8312B41D12C017603EC1
:10A30000EE240A12A466129CF57468129D2CE812C1
:10A31000A45C39F5837402F09018D81214C98C82A9
:10A320008D8312B62412B1583CF5831214D5908354
:10A330007C78081214919018D878081213B712A4D8
:10A34000E670609018A412A498A3A3A3A3A3A3A348
:10A35000A3A3A3E0240612AABD121C7FE970101269
:10A36000B14C9018A412B162700512C01760348EFF
:10A37000828F83A3A3A3A3A3A3A3A3A3A312A4989D
:10A38000129EDE1221DDE960118E828F83A3A3A3CA
:10A39000A3A3A312A4D2E4F0A3F08E828F8312A40D
:10A3A000BAE4F012A4E6600302A4578E828F83A35E
:10A3B000A3A3A3A3A312D4E29018EEE0600302A427
:10A3C0004C901920E06401600302A44C750A3A75B0
:10A3D0000B00780A1211D07402121230880A890B0D
:10A3E000780A1211D012CAE11211ADE9705BE508CA
:10A3F000240E12A482740112A500C0E0E508241105
:10A4000012A482D0E0F0E508240F12A482743A125C
:10A410009D2C9018D41214C9E508241212A482129B
:10A4200014D590837C78081214919018D47808126F
:10A4300013B790837C78081214919018D47808127E
:10A4400012CB700812A4A0800312A48A12A4E67092
:10A450000612AF2374A1F0740B02C40C12A4602284
:10A46000240EF582E422F8E43FF9E8FCE9FD888255
:10A47000F58322EA12A47822240FF582E422E5086B
:10A480002413F582E43509F58322E50812A4783512
:10A4900009F583E4F0A3F02212D04D8E828F83223F
:10A4A0007A007B02901762E0F9121B3B2212A4B1E2
:10A4B00022129174E8228A828B83A3A3A3A3A3A36D
:10A4C000A3A3A3A312A4C822129CCA12A46038F5A5
:10A4D0008322A3A3A3A312A4DA22129CCA240FF5F9
:10A4E00082E438F583228E828F83A3A3A3A3A3A340
:10A4F000129CC2240FF582E438F58312A4B14922DC
:10A5000012A50422F0852182852283E02274F612AE
:10A510000BD4EAFEEBFF7A237B00121B8FEE240A9A
:10A52000F508E43FF50985088212B6357C237D00E5
:10A530007900121AE785088285098312A4FB70034B
:10A5400002A5CEEEFAEFFB1226FF12A4E660748E8F
:10A55000828F8312A60564018E828F83A3A3A3A397
:10A56000A3A3700712A5FB740E802112A4FB701028
:10A5700012C017700B8E828F83A3A3E0A2E0500756
:10A5800012A5F1740D800512A5F1740512C03354A3
:10A59000036401700712A5D57405800B9018EFE0D5
:10A5A000C0E012A5D5D0E012A614F583888212A9C6
:10A5B0006F850882850983129CB212B5B838F5837D
:10A5C000E9800E85088285098312B6BE800312B524
:10A5D000E0F00292208E828F83A3A3A3A3A3A3A360
:10A5E000A3A3A312A5E722E0F8A3E0F5838882A342
:10A5F000228E828F83A3A3A3A3A3A3129CC212B50E
:10A60000BE38F58322A3A3A3A3A3A3A3A3A3A3124A
:10A61000A4C8E02212A6182212C5C8F8A3E022EAB4
:10A6200012A6273BF58322240CF582E42274F11252
:10A630000BD474E41212608A0C8B0D8C088D097A8D
:10A64000237B00121B8F8A0A8B0BAE0AAF0BEA4FDB
:10A65000700302A92E12B5C4E508241512A95B687F
:10A660007003A3E0698E828F837004740280027489
:10A6700001F0E508240DF8E43509F98882F583E056
:10A68000FAC3E49AFA95E0FBE508240E12A95B2AC6
:10A69000FAA3E03BFB8E828F83A3A3A3A312B18412
:10A6A0008E828F83A3A3F0EE2420F582E43FF5830E
:10A6B000E4F0EE2421F582E43FF583E4F0EEFAEFD6
:10A6C000FB1227DD85088285098312A97670098E21
:10A6D000828F83A3740580069018EF12A964F0EEB0
:10A6E0002417F50AE43FF50B8E828F8312A96FE9D8
:10A6F000850A82850B83F0EE2416F8E43FF9E5081D
:10A70000240EFAE43509FB88828983129D0FE5083F
:10A710002410FAE43509FB850A82850B83E0FC8866
:10A72000828983E0F88A828B83E0C398C39CF81205
:10A73000A9B0F0EEFCEFFDAA0CAB0D1226F9E9F57D
:10A740000B8E828F83E06402700612B14C12A9381E
:10A75000E50B600302A925750C00750D00901BD157
:10A76000E064016005E06402703F12A94A6008EEEF
:10A77000242112A94D70328E828F83A3A3A312B518
:10A78000E612A97CEE241612A94612A9A5FAE4390C
:10A79000FB12902AEA4B601112AFE21211CC12A9FF
:10A7A0008AAA0C12C80C1211ADEEFAEFFB1227E9BF
:10A7B000E9F50B901BD1E064016008E064026003DE
:10A7C00002A918E9700302A918E50C450D700302EF
:10A7D000A9258003850E0B12A94A600BEE242112D5
:10A7E000A94D600302A91E850B0E850C08850D0975
:10A7F000750A0078081211CC12A98A8E828F83A361
:10A80000A3A3A3128B951211ADEE242012A94660CA
:10A810000D12A9537468129D2CEE24208015EE248D
:10A820002112A946601512A9537403F0A37401F014
:10A83000EE2421F582E43FF583E4F0EEFAEFFB121B
:10A8400027E9E9F50B70907C137D007900740912FB
:10A850001238121AE7741A121504740112A9C56489
:10A86000687002A3E0704F8E828F8312A4D2E064DE
:10A8700005600302A7D47C0879FF8E828F83A3A38F
:10A88000A3A3E0242A12AABD121B71E9700302A738
:10A89000D47C087D0079FF7401121238121AE77413
:10A8A000011212407A007B0079AB1226DB74191278
:10A8B000150474FC801512A953E064037004A3E02E
:10A8C00064017008741912150474FFF0E4F508F5BA
:10A8D0000978081211D07402121240741312150470
:10A8E000AA82AB8312B7441211AD852182852283DF
:10A8F000E0602B7409121230880889097808121157
:10A90000D075081375090078081211D07C007D00FD
:10A9100012C4B41211AD8006E50C450D6007AA0CF7
:10A92000AB0D121B95EEFAEFFB121B958003750B16
:10A9300010A90B741C02D142EE2406FAE43FFB126C
:10A940001C8522EE240C12A9CD22EE242012A9CDC2
:10A95000640122EE12A4783FF58322F582E43509E2
:10A96000F583E02212A969A322E08E828F8322A3BD
:10A97000E0F912282B22E0540364012212A980225C
:10A98000E0FAE82AF8E43400F9228E828F83A3A348
:10A99000A312B5EA12A980EE241612A9CD12A9A518
:10A9A000FCE439FD22FAE82AF8E439F9E824042223
:10A9B00012A9B42212A9B82212A9BC22F08E828F49
:10A9C00083A3A3A322F012A9CA22EE240FF582E4E6
:10A9D0003FF583E022790102117A74F4120BD4EA74
:10A9E000FEEBFF8A82F583A3A3A3A3A3A3A3A312D1
:10A9F0009CB22424F582E438F58312A976702E8A5D
:10AA0000828B8312A605702512AAD2E06405701D00
:10AA100012AAD2A3E0F87401686005740668700792
:10AA200012A4B67402800512A4B67403F0EA240AD4
:10AA300012B6B212B60BE4F0EA24081283172431DE
:10AA4000F582E43AF583E0C0E012AAA6D0E012AAAB
:10AA5000F1CA242EF582E43AF583E0C0E012AAA6FA
:10AA6000A3D0E012B23BC812AAA038F58312AAC440
:10AA700012B5F312AAE68A0A8B0BAC0AAD0B850855
:10AA800082850983E0240612AABD121C85850882EE
:10AA9000850983129EDE1227E912B6ADF0028330DB
:10AAA000240BF582E42285088285098312AAB0224C
:10AAB00012B5FBA3A322EE12BCCDE02412FAA3E050
:10AAC0003400FB2212AAC8221291748508828509DB
:10AAD00083228A828B83A3A3A3A3A3A3A3A312BFCE
:10AAE000FEF583888222A3A3A3A3129D5012299965
:10AAF0002212B16EFAA3E02202A9D5C082C08390CF
:10AB000018C87405F0A37427F09018CA7411F0A344
:10AB10007427F09018CC7417F0A37427F09018CE17
:10AB2000740BF0A37427F002AE0274F4120BD4EA93
:10AB30002408FEE43BFF8E82F58312A4AD12B5D04B
:10AB4000E0F50874035508F50912B198F8A3E088F8
:10AB500082F583E508F0A3A882A983E5096009745A
:10AB6000026509600302AC17740C5508FC600A7496
:10AB7000086C600574046C7026740265097006E543
:10AB800008A2E4401A8A828B83A3A3A3A3A3A3A34E
:10AB9000A312AD1D12C2033D12ACB8A308A9837461
:10ABA0000C6C701C12AD19242812AD072428F582F4
:10ABB000E43DF583A312BE3AF0E82402F8500109FF
:10ABC000740265097006E508A2E4404B12AD192431
:10ABD0002A12AD07242AF582E43DF583A312ACC7FF
:10ABE00012AD2312BE3A12AD23A312ACBFE8240467
:10ABF000F8500109EC600F74086C600A740C6C600A
:10AC00000574046C701112B6182426F582E43C1207
:10AC1000ACB8A3A882A9838A828B83A3A3A3A3A38E
:10AC2000A3A3A312ACE754037014E508A2E1400EFD
:10AC300012B61812ACB23CF583E05480600812AC36
:10AC4000CD12ACBA8019901898E0C0E012ACCDD00B
:10AC5000E012ACFA8882898312ACFA0412B173A3B1
:10AC6000A882A983E508A2E750458E828F8312ACA3
:10AC7000E78882898312AD0012ACEC540360301275
:10AC8000B6182434F582E43C12BE38F0E508A2E19F
:10AC9000501D8A828B83A3A3A3A3A3A3A3A3128380
:10ACA0001F2435F582E43A12BE38A3F0E8240302EB
:10ACB0008330241EF582E422F58312ACC7F0221201
:10ACC000ACC7A3A3A3F022E088828983228A828B67
:10ACD00083A3A3A3A3A3A3A3A3E0FCA3E0CC243258
:10ACE000F582E43CF58322E012ACEC22FCA3E0CC3C
:10ACF0002425F582E43CF583E022F0901898E022C8
:10AD0000F08E828F83E022F582E43DF58312ACC79A
:10AD100012AD1422F012AD19228E828F83E0FDA3B2
:10AD2000E0CD22A312AD14242CF582E43DF583225C
:10AD3000C082C0838A828B8312ADF2FC74035CF9FB
:10AD40008A828B83A3A37401F0E9600574026970A1
:10AD500061740C5CF8600A740868600574046870BB
:10AD6000137402697005ECA2E440098A828B83A304
:10AD7000A37402F0740C68700A8A828B83A3A3E028
:10AD80002402F07402697005ECA2E440258A828BEB
:10AD900083A3A3E02404F0E8600F740868600A74D9
:10ADA0000C68600574046870098A828B83A3A3E031
:10ADB00004F0ECA2E7502A8A828B83A3A3E004125A
:10ADC000ADF8128828E0540360178A828B83A3A30E
:10ADD000E004F0ECA2E150098A828B83A3A3E00493
:10ADE000F08A828B83A3A3E004F0801685218285FC
:10ADF000228312A5E7A3E022F08A828B83E022124D
:10AE000011ADD083D08202117AC082C0838A828B36
:10AE100083A3A3A3A3A3A3A3A3A3A312A4FB600937
:10AE20008A828B83A3A312AE2B80D7A3A3A3A3A351
:10AE3000A3A3A312AE3722129EE6121B952274F230
:10AE4000120BD474F3121260EAFEEBFF740C1215AD
:10AE5000047401F012B69B12A4FB600612B6041231
:10AE600030E512A943600302AEF37C087D0079004F
:10AE7000AA21AB22121AE77402121504740112AF50
:10AE80003F12C81812AFF3F8A3E0C812961A38F5AB
:10AE900083E02409C0E07404121504D0E0F07405C6
:10AEA00012150412C00A121504E070477408121536
:10AEB0000412BADD740E12AF3F12D047850C8285A2
:10AEC0000D83A3AA82AB83121C85129ED212A054BA
:10AED00012AFEA1211CC1296193B12AF38E50C24CE
:10AEE00009FAE4350DFB12C80C1211ADAA21AB22F0
:10AEF00012276B8E828F83A3A3A3A3A3A3A3A31262
:10AF0000A4FB60078E828F8312AE2BEEFAEFFB124A
:10AF1000272F740C121504E0C0E012AF23D0E0F02C
:10AF2000029FBF12AF2722EE240CF582E43FF58387
:10AF300022E50E12907A350FF583E0FC7D00221297
:10AF4000BCFA12B6102274F5120BD474F31212600C
:10AF5000EAFEEBFF7C087D007900AA21AB2212BA41
:10AF6000B4A3A3A3A312AFDA12B650C0E0740412C4
:10AF70001504D0E0F07402121504740112AFF7C08A
:10AF8000E07405121504D0E012B63D640170097436
:10AF900002121504E0D2E5F0AA21AB221227657453
:10AFA0000C121504E070278E828F8312AFE8121105
:10AFB000CC8E828F83A3A3A3A312AF3A740B121576
:10AFC00004128B8A1211ADAA21AB2212276B740CCA
:10AFD000121504E0F9740D02C90612C81CE8F0A3AA
:10AFE000E9228E828F83A3A3A3A312D4EA750A0059
:10AFF000780822E8F0A3E912BB29E02274F6120BCC
:10B00000D474F2121260EAFEEBFF8A82F58312C852
:10B010001212BAF2EA12BCC912B5F3A3E0C0E0748E
:10B0200002121504D0E012B25312B2427404121587
:10B030000412BAF27402121504E06404700F12AA2A
:10B04000B6740612150412B184241A8032E0640129
:10B050006005E064067036EE240212831712B158C0
:10B060003AF583E0C0E07403121504D0E012B16A2F
:10B07000241312AABD740612150412B184241B12E3
:10B08000B2427408121504E8F0A3E980277406128E
:10B090001504E4F0A3F012AAB6740812150412B154
:10B0A00091C8241AF582E438F583E0C0E0740A12EE
:10B0B0001504D0E0F0740612150412A4FB601F748E
:10B0C00006121504129EDE122309E96401700F12A4
:10B0D000B14C740612150412B16264017009AA2100
:10B0E000AB221227BF8060AA21AB221221B3E964F0
:10B0F000017054740C1212407406121504129EDE74
:10B100001226E7E96401703F740C1215041297C20D
:10B1100012B179A3A3E4F0901870E0601512B41393
:10B1200070108E828F83A3A3A3A3A3A3A3A37401F0
:10B13000800D8E828F83A3A3A3A3A3A3A3A3E4F074
:10B14000EEFAEFFB12273B740E02921D1229998A28
:10B15000088B09AC08AD092212B15C222412F582D9
:10B16000E422129EE2121C7FE92212B16E2212B179
:10B1700073E022F08882898322129D508E828F8311
:10B18000A3A3A32212B18822EAF0A3EB12B173E0C9
:10B190002212B188F8A3E02212C091E022C082C03E
:10B1A0008374FC12126012B1EC240112B2427402D8
:10B1B000121504E8F0A3E912B1E61227C5740402DF
:10B1C000ADFFC082C08374FD12126012B1EC128810
:10B1D00022C0E07402121504D0E012B1E61227CBAF
:10B1E000740302ADFFE4F0AA21AB22228A828B8392
:10B1F000A3A3A3A3A3A3129D4D8A828B83A3A3E041
:10B2000022C082C08374FA1212608A828B8312C8B1
:10B210001212B265C0E07402121504D0E012B23B03
:10B22000F5838882A3A3E0C0E07405121504D0E082
:10B2300012B1E61227D1740602ADFF12B16EF8A367
:10B24000E022F8A3E03400F922E02402F8A3E0347D
:10B2500000F92212B16E240222E8F0A3E9F0EA24F8
:10B2600002F8E43B2212B259F98882F58312B5F74D
:10B27000A3E02274F4120BD474FB121260EAFEEB0A
:10B28000FF8A82F58312B351601624FE601824FEF3
:10B29000601A24FB601C24FE700302B34002B34317
:10B2A00012274102B34312274702B34312274D022C
:10B2B000B3438A828B83A3A3A3E08882F583E582CC
:10B2C0002409F508E43583F5097403121240A3AA92
:10B2D00082AB831226E7E9640170688521828522AA
:10B2E00083743612B65024F7C0E07401121504D0EE
:10B2F000E0F0740212150412B1E51223FF8A0A8BE2
:10B300000BAE0AAF0BEA4F603A7403121504E01259
:10B31000C3E512C5C4C0E0EA12B348D0E0F0750A34
:10B320000078081211CC1296193F12AF38EA12BAFF
:10B33000BA128B931211ADEEFAEFFB1223F98003D0
:10B34000122753740502832D2424F582E43FF583EC
:10B350002212B40724FB2274F6120BD474E41212E6
:10B3600060EAFEEBFF74011212408A828B83A3A372
:10B37000A3A3A3A312B41D7409121230880889096B
:10B3800078081211D074021212407403121238128B
:10B39000B7441211AD852182852283E06034741A8E
:10B3A000121504E0600464017028901872E07022A5
:10B3B0008E828F83A3A3A3A3A3E070168E828F83B4
:10B3C00012B40160378E828F83A3A3128CE66407C8
:10B3D000602A8E828F83A3A3A3A3A3A3A3A3E07059
:10B3E0000E12B41360097A347B01121FC7800DEE70
:10B3F000FAEFFB9018D012B60B1230E5741C0292D3
:10B400001D12B407640622A3A3E0F8A3E0F5838825
:10B4100082E0228E828F8312B407640522129EE29C
:10B420001226E12274F4120BD474FA121260EAFEAE
:10B43000EBFF12882E2408F582E43B12B643240A5F
:10B44000F582E43812B64312B5D912B1E5122729B4
:10B4500012ADECF50812B5C485218285228312B5A0
:10B46000F3E0687003A3E069602EE508A2E55028C8
:10B47000852182852283A3E0FB9018C812B60B12A7
:10B4800030E5852182852283129CB2240A12A4F51C
:10B49000700612ADECC2E5F012A943600302B5AD2F
:10B4A00074031215047436F0740212150412B5E612
:10B4B000A3A3E028C0E07404121504D0E012B63D46
:10B4C000C0E07405121504D0E012BB22F8A3E0F925
:10B4D000E849601BE812B5B839F583E0FAE812B51F
:10B4E000BE39F583E02AF87404121504E028F074DC
:10B4F000031212381223FF8A088B09A808A909EA47
:10B5000049700302B5A28E828F83129EDE888289E3
:10B5100083A3A312B637E812B1583912C02FC0E086
:10B52000E812B5D0D0E012C005C0E0E82425F582CD
:10B53000E439F583D0E012B650C0E0E8242EF5825D
:10B54000E439F583D0E0F07402121504E0FA12B188
:10B55000982AFCA3E03400FDE812B5B239F5831255
:10B560009D21E82431F582E439F583EA12BB22FA01
:10B57000A3E0FBEA4B6019E8242FFAE439FB8E8242
:10B580008F83A3A312B61C12B5BE3CF583129D0F88
:10B590008E828F83A3A3A3A3A3A3A3A3E8F0A3E90D
:10B5A000800AEEFAEFFB12272F12B5E0F0740602C4
:10B5B000832D242FF582E4222417F582E422241619
:10B5C000F582E42212299F8A0A8B0BA80AA90B2272
:10B5D0002424F582E439F5832212A62738F5832244
:10B5E00012AF2774102212B5EA22E0F88E828F8300
:10B5F000A3A32212B5F72212B5FB22E0FAA3E0F5CD
:10B60000838A8222EEFAEFFB9018CAE012B610226B
:10B61000F8A3E0F5838882228A828B83A3A3A3A365
:10B62000A3A3A3A3E0FCA3E0CC22FAA3E0FBE824BD
:10B630002CF582E439F583EAF0A3EBF02212B6553B
:10B64000A3E022F583E4F0A312A504F8A3E0C82246
:10B6500012B655E02212A9B8A32274F6120BD4EA4E
:10B66000FEEBFFEA12A944702812B69B12A4FB60FD
:10B670000612B6041230E512A943700B129ED212C4
:10B6800023F912B6AD8009EE240812B6B212B6BE86
:10B69000F0EEFAEFFB12272F0292201227238E8260
:10B6A0008F83A3A3A3A3A3A3A3A3A3A32212AF2720
:10B6B000E922F508E43FF509850882F5832212AEF8
:10B6C00037850882850983E4F0A32274F4120BD431
:10B6D0008A088B09ECFEEDFF12B5C4EE241512A901
:10B6E00046687003A3E069600EAA08AB091221A79F
:10B6F000E9700479018011EEFCEFFDAA08AB099016
:10B7000018CE12B60B1230E502833074F7120BD448
:10B71000EA4B701F7E007F0012B74A50247C107DD8
:10B7200000EE2404FAEF3401FB121C1F0EEE70E849
:10B730000F80E57C107D008A828B8312B75A121C21
:10B740001F0298B01227837402229037E6E493F820
:10B75000740193F9C3EE98EF9922E02404FAE434DB
:10B7600001FB22E4F0A3F0A3F0A3F02274F1120B8A
:10B77000D474DF121260EAFEEBFF740D121504128E
:10B78000BAF612123812BAB4E06404600302B83098
:10B7900074051215047422F0740D121504E0600390
:10B7A00002BA8812BAD312150412BB091215047416
:10B7B0000112BB22C0E07406121504D0E0F012BAE8
:10B7C000B9F58312916C740712150412BB0FA3A371
:10B7D000A3E0640170097403121504E0D2E5F0746B
:10B7E00001121238122765740D121504E06003026D
:10B7F000BA88740912150412BADD740512C03385B3
:10B800000C82850D83A312B650F8A3E0F9E84970C5
:10B810000302B8E512AFE21211CC7C107D00E50CFA
:10B820002402FAE4350DFB12C80C1211AD02B8F770
:10B830008E828F83A3A3E06401600B8E828F83A32B
:10B84000A3E064067074901BD1E07064122FF3E9DA
:10B8500070278E828F83A3A312AFE61211CC7C08CF
:10B860007D007ABE7B1812C80C1211AD8E828F83B8
:10B8700012916C9018C612BAF2901BAFE06402707D
:10B880002F740E1212308808890978081211D074AA
:10B890000212124012C01C1211AD741E121504E0E7
:10B8A0007009852182852283E0700579B102BAAFE3
:10B8B0007405121504742302B7978E828F83A3A395
:10B8C000E06402600B8E828F83A3A3E06403700A9E
:10B8D0007405121504741B02B797740D12150474C5
:10B8E000B3F002BA887C107D007900E50C2402FADE
:10B8F000E4350DFB121AE7E50C2412F50C50020595
:10B900000D8E828F83A3A3E06401600B8E828F83F0
:10B91000A3A3E06406700E8E828F8312BABFA38544
:10B92000820C85830D8E828F83A3A3A3A312D0479D
:10B93000AA0CAB0D122303E50C2408F50C500205EC
:10B940000D8E828F83A3A3E0640460168E828F83A2
:10B95000A3A3E06401600B8E828F83A3A3E064063F
:10B96000700FAC0CAD0D7A007B0079AB1226D58040
:10B970000C8E828F83A3A3A3A3A312BABF8E828F40
:10B980008312BACB60087409121504129D27740D36
:10B99000121504E0600302BA888E828F83A3A3E0AD
:10B9A0006404600302BA6E740E12123088088909AA
:10B9B00078081211D0740212124012C01C1211AD7C
:10B9C0008A088B09852182852283E0700D74FF6AC5
:10B9D000700374FF6B700302BA8812BAB912A4F92B
:10B9E000600A74011212381227358008740112128D
:10B9F0003812276B8E828F83A3A3A3A312823B7579
:10BA00000E00780C1211CC7C087D007419121504FC
:10BA100012C8081211AD741E121504E0700C7420C7
:10BA2000121504AA82AB83122777741E12150474B0
:10BA300001F0741F121504E4F0741212150412BA06
:10BA4000FE12150412BAFE121230880A890B780A07
:10BA50001211D0750A13750B00780A1211D07C00F0
:10BA60007D00AA08AB0912C4B41211AD801A12BA33
:10BA7000B912A4F9600A740112123812273580082D
:10BA8000740112123812276B901BD1E0701A122F1A
:10BA9000F3E970147C087D0079007ABE7B18121AD5
:10BAA000E79018C6E4F0A3F0740D121504E0F974E1
:10BAB0002102D14212BE2FA322EE12AAA03F22A33E
:10BAC000A3A3E0850C82850D83F022129EE2122A48
:10BAD00035E9228E828F8312917074012212BFD7B2
:10BAE000F50CA3E0F50D850C82F58322F582E43F89
:10BAF000F583129D5022E4F07C08FDF90422E4F065
:10BB0000A3F0A3F0A3F0740E22129D50740322E858
:10BB1000F0A3E912BB172212BB1B2212A9BCA3A3DC
:10BB2000A32212BB29A3A3E02212BB1BA3A322744E
:10BB3000F0120BD474ED1212608A0E8B0F8C0A8DEA
:10BB40000B7EFF7FFF8C828D83E4F0EC4D6004EA76
:10BB50004B70077AFF7BFF02BC0E75080075090069
:10BB6000802474FF6E700374FF6F701274081215D6
:10BB700004AA82AB83122B79E9700312BC13050867
:10BB8000E508700205099037E8E493F8740193F929
:10BB9000C3E50898E509995071A821A922880C8964
:10BBA0000D780C1211D0750C13750D00780C121154
:10BBB000D07C007D00E5082411FAE5093401FB1270
:10BBC000C8511211ADAC0EAD0F7408121504AA8243
:10BBD000AB83121C7FE964017088850A82850B8320
:10BBE0007401F07423121504129E91601AA821A901
:10BBF00022880C890D750E00780C1211CC7C137DF7
:10BC00000012C80C1211AD12BC13EEFAEFFB741344
:10BC100002C40CE5082411FEE5093401FF2274F684
:10BC2000120BD474F312126012BD66121504740C58
:10BC3000F07405121504740112BCFF60097402123D
:10BC40001504742180077402121504740112C00CCB
:10BC5000121504E07056740812150412BFD3F508CB
:10BC6000A3E0F509850882F583740612B650FCA39B
:10BC7000E0FD850882850983A3AA82AB83121C8517
:10BC8000EE12BCC912BCD8A312BCF185088285098A
:10BC900083A3A3A3A3A3A3A3A3A3A312BCF6C0E05F
:10BCA000E508240B12A482D0E012BCE88E828F83B8
:10BCB000A3A3A3A3A3A3E0700479008007740C12CC
:10BCC0001504E0F9740D02921D12BCCD222402F875
:10BCD000E43FF98882F58322E0850882850983A301
:10BCE000A3A3A3A3A3A3A322F0AA21AB2212276B91
:10BCF000221296A7E02212BCFA2212BB1BE02212EB
:10BD0000BB17A3E02274F7120BD474F31212601263
:10BD1000BD661215047409F074051215047401123D
:10BD2000B6506401700974021215047421800774FE
:10BD300002121504740112C00C121504E070247470
:10BD40000812150412BFF5740712C033FCA3E0FDFE
:10BD500088828983A3AA82AB83121C85AA21AB2285
:10BD600012276B0298A4EAFEEBFF7C087D007900A5
:10BD7000AA21AB22121AE7129D4974042274F71209
:10BD80000BD474F3121260EAFEEBFF740C1215046C
:10BD9000E4F07C08FDF9AA21AB2212BE2FE0640179
:10BDA000600A8E828F83A3E06404706674041215A7
:10BDB000047402F0740C121504E070538E828F83A9
:10BDC000E0852182852283129D2C74021215047451
:10BDD00021F0740512150412C00A121504E0702F28
:10BDE000740812150412BFF5740812C857AA82AB62
:10BDF0008312BE3A12ADF86402700D12D043E824EB
:10BE000002FAE439FB121C85AA21AB2212276B022D
:10BE100098A48E828F83A3E06402700974041215C3
:10BE200004740A808E740C12150474B3F080E0124E
:10BE30001AE78E828F83A322F58312ACC7A32274E4
:10BE4000F4120BD474B61212608A088B098A828BA2
:10BE500083A3A3E06404600302BFCC901BD1E07015
:10BE60000302BFCC12C017600302BFCC740F1212C2
:10BE7000407A007B0079AB1226D58508828509833C
:10BE800012D049740F12123812230FE9700302BF47
:10BE9000CC7437121230880A890B780A1211D074C8
:10BEA0000212124085088285098312C0261211AD44
:10BEB000852182852283E0700302BFCC744712156E
:10BEC00004E06401600302BFCC7427121230880AB8
:10BED000890B780A1211D0750A10750B00780A12B6
:10BEE00011D07C007D007A027B0112C8511211AD85
:10BEF00074011215047403F07417121230880A8941
:10BF00000B780A1211D07429121230880A890B7822
:10BF10000A1211D07C087D00740512123812C7E491
:10BF20001211AD740E121504E4F07C08FDF97402D0
:10BF3000121238121AE77402121504E4F0A3F07416
:10BF4000041215047401F074071215047401F074DE
:10BF500006121504741AF07402121238122765744E
:10BF60000E121504E07065740A12150412BFD3FE98
:10BF7000A3E0FF8E82F583740F12BFE68E828F835B
:10BF800012C8621211CC7C087D0074121212381291
:10BF9000C80C1211AD740F121240EE240212A93B0C
:10BFA00074171212308808890978081211CC7C1095
:10BFB0007D00EE240A12C2E41211AD74021212388E
:10BFC00012276B740E121504E0F9800279C2744ACC
:10BFD00002832D12BFD72212BFDB22129CCA12B5D8
:10BFE000B238F583E02212BFEBE022F085088285AB
:10BFF0000983A3A32212BFFEF98882F5832212BF10
:10C00000DBF8A3E02212A9B4E0227401F0AA21AB6C
:10C0100022122765740C221227A7E9228E828F83B1
:10C02000A3A3A3A3A3A3129EE2122783740222F563
:10C0300083740112C0372212C85BA3E022C082C001
:10C040008312C04E7459F0A37427F002AE02122777
:10C050001D9018D022C082C0837C0879FF9018A45C
:10C06000129EDE121B7102AE0274F7120BD4E9FEAF
:10C0700012A4733B12A4F9601588828983A3E0544B
:10C0800003700BEEFB12C09112C0C612C09B029847
:10C09000B0E8240BF582E439F58322E0F91230BFD1
:10C0A00022C082C083EAF8EBF98A82F583A3A3A3B6
:10C0B000A3A3E0FB8A828983A3A3A3A312C0C6A380
:10C0C00012C09B02AE02E0FA88828983A3A3227485
:10C0D000F0120BD48A0C8B0D8C0E8D0F890B1290E5
:10C0E0007512C7FA2430FA12C2EE700302C1FF8A39
:10C0F000828B837401F0850C08850D09750A007820
:10C10000081211CC7C177D00EA241912C2E4121126
:10C11000AD850E08850F0978081211CC7C097D00C9
:10C12000EE240212C2E41211AD7410121504129C16
:10C13000F0240B12BAEC741212150412C22FC0E0D4
:10C1400012A953D0E0129699C0E012C209D0E012B1
:10C15000BCF1C0E01290B0D0E0F07414121504E00D
:10C16000C0E012C223D0E012C23EE4F0A3F0741586
:10C170001215041214C9EE1296443FF5831214D519
:10C1800012C217E50B12C30DA3A3129CEC240D12CF
:10C19000BAEC7419121504E0C0E0129C90D0E012C1
:10C1A000C82CE06029EE2430FAE43FFB12C2023FC3
:10C1B00012C246F508A3E0F50978081211CCE50C87
:10C1C000129076350D12AF3812C80C1211ADEE2454
:10C1D0001A12A9465403601D9018B412A4FB600CF7
:10C1E000EEFAEFFB12C23A1230E58013EEFAEFFBE3
:10C1F000121AFF800AEEFAEFFB90189712C3F402AE
:10C20000C40FEE2427F582E422EE12C2113FF5831B
:10C21000222411F582E422EE12C21C2212B5B83F8C
:10C22000F58322EE12C2282212B15C3FF58322125E
:10C2300091708882F583E022EEF912B61222F01294
:10C24000C2023FF58322F583EAF0A3EBF0E50C246C
:10C250000E12C835E02274F2120BD48A0C8B0D7AC0
:10C260002012C2EE606C8A828B83740412C33F1268
:10C27000C30812C3128A828B83A3A3A3A3A312C3EE
:10C280000D12AFEA1211CC7C107D00EA240612C216
:10C29000E41211AD850C82850D83A3A3A3A3A3A3F0
:10C2A00012D047EE2416FAE43FFB122303850C82DA
:10C2B000850D83A3A3A3A3A3A3A3A3A3A3E0C0E08B
:10C2C00012C2D5D0E012C31DC0E012C2FED0E012EF
:10C2D000C331029FC4EE12ACB23FF583227C087DCD
:10C2E00000EA2404FAE43FFB121ADB7403227B0009
:10C2F000121AF98A088B09AE08AF09EA4F22EE2418
:10C300001FF582E43FF5832212A060A32212C31717
:10C31000A32212C317E02212D4CBA3A322F0E50C70
:10C3200012AAA012C838E022A3A3A3A3129170EA14
:10C3300022F0EEFAEFFB901762E0F9121B0522F0F3
:10C34000850C82850D83E012C356129D50850C82A8
:10C35000850D83A3A322F8A3E0F98A828B83A3A38C
:10C360002274F4120BD48A088B097A0C12C38C60E5
:10C37000188A828B83740612C39C129CA61211CC5D
:10C3800012C2DD1211AD12C3ED0283307B00121A0E
:10C39000F98A0A8B0BAE0AAF0BEA4F2212A618F9E4
:10C3A0008A828B83A3A3129D50850882850983A36B
:10C3B000A3E02274F6120BD4EAFEEBFF7A057B00B1
:10C3C000121AF9EA4B601B8A828B83740812AD0043
:10C3D00012C3E512C0338A828B83A3A3A3A3F012F6
:10C3E000C3F102922012C356E8F0A3E922EEFAEF5D
:10C3F000FB901762E0F9121B0522F0850E82850F73
:10C40000832212C3FAE0F8A3E02274181211AD7F60
:10C4100008020EDC74F6120BD474EC121260EAFE01
:10C42000EBFF8A82F58312BACB707C12C0176002D0
:10C4300080758E828F83A3A3E070658E828F83A325
:10C44000A3A3A3A3E06404705774011212308808F8
:10C45000890978081211D074021212409018A4129F
:10C46000C0261211AD852182852283E060327411CD
:10C47000121504E06401702812C4BA1211D07508B4
:10C480000175090078081211D07C107D007A117BAB
:10C490000112C4B41211AD790012304D7A0180023C
:10C4A0007A00790112302F741402921D7C007D00F5
:10C4B0007A427B00121C137404227402F0858208F5
:10C4C000858309780822C082C0839018DE7419F031
:10C4D000A37428F09018E0740DF0A37428F002AE55
:10C4E00002F582E43FF583E08A828B832274F512A1
:10C4F0000BD412C5A5850882F583E054078A828B88
:10C5000083A312C5C4131313541F5403C0E0EA12CB
:10C51000C59ED0E012C5C4C4135407F50A7904A31C
:10C52000AA82AB83121AEDEAF8EBF9ECFAEDFB12F2
:10C53000C2231214D512C58E7405F0E50AA2E0508C
:10C5400017E5082405FCE43509FD12A938EE241688
:10C5500012A9462408F0800C7C087D00790012C5E1
:10C5600096121AE7EE240E12A94D701FEE2416F84B
:10C57000E43FF98882F583E0FAE5082A12A95BC056
:10C58000E012C209D0E012B16A04F002C909EE1249
:10C59000B5BE3FF58322EE2406FAE43FFB2212A447
:10C5A000603FF58322EAFEEBFF8A82F583A3A3E0D6
:10C5B000F88A828B83A3A3A3A3E028F508A3E03421
:10C5C00000F5092212C5C822F0850882850983E09A
:10C5D0002274F2120BD48A0A8B0BEA241612C65963
:10C5E000640D70047E0180027E008A828B8312C5F6
:10C5F000ADEEC43354E0F9EA12C67133333354F864
:10C60000F88A828B83A3E04849850882850983F0F4
:10C61000A3858208858309EA12C67A120FA7AA08A1
:10C62000AB0912CADB1211AD8A088B09EEA2E050E9
:10C6300016E50A2406FCE4350BFD121C85E50824EA
:10C6400008F50850020509E50A12C6716401700672
:10C65000E50A12C662F0029FC4F582E4350BF58349
:10C66000E02212C211350BF583E08508828509832B
:10C670002212A460350BF583E02212B15C350BF574
:10C68000832274F4120BD474C712126012C5A58AE7
:10C69000828B83E070051227E3800CA3E0F8850805
:10C6A00082850983E048F012C223120FA77430126A
:10C6B0001240850882850983E0F912C59612280781
:10C6C00074041211AD8E828F83A3A3E0C0E07401C5
:10C6D000121504D0E0F0EE241612A946C0E0740250
:10C6E000121504D0E012C005C0E07403121504D086
:10C6F000E012C7EAC0E07404121504D0E012A9C524
:10C7000064017004A3E064017018740C121240EE0E
:10C71000242212A946F9EE2418FAE43FFB122195CF
:10C72000800E740C12124012A953129EDE1221E9DF
:10C73000740C121230740A121504E8F0A3E9129D69
:10C740003174FF12C7EF640270098521828522834C
:10C75000E4800DE0640370418521828522837402A8
:10C76000F0741C121230880A890B780A1211D074E6
:10C770000E121230880A890B780A1211D07C087DBB
:10C7800000740412123812C7E41211AD741C121294
:10C7900030740A12150412BAF28E828F83A3A3A3F7
:10C7A000A3120FAB742E12124074031212388E8231
:10C7B0008F83E0F912281F74021211ADE9FE85087B
:10C7C0008285098312CE70741C121238121AE77C0B
:10C7D000107D007900740C121238121AE7EEF97409
:10C7E0003902832D12283174042212C85BE022F032
:10C7F000EE240E12A9CD22F582E412C838E022E51B
:10C800000C12A62712C83822AA82AB83121ADB7434
:10C810000322A3A3A3A3A3A312C81C2212C82022ED
:10C82000E0F8A3E0F985218285228322F0E50C243B
:10C830001012C83522F582E4350DF583221228370F
:10C84000740422121C077402227C007D007A3A7B59
:10C8500000121C1974042212C85B22F08E828F838E
:10C86000A322A3F01229998A088B09750A00780877
:10C870002274F4120BD48A088B0978081211D0752F
:10C880000A11750B00780A1211D012C8491211ADA5
:10C89000E970109018D41214C9E508241112A4826A
:10C8A0001214D502833074F5120BD474EF12126097
:10C8B000E9852182852283F08A088B09750A007830
:10C8C000081211CC7C107D00740412150412C808E3
:10C8D0001211ADA821A9228808890978081211D05F
:10C8E00075081175090078081211D07C007D007A56
:10C8F0003B12C4B21211AD7C117D007900AA21ABAC
:10C9000022121AE774111211AD7F03020EDC74F0CB
:10C91000120BD474EB121260E9FE7A1112CA317054
:10C920000302CA2C78081211D0750A11750B007811
:10C930000A1211D07C007D007A3B12C84F1211AD53
:10C94000E9600302CA18850882850983E06E6003E6
:10C9500002CA187A117B00121B8F8A0A8B0BEA4BD2
:10C96000700302CA18780A1211D0750C11750D00E7
:10C97000780C1211D012C8491211ADE9600302CA35
:10C980000478081211D0780C1211D07C007D007A46
:10C990003A12C4B21211AD9019207401F09083C400
:10C9A000780C1214919018D4780C1214344006901C
:10C9B00018D412B76385080C85090D750E00780C24
:10C9C0001211CC7C117D00740312123812C80C12A3
:10C9D00011AD9018D41214C974111215041214D583
:10C9E000A821A922880C890D780C1211D0750C157C
:10C9F000750D00780C1211D07C007D007A8212C473
:10CA0000B21211AD7C117D007900AA0AAB0B121A8B
:10CA1000E7AA0AAB0B121B957C117D007900AA08CE
:10CA2000AB09121AE7AA08AB09121B95741502C4C8
:10CA30000C7B00121B8F8A088B09EA4B2274F312BD
:10CA40000BD474FF1212608A098B08EBC43354E0D4
:10CA5000F8EA33333354F849488C828D83F0A3AE1F
:10CA600082AF83740E121504120FA7EEFAEF12CAEA
:10CA7000DA1211AD8A0A8B0BAE0AAF0BE50860190A
:10CA80001229998A0A8B0BAC0AAD0BEEFAEFFB1256
:10CA90001C85EE2408FE50010F7401650970337582
:10CAA0000A3A750B00780A1211D0740212123088FB
:10CAB0000A890B780A1211D012CAE11211ADE9707D
:10CAC0000B85218285228312A96980058E828F833E
:10CAD000E4F074011211AD029066FB121B65740440
:10CAE000227C017D007A007B00122B7F740422746B
:10CAF000F7120BD48908ECFEEDFFEAFCEBFDEEFA31
:10CB0000EFFB121C857409121504120FA7EE2408FE
:10CB1000FAE43F12CADA1211AD8A828B8302904F77
:10CB2000E9F874020458F97402B900028004C333AE
:10CB3000D9FC541CF902117A74F4120BD474FE124D
:10CB400012608908750A3A750B00780A1211D074C0
:10CB500003121230880A890B780A1211D012CAE126
:10CB60001211ADE970567401121504E065086044B5
:10CB7000750A3B750B00780A1211D074021212303C
:10CB8000880A890B780A1211D012CAE11211ADE994
:10CB9000702E852182852283E06508701FE0F8747D
:10CBA00001121504E0C398500F852182852283E08D
:10CBB000F91227FB7E3A80067E3B80027E007F00D2
:10CBC000EEFAEFFB02832B74F0120BD474D2121224
:10CBD000607403121504E9F0740112150412B637DB
:10CBE000EC852182852283F07404121504EDF07423
:10CBF00006121504740E12A500C0E0740512150487
:10CC0000D0E0F07404121504E0C0E07407121504BB
:10CC1000D0E0F09018EFE0C0E07408121504D0E006
:10CC2000F074091215047401F07403121504E06025
:10CC30000302CD0475083A75090078081211D07402
:10CC4000121212308808890978081211D07C11124A
:10CC5000CAE31211ADE9600302CCF8741112150495
:10CC6000A882A983740E12150412BAF29018D4780F
:10CC70000812149185080C85090D850A0E850B0F85
:10CC800090837C780C1213589018D4780C1214737B
:10CC900078081211C87404121504E0F8740512150E
:10CCA00004E028FCA3E03400FD7B017A01740C123F
:10CCB0001504E0F912280174041211AD12B14C747C
:10CCC00021121238121C859018DC1293759018DC12
:10CCD000128F389037E07808121344401590837C07
:10CCE00078081214919018D478081212CB600302BD
:10CCF000CD8712A4A002CD87740E121504E4F0A310
:10CD0000F002CD87852182852283E0F87401121517
:10CD100004E02812B242E812961A39F583E0F912BB
:10CD200028138A08A808743A684B600302CDD975A5
:10CD3000083A75090078081211D07412121230885E
:10CD400008890978081211D07C1112CAE31211ADBA
:10CD5000E9700302CE09740E121504E4F0A312A5C3
:10CD600000F8740112150412CE677408121504E05D
:10CD7000F88E828F83E048F0EE2405FCE43FFD74DA
:10CD800021121238121C85852182852283E0F874D5
:10CD90000112150412CE678E82F583A3A982AA839D
:10CDA00089088A09750A0078081211CC7C047D0074
:10CDB000742C12150412C8081211AD8E828F83E0F4
:10CDC000C0E0742D121504D0E0F0740E1215041298
:10CDD000A4FB704A79A102CE62743B684B600302E7
:10CDE000CD5675083B75090078081211D0741212DF
:10CDF00012308808890978081211D07C1112CAE310
:10CE00001211ADE9600302CD567411121504A88207
:10CE1000A983740E121504E8F0A3E902CD5E740133
:10CE2000121504120FAB7423121240740712123839
:10CE30007405121504E0F912281F74021211ADE9ED
:10CE4000FE852182852283E0F8740112150412D533
:10CE50000D12CE707411121504AA82AB83121AE758
:10CE6000EEF9742E02C40CE028FEA3E03400FF2289
:10CE7000E054F8F07C107D0079002274F0120BD49D
:10CE800074E81212607403121504E9F074041215A8
:10CE900004129D21EAFEEBFF7508007509008A82E5
:10CEA000F583A3A3A3A3A3A3A3A3A312BAD7121585
:10CEB0000412BAF27401121504129EDE122BCD90E8
:10CEC000199874D3F0A3742B12C7EAF88E828F835B
:10CED000E028F50BA3A3A3E0C394048E828F83A361
:10CEE000A3E05009250BF50B750A008002F50A8EA8
:10CEF000828F83A3A312A96FE9852182852283F003
:10CF00007428121504E0F50EA3E0F50FAA0AA80B89
:10CF1000E50E28F8E4350FF9E82AF8E439F9740643
:10CF200012150412BB0912150412A964A3A360030D
:10CF300002CFC8E0C39404400375090174081212BB
:10CF400030880C890D780C1211D07403121504125C
:10CF50000FABE50BF50C750D00780C1211D0780EA7
:10CF60001211D0EAF50C780C1211D012D034121133
:10CF7000D07B02741012150412D049740C121504DF
:10CF8000E0FAA909122BF1740C1211ADE9F9600352
:10CF900002D0317800852182852283E0FAE8C39AA5
:10CFA000400302D031E8FA740812150412D14AE0A5
:10CFB000C0E07406121504E02AFCA3E034008C8261
:10CFC000F583D0E0F00880CDE0C3940440037508F9
:10CFD000017408121230880C890D780C1211D0746B
:10CFE00003121504120FABE50BF50C750D00780C50
:10CFF0001211D0780E1211D07408121504E0FAE55F
:10D000000A2AF50CE43400F50D780C1211D012D078
:10D01000341211D07B02741012150412D049740C12
:10D02000121504E0FAA908122BF7740C1211ADE9DD
:10D03000F902C40AA80BE50E28F50AE4350FF50B32
:10D04000780A228E828F83A3A312D04D22E0FCA304
:10D05000E0FD2274F7120BD4E9FE9018DE12A4FB57
:10D06000600812C2381230E5800279010298B0746B
:10D07000F7120BD4E9FE9018E012A4FB600812C26C
:10D08000381230E5800279000298B074F1120BD4A6
:10D0900074E01212607800742F121504129060EE82
:10D0A0002812A9466436C0E0852182852283E58264
:10D0B00028F582E43583F583D0E012D52840E0746A
:10D0C0003112150412D51F1211D08C0A8D0B780A5B
:10D0D0001211D0EAFCEBFD7901740412123812C867
:10D0E0003D1211AD85080C85090D750E00780C12E6
:10D0F00011CC7C107D00741312123812C80C12115E
:10D10000AD7800E8FAEE2A12A946645CC0E08521F9
:10D110008285228312D14AD0E012D52840E57808D2
:10D120001211D075088075090078081211D0741496
:10D130001212407901740412123812C83D1211AD56
:10D1400074201211AD7F07020EDC12D14E22E5824F
:10D150002AF582E43583F5832274F0120BD474DF50
:10D16000121260E9852182852283F08A0C8B0D8C56
:10D170000E8D0F743112150412D4E6740378081260
:10D180001464AA0874047808121464AE08AF09EA9B
:10D19000540FF50B7C107D007900743312150412C6
:10D1A000D4F2852182852283E060607433121504F5
:10D1B00012AFEA1211CC7C107D00740412123812E6
:10D1C000C80C1211AD850C08850D0978081211CC18
:10D1D0007C107D007436121504128B951211AD74FB
:10D1E0003312150412D51912123812D4D4E8FAE504
:10D1F0000C2A12C7F7FC743312150412D52540ED22
:10D200007431121504E02480129378850E0C850F7A
:10D210000DEEF8EFF9E824FF1EE934FFFFE849605E
:10D2200066743312150412AFEA1211CC7C107D0023
:10D23000740412123812C80C1211AD850C08850D39
:10D240000978081211CC7C107D0074361215041276
:10D250008B951211AD743312150412D519121238B0
:10D2600012D4D4850C82850D83E0FCE8FA74331265
:10D27000150412D52F12D4CB85820C85830D08E8B6
:10D28000C39410508C80DCE50B600302D32174330F
:10D2900012150412AFEA1211CC7C107D0074041236
:10D2A000123812C80C1211AD7C0E7D007900743357
:10D2B00012150412D4F2743312150412B60B7480D2
:10D2C000F07431121504A3E0C0E074331215041297
:10D2D000A4C4D0E0F07431121504E0C0E07433123D
:10D2E000150412A4D6D0E0F078081211CC7C107D81
:10D2F00000741412123812C80C1211AD74331215C6
:10D300000412D51912123812D4D4E8FA7411121575
:10D310000412D4DA12150412D525400302D4C680B3
:10D32000E9C3940E7433500302D42912150412AFCA
:10D33000EA1211CC7C107D00740412123812C80C51
:10D340001211AD7C107D007900743312150412D4D3
:10D35000FD1211CCAC0B7D007436121504128B95A6
:10D360001211ADA80B743312150412D506780812E9
:10D3700011CC7C107D00741412123812C80C1211DA
:10D38000AD743312150412D51912123812D4D4E820
:10D39000FA741112150412D4DA12150412D52540AC
:10D3A000EE743312150412D51F1211CC7C107D00BF
:10D3B000740412123812C80C1211AD7C0E7D007963
:10D3C00000743312150412D4F27431121504A3E060
:10D3D000C0E0743312150412A4C4D0E0F07431120A
:10D3E0001504E0C0E0743312150412A4D6D0E0F0A6
:10D3F00078081211CC7C107D00741412123812C8F7
:10D400000C1211AD743312150412D5191212381200
:10D41000D4D4E8FA741112150412D4DA12150412D5
:10D42000D525400302D4C680E912150412AFEA12D2
:10D4300011CC7C107D00740412123812C80C121129
:10D44000AD7C0E7D007900743312150412D4FD12E8
:10D4500011CCAC0B7D007436121504128B95121191
:10D46000ADA80B743312150412D5067431121504CD
:10D47000A3E0C0E0743312150412A4C4D0E0F07429
:10D4800031121504E0C0E0743312150412A4D6D092
:10D49000E0F078081211CC7C107D00741412123860
:10D4A00012C80C1211AD743312150412D5191212D0
:10D4B0003812D4D4E8FA741112150412D4DA121501
:10D4C0000412D52540EE742102C40CF0850C82852F
:10D4D0000D83A32212283D78002212D14EE0FC7465
:10D4E0003322A3A3A3A312D4EA22E0F508A3E0F514
:10D4F000092212D4F622129EE6121AE72212D4F65C
:10D50000750E00780C2212D50D7480F022E028FAF6
:10D51000A3E034008A82F5832212D04D74012212D6
:10D52000D4EA78082212D52FF008E8C3941022E03C
:10D530002AF9A3E034008982F583E06C2274F612A4
:10D540000BD412D54B122BD3029220EAFEEBFF8CA8
:10D55000088D09122BCDAC08AD09EEFAEFFB22C005
:10D5600082C0839005B6E4F0A3F09005C004F0906B
:10D5700005B9E4F0A3F09005BBF09005BEF0A3F070
:10D580009005BDF09005B502E153C082C0839005BF
:10D59000C0E4F012154D12154712153502E154740E
:10D5A000F7120BD48C08EDFE9005B5E06021122F28
:10D5B00045E9F974FF696017740165087006EEFDAE
:10D5C0007C008004EEFD7C017A007B0012305F025B
:10D5D000E008C082C0837A807B00900504E0F912E5
:10D5E0001C61EA4B4C4D701C7A807B00900504E076
:10D5F000F9121C5B9005B6E4F0A3F09005B874FF37
:10D60000F012156B02E15474F4120BD47A807B0093
:10D61000900504E0F9121C618B098C0A8D0BEA4518
:10D6200009450A450B601E9005B6120FAB12301D5E
:10D6300074021211AD8A088B091215777901AA08B4
:10D64000AB09122EF71230417F04020EDC74E8128F
:10D650000BD48A108B118C128D13750C00750D0074
:10D66000750E00750F00741812150412EF17781458
:10D6700012149178087914120A6D7810790812142E
:10D6800044401385080C85090D850A0E850B0F781B
:10D690000C791012131C850C08850D09850E0A855E
:10D6A0000F0B9083FC781012149178087910120BEC
:10D6B00065AC08AD099083FC7808121491780C7958
:10D6C00008120B65E5084509450A450B6008EC247E
:10D6D00001FAE43D8003ECFAEDFB7F10020EDC74EE
:10D6E000F7120BD479009005B612E2B0122EF77E35
:10D6F000FF7CFF7DFF7F00801812F436EAC398F8A4
:10D70000EB99F9C3E89CE99D5006EFFEE8FCE9FDC2
:10D710000F9005B5E0F8EFC3985019EF12E0E05014
:10D72000EF12E14760EA74FF6A700374FF6B60E018
:10D73000EC4D70C574FF6E604FEE12DF7688828903
:10D7400083A3A3A3A3A3A3C082C08312F436D08370
:10D75000D082E0C398F8A3E099F9E8496009900500
:10D76000B6E8F0A3E9801DEE9005B8F079FF121538
:10D770005F7DFF7CFF7A007B00EEF912305F900541
:10D78000B6E4F0A3F012156B02E00874E2120BD4B9
:10D7900074F81212608A148B15EA2416F516E43513
:10D7A00015F517851682F583E0F912157D8B09EAC8
:10D7B0004509603BE5142417F582E43515F583E04F
:10D7C000F518A3E0F519851882F583E06021F508C6
:10D7D0007509007402780812137EE5082401FAE442
:10D7E0003509FB121B8F8A0A8B0BEA450B700579F2
:10D7F0000002DABE121577121559E96009AA0AABC0
:10D800000B121B9580E9750800750E00750900E57F
:10D81000142408F51AE43515F51B803D798DE50EC5
:10D82000F5107511007402781012137EE50A2510A8
:10D83000FAE50B3511FBE98A828B83A3F0850C8214
:10D84000850D83E08A828B83A3A3F08E828F83125F
:10D85000DF9812ECAA050E0509851882851983E068
:10D86000F8E509C398400302DA0DE50975F00CA448
:10D87000F8A9F0E51828F582E51939F583A3858222
:10D880000C85830DA3AE82AF8312EC8E12153BE99B
:10D89000F50FA821A9228810891178101211D08EB5
:10D8A000828F8312EC8E121D2774021211ADE9F8DB
:10D8B00074FF650F6003E87005798702D81E850C38
:10D8C00082850D83E07090E50C2403F510E4350D9E
:10D8D000F511851082F583E0F87404121504E068F0
:10D8E000600302D81C7405121504E0A2E240030292
:10D8F000DA08E50F75F015A4FEAFF012DAC82405BA
:10D90000F8E43BF9850C82850D83A3A3A3A3E0F57E
:10D9100012A3E0F513E50C2406FCE4350DFD74FFBD
:10D920006512700474FF6513706C8C828D83E0F552
:10D930001CA3E0F51DE51C451D705B7508018A827E
:10D940008B83A3A3A3A3A3A3A3A3A312EC6E888298
:10D950008983ECF0A3EDF012E26212ECA37C047D6B
:10D96000007900EA240DFA50010B121AE712DAC806
:10D970002411F510E43BF51175120078101211CC4A
:10D980007C047D00EA240DFA50010B121ADB7403AB
:10D990001211AD02D85775080188828983E512F00B
:10D9A000A3E513F08C828D8312ECA3851082851180
:10D9B00083E0F9121D51E9700302D8577C047D0001
:10D9C000790012DAC8240DFA50010B121AE78510FB
:10D9D00082851183E0F9121D57E9F9850C82850DC6
:10D9E00083A3A3A3A3A3A3A3A3A3A312EC781211BD
:10D9F000CCE9FC7D009005B9E02EF8A3E03FF9E802
:10DA0000240DFAE439FB8083798C02D81EE5086086
:10DA1000409005B9120FAB12E6AE121C0774021249
:10DA200011ADE970299005B9120FAB9005BBE075F7
:10DA3000F015A4F508E5F0F50978081211D07C007E
:10DA40007D007A567B00121C1374041211AD12155E
:10DA500071850A82850B83E50EF0700BA3E4F085D7
:10DA60000A82850B8304F0851482851583A3A3A302
:10DA7000A3A3A3E0F50878081211D475080178086B
:10DA80001211D478081211D4780A1211D0851A8292
:10DA9000851B8312EC6EE514240AFAE43515FB8528
:10DAA0001682851783E0F9121CF774051211ADAACE
:10DAB0000AAB0B121B95121535123041790174080F
:10DAC0001211AD7F16020EDC9005B9E02EFAA3E02C
:10DAD0003FFBEA2274E4120BD474F81212608A0C31
:10DAE0008B0D750800EA2416F516E4350DF517853B
:10DAF0001682F583E0F912157D8A0A8B0BAE0AAF08
:10DB00000BEE4F700302DB9FE50C2417F582E43522
:10DB10000DF58312EC3F750A00E50C2408F514E4BA
:10DB2000350DF515805AA821A922880E890F780E87
:10DB30001211D0E50A75F003A4F8A9F0E51028F554
:10DB400082E51139F583A3A312DD2612DD33E0F956
:10DB5000121D2774021211ADE9602374041215041A
:10DB6000E0F9121D51E960167404121504E0F9126F
:10DB70001D57E9F8A2E0500108E82508F508050A54
:10DB800012EC8140A175F00DE8A404AA082AFAE479
:10DB90003400FB121B8F8A088B09EA45097005794E
:10DBA0000002DD1C121559E96009AA08AB09121B15
:10DBB0009580EC850882850983E4F0750A00802C45
:10DBC000750B868E828F83E50BF08518828519830D
:10DBD000A3E08E828F83A3F0850E82850F8312F4DB
:10DBE000428E828F83A3A312DE6D050A851682857D
:10DBF0001783E0F985148285158312E2B012EC8157
:10DC0000400302DCD5AC0AEC75F00DA4FEAFF0E5E4
:10DC1000082EF582E5093FF583A3AE82AF83750B2D
:10DC200000EC75F003A4FCADF0E5102CF518E5113F
:10DC30003DF519E5182402F50EE43519F50F850EAA
:10DC400082F58312EC6E12153BE9F512A821A92288
:10DC5000881A891B781A1211D0850E82850F8312BB
:10DC6000DD2612EC97121D2774021211ADE9F8742B
:10DC7000FF6512700302DBC0E8700302DBC07405AD
:10DC8000121504E0A2E250477404121504E08E82DB
:10DC90008F83A3A3A3A3F0E51275F015A4F8A9F050
:10DCA0009005B9E028F8A3E039F988828983A3A315
:10DCB00012DD30A3A3A312DEFB12DD3012DEEEE88C
:10DCC000240DF850010912F41912ECAD02DBC375F2
:10DCD0000B8C02DBC3850C82850D83A3A3A3A3A3B6
:10DCE000A3E0F50A780A1211D4750A01780A121114
:10DCF000D4780A1211D478081211D0EAFCEBFDE5B1
:10DD00000C240AFAE4350DFB121CFD74051211AD4A
:10DD1000AA08AB09121B9512153579017408121166
:10DD2000AD7F14020EDC12EC7285148285158322FD
:10DD3000A3A3A312E2B48E828F832274F0120BD4B9
:10DD4000750C00750D008011E0A2E0500A7DFF7C8B
:10DD50000112DDD51230CB050D9005B5E0F8E50DCB
:10DD6000C3985041E50D12DF8AA385820885830997
:10DD7000EE2402F8E43FF9880A890B7C008882F5DA
:10DD80008312DDDB1215D78B0FEA450F8E828F834E
:10DD900060B6E0A2E0400A7DFF7C0012DDD51230C3
:10DDA000CB050C80B27A807B00900504E0F9121C50
:10DDB00061EA4B4C4D6012E50C70157A807B009047
:10DDC0000504E0F9121C5B8007E50C60031230418A
:10DDD0007F08020EDC850A82850B8312E2B4850877
:10DDE00082850983E0F922C082C0837C00ECF8EAD6
:10DDF00028F8E43BF988828983A3A3E412F28FA375
:10DE0000A3A3A3A3A3F00CECC3940440E08A828BE9
:10DE100083E4F0A302E15374F4120BD48A088B0953
:10DE2000ECFEEDFF7A047B00121B8F8A0A8B0BA895
:10DE30000AA90BE84970047901801C88828983EE65
:10DE4000F0A3EFF0850882850983A3AA82AB831231
:10DE5000DE5A12DE6D790002D64812EC7288828991
:10DE600083A3A3ECF0A3EDF08A828B8322E8F0A3D6
:10DE7000E912EC4704F02274F7120BD4E9FF900585
:10DE8000B5E0C3940A40047901805412DEE2F874CC
:10DE90000539F9EF8882898312F28E12DEFBECF0ED
:10DEA000A3EDF0740912150412F06912DEEF740B81
:10DEB00012150412E2B012DEE9E8240AF850010952
:10DEC0008882898312F28BF09005B512DEE2F5822A
:10DED000740539F583E4F09005B5E004F0790002AB
:10DEE000E00812E5BC7433282288828983A3A3A3A7
:10DEF000A3A3A3A3A3EAF0A3EBF022A3A3EAF0A3B6
:10DF0000EBF088828983A3A3A3A32274F6120BD417
:10DF10008A09E912DF76E8FAE9FBE50912DF8A12DD
:10DF2000DF9612ECAB8E828F83A3E08A828B83A371
:10DF300012DFB2A3A312E26C12DFA612DF9812DF87
:10DF4000A6A3A312DF96A312ECA6EE240AF8E43FE0
:10DF5000F988828983EA240AFCE43BFD74031210E9
:10DF6000F68E828F83E08A828B8312F28F12F28B7D
:10DF7000F07F02020EDC12DF7A2275F00DA4F8A900
:10DF8000F0743328F8740539F92212DF7AE8FEE9D3
:10DF9000FF8E828F8322A3A312DF9C22E0F8A3E0EE
:10DFA000F98A828B8322A3A3A3A3E8F0A3E912DF5B
:10DFB000B222F08E828F83A3A3A3A32274F7120B45
:10DFC000D4E9FF9005B5E0F8EFC3984004790180EB
:10DFD00037EF12DF7612DEE974FF6C601274016CA9
:10DFE000888289837005E0D2E08003E0C2E0F074AB
:10DFF000FF6D601274016D888289837005E0D2E143
:10E000008003E0C2E1F079007F01020EDC74F712B8
:10E010000BD4E9FF79FF78008001089005B5E0FC9A
:10E02000E8C39C502AE875F00DA4FCADF074332CC5
:10E03000FC74053DFD8C828D83A3E06F70DC8C82C7
:10E040008D83A3A3E06A7003A3E06B70CDE8F98031
:10E05000B774F2120BD4890D750C00801E8E828F5E
:10E0600083E02AFCA3E03BFD8E828F83ECF0A3EDDE
:10E07000F088828983E0C2E1F0050C9005B5E0F8F4
:10E08000E50CC3985055E50C12E0E050ECE50D604E
:10E0900005E0A2E140DBE82406FCE439FD8C828D3A
:10E0A0008312E28860CB74FF6508700474FF650911
:10E0B00060BFE82408FEE439FF8E828F83E02AF5F2
:10E0C0000AA3E03BF50BC3E508950AE509950B505B
:10E0D0008C8C828D83E0FCA3E0808C7F06020EDCBA
:10E0E00012DF7A88828983E0A2E022C082C0838A1C
:10E0F000828B8380058A828B83A312E14C60428AE3
:10E10000828B8312E91BE0FC852182852283E06CEF
:10E1100070E388828983A3A3A312EC6E74031215A3
:10E1200004E06C7003A3E06D70CB8882898312F4E5
:10E13000417401121504E0687003A3E06970B680B1
:10E14000047A007B00800DA3A3A3A3A3A312E2B4CF
:10E15000EA4B22F0D083D08202117A74F7120BD4EA
:10E16000E960229005BCF075F015A4FAABF0121B23
:10E170008F9005B912DEF59005BBE4F012E305704F
:10E180000479018002790002E00874F5120BD4E9E9
:10E19000FE8A088B0912E305600D9005BCE0F8903B
:10E1A00005BBE0C3984005790102E25D12E2728A84
:10E1B00082F583EEF09005BB12E27AF8A3E039F91C
:10E1C000E8FAE9FB8A828B83A3E508F0A3E509124C
:10E1D000E923A3ECF0A3EDF0740B12150412DF9801
:10E1E00012ECA8740D12150412ECA3740F1215048E
:10E1F00012E288601B750A0078081211CC7C047D3D
:10E2000000EA240DFA50010B121ADB74031211AD4F
:10E210009005BB12E272FB741112150412E26C122B
:10E22000ECA6741312150412F44212E26212ECAD61
:10E23000741512150412E288601B750A0078081222
:10E2400011CC7C047D00EA2411FA50010B121ADB78
:10E2500074031211AD9005BBE004F079007F030256
:10E260000EDCEA240BF582E43BF5832212DF9CA34B
:10E27000A32212E27AFAA3E03922E075F015A4F89D
:10E28000A9F09005B9E0282212F260E508450922BC
:10E29000C082C08312E30560149005B912E2B01287
:10E2A0001B959005BBE4F09005B9F0A3F002E15492
:10E2B00012E2B422E0FAA3E0FB2274F7120BD48935
:10E2C0000812E305603A79008001099005BBE0F887
:10E2D000E9C398502BE975F015A4FEAFF012E3D214
:10E2E000650870E6A3E06A7003A3E06B70DC8E82C1
:10E2F0008F83A3A3A3E06C7003A3E06D70CC8002B6
:10E3000079FF02E0089005B912F446E8492274F159
:10E31000120BD4890E8C828D8374FFF0A3F0740FDE
:10E3200012150412E91B74FFF0A3F0750A009005A2
:10E33000B912E8F5700302E3C7750B008077E50BAF
:10E3400075F015A4FE85F008AF0812E3D2650E70D3
:10E3500062A3E06A7003A3E06B7058050A8E828F97
:10E3600083A3A3A3A3A3E0F50CA3E0F50D8C828DFA
:10E370008312F25CC3E50C9508E50D9509500B8CF2
:10E38000828D83E50CF0A3E50DF08E828F83A3A32D
:10E39000A3A3A3A3A312F25C8882898312E5C6C358
:10E3A000E5089EE5099F500B88828983E508F0A364
:10E3B000E509F0050B9005BBE0FEE50BC39E50039D
:10E3C00002E33EE50A70047901800279007F0702CA
:10E3D0000EDC9005B9E02EFEA3E03FFF8E828F8316
:10E3E000E02274EC120BD474F6121260740212154F
:10E3F0000474FFF0A3F0852182852283F0A3F075D9
:10E40000130012E3057005790102E5B7750E0002ED
:10E41000E4EEA821A922880C890D780C1211D07481
:10E4200004121240EEFAEFFBA90812154174021211
:10E4300011ADE9600302E4ECE4F50CF50D780C1283
:10E4400011D07402121504120FAB740612150412C7
:10E45000E5D2122F5D74041211ADE9600302E5B23A
:10E460007A0A7B00121B8F8A0C8B0DEA450D700314
:10E4700002E5B2122FF912E5DC1211CC7C047D000A
:10E48000E50C2406FAE4350DFB121ADB74031211B5
:10E49000AD7404121230880A890B780A1211D01256
:10E4A000E5CC12158374021211ADE9640170207479
:10E4B0000812150412F2791211CC7C047D00E50CCF
:10E4C0002402FAE4350DFB121ADB74031211ADAC11
:10E4D0000CAD0D9005B512E5BC743028FA74053901
:10E4E000FB122F63E96401700302E5B2050E90058B
:10E4F000BBE0F8E50EC398400302E5B5E50E75F004
:10E5000015A4F50AE5F0F50B12E5FFE0F50812E5B4
:10E51000C5EEFAEFFBA908122F45E9F50F74FF6568
:10E520000F700302E4127A0A7B00121B8F8A0C8B95
:10E530000DEA450D607C122FF912E5DC1211CC7C3E
:10E54000047D00E50C2406FAE4350DFB121ADB7499
:10E55000031211AD7404121230880A890B780A1262
:10E5600011D012E5CC12158374021211ADE96401C9
:10E570007020740812150412F2791211CC7C047DFB
:10E5800000E50C2402FAE4350DFB121ADB740312C9
:10E5900011ADAC0CAD0DE50F75F00DA4F8A9F0743C
:10E5A0003D28FA740539FB122F63E9640160030208
:10E5B000E4EC751302A913740A02EEDFE075F00DA6
:10E5C000A4F8A9F022A3E0FEA3E0FF22850C828537
:10E5D0000D8312EC72EEFAEFFBA9082212E5FFA3FD
:10E5E000A3A312E2B4850C82850D83EAF0A3EBF0BD
:10E5F000E8240DF510E439F5117512007810229019
:10E6000005B9E0250AF8A3E0350BF9888289832251
:10E6100074F6120BD41215539005B9120FAB12E613
:10E62000AE121C0774021211ADE9F8740A68607B1F
:10E63000740968606E1215357A567B00121C0DEA5B
:10E64000F8EBF97A157B0012097AE8FEF912152920
:10E65000E9640160569005B9120FABEE75F015A490
:10E66000F508E5F0F50978081211D07C007D007AF4
:10E67000567B00121C1974041211ADEE9005BBF00C
:10E6800080218A828B8312F4409005BE12F071FEC5
:10E69000A3E0FF121B959005BDE014F0EEFAEFFB2E
:10E6A000121B959005BE12E14D70D702DF719005E7
:10E6B000BBE075F015A4FCADF07A567B002274EA3D
:10E6C000120BD474EF12126012E3056003121535B9
:10E6D00075080090050180618E828F83A3A312E9E3
:10E6E00011121D21EA4B604D8A828B83A3A3A3A341
:10E6F000A3A3A3E0F9603E750A00E50AF50C750DC9
:10E70000007403780C12137E8A828B83A3A3A3A3C5
:10E71000A3A3A3A3E0250CF8A3E0350D8882F5831D
:10E72000A3A3A3A3A3E493A2E250020508050AE56C
:10E730000AC39940C58E828F8312E8F5709AA908A2
:10E74000121529E9F9600302E8EB90050180048EB7
:10E75000828F8312E8F5700302E8E9EE240212ECDE
:10E760005012E911121D218A0A8B0BA80AA90BE885
:10E770004960DCE82407F50EE439F50F850E82F5D3
:10E7800083E060CB750A00E82408F50CE439F50D48
:10E79000807D12E91BA3A3A3A3A3E0F512A3E0F5D8
:10E7A0001388828983A3A3A3A3A3A3A3E0F514A33F
:10E7B000E0F515850C82850D8312F24BFBE82409E8
:10E7C000F510E439F51178101211D078141211D027
:10E7D00078121211D078101211D078141211D0784A
:10E7E000121211D08A828B83A3A3E493FC74019349
:10E7F000FD8A828B83E493FA740193FB85088285FA
:10E80000098312E91112152F740C1211AD050A8536
:10E810000E82850F8312EC87400302E74FE50AF56D
:10E82000127513007403781212137E85121085136B
:10E830001112E8FD8A828B83A3A3A3A3A3E493A26E
:10E84000E250CA12F423E0C0E07404121504D0E0D0
:10E8500012DE6712F2437405121504E8F0A3E91200
:10E86000E92312F243740712150412ECAD7404127A
:10E870001504740D120FAF7ABD7B05122231740D91
:10E880001211AD8A828B83E5824583600302E79291
:10E890009083BCAC21AD2274041210F612E8FDA8DE
:10E8A00021A9228810891178101211D07510FF75D6
:10E8B00011FF78101211D075100A7511007810121E
:10E8C00011D074061212308810891178101211D0EC
:10E8D0007510FF7511FF78101211D075100A75119F
:10E8E0000078101211D002E7E4790074111211AD12
:10E8F0007F0E020EDCE0FEA3E0FFEE4F22850C82CD
:10E90000850D83E02510F8A3E03511F9E8FAE9FB5D
:10E910002212E9152212F42DE0F92212F44688821F
:10E92000898322F08A828B83A3A32274F6120BD4EC
:10E930009005BBE0600812E30570031215359005E1
:10E94000B9120FAB12E6AE121C0774021211ADE938
:10E95000F8740A68600574096870047901804E7A59
:10E96000567B00121C0DEAF8EBF97A157B001209B0
:10E970007AE8FEF9121529E9640170047902802D04
:10E980009005B9120FABEE75F015A4F508E5F0F59A
:10E990000978081211D07C007D007A567B00121C89
:10E9A0001974041211ADEE9005BBF0790002DF710D
:10E9B00074E4120BD474EE121260890B7E007F0097
:10E9C00074FF650B70109005B5E0F89005B8E0C3D2
:10E9D000985013E08001E975F00DA4F8A9F07433A4
:10E9E00028FE740539FF8E828F83A3A3A3A3A3A35C
:10E9F000E0F47003A3E0F4700302EC3AEE240A1290
:10EA0000EC50E0700302EC3A740E121504E4F0745A
:10EA10000612150412F282A3858216858317E0C0C0
:10EA2000E0740F121504D0E0F090190412F442744F
:10EA30001012150412ECAD850882850983E075F08B
:10EA400005A4A9F02401FAE439FB121B8F8A0C8B70
:10EA50000D850882850983E0F50E750F0074027834
:10EA60000E12137EAA0EAB0F121B8F8A0E8B0F8A0B
:10EA7000148B15E50C450D700302EC2DEA4515705D
:10EA80000302EC26850882850983E0850C82850DCA
:10EA900083F0750A00EE2402F518E43FF51902EB45
:10EAA0007F12E5C57800EE4F700302EB7DE8C39559
:10EAB0000A50088E828F83A312E5C508EAC39850D6
:10EAC000E5EE4F700302EB7D8E828F8312F442E8F5
:10EAD000FAE9FB8A828B8312F26812ECADA821A9B5
:10EAE00022881A891B781A1211D012EC6A851882B2
:10EAF00085198312EC9712158374021211ADE96423
:10EB000001707A7402121504E0851282851383F075
:10EB1000851082851183E50EF0A3E50FF0740412D1
:10EB2000150412EC781211CC7C047D00AA0EAB0FF8
:10EB3000121ADB74031211AD8A0E8B0F74021215B8
:10EB400004E0F9121D51E960347C047D0079001263
:10EB5000EC5C121AE77402121504E0F9121D57E971
:10EB6000F9740412150412EC3F78101211CCE9FC70
:10EB70007D0012EC5C121ADB74031211AD050A85DC
:10EB8000088285098312EC87505EAA0AEA75F005AF
:10EB9000A4F8A9F0E50C28F8E50D39F988828983F5
:10EBA000A3AC82AD8374FFF0A3F0E82403F512E474
:10EBB00039F513851282F58374FFF0E82404F5100B
:10EBC000E439F511851082F583E4F0A312EC4724B3
:10EBD000FFF8E434FFF9C3E89AE99400A2D265D0C3
:10EBE00033400302EAA18095122F75E9F5087808F1
:10EBF0001211D475080078081211D475080178082C
:10EC00001211D4780C1211D085188285198312EC58
:10EC10006E740B121238851682851783E0F9121D67
:10EC20000374051211ADAA0CAB0D121B95E514452A
:10EC3000156007AA14AB15121B95741202DD1EE0B5
:10EC4000F510A3E0F51122F0850882850983E02202
:10EC5000F508E43FF509850882F583228E828F83CB
:10EC6000E02402FAA3E03400FB228A828B8312ECB8
:10EC70007222E0FCA3E0FD2212EC3F751200781036
:10EC800022851082851183E0F8E50AC3982212ECF0
:10EC900072851A82851B8312E2B4851682851783DA
:10ECA000E0F92212DF9CA3A3A3A3A3A3A3E8F0A3EC
:10ECB000E9F02274EC120BD4E9FF7E0074141215F3
:10ECC0000412E91BEF24E0603514605414606F14E3
:10ECD000700302ED6024FB700302EDA214700302C6
:10ECE000EDD814700302EDFF14700302EDFF24F25F
:10ECF000700302EE4114700302EE7102EEB512EEE3
:10ED0000B9AA09A808E8C395094005E8C39A800391
:10ED1000EAC398F895E0F9C3E89CE9940002EDF89D
:10ED200012EECC4008E8C39AF8E99B8006EAC39843
:10ED3000F8EB99F9C3E89508E9950902EE3D7808E2
:10ED40001214918A828B83780C1214918C828D8399
:10ED500078101214917810790812144440338020EE
:10ED600078081214918A828B83780C1214918C8209
:10ED70008D83781012149178107908121444401180
:10ED80007808791012131C780C790812144402EEDA
:10ED90003D7810790812131C780C79101214440273
:10EDA000EE3D12EEB93395E0FDE509FA3395E0FB4F
:10EDB000E508F83395E0F9E8C39509A2D265D033A8
:10EDC0004008E8C39AF8E99B8006EAC398F8EB99F3
:10EDD000F9C3E89CE99D802012EECCA2D265D03325
:10EDE0004008E8C39AF8E99B8006EAC398F8EB99D3
:10EDF000F9C3E89508E99509A2D265D033803E7839
:10EE0000081214918A828B83780C1214918C828D53
:10EE10008378101214917810790812128C401078AF
:10EE200008791012131C780C790812128C800E7855
:10EE300010790812131C780C791012128C4076800D
:10EE40007278081214918A828B83780C1214918C38
:10EE5000828D83781012149178087910120DF54084
:10EE6000307810790812020D7810790C120DF580A7
:10EE70002E78081214918A828B83780C1214918C4C
:10EE8000828D83781012149178087910120DF55044
:10EE9000127808791012020D7808790C120DF550CD
:10EEA0001480107810790812020D7810790C120D68
:10EEB000F550027E01EEF98029E0F5088A828B8305
:10EEC000E0F88C828D83E0F509E8FC2212DF9C12C9
:10EED000F2608C828D8312E2B4C3E89AE99B22121D
:10EEE00011AD7F0C020EDC74F0120BD49005B6123B
:10EEF000EF17780C1214917808790C120A6D7808C3
:10EF00001211C87A807B00900504E0F9121C4F743E
:10EF1000041211AD02DDD012F260E4F50AF50B9097
:10EF200083FC2274F3120BD47A807B00900504E0FA
:10EF3000F9121C5B9005B5E0F50BF5087509007436
:10EF400002780812137EAA08AB09121B8F8A088B5D
:10EF500009AE08AF09EE4F700302F064750A008035
:10EF60003FAA0A8A087509007402780812137EEE17
:10EF70002508F8EF3509F9EA75F00DA4FAABF0743D
:10EF8000332AFA74053BFB8A828B83A3E08882894B
:10EF900083A312E92312DE5AE088828983F0050AEE
:10EFA000E50AC3950B40BA9005B5E06051F50C75C4
:10EFB0000A00803E8A828B8312F44090053E12F054
:10EFC00071F508A3E0F509121B9590053DE014F0DA
:10EFD000AA08AB09121B9590053E12E14D70D59021
:10EFE00005B5E014FA790012229D9005B5E014F001
:10EFF000050AE50AC3950C5005E070DB80F2121596
:10F0000047750A008050E50AF50875090074027812
:10F010000812137EEE2508F8EF3509F988088909EA
:10F020008882F583A3A312F069A3E0F9122F45E9C2
:10F03000F874FF68601E850882850983E0C0E0E8F7
:10F0400075F00DA4F8A9F0743328F582740539F52C
:10F0500083D0E0F0050AE50AC3950B40A9EEFAEF6C
:10F06000FB121B957F05020EDC12E2B488828983B5
:10F0700022E8F0A3E9F08A828B83E022C082C08379
:10F080007A807B00900504E0F9121C5B02E154C019
:10F0900082C083900505E0FCA3E08003EAFCEBFD61
:10F0A0008C828D83A3A312E2B08A828B83E0696095
:10F0B000148C828D8312E2B012EC6AEC4D70DD7A12
:10F0C000007B008004AA82AB8302E15474EA120B35
:10F0D000D474FE121260890CEAFEEBFF8C0A8D0BD1
:10F0E0007C047D0079007A2F7B05121AE7900501D8
:10F0F00012F254800985088285098312F25CE508C2
:10F100004509700302F23A85088285098312F2707C
:10F1100070E3121D218A0E8B0FA80EA90FE849601B
:10F12000D488828983A3A3A3A3A3A3A3E0F5126039
:10F13000C4E82408500109FCE9FD8C828D8312E1AA
:10F140004D60B2750D008002050DE50DC39512509E
:10F15000A4E50DF50E750F007403780E12137E856D
:10F160000E10850F11EA2510F8EB3511F9880E897C
:10F170000F888212F241EE687002EF6970CAA3A391
:10F18000E493C0E0740193F583D082858214858373
:10F1900015E50A65147004E50B651570AB7418125B
:10F1A000150412F2548882F583E514F0A3E515F0F6
:10F1B000E82402F8E43509F9850E82850F83A3A3BC
:10F1C000A3A3E49388828983F08C828D8312F24B0F
:10F1D0008A82F583A3A3A3A3A3E493850882850968
:10F1E00083A3A312F28EE0F9121D57E985218285CF
:10F1F0002283F0A3E4F0A821A922880A890B780AC7
:10F200001211D0750A2F750B05780A1211D08508D6
:10F210008285098312EC6EEEFAEFFBA90C121D69D0
:10F2200074041211AD850882850983A3A3A3A37476
:10F230002FF0A37405F0790180027900740202E8CE
:10F24000EDF583E493F8740193F922E02510FAA315
:10F25000E035112212F446880889092212F2602250
:10F26000E0F508A3E0F5092212F4468C828D832292
:10F27000A3A312E915E50C692212F260750A007861
:10F280000822E4F0A3F08E828F8322A3E4F0A3F09F
:10F29000888289832274EC120BD474F01212608974
:10F2A0000B8A0C8B0D8C0E8D0F122F45E9F50A740D
:10F2B000FF650A700302F341E975F00DA4F8A9F0A7
:10F2C000743328FE740539FF8E828F83E0A2E040FC
:10F2D0000302F3EDA3A3A3A3A3A3E0F47003A3E0AD
:10F2E000F4700302F3ED7406121504E50EF0A3E5C5
:10F2F0000FF012F4198002A3A312E288604312F403
:10F300002312F4427406121504E0687003A3E06946
:10F3100085088285098370DF12E3086024A821A98B
:10F32000228810891178101211D0AC0EAD0FAA0CE2
:10F33000AB0DA90B12158374021211ADE9640160C3
:10F34000077902741002EEDF7A807B00900504E0FA
:10F35000F9121C618B118C128D13750C00750D0048
:10F36000C200EA45114512451360149005B6120F0C
:10F37000AB12301D74021211AD8A0C8B0DD2008EAF
:10F38000828F83A3A3A3A312E308601C8E828F83C2
:10F39000A3A3A3A3A3A3A3A3E0250CFAA3E0350D85
:10F3A000FBC3E89AE99B50457402121504E0F91278
:10F3B0001D51E9603D85088285098312E2B0EA2487
:10F3C00002F508E43BF50978081211D0740612150D
:10F3D0000412EC6EEA2406FA50010B7404121504B0
:10F3E000E0F912156574021211ADE9700579000299
:10F3F000F343121577A90A12155FA200500979008C
:10F40000AA0CAB0D122EF77DFF7CFF7A007B00A9C2
:10F410000A12305F12304180D4EE240BF582E43FB3
:10F42000F5832285088285098312F42D22E0F8A352
:10F43000E0F58388822288828983A3A3A3A3A3A360
:10F44000A3A312F44622E0F8A3E0F922C082C0830D
:10F4500090078AE4F0900798F090078EF0A3F09060
:10F46000078912FCC490078BE4F0900799F090078D
:10F470009AF090079B02FB4AC082C083906194740B
:10F480000512F93575E9FBE8A2E792AF9061A3E0B8
:10F49000D2E202FB4AC082C083121A2790078AE494
:10F4A000F0F9121A0902FB4BC082C08390079A74CC
:10F4B00001F0900799E070081219BB90079AE4F0E8
:10F4C00002FB4BC082C0839061A4E0C2E0F0906177
:10F4D000947405F075E1ED75E1EDA8A8C2AF759BD8
:10F4E0000075E9FBE8A2E792AF12F947F9E8496035
:10F4F000077A8E7B07122CC390078C74C7F0A37415
:10F5000019F0900789E0700690078BE0600C900777
:10F5100089E4F090078BF01219F102FB4BC082C016
:10F520008390079AE07021900799740112FCD2121F
:10F53000F91E1230E5900799E4F090079AE0600810
:10F540001219BB90079AE4F002FB4B74F1120BD432
:10F5500074FE121260750A00900789E060031217AA
:10F560000F9007897481F090079CE0600D90619383
:10F57000E0A2E74010E0A2E6400B900789E4F01219
:10F5800019F102F8FC12187D12FC6D90078AE090C8
:10F590000797F079047A907B0712190D900790E095
:10F5A000547F24FD900794F0C3947D400302F6D16C
:10F5B000900791E05407F8C39404400302F6D17415
:10F5C0000268600302F66A900798E0600302F66A38
:10F5D0007902AA21AB2212190DA2AFE433F508C2B9
:10F5E000AF90079EE0648670799019DD12F94AF9B0
:10F5F000E849700312170F12FC9C85218285228333
:10F60000E02824B7FE7401121504E0547FFFFAEEDF
:10F61000F912198B9019DD12FA9D2415F582E43840
:10F62000F583E912F94F2416F582E438F583EF12D9
:10F63000F94F2417F582E438F583EEF0E508A2E0EF
:10F6400092AF7401121504E0A2E75011900791E007
:10F650005410FA900793E0F9121A81807A121A87EF
:10F660008075E508A2E092AF806D90079EE0648609
:10F670007003121A87900797E0602F900798E07048
:10F6800029900797E06401700302F712900791E058
:10F690005407F8900797E064027005E87074800AD8
:10F6A000E0640370057403687068900792E0F813D3
:10F6B00013543F5403F508E8C413135403F5099099
:10F6C0000713E0701874016509600674016508701D
:10F6D0000C75E1ED75E1ED1219E502F8FCA80912CF
:10F6E000F906FAA80812F9062AFEE509600A900749
:10F6F00091E0A2E650021E1E900794E0FAEE790017
:10F700002402F8500109C3EA98E499A2D265D033E3
:10F7100050061219F702F8FCE0C39E24FE900796EB
:10F7200012F9575003750A25900796E0F8E50A2864
:10F73000F8E43400F9E8243AFAE439FB122CBD90DD
:10F74000078EEAF0A3EB12F93EF9E849700575E17E
:10F75000E880BF7F00900791E0F8900798E070077D
:10F7600074205890078BF090078BE0604AA2AFE4BA
:10F7700033F50AC2AF7407586403701D122CB7E941
:10F78000600302F8DA900709E0700302F8D112175B
:10F79000EDE964FE700302F8DA90618AE0C2E212D9
:10F7A000F9357591FEE8A2E792AF9061A4E0D2E04E
:10F7B000F0E50AA2E092AF90078EE0243AF8A3E0C9
:10F7C0003400F990078EE0FAA3E0F5838A82A3A3C0
:10F7D00012FCB1243312FA8E900796E0C0E012F9C1
:10F7E00013D0E012F93EF5838882A3A3A3A3E0C05F
:10F7F000E090078F12FC7AD0E012F957503A12F9D4
:10F80000267403F0750C91750D07750E00780C12B7
:10F8100011CC12F926E0FC7D0012FB21121ADB74D8
:10F82000031211AD90078EE0243312FC892435F5C4
:10F8300082E43AF58312FB3212FA9A241BF582E431
:10F8400038F583E50912FCBA2424F582E438F583FF
:10F85000E508F01218CB8A088B098C0A8D0B12FA76
:10F860009A2425F582E438F5837808121473121867
:10F87000BF8A0812FC932429F582E43AF583E5084F
:10F88000F0A3EBF0900791E05407C0E012F913A346
:10F89000D0E0F0900793E0C0E012FA9A2432F582AB
:10F8A000E438F583D0E0F0900791E05478F8A3E0D5
:10F8B000C4540F5403484FC0E012FAA1D0E0F0EE58
:10F8C000702390078C74D9F0A37419F01219D380A7
:10F8D0002B122CB1E9700302F7997F0490618AE042
:10F8E000D2E202F79F90079512F957900795E040F2
:10F8F000011412FCCF74CDF0A37419F0740212112C
:10F90000AD7F07020EDC74DC28F582E43437F58322
:10F91000E4932290078E12F91EA3A3A3A32212F947
:10F920004AF58388822212F92D12FC802290078EDC
:10F9300012F94AC822F0A8A8C2AF759B002212F99A
:10F940004222F012F9472290078EE0F8A3E022F05D
:10F950009019DD12F93022F0900791E0A2E32274B1
:10F96000F6120BD474EC121260900795E07003123B
:10F97000170F900795E0F9AA21AB2212190DA821C3
:10F98000A92288088909AC08AD09900792E01313F1
:10F99000543F5403FE607090078EE0242DF8A3E0DE
:10F9A0003400F9852182852283E0FC74011215045C
:10F9B000E0FBEC88828983F0A3EBF08882898312D4
:10F9C000F94A12FC92242B12FAAD241CFAA3E0345B
:10F9D00000FB74036E70107402121504AC82AD83C8
:10F9E000121C85740A80197402121504E0FC740359
:10F9F000121504E0F9EC8A828B83F0A3E9F0740419
:10FA0000121504AC82AD83900792E0C41313540323
:10FA1000FA605812FAA1E0A2E640278C828D83E0BA
:10FA2000FEA3E0F9EEF890078EE0FBA3E0CB242BD9
:10FA3000F582E43BF583E8F0A3E9F0EC2402FC5006
:10FA4000010D74036A701190078EE02413FAA3E08D
:10FA50003400FB121C8580138C828D83E0FAA3E0B6
:10FA6000F9EAF812FC93241312FA8E12FA9A24106F
:10FA7000F582E438F583E412FCD274D9F0A374194A
:10FA8000F01219D374141211AD7F02020EDCF5824C
:10FA9000E43AF583E8F0A3E9F02290078E12F930FA
:10FAA0002212F92D2407F582E438F58322F582E449
:10FAB0003AF583E8F0A3E9F090078EE022C082C017
:10FAC00083900796E07010906194740112FCD274D8
:10FAD000DFF0A374198016C394105006E0900795C8
:10FAE00080059007957410F0E014906194805BC0DD
:10FAF00082C083900795E0F912FB2112190D90073F
:10FB00008EE02433F8A3E03400F990079512FB321D
:10FB1000900795E0F8900796E0C398F01219D3800B
:10FB20002A12F92D2433F582E438F583E0FAA3E0B4
:10FB3000FB22E0FA88828983E02AFAA3E03400FB02
:10FB400088828983EAF0A3EBF022F0D083D082028E
:10FB5000117A74F6120BD47E0079027A907B071228
:10FB6000190D900791E05480F509700B900798E00B
:10FB70006402600302FC539007897402F0121A3386
:10FB800012FC9C900790E02824B7F508A3E0547F6E
:10FB9000FFFAA90812198B12FA9A242FF582E43879
:10FBA000F583E912FCBA2431F582E438F583E508DF
:10FBB00012FCBA2430F582E438F583EF12FAB72448
:10FBC0003A12FC89243312FAAD2402F8A3E034007F
:10FBD000F9E8FAE9FB181812FC7AE0F890078EE0D1
:10FBE000FCA3E0F5838C82A3A3A3A3E0FCE8C39C61
:10FBF000F895E0F98A828B83E028F8A3E039F98A46
:10FC0000828B8312FCB12407F582E43AF583E0A2EB
:10FC1000E2501088828983E06404600790618AE082
:10FC2000C2E2F0900709E060081217F3E960027E73
:10FC300004E5094EF890078EE0F9A3E0C92407F522
:10FC400082E439F583E04812FAB7FAA3E0FB122CFC
:10FC5000C9800A12FC6D7A8E7B07122CC390078E26
:10FC6000E4F0A3F012FCBF1219E502FA899061A436
:10FC7000E0C2E0F090078BE4F022E0C812FC8022A2
:10FC80002435F582E438F58322F8A3E0340012FC31
:10FC90009222F990078EE0FAA3E0CA22900788E04A
:10FCA000540FF874E428F582E43437F583E493F8CC
:10FCB00022E8F0A3E9F012FC932212F942C8229044
:10FCC0006194740512FCD274C7F0A37419F02290E9
:10FCD0006194F090078C22C082C083906193E0A26F
:10FCE000E6500BE0A2E7400675E1ED75E1ED900707
:10FCF00089E4F090078BE070031219F102FB4BC00E
:10FD000082C08390078BE4F0900789E0700312199A
:10FD1000F102FB4BC082C083121A3312195B121A14
:10FD20006F02FB4BC082C08390078CE064C77004F5
:10FD3000A3E06419600312170F900794E070051296
:10FD400019E5801DC394105006E09007958005903A
:10FD500007957410F0E01412FCCF74FDF0A3741931
:10FD6000F002FB4BC082C08374F0121260900795C2
:10FD7000E0F9AA21AB2212190D900795E0F890073F
:10FD800094E0C398F06011C394105012E09007956E
:10FD9000F014906194F0800612FCBF1219E5741003
:10FDA0001211AD02FB4BC082C08390079BE004F0B0
:10FDB0001219B502FB4B74F7120BD4E9FE900798A9
:10FDC000F0700A906180E4F0E04409801374026EE0
:10FDD000600874016E600312170F906180E0C2E04A
:10FDE000F07F01020EDC74F7120BD4E99005D0F01D
:10FDF0007AB57B16122F7B7AC17B16122F217913CD
:10FE0000122279901811E4F0790A1230597F010218
:10FE10000EDCC082C083901AD17418F0901AD2748C
:10FE200010F0A37427F0A3E4F0A3F0801EC082C0FA
:10FE3000831216A99083C0120FA77A017B00900548
:10FE4000D0E0F9121C4F74041211ADD083D082029D
:10FE5000117A74F0120BD48A828B83A3E0600A14A7
:10FE6000601224FC601A02FEED8A828B83E0640D2E
:10FE7000707B80078A828B83E070721216AF806D70
:10FE80008A828B83E0640D70051216A9805F901A38
:10FE9000D1E0901AD2602E78081214917808120BD3
:10FEA00008908304780C1214917808790C120632A9
:10FEB000780812089F901AD27808121473901AD1F9
:10FEC000E014F0801174A0F0A374BBF0A3740DF0E3
:10FED000A3E4F01216A9901AD2120FA77A027B009F
:10FEE0009005D0E0F9121C4F74041211AD7F080286
:10FEF0000EDC74F4120BD4EAFEEBFF54807031EE8A
:10FF000054026044EE640202FF8C8A828B83E064B8
:10FF1000347016EA2417F582E43509F583E0FAA374
:10FF2000E0FBEA4B6003121B95AA08AB09121AFF0B
:10FF30009005D0E0F9121B118A088B09EA45097077
:10FF4000C9EEFAEF64808037EEA2E05004640180CD
:10FF50003B5404602DD281908308120FA77A087B4E
:10FF6000009005D0E0F9121C4F74041211AD790A0B
:10FF700012305990170AE4F0A3F0EE6404FAEFFB94
:10FF80008011EE54086008C281EE6408FA80047A99
:10FF9000007B007F04020EDCC082C08374FC12125E
:10FFA000607402121504E4F0A3F085218285228397
:10FFB000F0A3F0AC21AD2274021212381215A10286
:10FFC000FE4674F7120BD4E9A2E6500E7A047B00C9
:10FFD0009005D0E0F9121C5B8021A2E2501D901A1E
:10FFE000CAE070179083FC120FA77A047B0090057B
:0EFFF000D0E0F9121C4F74041211AD02FE0D88
:020000040002F8
:10000000C082C083E99016F6F002822E74F4120BBF
:10001000D48A088B09EB5480604D800EEEFAEFFB1A
:10002000121D0FEEFAEFFB121AFF9016F6E0F9120E
:100030001B118A0A8B0BAE0AAF0BEE4F60208E822B
:100040008F83E0641A60D5EEFAEFFB121CC1E9F968
:1000500074FF6960CEEEFAEFFB121B0580CCAA0894
:10006000E5096480FB80047A007B000283EC74F76E
:10007000120BD47AFF02946C74F6120BD4E9FEEAE8
:10008000FF7A047B00121B8FEA4B6035EF8A828B6C
:1000900083A3A3A3F0EE8A828B83A3A31280FEF036
:1000A0009017021299CE7009901702EAF0A3EB8024
:1000B00047E0F988828983A3A3A3E06F7007121B2E
:1000C0009579008036E8FCE9FD888289831299CE13
:1000D00070E174FF6F700D8C828D83EAF0A3EB12D8
:1000E00080FE801490170212A7849017021292C209
:1000F0008A828B83E8F0A3E9F07901029579F08A8E
:10010000828B83E4F0A322C082C083EA12A75E3B05
:10011000F583E0FA9017028004888289831299CED1
:10012000601C88828983A3A3A3E0FBEA6B6005744B
:10013000FF6B70E588828983A3A3E0F9800279FFD1
:1001400002822E74F2120BD48A088B098A828B8366
:1001500012AAA2121CC1E9F50A74FF650A70030213
:1001600082297A197B00121AF98A0C8B0DAE0CAF1A
:100170000DEE4F70030282298E828F837434129F9A
:1001800085A3A3EE2402FCE43FFD74061210F6855D
:100190000882850983128E04A3A3A3A3129B70A3D4
:1001A000A3A3A3EAF0A3EB12835AA3EE240AFCE470
:1001B0003FFD740C1210F612A78DC812A75E38F519
:1001C00083E0C0E0EE2416F582E43FF583D0E0F052
:1001D000E508240CF8E43509F98882898312AAA27B
:1001E000EE2417F582E43FF583EAF0A3EB12859D38
:1001F000A3A3A3E0FA74066A7009EEFAEFFB1230CB
:1002000011800C74086A7010EEFAEFFB12300BEEDE
:10021000FAEFFB121AFF801188828983E4F0A3F0C1
:10022000EEFAEFFBA90A121B057901029AE3D083CB
:10023000D08202117A74F4120BD48A088B09ECFE76
:10024000EDFF7A087B00121B8F8A0A8B0BA80AA984
:100250000BE849700479108036128311A31282FBD7
:10026000740C12150412AF96A3A3A3A31292C0900C
:1002700016FA12949E9016FA6012E0FCA3E0800336
:10028000EAFCEB12949970F88C828D831282ED0255
:1002900083EC74F4120BD489088A09ECFEEDFF7A22
:1002A0000A7B00121B8F8A0A8B0BA80AA90BE8494C
:1002B000700479108034128306E4F0A31282F5E50D
:1002C000091282F5A3EEF0A3EFF09016FC12949EB3
:1002D0009016FC6012E0FCA3E08003EAFCEB1294B1
:1002E0009970F88C828D831282ED0283ECE8F0A382
:1002F000E9F079002212835EA3A322E50912836349
:10030000EEF0A3EFF02212831188828983A3A3A3C6
:100310002288828983E4F0A312836AA3E508F0228D
:1003200074F2120BD4EAFEEBFF8C088D09121D212A
:100330008A0C8B0DA80CA90DE84960198882898365
:10034000A3A3A3EEF0A3EF12835AE508F0A3E509F7
:10035000F0790080027901029AE312835E2212830F
:1003600063A32212836AA3A3A322F088828983A3B2
:100370002274F4120BD474F7121260E9FEECFF85BC
:1003800021828522837401F0EF7006EDC39406404C
:100390005074036A4B604A7401121230880A890B48
:1003A000780A1211D07C127D007A007B00EEF912DF
:1003B0001D2774021211ADE9601CE4F50AF50B78F3
:1003C0000A1211D074031212407402121238121D54
:1003D0006374021211AD852182852283E06401706D
:1003E0000479018002790074091211AD7F04020EB4
:1003F000DC74E8120BD474FA12126089088A0A8B32
:100400000B8C0E8D0F12309B8A0C8B0DAE0CAF0D2A
:10041000EE4F70057902028593AA0EAB0FA9081260
:100420001D3FE9F509A2E6401C9017001299CE6025
:1004300014E82419F582E439F583E064017006E5D7
:1004400009D2E6F5097C067D007900AA21AB2212CB
:100450001AE7741F121504128E116009E054FCF0A3
:10046000E044018003E054FC12859D1299CE602C7B
:10047000741E121504E0F50C88828983A3120FAB59
:10048000AD0C7402121504E05403FCAA0EAB0FA9C4
:1004900008121CDF74021211ADE9700579010285A2
:1004A0009374221215041299CE601285218285223E
:1004B00083E04404F074021215041292CF742012E7
:1004C0001504128E116005E044088003E054F7F033
:1004D0007421121504128E116005E044108003E0AF
:1004E00054EFF07424121504E0C0E07404121504F3
:1004F000D0E0F07405121504E50CF0780385218234
:10050000852283E0540460027805742512150412D4
:100510009AA2E8250CF516E4350DF517AA16FB127C
:100520001B8F8A148B15EA45156064AC14AD15AAAF
:1005300021AB22121D1B742712150412AC0B1211D1
:10054000CCAC0CAD0D121ADB74031211AD901AF67F
:10055000E0F50C780C1211D4750C98750D18780C08
:100560001211D078141211D078161211D0780E1200
:1005700011D0A909EEFCEFFDAA0AAB0B1230A7744B
:10058000091211ADE9FEAA14AB15121B9580027E6B
:1005900010EEF974061211AD7F10020EDC1297B343
:1005A000A3A3A3A322EEF97F0C020EDCE50C28F531
:1005B00082E50D128D372274EA120BD474FE1212EA
:1005C0006089098A0C8B0DECFEEDFF75100075112A
:1005D0000075080074181215041299C1801512874D
:1005E00099121D6F8B0FE5102AF510E511350FF5E7
:1005F00011050812878C5046E50875F006A4F8A985
:10060000F0E50A28F582E50B1285B3E5102403F521
:1006100010E43511F511A3A3E070D60510E51070B4
:1006200002051188828983A3A3A3A312949E8882C2
:10063000898360AAA3A3A3E0F9121D5D80A6AA1076
:10064000AB11121B8F8A0E8B0F8A128B13EA451384
:10065000700302876F7508008036A821A9228814CC
:10066000891578141211D0780E1211D08A828B83DA
:10067000128799121D7574041211AD85218285228D
:100680008312A784E50E28F50EE50F39F50F05084E
:1006900012878C5078E50875F006A4F8A9F0E50AF1
:1006A00028F582E50B12A73D12877F8A828B83A3F0
:1006B000128776F0129452128776A3F0E50E240387
:1006C000F50E5002050F88828983E070C1EA240389
:1006D00008E43BF9881489158882F58312877FA383
:1006E00085820E85830F8A828B83A3A31299CC7097
:1006F0000302865AAC0EAD0FE8FAE9FB8514828539
:100700001583E0F9121D4B8A0E8B0F80817812122F
:1007100011D078101211D07420121504128E1912F3
:1007200011D4E4F50AF50B780A1211D074221215CF
:1007300004128E191211D47422121504128E191279
:1007400011D475080078081211D4750801780812C0
:1007500011D4EEFCEFFDAA0CAB0DA909121CE57437
:100760000B1211ADE9FEAA12AB13121B9580027E8B
:1007700010EEF90287A712877A22128784A3221229
:100780008784F022E0850E82850F8322850A828588
:100790000B83E0F8E508C3982212AFEFEEFAEFFB07
:1007A000A90922EEF9800574021211AD7F0E020E26
:1007B000DC74EC120BD4890EEAFEEBFF8C088D0979
:1007C00074141215041288A675F003A4F512E5F04E
:1007D000F513AA12FB121B8F8A0A8B0B8A108B113E
:1007E000EA451170030288997A00802FEA75F003B8
:1007F000A4F8A9F0E50C28F8E50D391289C8E82419
:1008000002F85001098882898312889E1289D3F0E8
:10081000E50A2403F50A5002050B0A850C82850DB2
:1008200083E0F8EAC39840C4740168700AA3E070DA
:100830000675120175130078101211D0781212117A
:10084000D0741C121504128C1D1211D4E4F50AF593
:100850000B780A1211D0741E121504128C1D12117D
:10086000D4741E121504128C1D1211D4750A00784E
:100870000A1211D4750A04780A1211D4AC08AD0911
:10088000EEFAEFFBA90E121CE5740B1211ADE9FE96
:10089000AA10AB11121B9580027E100285A5E0857F
:1008A0000A82850B832212A788880C890D8882F51D
:1008B00083E02274EA120BD4890EEAFEEBFF8C0867
:1008C0008D0974161215041288A6F50A750B0074AA
:1008D00002780A12137E850A12850B13AA12AB1333
:1008E000121B8F8A0A8B0B8A108B11EA4511700339
:1008F0000289B67A008041EAF51475150074027811
:100900001412137EE50C2514F8E50D35151289C86F
:1009100088828983A3A31289BBF0E82403F85001DD
:1009200009888289831289BB1289D3A3F0E50A243E
:1009300004F50A5002050B0A850C82850D83E0F848
:10094000EAC39840B2740168700AA3E07006751299
:100950000175130078101211D078121211D0741E84
:10096000121504128C1D1211D4E4F50AF50B780A45
:100970001211D07420121504128C1D1211D474207F
:10098000121504128C1D1211D4750A00780A121166
:10099000D4750A07780A1211D4AC08AD09EEFAEF43
:1009A000FBA90E121CE5740B1211ADE9FEAA10ABE7
:1009B00011121B9580027E100287A31289BF22E0CC
:1009C000850A82850B83A322F988828983A31288F2
:1009D0009EF0221289DF850A82850B83A3A322A3BE
:1009E00012836AE02274E6120BD4890B8A128B13ED
:1009F0008C0E8D0F7E007F00750A00741A1215048C
:100A0000129AA28009EE2402FEE43FFF050A850C3B
:100A100082850D83E0F8E50AC3985046E50A75F033
:100A20000DA4F8A9F01285ACEE2404FEE43FFFE02B
:100A300070DAA3E070CFEE2405FEE43FFFE8240463
:100A4000F508E439F509850882F583E0F9121D51AE
:100A5000E960B9850882850983E0F9121D57EE29FE
:100A600080A6EEFAEFFB121B8F8A088B09EA450974
:100A70007003028BFF8A168B17750A00801EE5141F
:100A80002409FCE43515FD8C828D83128C128C8236
:100A90008D83A31297B988168917050A850C82855C
:100AA0000D83E0F8E50AC3984003028B99E50A75C7
:100AB000F00DA4F8A9F0E50C28F582E50D12A75475
:100AC000128C12851482851583A3AC82AD83128C9F
:100AD00005F0E5142402F8E43515F98882898312BB
:100AE0008C0A128C23F0E5162404F5165002051723
:100AF000851482851583E070A1E5162402F8E4359B
:100B000017F9851682851783A3AA82AB838C828D01
:100B100083E06003028A7EE5142404F510E43515B1
:100B2000F511851082F583128C12E5142405FCE47E
:100B30003515FD8C828D831297B98C828D83A3E04D
:100B400088828983F0E5142407F8E43515F9888252
:100B50008983128C05128C23A3F0E5162405F51663
:100B600050020517851082851183E0F9121D51E9A5
:100B70007003028A9AAC16AD17E514240BF582E4D3
:100B80003515F58312AAA2851082851183E0F9122A
:100B90001D4B8A168B17028A9A78081211D08E0C78
:100BA0008F0D780C1211D07422121504128C1D12A4
:100BB00011D4E4F50CF50D780C1211D07424121533
:100BC00004128C1D1211D47424121504128C1D12DF
:100BD00011D4750A00780A1211D4750A09780A121C
:100BE00011D4AC0EAD0FAA12AB13A90B121CE574F5
:100BF0000B1211ADE9FEAA08AB09121B9580027E0B
:100C000010EEF98031128C0AA322E0851682851736
:100C10008322128C0AF022A3A3A3A3A3A3E0F50AC4
:100C2000780A22A31289DF851682851783A3A3A3DE
:100C300022740A1211AD7F12020EDC74EA120BD478
:100C4000890CEAFEEBFF8C0A8D0B75120075130000
:100C5000750D007416121504129B928009128D19DD
:100C6000121D5D128CFC128D0C40F2AA12AB1312F5
:100C70001B8F8A0E8B0F8A148B15EA4515607875C9
:100C80000D00800C128D3F121D4B8A0E8B0F050D2F
:100C9000128D0C40EF78141211D078121211D0740A
:100CA0001E121504128E191211D4E4F508F50978F4
:100CB000081211D07420121504128E191211D47456
:100CC00020121504128E191211D47508007808121A
:100CD00011D475080A78081211D4AC0AAD0BEEFADB
:100CE000EFFBA90C121CE5740B1211ADE9FEAA145E
:100CF000AB15121B9580027E100287A38B0FEA248E
:100D000003F8E4350FF912AF5E050D2285088285E0
:100D10000983E0F8E50DC39822128D27A3A3A3123F
:100D2000AF9AA3A3E0F922E50D75F005A4F8A9F0A8
:100D3000E50828F582E50912AF85A882A983221269
:100D40008D271287841289E0850E82850F83A3F098
:100D5000E82402FAE439FB8A108B118A82F58312A7
:100D6000877AA3F0E50E2403FCE4350FFD88828921
:100D70008312AAA7851082851183E0F92274F612E6
:100D80000BD474FE121260E9FE740C121504128E5C
:100D900004128E11128E1FC0E07401121504D0E0EF
:100DA000F0A821A9228808890978081211D07508AD
:100DB0000275090078081211D07416121504128EEB
:100DC000191211D47415121504120FAB74161215E2
:100DD00004128E191211D47416121504128E1912DF
:100DE00011D475080078081211D475080B78081210
:100DF00011D4EEF9121CE5740B1211AD740212112C
:100E0000AD029579128E082212A793F98882898300
:100E100022E085218285228322E0F50878082212CB
:100E200089E02274F1120BD474EB121260EAFEEB2B
:100E3000FFC200EE2420F8E43FF98808890988827F
:100E4000F583C3E09403A3E0940050057901029276
:100E50006C901700EEF0A3EFF07402121504EEF0A0
:100E6000A3EFF0740E121504E4F0A3F0740A121547
:100E700004E4F0A3F0740C121504E4F0A3F0EE24E3
:100E800022F8E43FF9880A890B8882F58312AAD1F7
:100E90007404121504AA82AB83121D158A0C8B0DE3
:100EA000A80CA90D740A121504E8129F7E12AAA2BA
:100EB000EAC398F8EB99F9850A82850B83E028F854
:100EC000A3E039F9740C1215041292CF74081215AC
:100ED00004E09016F9F0EE2414F508E43FF50985D6
:100EE0000882F583E0F912309B8A828B83E5824584
:100EF00083700C901700E4F0A3F0790202926C1258
:100F000092B4602BEE2404F50AE43FF50BA3120F14
:100F1000AB740B121504E0FD7406121504E05403C3
:100F2000FC1292A2121CDF74021211ADE9700C9037
:100F30001700E4F0A3F0790302926C1292A2121D42
:100F40003FE9F50E850A82850B8312AAA2EAFCEB23
:100F5000FD9016FA8004888289831299CE7003026C
:100F6000905188828983129AA0C3EC950CED950D5F
:100F700040E488828983A3A3A3A3C3E09CA3E09D4C
:100F800040D4E8FCE9FD7404121504E05407700D28
:100F90007409121504E0640B7003029055E50EA26B
:100FA000E64003029055EE2419F582E43FF583E014
:100FB0006003029055740212150412928B600302B2
:100FC000904574021215041299C970797C00850845
:100FD00082850983E0F9121D45740112150474011C
:100FE000F07409121504129274121504E0F50C78CD
:100FF0000C1211D47407121504120FAB750C017882
:101000000C1211D4740812150412A798F50C780C60
:101010001211D47405121230880C890D780C12113B
:10102000D0740912150412929912150412927F12AB
:10103000150412AAE4121D0974071211AD7C0112E5
:1010400092A2121D45901700E4F0A3F079050292D8
:101050006C7C007D007404121504E0F854036003F6
:10106000029183E8540460057E840291C1740912E0
:101070001504E0F8C39417400302917FE8F50A7560
:101080000B007402780A12137E7423250AF5827409
:1010900036350BF583E493F8740193F9E84970034E
:1010A00002917F850882850983E0C0E074101215E3
:1010B00004D0E0F0740C12150412AAA274111215D7
:1010C000041292C2740A12150412AAA27413121501
:1010D000041292C27410121238888289831230E589
:1010E0008A088B09A808A909740E1215041292CF58
:1010F000E849604C7409121504E0F508750900749C
:1011000002780812137E74252508F5827436350995
:10111000F583E493F8740193F988828983E5824525
:1011200083601274021212381230E5740E12150424
:101130001299CE600B740E12150412AAA2121B95FE
:101140007409121504E0F86058740268605374035F
:1011500068604E7405686049740668604474086885
:10116000603F740C68603A7411686035741368608D
:1011700030741568602B740B6860267E0080427E98
:1011800082803EEC4D602A8C828D83A3A31292B4A0
:10119000601F74021212381230E5E9FE74FF6E709F
:1011A0000B901700E4F0A3F0F902926C74016E70DA
:1011B000107404121504E0540460047E8380027EDF
:1011C00081740212150412928B707A740212150443
:1011D0001299C970707404121504E0FA5410706505
:1011E0007401121504EEF0740912150412927412AF
:1011F0001504128E191211D47407121504120FABB4
:1012000075080178081211D4EA131313541F6401EE
:101210005401F50878081211D474051212308808A8
:10122000890978081211D0740912150412929912C2
:10123000150412927F12150412AAE4121D097407F4
:101240001211ADD200901700E4F0A3F0EE70047913
:1012500000801974846EA200700A50047907800C13
:1012600079068008500479098002790874151211F2
:10127000AD029A9BE0852182852283F0740822E0EA
:101280002406FAA3E03400FB74092212A793C824B1
:1012900015F582E438F583E0221299D412AFEB748D
:1012A0000922850A82850B8312AAAA8508828509EC
:1012B00083E0F922A3A3A3A3128E08E5824583222B
:1012C000A3A3EAF0A3EBF0221292D5A3A3A3A3E871
:1012D000F0A3E9F022E0F8A3E0F9850A82850B8308
:1012E0002274F4120BD48A088B09ECFEEDFF7C0605
:1012F0007D007900121AE7850882850983E054FC95
:10130000F8A3E0F98E828F83E05403FAE84A850857
:1013100082850983F0A3E91293CCA2E25004D2F0B3
:101320008002C2F0850882850983E054FBF0A2F0B8
:10133000E433F50A750B007402780A12137EE04557
:101340000A1293CCA2E3850882850983E050044405
:1013500008800254F71293CCA2E45004D2F0800229
:10136000C2F0850882850983E054EFF0A2F0E433EF
:10137000F50A7404780A12137EE0450A129DEE8580
:101380000882850983E0540460091293BB1293D349
:1013900050010F8E828F83E0850882850983A3A385
:1013A000A3A31297C1850882850983A3A3A3A3A33E
:1013B000F0EE2402FAE43FFB0283EC8E828F83E09E
:1013C000FAA3E0F9EA850882850983221297B3E03F
:1013D00022A3A3A3A3F0A3E9F0EE2402FE2274F754
:1013E000120BD48A828B83E054038C828D831294F7
:1013F00065540412945E540812945E5410F88C8262
:101400008D83E048F0A3AC82AD838A828B83E05465
:10141000046018129452E08C828D83128E1F8C828D
:101420008D83A3F0EC2402FC50010D8A828B83A3F0
:10143000A3A3A3E08C828D83F08A828B83A3A3A3D2
:10144000A3A3E08C828D83A3F0EC2402FAE43DFB9D
:10145000801DEA2402F8E43BF98882898322F88C13
:10146000828D83E048F08A828B83E022121CBB7F4E
:1014700001020EDCC082C0839016FC80048A828B3D
:101480008312949E600C8A828B83A3A3E06970ED23
:1014900080047A007B0002822EFD8C828D8312AA4A
:1014A000AAEA4B2274F0120BD48A088B09ECFEEDE9
:1014B000FF121D218A0C8B0DEA450D60787C00809F
:1014C000010C850C82850D83A3A3A3A3A3A3A3E092
:1014D000F8ECC398505FECF50E750F007403780EAE
:1014E00012137E850C82850D83A3A3A3A3A3A3A3BC
:1014F000A3E0250EF8A3E0350FF988828983E493F1
:10150000FA740193FBE5086A7003E5096B70B2A3F6
:10151000A3E493FA740193FBEE6A7002EF6B70A17F
:10152000741012150412AAD18983888274081210CB
:10153000D479018002790080031211AD7F08020E78
:10154000DC74F6120BD4121D218A828B83E582454E
:1015500083600512AA9F80047A007B00801B74F6CA
:10156000120BD4121D218A828B83E582458360058C
:1015700012AA9D80047A007B007F02020EDC74F7C1
:10158000120BD49016FEE0FEA3E0800A8E828F83B9
:1015900012AAD1ECFEEDFFEE4F604A8E828F83A33C
:1015A000A3E06970E778008001088E828F83A3A38F
:1015B000A3E0FCE8C39C50D4E875F003A4FC85F0DC
:1015C00008AD088E828F83A3A3A3A3E02CFCA3E025
:1015D0003DFD8C828D83E06A7003A3E06B70CAECE2
:1015E000FAEDFB80047A007B0002946F74F6120B14
:1015F000D4121D398A828B83E58245836006A3A3BA
:10160000E0F98002790002957974F6120BD4ECFFB0
:10161000121D398A088B09A808A909E8496015E84C
:101620002402F582E439F583EF6005E0D2E6800319
:10163000E0C2E6F002957974F0120BD4EAFEEBFFFB
:10164000ECFAEDFBEE4F70030297B0EA2402F508C6
:10165000E43BF5098A828B83A3AC82AD838E0C8F29
:101660000D750E00E912105C0441427B9743448DD6
:1016700097E0E24697E8E9F9962508EB9609F9968E
:101680000A08970B469710EB9618EB9619F9961ADD
:1016900008971B46971C57971D60971E69971F72E6
:1016A0009720EB9621F9962208972346972457977F
:1016B00025609726699727729728EB9629F9962A2D
:1016C00008972B46972C57972D60972E69972F7266
:1016D0009730EB9631F99638F9963946973A7297E2
:1016E000EA4697F07297F19F97B0978E828F831298
:1016F00097B9ECFAEDFB0297B01297BE8C828D83FE
:10170000F00A0AAB090297B08E828F83780C12140C
:10171000918A828B83E50C1297B3780C121491E5B1
:101720000D8C828D831297B3780C121491741078FB
:101730000C121217850882850983E50CF0EA240350
:10174000FA506D0B806A8E828F83120FA7121B6571
:1017500074041211AD8059780C1211CC7C058046AE
:10176000780C1211CC7C06803D780C1211CC7C07D1
:101770008034780C1211CC7C08802B780C1211CCA0
:101780008E828F83E02401FCE43400800F780C12F9
:1017900011CC8E828F831298D7FCE439FD800978B2
:1017A0000C1211CC7C107D00121ADB74031211ADE7
:1017B00002953CF08E828F83221297CBF0221297F3
:1017C000C71297B3A3E0228E828F83E08A828B8335
:1017D00022C082C083E912105C03202FE997383AB7
:1017E000E997E0E2E99700ED97790180027900023C
:1017F000822EE924F8607814607914607A14607B92
:1018000024FB606B24F860671460681460691460DE
:101810006A24FB605A14605B14605C14605D1460A1
:101820005E14605F14606014606114604214604371
:1018300014604414604514604614604714604814F2
:10184000604914602A14602B24F9602714602C145A
:101850006039245A602514602214601F24FA601332
:1018600014601014601524FA602114602280247919
:101870000180227902801E7903801A79048016790A
:101880000580127906800E7907800A79088006792A
:10189000108002790002117A74F7120BD4E9FE74F9
:1018A000446E600574436E700C8A828B831298D7E5
:1018B000FAE439801574426E600574416E700E8AC8
:1018C000828B83E02401FAE43400FB8007121D5769
:1018D000E9FA7B0002946FE0FCA3E0F9EC24022219
:1018E00074F1120BD4EAFEEBFFEC2406F8E43DF9A8
:1018F000880889098882F58312949E700479018092
:101900003A8C828D83A3A3A3A3E0F9121D5D8A0AFA
:101910008B0B129B7C1211CCAC0AAD0BEEFAEFFBD9
:10192000121ADB74031211AD740F1215041292B85F
:101930006007E50AF0A3E50BF07900029A9B74F0CA
:10194000120BD474F8121260890C8A088B09ECFE11
:10195000EDFFA821A922880A890B780A1211D0A9C3
:101960000C121D2774021211ADE970047901804C2C
:10197000741812150412A7AD741A1215041299C125
:1019800074061215041299CE780A60161211D074DA
:1019900002121240AA0EAB0F121D6374021211AD97
:1019A000801A1211D0780E1211D0EEFCEFFDAA08A9
:1019B000AB09A90C121D7574041211AD74080295BF
:1019C00039E0F50AA3E0F50B221299D4A3A312A7DC
:1019D00088E8492212A793F58388822274F0120BBB
:1019E000D474FE1212608A0A8B0BECFEEDFF852187
:1019F00082852283E4F0A3F0121D2D8A088B09EA68
:101A00004509602FA821A922880E890F780E12118E
:101A1000D0E4F50EF50F780E1211D07900EEFCEF40
:101A2000FDAA0AAB0B8508828509831230E5740490
:101A30001211AD85218285228312AAA27402029519
:101A40003974F1120BD48A088B09ECFEEDFF121DDC
:101A50002D8A0A8B0B7411121504129AA2E50C45FB
:101A60000D600A850C82850D83E4F0A3F0EA450B36
:101A70006027780C1211D07411121504120FAB7973
:101A800001EEFCEFFDAA08AB09850A82850B8312E3
:101A900030E574041211AD800279C17F07020EDCBB
:101AA000A3A3E0F50CA3E0F50D2274F2120BD4EA27
:101AB000FEEBFF8C088D098C828D83A3A3A3A3A3C7
:101AC000E0A2E4501C121D338A828B83E582458399
:101AD000600F7901AC08AD09EEFAEFFB1230E5803A
:101AE0000279007F06020EDC74F1120BD4ECFEEDDD
:101AF000FF8E828F83A3A3A3A3A3E0A2E150691268
:101B00001D8DE9F50A7064740F121504129B9290F2
:101B100016F71299CE6013AC08AD09EEFAEFFBE0B0
:101B2000F58388821230E5E96039E5082403F8E49A
:101B30003509F9880889098882F583129B70E0F9D4
:101B4000121D5D8A0C8B0DAC0CAD0D129B7C12111D
:101B5000CC8E828F83A312AA9D121ADB74031211FA
:101B6000AD8008750A878003750A88A90A029A9BC6
:101B700012AAAA8E828F83A3A3A3A322850882859B
:101B80000983E0F508A3E085080CF50D750E0078D3
:101B90000C22E0F508A3E0F5092274F2120BD489B7
:101BA00008ECFEEDFF8E828F83A3A3A3A3A3E0A284
:101BB000E1504D121D8DE9F97048A908121D2D8ABA
:101BC0000A8B0BEA450B6034E4F50CF50D780C122A
:101BD00011D07410121504120FAB79028E828F830C
:101BE00012AACF8E828F8312AAA2850A82850B83C6
:101BF0001230E574041211ADE9F9800679C1800252
:101C00007988029AE374F2120BD4EAFEEBFF8C0897
:101C10008D098C828D83A3A3A3A3A3E0A2E5501C0E
:101C2000121D338A828B83E5824583600F7902AC73
:101C300008AD09EEFAEFFB1230E580027900029A56
:101C4000E374F4120BD412A2FB8A828B83A38582E5
:101C50000885830912A000121B8FEA4B604A12A765
:101C60008DC313E8138A828B83F07C00802F8E82D1
:101C70008F83E0F508A3E0F8E4C8F9E50828E43923
:101C8000F509EC129CABEA28F582EB12AF85E5086A
:101C9000F0A3E509F0EE2402FE50010F0C8A828BBE
:101CA00083E0F8ECC39840C60283EC25E0F8E43307
:101CB000F92274EB120BD4129F2212AADC751300C6
:101CC000750E00750F00804905138E828F83A3A3C4
:101CD000E0F8EE2403FE50010FE870358E828F830A
:101CE000E0F9A3AE82AF83EEFAEFFB121D5D8A0826
:101CF0008B09EE2AFEEF3509FFEAA2E0500705083E
:101D00000470020509E50E2508F50EE50F3509F505
:101D10000F129F67EE98EF9940AE75F006E513A499
:101D200004F508129F1A121B8F8A0A8B0BEA450BC7
:101D30007003029DE5850C82850D8312AADEA8083A
:101D4000EA28129F3E029DDBE51475F006129F34CF
:101D50008E828F83129F5A1292D08E828F83A3A37A
:101D6000E0F8850E82850F83A3A3F0EE2403FE50D6
:101D7000010FE870648E828F83129F4FA3129DEE35
:101D8000EEFAEFFB121D5D8A088B098E108F11751C
:101D9000120078101211CCAC08AD09AA0CAB0D12D0
:101DA0001ADB74031211AD850E82850F83A3A3A3E2
:101DB000A3E50CF0A3E50DF0EE2508FEEF3509FFD5
:101DC000E508A2E0500705080470020509E50C25A6
:101DD00008F50CE50D3509F50D0514E514C395134B
:101DE0005003029D48AA0AAB0B7F0D020EDC129D28
:101DF000F222F08E828F83A3AE82AF832274EB1225
:101E00000BD4129F22F583129B92751300750E005E
:101E1000750F0080420513850882850983A3A3E01E
:101E2000F9E5082403F50850020509FAAB09121D6B
:101E30005D8A108B11AE10AF11E5082AF508E5098F
:101E40003FF509EEA2E050050E0470010FE50E2EDD
:101E5000F50EE50F3FF50F129F67E50898E5099924
:101E600040B375F005E513A404FE129F1A121B8FF0
:101E70008A0A8B0BEA450B7003029F17850C82853B
:101E80000D83129B92EA2E129F3E029F0DE5147560
:101E9000F005129F34850882850983129F5A129F8C
:101EA0007EA3A3129F4FF0E5082403F50850020516
:101EB00009FAAB09121D5D8A108B11AE10AF1185A6
:101EC000081085091175120078101211CCEEFCEF84
:101ED000FDAA0CAB0D121ADB74031211AD850E8234
:101EE000850F83A3A3A3E50CF0A3E50DF0E5082E71
:101EF000F508E5093FF509EEA2E050050E04700172
:101F00000FE50C2EF50CE50D3FF50D0514E514C39A
:101F100095135003029E8D029DE5250EFAE4350FC0
:101F2000FB228A0A8B0BEA2403F50CE4350BF50D32
:101F3000850C822212A24085820E85830F22F50C29
:101F4000E43BF50D8A828B83E513F075140022E0E3
:101F5000F9850E82850F83A3A322E0FAA3E0F9EAB4
:101F6000850E82850F8322850A82850B83A312AB9F
:101F700009129F7522E028F8A3E039F9C322F0A3E3
:101F8000E9129F8522F08508828509832274F01268
:101F90000BD4EA2403F8E43B12AAD5750C008A821C
:101FA0008B83A385820A85830B12A000121B8FEA04
:101FB0004B604A850A82850B83E064017002A3E0CE
:101FC00070291297C7A3F0750C01802AE50C12A0A6
:101FD0000AF50EA3E0FDE50E88828983A3A3F0A392
:101FE000EDF0050CEE2402FE50010F850A82850BF0
:101FF0008312A26640D68A828B83E50CF002953C60
:10200000E02401FAA3E03400FB2275F003A4F8A950
:10201000F0EA28F8EB39F98E828F83E08882898391
:10202000A3129DF2E02274EA120BD474FE12126025
:102030008A0A8B0BEA2403F8E4350B12AAD5750E35
:1020400000750C00750D008007EE2405FE50010F91
:10205000850A82850B83A312A2665039050E8E82F3
:102060008F83E070E4A3A3A3E0F50FEE2408FE50F5
:10207000010FA90F121D51E96010A90F121D57126F
:10208000A24F50010812A25B80C68E828F83A3AE3E
:1020900082AF8380BB75F00CE50EA404F50F250C10
:1020A000FAE4350DFB121B8F8A0A8B0BEA450B7085
:1020B0000302A23985088285098312AADEA80FEAE5
:1020C00028F50CE43BF50D8A828B83E50EF0750F45
:1020D00000801E88828983E0F9EC85088285098367
:1020E000A3A3A3A3A3A3A3A31292D00E0EEBFF0559
:1020F0000FE50FC3950E400302A239E50F75F00CF2
:1021000012A2408582088583097C0C7D007900AA93
:1021100008AB09121AE78E828F83E0FD850882855D
:10212000098312A0211293C01293D450010F2402EC
:10213000FAE43FFB8E828F83A3A882A9838E828FCD
:1021400083E0FCED708DE5082403F510E43509F516
:1021500011EC851082851183F00EE9FF8E828F834A
:10216000E0F5128A828B83E0F9E512850882850901
:10217000831293D150010F1293BBA3A31293D1509A
:10218000010FECF9121D51E9700302A0EF8E128FBE
:1021900013AA0CAB0D851082851183E0F9121D5D29
:1021A0008521828522837401F0A3E4F08521828554
:1021B0002283E0600C7514017515007800790080A9
:1021C0003A7514FF7515FFEA24FFF8EB34FF802AF7
:1021D000851282851383E0C0E0E50C28F582E50DC9
:1021E00039F583D0E0F0851282851383A3858212AE
:1021F000858313E82514F8E93515F9EAFCEBFDECC5
:1022000024FF1AED34FFFBEC4D70C585088285096B
:1022100083A3A3A3A3A3A3A3A3A3A3E50CF0A3E574
:102220000DF0851082851183E0F9121D5712A24F1F
:1022300050010812A25B02A0EFAA0AAB0B0287A70B
:10224000A4F8A9F0E50A28F582E50B12AF8522E98A
:10225000F8EE29FEE43FFFE8A2E022E50C28F50CA9
:10226000E4350DF50D2212A78885088285098312B1
:102270009F75EE98EF992274F4120BD48A828B83A7
:10228000A3A3A312AADE8A828B83A312A7847A0354
:102290007B0012097AE8F50875F00312A733121BC8
:1022A0008FEA4B60348A828B83E508F075080080E2
:1022B0001FE50812A00AF50AA3E0FDE50A88828955
:1022C00083A3A3F0A3EDF0EE2402FE50010F050856
:1022D0008A828B8312879240D80283EC74F6120BA9
:1022E000D412A2FB7A027B00121B8FEA4B60091208
:1022F00097BE8A828B83A3F00295798A828B83A30F
:10230000A3A312A788E8FEE9FF2274E2120BD4749B
:10231000F01212608A088B09EA240CF582E4350970
:10232000F58312A7ADEA2406F51CE43509F51DEA8C
:102330002402F51AE43509F51B850E82850F83E02A
:10234000F8C39406E875F006400302A3DE12A73333
:10235000121B8F8A128B13EA4513700302A63412E4
:10236000A771800A850C82850D837486F00E850E18
:1023700082850F83E0F8EEC398400302A51212A7EE
:10238000FF1211D012A7E3121D2774021211ADE93A
:10239000640170D07405121504E0A2E6400F12A784
:1023A000B5121504E0A2E720F001B350B7A2E05047
:1023B0002312A7C1121D7BE9F8850C82850D83F0DD
:1023C00070AB74061215041292C87404121504122C
:1023D000A7A78098850C82850D83748F808EA4A911
:1023E000F02401F50AE439F50B7E00807885088237
:1023F00085098312A784880C890D7408121230880D
:1024000010891178101211D0EE129CABE50E28F550
:1024100082E50F39F58312AAD0850C82850D8312CF
:10242000AA9EE50C12A75E350DF583E0F9121D2773
:1024300074021211ADE96021740E12150412949EFB
:102440006017740C121504E0F9121D5D8B0DE50A7E
:102450002AF50AE50B350DF50BE50A2403F50AE428
:10246000350BF50B0E850E82850F83E0F8EEC398D1
:10247000500302A3EDC3E50A946FE50B9400E84016
:102480000302A57212A730121B8F8A128B13EA4522
:1024900013700302A63412A771800A850C82850D81
:1024A000837486F00E850E82850F83E0F8EEC39864
:1024B000506012A7FF1211D012A7E3121D27740259
:1024C0001211ADE9640170D37405121504E0A2E69F
:1024D000400F12A7B5121504E0A2E720F001B35097
:1024E000BAA2E0502312A7C1121D7BE9F8850C8225
:1024F000850D83F070AE74061215041292C8740430
:1025000012150412A7A7809B850C82850D83748FFA
:10251000809185088285098312AAC1851C82851D48
:1025200083128E191211D475080178081211D485FE
:102530001A82851B8312A798F50878081211D4789F
:10254000121211D085108285118312AACDE51012C6
:10255000AF593511FBE51012A75E3511F583E0F98F
:10256000121CEB74051211ADAA12AB13121B9502CB
:10257000A72479002403F85001097A047B0012098A
:1025800072E8F50D7E00805E850882850983E0F59E
:1025900012A3E0F513851C82851D83128C1D121178
:1025A000D4750A01780A1211D4851A82851B831208
:1025B000AAF01211D478101211D0851282851383DB
:1025C00012AACDE51212AF593513FBE51212A75E20
:1025D0003513F583E0F9121CEB74051211ADAA1046
:1025E000AB11121B950EEEC3950D400302A724EE0E
:1025F000333354FCF50A850E82850F83E0FA7900A7
:10260000E50A2404F8500109EAFCC3E89CE99400B7
:10261000A2D265D0335005E8F50B80028A0BE50B9A
:10262000C3950AF50C12A730121B8F8A108B11EA82
:1026300045117005790002A7268A828B83E50CF08C
:102640007F00800A8516828517837486F00FEFC39A
:10265000950C400302A588E50A2FFAEF75F00612E3
:10266000A749EA2AF8E433F9E50E28F582E50F12C6
:10267000A73D12AFB21292CFE5142402F516E4354D
:1026800015F517850882850983E0F512A3E0F51397
:1026900074081212308818891978181211D08A8299
:1026A0008B8312AFD3121D2774021211ADE964019E
:1026B0007092740D121504E0A2E6401A851A828504
:1026C0001B8312AAB0740D121504E0A2E720F001DA
:1026D000B3400302A644A2E0503F850882850983E7
:1026E00012A784740812124012A768121D7BE9F821
:1026F000851682851783F0600302A64D740E1215AD
:102700000412AFB21292CB740C121504E08514823D
:10271000851583A3A3A302A64C851682851783740F
:102720008F02A64C790174101211AD7F16020EDCD7
:1027300075F006A4A9F02401FAE439FB2212A7419E
:102740002212AF85AA82AB8322A4F8A9F0E5102853
:10275000F582E51112AF858582148583152212A7B3
:1027600062222414F582E42212AF5839FB12A7D753
:1027700022850E82850F831297CBF07E0022850C76
:1027800082850D8312A7882212A793F922850882D9
:10279000850983E0F8A3E02212A79C22E01313131B
:1027A000541F64015401221289BFA3A322E0F50E35
:1027B000A3E0F50F22851A82851B8312AAB4740543
:1027C0002285088285098312A788AC21AD2212AF29
:1027D0005839FB12A7D722E82414F582E439F5838F
:1027E000E0F9228A828B8312AFEF851082851183F4
:1027F00012AAA6E51012A7623511F583E0F922EEC0
:10280000F875F006A4FAABF0E5122AF582E5133B61
:10281000F583A385820A85830BE828F8E433F9E57C
:102820000E28F582E50F12A7411292D5E8F0A3E930
:10283000F0E50A2402F50CE4350BF50D85088285D8
:10284000098312AAC5A821A92288148915781422FF
:1028500074E6120BD474F61212608A0A8B0BC20053
:102860007E00EA240CF582E4350B12AABF8A828B23
:1028700083A3A3A3A3A3A3A3E06402701C85108277
:1028800085118312AFA4121B8F8A088B09EA4509B0
:102890007005790002A9A8D2007F00E50A2402F59C
:1028A00012E4350BF5138010A200500B850E8285C3
:1028B0000F83748612AAF80F851082851183E0F8C1
:1028C000EFC398400302A95512AF72858216858323
:1028D00017EE75F003A4F8A9F0E50828F582E509DC
:1028E00039F583E5822402F50CE43583F50DA385E3
:1028F000820E85830F850A82850B8312A784881434
:10290000891574021212308818891978181211D09A
:1029100085168285178312AAD185148285158312A4
:10292000AA9E12AA91121D2774021211ADE970031A
:1029300002A8A885128285138312AAB07407121503
:1029400004E0A2E720F001B34061850E82850F8389
:10295000748612AAF8A200504DEE8508828509837C
:10296000F0700312AFF5850A82850B8312AADE850B
:102970000A82850B83128C171211D4750A01780A0A
:102980001211D485128285138312AAF01211D47801
:10299000081211D012AFBC121CF174051211ADAAAD
:1029A00008AB09121B957901028C318516828517B7
:1029B00083A3A3E0F87406121504E068600302AA7A
:1029C00077850A82850B83E0F514A3E0F51574087A
:1029D0001215041299CE606D851482851583A3A308
:1029E000A3A3E064037002A3E070488516828517F4
:1029F000831299CE703D851682851783A3129AA003
:102A0000750E00780C1211CC7C027D00740312123A
:102A100038121ADB74031211AD850A82850B83E02C
:102A2000F812AAE485218285228312AAA2123065B7
:102A300002A8B778161211D0740412124012AA8993
:102A4000121D818017851682851783A3A3A3120FF9
:102A5000AB740412124012AA89121D87740212115B
:102A6000ADE9A200400302A8B7700302A8B7850E23
:102A700082850F8302A8B4A200400302A8B7850E86
:102A800082850F83748D02A8B4E51412AF593515F1
:102A9000FBE51412A7623515F583E0F922A3A3A381
:102AA000A3A312AAAA22A3A3A3A3E0FAA3E0FB2252
:102AB00012AAB422E0131313541FA2E092F022F5DD
:102AC0008312AAC522E0F510A3E0F51122A3A3A367
:102AD000A312AFEF22F9880889098882F583E0FE06
:102AE000A3E0FF22A3E0C812A76238F583E0F92231
:102AF00012A79CF50A780A22F085168285178312A0
:102B0000AB09E8F0A3E9F00E2212A793F9850C8235
:102B1000850D832274EC120BD474F8121260EAFE55
:102B2000EBFF8C0E8D0F750C00741C121504129B9C
:102B30009280328E828F831299C18A108B11781005
:102B40001211D07402121240E50A12AF59350BFB74
:102B5000E50A12A75E350BF583E0F9121D877402B2
:102B60001211AD050CC3E50C9508E495094003026C
:102B7000AC03E50C75F005A4F8A9F0E50E28F50AFC
:102B8000E50F39F50B8E828F8312A7848810891187
:102B9000A821A9228812891378121211D0850A82DD
:102BA000850B8312A7E7121D2774021211ADE9608D
:102BB00052E50A2403F8E4350BF98810891188825C
:102BC000F58312AAA274061215041299C1E50A45EA
:102BD0000B700302AB337404121504E0F9121D5D8F
:102BE0008A128B13AC12AD1385108285118312AC3F
:102BF0000B1211CCAA0AAB0B121ADB74031211AD23
:102C000002AB6374081211AD0285A712AAC5751232
:102C10000078102274E6120BD474F61212608A0C3B
:102C20008B0D750E00750F007E00EA240CF582E412
:102C3000350D12AABF851082F58312AFA4121B8F27
:102C40008A088B09EA4509700302AD177F008042AC
:102C500012A77E850A82850B8312AAD18882898376
:102C600012AA9E12A76D121D6F85218285228312E2
:102C700092C2852182852283E0A2E0500312AF69CF
:102C8000852182852283E0250EF50EA3E0350FF520
:102C90000F0F851082851183E0F8EFC39850501212
:102CA000AF7285820A85830B12A77E8812891374FE
:102CB000021212308814891578141211D0850A82F4
:102CC000850B8312AFD3121D2774021211ADE97068
:102CD0004B850882850983A37486F0850A82850B5B
:102CE0008312A7848508828509831292CD7E01EE26
:102CF000850882850983F0600302AF1175F005A491
:102D0000FF129F1A121B8F8A0A8B0BEA450B705C0D
:102D1000AA08AB09121B95790002AF55740612156B
:102D2000041292D8A3A3E069600B85088285098309
:102D3000A3748D80A57407121504E0A2E1400B85F1
:102D40000882850983A374888090A2E5500B8508CA
:102D500082850983A3747E808174081215041294FD
:102D60009E700302AC50121D5D02AC69EA2FF51291
:102D7000E43BF5137F00801B852182852283E0A23E
:102D8000E0500312AF6985218285228312A7841245
:102D9000AF5E0F851082851183E0F8EFC398400382
:102DA00002AEFDEF75F00512A749E50A28F50EE51C
:102DB0000B39F50F12A77E8816891774021212308C
:102DC0008818891978181211D085148285158312F4
:102DD000AAD185168285178312AA9EE51612A75ED0
:102DE0003517F583E0F9121D2774021211ADE97051
:102DF0000302AEFD85148285158312A784850E8299
:102E0000850F831292CF850E82850F83A3A3A3E53E
:102E100012F0A3E513F074081215041299CE604164
:102E2000A821A922880E890F780E1211D0740412DD
:102E30001240AA12AB13121D6374021211AD850C5D
:102E400082850D8312A7AD78141211D0740412126A
:102E500040E50E12AF59350FFB12AF8A121D81806B
:102E60005012A77E880E890FA821A92288168917DB
:102E700078161211D078121211D08514828515831C
:102E800012AAD1850E82850F8312AA9E12AF8A12D2
:102E90001D7574041211AD850C82850D8312AFB2BD
:102EA000A3A3A3120FAB740412124012A768121D41
:102EB0008774021211ADE9FAEA700302AD78EE757B
:102EC000F003A4F8A9F0E50828F8E50939F9EA883B
:102ED000828983A3F085148285158312AF9612929E
:102EE000C00EEFF50E750F00780E1211D0AC0AADC2
:102EF0000BAA0CAB0D121DC974021211ADEE8508A0
:102F000082850983F0700312AFF5AA0AAB0B121B7E
:102F100095850C82850D8312AADE850C82850D8332
:102F2000128C171211D4750A01780A1211D4850C6B
:102F300082850D83A3A312AAF01211D4780812116E
:102F4000D012AFBC121CF174051211ADAA08AB0966
:102F5000121B957901028C31E82406FAE422E5126D
:102F600028F512E51339F513222401F0A3E034000B
:102F7000F022EF75F005A4F8A9F0E51028F582E538
:102F80001112AF852239F583A322E50E12A762350F
:102F90000FF583E0F92212AF9A22E0FAA3E0FB8852
:102FA00082898322E075F003A4A9F02401FAE439B0
:102FB000FB2212A788851482851583228E828F8337
:102FC00012AFEBEE12AF593FFBEE12A7623FF58353
:102FD000E0F92212AFEF85128285138312AAA6E5CB
:102FE0001212A7623513F583E0F922A3A3A3A3E08D
:102FF000FCA3E0FD22A3E4129F8504F022C082C05E
:10300000839017B8E4F0A3F07C9B7D187A437B177C
:10301000121C8512261B1223F3D083D08202117A50
:1030200074F2120BD474FE121260E9FEEAFF8B08F0
:103030008C0974016E600874026E600302B150EF77
:10304000600874036F600302B0E91227A7E96053B8
:1030500074036F604E121AF38A0A8B0B780A1211EE
:10306000D0750A01780A1211D4750A00780A121173
:10307000D4E509F50A780A1211D4E508F50A780AA8
:103080001211D490175D120FA7901AC9E0F97C684D
:103090007D18901BCF12BDFF122417740A1211ADB8
:1030A00002B14B7902121FAF901AC9E0F990175D77
:1030B0001214ED122405E9F890176DE0A2E3401018
:1030C000E8700D9017BAE004F06404700312B16C5C
:1030D00074036F70789017BBE0F9740129F0E9C3AD
:1030E0009405406912B16C806474016F7062740160
:1030F0006E790A702E121FAF7A007B04901951E08E
:10310000F9121C5BAA21AB22795012223712C52E6C
:1031100090190412BE0D790090190412BDFF1224FB
:103120008F8044121FAF901BA5120FA77A007B203F
:10313000901762E0F9121C4F74041211AD901AC975
:10314000E0F990175D1214ED12242FE9F8E86017EA
:103150009083FC120FA77A017B00901762E0F912AE
:103160001C4F74041211AD740202C51A90175DE46D
:10317000F0A374F8F0A374FFF0A37407F02274F6C0
:10318000120BD4E9FFEAFE7AD1F9121B178A828B5F
:1031900083E5824583702A7A027B00121AF9EA4B92
:1031A000700E7A107B00901762E0F9121B3B8014BE
:1031B0008A828B8374D1F0EFA3F0EEF9121B0580A5
:1031C00003EFA3F002B2E074F7120BD48908900564
:1031D0000112C7F6801A8E828F8312B21CE060093A
:1031E00012B228FAA908121FD98E828F8312CACF71
:1031F000FFEE4F70E1901B8FE0F47003A3E0F460EA
:103200000A901B8FE0FAA908121FD912299F901764
:103210003912BE051229997F01020EDCA3A3E0F842
:10322000A3E0F98882898322A3A312B22E2212B8C6
:10323000BAE02274F4120BD4890B7D00740C1215C1
:103240000412C53480010DEDC3950B503D750A0085
:103250008002050AE50AC39C50ECED25E0FEE4334C
:10326000FFEA2EF582EB3F12CA8EF509AE0AEE2E6A
:10327000FEE433FFE82EF582E912C2B5650870045A
:10328000A3E0650970CC7901800279007F04020E09
:10329000DC02117A74F6120BD412B3377003A3E078
:1032A0006D701775086B75091778081211D0EEFA52
:1032B0001220B174021211AD801F750802750980C9
:1032C00078081211D08C088D0978081211D012B329
:1032D0002C1220C974041211AD800574021211ADB4
:1032E0007F02020EDC74F6120BD412B3377003A304
:1032F000E06D701775087875091778081211D0EE0F
:10330000FA1220B774021211AD801F7508037509F7
:103310008078081211D08C088D0978081211D0120B
:10332000B32C1220C974041211AD80B412BAB1E0EA
:10333000FD7C8012BE4E22EAFEEBFFEE12BF793F0B
:1033400012C0F412B35128FCE439FD901739E06C37
:1033500022FAA3E0F8E4C8F9EA2274F6120BD47456
:10336000FE121260EAFEEBFF852182852283E4F0E3
:10337000A3F012BE3812C0EDFBECFA88828983A359
:10338000A3E0F9750900750800600574FF69700510
:10339000750882802F901739E06A7003A3E06B7084
:1033A00015AA21AB22123095E9FA12C058700375A4
:1033B00008838A09800E12237BE9600575088980DD
:1033C00003750881852182852283E0FCA3E0FDA9A5
:1033D00008EEFAEFFB1220BDE509600B12C0586041
:1033E0000612BDF9121B9502B2DB02117A74F212B9
:1033F0000BD4EAFEEBFF75090075080012B45EF508
:103400000AE439F50B12299FEA650A7003EB650B94
:103410007012123089E914F50979017A847B171248
:103420003083800375088112C2AFF50C780C12113D
:10343000D4750C84750D17780C1211D078091211FF
:10344000D4780A1211D078081211D412BF8E12C289
:10345000B2F97A057B801220C3740702C51A12BA2A
:10346000C112C53888828983E012B351282274F6CC
:10347000120BD4780080308A828B8312CA90FEE4CB
:10348000CEFFE5082EE43FF509E825E0FEE433FF32
:10349000EC2EF582ED3FF583E508F0A3E509F0EAAF
:1034A0002402FA50010B08E8C39940CB02B2E07441
:1034B000E0120BD48A1A8B1B751300751600751752
:1034C0000075140075150012BF74351B12C8ECF599
:1034D0000B850A82F58312B468F508E439F509858D
:1034E0000A82850B83A3A312C922A3A3E0F9EAFEF3
:1034F000E439FFE51A240FF51EE4351BF51FE51A24
:103500002402F518E4351BF519E51A240EF51CE420
:10351000351BF51DAA08AB09122A35E9640170387C
:10352000851C82851D83E0F50A780A1211D4E4F522
:103530000AF50B780A1211D0780A1211D478081201
:1035400011D075088078081211D412B8C31220C3A4
:1035500074071211AD02B8B5AA08AB09122A35E9F1
:103560007050901739E065087004A3E06509604267
:10357000901BD1E0600464017035851C82851D8339
:10358000E0F50A780A1211D4E4F50AF50B780A126C
:1035900011D0780A1211D478081211D075088178E8
:1035A000081211D412B8C31220C374071211AD024D
:1035B000B8B5850A82850B83A3A3A3A3E0F509E52B
:1035C0000A2405F50A5002050BE509602212CA77A4
:1035D000121B8F8A168B17EA45176013AC16AD17AE
:1035E000AA0AAB0BA90912200F8A0A8B0B8003755C
:1035F0000900850A82850B83E0F508A385820A8588
:10360000830B601E12CA77121B8F8A148B15EA4532
:1036100015600FAC14AD15AA0AAB0BA90812200F48
:1036200080037508009005018045E4F0A3F0AA0C22
:10363000AB0D850E82850F83A3A312B8BA12B228F0
:10364000F9121B05850A82850B83E0C0E0A813747C
:103650008428F582E43417F583D0E0F00513A20046
:103660005007AA0AAB0B121B95850E82850F83E0CB
:10367000F50EA3E0F50FE50E450F700302B82785A0
:103680000E82850F83A3A312C534E8FAE9FB8A8270
:103690008B83E0FC60D3850E82850F83A3A3A3A355
:1036A000A3A3A3A3E0A2E050C0850E82850F83A34D
:1036B000A312B21CE5824583600FECFA7901123047
:1036C000E58A0A8B0BD200800F8A828B83A3A3A387
:1036D000A312C8EEF50BC200E50A450B6080850A0F
:1036E00082850B83A3E06E7003A3E06F600D74FF0F
:1036F0006E700374FF6F600302B65E850A82850BED
:1037000083A3A3A3A3A3A3A3120FAB850A82850B54
:1037100083A3A3A3A3A3A3E0FCAA16AB17A9091232
:103720001FE574021211ADE97038850A82850B839A
:10373000A3A3A3A3A3A3A3A3A3A3120FAB850A824E
:10374000850B83A3A3A3A3A3A3A3A3A3E0FCAA1411
:10375000AB15A908121FE574021211ADE97003023E
:10376000B65EE5082509C333240AFA7B00121AF96C
:103770008A0C8B0DEA450D700302B6448A828B8356
:1037800074D2F085188285198312C5348A828B839E
:10379000A3A3E8F0A3E912C8D6A3E50912CB9DE5DF
:1037A00008F0EA2405F582E4350DF583E509602883
:1037B00012C899350D12BE048516108517117512A1
:1037C0000078101211CCAC09EC2CFCE433FD121A79
:1037D000DB74031211AD8004E4F0A3F0E50C2408BF
:1037E000F582E4350DF583E508700302B62AA809D1
:1037F000E828F8E433F9E50C28F8E50D39F9E81282
:10380000C89A3912BE0485141085151175120078F6
:10381000101211CCAC08EC2CFCE433FD121ADB7452
:10382000031211AD02B62EE513602D851C82851D95
:1038300083E0F50878081211D475088475091778A3
:10384000081211D0E513F50878081211D490173931
:10385000120FAB7508008033E51A12C7FB351BF554
:1038600083E07037851C82851D83E0F50878081297
:1038700011D475088475091778081211D0750800DD
:1038800078081211D4901739120FAB78081211D49E
:1038900012B8C31220C374071211ADE516451760A4
:1038A00007AA16AB17121B95E51445156007AA1455
:1038B000AB15121B957F18020EDCE0F8A3E0F58330
:1038C000888222AC18AD19851E82851F83E0F97AA3
:1038D000067B802274EF120BD474F4121260EAFE9D
:1038E000EBFF8C088D09740B1215047403F012128F
:1038F00038121C851229998A0A8B0BAC0AAD0BEE83
:10390000240CF50AE43FF50B7403121238121C7FE5
:10391000E9601CE5082413F50CE43509F50D850C68
:1039200082F583E0FA74036A601074016A600B85A3
:103930002182852283748402BA3EE5082408F8E4D3
:103940003509F9880E890F8882F583E0F510602526
:1039500074FF6510601FE5082414F8E43509F9E8E0
:10396000FCE9FD74036A70188C828D83E0F86005B1
:1039700074FF68700B852182852283748202BA3EAF
:10398000E5082409F8E43509F9E8FAE9FBE5082433
:103990000BF50850020509850A82850B83E0642136
:1039A0007002A3E07065852182852283748C12C524
:1039B00014E0F51078101211D4AC08AD098A828B8E
:1039C0008312BDFF850E82850F83E0F91226C9742C
:1039D000011211ADE97068852182852283E4F0121D
:1039E0001F97850C82850D83E06403705274011269
:1039F0001240AA08AB091226E7E970437D007C005B
:103A00007900AA08AB0912208D80348C828D83E066
:103A1000F50C780C1211D4AC08AD098A828B831294
:103A2000BDFFA9101226CF74011211ADE9852182C4
:103A30008522837007E4F0121F9780037488F012C8
:103A4000C2AFF50878081211D47401121230880838
:103A5000890978081211D0850A82850B8312CA90D1
:103A60004480F50978081211D012BF8412208174A5
:103A7000051211AD740C1211AD7F09020EDCC0826B
:103A8000C08374F3121260852182852283E4F004DE
:103A900012150412BE057403121504AA82AB831218
:103AA0002303AA21AB2212233F740D1211AD02B0E1
:103AB00019EE12C5283FF58322EAFEEBFF12BAC1C8
:103AC00022EE2413F582E43FF5832212C882FBEA3A
:103AD0004B2274E8120BD474DB1212608A168B1717
:103AE000751200751300750D0012BF74351712BEE4
:103AF0003E799C122465901BD1E06004640170142F
:103B00007A047900122369EAF50D852182852283E2
:103B1000E02A80088521828522837401F0E0F8E59F
:103B20000EC398400302BD96E0C3950EF509C394F9
:103B3000044003750903E50975F01AA4FAABF01205
:103B40001B8F8A128B13EA4513700302BD99750C03
:103B500000AE12AF13850E0802BBFA7C087D007917
:103B6000FFAA14AB15121AE7E50A2404F8E4350B92
:103B7000F9EE2416FAE43FFBEE2415FCE43FFDEEDB
:103B80002414F514E43FF51588828983E0702E85AE
:103B90000A82850B8312C05E8514828515837004AA
:103BA000E4F080087401F0901917E0148510828504
:103BB000118312C514740212C846E4803390191799
:103BC000E00485108285118312C88EC39403851486
:103BD00082851583400302BCA3740212C88E64015F
:103BE000700302BCAF8C828D83740112C8467401CD
:103BF000F0EE241AFE50010F050CE50CC3950940A8
:103C00000302BD14E508C3950D400302BCB7AA0822
:103C10007B001223AB8A0A8B0B050890190412BE95
:103C200021121C85850A82850B8312C534EE24126D
:103C3000F582E43FF583E8F0A3E912BE13EE241801
:103C4000F510E43FF511851082F58374FF12C93336
:103C5000A3A3A3A3A3A3A3A3A3E0C0E012BDEFD09B
:103C6000E0F07401121504E412C879F8A3E0F974C5
:103C70000212150412BE0DEE240AF514E43FF515E8
:103C8000740112123812232DE96401600302BB5B38
:103C90007404121504AC82AD83AA14AB15121C85F2
:103CA00002BB68740112C88E6403600302BBE58C1A
:103CB000828D83E402BBEBE50DC3950E40057508CC
:103CC000008058E50EC3950DF508804F850A828562
:103CD0000B83E412C514F0901917E0148A828B83C9
:103CE00012BE13741D121504E0C0E012BDEFD0E047
:103CF000F0EE2414FAE43FFB8882898312C05E8AC6
:103D0000828B837003E480027401F0EE241AFE506B
:103D1000010F050CE50CC39509507E740E1212407C
:103D2000AA087B0079871224650508741812150407
:103D300012BE21121C857410121504AC82AD83EEE4
:103D400012C89A3FFB121C85EE2412F8E43FF97466
:103D50000E12150412BDFF8882898312BE05EE245F
:103D600018FAE43FFBEE2416FCE43FFDEE2415F5C3
:103D70000AE43FF50B901BD1E06007640160030289
:103D8000BCCC850A82850B83740212C5140412C848
:103D90004674FF02BCE0750900750A00780A12112A
:103DA000D478121211D078091211D4E50EF50978E1
:103DB000091211D47405121504E0FD7C00E51612F9
:103DC000C7F13517FBE51612C5223517F583E0F963
:103DD0001220CF74051211ADE51245136007AA1227
:103DE000AB13121B9574251211AD7F10020EDCEE81
:103DF0002419F582E43FF5832285218285228312EE
:103E0000C882FB22FBEAF0A3EBF022A3A3E8F0A315
:103E1000E9F022F0EE2417F582E43FF5837402F016
:103E20002212C5388E828F83E8F0A3E9F07C187DDA
:103E300019EE12C7F13FFB22EE12BF793F22F58344
:103E400012B22EF50EAC21AD227A007B0022EE24B8
:103E500002FAE43FFBEE240FF582E43FF583E0F93C
:103E60002274EF120BD474FE1212608A0A8B0B7547
:103E70000E00750F0012BF74350BF58312B22AF5D0
:103E80000DAC21AD227A007B0079A31226D5AA0DB4
:103E900012C52EC3EA98E499501E8521828522839B
:103EA000E0C39AFEA3E09400FFC3EE9404EF9400F5
:103EB00040617E037F00805F7E00750C00EEF97527
:103EC000080078081211D4780E1211D0E9F508789C
:103ED000081211D4E50DF50878081211D4740512F2
:103EE0001504E0FDAC0CE50A12C7F1350BFBE50A41
:103EF00012C522350BF583E0F91220D57405121195
:103F0000ADE50E450F6007AA0EAB0F121B957402AC
:103F100002BA76EE4F60A3EEFAEFFBEA75F015A455
:103F2000FAA8F075F015EBA428FB121B8F8A088BFA
:103F3000098A0E8B0FEA450F6032750C0075100070
:103F4000C3E5109EE49F400302BEBDAC08AD09A8C6
:103F50000DE51028FAE43400FB79A21226D5E50815
:103F60002415F50850020509051080D4750CB579A3
:103F70000002BEBF12BF7822EA2413F582E4227445
:103F80000102B2DD790112BF8EFAE43FFB22EE247A
:103F900002FCE43FFDEE240F2274F4120BD474FAF9
:103FA0001212608A088B09EA12C8FE12C7F6FFEEE9
:103FB000FAEFFB122309E960171229998A0A8B0B81
:103FC000AC0AAD0BEEFAEFFB121C7FE96401700A3C
:103FD0007401121504E4F0A380097401121504EEB3
:103FE000F0A3EF12C8E3FEA2E65008740312150412
:103FF0007401F0EEA2E7500874041215047401F085
:10400000740512150412C064F0F50A780A1211D46E
:104010007401121230880A890B780A1211D0750ABD
:1040200034750B80780A1211D0790112C0DA12208F
:104030008174051211AD7401121238122453EEA2CC
:10404000E7400D740112150412C05E700312304770
:1040500074061211AD02B28C85218285228312C5AD
:1040600038E84922E4F08521828522832274F61201
:104070000BD474FF12126012BAB912B22AF5087486
:10408000FF650870037508FEA90812241DE9852143
:1040900082852283F01227A7E96005A90812217101
:1040A000EE240B12C2B2702C75080078081211D4DD
:1040B00074011212308808890978081211D0750825
:1040C0003675098078081211D012BF8412208174CD
:1040D000051211AD02BF7F02117AE5082402FCE44B
:1040E0003509FDE508240FFAE43509FB2212C0F476
:1040F000FCA3E022F583E0F8A3E0F988828983E05D
:104100002274F6120BD474E0121260EAFEEBFF90F8
:104110001906E0F87408686008740468600302C255
:10412000AAAC21AD2212206F122B5B74021215046F
:10413000AC82AD8312BDF9122A65E96401700302F5
:10414000C2AA74181212381229AB7402121504ACE8
:1041500082AD837418121238121C7FE9602C122968
:10416000A58A088B09A808A909852182852283E0F0
:10417000687003A3E069601212C52E9018FA12BE8F
:104180000D7AFA7B18794B12223D12299F8A088BEF
:1041900009A808A909EE241112C2B2687003A3E0AD
:1041A0006960507402121504AA82AB831223938AA9
:1041B000828B83E5824583601CA3A3A3A3E0F874EC
:1041C00001686005740268700C7402121504AA82FA
:1041D000AB8312239F90199412C05E6016901BBE91
:1041E000E06401700E12BDF9901995E0F5838882A4
:1041F0001230E5790012BDF9122597901904E0FC00
:10420000A3E0FD12BDF9122B13740B12150412C09A
:104210006412C534740C12150412BE0D740B121204
:104220003812232DE9603F7C087D00790074181254
:104230001238121AE7740E121504AC82AD8374188A
:10424000121238121C7FE9601D7402121504AC8230
:10425000AD83740E121504AA82AB83122303740B70
:1042600012123812233F7402121504AC82AD83740B
:104270000E121504AA82AB83122303740B12123898
:10428000122333E96024740C12150412C489E06807
:104290007003A3E069601312C52E740C121504128A
:1042A000BE0D740B12123812233F742002B2DDEEE1
:1042B000240EF582E43FF583E02274EA120BD474F5
:1042C000F71212608A088B09751500750C00750DC0
:1042D000001220758A0E8B0FEA450F700302C46529
:1042E000751400801E850A82850B83A3A3A3A3A354
:1042F000A3A3A3E510F0A3E511F085120AF50B05C1
:10430000150514850E82850F83E0F8E514C39840E7
:104310000302C3A6E514F51075110074037810129A
:10432000137EE50E2510F582E50F3511F583A3AE5A
:1043300082AF83EEFAEFFB1223938A108B11A81041
:10434000A911E84960BB88828983A3A3A3A3E0FAEB
:1043500074016A600574026A70A7E8241BF582E4A0
:1043600039F583E0640170997A0A7B00121B8F8A09
:10437000108B118A12EEFCEFFD121C8585108285D0
:104380001183A3A3A3A3A3A3A3A3E4F0A3F0E50C29
:10439000450D600302C2E585100A85110B850A0CE4
:1043A000850B0D02C2FFE515700302C45E7408128E
:1043B0001504740212C49312C48912BE0D75140040
:1043C000E515F50A750B007403780A12137EAA0A24
:1043D000AB0B121B8F8A108B11EA4511607A802D6E
:1043E000850C0A850D0BAC0CAD0DE514F50C750DA7
:1043F000007403780C12137EE510250CFAE51135D4
:104400000DFB121C85051412C46F121B95E50C459B
:104410000D70CD750A00780A1211D4750A1F750B3C
:1044200080780A1211D078101211D0A915740512D3
:104430001240E508240FFAE43509FB1220A57405A3
:104440001211ADAA10AB11121B958012850C0A85B2
:104450000D0B12C46F121B95E50C450D70EEAA0EE4
:10446000AB0F121B9574091211AD7F0E020EDC8585
:104470000A82850B83A3A3A3A3A3A3A3A3E0F50CA4
:10448000A3E0F50DAA0AAB0B2212C538852182855F
:10449000228322F0850882850983A3A32274F21265
:1044A0000BD41220758A088B09EA45096063750AE6
:1044B000008049E50AF50C750D007403780C1213A1
:1044C0007EE508250CF582E509350DF583A3AE825E
:1044D000AF83EEFAEFFB1223938A828B83E582454A
:1044E000836017A3A3A3A3E0F874016860057402B6
:1044F000687007EEFAEFFB12239F050A8508828594
:104500000983E0F8E50AC39840A9AA08AB09121B81
:104510009502C51DF08C828D83221211AD7F06029B
:104520000EDC240FF582E422240EF582E42285219C
:104530008285228312C53822E0F8A3E0F922A3F095
:10454000A3E912C54622F0EE2402FE2274F6120BF5
:10455000D412C5E012CA8EF509AC08FDEEFAEFFBE5
:10456000121C85850882850983A3A3A312CBA5A36A
:10457000A3F0E5082409F50850020509F58212CBDD
:10458000BAA3A312BE0E850882850983A3A3E0F80F
:1045900012BABDE8F0E5082403F50850020509EE5B
:1045A000240BFAE43FFB7403687025AC08AD0912D4
:1045B0001C85850882850983A3A3A3A3A3A3A3A322
:1045C000E0C0E0EE2414F582E43FF583D0E0800CF7
:1045D00085088285098312C906F0A3E9F002B2E0DA
:1045E000ECFEEDFF12BF783B2274F2120BD4750A79
:1045F00000EA241312C83DEA2410F582E43BF58357
:10460000E0C3940C40128E828F83E0F8A3E0C812BE
:10461000C7FB38F583E0F50AA80AE828F8E433F97F
:10462000E8240DFAE439FB121B8F8A088B09EA454E
:1046300009700302C6C58E828F8312C8C7F88A82AA
:104640008B8312C6CC707EEEFCEFFDEA2403FAE405
:104650003509FB121C85EE2408FE50010F12C9110A
:1046600012BE0EE508240BF8E43509F9E8FAE9FB77
:104670008A828B83E4F0E50A604BE508240DF8E4B8
:104680003509F98E828F83A312C92C12C8A4C0E009
:1046900012C8BBD0E0F0EE2404FE50010F850A0BD7
:1046A0008E828F83E0FCA3E0FBEC8882898312BEBC
:1046B00006E82402F8500109EE2402FE50010F150D
:1046C0000BE50B70DBAA08AB0902C51D12C8AFAE23
:1046D00082AF832274F6120BD412C850600302C753
:1046E000E9E812C7F139FBEC2403FEE43DFF8A82BE
:1046F0008B83E05407F5088E828F83E054F84508D9
:10470000F50912C808A2E3E433F508A2E0E4333364
:104710003333F50874F7550945088E828F8312C824
:1047200008A2E4E433FAA2E0E433C4FA8E828F8371
:10473000E054EF4AF0E82403FAE439FBEC24040ED9
:10474000E43DFF8A828B83E054F8F5088E828F83E4
:10475000E054074508F50812C8085407FA74F855DC
:10476000084A8E828F8312C81E8C828D83A3A3A3D6
:10477000A3A312C80DA312C88712C82412C801121D
:10478000C82412C88712C83512C80112C835A3122E
:10479000C801A3A3A3A3A3A3A3A3A3F0E8240AF897
:1047A0005001098882898312C7F6FBEEFAEC12C722
:1047B000FB3DF58312BE0588828983A3A3E0C0E098
:1047C000EC240DF582E43DF583D0E012C80DE0C085
:1047D000E0EC12C5283DF583D0E012C81EC0E0EC25
:1047E00012C5223DF583D0E0F002B2E0FCEFFDE51A
:1047F000082402FAE422E0FEA3E022240BF582E47E
:1048000022E08C828D83A32212C84AE02212C811B2
:104810002212C81522F088828983A3A3A32212C87A
:1048200011A3E02212C82822A3A3A3A3A3A312C802
:1048300015A3A3A322A3A312C828A3A322F8E43B91
:10484000F9E8FEE9FF2212C84A22F08A828B83220D
:1048500012BF783B12C0F48C828D83F088828983EA
:10486000A3A882A98312C7F6FBEE8C828D83A3F0E6
:10487000A3EBF08C828D83E022F0850A82850B8386
:10488000E022E0FAA3E022A3E08C828D832212C80A
:104890009222F088828983E022EA240AFAE4221232
:1048A000C8A9A32212C8A9E02212C8AFA3A322F06C
:1048B0008E828F83A3227F08020EDCE508240CF58C
:1048C00082E43509F5832212C8CB22E0FEA3E0FF83
:1048D0008E828F83E02212C8DA22F08A828B83A331
:1048E000A3A32212C89FA3A3A3A3E022F583E0F50C
:1048F0000AA3E02212C8F82212C8AFA3E02212BF16
:10490000793509F58322E0FCA3E0F9EC8A828B83F8
:10491000228E828F8312C882F9EA850882850983F4
:10492000A322E0FA850A82850B83A322A3E08A8270
:104930008B8322F0850A82850B83A32274F0120BED
:10494000D4EAFEEBFF8C088D098E828F8312C88813
:1049500012C6CC12CAF612C53E50010F12CAF2A3FB
:10496000A3A3F0A3E912C8F4C4540F8C828D83A3CF
:10497000A3A3A3A312C8A4F50CEE2404FE50010FB8
:104980008C828D83A3A3A3A3A3A3E50CF0EC24073F
:10499000F8E43509F9880A890BE50C604C12CA77EE
:1049A000121B8F8A0E8B0FA80EA90F850A82850B0A
:1049B0008312BE0DE849700302CA427A0080248E39
:1049C000828F83E0F50EA3E0FCE4CCFDE50E2CE441
:1049D0003DF50F12CA7EE50EF0A3E50F12C5465055
:1049E000010F0AEAC3950C40D68E828F83E0F50C46
:1049F000A3AE82AF83850882850983A3A3A3A3A363
:104A0000A3A3A3A3F0606B12CA77121B8F8A0E8B2D
:104A10000FA80EA90F850882850983A3A3A3A3A3CA
:104A2000A3A3A312BE0BE849701C850A82850B83E1
:104A300012BACB600D121B95850A82850B83E4F0B8
:104A4000A3F07901802E7A0080228E828F8312CA91
:104A500090FCE4CCFDE5082CE43DF50912CA7EE5A6
:104A600008F0A3E50912C54650010F0AEAC3950CE8
:104A700040D8790002C8B625E0FAE433FB22EA25E3
:104A8000E0FCE433FDE82CF582E93DF58322F58373
:104A9000E0F508A3E02274F6120BD48C088D0912FD
:104AA000CAC112CACFFF12CAF212C53F50010F127B
:104AB000C7EC3509FB121C8512CAD6A3A3F002B2BB
:104AC000E012CAC522EA2413F582E43BF5832212E0
:104AD000C538E8FEE9228E828F83A3A3A3A3A3A3F4
:104AE000A3A3E0850882850983A3A3A3A3A3A3A30B
:104AF000A3228E828F8312CAFE8C828D832212C8DB
:104B000082F9EA2274F2120BD412CAC112C7F6FF5C
:104B1000EA240CF582E43BF583E0641F7004A3E013
:104B2000648070098E828F83A3AE82AF838E828F62
:104B300083E0F50DA3AE82AF83F508750900740319
:104B4000780812137EE5082401FAE43509FB121BEC
:104B50008F8A0A8B0BEA450B603C8A828B83A38584
:104B600082088583098A828B83E50DF0750C0080AD
:104B70001EEEFCEFFDAA08AB09121C85EE2408FE10
:104B800050010FE5082408F50850020509050CE559
:104B90000CC3950D40DBAA0AAB0B02C51D12C8DA87
:104BA000A3A3A3A32212CBAAA322A3A3A3A3A3E0FC
:104BB0008E828F83A3A3A3A3A32285098312CAFE97
:104BC0008E828F83A3A3A3A3A3A3A32274F7120BA4
:104BD000D4E9901762F09017417402F0901739747D
:104BE000FEF0A304F0122999121FCD7A847B1B12C8
:104BF00030D1121FA9121EBF02D0A874F7120BD415
:104C000074F0121260890812216BE508603A90195D
:104C100020E07034901BADE06401702C901870E0BF
:104C20006026AC21AD227A627B001221E97900AACC
:104C300021AB221227F579001227FB7C107D007929
:104C400000AA21AB22121AE712E0CD602012CC722A
:104C5000FEA3E0FF90176812E029121B95EEF8EF13
:104C6000F9901768E8F0A3E9F0E84970E0741002E1
:104C7000D0A5901768E0F8A3E0F5838882E022745D
:104C8000F2120BD4890AEAFEEBFF5480702DEEA2DB
:104C9000E050417901121FAF7C0F7B0F901766E047
:104CA000FA90176BE05407F9121FD3EE640102CD9E
:104CB00099121EB3AA08AB09121AFF901762E0F905
:104CC000121B118A088B09EA450970E5EEFAEF64B8
:104CD0008002CDC454026009121E9BEE640202CD14
:104CE00099EE54206034901763E0701D901765E0D2
:104CF000640670057907121FAF7900121C2B901BF8
:104D0000BEE064017003121FB57A107B0090176239
:104D1000E0F9121B3BEE6420807FEF5440600B12E1
:104D20001F91EEFAEF644002CDC4EF5420603B9037
:104D30001765E0640C700D7902121FAF121F7F908F
:104D40001BA5800B790C121FAF121F85901BA1129F
:104D50000FA77A007B20901762E0F9121C4F7404B1
:104D60001211ADEEFAEF6420805AEE5410602E90CE
:104D70001765E0F9121FDF901863E0640170179067
:104D80008310120FA77A007B08901951E0F9121CCA
:104D90004F74041211ADEE6410FAEF8027EE540840
:104DA0006006EE6408FA8037EF5401601A90190625
:104DB000E0F874086860057404687003121EA7EEBA
:104DC000FAEF6401FB8018EE5404600A7A0379FF5D
:104DD000122225121517EEFAEFFBA90A121E830202
:104DE000E16C74F0120BD4EAFEEBFFEE544070035A
:104DF00002CE7712E0CD607A12E6A7A3A312E029D3
:104E000012217712CC72F508A3E0F5099017681209
:104E1000E029121B9590176812E02FE508450960FC
:104E200051850882850983A3A3A3A3E0F50CA3E021
:104E3000F50D8014850882850983A3A3A3A3C3E08D
:104E4000950CF0A3E0950DF085088285098312E0AA
:104E50001DE508450970DDE4F50EF50F780C12111B
:104E6000C87A407B00901762E0F9121C4F7404125C
:104E700011ADEE6440801AEE54806019121ED112FA
:104E80001EA17901122F9F7A01790312302FEE644F
:104E900080FAEF802BEF5402600A121ED7EEFAEF71
:104EA0006402801CEF5408600A1221FBEEFAEF64E2
:104EB00008800DEF5404600B122201EEFAEF640437
:104EC000FB80047A007B007F08020EDC74F0120B7A
:104ED000D474B61212608A0A8B0B89097508017E98
:104EE000007F00901765E08521828522837008E4A9
:104EF000F0F912221980037401F0AA21AB22795231
:104F000012223D121FBB90176DE09018F1F0901720
:104F10006AE06404600302CFE4E4F01229CF1229AE
:104F2000D51230D774016508600302D055121E9562
:104F3000121AF3EA547FF8E50A28F8E4350BF9E889
:104F40002464FEE439FF90184D1214C990175D12C5
:104F500014D57A0279FF1222259080627409121208
:104F60004074411210F6750C10750D03740912127D
:104F700030880E890F780E1211D0750E41750F0012
:104F8000780E1211D07C007D00E50C2410FAE50D9E
:104F90003403FB121C1374041211ADE97011050CDB
:104FA000E50C7002050DC39440E50D940340BD90DF
:104FB00018F774FEF0A304F09018FA14F0A304F0AC
:104FC000901904F0A3F07C087D0079007A187B1911
:104FD000121AE779001229ED7401650970347A001C
:104FE0007B008041121E8FE9F508600302CF1B127F
:104FF0001EADE9F508750C018E0D8E0E8E0F901802
:10500000F9E0780C12113690175D780C12147302C7
:10501000CF247C087D0079007401121238121AE73F
:105020007401121238122207750CE3750D18780CF2
:105030001211D0750C6E750D00780C1211D07C0019
:105040007D007A217B00121C1374041211AD7A02C8
:105050007900122225A908121E7774FF650A7004D0
:1050600074FF650B60109017657401F0121EF5EE69
:10507000FAEFFB121F7390176DE0F9122A2FA9089F
:10508000744A1211AD02CEC774F7120BD47E00120F
:10509000221FE9F8A2E150077E017900122F9FEE4E
:1050A000F9800574051211AD7F01020EDCC082C0CB
:1050B00083901BD1E0700E9017667402F090176B0E
:1050C000E054F8803690176BE054F8F8901BD1E06C
:1050D0006401700474018007E06402700774024880
:1050E00090176BF07A9B7B18122B79E990176670FA
:1050F00003E480077403F0901B8304F002DA0CC011
:1051000082C083901763E0704E901765E06408706A
:1051100033121F677909121FAF90050FE064057005
:105120000A7901123029121ED1800CE06407700741
:105130007A01790712302F901BBEE06401701112C2
:105140001FB5800C7A107B00901762E0F9121B3BB0
:105150007900121C2B8037122A23E9790024105081
:105160000109C394FFE99400A2D265D033501A120A
:105170002A23E9F8741029F9122A297A017B009070
:105180001762E0F9121B3B8005790012302902DA20
:105190000CC082C083901765E06405703A121EEF60
:1051A0007906121FAF12D5AB60097B007A00790037
:1051B00012244D121F97121ED7121F8B90176DE0ED
:1051C000A2E35008901BBEE06401700E901B8B128E
:1051D00014ED1229BD8003121F9702DA0CC082C0A1
:1051E00083790F1229E17A02790012222502DA0C62
:1051F00074F7120BD41229CFE9FE70451229DBE9AE
:10520000603612299F90173912E6CD90173912E0B7
:10521000D0700790176BE054F8F0901BD1E0640257
:1052200090176670097403F0901906E48002740107
:1052300012DAC6121C8580027E099018DCE4F0A305
:10524000F0EE700479008002790102D0A874F612A1
:105250000BD48A828B83E014602B14605E24E86098
:105260000A2447600B24D6600C807F1220E7807DE3
:10527000121EB9807890177C12E0D0607012E6A7F9
:105280001230E58068901765E064027060901BD171
:10529000E064016005E064027053122FFFE96006CC
:1052A000122FEDE960471228BB8B09EA450960041B
:1052B000790180027900122FE78032901BD1E064DF
:1052C000016005E06402702590050FE06407600549
:1052D000E064087010901763E0700A7A0190050F7F
:1052E000E0F912302F121ECB8003121EC5802675E6
:1052F000086475091778081211D07508017509003E
:1053000078081211D07C007D007A857B00121C1376
:1053100074041211AD7F02020EDC74F6120BD47409
:10532000EB121260EAFEEBFFEE240CF582E43F1272
:10533000E01B7808120E9002002100220076D300B4
:1053400080018049D3000088D312205D8A088B0930
:10535000AE08AF09EE4F60308E828F83E0700EEEA4
:105360002403FCE43FFDA312E029122021EEFAEF12
:10537000FB121B958012AC21AD22122057AC21AD3F
:1053800022EEFAEFFB12201B74158086C082C083C8
:105390007A017B80901762E0F91220DB7A007B8033
:1053A000901762E0F91220DB7A217B00901762E00F
:1053B000F91220DB7A227B00901762E0F91220DBE1
:1053C00002DA0CC082C0838A828B83E024FC600AEC
:1053D00024FE601824FE6021802F901BD1E0640120
:1053E0006005E064027022122183801D901BD1E0D1
:1053F000640170151221898010901BD1E064016056
:1054000005E06402700312218F02DA0C74F6120BAD
:10541000D4901765E064036015E0640A600302D469
:10542000A390176BE054076401600302D4BA90178D
:1054300063E070677A107B00901762E0F9121B3B03
:105440007901121EE3E970097905121FAF79018015
:105450004C901765E0640A700D12D5AB602490196A
:10546000067408F0801CE064037017121F8B90050F
:105470000FE06402700C7901122F9F7A01790212F9
:10548000302F7906121FAF12D5AB700302D5A87B5F
:10549000007A00790012244D02D5A87900122FD588
:1054A00002D5A8E064046012E0640E600DE0640FB1
:1054B0006008E0640D600302D596901763E07066A3
:1054C000901767E4F07901121EE3E9700F79051275
:1054D0001FAF7A107B27121EE902D5A87906121F8A
:1054E000AF7A007B20901762E0F9121C5B90176D79
:1054F000E0A2E3501D901BBEE070179083D41214FD
:10550000ED1229BD7A007B001229C37A007B0012BC
:1055100029C912D5AB60097B007A00790012244DAD
:10552000121F8B02D5A8901766E0640170379017A0
:1055300067E004F0C39404501F901904E0F4700372
:10554000A3E0F4601B9017667403F0901742740197
:10555000F0901B837404800C9018A3E06401700524
:10556000901766E4F0122AFB12241190176DE0A246
:10557000E35008901BBEE06401702D901766E06454
:10558000037025901B9FE0F508A3E0AA08FBE4FC4C
:10559000FD1229BD8012E0600F121F8B7A107B0074
:1055A000901762E0F9121B3B02D31590176BE05481
:1055B0000764022274F1120BD474F41212607E009C
:1055C0007508187509198E0A80010E903804E49345
:1055D000F8EEC398400302D690A821A922880C892E
:1055E0000D780C1211D0750C0C750D00780C121181
:1055F000D07C007D00EE2475FAE43400FB121C1907
:1056000074041211AD7404121504A982AA83890CC2
:105610008A0D750E00780C1211CC7C087D00A9084B
:10562000AA09AB0A121AE174031211ADE970617C88
:105630000879007404121504AA82AB83121B71E965
:105640006088EEFF78081211CC7C087D0074071288
:105650001504AA82AB83121ADB74031211AD8521E3
:1056600082852283E4F0A3F0A3F0A312DBE71211FA
:10567000D075080C75090078081211D07C007D00E7
:10568000EF2475FAE43400FB121C1374041211ADFC
:1056900002D7D774F1120BD474DF121260740C129B
:1056A00012381227EF740C12123088088909780812
:1056B0001211D075081575090078081211D07C00F8
:1056C0007D007A827B00121C1374041211AD7508E0
:1056D0000080020508AE087F00903804E493F8EEDD
:1056E000C398400302D772EE2475FE50010FA82123
:1056F000A922880A890B780A1211D0750A0C750B39
:1057000000780A1211D07C007D00EEFAEFFB121C2B
:105710001974041211AD7404121504A982AA8389A4
:105720000C8A0D750E00780C1211CC7C087D007966
:10573000187A197B00121AE174031211ADE9609313
:10574000741D1215041214C9852182852283121436
:10575000D5A821A9228808890978081211D07508CE
:105760000C75090078081211D07C007D00EEFAEF6C
:1057700080457C087D0079FF7404121504AA82AB71
:1057800083121AE7741D1215041214C9852182852B
:1057900022831214D5A821A9228808890978081221
:1057A00011D075080C8F0978081211D07C007D008B
:1057B000EE2474FAE43400FB121C1374041211ADCD
:1057C0009018DCE4F0A3F07C15FDF9740C1212388B
:1057D000121AE774218002740C1211AD7F07020EB9
:1057E000DC74F1120BD474F412126075080080544A
:1057F000A821A922880A890B780A1211D0750A0CEF
:10580000750B00780A1211D07C007D00EEFAEFFBD8
:10581000121C1974041211AD7404121504A982AA81
:1058200083890C8A0D750E00780C1211CC7C087DD2
:105830000079187A197B00121AE174031211ADE98C
:1058400070250508E5082475FEE43400FF9038044F
:10585000E493F8E508984098852182852283121404
:10586000C9E8494A4B605A901761E070547401F0DE
:105870009083F0780812149185218285228378081C
:105880001213B78521828522831214C99018D4126D
:1058900014D5A821A9228808890978081211D07581
:1058A000080C75090078081211D07C007D00EEFA12
:1058B000EFFB121C1374041211AD9018DCE4F0A37A
:1058C000F002D7D774F5120BD474DB1212607E008D
:1058D000121EDD741012123088088909780812111E
:1058E000D07508158E0978081211D07C007D007AD9
:1058F000827B00121C1974041211ADE970467C10F1
:105900007D007900AA21AB22121AE7A821A92288DA
:105910000889098E0A78081211CC7C107D00741455
:10592000121504A982AA837B00121AE174031211D2
:10593000ADE970107E017C157D00790074101212A3
:1059400038121AE7EEF974251211AD7F03020EDC4E
:1059500074F4120BD48A088B097A047B00901762C6
:10596000E0F9121C61EA4B4C4D701BE4F50AF50B93
:1059700078081211C87A047B00901762E0F9121CB3
:105980004F74041211AD02DBE2C082C0837A047B43
:1059900000901762E0F9121C5B7A047B009017629A
:1059A000E0F9121B4102DA0C74F6120BD490176462
:1059B000E4F075086475091778081211D07C017D30
:1059C000007A857B00121C0774021211ADE9702069
:1059D00078081211D075080175090078081211D0E5
:1059E0007C007D007A857B00121C1974041211ADB5
:1059F00002D31574F6120BD4E9FE9017647401F00B
:105A00006E70037403F002D2EF1211ADD083D08216
:105A100002117A74F6120BD4E9FE121EFB7A887B0F
:105A2000131226637A007B01901951E0F9121C5B76
:105A30007A007B01901951E0F9121B41901BD1E0D3
:105A40006402704474016E7028901B971214C99000
:105A50001B8B1214D5901B9D12E015901887E8F04F
:105A6000A3E9F0901B9B12E015901889E8F0A3E9D8
:105A7000F09083D41214ED1229BD7A007B00122914
:105A8000C97A007B001229C374016E702F901765CC
:105A90007402F090176604F0901742740112DAC68F
:105AA000121C859019067402F0122411121AF3EADE
:105AB000547F2464FA7B00121F7380077A887B135B
:105AC000121EE902D315F07C187D197A437B172248
:105AD00074F1120BD474E61212608A088B09ECFE82
:105AE000EDFF890AEEFAEFFB12212FEEFAEFFB121F
:105AF00020F99005C612E0D06033741112150474B9
:105B000003F08E0C8F0D750E00780C1211CC7C08F2
:105B10007D00740C121238121ADB74031211AD746A
:105B2000091212389005C612E6A41230E57401126B
:105B30001504E4F0A3F0740312150412E02F7405A9
:105B4000121504EEF0A3EFF074071215047402F0BE
:105B50007429121504E0705C1227A7E970567412BC
:105B60001212407A007B0079AB1226D5E4F50CF5D1
:105B70000D780C1211D07402121240EEFAEFFB12E3
:105B8000278374021211AD901BCEE064017017855B
:105B90002182852283E0700E7408121504E4F0045B
:105BA00012123812278974081215047401F01212A7
:105BB00038122789A90AEEFAEFFB122A3B7900AACC
:105BC00008AB09122597901904E0FCA3E0FDAA0890
:105BD000AB09122B13121F67741A02D7D97404125F
:105BE00011AD7F04020EDCF0A821A92288088909E2
:105BF00078082274EE120BD4890F8A108B118C0A4C
:105C00008D0BAE11EEFA7B00121AF98A088B09EAA5
:105C100045096035EE6020E50A450B601A850A0CDF
:105C2000850B0D750E00780C1211CCEEFC7D001268
:105C30001ADB74031211AD850882850983E510F023
:105C4000AA08AB09A90F121B057F0A020EDCC0824D
:105C5000C08374FD121260E9852182852283F09051
:105C6000174F12E27F6009AA21AB221230E580179C
:105C70007402121504E4F0041212407B027A0190BF
:105C80001762E0F9121F0D7900740302DA09E0FED1
:105C9000A3E0FF2274F7120BD474EF121260E990A4
:105CA0001763F0600302DD8B7901122F9F901BD1E7
:105CB000E0700B901765E070127908121FAF901B0F
:105CC000D1E060076401600302DD8B9082507401B3
:105CD00012124074101210F61227A7E9700302DDA9
:105CE0008B7A187B19122B79E9700B7CA77D0E7AC1
:105CF000187B19121C857A007B0079F012223D7AFC
:105D0000F77B18795312223D9018F1E0A2E350047A
:105D1000D2F08002C2F0A2F0E43385218285228392
:105D2000F0AA21AB22795212223D9019067408F094
:105D30001229E7121EDD9018D41214C9E8494A4B03
:105D4000700D9018D47401F0A3E4F0A3F0A3F07ADE
:105D5000007B03901762E0F9121B3B7401121238AA
:105D600012219B790074011212381227F590192024
:105D7000E0700579001227FB7C107D00790074012A
:105D8000121238121AE779011230297A027B009038
:105D90001762E0F9121B3B741102D0A574EE120BCE
:105DA000D4EAFEEBFF90175112E27F60061230E555
:105DB00002E00190195212E01D901952E0F50AA379
:105DC000E0F50BEE2404F50EE43FF50FEE2402F5AA
:105DD0000CE43FF50D803E85088285098312E015AD
:105DE000850C82850D83E0687003A3E069701485DB
:105DF0000882850983A3A3E0F8850E82850F83E0DE
:105E000068607385080A85090BE5082414F582E4A7
:105E1000350912E01BE508450970BC7A167B0012B3
:105E20001B8F8A088B09EA4509700302E0017C1682
:105E30007D007900121AE7850882850983A3A3A350
:105E4000A3A3A3A374FEF0A304F0850882850983AD
:105E5000A3A3A3A3A3A3A3A3A3A3F090195212E007
:105E6000D07005901952800BE50A2414F582E435B0
:105E70000BF58312E02F8E828F83A3A3A3A3A3A38A
:105E8000A3A3A312E004A3F0EE2408F8E43FF988EA
:105E900082898312E004F0850E82850F8312E00B65
:105EA000F0850C82850D8312E0298508828509839F
:105EB00012E6CD12E4CBE0C0E0E5082413F582E45D
:105EC0003509F583D0E0F0E508240BFAE43509FB49
:105ED00088828983E06401600CEE240DFCE43FFDC0
:105EE000121C8580097C087D0079FF121AE7EE24D8
:105EF0000A12E30E8882F583E0F8901ADBE0C3987B
:105F0000400302E0018E828F83A3A3A3A3A3E064D6
:105F1000016009122FFFE9700302E001C2F0850A57
:105F200082850B83E0F50CE5082409F8E43509F9CE
:105F300088828983E0F50DE508240AFAE43509FB37
:105F4000EE240BFCE43FFDE50DC3950C500C8C8258
:105F50008D83E0C3941440198019E50D650C70130E
:105F60008A828B83E0F50C8C828D83E0C3950C5084
:105F700002D2F0EE2406F50CE43FF50D850C82F517
:105F800083E070198E828F83E0F50EA3E0F50F9009
:105F900018FAE0650E7004A3E0650F7034A2F050AB
:105FA000308E828F83E0F50EA3E0F50F85088285A1
:105FB0000983A3A3A3A3A3A3A3E50EF0A3E50F1254
:105FC000E42788828983F08C828D83E08A828B83A8
:105FD000F08E828F83A3A3A3A3A3A3A3E0600D8568
:105FE0000882850983A3A3A3A37401F0850C82858D
:105FF0000D83E0600C850882850983A3A3A3740147
:10600000F002DC4912E00BA3A3A322E085088285FD
:106010000983A3A322E0F8A3E0F922F583E0F508C1
:10602000A3E0F509228E828F83E0FAA3E0FB22E54C
:1060300008F0A3E509F02274F7120BD4E990176376
:10604000F0700B901765E070057906121FAF7A208B
:106050007B00901762E0F9121B3B02D0A874F71284
:106060000BD474FB121260E9FE901763F070149069
:106070001765E070057903121FAF901B8B1214EDAA
:106080001229BD90175312E0D0602FEE8521828532
:106090002283F09018F712E029740112150412E619
:1060A000CD9018FA12E029740312150412E6CDAA55
:1060B00021AB22888289831230E57C007D007B023F
:1060C0007A02901762E0F9121F0D02D0A3901768B0
:1060D000E0F8A3E0F9E84922C082C08374FF1212FD
:1060E00060E9852182852283F090175912E27F6052
:1060F00007AA21AB221230E5740102DA0974F21208
:106100000BD48A0A8B0B90050112DC8E121F977A32
:10611000107B00901762E0F9121B3B8048EE2402CE
:10612000F8E43FF9880889098882F58312CC756004
:106130002D7A047B00121AF9EA4B60228A828B8343
:1061400074D6F0A3A3E50AF0A3E50BF085088285D9
:10615000098312E6A4A3A312CC75F9121B058E8243
:106160008F8312DC8EEE4F70B4121F8B7F06020EEF
:10617000DC74F0120BD48A088B097A047B00901728
:1061800062E0F9121C61EA4B4C4D6005790102E2B4
:106190004C121F977410121504E0F8600D7401681A
:1061A0006008740268600302E24A7A067B00121BF0
:1061B0008F8A0A8B0BAE0AAF0BEE4F700579100277
:1061C000E24C12E0CD9017687006EEF0A3EF801F4E
:1061D000E0FAA3E08003E8FAE9FB8A828B8312E00D
:1061E000D070F3EEF8EFF98A828B83E8F0A3E9F040
:1061F0007A407B00901762E0F9121C618A0C8B0DCB
:106200008E828F83E4F0A3F08E828F83A3A312E0AB
:106210002F7458C3950CF87402950DF98E828F83F4
:10622000A3A3A3A3E8F0A3E9F07458687003740271
:106230006970179083F4120FA77A407B0090176261
:10624000E0F9121C4F74041211AD790002CEC7742C
:10625000F7120BD474FB12126012E6C77402121507
:1062600004ECF0A3EDF07404121504E9F090174D5E
:1062700012E27F6007AA21AB221230E502D0A3E030
:10628000F8A3E0F988828983E58245832274F412B9
:106290000BD4EAFEEBFF1229998A088B09AC08ADF2
:1062A0000912E30BEE2402F508E43FF509AA08FB06
:1062B000121C7FE96401702390175512E27F600E73
:1062C000EEFAEFFB1230E58B09EA4509703A850AD0
:1062D00082850B83E0F9121F01802D850A82850BD0
:1062E00083E0F50A780A1211D48E828F83A3A3A3C8
:1062F000A3A3A3A3A3A3A3E0F9AC08AD0912E025CF
:10630000121F0774011211AD02DBE2EE240BF8E458
:106310003FF9880A890B2274F2120BD474F8121216
:1063200060EAFEEBFF12E30BEE240C08E43FF98871
:106330000889098E828F83A3A3A3A3A3A3A3A3A3E6
:10634000A3E0640170717402121504E4F08882897C
:1063500083E0701A7401121504E412E42785218287
:10636000852283F0123047AA21AB221224598508D6
:1063700082850983E0640170277403121504E4F038
:10638000A3F07405121504E4F074061215047401E8
:10639000F07407121504E4F0740312123812245337
:1063A000850882850983E0F9121F017402121238F0
:1063B000795212223D80591229A58A0C8B0D850A2B
:1063C00082850B83E0F912E025E50C6A7003E50D88
:1063D0006B7020740169600E12D5AB70168508824F
:1063E0008509837401F0850882850983E0F9121F0D
:1063F00001801D850882850983E0F508780812115F
:10640000D4EE2402FCE43FFD121F0774011211AD0B
:1064100090175712E27F6007EEFAEFFB1230E57437
:10642000081211AD02E16CF0850A82850B83E0222F
:1064300002117AC082C08312251302DA0CC082C016
:106440008312299F02DA0CC082C0837A007B0190FC
:106450001762E0F9121C61EA4B4C4D7003121F9752
:1064600002DA0C74F6120BD4EAFEEBFF12E4CB1244
:10647000E01554807052EE240BF582E43FF583E082
:1064800070467413687001E9603EE8F508E94480DD
:10649000F50978081211D0E4F508F5097808121109
:1064A000D0EE240EF582E43FF583E0FD7C84EE24FB
:1064B00002FAE43FFBEE240FF582E43FF583E0F9B6
:1064C0001220C974041211AD02D315EE240CF5820A
:1064D000E43FF5832274F4120BD4EA4B60218A085E
:1064E0008B09E4F50AF50B78081211C87A017B00D4
:1064F000901762E0F9121C4F74041211AD800C7AEF
:10650000017B00901762E0F9121B3B02DBE274F79B
:10651000120BD4E9FE90176DE0A2E1501A901BAB6C
:10652000E06E601390176BE054F84402F090176D22
:10653000740CF0F9122A2F02D0A8C082C0839017E1
:1065400065E064016005E064027011901B827401D3
:10655000F07A007B00121F7379018002790002DA61
:106560000CC082C083901765E06401600AE0640299
:106570006005E0640C7009901B82E4F079018002F0
:10658000790002DA0C74F6120BD47A007B00122622
:10659000631229998A088B09AE0812299F75080091
:1065A00078081211D490176DE0F9EEFCAD091220B5
:1065B0009F74011211AD7A007B0012266302D3157D
:1065C00074F4120BD474F6121260AA21AB221223B7
:1065D000ED8A088B09EA450960548521828522836A
:1065E000E060447409121504740FF074011215046C
:1065F00074FCF0A374FFF0750A00780A1211D475C8
:106600000A1F750B00780A1211D078081211D07485
:1066100005121504E0F974061212407ABC7B1712B9
:1066200020A574051211ADAA08AB09121B95740AB6
:1066300002DBDFC082C0839018F1E0A2E1400E7A55
:10664000007B01901762E0F9121B3B80179083F8E2
:10665000120FA77A007B01901762E0F9121C4F74A9
:10666000041211AD02DA0CEA24010A50010B0211E6
:106670007A74F7120BD474FB12126012E6C774021C
:10668000121504E9F07403121504ECF0A3EDF09078
:10669000174B12E0D0600AAA21AB2212E6A71230F3
:1066A000E502D0A3E0F8A3E0F583888222C082C08F
:1066B000837A00EA25E012E6D3E4F0A3F00AEAC305
:1066C000940940EF02DA0C852182852283EAF0A347
:1066D000EBF022F8E433F9744B28F582741739F59E
:1066E000832274F7120BD4E9FE901765E06E600EFA
:1066F000EEF07A107B00901762E0F9121B3B02D09B
:10670000A874F4120BD4121AF3EA5410F508EB54DF
:1067100027F509E4F50AF50B9083C07808121358A1
:1067200078081211C87A007B40901762E0F9121CB9
:106730004F02DBDD74F7120BD4E9FE900504F01272
:106740002EFD7A027B80EEF91220DB7A017B80EE4F
:10675000F91220DB7A047B80EEF91220DB02EE7165
:1067600074F6120BD4EAFEEBFF7A077B00121B8F44
:10677000EA4B60238E828F83E08A828B83F0A3A30F
:1067800074F6F0A3741612E79AEEF0A3EF12E79AEC
:10679000A3A3E4F01230D102FA00F08A828B83A323
:1067A000A3A3A32274F4120BD474F8121260EAFEAD
:1067B000EBFF8908A821A922880A890B780A1211FF
:1067C000D07C007D007A037B00A908121D2774028B
:1067D0001211ADE96056740612150412F5F7E06E59
:1067E0007003A3E06F6045EE4F88828983601EEEE0
:1067F000F0A3EFF09083FC120FA77A007B209005A6
:1068000004E0F9121C4F74041211AD800FE4F0A3E0
:10681000F0FA7B20900504E0F9121C5B90051F1232
:10682000F9376008A90812F5DE1230E5740802F0A5
:10683000F974F4120BD474EC12126089085308CE68
:10684000901AC7E070127A047B00900504E0F912F8
:106850001C61EA4B4C4D6024901ACAE06010E508B8
:10686000A2E1500A7A01790412302F630802743FC2
:106870005508F8901AC7E048F002EA31743F55080D
:10688000FE901AC7E04EF0900513E0600302EA0D97
:106890007401F0121E8FE96401701A7A567B00129F
:1068A0001C0D8A0A8B0BAC0AAD0BEC4D60077A56B7
:1068B0007B00121C1F12220D750ACA750B1A780A6A
:1068C0001211D0750A01750B00780A1211D07C00E4
:1068D0007D007A557B00121C1974041211AD901AB8
:1068E000CAE06401600302EA0D901BD1E06401601C
:1068F00008E06402600302E9E17C0879009018A4D2
:1069000012FB60121B71E9600302E9E11227A7E99B
:10691000600302E9E1A821A922880A890B780A12FA
:1069200011D0750A01750B00780A1211D07C107D08
:10693000007A117B01121C1974041211AD90181108
:10694000E0700302E9E1852182852283E064FD7025
:106950000302E9E1E06402700302E9E17C137D00D7
:1069600079007401121238121AE7741112150474A6
:10697000FFF07401121230880A890B780A1211D0C4
:10698000750A13750B00780A1211D07C007D007A0D
:10699000117B01121C1374041211AD901831E4F034
:1069A000A3F0A3F0A3F0A3F0A3F0A3F0A3F0901A38
:1069B000CAF0750ACA750B1A780A1211D0750A0145
:1069C000750B00780A1211D07C007D007A557B008F
:1069D000121C1374041211AD7A0379FF1222258060
:1069E0004090050F7407F074104EF8901AC7E048F5
:1069F000F079007A007B00121E89E97005123005DB
:106A0000802F7900122F9F7A007907800F901AC784
:106A1000E0700E90050F7407F07A00F912302F80A5
:106A20001090050FE4F07A04FB900504E0F9121BC6
:106A30003B741402F0F974F6120BD474FD12126058
:106A40007401121504E912F1B812F6291211D07C62
:106A5000037B007A0A900504E0F9122F8174021278
:106A600011AD740302F9FDC082C083E9901ACB8096
:106A700057C082C0837900122F9F7A0379FF1222B8
:106A8000258046C082C08374FB121260901ACAE04F
:106A90006021901AC7E0A2E540197C057D007900CD
:106AA000AA21AB22121AE7123047AA21AB221224E4
:106AB00053800A1230477AF47B01121EE9740512E2
:106AC00011AD8005EAF0A3EBF0D083D08202117AF9
:106AD00002117A74F6120BD474FC121260E9FEEA09
:106AE000FF90050FE06E6013E06408600302EE3C67
:106AF000900512E06406600302EE3CEE147003029F
:106B0000EBBE14700302ED8C14601B14700302ECD6
:106B10004514700302EC7A14700302ECDF14700366
:106B200002EDC702EE05901BD1E064016008E0644D
:106B300002600302EE059083E8120FA77A047B003F
:106B4000900504E0F9121C4F74041211ADEF60229D
:106B500090050F7401F0800612FB5D122FCF900597
:106B60001412F93770F29083FC1214ED1229BD0251
:106B7000EE3C852182852283E4F09083FC1214EDA3
:106B80001229BD901AC67402F01215047401F09017
:106B9000050FE4F0901AC7E0C2E112EF2B12223D7C
:106BA00012304712245F7900121FAF90051412F9BA
:106BB00037700302EE0512FB5D122FCF80ED901BA4
:106BC000D1E064016008E06402600302EE05EF605A
:106BD0003B7A03790012222590050F740412F941C3
:106BE000120FA77A047B00900504E0F9121C4F7481
:106BF000041211AD9083FC1214ED1229BD7A007BB2
:106C000010900504E0F9121C5B02EE3C74021215B0
:106C1000047401F0901AC67407F07A007B10900596
:106C200004E0F9121C5B901AC7E4F09083E4120FA1
:106C3000A77A027B00900504E0F9121C4F7404123D
:106C400011AD02EE0574021215047401F0EF600A32
:106C5000901AC6E4F07907121FAF12F93D120FA780
:106C60007A047B00900504E0F9121C4F74041211A1
:106C7000AD901AC7E0C2E102EE047402121504746A
:106C800002F0EF901AC6600CE4F07A03F9122225A4
:106C9000790780287408F0901BD1E06004640170CB
:106CA0001E901ACAE07018852182852283E412EFB3
:106CB0002B12223D12304712245F7900121FAF12AF
:106CC000F93D120FA77A047B00900504E0F9121C2D
:106CD0004F74041211AD901AC7E0C2E202EE0474C0
:106CE000021215047403F0901AC6E070069005189D
:106CF0007401F0900503E0600302EE3C9005091278
:106D0000FB60122F098B09EA4509600302EE3C7A09
:106D1000007B40900504E0F9121C61EA4B4C4D6089
:106D20000302EE3C90050BE4F0A3F090050DF0A3F8
:106D3000F07A097B05122F8D7A007B40900504E0E4
:106D4000F9121C5B900518E0600A901AC6E0640B0B
:106D50007002E4F0900518E4F090050FE06406700E
:106D60001912F940120FA77A047B00900504E0F98C
:106D7000121C4F74041211AD800A900512E06406D3
:106D80007002E4F0901AC7E0C2E38078790012281C
:106D9000DF74021215047404F0EF600C901AC6E45C
:106DA000F0A3F07907121FAF12F93D120FA77A0472
:106DB0007B00900504E0F9121C4F74041211AD9091
:106DC0001AC7E0C2E0803D7402121504E4F0EF60DF
:106DD00027121EDD901AC6740DF090050FE4F09096
:106DE00083D8120FA77A047B00900504E0F9121CE7
:106DF0004F74041211AD8006901AC67402F0901AF6
:106E0000C7E0C2E4F090051912F937602F901AC656
:106E1000E0C0E07401121504D0E0F07401121230E9
:106E20008808890978081211D07C037B007A0A90BF
:106E30000504E0F9122F8174021211AD740402F9F5
:106E4000FD74F7120BD4E960047A01801F901ACF09
:106E5000E06017901ABC1214C9E8494A4B600B90C5
:106E60001ACFE4F0F9122FBD80077A0079051230AD
:106E70002F7F01020EDCC082C083901ACAE0F902A3
:106E8000EAC9790002117A74F6120BD474FF121257
:106E9000607E009018E3E004F07508E37509187847
:106EA000081211D07508018E0978081211D07C00E3
:106EB0007D007A217B00121C1374041211AD79003D
:106EC000121EE3E96401700479048002790E121F36
:106ED000AF9018F7E064FE7003A3E0F470027E0147
:106EE000901904E0F47003A3E0F470047E0180368E
:106EF000EEA2E04031852182852283740112EF2BBE
:106F000012223D7901121EE3E964019018F9700B19
:106F1000E0F97A437B171224358009E0F97A437B44
:106F20001712243BE9FEEEF902F9FBF0AA21AB228D
:106F300079522274F6120BD474FF121260E9FE85A6
:106F40002182852283E4F0EE6022A821A92288080C
:106F5000890978081211D07C017B007A039005041E
:106F6000E0F9122F8174021211AD8030901ACFE037
:106F70006023901ABC1214C9E8494A4B6017901A52
:106F8000CFE4F0901ABC1214ED122FC37A327B00BA
:106F9000121F7380077A00790312302F02F9FB74F5
:106FA000F4120BD4750800750A007509001228BB8D
:106FB00090051412FDFF1228C190051480050508E4
:106FC00012F0EF12FB57EE4F70F490051412F937E0
:106FD000700302F0ED90051D12F937600EA908123A
:106FE000FB5D90051E12F5DE1230E590051412FBD4
:106FF00057EE4F700302F0E1750B008022E064024F
:1070000070087401687003750901E50A7009EEFAE9
:10701000EFFB122FCF1508050B12F0EF12FB57E50F
:107020000BC39508400302F0E17A437B17122B79DA
:10703000E964017013EE240BFCE43FFD7A437B17F7
:10704000121C7FE9702180C6901BCFE0F47003A36F
:10705000E0F460138E828F8312F929901BCFE068D1
:107060007003A3E06970A79018FA12F9298E828F35
:1070700083A3A3A3A3A3A3A3E0687003A3E0697001
:107080000A74FE68700374FF697018E5098E828FB8
:1070900083A3A3A37006E0700A02F00EA3E07003BE
:1070A00002F00E8E828F83A3A3A3A3A3E0F890180F
:1070B000F4E068600302F0178E828F83A3A3A3A37A
:1070C000A3A3E0F8901BABE068700302F017E06444
:1070D00001600302EFFD740268600302F00A02F02F
:1070E00007050AE50AC39402500302EFEB800DEE98
:1070F00012F21A3FF5832274041211AD7F04020EBE
:10710000DC74F6120BD474FF12126090051412F99D
:1071100037900511601712F155122FC9E9603385B8
:10712000218285228312F155122FCF8005E412F6B9
:1071300010F0A821A9228808890978081211D07CAA
:10714000017B017A03900504E0F9122F8174021289
:1071500011AD02F9FB7401F0900514E0FAA3E0FB15
:107160002274F6120BD474FF121260E9FE901AC654
:10717000740312F1B8F0EE60047B00801A900517DA
:10718000E0C394035004E004800A12FB5D122FCF89
:10719000900517E4F07B01A821A9228808890978C5
:1071A000081211D07C017A03900504E0F9122F81B6
:1071B00074021211AD02F9FBF085218285228374DD
:1071C0000122C082C0839005148007E8FCE9FD120B
:1071D000F22012F937603EEA687002EB6970EC1237
:1071E000FB5DE86A7002E96B7010E0CA12F21A3AAD
:1071F000F58312FB60900514800D12F22012FB60E3
:10720000EC12F21A3DF58312FDFFE8FAE9FB121BBE
:107210009579008002790202EAC92414F582E422F9
:10722000E812F21A39F5832274F6120BD4EAFEEB57
:10723000FF7903121FAF8E828F83A3A3A3A3A3A3FF
:10724000E0F9121F798E828F83A3A3A3A3A3A3A324
:10725000A3A3A3E0F50878081211D48E828F83A32C
:10726000A3A3A3A3A3A3120FAB90176DE0F5087817
:10727000081211D48E828F83A3A3E0F98E828F83AC
:10728000E0FCA3E0FDEE240BFAE43FFB122447747C
:10729000041211ADE9FE705990176DE0A2E3502E73
:1072A000901BD1E0600F6401600BE06402704290BB
:1072B0001BBEE0703C9083D41214ED1229BD7A00FD
:1072C0007B001229C37A007B001229C98023901702
:1072D00066E0701D901B971214C9901B8B1214D579
:1072E000901B9FE0F508A3E0AA08FBE4FCFD12292F
:1072F000BDEEF902FA0074F4120BD48A088B098CE3
:107300000A8D0B90184D780812147390175D780849
:1073100012147375084D75091878081211D0750884
:107320000475090078081211D07C007D007A847BF6
:1073300000121C1302F0F774F4120BD4E9FE901A39
:10734000CFE0601C901AC07808121491E508450936
:10735000450A450B600AAA08AB09AC0AAD0B800BC5
:10736000901ACFE4F0901ABC1214ED122FC39018AB
:107370004D1214C9E8494A4B6012EE60047900804E
:107380000279017A647B00121E89800EEE7A006019
:107390000479038002790512302F02F0FC74F41294
:1073A0000BD474FF121260E9FF7E00EA900510F022
:1073B000EF60137A007B10900504E0F9121C5B90DB
:1073C0001ACCE4F080027E01A821A922880A890B48
:1073D000780A1211D07C01EEFB7A01900504E0F9E5
:1073E000122F8174021211AD740102F0F974F612B9
:1073F0000BD474F5121260901AC7E0A2E1504390CA
:10740000050F7404F0901AC8E0A2E05032901ACA36
:10741000E060097A01790412302F8023901BD1E0BB
:1074200064016005E06402701612F618121AE79003
:10743000050F7403F07901122FBD79011230530248
:10744000F5D6A2E2503790050F7405F0901AC8E007
:10745000A2E1501F901ACAE0701912F618121AE72A
:1074600090050F7405F07900122FBD790212305388
:1074700002F5D67A00790512302F02F5D6A2E34044
:107480000302F5D690050F7406F0901ACAE0700357
:1074900002F58F122F6F8A088B09AE08AF09EE4FE5
:1074A000700302F58F12F5E4F8A312F5DEA3E0A253
:1074B000E1400302F56A74031212308808890978E2
:1074C000081211D07C007D007A037B008E828F83AE
:1074D000E0F9121D2774021211ADE9700302F56084
:1074E000740912150412F5F7C3E094B5A3E09400F3
:1074F00050408882898374B4F0A3E4F09083FC1236
:107500000FA77A007B20900504E0F9121C4F740449
:107510001211AD90051F12F9376017901AD0E0F4E0
:10752000700479FF80068E828F83E0F912F5DB12FA
:1075300030E512F5FF40047909802C74011215041E
:1075400012F60E740912F6291211D07C037B007A10
:107550000A900504E0F9122F8174021211AD800A1D
:1075600012F5FF4005790E122F3312F5E42401F8CD
:10757000A3E03400F988828983E0A2E050589005A6
:10758000C212FB66701088828983E0A2E1404779CD
:107590000E122F338040900503740CF09083D012AC
:1075A0000FA77A407B00900504E0F9121C4F740489
:1075B0001211AD740112150412F60E740A12F62996
:1075C0001211D07C037B007A0A900504E0F9122F97
:1075D0008174021211AD740B02F9FD900520E0F5E3
:1075E0008388822212F5E822900507E0F8A3E0F5EF
:1075F000838882A3A3E02212F92988828983221238
:10760000F5E8F8A3E0F5838882A3E0A2E022740302
:10761000F085218285228322901ACF7401F07C04A8
:107620007D0079007A0F7B0522F0A821A922880825
:10763000890978082274F0120BD474F3121260EAEC
:10764000FEEBFFEE5404604F90050FE0600D1460F8
:107650000F24FD601424FE60198036122FB1803192
:107660007A017901122FB780287A01790412302F1C
:10767000801F901AC6E4F090050F12F941120FA76F
:107680007A047B00900504E0F9121C4F7404121177
:10769000ADEE640402F82EEF5480706EEF5410705B
:1076A0000302F77F901BD1E064016008E064026090
:1076B0000302F77790050FE014700302F76F24FEC2
:1076C000600302F777900511E06402600302F77728
:1076D0007401F07900122FD502F777740A687023CD
:1076E000901AC7E08A828B83A3A3A3A3F090051905
:1076F00012F937600EEA2402FAE43509FB12F5DECE
:107700001230E5AA08AB09121AFF900504E0F9123D
:107710001B118A088B09EA4509604C8A828B83E039
:10772000F874D3687032EA240CF582E43509F583E5
:10773000E0F50AA3E0F50B780A120F22018003039B
:10774000F753F749F703F74EF7122FA580B5122F1D
:107750005180B0122F6980AB90050FE06860030282
:10776000F6DB122F87809CEEFAEF648002F910A3FB
:10777000E0FA7900122FB7EEFAEF641002F910EE7A
:1077800054806009123017EE648002F82EEE540225
:10779000603A901BD1E064016005E0640270287CCF
:1077A000057D007900AA21AB22121AE77900122F79
:1077B0009FAA21AB22122453E9600C7A027B00902D
:1077C0000504E0F9121B3BEE64028062EF5408608E
:1077D00006EF640802F910EE54406057122F6F8BC9
:1077E00009EA4509603A900503E014F060387A0030
:1077F0007B40900504E0F9121C61EA4B4C4D700986
:1078000090050912FB60122F099083D0120FA77AFE
:10781000407B00900504E0F9121C4F74041211AD76
:10782000900503E07005790B122F33EE6440FAEFF8
:1078300002F910EF5420700302F90390050512F9C4
:1078400021750C008024901AC6E4F090051F12F9EF
:1078500037600E850A82850B83E0F912F5DB123062
:10786000E585088285098312F921E50845096063E9
:10787000850882850983A3A312F5F785820A85838B
:107880000BE060DDC394F150D87405121230880EFD
:10789000890F780E1211D07C007D007A037B008561
:1078A0000A82850B83E0F9121D2774021211ADE9DB
:1078B00060AF740B12150412F5F712FB666087EACD
:1078C00024FF1AEB34FFFB8882898312FDFF750CBD
:1078D00001808EE50C60199083FC120FA77A007B63
:1078E00020900504E0F9121C4F74041211AD800CB5
:1078F0007A007B20900504E0F9121C5BEEFAEF643D
:1079000020800DEF5440600B122F15EEFAEF64400B
:10791000FB80047A007B00740D1211AD7F08020E0B
:10792000DC12F9298808890922E0F8A3E0F922EAA3
:10793000FEEBFF8E828F8312F929E8492290050F12
:10794000E4F09083E82274F6120BD474DD12126016
:10795000EAFEEBFF901811E0700302F9F790050FB3
:10796000E06401600302F9F71227A7E9600302F956
:10797000F78E828F83A3A312F937707B7A007B1076
:10798000900504E0F9121C5B7413121240EEFAEF3A
:10799000FB122063741E121504E0F508A3E0F5093C
:1079A00074097808121464C3E508941595E0C3655A
:1079B000D03340097A027901122FB7803A7410123D
:1079C000150474FDF085820885830978081211D0AA
:1079D00075080175090078081211D07C107D007AB5
:1079E000117B01121C1374041211AD790012304D79
:1079F0007A01790112302F7423800274011211ADC3
:107A00007F02020EDC74F6120BD4E9FE901ACAE073
:107A10006E7006900513E07033EE7005901AC7E49F
:107A2000F0EE901ACAF07508CA75091A7808121192
:107A3000D075080175090078081211D07C007D000E
:107A40007A557B00121C1374041211AD80B274F6C7
:107A5000120BD412F92F701F7A117B00121B8F8A20
:107A6000088B09A808A9098E828F83E8F0A3E9F0A2
:107A7000E849600312FB4102FA0074F6120BD412BB
:107A8000F92F7006122F9902FB37EC4D606FE8FA60
:107A9000E9FB8C828D83E0FCA3E0FD8A828B83A3CB
:107AA000A3A3A3A3A3A3A3A3E0FE8C828D83A3A37C
:107AB000A3A3A3A3A3A3A3E06E70348A828B83A3A2
:107AC000A3A3A3A3A3A3A3A3A312FB4FA3A3A3A313
:107AD000A3A3A3A3A3A3E06E7003A3E06F70108A17
:107AE000828B8312FB4FE06E7003A3E06F603FEA6E
:107AF000240FF582E43BF58312FB66709EE8240FA9
:107B0000FEE4398008E8240F500109FEE912F93239
:107B100070F37A117B00121B8F8A088B09A808A9C1
:107B2000098E828F83E8F0A3E9F0E84970067A00B5
:107B30007B00800A12FB418E828F8312FB6002FA67
:107B400000E8240FF582E439F583E4F0A3F0221273
:107B5000FB578C828D8322E0FEA3E0FF2290051468
:107B6000E0FAA3E0FB22E0FAA3E0FBEA4B2274F484
:107B7000120BD412F92F60358E088F09801CEA246D
:107B80000FF50AE43BF50B121B95850882850983E6
:107B9000E4F0A3F0850A08850B098508828509832E
:107BA00012FB6670D98E828F83E4F0A3F002F0FCA2
:107BB00074F6120BD474E61212608A828B83E0147E
:107BC000700302FC5F24FE600302FD77901BD1E08E
:107BD00064016008E06402600302FD778A828B839F
:107BE000A3A3E0600614601802FD778A828B83A34A
:107BF000E07005122FE180617900122FE702FD7716
:107C00008A828B83A3E070099005117402F002FD53
:107C10006012299F8A088B0974FE6508700474FF3E
:107C20006509700D9018F7E064FE7003A3E0F4603E
:107C30001D740712150474FEF0A304F09018F714D5
:107C4000F0A304F07407121238795312223D122A5D
:107C5000FB122411901906E4F0122FDB02FD77903D
:107C60001BD1E064016008E06402600302FD778AD2
:107C7000828B83A3E06011901ACCE004F0F8A3E0BB
:107C8000C39850047A008071900510E014600C14C1
:107C9000606E14700302FD2702FD77901811E060FA
:107CA000511227A7E97047901ACEE0702D7419126F
:107CB00015047402F07411121504E4F0A3F0F50831
:107CC00078081211D479027C007D007412121238E7
:107CD00012208774011211AD807A90051B12F937BA
:107CE000700302FD7712F5DE1230E502FD777901AF
:107CF0008002790012304D7A01790112302F80779D
:107D00007403121504E4F074041215047404F014DE
:107D10001212381227957A007B10900504E0F912B0
:107D20001C5B901B93803C74091212407A007B000C
:107D300079AB1226D57409121230852182852283EF
:107D4000E8F0A3E9F074021215047404F0AA21AB60
:107D50002212279B7A007B10900504E0F9121C5B2D
:107D60009083E4120FA77A007B10900504E0F912CB
:107D70001C4F74041211AD741A02F9FD74EE120B4B
:107D8000D4890B8A0D8B0E8C0CEC60567412121574
:107D900004E0F508A3E0F509E5084509604474022C
:107DA0002CFA7B00121AF98A108B11AE10AF11EE6B
:107DB0004F602F750A0078081211CCAC0C7D00EED4
:107DC0002402FAE43FFB121ADB74031211AD8E8217
:107DD0008F83E50DF0A3E50EF0EEFAEFFBA90B1291
:107DE0001B057F0A020EDCC082C08390051902EADF
:107DF000C4C082C083900516E004F0F902EAC9EA23
:107E0000F0A3EBF022C082C0839083D41214ED1251
:107E100018D19083301214ED12181D75A1F743A7E5
:107E20000875A1EF43A7108012C082C08353A7EF4B
:107E300053A7F712181180031214EDD083D08202D9
:107E4000117A74F0120BD48A088B098C0A8D0B12EC
:107E500018C58A0C8B0D8C0E8D0F7808790C1214B6
:107E600044400312170FAEA8C2AF90070B78081258
:107E70001473AA08AB09AC0AAD0B1218DD02FF3966
:107E800074F4120BD4AEA8C2AF1218C58A088B09BD
:107E90008C0A8D0BEEA2E792AF90070B78081211B7
:107EA0005550087A007B007C007D007F04020EDCC8
:107EB00074F4120BD4AEA8C2AF1218CB8A088B0987
:107EC0008C0A8D0BEEA2E792AF90070B7808121187
:107ED0005550087A007B007C007D0080CE74F01243
:107EE0000BD48A088B098C0A8D0B90070B7808122B
:107EF0001155500312170FA2AFE433FEC2AF900723
:107F00000F7808121473AA08AB09AC0AAD0B12184B
:107F1000D71218C58A0C8B0D8C0E8D0F7808790C32
:107F20001212A1700D75A1EFEEA2E092AF122ECD4C
:107F30008005EEA2E092AF8005EEA2E792AF7F0847
:107F4000020EDC02117AC082C083122ECD02FE3BEB
:107F5000C082C0831218F5122ED902FE3BC082C027
:107F60008390070B02FE38C082C083E99005FBF0C6
:107F7000D083D08202117AC082C0831216F1121708
:107F800015122BC71217B112178180E474F6120B69
:107F9000D4EAFEEBFF548060188003121AFF9005AC
:107FA000FBE0F9121B11EA4B70F1EEFAEF648080EE
:107FB00035EE54206006EE6420FA8031EE541060F5
:107FC0002812177B9005FFE07017908310120FA7FF
:107FD0007A107B009005FBE0F9121C4F740412111B
:107FE000ADEE6410FAEFFB80047A007B007F0202A2
:0C7FF0000EDCC082C0831217C902FF70B3
:1080000074F4120BD474F81212607508007F00909B
:1080100016DEE4F07E79750A088F0B780A1211D00B
:1080200074021212407A007B00EEF91217337402C8
:108030001211AD852182852283E0F47003A3E0F460
:1080400070139016DEE07004EEF080197A01EEF9FC
:10805000121BA180107404121504E0F47003A3E055
:10806000F460028E080EEEC3947F40AAE5089016D5
:10807000DE601FE0600FF9121BAD7A007B00A908DB
:10808000121BB38014A908121BADE5089016DEF090
:108090008007E06004F9121BAD7E79EFFC7A007B6B
:1080A00000EEF9121BA78B0BEA450B60047F017EE3
:1080B000780EEEC3947F40E3EFA2E050147E797C0B
:1080C000007A007B00EEF9121BA70EEEC3947F40EE
:1080D000EE9016DEE0703C7E007C00EC12811812FF
:1080E000900074F86A700374076B7004ECFE8018DB
:1080F000EE12811839F583C3E09AA3E09B5002EC9D
:10810000FE0CECC3940640D374792E9016DEF0F981
:10811000121BAD790102895425E0F8E433F974D2D9
:1081200028F58274162274F7120BD474F8121260B8
:10813000EAFF852182852283E4F0A3F0EF600874D2
:1081400002121504E48007740212150474FF1287EA
:10815000927A007B00121BD774081211AD7F0102C6
:108160000EDC74EE120BD474F8121260890C8A0EB5
:108170008B0F8C0D7E087F008F0A8F0B750808759A
:10818000090078081211D07402121240EEFAEFFBC7
:10819000A90C12173374021211AD85218285228336
:1081A000E0F47003A3E0F470030282EA7402121593
:1081B000041285A040087508FC7509FF8008128527
:1081C00095F508E9F5091285899508E99509501C86
:1081D000E50A2400E50B3408F50BC3E50A9EF50A11
:1081E000E50B9FF50B7E007F080282EAEE2408FE75
:1081F000E43FFF852182852283128EB1E849700316
:108200000282C3E50E450F604AA80EE50F547FF9C0
:10821000852182852283E0687003A3E06960030200
:1082200082D67406121504128EB1E50F5480700FB9
:1082300074FF68700374FF6960030282D6800D7456
:10824000FF68700374FF6970030282D6EEFAEFFBD9
:10825000028301EEFAEFFBA90C121BD18A108B11DD
:10826000A810A9117404121504E0687003A3E06952
:1082700070467406121504128EB1E50D602A74FF63
:1082800068700374FF69704E852182852283E0FA4D
:10829000A3E04480FB121BB9EA4B603A7C019016C4
:1082A000DFE0F9121BC5802E74FF68700374FF694C
:1082B00060247AFF7BFF80497C01EEFAEFFBA90C7A
:1082C000121BC5E5082408F8E43509F9E50A28F584
:1082D0000AE50B39F50BEE2508FEEF3509FFC3EE75
:1082E00094F8EF9407500302817CA80C128305EEEA
:1082F000F0A3EF12833EE50AF0A3E50BF07A007BD2
:108300000074088013E828F8E433F974D428F5825F
:10831000741539F5832274041211AD7F0A020EDC44
:1083200074F7120BD4E9FE12173FEE2E1283077476
:1083300008F0A3E412833EE4F0A3F002815DF012A2
:1083400083432274E028F582741539F5832274EE94
:10835000120BD474F712126089088A0A8B0B7E0004
:108360007F00750C01750D00780C1211D07402128B
:108370001240EEFAEFFB9016DEE0F91217337402AA
:108380001211AD852182852283E0F4600D9016DE06
:10839000E0F9121BAD79000285840EEE70010FC367
:1083A000EF940840BD7E087F007401F09016DEE077
:1083B00025E0128307E0F50CA3E0F50D750E0875B6
:1083C0000F00780E1211D07403121240EEFAEFFB78
:1083D000A90812173374021211AD7401121504E0CA
:1083E000F47003A3E0F470030285447403121504CF
:1083F0001285A04008750EFC750FFF800812859548
:10840000F50EE9F50F128589950EE9950F500302D7
:10841000854474F8C3950CF87407950DF9C3E89575
:108420000EE9950F5003028557EE2408FEE43FFF46
:108430007401121504128EB1E8497003028530747C
:1084400001121504E0650A7004A3E0650B700302D5
:108450008530EEFAEFFBA908121BD18A108B11A808
:1084600010A9117405121504E0687003A3E0696097
:10847000030285307407121504E0F47003A3E0F4DE
:10848000700B7C00EEFAEFFBA908121BC575090002
:1084900078091211D4E4F510F51178101211D07486
:1084A00006121504128EA274041215041290039081
:1084B00016DEE0F9121BEF74031211ADE97003022E
:1084C0008557E50C2408F50CE4350DF50D780E12F2
:1084D00011D0780C1211D09016DEE0FCEEFAEFFB12
:1084E000A908121BE974041211AD740312150412C9
:1084F00085AB121BD17405121504128EC07002EBED
:108500006D7054AA0CAB0D9016DEE0F9121BCB8AED
:10851000108B11A810A9117405121504E0687003DE
:10852000A3E069703274011215041285AB121BFBB3
:10853000EE250EFEEF350FFFC3EE94F8EF940750D3
:10854000030283AC852182852283E070149016DEBD
:10855000E0F9121BAD8025852182852283E4F0801D
:10856000ECE50A450B70157A019016DEE0F9121B56
:10857000A1A908121BADE5089016DEF085218285C1
:108580002283E0F9740902831874F8C39EF8740713
:108590009FF9C3E822EC2403F8E43DF9E854FC22F7
:1085A000128EA2C3EC94FCED94FF22128EA2AA0CB0
:1085B000AB0D9016DEE0F92274F4120BD4EAFEEB58
:1085C000800374804FFF7508797C00EEFAEFFBA9F9
:1085D00008121BA7EA4B6008E5089016DFF080152B
:1085E0000508E508C3947F40E0EF548060D49016FE
:1085F000DFE4F0FAFB02895974EE120BD474F61220
:10860000126089098A0C8B0DECFEEDFFC3EE94F429
:10861000EF94FF400E85218285228374FCF0A374C1
:10862000FF8018EE2403F8E43FF9E854FC240850D6
:108630000109852182852283F0A3E9F07508007C79
:10864000069016DEE004F50AE50AC3947F40037540
:108650000A799016DEE0650A60317487250A25E004
:10866000F8E433F974C628F5827416129000E4C356
:108670009AFA74089BFB74D228F582741639F58334
:10868000E02AFAA3E03B1287795009050A1CEC7036
:10869000B7028772EC7003028772741C121504E033
:1086A000F50EA3E0F50FA80A128305128EB7FA742F
:1086B0000899128779400302874E751008751100DA
:1086C00078101211D074041212407A007B00A90AAB
:1086D00012173374021211AD7406121504E0F4700F
:1086E00003A3E0F4700B12878B7A04FBA90A121B18
:1086F000DDAA0CAB0DA90A121BB3E96075E509F5FB
:108700000B780B1211D4780E1211D0EEFCEFFDAAEB
:108710000CAB0D9016DEE0F9121BEF74031211ADD5
:10872000E960069016DEE0F508E509700A850E821C
:10873000850F83E50A80147A019016DEE0F9121B9A
:10874000A1A90A121BADE50A9016DEF08024E50906
:10875000F50B780B1211D4780E1211D0EEFCAA0C86
:10876000AB0DA90A121BEF74031211ADE96003856A
:108770000A08A908740A028318FB852182852283CE
:10878000E0F8A3E0F9C3EA98EB99228521828522DB
:1087900083E4F0A3F0AC21AD222274F4120BD47464
:1087A000F8121260890AEAFEEBFF8C0BEE24F8FE49
:1087B000EF34FFFF75080875090078081211D074AE
:1087C00002121240EEFAEFFB12173374021211ADCF
:1087D000E50B70207406121504E4F0A3F074041283
:1087E0001504AC82AD83EE2404FAE43FFBA90A121F
:1087F0001BD780397402121504E02403F8A3E03477
:1088000000F9E854FC2408F508E439F50912878BCF
:10881000EEFAEFFBA90A121BD7A80AE828F8E433FE
:10882000F9128343E02508F0A3E03509F0028954EA
:1088300074F4120BD474FE12126085218285228397
:10884000ECF0A3EDF08908EAFEEBFFEE24FCFEEF6E
:1088500034FFFFAC21AD22EEFAEFFB121BDD750AEF
:1088600002750B00780A1211D07402121240EEFA4F
:10887000EFFBA90812173374021211AD852182850E
:108880002283129003740202895674F0120BD4747E
:10889000FC121260890CEAFEEBFF8D0B7508007567
:1088A0000900EC2403F50EE4350BF50F7402780E85
:1088B000121464850E0A850F0B12930E604E750E0E
:1088C00004750F00780E1211D07402121240EEFAE5
:1088D000EFFBA90C12173374021211ADEE2404FE43
:1088E000E43FFF7800E8FA852182852283E5822A29
:1088F000F582E43583F583E0FAE5082AF508E435E6
:1089000009F50908E8C3940450AF80D9AA08AB0957
:1089100074041211AD7F08020EDC74F4120BD4E95A
:10892000FE75080175090078081211D08A088B09B4
:1089300074027808121464EEF50A750B0074097855
:108940000A12137EE5082400FAE509350BFB12171D
:108950003902888574081211AD7F04020EDC74F7A9
:10896000120BD474FC1212608C828D83E0852182FC
:10897000852283F08C828D83A3E0C0E07401121500
:1089800004D0E0F0740212150474FFF074031215A1
:108990000474FFF0AC21AD22121BD7740402815A7B
:1089A00074EE120BD474FC121260890A8A088B09C7
:1089B0008C0C8D0DEA5403F50B7416121504E0FEB1
:1089C000A3E0FFE50B605C74FC5508F508750E0428
:1089D000750F00780E1211D07402121240AA0812FC
:1089E000173374021211ADE50C450D60268E828F8F
:1089F00083E0C0E0A80B128AE9D0E0128AFA050BE6
:108A0000E50C24FFF50CE50D34FFF50DE50BC394E3
:108A10000440D4AC21AD22AA08AB09A90A121BD785
:108A2000128C6AE50C5403F50B850C0E850D0F7442
:108A300002780E121464850E0C850F0DE50C450DA1
:108A40006051780C1211D0EEFCEFFD85080E8509FF
:108A50000F7402780E121464E50AF5107511007493
:108A600009781012137EE50E2400FAE50F3511FB8C
:108A700012173974021211AD7402780C12137EA809
:108A80000CA90DE50828F508E50939F509EE28FED9
:108A9000EF39FFE50B604F750C00750E04750F0084
:108AA000780E1211D07402121240AA08AB09A90A5A
:108AB00012173374021211AD80138E828F83E0C0BF
:108AC000E0A80C128AE9D0E0128AFA050C850B0D99
:108AD00074FF250DF50B0470E1AC21AD22AA08ABA3
:108AE00009A90A121BD7028316852182852283E5F4
:108AF0008228F582E43583F58322F08E828F83A36A
:108B0000AE82AF832274EE120BD474FC1212608911
:108B10000E8A0C8B0D8C0B7416121504E0F508A34D
:108B2000E0F509E5085403F50A7418121504E0FE8F
:108B3000A3E0FFE50A6072F8C3E50898F508E509C7
:108B40009400F50975100475110078101211D07495
:108B500002121240AA08AB09A90B121733740212B1
:108B600011ADEE4F603375100178101211D0A80AC4
:108B70007402121504128C7612173374021211AD9E
:108B8000050CE50C7002050D050AEE24FF1EEF34FE
:108B9000FFFFE50AC3940440C9AC21AD22AA08AB8B
:108BA00009A90B121BD7128C6AEE5403F50A8E101A
:108BB0008F1174027810121464AE10AF11803975E1
:108BC000100475110078101211D07402121240AA0C
:108BD0000CAB0DA90E12173374021211ADE50C2463
:108BE00004F50CE4350DF50DAC21AD22AA08AB0956
:108BF000A90B121BD7128C6AEEF8EFF9E824FF1EBE
:108C0000E934FFFFE84970B7E50A605B7E00751044
:108C1000048E1178101211D07402121240AA08ABFF
:108C200009A90B12173374021211AD8023751001BC
:108C300078101211D0EEF87402121504128C76120C
:108C4000173374021211AD050CE50C7002050D0E00
:108C5000AF0A74FF2FF50A0470D3AC21AD22AA0825
:108C6000AB09A90B121BD7028316E5082404F508EB
:108C7000E43509F50922E58228FCE43583FDAA0CD8
:108C8000AB0DA90E2274EC120BD474F81212608989
:108C90000C8A0E8B0FECFEEDFFE929F508E433F5A5
:108CA0000974D42508F51074153509F5118510825D
:108CB000F583E0F50AA3E0F50B750D0085218285AB
:108CC0002283EAF0A3EBF07402121504EEF0A3EF96
:108CD000F0AC21AD22AA0AAB0B121BD77512087596
:108CE000130078121211D07402121240AA0AAB0BB0
:108CF000A90C12173374021211AD7402121504126A
:108D00008EB1852182852283E0650E7004A3E06523
:108D10000F6003028E45EE687002EF696003028EF9
:108D200045741E121504E07003028E20741C121587
:108D300004E0F50EA3E0F50F850E82F583EEF8EF63
:108D4000F9E85403F508E58245837015E875F0FFEE
:108D5000A4F8AAF075F0FFE9A42AF9E8FAE9FB8083
:108D60001F7A007B008009E0FCEA2CFAE43BFBA3BD
:108D7000E8FCE9FDEC24FF18ED34FFF9EC4D70E759
:108D8000E508601EF87404C398F895E0F9E875F0FA
:108D9000FFA4F8ACF075F0FFE9A42CF9EA28FAEB8F
:108DA00039FB7404121504EAF0A3EBF0E50A240879
:108DB000F50AE4350BF50BE50E450F6017780E123A
:108DC00011D0EEFCEFFDAA0AAB0BA90C121BE37449
:108DD000021211ADEEFCEFFDAA0AAB0BA90C121B9F
:108DE000D17404121504128EC07002EB6D7034AA97
:108DF0000AAB0BA90C121BCB8A088B09A808A9097E
:108E00007404121504E0687003A3E06970158521ED
:108E100082852283128EA2AA0AAB0BA90C121BFB1D
:108E2000750D017402121504128EB1C3E894F4E9B1
:108E300094FF40067EFC7FFF804FE8240350010929
:108E4000128EA88044C3E894F4E994FF40067EFCA7
:108E50007FFF8009E82403500109128EA885108243
:108E6000851183128EB7F8740899F9C3E89EE99FBB
:108E70005004E8FEE9FF74E02508F5827415350911
:108E8000F583E02EF0A3E03FF0851082851183E0AA
:108E90002EF0A3E03FF0A90D74081211AD7F0C0273
:108EA0000EDCE0FCA3E0FD2254FC2408FEE439FFC4
:108EB00022E0F8A3E0F922E0F8A3E0F9E4C3982265
:108EC000128EA2EA6C22C082C0837900E925E0FC00
:108ED000E433FD74DE2CF58274823DF583E06A7024
:108EE00003A3E06B600709E9C3940340DFD083D09C
:108EF0008202117A74F6120BD4E9FE8A088B09EC0F
:108F0000FAEDFB121BF5E9F8C39403500E128FF52E
:108F1000EE129009E508F0A3E509F07F02020EDCED
:108F2000C082C083121B9B80C474F4120BD4EAFE6F
:108F3000EBFF8C088D09121BF5E9C3940350061250
:108F40001AC9E9603CEEFAEFFB121BB9EA4B60105C
:108F5000EEFCEFFD9016DFE0F9121BFB7900802399
:108F6000740C121504120FABAC08AD09EEFAEFFB4E
:108F70007901121BBF74021211ADE96004790980F6
:108F800002790A02895974F6120BD474F81212602D
:108F9000EAFEEBFF121BF5E9F8C394035042128F6F
:108FA000F5E09016DF129009129003750808750914
:108FB0000078081211D07402121240EA24F8FAEB79
:108FC00034FFFB9016DFE0F912173374021211AD73
:108FD000740212150412900374081211AD028F1B53
:108FE000EEFAEFFB121BB98B09A909EA4970BC7AAA
:108FF000007B0080E374E029F582E43416F58322D7
:1090000039F583E0FAA3E0FB22F0E812900F222961
:10901000F8E433F974E328F582741639F583227481
:10902000E2120BD474F71212608A168B178C0C8D17
:109030000D751100121AC9E960697427121504E050
:10904000F512A3E0F513E51245137003029302AA8B
:1090500016AB17121BB98A188B199016DFE0F510A2
:10906000EA45197005790902930475080875090025
:1090700078081211D07403121240EA24F8FAEB3483
:10908000FFFBA91012173374021211AD74031215ED
:1090900004E50C2512F8E50D3513F9C3E098A3E0BB
:1090A000995005790A029304E518250CFEE5193557
:1090B0000DFF8E148F157429121504E0F51CA3E022
:1090C000F51D851C08F50985120A85130B750E0020
:1090D000806B751A01751B00781A1211D074021278
:1090E0001240AA14AB15A91012173374021211AD55
:1090F000852182852283E0F8850882850983E068DE
:109100006026750E017405121504C3E098F0A3E003
:109110009400F0850882850983E0F874051215042F
:10912000E028F0A3E03400F00514E5147002051502
:10913000850882850983A385820885830912930E99
:109140007090E50EA2E04003029302852182852201
:1091500083E4F0A821A9228808890978081211D08F
:109160007405121504128EA2AA16AB177900121BF1
:10917000BF74021211ADE9F50A70030292A67403DE
:10918000121504128EB1C3E894FCE994FF400875EF
:1091900008FC7509FF800DE8240350010954FCF513
:1091A00008E9F509A80AE828F8E433F974D428F5A1
:1091B0000E741539F50F850E82F583129329740705
:1091C000121504E0F47003A3E0F4700B7C00AA18FD
:1091D000AB19A910121BC5780C1211D078141211FA
:1091E000D0AC0AAA18AB19A910121BE97404121109
:1091F000ADE514250CF514E515350DF515781C12A3
:1092000011D0AC12AD13AA14AB15A90A121BE3744A
:10921000021211AD7403121504E0C3950CF8A3E01B
:10922000950DF9E8C39512F50CE99513F50D780C39
:109230001211D0E5142512F50CE5153513F50D784E
:109240000C1211D0AC0AEE2512FAEF3513FBA9105F
:10925000121BE974041211AD850E82850F831293DF
:1092600029740312150412931F121BD174051215D1
:1092700004128EC07002EB6D702CAA14AB15A90AF3
:10928000121BCB8A088B09A808A9097405121504BA
:10929000E0687003A3E069700D7401121504129365
:1092A0001F121BFB800375110A852182852283E032
:1092B000603465107010740A6511700A9016DEE053
:1092C000F9121BAD803C7A019016DEE0F9121BA169
:1092D000852182852283E0F9121BAD8521828522BA
:1092E00083E09016DEF0852182852283E0651060A0
:1092F00011740A6511600B7C01AA18AB19A9101230
:109300001BC5A91174091211AD7F16020EDCA80A43
:10931000A90BE824FFF50AE934FFF50BE84922120E
:109320008EA2AA14AB15A90A22E0C39508F514A3CE
:10933000E09509F5152274F0120BD4EAFEEBFF8CD0
:109340000A8D0B121BF5E9F87410121504E0F50CE8
:10935000A3E0F50D7412121504E0F508A3E0F50979
:10936000E8C394035024E8FE780C1211D0AC08AD89
:1093700009EE12900FE0250AFAA3E0350BFB74E02A
:109380002EF582E43416F5838023EEFAEFFB121BF0
:10939000B9EA4B7004790A8020780C1211D0AC081D
:1093A000AD09EA250AFAEB350BFB9016DFE0F9125E
:1093B000173374021211AD790002891574F2120B81
:1093C000D4EAFEEBFF8C0A8D0B121BB98A088B09BD
:1093D000EA450970047909803DEEFAEFFB121C0D95
:1093E0008A0C8B0DE50A650C7004E50B650D6004B5
:1093F000790C80227C01AA08AB099016DFE0F912F3
:109400001BC5EEFAEFFB121BB98B09EA4509600494
:10941000790A800279007F06020EDC74F4120BD404
:10942000EA75F0E8A4CAA8F075F003A428F875F06E
:10943000E8EBA428FB121AD502A49E74F6120BD4F2
:10944000E9FE121E17E4F508F50978081211D07923
:10945000049083801214ED121E1D74021211AD7857
:10946000081211D079029083801214ED121E1D741F
:10947000021211AD78081211D07903908380121472
:10948000ED121E1D74021211AD901811E4F078084F
:109490001211D07C187D007A017B04121C07740223
:1094A0001211ADE9FFF50878081211D07AD37B804C
:1094B0001216D374021211AD74096F703C75083B1B
:1094C00075091B78081211D07508187509007808FD
:1094D0001211D07C007D007A017B04121C137404ED
:1094E0001211ADE9F50878081211D07A8E7B81123D
:1094F00016D374021211AD8030EF702D7A1C7B826E
:109500001216D975083B75091B78081211D0750819
:109510001875090078081211D07C007D007A017B53
:1095200004121C1974041211ADEE901704F07A2B7A
:109530007B1B901B76E0F9121E597A767B1B12304A
:10954000717C317D32903803E493FA901B76E0F918
:10955000121CD37CF97D1D7A007B00901B76E0F90C
:10956000121CD9901704E0F9121CB5901704E0F909
:10957000121AB77A297B1E122F27438F017A019086
:109580001704E0F9121C311217459083D81214ED1C
:10959000121DD57A117B1E121C8B9083FC1214EDC8
:1095A000121DD5901B3CE060047901800279001205
:1095B0001C91901B3CE0901706F09083D0120FA7EF
:1095C0007A017B00901704E0F9121C557404121103
:1095D000AD908384120FA77A107B00901704E0F9F6
:1095E000121C5574041211AD7F7FEFF50878081234
:1095F00011D079049083801214ED121E1D74021292
:1096000011AD78081211D079029083801214ED12F6
:109610001E1D74021211AD78081211D079039083C7
:10962000801214ED121E1D74021211AD90830C12E3
:1096300014ED121DD51FEFC3940250AE7F01EFF55C
:109640000878081211D079049083801214ED121E4C
:109650001D74021211AD78081211D0790290838026
:109660001214ED121E1D74021211AD78081211D0E1
:1096700079039083801214ED121E1D74021211AD35
:109680009083141214ED121DD50FEFC3947F40AEDA
:10969000E4F50878081211D079049083801214ED53
:1096A000121E1D74021211AD78081211D0790290A9
:1096B00083801214ED121E1D74021211AD7808126F
:1096C00011D079039083801214ED121E1D740212C2
:1096D00011AD9083881214ED121DD5D2819083E8CC
:1096E0001214ED121DD5C28102A1D574F0120BD453
:1096F000EAFEEBFF54807058EEA2E040030297AC04
:109700007A3F7B821216D9901709E0702490170ACD
:10971000E02401F0A3E03400F090170AE0640A703E
:1097200002A3E070069017097401F090170C740101
:10973000F0121DEDEE640102999112A5C4E0FAA3A6
:10974000E0FBEA4B6003121B95AA08AB09121AFF53
:10975000901704E0F9121B118A088B09EA45096089
:10976000438A828B83E024CC60D0247470DBA3A373
:10977000A3E0F50B8A828B83A3A3E0F50A901ACAB3
:10978000E064017007AA0BA90A1216EBAA0BA90A3A
:109790001216C7E50AA2E650B090170C7401F01239
:1097A0001DED80A5EEFAEF648002999354026010DB
:1097B0007AF37B811216D9121DFFEE640202999191
:1097C0007ADC7B81EE540470030298911216D97AE8
:1097D000F87B1A121E057C057B807A047900121C26
:1097E000A3901732EAF0A3EBF0901B52E0FA339506
:1097F000E0FB901732129C45120B0878081211C832
:1098000090838C120FA79083D4120FA7EA24F3F54C
:1098100008EB341312999F120AED78081211C8EA66
:1098200024DEF508EB340312999F120AEDAA08AB67
:1098300009AC0AAD0B121C9D74101211AD8A088B75
:10984000098C0A8D0B901B6678081214739083D4D0
:10985000780C1214917808790C120DF5750C0075BE
:109860000D00750E005005750F3F8003750FBF7812
:1098700008790C12023278081208AAE5091299A197
:10988000120AED901B667808121473EE64040299B4
:1098900091EE540860591216D97AF87B1A12162BD9
:1098A000E97029901B287405F0901B26F0A3F09016
:1098B0001B2914F0A37401F07AF87B1A791F121691
:1098C0003D7AF87B1A79011216438003121E231287
:1098D0001C97908390120FA77A047B00901704E0E6
:1098E000F9121C4F74041211ADEE6408029991EE46
:1098F0005410601F1216D99083D8120FA77A087BD4
:1099000000901704E0F9121C4F74041211ADEE64BC
:1099100010807EEE542060621216D9901705E0F890
:10992000740128F0E8604014603814603014602836
:10993000147039121E4D901705E060179083E812DD
:109940000FA77A207B00901704E0F9121C4F7404D3
:109950001211ADEE64208039121E4780D9121E41CB
:1099600080D4121E3B80CF121E3580CAE4F09017BF
:109970000CE0640170DDE4F080D9EE54406007C271
:1099800081EE6440800BEE5480600B121E2FEE645B
:1099900080FAEFFB80047A007B007F08020EDCF582
:1099A00009129EAE2274F0120BD47B007A007C0068
:1099B000901707E0F8A3E0F975831B75823DC3E0BB
:1099C00098A3E099501C901B3FE0F8A3E0F9758341
:1099D00017758207C3E098A3E09950047B018002C9
:1099E0007B02901B66780812149178081208AAA8C6
:1099F00008A909901B41C3E098A3E0995013A3E084
:109A0000FEA3E0FFC3E89EE99F50047A0180027A3A
:109A100002901B6A780C121491901B45129C4512FF
:109A20000B087808790C120DF54016A3129C45120C
:109A30000B08780C7908120E4450047C0180027CDB
:109A400002EBFEC39A5002EAFEEEC39C5002ECFE0B
:109A5000901B3BE07003029BF5901AF7E06E7003D9
:109A6000029C3FE0703A7F01EFF508750900780825
:109A70001211D079029083801214ED121E1D74020F
:109A80001211AD9083941214ED121DD50FEFC394F3
:109A90007F40D5E4F50878081211D07904029B2E96
:109AA0006401704E7F01EFF5087509007808121106
:109AB000D079029083801214ED121E1D74021211CF
:109AC000AD78081211D079039083801214ED121E24
:109AD0001D74021211AD9083941214ED121DD50F56
:109AE000EFC3947F40C0E4F50878081211D07902E2
:109AF000803CE0640270457F01EFF508750900784D
:109B0000081211D079039083801214ED121E1D7477
:109B1000021211AD9083941214ED121DD50FEFC3F4
:109B2000947F40D5E4F50878081211D0790390832A
:109B3000801214ED121E1D74021211ADEE901AF770
:109B4000F070327F7FEFF50875090078081211D0A8
:109B500079029083801214ED121E1D74021211AD51
:109B60009083201214ED121DD51FEFC394025003F1
:109B7000029C3F80D074016E70477F7FEFF50875BF
:109B8000090078081211D079029083801214ED1226
:109B90001E1D74021211AD78081211D07903908342
:109BA000801214ED121E1D74021211AD908320124A
:109BB00014ED121DD51FEFC394025003029C3F8089
:109BC000BB74026E70797F7FEFF508750900780825
:109BD0001211D079039083801214ED121E1D7402AD
:109BE0001211AD9083201214ED121DD51FEFC394F6
:109BF00002404C80D3E4F508F50978081211D079B9
:109C0000049083801214ED121E1D74021211AD789F
:109C1000081211D079029083801214ED121E1D7467
:109C2000021211AD78081211D079039083801214BA
:109C3000ED121E1D74021211AD901AF77403F0029A
:109C4000999A901707E0F508A3E0F509E4F50AF5FD
:109C50000B780822C082C083901765E06407600516
:109C6000E06406700B90170CE064017003121E2371
:109C700090170A12A0E3497005901709E4F0908349
:109C8000D8120FA77A208013C082C0837A607B82AB
:109C90001216D9121E53121DFF800F7B009017045D
:109CA000E0F9121C4F74041211ADD083D08202115E
:109CB0007AC082C0837A2E7B821216D990831C12BE
:109CC0000FA77A027B00901704E0F9121C4F74046E
:109CD0001211AD790080D374F6120BD475083B7560
:109CE000091B78081211D075081875090078081238
:109CF00011D07C007D007A017B04121C13740412C5
:109D000011ADE9F50878081211D07A4A7B81121654
:109D1000D374021211AD121DE702A1D574F0120B1B
:109D2000D474F4121260EAFCEBFDAA21AB2279078D
:109D3000121655E96003029E7A7408121504120F78
:109D4000A77404121504120FA7740C121504120F35
:109D5000A77A6D7B811216D3740C1211AD740812A0
:109D600015047808121491908310780C12149178CD
:109D700008790C120A6D7808120B08908398780CF9
:109D80001214917808790C12063278081208AA90F9
:109D90001B4F12A0E375F064A4F8AAF075F06412EA
:109DA0009E8724BCF8E93402F9901B5D129E95123F
:109DB00014917808120B08901B63E0F50C3395E0C2
:109DC000F50DF50EF50F780C120AED780C1211C88E
:109DD00090839C1214ED1222C774041211AD8A0CE8
:109DE0008B0D8C0E8D0F7808790C120632780812C4
:109DF00008AA901B61129EA3120AED90839C780C16
:109E00001214917808790C12044C78081208AA9060
:109E10001B4B780C121491E508250CF8E509350D5B
:109E2000F9901B5FE8F0A3E9F074041215047808B8
:109E3000121491901B4912A0E375F00AA4F8AAF03D
:109E400075F00A129E872424F8E934FFF9901B5913
:109E5000129E95121491908310780C121491780828
:109E6000790C120B65901B64129EA3120AED9017D9
:109E700012780812147379008005121E2379017478
:109E80000C1211AD02999AE9A42AF9E50828F8E51F
:109E90000939F9E822E8F0A3E9F0852182852283D7
:109EA000780822E508F0A3E509F0129EAE2233956A
:109EB000E0F50AF50B78082274EC120BD48A088BB3
:109EC000098C0A8D0B7414121504780C12149190DD
:109ED00083A07810121491780C7910120E4440333C
:109EE0009083A47810121491780C7910120DF5401B
:109EF0002275100075115075127D75134478107914
:109F00000C12044C78107908120632AA10AB11AC6E
:109F100012AD137F0C020EDC74EC120BD474FF1222
:109F20001260E9FE7F0080267C017D00AA21AB2221
:109F3000EEF91217BD852182852283E0C0E0EFF89B
:109F4000742328F582E43417F583D0E0F00FEEF99E
:109F50001217CF8B09EA450970CE901725E0F890CB
:109F60001723E064FE7058A3E06404705274232841
:109F7000F8E43417F988828983A3E0FB8882898317
:109F8000A3A3E0F8EBF9901707E8F0A3E9F0129C1F
:109F900042120B0885080C85090D850A0E850B0FEA
:109FA0009083A87810121491780C791012044C90B8
:109FB0001B53780C12147390170E78081214731236
:109FC0009C42120B08901B51E0601E901712120F5A
:109FD000A7AA08AB09AC0AAD0B121E0B7404121130
:109FE000AD8A088B098C0A8D0B9083A8780C12140B
:109FF000917808790C12044C901B53780812147352
:10A00000121DE7901B3CE0F8901706E068600DE831
:10A01000F06004790180027900121C917401121120
:10A02000AD029F1343FD7053F1BF43F10353FF3F54
:10A0300043F37002117A74EC120BD48A0C8B0D8CE2
:10A040000E8D0FE9FB53E4FC9083AC780C12115594
:10A05000400B75108075118475121E8009751000F3
:10A060007511247512F47513008A08850D098C0A80
:10A070008D0B78107908120B65A810A911E8F5DA94
:10A08000E9F5DB741412150412A0E3FAE9F8EB14F5
:10A09000600B146011146017146023803188DD8A0E
:10A0A000DC75E61C802888DF8ADE75E71C801FE8E7
:10A0B0009062ADF0EA9062ACF09062A3800DE890FF
:10A0C00062AFF0EA9062AEF09062A4741CF09083EC
:10A0D000AC780C121155400543E407800375E40386
:10A0E000029F13E0F8A3E0F9E822C082C083D28186
:10A0F0009083B0120FA77A40029C9B74F6120BD487
:10A1000090173412A0E34990170D6055E0600302E8
:10A11000A1D5E4F508F50978081211D079049083E7
:10A12000801214ED121E1D74021211AD7808121166
:10A13000D079029083801214ED121E1D7402121148
:10A14000AD78081211D079039083801214ED121E9D
:10A150001D74021211AD90170D7401F0121E2F80A4
:10A1600074E06401706F7A807B00901704E0F9124C
:10A170001C5B7A807B00901704E0F9121B4190175A
:10A180000C7401F0901AF77403F090170DE4F0F5D9
:10A1900008F50978081211D079049083801214ED23
:10A1A000121E1D74021211AD78081211D07902909E
:10A1B00083801214ED121E1D74021211AD78081264
:10A1C00011D079039083801214ED121E1D740212B7
:10A1D00011AD121DED7F02020EDC74F6120BD47E5F
:10A1E0007FEEF50875090078081211D07904908384
:10A1F000801214ED121E1D74021211AD7808121196
:10A20000D079029083801214ED121E1D7402121177
:10A21000AD78081211D079039083801214ED121ECC
:10A220001D74021211AD9083B41214ED121DD51ECF
:10A23000EEC3940250AB7E01EEF50878081211D0FF
:10A2400079049083801214ED121E1D74021211AD58
:10A2500078081211D079029083801214ED121E1D1D
:10A2600074021211AD78081211D079039083801214
:10A2700014ED121E1D74021211AD9083B81214ED6C
:10A28000121DD50EEEC3947F40AEE4F50878081297
:10A2900011D079049083801214ED121E1D740212E5
:10A2A00011AD78081211D079029083801214ED124A
:10A2B0001E1D74021211AD78081211D0790390831B
:10A2C000801214ED121E1D74021211AD9083D8126B
:10A2D0000FA77A807B00901704E0F9121C4F7404DA
:10A2E0001211AD02A1D574F4120BD490170CE064D6
:10A2F00001705B7A0B7B00121B8F8A088B09EA4581
:10A300000960428A828B83740212A4A37459F0A359
:10A31000741B12A3617449F0A3741B12A4BE121122
:10A32000D4750A01780A1211D4780A1211D4780867
:10A330001211D07C027D047A177B177901121D035C
:10A3400074051211ADAA08AB09121B9580107C0090
:10A350007D007A027B04901B76E0F912158902A435
:10A360009E12A6CB740212A6B2742912A6C222743F
:10A37000F4120BD490170CE0640170607A0B7B0030
:10A38000121B8F8A088B09EA450960478A828B83F2
:10A39000740212A4AC742112A5CB745DF0A3741BDB
:10A3A00012A361744FF0A3741B12A4BE1211D475D2
:10A3B0000A01780A1211D4780A1211D478081211FD
:10A3C000D07C057D047A177B177901121D03740573
:10A3D0001211ADAA08AB09121B9580107C007D00FC
:10A3E0007A057B04901B76E0F912158902A49E740D
:10A3F000F4120BD490170CE06401600302A48E7A6F
:10A40000157B00121B8F8A088B09EA450960768A42
:10A41000828B83740412A4A3745FF0A3741B12A62E
:10A42000C7E412A3667461F0A3741B12A5FC741434
:10A43000F0A3E412A5EC742812A5E47463F0A374ED
:10A440001B12A5DC741012A6EE12A5C7742BF0EA3D
:10A45000241312A5C7744BF0A3741B12A4BE1211CF
:10A46000D4750A01780A1211D4780A1211D4780826
:10A470001211D07C037D047A177B177901121D031A
:10A4800074051211ADAA08AB09121B9580107C004F
:10A490007D007A037B04901B76E0F91215897F0416
:10A4A000020EDC12A4AC742912A5CF22F0A3E4F0B2
:10A4B000A312A4B522F08A828B83A3A3A322F090D7
:10A4C0001716E0F8740128F0E8F50A780A2274F407
:10A4D000120BD490170CE06401600302A5B17A1F3F
:10A4E0007B00121B8F8A088B09EA4509700302A5BD
:10A4F000A88A828B83740612A6D57453F0A3741BAA
:10A5000012A5CBA3A37402F0A312A6AE741012A6D8
:10A51000BE743CF0A3741B12A5FC7403F0A31412C8
:10A52000A5EC741012A5E4743BF0A3741B12A5DC17
:10A53000740412A6DE743DF0A3741BF0EA24151215
:10A54000A5C77405F0A37402F012A5C47421F0EA43
:10A55000241812A5C7743FF0A3741BF0EA241A1242
:10A56000A5C77411F0A374F1F0EA241C12A5C774F6
:10A5700010F0EA241D12A5C77451F0A3741B12A495
:10A58000BE1211D4750A01780A1211D4780A121178
:10A59000D478081211D07C0D7D047A177B177901CD
:10A5A000121D0374051211ADAA08AB09121B958088
:10A5B000107C007D007A0D7B04901B76E0F912156B
:10A5C0008902A49EEA241712A5F42212A5CF221212
:10A5D000A5D32212A5D72212A4B5A322F0EA2410F3
:10A5E00012A5F422F0EA240E12A5F422F0EA240DBA
:10A5F00012A5F422F582E43509F58322F0EA240B52
:10A6000012A5F42274F4120BD490170CE0640160CC
:10A610000302A69E7A157B00121B8F8A088B09EA1B
:10A62000450960718A828B83740412A6D57466F022
:10A63000A3741B12A6C7740212A6AE742812A6BE7B
:10A640007452F0A3741B12A5FC7404F0A3740212DC
:10A65000A5EC742112A5E47441F0A3741B12A5DCCF
:10A66000740512A6DE7443F0A3741B12A4BE12116B
:10A67000D4750A01780A1211D4780A1211D4780814
:10A680001211D07C2B7D047A177B177902121D03DF
:10A6900074051211ADAA08AB09121B95800D7C0040
:10A6A0007D007A2B7B04790212158902A49E12A6E2
:10A6B000B22212A6B62212A5D7A3A3A3A32212A642
:10A6C000C22212A6B6A32212A6CB2212A5D3A3A3FE
:10A6D0007410F0A32212A4AC743912A5CF2212A6D2
:10A6E000EE12A5F47421F0EA241312A5F422F0A3CB
:10A6F0007402F0EA24122274F2120BD474F41212CF
:10A70000608A088B09ECFEEDFF890C7C0C7D0079DA
:10A7100000AA21AB22121AE77409121504E4F08E84
:10A72000828F83A3A3A3A3A3A3A3A3E0C0E0740881
:10A73000121504D0E0F08E828F8312A89E12B4CA44
:10A74000901B91E024FFF50AA3E034FFF50B850888
:10A7500082850983E0850A82850B83F0750D1E785A
:10A760000D1211D478081211D0780A1211D0E50C0C
:10A770002401F508E43400F50978081211D0742199
:10A78000121504120FAB90180EE0F97C847D1B7437
:10A79000091212381230A774091211AD740C02A8F4
:10A7A000FA74F5120BD48909901B9112B618890816
:10A7B000740D12150412B81580178882898312AEA1
:10A7C000BC12ADDAA882A9838E828F83A3AE82AF3A
:10A7D0008385080A74FF250AF5080470DD740F12DA
:10A7E0001504E090180E600474408001E4F0740BCE
:10A7F000121504120FABA90912207B74021211ADBD
:10A80000E9F990180EE4F07F03020EDC74F6120BE7
:10A81000D4E9FE12A91DF0EEF508750900780812BA
:10A8200011D0790202AF0374F4120BD474F7121230
:10A8300060EAFEEBFF890A8C0B901B9112ADC7EE0C
:10A84000FCEFFD7A797B19121C7FE9700A740812FB
:10A85000150412A998801274081215047402F0905D
:10A86000173912A89EE8F0A3E9F0EEFCEFFDAA0864
:10A87000AB09121C858A828B8312B31AE4F508F5A2
:10A880000978081211D0790A74021212407ABC7B3E
:10A890001712207B74021211AD740902B2E812B8CB
:10A8A000198521828522832274F6120BD474F71243
:10A8B0001260E9FEECFF12B812740812150474025B
:10A8C000F0852182852283EAF0A3EBF0EA88828971
:10A8D00083F0EB12A8F0F0EF88828983A3A3A3F0A2
:10A8E00075080175090078081211D0790402A926AB
:10A8F000A3F0EE88828983A3A3221211AD7F060202
:10A900000EDC74F6120BD412A91D12B2BE75080427
:10A9100075090078081211D0790302AF0312B2FA58
:10A92000EC12B2F4ED2274021212407ABC7B1712C0
:10A93000207B74021211AD74091211AD7F02020E58
:10A94000DC1211AD7F07020EDC74F6120BD474F723
:10A95000121260E9FE740812150412A99312B2B221
:10A96000EA12B2F0EBF0901B91E02402FAA3E0347B
:10A9700000FB121C8512B81EC8240AF582E438F5C3
:10A9800083EEF075081375090078081211D0790B61
:10A9900002A92612A998F022740FF085218285223F
:10A9A0008374FDF0A374FF2274EA120BD4EAFEEB69
:10A9B000FF8C088D09890B12B2DF8C828D83A3A3D3
:10A9C000A3A3A3A3A3A3E0640F700B8C828D837455
:10A9D000FCF0A374FFF0750A01741812150412B686
:10A9E0006A741F6510700474806511700B750A021B
:10A9F0008A828B83E412B6448A0C8B0D8A828B8305
:10AA0000E912B644751200741612150412B81588AE
:10AA10000E890F9017BDE0F51475150074037814B6
:10AA200012137EE50E2514FCE50F3515FD121C856D
:10AA30009017BDE004F07408250AF50AE0650B7074
:10AA40001274012512850C82850D83F09017BDE4E8
:10AA5000F0804B0512E512C3940A40B7850C82853D
:10AA60000D83740AF09017BDE0C3950B5030741F2E
:10AA7000651045117005121FB58023741F65107095
:10AA80000474806511701790830C120FA77A007BF5
:10AA900040901762E0F9121C4F74041211AD781047
:10AAA0001211D0A90AAC08AD09EEFAEFFB12207B17
:10AAB00074021211AD7F0E020EDC74E8120BD47416
:10AAC000EA121260EAFEEBFF7508FE7509FF7510C9
:10AAD00000751100EE240CF50AE43FF50B850A829F
:10AAE000F58312B2E2EA4B70047C0880027C02EE2D
:10AAF0002413F516E43FF517851682F58312AF6F20
:10AB00002CF582E439F583E0F50FEE240BF514E41F
:10AB10003FF515EA4B704D88108911AC10AD117AD4
:10AB2000797B19121C7FE9600990173912ADC702B1
:10AB3000ABDEAA10AB11122393EA4B700302ABF009
:10AB40008A828B83A3A3A3A3E0F8740168600874CE
:10AB50000268600302ABF08A828B8312ADC7E50FF7
:10AB60007079807A88828983E0FAA3E0F8E4C8F9F2
:10AB7000EA28F508E439F509901739E0650870040A
:10AB8000A3E0650970087510797511198050AB093B
:10AB900012238D8A0C8B0DA80CA90DE849605188F1
:10ABA000828983A3A3A3A3E06401704474091215EE
:10ABB00004E412AED8F8A3E0F9741412150412B428
:10ABC000CA7409121238122339E9600B740C121579
:10ABD00004858210858311E50F6003750FFF74FEF5
:10ABE0006508700474FF65096006E5104511700C76
:10ABF000851482851583E0600302ADBD901B91E052
:10AC0000F50CA3E0F50D750E0B74FE650870047469
:10AC1000FF65096026E51045116020E50F600674A8
:10AC200001650F70057512008038751280851482D9
:10AC3000851583E06401702A02ADBD75128112ADE5
:10AC4000CF70087508FF7509FF80177C087D0079B3
:10AC5000FF7401121238121AE774011212308810B0
:10AC60008911850C82850D83E512F0A385820C8500
:10AC7000830DAC10AD11AA0CAB0D121C858A0C8B88
:10AC80000D8A828B83E508F0A3E509F07401650F56
:10AC9000600302AD86901739E065087004A3E06593
:10ACA00009600302AD86E512600302AD868521824C
:10ACB000852283E4F0AA21AB221223A5E50C24020D
:10ACC000F8E4350DF9E8FCE9FDEA4B700302AD7DCF
:10ACD00012ADCF700478098002780385168285173B
:10ACE00083E028F508A3E03400850882F583E0F5C9
:10ACF0000825E0F8E433F9EA28F8EB39F9852182F0
:10AD0000852283E0F509E508C39509500DE0C39558
:10AD100008F0C333240BF50E8002E4F0E08C828D42
:10AD200083F0850C82850D83A3A3A3E508F0E50CD1
:10AD30002404F50C5002050D050E050E80318882A5
:10AD40008983E0850C82850D8312ADDAE0850C8263
:10AD5000850D83A3F0E50C2402F50C5002050DE8E7
:10AD60002402F8500109852182852283E014F085B0
:10AD70002182852283E070C6121B9580098C828D0A
:10AD800083E4F0750E0C90180E7410F0850A82851D
:10AD90000B83E0F508A3E04480F50978081211D090
:10ADA000A90EEE2402FCE43FFDEE240FFAE43FFB83
:10ADB00012207B74021211AD90180EE4F07416127A
:10ADC00011AD7F10020EDCE0F508A3E0F509228545
:10ADD0000A82850B8312AF73492212ADDE2212AFB5
:10ADE00080A32274F6120BD4901B91E0FEA3E01214
:10ADF000AF8612150412AECF541F8E828F83A3A389
:10AE0000A312ADDA12AEB7A3A3A312AED88E828F6F
:10AE10008312AEDE12AEB712AEDEA312AEBC12AE1D
:10AE2000E912AEB712AEE9A312AEC212AEFD12AE77
:10AE3000C2A3F0E82408FCE439FD8C828D83E0F5A0
:10AE400008EE240BF582E43FF583E50812B182E0B9
:10AE5000C0E0EE240CF582E43FF583D0E012AEFDB5
:10AE6000A3A3A3E0C0E0EE240DF582E43FF583D078
:10AE7000E0F0E8240BF582E439F583E0C0E0EE244D
:10AE80000EF582E43FF583D0E0F0E8240CF582E48F
:10AE900039F583E0C0E0EE240FF582E43FF583D07E
:10AEA000E0F075080275098078081211D079101247
:10AEB000AF6050010B805412AEBCA322E08E828F93
:10AEC000832212AEBCA3A3A3A3A3A3A3A3A3221272
:10AED000B81988828983E02212ADDEA3E022A3A301
:10AEE000A3A3A312ADDEA3A322A3A3A3A3A3A3A3FF
:10AEF00012AEF42212AF80A3A3A3A3A32212AEF436
:10AF0000A3A322EAFCEBFD7ABC7B1712207B740220
:10AF100002A93974F6120BD412AF6CFEE912AF8697
:10AF200012150412AECF8E828F83A312AF79F5086B
:10AF3000A3E0F509540FF9740C7808121464E508BD
:10AF4000C4498E828F83A3A3A3A3F0750803750958
:10AF50008078081211D0790512AF6050010B80ABD8
:10AF6000EA2402FCE43BFDEA240FFA22901B911232
:10AF7000AF732212B821F9E822A3A312AF80E02216
:10AF8000F08882898322FF8E828F83E4F0ECA3F025
:10AF9000ED8E828F83A3A3F0740A2274EC120BD47B
:10AFA00012B810EC2409F508E43D85080CF50DEC09
:10AFB0002406F508E43D85080EF50FEE7024EC4DEF
:10AFC0006020850C82850D83E0FF850E82850F83CE
:10AFD000E02FC333240CF50AC3944F4008791002C4
:10AFE000B13A750A04EE88828983F0EA2413F508E1
:10AFF000E43BF509850882F583E0FFA3E0F5838F44
:10B000008212B310A312B177FFA3E0F5838F82A35E
:10B0100012B171F0E82403F582E439F583E50AC33F
:10B020009405500302B11D74FC250AF08C828D83B7
:10B0300012B17112B18085820885830912B3101292
:10B04000B189F0EC2403F508E43DF509850882F5A3
:10B050008312B17112B18912B180A3A3A3A3E054EA
:10B060000F88828983A3A3A3A3A3A3A3A3A3F0858B
:10B070000E82850F8312B171A3A3A3A3A3A3A3A3DD
:10B08000F0E8240BF8500109850E82850F83E060FB
:10B09000387F00EC2407F508E43D850810F51180A1
:10B0A00019EF25E0F508E433F50912B15C12B2CCD2
:10B0B00012B15C12B14B5001090F850E82850F83CE
:10B0C000E0F508EFC3950840D8850C82850D831202
:10B0D000B2CCA3A882A983850C82850D83E0603F52
:10B0E0007F00EC240AFC50010D8C088D09850C8230
:10B0F000850D83E0FCEFC39C5025EF25E0FCE43395
:10B10000FD850882850983E012B13F12B31012B1A8
:10B110007712B13F12B14B5001090F80D0E4F075A6
:10B12000080475098078081211D0A90A12AF60507E
:10B13000010B12207B74021211AD7F0C020EDC2C6D
:10B14000F50BA3E03D850B82F5832212B14F22A3BC
:10B15000E088828983A3F0E82402F82285108285A2
:10B160001183E02508F50BA3E03509850B82F583F3
:10B170002212B314A3A322F0850882850983E0225A
:10B18000A3A3F08C828D83A322A3A3A3A312B19ABD
:10B1900012B314A3A3A3A3A3A322A3F085088285BB
:10B1A0000983A32274F1120BD474FF121260E98593
:10B1B0002182852283F08A0A8B0BECFEEDFF901B27
:10B1C0009112B2C57508047406650A70047480652E
:10B1D0000B700575091080037509007410121504B1
:10B1E00012B2DA741112150412B2D17413121504CA
:10B1F000E0F98A828B83A3A3A3F0602C740429F561
:10B20000087414121504E0F50CA3E0F50D750E009A
:10B21000780C1211CCE9FC7D00EA2404FA50010BF1
:10B22000121ADB74031211ADE50990180EF0780ABA
:10B230001211D0A908EEFCEFFD7402121238122090
:10B240007B74021211ADE9F990180EE4F00402A922
:10B25000417F0B020EDC74F7120BD474FF121260E4
:10B26000E9852182852283F012B2B2ECF0740A12D1
:10B27000150412B815901B91E0FCA3E0F5838C82B5
:10B28000A3E812B2BE12B2B2A3A3A3E4F0740C12EC
:10B290001504120FAB7904EAFCEBFD7402121238AC
:10B2A00012207B74021211AD74011211AD7F0102E4
:10B2B0000EDC901B91E0F8A3E0F58388822212B2A5
:10B2C000F4A3E9F02212AF73FAE9FB2212B314F0EF
:10B2D0002212B660A312B672F02212B612F02290B9
:10B2E0001B91E0FAA3E0FB221211AD7F04020EDCF9
:10B2F00012B2F422F012B2FAA322901B91E0F8A34A
:10B30000E0F58388822274011211AD7F0D020EDCFC
:10B3100012B31422E08882898322E50AF0A3E50BA8
:10B32000F02274EB120BD474FF121260E9852182B3
:10B33000852283F08A128B138D147418121504124F
:10B34000B618EC602612B2B2ECF0750831750980BF
:10B3500078081211D07901AC12AD137402121238B0
:10B3600012207B74021211AD02B4907417121504EE
:10B37000E0F50E75F016A42404F50B12B4BC121BF4
:10B380008F8A088B09EA45097005791002B4908A02
:10B39000828B83A385820C85830D850C10850D110E
:10B3A000E4F0A3E514F0741612150412B4A4E50E2B
:10B3B000F0E5102404F51050020511750F0002B4D9
:10B3C00052EE2402FCE43FFDAA10AB11121C85EEE4
:10B3D000240AFCE43FFDE5102408FAE43511FB12D1
:10B3E0001C85EE241212B60612B638F0EA2402F8D2
:10B3F000E43BF912B5FC12B2CCEE2415F582E43F21
:10B40000F583E0333354FCFC88828983E04CF0EE12
:10B410002416F582E43FF583E0C454F0FC88828969
:10B4200083E04CF0EE241712B493F0EE2418F5826A
:10B43000E43FF58312B4C4EE241912B493A3A3F02D
:10B44000EA2406F510E43BF511EE241AFE50010F34
:10B45000050FE50FC3950E500302B3C1901B91E594
:10B460000CF0A3E50DF0750C31750D80780C121100
:10B47000D0A90BAC12AD13740212123812207B74D7
:10B48000021211ADE9FEAA08AB09121B9512B4D045
:10B4900002B306F582E43FF58312B49D2212B61280
:10B4A000A3A3A32212B4B2F0851082851183A3A3B3
:10B4B000A322E0851082851183A3A3222401FAE44C
:10B4C0003400FB2212B49DA3F022E8F0A3E9F0229D
:10B4D000901B9174BFF0A37417F0EEF92274EA1276
:10B4E0000BD474FF121260E9852182852283F08AD1
:10B4F000128B138C0E8D087418121504E0F5097563
:10B50000F015A4240412B4BC121B8F8A0A8B0BEA18
:10B51000450B7005791002B5F78A828B83A385826B
:10B520000C85830DAA0CAB0DE50EF0A3E508F074B5
:10B530001712150412B61EE50912B63250010B752A
:10B540000F04751000741912150412B618801674C1
:10B550000E250FF50F12B64BFA50010BEE2415FE17
:10B5600050010F0510E510C395095057EEFCEFFD93
:10B57000121C858E828F83A3A3A3A3A3A3A3A312CC
:10B58000B2DAEE240912B606A312B638A3F0EE24FE
:10B5900013F8E43FF98882898312B62F50010BEE2D
:10B5A000240BFCE43FFD88828983E0640370A0746F
:10B5B00015250FF50F121C8512B5FC12B60E12B62A
:10B5C000448099901B91E50CF0A3E50DF0750C33C8
:10B5D000750D80780C1211D0A90FAC12AD13740246
:10B5E00012123812207B74021211ADE9FEAA0AABC6
:10B5F0000B121B9512B4D0740102AAB2EE2414F5FA
:10B6000082E43FF58322F8E43FF98882898312B609
:10B610001222E08A828B8322E0FEA3E0FF2212B690
:10B620003FA312B62622F08A828B83A3A3A3221201
:10B63000B49DF0EA2404FA2212ADDE12B63F2212C3
:10B64000B612A322F0A3AA82AB83228C828D83122E
:10B65000B612F08C828D83A312B63FF0EA24022248
:10B6600012B821F9E88A828B8322E0F510A3E0F575
:10B670001122F0E98A828B83A3A32274F2120BD4E5
:10B68000890A8A088B0990180F12B618EEF8EF8015
:10B690002888828983A3A3E0650A7012888289833F
:10B6A000A3A3A3E065087004A3E065096051E8FE68
:10B6B000E9FF8882898312B821F9E84970D37A05B5
:10B6C0007B00121B8F8A0C8B0DA80CA90DE849601A
:10B6D0003288828983A3A3E50A12AEE3E508F0A3CA
:10B6E000E50912AF80E4F0A3F090180F12B2E2EA7D
:10B6F0004B60068E828F83800390180F12B4CA7934
:10B70000008002791002A8FD74ED120BD48A088B18
:10B7100009750E0090180F12B826EA2410F50CE4F3
:10B720003509F50D02B802E508240CF582E4350967
:10B73000F58312B815850A82850B83A3A3A312B2E1
:10B74000E2E86A7002E96B601B74FF6A700374FFC1
:10B750006B600302B7F9E95480700974136849609B
:10B760000302B7F9850C82850D83E02417FAE434CF
:10B7700000FB121AF98A108B11AE10AF11EE4F6058
:10B780007885081085091175120078101211CC7C8B
:10B79000177D00121ADB74031211AD850C82850D22
:10B7A00083E0603AEE2417FAE43FFBEE2413F582BF
:10B7B000E43FF583EAF0A3EBF0E5082413F582E417
:10B7C0003509F58312B66A78101211CC850C828582
:10B7D0000D83E0FC7D00121ADB74031211AD8E8222
:10B7E0008F8374D3F0EEFAEFFB850A82850B83A377
:10B7F000A3E0F9121B05750E01850A82850B8312E1
:10B80000B826E50A450B600302B727A90E02B2511C
:10B81000E9FE901B9112B8192212B821F922901B4F
:10B8200091E0F8A3E022E0F50AA3E0F50B2274F61C
:10B83000120BD474E91212607E00740A121504749B
:10B840000212B968A3A312B815740212150412B437
:10B85000CAEA2415F582E43BF583E0C0E0740B12DC
:10B860001504D0E012B96812B815740C1215041240
:10B87000B4CAEA2419F582E43BF583E0C0E0740E13
:10B88000121504D0E0F0EA2420F582E43BF583E0D1
:10B8900014C0E07410121504D0E0F0EA2422F8E499
:10B8A0003BF988828983E02401FCA3E03400FD7425
:10B8B00013121504ECF0A3ED12AF7B12B2B6E0C088
:10B8C000E0740F121504D0E0F0EA2412F582E43B94
:10B8D000F58312B815741112150412B4CAEA24249F
:10B8E000F582E43BF58312B815741512150412B4F1
:10B8F000CAAA21AB221220E1E9FC80010EEEF50874
:10B900007509007402780812137E747F2508F87494
:10B91000363509F988828983E493C0E0740193F590
:10B9200083D082AA82AB8374FF6A700374FF6B605A
:10B9300028740C121504E06A7003A3E06B70BDAAB2
:10B9400021AB2288828983A3A3E493C0E07401938E
:10B95000F583D0821230E5800AEC7007AA21AB2271
:10B96000121F6D741702A93912B626A32274F6129B
:10B970000BD474FF1212608A088B097E0585218220
:10B98000852283E4F012169DE9F9704878081211B7
:10B99000D07C017D00740212123879D012163174F5
:10B9A000021211ADE97032852182852283E0646044
:10B9B00070278508828509837460F0AA08AB091294
:10B9C000164FE9F97009AA08AB0912168BE9F9EECE
:10B9D000700279FE740102C31290837C1214ED127E
:10B9E000B9EB1230E51EEE60E980A1850882850979
:10B9F00083A3A3A3A3A3A3A3E0F8A3E0F583888272
:10BA00002274F3120BD4890CEAFEEBFF8C0A8D0B27
:10BA1000740D121504E0F508A3E0F509AA08FB125D
:10BA2000169DE9F9703E850882850983A3A3E06429
:10BA3000016006E50CD2E7F50C780A1211D0EEFC95
:10BA4000EFFDAA0C850882850983A3E0F9850882A9
:10BA500085098312B9F51230E574021211ADE9F9C6
:10BA6000600279FC7F05020EDC74F3120BD474ECD7
:10BA7000121260EAFEEBFF8C088D09890CE9C39471
:10BA80000B4003750C0A7421121504E0F50AA3E0BB
:10BA9000F50BAA0AFB12169DE9600302BB7AEE4F72
:10BAA000700302BB7AE5084509700302BB7AE50C16
:10BAB000700302BB76850882850983E08521828533
:10BAC0002283F0850A82850B83A3A3E064016013BF
:10BAD00078008009E8FA12BB84C2E7F008E8C39551
:10BAE0000C40F1E50CC3940240537C01ECFA25E0D4
:10BAF000F8E433F9852182852283E58228F8E583FD
:10BB000039F912BB84C0E0E824FFF582E934FFF57F
:10BB100083D0E0F0E5082AF582E43509F58312CAFE
:10BB200043F00CECC3950C40C3A80CE828F8E433B0
:10BB3000F9E824FFF508E934FFF5098007E50CF57D
:10BB40000875090078081211D074021212408E8212
:10BB50008F83E0FA850A82850B83A3E0F9850A8248
:10BB6000850B8312B9F31230E574021211ADE9F9B5
:10BB7000600A79FC800679FD800279FF7414121145
:10BB8000AD02BA64EE2AF582E43FF583E02274F454
:10BB9000120BD474FF1212608909EAFEEBFF121631
:10BBA0009DE9F5087066EEFCEFFDAA21AB221216A6
:10BBB00049E9F5087013852182852283E0600EEE45
:10BBC000FAEFFB121679E9F508E508703FEE242E2E
:10BBD000F50AE43FF50BAA097907121697E96012F6
:10BBE000EEFCEFFDAA0AAB0BA909121667E9F508EE
:10BBF000701AAA097918121697E96010EEFCEFFD89
:10BC0000AA0AAB0BA90912166DE9F508A908740177
:10BC10001211AD7F04020EDC74F6120BD474FD1207
:10BC20001260E9FE8A088B0912169DE9F97071AC61
:10BC300008AD097401121238121649E9F97011742D
:10BC400001121504E0600CAA08AB09121679E9F993
:10BC5000E9704D740212150474F4F078081211D0D2
:10BC60007C017D00740212123879F41216317402CC
:10BC70001211ADE9702974035EF885218285228353
:10BC8000E054FC48F078081211D0790174021212C5
:10BC900040740412123812163774021211ADE9F909
:10BCA00002C31074F6120BD4EAFEEBFF8C088D0968
:10BCB000AA08AB0912169DE9F9702178081211D073
:10BCC0007C017D00EEFAEFFB79F41216317402125A
:10BCD00011ADE9F98E828F83E05403F002C315742D
:10BCE000F6120BD474FD1212608A088B09740212CA
:10BCF000150474E0F0852182852283E4F07E05043A
:10BD000012150474B6F012169DE9F97068780812DD
:10BD100011D07901740312124074041212381216F1
:10BD20003774021211ADE9F9704B9083781214ED5B
:10BD300012B9EB1230E578081211D07C017D007445
:10BD40000212123879F312163174021211ADE9F9A8
:10BD50007016EEF874FF28FE04600D85218285229E
:10BD600083E0A2E040C4800D852182852283E0A289
:10BD7000E0500279FA02C31074F5120BD474EC127D
:10BD80001260890AEAFEEBFF8C088D099082C1AC33
:10BD900021AD2274081210F690828A7408121240A3
:10BDA000740C1210F6AA08AB0912169DE97052EE37
:10BDB0004F604E78081211D07C087D007402121278
:10BDC0003879F712163174021211ADE9F970347432
:10BDD00008121240AA21AB2212165BE5082409F5CD
:10BDE000085002050978081211D0EEFCEFFD740A24
:10BDF000121238A90A12166174021211ADE9F98003
:10BE00000279FF74141211AD7F03020EDC74F0127C
:10BE10000BD48A828B8312BED7F50B740C78081270
:10BE20001136A312C82C7404780C121136780879D4
:10BE30000C1213F08A828B8312BEC41213F08C8210
:10BE40008D8378081214738A828B8312BED4740C8B
:10BE500078081211368A828B83A3A3A3A3E0F50C82
:10BE60007404780C1211367808790C1213F08A8257
:10BE70008B83A3A3A312BEC41213F08C828D83A361
:10BE8000A3A3A378081214738A828B83A3A3A3129B
:10BE9000BED4740878081211368A828B83A3A3A3B8
:10BEA000A3A3A3A3E0F50C7808790C1213F08C82FD
:10BEB0008D83A3A3A3A3A3A3A3A378081214737FC2
:10BEC00008020EDCA3A3E0C4540FF50CE4F50D78D2
:10BED00008790C22A3A3A3E0F508E4F509F50A22EA
:10BEE00074E0120BD4890B8A1C8B1D8C088D09758C
:10BEF0000A00EA451D700302C0AFEC450970030259
:10BF0000C0AF7420121504E0FEA3E0FFEE4F7003F3
:10BF100002C0AFEC2404FCE43509FD8C828D831251
:10BF2000C0B985088285098312C0BAE5082408F5DE
:10BF30001EE43509F51F851E82F58312C0B974070A
:10BF4000550B700302C0758A828B83A3A3A3A378C9
:10BF5000101214918E828F83E0F514A3E0F51585FD
:10BF6000100C85110D85120E85130F7404780C12B8
:10BF70001217851418851519F51AF51B780C791800
:10BF800012131C74037810121217F516F5170478A3
:10BF9000141211367810791412131C8E828F8312AA
:10BFA000C61578107914120A6D90837478141214DF
:10BFB0009178107914120D21850C14850D15850EBC
:10BFC00016850F17780C7914120A6D908370781407
:10BFD000121491780C7914120D218E828F8312C65F
:10BFE00013780C7914120A6D90836C7814121491E2
:10BFF000780C7914120D217810790C12136B8510BE
:10C000000C85110D85120E85130FEE2421F582E4A7
:10C010003FF583780C121473908368781012149192
:10C02000780C7910120A6D908364780C1213589072
:10C0300083607810121491780C7910120D2190837E
:10C040005C780C1210AE400E750C60750DF0750E1C
:10C05000FF750FFF8016908358780C1210AE500CAD
:10C06000750C34750D21750E00750F008C828D8353
:10C07000780C121473E50BA2E05018EEFCEFFD12E1
:10C08000167FEAF8EBF9ECFAEDFB85088285098367
:10C090001214D5E50BA2E25019EEFCEFFDAA1CAB81
:10C0A0001D121685851E82851F831214E18003757B
:10C0B0000AFFA90A7F18020EDCE4F0A3F0A3F0A3A4
:10C0C000F02274F4120BD474FD121260E9FE8A0897
:10C0D0008B098C0A8D0B7F01A2E25073EF121504BD
:10C0E00074F2F08A828B83A3A3E05407C0E0740249
:10C0F000121504D0E0F0780A1211D07901740412FC
:10C100001240740312123812163774021211ADE97C
:10C11000703CEF12150474F4F0780A1211D07C010F
:10C120007D00740212123879F41216317402121161
:10C13000ADE9701A780A1211D07901740212124016
:10C14000740312123812163774021211ADE9FF741B
:10C15000035E605D740112150474F4F0780A121124
:10C16000D07C017D00740212123879F412163174F9
:10C17000021211ADE9F87037EEA2E050098508828D
:10C1800085098312C243EEA2E15009850882850920
:10C190008312C230780A1211D0790174021212404F
:10C1A000740312123812163774021211ADE9F8E84E
:10C1B000FFEFF9740302BC1074F5120BD474FE1275
:10C1C0001260890AEAFEEBFF8C088D0974011215D2
:10C1D0000474F5F078081211D07C017D007402120D
:10C1E000123879F512163174021211ADE9F9703B6B
:10C1F000E50AA2E3500A8E828F83A3A3A312C2434F
:10C20000E50AA2E4500A8E828F83A3A3A312C23050
:10C2100078081211D07901740212124074031212BC
:10C220003812163774021211ADE9F9740202BE0514
:10C23000A3E0C43354E0F8852182852283E0541FB3
:10C2400048F022E0333354FC541CF88521828522C7
:10C2500083E054E348F02274F7120BD48A828B8374
:10C26000E012C298A3A3F0EA2402F812C28812C214
:10C270009FF0EA24030812C288A3A3A312C29FA3BB
:10C28000A3A3F07F01020EDCE43BF988828983E0FE
:10C290001313543F12C2982254078C828D8322F0CC
:10C2A00088828983E0C41312C298A32274F6120B09
:10C2B000D474F71212608A088B0978081211D07CA6
:10C2C000047D00740712123879F2121631740212CA
:10C2D00011ADE9F97036AC21AD2274051212381295
:10C2E0001673AA08AB0912164FE9F9701FAC08AD16
:10C2F00009AA21AB22791F121667E9700EAC08ADAE
:10C3000009AA21AB22791F12166DE9F9740980027E
:10C3100074031211AD7F02020EDC74E4120BD4120E
:10C32000C8227810121491908378780812149178AA
:10C33000107908120D21908340781012135885103F
:10C340001485111585121685131790833C780812F1
:10C35000149178147908120D21851008851109852A
:10C36000120A85130B90833C780C1214917808798B
:10C370000C120D2178147908120A6D85140C85159C
:10C380000D85160E85170F90837478081214917816
:10C390000C7908120D21EC241012C605120A6D85C5
:10C3A000100885110985120A85130BEC240E12C89A
:10C3B0001AF518A3E0F5193395E0F51AF51B78087E
:10C3C0007918120A6D74017808121136780C790800
:10C3D00012136B90833C7808121491780C79081230
:10C3E0000D21EC240C12C83774107808121136781D
:10C3F0000C790812136B8C828D83A3A3A3A3A3A330
:10C40000A3A3A3A312C83D9083287818121491788F
:10C41000147918120D2178087914120A6D9083206E
:10C42000781412149178087914120D218C828D835E
:10C43000A3A3A3A312C61378147910120A6D9083D4
:10C4400078781012149178147910120D21780879E7
:10C450001412136B9083DC78101214917808791001
:10C46000120D2190833478081213588C828D83A387
:10C47000A3A3A3A3A3E0F510A3E0F511E4F512F53F
:10C480001378087910120A6D908334781012149181
:10C4900078087910120D21850810850911850A1276
:10C4A000850B13E510451145124513700302C5ECC9
:10C4B0007514007515007516107517008A828B8328
:10C4C00078141212489083707808121491780C79BD
:10C4D00008120D217814790C12131C908318780817
:10C4E00012149178147908120A6D9082E47814126B
:10C4F0001155401074017814121136781479101205
:10C500000B65800E78147910120B65740178141283
:10C5100011368514108515118516128517137403AD
:10C520007810121217EC241612C81AF508A3E08529
:10C53000080CF50D3395E0F50EF50F851008851103
:10C540000985120A85130B78087910120A6D740D8B
:10C550007808121217780C7908120A6D9083707897
:10C5600008121491780C7908120D2185140885158C
:10C570000985160A85170B74027808121217EC2425
:10C580001412C81AF510A3E0F5113395E0F512F571
:10C590001378087910120A6D90832878101214917C
:10C5A00078087910120D21780C790812136BEC249D
:10C5B0001212C60512136B9083CC7808121491786E
:10C5C0000C7908120D217814790C12136B9082E803
:10C5D000781412115550159082EC781412115550A0
:10C5E000177514B07515AD75160180097514307581
:10C5F0001575751600751700AA14AB15AC16AD1796
:10C600007F14020EDCF582E43DF58312C841780CFC
:10C61000790822A3A3A3A3E0F514A3E0F5153395AD
:10C62000E0F516F5172274E8120BD412C822780C24
:10C630001214919082F0780C1213588A828B83A383
:10C64000A3A3A3A3A3A3A37810121491740E78102C
:10C65000121136EC241C12C83774147808121136E3
:10C660007810790812131CEC241E12C83778087948
:10C670000C120A6D7810790812131C90836C7810D4
:10C680001213589083347808121491781079081294
:10C690000D21850C08850D09850E0A850F0BEC24EC
:10C6A0002012C81AF5143395E0F515F516F517782C
:10C6B000087914120A6D9082F47814121491780893
:10C6C0007914120D21EC241B12C81AF514E4F51587
:10C6D000F516F517780C7914120A6D908374781496
:10C6E000121491780C7914120D21908334780C1265
:10C6F00013587808790C120A6D9082F4780C121491
:10C70000917808790C120D219082F878081213584C
:10C71000EC241912C81AF50CA3E0F50D3395E0F5D9
:10C720000EF50F7808790C120A6D9083287808129C
:10C73000135890836C780C1214917808790C120DB0
:10C740002178107908120A6D85100C85110D85125B
:10C750000E85130F9083347808121491780C7908A1
:10C76000120D21850C08850D09850E0A850F0B78A1
:10C7700008790C120A6D908364780C121491780871
:10C78000790C120D21EC2418F582E43DF58312C8D2
:10C790002C7808790C120A6D9083CC780C121491C5
:10C7A0007808790C120D217810790812131C9083E7
:10C7B000D478101210AE404A751000751100751231
:10C7C000007513009083707808121491781079081E
:10C7D000120D2185100885110985120A85130B9009
:10C7E00082FC7808121155500C7508007509907577
:10C7F0000A01750B00AA08AB09AC0AAD0B7F100249
:10C800000EDC90830078101210AE50B875100075D1
:10C81000119075120175130080B9F582E43DF5831E
:10C82000E022EC2421F582E43DF58322E0F50CE4DE
:10C83000F50DF50EF50F22F582E43DF58312C841A2
:10C8400022E0F508A3E0F5093395E0F50AF50B229F
:10C8500074F6120BD474E61212608A088B09908168
:10C86000A9AC21AD22741A1210F678081211D07CEE
:10C870001A7D00740212123879881216317402126D
:10C8800011ADE9F9600302C929AC08AD09AA21ABD1
:10C890002212169178081211D07C077D00740212C2
:10C8A000123879E112163174021211ADE9F970797A
:10C8B000E5082409FAE43509FB7401121504E0FDCA
:10C8C000852182852283E0FCEA12CA1AECF0A3EDEE
:10C8D000F07402121504E0C0E0EA241BF582E43B88
:10C8E000F583D0E0F07404121504E0FE7403121511
:10C8F0000412C94412137EEE12C93B241C12C92E25
:10C90000740512150412C94412137EEEC412C93BF9
:10C91000241E12C92E7406121504E0C0E0EA242079
:10C92000F582E43BF583D0E0F0741A02C312F5827D
:10C93000E43BF583ECF0A3E509F022540FFCE50895
:10C940004CFCEA22E0F5083395E0F5097404780818
:10C950002274F7120BD4EC2409F8E43DF98A828B97
:10C960008312CA3712CA4312CA6612CA3812CA419F
:10C97000A3A312CA66A312CA3712CA3F12CA7612FA
:10C98000CA38A3A312CA3FA3A312CA76A3A312CA8A
:10C990005712CA4912CA89240BF582E43BF5831267
:10C9A000CA57A3A312CA49A3A312CA89240D12CA43
:10C9B0002D240C12CA23240C12CA82240F12CA2D51
:10C9C000240E12CA23240E12CA82241112CA2D2444
:10C9D0001012CA23241012CA82241312CA2D241240
:10C9E00012CA23241212CA82241512CA2D24141228
:10C9F000CA23241412CA82241712CA2D241612CA5A
:10CA000023241612CA8212CA1AE0C0E0E82418F5DC
:10CA100082E439F583D0E002C2822419F582E43B36
:10CA2000F58322F582E43BF583E0FCE822F582E41D
:10CA30003BF583E0FDEA22A3E0FD8A828B8322A3FB
:10CA4000A3A3A3E08882898322E088828983A3A3A9
:10CA5000A3A3A3A3A3A322E0FD8A828B83A3A3A302
:10CA6000A3A3A3A3A32212CA6A22F0A3EDF08A8291
:10CA70008B83A3A3A322A3A3A3A312CA6AA3A3A3E2
:10CA8000A322F582E439F583ECF0A3EDF0EA22E984
:10CA900079005A6002790102117AC082C083EA4BA0
:10CAA000601D8A828B8312CACE60148A828B8312A5
:10CAB000CACC600B8A828B83A3A312CACC70047980
:10CAC000FF80027900D083D08202117AA3A3A3A3AE
:10CAD000A3E0F8A3E0F9E8492274F6120BD412CED1
:10CAE000459037FAE493F508EC8508F0A4FCA8F02B
:10CAF0008508F0EDA428FD79FF7AA37B0D121AE7D3
:10CB00009005C274A7F0A37415F09005C4749BF04F
:10CB1000A37415F09005C674CBF0A37415F09005BE
:10CB2000C87407F0A37416F09005CA740DF0A374CE
:10CB300016F09005CC741FF0A37416F09005CE7417
:10CB400025F0A37416F09005C1E4F080031211AD36
:10CB50007F02020EDCC082C0837A0080010A903717
:10CB6000FAE493F8EAC398500CEA12CB7C70EEAA70
:10CB700082AB8380047A007B0002D20A75F01AA48B
:10CB8000F8A9F012D129F422C082C0837A007B0078
:10CB90007C008014EC12CB7C600DA3A3A3A3A3E0C4
:10CBA000F8EA28FAE43BFB0C9037FAE493F8ECC37C
:10CBB0009840E102D20A74F7120BD47F007E008005
:10CBC00012EE75F01AA4F885F008A90812CB83605C
:10CBD000010F0E9037FAE493F8EEC39840E3E49324
:10CBE0008A828B83F0A3E4F0EF8C828D83F0A3E440
:10CBF000F002CF7274E9120BD474F4121260890C33
:10CC00008A0A8B0B8C0F8D08750E00EA2408F5102C
:10CC1000E4350BF511851082F583E0F87401686046
:10CC2000057403687011E9600E74FF650C60087488
:10CC30000368700AEC70077A007B0002CDFE8A144C
:10CC40008B1575160078141211CC7C097D007403C5
:10CC5000121238121ADB74031211AD740912150482
:10CC6000E50FF07E007F001215F5AA0AAB0B121536
:10CC7000FB8A0A8B0B851082851183E064017008A2
:10CC8000750901750D008006750900850F0D74FE8C
:10CC9000650A700474FF650B700302CDFA7A0074A4
:10CCA00023121504E0F510A3E0F51180010A903776
:10CCB000FAE493F8EAC398400302CD4DEA12D18713
:10CCC00070EBA3E0650970E58E828F83A3A3E06516
:10CCD0000A7004A3E0650B70D48E828F83A3A3A394
:10CCE000A3E0650D70C7750900802C850A82850B4D
:10CCF0008312D62A740A12150412CE08600CAA21D7
:10CD0000AB22E0F58388821230E512D6F7A90C1227
:10CD100030CB750E010509E509C39508400302CD26
:10CD2000F112CE18FCA3E0FDEEFAEFFB1215B3E909
:10CD300070E3850A82850B83E0FCA3E0FDEEFAEF49
:10CD4000FB1215BFE970A47E007F0080C812159504
:10CD50008A128B13AE12AF13EE4F700302CDFA8E10
:10CD6000828F83E50CF0A3E509F08E828F83A3A365
:10CD7000E50AF0A3E50BF08E828F83A3A3A3A3E5BE
:10CD80000DF09037FBE493C395085004E493F50845
:10CD9000750900802A12CE18F8A3E0F9740A12155A
:10CDA0000412CE08600CAA21AB22E0F5838882121F
:10CDB00030E512D6F7A90C1230CB750E010509E546
:10CDC00009C3950840CF8E828F83A3A3A3A3A3E5B5
:10CDD00008F075120078101211CCAC08EC2CFCE4B1
:10CDE00033FDEE2406FAE43FFB121ADB7403121142
:10CDF000ADE50EA2E05003123023EEFAEFFB740C07
:10CE00001211AD7F0F020EDCE8F0A3E9F0900521CE
:10CE1000E0F8A3E0F9E84922A809E828F8E433F9A2
:10CE2000E51028F50AE51139F50B850A82F583E04E
:10CE300022C082C08312CE4579FF121AE712300554
:10CE4000790102D20A9037F2E493FC740193FD2237
:10CE500074F7120BD4EA4B60377E0080010E8A8291
:10CE60008B83A3A3A3A3A3E0F8EEC3985022EE25DF
:10CE7000E0F8E433F9EA28F582EB39F583A3A3A3BC
:10CE8000A3A3A3E06C7003A3E06D70D179018002CD
:10CE9000790002CF7274F2120BD4750A00EA4B606B
:10CEA0007CEA240512D0C5F5086072EA240608E47D
:10CEB0003BF985080C750B00801488828983E5088E
:10CEC000F0A3E509F0E82402F8500109050BE50B91
:10CED000C3950C5036E50B25E0F508E433F509EA77
:10CEE0002508F582EB3509F583A3A3A3A3A3A3E04B
:10CEF000F508A3E0F509EC65087003ED650970BA63
:10CF00008E828F83E014F0050A70C1E50A60031277
:10CF100030058E828F83E060047901800279008081
:10CF20000574021211AD7F06020EDC74F7120BD4E9
:10CF3000EA4B603CEA2405F8E43BF988828983E007
:10CF4000FE9037FBE493FFEEC39F5024EE2EFEE4E9
:10CF500033FFEA2EF582EB3FF583A3A3A3A3A3A39C
:10CF6000ECF0A3EDF088828983E004F0790180027F
:10CF700079007F01020EDC74F3120BD4890A8C0B4A
:10CF800012D0BC700B8A828B83E0FCA3E0FD800B87
:10CF90001215E38A088B09AC08AD0974FE6C7003A6
:10CFA00074FF6D605D750800801574016509700D72
:10CFB00088828983E06C7003A3E06D6049050812E4
:10CFC000D0B1503EE50812D09DE0650A70EFA3E0B5
:10CFD000F509EA2402F8E43BF98E828F83E06401CC
:10CFE00060C8E50970D788828983E06C7003A3E08C
:10CFF0006D70CA8A828B83A3A3A3A3E0650B70BD67
:10D0000080047A007B007F05020EDC74F4120BD4DE
:10D01000EA2408F8E43BF9880889098882F583E066
:10D020006401700B8A828B83E0FEA3E0FF800B1209
:10D0300015E38A0A8B0BAE0AAF0B74FE6E70037495
:10D04000FF6F6054750A008015EC70108882898328
:10D05000E06E7003A3E06F70031215AD050A12D1E4
:10D0600035502EE50A12D09DA3E0FCEA2402F8E434
:10D070003BF9850882850983E0640170CC74016CFA
:10D0800070DA88828983E06E7003A3E06F60CA80E3
:10D09000CBEEFAEFFB1215DD7F04020EDC75F01A01
:10D0A000A4F8A9F074A328FA740D39FB8A828B8343
:10D0B000229037FAE493F8E508C39822EA2408128C
:10D0C000D0C5640122F8E43BF9E8FEE9FF8E828FC7
:10D0D00083E022EC75F01AA4F8A9F074A328F87480
:10D0E0000D39F92274F4120BD4890B8A088B097E4E
:10D0F000007F00750A008025E50A75F01AA4F8A9DA
:10D10000F012D129650B7013AC08AD09AA82AB836C
:10D110001215B3E960050EEE70010F050A12D13544
:10D1200040D6EEFAEFFB02D09874A328F582740D76
:10D1300039F583E0229037FAE493F8E50AC39822A0
:10D1400074F2120BD4890C8A088B098C0D750B00B4
:10D15000750A008004050B050A12D1355022E50A34
:10D1600012D18770F2AC08AD09EEFAEFFB1215B3DD
:10D17000E960E4E50BC3950D40DBEEFAEFFB8004BC
:10D180007A007B0002CF2675F01AA4F8A9F074A3E8
:10D1900028FE740D39FF8E828F83E0650C22C082D9
:10D1A000C08374F312126074FE6A700374FF6B60C4
:10D1B0004A7C00802212D0D388828983A3E0FD7448
:10D1C000016D6012ED700F88828983A3A3E06A70FD
:10D1D00003A3E06B60250C9037FAE493F8ECC39856
:10D1E00040D3E4936C70148521828522837404F00B
:10D1F000740B12150412D2A31223218008740B128F
:10D20000150412D701740D1211ADD083D082021112
:10D210007AC082C08374F312126012D3D964027090
:10D220000E12D24912150412D3CF12232D8017EA01
:10D23000FCEBFD7403121504AA82AB83122303AA2C
:10D2400021AB2212233302D1FD8A828B83E0F8A323
:10D25000E0F974012274F7120BD474F3121260EC2B
:10D26000FEEDFF8521828522837404F0740B121574
:10D270000412D2A3122339E9F508601D8E828F8330
:10D28000A3A3A3A3A3A3A3A37403F0121504AC82C6
:10D29000AD83EEFAEFFB121C85A908740D1211ADD7
:10D2A00002CF72EAF0A3EBF0AA21AB2222C082C027
:10D2B0008374F31212608521828522837404F074D2
:10D2C0000B12150412D2A3122339740102D1FF7478
:10D2D000F6120BD474F31212609005C1E0707B85D6
:10D2E00021828522837404F09018F712D24D121512
:10D2F00004E8F0A3E9F01229998A088B09AC08AD7B
:10D30000097403121504AA82AB83122303AA21AB6A
:10D310002212233F1229A58A088B09A808A909749B
:10D3200001121504E0687003A3E069602774FE68C9
:10D33000700374FF69601D7401121504E8F0A3E91D
:10D34000F07403121504AA82AB831229ABAA21AB95
:10D350002212233F9005C17401F0740D02CB4DC021
:10D3600082C08374F312126012D3D9F87402687009
:10D370001112D24912150412D3CF12232DE9704C89
:10D38000801F7403687023EAFCEBFD74031215041C
:10D39000AA82AB83122303AA21AB22122333E970A2
:10D3A0002BAA21AB2212233F802274016870128ABB
:10D3B000828B8312D62A740B121504E8F0A3E9803D
:10D3C0000A740B12150474FEF0A304F002D1FDE8F8
:10D3D000F0A3E9F0AA21AB22228521828522837461
:10D3E00004F08A828B83A3A3A3A3A3A3A3A3E02215
:10D3F00074F7120BD4780079007C007D0080010D59
:10D400009037FAE493FEEDC39E502AED75F01AA40E
:10D41000FE85F008AF0874A32EF582740D3FF583E6
:10D42000E0F460DB8C0874012CFCAE08EA6E4B70F3
:10D43000CEA882A983E8FAE9FB02CF7274F6120B38
:10D44000D4E4F508F50978081211D012D70712D6DE
:10D4500036121C0774021211ADE9FE74096E7003D6
:10D4600012160DEEF902CB5074F6120BD474FE12A4
:10D470001260852182852283E4F0A3F0A821A922ED
:10D480008808890978081211D07508027509007892
:10D49000081211D07C007D007A417B00121C1374AD
:10D4A000041211AD740202CB4D74F2120BD474E26B
:10D4B0001212608A088B09ECFEEDFF750A007A41B2
:10D4C0007B00121C0D8A0C8B0DAC0CAD0DEC4D606D
:10D4D0000FEE6C7002EF6D60077A417B00121C1F2B
:10D4E000E4F50CF50D780C1211D0EEFCEFFD7A414D
:10D4F0007B00121C0774021211ADE9640A7003026A
:10D50000D6207402121230880C890D780C1211D0BA
:10D51000750C02750D00780C1211D07C007D007A1C
:10D52000007B03121C1974041211ADE9600302D6CA
:10D5300020852182852283E4F0A3F07E00806A7436
:10D5400004121230880C890D780C1211D09037F229
:10D55000120FD8EEF812D7E07A007B03121C197470
:10D56000041211ADE9600302D6207404121504E020
:10D57000F460357404121230880C890D780C121185
:10D58000D09037F2120FD8740412150412D62A1252
:10D59000D7ECFA850CF0E912D630121C1374041281
:10D5A00011ADE9707B12D8D00E852182852283C00F
:10D5B00082C0839037FAE493F8D083D082C3E09896
:10D5C000A3E094005021852182852283C082C083FC
:10D5D000740212150412D62AD083D082C3E098A315
:10D5E000E099500302D53FA821A922880C890D7823
:10D5F0000C1211D0750C02750D00780C1211D07C34
:10D60000007D007A417B00121C1374041211ADE9F5
:10D61000700EAC08AD097A007B03121C1FE9600391
:10D62000750A01A90A741E02CF23E0F8A3E0F922CB
:10D63000A42AF9E82402FCE439FD7A417B00227433
:10D64000F2120BD474FE121260750A0012D707F59D
:10D6500008E439F5097A417B00121C0D8A0C8B0D08
:10D66000AE0CAF0DA821A922880C890D780C1211DF
:10D67000D0750C02750D00780C1211D07C007D0065
:10D680007A417B00121C1974041211AD7A007B03DD
:10D69000121C0D8A0C8B0DA80CA90DE849700CE525
:10D6A000086E7003E5096F70138047EE4F60318597
:10D6B000218285228312D701EA4B60247C007D03FE
:10D6C0007A417B00122BA9E9F8880A7025EEFCEF5D
:10D6D000FD7A417B00121C1FE96009750A01801266
:10D6E000E8FEE9FFAC08AD09EEFAEFFB121613E90C
:10D6F000F50AA90A02CF217D017C00850A82850BEB
:10D7000083E0FAA3E0FB229037F2E493F8740193EC
:10D71000F99037FAE493F508E88508F0A4F8AAF040
:10D720008508F0E9A42AF9E824022274F2120BD445
:10D7300074FE121260852182852283E4F0A3F01228
:10D740001619E9600302D7D4A821A92288088909FB
:10D7500078081211D075080275090078081211D0E6
:10D760007C007D007A417B00121C1974041211ADFB
:10D77000E970617E007F007508008043E50875F060
:10D780001AA4F8A9F074A328F50A740D39F50B78DA
:10D790000A1211D09037F2120FD8A80812D7E07AE7
:10D7A000417B00121C1974041211ADE9700F850A37
:10D7B00082850B83E0F460050EEE70010F05081200
:10D7C000D0B1501085218285228312D62AC3EE98CB
:10D7D000EF9940A885218285228312D70102CF21AB
:10D7E00012D7ECF9E82402FCE439FD229037F2E488
:10D7F00093F50C740193F50DE8850CF0A4C8AAF01C
:10D80000850DF0A42A2274F1120BD474E412126074
:10D81000852182852283E4F0A3F07E008075EE7579
:10D82000F01AA4F8A9F074A328F508740D39F509C5
:10D8300085080CF50D750E00780C1211CC12CE4532
:10D840007405121238121ADB74031211AD7402122D
:10D850001230880A890B780A1211D09037F2120F11
:10D86000D8EEF89037F2E493F50A740193F50BE8DB
:10D87000850AF0A4C8AAF0850BF012D630121C134A
:10D8800074041211AD850882850983E0F4600312E7
:10D89000D8D00E9037FAE493F8EEC3984080A821D0
:10D8A000A9228808890978081211D075080275091B
:10D8B0000078081211D07C007D007A417B00121C98
:10D8C0001374041211AD741C1211AD7F07020EDC2B
:10D8D000852182852283E02401F0A3E03400F02238
:10D8E000A3A312DA2A8882898322C082C08390058A
:10D8F0000512DA2612DC45901AD0E0F4601B900580
:10D900000712E188603612DBE9F8901AD0E068600F
:10D910002212DC3780E812DC3790050712E18860BC
:10D920001B12DD2112D8E0E060ECC394F150E7A3B4
:10D93000E060E312DBF2FAA3E0FB80047A007B00F4
:10D94000800312DECDD083D08202117A74F6120BDE
:10D95000D474F1121260852182852283E4F0A3F051
:10D9600012205D8A088B09AE08AF09EE4F700302E2
:10D97000DA21122F6F8E828F83A385820885830917
:10D9800012DD25122F0312E177700302DA1A8521C6
:10D9900082852283A3E0C812DBD1E0C39481407A60
:10D9A0008E828F83E0706985088285098312DA266A
:10D9B000740312150412DC4874021215047404F086
:10D9C000EE2403FCE43FFD7405121504AA82AB8328
:10D9D000122303740212123812233FE9702012DA64
:10D9E00030121C5B7A237B05122F2D7A007B40902E
:10D9F0000504E0F9121C5B790C122F338023AC2153
:10DA0000AD2285088285098312DF477901122F57DD
:10DA100085218285228312DBE3F0EEFAEFFB121BF5
:10DA200095740F02DF4D12DA2A22E0F8A3E0F92202
:10DA3000900503E4F07A40FB900504E0F92274ECD1
:10DA4000120BD474F712126089088A108B118C0E95
:10DA50008D0F90050712E188700302DBC77E00126C
:10DA6000DBF2F50AA3E0F50B74081215047403F059
:10DA7000E508600BAC21AD22AA10AB111223157F73
:10DA800000E50A2404F50CE4350BF50D8057750903
:10DA90000178091211D4E508F50978091211D47436
:10DAA000021212308812891378121211D090052AAE
:10DAB000120FAB900523E0FD90052912DBD5A3A33F
:10DAC000A312DC1D122F3974061211ADE9F5097489
:10DAD000B26509700302DB5DE970097E01E508703B
:10DAE0000302DB660F12DC05A3A3A3E0F8EFC398E3
:10DAF000409C74B265096065EEA2E05004E50860E0
:10DB00005C7F00800AE970067E01E50860580F120C
:10DB1000DC05E0F8EFC3985044750900780912114C
:10DB2000D4E508F50978091211D47402121230886C
:10DB300012891378121211D090052D120FAB900597
:10DB400023E0FD90052C12DBD512DC1D122F397459
:10DB5000061211ADE9F50974B2650970A8EEA2E0EC
:10DB60005014E5087010850E82850F8312E01112A3
:10DB7000DBD174808009850E82850F8312DBE3F090
:10DB800074B26509702012DA30121C5B7A237B05AF
:10DB9000122F2D7A007B40900504E0F9121C5B796E
:10DBA0000C122F338021901AD0E0F4701A800D12DD
:10DBB000DBE96008C394F1500302DA5D12DC3790B0
:10DBC000050712E18870E874091211AD7F0C020E8E
:10DBD000DC12E16E22E0FCEF25E0F8E433F98A8202
:10DBE0008B832212E16574FF2212DBFFA3A312E1F3
:10DBF000572290050712DBFCA3A3E022E0F8A3E084
:10DC0000F583888222850C82850D8312DA2AE8FA50
:10DC1000E9FB8A828B83A3A3A3A3A3A322A3A3A329
:10DC2000A3A3A3A3E028FAA3E0398A82F58312DE36
:10DC300027850B83E0F92290050712E157F8A3E04E
:10DC4000F912DC4522900507E8F0A3E9F02274F709
:10DC5000120BD474ED121260EAFEEBFF852182856F
:10DC60002283E4F0A3F0750800122F6F12DBF2128A
:10DC7000DD1FA3E0A2E0400302DD1AEE2413F582CB
:10DC8000E43FF58312D8E2A3E0FC88828983A3A352
:10DC9000E0FBECFA740212150412DECD740A1215C0
:10DCA000047402F07C237D05E82404FAE439FB12B5
:10DCB0002069740212150412DD25122F0312E17778
:10DCC0006058740B12124085218285228312DD2058
:10DCD00012DF47122315E9600575080180188521B8
:10DCE0008285228312E011240DF582E438F58374D5
:10DCF00023F0A37405F0AC21AD22740212150412B6
:10DD0000DF47A908122F5785218285228312E160FF
:10DD1000F470077A237B05122F2D741302DEE6F8C8
:10DD2000A312DBFF22E0FAA3E0FB900523E0F92237
:10DD300074F2120BD4750800EA2404F8E43BF9E805
:10DD4000FEE9FF12DE03750CA3750D80780C12112D
:10DD5000D07C1812DE0D121FE574021211ADE964B9
:10DD600001700375080212DE03780C1211D07C18C2
:10DD7000850A82898312DF3D850A828983A3A3A352
:10DD8000A3A3A3A3A3A3E0F9121FE574021211AD8C
:10DD9000E964017006E508D2E0F50812DE03750CAF
:10DDA00000750D80780C1211D07C3112DE0D121F1F
:10DDB000E574021211ADE964017006E508D2E0F5E0
:10DDC000088E828F8312DA26E8FEE9FF780C1211A2
:10DDD000D07C318E828F8312DF3D8E828F83A3A30E
:10DDE000A3A3A3A3A3A3A3E0F9121FE57402121136
:10DDF000ADE964017006E508D2E1F508A9087F06DF
:10DE0000020EDC8E828F8312DA2A880A22850A8229
:10DE10008983A3A3A3A3A3A3A312DE278983A3A318
:10DE2000A3A3A3A3E0F922E0FAA3E0FB850A8222E0
:10DE300074F4120BD474FE12126085218285228341
:10DE400012DECD8908ECFFEDFE741312150412E109
:10DE500047E0FA122F0FE97024A821A922880A8925
:10DE60000B780A1211D07C01741012150412DF47CE
:10DE7000EFF9121FE574021211ADE9700479B18057
:10DE80003F7412121504E060359005C212E18860FB
:10DE90002D780A1211D07D01EEFC741212150412B5
:10DEA000DF47A9089005C2E012DD1F1230E57402B9
:10DEB0001211AD8B0BEA450B700479B28002790028
:10DEC00074021211AD7F04020EDC90050BEAF0A380
:10DED000EBF02274F7120BD4E9901AC6F07A0179AC
:10DEE0000612302F80031211AD7F01020EDC74F692
:10DEF000120BD4EAFEEBFFEE2407F8E43FF98808A2
:10DF000089098882F58312DF47EA4B600D121B9561
:10DF1000850882850983E4F0A3F0EE240AF8E43F43
:10DF2000F9E8FEE9FF8E828F8312DF47EA4B600B30
:10DF3000121B958E828F83E4F0A3F08013A3A3A31A
:10DF4000A3A3A3A3A3A3A3E0FAA3E0FB221211AD12
:10DF50007F02020EDCC082C08390051F02D942C03E
:10DF600082C08390052102D94274F6120BD4EAFED6
:10DF7000EBFF7A007B40900504E0F9121C5BEEFC9D
:10DF8000EFFD7A097B05122F93EA4B605C8E828F3E
:10DF90008312D8E212DFF8F088828983E0FCA3E0E4
:10DFA000FD8A828B83ECF0A3EDF088828983A31233
:10DFB000DFF8A3F08E828F8312E011240AF582E449
:10DFC00038F58312DA268A828B83A3A3A3A3A3A3A3
:10DFD000A3A3A3A312DC4812E20FE4F0EA240DF598
:10DFE00082E43BF583E4F0A3F07A007B40900504E3
:10DFF000E0F9121B3B02DF50A3A3A3A3A3A3A3A397
:10E00000E08A828B83A3A3A3A3A3A3A3A322900547
:10E010000BE0F8A3E0C82274F7120BD474F71212C5
:10E02000609082A0AC21AD2274091210F690050B0D
:10E0300012E188702090050912DF47122F0912DEC5
:10E04000CA90050B12E188705290050912E18870A0
:10E050003C790B803A90050BE0240CF8A3E03400E7
:10E06000F988828983E0A2E75031547FC394044049
:10E070002A90050D12E188701C90050912DF4712E5
:10E080002F0912DECA90050B12E188700E7900127A
:10E090002F3302E14290050B12DC489083C0120F2F
:10E0A000A77A007B40900504E0F9121C4F7404121B
:10E0B00011AD90050FE0640890050B606812E15304
:10E0C000F8A312E14712DC4812E00E2408F582E4BE
:10E0D00038F583E0C0E07408121504D0E012E15C6A
:10E0E0000412E15CA2E750127D007C00790012E18D
:10E0F00050FAA3E0FB1220938031750800780812D3
:10E1000011D412E00E2409F582E438F583E0F91207
:10E11000E150FCA3E0FD7401121238122099740141
:10E120001211AD800612E160D2E6F012E00E240F6B
:10E13000F582E438F58312DF47122F0990050D129E
:10E14000DECD740902DEE6E0F98521828522832294
:10E1500090050B12E1572212DBFCE022F090050B38
:10E1600012E165E022E0F8A3E0C812E16E22240C7F
:10E17000F582E438F58322852182852283EAF0A3A3
:10E18000EBF085218285228312DA2AE8492274F78E
:10E19000120BD4E978006023E825E0FCE433FD7439
:10E1A000A32CF58274803DF583E06A7003A3E06BD5
:10E1B000602308E8C39418502780DDE825E0FCE4DC
:10E1C00033FD74002CF58274803DF583E06A7003A2
:10E1D000A3E06B70047900800908E8C3943140DB48
:10E1E000790102DEE9C082C083800CEA240FF58247
:10E1F000E43BF58312DF47EA4B600D12E20FE05477
:10E200007FC3940450E580047A007B0002D945EA7C
:10E21000240CF582E43BF58322C082C0839005097B
:10E220008009EC240FF582E43DF583E0FCA3E0FDDA
:10E23000EC4D60248C828D83E06A7003A3E06B70E8
:10E24000E18C828D83A3A3A3A3A3A3A3A3A3E069CB
:10E2500070D0ECFAEDFB80047A007B0002D94574A3
:10E26000F7120BD4EAFEEBFF740912150412E28ACE
:10E270008E828F83800C1211FDF0E9240109E43AAB
:10E28000FAA312E29370EF02E5CDE0F9A3E0FAA35E
:10E29000E0FB22ECFEEDFFEE24FF1CEF34FFFDEE71
:10E2A0004F2274ED120BD4890C8A0D8B0E7413124D
:10E2B000150412E633A3E0F50AECF8EDF9E824FFC3
:10E2C0001CE934FFFDE8496037A90CAA0DAB0EE943
:10E2D0002401F50CE43AF50D850810850911850A2D
:10E2E00012E5082401F508E43509F5091211FDF8D5
:10E2F000A910AA11AB121211FD6860BD790080024D
:10E3000079017F0B020EDC74F6120BD4E9FE8C0847
:10E310008D0978081211D0EEFC7D001222C1740222
:10E320001211AD02E62E74F0120BD4E9FE8A828B34
:10E3300083E0F50CE4F50DF50EF50F74026E700533
:10E3400012E3BA804774036E701212E3B4121136EE
:10E35000780C790812136B12E3A5803074046E7088
:10E360003712E3B4121136780C790812136B12E3EA
:10E37000A57808121136780C790812136B8A828BF3
:10E3800083A3A3A3E0F508E4F50A74187808121132
:10E3900036780C790812136BAA0CAB0DAC0EAD0FCE
:10E3A0007F08020EDC8A828B83A3A3E0F508E4F5E4
:10E3B0000974102212E3BA780822A3E0F508E4F504
:10E3C00009F50AF50B740822C082C083121ACF80A7
:10E3D0007374F6120BD4EAFEEBFFEE4F603DEE24B1
:10E3E00005FAE43FFB121B8F8A088B09A808A909CC
:10E3F000E849602788828983E4F0A3F088828983D2
:10E40000A3A3EEF0A3EFF088828983A3A3A3A37450
:10E41000FFF0E82405FAE439FB80047A007B00026F
:10E42000E62EC082C083EA4B70047905801612E4A0
:10E43000BD60047904800DEA24FBFAEB34FFFB1283
:10E440001B957900D083D08202117A74F7120BD415
:10E450007C00121B0B02E5D174F7120BD4E9FEEC21
:10E46000FFEA4B602790840DE0F8EEC39840071256
:10E470001AFF79038044EA24FBF582EB12E6D612F8
:10E48000E89C700512E4BD6007121AFF7905802A26
:10E49000EEF074016F700DEAFCEBFD7AB17B0E12A9
:10E4A0001B29800BEAFCEBFD7AB17B0E121B1D7A57
:10E4B000007B80EEF9121B3B790002E5D1EA24FFD4
:10E4C000F582EB34FFF583E0F42274F2120BD48969
:10E4D0000C750A00750B007E007F00A2AFE433F5D7
:10E4E0000DC2AF900EB18015EE4F700685080A85FB
:10E4F000090BE50824FBF582E50912E6D612E6339E
:10E50000E50845096023E50824FFF582E50912E6E0
:10E51000D6E0650C70D2EE4F7006AE08AF0980D21F
:10E520007A007B80121B3B800B7A007B80121B41A0
:10E53000EE4F6015780A1211D0EEFCEFFD7AB17B38
:10E540000E121B2F74021211ADE50DA2E092AFEE78
:10E55000FAEFFB7F06020EDCC082C083EAFCA2AFAA
:10E56000E433F8C2AF900EB18009EA24FBF582EBE8
:10E5700012E6D612E28DEA4B6015EA24FFF582EB33
:10E5800012E6D6E06970E38A828B83E06C70DBE888
:10E59000A2E092AF02E444A2E092AF803474F7129A
:10E5A0000BD4A2AFE433FEC2AF12E6D0E4F0A3F086
:10E5B000800612E720FAE9FB8A828B8312E89C70BE
:10E5C000F18A828B83ECF0A3EDF0EE80CAAA82ABD5
:10E5D000837F01020EDC74F6120BD478007900A25E
:10E5E000AFE433FEC2AF8A828B83E0FCA3E0FDEC94
:10E5F0004D6032ECF8EDF9E824FBFCE934FFFD8CCA
:10E60000828D8312E6338A828B83E508F0A3E509C5
:10E61000F08C828D83E4F0A3F0E824FFF582E91208
:10E62000E6D674FFF0EEA2E092AFE8FAE9FB7F02D3
:10E63000020EDCE0F508A3E0F5092274F7120BD412
:10E64000A8A8C2AF8A828B83E0FEA3E0FF12E6D0C7
:10E65000EEF0A3EFF08A828B83ECF0A3EDF0E8A25A
:10E66000E702E59974F5120BD4A2AFE433F50AC2C0
:10E67000AFEC24FBF8ED34FFF9E8FEE9FF8E828F62
:10E6800083E0F8A3E0F98A828B8312E633EC650815
:10E690007003ED650970068A828B838012740B12F9
:10E6A0001504E0FAA3E0CA24FBF582EA12E6D6E8F4
:10E6B000F0A3E9F08E828F83E4F0A3F0EC24FF1244
:10E6C000E6D374FFF0E50AA2E092AF7F03020EDC0E
:10E6D000EC24FBF582ED34FFF5832274F7120BD4A2
:10E6E000EAFEEBFF89087A00A2AFE433FBC2AF1267
:10E6F000E89870068015E508601C150812E720FEF2
:10E70000E9FF12E89870EFE508600B8E828F83ECCA
:10E71000F0A3EDF07A01EBA2E092AFEAF902E5D1C5
:10E72000E824FBF8E934FFF9E82274F7120BD4E986
:10E73000FE90840DE0F8EEC3985027ACA8C2AFEE6F
:10E7400029F8E433F9900EB3E028FDA3E0398D8277
:10E75000F583E04AF0A3E04BF0ECA2E792AF79003A
:10E760008002790302E5D174F7120BD4E9FF90849B
:10E770000DE0F8EFC398501FAEA8C2AFEAF4FCEB6F
:10E78000F4FDEF2912E886E05CF0A3E05DF0EEA274
:10E79000E792AF79008002790302E5D1E9F874FFCE
:10E7A000687006D2AF79008002790702117AE9F821
:10E7B00074FF687006C2AF79008002790702117A8F
:10E7C000C082C083121B83900EB1E4F0A3F0121C30
:10E7D00037121C25121B77121B89790002E444C0F2
:10E7E00082C083121B5F80FB74F6120BD475080085
:10E7F000121B7D12172DA808E82812E88612E89C43
:10E80000700D050890840DE0F8E508C39840E79086
:10E81000840DE0F8E508C3985069ACA8C2AFAE0813
:10E82000EE2EFEE433FF900EB3E02EF8A3E03FF9A6
:10E830008882898312E28D88828983E4F0A3F0ECD8
:10E84000A2E792AFE508901ADDF0F974082EF58280
:10E8500074823FF583E0F8A3E0F58388821230E507
:10E86000901ADD74FFF0A8A8C2AF900EB3E02EF9A5
:10E87000A3E03F8982F583E04AF0A3E04BF0E8A2F1
:10E88000E792AF02E62EF8E433F9900EB3E028FAEF
:10E89000A3E0398A82F583228E828F83E0F8A3E099
:10E8A000F9E8492274F0120BD47410121504780C94
:10E8B00012149112E913850E0A850F0B7410780853
:10E8C0001212178A828B83A3A3E508F07418780CC0
:10E8D0001212178A828B83A3A3A3E50CF0EA240407
:10E8E000FA50010B02E3A074F0120BD4741012154D
:10E8F00004780C12149112E9137410780C12121788
:10E900008A828B83A3A3E50CF0EA2403FA50010B5F
:10E9100002E3A0850C088A828B83E508F0850D0947
:10E92000E509A3F02274F7120BD4E9FDEA4B601855
:10E930007800800108E8C39C5012E8FEEA2EF582B8
:10E94000E43BF583E06D60EC79008002790102E53B
:10E95000D1C082C083906180E4F0E04409F090610E
:10E9600089E0D2E5F0906182E0D2E0F0E0D2E1F01F
:10E97000E0D2E2F09007097401F002EC5C74E61258
:10E980000BD474F61212608A088B09ECFEEDFFEAD4
:10E990004509601BEA2408F518E43509F5198518BE
:10E9A00082F583E0F8740268600A74036860057990
:10E9B000E802EBDD1217F9E9F46005791E02EBDDE0
:10E9C000851882851983E0F50A1218058A108B11C3
:10E9D0008C128D1312180B8A148B158C168D1785BB
:10E9E000100C85110D85120E85130F780C791412F9
:10E9F00013F07402650A750A00703B8A0C8B0D8C4B
:10EA00000E8D0F74FE550A780C121217E50CA2E059
:10EA1000401985100C85110D85120E85130FE50A1E
:10EA2000780C121217E50CA2E05046050AE50AC35D
:10EA30009418503D80C5850C10850D11850E1285EA
:10EA40000F13751403751500751600751700E50A88
:10EA5000C333781412113678107914121391E5101B
:10EA60004511451245136009050AE50AC3940C4097
:10EA7000C57418650A7059851882851983E0640287
:10EA8000605FE50AF50C750D00851882851983E035
:10EA9000640270527406121504EEF0740712150425
:10EAA000EFF0850882850983E0C0E0740812150440
:10EAB000D0E0F0850882850983A3E0C0E0740912E4
:10EAC0001504D0E0F0790474061212407402801E1E
:10EAD000740C650A70AC851882851983E064037034
:10EAE000A1791A02EBDD7908AC08AD097403780C42
:10EAF00012137E250CFA7461350DFB1218FB851874
:10EB000082851983E064027903AC21AD22704E7ACC
:10EB1000677B611219017903AA21AB22121AED8ACF
:10EB20000C8B0D8C0E8D0F75100175110075120078
:10EB3000751300E50A7810121136780C791012134B
:10EB4000F0780C1211C87407121238121B6B74047F
:10EB50001211AD7903E91212407A67806A7A647BF8
:10EB6000611219017903AA21AB22121AED8A0C8BCA
:10EB70000D8C0E8D0FE50AC333FA75100175110067
:10EB80007512007513007810121136780C79101276
:10EB900013F07510017511007512007513007401E2
:10EBA0002A7810121136780C79101213F0780C12A2
:10EBB00011C87407121238121B6B74041211AD794C
:10EBC00003E91212407A647B611218FB8518828572
:10EBD0001983E0FB7A01A90A1217FF7900740A125F
:10EBE00011AD7F12020EDC74F7120BD4EA4B6021D8
:10EBF000EA2408FEE43BFF8E828F83E0F87402680B
:10EC00006005740368700A1217F9E9F974FF6970F6
:10EC10000479E8800D8E828F83E0FB7A001217FF63
:10EC200079007F01020EDCC082C083740169900705
:10EC30000A700B7401F090618AE0D2E28008E4F07F
:10EC400090618AE0C2E2F080137B611219017903BE
:10EC5000AA21AB22121AED74031211ADD083D08217
:10EC600002117AC082C08390070AE06401700479BF
:10EC7000FE800279FF80E5C082C08390070AE060D1
:10EC80000479018009906163E0F8744058F980CC00
:10EC900074E8120BD474F41212608A828B83A3A3DB
:10ECA000A3A3A3A3A3A3E06402703FEC8521828504
:10ECB0002283F07401121504EDF08A828B83E0C088
:10ECC000E07402121504D0E0F08A828B83A3E0C0C6
:10ECD000E07403121504D0E0F0A821A922880E895F
:10ECE0000F7E047F01121805800B8A0E8B0F7E08A1
:10ECF0007F0212180B8A108B118C128D13750B006A
:10ED0000851014851115851216851317E50B7814D7
:10ED1000121217E514A2E05053EFF5F0E50B84F55D
:10ED20000CEEF97404121240E50C89F0A4FAA8F074
:10ED3000E428FB74613BFB12190174041212308841
:10ED4000088909750A0078081211CCEEFC7D00854F
:10ED50000E82850F83A982AA837B00121AE17403B5
:10ED60001211ADE964017004A90C800CEF250BF5BC
:10ED70000BC39418408A79FF740C1211AD7F1002F6
:10ED80000EDC74EC120BD4E9FEEAFF8B087510015F
:10ED9000751100751200751300EEC333781012114F
:10EDA00036750C01F50DF50EF50FEE780C121136D7
:10EDB000046F702E7402650870141218058A108B87
:10EDC000118C128D137810790C1213F080311218F7
:10EDD0000B8A0C8B0D8C0E8D0F780C79101213F0A2
:10EDE000803D7402650870201218058A108B118C02
:10EDF000128D13780C1214247810790C1213917858
:10EE0000101211C87A83801E12180B8A0C8B0D8C7D
:10EE10000E8D0F7810121424780C7910121391783B
:10EE20000C1211C87A867B61121B6B74041211AD2F
:10EE30007F0C020EDCC082C08374FD121260790365
:10EE4000AC21AD227A8302EC49C082C08374FD12EA
:10EE500012607903AC21AD227A8602EC4974EC127F
:10EE60000BD474FC121260852182852283EAF0A300
:10EE7000EB12F29212F23CE0F513F8744128F5829D
:10EE8000E43437F583E493F5087402121504E508B9
:10EE9000F0A3E4F07402121504E0700302F20774A8
:10EEA0000D651370467402121238795312191F74CB
:10EEB00002121504E064FE7003A3E0F4700302F193
:10EEC0004C7402121504E0F47003A3E0F470030222
:10EED000F14C12F244A3A3E0700302F14C852182AD
:10EEE000852283E0FEA3E0FF02F0D674056513706F
:10EEF00015852182852283E0F812F25279002421BF
:10EF0000F8502E09802B74076513703112F244E01B
:10EF1000700F7402121504E0241BF0A3E03400808B
:10EF20001B85218285228312F25275F021A4F8A953
:10EF3000F07402121504E028F0A3E039F074021214
:10EF40001504E0FAA3E0FB121AF98A0A8B0BAE0A49
:10EF5000AF0BEE4F7044740C6513600302F207129E
:10EF6000F26D700302F207A2AFE433F50AC2AF12EA
:10EF70002DEF7402121504E0FAA3E0FB121AF98ACD
:10EF80000C8B0DAE0CAF0DEE4F7009E50AA2E092AE
:10EF9000AF02F207E50AA2E092AF852182852283C3
:10EFA000E0F50CA3E0F50D750E00780C1211CCAC59
:10EFB000087D00EEFAEFFB121ADB74031211ADEEBE
:10EFC0002409F50AE43FF50BEE2408F50EE43FF5BD
:10EFD0000F74056513600302F06012F22BEE240338
:10EFE000F50CE43FF50D850C82F583E0F510A3E008
:10EFF000F51175120078101211CC7C217D00AA0841
:10F00000AB09121ADB74031211AD850C82850D83D6
:10F01000E508F0A3E509F0850A82850B83E0F51089
:10F02000A3E0F51178101211CC850E82850F83E0D4
:10F03000FC7D00E5082421FAE43509FB121ADB7493
:10F04000031211AD850C82850D83E02421F8A3E025
:10F050003400F9850A82850B83E8F0A3E9F0807615
:10F0600074076513707090187912F25F60689018D9
:10F0700079E0F50CA3E0F50D901879E4F0A3F088A1
:10F08000108911F51212F22B8E828F83A3A3E085D3
:10F090000A82850B837012E508F0A3E509F0781069
:10F0A0001211CC7C1B7D00801AE508F0A3E509F065
:10F0B00078101211CC850E82850F83E075F021A4A3
:10F0C000FCADF0AA08AB09121ADB74031211ADAA49
:10F0D0000CAB0D121B9590187C12F25F6010EEFACB
:10F0E000EFFB12F23E1230E5E9600302F1F3740D1A
:10F0F0006513600302F1A912F266F988828983E040
:10F10000FA1313543F540FF9A3E0F874035AC3944D
:10F1100002501D9018F4E069701674C058701112F6
:10F12000F287C8241BF582E438F583E0640260238B
:10F13000740369701712F235740112F292FAA3E0A7
:10F14000FB9018E2E0F9121B0502F207AA21AB229C
:10F1500002F204EE2413F8E43FF9E8241CFAE4393F
:10F16000FBE8241DF582E439F583E0F912229712B9
:10F17000F287C8241CF582E438F583E0F47003A319
:10F18000E0F4706312F266C82406F582E438F58371
:10F19000E0C394024051EEFAEFFB122951E9606797
:10F1A000AA21AB22122DEF805E740C6513706212DF
:10F1B000F235A3E0641A602F8E828F83A3A3A3127B
:10F1C000F25F6023E8240EF582E439F583E0A2E0E3
:10F1D0005015EE240CFAE43FFBEE240DF582E43FDB
:10F1E000F583E0F9122297EEFAEFFB901951E0F95E
:10F1F000121B05740C6513600674116513700812F8
:10F20000F26D6003122DEF74041211AD7F0C020E2B
:10F21000DC7411651370D08E828F83E4F0EEFAEF08
:10F22000FB9018E2E0F9121B0580D4EE240BF508E0
:10F23000E43FF50922852182852283E0F8A3E0F5E9
:10F240008388822212F2482212F287F5838882A3F1
:10F25000A322A3E0C82408F582E438F583E0221253
:10F26000F28DF9E8492212F24812F28D22852182AC
:10F27000852283E02403FAA3E03400FB8A828B8397
:10F2800012F28DF9E84922852182852283E0F8A3D4
:10F29000E022F0852182852283E022C082C0831291
:10F2A0002933D083D08202117A790002117A74F660
:10F2B000120BD4E9FEEAFCEBFD90187BE060518C68
:10F2C000828D83E0F87900EEC3943250047E328060
:10F2D00008EEC3946F40027E6E90187BE06401706C
:10F2E0001FEE24CEF508E434FFF509E88508F0A404
:10F2F000C8AAF08509F0A42AF97A3C7B0012097AA1
:10F30000C3E99401400474FF8001E88C828D83F08E
:10F310007F02020EDCE5A4852182852283F0E5A52B
:10F32000C0E07401121504D0E0F0E5A6C0E074025C
:10F33000121504D0E0F07403121504E4F0E8A2E71B
:10F3400092AF8521828522831214ED74041211ADCF
:10F35000D083D08202117AC082C08374E01212601E
:10F360009061A97414F09061AB743FF0A37455F0F0
:10F370009061A87485F0907803E0F8749568600552
:10F38000743468700C906265740FF090619674F834
:10F39000F09061AEE4F09061B27415F0906182E497
:10F3A000F09061B57410F0A3740EF0A37403F090A4
:10F3B00061FA7409F09061E574FFF0439A01D2A8F4
:10F3C00043A90153B9FE43A90453B9FB906249E034
:10F3D000900713F0A8A8C2AF75C30275A20075A369
:10F3E00028E8A2E792AFE59E70FC439403E594A25F
:10F3F000E250FA43940AD2BA9061897448F0121A22
:10F4000039906199E0A2E050F8780079007A10E82C
:10F4100025E0F8E933F99061A7E0A2E0E433FCE8E5
:10F420004CF8DAEBE849600A748068700374036989
:10F43000700478BE79BAE8F5BCE9F5BC900722E023
:10F44000F8A3E0F9E8496042790078007A08906111
:10F45000A7E0A2E0E433FBE8334BF8DAF1E9FA8500
:10F460002182852283E5822AF582E43583F583E8CB
:10F47000F009E9C3942040D2AA21AB22900722E0F0
:10F48000F8A3E0F58388821230E5121A3F90618973
:10F490007440F0E0D2E5F0906164E4F0A3F0A3F0F2
:10F4A000A3F0A3F0A3F0742002F34DE5B454F344A9
:10F4B00004F5B4E5BDF902117AE5B454F34404F55A
:10F4C000B4E5BDF9E5BCFAE9FB02117AA9A8C2AF1F
:10F4D00075C301A8A3AAA2E9A2E792AFE8FB0211B3
:10F4E0007AC082C08374FC121260A8A8C2AF75C330
:10F4F00000E5A202F315C082C08374FC121260A85A
:10F50000A8C2AF75C31002F31574F4120BD474FCC7
:10F5100012126012F6608521828522837808121407
:10F520009190833878081213A412F5E16003121742
:10F530000F90071EC082C0831218C58A088B098CE1
:10F540000A8D0BD083D082780812135885218285CA
:10F550002283780812124890071E7808121473A8A4
:10F56000A8C2AF75C300852182852283E0F5A4740B
:10F5700001121504E0F5A57402121504E0F5A6E8E1
:10F58000A2E702F67474F4120BD474FC1212601227
:10F59000F65212149190833878081213A412F5E1F0
:10F5A000600312170FA2AFE433F8C2AFE5A7A2E4DD
:10F5B0005005D20053A7EF75C33085218285228381
:10F5C000E0F5A47401121504E0F5A5740212150407
:10F5D000E0F5A675A1EFA200500343A710E802F6DC
:10F5E00072E5084509450A450B2274F4120BD474E0
:10F5F000FC12126012F6521214919083387808129D
:10F6000013A412F5E1600312170FA2AFE433FEC298
:10F61000AFE5A7A2E35005D20053A7F775C3208535
:10F620002182852283E0F5A47401121504E0F5A57A
:10F630007402121504E0F5A653A1F7A2005003438B
:10F64000A7088521828522831214ED121793EE02FA
:10F65000F67212F660C20085218285228378082224
:10F66000852182852283EAF0A3EBF0A3ECF0A3EDE1
:10F67000F022A2E092AF74041211AD7F04020EDCFE
:10F6800074F4120BD474FC121260852182852283DB
:10F69000E4F0A3F0A3F0A3F0A2AF33FEC2AF75C3B2
:10F6A00000E5A2E5A4852182852283F0E5A5C0E0DE
:10F6B0007401121504D0E0F0E5A6C0E07402121542
:10F6C00004D0E0F090071E780812149185218285FD
:10F6D000228378081213B790071A780812149185BC
:10F6E00021828522837808121434504190071E78B5
:10F6F0000812149190071578081212CB702F121867
:10F70000478A088B098C0A8D0B90071E7808121304
:10F71000B71218478A088B098C0A8D0B85218285C0
:10F72000228378081213B79007197401F08521829B
:10F730008522831214C990071A1214D590071E123D
:10F7400014C99007151214D5EEA2E092AF8521825C
:10F750008522831214ED02F676C082C083900714CE
:10F760007480F043A70102F350C082C08353A7FE08
:10F77000900714E0F902F35074F4120BD4A2AFE432
:10F7800033FEC2AF900719E070151218478A088B34
:10F79000098C0A8D0B90071E78081213B78002E4BB
:10F7A000F0EEA2E092AF02F67BC082C0839016F228
:10F7B00012F7B7F002F8B8E4F0A3F0A3F0A32274B4
:10F7C000F0120BD48908EAFEEBFF121C43741012EE
:10F7D0001504780C121491EA4B600D8A828B83A376
:10F7E000A3780C121473806A7A0D7B00121B8FEAC7
:10F7F0004B605B8A828B83A3A3A3A3A3A3A3A3E5EC
:10F800000812F857EEF0A3EFF08A828B83A3A37857
:10F810000C1214738A828B83E4F0A312F857A3A30B
:10F82000A312F7B8F09016F012FB999016F060173B
:10F83000E0FCA3E08003E8FCE9FD8C828D8312FBF1
:10F840009970F38C828D83EAF0A3EBF080047A0048
:10F850007B007F08020EDCF08A828B83A3A3A3A324
:10F86000A3A322C082C0839016F080048C828D8373
:10F87000E0FCA3E0FDEC4D60238C828D83A3A3A369
:10F88000A3A3A3E06A7003A3E06B70E08C828D8376
:10F89000A3A3A3A3A3A3A3A3E06970D0ECFAEDFBF9
:10F8A0008016C082C083EA4B600E8A828B83A3A33A
:10F8B000A3A3A3A3E4F0A3F0D083D08202117A74AF
:10F8C000F6120BD4AEA8C2AF740A121504120FA719
:10F8D000121C3D74041211AD8B09A909EEA2E79226
:10F8E000AFEA4960047900800279087F02020EDCE9
:10F8F00074F2120BD4A2AFE433FEC2AF740E121531
:10F9000004780812149178081211C8121C3D74046E
:10F910001211ADEA4B60128A828B83A3A3A3A3A327
:10F92000A3A3A3A37808121473EEA2E092AFEA4B4C
:10F9300060047900800279087F06020EDC74F412FC
:10F940000BD4A2AFE433F508C2AF121C438A0A8B72
:10F950000BAE0AAF0BEE4F6003121C49E508A2E0A4
:10F9600092AFEE4F60047900800279067F04020EA8
:10F97000DC74F2120BD4750800750900750A007565
:10F980000B00A2AFE433FEC2AF121C438A828B830A
:10F99000E58245836007A3A37808121491EEA2E0E4
:10F9A00092AFAA08AB09AC0AAD0B808C74EA120BBB
:10F9B000D474FC121260852182852283EAF0A3EBC5
:10F9C000F0A3ECF0A3EDF0A9A8C2AF8521828522B7
:10F9D0008378081214919016F278081213B7E9A2EE
:10F9E000E792AF9016F012FB99700302FB89901614
:10F9F000F0E0FEA3E0FF750C00750D00750A0075C0
:10FA00000B00A2AFE433F50EC2AFEE2402F508E41A
:10FA10003FF509740212150412FB9970207401124B
:10FA20001504E07018852182852283E0F88508821C
:10FA3000850983E0C3984005E0C398803985088232
:10FA4000850983781012149185218285228378108C
:10FA50001214345018852182852283781012149153
:10FA60008508828509837810121308800A85088228
:10FA700085098312F7B7F0EE2406F514E43FF51577
:10FA8000EE2404F510E43FF51112FB937054851039
:10FA90008285118312FB99704EEE2409F512E43F22
:10FAA000F513851282F5831214C9E8494A4B604D5B
:10FAB000851482851583E0FAA3E0FBEA4B603E8E55
:10FAC000828F83A3A3A3A3A3A3A3A3E0F9121B3B49
:10FAD0008512828513831214C985088285098312D1
:10FAE00014D512FB93700B85108285118312FB993C
:10FAF000600B85148285158312FB9970258E828F89
:10FB000083E0F8A3E0F9E50C450D70059016F08050
:10FB100006850C82850D83E8F0A3E9F08E0A8F0B31
:10FB200080048E0C8F0D8E828F83E0FEA3E0FFE5B4
:10FB30000EA2E092AFE50A450B6047850A82850B6D
:10FB400083A3A312FB997033850A82850B83A3A339
:10FB5000A3A312FB997024850A82850B83A3A3A318
:10FB6000A3A3A3E0FAA3E0FB850A82850B83A3A3EA
:10FB7000A3A3A3A3A3A3E0F9121B3BAA0AAB0B12F6
:10FB80001B95EE4F600302F9FC74041211AD7F0E59
:10FB9000020EDC850882850983E0F8A3E0F9E849D4
:10FBA00022C082C0839016F21214ED02F8B874F7E6
:10FBB000120BD4122E7F122DA7122C8D7901122F29
:10FBC0004BE9FE79FF121B4DEEF9806574F7120BBD
:10FBD000D474FF121260122E79E9FE8521828522EB
:10FBE00083E4F0AA21AB2279561219257AA77B0E5D
:10FBF00079E212192512FD246012901879E0FAA317
:10FC0000E0FB121B95901879E4F0A3F0EEF9801C4C
:10FC100074F7120BD4E9FE74E26E700B7CA77D0EB4
:10FC2000121C857900800312191F800574011211BE
:10FC3000AD7F01020EDC74F7120BD48908EAFEEBEB
:10FC4000FF74E26508700BEEFCEFFD7AA77B0E12E5
:10FC50001C85EEFAEFFBA90812192580D4C082C0DA
:10FC6000838A828B83A3A3A3A3A3A3A3A3E4F012F9
:10FC70002DAD02FE86C082C0838A828B83A3A3A39C
:10FC8000A3A3A3A3A3E4F0122C9302FE8874F4129E
:10FC90000BD4EAFEEBFF8E828F831214C990187585
:10FCA0001214D512FD24600479FC80418E828F836A
:10FCB000A3A3A3A3E0FA74036A601D12FF57703078
:10FCC0007A1B7B00121B8F12FD1160417C1B7D0093
:10FCD0007900121AE712FF7B8E828F83A3A3A3A35E
:10FCE000A3A3E4F0EEFAEFFB122EBB790002FF5261
:10FCF0008E828F83A3A3A3A3A3A3A3E060DA75F0EE
:10FD000021A4FAABF0121B8F12FF6470CB791A801A
:10FD1000DC8A0A8B0BA80AA90B901879E8F0A3E9F2
:10FD2000F0E84922901879E0F8A3E0F9E849227454
:10FD3000F7120BD474FF121260EAFEEBFF852182EA
:10FD40008522837401F0AA21AB227952121925EE83
:10FD50002415F582E43FF583E4F0EE2420F582E4F7
:10FD60003FF583E4F0EEFAEFFB122C99790002FCE8
:10FD70002C74ED120BD48A088B098C0A8D0BEA24A3
:10FD80001EF8E43509F9880C890DEA241CF582E493
:10FD90003509F583E0FBEA241BF582E43509F58398
:10FDA000E0FA88828983E0F9122D178A0E8B0FAE54
:10FDB0000EAF0FEE4F700302FE7F8508108509110C
:10FDC00075120078101211CC7C137D00EE2426FAF7
:10FDD000E43FFB121ADB74031211ADEE2402F8E4C7
:10FDE0003FF9880E890FE508241FF582E43509F5EF
:10FDF00083E0F510A3E0F51178101211CC850C8288
:10FE0000850D83E0FC7D00850E828983E0FAA3E006
:10FE1000FB121ADB74031211ADE50824135002051E
:10FE200009F51085091178101211CC7C0B7D00EEBC
:10FE3000241BFAE43FFB121ADB74031211ADE50A2E
:10FE4000450B60308E828F83A3A3A3A3E0F96024C7
:10FE5000850E82850F83E0FAA3E0FBEA4B601585EF
:10FE60000A82850B831230E5E96009EEFAEFFB1296
:10FE70001AFF800BEEFAEFFB122D11790080027948
:10FE80001A7F0B020EDC7900D083D08202117A79BE
:10FE90000002FC31C082C0831217D580E9C082C045
:10FEA000831217DB80E2C082C0831217E180D9740D
:10FEB000F7120BD41217E780D6C082C08374FF12EA
:10FEC0001260E9852182852283F0AA21AB2279E0A4
:10FED00012192574011211AD80AE74F4120BD48A7C
:10FEE000088B09ECFEEDFF7B007A007900122D17DC
:10FEF000EA4B605EEA2431F582E43BF5837402F05C
:10FF0000EA2426F582E43BF583E508F0A3E509F051
:10FF1000EA242EF582E43BF5837402F0EA242FF5FF
:10FF200082E43BF583EEF0A3EFF0EA2432F582E4BD
:10FF30003BF583E4F0EA2433F582E43BF583743146
:10FF4000F0A3E4F0EA2423F582E43BF583E4F01225
:10FF50002D117F04020EDCEE2416F8E43FF9880828
:10FF60008909EA228A0A8B0BA80AA90B85088285CF
:10FF70000983E8F0A3E9F012FD1922901879E02432
:10FF80000BF8A3E03400F9850882850983E8F0A323
:10FF9000E9F02274F0120BD48A088B098C0A8D0BBD
:10FFA0007410121504E0F8A3E0F9E8FAE9FB908375
:10FFB000D4780C1214917808790C121005700E8AFE
:10FFC000828B83E4F0A3F0FAFBFCFD8022EC33ED9E
:10FFD000332482F83395E0F98A828B83E8F0A3E931
:10FFE000F0AA08AB09ED5480443FFDECC2E7FC7F6A
:04FFF00008020EDC19
:020000040003F7
:1000000074F0120BD474EA12126085218285228367
:10001000EAF0A3EBF0A3ECF0A3EDF0C2007426121B
:10002000150478081214919083D4780C12149178E6
:1000300008790C121005700B7A007B007C807D3FE4
:100040000283CE85218285228378081214919083C1
:10005000D4780C1214917808790C121005700302F0
:1000600080E28521828522837808121491EDC2E70F
:10007000F50B901C17780C1214917808790C12105B
:1000800005701590187E7422F0A3E4F08521828516
:1000900022831214ED0283CE7426121504780812FE
:1000A0001491901C17780C1214917808790C121086
:1000B00005701490187E7422F0A3E4F07AFF7BFFA1
:1000C0007C7F7D7F0283CE7426121504780812147B
:1000D00091901C1B780C1214917808790C12100561
:1000E000700B7A007B007C007D000283CE8521822C
:1000F00085228378081214919083D4780C1214917D
:100100007808790C120E4450717426121504780880
:100110001214917426121504780C121491780C1292
:1001200008AA780C120AED7808790C12020D901CBE
:100130001F780C1214917808790C120DF5500B9061
:10014000187E7421F0A3E4F08098852182852283B3
:100150007808121491EDC2E7F50B85218285228380
:100160007808121473742612150478081214917802
:10017000081208AAE508A2E0920085218285228360
:100180007808121491E50B5480443FF50BE50AC240
:10019000E7F50A7406121504780812147385218293
:1001A0008522837808121491E50A33E50B33248203
:1001B000F5083395E0F509F50AF50B7808120AED14
:1001C0007426121504780C1214917808790C120612
:1001D00032740E1215047808121473740E1215047A
:1001E0001214ED1222AF8521828522831214E1853B
:1001F0002182852283780812149178081208AA7443
:1002000004121504E508F0A3E509F07406121504BC
:100210001214ED1222BB74121215041214E174268A
:1002200012150478081214917404121504E0F50CE8
:10023000A3E0F50D3395E0F50EF50F780C120AEDFD
:100240007808790C12020D7412121504780C12142D
:10025000917808790C120632C008C009C00AC00B98
:10026000740E121504780812149185218285228358
:10027000780C1214917808790C12020D901C2378D6
:100280000C1214917808790C120632D00FD00ED0CF
:100290000DD00C780C7908120232AA0CAB0DAC0E02
:1002A000AD0F1222A9740A1215041214E1852182DD
:1002B000852283E4F0A3F0A37480F0A3743FF0746C
:1002C00004121504E0FAA3E0FB1222A3EA4B702FFC
:1002D00002836B7406121504780C121491740612C2
:1002E00015047808121491780C79081206327406F5
:1002F000121504780C121473EBC313FBEA13FAEA19
:10030000A2E05027852182852283780C12149174F3
:10031000061215047808121491780C790812063226
:10032000852182852283780C12147374016A4B70C4
:10033000A27404121504C3A3E09400A2D265D033C2
:100340005029750800750900750A80750B3F8521D5
:1003500082852283780C1214917808790C12044C4F
:100360008521828522837808121473740A12150479
:1003700078081214917404121504E0F9852182851D
:100380002283780C121491E9A2E713F9E413250EE5
:10039000F50EE9350FF50F7808790C120632740A5C
:1003A0001215047808121473A200740A5010121562
:1003B000047808121491E50BB2E7F50B80081215CA
:1003C000047808121491AA08AB09AC0AAD0B741694
:1003D0001211AD7F08020EDCC082C08390079EE43C
:1003E000F09007A5F002858274F7120BD4E9FE9015
:1003F000079EE0600312170F90079E7401F0901A99
:10040000DAE06008791D121A8D0284EAEE90079FE7
:10041000F06402700512186B804AE06007640160A6
:100420000312170F9007A2E4F09019DDE0F8A3E0A3
:10043000C8240EF582E438F583E054406005900747
:100440005E8003900740E09007A0128549701290EB
:100450000727E0600C9007A0E0C3940340037402F8
:10046000F0121A579007A5E0705A9019DDE0F8A332
:10047000E0F9E849700312170F128753E0F8A3E080
:10048000F988828983E054209007A4F088828983C8
:10049000A3A3E09007A3F09019DDE0FAA3E0F583B1
:1004A0008A82A3A3A3A3E0FAE824FFF582E934FF3C
:1004B000F58374022AF075E1EE74012AF9AA82AB81
:1004C00083121907A2AFE433F8C2AF900789E07036
:1004D0001190078BE0700B90079E1285BA121A5D7F
:1004E000800890079E74021285BC0286AC74F612D6
:1004F0000BD4121937E9F97508017509009007A0A6
:10050000E0780812137EE50814599007A112854976
:10051000700512185F80031218597F02020EDCC0AA
:1005200082C0839061A4E0C2E0F090078BE4128562
:100530004964027005121871800DE06403700512A1
:1005400018778003121A638039F090079FE022C069
:1005500082C08390079FE07014122CCFE9F89007B7
:10056000A1E0C3984007791C121A8D800312186508
:100570008010C082C0839007A57401128549F912CA
:100580001A51D083D08202117AC082C08390078929
:10059000E0700690078BE0600312170FA2AFE43300
:1005A000F8C2AF90079EE0640270081285BA121A72
:1005B0005D8005E8A2E092AF80C87483F0E8A2E015
:1005C00092AF22C082C08390079FE0600764016001
:1005D0000312170F90079E7404F0121A339007A2AB
:1005E000E004F0F890073FE0C398500779E1121A51
:1005F0008D803290074BE0FA9007A0E0790024014B
:10060000F8500109EAFCC3E89CE99400A2D265D045
:10061000335004E0048001EAF0121A5790079E74E8
:1006200083F0121A6302858274F7120BD4A2AFE42E
:1006300033FEC2AF90079EE064837027900789E085
:1006400060031219B59007A4E090079E700F74859F
:10065000F0EEA2E092AF7900121A8D800B7486F052
:10066000121883EEA2E092AF804274F7120BD4E925
:10067000FF8A08A2AFE433FEC2AF90079EE0648613
:1006800070257487F0121889EEA2E092AF9007A34C
:10069000E06F700CE5086004791B80067900800229
:1006A00079E9121A8D8005EEA2E092AF7F01020E69
:1006B000DC74F7120BD4A2AFE433FEC2AF90079EF6
:1006C000E0648670127487F0121889EEA2E092AF8F
:1006D00079E9121A8D8005EEA2E092AF80CE74F710
:1006E000120BD4E9FE9007A5E4F090079EF0900766
:1006F00060E06005900789E4F0121A3312195B126A
:100700001967EEF9122CED80A374F4120BD4901932
:10071000DDE0F8A3E0F9E849700312170F12182979
:100720008A088B098C0A8D0B128753A3A3A3780820
:100730001214731218BF8A089019DDE0FAA3E0CAF8
:100740002409F582E43AF583E508F0A3EBF07F0491
:10075000020EDC9019DDE0F8A3E0F5838882A3A304
:100760002274F1120BD474EE1212607E0012221F5A
:10077000E9F8A2E050027E017508CA75091A7808E6
:100780001211D07C017D007A557B00121C07740287
:100790001211ADE9700AEEA2E050057900122F9F08
:1007A0007A247B00121C0D8A088B097A357B001293
:1007B0001C0D8B0BEA450B707274026508450970BD
:1007C0006AA821A9228808890978081211D0750819
:1007D0000275090078081211D07C007D007A247B14
:1007E00000121C1974041211AD852182852283E048
:1007F000F8A3E0F9E8FAE9FB901B97EAF0A3EBF025
:10080000A3E4F0A3F075089775091B78081211D0BE
:100810007C047D007A357B00121C0774021211AD36
:100820007C027D007A247B00121C1F7A5B7B187986
:10083000E2122237EEF91222197C107D0079007441
:1008400002121238121AE7901BD1E06004640170A2
:100850004F750C53750D37750E8074021212308867
:10086000088909750A0078081211CC7C107D00A94E
:100870000CAA0DAB0E121AE174031211ADE9600A55
:10088000740212123812219B8016780C1211CC7C43
:10089000107D007405121238121ADB74031211ADA8
:1008A00074021212308808890978081211D07C105D
:1008B0007D007A627B00121C0774021211ADE97090
:1008C00025EEA2E0502078081211D07508107509A5
:1008D0000078081211D07C007D007A627B00121C27
:1008E0001374041211AD7C107D0079007402121291
:1008F00038121AE7EEF91221F5EEA2E050077A015C
:100900007900122225790074121211AD7F07020EB0
:10091000DC74F2120BD4890D750C009018717401FF
:10092000F0801A1211D078081211D07C007D00EEF0
:10093000FAEFFB121C1974041211AD050CE50C75CD
:10094000F006A4F8A9F074E728F8743039F9888221
:100950008983E493FA740193FBEA4B606EA3A3A32B
:10096000A3E493F50A740193F50B88828983A3A30A
:10097000E493C0E0740193F583D082858208858377
:100980000988828983E493C0E0740193F583D0825F
:10099000AE82AF83780A1211D0AC08AD09EEFAEF3F
:1009A000FB121C0774021211ADE9708FE50D780A75
:1009B00070030289231211D078081211D07C007DB7
:1009C00000EEFAEFFB121C130289367F06020EDCE2
:1009D00074F6120BD474FF121260128A251211D011
:1009E0007C017D007A037B00121C0774021211AD9A
:1009F000E9702078081211D075080175090078088F
:100A00001211D07C007D007A037B00121C19740443
:100A10001211AD852182852283E0F974011211AD96
:100A20007F02020EDC852182852283E4F0A821A9C1
:100A3000228808890978082274F6120BD474FF12F0
:100A40001260E9FEEAFF128A251211D075080175BD
:100A5000090078081211D07C007D007A037B001217
:100A60001C1974041211ADE9F9703E74FF6E700A1E
:100A7000852182852283E04F800C74FF6FF88521E9
:100A800082852283E058128A2C1211D075080175D4
:100A9000090078081211D07C007D007A037B0012D7
:100AA0001C1374041211ADE9F9028A1B74F4120BC1
:100AB000D48908EAFEEBFF901738E07021750A65CB
:100AC000750B1E780A1211D07C147D007A007B0011
:100AD000121CCD74021211AD9017387401F07A0512
:100AE0007B00121B8F8A0A8B0BA80AA90BE849709E
:100AF000047910804E88828983E4F0A3F08882898B
:100B000083A3A3E508F088828983A3A3A3EEF0A3BF
:100B1000EFF0901736E0FAA3E0FBEA4B901736604F
:100B20001BE0FCA3E08003EAFCEBFD8C828D83E0FC
:100B3000FAA3E0FBEA4B70EF8C828D83E8F0A3E927
:100B4000F07900028DD978081211D4750800780860
:100B50001211D47C037D00EEF9121CE5740B121106
:100B6000AD74021211AD7F02020EDC74F6120BD4CA
:100B700074FE121260E9FEEC852182852283F074F6
:100B800001121504128BBE1211D0750802750900EE
:100B900078081211D07411121504128BCB1211D4D3
:100BA000E4F50878081211D07413121504128BCBD7
:100BB0001211D475080178081211D4028B46EDF099
:100BC000A821A92288088909780822E0F508780870
:100BD0002274F6120BD48A828B83A3A3E0FE5407FF
:100BE000640170658A828B83E0F8A3E0F988088944
:100BF00009E82414F582E43509F583E0FC90173602
:100C0000128DEB49604388828983A3A3E06C8882BC
:100C1000898370ECA3A3A3E0FCA3E0FDEC4D602965
:100C2000850882850983A3A3A3A3E0F508A3E0F5C3
:100C3000097808120F220000037A8C4D8C7A8C7A86
:100C40008C438C121E6BE9803379018030EE54089E
:100C500070248A828B83A3A3A3A3A3A3A3E0701A07
:100C60008C828D83E0F8A3E0F988828983E5824550
:100C70008360031230E5740080027401F9028B6610
:100C800074F4120BD474FA1212608A088B098A82E7
:100C90008B83A3A3A3A3A3A3A3E0F88A828B83A33C
:100CA000A3E054086003028D85E870378A828B8345
:100CB000A3A3A3A3A3A3A3A3E0FAA3E0FB850882B5
:100CC000850983E0F8A3E0C82414F582E438F583AD
:100CD000E0F98A828B83E0FCA3E0FBECFA1230653A
:100CE000028DD27401686003028D8885218285227D
:100CF00083E4F0A3F08A828B83128DEBFEE9FFE49C
:100D0000F50AF50B780A1211D07402121230880A13
:100D1000890B780A1211D07C007D008E828F83A30C
:100D2000A3A3A3E0FAA3E0128DDE121D69740412DE
:100D300011AD852182852283128DEB497003028DCE
:100D4000D2850882850983E0FEA3E0FF85088285BD
:100D50000983A3A3A3A3A3A3128BCB1211D4750859
:100D60000178081211D47402121504E0FCA3E0FD0E
:100D7000EE2406FAE43F128DDE121E5F7402121199
:100D8000AD79FF804FE86004790180488A828B83C7
:100D9000E02406F8A3E03400F97402121504E8F028
:100DA000A3E9F08A828B83A3A3A3A3A3A3A3A31283
:100DB0008DEBFAE9FB8A828B83E0FCA3E0F9ECF887
:100DC0007404121504E8F0A3E9F074021212381248
:100DD0002F1B790074061211AD7F04020EDCFBEEAE
:100DE0002414F582E43FF583E0F922E0F8A3E0F96A
:100DF000E822C082C083900784740BF0900783744C
:100E0000FFF0900782F09007858018C082C083129F
:100E1000197312197F800DC082C0831218B3800429
:100E2000F0EBA3F0D083D08202117AC082C083900D
:100E30006180E0F8E96004D2F08002C2F0A2F0E440
:100E40003333FA74FD584A80DAC082C083EA906175
:100E50007280CDC082C083EA90617480C3C082C0BA
:100E600083EAFCEBFD79087A6A7B611218FB80B497
:100E700074F7120BD4E9FE907803E0F8749568607B
:100E80000574346870059037F080039037F4E4936C
:100E9000F8740193F988828983E493FAC39EA2D2FD
:100EA00065D033400EA3E493FAEEC39AA2D265D084
:100EB000335002EAFEA2AFE433FAC2AF88828983DC
:100EC000E4939E2402FCE82CF582E439F583E49354
:100ED000900785128F6560057434687011900785DE
:100EE000E064FD900786700474018001E4F0EAA2DA
:100EF000E092AF12195BEE028F9DC082C083A2AF59
:100F0000E433F9C2AF900785E0F8900782E06860AB
:100F10004C90078BE0704690079EE0A2E7403E9021
:100F20000785E0900782128F65600574346870252C
:100F3000900782E0906190F0900786E09061AC604D
:100F40000A74F5F0906191747480117455F0906199
:100F50009174698007900782E0906190F0E9A2E0C7
:100F600092AF028E24F0907803E0F87495682274B2
:100F7000F7120BD4E9FF74F529C394134003121739
:100F80000FA2AFE433FEC2AFEF900784F090079E4C
:100F9000E07003121967EEA2E092AF8001F97F01C1
:100FA000020EDCC082C08390079EE0600312170F20
:100FB000A2AFE433F8C2AF900784E0F9900783E072
:100FC000696026900784E0900783F0E8A2E092AF82
:100FD000121A3F75F005900783E0A424D490618F26
:100FE000F01219B5121A2D8005E8A2E092AF028E18
:100FF0002474F7120BD4E9FE901ADAE0600312179A
:101000000F90078AE0600312170FEE700790078AAF
:101010007401802674036E700790078A7403801A27
:1010200074016E600874026E600312170F90078AD5
:101030007402F090617274FFF0A3F0028F9EC08280
:10104000C08390078AE4F0900741E0906172F090CD
:101050000742E0906173028E23C082C0831218E9B8
:10106000028E24C082C0831218EFE9FA900788E04C
:10107000540FF874E428F582E43437F583E49329B7
:1010800024B7F9121985028E2474F7120BD4E9FEE5
:10109000903811E49324A9F8903810E493240AFCC2
:1010A000EEC398A2D265D0335003E8800BECC39E08
:1010B000A2D265D0335002ECFEE8FA3395E0FBEEA5
:1010C000F83395E0F9E8C39AF8E99BF9E875F0FF81
:1010D000A4F8ADF075F0FFE9A42DF9EC3395E0FD2F
:1010E000ECC39AFAED9BFB120972E8028F9D74F72C
:1010F000120BD4121985028F9E74F0120BD474F85F
:10110000121260852182852283EAF0A3EBF0A3EC22
:10111000F0A3ED1293C51214919083D4780C12149D
:10112000917808790C121005700B7A007B007C8096
:101130007D3F0293BB85218285228378081214911A
:10114000EDC2E7F50B901BD7780C12149178087953
:101150000C120DF5504490187E7422F0A3E4129303
:10116000C51214919083D4780C1214917808790CDC
:10117000120E44500E750800750900750A00750BB3
:1011800000800C7508FF7509FF750A7F750B7FAA33
:1011900008AB09AC0AAD0B0293BB85218285228383
:1011A0007808121491901BDB780C1214917808794E
:1011B0000C120632852182852283780812147385E9
:1011C00021828522837808121491E50BC2E7F50B82
:1011D00078081208AAE508FA852182852283780C0E
:1011E0001214919083D47808121491780C79081213
:1011F0000E4450398521828522837808121491EAA1
:10120000F50C3395E0F50DF50EF50F780C120AED9F
:101210007808790C12020D9083D4780C121491780E
:1012200008790C12100560010AEAF404FA8521829B
:10123000852283780C121491EAF5083395E0F509BC
:10124000F50AF50B7808120AED780C790812020DF0
:101250007404121504780C121473740412150478B3
:101260000C121491901BDF7808121491780C7908F5
:10127000120E4450277404121504780C1214919025
:101280001BDF7808121491780C790812023274046A
:10129000121504780C121473D2008002C200740478
:1012A0001215047808121491901BE3780C12149113
:1012B0007808790C120632901BE7780C121491789A
:1012C00008790C1202327404121504780C1214916D
:1012D0007808790C120632901BEB780C1214917876
:1012E00008790C1202327404121504780C1214914D
:1012F0007808790C120632901BEF780C1214917852
:1013000008790C1202327404121504780C1214912C
:101310007808790C120632901BF3780C121491782D
:1013200008790C1202327404121504780C1214910C
:101330007808790C120632901BF7780C1214917809
:1013400008790C1202327404121504780C121491EC
:101350007808790C120632901BFB780C12149178E5
:1013600008790C12023285218285228378081214B2
:1013700073A2005025852182852283780C12149156
:10138000901BFF7808121491780C790812063285A8
:101390002182852283780C121473EAF985218285D3
:1013A00022837808121491AA08AB09AC0AAD0BE9A4
:1013B000A2E713F9E4132CFCE93DFD74081211AD0A
:1013C0007F08020EDCF0852182852283780822F0D6
:1013D00075E1E275E1FF0294D0A9A8C2AF75C30020
:1013E000AAA2A8A3E9A2E792AFE8F9EAF87A007BFB
:1013F00002120972E8F902117AC082C0839061A4D6
:10140000E0A2E4500312170F759C019061E474018F
:10141000F075E1E275E1FFA8A8C2AF759B00759178
:10142000EFE8A2E792AFA8A8C2AF759B007591F74D
:10143000E8A2E792AF0294D0C082C083121853751D
:10144000E1BC75E1B875E10F75E1D075E1D075E1EA
:10145000D075E1D0805FC082C08312185375E1BCA3
:1014600075E11775E18175E11075E1D275E1818053
:1014700044C082C0839007A1E09061E2F075A1FDB5
:10148000A2AFE433FAC2AF75C300A8A2A9A3900724
:1014900013E094125008E87005E97002780175C3F2
:1014A0000388A289A3EAA2E092AF129534121A39F6
:1014B00075E1E1801B75E11075E1D275E1D975E147
:1014C0000175E10975E1BA75E10175E1C575E1D212
:1014D000D083D08202117AC082C08312185375E182
:1014E000BC80D874F7120BD4129534A2AFE433F554
:1014F00008C2AF75C300E5A2AFA4740F5FF8740F04
:1015000098FE9061E2F0121A2790079C7401F07522
:10151000E1E175C300E5A2E5A46F600DEEC394029E
:10152000400774FF2E9061E2F0E508A2E092AF7FE1
:1015300001020EDC9061A4E0D2E4F0E0D2E3F022FC
:10154000C082C0839007A1E09061E2F00294AAC03B
:1015500082C0839061E4E070179061A4E0A2E4503F
:101560000FE0C2E4F0E0A2E3500312188F121A7BDE
:101570000294D074F4120BD49061A4E0A2E450035E
:1015800012170F12184DE9F508900724E0FEC394D6
:1015900015500312170F74EC25082EFE75F01484F5
:1015A000FF75F014A4CE9EFE0F9061E47402F0EF7C
:1015B0009061E2F0EEC39415400312170F75A1FD80
:1015C000A2AFE433FAC2AF75C303EEF50A750B00A0
:1015D0007409780A12137EF8A90B900713E0C394DC
:1015E000125006E97003087900E8F5A2E9F5A3EACC
:1015F000A2E092AF75E1E275E1FFA8A8C2AF759BCA
:10160000007591EFE8A2E792AF75E1BC75E1B8759E
:10161000E1D29061A4E0D2E4F075E1E112184DE965
:10162000C39508500A9061E2E06F7003E014F07F08
:1016300004020EDCC082C0839061A4E0C2E4029385
:10164000CFC082C0839061A4E0C2E3F0121A93027B
:1016500094D0C082C0839061A4E0C2E4F09061E4C1
:10166000E07005121A7B8015E064017005121A758E
:10167000800BE06402600312170F121A870294D0E5
:10168000C082C0839005FCE070037401F0D083D069
:101690008202117A7F07020EDC7F06020EDC74F7ED
:1016A000120BD4E9FF7E0874805FF9121751EFC363
:1016B00033FFDEF3790012175712977D121757790F
:1016C000011214AFA297B3800579011214AF7F0104
:1016D000020EDC74F7120BD4E9FE79001217577969
:1016E000011214AFEE600553FE7F800543FE80C2F9
:1016F00097790112175780D174F7120BD4E960144F
:1017000053FEBF7E0AA2964010EE600D79011214BE
:10171000AF1E80F143FE40C29680AE74F7120BD428
:1017200079011217577E03A296400979011214AF6E
:101730001EEE70F3790012175712977D1217577922
:10174000011214AF43FE80C29779011214AF7900E1
:101750001217570296CEC082C083790012175743E2
:10176000FE80C29779011214AF79011217571297B0
:101770007D1214AF53FE7F53FEBF02968D53FE7F42
:1017800079012274F6120BD47E007F0779001217BC
:101790005779011214AF790112175779011214AF5A
:1017A000A2975011750801750900EF780812137E91
:1017B000E508CE4EFE74FF2F1FC39400A2D265D061
:1017C0003350C9EEF97F02020EDC74F1120BD4899A
:1017D0000E8A0BECFEEDFF750C00750D00740F12F8
:1017E00015041298D6603712175DE50EC333F50A5B
:1017F000F912174B5004D2F08002C2F0A2F0501E32
:10180000A90B12174B501712175D7401450AF912F4
:10181000174B5004D2F08002C2F0A2F040047901CC
:101820008044790012175753FE7F121769EE250C7A
:10183000F582EF350DF583E9F0C3E5089402E5097B
:10184000940040057900121751050CE50C70020553
:101850000D1298E270CC790012175712977D12176B
:1018600051121763790002969474F2120BD4890D09
:101870008A0CECFEEDFF750A00750B00740E121554
:10188000041298D6603712175DE50DC333F91217AD
:101890004B5004D2F08002C2F0A2F05020A90C12EA
:1018A000174B5019790012175753FE7FEE250AF592
:1018B00082EF350BF583E0F912174B400479018074
:1018C00012050AE50A7002050B1298E270D612178B
:1018D000637900029699E0F508A3E0F509E508456B
:1018E0000922E50824FFF508E50934FFF509E508B4
:1018F00045092274F7120BD4780079008027740010
:101900002EF582E43406F583E08A828B83F090061C
:1019100080E0041299C8C394804005900680E4F0EA
:1019200008E8700109900680E0FEA3E06E6007C33E
:10193000E89CE99D40C8E8FAE9FB029B2874F7128D
:101940000BD4900705E0FEF8900704E0FFEEC39F7C
:10195000E05010C398F895E0F9E824FF18E934FF47
:10196000F9800DC398F895E0F9E8247FF850010953
:10197000C3E89CE99D50067A007B00804878007996
:1019800000800BE004F0439A0408E8700109C3E802
:101990009CE99D502C8A828B83E0C0E0900705E093
:1019A000FE74842EF582E43406F583D0E01299C8E3
:1019B000900706E4F0900705E0C3947F40C5E480FB
:1019C000C4E8FAE9FB029B28F08A828B83A3AA82EF
:1019D000AB832274F6120BD4900707E0F8A3E0F96A
:1019E000E8FEE9FFEE4F606C1217AB8A088B09A87E
:1019F00008A9097A00900682E0FC6016A3E0FBE5E6
:101A000095C39BFBC39C9006825005E0C39B80015D
:101A1000E4F0E595A3F0C3E8947FE9940040047AEC
:101A2000018019C3E89430E9940040047A02800CE4
:101A3000E8496008900682E070027A04900706E0A8
:101A40006006E4F0EAD2E4FAEA600979008E828F57
:101A5000831230E57F02020EDCC082C083900681D3
:101A6000E0FD900680E0FCFAEDF8C39C4008E8C376
:101A70009AFA95E0800D7480C39AFA95E0FBEA2DFE
:101A8000FAE43BFBD083D08202117A53FF3F85FFFB
:101A9000FF53F1FE43F30C53F2F375868075C48057
:101AA00002117AC082C083E97068EA241BF582E4DF
:101AB0003BF583E0F8A3E0F9900707E8F0A3E9F02D
:101AC0008A828B83A3E0F8740368600A74046860F8
:101AD0000575C23B800375C2D8E0601314600B1417
:101AE000600314700F75C50A800D75C509800875EF
:101AF000C508800375C50B8A828B83A3A3E06008A9
:101B000075C44243F330800375C402438640D2AAB1
:101B1000D2E97900029A8474F7120BD4E9700512A5
:101B2000179980047A007B007F01020EDC74F712A3
:101B30000BD4E9700512179F80047A007B0080E8BF
:101B4000C082C0831217A5029A8474F7120BD4E9DD
:101B500070051217AB80047A007B0080CBC082C076
:101B6000839035C57C247D07745E1210D41219371A
:101B7000E990073DF0121937E9900731F0D083D092
:101B80008202117AE9F874C029F9C3941E401074D6
:101B90002028C3940F5006743E28F98002792D0244
:101BA000117A74F3120BD4EAFEEBFF121919E9F85B
:101BB000742D68700479F4805385A80BC2AFE8F5E2
:101BC000087509007402780812137E74212508FA3A
:101BD00074333509FB8A828B83E493F8742428F5E7
:101BE00008E43407F509750A0078081211CC8A82D6
:101BF0008B83A3E493FC7D00EEFAEFFB121ADB74F7
:101C0000031211ADE50BA2E792AF79007F05020E3A
:101C1000DC74F1120BD48908EAFEEBFF74F165085D
:101C200070248E828F83E0640179027014121A216D
:101C3000A908121919E9F8742D68702F79F4029D1A
:101C4000AD121A1580EA74F06508700F8E828F83CA
:101C5000E0901A65F0F912193D80D5744565087059
:101C6000CF900729EEF0A3EF029DAAE8F50A750BC5
:101C7000007402780A12137E7421250AFA7433352F
:101C80000BFBEA2402F8E43BF988828983E493F5AC
:101C900009EA2403FCE43BFDE50970088C828D838E
:101CA000E49360538C828D83E4936509700579FB1E
:101CB000029DAD74586508701A8E828F83E024717E
:101CC000F50AA3E034FFF50BC3E50A9422E50B9473
:101CD00064501F8E828F83E0F50988828983E493A4
:101CE000F8E509C398400B8C828D83E493C3950972
:101CF000500579E8029DAD85A809C2AF8E0C8F0D05
:101D0000750E00780C1211CC8A828B83A3E493FCAD
:101D10007D008A828B83E493F8742428FAE43407E4
:101D2000FB121ADB74031211ADE509A2E792AFE5CD
:101D30000824B0601A24FE60301460202473604EC2
:101D400014603814603F24FD604E146055805C9030
:101D50000741E0FAA3E0FB121943804F900745E0EA
:101D6000FAA3E0FB1219498042900744E07902602F
:101D700005121A158035121A218030900754E0F9A7
:101D800012196180267A557B0712194F801D900722
:101D900053E0F912195580138E828F83E09007600B
:101DA00080088E828F83E0900761F079007F0702C0
:101DB0000EDCC082C0839016C1E4F0A3F09016C37D
:101DC00074C3F0A3740EF0900EC37470F0A3740289
:101DD000F0901133F0A37480F0A3748CF0A3740519
:101DE000F0D083D08202117A74F6120BD47A017B80
:101DF00000121B8F8A088B09AE08AF09EE4F7003E3
:101E000012170F85A808C2AFEE24FEF8EF34FFF9D1
:101E10009016C3E8F0A3E9F0EEFAEFFB121B9590E1
:101E200016C57401F0E508A2E792AF7F02020EDC4E
:101E300074F2120BD47C007D007E00EA2402FAE4E6
:101E40003BFBA2AFE433FFC2AF9016C5E06008EAE7
:101E50009411EB9400500A9016C3E0F8A3E0F980C7
:101E6000047835791188828983E0F508A3E0F509C3
:101E7000548060057E00029F0DEEA2E0507C8C82B3
:101E80008D83E0F50AA3E0F50B5480F50DE50A25F6
:101E900008F508E50B3509547FF509E50D4509F509
:101EA000098C828D83E508F0A3E509F0547FF509DC
:101EB000C3E5089AE5099B4054ECF8EDF9E8497050
:101EC00003029F7B88828983E0FCA3E0547FFDECC2
:101ED000C39AFCED9BFDC3EC9404ED9400405DE8D7
:101EE0002AF582E93BF583ECF0A3EDF0EB4480FBAF
:101EF00088828983EAF0A3EB804AE509547FFDC319
:101F0000E5089AED9B50B67E01E8FCE9FD888289E0
:101F100083E0F508A3E0547FF509E82508F8E935E2
:101F200009F988828983E0F508A3E0F509E5084509
:101F3000096003029E6578007900803F888289836A
:101F4000A3E04480F09016C5E060299016C3E0FA43
:101F5000A3E0FBE86A7002E96B701988828983E06C
:101F6000FAA3E0547FFBE82AFAE93BFB9016C3EAA8
:101F7000F0A3EBF0E82402F8500109EFA2E092AFE1
:101F8000E8FAE9FB7F06020EDC74F7120BD4EA24B0
:101F9000FEFEEB34FFFFEAF8EBF9C3E894C3E994E3
:101FA0000E4009C3E894C3E99416400312170F8E3C
:101FB000828F83A3E05480700312170FA2AFE43323
:101FC000FAC2AF8E828F83A3E0547FF09016C3E0F5
:101FD000F8A3E0F9EE98EF99500CEEF8EFF99016AF
:101FE000C3E8F0A3E9F0EAA2E092AF7F01020EDCC1
:101FF00074F0120BD474F61212608521828522834C
:10200000EAF0A3EBF0A3ECF0A3EDF08521828522AA
:1020100083780812149190837C780C1214917808BC
:10202000790C120E44503385218285228378081260
:1020300014919083D4780C1214917808790C1210B2
:102040000590187E700A742212A1F47DFF02A1EAA5
:10205000742112A1F47D7F02A1EA74041212308867
:1020600008890978081211D074021215041214EDAF
:102070001222B574021211AD8521828522831214B9
:10208000E18521828522837808121491901BFF78C4
:102090000C1214917808790C120E4450328521826A
:1020A00085228378081214917401C31313250AF54D
:1020B0000AE4350BF50B85218285228378081214FA
:1020C000737404121504E024FFF0A3E034FFF085DC
:1020D00021828522837808121491901C07780C12B3
:1020E00014917808790C120232C008C009C00AC0E5
:1020F0000B852182852283780C121491901BFB782A
:1021000008121491780C7908120232D00BD00AD040
:1021100009D0087808790C12044C85218285228325
:10212000780812147385218285228378081214910D
:10213000852182852283780C1214917808790C12FB
:1021400006327406121504780812147374041215FA
:1021500004E0F5083395E0F509F50AF50B78081267
:102160000AED901C23780C1214917808790C120651
:1021700032C008C009C00AC00B74061215047808E2
:10218000121491901C0B780C1214917808790C128F
:102190000632901C0F780C1214917808790C1202F8
:1021A000327406121504780C1214917808790C1206
:1021B0000632901C13780C1214917808790C1202D4
:1021C00032852182852283780C1214917808790C4B
:1021D000120632D00FD00ED00DD00C780C79081228
:1021E0000232AA0CAB0DAC0EAD0F740A1211AD7F0A
:1021F00008020EDCF0A3E4F07AFF7BFF7C7F2279FB
:10220000FF121B4D53BEFBE59DA2E650FA0078F885
:10221000790100E824FF18E934FFF9E84970F37503
:10222000C600E59E70FC43BE049062707408F043E3
:10223000FE0343FD8012199DC28143FD02C2844307
:10224000FD10C28543FD20C28643FD407E10794AC1
:10225000121703E960F81EEE70F47900121AB11239
:1022600017217A007B00121C0112222B12306B12F4
:102270002213121B5379FF121B477902121AB11253
:102280001B597A007B0002117A74EE120BD474F899
:102290001212609082C9AC21AD2274081210F6753A
:1022A00008A775090EF50AA821A922880C890DF541
:1022B0000EF510F51178101211D07C087D007A010E
:1022C0007B00121C0774021211ADE970467510A74D
:1022D00075110E78101211D0751008751100781054
:1022E0001211D07C007D007A017B00121C1974044D
:1022F0001211ADE9701D780C1211CC7C087D00A97B
:1023000008AA09AB0A121AE174031211ADE97003AD
:1023100002A3DE75100878101211D07CA77D0E7A0A
:10232000E87B07797F12173374021211AD780C1213
:1023300011CC7C087D00A908AA09AB0A121AE17425
:10234000031211ADE96071780C1211CC7C087D008C
:10235000790C7A787B00121AE174031211ADE970DE
:102360001D75080C75097878081211CC7C087D0061
:102370007AA77B0E121ADB74031211AD803A7E002D
:10238000121AF38A08EEFA74A72AF582E4340EF5DD
:1023900083E508F00EEEF812A3F1EBF00EEEC39415
:1023A0000640DD0812A3F17420F00874A728F58216
:1023B000E4340EF58374F8F07508A775090E7808F3
:1023C0001211D075080875090078081211D07C0028
:1023D0007D007A017B00121C1374041211AD7AA7E0
:1023E0007B0E79E212223D74081211AD7F0A020EB3
:1023F000DC74A72EF582E4340EF5832274EC120B04
:10240000D4751000751100751200751300AEA8C2C6
:10241000AF1218E38A088B098C0A8D0BEEA2E792A3
:10242000AF900EB578081212CB700302A5378A0C54
:102430008B0D8C0E8D0F900EB5780C121248908378
:102440003C780C121155400302A537900EB5780860
:102450001214738010908344780C121358908348A0
:10246000781012135890834C780C12115540E67571
:10247000081975090078081211D07403780C12112C
:1024800036900EB9E0F508A3E0F509E4F50AF50B7E
:10249000780C790812136BAA0CAB0DAC0EAD0F12B1
:1024A0000DA474021211AD8A0C8B0D8C0E8D0F745D
:1024B00010780C1212177810790C12136B900EB959
:1024C000EAF0A3EBF0A2AFE433FEC2AF900EBB780C
:1024D000101213B79083FC7808121491900EBB78F9
:1024E0000812143440417508E87509037808121180
:1024F000D0900EBB1214ED120DA474021211AD8A0D
:102500000C8B0D8A088B098C0A8D0B7410780812BD
:102510001217900EBF78081213B7A80CA90DE4FA91
:10252000FB900EBB1214D5EEA2E092AFAA10AB1135
:10253000AC12AD13121C677F0C020EDCC082C0838C
:1025400090079DE4F090079CF08004A2E092AFD049
:1025500083D08202117A74F7120BD4E9FF70031250
:10256000170FAEA8C2AF90079DE04FF0121A39EED8
:10257000A2E78003EEA2E092AF7F01020EDC74F7C7
:10258000120BD4E9FE700312170FA8A8C2AF900770
:102590009DE04EF0E880D974F7120BD4E9FE700389
:1025A00012170FA8A8C2AF74FF6EF990079DE059EB
:1025B000F0E8A2E792AF121A3380BEC082C083A8AF
:1025C000A8C2AF90079DE4F090079C12A661E8A214
:1025D000E792AF1219B502A54F74F7120BD4A2AF50
:1025E000E433FEC2AF90079DE06003121A39808485
:1025F00074F7120BD4A2AFE433FEC2AF90079DE094
:102600007019900789E0A2E7401190078BE0700BEA
:1026100090079EE0A2E74003121A3F02A574C08211
:10262000C083A2AFE433F8C2AF90079CE070067499
:1026300001F075E1E3E802A54BC082C083A2AFE4DC
:1026400033F9C2AF90079CE06013E412A661A8A81A
:10265000C2AF759B0075E9FBE8A2E792AFE902A55E
:102660004BF075E1EF75E1ED75E1ED2274F0120BC1
:10267000D474F8121260852182852283EAF0A3EBDC
:10268000F0A3ECF0A3EDF085218285228378081277
:102690001491EDC2E7F50B901C03780C121491789D
:1026A00008790C120DF585218285228350061214BB
:1026B000ED02A78078081214919083D4780C12143C
:1026C000917808790C120E4485218285228378083E
:1026D000121491400302A76EEDC2E7F50B8521822B
:1026E00085228378081214738521828522837808D5
:1026F00012149178081208AA7808120AED740412CC
:1027000015047808121473852182852283780812B3
:1027100014917404121504780C1214917808790C31
:1027200012020D9083D4780C1214917808790C124F
:102730001005602374041215047808121491901B7C
:10274000FB780C1214917808790C1202327404127E
:1027500015047808121473740412150478081214FE
:1027600091AA08AB09AC0AE50BB2E7FD8012780824
:102770001208AA7808120AEDAA08AB09AC0AAD0B38
:1027800074081211AD7F08020EDC74E4120BD48AB7
:10279000188B198C1A8D1B742012150478101214C2
:1027A000917424121504780C1214917428121504D3
:1027B00078141214917814791812020D850C08857A
:1027C0000D09850E0A850F0B7808791012020D7815
:1027D000147908120632741C121504780812149128
:1027E0007808791812020D7814790812044C7814BC
:1027F000791012023278147910120E44500E85109E
:102800001885111985121A85131B800C85141885DB
:10281000151985161A85171B780C7918120E445055
:102820000E850C08850D09850E0A850F0B800C8519
:102830001808851909851A0A851B0BAA08AB09AC6B
:102840000AAD0B7F14020EDC74ED120BD489118AD1
:1028500010EB8C12F91216FD750C00750D00750E3B
:1028600000750F007E008018AA10A9111216F78AB1
:10287000088B09E4F50AF50B780C790812136B0E36
:10288000EEC3951240E2851208E4F509F50AF50B4E
:10289000780C7908120B65AA0CAB0D7F0B020EDCCD
:1028A00074F7120BD4E97020900000E4F079FF1265
:1028B0001B4DE59D5418F860187408686013741077
:1028C00068600E12170F80097AC37B1A79011217FC
:1028D000877F01020EDCC082C083E9F8901ADCE039
:1028E000F47006E8F079018002790002A97D74F69F
:1028F000120BD4E9FEEAFF901ADCE0F4602B7A04B4
:102900007B00121AF9EA4B601C8A828B8374C0F038
:10291000EFA3A3F0EE8A828B83A3A3A3F0901ADC2B
:10292000E0F9121B057900800279017F02020EDCBA
:1029300074F7120BD4E9A2E5E433FA121ABD8091C0
:1029400074F7120BD4121709E9F8C394535025E811
:10295000C3944F40047E0180027E00900EAFE0F8E9
:10296000A3E0F9E849600AEEF9E0F58388821230C5
:10297000E5EE600479018002790002A8D1D083D00D
:102980008202117AC082C0831218B902A97D800325
:10299000000000EAF8EBF9E824FF1AE934FFFBE84D
:1029A0004970ED02117A74F4120BD48908740F5532
:1029B00008F50A750B00740B780A12137EEA2400DE
:1029C000F8EB3480F9E82400E9350BF985C70AA251
:1029D000AFE433F509C2AFE508C4540FFAE5C754B4
:1029E000F84AF5C7740C121504E0FAA3E0FB801C4A
:1029F00088828983E08C828D83F088828983A3A872
:102A000082A9838C828D83A3AC82AD83EAFEEBFF27
:102A1000EE24FF1AEF34FFFBEE4F70D4850AC7E5B2
:102A200009A2E092AF7F04020EDC74F6120BD4EC24
:102A3000FEED9005D3F0EEA3F0A37462F0A37473DF
:102A4000F0A3E0541FF0740A121504E0F508A3E0A7
:102A5000F509E508333354FC9005D8F0740678087E
:102A6000121464E5089005D7F09005D97412F0A30C
:102A70007442F075D1FE75D601EA906271F0EBA355
:102A8000F0906270E0D2E1F0E0A2E740FB7F02024A
:102A90000EDCC082C083E9C333906272F090627032
:102AA000E0D2E0F0D083D08202117AC082C08312DB
:102AB000AAED7020E8601D740268700E12AADD7025
:102AC00003A3E069700E7901800C7403687005122D
:102AD0001C7F80027900D083D08202117A8A828B97
:102AE00083E0F8A3E0F98C828D83E068228A828BF0
:102AF00083A3A3A3A3A3A3A3A3E0F88C828D83A3A2
:102B0000A3A3A3A3A3A3A3E06822C082C0838C8253
:102B10008D83A3A3A3A3A3A3A3A3E0F88A828B839B
:102B2000A3A3A3A3A3A3A3A3F07403687005121C1B
:102B30008580128C828D83E0F8A3E0F98A828B83F2
:102B4000E8F0A3E9F002AAD674F6120BD4750808CF
:102B5000EAFEEBFF8E828F83A3AA82AB83ECF8EDB3
:102B6000F988828983A3AC82AD838E828F83E0FE55
:102B700088828983E06E6004790080081508E50882
:102B800070CE79017F02020EDC74F5120BD48C0832
:102B90008D09750A0078081211CC7C087D00121A84
:102BA000DB74031211AD7F03020EDC74F6120BD43A
:102BB0007E009005FDE014600914601124FE601A87
:102BC0008025638C019005FEE055808009638C06AA
:102BD0009005FEE05590700F800B638C089005FE09
:102BE000E055A070027E01EEF50875090078081224
:102BF00011D09005FEE0F50878081211D09005FD7F
:102C0000E0F50878081211D07AFC7B801216D37494
:102C1000061211ADEEA2E0500478208002784090B8
:102C200005FDE048FA9005FEE0F9121ABD7F0202A8
:102C30000EDC53F5FE53FFFE02117AC082C0839072
:102C400005FF7401F043AC01439A0253F7FE53F7BA
:102C50007F7A327B00121AD5438C08D083D082024F
:102C6000117A74F7120BD4E99005FDF01460091481
:102C7000600A24FE600E8016E5898002E58A9005D0
:102C8000FEE48009E58BA2E0E4339005FEF090833A
:102C900024120FA77A107B009005FBE0F9121C4F5D
:102CA00074041211AD7F01020EDCC082C083900556
:102CB000D27480F0D083D08202117A74F6120BD4D1
:102CC000E9FCEAFD7901ECC39408500E7800800518
:102CD000E9C333F908E8C39C40F6E942F2ED146019
:102CE0000814600914600A800C7800800A7810804B
:102CF000067820800278309005D2E0FAEC484AF558
:102D0000B6E5B4A2E750FA74FF6952F2E5BAFAA93F
:102D1000BBE9FBC39400A2D265D03350047A007B98
:102D200000ED14600814600D14601280188A088B7E
:102D300009740880168A088B097406800E8A088B2D
:102D400009740480068A088B097402780812141426
:102D5000AA08AB097F02020EDCC082C083E990059D
:102D6000D202ACB3E9F875B60FE5B4A2E750FAE8C1
:102D7000C395BB500479018002790002117A75B6BF
:102D80000FE5B4A2E750FAE5BBF902117AC082C0A0
:102D900083EAC3940240027A00E9C454F04A9007DF
:102DA00088F09007877404F0D083D08202117AC033
:102DB00082C0839061A5E0D2E2F0900787E06403CF
:102DC0007011D287D2939061EB7468F09062447472
:102DD000FB8018E064049061EB700812AE2D9062E5
:102DE00043800612AE2D90624774FCF0900713E00A
:102DF000C39412502D900741E0906172F090074209
:102E0000E0906173F0900745E0906174F0900746A0
:102E1000E0906175F079087C557D077A6A7B6112D4
:102E200018FB906180E4F0E0440902ADA77468F0FB
:102E300090624474FBF09061EC746AF022C082C02E
:102E40008374E31212608521828522837401F0125B
:102E50001504E4F07402121504E4F074031215046E
:102E60007430F0A3E4F0740A1215047414F0A3E4AF
:102E7000F074121215047414F0A3E4F07405121522
:102E800004740AF074161215047401F0741B121500
:102E900004EAF0A3EBF01217B1AA21AB22790012D9
:102EA00017B7741D803374F7120BD4E97C087D00CA
:102EB00060067AEE7B1A80047AE67B1A7900121794
:102EC000C37F01020EDCC082C0837C087D007ADEF5
:102ED0007B1A79001217C380031211ADD083D08200
:102EE00002117AD083D08202117AC082C083801905
:102EF000198C828D83E08A828B83F0A3AA82AB83B4
:102F00008C828D83A3AC82AD83E970E480D5C082CE
:102F1000C083801D198A828B83E08C828D83F08A26
:102F2000828B83A3AA82AB838C828D83A3AC82AD78
:102F300083E970E080AD74F7120BD4EAFEEBFF89F1
:102F400008E9700312170F8E828F83E0F5D9A3AEC4
:102F500082AF831508E50870EE7F01020EDC74F77E
:102F6000120BD4EAFEEBFF8908E9700312170FE594
:102F7000D98E828F83F0A3AE82AF831508E50870E7
:102F8000EE80D6C082C0839016EFE4F09016E9F090
:102F9000A3F0D083D08202117AC082C083E9901658
:102FA000EF80EE74F6120BD4E9FE90840DE0F8EE9B
:102FB000C39840047903803CA2AFE433FBC2AF75F1
:102FC0000801750900EE780812137EAC08AD09EA15
:102FD0007011ECF4F8EDF4F99016E9E058F0A3E084
:102FE0005980099016E9E04CF0A3E04DF0EBA2E027
:102FF00092AF79007F02020EDCC082C0831216CD30
:103000007A147B00121B8F900EB3EAF0A3EBF07CD6
:10301000147D007900121AE77900122DDD79011272
:103020002843790212171B79031226217904121EF4
:10303000717905121CA979061230777907121DDB08
:1030400079081216A379091216E5D083D0820211ED
:103050007AEEC0E0E9FA7B001230E2D0E0FE021125
:103060007A74F6120BD474FE121260740C121230C1
:10307000852182852283E8F0A3E9F0A821A922888E
:1030800008890978081211D0E4F508F509780812C2
:1030900011D07CCD7D221222D974041211AD74029C
:1030A0001211AD7F02020EDC1211AD7F02020EDCA6
:1030B000790102117A74F6120BD474FE1212607444
:1030C0000C121230852182852283E8F0A3E9F0A852
:1030D00021A9228808890978081211D01222D374F4
:1030E000021211AD740280C0C082C0831222D3D0FC
:1030F00083D08202117AC082C0831218AD12192BBC
:10310000121A0F1219A3121A4B1218118025C0821D
:10311000C083A2AF500312170F901ADAE0700612A4
:1031200019AF121931121817121A4590076074015D
:10313000F08000D083D08202117A02117AC082C05E
:1031400083121FC19017787410F0A374C1F0D0835C
:10315000D08202117AC082C08390176B7401F0A3F1
:103160007440F0A3748EF0A3E4F0A3F0A37450F0C5
:10317000A374A0F0A3E4F090177574A0F0A3E4F09A
:10318000A380CAC082C083901ADAE06033E59E70E3
:10319000FC439403E594A2E250FAE0640270081242
:1031A00019971219A98011E06401600312170FE545
:1031B0009DA2E6400312170F901ADAE4F0121A2DBE
:1031C000D083D08202117AC082C083901B3B7401ED
:1031D000F0A3F0901B49E4F0A3F0901B4FF0A3F094
:1031E000901B4BF0A3F0A3F0A3F0901734F0A3F0E2
:1031F000D083D08202117AC3EB9400A2D265D0337F
:103200004005EAF8EB8006C3E49AF8E49BF9E8FA93
:10321000E9FB02117AC082C0837A00790012199109
:10322000D2879061967406F0D083D08202117A74AE
:1032300005F5D574D3F5D47405F5D374DBF5D20256
:02324000117A01
:04000005000014548F
:00000001FF
