:020000040000FA
:060000000214390208762B
:030013000209CC13
:03002B000211F5CA
:0300330002107E3A
:03003B00020A2195
:030053000207ABF6
:1000830002080A0100F0FF0700080000FFFF00005C
:100093000504000000030001FF18102700000020E2
:1000A300FD000206FFFFFE0400000004E5C6FE0695
:1000B300001F0000AC03FE06001F00B4AC741E0357
:1000C30000770160176617C01D00000000000000E4
:1000D300000000000000000000000000000000001D
:1000E300000000000000000000000000000000000D
:1000F300000000DE1D000000000000000000000002
:100103000000000101E803D00732006400DC009422
:1001130002000000000000000000000000000000DA
:100123000000000000000000000000FF00000000CD
:1001330000000000000000000000000000000104B7
:10014300010C0002071E8200000001040000881554
:10015300000000E8030000FFFFD91588130000E842
:1001630003000064006400B801A0BB0D00A0BB0D38
:10017300000202020704010A1E02051E020A0A0106
:100183000108080103B80B02803E0102FEFFE803E9
:100193000A050001FFFF020A011401E00100B04259
:1001A3003BAAB83F0000003F8C906339AA0CA33AE6
:1001B30000941E3C8042633DCFFE753E1572313F75
:1001C3000000803FF304353F8096184B000080BF4A
:1001D3002292D43EDD9B2A3F04000040FFFF7F7F35
:1001E300FFFF7FFF010080341872313F05030101D7
:1001F3000F3430000000006A2F00000000FF0000F1
:1002030000FF001214676046121485603DE96870B0
:1002130008F618F618F618F622748067F712023AF1
:10022300090909748067F722121485601D12146787
:100233007005191919801A121314701F121328C389
:100243007003E667331919194007181818220808AC
:100253000874FFF618F618F618F62212132860171A
:10026300121505702192F01214F37019501720F033
:1002730014080808090909E7F61819E7F61819E731
:10028300F61819E7F6221214F360E6E869701F08FE
:1002930008E62480F608E436F618547FB47F0CE6AB
:1002A30054806007F6E418F618F622181822E9C6F7
:1002B300CC08C6CD08C6CE08C6CFC0E0E8C0E0EA89
:1002C300C0E0EBC0E009E9F809E7FA09E7FBE6F962
:1002D30018E6F8C3EC98ED99EE9AEBC2E7F5F0EF68
:1002E300C2E795F0500E600CEBCFFBEACEFAE9CDF6
:1002F300F9E8CCF8EAA2E7D2E7FAEB33FB13F5F01F
:10030300EEA2E7D2E7FEEF33FFC5F013A2E730E634
:1003130001B313C5F0C3C0E0C0F07F00C39BFB6013
:100323005E9418600F401D14601AD0E023F9D0E0EA
:10033300F802040C8AF0E9486003D2F0E4AFF0FA63
:10034300F9F8803BEB30E40D89F0EA6003D2F0E486
:10035300AFF0F9CAF8EB30E30D88F0EF6002D2F0AA
:10036300AFF0E4CAC9F8EB54076014FBC3EA13FA0D
:10037300E913F9E813F8EF135002D2E0FFDBEDD0F5
:10038300E0C0E030E739C3E49FFFF5F0EC98FC42AE
:10039300F0ED99FD42F0EE9AFE42F0D0E0F9D0E0A4
:1003A300F8E5F0607AE923F9EE20E742D8028067A6
:1003B300C3EF33FFEC33FCED33FDEE33FE80EAECA9
:1003C30028FCED39FDEE3AFED0E023F9D0E0F84009
:1003D30002801BC3EE13FEED13FDEC13FCEF135071
:1003E30002D2E0FF08B800067F7F74FF802EEF3350
:1003F30050178CF020F00260100CBC000C0DBD00F7
:10040300080EBE000408E860DFE933E813FFEE23BB
:1004130013FE4F4D4C8008E95480FFE4FEFDFCEED3
:1004230033EF33F47004FCFD7E80D0E0FBD0E0FAC0
:10043300D0E0F8D0E0CFC618CEC618CDC618CCC6CB
:10044300F922121485700418181822121467700DFB
:1004530074FFF61819F61819F61819F622E75480DE
:1004630066F61214F3700F12150570F014F608F601
:1004730008F608F680D1121505700CF608F6087612
:100483008008E6447F80EC12132B700C1213176064
:10049300BFE65480F6E480BB1213177005191919CF
:1004A30080A5E869700C763F18768018F618F6E890
:1004B300F922E6CDC0E018ECC0E0E633CD33CDD36E
:1004C30013F6E719FCE7191933CC33C3947F400EB5
:1004D300CD9D502408E65480F6E418F6800FF4040A
:1004E3003D14501408E6447FF6187680E418F61895
:1004F300F6D0E0FCD0E0FD22CCD313CCFD18E4C64B
:10050300CBC0E018E4C6CAC0E00808ED08C633E66D
:1005130013F618E433C675F003C3CA97CA09CB9719
:10052300CB199C40047D08802EBD00030205EE1606
:10053300B6FF050606081618C3CA33CACB33CB3336
:10054300CA27CA09CB37CB193CC37D08803E187D27
:100553000820E75CC633C6CA33CACB33CB33DDF1DD
:10056300D5F0EB30E77BCA97CA09CB974ACB199CE6
:10057300406F4B7025E620E0218066187D08C3CAD2
:1005830097CA09CB97CB199CD3C633C6CA33CACBF8
:1005930033CB3350C9DDE7D5F0E1D3E4C636C60823
:1005A300C636C608C636C608C636C61818188031F9
:1005B300C3CA97CA09CB97CB199CB34097C633C616
:1005C300CA33CACB33CB33DD34D5F02EC6A2E0C653
:1005D30040C8CA27CA09CB37194A70BECB3CB4807E
:1005E300B90808E63308E633601F181818D0E0FA94
:1005F300D0E0FBD0E0FCD0E0FD22187D08CA27CA7A
:1006030009CB37CB193CD3808013F618E4B67F119E
:10061300F618B6FF0EF618C60470D2080876808066
:10062300CAF618F618F680C500121485604F121426
:10063300676012E7548066F61213147011121505E1
:10064300703B090909F4F618F618F618F622121386
:100653002870151214F308080860EAE6447FF618B8
:10066300768018E4F618F6221214F36016121505B4
:100673007012E4F608F608F608E65480F60909094C
:1006830018181822EAC0E0EBC0E0ECC0E0EDC0E0CF
:10069300E687F0A4FBACF008E687F0A42CFCE43575
:1006A300F0FA1809E687F0A42C4B60027401CA35EE
:1006B300F0FCE433FB09E687F0D2F7A42CCB35F04A
:1006C300FC1908E687F0A42BCC35F0FBE433FD08D6
:1006D30019E687F0D2E7A42C4ACB35F0CD3400FCE1
:1006E30009E687F0D2E7A42DCC35F0FDE433FA090F
:1006F30018E687F0D2F7A42CCD35F0CA3400FC08F5
:10070300E687F0D2E7D2F7A42ACC35F07A7E20E749
:100713000B0ACB33CBCD33CDCC33CC33CB335014CB
:100723007004ED30E00ED2F1E4CD3DCDCC3CCC3BBA
:100733005005DA05C2F1EB547FC63308E63392F075
:10074300FBE73309E733C39A502D2B70190C0D4C7B
:100753004D70151806E608C333700D20F10AA2F098
:1007630013F6E418800B4024E4F630F00276801888
:10077300F618F618F68024D33B14501074FFA2F039
:1007830013F6187680E418F618F6800FA2F013F625
:1007930018E63303F618ECF618EDF6D0E0FDD0E0DA
:1007A300FCD0E0FBD0E0FA22C0E074F1120C39A2D5
:1007B300AFE433F509D2AF85A708AFA1EF5508FE23
:1007C30074105E600612182C75A1EF74085E600841
:1007D30012183275A1F78024EFA2E092F0E508A287
:1007E300E082F05017906198E0F8900714E0C39806
:1007F300A2D265D0335002E8F075A1FEE509A2E06C
:1008030092AF7F02020C98C0E074F2120C39A2AFCF
:10081300E433FED2AF9061A4E0F8759B00E59158F4
:10082300540860087591F71218808023E591585495
:100833001060087591EF1218868014E591A2E0927A
:10084300F0E8A2E082F05007E0C2E0F01219DC9079
:1008530061A3E0F8E5E9585404600E1219B275E992
:10086300FB906193E0A2E640F2EEA2E092AF7F013B
:10087300020C98C0E074F2120C39A2AFE433FED23A
:10088300AF9061A5E0F8E5BF585404600675BFFB5F
:100893001219F480D4C3E498F8E499F91208D980C2
:1008A30026C3E49AFAE49BFBE920E7E91208D9E4BA
:1008B30098F8E499F922C3E498F8E499F91208D96D
:1008C300E498F8E499F9C3E49AFAE49BFB22EB2059
:1008D300E7CFE920E7E0B90010BB0008E88AF0841D
:1008E300F8AAF022E4FBC8FA22EB70227B10C8338B
:1008F300C8C933C9335007C39AC3DBF280069A5081
:10090300012ADBEAC833F4C8C933F4C9FA2275F003
:1009130008E4C833C8C933C933C99AC99B5004C949
:100923002AC93BD5F0ECFBC833F4C8E4C9FA221258
:10093300097D30F0391209C2803412097D20F01488
:1009430030E72B74FFFCFBFA747F8022E4FCFBFA94
:100953007480801AB48008BC00F2BB00EF800F5093
:10096300EBF9E4C39AFAE49BFBE49CFCE499C6CC60
:1009730018C6CB18C6CA18C6F922E4C9C608CAC61F
:1009830008CBC6D3330308CCC63392F0C3947F405D
:100993002E94184019C9B90704CACBCC225025C3D9
:1009A30009CA33CACB33CBCC33CC33D9F422F4606A
:1009B3000DC9CCC313CB13CBCA13CAD9F6CC22E4CB
:1009C300FCFBFA2214FCFBFA22C0E0C0D0E8C0E032
:1009D300E9C0E0C082C083A8C1E8C0E0900681E01E
:1009E300F8740028F582E43406F583D0E0F090062D
:1009F30080E0F8A3E0687006E595900683F0900622
:100A030081E004F0C394804002E4F0A374C6F0D004
:100A130083D082D0E0F9D0E0F8D0D0D0E032C0E08B
:100A2300C0D0E8C0E0E9C0E0C082C083900704E022
:100A3300F8A3E0687008539AFBA374018022C2E90B
:100A4300900704E0F8740128F0748428F582E434F4
:100A530006F583E0F5C1900704E0C394804002E407
:100A6300F080AC080808EAC0E0EBC0E086F0E7A439
:100A7300FA180986F0E7A42AFA180986F0E7A42AE7
:100A8300FA180986F0E7A42AFA1986F0E7A4FBE529
:100A9300F02AFA190886F0E7A42BFBE5F03AFA19D5
:100AA3000886F0E7A42BFBE5F03AFA18180986F05C
:100AB300E7A4C5F02BFBE43AFA1908E7C5F0C6A48E
:100AC30026F6E5F03BFBE43AFA1886F0E7A4F6E5F0
:100AD300F00826F6E43B08F6E43A08F6D0E0FBD04B
:100AE300E0FA22080808E630E7111212EC120AFEB7
:100AF300080808C64480C618181822181818E97977
:100B03009EC608CAC608CBC608CCC6C37020799651
:100B1300CACBCC7019798ECBCC70137986CC700E7E
:100B2300F9802ACA33CACB33CBCC33CC331930E761
:100B3300F2CCCBCA3350147004EA30E00DE4CA3A65
:100B4300CACB3BCBCC3CCC500209C3E913C6CC186F
:100B53002313C6CB18C6CA18C6F922E4CFC0E0E4F3
:100B6300CEC0E0E4CDC0E0E4CCC0E075F020E626E2
:100B7300F608E633F608E633F608E633F6181818EF
:100B8300EC33FCED33FDEE33FEEF33FFC3EC97099B
:100B9300ED9709EE9709EF97191919400FFFEC9795
:100BA300FC09ED97FD09EE97FE191906D5F0BFEC88
:100BB300F709EDF709EEF709EFF7191919D0E0FC7A
:100BC300D0E0FDD0E0FED0E0FF222521C582C0E0C9
:100BD300E52234FFC583C0E0E521C3958224F810E4
:100BE300AF0885832285822180088583228582211F
:100BF300D2AFCEF0A3E520F0A37808E608F0A3DE99
:100C0300FAEFF0A3E58124FAF8E608F0A3E608F08A
:100C1300A3E608F0A30808E608F0A3E608F0A31586
:100C2300811581D0E0FED0E0F8158115811581E8AA
:100C3300C0E0EEC0E022C0D02521C582C0E0E5229D
:100C430034FFC583C0E0E521C3958224F310AF08C8
:100C53008583228582218008858322858221D2AFE4
:100C6300C8F0A3E9F0A3EAF0A3EBF0A37908E7093E
:100C7300F0A3D8FAECF0A3EDF0A3EEF0A3EFF0A30A
:100C8300D0E0F0A3D0E0F0A3D0E0F0A3E520F0A300
:100C9300E5F0F0A322852283852182E0C0E0A3E072
:100CA300F9A3E0FAA3E0FBA37808E0F608A3DFFAD0
:100CB300E0FCA3E0FDA3E0FEA3E0FFA3E0C0E0A30C
:100CC300E0C0E0A3E0F5D0A3E0F520A3E0A3F5F0B6
:100CD30010AF08858322858221800885832285823F
:100CE30021D2AFD082D083D0E0F8D0E0321212EF1D
:100CF300181818120B5E1213E8191919221213E8A7
:100D0300191919080808E618181820E7E0120B5EED
:100D13001212EF18181822090909E719191920E7FF
:100D2300DC080808E618181820E703020B5E121205
:100D3300EF181818120B5E1212EF1818181213E896
:100D4300191919221214DEB90003020D86E4900565
:100D530001787779148002F0A3D8FCD9FA7A777BEB
:100D630018900086788179028015E493A3AD82AE52
:100D7300838A828B83F0A3AA82AB838D828E83D8EE
:100D8300E9D9E77582B5758388740512116C75828C
:100D93007275832C740012116C75F0108E238F24DE
:100DA300858228858327852182852283E0CEA3E05F
:100DB300CF852882852783EBC9EAC8EDCBECCAC36C
:100DC300E833C8E933C9EA33CAEB33CBC3EA9EF548
:100DD30026EB9FF525B35004AB25AA26EC33CCEDC7
:100DE30033CDD5F0DAAE23AF2422121485601C1262
:100DF300146760171214F370071215057001D322DC
:100E0300C0D01215057006D0D0B322C32233D0D080
:100E1300501430E0F6C3E7960809E7960809E79609
:100E23000809E796B32220E0D5E6970809E6970874
:100E330009E6970809E697B322121485601B12147A
:100E43006760161214F37007121505600CB322C005
:100E5300D01215057005D0D022C32233D0D0501341
:100E630030E0EBC3E7960809E7960809E796080917
:100E7300E7962220E0E4E6970809E6970809E69753
:100E83000809E69722D083D082ECC0E0EDC0E0E40D
:100E930093A3FCE493A3FDED4C600D120F60EC24CF
:100EA300FFFCED34FFFD80EFE493A3FCE493A3FD8B
:100EB300ED4C600D121029EC24FFFCED34FFFD8096
:100EC300EFD0E0FDD0E0FCE493A3C0E0E493C0E006
:100ED30022D083D082E9C0E0E493A3C386F0C5F0B7
:100EE30095F0F908E493A386F0C5F095F0700BE450
:100EF30093A3C3994005E9048002A3E475F002A417
:100F03002582F582E5F03583F583D0E0F9E493A3F8
:100F1300C0E0E493C0E022852283852182E0A3FE22
:100F2300E0A3F5207808E0A3F608DFFAE0A3FFE0EA
:100F3300A3C0E0E0A3C0E0E0A3C0E0E0A3C0E0E022
:100F4300A3C0E010AF0885822185832280088582B3
:100F530021858322D2AFD083D082021172C0E0C335
:100F6300E49396087401939618400FE4936670080F
:100F730008740193661870007019A3A3C3E49396D1
:100F8300087401939618A3A3400DD0E0D0E0D0E0FD
:100F9300020EC4A3A3A3A3A3A3D0E02274048004DA
:100FA30074028000CCC0E0EDC0E0E521C39CCCAD71
:100FB3002250011D10AF068C218D2280068C218DBD
:100FC30022D2AF1210EED0E0FDD0E0FC22740280FA
:100FD30000CCC0E0EDC0E0E521C39CCCAD225001C4
:100FE3001D10AF068C218D2280068C218D22D2AF5D
:100FF3001210CCD0E0FDD0E0FC2212148560251243
:10100300146760201214F37003021505080808E73B
:101013006670101819E766700A1819E766700418E5
:1010230019E76622F422C0E0C0F088F0E49366700A
:10103300080874019366187000A8F0A3A3700BD07E
:10104300F0D0E0D0E0D0E0020EC4A3A3D0F0D0E013
:1010530022D083D082CCC0E0E493A3600612112E89
:101063001470FAE493A3600612126E1470FAD0E0BF
:10107300FCE493A3C0E0E493C0E022C0E074F21266
:101083000C39A2AFE433FED2AFE58BA2E050057971
:101093000412177E758B00C2E8EEA2E092AF7F01C7
:1010A300020C98C008C3E096F50808A3E09642082E
:1010B30008A3E096420808A3E0964208A2D265D0AE
:1010C30033E5087001D3D00822CAC0E0E493A3C576
:1010D30082CCC582C583CDC583F0A3C582CCC5822E
:1010E300C583CDC583DAE5D0E0CA22CAC0E0E0A358
:1010F300C582CCC582C583CDC583F0A3C582CCC5CB
:1011030082C583CDC583DAE6D0E0CA227009080818
:1011130008226016181818C6C333C608C633C60893
:10112300C633C608C633C6D5E0EA22C0E0E493A3BB
:10113300D39C5010E493A3C39C400AD0E0D0E0D0EA
:10114300E0021071A3A3A3D0E022C008C3E096F588
:101153000808A3E096420808A3E096420808A3E023
:101163009645087001D3D00822C09FF59FE473D041
:101173009F22D083D082C09FE493C0E0740193C0C8
:10118300E0740293F59F222521F58210AF08F52123
:10119300400C15228008F52140021522D2AF85228A
:1011A300832200C0D0252110AF08F521500C052261
:1011B3008008F52150020522D2AFD0D022740480DA
:1011C3000A74038006740280027401C0E0F40412FE
:1011D300118AD0E01214A122BB0102E722C082C00F
:1011E3008389828A83BB0003E08002E493D083D0A7
:1011F3008222C0E0C0D0E8C0E0A8A8D2AFC2C7E84E
:10120300A2E792AFD0E0F8D0D0D0E0326016080861
:1012130008C6C313C618C613C618C613C618C61302
:10122300C6D5E0EA222521F8E43522F9222521FA60
:10123300E43522FB222521FCE43522FD22C3E0C64E
:1012430096F608A3E0C696F608A3E0C696F608A3AA
:10125300E0C696F622252110AF08F521400C152291
:101263008008F52140021522D2AF22C0E0E493A307
:101273006C7009D0E0D0E0D0E0021071A3A3D0E0FD
:1012830022C3E7960809E7960809E7960809E7964F
:10129300A2D265D03322E76670100809E766700AA8
:1012A3000809E76670040809E76622C3E09608A305
:1012B300E09608A3E09608A3E096A2D265D0332275
:1012C300E066701008A3E066700A08A3E066700485
:1012D30008A3E06622C3E096F008A3E096F008A313
:1012E300E096F008A3E096F022181818E4C396F6E7
:1012F30008E496F608E496F608E496F622C3E69721
:10130300F60809E697F60809E697F60809E697F658
:1013130022181818E60846087009E626087005E63C
:1013230033F4220822191919E70947097009E72735
:10133300097005E733F4220922C3E4939608740184
:1013430093960874029396087403939622E026F00A
:1013530008A3E036F008A3E036F008A3E036F02255
:10136300700422600D18C6C333C608C633C6D5E061
:10137300F41822E657F60809E657F60809E657F681
:101383000809E657F622E627F60809E637F60809BC
:10139300E637F60809E637F622E026F608A3E03634
:1013A300F608A3E036F608A3E036F622E056F60880
:1013B300A3E056F608A3E056F608A3E056F622E6A5
:1013C30047F60809E647F60809E647F60809E64737
:1013D300F622E056F008A3E056F008A3E056F00822
:1013E300A3E056F022E4C397F709E497F709E497DB
:1013F300F709E497F722600D08C6A2E713C618C6DB
:1014030013C6D5E0F322C6F4C608C6F4C608C6F46C
:10141300C608C6F4C622C3E09608A3E09608A3E074
:101423009608A3E09622C3E7960809E7960809E71A
:10143300960809E7962275D00075813F75210175DD
:10144300220500020D47600C08C6C313C618C61355
:10145300C6D5E0F422E6F008A3E6F008A3E6F00818
:10146300A3E6F022E7094709C3134709336002E7FC
:1014730033F422E0F608A3E0F608A3E0F608A3E0BD
:10148300F622E6084608C3134608336002E633F43F
:1014930022800100E9F874FF28F90470F622CAC01B
:1014A300E0E6F0A308DAFAD0E0FA22E0F8A3E0F9E4
:1014B300A3E0FAA3E0FB22E8F0A3E9F0A3EAF0A398
:1014C300EBF022EAF0A3EBF0A3ECF0A3EDF022E0C3
:1014D300FAA3E0FBA3E0FCA3E0FD22E5C754F84434
:1014E30001F5C77901222521F582E43522F583220E
:1014F300E62618461846184622C2AF75D69F020044
:101503000022E72719471947194722121175E0DC12
:10151300021211757ADD02121175EADD02121175DC
:1015230019DE021211751FDF0212117549DF021253
:1015330011759DDF0212117571E0021211759FE2A0
:10154300021211754DE302121175BAE502121175FB
:101553003FE60212117542E90212117576EB02128F
:101563001175B2EB021211750BED021211751EED1E
:10157300021211755BED0212117524EF021211753F
:10158300ABF00112117527F1011211755AF1011215
:10159300117588F101121175C6F10112117503F469
:1015A3000112117522F40112117567F401121175FC
:1015B300FDF40112117549F501121175DDF50112E2
:1015C3001175B6F60112117512F70112117570F744
:1015D30001121175E3F70112117527F80112117544
:1015E3007FF801121175A1F80112117531F9011279
:1015F3001175C2F9011211750EFA011211753AFA39
:10160300011211757BFA0112117511FC011211758A
:10161300FDFC01121175D8FD01121175DC92041243
:101623001175709304121175D89304121175FD94FA
:10163300041211758795041211751296041211750F
:101643004E9604121175E796041211757C970412D5
:1016530011754F9804121175319A04121175279B55
:1016630004121175C69B041211751B9C041211758B
:10167300899C04121175959F04121175BFA1041260
:101683001175C0A204121175FEA30412117509A4E9
:10169300041211750080051211752C800512117545
:1016A3004780051211756C80051211750C810512A6
:1016B3001175CB8105121175F5810512117571989C
:1016C30005121175769805121175A99805121175F1
:1016D3008084051211753F85051211752486051244
:1016E300117576930512117587930512117525945B
:1016F300051211753094051211754A94051211756E
:10170300FA7F00121175A999051211754F960512EA
:1017130011755F9605121175749605121175DA9697
:1017230005121175729005121175F6900512117557
:101733005E910512117523F70412117541F7041216
:10174300117576F7041211759BF704121175BEF724
:1017530004121175F9F70412117526F804121175A4
:101763006DF8041211750CF90412117577920512B4
:101773001175FE92051211750793051211752E93BB
:1017830005121175FB980512117596F9041211755E
:10179300E0F90412117576FA04121175FCFA0412B9
:1017A30011752EFB0412117546FB04121175BAFB59
:1017B30004121175D0FB04121175E3FB04121175A9
:1017C300EDFB0412117536CE0412117562CE0412AC
:1017D3001175CCD0041211750CD10412117548D1B6
:1017E300041211755CD10412117575D104121175AF
:1017F30067D2041211751AD3041211752ED3041271
:10180300117555FE0412117579FE0412117592FEBD
:1018130004121175D0FE0412117500FF0412117524
:101823002DFF0412117593FF0412117596FF041214
:101833001175A0FF04121175ADFF0412117536FD69
:101843000312117556FD0312117595FD03121175DF
:10185300B3FD03121175CEFD0312117534FE03128D
:10186300117540FE031211759DFE03121175ACFE36
:1018730003121175D0FE0312117591FF0312117536
:101883009EFF03121175AFFF03121175B7FF041208
:101893001175CFFF04121175FBFF0412117584D368
:1018A30004121175D8D404121175E6D404121175FB
:1018B300F9D4041211750ED50412117523D504122F
:1018C300117536D504121175B2D50412117517D6D8
:1018D30004121175ADD60412117586D70412117551
:1018E30096D704121175A5D704121175B695051272
:1018F3001175DA95051211750296051211752A965E
:101903000512117500FC0412117527FC04121175E0
:1019130045FC04121175B4FC0412117554EE041243
:1019230011756DEE0412117579EE041211758DEEB9
:1019330004121175ABEE04121175B5EE0412117594
:10194300BFEE04121175D2EE041211755CEF04128E
:101953001175D1EF0412117505F00412117553F0CE
:1019630004121175A0F004121175BBF00412117565
:10197300C5F004121175EBF00412117550F1041245
:1019830011755994051211757B94051211758F9970
:101993000512117512B4041211753EB404121175B7
:1019A3005BB4041211756EB40412117589B4041278
:1019B3001175E3B40412117511B50412117525B92B
:1019C3000412117583BA04121175B5BA0412117594
:1019D30018BB041211759DBC04121175C5BC041209
:1019E3001175DABC04121175EABC041211752ABD13
:1019F300041211756CBD041211757CBD04121175AE
:101A0300088C05121175228C051211754A8C05126A
:101A13001175638C05121175878C05121175A58CD0
:101A230005121175BC8C05121175EA8C051211751E
:101A3300058D05121175B7980512117560E404122E
:101A4300117570E40412117575E504121175A7E59B
:101A530004121175D7E504121175FAE50412117514
:101A630011E6041211754BE604121175B0E6041267
:101A73001175F2E60412117539E70412117566E760
:101A83000412117591E704121175B28A05121175CA
:101A9300C48A05121175D88B05121175DB8B0512DB
:101AA30011756C8F05121175A28F05121175BA8FFE
:101AB30005121175FC8F051211750C900512117525
:101AC3005090051211755A900512117544C70412EE
:101AD300117587C704121175ECC7041211750BC871
:101AE30004121175ADC804121175B6C8041211752C
:101AF30007C90412117530C9041211753DC90412C6
:101B03001175AFC9041211753DCA0412117582CA49
:101B130004121175BBCA0412117520CB041211757E
:101B230049CB04121175C0CB041211750FCC0412EA
:101B330011754CCC0412117581CC0412117593CC20
:101B430004121175A5CC04121175C4CC04121175BD
:101B5300CDCC0412117589CD04121175CCCD0412AC
:101B630011750ACE04121175BA9705121175B2FEDA
:101B730001121175428205121175788205121175D1
:101B8300C0820512117519840512117525DE031221
:101B930011754BDF0312117587DF0312117545E1D0
:101BA3000312117573E103121175DDE3031211754D
:101BB3001DE403121175BFE50312117555E60312F7
:101BC3001175AFE6031211753FE70312117583E731
:101BD30003121175C5E7031211752AE90312117572
:101BE300AAEA03121175EBEC0312117519ED031236
:101BF300117545ED031211754EED03121175ABED21
:101C03000312117544EE031211755BF10312117582
:101C1300E1F1031211758E7F00121175A47F00127A
:101C23001175F0FB0212117506FC02121175AAFC64
:101C330002121175E9FC0212117506FD02121175EB
:101C430037FD0212117584FD02121175B8FD0212DF
:101C53001175F3FD02121175E8FF021211757791E8
:101C630005121175D691051211751492051211758D
:101C73005592051211750995051211757295051284
:101C83001175929505121175568E05121175148FE3
:101C930005121175AEC001121175BAC0011211758A
:101CA3001CC10112117526C101121175B5C10112B2
:101CB3001175F1C101121175E3C20112117540C30F
:101CC30001121175CEC3011211751FC401121175D2
:101CD3009FC40112117565C6011211755FC8011207
:101CE300117561C90112117593CA01121175E9CCFD
:101CF300011211752BCE01121175D1CE011211757E
:101D03008FD3011211758CD40112117522D50112D2
:101D1300117552D501121175EFD5011211750CD63B
:101D2300011211752CD6011211759AD60112117573
:101D3300B7D601121175E5D6011211757FD80112BC
:101D43001175A0D80112117546D9011211758ED9DA
:101D530001121175ECD9011211758ADA011211758C
:101D6300EFDA0112117558DB0112117596DB0112BE
:101D7300117548DC01121175B3DC01121175EFDC2A
:101D83000112117560DD01121175ABDE01121175BF
:101D93003BE001121175D4E00112117525E3011224
:101DA30011758AE301121175B8E301121175FEE88A
:101DB30001121175C2EB01121175C2EC01121175FA
:101DC300008004121175208004121175D082041250
:101DD30011758A85041211753988041211756D887D
:101DE30004121175968804121175BC8804121175BA
:101DF3000189041211759D8A04121175FD8A04125A
:101E03001175098C041211751B8C04121175CF8C7A
:101E130004121175E08C04121175BF8D0412117533
:101E2300CB8E04121175548F04121175D48F0412C2
:101E33001175B39004121175E99104121175339958
:101E430005121175E9E704121175A8E8041211755A
:101E53000EE904121175BDE904121175CEC80312FF
:101E63001175FDC80312117575C90312117584CA62
:101E730003121175E0CA031211754DCC03121175CB
:101E830069CC03121175BBCC03121175F9CC031283
:101E930011750CCD0312117564CD0312117526CE85
:101EA30003121175A2CE03121175D9CE0312117547
:101EB30011CF0312117599D00312117578D1031242
:101EC3001175C6D203121175A9D30312117535D436
:101ED3000312117575D40312117594D4031211757D
:101EE300DFD403121175FFD40312117598D50312B1
:101EF30011751ED60312117579D603121175B9D651
:101F0300031211754FD90312117568DA0312117593
:101F1300AEDA03121175D8DB0312117500DC03125C
:101F2300117503DC031211750DDC0312117529DC25
:101F330003121175A3DC03121175DCDC0312117596
:101F430008DD031211752FDD0312117553DD031222
:101F53001175C4DD03121175D7DD0312117506DE89
:101F630003121175E49605121175F0960512117599
:101F7300249705121175FD7F00121175B6B2031275
:101F83001175D9B2031211751EB40312117567B41A
:101F930003121175D3B40312117531B50312117500
:101FA30034B50312117585B503121175FAB5031211
:101FB30011757FB60312117582B60312117503B73B
:101FC3000312117544B703121175FEC6041211757D
:101FD300DABC031211752ABD03121175B9C00312BD
:101FE3001175ECC10312117541C3031211759CDC09
:101FF30002121175C9C4031211752CC7031211758E
:1020030048A404121175F2A4041211755DA50412FB
:10201300117578A504121175FDA50412117557A643
:10202300041211759EA60412117505A704121175E9
:1020330084A804121175B3A9041211753BAA0412E2
:10204300117544AC04121175F1AC04121175C7ADCE
:102053000412117582AF04121175A6DA02121175FA
:10206300ADB104121175D3B20412117500800312BD
:102073001175638003121175AB8003121175EF8024
:10208300031211754A8103121175A7810312117589
:10209300E28103121175648203121175BE82031269
:1020A30011753C8403121175BC84031211751785D5
:1020B30003121175318503121175528503121175BF
:1020C300AC85031211752888031211754788031212
:1020D30011753789031211756A8A03121175E98A1A
:1020E30003121175258B03121175948B031211754D
:1020F300498C03121175218E03121175288F031257
:102103001175A090031211759692031211750C9517
:1021130003121175E69603121175A7970312117531
:102123001F98031211753698031211752D99031216
:102133001175219A03121175909A031211755BF1AF
:1021430004121175B2F20412117571F304121175B0
:10215300D9F3041211752FEB041211754AEB041213
:1021630011758EEB04121175B4EB04121175DBEBD0
:1021730004121175F3EB0412117595EC0412117529
:10218300AAEC04121175CDED04121175D6ED0412EB
:102193001175DFED04121175E8ED04121175F2EDFE
:1021A30004121175D6D704121175E2DB04121175EE
:1021B300E7DB04121175E9DB041211753F8905127F
:1021C3001175DDFF031211754DF404121175388D6D
:1021D30005121175599705121175A6860512117509
:1021E30063990512117588E004121175129805128E
:1021F300117522980512117550DC0412117535AC56
:102203000212117568AC02121175D4AC0212117569
:102213006FAD021211750CAE0212117551AE02129E
:10222300117573AE021211758CAE02121175B2AE36
:1022330002121175D4AE0212117512AF021211758A
:1022430056AF0212117578AF02121175DAAF02128E
:102253001175A1B00212117558B102121175CAB1EC
:102263000212117595B202121175E8B202121175BC
:102273004EB30212117588B302121175DAB302124A
:10228300117548B402121175B3B402121175B6B4C4
:102293000212117537B502121175CEB502121175FE
:1022A3004EB6021211756DB602121175D1B7021234
:1022B3001175DEB702121175EAB802121175F7B87B
:1022C3000212117500B902121175D8BA02121175F2
:1022D300F2BB021211756BBC02121175DDBC021246
:1022E3001175FFBC0212117593BD0212117567BF00
:1022F300021211753EC30212117552C302121175F7
:1023030062C3021211756CC30212117575C30212F6
:1023130011757EC30212117588C302121175B5C3FC
:1023230002121175DEC302121175E9C3021211758F
:102333000DC40212117531C4021211759BC402122D
:102343001175E1C402121175FEC4021211757BC529
:1023530002121175B2C502121175F1C5021211757F
:102363003EC602121175C4C60212117592C802123A
:10237300117515C902121175F9C90212117560CCD4
:1023830002121175B9CC0212117503CD0212117527
:102393005ECE0212117593CE02121175E5CE0212B2
:1023A30011759ACF0212117549D00212117586D098
:1023B300021211751BD10212117587D10212117508
:1023C300D13200121175033300121175313300122B
:1023D3001175073500121175E735001211753F3677
:1023E300001211757A3700121175C6370012117574
:1023F300EF3A00121175E23D00121175323F0012DF
:102403001175C83F00121175D43F001211750640B3
:10241300001211758941001211753A4300121175AA
:10242300CE43001211751144001211758F4400122E
:102433001175AC4400121175DC440012117511457D
:1024430000121175E145001211758A4600121175CB
:10245300104900121175304A001211751B4B0012FE
:1024630011759D4B00121175D14F001211750E504D
:1024730000121175665000121175995000121175F2
:10248300035100121175395100121175C451001214
:1024930011751C5200121175F35200121175AC53D1
:1024A300001211754754001211754F570012117520
:1024B3006B58001211750E5C00121175025D00124B
:1024C3001175055D00121175345D001211753A5FC7
:1024D3000012117513600012117556600012117508
:1024E300AC6100121175EB61001211757462001278
:1024F3001175A862001211756D630012117585655F
:1025030000121175F6650012117536660012117509
:10251300C46600121175E66700121175A8680012EF
:102523001175AF6A00121175C76A00121175DB6A63
:1025330000121175136B00121175416B00121175A6
:10254300C06C00121175E56D00121175426E001218
:102553001175F46E001211751B6F00121175E26F85
:10256300001211757A7000121175A07200121175A4
:10257300D572001211753873001211756774001249
:1025830011750F750012117540750012117558758C
:1025930000121175E775001211759B780012117501
:1025A300737A001211758F7A00121175AB7A0012CB
:1025B3001175797B001211756C7F00121175B78349
:1025C30001121175E98301121175D8870112117572
:1025D3002488011211756A88011211750C89011280
:1025E3001175688901121175AD8901121175F48A8B
:1025F30001121175088C01121175F78F01121175F3
:102603007B9001121175889101121175E4910112E9
:102613001175D493011211754994011211755394D4
:10262300011211756094011211758B9401121175C9
:102633007295011211751C96011211759A96011269
:102643001175BA9601121175E3960112117505976A
:10265300011211756599011211752B9A01121175E9
:10266300709A01121175ED9A011211759E9B011258
:102673001175D09B01121175169C01121175529C94
:1026830001121175A29C01121175F69C01121175AC
:102693004C9D01121175989D01121175059E011231
:1026A3001175809E011211754BA0011211754BA17A
:1026B3000112117570A201121175AFA501121175E6
:1026C300C2A8011211757FA901121175C3A90112C4
:1026D300117573AB0112117587AB0112117591ABB3
:1026E300011211759BAB01121175A7AB0112117584
:1026F300C3AB011211756EAC01121175ADAC0112B1
:102703001175B7AC01121175C1AC0112117531AD60
:10271300011211757CAD0112117591AE0112117583
:10272300EDAE011211756EAF011211752DB00112CC
:10273300117536B1011211756AB20112117558B3D0
:102743000112117570B301121175CBB3011211751A
:10275300E9B30112117531B40112117558B40112A4
:102763001175F3B401121175B9B5011211754BB698
:1027730001121175C5B601121175DFB7011211757A
:102783008CB801121175B4B90112117504BA011292
:10279300117568BA01121175CABA01121175F8BA26
:1027A300011211751CBB0112117551BB0112117578
:1027B30082BB01121175B5BB01121175D5BB011294
:1027C30011753DBC0112117531BD011211758CBD1E
:1027D30001121175B5BD011211753DBE01121175BE
:1027E300C0BE01121175EBBE01121175D0BF0112EB
:1027F3001175DBF00212117513F10212117534F128
:102803000212117576F102121175D8F102121175C7
:10281300E2F102121175F2F1021211752DF2021298
:1028230011750DF602121175FAF702121175E0F91E
:102833000212117577FA0212117519FB0212117542
:10284300248102121175A28102121175FE810212F6
:1028530011754982021211756482021211758F82F9
:1028630002121175AC8202121175B882021211752F
:102873004F8402121175688402121175ED840212DD
:1028830011750085021211751F8502121175C3851A
:1028930002121175448702121175F788021211751D
:1028A3008D8902121175908902121175008A021224
:1028B30011751E8A02121175B58A02121175FD8AED
:1028C30002121175008B02121175C68B021211755B
:1028D300338C02121175598C02121175E48C021299
:1028E3001175028D02121175488D02121175FC8D3E
:1028F30002121175468E02121175758E0212117530
:10290300D28E02121175078F02121175338F0212C4
:102913001175418F021211758E8F02121175FE8F80
:1029230002121175479002121175939002121175DC
:10293300BF9002121175CA9002121175E89002122B
:102943001175D39102121175DD910212117518924E
:102953000212117528920212117531920212117529
:10296300859202121175999202121175C89302127F
:102973001175DD93021211756B9402121175B094E7
:10298300021211753C9502121175479502121175C9
:10299300899602121175A49602121175F09602120D
:1029A30011755F9702121175989702121175B297FC
:1029B30002121175F49702121175C49A021211755D
:1029C300719B02121175DE9B021211751E9E02127B
:1029D3001175369E02121175399E02121175459EAC
:1029E30002121175599E02121175619E0212117520
:1029F300949E02121175969F021211751DA0021268
:102A030011758DA0021211750FA102121175D0A1BB
:102A130002121175EFA10212117590A20212117523
:102A2300EDA202121175F0A20212117564A3021233
:102A33001175B3A402121175B9A50212117544A63A
:102A4300021211755FA70212117527A802121175E0
:102A530058A8021211757BA80212117584A80212DC
:102A63001175B3A80212117543A902121175F9A9C0
:102A7300021211756EAA0212117515AB02121175AD
:102A83008AAB02121175C1AB02121175FFAB0212B0
:102A930011754BDC02121175CAC60412117573C687
:102AA30004121175E1C40412117533C404121175B3
:102AB30029C4041211751FC404121175B8C304127A
:102AC3001175A4C30412117501C30412117501C257
:102AD300041211751AC1041211750ABF041211757B
:102AE3009ADB02121175DEC30312117518BE0412AC
:102AF3001175B6BD0412117576DA02121175CAD9B1
:102B030002121175A2B20312117598B20312117554
:102B13002DB20312117561B0031211751FB00312A8
:102B2300117523AF03121175F7AE03121175AEAE13
:102B330003121175EFAD03121175F2AA0312117589
:102B4300C7A8031211756EA80312117501A8031209
:102B53001175C0A703121175F9A60312117593A677
:102B63000312117532A603121175D2A50312117542
:102B7300A9A4031211753DA40312117595A30312A1
:102B8300117590A30312117584A303121175B79FD6
:102B93000312117563D7021211751AD4021211753B
:102BA3006ED302121175DCD20212117596D2021283
:102BB300117561D2021211752ED202121175919FF5
:102BC300031211752F9F03121175D19E03121175F4
:102BD3008F9E0312117519D2021211757C9E031276
:102BE3001175719E03121175409E03121175309C6D
:102BF3000312117506DB02121175A39B03121175E3
:102C03001AB1041211755F9B03121175339B0312E2
:102C13001175C6FC0312117599FC0312117566FC3C
:102C2300031211753EFC03121175DFFB03121175BC
:102C3300BFFB031211758AFB0312117536F80312D9
:102C430011751EF60312117508F40312117588F33A
:102C53000312117534F30312117540F20312117547
:102C6300EED102121175E8F20312117530BB0300A5
:102C7300000080FB000022E4738F0001008C1987A1
:102C83000001008A1935000400531925000200577A
:102C930019260002005919270002005B19280001B8
:102CA3000065192900010066198400040065168671
:102CB30000010085182A00010067192B0001006834
:102CC300192C0001006C192D00080071162E00014B
:102CD300006D192F0001006E19300001006F1931CA
:102CE3000001007019320001007916330001007AE7
:102CF30016340001007119360001007B16380001FB
:102D0300007219390001006B1983000200881963EE
:102D13000001008716640001006919650001006A5B
:102D2300196D00010088167100080069166600011C
:102D330000871943000100781944000200791945FE
:102D43000001007B19460002007C19470008007F40
:102D530016480001007E194B0001007F1904000191
:102D6300008B19A10001008F19370001008E19880B
:102D73000001008D193C0001007C163D0001007329
:102D8300194900020080196700010089164D0002ED
:102D93000082194E00010084194F00020085193E7C
:102DA3000001007719510001007D165200010075E2
:102DB30019530001007619540001007E160000002B
:102DC300000000000000002001B18300000100208A
:102DD30001B383000002002001B58300000300203B
:102DE30001B2830000040042014582000005004255
:102DF3000182810000060042012C8200000700309E
:102E030001B68300000040420187820000FEFF21DB
:102E130001AF830300000021235A150300FEFF21A5
:102E230001AF8302040000290515190204100229C9
:102E33002305190304000029051B190304100029A5
:102E4300051D190304140028011F19030410022B84
:102E53002307190504000021051919050410022987
:102E6300230B190D04000039050F190D040202107C
:102E730023F8180D0403021023F7180D040402218C
:102E830023F9180D0405022123FB180D0411F11079
:102E9300230D192B040000390522192B04100228D5
:102EA300230E192B0404022123FD182B04050221F0
:102EB30023FF18000136360101000102010001035E
:102EC30001000104010606050200000701003408A1
:102ED30001000F090401010D0100FF0E0800001796
:102EE300020000190100FF1A0100011B0100FE1C72
:102EF3000100081D0200001F010001200100012143
:102F03000200002301000F24020000260100012714
:102F1300010008280200FF2A0100072B0102402CB0
:102F23000100002D0100012E0100012F0100FF30DF
:102F3300010B1D310800003A0100083B01000F3C62
:102F43000100013D0100FF3E040000420400004671
:102F53000400004A0400004E04000052040000561E
:102F63000400005A0400000103710301030103017B
:102F730003010301032203020301031003000300FF
:102F830003000300030003000300034203000324C0
:102F9300030603000300030403120325032303258D
:102FA3000323030403040300030003000344030097
:102FB300030003230300036503210035038103009A
:102FC3000305030003000300030003250323030198
:102FD300017101010101011101010131010101012E
:102FE300018001100161013B001400630173017250
:102FF30001620143010001130106013D0135000493
:103003000112010001000100010001040104013368
:103013000133013C01440132013600000100016526
:1030230001000135008101000105018201830100D6
:1030330001030071003001600011007000310220B3
:10304300035004800010006100000014006300734B
:10305300007200620043000000130006000000003D
:10306300000400120000000000000000000400043F
:1030730000370037003C024400000000000000005D
:10308300006500000035008100000005000000839A
:10309300000000030271023001600211027002019C
:1030A30002020202028002100261023A004100633E
:1030B300027302720262024302000213023800002A
:1030C30002000204021202000200020002000204D3
:1030D300020402370037003C0244020002390000B8
:1030E300020002650200023502810200020502822B
:1030F300028302000236000100060000000F0000F8
:10310300000000000000000000000003FFFF0000BB
:103113000403FFFF0000FFFF0FF4010005C40403D5
:1031230020000100000B000000000000000003016C
:103133000F0000000000000000000000000000007D
:10314300000000000000000000000000000000007C
:103153000000007E1DA81D841DB21C8A1DAE1D8AA1
:103163001DBA1D901DB21C8A1DAE1D961DB21C00FA
:103173000000009C1DB21C0000000000000000A223
:103183001DB21C0000000000000000000000000051
:10319300000000000000000000000000000000002C
:1031A300000000000000000000000000000000001C
:1031B300002A2001002A200200A01F02809A1F0378
:1031C30000A61F0400AC1F0480B21F0500B81F0631
:1031D30000C41F3100D61F3300DC1F3400E21FFF81
:1031E300FF000007ECFDFDFDECDCDCCCBCACAC9CD3
:1031F3009C8C7C7C6C6C5C5C5C4C4C3C3C2C2C1C3C
:103203001C0A3626020026050C260706260CE8258E
:103213000DF425FF000000160F00000B150B020034
:1032230002220F3300000E0F5A6967426565416C35
:103233006C69616E63653039D0D1D2D3D4D5D6D71A
:10324300D8D9DADBDCDDDEDF150AF4D4C0A595823C
:1032530072636155504900034D4C4651181A2505B8
:103263000200011916181616182303003030161819
:103273001920231A1C1E30303017181921301B1D3A
:103283001F30003C40423A3F3F392F47300C0E027B
:103293000B040B0A0708000F0204020101010109D4
:1032A3000200BE040AE8030000E8030100F6FB4B3A
:1032B300320300E6311A0010030A0C040A080A0359
:1032C3002802180A1E1015FF00FF041E091EC082E3
:1032D300C0831215809016B474D8F0A37423F090B1
:1032E30016B674DEF0A37423F09016B874E4F0A35A
:1032F3007423F09016BA74EAF0A37423F002600CFE
:1033030074F7120BCD9016A8E4F0E99016A7F07CA1
:103313007F7D167AA97B16121C7090197EE0901699
:10332300B1F09016B27469F0A3741602429974F066
:10333300120BCDEAFEEBFF548070030234A2901609
:10334300A712432E700302349BEA241B125B99706D
:103353007CEA241F125B9964137002A3E0706E8AE7
:10336300828B831234F09016C212512B750A0075AA
:103373000B00800D12416F12720B121B86AA0EAB4B
:103383000FEA4B60488A828B83E0650C7004A3E0EC
:10339300650D702C8A828B83A3A3A3A3E0F50EA3F0
:1033A300E0F50FE50A450B8A828B83A3A3A3A360F1
:1033B300C3124471850A82850B83A3A3A3A380B799
:1033C3008A0A8B0B8A828B8312512780B4E50824E7
:1033D3002A125B99FCE5082402F8E43509F9E8FAB6
:1033E300E9FB9016C21235D7A3A3E06402703C8AAE
:1033F300828B8312512B800B88828983A3A3A3A37F
:10340300124471E849601F88828983E06A7003A3CC
:10341300E06B70E488828983A3A3E06C70DA90196F
:1034230084125EC9806BECF9122414850882850925
:1034330083E06401704FE50824181234D91211CCCB
:103443001267B3120F9FE50824121234D91211CC5C
:10345300E5081243221211C8E508240B1267B712BC
:103463000FA3E50824171242BFE5082402FCE43544
:1034730009FDE5082419FAE43509FB122C48740AFE
:103483001211A5800CE064027007AA08AB0912248C
:10349300F2AA08AB09121AF0EEFAEF6480802DEA63
:1034A3005402600C9019E37401F0EA6402FA802379
:1034B300EA5408601A12240EEA4B700B9016C412D9
:1034C300668E7A081234E6EE6408FAEFFB80047A1B
:1034D300007B00026E3DF582E43509F583E0F50AD1
:1034E300780A22FB9016A7E0F9121C4622A3A3E058
:1034F300F50CA3E0F50D227B009016A7E0F9121C52
:103503003A74042274F4120BCD8A088B098A828BD5
:1035130083A3A3A3124F231242CA38F583E02409DD
:10352300FA126DD570030235CA8A828B8374021234
:103533004F988508828509831235D7E8F0A3E912ED
:103543006A4F8A828B83A3A3A3A3A3A3A3A3F0E5B8
:10355300082403F8E435091235CC1242CA3AF5833C
:10356300E08E828B83A3A3A3A3F0EE2409FAE43FA6
:10357300FB8E828F83A3A312617BF5838882E0A2F3
:10358300E58E828F83A3A3A3A3A3500474018001B8
:10359300E4F0E5082403F582898312512BEA1256DD
:1035A300AC3BF583126D9C1211C41242C93B1262EB
:1035B3006D8E828F83A3A3127F4B1211A5EEFAEFB8
:1035C300FB9016A7126E228016F98882F583E0FA23
:1035D300A3E0CA221252C8A3A32274021211A57F28
:1035E30004020F1A74F2120BCD8A088B09ECFAED60
:1035F300FB740E1214E9E0FC1215B68A0C8B0DAEA7
:103603000CAF0DEA4F6030AC08AD091215A4E960A8
:1036130026AC08AD09EEFAEFFB1215AAE970148E79
:10362300828F8312445EFAEFFB12159EAA08AB0940
:103633001215CE7900800279B402521774F0120B7E
:10364300CD74F6121258EAFEEBFF8C088D09750F44
:10365300B3852182852283E4F0750E008002050E76
:103663009032C1E493F8E50EC3984003023766AA8B
:103673000E7B001215F28A0A8B0BEA4B60E08A82FA
:103683008B83A3A312376D28F0F8C3EE98EF940051
:1036930050CC7C157D007900AA08AB09121AD88595
:1036A3000A82850B83A3A3A3A3127248E0F8EEC397
:1036B300982925E0F8E433F9E50A28F582E50B3982
:1036C300F583A3A3A3A3A3A31242D4A3125CF08AFA
:1036D3000C8B0DAC0CAD0DAA08AB09121C70850A3E
:1036E30082850B83A3E06401700A1267B37401122D
:1036F30042E680447401121238850A82850B8312D4
:1037030051291215DAE9603D74091214E9E0C0E0A9
:103713001267B3D0E0F074091214E9E06403701384
:103723007401121238E508240BFAE43509FB121C64
:1037330070801274011214E9124471E508125CD608
:103743003509127209850A82850B831267BF1242FB
:10375300E6A3A3E0C0E0E50824141267B7D0E0F0C5
:10376300750F00A90F740A026E3AA3A3A3E0F885AC
:103773002182852283E02274F7120BCDE9FE8A822F
:103783008B83A3A3A3A3A3A3E0540860338A828BF0
:1037930083A3A3A3A3A3A3E0540260218A828B8300
:1037A300A3A3A3A3A3A3A3A3A3E06406600F74E945
:1037B3006E600A74CD6E600574F06E70031223F6AA
:1037C300024B1674F0120BCD74EF121258740F12D1
:1037D30014E912657274081214E9E9F0ECFEEDFFC6
:1037E30074051214E91248DE124B02A3E0F9121514
:1037F300C274061214E912657274061214E91257A0
:103803003D7003023A8112430EE0FA74061214E982
:10381300E0F9122336123AE1F8A3E0F9E84970031C
:10382300023A81EE2403F50AE43FF50BEE2406F594
:1038330008E43FF5097C00850882F58312512B8546
:103843000A82850B83E0F91215C874031214E91276
:103853006572850A82850B83E0C0E085218285221B
:1038630083123ADAD0E0125852F9852182852283F5
:103873001241761253A4123770FAA3E0CA2407F553
:1038830082E43AF583E8F0A3E412657D2406F58229
:10389300E438F583E4127215124F171211C4EE12B5
:1038A30042CA3F12626D74031214E9124F232409B2
:1038B300127F451211A574291214E91272421235AE
:1038C300D11258653A127209742B1214E9E0C0E060
:1038D300852182852283125704D0E0F074021214EA
:1038E300E9E4F074251214E978081214760239D841
:1038F30074031214E91262358882F583123AC9A35C
:10390300A3A3125CFBFB1215E0850E82850F83A334
:10391300EAF0A3EBF074031214E9123ADAA3123AB1
:10392300C9125F0AA2E6500F850E82850F83A3A3F7
:10393300A3A3A3E0D2E1F074051214E9E0706B8550
:103943000E82850F83A3124471901702E0687003FF
:10395300A3E0697055850E82850F83A3A3A312424A
:10396300A9750C00780C1211CC78081211C07429B7
:103973001214E9E0F50C780C1211CC74271214E937
:10398300120FA390170F120FA3790074191214E9E1
:103993001250FB12253A740A1211A5850E82850F67
:1039A30083A3A3A3A3A3E04405F074021214E9E0E4
:1039B30004FC8E828F831251258E828F83A3A3A34F
:1039C300E0F91215C874031214E912657274021235
:1039D30014E9E004F074031214E912573D606774AC
:1039E300021214E9E0FA74061214E9124471C3EAEC
:1039F30098E499505174021214E9123DB38521825F
:103A0300852283E028F8A3E039F9E8240FF50EE4D2
:103A130039F50F850E82F583E4F074031214E9126D
:103A23003AD4640160030238F374051214E9740193
:103A3300126E28F074031214E9125FFC123DD6E8EB
:103A4300F0A3E902391785218285228312512B12B3
:103A5300233C852182852283120FA374261214E945
:103A6300E0FD74251214E9E0FC740A1214E9E0F98C
:103A7300EEFAEFFB1223F074021211A580438E823B
:103A83008F83A3A3A3E0C0E0740C1214E9D0E0F089
:103A9300126C91E0C0E0740D1214E9D0E0F07406EA
:103AA3001214E912573D7009740E1214E974B980A7
:103AB30007740E1214E97410F074091212301225EF
:103AC300347411026E3AE0850E82850F83A3A3A39B
:103AD30022E012582AE022E012582AA3A3228521C9
:103AE30082852283EAF0A3EB1257462274F0120B6D
:103AF300CD74E112125874041214E9E9F07403123C
:103B030014E9ECF074021214E9EDF08A0E8B0F74D1
:103B13002F1214E91234F2AA0CFB12232A74011295
:103B230014E9E9F0AA0CAB0D12233074011214E965
:103B3300E07003023DAE852182852283E480158EE9
:103B4300828F83A3A3A3A3A3E0D2E3F0852182857D
:103B53002283E004126D80F8852182852283E0C3ED
:103B6300984003023DA574011214E9E07003023D7D
:103B7300A5852182852283123DB3E50C28F8E50D46
:103B830039F9E8240FFEE439FF8E82F583A3A3A35A
:103B9300A3A3E0A2E040B5750800750A08750B0001
:103BA30074021214E9E060037508207C087D007933
:103BB300007405121230121AD88E828F83E0603E91
:103BC300901752E06401701AE508D2E3F508750B0B
:103BD30010123DC31214E9E8F0A3E9125BEE74FF7F
:103BE300807643080C750A0C8E828F83A3123DCE18
:103BF30012720B74051214E974FFF0A3805A740453
:103C03001214E9E06009E508D2E6F508750A0A8EA0
:103C1300828F83A3E064FE7003A3E0F47030741218
:103C23001214E974041267DDF8741D1214E9E81222
:103C33004F9874121212301222587D007C007900C2
:103C430074151214E9AA82AB83122012800B123D61
:103C5300C31214E9E8F0A3E9F074071214E9E508C4
:103C6300F0124305C0E074091214E9D0E0F0740ABD
:103C73001214E97401F074051212301224F874114D
:103C83001214E9E06003023D83740D1214E9125823
:103C93004D8E828F83A3A3A3A3F0740D1214E91294
:103CA3004F66E50AF0A3E50BF074031214E9E0C0D4
:103CB300E0124EF7D0E0125F0A6011901752E0C095
:103CC300E0740D1214E9124F41D0E0F0740D121498
:103CD300E9124471850C82850D83A3A3A3A3A312C8
:103CE3003DBC241C12656C127225123DBE125EBCD3
:103CF30039126CB0C0E0124EDED0E0126D75C0E038
:103D0300740D1214E9124A24D0E0126A76C0E074EA
:103D13000D1214E9124A1AD0E0F0740D1214E912CC
:103D23003DCE123DBC242A12656C850E82850F831D
:103D3300A3A3A3A3A3A3A3A3E01265651242F4C0A4
:103D4300E0124A06D0E0F0740D1214E912512B85EB
:103D53000E82850F83126D8B2428F582E43B127249
:103D6300091242FD126D9C1211C4126266EA1264BA
:103D7300FE3B127F491211A574051212301224FE64
:103D83008E828F83A3A3A3A3A3E0D2E0F0741112C6
:103D930014E9E06003023B4274011214E9E01402E7
:103DA3003B4E7900AA0CAB0D1223FC741F026E3A32
:103DB300E075F007A4F8A9F022A3A312512FE8227B
:103DC3008E828F83A3124475740522E0123DD6A31D
:103DD300A3A322F8A3E0F9850E82850F83A322749F
:103DE300F0120BCD74E8121258E9852182852283E3
:103DF300F08A0E8B0F8A828B83A3A3A3A3A3A3A30F
:103E0300A3E0F91223548A088B09EA4B7003023E9C
:103E1300BFE50E1256C012431D1242B4852182859E
:103E23002283E06003023EC27C04850E82850F83F9
:103E3300A3A3A3A3A3A3A3A3E0F912235AEE4F6062
:103E43007B8E828F83A3A3A3A312447174071214DE
:103E5300E91266A312447174091214E9124FC8C01F
:103E6300E074111214E9D0E0126A54A3A3A3A3A32C
:103E7300A3A3124471740F1214E912720B74121279
:103E830014E9E4126E30C8241FF582E438F5831276
:103E93006231C413135403FC70027C048E828F833B
:103EA300E0F978081211C8742059FD744059F97467
:103EB300031212301223F074021211A5026E387C21
:103EC30008850E82850F83A3A3A3A3A3A3A3A3E0C3
:103ED300F912235A8B0BEA4B7003023E40EE4F60FC
:103EE300DB852182852283E0F50C780C1211CC85C9
:103EF3000882850983A3A3A3A3A3A3A3E0F50C7856
:103F03000C1211CC8A828B83A3A3A3E0FB8A828544
:103F13000B83127A688A82850B83E0FA8E828F8301
:103F2300A3A3E0F9122C4E74021211A5023E4474AD
:103F3300F7120BCD74FA121258E9FE780179017F5A
:103F430000800379000F1252A7E0FCEFC39C5026B8
:103F5300EF75F007A4FC85F008AD08EA2CFCEB3DF7
:103F6300FD124896E0A2E050DA540C60D6E0A2E2DB
:103F730050D3780080CF8A828B83A3A3A3A3A3A368
:103F8300E0703DE9A2E0400574016E70338A828BD4
:103F930083A3A3A3A3A3A37401124286E0C0E07486
:103FA300031214E9D0E01248F5E0C0E074041214DF
:103FB300E9D0E0F074051214E9E81261D012253457
:103FC3007406024B13C082C08379011223FC026082
:103FD3000C74F4120BCDEA4B9019E36019E4F08AE8
:103FE300088B09F50AF50B78081211C07A0212340E
:103FF300FA1211A5800A7401F07A027B001234E7E9
:104003000235E274F0120BCD74F3121258740312DA
:1040130014E9E4F0A3F09016C21242B4740112142E
:10402300E9E4F0A3124F9D04F09016FCE0A2E350E4
:10403300030240F912427A74091214E91214BA7491
:10404300091214E978081214769016C4780812122B
:104053004074051214E9780812145812417D74054E
:104063001214E9780812141950077A017B000241EF
:104073006A74051214E9780C121476901983E0F52A
:1040830009780C7908120B5EA80CA90D901984E02D
:10409300C398E4995003E08001E885218285228357
:1040A300F074091214E97808121476C008C009C024
:1040B3000AC00B74051214E9780C12147612417DB0
:1040C300780C7908120B5EE4F50AF50BD00FD00ECD
:1040D300D00DD00C780C79081213009016C4780C0C
:1040E300121458801112416F12720BEEFAEFFB1289
:1040F3001B86AE08AF09EE4F60658E828F83123741
:104103006DC398502DEE2403F8E43FF9E0FA88825A
:104113008983E0C39AF0602374031214E91245D72C
:1041230074011214E9EEF0A3EF1266BEFEA3E0FFE2
:1041330080C48E828F83A3A3A3E4F08E828F831225
:104143007F0274011214E912573D8E828F83A3A359
:10415300A3A360911266971214E9124176808974C1
:10416300031214E912512B740D026E3A1244759026
:1041730016C22212625CA3A3A322901982127F0AA1
:10418300E4F50AF50B2274F0120BCD8A088B09892A
:104193000A780079009016C21242B4FBEE4B601EFF
:1041A300088E828F83A3A3A3A31250F5601008E89F
:1041B3007001098E828F831242B0EA4F70E3901927
:1041C3008512512BC3E89AE99B400302426D7A069C
:1041D300124270A80CA90DEA49700302426D8A824B
:1041E3008B83E508F0A3E50912428FE50AF09019E5
:1041F300841252AF124286A3E4F0A3F09016C212C7
:1042030050F5600D8E828F83A3A3A3A312720B803C
:10421300179016C212720B9016FCE0A2E34009122B
:10422300427A9016C41214BA9016FCE0A2E3503AF4
:104233007A087B009016A7E0F9121C4CEA4B4C4D10
:104243007028901982E0F508A3E085080CF50DE4C9
:10425300F50EF50F780C1211C07A087B009016A7A3
:10426300E0F9121C4074041211A5026E3D7B00128A
:104273001B808A0C8B0D22121C58EAF8EBF9ECFA1E
:10428300EDFB2212428A2212428FA322F08A828BF2
:1042930083A3A322E508F0024B16F08E828F83A33B
:1042A300A3A3A3A3A322125BA7A3A3F022A3A3A365
:1042B300A3E0FEA3E0FF227F05020F1AF582E43597
:1042C30009F583E0F922EA1242CE222410F582E4B2
:1042D300221242DCA3A3A3A3221244798508828578
:1042E3000983221242EA22F0850A82850B83A3A363
:1042F30022E50E241112431AE022E50E240E124386
:104303001A22E50E241012431AE02212431222EE5F
:104313001242CE3FF58322F582E4350FF583222442
:104323000FF50AE43509F50B780A22E0F9121B02AE
:104333008A088B09EA4B2274F2120BCD890B8A0887
:104343008B098A828B8312512B122420EA4B60043F
:1043530079B8806A12242CE9F89032BAE493F9E828
:10436300C399400479B280567A15124270AE0CAFED
:104373000DEA4F7004791080458A828B83E4F0A3A1
:1043830012428FE50BF0750A0078081211C47C12F3
:104393007D00EA2403126D471211A59016C8125727
:1043A3003D70089016C8800C12447188828983126C
:1043B30043C470F4EEF0A3EFF012243E79000252EE
:1043C3001712512FEA4B8882898322C082C08390BF
:1043D30016C880048C828D83127A69EC4D60288C18
:1043E300828D83A3A3E069600574FF6970E68C8204
:1043F3008D83A3A3A3E06A7003A3E06B70D6EC24C0
:1044030003FAE43DFB80047A007B0002600C74F73E
:10441300120BCDE9FD74FE6D70047C0180027C00FB
:104423009016C880096D70027C01888289831257B7
:104433003D601F88828983A3A3A3E06A7003A3E07E
:104443006B70E7ECA2E088828983A3A3E050D6F9DE
:10445300800279FE024B16EEF9800CA3A3127F0AA9
:10446300EE2274021211A57F02020F1AF583124481
:10447300752212447922E0F8A3E0F9221244798EDE
:10448300828F83221211A57F03020F1AC082C08379
:1044930079009016C8800109E0FAA3E08A82F583C7
:1044A300E582458370F102600C74F6120BCDE4F5DE
:1044B30008F50978081211C89032BAE49375F0131D
:1044C300A4A9F01245CC1272691211A5E9FE740970
:1044D3006E700312243802445A74F6120BCD74FE24
:1044E300121258852182852283E4F0A3F0A821A922
:1044F300228808890978081211C87508027509000D
:1045030078081211C8126EDA1211A502446574F507
:10451300120BCD74EB121258852182852283E4F0AD
:10452300A3F09016C880748E828F83A3A3E0C0E0AB
:1045330074021214E9D0E0125BEEA982AA838908FF
:104543008A09750A0078081211C47C127D0074066A
:104553001214E912722E1211A5740212122888087D
:10456300890978081211C8750813750900780812AB
:1045730011C874041214E91256E075F013A4F8AAD2
:10458300F075F013E91245C8126EE21211A58521E8
:10459300828522831245D78E828F831242B4EE4FD7
:1045A3007085A821A9228808890978081211C8757D
:1045B300080275090078081211C8126EDA1211A5E3
:1045C3007415024487A42AF9E82402FCE439FD7A2D
:1045D300427B0022E02401F0A3E03400F02274F4D3
:1045E300120BCD74EB1212587E007F00A821A92272
:1045F3008808890978081211C87508028E09780895
:104603001211C87C007D007A421272751211A5E95D
:10461300706C8E0880567402121228880A890B78EF
:104623000A1211C8750A13750B00780A1211C8E52E
:104633000875F013A4F8AAF075F013E5091245C83C
:104643001272771211A5E9701B74031214E9AA827E
:10465300AB8374021214E9E0F912241AE970050E0F
:10466300EE70010F0508E5087002050985218285B2
:104673002283124471C3E50898E509994098EEFA3C
:10468300EFFB74150235DF74F6120BCD8C828D832C
:10469300A3A31248E3F0EA1265043BF583E0C0E00C
:1046A3001248A0D0E0F0EA241DF582E43B12446FE7
:1046B3001248841248DEF0A3F0EA241FF582E43B9B
:1046C300F5831242B4EC1248773DF583EEF0A3EF85
:1046D300F012487D3BF5831248AEA3A3A3A3A3A383
:1046E300EEF0A3EF12615FFE8C828D831248ED74AE
:1046F300035EFEC39403400302486AEE600874023B
:104703006E600302478F8C828D83E0540CFE740C21
:104713006E70030247CEE0A2E4400D88828983E0F5
:104723008C828D83A312490374086E60030247CE03
:1047330012488E7401F08A828B83A3A3A3A3A312CE
:104743005BB470148C828D83E0440C1248F5A3A3F0
:104753001248AEEEF0A3EFF08C828D83E0A2E4402A
:104763002B88821248BC1248D1500109F5821248A5
:10477300BCA3A3A3A3A3A3F0A3EF1248FD8C828D34
:1047830083A3A3A3F0E82403F85001098882898353
:10479300E0C0E0EC2411F582E43DF583D0E012485B
:1047A300ED8C828D83E0A2E7507588828983E0FED9
:1047B3008C828D8312490374FC5E700C8C828D8312
:1047C300A3E054036403701E02486A12488EE4F0A7
:1047D300740C6E600302473988821248C21248D1B2
:1047E30050010902475B8C828D83A3E0540360323E
:1047F30088828983E0C0E0EC1248A83DF583D0E0CD
:104803001249048C828D83E05403640270148882FD
:104813008983E0C0E0124896D0E01249048003A3E4
:10482300E4F0EC1256AC3D127209EC2410FEE43DA8
:10483300FFEA241DF582E43BF583E0F5088E828FC1
:1048430083E0C3982508F508F0EA2417F8E43BF958
:104853008882F583E0C39508C0E0124884D0E01253
:10486300615FC39508500A124884E4F01248A0E43B
:10487300F002446A2415F582E422EA240DF582E469
:1048830022EC240DF582E43DF58322EC1258653DBC
:10489300F58322EC2414F582E43DF58322EC1242E5
:1048A300CE3DF583222413F582E422E0FEA3E0FF4C
:1048B3008C828D83A3A3A3A3221248C2A3A322891C
:1048C30083E0F508A3E0FFE5088C828D8322A3A390
:1048D300A3A3F0A3EFF0E82402F8221248E3A322F3
:1048E300E4F08C828D83A3A3A32212490BA882A98F
:1048F300832212428AA3A3A3A32212490BA3E02279
:10490300A312490B08A98322126168A32274F4122B
:104913000BCD74F31212588A0A8B0BECFEEDFF8C4D
:1049230082F583E0540CF508E0A2E75006E508D2CF
:10493300E7F508E508D2E1F508125BB47006E5086F
:10494300D2E4F508E0A2E55006E508D2E5F5087CD7
:10495300087D007900AA21AB22121AD8740212141E
:10496300E9E50812720FC0E074031214E9D0E012F3
:104973004F9DE50AF0A3E50BF074051214E9126AE2
:104983007B1214E9E0707774081214E9124F2312B2
:10499300615138126A96C0E074081214E9124A246D
:1049A300D0E0126A76C0E074081214E9124A1AD0F1
:1049B300E0F074081214E9124A10E0124F4B124F40
:1049C300CC126565EE2411125B80C0E0124A06D05A
:1049D300E0F0EE2414125B80C0E074081214E912B4
:1049E3004F232435F582E438F583D0E0124F70C0AD
:1049F300E074081214E9124F27D0E01267CF740D48
:104A03000235DFE82432F582E439F5832212447F4C
:104A1300A3A3A3A3A3A322124F37126C7538F58364
:104A230022124F372426F582E438F5832274F712D5
:104A33000BCD7E008A828B83A3A3A3A3A3A3A3A3EB
:104A4300A3E064046003024AF212585DE0600302CB
:104A53004AF21256BF3B12573B7003024AF2888256
:104A63008983E054036003024AF2E812586539F57A
:104A730083E0FA8C828D83A3A3E0FBA3E0CB241114
:104A8300F582E43BF583E06A706588828983A3A39A
:104A9300A3A3A3A3A3A3A3124AF6E06A7003A3E00C
:104AA3006B704C88828983A3A3124B02E0FFA3E0BF
:104AB300CF2406125B806A7003A3E06B7031888297
:104AC3008983A3A3E0F88C828D83A3A3E0F9A3E0F9
:104AD300F5838982A3A3E06860138C828D83A3A3EB
:104AE300A3E0F5838982E0540C640470027E01EE36
:104AF300F98020124AFA221251338C828D8322A329
:104B0300A3124AFAA3A322740C1214E9E0F9740D58
:104B13001211A57F01020F1A74F6120BCD74FC1249
:104B23001258EAFEEBFFECFAEDFB8C82F583A3E06F
:104B3300540360169016BE12573D60597900EEFC7F
:104B4300EFFD12635C122C7A804B852182852283D0
:104B5300EEF0A3EFF074021214E9124F92AC21AD00
:104B6300227A567B2412267E8A088B09A808A90973
:104B7300EA4960218A828B83A3A3A3A3A3A3A3A34C
:104B8300A37406F07A0088828B83124F2312652563
:104B9300E0F91225DC740402446774F2120BCD743D
:104BA300F3121258EAFEEBFF8A82F583A3A3A3A3B1
:104BB300A3A3A3A3A3A3E0F50A9019E3E0700579E7
:104BC300BA024EDB750801750900750C00750D00FE
:104BD3007C087D007900AA21AB22121AD874051231
:104BE30014E97401124FA55404601274021214E9FB
:104BF300E0D2E6124FA554087003750803E0541081
:104C0300600674404508F508E054086022740212F7
:104C130014E9E044C0124FA55420600A740312142F
:104C2300E9E0D2E0800874031214E9E0D2E1F0EE87
:104C33002415125B80124F0B7003740169700674A4
:104C4300084508F5088E828F83A3A3A3A3A3A3A378
:104C5300A3E070161226D8852182852283126572FD
:104C630074021214E9E0D2E28030640F701074020F
:104C73001214E9124FAD74044508F508807F8E8243
:104C83008F83A3A3A3A3A3A3A3A3E064028E828F12
:104C930083700A127242E8F0A3E9F08060A3A3A331
:104CA300A3A3A3A3A3E06403700DAC21AD22EEFA8A
:104CB300EFFB12248C80468E828F83A3A3A3A3A32E
:104CC300A3A3A3E064017035901752E0601074024F
:104CD3001214E9124FAD750910750AFF801874029A
:104CE3001214E9E0440C124F9D74FDF0A374FFF01D
:104CF30074044508F5088E828F831234F2EE24156E
:104D0300125B80A2E0503F74021214E9E0540C706D
:104D13001B8E828F8312512B1220D8E9700579BB29
:104D2300024EDB74021214E9E0D2E5F0EE24151210
:104D33005B80A2E0501074021214E9E0540C640486
:104D43007004E0D2E5F0EE2411125B80C0E074043D
:104D53001214E9D0E0126A7D1214E9E06003024EF6
:104D6300D474081214E9124F66E508F0A3E509F0BC
:104D7300124F01E0C0E0124EF7D0E0F0124EE8E02F
:104D8300C0E074081214E9124F231248A838F583BF
:104D9300D0E0124FCC64017011901752E0C0E07460
:104DA300081214E9124F41D0E0F074081214E9120A
:104DB3004F61124EF2FAE8241CF582E439F583EAD6
:104DC300124F98EE2415FAE43FFB8A82F583127A98
:104DD30069E8125EBC39F583124F92EE241C125B14
:104DE30080C0E0124EDED0E0126002124F0B70035F
:104DF300740169701374081214E912584DFAEE2401
:104E03001D125B80F91223608E828F83A3A3A3A359
:104E1300A3A3A3A3A3E0C0E074081214E9124A24D5
:104E2300D0E0F074081214E9124A1AE50AF0740883
:104E33001214E91256E02428F582E439F583E50CCF
:104E4300F0A3E50D124F78124F4B125BF912656513
:104E5300EE124EF2C0E0E82433F582E439F583D054
:104E6300E0F0EE241B125B80C0E074081214E91218
:104E73004F27D0E0F0EE241A125B80C0E0740812D2
:104E830014E9124F232432F582E438F583D0E0127B
:104E93004F70124F171211C4126C7B127A69740B84
:104EA3001214E9124F23242F127F451211A5EE2469
:104EB30015125B80544060129016DE12573D600A53
:104EC300AA21AB2212635C122C7AAA21AB221224F0
:104ED300FE740C1214E9E0F9025212E82420F58260
:104EE300E439F58322EE2419F582E43FF583221297
:104EF3006C8AE022E82412F582E439F58322EE2459
:104F030018F582E43FF583225480F8A3E05401F9B5
:104F130074806822F508A3E0F509750A0078082271
:104F2300124F3722124F372434F582E438F58322A7
:104F3300A3A3A3A3124F3B22E0F8A3E0C822124F7E
:104F43003712487738F58322FAA3E0FBE8242AF5E1
:104F530082E439F583EAF0A3EB22A3A3A3A31244CB
:104F630075EE221256E41256C439F58322F0EE246C
:104F730013125C0122F0EE240D125C0122E0FC8A84
:104F8300828B83E02CFCA3E03400FD8A828B83ECCC
:104F9300F0A3EDF022F0A3E4F022F0852182852234
:104FA3008322F0EE2415125C0122E0D2E3F0124FCB
:104FB300B5228E828F83124479852182852283E8EC
:104FC300F0A3E9F022E8F0A3E91266B8E02274F74F
:104FD300120BCD8A828B83A3E0640170047E63800D
:104FE300027E648A828B83E060087905125005246F
:104FF300F3FE9016FAE06007F912500524F2FE0260
:105003004AF21225A6E9F8EEC3982274F6120BCDE4
:1050130074FE121258852182852283126572E9FE7D
:10502300ECFAEDFB9005C212573D6032A821A9228C
:105033008808890978081211C87D01740E1214E9D1
:10504300E0FCEEF99005C2126546122C7A74021246
:1050530011A5EA4B60047900800679B2800279B623
:1050630002446574F7120BCDE9FE9016B412573D56
:10507300601F74091214E9E0F50878081211CCEEE8
:10508300F99016B4126546122C7A74011211A58098
:105093000279B6024B1674F7120BCD8908ECFEEDBC
:1050A300FF79B5E508245E602014600624F86034B7
:1050B300803D9005C41250F56035127286122C7A29
:1050C3008E828F8312657280249016B6127A69ECF1
:1050D3004D601CEEFCEFFD9016B6126546122C7A5D
:1050E300E9F9800B9016B21250FB121C7079000282
:1050F3004B1612512FEA4B22127A6DEEFAEFFB2276
:1051030074F7120BCDE9FE79B574AB6E700B901684
:10511300B212512B121C707900024B168E828F83B0
:10512300A3A3A3A3A3A3A3A312512F2212513322F8
:10513300E0FAA3E0FB2274F1120BCDEAFEEBFF8C45
:105143000A8D0B750801901702E06E7003A3E06FE0
:10515300700C125206AA0AAB0B121C70805E122648
:10516300DEEE6A7002EF6B7009AA0AAB0B1226E43B
:10517300804AAC0AAD0BEEFAEFFB122234E9F508D4
:1051830090198AE07036122B82E97030E508702C92
:105193009016D2E06E7003A3E06F7020EE4F601C98
:1051A300750CCA750D16750E00780C1211C47C08A7
:1051B3007D00AA0AAB0B1272321211A5A908027B59
:1051C3006574F2120BCDEAFEEBFF8C088D09750AAC
:1051D30001125206EEFAEFFB121C6AE96401701128
:1051E30090170212447185088285098312720B801D
:1051F3000EAC08AD09EEFAEFFB12223AE9F50AA963
:105203000A80111226D28A0C8B0DAC0CAD0D2274C0
:105213000D1211A57F06020F1A74F6120BCDEAFECA
:10522300EBFF7A0D7B00121B80EA4B6062EE2424B5
:10523300126F0FF0EE2425126F0FA31252D4126FC8
:1052430015A3A3126CA81252AFF0EE12529512528C
:10525300C4E8F0A3E91252EB1252BC12720BEE1225
:10526300529E126D6BA3A3A3A3F0EE2433125B80B3
:10527300C0E01252A7D0E0126A9A1252BCA3A3A3B1
:10528300E8F0A3E91252E3C0E012585DD0E0F00267
:10529300446A242AF582E43FF58322242EF582E42E
:1052A3003FF58322EA125CD63BF583221252B322E6
:1052B300E08A828B83A3A3A322126DCAA3A3A3A311
:1052C300221252C8221244798A828B83A3A3A3A3F6
:1052D30022F01252D922EE2426F582E43FF58322EE
:1052E300F0EE2432125C0122F0EE242C125C012237
:1052F30074F4120BCD74FE121258ECFEEDFFEC2485
:1053030016125B8064057010EC2406FCE43FFD126A
:105313002486E9700302539FAC21AD22126FC4129D
:1053230020DE85218285228312573D606B8E828F1A
:1053330083E064017058E875F009A4F8AAF075F0E9
:1053430009E9A42AF9742928F8740439F9E8FAE96F
:10535300FB8882F5837808121476EE1254411214F6
:10536300194027852182852283124F61125B8E1299
:1053730053A478081214769082F7780812139C8A43
:10538300828B837808121458800A79A28010EE2445
:105393000F1272057900800679A1800279C802355F
:1053A300DD124FC2EE126C962274F2120BCD8A0CF0
:1053B3008B0DECFEEDFFEC125B8EE4F0A3F090821C
:1053C300D37808121476EC1254411212C36067ECBE
:1053D300240E125B87703478B39016F9E07028902E
:1053E300172BE064017020EC2411125B80F9122565
:1053F3008E8B09A909EE1256C03F126570EA496007
:10540300047800800278A18808802EE0600464029A
:10541300700A122498E9F5087007801DE064037090
:1054230010EEFCEFFDAA0CAB0D122102E9F508808A
:10543300087508A180037508A3A908025217126C06
:105443009678082274F0120BCD74F5121258EAFE06
:10545300EBFFEA240AFCE43F8C82F583127F0612F9
:1054630056CA74031212388A828B83126366E970F8
:1054730003025530740112123874031212301220D1
:10548300DE74011214E912573D7003025530E875BA
:10549300F009A4F8AAF075F009E9A42AF9742528FB
:1054A300FC740439FDE508240E1267B7E4F0041216
:1054B30014E9124471E5081256C035091272098CB9
:1054C300828D831214AEE50824121267B71214BA40
:1054D3009082F778081214768C828D8378081213E1
:1054E300508C828D83780C1214769083A3780812E3
:1054F3001476780C7908120B5EE5084509450A45D0
:105503000B702A74011214E91256E075F009A4F81D
:10551300AAF075F009E9A42AF9742D28F582740418
:1055230039F5837401F07A007B081256ED8E828F71
:1055330083A3A3A3A3A3A3A3A3A3A3E02406FCA3DE
:10554300E03400FD8E828F83126366126A88603EA8
:10555300EE240A1256B2124F667468124F98E8127C
:1055630056AC39F5837402F09016E41214AE8C82B3
:105573008D8312655F1261513CF5831214BA9082D8
:10558300F778081214769016E4780812135012571D
:1055930028705D9016B21256D8A3A3A3A3A3A3A306
:1055A300A3A3A3126187121C6AE9701012614590CC
:1055B30016B21261577005126A8860348E828F8327
:1055C300A3A3A3A3A3A3A3A3A3A31256D812512BAC
:1055D300122108E960118E828F83A3A3A3A3A3A33F
:1055E300125714E4F0A3F08E828F831256FAE4F07C
:1055F30012572860030256A78E828F83A3A3A3A307
:10560300A3A3127F029016F9E0600302569C901741
:105613002BE06401600302569C750A3A750B00780F
:105623000A1211C87402121228880A890B780A1206
:1056330011C81275011211A5E9705BE508240E1259
:1056430067B77401125742C0E0E50824111267B727
:10565300D0E0F0E508240F1267B7743A124F989020
:1056630016E01214AEE50824121267B71214BA90AA
:1056730082F778081214769016E078081213509087
:1056830082F778081214769016E078081212C37025
:10569300081256E980031256CA1257287006126080
:1056A3004874A1F0740B026E3A240EF582E422F8DA
:1056B300E43FF9E8FCE9FD8882F58322EA1256C447
:1056C30022240FF582E422E5081256C43509F58336
:1056D300E4F0A3F022127A6D8E828F83221256E4B5
:1056E30022124479E8227A007B02901588E0F912AD
:1056F3001B2C228A828B83A3A3A3A3A3A3A3A3A369
:10570300A312570822124F3B240EF582E438F58387
:1057130022A3A3A3A312571C22124F3B240FF582EB
:10572300E438F583228E828F83A3A3A3A3A3A312BA
:105733004F33240FF582E438F5831256E4492212DD
:10574300574622F0852182852283E02274F6120BCC
:10575300CDEAFEEBFF7A237B00121B80EE240AF5D1
:1057630008E43FF5098508821265707C237D007982
:1057730000121AD885088285098312573D700302E7
:105783005810EEFAEFFB1224A412572860748E828D
:105793008F8312584364018E828F83A3A3A3A3A391
:1057A300A37007125839740E802112573D701012DE
:1057B3006A88700B8E828F83A3A3E0A2E050071246
:1057C300582F740D800512582F7405126A9A5403CA
:1057D300640170071258177405800B9016FAE0C025
:1057E300E0125817D0E0125852F5838882125BAD4D
:1057F300850882850983124F2312650438F583E9EE
:10580300800E8508828509831265E9800312652C61
:10581300F002446A8E828F83A3A3A3A3A3A3A3A3AB
:10582300A3A312582922E012654BA3228E828F83F1
:10583300A3A3A3A3A3A3124F3312650A38F58322AC
:10584300A3A3A3A3A3A3A3A3A3A3125708E0221272
:10585300585622126FD9F8A3E022EA1258653BF595
:105863008322240CF582E42274F1120BCD74E4122A
:1058730012588A0C8B0D8C088D097A237B00121B1E
:10588300808A0A8B0BAE0AAF0BEA4F7003025B6888
:10589300126510E5082415125B99687003A3E0698B
:1058A3008E828F837004740280027401F0E50824F1
:1058B3000DF8E43509F98882F583E0FAC3E49AFA2E
:1058C30095E0FB125B952AFAA3E03BFB8E828F8364
:1058D300A3A3A3A312616E8E828F83A3A3F0EE24EE
:1058E30020F582E43FF583E4F0EE2421F582E43FE2
:1058F300F583E4F0EEFAEFFB12255885088285095B
:1059030083125BB470098E828F83A3740580069023
:1059130016FA125BA2F0EE2417F50AE43FF50B8E9C
:10592300828F83125BADE9850A82850B83F0EE24B7
:1059330016F8E43FF9E508240EFAE43509FB8882FA
:105943008983124F80E5082410FAE43509FB850AA0
:1059530082850B83E0FC88828983E0F88A828B83CB
:10596300E0C398C39CF8125BEEF0EEFCEFFDAA0CCB
:10597300AB0D12249EE9F50B8E828F83E0640270D7
:1059830006126145125B72E50B6003025B5F750CE7
:1059930000750D0090198AE064016005E0640270EF
:1059A3003F125B846008EE2421125B8770328E8283
:1059B3008F83A3A3A3126532125BBAEE2416125B84
:1059C30080125BE3FAE439FB124272EA4B60111274
:1059D3006D941211C4125BC8AA0C1272321211A573
:1059E300EEFAEFFB122564E9F50B90198AE06401E6
:1059F3006008E064026003025B52E97003025B52D9
:105A0300E50C450D7003025B5F8003850E0B125B93
:105A130084600BEE2421125B876003025B58850BC5
:105A23000E850C08850D09750A0078081211C41239
:105A33005BC88E828F83A3A3A3A3127F4B1211A5EE
:105A4300EE2420125B80600D125B8D7468124F98F8
:105A5300EE24208015EE2421125B806015125B8DED
:105A63007403F0A37401F0EE2421F582E43FF5837F
:105A7300E4F0EEFAEFFB122564E9F50B70907C136A
:105A83007D0079007409121230121AD8741A121494
:105A9300E97401125BF964687002A3E0704F8E82AF
:105AA3008F83125714E064056003025A0E7C087951
:105AB300FF8E828F83A3A3A3A3E0242A12618A12F9
:105AC3001B62E97003025A0E7C087D0079FF7401A2
:105AD300121230121AD874011212387A007B00792C
:105AE300AB12248074191214E974FC8015125B8DB7
:105AF300E064037004A3E06401700874191214E9EC
:105B030074FFF0E4F508F50978081211C87402125D
:105B1300123874131214E9AA82AB8312666F12113E
:105B2300A5852182852283E0602B740912122888BF
:105B330008890978081211C87508137509007808CF
:105B43001211C87C007D00126EE21211A58006E5D9
:105B53000C450D6007AA0CAB0D121B86EEFAEFFB8A
:105B6300121B868003750B10A90B741C027B62EE5B
:105B73002406FAE43FFB121C7022EE240C125C0193
:105B830022EE2420125C01640122EE1256C43FF57A
:105B93008322E508240EF582E43509F583E0221219
:105BA3005BA7A322E08E828F8322A3E0F91225A6AE
:105BB30022E05403640122125BBE22E0FAE82AF8D1
:105BC300E43400F9228E828F83A3A3A312653612D5
:105BD3005BBEEE2416125C01125BE3FCE439FD228A
:105BE300FAE82AF8E439F9E8240422125BF22212D3
:105BF3006AA9A3A3A322F0125BFE22EE240FF5826F
:105C0300E43FF583E022790102117274F4120BCDA3
:105C1300EAFEEBFF8A82F583A3A3A3A3A3A3A3A313
:105C2300124F232424F582E438F583125BB4702EDB
:105C33008A828B831258437025125CDCE064057002
:105C43001D125CDCA3E0F8740168600574066870DB
:105C5300071256F6740280051256F67403F0EA240E
:105C63000A1265DD126546E4F0EA2408F8E43F12FF
:105C730035CC2431F582E43AF583E0C0E012727D3D
:105C8300A3A3D0E0125CFBCA242EF582E43AF58389
:105C9300E0C0E012727DA3A3A3D0E0126221C81278
:105CA3005CD63812446F12727D125CF08A0A8B0B39
:105CB300AC0AAD0B850882850983126187121C70BB
:105CC30085088285098312512B1225641265D8F049
:105CD3000235E2240BF582E4228A828B83A3A3A3F9
:105CE300A3A3A3A3A3126A6FF583888222A3A3A30A
:105CF300A3124FC21226D222126163FAA3E0220238
:105D03005C09C082C0839016D474AAF0A37424F0F3
:105D13009016D674B6F0A37424F09016D874BCF021
:105D2300A37424F09016DA74B0F0A37424F0026024
:105D33000C74F4120BCDEA2408FEE43BFF8E82F5CB
:105D4300831256E012651CE0F50874035508F50943
:105D5300126182F8A3E08882F583E508F0A3A882A4
:105D6300A983E5096009740265096003025E217471
:105D73000C5508FC600A74086C600574046C70268A
:105D8300740265097006E508A2E4401A8A828B83CF
:105D9300A3A3A3A3A3A3A3A3125F27126C753D120E
:105DA3005EC2A308A983740C6C701C125F232428A1
:105DB300125F0F2428F582E43DF583A31268A3F054
:105DC300E82402F8500109740265097006E508A287
:105DD300E4404B125F23242A125F0F242AF582E446
:105DE3003DF583A3125ED1125F2D1268A3125F2DBE
:105DF300A3125EC9E82404F8500109EC600F74088B
:105E03006C600A740C6C600574046C701112655339
:105E13002426F582E43C125EC2A3A882A9838A8267
:105E23008B83A3A3A3A3A3A3A3A3125EF154037021
:105E330014E508A2E1400E126553125EBC3CF583E3
:105E4300E054806008125ED7125EC480199016A8D1
:105E5300E0C0E0125ED7D0E0125F0488828983122B
:105E63005F0404126168A3A882A983E508A2E7502E
:105E7300458E828F83125EF188828983125F0A12B4
:105E83005EF6540360301265532434F582E43C1209
:105E930068A1F0E508A2E1501D8A828B83A3A3A326
:105EA300A3A3A3A3A31235D12435F582E43A126840
:105EB300A1A3F0E824030235E2241EF582E422F5CF
:105EC30083125ED1F022125ED1A3A3A3F022E08855
:105ED300828983228A828B83A3A3A3A3A3A3A3A3DD
:105EE300E0FCA3E0CC2432F582E43CF58322E0120B
:105EF3005EF622FCA3E0CC2425F582E43CF583E0A6
:105F030022F09016A8E022126AA5E022F582E43D71
:105F1300F583125ED1125F1C22126AA9125F272237
:105F23008E828F83E0FDA3E0CD22A3125F1C242C7D
:105F3300F582E43DF58322C082C0838A828B83127B
:105F43005FFCFC74035CF98A828B83A3A37401F066
:105F5300E960057402697061740C5CF8600A740886
:105F630068600574046870137402697005ECA2E438
:105F730040098A828B83A3A37402F0740C68700AAD
:105F83008A828B83A3A3E02402F07402697005EC78
:105F9300A2E440258A828B83A3A3E02404F0E86073
:105FA3000F740868600A740C6860057404687009EB
:105FB3008A828B83A3A3E004F0ECA2E7502A8A82AF
:105FC3008B83A3A3E004126002123ADBE054036064
:105FD300178A828B83A3A3E004F0ECA2E150098A21
:105FE300828B83A3A3E004F08A828B83A3A3E004C0
:105FF300F08016852182852283125829A3E022F09E
:106003008A828B83E0221211A5D083D0820211727F
:10601300C082C0838A828B83A3A3A3A3A3A3A3A3C6
:10602300A3A312573D60098A828B83A3A312603511
:1060330080D7A3A3A3A3A3A3A3A3126041221251B6
:1060430033121B862212604C22EE240CF582E43FAD
:10605300F5832274F6120BCD74F412125812619167
:10606300FCA3E0F5838C82A3E0C0E074021214E980
:10607300D0E012623F12622874041214E912720B08
:1060830074021214E9E0640470141261A72412125A
:10609300618A74061214E912616E241A8035E06471
:1060A300016005E064067039EA2402F8E43B123526
:1060B300CC1261513AF583E0C0E074031214E9D0C5
:1060C300E012615F241312618A74061214E91261EB
:1060D3006E241B12622874081214E9E8F0A3E98005
:1060E3002B74061214E9E4F0A31261A224121261C4
:1060F3008A74081214E912617BC8241AF582E43801
:10610300F583E0C0E0740A1214E9D0E0F0740612DB
:1061130014E912573D601F74061214E912512B1231
:106123002228E96401700F12614574061214E91202
:10613300615764017007AA21AB22122540740C0237
:1061430044671226D28A088B09AC08AD09222412AF
:10615300F582E42212512F121C6AE9221261632292
:10616300126168E022F0888289832212617222EA36
:10617300F0A3EB126168E022126172F8A3E022122D
:106183006B03E022E02406FAA3E03400FB228A82B8
:106193008B83A3A3A3A3A3A3127246E8F0A3E9F0FE
:1061A3001261A722126250E022C082C08374FD12E2
:1061B30012581261D6123AD5C0E074021214E9D013
:1061C300E01261D01225467403026009E4F0AA21AB
:1061D300AB22228A828B83A3A3A3A3A3A3124FB9C7
:1061E3008A828B83A3A3E022C082C08374FA121233
:1061F30058127238126245C0E074021214E9D0E0FA
:10620300126221F5838882A3A3E0C0E0740512140F
:10621300E9D0E01261D012254C74060260091261C4
:1062230063F8A3E022F8A3E03400F922A3A31262E7
:10623300A322E02402F8A3E03400F92212616324CC
:106243000222124FC212625012625CE022EA24025E
:10625300F8E43BF98882F58322E0FAA3E0F5838A28
:1062630082A322E50E1242CE350FF583E0FC7D00BA
:1062730022C082C083126297600A24FC600B24F957
:10628300600C800D1224DA80081224E080031224AB
:10629300E602600C8A828B831262A124FB22A3A3F1
:1062A30012654AE02274F6120BCD74E4121258EA16
:1062B300FEEBFF74011212388A828B83A3A3A3A37C
:1062C300A3A312636674091212288808890978083F
:1062D3001211C87402121238740312123012666F4C
:1062E3001211A5852182852283E06036741A121467
:1062F300E9E060046401702A901689E070248E82BC
:106303008F83A3A3A3A3A3E070188E828F8312634A
:1063130060603F8E828F83A3A3A312635CE0640754
:1063230060308E828F83A3A3A3A3A3A3A3A3E07050
:10633300148E828F8312622F640560097A347B0185
:10634300121F76800DEEFAEFFB9016DC12654612F3
:106353002C7A741C024467EEF912654D221262A175
:1063630064062212512F1224862274F4120BCD7468
:10637300FA121258EAFEEBFF123AE12408F582E41E
:106383003B126578240AF582E43812657812652594
:106393001261CF1224CE125FF6F508126510852123
:1063A30082852283127283E0687003A3E069602E02
:1063B300E508A2E55028852182852283A3E0FB908E
:1063C30016D4126546122C7A852182852283124FB8
:1063D30023240A1257377006125FF6C2E5F0125BE8
:1063E3007D60030264F974031214E97436F07402D5
:1063F3001214E9126532A3A3E028C0E07404121456
:10640300E9D0E0125BEEA3A3E0C0E074051214E947
:10641300D0E01266B1F8A3E0F9E849601BE8126521
:106423000439F583E0FAE812650A39F583E02AF8BE
:1064330074041214E9E028F0740312123012229447
:106443008A088B09A808A909EA4970030264EE8E39
:10645300828F8312512B88828983A3A3126572E8EA
:1064630012615139126A96C0E0E812651CD0E0123D
:106473006A76C0E0E82425F582E439F583D0E0129A
:1064830066BEC0E0E8242EF582E439F583D0E0F05F
:1064930074021214E9E0FA1261822AFCA3E03400C8
:1064A300FDE81264FE39F583124F92E82431F58238
:1064B300E439F583EA1266B1FAA3E0FBEA4B60190B
:1064C300E8242FFAE439FB8E828F83A3A312655746
:1064D30012650A3CF583124F808E828F83A3A3A398
:1064E300A3A3A3A3A3E8F0A3E9800AEEFAEFFB12A8
:1064F30024D412652CF074060235DF242FF582E4D0
:10650300222417F582E4222416F582E4221226D8E7
:106513008A0A8B0BA80AA90B222424F582E439F5F5
:10652300832212586538F5832212604C74102212AC
:10653300653622E0F88E828F83A3A322EEFAEFFB67
:106543009016D612654A22E0F8A3E0F583888222EA
:106553008A828B83A3A3A3A3A3A3A3A3E0FCA3E0A7
:10656300CC22FAA3E0FBE8242CF582E439F583EA94
:10657300F0A3EBF022F583E4F0A3125746F8A3E06F
:10658300C82274F6120BCDEAFEEBFFEA125B7E70B3
:10659300281265C612573D600612653F122C7A1207
:1065A3005B7D700B12511F12228E1265D88009EE8B
:1065B30024081265DD1265E9F0EEFAEFFB1224D42C
:1065C30002446A1224C88E828F83A3A3A3A3A3A326
:1065D300A3A3A3A32212604CE922F508E43FF50923
:1065E300850882F58322126041850882850983E448
:1065F300F0A32274F4120BCD8A088B09ECFEEDFF95
:10660300126510EE2415125B80687003A3E06960C5
:106613000EAA08AB091220D8E9700479018011EEA3
:10662300FCEFFDAA08AB099016DA126546122C7A24
:106633000235E274F7120BCDEA4B701F7E007F0028
:1066430012667550247C107D00EE2404FAEF3401A9
:10665300FB121C100EEE70E80F80E57C107D008AA3
:10666300828B83126685121C10024B16122510743E
:1066730002229032AEE493F8740193F9C3EE98EFDB
:106683009922E02404FAE43401FB22E4F0A3F0A30A
:10669300F0A3F022124475740122124FC274032234
:1066A300124FC28E828F83A3A3A3A3A3A322126636
:1066B300B8A3A3E02212429DA3A322125BF2A3E09C
:1066C3002274F0120BCD74ED1212588A0E8B0F8CBC
:1066D3000A8D0B7EFF7FFF8C828D83E4F0EC4D608F
:1066E30004EA4B70077AFF7BFF0267A37508007506
:1066F3000900802474FF6E700374FF6F70127408B6
:106703001214E9AA82AB831227E0E970031267A887
:106713000508E508700205099032B4E493F87401A2
:1067230093F9C3E50898E509995071A821A922882E
:106733000C890D780C1211C8750C13750D00780CAB
:106743001211C87C007D00E5082411FAE509340123
:10675300FB1272771211A5AC0EAD0F74081214E977
:10676300AA82AB83121C6AE964017088850A828558
:106773000B837401F074231214E91250F5601AA804
:1067830021A922880C890D750E00780C1211C47C86
:10679300137D001272321211A51267A8EEFAEFFBF5
:1067A3007413026E3AE5082411FEE5093401FF2251
:1067B300E5082413F582E43509F58322E085088290
:1067C300850983A3A3A3A3A3A3A3A322F0AA21AB15
:1067D300221224FE2212490BE0221267E122124206
:1067E3009DE02274F7120BCD74F3121258EAFEEBFC
:1067F300FF740C1214E9E4F07C08FDF9AA21AB2222
:10680300126898E06401600A8E828F83A3E06404B7
:10681300706674041214E97402F0740C1214E9E043
:1068230070538E828F83E0852182852283124F9855
:1068330074021214E97421F074051214E9126A7BCC
:106843001214E9E0702F74081214E9126A667408CE
:1068530012728CAA82AB831268A312600264027064
:106863000D127A63E82402FAE439FB121C70AA21A0
:10687300AB221224FE024B0A8E828F83A3E06402B2
:10688300700974041214E9740A808E740C1214E9EA
:1068930074B3F080E0121AD88E828F83A322F5831B
:1068A300125ED1A32274F4120BCD74B61212588A5D
:1068B300088B098A828B83A3A3E064046003026AC2
:1068C3003590198AE07003026A35126A8860030200
:1068D3006A35740F1212387A007B0079AB12247A6E
:1068E300850882850983127A69740F121230122285
:1068F3002EE97003026A357437121228880A890B4D
:10690300780A1211C8740212123885088285098325
:10691300126A8D1211A5852182852283E0700302FC
:106923006A3574471214E9E064016003026A35743E
:1069330027121228880A890B780A1211C8750A10BF
:10694300750B00780A1211C87C007D007A027B0166
:106953001272771211A574011214E97403F07417FB
:10696300121228880A890B780A1211C87429121284
:1069730028880A890B780A1211C87C087D007405DF
:106983001212301271DC1211A5740E1214E9E4F024
:106993007C08FDF97402121230121AD87402121410
:1069A300E9E4F0A3F074041214E97401F07407121B
:1069B30014E97401F074061214E9741AF0740212E3
:1069C30012301224F8740E1214E9E07065740A127E
:1069D30014E9126A3CFEA3E0FF8E82F583740F1262
:1069E3006A4F8E828F831272911211C47C087D00CC
:1069F30074121212301272321211A5740F1212385D
:106A0300EE2402125B75741712122888088909781C
:106A1300081211C47C107D00EE240A126D47121176
:106A2300A574021212301224FE740E1214E9E0F956
:106A3300800279C2744A0235DF126A4022126A4424
:106A430022124F3B1264FE38F583E022126A54E0AF
:106A530022F0850882850983A3A32212512F1227CE
:106A630050E922126A6FF98882F58322126A44F888
:106A7300A3E022125BF2E0227401F0AA21AB2212FE
:106A830024F8740C22122528E92212512F12251002
:106A9300740222F5837401126A9E22126AA9A3A3C7
:106AA300E022126AA922F08E828F8322C082C083E1
:106AB300126AC074ECF0A37424F002600C1224C2B6
:106AC3009016DC22C082C0837C0879FF9016B21234
:106AD300512B121B6202600C74F7120BCDE9FE12EC
:106AE30056BF3B12573B601588828983A3E054034A
:106AF300700BEEFB126B03126B38126B0D024B160D
:106B0300E8240BF582E439F58322E0F9122C5422B0
:106B1300C082C083EAF8EBF98A82F583A3A3A3A317
:106B2300A3E0FB8A828983A3A3A3A3126B38A312D6
:106B33006B0D02600CE0FA88828983A3A32274F0B0
:106B4300120BCD8A0C8B0D8C0E8D0F890B1242C943
:106B53001272202430FA126D517003026C718A8212
:106B63008B837401F0850C08850D09750A0078087C
:106B73001211C47C177D00EA2419126D471211A566
:106B8300850E08850F0978081211C47C097D00EE73
:106B93002402126D471211A574101214E9124F61E9
:106BA300240B12720574121214E9126C9FC0E012C6
:106BB3005B8DD0E01248FDC0E0126C7BD0E0126721
:106BC300D8C0E012430ED0E0F074141214E9E0C010
:106BD300E0126C91D0E0126CA8E4F0A3F0741512EB
:106BE30014E91214AEEE1248A83FF5831214BA1238
:106BF3006C85E50B126D70A3A3124F5D240D127209
:106C03000574191214E9E0C0E0124F01D0E01272CA
:106C130052E06029EE2430FAE43FFB126C743F1219
:106C23006CB0F508A3E0F50978081211C4E50C125D
:106C330042CA350D12626D1272321211A5EE241A78
:106C4300125B805403601D9016C012573D600CEE1A
:106C5300FAEFFB12635C122C7A8013EEFAEFFB124D
:106C63001AF0800AEEFAEFFB9016A7126E22026E5C
:106C73003DEE2427F582E422EE2411F582E43FF56C
:106C83008322EE126C8A221265043FF58322EE12F0
:106C93006C96222412F582E43FF583221244758810
:106CA30082F583E022F0126C743FF58322F583EAC8
:106CB300F0A3EBF0E50C240E12725BE02274F212E7
:106CC3000BCD8A0C8B0D7A20126D51606C8A828BEE
:106CD300837404126DB3126D6B126D758A828B838C
:106CE300A3A3A3A3A3126D70126D9C1211C47C10F5
:106CF3007D00EA2406126D471211A5850C82850DCD
:106D030083A3A3A3A3A3A3127A67EE2416FAE43FF3
:106D1300FB122222850C82850D83A3A3A3A3A3A325
:106D2300A3A3A3A3E0C0E0126D3FD0E0126D80C027
:106D3300E0126D61D0E0126DA5025217EE125EBC37
:106D43003FF58322FAE43FFB121ACC7403227B0043
:106D5300121AEA8A088B09AE08AF09EA4F22EE2419
:106D63001FF582E43FF583221252B3A322126D7AF8
:106D7300A322126D7AE022127EEBA3A322F0E50C8C
:106D8300125CD612725EE022A3A3A3A3124475EA97
:106D9300228E828F83A3A3A3A3127F0A750A00788E
:106DA3000822F0EEFAEFFB901588E0F9121AF622AA
:106DB300F0850C82850D83E0126DCA124FC2850CDB
:106DC30082850D83A3A322F8A3E0F98A828B83A390
:106DD300A3227B00121AEA8A0A8B0BAE0AAF0BEAD4
:106DE3004F2274F6120BCDEAFEEBFF7A057B0012FD
:106DF3001AEAEA4B601B8A828B837408125F0A12B9
:106E03006E17126A9A8A828B83A3A3A3A3F0126ECE
:106E13001F02446A126DCAE8F0A3E922901588E0C4
:106E2300F9121AF622F0850E82850F8322126E283C
:106E3300E0F8A3E02274181211A57F08020F1A7458
:106E4300F6120BCD74EC121258EAFEEBFF8A82F5B0
:106E530083126A5E707C126A88600280758E828FEC
:106E630083A3A3E070658E828F83A3A3A3A3A3E070
:106E7300640470577401121228880889097808126B
:106E830011C874021212389016B2126A8D1211A52B
:106E9300852182852283E0603274111214E9E06453
:106EA300017028126EE81211C8750801750900787F
:106EB300081211C87C107D007A117B01126EE21258
:106EC30011A57900122BE27A0180027A007901126E
:106ED3002B8E74140244677C007D007A427B00127F
:106EE3001C047404227402F08582088583097808DF
:106EF30022C082C0839016EA7494F0A37425F090A4
:106F030016EC7488F0A37425F002600CF582E43F5C
:106F1300F583E08A828B832274F5120BCD1271E222
:106F2300850882F583E054078A828B83A3126FD589
:106F3300131313541F5403C0E0EA126FCCD0E012B2
:106F43006FD5C4135407F50A7904A3AA82AB83123D
:106F53001ADEEAF8EBF9ECFAEDFB126C911214BAB3
:106F6300126FBC7405F0E50AA2E05017E50824058A
:106F7300FCE43509FD125B72EE2416125B802408D3
:106F8300F0800C7C087D007900126FC4121AD8EED1
:106F9300240E125B87701FEE2416F8E43FF98882F3
:106FA300F583E0FAE5082A125B99C0E0126C7BD006
:106FB300E012615F04F002448AEE12650A3FF58332
:106FC30022EE2406FAE43FFB22240EF582E43FF589
:106FD3008322126FD922F0850882850983E0227407
:106FE300F2120BCD8A088B09EA2416125B99640D01
:106FF3007005750A018003750A008A828B831271FA
:10700300F8127892E50AC43354E0F9EA125B973335
:10701300333354F8F88A828B83A3E048498E828FF6
:1070230083F0A3AE82AF83EA24121267B7120F9FD5
:107033001270701211A58A0C8B0DAE0CAF0DE50A00
:10704300A2E05013E5082406FCE43509FD121C7088
:10705300EE2408FE50010F125B956401700CE508E5
:107063002411125B998E828F83F0025217EEFAEF8E
:10707300FB121B5674042274F4120BCD74C7121244
:10708300581271E28A828B83E0700512255E800CB0
:10709300A3E0F8850882850983E048F0126C911219
:1070A3000F9F7430121238850882850983E0F91224
:1070B3006FC412258274041211A58E828F83A3A339
:1070C300E0C0E074011214E9D0E0F0EE2416125B84
:1070D30080C0E074021214E9D0E0126A76C0E07452
:1070E300031214E9D0E012720FC0E074041214E921
:1070F300D0E0125BF964017004A3E06401701874BA
:107103000C121238EE2422125B80F9EE2418FAE4F2
:107113003FFB1220CC800E740C121238125B8D12BE
:10712300512B122114740C121228740A1214E9E858
:10713300F0A3E9124F9D74FF127215640270098562
:107143002182852283E4800DE064037041852182DE
:107153008522837402F0741C121228880A890B7822
:107163000A1211C8740E121228880A890B780A129F
:1071730011C87C087D0074041212301271DC1211E4
:10718300A5741C121228740A1214E912720B8E824F
:107193008F83A3A3A3A3120FA3742E121238740315
:1071A3001212308E828F83E0F912259A7402121123
:1071B300A5E9FE850882850983127887741C12125B
:1071C30030121AD87C107D007900740C1212301220
:1071D3001AD8EEF974390235DF1225AC740422EAA9
:1071E300FEEBFF8A82F5831271F8E028F508A3E02D
:1071F3003400F50922A3A3E0F88A828B83A3A3A317
:10720300A322F582E43FF583124FC222126AA5A39B
:10721300E022F0EE240E125C0122F582E412725E8B
:10722300E022E50C12586512725E22AA82AB831229
:107233001ACC7403228A828B83A3A3A3A3A3A312CE
:10724300724622E0F8A3E0F985218285228322F0A9
:10725300E50C241012725B22F582E4350DF58322CE
:107263001225B2740422121BF87402227C007D00E2
:107273007A3A7B00121C0A740422850882850983EA
:10728300E0FAA3E0F5838A8222126AA5A322A3F07F
:107293001226D28A088B09750A0078082274F41220
:1072A3000BCD8A088B0978081211C8750A11750B62
:1072B30000780A1211C812726F1211A5E9701090AA
:1072C30016E01214AEE50824111267B71214BA02BD
:1072D30035E274F5120BCD74EF121258E985218251
:1072E300852283F08A088B09750A0078081211C475
:1072F3007C107D0074041214E912722E1211A5A8D9
:1073030021A9228808890978081211C875081175FE
:10731300090078081211C87C007D007A3B126EE0E8
:107323001211A57C117D007900AA21AB22121AD873
:10733300741102448774F0120BCD74EB121258E9E6
:10734300FE7A1112745B700302745678081211C826
:10735300750A11750B00780A1211C87C007D007A3A
:107363003B1272751211A5E960030274428508820B
:10737300850983E06E60030274427A117B00121B5D
:10738300808A0A8B0BEA4B7003027442780A12114B
:10739300C8750C11750D00780C1211C812726F129A
:1073A30011A5E9600302742E78081211C8780C1233
:1073B30011C87C007D007A3A126EE01211A5901775
:1073C3002B7401F090837B780C1214769016E0787E
:1073D3000C12141940069016E012668E85080C856F
:1073E300090D750E00780C1211C47C117D00740315
:1073F3001212301272321211A59016E01214AE74EA
:10740300111214E91214BAA821A922880C890D7843
:107413000C1211C8750C15750D00780C1211C87C6F
:10742300007D007A82126EE01211A57C117D007935
:1074330000AA0AAB0B121AD8AA0AAB0B121B867C42
:10744300117D007900AA08AB09121AD8AA08AB0962
:10745300121B867415026E3A7B00121B808A088BFE
:1074630009EA4B2274F3120BCD74FF1212588A09E6
:107473008B08EBC43354E0F8EA33333354F8494808
:107483008C828D83F0A3AE82AF83740E1214E91243
:107493000F9F1270701211A58A0A8B0BAE0AAF0BE5
:1074A300E50860191226D28A0A8B0BAC0AAD0BEEE3
:1074B300FAEFFB121C70EE2408FE50010F740165F5
:1074C300097033750A3A750B00780A1211C87402F1
:1074D300121228880A890B780A1211C81275011230
:1074E30011A5E9700B852182852283125BA7800594
:1074F3008E828F83E4F074011211A50242BA7C01DB
:107503007D007A007B001227E674042274F7120BC5
:10751300CD8908ECFEEDFFEAFCEBFDEEFAEFFB1282
:107523001C7074091214E9120F9FEE2408FAE43F49
:107533001270731211A58A828B83024297E9F87441
:10754300020458F97402B900028004C333D9FC540D
:107553001CF902117274F4120BCD74FE12125889C5
:1075630008750A3A750B00780A1211C874031212CF
:1075730028880A890B780A1211C81275011211A5FD
:10758300E9705674011214E9E065086044750A3B1A
:10759300750B00780A1211C87402121228880A891E
:1075A3000B780A1211C81275011211A5E9702E8504
:1075B3002182852283E06508701FE0F874011214AC
:1075C300E9E0C398500F852182852283E0F91225D3
:1075D300767E3A80067E3B80027E007F00EEFAEFE5
:1075E300FB0235DD74F0120BCD74D2121258740302
:1075F3001214E9E9F074011214E9126572EC8521A1
:1076030082852283F074041214E9EDF074061214D7
:10761300E9740E125742C0E074051214E9D0E0F089
:1076230074041214E9E0C0E074071214E9D0E0F026
:107633009016FAE0C0E074081214E9D0E0F074097F
:107643001214E97401F074031214E9E06003027781
:107653002475083A75090078081211C874121212B9
:10766300288808890978081211C87C111275031239
:1076730011A5E9600302771874111214E9A882A90D
:1076830083740E1214E912720B9016E07808121428
:107693007685080C85090D850A0E850B0F9082F7F8
:1076A300780C12139C9016E0780C12145878081278
:1076B30011C074041214E9E0F874051214E9E02807
:1076C300FCA3E03400FD7B017A01740C1214E9E0A1
:1076D300F912257C74041211A5126145742112124A
:1076E30030121C709016E81245D79016E8124180AC
:1076F3009032A8780812133C40159082F77808124C
:1077030014769016E078081212C360030277A7126A
:1077130056E90277A7740E1214E9E4F0A3F0027796
:10772300A7852182852283E0F874011214E9E028F9
:10773300126228E812487E39F583E0F912258E8A11
:1077430008A808743A684B60030277F975083A751C
:10775300090078081211C8741212122888088909BE
:1077630078081211C87C111275031211A5E9700370
:10777300027829740E1214E9E4F0A3125742F87444
:10778300011214E912789274081214E9E0F88E8257
:107793008F83E048F0EE2405FCE43FFD74211212D0
:1077A30030121C70852182852283E0F87401121443
:1077B300E91278928E82F583A3A982AA8389088A23
:1077C30009750A0078081211C47C047D00742C1218
:1077D30014E912722E1211A58E828F83E0C0E07419
:1077E3002D1214E9D0E0F0740E1214E912573D7013
:1077F3004A79A1027882743B684B600302777675FD
:10780300083B75090078081211C8741212122888EF
:1078130008890978081211C87C111275031211A581
:10782300E9600302777674111214E9A882A98374BC
:107833000E1214E9E8F0A3E902777E74011214E949
:10784300120FA37423121238740712123074051224
:1078530014E9E0F912259A74021211A5E9FE8521B3
:1078630082852283E0F874011214E9127F2D1278C5
:107873008774111214E9AA82AB83121AD8EEF97431
:107883002E026E3AE054F8F07C107D00790022E07D
:1078930028FEA3E03400FF2274F0120BCD74E8122B
:1078A300125874031214E9E9F074041214E9124F24
:1078B30092EAFEEBFF7508007509008A82F583A33F
:1078C300A3A3A3A3A3A3A3A31266971214E91272FB
:1078D3000B74011214E912512B12281090178E7495
:1078E30016F0A3742812720FF88E828F83E028F5A6
:1078F3000BA3A3A3E0C394048E828F83A3A3E050BE
:1079030009250BF50B750A008002F50A8E828F8319
:10791300A3A3125BADE9852182852283F07428122B
:1079230014E9E0F50EA3E0F50FAA0AA80BE50E286B
:10793300F8E4350FF9E82AF8E439F974061214E982
:1079430012669D1214E9125BA2A3A360030279E8F5
:10795300E0C3940440037509017408121228880CCB
:10796300890D780C1211C874031214E9120FA3E5E0
:107973000BF50C750D00780C1211C8780E1211C896
:10798300EAF50C780C1211C8127A541211C87B0252
:1079930074101214E9127A69740C1214E9E0FAA94A
:1079A30009122834740C1211A5E9F96003027A5103
:1079B3007800852182852283E0FAE8C39A40030296
:1079C3007A51E8FA74081214E9127B6AE0C0E07491
:1079D300061214E9E02AFCA3E034008C82F583D07C
:1079E300E0F00880CDE0C3940440037508017408F7
:1079F300121228880C890D780C1211C87403121402
:107A0300E9120FA3E50BF50C750D00780C1211C8E4
:107A1300780E1211C874081214E9E0FAE50A2AF57F
:107A23000CE43400F50D780C1211C8127A541211BB
:107A3300C87B0274101214E9127A69740C1214E9E7
:107A4300E0FAA90812283A740C1211A5E9F9026E9A
:107A530038A80BE50E28F50AE4350FF50B780A2252
:107A63008E828F83A3A3127A6D22E0FCA3E0FD2212
:107A730074F7120BCDE9FE9016EA12573D60081217
:107A8300635A122C7A80027901024B1674F7120B97
:107A9300CDE9FE9016EC12573D600812635A122C82
:107AA3007A80027900024B1674F1120BCD74E01246
:107AB30012587800742F1214E91242B4EE28125BA4
:107AC300806436C0E0852182852283E58228F582A1
:107AD300E43583F583D0E0127F5740E0743112140C
:107AE300E9127F3F1211C88C0A8D0B780A1211C854
:107AF300EAFCEBFD79017404121230127263121165
:107B0300A585080C85090D750E00780C1211C47C2F
:107B1300107D0074131212301272321211A5780004
:107B2300E8FAEE2A125B80645CC0E085218285223C
:107B330083127B6AD0E0127F5740E578081211C8A0
:107B430075088075090078081211C8741412123868
:107B5300790174041212301272631211A574201287
:107B630011A57F07020F1A127B6E22E5822AF58286
:107B7300E43583F5832274F0120BCD74DF121258AF
:107B8300E9852182852283F08A0C8B0D8C0E8D0F63
:107B930074311214E9127F0674037808121449AA87
:107BA3000874047808121449AE08AF09EA540FF5B3
:107BB3000B7C107D00790074331214E9127F128557
:107BC3002182852283E0606074331214E9126D9C74
:107BD3001211C47C107D007404121230127232121E
:107BE30011A5850C08850D0978081211C47C107D38
:107BF3000074361214E9127F4B1211A57433121458
:107C0300E9127F39121230127EF4E8FAE50C2A12D7
:107C1300721DFC74331214E9127F5440ED74311257
:107C230014E9E024801245DA850E0C850F0DEEF879
:107C3300EFF9E824FF1EE934FFFFE8496066743377
:107C43001214E9126D9C1211C47C107D007404128D
:107C530012301272321211A5850C08850D097808AD
:107C63001211C47C107D0074361214E9127F4B127A
:107C730011A574331214E9127F39121230127EF4F3
:107C8300850C82850D83E0FCE8FA74331214E91243
:107C93007F5E127EEB85820C85830D08E8C394100A
:107CA300508C80DCE50B6003027D4174331214E9D0
:107CB300126D9C1211C47C107D00740412123012D8
:107CC30072321211A57C0E7D00790074331214E90F
:107CD300127F1274331214E91265467480F0743102
:107CE3001214E9A3E0C0E074331214E9125704D06C
:107CF300E0F074311214E9E0C0E074331214E912B5
:107D03005718D0E0F078081211C47C107D00741469
:107D13001212301272321211A574331214E9127F47
:107D230039121230127EF4E8FA74111214E9127E39
:107D3300FA1214E9127F544003027EE680E9C394E9
:107D43000E74335003027E491214E9126D9C121112
:107D5300C47C107D0074041212301272321211A509
:107D63007C107D00790074331214E9127F1D121107
:107D7300C4AC0B7D0074361214E9127F4B1211A5AB
:107D8300A80B74331214E9127F2678081211C47CED
:107D9300107D0074141212301272321211A5743352
:107DA3001214E9127F39121230127EF4E8FA7411B8
:107DB3001214E9127EFA1214E9127F5440EE74335E
:107DC3001214E9127F3F1211C47C107D0074041257
:107DD30012301272321211A57C0E7D0079007433B9
:107DE3001214E9127F1274311214E9A3E0C0E07493
:107DF300331214E9125704D0E0F074311214E9E09D
:107E0300C0E074331214E9125718D0E0F078081266
:107E130011C47C107D0074141212301272321211CC
:107E2300A574331214E9127F39121230127EF4E86A
:107E3300FA74111214E9127EFA1214E9127F5440F3
:107E430003027EE680E91214E9126D9C1211C47CD0
:107E5300107D0074041212301272321211A57C0EBE
:107E63007D00790074331214E9127F1D1211C4AC22
:107E73000B7D0074361214E9127F4B1211A5A80B67
:107E830074331214E9127F2674311214E9A3E0C08B
:107E9300E074331214E9125704D0E0F07431121471
:107EA300E9E0C0E074331214E9125718D0E0F07817
:107EB300081211C47C107D00741412123012723235
:107EC3001211A574331214E9127F39121230127E83
:107ED300F4E8FA74111214E9127EFA1214E9127F0B
:107EE3005440EE7421026E3AF0850C82850D83A313
:107EF300221225B8780022127B6EE0FC743322A391
:107F0300A3A3A3127F0A22E0F508A3E0F509221236
:107F13007F1622125133121AD822127F16750E00C1
:107F2300780C22127F2D7480F022E028FAA3E0342B
:107F3300008A82F58322127A6D740122127F0A78F5
:107F43000822F582E438F58312512F121ACC7403F8
:107F530022127F5EF008E8C3941022E02AF9A3E01E
:107F630034008982F583E06C2274F6120BCD127F04
:107F73007A12281602446AEAFEEBFF8C088D091276
:107F83002810AC08AD09EEFAEFFB22C082C0839043
:107F93001515E4F090150FF0A3F0D083D0820211F1
:107FA3007274F6120BCDE9FE9083B4E0F8EEC39839
:107FB30040047903803CA2AFE433FBC2AF750801F0
:107FC300750900EE7808121363AC08AD09EA701165
:107FD300ECF4F8EDF4F990150FE058F0A3E05980B4
:107FE3000990150FE04CF0A3E04DF0EBA2E092AF47
:0D7FF30079007F02020F1A02117202117252
:1080000007000A000C000D000E000F001000110008
:1080100012001300140019001B00000101010002EE
:10802000010202040004010403040404050406041C
:1080300000050206030604060506060607060806EE
:1080400009060A060B060C060D060E060F0610069C
:1080500011061206130604070009000B010B020BA0
:10806000030B0500060008000900160002010202C9
:108070000302000301030105020500060106040BCB
:10808000140615061706000701070207030704096F
:108090000009526573746F72696E6720617474723F
:1080A0006962757465732066726F6D204E56207319
:1080B00074617475733D25640D0A00706F72744E9F
:1080C000756D3D307825582070696E4E756D3D3068
:1080D000782558206973507265737365643D256413
:1080E0000D0A000000000000000000000000000079
:1080F0000000000000000000000000000000000080
:10810000000000000000000000536176696E6720E7
:108110006174747269627574657320746F204E5651
:108120002077726974653D25640D0A0052656164AB
:10813000424D4532383020743D256C642C20703D12
:10814000256C642C20683D256C640D0A004E562079
:1081500077617320656D7074792C2077726974690A
:108160006E672025640D0A0000000000000000007A
:1081700000000000000000000000000000000000FF
:1081800000001844495952755A5F41697253656E2F
:1081900073655F52656C6F616465644150505F52F6
:1081A0004541445F53454E534F52535F4556540D1E
:1081B0000A004150505F534156455F415454525359
:1081C0005F4556540D0A008A29C4251817CC236828
:1081D0001E9A1C3A2BCC1DAC16D0165265616469F0
:1081E0006E672066726F6D204E560D0A0041555421
:1081F000482043422063616C6C65640D0A00415065
:10820000505F5245504F52545F4556540D0A00423C
:1082100061736963526573657443420D0A0000001F
:1082200003000204050403040D042B040C32303255
:108230003630323138203634330000000000000080
:108240000000000000094566656B74614C616200C6
:108250000000000000000000FFFFFFFFFFFFFFFF26
:108260000000000000000000FFFFFFFFFFFFFFFF16
:10827000FFFFFFFFFFFFFFFF000000000000000006
:108280000306030008007405342E302E3782003AAE
:10829000003B0000800000350C0000000000803032
:1082A000750000B1AD010000D4FEFF000400000025
:1082B00000200001900100010000199A99993F6087
:1082C000EA0000B03600000A0000000000040014BC
:1082D000000000FFFFFFFFD00700000200000019B0
:1082E00000000097511800FEFFFFFF0000FF00088C
:1082F000000000000000FF01000000040000001961
:10830000E0FCFFF8FF0000E71F030064000000002E
:1083100006FFFF35210000000000000500000010EE
:1083200027000060F0FFFF10000000983A000000F6
:10833000000000C800000048E80100A7190000F490
:1083400001000000409C4590010000060000000074
:1083500000803A000020410000FA43018089440077
:10836000247449018000001E000000030000000C7E
:1083700000000000010000881300000100008000E0
:1083800048000080000000004000003200000000B3
:10839000100000002000000B00000000080000E2B8
:1083A000040000E8030000E90300003000000002C0
:1083B000000101030A040474F7120BCDE990175C65
:1083C000F0901711E4F0121A8A901774E4F0A3F0F9
:1083D00090175DF0A3F0122786121A90901699E478
:1083E000F0A3F0122186029D1D74F0120BCD74D300
:1083F00012125812B7795480606690175CE0F91237
:108400001B028A088B09AF09EA4F604C7C0080018F
:108410000CEC75F003A4F8A9F0740428F58274320A
:1084200039F583E493F46029E493F88A828B83E03E
:108430006870DDEC75F003A4F8740528F5827432D9
:1084400039F583E493C0E0740193F583D082122C54
:108450007AAA08EFFB121AF012BEAB64800287B84A
:10846000852182852283A3E05420601F12269C8AE6
:10847000088B09AF09EA4F600A1225F4AA08EFFB3E
:10848000121AF012BEAB64200287B88521828522C1
:1084900083E0A2E05042901716E0640F702E90091E
:1084A000F212BEB69009F2C3E094E9A3E09403404F
:1084B0000A7A007B80901588129DFF79001225CAE8
:1084C000E960099019531214D21225E285218285A0
:1084D0002283E0640102879D542070030287A27A00
:1084E000207B0090175CE0F9121C4CEA4B4C4D705D
:1084F0001A9017701214AEE8494A4B700E750801B5
:10850000750900750A00750B00806D750C00750DFE
:1085100000750E00750F00121C588A088B098C0A12
:108520008D0B9017701214AEE8494A4B60319017CA
:1085300070780812114D400E750CFF750DFF750E09
:10854000FF750F7F801985080C85090D8C0E8D0F26
:10855000901770780C1212407401780C12120F856B
:108560000C08850D09850E0A850F0BE508450945A0
:108570000A450B70030286FC7C0079047A007B00BC
:108580001226728A0C8B0DAE0CAF0D02864074025F
:108590001214E974FFF074031214E974FFF0740408
:1085A0001214E974FF129E7212B633740712123855
:1085B00012B8E9E96401706A1287C44480F8A3E044
:1085C000F974281214E9E8F0A3E912BB7DE0C0E0D9
:1085D000742A1214E9D0E0129E5F540860167428C1
:1085E0001214E9A3E044011287D1C0E0742C1214E4
:1085F000E9D0E0F012B7BC6011E8240B128FB7F895
:1086000074161214E9E8F0A3E4F090832F120F9F80
:108610007406121238740B1212301222EE74041205
:1086200011A58E828F83A3A3A3A3A3A3A3A3A37443
:10863000061287D1F912265474051214E912B940B2
:10864000EE4F70030286FC7C007904EEFAEFFB1219
:10865000267274051214E9EAF0A3EB129B89E0F587
:108660000CA3E0F50DE4F50EF50F7808790C121463
:10867000294023EE2404F8E43FF985080C85090D10
:108680008882F583C3E0950CF0A3E0950D12BFA09E
:10869000E84970A4800C8E828F83A3A3A3A3E4F087
:1086A000A3F08E828F83A3A3A3A3A3A3A3A3A3A3B7
:1086B000E064018E828F83A3A3A3A3A3A37020E011
:1086C0005404600302858E8E828F83A3A3A3A3A389
:1086D000A3A3A3A37406F07AB71288F7028638A37F
:1086E000A3A3A3E0600302858E8E828F83A3A3A33E
:1086F000A3A3A3A3A3A37401F00286381226427C8D
:108700000079017A007B00122672EA4B6003129D09
:10871000F87C0079047A007B00122672EA4B701311
:1087200080448A828B83A3A3A3A312B958EE98EF47
:1087300099400B8A828B83A3A3A3A312B9407C0028
:1087400079041226728B0BA90BEA4970D5C3E50890
:108750009EE5099F500DC3EE9508FEEF9509FFEECB
:108760004F700D129DF89017701287CAA3F08024E5
:10877000EE2EFEEF338E08F509E4F50AF50B7808C6
:108780001211C07A201289A01211A5121C5890173C
:10879000701214C6852182852283E06420FAA3E04A
:1087A0008016A3E05404601312B010122BCA790192
:1087B00012917E12BEAB6404FB80047A007B0074CD
:1087C0002D02B798EE12B7A6E022E4F0A3F0A3F0D2
:1087D00022129E64A3A3E022C082C08374EA121214
:1087E000587C167D007900AA21AB22121AD8740891
:1087F0001214E97402F090170512B24C1288187422
:10880000091214E912B26474131214E9E412AEE30B
:1088100012217A741602A12EE8F0A3E9F090170F46
:1088200012B9282274F7120BCD74DA121258EAFE2C
:10883000EBFFEA4F602DAC21AD221226BA7406126E
:1088400014E9E0601E74171214E9E0FD74011214BB
:10885000E9E0FCEEFAEFFB79001225A0E96004796B
:10886000A4800279007426029D1A74F7120BCDEAD7
:10887000FEEBFF8A82F583A3A3A3A3A3A3E0544046
:1088800060178A828B8312B75912A03D60067AFF67
:108890007BFF801512B755800390170512B633740D
:1088A000FE6A700374FF6B604112B75512B77F12F6
:1088B0002750E98E828F83600B12B34212BF6BE4A4
:1088C000F0A3800312BF5AF07CD07D258E828F8367
:1088D0001296B3E9F5087015EE4F60097901EEFACA
:1088E000EFFB12264EA908029D1D7508CDAA08129D
:1088F00088F7E960E380EE8E828F8312B346240C02
:10890000F582E438F583E0F91225DC2274F6120BC7
:10891000CDE9FEEAFF7A0F7B00121AEAEA4B601AF1
:108920008A828B83740CF0EEA3A3F0EF8A828B8390
:10893000129AD812AF417900802BEEF91226788B6B
:1089400009A909EA49601C8A828B83A3A3A3A3A374
:10895000A3A3A3A37406129AE1E0F9122390EEF9FF
:10896000122654791002AD2C74F4120BCD8A088BA8
:10897000098C0A8D0B901716E0640F701EEA4B4CA1
:108980004D6018901711E064086005E06404700BF6
:1089900078081211C012899E1211A5028C037A0167
:1089A0007B0090175CE0F9121C3A74042274F412F4
:1089B0000BCD74FC121258EAFEEBFF8A82F583A3FA
:1089C000A3E0F91226788A088B09EA4B7003028A21
:1089D000E68E828F83A3A882A983E0C0E0EA12AF6B
:1089E00037D0E012994764F160288E828F83A3E02C
:1089F00064CD601E8E828F83A3E0641A60148E8221
:108A00008F83A3E064E9600A8E828F83A3E064E130
:108A10007033790012264EE9602BE5082404F50A2C
:108A2000E43509F50B850882850983A3A3A3A3A3D5
:108A3000A3129A1D129925121A9C850A82850B830E
:108A400012B77F80708E828F83A3E0C0E074021221
:108A500014E9D0E012A13C12A25F1293CDC0E074E1
:108A6000031214E9D0E0F0E50812BC28129076E079
:108A7000AA21AB2270051222E88003122738740263
:108A80001214E9E064E9702D85088285098312914A
:108A9000DC750A01780A1211CC750AE9780A1211FC
:108AA000CC1298F912939AFCA3E0FD8A828B831270
:108AB00093C41211A5850882850983A3A3A3A3A348
:108AC000A3A3A3A3E064027012850882850983A38F
:108AD000A3A3A3A3A3A3A3A37406F08E828F83A34F
:108AE000A3E0F9122654122642901959128FE87405
:108AF00004028C0074F4120BCDEAFEEBFF75080043
:108B00008A82F583A3A3A3A3A3E0603875080812A3
:108B1000B62679FF122420EA4B601075082C8E824D
:108B20008F83A3A3A3A3A3E0D2E0F08E828F83A3BD
:108B3000A3A3A3A3E0540364016003028BEF4308E3
:108B400011028BEFEA241812A5256036EA241A12C6
:108B5000A5256003F4701312B9087003A3E06960DF
:108B600003028BEF750822028BEFEA241B128BF3B2
:108B7000241A12A525FAEE241912A525F912237E2E
:108B8000806D8A828B83A3A3A3A3A3A3A3A3A31211
:108B90008FD370037508018E828F8312B90C700316
:108BA000A3E0697006E508D2E1F508E50860158ED6
:108BB000828F83A3A3E07006E508D2E58004E50870
:108BC000D2E6F50812A03064017006E508D2E0F59F
:108BD000088E828F83A3A3E06015EE241D12A844A3
:108BE000F912273EE964016006E508C2E0F508A92C
:108BF000088010F582E43FF58312BFC3EA227409AE
:108C00001211A57F04020F1A74F0120BCD74D71243
:108C10001258EAFEEBFF8A82F583A3A3A3A3E060C8
:108C20000E90195712B7C36006901957128FE87447
:108C3000031212388E828F83A3A3A312B10F12B630
:108C4000311226BAE97003028D9978017405121465
:108C5000E9E0C394024002780074071214E9E0C30B
:108C6000940240027800740C1214E9E064F8700376
:108C7000A3E0F47003028D99740C1214E9E064F916
:108C80007003A3E0F47003028D99740C1214E9E0F0
:108C900064FA7003A3E0F47003028D99740C12144B
:108CA000E9E064FB7003A3E0F47003028D9974069D
:108CB0001214E9E0F99016FFE0696003028D99E86B
:108CC000A2E04003028D9974271214E9E0600302C8
:108CD0008D99EE241312B91E74221214E912B119DF
:108CE000241C12B91E74101214E912B26474091211
:108CF00014E9E0601D741A1214E9E0FD7404121402
:108D0000E9E0FC8E828F8312B63179011225A0E949
:108D1000703B74031212301225EEE9F50C7409123F
:108D200014E9E0702C9016F9E06026742259642250
:108D3000601F7442596442701474201214E9128F37
:108D4000CD600E74201214E9128FC660047ACF80B1
:108D50004AE9A2E6504D74201214E912A84A24FDF3
:108D6000600F14600C24FD600824FD600424FE7074
:108D70002874201214E9128FBF700E74201214E9A7
:108D800012AE70A3E0640D601A7403121230122741
:108D900068E96401700D028FAF7AD37B00121F76F1
:108DA000028FAFEE242DF582E43FF5831291D3704C
:108DB00003A3E069701D75080078081211CC7808CB
:108DC0001211CCEE242F12A525F9128FD91293C4BB
:108DD0001211A574091214E9E07003028E77128F44
:108DE000D912B6331227B68A0E8B0FEA4B700302E4
:108DF0008F0874041214E9E0F88E828F83A3A3E035
:108E000028F8A3E03400F9E8240D128FB7F88A821D
:108E10008B83A3A3A3E068600EE88A828B83A3A35D
:108E2000A3129AD11287CB7904E91214E912A5444E
:108E3000A3E02AF8A3E034008882F583A3AA82ABDA
:108E400083121ADE8A088B098C0A8D0B850E8285A7
:108E50000F83A3A3A3A3780812114D4003028FAF81
:108E60009082F7780812139C850E82850F83A3A346
:108E700012BFC9A312A268901711E064046008E051
:108E800064096003028FAFE50CA2E54003028F4244
:108E9000EE242F12A52DF0EE243012A525C0E0748B
:108EA000011214E9D0E0F0EE243112A525C0E074DF
:108EB000021214E9D0E0F074141214E9E0640170B5
:108EC00026740E1214E9129920241312A525687035
:108ED00003A3E0697011740C1214E9128FD37007A8
:108EE00074141214E9E4F0EE2425F582E43FF583CE
:108EF000120F9F740412123874071212301222EEED
:108F000074041211A5028FAF901756E0640160033C
:108F1000028E7774201214E9128FCD7009E50CA22D
:108F2000E65003028E7774101214E9E0F47003A384
:108F3000E0F4607BEEFCEFFD74031212301225FAB0
:108F4000806DA2E6506974201214E912B3527016B3
:108F5000741A1214E9E06402705574031212307925
:108F600000122732804974201214E9128FC670143F
:108F7000741A1214E9E0640470357403121230128A
:108F80002726802B74201214E9128FBF700C7900F1
:108F90007403121230122774801574201214E9120F
:108FA000AE70E0640C7008740312123012278074E3
:108FB0002902B798E82406F582E439F583E0221205
:108FC000B75FE064032212B75FE064072212A84E85
:108FD00064062212A041640222EE242BF582E43FB3
:108FE00012BFC1EE12A01622E0F508A3E0AA08FB0A
:108FF000E4FCFD1225E22274F4120BCDEAFEEBFF35
:109000008C088D09901679E0600F12B9087003A3DF
:10901000E069700512236C8053790012B626122382
:109020009C8A828B83E5824583602CA3A3A3A3A3A0
:10903000A3E054186021E508241C129073120FA3BA
:1090400012906F120FA3EE24181293AB12AB0B12F7
:10905000B8E01211A5801579008E828F83A3A3A397
:1090600012B33812AB0B12B633122372028C03E523
:10907000082413F582E43509F5832274F7120BCD29
:1090800074F7121258EAFEEBFF901711E0640360C8
:109090000DE064016008E0640960030291798A824E
:1090A0008B83A3E060030291477C007D007A027B02
:1090B00000121A9612B9858A8212B92290170212EA
:1090C000B2647953122168901711E0640960099025
:1090D000170F12B6331227B08521828522837401BF
:1090E00012AE889017117404F07401121230794A8C
:1090F00012216274011212387A077B17121C7090C9
:10910000158BE0640B70057406F0800579001291F0
:109110007E90170212B33E7A037B00121A969017C4
:109120000512B33E7A047B00121A969016FCE0A258
:10913000E35004D2F08002C2F012AE7590195312BF
:1091400014D21225E2802FFC7D007A037B10121AC4
:109150009690158BE0640B7003740AF090167DE412
:10916000F0FA7B4012AC658E828F83A3E0F91291F6
:109170007E901711E4F01226247409029D1A9017AC
:109180000F12B63712230022C082C08390169912A4
:10919000B7C37017901711E024FB600514600780B7
:1091A0000A90169F801F9016A1801AE84960071246
:1091B0008FB46401700C8A828B83A3E0F91222F4CD
:1091C000800E90178B12B7C3600612AE71122C7A04
:1091D00002A9BC12B92890170FE0682212B928E83A
:1091E000FAE9FB2274F5120BCD74D81212588A08D2
:1091F0008B098A828B83A3A3A3A3A3A3A3A3E0C306
:10920000940F50030293958A828B83A3A3A312B970
:109210004074151212388A828B83A3A3A3A3A3A33D
:10922000A3A312939AFAA3E0FB122630741512142A
:10923000E9E0702E850882850983A3A3A3A3A3A3D5
:10924000A3A3E0C3940B401A8E828F83A3A3A3A38E
:10925000A3A3A3A3E064027009EE240B12A525F4D6
:10926000600302939574171214E9E06007640260CA
:1092700003029395901711E06402601CE06406609D
:109280001790169912B7C37003029395128FB464A6
:10929000016003029395802590169912B7C3701D43
:1092A00075080078081211CC78081211CCEE241041
:1092B0001293AB8E828F831293C41211A58E828F6C
:1092C0008312BF9812995012B92474021214E91231
:1092D000B1191287C5C0E074041214E9D0E01293EA
:1092E000CDF508A3E0F509740F7808121449740548
:1092F0001214E9E508F074191214E9E0C0E07406EC
:109300001214E9D0E0F0741B1214E9E0C0E0740715
:109310001214E9D0E0F074161214E9E0C0E0740908
:109320001214E9D0E0F074171214E9E0C0E07408F8
:109330001214E9D0E0F0EE241012A525C0E0740A62
:109340001214E9D0E0F0741A1214E9E0C0E0740BD2
:109350001214E9D0E0F074271214E9E0C0E0740CB4
:109360001214E9D0E0F0741C1214E9A982AA8389CE
:10937000088A09750A0078081211C47C087D0074F7
:10938000101214E9AA82AB8312A51C1211A5AA21FE
:10939000AB221222FA7428029E78E0F98A828B832B
:1093A000A3A3A3A3A3A3A3A3A3E022F582E43FF571
:1093B00083E0F98E828F83A3A3A3A3A3A3A3A3A374
:1093C00012BFC32212B6371226F0740222F0EE1238
:1093D000AB10E02274F2120BCD74F81212588A0A04
:1093E0008B0B8C0C8D0D8908908258AC21AD2274AA
:1093F000081210EEC200AC0AAD0BAA21AB2212B5C6
:10940000B47002D20090175D8013AC0AAD0BEE244D
:109410000BFAE43FFB12B5B4701B12A007129C9A22
:10942000601EA20040E48E828F83E0650C7004A36E
:10943000E0650D70E58E828F83A3A3E0650870DA86
:10944000EEFAEFFB740802995DC082C08390175D4D
:1094500002A9B9C082C08390175DE4F0A30296AF61
:1094600074F7120BCD90175D12BEB1800FEA241471
:10947000F582E412B93D121B86EEFAEFFBEA4B705F
:10948000EC90175DE4F0A3F0029D1D74F2120BCD79
:109490008A0C8B0DEDFF890B8A828B83E08C828D89
:1094A00083F0A3A882A9838A828B83129554129A8F
:1094B000CBE0C454F0FA88828983E04AF0EC2402BD
:1094C000F8E43FF9850C828B83A3A312955412957F
:1094D00067E0333354FC12955BE033333354F812B6
:1094E000955BA3E0A2E0E4331313FA88828983E05A
:1094F0004AF0EC2403FE50010FE50C2407F508E4C4
:10950000350DF509750A0078081211C47C087D0034
:10951000EEFAEF12A51B1211A5EE2408FE50010F62
:10952000E50C240FF508E4350DF50978081211C48F
:109530007C037D00EEFAEF12A51B1211A5E50BC30B
:10954000940F400DE50C2412F582E4350D12AB1F8B
:10955000F0029960A3E08882898322FA8882898355
:10956000E04A129567A322F0850C828B83A3A3A304
:10957000A32274F2120BCDEBFF8C0C8D0D8A82F5B9
:1095800083E08C828D8312BF82A3A882A983E0121C
:10959000A964129946C412A95EF0EA12BF8C12A9FE
:1095A0006B129944A2E2E4338C828D8312994313A7
:1095B0001313541F12A964A3129943A2E7E4338C36
:1095C000828D83A3A3A3A3A3A3F0EA2403FE5001E7
:1095D0000FF5088F09750A0078081211C47C087D00
:1095E00000E50C240712A5171211A5EE2408FE5061
:1095F000010FF5088F0978081211C47C037D00E57E
:109600000C240F12A5171211A58E828F83A3A3A37A
:10961000E0C0E012BFA8D0E0F002996074F6120B2F
:10962000CDEAFEEBFF8A82F583A385820885830954
:10963000E0F9122318850882850983E064EB601E37
:109640008E828F83A3E064E160148E828F83A3E017
:1096500064F1600A8E828F83A3E0641A70078E82A1
:109660008F83A3E4F09019531214D21225E27508E7
:109670000178081211CC8E828F83A3E0F508780858
:109680001211CC790090170F12B33E901705129368
:10969000C41211A512264202AD2CC082C083E990EB
:1096A000176F7003E4800274018004EAF0A3EBF00A
:1096B00002A9BC12B6371221802274F6120BCD908B
:1096C000176FE0701B7C0079017A007B0012267214
:1096D000EA4B600C8A828B8312B7C360031225D6D3
:1096E00002AD2CC082C083129B7A401079FF1226F3
:1096F0006CE9F89032C5E493C39850047901800274
:10970000790002A9BC74F2120BCD8A0A8B0B89096D
:10971000C2008A828B83A3A3A3A3A3A3A3A3E0F97C
:109720001226788A0C8B0DAE0CAF0D750801EA4F2E
:1097300060030297E6850A82850B8312B338850A97
:1097400082850B83A3A3A3A3A3A3A3129925122607
:10975000608A0C8B0DAE0CAF0DEA4F70030298F2CD
:109760008A828B83A3A3A3A3E4F0A3F0E50A240CCD
:10977000FAE4350BFB8A82F583E0C0E01298F9D059
:10978000E0F0E50A240D129919240D12B25E122799
:109790005612A01F12B77FE50A241112991924113D
:1097A00012B25EE50A241312B94FC0E012A011D024
:1097B000E0F0D200EE2406F8E43FF912990C129979
:1097C0004754046003029858901965E0F50A750B38
:1097D000007407780A1213638E828F83A3A3A3A356
:1097E000A3A3129903F08E828F83A3A3A3A3A3A3A1
:1097F000E0F50AA3E0F50B7407780A121449E50AAC
:109800005407FCE50960618E828F83A3A3A3A3A301
:10981000A3A3A3A37402129E72129C0F600B901656
:10982000FD12A5A5A3A312B264EC70030298C9EEC1
:109830002406F8E43FF9E8FAE912990CF0EC24FF69
:10984000F50AE434FFF50B7407780A1213638A8271
:109850008983129903F080718E828F83A3A3A3A3BF
:10986000A3A3E044800297E5EC70057508008059D9
:109870008E828F83A3A3A3A3A3A3E05420600C1222
:109880001AE4EA547F7900245F80198E828F83A3C3
:10989000A3A3A3A3A3E05410601A121AE4EA540F7E
:1098A0007900240A5001098E828F83A3A3A3A3F019
:1098B000A3E9800D8E828F83A3A3A3A37401F0A3D9
:1098C000E41299507404129B90A20050288E828F4B
:1098D00083A3A3A3A312B63DF9EEFAEFFB1226660B
:1098E000E9601212B7BC6003129932EEFAEFFB1274
:1098F0001B86750800A9088067EE240CF582E43FFA
:10990000F58322E0450AF0A3E0450B228882F58327
:10991000E0547FF0A3E054FC22F582E4350BF5839C
:1099200012B928EE22A3E0F9850A82850B8312B6CC
:109930003722129939129D8F22EE240FF582E43FCF
:10994000F58322A3A3A3A312994B2212B96BE022A1
:1099500012995422129E68A3A3A32274031211A584
:109960007F06020F1A74F4120BCD74F71212587E90
:1099700000122678EA4B7003029A188A828B83A31E
:10998000A3A3A3A3A3A3A3A3E064066003029A185E
:109990008A828B83A3A3A3A3A3A3A3E0FF8A828BC2
:1099A0008312BF4AE0C0E074081214E9D0E0129DAF
:1099B0004012B25112B26412268AEF5408605785E1
:1099C000218285228312B33E7A007B0012265AEA56
:1099D0004B704312BFB37C007D007A007B00802275
:1099E0008E828F8312A84AF47003A3E0F46027905C
:1099F000170F129A1D129D22601C7C007D00EEFA4A
:109A0000EFFB12265A8A0A8B0BAE0AAF0BEE4F7091
:109A1000CF79001221987E01EEF9028BFE129A2175
:109A200022E0FCA3E0FD8E828F8322C082C0838A65
:109A3000828B83E5824583700990177480068A8241
:109A40008B83A3A3129C4360208A828B83A3A3A34E
:109A5000A3A3A3A3E0540860E5EC4D6010129C4959
:109A60007003A3E06D70D780047A007B0002A9BC6C
:109A700074F2120BCD8A088B09890AECFEEDFF7A8D
:109A8000147B00121B80EA4B60378A828B83A3A36E
:109A9000A3A3A3A3A3A3A3E4129AE1E50A129D2C16
:109AA000EEF0A3EF129AD1129D47129AD88A828BB8
:109AB0008312BFCB129AC412B6BAA3129ACBF0A3E8
:109AC000F0029960EA240FF582E42212BF86A3A374
:109AD00022129D32E4F0A322A3F012BF4312B6BAC1
:109AE00022129AE522129D36A3A3A3A32274F51293
:109AF0000BCDEAFEEBFF890A8C088D09EA4F6075F1
:109B00007401697012790112266CE9F89032C8E488
:109B100093C3985015800A7404697009129B7A5097
:109B20000979118052740269704B8E828F83A3A3CE
:109B3000A3A3A3A3A3A3A3E50A129B8912A25F1266
:109B4000B844A3E4F0A3F090177412B7C360188070
:109B50000312B92488828983A3A3129C4388828933
:109B600083A3A370EC8003901774EEF0A3EF129B15
:109B7000907900800279C1029E7B790412266CE9FB
:109B8000F89032C6E493C3982212B848A3A3A32244
:109B9000F07A207B0090175CE0F9121B2C22C08227
:109BA000C083E9F87900901774801D8A828B83A3A3
:109BB000A3A3A3A3A3A3A3A3E068600574FF687095
:109BC00001098A828B83A3A3129C4370DE02A9BC85
:109BD00074F7120BCDEA4B700590177480068A82D9
:109BE0008B83A3A3129C43601F8A828B83A3A3A3AE
:109BF000A3A3A3A3A3A3E06970E4EC600F8A828B04
:109C000083129C0F70D880047A007B00029D1D1285
:109C1000BF63E0540422C082C08390177480068A18
:109C2000828B83A3A3129C4360128A828B83A3A39B
:109C3000A3A3A3A3A3A3E06970E580047A007B003B
:109C400002A9BC12B637EA4B228A828B8312A84E35
:109C50006C2274F2120BCD8A0A8B0B8C0C8D0D7555
:109C60000800750900EA4B602A90177480068E82FE
:109C70008F83A3A3129C9A601AAC0CAD0DEEFAEF81
:109C8000FB850A82850B83122C7AE9640170DF8ED2
:109C9000088F09AA08AB09029960E0FEA3E0FFEE75
:109CA0004F2274F7120BCD90177412B9247C007DEB
:109CB00000800DE8FCE9FD88828983A3A312B92402
:109CC000E8496030EA687002EB6970E79017741237
:109CD000B633E86A7002E96B88828983A3A37008AF
:109CE00012B924901774800912B9248C828D83A331
:109CF000A312B264802774F7120BCDEAFEEBFFEAE1
:109D00004F6015122684129D7B12B7BC6003129916
:109D100032EEFAEFFB121B8680031211A57F0102BF
:109D20000F1A12B63712218CE9641A22129D32A33F
:109D3000A322129D3622F08A828B83A3A3A3A3229F
:109D400012BF8612A84E22129AE5A32274F6120BB5
:109D5000CD90177412B940801412B95D129D7B1218
:109D60009932EEFAEFFB121B86AE08AF09EE4F7088
:109D7000E8901774E4F0A3F002AD2C8E828F83126A
:109D8000BF37F583129D8F8E828F83129D8F22E0C5
:109D9000FAA3E0FB121B8622C082C083EAFCEBFD23
:109DA000EA4D6017EA24FBF582EB34FF12B7C1706D
:109DB00007129DEDE0F46007121AF07905802B90F0
:109DC000175CE0C0E0129DEDD0E0F09032BCE4936F
:109DD000F97A767B17121B26E96401700B7A007BF7
:109DE00020129DFC79008002790402A9BCEA24FFBC
:109DF000F582EB34FFF583227A207B0090175CE03C
:109E0000F9121B2C2274F4120BCDA2AFE433F50827
:109E1000C2AF901776129C9A6038EE24FBF582EF61
:109E200034FF12B7C17A007B2090175C6005129D49
:109E3000FF8005E0F9121B32E4F50AF50B780A12EF
:109E400011C8EEFCEFFD7A767B17121B207402120C
:109E500011A5E508A2E092AFEEFAEFFB028C031227
:109E60009E64E022129E6822129E72A3A3A3A3A363
:109E7000A322F08E828F83221211A57F03020F1A74
:109E800074F2120BCD74FA121258EAFEEBFF750849
:109E9000FE7509FF122648E96005791102A0021239
:109EA000A522603C90197FE0C43354E0F8E03333DE
:109EB00054FC48C0E0EE12AF313FF583D0E012B958
:109EC0007FFAA3E0FB79FF122420EA4B60127508A9
:109ED000FFEE240F12A5254404F012A522D2E0F0D3
:109EE0008E828F8312A03B6006EE241212B997EE89
:109EF000241312A525700D9032D0E493C0E012A077
:109F000011D0E0F08E828F83E0A2E75004540380EA
:109F100019EE241412A52570129016EEE0C0E0127E
:109F2000A007D0E0F09016EEE004F0EE241112A5A8
:109F30002564017016901969E0600D9016F9E070C3
:109F40000A8E828F83E0700312B9948E828F83E031
:109F500064017013EE240B12A84464027009EE240D
:109F60000F12A5254440F0AC21AD22EEFAEFFB1212
:109F700026B48A0A8B0B74FE6508700374FFF470B4
:109F80000312B95DEA4B60768E828F83E0C0E07485
:109F9000011214E9D0E0F074041214E9EEF0A3EF1A
:109FA000F0EE241E12B91E74021214E912B2647487
:109FB00001121228880C890D780C1211C8EE242089
:109FC00012A0241211CC12A01F120FA3EE240E1205
:109FD000A0241211CC901702120FA374081214E9D6
:109FE000E0F9AC08AD091226AE74081211A5E9FE1D
:109FF00074106E700BAA0AAB0B121B8680027E10C7
:10A00000EEF9740602995DEE2414F582E43FF583BF
:10A0100022EE12A016222413F582E43FF58322EEED
:10A0200012993A22F582E43FF583E0F50C780C2290
:10A030008E828F83A3A3A3A3A3A3A3A3A312A04150
:10A0400022E0FAA3E0FB122750E922C082C0837409
:10A05000D71212589080E37403121238742612102B
:10A06000EE8A828B83A3A3A3A312B924740E1214C5
:10A07000E912B7C912B924740C1214E912A14424CC
:10A080000D12A134C0E0741A1214E9D0E0F012B637
:10A09000C012B92274201214E912A144241512A18D
:10A0A00034C0E074081214E9D0E0F0EA241CF58210
:10A0B000E43B12B92274121214E912A144241112C1
:10A0C000A134C0E074091214E9D0E0F0EA241212BD
:10A0D000A134C0E074071214E9D0E0F0EA241EF5C0
:10A0E00082E43B12B92274241214E912A144242000
:10A0F00012A134C0E074261214E9D0E012A13C741D
:10A10000FFF074011214E974FFF074021214E97480
:10A11000FFF090832F120F9F7404121238740712ED
:10A1200012301222EE74041211A579007429121152
:10A13000A502A9BCF582E43BF583E022F0852182EB
:10A1400085228322E8F0A3E9F0EA2274F4120BCD11
:10A1500074EC1212588A0A8B0B8C088D09E9FF7E69
:10A16000107A217B00121B80852182852283EAF0F0
:10A17000A3EB12B7D3E849700302A2587C217D00FB
:10A180007900852182852283E0FA121AD890170F70
:10A1900012B63385218285228312B3422409F582C7
:10A1A000E438F58312B77F74201214E912B92474CD
:10A1B000111214E9E812A8B312B78538F5837402B6
:10A1C00012A8B612BF51740212A8A012A25F12A860
:10A1D000B612BF2EEFF074221214E912A861F9A38F
:10A1E000E0C912BC2839F583E812A576A3E0C9249A
:10A1F0001FF582E43912A26674231214E912B633F1
:10A2000074061214E912B77F74081214E9E8F074A6
:10A21000261214E912B759C082C083740C1214E9D3
:10A22000AC82AD83D083D08274051210EE742512F7
:10A2300014E9E0C0E074131214E9D0E0F07900AA48
:10A2400021AB2212264EE9640170047E008009854C
:10A250002182852283129935EEF97414028C00E56F
:10A2600008F0A3E50922F583E50AF0A3E50BF02247
:10A2700074F0120BCD74FF121258EAFEEBFF8C083B
:10A280008D098A82F583A37408F0EA241612A525A5
:10A2900060088A828B83A37410F0EA241712A52524
:10A2A00060098A828B83A3E02408F0EA12A5236068
:10A2B000088A828B83A3E004F08A828B83A3A3A302
:10A2C000A3A3A3E060198A828B83A3A3A3A3A3A360
:10A2D000A3E0C3332402F88A828B83A3E028F0EA48
:10A2E000241112A52D6004740E8001E4F0901977FA
:10A2F000E0640170168A828B83E06401600D901621
:10A300007DE0600712A50D7401800412A50DE41212
:10A31000A5768A828B83A3E0F8EA1287C528298C68
:10A32000828D83F0EA241112A525600512AB4E2917
:10A33000F0850882850983E0C394754009750C0097
:10A34000750D0002A504E0FA7B00121B808A0C8BBD
:10A350000DEA4B700302A5048E828F83E0FA9016FB
:10A36000FF12A56F74027808121363EA4508FAAB6E
:10A3700009EE241212A56974067808121363A8085E
:10A38000EA48FCEBFD12A522600478018002780007
:10A39000EE2416FAE43FFBE4C8F9ED49FDEE241182
:10A3A00012A525F508880974097808121363ED458C
:10A3B00009FD8A828B8312A56F740B7808121363D0
:10A3C000ED4509FDEE241712A569740C78081213E7
:10A3D00063ED4509FD8E828F83A3A3A3A3A3A312DC
:10A3E000A56F740A7808121363ED4509FDEE242366
:10A3F00012A569740D7808121363ED4509F9EC850F
:10A400000C82850D83F0E9A3F0EE240212A54C1214
:10A41000A58BF0EE240412A54CA3A312A58BA3A335
:10A42000F0EE241312A55CF0EE241412A55CA3F048
:10A43000750B088A828B83E0601512B83512B33E23
:10A44000E50C2408FAE4350DFB121C70750B10EEB8
:10A45000241712A525601912B3C112B33EA80BE54B
:10A460000C28FAE4350DFB121C707408250BF50B53
:10A470008E828F83A3A3A3A3A3A3E0604EEE240741
:10A48000F50EE43FF50F850E82F583E0C0E012A5DE
:10A490003BD0E012A57BE0C0E00812A53DD0E01261
:10A4A000A57BA312B7AF1211C4850E82850F83E07E
:10A4B00012A815A80BE50C2812A5171211A5850ED8
:10A4C00082850F83E0C333250BF50B12A5226008AC
:10A4D000C0E012A53BD0E0F012AB0B12B7AF1211E7
:10A4E000C41287C4FC7D0074031214E912A544E071
:10A4F000F8E50C28F8E4350DF9E82AFAE43912A554
:10A500001B1211A5AA0CAB0D740102B798EA242303
:10A51000F582E43FF58322FAE4350DFB121ACC7480
:10A520000322EE2415F582E43FF583E022F582E470
:10A530003FF583E085218285228322A80BE50C2844
:10A5400012A82822E0FA8E828F83A322F8E43FF932
:10A550008882F583E0850C82850D8322F582E43FB5
:10A56000F58312A595A3A3A322F582E43FF583E02A
:10A57000F5087509002212BF74F922F0050B8E82CE
:10A580008F83A3A3A3A3A3A3A3A322A3A312B96B03
:10A59000A312A59522E0850C82850D83A3A3A32297
:10A5A0007403028C0012B9288E828F83A3A32274B5
:10A5B000F0120BCD74FD12125812B77974021214F6
:10A5C000E9E9F08C0C8D0D750B017C267D0079007E
:10A5D000AA0CAB0D121AD874021214E9E0C3940845
:10A5E000500302A79E12A554F0AC0CAD0D8521823C
:10A5F00085228312A84AFA85218285228312AE70B1
:10A6000012AB47E96003750B008521828522831216
:10A61000B75912A86BE0F9EA850C82850D83A3A3D4
:10A62000A3A3A3A3A3A3A3F0A3E912A8A0A3A31287
:10A63000A86BA3A3E0F9E50C12B7D8EA12A8B312ED
:10A64000B32EC0E0E50C241112BFACD0E012A8B6C6
:10A650002407F582E438F583E0C0E012BFA8D0E01B
:10A6600012B76C740812A897A3E060268521828532
:10A670002283E02408F8A3E03400F9E50C2413F564
:10A6800082E4350D12B262850C82850D83A3E0242D
:10A6900008F0850C82850D83A3A3A3A3A3A3A3A382
:10A6A000E0602A850C82850D83A385820E85830F49
:10A6B00012A858F8A3E03400F9E50C12AF31350DBB
:10A6C00012B262850E82850F83E02408F012A81C66
:10A6D000E4F012A830E4F0A312B76CA3A3A3A3E0A4
:10A6E000601112A87C850C82850D83A3A3A3A3A36C
:10A6F00012A8A8E50C12A83DE0700302A78A12A8D0
:10A700007CFA12A81CEA12A8A8F885218285228367
:10A71000E028FBA3E034008B82F583E0F8E50C240D
:10A720001A12BFACE812A8A8E8C39AE50C5056125A
:10A73000A838F89032BDE493C39850047E0C80068C
:10A74000E50C12A838FE850C82850D8312A857F5FA
:10A7500008A3E03400F509750A0078081211C4EE68
:10A7600012A8157A687B0B12A51C1211A512A8302D
:10A770007468F0A3740BF0EEC333F8850E82850F76
:10A7800083E028800412A83DE4F0850C82850D83C7
:10A79000A3E0F8850C82850D83E0C398500479000E
:10A7A000807012A857FAA3E03400FBE50C12B98EB2
:10A7B00012BFAF12B77F850C82850D83E0C398C0AE
:10A7C000E0E50C241712BFACD0E012A897E060407F
:10A7D000E50C2417FEE4350DFF8E82F583E024F2AC
:10A7E000F0E50C241DF8E4350DF98882F583E024AA
:10A7F0000EFAA3E03400FB8882898312B77F90169B
:10A80000FAE0F91225A6E9F88E828F83E0C398F06A
:10A81000A90B02B79625E0FCE433FD22E50C12A853
:10A820002222241912A82822F582E4350DF583226C
:10A83000E50C241B12A8282212A822E02212B766D7
:10A8400012A82B22F582E43FF58312A84E2212B9FA
:10A850002DF5838882E022A312A85C2212A8612829
:10A8600022E0F8852182852283E022A3A3E0FA85F5
:10A87000218285228312B75FA3A3A322850C828540
:10A880000D83A385820E85830F12A85CFAA3E034A2
:10A89000008A82F583E02212B770A3A3A3A3A322A8
:10A8A00012A8BBF583888222F0850E82850F83E093
:10A8B00004F022F0A3E912A8BBC82212BF78F8A3C3
:10A8C000E02274F4120BCD8A088B09EA12A96BA35B
:10A8D000A3F0EA1313543F12A95EA3F0EAC41313C2
:10A8E00012A96B12A9757409780A12144912A95594
:10A8F000A3A3A3A3A3A3F0EB12A95712A974740AEC
:10A90000780A121449E50A5401C0E0EC12B7663D1A
:10A91000F583D0E012A979740B780A12144912A9B0
:10A920005512A972740C780A12144912A955A3126F
:10A93000A972740D780A121449E50A5401C0E0ECBA
:10A940002424F582E43DF583D0E0F0740E780812FB
:10A950001449028BEFE50A54018C828D832212A9DF
:10A9600064A3A322540F8C828D832254038C828D86
:10A970008322A3A3A3A3A3A3A3F08A0A8B0B22C0C1
:10A9800082C08379008A828B83A3A3A3A3A3A3E0BD
:10A990009016F9600EE0701F8A828B83A3A3E0708B
:10A9A000168012E0601112B626901702E06A70035A
:10A9B000A3E06B60027901800312B633D083D082AA
:10A9C00002117274F2120BCD8A0A8B0B890CECFE09
:10A9D000EDFF8A828B83E0FA12AB47850A82850BF2
:10A9E00083A3A312AB3BE0F9EA8E828F83A3A3A3D8
:10A9F000A3A3A3A3A3A312AB6012AB3BA3A3E0F951
:10AA000012AB0BEA12AB60A3A3E0C0E0EE2411F599
:10AA100082E43FF583D0E012AB67A3A3A3E0C0E0DC
:10AA2000EE2412F582E43FF583D0E012B8447408B6
:10AA3000129B89A3A3A3E06017E50A2408F8E43574
:10AA40000BF912A011E8F0A3E912B844E02408F0D1
:10AA50008E828F83A3A3A3A3A3A3A3A3E060188ED6
:10AA6000828F83A312AB2AEE241512B25E85088270
:10AA7000850983E02408F08E828F83A3A3A3A3A378
:10AA8000E060248E828F83A3858208858309E0F8A5
:10AA9000E50A28F582E4350B12AB1FA3A3F0850865
:10AAA00082850983E004F0EEFAEFFB1226C6E9F591
:10AAB0000D70498E828F83A3A3A3A3A3A312AB1906
:10AAC000A37014E0F8E50A28FAE4350BFB12AB0199
:10AAD00012B77FE50C801A12AB2AE8240EF8500159
:10AAE00009EE241D12B25E12AB4EF9E50CC3992497
:10AAF000F2C398C0E0EE12B3B8D0E0F0A90D02990D
:10AB000060EE241DF582E43FF58322EE12AB1022A5
:10AB1000240BF582E43FF58322E08E828F8322F5B9
:10AB200083E08E828F83A3A3A32285820885830975
:10AB3000E0F8E50A28F8E4350BF922E0FA850A8204
:10AB4000850B83A3A3A32212B9A01226C0229016BC
:10AB5000FAE0F91225A6E9F8850882850983E02242
:10AB6000F0A3E912AB6722F0850A82850B83A3A3C9
:10AB7000A3A322C082C0837A827B1779E21221626A
:10AB80007A827B1702A9BCC082C08390170202A9F7
:10AB9000B9C082C08390170502A9B9C082C0837969
:10ABA0004A12216202A9BC74F6120BCD90178AE0FA
:10ABB000FE04F0EEF9122678EA4B70F0EE60EDF943
:10ABC00002AD2C74F2120BCDEAFEEBFF8C088D095E
:10ABD000890A1227B6740E1214E9E0F9740F1214E0
:10ABE000E9E0F8EA4B7012E8701BA90AAC08AD095D
:10ABF000EEFAEFFB1227D48065E86017E970068A49
:10AC0000828B83E4F07401687054E990178D70248E
:10AC1000E4801EE97048EA240212A134A80A28F848
:10AC2000E4340013E813F070358A828B83A3A37495
:10AC300001F0802AE004F0901966E0F890178DE0AA
:10AC4000C398401AE4F0901705E06E7003A3E06F1C
:10AC5000700CEEFAEFFB790112231212AC6102992B
:10AC6000607A017B0090175CE0F9121C462274F4B4
:10AC7000120BCD8A088B098C0A8D0B9082F778080D
:10AC80001212C370077A01129DFA801E9019537830
:10AC900008121458EA4B4C4D600D78081211C0127E
:10ACA000899E1211A5800312AC61028C03C082C080
:10ACB000839019570296ABC082C0839019590296AF
:10ACC000AB74F6120BCD7E007508EE750916780888
:10ACD0001211C87C6E7D007A217B00121BF8740271
:10ACE0001211A5E9640A70027E01122270E9640A59
:10ACF0007004EED2E1FE9005C812B7C3600F12AE29
:10AD000071122C7AE9640A7004EED2E3FE12243246
:10AD1000E9640A7004EED2E4FE1220E4E9640A70E9
:10AD200004EED2E5FEEEF980031211A57F02020FB8
:10AD30001A74F6120BCD121A907508EE7509167872
:10AD4000081211C875086E75090078081211C8122A
:10AD5000AD6E1211A51222769005CA12B7C3600615
:10AD600012AE71122C7A1224381220F680BE7C00AA
:10AD70007D007A217B00121C0474042274F6120BED
:10AD8000CD74FF1212587E007508EE75091678080A
:10AD90001211C87C6E7D007A217B00121BF87402B0
:10ADA0001211A5E9600302AE4878081211C87508AF
:10ADB0006E8E0978081211C87C007D007A217B0014
:10ADC000121C0A74041211A5E9707D901702E06448
:10ADD000FE7003A3E0F460707E01901711E0640838
:10ADE0006005E06404705C852182852283EE12AEEA
:10ADF000887A197B1779431221687A167B1779476D
:10AE00001221687A077B17794A12AE637A0F7B1793
:10AE100079501221687A027B1779531221687A17C8
:10AE20007B1779541221687A047B1779E112216823
:10AE30009016FCE0A2E35004D2F08002C2F012AE01
:10AE4000758005121A907E001222649005CC12B70C
:10AE5000C3600612AE71122C7A122444EEF974010A
:10AE600002AD291221687A057B17794B12216822DD
:10AE7000A312B76022A2F0E43385218285228312D7
:10AE8000AEE779521221682212AEE77942122168A8
:10AE90002274F6120BCDE9FEA2E0501C7508EE7587
:10AEA000091678081211C875086E7509007808121D
:10AEB00011C812AD6E1211A5EEA2E3500312226A60
:10AEC000EEA2E2500E9005CE12B7C3600612AE712C
:10AED000122C7A02AD2C12262A7A5F7B1779451242
:10AEE00021682212AEE722F0AA21AB222274F712C7
:10AEF0000BCD74ED121258E9FE90175BF0AC21AD4A
:10AF00002212AF1974121214E9EE12AF26AA21AB65
:10AF10002212AED67413029D1A9019E4E0F97A5FFA
:10AF20007B1712263022F09019E4E0F97C5F7D1740
:10AF3000222415F582E42212BF443509F58322EF5D
:10AF4000FB90175CE0F9121AF622EE241612AF51AC
:10AF500022F582E43FF5837401F02212BF433FF5EE
:10AF60008312AF652212B92DF98882F5832274F419
:10AF7000120BCD8A088B097A007B0412AC6512B0E3
:10AF8000109017117409F012B5A812906F12B63311
:10AF900012B5B4640170677A0F7B00121AEA8A0A4C
:10AFA0008B0BAF0BEA4F60568A828B837402F0E5FD
:10AFB0000812B98E350912B9ACFC88828983A3A323
:10AFC000E0FBEC8A828F83A3A312B78088828983F7
:10AFD000A3A3A3E08A828F8312B001FAA3E0FB79D6
:10AFE0004A122168850882850983A3A3A3A3A3A38A
:10AFF000E0700690158B7405F0AA0A12AF3F028C20
:10B0000003A3F0E5082415F582E43509F583E02271
:10B0100090169B12B928901959E8F0A3E9F0901600
:10B020009D12B928901957E8F0A3E9F02274F412A0
:10B030000BCD74FD1212588A088B0974011214E9A1
:10B04000740212B865700302B10812AF5B7404F0A9
:10B05000A3E412B125E06401700888828983A37497
:10B0600020F0850882850983A3A3A3A3A3E064013C
:10B07000700988828983A3E0D2E6F0850882850979
:10B0800083A3A3A3A3A3A3E06401700A8882898396
:10B09000A3E0D2E78006EA12A012740112B120E008
:10B0A00064017020850882850983A3A312B7C36059
:10B0B00004EA12AF4B850882850983A3A312B92441
:10B0C000EA12B25C850882850983A3A3A3A3A3A384
:10B0D000A3E064017009EA240F12AF4DA3E4F085E8
:10B0E000088285098312A03D6009EE240F12A52570
:10B0F0004404F012B13185088285098312B10D1222
:10B10000B11712B971F98002791002A5A0E0F8A375
:10B11000E0F98E828F8322A3A3E8F0A3E9F0EE2268
:10B1200012B125A322F0850882850983A3A3A3A3D6
:10B1300022EE12B3A62274F5120BCD74F31212583C
:10B14000890AEAFEEBFF7508007509007C0D7D0099
:10B150007900AA21AB22121AD812AB0112B34B7498
:10B160001F58600C7AD37B00121F76790002B24719
:10B17000E8A2E55008740C1214E97401F0E8A2E7A3
:10B180005008740B1214E97401F0E8A2E6740A5036
:10B19000081214E97401F080081214E9E0640170E7
:10B1A000138E828F83A3A3A3A3A3A3A3E06036EE91
:10B1B000241380128E828F83A3A3A3A3A3A3A3A38C
:10B1C000E06022EE2415F582E43FF58312B963E5D1
:10B1D0000845096010AC08AD0974021214E9AA828E
:10B1E000AB83121C7012AB0B12B24C12B264740A15
:10B1F0001214E9E06401704690198AE06047640126
:10B200007006901973E0603DEE240B12B91E901782
:10B2100005E0687003A3E069702B12A0307026E58A
:10B2200008450960191226D28A088B09AC08AD09B5
:10B2300074021214E9AA82AB8312B5B46007AA2182
:10B24000AB2212230CA90A740D029E7812B250226E
:10B25000E0F8A3E0F9852182852283222418F58273
:10B26000E43FF583E8F0A3E9F02274F7120BCD7404
:10B27000CD121258EAFEEBFF8A82F58312B3421216
:10B28000B32EA2E0400302B3298A828B8312AF61FE
:10B29000A3A3A3A3A3A3E054FE12BC35740D121202
:10B2A00038EA241E12A13412B8FD12B6331226CC8D
:10B2B000E97076742A1214E912B352706C7C0D7D19
:10B2C000007900AA21AB22121AD874161214E912BE
:10B2D000B24C12B264742A1214E912B34BA2E550B4
:10B2E00008740B1214E97401F0E8A2E75008740A1C
:10B2F0001214E97401F0E8A2E6500474208002748C
:10B30000221214E912B33E74021214E9AA82AB832A
:10B31000121C708E828F83A3A3E0C0E0740C121401
:10B32000E9D0E012AEE31223067433029D1A24061C
:10B33000F582E438F583E022A3A3A3A3A3A312BF5D
:10B34000C32212B3462212B92DC82212B75DA3E060
:10B35000F82212A84E640422E9F8790074046860A7
:10B360000A740A6860057403687002790102117238
:10B3700074F6120BCD8A828B837424F0A3A374011C
:10B38000F01222948A088B09AE08AF09EA4F6007D1
:10B390008A828B8312B39EEEFAEFFB02AD2C74010E
:10B3A000F0EA12B3A62212B3B87401F01226D21238
:10B3B000B3C1EAF0A3EBF0222417F582E43FF58352
:10B3C00022EE241AF582E43FF58322C082C08390E6
:10B3D00017787401F0E9A2E350037403F0E9A2E1E5
:10B3E0005004E0D2E2F002A9BC74F6120BCD790051
:10B3F0007C008A088B097808120ED4F8FF071EB467
:10B400001CB41CB41CB41CB414B418B41EB410B4D2
:10B410007C01800A7C0480067C0280027C089017F4
:10B4200078E05C600479028005EC6002790102AD8D
:10B430002C74F6120BCD8A828B83E07014A3A3A325
:10B4400012B7C3600C8A828B8312B63012249280AA
:10B45000047A007B0002AD2CC082C0837800E875BE
:10B46000F003A4FCA9F0E9FD12B4E76A7003A3E0BD
:10B470006B70189032CDE493C0E074792CF582742F
:10B480001739F583D0E0F079C5805908E8C39403F3
:10B4900040CC7800E875F003A4FCADF012B4E7648A
:10B4A000FE7003A3E0F4601E08E8C3940340E5784F
:10B4B00000E875F003A4FCADF074792CF5827417E4
:10B4C0003DF583E07015E812B9E112B77F9032CDF7
:10B4D000E49388828983F07900800908E8C39403A3
:10B4E00040CF79C702A9BC747A2CF58274173DF558
:10B4F00083E02274F4120BCD74F3121258EAFEEBBF
:10B50000FF8C088D09750A12EA4F7005790002B5A3
:10B51000A3901702E06E7003A3E06F701412B5A839
:10B52000AA08AB0912B5B47005750A018003750A43
:10B5300000852182852283E4F0041214E9EEF0A351
:10B54000EF12AEE312224CE9602974031214E9AA47
:10B5500082AB83122228E964017018750A01740312
:10B560001214E9AC82AD83AA08AB0912B5B460032A
:10B57000750A00AC08AD09EEFAEFFB1227BCE9F83A
:10B58000740A687005750A01801774A0687012AC9F
:10B5900008AD09EEFAEFFB1227C8EEFAEFFB12270F
:10B5A000DAA90A740D028C001226D28A0A8B0BAC1F
:10B5B0000AAD0B22121C6AE92274F7120BCDEAFEC7
:10B5C000EBFF8A82F583A3A3A3A3A3A3A3A3E060B5
:10B5D00019EA2415128BF312AB0C12B63312276240
:10B5E000E96401700512AB0B802D8E828F83A3A3BB
:10B5F000A3A3A3A3A3E0602912A01112B63DFAA34E
:10B60000E0FB122762E9640170178E828F83A3A387
:10B61000A3A3A3A3A3A3A312B63312275C7901802B
:10B62000027900029D1D8A828B83A3A3A3A3A3A3F7
:10B63000A3A3A312B63722E0FAA3E0FB22129A21B9
:10B64000A3A3A3A3A3A3A3A3A3E02274F2120BCDED
:10B6500074FD1212588A088B09ECFEEDFF890A75F9
:10B660000B0174011214E9740412B9796044741165
:10B670001214E9E0601512B85BE412B9468A828BB5
:10B6800083E0D2E7F0EA241412B6B712B6C012AFC4
:10B690005F7403F0A3E50AF0EE88828983A3A3F028
:10B6A000EF88828983A3A312BF8112BFC912B97424
:10B6B000F50BA90B02995BF582E43BF583E4F022DC
:10B6C00012BF433B2274F4120BCDEAFEEBFF890854
:10B6D000EA12AB0212B759A3E0FAEE241712A5251D
:10B6E000640460097AD37B00121F768063EA12102B
:10B6F0005401000EFCB600F9B675080012AB01A3A8
:10B70000E0F9EE2409F50AE43FF50B88828983A36A
:10B71000A3E0FC88828983A3A312B789F9850A82F2
:10B72000850B8312B633122324850A82850B83127C
:10B73000A03D601CEE241112A525C39402401112F5
:10B74000AB0B12B9157003A3E0696004A90880026D
:10B750007900028C038E828F8312B75D22E0F8A3FA
:10B76000E0F5838882222418F582E42212B7702241
:10B77000F0850C82850D83A322852182852283EAB0
:10B78000F0A3EBF02212BF4422A3E0F8E4C8F9ECE6
:10B7900028E439FDEA2274031211A57F08020F1A6A
:10B7A000740202B798EE240DF582E43FF58322E09F
:10B7B000F508A3E0F509750A00780822EE129AC58B
:10B7C0003FF58312B928E84922E8F0A3E912BF86C1
:10B7D000A3A32212A8BBF92212BF4412A82B2274E1
:10B7E000F0120BCD74FD1212588A088B098C0E8D45
:10B7F0000F890A750B0174011214E9740312B84D14
:10B80000602E12AF5B740BF0A3E50AF074131214F0
:10B81000E912B83DA312B3A012AF4A12B835E50E33
:10B82000F0A3E50F12B844A312A25F12B87CF50B87
:10B83000A90B02B796EE12B7663FF58322E0888225
:10B840008983A32212B84822129E72A32212B873CF
:10B850008A0C8B0DAE0CAF0DEA4F22EA2417F5824D
:10B86000E43BF5832212B8738A0A8B0BAE0AAF0B46
:10B87000EA4F22F0AA21AB2212274422F0EE241331
:10B8800012AF51EEFAEFFB12228EE92274F6120B80
:10B89000CD12B98D3B12B8D5F98882F583A3E0FAB1
:10B8A00088828983E0702BEAA2E0502690167DF012
:10B8B00075087D75091678081211C8750801750993
:10B8C0000078081211C87C007D007A5112AD741204
:10B8D00011A502AD2CF583E02401F8A3E034002289
:10B8E00012B6371223AE740422EA241EF582E43B1A
:10B8F000F583E012B8FD12B6371226BA22F9EA240F
:10B900001FF582E43BF583228A828B83A3A3A3A342
:10B91000A3A3A3A3A312B928901702E06822F5827B
:10B92000E43FF58312B9282212B92DF922E0F8A3D9
:10B93000E0229032BEE493F8E50AC398223BF583F7
:10B94000E0FEA3E0FF22129D32EEF0A3EFF022F51D
:10B9500082E4350BF583E02212B928C3228E828F50
:10B9600083A3A3E0F508A3E0F50922F08882898388
:10B9700022FAEFFB12228EE92212B873EA4B22124E
:10B98000B848A3E022EE2402FAE43FFB22EA241D99
:10B99000F582E422EE2411F582E43FF583E4F022FF
:10B9A000A3E0F8E4C8F9EA28E439FB22F58312AFF2
:10B9B00065A3E02274F7120BCD7E008005EE12B96C
:10B9C000F60E12BA4A40F67E00EE12B9E174FEF0AD
:10B9D000A30412B96BE4F00EEEC3940340EB029D96
:10B9E0001D75F003A4F8A9F0747928F8741739F9D3
:10B9F0008882F583A32275F017A4F8A9F012BA4142
:10BA00001227AA2274F7120BCD7E0080010E12BA03
:10BA10004A5027EE12BD69E06A7003A3E06B70ED37
:10BA200012BA546C7003A3E06D600A74FF6C70036B
:10BA300074FF6D70D812BA4180047A007B00029DB9
:10BA40001D74F428FA740939FB229032BEE493F88D
:10BA5000EEC3982212BA582212BA5DE02274FE2870
:10BA6000F582740939F5832274F6120BCD7CFF7DC3
:10BA7000FF7AFE7BFF12278CEA4B7040750800802E
:10BA800036E50875F017A4F8A9F0740328F5827458
:10BA90000A128FBA600C740228F582740A128FBAE7
:10BAA000701374F428FE740939FF8E82F58312BC7A
:10BAB0002EEEFAEFFB050812BABF40C502AD2C907E
:10BAC00032BEE493F8E508C39822C082C0837A00AE
:10BAD0007B007C00801012BE987003A3E0F4600528
:10BAE0000AEA70010B0C12BAEE40EB02A9BC9032CC
:10BAF000BEE493F8ECC3982274F4120BCD8A088B41
:10BB000009ECFEEDFF800B1227AAEEFCEFFDAA0860
:10BB1000AB0912278CEA4B70EE028C0374F7120B00
:10BB2000CD7D007C0080020D0C12BAEE501C12BEBE
:10BB3000987003A3E0F460F0EDF8EA684B70E8EC6D
:10BB400075F017A4F812BA4180047A007B00029DB8
:10BB50001D74F7120BCDEAFEEBFFEA4F600E12BB2D
:10BB60006F74FEF0A30412BB7DF0A3F0029D1D7C58
:10BB7000177D007900121AD88E828F832212995471
:10BB8000A32274F7120BCDEAFEEBFF7508008018B4
:10BB9000E50875F017A4F8A9F012BBB07003A3E094
:10BBA0006F600312B9FD050812BABF40E3029D1D84
:10BBB00012BA586E2274F6120BCD12278C8B09A97B
:10BBC00009EA496009EA240DFAE439FB80047A00A5
:10BBD0007B0002AD2C74F4120BCDEAFEEBFF8C0A55
:10BBE0008D0B750800750900802BE50975F017A409
:10BBF000F8A9F012BE7F601BE50912BE8C7003A38A
:10BC0000E06F700375080AAC0AAD0B12BD7F6003CC
:10BC10004308A005099032BEE493F8E509C39850A3
:10BC200004E50860C5028BEF240CF582E42212B60D
:10BC3000371223B42212994BFAA3E0FB2274F012BC
:10BC40000BCD8A0E8B0F8C0A8D0B750C007800794A
:10BC5000017EFE7FFF74101214E912B96380111285
:10BC60001AE4E50CF5F0EA84E5F0F8750C007900CB
:10BC70007C00800712BD2912B93D0C9032BEE493BE
:10BC8000FAECC39A5077EC75F017A4FAADF0EDFB1F
:10BC900012BD2912A13764FE7003A3E0F460DB1229
:10BCA000BD2912A137650E7004A3E0650F60CB12A9
:10BCB000BD2912A137650A7004A3E0650B60BB12B1
:10BCC000BD2912A13765087004A3E0650960AB7453
:10BCD000022AF582740A12A137609FC39408509A11
:10BCE000E06407608FE9050C7090E50CC398408A0A
:10BCF000EDF912BD2939F58312BEB18022E50C6041
:10BD000011E8700E7401650C600302BC5F780102DB
:10BD1000BC6B74FE6E700374FF6F6006EEFAEFFB8F
:10BD200080047AFE7BFF02B79B74F42AF5827409C3
:10BD30002274F5120BCDEAFEEBFF8C088D09750A13
:10BD4000008002050A12B932501CAC08AD09E50AA0
:10BD500075F017A4F8A9F012BD7F60E7E50A12BDDF
:10BD600069EEF0A3EFF0029E7B75F017A4F8A9F03E
:10BD700012BD742274F428F582740939F583227493
:10BD8000F628FA740939FB121C6AE922E9F87907E6
:10BD9000C3940D400479018019E8C39407400479E5
:10BDA00003800FE8C39403400479058005E870021E
:10BDB000790002117274F0120BCD8A0E8B0F8C0A6F
:10BDC0008D0B890812BE0F604312BB6FE50EF0A306
:10BDD000E50F12BB7D12A268E508600712A01FE5FF
:10BDE00008800512A01F7401F0901756E0640170DE
:10BDF0000612BE1DE4800512BE1D740712BE2D5032
:10BE000001097A027B001208D112BE2702B79B12E9
:10BE100027928A0C8B0DAE0CAF0DEA4F22EE240E4A
:10BE2000F582E43FF5832212B7A5E8F022F012BEB6
:10BE300032229032BBE49379002401F82274F71285
:10BE40000BCDEAFEEBFF750800802CE50812BE8CD6
:10BE50007003A3E06F601474FF6E700374FF6F7063
:10BE60001412BEA07003A3E0F4600A12BE7F700536
:10BE7000E50812B9F6050812BABF40CF029D1D743D
:10BE8000F628FA740939FB122228E92275F017A462
:10BE9000F8A9F012BEA66E22EC75F017A4F8A9F06E
:10BEA00012BEA664FE2212BD74E022852182852284
:10BEB00083E0FAA3E022E02401F0A3E03400F022C2
:10BEC000C082C08374F8121258908278AC21AD22DF
:10BED00074081210EEAC21AD2212B5B464017004E6
:10BEE000790080027901740802A12E74F6120BCD3C
:10BEF000EAFEEBFF740C1214E912B633743A6A705E
:10BF000001EB6006743B6A4B701F740A1214E9124D
:10BF10000FA38C088D0978081211C8EEFCEFFD12F2
:10BF20001C0A74041211A58002790A02AD2C241E89
:10BF3000F582E438F58322E0F8A3E0C8241FF582F7
:10BF4000E43822EA240BF582E42212B34612BF51F0
:10BF5000222408F582E438F5832212BF637401F0CD
:10BF6000A3E42212B92DC812BF6B22240DF582E47E
:10BF700038F5832212BF7822F0852182852283E062
:10BF800022A312BF8622F08A828B83222402F8E445
:10BF90003FF98882F583E02212B250E8F0A3E9224B
:10BFA00012994BF8A3E0F922E50C2412F582E41271
:10BFB000A82B2290170F12BFC3AA21AB22122192E5
:10BFC00022F583E0FCA3E0FD22A3A312A25FF022EE
:10BFD00074F0120BCD74FE12125812B7798C0A8DC0
:10BFE0000B750800852182852283E06C7003A3E035
:10BFF0006D6017852182852283E0FA121BFE8A0C70
:10C000008B0DAE0CAF0DEA4F700675080102C09F94
:10C01000AA0AAB0B121BFE8A0C8B0DAC0CAD0DEA01
:10C020004D6007AA0AAB0B121C10E4F50CF50D7855
:10C030000C1211C8EEFCEFFDAA0AAB0B121BF87430
:10C04000021211A5E96058EEFAEFFB12C0A4604C91
:10C05000780E1211C88E0C8F0D780C1211C87C004E
:10C060007D0074041214E912B633121C0A7404120F
:10C0700011A5E9701B780E1211C8780C1211C87C3A
:10C08000007D00AA0AAB0B12AD761211A5E9600380
:10C09000750801AA0EAB0F121B868003750810A944
:10C0A0000802B7A0121B808A0E8B0FEA4B22C082B7
:10C0B000C083E990151CF002C2DC74F4120BCD8A27
:10C0C000088B09EB5480604D800EEEFAEFFB121CDA
:10C0D000FAEEFAEFFB121AF090151CE0F9121B02AF
:10C0E0008A0A8B0BAE0AAF0BEE4F60208E828F83D5
:10C0F000E0641A60D5EEFAEFFB121CACE9F974FFAC
:10C100006960CEEEFAEFFB121AF680CCAA08E509B8
:10C110006480FB80047A007B0002C49A74F7120BDF
:10C12000CD7AFF02D51A74F6120BCDE9FEEAFF7A3A
:10C13000047B00121B80EA4B6035EF8A828B83A35D
:10C14000A3A3F0EE8A828B83A3A312C1ACF0901557
:10C150002812DA7C7009901528EAF0A3EB8047E0FA
:10C16000F988828983A3A3A3E06F7007121B8679E5
:10C17000008036E8FCE9FD8882898312DA7C70E170
:10C1800074FF6F700D8C828D83EAF0A3EB12C1AC4B
:10C19000801490152812E83290152812D3708A82E4
:10C1A0008B83E8F0A3E9F0790102D627F08A828B2D
:10C1B00083E4F0A322C082C083EA12E80C3BF5833B
:10C1C000E0FA90152880048882898312DA7C601C4A
:10C1D00088828983A3A3A3E0FBEA6B600574FF6BED
:10C1E00070E588828983A3A3E0F9800279FF02C207
:10C1F000DC74F2120BCD8A088B098A828B8312EBD6
:10C2000050121CACE9F50A74FF650A700302C2D72C
:10C210007A197B00121AEA8A0C8B0DAE0CAF0DEE68
:10C220004F700302C2D78E828F83743412E033A31F
:10C23000A3EE2402FCE43FFD74061210EE85088292
:10C2400085098312CEB2A3A3A3A312DC1EA3A3A3CA
:10C25000A3EAF0A3EB12C408A3EE240AFCE43FFD1A
:10C26000740C1210EE12E83BC812E80C38F583E0AB
:10C27000C0E0EE2416F582E43FF583D0E0F0E50857
:10C28000240CF8E43509F98882898312EB50EE24F6
:10C2900017F582E43FF583EAF0A3EB12C64BA3A3A4
:10C2A000A3E0FA74066A7009EEFAEFFB122B9A808B
:10C2B0000C74086A7010EEFAEFFB122B94EEFAEF92
:10C2C000FB121AF0801188828983E4F0A3F0EEFA61
:10C2D000EFFBA90A121AF6790102DB91D083D08212
:10C2E00002117274F4120BCD8A088B09ECFEEDFF7B
:10C2F0007A087B00121B808A0A8B0BA80AA90BE81C
:10C300004970047910803612C3BFA312C3A9740CFC
:10C310001214E912F044A3A3A3A312D36E90152024
:10C3200012D54C9015206012E0FCA3E08003EAFCDB
:10C33000EB12D54770F88C828D8312C39B02C49A8E
:10C3400074F4120BCD89088A09ECFEEDFF7A0A7BA2
:10C3500000121B808A0A8B0BA80AA90BE8497004FB
:10C360007910803412C3B4E4F0A312C3A3E5091218
:10C37000C3A3A3EEF0A3EFF090152212D54C9015B5
:10C38000226012E0FCA3E08003EAFCEB12D54770C8
:10C39000F88C828D8312C39B02C49AE8F0A3E9F063
:10C3A00079002212C40CA3A322E50912C411EEF0F5
:10C3B000A3EFF02212C3BF88828983A3A3A322889C
:10C3C000828983E4F0A312C418A3E508F02274F272
:10C3D000120BCDEAFEEBFF8C088D09121D0C8A0CA6
:10C3E0008B0DA80CA90DE849601988828983A3A345
:10C3F000A3EEF0A3EF12C408E508F0A3E509F07975
:10C40000008002790102DB9112C40C2212C411A334
:10C410002212C418A3A3A322F088828983A32274C2
:10C42000F4120BCD74F7121258E9FEECFF8521824D
:10C430008522837401F0EF7006EDC39406405074BA
:10C44000036A4B604A7401121228880A890B780A21
:10C450001211C87C127D007A007B00EEF9121D12C9
:10C4600074021211A5E9601CE4F50AF50B780A12B2
:10C4700011C874031212387402121230121D4E7455
:10C48000021211A5852182852283E064017004795E
:10C49000018002790074091211A57F04020F1A7439
:10C4A000E8120BCD74FA12125889088A0A8B0B8C89
:10C4B0000E8D0F122C308A0C8B0DAE0CAF0DEE4F83
:10C4C0007005790202C641AA0EAB0FA908121D2AF7
:10C4D000E9F509A2E6401C90152612DA7C6014E802
:10C4E0002419F582E439F583E064017006E509D288
:10C4F000E6F5097C067D007900AA21AB22121AD844
:10C50000741F1214E912CEBF6009E054FCF0E0443D
:10C51000018003E054FC12C64B12DA7C602C741EBE
:10C520001214E9E0F50C88828983A3120FA3AD0CE5
:10C5300074021214E9E05403FCAA0EAB0FA908120E
:10C540001CCA74021211A5E97005790102C6417472
:10C55000221214E912DA7C6012852182852283E09E
:10C560004404F074021214E912D37D74201214E909
:10C5700012CEBF6005E044088003E054F7F0742158
:10C580001214E912CEBF6005E044108003E054EFBE
:10C59000F074241214E9E0C0E074041214E9D0E04D
:10C5A000F074051214E9E50CF078038521828522E8
:10C5B00083E054046002780574251214E912DB50FC
:10C5C000E8250CF516E4350DF517AA16FB121B80AD
:10C5D0008A148B15EA45156064AC14AD15AA21AB1D
:10C5E00022121D0674271214E912ECB91211C4AC00
:10C5F0000CAD0D121ACC74031211A59018B2E0F50F
:10C600000C780C1211CC750CA8750D16780C121143
:10C61000C878141211C878161211C8780E1211C8F1
:10C62000A909EEFCEFFDAA0AAB0B122C3C7409120F
:10C6300011A5E9FEAA14AB15121B8680027E10EE2E
:10C64000F974061211A57F10020F1A12D861A3A364
:10C65000A3A322EEF97F0C020F1AE50C28F582E560
:10C660000D12CDE52274EA120BCD74FE1212588918
:10C67000098A0C8B0DECFEEDFF751000751100752D
:10C68000080074181214E912DA6F801512C84712E4
:10C690001D5A8B0FE5102AF510E511350FF5110520
:10C6A0000812C83A5046E50875F006A4F8A9F0E566
:10C6B0000A28F582E50B12C661E5102403F510E4A3
:10C6C0003511F511A3A3E070D60510E51070020531
:10C6D0001188828983A3A3A3A312D54C888289835E
:10C6E00060AAA3A3A3E0F9121D4880A6AA10AB116B
:10C6F000121B808A0E8B0F8A128B13EA451370036C
:10C7000002C81D7508008036A821A9228814891541
:10C7100078141211C8780E1211C88A828B8312C83D
:10C7200047121D6074041211A5852182852283128F
:10C73000E832E50E28F50EE50F39F50F050812C8A9
:10C740003A5078E50875F006A4F8A9F0E50A28F54E
:10C7500082E50B12E7EB12C82D8A828B83A312C8E5
:10C7600024F012D50012C824A3F0E50E2403F50E20
:10C770005002050F88828983E070C1EA240308E42F
:10C780003BF9881489158882F58312C82DA3858208
:10C790000E85830F8A828B83A3A312DA7A70030239
:10C7A000C708AC0EAD0FE8FAE9FB85148285158346
:10C7B000E0F9121D368A0E8B0F808178121211C893
:10C7C00078101211C874201214E912CEC71211CCBD
:10C7D000E4F50AF50B780A1211C874221214E91252
:10C7E000CEC71211CC74221214E912CEC71211CC8A
:10C7F00075080078081211CC75080178081211CC60
:10C80000EEFCEFFDAA0CAB0DA909121CD0740B12A3
:10C8100011A5E9FEAA12AB13121B8680027E10EE50
:10C82000F902C85512C8282212C832A32212C832EF
:10C83000F022E0850E82850F8322850A82850B8394
:10C84000E0F8E508C3982212F09DEEFAEFFBA90983
:10C8500022EEF9800574021211A57F0E020F1A74E0
:10C86000EC120BCD890EEAFEEBFF8C088D097414D7
:10C870001214E912C95475F003A4F512E5F0F5138A
:10C88000AA12FB121B808A0A8B0B8A108B11EA45B5
:10C8900011700302C9477A00802FEA75F003A4F8EB
:10C8A000A9F0E50C28F8E50D3912CA76E82402F85B
:10C8B0005001098882898312C94C12CA81F0E50AA5
:10C8C0002403F50A5002050B0A850C82850D83E0CE
:10C8D000F8EAC39840C4740168700AA3E070067552
:10C8E000120175130078101211C878121211C87451
:10C8F0001C1214E912CCCB1211CCE4F50AF50B781A
:10C900000A1211C8741E1214E912CCCB1211CC7485
:10C910001E1214E912CCCB1211CC750A00780A123F
:10C9200011CC750A04780A1211CCAC08AD09EEFAE4
:10C93000EFFBA90E121CD0740B1211A5E9FEAA1070
:10C94000AB11121B8680027E1002C653E0850A825C
:10C95000850B832212E836880C890D8882F583E0E6
:10C960002274EA120BCD890EEAFEEBFF8C088D09CA
:10C9700074161214E912C954F50A750B0074027882
:10C980000A121363850A12850B13AA12AB13121B2A
:10C99000808A0A8B0B8A108B11EA4511700302CA38
:10C9A000647A008041EAF514751500740278141257
:10C9B0001363E50C2514F8E50D351512CA76888247
:10C9C0008983A3A312CA69F0E82403F850010988F7
:10C9D00082898312CA6912CA81A3F0E50A2404F588
:10C9E0000A5002050B0A850C82850D83E0F8EAC324
:10C9F0009840B2740168700AA3E070067512017560
:10CA0000130078101211C878121211C8741E121473
:10CA1000E912CCCB1211CCE4F50AF50B780A12110D
:10CA2000C874201214E912CCCB1211CC7420121449
:10CA3000E912CCCB1211CC750A00780A1211CC7510
:10CA40000A07780A1211CCAC08AD09EEFAEFFBA97F
:10CA50000E121CD0740B1211A5E9FEAA10AB111214
:10CA60001B8680027E1002C85112CA6D22E0850A20
:10CA700082850B83A322F988828983A312C94CF093
:10CA80002212CA8D850A82850B83A3A322A312C416
:10CA900018E02274E6120BCD890B8A128B138C0ED0
:10CAA0008D0F7E007F00750A00741A1214E912DBE4
:10CAB000508009EE2402FEE43FFF050A850C8285C2
:10CAC0000D83E0F8E50AC3985046E50A75F00DA419
:10CAD000F8A9F012C65AEE2404FEE43FFFE070DA33
:10CAE000A3E070CFEE2405FEE43FFFE82404F50840
:10CAF000E439F509850882F583E0F9121D3CE96007
:10CB0000B9850882850983E0F9121D42EE2980A6C5
:10CB1000EEFAEFFB121B808A088B09EA45097003C5
:10CB200002CCAD8A168B17750A00801EE514240905
:10CB3000FCE43515FD8C828D8312CCC08C828D83F4
:10CB4000A312D86788168917050A850C82850D837C
:10CB5000E0F8E50AC398400302CC47E50A75F00DFA
:10CB6000A4F8A9F0E50C28F582E50D12E80212CC34
:10CB7000C0851482851583A3AC82AD8312CCB3F03B
:10CB8000E5142402F8E43515F98882898312CCB8BB
:10CB900012CCD1F0E5162404F516500205178514C1
:10CBA00082851583E070A1E5162402F8E43517F9B3
:10CBB000851682851783A3AA82AB838C828D83E03E
:10CBC000600302CB2CE5142404F510E43515F511AF
:10CBD000851082F58312CCC0E5142405FCE43515DC
:10CBE000FD8C828D8312D8678C828D83A3E088822E
:10CBF0008983F0E5142407F8E43515F988828983E0
:10CC000012CCB312CCD1A3F0E5162405F5165002D0
:10CC10000517851082851183E0F9121D3CE9700328
:10CC200002CB48AC16AD17E514240BF582E435159C
:10CC3000F58312EB50851082851183E0F9121D36C1
:10CC40008A168B1702CB4878081211C88E0C8F0DEC
:10CC5000780C1211C874221214E912CCCB1211CC28
:10CC6000E4F50CF50D780C1211C874241214E912B5
:10CC7000CCCB1211CC74241214E912CCCB1211CCEF
:10CC8000750A00780A1211CC750A09780A1211CCBB
:10CC9000AC0EAD0FAA12AB13A90B121CD0740B1261
:10CCA00011A5E9FEAA08AB09121B8680027E10EED0
:10CCB000F9803112CCB8A322E08516828517832231
:10CCC00012CCB8F022A3A3A3A3A3A3E0F50A780A89
:10CCD00022A312CA8D851682851783A3A3A322746B
:10CCE0000A1211A57F12020F1A74EA120BCD890CD9
:10CCF000EAFEEBFF8C0A8D0B751200751300750DA3
:10CD00000074161214E912DC40800912CDC7121DFE
:10CD10004812CDAA12CDBA40F2AA12AB13121B8050
:10CD20008A0E8B0F8A148B15EA45156078750D00F5
:10CD3000800C12CDED121D368A0E8B0F050D12CD13
:10CD4000BA40EF78141211C878121211C8741E126A
:10CD500014E912CEC71211CCE4F508F509780812CF
:10CD600011C874201214E912CEC71211CC7420120B
:10CD700014E912CEC71211CC75080078081211CC34
:10CD800075080A78081211CCAC0AAD0BEEFAEFFB6D
:10CD9000A90C121CD0740B1211A5E9FEAA14AB1534
:10CDA000121B8680027E1002C8518B0FEA2403F802
:10CDB000E4350FF912F00C050D22850882850983F0
:10CDC000E0F8E50DC3982212CDD5A3A3A312F04835
:10CDD000A3A3E0F922E50D75F005A4F8A9F0E50894
:10CDE00028F582E50912F033A882A9832212CDD555
:10CDF00012C83212CA8E850E82850F83A3F0E824F2
:10CE000002FAE439FB8A108B118A82F58312C82852
:10CE1000A3F0E50E2403FCE4350FFD88828983121C
:10CE2000EB55851082851183E0F92274F6120BCD43
:10CE300074FE121258E9FE740C1214E912CEB212EA
:10CE4000CEBF12CECDC0E074011214E9D0E0F0A83C
:10CE500021A9228808890978081211C87508027565
:10CE6000090078081211C874161214E912CEC712FC
:10CE700011CC74151214E9120FA374161214E912CE
:10CE8000CEC71211CC74161214E912CEC71211CCEF
:10CE900075080078081211CC75080B78081211CCAF
:10CEA000EEF9121CD0740B1211A574021211A50216
:10CEB000D62712CEB62212E841F98882898322E071
:10CEC00085218285228322E0F50878082212CA8E05
:10CED0002274F1120BCD74EB121258EAFEEBFFC272
:10CEE00000EE2420F8E43FF9880889098882F58358
:10CEF000C3E09403A3E094005005790102D31A9093
:10CF00001526EEF0A3EFF074021214E9EEF0A3EF91
:10CF1000F0740E1214E9E4F0A3F0740A1214E9E4B8
:10CF2000F0A3F0740C1214E9E4F0A3F0EE2422F85C
:10CF3000E43FF9880A890B8882F58312EB7F740439
:10CF40001214E9AA82AB83121D008A0C8B0DA80C67
:10CF5000A90D740A1214E9E812E02C12EB50EAC38E
:10CF600098F8EB99F9850A82850B83E028F8A3E00D
:10CF700039F9740C1214E912D37D74081214E9E023
:10CF800090151FF0EE2414F508E43FF5098508829A
:10CF9000F583E0F9122C308A828B83E58245837019
:10CFA0000C901526E4F0A3F0790202D31A12D36292
:10CFB000602BEE2404F50AE43FF50BA3120FA374D3
:10CFC0000B1214E9E0FD74061214E9E05403FC129C
:10CFD000D350121CCA74021211A5E9700C901526C8
:10CFE000E4F0A3F0790302D31A12D350121D2AE9F8
:10CFF000F50E850A82850B8312EB50EAFCEBFD905F
:10D00000152080048882898312DA7C700302D0FFA5
:10D010008882898312DB4EC3EC950CED950D40E4BC
:10D0200088828983A3A3A3A3C3E09CA3E09D40D4EB
:10D03000E8FCE9FD74041214E9E05407700D74096A
:10D040001214E9E0640B700302D103E50EA2E6407E
:10D050000302D103EE2419F582E43FF583E0600377
:10D0600002D10374021214E912D339600302D0F31F
:10D0700074021214E912DA7770797C0085088285CF
:10D080000983E0F9121D3074011214E97401F0747F
:10D09000091214E912D3221214E9E0F50C780C12EB
:10D0A00011CC74071214E9120FA3750C01780C123D
:10D0B00011CC74081214E912E846F50C780C121120
:10D0C000CC7405121228880C890D780C1211C874C2
:10D0D000091214E912D3471214E912D32D1214E9DC
:10D0E00012EB92121CF474071211A57C0112D3509A
:10D0F000121D30901526E4F0A3F0790502D31A7CB6
:10D10000007D0074041214E9E0F85403600302D2B5
:10D1100031E8540460057E8402D26F74091214E968
:10D12000E0F8C39417400302D22DE8F50A750B000E
:10D130007402780A1213637456250AF58274313525
:10D140000BF583E493F8740193F9E849700302D274
:10D150002D850882850983E0C0E074101214E9D09F
:10D16000E0F0740C1214E912EB5074111214E9126D
:10D17000D370740A1214E912EB5074131214E912EA
:10D18000D370741012123088828983122C7A8A0824
:10D190008B09A808A909740E1214E912D37DE84975
:10D1A000604C74091214E9E0F508750900740278FE
:10D1B0000812136374582508F58274313509F58314
:10D1C000E493F8740193F988828983E5824583604A
:10D1D000127402121230122C7A740E1214E912DA3E
:10D1E0007C600B740E1214E912EB50121B8674094A
:10D1F0001214E9E0F86058740268605374036860C0
:10D200004E74056860497406686044740868603F3D
:10D21000740C68603A741168603574136860307417
:10D220001568602B740B6860267E0080427E8280C9
:10D230003EEC4D602A8C828D83A3A312D362601FC3
:10D240007402121230122C7AE9FE74FF6E700B9089
:10D250001526E4F0A3F0F902D31A74016E7010746D
:10D26000041214E9E0540460047E8380027E817419
:10D27000021214E912D339707A74021214E912DA24
:10D2800077707074041214E9E0FA54107065740138
:10D290001214E9EEF074091214E912D3221214E9FF
:10D2A00012CEC71211CC74071214E9120FA375081D
:10D2B0000178081211CCEA131313541F64015401AE
:10D2C000F50878081211CC7405121228880889090B
:10D2D00078081211C874091214E912D3471214E91C
:10D2E00012D32D1214E912EB92121CF474071211CE
:10D2F000A5D200901526E4F0A3F0EE70047900802A
:10D300001974846EA200700A50047907800C7906A3
:10D310008008500479098002790874151211A50259
:10D32000DB49E0852182852283F0740822E024060F
:10D33000FAA3E03400FB74092212E841C82415F571
:10D3400082E438F583E02212DA8212F0997409221D
:10D35000850A82850B8312EB58850882850983E054
:10D36000F922A3A3A3A312CEB6E582458322A3A3E9
:10D37000EAF0A3EBF02212D383A3A3A3A3E8F0A3C4
:10D38000E9F022E0F8A3E0F9850A82850B83227494
:10D39000F4120BCD8A088B09ECFEEDFF7C067D00B4
:10D3A0007900121AD8850882850983E054FCF8A315
:10D3B000E0F98E828F83E05403FAE84A850882857B
:10D3C0000983F0A3E912D47AA2E25004D2F08002D9
:10D3D000C2F0850882850983E054FBF0A2F0E433B3
:10D3E000F50A750B007402780A121363E0450A12FD
:10D3F000D47AA2E3850882850983E050044408803A
:10D400000254F712D47AA2E45004D2F08002C2F09F
:10D41000850882850983E054EFF0A2F0E433F50A31
:10D420007404780A121363E0450A12DE9C850882B0
:10D43000850983E05404600912D46912D481500133
:10D440000F8E828F83E0850882850983A3A3A3A31F
:10D4500012D86F850882850983A3A3A3A3A3F0EE46
:10D460002402FAE43FFB02C49A8E828F83E0FAA37F
:10D47000E0F9EA8508828509832212D861E022A3B7
:10D48000A3A3A3F0A3E9F0EE2402FE2274F7120B8B
:10D49000CD8A828B83E054038C828D8312D5135402
:10D4A0000412D50C540812D50C5410F88C828D83BC
:10D4B000E048F0A3AC82AD838A828B83E0540460A1
:10D4C0001812D500E08C828D8312CECD8C828D8394
:10D4D000A3F0EC2402FC50010D8A828B83A3A3A34A
:10D4E000A3E08C828D83F08A828B83A3A3A3A3A362
:10D4F000E08C828D83A3F0EC2402FAE43DFB801DD6
:10D50000EA2402F8E43BF98882898322F88C828D30
:10D5100083E048F08A828B83E022121CA67F0102FE
:10D520000F1AC082C08390152280048A828B8312D6
:10D53000D54C600C8A828B83A3A3E06970ED8004D4
:10D540007A007B0002C2DCFD8C828D8312EB58EAEC
:10D550004B2274F0120BCD8A088B09ECFEEDFF1202
:10D560001D0C8A0C8B0DEA450D60787C0080010C47
:10D57000850C82850D83A3A3A3A3A3A3A3E0F8EC4A
:10D58000C398505FECF50E750F007403780E1213FC
:10D5900063850C82850D83A3A3A3A3A3A3A3A3E008
:10D5A000250EF8A3E0350FF988828983E493FA7495
:10D5B0000193FBE5086A7003E5096B70B2A3A3E46D
:10D5C00093FA740193FBEE6A7002EF6B70A1741012
:10D5D0001214E912EB7F8983888274081210CC79C7
:10D5E000018002790080031211A57F08020F1A74CE
:10D5F000F6120BCD121D0C8A828B83E58245836067
:10D600000512EB4D80047A007B00801B74F6120B30
:10D61000CD121D0C8A828B83E5824583600512EB57
:10D620004B80047A007B007F02020F1A74F7120B02
:10D63000CD901524E0FEA3E0800A8E828F8312EB4A
:10D640007FECFEEDFFEE4F604A8E828F83A3A3E056
:10D650006970E778008001088E828F83A3A3A3E01E
:10D66000FCE8C39C50D4E875F003A4FC85F008AD39
:10D67000088E828F83A3A3A3A3E02CFCA3E03DFD2F
:10D680008C828D83E06A7003A3E06B70CAECFAEDC4
:10D69000FB80047A007B0002D51D74F6120BCD12BC
:10D6A0001D248A828B83E58245836006A3A3E0F96B
:10D6B0008002790002D62774F6120BCDECFF121D02
:10D6C000248A088B09A808A909E8496015E82402FA
:10D6D000F582E439F583EF6005E0D2E68003E0C22D
:10D6E000E6F002D62774F0120BCDEAFEEBFFECFA5F
:10D6F000EDFBEE4F700302D85EEA2402F508E43B2E
:10D70000F5098A828B83A3AC82AD838E0C8F0D7555
:10D710000E00E912105404414229D843443BD8E09A
:10D72000E2F4D7E8E9A7D7250899D709A7D70AB619
:10D73000D70BF4D71099D71899D719A7D71AB6D7F6
:10D740001BF4D71C05D81D0ED81E17D81F20D820B3
:10D7500099D721A7D722B6D723F4D72405D8250EE9
:10D76000D82617D82720D82899D729A7D72AB6D7B7
:10D770002BF4D72C05D82D0ED82E17D82F20D83023
:10D7800099D731A7D738A7D739F4D73A20D8EAF4B0
:10D79000D7F020D8F14DD85ED88E828F8312D8670B
:10D7A000ECFAEDFB02D85E12D86C8C828D83F00A05
:10D7B0000AAB0902D85E8E828F83780C1214768AA7
:10D7C000828B83E50C12D861780C121476E50D8CEF
:10D7D000828D8312D861780C1214767410780C1232
:10D7E000120F850882850983E50CF0EA2403FA50BC
:10D7F0006D0B806A8E828F83120F9F121B567404EA
:10D800001211A58059780C1211C47C058046780C41
:10D810001211C47C06803D780C1211C47C07803440
:10D82000780C1211C47C08802B780C1211C48E82E3
:10D830008F83E02401FCE43400800F780C1211C4C3
:10D840008E828F8312D985FCE439FD8009780C1211
:10D8500011C47C107D00121ACC74031211A502D5DC
:10D86000EAF08E828F832212D879F02212D87512B4
:10D87000D861A3E0228E828F83E08A828B8322C0CC
:10D8800082C083E912105403202F97D8383A97D8D2
:10D89000E0E297D8009BD879018002790002C2DCCF
:10D8A000E924F8607814607914607A14607B24FBB2
:10D8B000606B24F8606714606814606914606A24FF
:10D8C000FB605A14605B14605C14605D14605E144D
:10D8D000605F1460601460611460421460431460FF
:10D8E000441460451460461460471460481460494D
:10D8F00014602A14602B24F9602714602C146039FA
:10D90000245A602514602214601F24FA60131460E6
:10D910001014601524FA602114602280247901809B
:10D92000227902801E7903801A7904801679058095
:10D93000127906800E7907800A79088006791080AE
:10D9400002790002117274F7120BCDE9FE74446E75
:10D95000600574436E700C8A828B8312D985FAE459
:10D9600039801574426E600574416E700E8A828B28
:10D9700083E02401FAE43400FB8007121D42E9FA37
:10D980007B0002D51DE0FCA3E0F9EC24022274F137
:10D99000120BCDEAFEEBFFEC2406F8E43DF9880813
:10D9A00089098882F58312D54C70047901803A8CFC
:10D9B000828D83A3A3A3A3E0F9121D488A0A8B0BCF
:10D9C00012DC2A1211C4AC0AAD0BEEFAEFFB121AEC
:10D9D000CC74031211A5740F1214E912D3666007F8
:10D9E000E50AF0A3E50BF0790002DB4974F0120BB5
:10D9F000CD74F8121258890C8A088B09ECFEEDFFE1
:10DA0000A821A922880A890B780A1211C8A90C1228
:10DA10001D1274021211A5E970047901804C74186A
:10DA20001214E912E85B741A1214E912DA6F740620
:10DA30001214E912DA7C780A60161211C874021204
:10DA40001238AA0EAB0F121D4E74021211A5801AC5
:10DA50001211C8780E1211C8EEFCEFFDAA08AB092E
:10DA6000A90C121D6074041211A5740802D5E7E018
:10DA7000F50AA3E0F50B2212DA82A3A312E836E836
:10DA8000492212E841F58388822274F0120BCD748A
:10DA9000FE1212588A0A8B0BECFEEDFF852182855F
:10DAA0002283E4F0A3F0121D188A088B09EA4509C5
:10DAB000602FA821A922880E890F780E1211C8E4C0
:10DAC000F50EF50F780E1211C87900EEFCEFFDAAE5
:10DAD0000AAB0B850882850983122C7A7404121113
:10DAE000A585218285228312EB50740202D5E7744A
:10DAF000F1120BCD8A088B09ECFEEDFF121D188A7E
:10DB00000A8B0B74111214E912DB50E50C450D6001
:10DB10000A850C82850D83E4F0A3F0EA450B6027AB
:10DB2000780C1211C874111214E9120FA37901EEC6
:10DB3000FCEFFDAA08AB09850A82850B83122C7ABB
:10DB400074041211A5800279C17F07020F1AA3A3E2
:10DB5000E0F50CA3E0F50D2274F2120BCDEAFEEB1A
:10DB6000FF8C088D098C828D83A3A3A3A3A3E0A2BD
:10DB7000E4501C121D1E8A828B83E5824583600F50
:10DB80007901AC08AD09EEFAEFFB122C7A8002792C
:10DB9000007F06020F1A74F1120BCDECFEEDFF8E22
:10DBA000828F83A3A3A3A3A3E0A2E15069121D78EF
:10DBB000E9F50A7064740F1214E912DC4090151D27
:10DBC00012DA7C6013AC08AD09EEFAEFFBE0F583E6
:10DBD0008882122C7AE96039E5082403F8E43509D3
:10DBE000F9880889098882F58312DC1EE0F9121D84
:10DBF000488A0C8B0DAC0CAD0D12DC2A1211C48EB0
:10DC0000828F83A312EB4B121ACC74031211A580DE
:10DC100008750A878003750A88A90A02DB4912EB96
:10DC2000588E828F83A3A3A3A322850882850983AC
:10DC3000E0F508A3E085080CF50D750E00780C22C0
:10DC4000E0F508A3E0F5092274F2120BCD8908EC87
:10DC5000FEEDFF8E828F83A3A3A3A3A3E0A2E150D6
:10DC60004D121D78E9F97048A908121D188A0A8B0F
:10DC70000BEA450B6034E4F50CF50D780C1211C875
:10DC800074101214E9120FA379028E828F8312EBA3
:10DC90007D8E828F8312EB50850A82850B83122C36
:10DCA0007A74041211A5E9F9800679C18002798895
:10DCB00002DB9174F2120BCDEAFEEBFF8C088D09AA
:10DCC0008C828D83A3A3A3A3A3E0A2E5501C121D05
:10DCD0001E8A828B83E5824583600F7902AC08AD92
:10DCE00009EEFAEFFB122C7A8002790002DB9174C4
:10DCF000F4120BCD12E3A98A828B83A38582088557
:10DD0000830912E0AE121B80EA4B604A12E83BC363
:10DD100013E8138A828B83F07C00802F8E828F839E
:10DD2000E0F508A3E0F8E4C8F9E50828E439F509C6
:10DD3000EC12DD59EA28F582EB12F033E508F0A386
:10DD4000E509F0EE2402FE50010F0C8A828B83E07D
:10DD5000F8ECC39840C602C49A25E0F8E433F922EF
:10DD600074EB120BCD12DFD012EB8A751300750E17
:10DD700000750F00804905138E828F83A3A3E0F8FE
:10DD8000EE2403FE50010FE870358E828F83E0F998
:10DD9000A3AE82AF83EEFAEFFB121D488A088B090F
:10DDA000EE2AFEEF3509FFEAA2E0500705080470ED
:10DDB000020509E50E2508F50EE50F3509F50F12E8
:10DDC000E015EE98EF9940AE75F006E513A404F562
:10DDD0000812DFC8121B808A0A8B0BEA450B7003FE
:10DDE00002DE93850C82850D8312EB8CA808EA284D
:10DDF00012DFEC02DE89E51475F00612DFE28E8296
:10DE00008F8312E00812D37E8E828F83A3A3E0F863
:10DE1000850E82850F83A3A3F0EE2403FE50010F2D
:10DE2000E870648E828F8312DFFDA312DE9CEEFA0F
:10DE3000EFFB121D488A088B098E108F1175120096
:10DE400078101211C4AC08AD09AA0CAB0D121ACC93
:10DE500074031211A5850E82850F83A3A3A3A3E5E6
:10DE60000CF0A3E50DF0EE2508FEEF3509FFE508FF
:10DE7000A2E0500705080470020509E50C2508F525
:10DE80000CE50D3509F50D0514E514C39513500384
:10DE900002DDF6AA0AAB0B7F0D020F1A12DEA022DA
:10DEA000F08E828F83A3AE82AF832274EB120BCDF0
:10DEB00012DFD0F58312DC40751300750E00750F6C
:10DEC0000080420513850882850983A3A3E0F9E554
:10DED000082403F50850020509FAAB09121D488A07
:10DEE000108B11AE10AF11E5082AF508E5093FF5D2
:10DEF00009EEA2E050050E0470010FE50E2EF50E9E
:10DF0000E50F3FF50F12E015E50898E5099940B3D4
:10DF100075F005E513A404FE12DFC8121B808A0AFF
:10DF20008B0BEA450B700302DFC5850C82850D83E0
:10DF300012DC40EA2E12DFEC02DFBBE51475F005BF
:10DF400012DFE285088285098312E00812E02CA323
:10DF5000A312DFFDF0E5082403F50850020509FAD5
:10DF6000AB09121D488A108B11AE10AF1185081035
:10DF700085091175120078101211C4EEFCEFFDAA8C
:10DF80000CAB0D121ACC74031211A5850E82850FED
:10DF900083A3A3A3E50CF0A3E50DF0E5082EF50897
:10DFA000E5093FF509EEA2E050050E0470010FE50A
:10DFB0000C2EF50CE50D3FF50D0514E514C3951376
:10DFC000500302DF3B02DE93250EFAE4350FFB22FD
:10DFD0008A0A8B0BEA2403F50CE4350BF50D850C4E
:10DFE000822212E2EE85820E85830F22F50CE43B3D
:10DFF000F50D8A828B83E513F075140022E0F98514
:10E000000E82850F83A3A322E0FAA3E0F9EA850E2E
:10E0100082850F8322850A82850B83A312EBB712B8
:10E02000E02322E028F8A3E039F9C322F0A3E912A3
:10E03000E03322F08508828509832274F0120BCD2B
:10E04000EA2403F8E43B12EB83750C008A828B838D
:10E05000A385820A85830B12E0AE121B80EA4B6017
:10E060004A850A82850B83E064017002A3E070296F
:10E0700012D875A3F0750C01802AE50C12E0B8F5F2
:10E080000EA3E0FDE50E88828983A3A3F0A3EDF043
:10E09000050CEE2402FE50010F850A82850B8312C7
:10E0A000E31440D68A828B83E50CF002D5EAE024A3
:10E0B00001FAA3E03400FB2275F003A4F8A9F0EA0A
:10E0C00028F8EB39F98E828F83E088828983A31246
:10E0D000DEA0E02274EA120BCD74FE1212588A0AF6
:10E0E0008B0BEA2403F8E4350B12EB83750E0075F5
:10E0F0000C00750D008007EE2405FE50010F850A07
:10E1000082850B83A312E3145039050E8E828F8310
:10E11000E070E4A3A3A3E0F50FEE2408FE50010F86
:10E12000A90F121D3CE96010A90F121D4212E2FD59
:10E1300050010812E30980C68E828F83A3AE82AF9E
:10E140008380BB75F00CE50EA404F50F250CFAE4F2
:10E15000350DFB121B808A0A8B0BEA450B700302FC
:10E16000E2E785088285098312EB8CA80FEA28F57F
:10E170000CE43BF50D8A828B83E50EF0750F008071
:10E180001E88828983E0F9EC850882850983A3A330
:10E19000A3A3A3A3A3A312D37E0E0EEBFF050FE54B
:10E1A0000FC3950E400302E2E7E50F75F00C12E293
:10E1B000EE8582088583097C0C7D007900AA08AB76
:10E1C00009121AD88E828F83E0FD85088285098323
:10E1D00012E0CF12D46E12D48250010F2402FAE45E
:10E1E0003FFB8E828F83A3A882A9838E828F83E0D8
:10E1F000FCED708DE5082403F510E43509F511EC0C
:10E20000851082851183F00EE9FF8E828F83E0F501
:10E21000128A828B83E0F9E51285088285098312D0
:10E22000D47F50010F12D469A3A312D47F50010FE1
:10E23000ECF9121D3CE9700302E19D8E128F13AAC6
:10E240000CAB0D851082851183E0F9121D488521E4
:10E25000828522837401F0A3E4F0852182852283E4
:10E26000E0600C75140175150078007900803A752E
:10E2700014FF7515FFEA24FFF8EB34FF802A85129E
:10E2800082851383E0C0E0E50C28F582E50D39F5C1
:10E2900083D0E0F0851282851383A3858212858363
:10E2A00013E82514F8E93515F9EAFCEBFDEC24FF39
:10E2B0001AED34FFFBEC4D70C5850882850983A3F8
:10E2C000A3A3A3A3A3A3A3A3A3E50CF0A3E50DF02D
:10E2D000851082851183E0F9121D4212E2FD500182
:10E2E0000812E30902E19DAA0AAB0B02C855A4F883
:10E2F000A9F0E50A28F582E50B12F03322E9F8EEE1
:10E3000029FEE43FFFE8A2E022E50C28F50CE43505
:10E310000DF50D2212E83685088285098312E02367
:10E32000EE98EF992274F4120BCD8A828B83A3A30B
:10E33000A312EB8C8A828B83A312E8327A037B00D0
:10E340001208D9E8F50875F00312E7E1121B80EA1C
:10E350004B60348A828B83E508F0750800801FE5E6
:10E360000812E0B8F50AA3E0FDE50A88828983A3D4
:10E37000A3F0A3EDF0EE2402FE50010F05088A82FF
:10E380008B8312C84040D802C49A74F6120BCD1287
:10E39000E3A97A027B00121B80EA4B600912D86C59
:10E3A0008A828B83A3F002D6278A828B83A3A3A3BE
:10E3B00012E836E8FEE9FF2274E2120BCD74F01287
:10E3C00012588A088B09EA240CF582E43509F58392
:10E3D00012E85BEA2406F51CE43509F51DEA24027F
:10E3E000F51AE43509F51B850E82850F83E0F8C325
:10E3F0009406E875F006400302E48C12E7E1121B74
:10E40000808A128B13EA4513700302E6E212E81FBA
:10E41000800A850C82850D837486F00E850E8285B8
:10E420000F83E0F8EEC398400302E5C012E8AD1296
:10E4300011C812E891121D1274021211A5E96401AB
:10E4400070D074051214E9E0A2E6400F12E86312DE
:10E4500014E9E0A2E720F001B350B7A2E050231284
:10E46000E86F121D66E9F8850C82850D83F070ABAC
:10E4700074061214E912D37674041214E912E855E2
:10E480008098850C82850D83748F808EA4A9F024DA
:10E4900001F50AE439F50B7E00807885088285094C
:10E4A0008312E832880C890D7408121228881089AA
:10E4B0001178101211C8EE12DD59E50E28F582E52B
:10E4C0000F39F58312EB7E850C82850D8312EB4CA0
:10E4D000E50C12E80C350DF583E0F9121D127402FB
:10E4E0001211A5E96021740E1214E912D54C6017BF
:10E4F000740C1214E9E0F9121D488B0DE50A2AF597
:10E500000AE50B350DF50BE50A2403F50AE4350B96
:10E51000F50B0E850E82850F83E0F8EEC39850034D
:10E5200002E49BC3E50A946FE50B9400E840030204
:10E53000E62012E7DE121B808A128B13EA45137065
:10E540000302E6E212E81F800A850C82850D8374BF
:10E5500086F00E850E82850F83E0F8EEC39850603A
:10E5600012E8AD1211C812E891121D1274021211B4
:10E57000A5E9640170D374051214E9E0A2E6400F26
:10E5800012E8631214E9E0A2E720F001B350BAA246
:10E59000E0502312E86F121D66E9F8850C82850DA4
:10E5A00083F070AE74061214E912D3767404121458
:10E5B000E912E855809B850C82850D83748F8091CC
:10E5C00085088285098312EB6F851C82851D831265
:10E5D000CEC71211CC75080178081211CC851A82A9
:10E5E000851B8312E846F50878081211CC781212C0
:10E5F00011C885108285118312EB7BE51012F0079C
:10E600003511FBE51012E80C3511F583E0F9121C09
:10E61000D674051211A5AA12AB13121B8602E7D2FB
:10E6200079002403F85001097A047B001208D1E82C
:10E63000F50D7E00805E850882850983E0F512A3D2
:10E64000E0F513851C82851D8312CCCB1211CC758D
:10E650000A01780A1211CC851A82851B8312EB9E5F
:10E660001211CC78101211C885128285138312EB17
:10E670007BE51212F0073513FBE51212E80C351397
:10E68000F583E0F9121CD674051211A5AA10AB117E
:10E69000121B860EEEC3950D400302E7D2EE333314
:10E6A00054FCF50A850E82850F83E0FA7900E50AAD
:10E6B0002404F8500109EAFCC3E89CE99400A2D2C2
:10E6C00065D0335005E8F50B80028A0BE50BC39546
:10E6D0000AF50C12E7DE121B808A108B11EA451135
:10E6E0007005790002E7D48A828B83E50CF07F0005
:10E6F000800A8516828517837486F00FEFC3950C08
:10E70000400302E636E50A2FFAEF75F00612E7F746
:10E71000EA2AF8E433F9E50E28F582E50F12E7EB73
:10E7200012F06012D37DE5142402F516E43515F5D8
:10E7300017850882850983E0F512A3E0F5137408B4
:10E740001212288818891978181211C88A828B83A6
:10E7500012F081121D1274021211A5E96401709267
:10E76000740D1214E9E0A2E6401A851A82851B8313
:10E7700012EB5E740D1214E9E0A2E720F001B34041
:10E780000302E6F2A2E0503F85088285098312E881
:10E7900032740812123812E816121D66E9F885164E
:10E7A00082851783F0600302E6FB740E1214E912EF
:10E7B000F06012D379740C1214E9E0851482851587
:10E7C00083A3A3A302E6FA851682851783748F02BA
:10E7D000E6FA790174101211A57F16020F1A75F06E
:10E7E00006A4A9F02401FAE439FB2212E7EF221271
:10E7F000F033AA82AB8322A4F8A9F0E51028F582B1
:10E80000E51112F0338582148583152212E8102257
:10E810002414F582E42212F00639FB12E8852285E1
:10E820000E82850F8312D879F07E0022850C8285B6
:10E830000D8312E8362212E841F922850882850903
:10E8400083E0F8A3E02212E84A22E0131313541FD6
:10E85000640154012212CA6DA3A322E0F50EA3E0C5
:10E86000F50F22851A82851B8312EB6274052285BF
:10E87000088285098312E836AC21AD2212F00639F0
:10E88000FB12E88522E82414F582E439F583E0F9E7
:10E89000228A828B8312F09D85108285118312EB70
:10E8A00054E51012E8103511F583E0F922EEF87501
:10E8B000F006A4FAABF0E5122AF582E5133BF583E6
:10E8C000A385820A85830BE828F8E433F9E50E284E
:10E8D000F582E50F12E7EF12D383E8F0A3E9F0E544
:10E8E0000A2402F50CE4350BF50D850882850983B1
:10E8F00012EB73A821A9228814891578142274E6D2
:10E90000120BCD74F61212588A0A8B0BC2007E00CD
:10E91000EA240CF582E4350B12EB6D8A828B83A31B
:10E92000A3A3A3A3A3A3E06402701C851082851196
:10E930008312F052121B808A088B09EA4509700580
:10E94000790002EA56D2007F00E50A2402F512E4BB
:10E95000350BF5138010A200500B850E82850F83B6
:10E96000748612EBA60F851082851183E0F8EFC341
:10E9700098400302EA0312F020858216858317EE81
:10E9800075F003A4F8A9F0E50828F582E50939F542
:10E9900083E5822402F50CE43583F50DA385820E10
:10E9A00085830F850A82850B8312E83288148915C6
:10E9B00074021212288818891978181211C885163D
:10E9C0008285178312EB7F85148285158312EB4CA9
:10E9D00012EB3F121D1274021211A5E9700302E935
:10E9E0005685128285138312EB5E74071214E9E0D8
:10E9F000A2E720F001B34061850E82850F83748603
:10EA000012EBA6A200504DEE850882850983F070B6
:10EA10000312F0A3850A82850B8312EB8C850A8290
:10EA2000850B8312CCC51211CC750A01780A12111C
:10EA3000CC85128285138312EB9E1211CC780812BA
:10EA400011C812F06A121CDC74051211A5AA08ABD9
:10EA500009121B86790102CCDF851682851783A3F4
:10EA6000A3E0F874061214E9E068600302EB258560
:10EA70000A82850B83E0F514A3E0F51574081214DF
:10EA8000E912DA7C606D851482851583A3A3A3A3A4
:10EA9000E064037002A3E070488516828517831234
:10EAA000DA7C703D851682851783A312DB4E750EC6
:10EAB00000780C1211C47C027D0074031212301213
:10EAC0001ACC74031211A5850A82850B83E0F81213
:10EAD000EB9285218285228312EB50122BFA02E9F8
:10EAE0006578161211C8740412123812EB37121D11
:10EAF0006C8017851682851783A3A3A3120FA374B6
:10EB00000412123812EB37121D7274021211A5E9A9
:10EB1000A200400302E965700302E965850E828563
:10EB20000F8302E962A200400302E965850E828537
:10EB30000F83748D02E962E51412F0073515FBE5C9
:10EB40001412E8103515F583E0F922A3A3A3A3A3BB
:10EB500012EB5822A3A3A3A3E0FAA3E0FB2212EB3B
:10EB60006222E0131313541FA2E092F022F58312E5
:10EB7000EB7322E0F510A3E0F51122A3A3A3A312E7
:10EB8000F09D22F9880889098882F583E0FEA3E0D8
:10EB9000FF22A3E0C812E81038F583E0F92212E85A
:10EBA0004AF50A780A22F085168285178312EBB798
:10EBB000E8F0A3E9F00E2212E841F9850C82850DF8
:10EBC000832274EC120BCD74F8121258EAFEEBFF9C
:10EBD0008C0E8D0F750C00741C1214E912DC408031
:10EBE000328E828F8312DA6F8A108B117810121195
:10EBF000C87402121238E50A12F007350BFBE50A59
:10EC000012E80C350BF583E0F9121D727402121133
:10EC1000A5050CC3E50C9508E49509400302ECB189
:10EC2000E50C75F005A4F8A9F0E50E28F50AE50F46
:10EC300039F50B8E828F8312E83288108911A82152
:10EC4000A9228812891378121211C8850A82850BAD
:10EC50008312E895121D1274021211A5E96052E5A3
:10EC60000A2403F8E4350BF9881089118882F583AA
:10EC700012EB5074061214E912DA6FE50A450B70B4
:10EC80000302EBE174041214E9E0F9121D488A1240
:10EC90008B13AC12AD1385108285118312ECB9125F
:10ECA00011C4AA0AAB0B121ACC74031211A502EC00
:10ECB0001174081211A502C65512EB737512007873
:10ECC000102274E6120BCD74F61212588A0C8B0DBA
:10ECD000750E00750F007E00EA240CF582E4350DF8
:10ECE00012EB6D851082F58312F052121B808A0898
:10ECF0008B09EA4509700302EDC57F00804212E8E6
:10ED00002C850A82850B8312EB7F8882898312EB24
:10ED10004C12E81B121D5A85218285228312D37062
:10ED2000852182852283E0A2E0500312F01785211D
:10ED300082852283E0250EF50EA3E0350FF50F0F37
:10ED4000851082851183E0F8EFC398505012F020AF
:10ED500085820A85830B12E82C88128913740212AB
:10ED600012288814891578141211C8850A82850B17
:10ED70008312F081121D1274021211A5E9704B85E5
:10ED80000882850983A37486F0850A82850B831225
:10ED9000E83285088285098312D37B7E01EE8508DF
:10EDA00082850983F0600302EFBF75F005A4FF12AE
:10EDB000DFC8121B808A0A8B0BEA450B705CAA081D
:10EDC000AB09121B86790002F00374061214E912D3
:10EDD000D386A3A3E069600B850882850983A374A9
:10EDE0008D80A574071214E9E0A2E1400B8508822A
:10EDF000850983A374888090A2E5500B85088285DD
:10EE00000983A3747E808174081214E912D54C70B2
:10EE10000302ECFE121D4802ED17EA2FF512E43B47
:10EE2000F5137F00801B852182852283E0A2E050BC
:10EE30000312F01785218285228312E83212F00C2A
:10EE40000F851082851183E0F8EFC398400302EF2D
:10EE5000ABEF75F00512E7F7E50A28F50EE50B397B
:10EE6000F50F12E82C8816891774021212288818D8
:10EE7000891978181211C885148285158312EB7FC1
:10EE800085168285178312EB4CE51612E80C3517B0
:10EE9000F583E0F9121D1274021211A5E970030244
:10EEA000EFAB85148285158312E832850E82850FBB
:10EEB0008312D37D850E82850F83A3A3A3E512F071
:10EEC000A3E513F074081214E912DA7C6041A8215A
:10EED000A922880E890F780E1211C87404121238F4
:10EEE000AA12AB13121D4E74021211A5850C828555
:10EEF0000D8312E85B78141211C87404121238E5FD
:10EF00000E12F007350FFB12F038121D6C805012F4
:10EF1000E82C880E890FA821A9228816891778164F
:10EF20001211C878121211C885148285158312EB4C
:10EF30007F850E82850F8312EB4C12F038121D6014
:10EF400074041211A5850C82850D8312F060A3A3B1
:10EF5000A3120FA3740412123812E816121D727451
:10EF6000021211A5E9FAEA700302EE26EE75F0032B
:10EF7000A4F8A9F0E50828F8E50939F9EA888289B2
:10EF800083A3F085148285158312F04412D36E0E8C
:10EF9000EFF50E750F00780E1211C8AC0AAD0BAA72
:10EFA0000CAB0D121DB474021211A5EE85088285FA
:10EFB0000983F0700312F0A3AA0AAB0B121B86851B
:10EFC0000C82850D8312EB8C850C82850D8312CC0F
:10EFD000C51211CC750A01780A1211CC850C8285F4
:10EFE0000D83A3A312EB9E1211CC78081211C81244
:10EFF000F06A121CDC74051211A5AA08AB09121BD9
:10F0000086790102CCDFE82406FAE422E51228F52D
:10F0100012E51339F513222401F0A3E03400F022A5
:10F02000EF75F005A4F8A9F0E51028F582E51112B6
:10F03000F0332239F583A322E50E12E810350FF5DF
:10F0400083E0F92212F04822E0FAA3E0FB888289EB
:10F050008322E075F003A4A9F02401FAE439FB222D
:10F0600012E836851482851583228E828F8312F0F2
:10F0700099EE12F0073FFBEE12E8103FF583E0F93E
:10F080002212F09D85128285138312EB54E5121231
:10F09000E8103513F583E0F922A3A3A3A3E0FCA3B2
:10F0A000E0FD22A3E412E03304F02274F6120BCD4B
:10F0B00012F4179032C1E493F508EC8508F0A4FC33
:10F0C000A8F08508F0EDA428FD79FF7AC97B0B1222
:10F0D0001AD89005C27498F0A37415F09005C47402
:10F0E0008CF0A37415F09005C674BCF0A37415F0F1
:10F0F0009005C874F8F0A37415F09005CA74FEF07A
:10F10000A37415F09005CC7410F0A37416F090055C
:10F11000CE7416F0A37416F09005C1E4F0800312CB
:10F1200011A57F02020F1AC082C0837A0080010AF3
:10F130009032C1E493F8EAC398500CEA12F14E7091
:10F14000EEAA82AB8380047A007B0002F7DC75F0C4
:10F150001AA4F8A9F012F6FBF422C082C0837A0048
:10F160007B007C008014EC12F14E600DA3A3A3A3DE
:10F17000A3E0F8EA28FAE43BFB0C9032C1E493F8F0
:10F18000ECC39840E102F7DC74F7120BCD7F007EF0
:10F19000008012EE75F01AA4F885F008A90812F1A3
:10F1A0005560010F0E9032C1E493F8EEC39840E32E
:10F1B000E4938A828B83F0A3E4F0EF8C828D83F05A
:10F1C000A3E4F002F54474E9120BCD74F412125862
:10F1D000890C8A0A8B0B8C0F8D08750E00EA2408A7
:10F1E000F510E4350BF511851082F583E0F8740114
:10F1F0006860057403687011E9600E74FF650C6047
:10F2000008740368700AEC70077A007B0002F3D080
:10F210008A148B1575160078141211C47C097D00B0
:10F220007403121230121ACC74031211A57409124D
:10F2300014E9E50FF07E007F001215E6AA0AAB0B79
:10F240001215EC8A0A8B0B851082851183E064010C
:10F250007008750901750D008006750900850F0D90
:10F2600074FE650A700474FF650B700302F3CC7AB8
:10F270000074231214E9E0F510A3E0F51180010AEF
:10F280009032C1E493F8EAC398400302F31FEA12F4
:10F29000F75970EBA3E0650970E58E828F83A3A315
:10F2A000E0650A7004A3E0650B70D48E828F83A39F
:10F2B000A3A3A3E0650D70C7750900802C850A82A1
:10F2C000850B8312FBFC740A1214E912F3DA600C4A
:10F2D000AA21AB22E0F5838882122C7A12FCC9A9FC
:10F2E0000C122BB8750E010509E509C395084003FA
:10F2F00002F3C312F3EAFCA3E0FDEEFAEFFB1215F2
:10F30000A4E970E3850A82850B83E0FCA3E0FDEEAF
:10F31000FAEFFB1215B0E970A47E007F0080C812DE
:10F3200015868A128B13AE12AF13EE4F700302F3E1
:10F33000CC8E828F83E50CF0A3E509F08E828F835B
:10F34000A3A3E50AF0A3E50BF08E828F83A3A3A30A
:10F35000A3E50DF09032BFE493C395085004E49305
:10F36000F508750900802A12F3EAF8A3E0F9740A97
:10F370001214E912F3DA600CAA21AB22E0F58388BB
:10F3800082122C7A12FCC9A90C122BB8750E010539
:10F3900009E509C3950840CF8E828F83A3A3A3A359
:10F3A000A3E508F075120078101211C4AC08EC2C1B
:10F3B000FCE433FDEE2406FAE43FFB121ACC74039E
:10F3C0001211A5E50EA2E05003122BACEEFAEFFBF2
:10F3D000740C1211A57F0F020F1AE8F0A3E9F09048
:10F3E0000521E0F8A3E0F9E84922A809E828F8E4B3
:10F3F00033F9E51028F50AE51139F50B850A82F590
:10F4000083E022C082C08312F41779FF121AD81247
:10F410002AFE790102F7DC9032B8E493FC74019380
:10F42000FD2274F7120BCDEA4B60377E0080010E8F
:10F430008A828B83A3A3A3A3A3E0F8EEC3985022F0
:10F44000EE25E0F8E433F9EA28F582EB39F583A3F9
:10F45000A3A3A3A3A3E06C7003A3E06D70D1790113
:10F460008002790002F54474F2120BCD750A00EAAD
:10F470004B607CEA240512F697F5086072EA2406D0
:10F4800008E43BF985080C750B0080148882898399
:10F49000E508F0A3E509F0E82402F8500109050B9E
:10F4A000E50BC3950C5036E50B25E0F508E433F584
:10F4B00009EA2508F582EB3509F583A3A3A3A3A3E5
:10F4C000A3E0F508A3E0F509EC65087003ED650914
:10F4D00070BA8E828F83E014F0050A70C1E50A606D
:10F4E00003122AFE8E828F83E06004790180027904
:10F4F00000800574021211A57F06020F1A74F7121C
:10F500000BCDEA4B603CEA2405F8E43BF98882899C
:10F5100083E0FE9032BFE493FFEEC39F5024EE2EB3
:10F52000FEE433FFEA2EF582EB3FF583A3A3A3A30A
:10F53000A3A3ECF0A3EDF088828983E004F07901C5
:10F54000800279007F01020F1A74F3120BCD890A31
:10F550008C0B12F68E700B8A828B83E0FCA3E0FD8D
:10F56000800B1215D48A088B09AC08AD0974FE6CA7
:10F57000700374FF6D605D75080080157401650986
:10F58000700D88828983E06C7003A3E06D6049058B
:10F590000812F683503EE50812F66FE0650A70EF38
:10F5A000A3E0F509EA2402F8E43BF98E828F83E0B8
:10F5B000640160C8E50970D788828983E06C7003B4
:10F5C000A3E06D70CA8A828B83A3A3A3A3E0650B1B
:10F5D00070BD80047A007B007F05020F1A74F4125C
:10F5E0000BCDEA2408F8E43BF9880889098882F5FC
:10F5F00083E06401700B8A828B83E0FEA3E0FF80CE
:10F600000B1215D48A0A8B0BAE0AAF0B74FE6E7008
:10F610000374FF6F6054750A008015EC70108882C7
:10F620008983E06E7003A3E06F700312159E050AD4
:10F6300012F707502EE50A12F66FA3E0FCEA240247
:10F64000F8E43BF9850882850983E0640170CC7495
:10F65000016C70DA88828983E06E7003A3E06F60CA
:10F66000CA80CBEEFAEFFB1215CE7F04020F1A759B
:10F67000F01AA4F8A9F074C928FA740B39FB8A822D
:10F680008B83229032C1E493F8E508C39822EA24E0
:10F690000812F697640122F8E43BF9E8FEE9FF8ED0
:10F6A000828F83E022EC75F01AA4F8A9F074C928BF
:10F6B000F8740B39F92274F4120BCD890B8A088B7C
:10F6C000097E007F00750A008025E50A75F01AA4FE
:10F6D000F8A9F012F6FB650B7013AC08AD09AA820D
:10F6E000AB831215A4E960050EEE70010F050A1236
:10F6F000F70740D6EEFAEFFB02F66A74C928F582E6
:10F70000740B39F583E0229032C1E493F8E50AC323
:10F71000982274F2120BCD890C8A088B098C0D7516
:10F720000B00750A008004050B050A12F70750222A
:10F73000E50A12F75970F2AC08AD09EEFAEFFB12C8
:10F7400015A4E960E4E50BC3950D40DBEEFAEFFB91
:10F7500080047A007B0002F4F875F01AA4F8A9F08E
:10F7600074C928FE740B39FF8E828F83E0650C22EA
:10F77000C082C08374F312125874FE6A700374FF5F
:10F780006B604A7C00802212F6A588828983A3E000
:10F79000FD74016D6012ED700F88828983A3A3E070
:10F7A0006A7003A3E06B60250C9032C1E493F8EC1F
:10F7B000C39840D3E4936C701485218285228374AE
:10F7C00004F0740B1214E912F875122240800874C8
:10F7D0000B1214E912FCD3740D1211A5D083D08240
:10F7E000021172C082C08374F312125812F9AB6412
:10F7F00002700E12F81B1214E912F9A112224C80A9
:10F8000017EAFCEBFD74031214E9AA82AB831222FF
:10F8100022AA21AB2212225202F7CF8A828B83E0E6
:10F82000F8A3E0F974012274F7120BCD74F31212ED
:10F8300058ECFEEDFF8521828522837404F0740B61
:10F840001214E912F875122258E9F508601D8E822B
:10F850008F83A3A3A3A3A3A3A3A37403F01214E908
:10F86000AC82AD83EEFAEFFB121C70A908740D1286
:10F8700011A502F544EAF0A3EBF0AA21AB2222C0C5
:10F8800082C08374F3121258852182852283740406
:10F89000F0740B1214E912F875122258740102F771
:10F8A000D174F6120BCD74F31212589005C1E070AA
:10F8B0007B8521828522837404F090170212F81F41
:10F8C0001214E9E8F0A3E9F01226D28A088B09ACF9
:10F8D00008AD0974031214E9AA82AB83122222AA8A
:10F8E00021AB2212225E1226DE8A088B09A808A903
:10F8F0000974011214E9E0687003A3E069602774D9
:10F90000FE68700374FF69601D74011214E9E8F069
:10F91000A3E9F074031214E9AA82AB831226E4AAC5
:10F9200021AB2212225E9005C17401F0740D02F128
:10F930001FC082C08374F312125812F9ABF874021C
:10F9400068701112F81B1214E912F9A112224CE985
:10F95000704C801F7403687023EAFCEBFD74031283
:10F9600014E9AA82AB83122222AA21AB22122252CC
:10F97000E9702BAA21AB2212225E802274016870EA
:10F98000128A828B8312FBFC740B1214E9E8F0A339
:10F99000E9800A740B1214E974FEF0A304F002F774
:10F9A000CFE8F0A3E9F0AA21AB22228521828522AB
:10F9B000837404F08A828B83A3A3A3A3A3A3A3A32A
:10F9C000E02274F7120BCD780079007C007D008076
:10F9D000010D9032C1E493FEEDC39E502AED75F007
:10F9E0001AA4FE85F008AF0874C92EF582740B3F87
:10F9F000F583E0F460DB8C0874012CFCAE08EA6E41
:10FA00004B70CEA882A983E8FAE9FB02F54474F6AC
:10FA1000120BCDE4F508F50978081211C812FCD9CB
:10FA200012FC08121BF874021211A5E9FE74096E8B
:10FA300070031215FEEEF902F12274F6120BCD746A
:10FA4000FE121258852182852283E4F0A3F0A821BA
:10FA5000A9228808890978081211C8750802750951
:10FA60000078081211C87C007D007A417B00121CCE
:10FA70000474041211A5740202F11F74F2120BCD6A
:10FA800074E21212588A088B09ECFEEDFF750A0029
:10FA90007A417B00121BFE8A0C8B0DAC0CAD0DEC79
:10FAA0004D600FEE6C7002EF6D60077A417B0012C3
:10FAB0001C10E4F50CF50D780C1211C8EEFCEFFDEE
:10FAC0007A417B00121BF874021211A5E9640A70D6
:10FAD0000302FBF27402121228880C890D780C12B2
:10FAE00011C8750C02750D00780C1211C87C007DD0
:10FAF000007A007B03121C0A74041211A5E960034A
:10FB000002FBF2852182852283E4F0A3F07E00804F
:10FB10006A7404121228880C890D780C1211C8908E
:10FB200032B8120FD0EEF812FDB27A007B03121C2D
:10FB30000A74041211A5E9600302FBF274041214A2
:10FB4000E9E0F460357404121228880C890D780CF1
:10FB50001211C89032B8120FD074041214E912FBBB
:10FB6000FC12FDBEFA850CF0E912FC02121C0474B2
:10FB7000041211A5E9707B12FEA20E852182852256
:10FB800083C082C0839032C1E493F8D083D082C313
:10FB9000E098A3E094005021852182852283C082D1
:10FBA000C08374021214E912FBFCD083D082C3E03C
:10FBB00098A3E099500302FB11A821A922880C897F
:10FBC0000D780C1211C8750C02750D00780C12110D
:10FBD000C87C007D007A417B00121C047404121161
:10FBE000A5E9700EAC08AD097A007B03121C10E980
:10FBF0006003750A01A90A741E02F4F5E0F8A3E097
:10FC0000F922A42AF9E82402FCE439FD7A417B00B8
:10FC10002274F2120BCD74FE121258750A0012FCF7
:10FC2000D9F508E439F5097A417B00121BFE8A0CEC
:10FC30008B0DAE0CAF0DA821A922880C890D780C74
:10FC40001211C8750C02750D00780C1211C87C00D9
:10FC50007D007A417B00121C0A74041211A57A00FF
:10FC60007B03121BFE8A0C8B0DA80CA90DE84970B2
:10FC70000CE5086E7003E5096F70138047EE4F6066
:10FC80003185218285228312FCD3EA4B60247C00DB
:10FC90007D037A417B001227ECE9F8880A7025EE93
:10FCA000FCEFFD7A417B00121C10E96009750A0126
:10FCB0008012E8FEE9FFAC08AD09EEFAEFFB121680
:10FCC00004E9F50AA90A02F4F37D017C00850A82A1
:10FCD000850B83E0FAA3E0FB229032B8E493F8743A
:10FCE0000193F99032C1E493F508E88508F0A4F88F
:10FCF000AAF08508F0E9A42AF9E824022274F21295
:10FD00000BCD74FE121258852182852283E4F0A364
:10FD1000F012160AE9600302FDA6A821A9228808AC
:10FD2000890978081211C875080275090078081247
:10FD300011C87C007D007A417B00121C0A740412F9
:10FD400011A5E970617E007F007508008043E50819
:10FD500075F01AA4F8A9F074C928F50A740B39F5DE
:10FD60000B780A1211C89032B8120FD0A80812FDF1
:10FD7000B27A417B00121C0A74041211A5E9700FBB
:10FD8000850A82850B83E0F460050EEE70010F0595
:10FD90000812F683501085218285228312FBFCC352
:10FDA000EE98EF9940A885218285228312FCD30228
:10FDB000F4F312FDBEF9E82402FCE439FD2290328E
:10FDC000B8E493F50C740193F50DE8850CF0A4C824
:10FDD000AAF0850DF0A42A2274F1120BCD74E4125E
:10FDE0001258852182852283E4F0A3F07E0080757D
:10FDF000EE75F01AA4F8A9F074C928F508740B3947
:10FE0000F50985080CF50D750E00780C1211C41259
:10FE1000F4177405121230121ACC74031211A5745F
:10FE200002121228880A890B780A1211C89032B877
:10FE3000120FD0EEF89032B8E493F50A740193F5FE
:10FE40000BE8850AF0A4C8AAF0850BF012FC021298
:10FE50001C0474041211A5850882850983E0F460EE
:10FE60000312FEA20E9032C1E493F8EEC3984080D4
:10FE7000A821A9228808890978081211C8750802E2
:10FE800075090078081211C87C007D007A417B005A
:10FE9000121C0474041211A5741C1211A57F070210
:10FEA0000F1A852182852283E02401F0A3E034002B
:10FEB000F02274EC120BCD75100075110075120054
:10FEC000751300AEA8C2AF1218D48A088B098C0A29
:10FED0008D0BEEA2E792AF900CDB78081212C37084
:10FEE0000302FFED8A0C8B0D8C0E8D0F900CDB78CE
:10FEF0000C1212409082FB780C12114D400302FF4D
:10FF0000ED900CDB780812145880109082FF780C6A
:10FF100012139C908303781012139C908307780C23
:10FF200012114D40E675081975090078081211C8BC
:10FF30007403780C12110F900CDFE0F508A3E0F5C4
:10FF400009E4F50AF50B780C7908121389AA0CABB1
:10FF50000DAC0EAD0F120D9C74021211A58A0C8B04
:10FF60000D8C0E8D0F7410780C12120F7810790C06
:10FF7000121389900CDFEAF0A3EBF0A2AFE433FE9A
:10FF8000C2AF900CE178101213509083A37808123E
:10FF90001476900CE1780812141940417508E87540
:10FFA000090378081211C8900CE11214D2120D9CAA
:10FFB00074021211A58A0C8B0D8A088B098C0A8D8C
:10FFC0000B7410780812120F900CE5780812135079
:10FFD000A80CA90DE4FAFB900CE11214BAEEA2E011
:10FFE00092AFAA10AB11AC12AD13121C527F0C02CF
:02FFF0000F1AE6
:020000040001F9
:10000000E4F0A3F0A3F0A322128000F022128011EA
:1000100022E0F508E4F509F50AF50B22E82411F5CC
:1000200082E439F583E022E0F508A3E0F509221225
:100030002A8074041211A57F08020F1A7409121184
:10004000A57F04020F1AEA2413FAE43FFB1229AE3B
:10005000E92279051229BA740622E024F5C3941323
:1000600022122A8C90074C12A75A7A147B0022F590
:1000700083E08882898322EA12807C221293C23F25
:10008000F583222411F582E43FF583E0221291C822
:10009000A322EEFAEFFB1229B4740222EE24FFF53C
:1000A00082EF34FFF58322EE129A803FF58322E03F
:1000B000FEA3E0FFEE4F2274021211A57F06020F8D
:1000C0001AE508129A9A3509F583E022AA82AB83D1
:1000D000121C708E828F83A3A3128973E0227A9000
:1000E0007B17121B20740222EE12808322E508A2E5
:1000F000E092AF028F0274031211A5028F021280E8
:10010000A7E06401221291B3A3A322EAF0A3EBF0CB
:10011000EA4922FAE43FFB79E112191622EE24089B
:1001200012A4A722C082C08374FE1212589017A393
:100130007482F0A37428F09017A5747CF0A374283F
:10014000F080077A907B1712818090179012927F2F
:1001500070F190179212927F60097A927B17128148
:100160008080EF901790E4F0A3F0901796F0A3F042
:10017000A3F09017B174BEF0A37428F07402801C31
:10018000121B14852182852283EAF0A3EB1281944D
:1001900012299622F0AA21AB222274111211A50273
:1001A0008A1774F6120BCDE9FF748529F582E434C1
:1001B00032F583E493FEFA7B00121AEAEA4B6007F9
:1001C000EA2E1281F080267A027B00121AEAEA4BAC
:1001D0006017747A2FF582E43432F583E4938A82CF
:1001E0008B83F0A3741A1285B97A007B0002A10AEE
:1001F000128AE6E812A084A3A3A3A3E4F022E9FCF8
:10020000740629F8EAA2E0501EE875F00A84E5F0C9
:10021000F96014740A28C399F8E9C394054004747A
:100220000A28F8740B28F8ECC3941340047914805E
:10023000027906E82979002409F85001097A0A7B35
:10024000001208D1E8F9021172C082C0839017FD34
:10025000E05402600A1221AAE9600479018002795F
:1002600000028A17C082C0839017FDE05402601418
:10027000901796E0700A12927C60091282895004ED
:10028000790180027900028A1712801CA2E722C03D
:1002900082C083908282E0F8901798E0C39850055E
:1002A000121AEA80047A007B00028A17C082C08397
:1002B0001229967900028A17C082C08374FE121236
:1002C00058852182852283EAF0A3EB128422A3A31E
:1002D000A3A3A3E0600A14605724FE605A0283922D
:1002E00090072CE0640F601212296CE9700C1288E0
:1002F0009D90179F12896F122C7A900754E0C0E0EE
:10030000852182852283129196D0E0128422741472
:10031000129AB4FCA3E0FD7A927B17121B0EA8A8D8
:10032000C2AF901798128446792012296002817C0E
:100330001286F0741580D91286F0A3A3A3A3E060FF
:10034000511286F01280D7C0E0852182852283E099
:100350002406F582E43BF583D0E0129AB42402F837
:10036000A3E03400F98882F583E02401FAA3E034A5
:1003700000FB88828983EAF0A3EB129AB4128730DB
:1003800085218285228360131283F7600512840918
:100390004048AA21AB2212299680921283F760F27C
:1003A0001284095021128416FA852182852283A3A2
:1003B000E0C824061286ECF8749A1293B43432F52D
:1003C00083E4936A60148521828522831283F76413
:1003D0000870BF128416640870B812841614128450
:1003E0002A240AC0E085218285228312896FD0E009
:1003F00012842A040283101283FB221288F2C8247A
:1004000006F582E438F583E0228521828522831275
:1004100083FBC3940A2285218285228312808DA3C7
:10042000E022128434F583888222128434C82406A0
:1004300012871A22F08521828522831288F222A84F
:10044000A8C2AF901797E004F0E8A2E792AF22C0ED
:1004500082C0839017A712927F60081286F7122C31
:100460007A80027900028A1774F7120BCDEAFEEB4C
:10047000FFEA1280A87401128AA5F8A3E0F912809D
:1004800077128AF7EA2435128DF4C0E0EA2413F5D6
:1004900082E43FF583D0E0F0EA2436128DF4C0E028
:1004A000EA2414F582E43FF583D0E0F0EA24381220
:1004B0008DF4C0E0EA2418F582E43FF583D0E0F043
:1004C000EA242FF582E43FF583120FA3129F6AEA14
:1004D0002431128DF4F91280961211A5E9F50870F5
:1004E00007EEFAEFFB12289AA908028F02C082C019
:1004F0008312296CE96004792080027901028A174D
:10050000C082C083EA2411128511D2E0800DEA2452
:100510000DF582E43BF583E022F0A3F0028A17C0D8
:1005200082C08312850E640170111285B3400C8A5B
:10053000828B83A3E0F912296680661285A4A2E665
:1005400050128A828B83A3E0F99017A112896F124F
:100550002C7A804D12850E6401700D1285B35008FF
:100560008A828B83743080368A828B83A3E0641BFB
:100570008A828B83700474228024A3E0700D12851C
:100580000EF8746F1293B43432800B12850EF87427
:100590007A1293B43432F583E4938A828B83128582
:1005A000B9028A171285A822EA2410F582E43BF5E5
:1005B00083E0221285A8A2E322F09017F8E0F91256
:1005C0001AF62274F7120BCDE9FE12927C70030228
:1005D00086E9EE6014741B6E701AE8129A8039F581
:1005E00083E0640570030286C190179A1286F7A310
:1005F000E40286C874E96E7068E82412F582E43972
:10060000F583E0700B1221B0E9600512873A606152
:1006100079EE121898901799128711901799603AED
:1006200012873D901799700B12871114F0121A5A05
:100630000286E912872FC2E71288D8240D1286ECB1
:100640006403700912870A12888ED2E2F079ED12E3
:100650001898128722122C7A80781286FD74E9800D
:100660006774E16E703E1221B0E9605512873A70EE
:100670005090074EE0C0E012870A2412F582E43859
:10068000F583D0E0F090073DE0C0E0901799128725
:1006900006128706D0E0F090073DE004F0790112E1
:1006A0001A428045741C6E70189017991288A39096
:1006B00017A912896F122C7A901799E4F0A3F08091
:1006C000289017991286FDEEF09017991288A312C0
:1006D00028881288B9E05480600312A27990179993
:1006E000E4F0A3F07910122960028F0212871A2217
:1006F000852182852283A3E0F583888222128701E7
:1007000022128977A3221291C4229017991291A5DF
:10071000221291A5241212871A22F582E438F58359
:10072000E0229017991288A790179D12897322E0F2
:10073000F8A3E0C8241012871A229017991288C0D3
:10074000E054042274F4120BCD750A00750B00A25C
:10075000AFE433FEC2AF12927C6003028837128985
:100760006C122C7AE94410F8901790800985080AD9
:1007700085090B12888112889570030288371280D0
:10078000C1586870E8780A1211C8AC08AD09128027
:10079000DE1211A5901799E508F0A3E5091288D893
:1007A00012888EA2E7500302883E901797E014F05B
:1007B000EEA2E092AF901799E0240EF8A3E0340087
:1007C000F9E8FEE9FF8882F5831288A39017991251
:1007D000841CF912284CE9901794129E0E8E828F79
:1007E00083E05480601812870A24131286ECF912F1
:1007F000195212870A24141286ECF912194612882B
:10080000B9A3E05401605F90179412927F60451283
:1008100088CF60401288CFF879009017941288A38F
:100820001208D9E8C0E01288ADD0E01288DDC39488
:100830001340117402800FEEA2E092AF8037901740
:10084000960287AD7400C0E090179AE0C8128878CD
:10085000D0E0800D1288AD74011288D812887874A7
:1008600001F07903800C90179912872FA2E1B3E46D
:1008700033F9121A42028041241AF582E438F583D2
:1008800022E50824FBF582E50934FFF58322129A5C
:100890009A12871D22128027E508450922852182A8
:1008A0008522831288A722E0FAA3E0FB221291A2FC
:1008B0002419F582E438F583229017991288C02212
:1008C0001288F2C81288C8221293C238F583221205
:1008D00091A2241812871A221288EAC8221288EAE2
:1008E000F5838882A3A3A3A3E022F090179912882E
:1008F000F222E0F8A3E02274F7120BCDEAFEEBFF40
:10090000122990128DF1A2E3400A1280FE70059028
:1009100082808003908281E0F9EEFCEFFD7A907B8B
:1009200017121B26E96038EEFAEFFB9017A3128925
:100930006F122C7AEE240E128DF45404701212846D
:100940003FEE128078A3E05401701E1228948019A3
:10095000EEFAEFFB90179B12896F122C7A800A8EA9
:10096000828F83A374F1128980028F029017A512DF
:1009700089732212897722E0F8A3E0F58388822226
:1009800012898712288822F0EEFAEFFB22028A10E1
:1009900074F7120BCDEAFEEBFF79009017FDE054DF
:1009A00002700CEA2433128DF45404600279E8904A
:1009B00017FDE05460700CEA2433128DF454026089
:1009C0000279E88A828B83A3A3A3A3E0F8908286AE
:1009D000E0C398500279E8EA2431128DF4700CEAF1
:1009E000242E128DF4700479F5800BE9700512281D
:1009F00076E9F9E96007EEFAEFFB122966028F0249
:100A0000C082C0838A828B83740DF01221A4800778
:100A1000C082C083122894D083D08202117274F4F1
:100A2000120BCDEAFEEBFF8A82F583E4F0A3128A73
:100A3000A554049082807012E0F8901797E0C39854
:100A4000401279F1122966028041E0F8901796E091
:100A5000C39850EE128AABA3E054016037EA243702
:100A6000128DF4C394054033EA2433128DF45405F7
:100A700070297AAB7B17122A8CEE2437F582E43F7B
:100A8000F58312800D78081211C07AAB7B17128A99
:100A90009F1211A5EEFA1294A580AC79E880A512F8
:100AA0002A80740422F0128AABE022EA2433F58211
:100AB000E43FF5832274F6120BCDE9FE2451FAE4EB
:100AC0003400FB121AEAEA4B6015EE8A828B83A38C
:100AD000A3A3A3F0EA2451128AE6128AF780047ACB
:100AE000007B0002A10AF8E43BF98A828B83A3A36E
:100AF0002212A75A901875E8F0A3E9F022028A1092
:100B0000C082C0839017B474E8F0A37428F0A37473
:100B100018F0A37429F0A374EEF0A37428F0A37462
:100B2000F4F0A37428F0A37412F0A37429F0A37452
:100B300006F0A37429F0A37400F0A37429F0A37441
:100B40001EF0A37429F0A37424F0A37429F0A374F5
:100B50002AF0A37429F0A37436F0A37429F0A374C7
:100B6000FAF0A37428F0A374E2F0A37428F0A3743D
:100B7000DCF0A37428F09017D0740CF0A37429F063
:100B8000A37430F0A37429F0A37444F0A3742AF082
:100B9000A3743CF0A37429F0A37442F0A37429F069
:100BA0009017F4E4F09017F7F09017E0128BBD74F3
:100BB00002F09017E9128BBD740102851B7460F07E
:100BC000A37429F0A32274F5120BCD74F1121258FC
:100BD0008521828522837402F074011214E9E9F000
:100BE00060047AFF7BFF74021214E91296637508A1
:100BF000EC750917750A0078081211C47C0B7D008A
:100C000074071214E9AA82AB83128C2D1211A5AAC3
:100C100021AB221221A4740F8003128C2D1211A576
:100C20007F03020F1A7C0B7D007AEC7B17121ACC23
:100C300074032274F7120BCD74FD121258852182B1
:100C4000852283740AF074011214E9E9F074021227
:100C500014E9EA12A1C90280F674F6120BCD74F7FA
:100C6000121258EAFEEBFFEA128CAB128CDB740214
:100C7000F0EA2428FCE43FFDAA21AB22121C64EE1A
:100C80002431128CB12433129BCF1211C87402127A
:100C9000123879831A1A1280941211A5E9F5087096
:100CA00007EEFAEFFB12289A02A10312807C74016E
:100CB00022F582E43FF58312802712917BF583129F
:100CC0008CC9E8F0A3E9F0EE22128CD18A828B83E2
:100CD00022E024FFF8A3E034FFF922F0A3E4F0EAD5
:100CE0001280A82274F0120BCD12A6381214767856
:100CF00008790C120A6678081211C07AE37B170291
:100D0000802F74F4120BCD74C612125890072CE089
:100D1000640F600D852182852283742E1296828055
:100D2000227ADA7B171280611208D988088909E4CF
:100D3000F50AF50B78081211C07ADA7B17128A9F30
:100D40001211A5743A02803E74F5120BCDEAFEEB47
:100D5000FF8A82F583A3E0F87078EA2430128DF4DC
:100D600064026007E06403600278E8EA2426F58202
:100D7000E43FF58312805A400478E88058E87052C6
:100D8000EA2426128113EE2431128DE62430128DCE
:100D9000F46402700EEE242812A75090073B128ACA
:100DA000F7801790073B74FEF0A304F0EE2428FCB4
:100DB000E43FFD7A327B07121C70EE241B12812067
:100DC0001211C4128C251211A5EEFAEFFB1228D6CF
:100DD000E9F8E8600EE88E828F83A3129F72741781
:100DE00012A016028C20FAE43FFB7950121916EE7D
:100DF00022EE2410F582E43FF583E02274F6120B14
:100E0000CD74F71212589017F7E070377401F0F9AB
:100E1000121A0CAA21AB221229A27508EC75091727
:100E200078081211C875080175090078081211C8F0
:100E3000900741120FA374061212387A03128052DF
:100E40001211A502A10574F7120BCD1290227004A5
:100E5000A374EBF09017F7E0A2E25003C2E2F0E0D7
:100E6000A2E1500512903380098E828F83742A127A
:100E7000A016028F0274F4120BCD74FE12125812D7
:100E80008F2812916EEC8521828522831291BDE01C
:100E9000F50B7015AA21AB227953121916EE241303
:100EA000FAE43FFB794A12191612811D1211C4127D
:100EB0008C251211A512889DA90B1228CA9017F72C
:100EC000E0A2E1500312903A9017F7E4F0740202A6
:100ED000803E74F7120BCDEAFEEBFF8A82F583A306
:100EE00074EBF09017F7E0A2E150077A0079EB126B
:100EF00028D0EEFAEFFB1229068007EEFAEFFB127C
:100F00002A027F01020F1A74F7120BCD128F28905C
:100F100017F4E4F09017F7F07AFF7BFF8E828F834F
:100F2000A3E0F91228CA80DA1290737AE37B1712D1
:100F30002A8C2274F7120BCDEAFEEBFF12290080F7
:100F4000BA74F7120BCD1290B0A3A3A3E06004749F
:100F500000800274EB128F815003C2E2F0E0A2E144
:100F600050051290848011A2E0500D8E828F837400
:100F70002AF0A374EB12A016EEFAEFFB1228AC8055
:100F8000818E828F83A3F09017F7E0A2E22274F69D
:100F9000120BCDEAFEEBFF9017F7E0D2E1F07901FA
:100FA000121A0C8E828F83A3E070381229A8E9FAF6
:100FB000EE240DF508E43FF50978081211C875080C
:100FC0000175090078081211C8128FF4120FA3EEF0
:100FD0002402FCE43FFD1280521211A5E98E828F9B
:100FE00083A3F08E828F83A3E060067A00F9122833
:100FF000D002A10AEE240BF582E43FF5832274F7B8
:10100000120BCD1290227004A374EBF09017F7E04E
:10101000A2E25003C2E2F0E0A2E1500312903302D8
:101020008F02EAFEEBFF7901121A128E828F83E0A3
:10103000642022C2E1F012903A227A008E828F83DD
:10104000A3E0F91228D02274F7120BCD1290738E00
:10105000828F83A3A3A3A3E060047400800274EBD7
:10106000128F815003C2E2F0E0A2E150031290849B
:10107000028F78EAFEEBFF7901121A127ADA7B17F7
:10108000122A8C22C2E112A49AE0A2E4E433FA12FA
:10109000903C2274F7120BCD1290B074EB128F8635
:1010A0005003C2E2F0E0A2E15003129033028F023B
:1010B000EAFEEBFF7901121A128E828F83A322744B
:1010C000F7120BCD1290D5028EFB74F7120BCD12D6
:1010D00090D5028F02EAFEEBFF7ADA7B17122A8C98
:1010E000EEFAEFFB12292A2274F7120BCD74EF12DD
:1010F0001258EAFEEBFFEA129F5E7A327B07121C5F
:101100005EE960568521828522837409F07401129C
:1011100014E974EFF012916E74021214E9EC12915A
:10112000BDA3A3E0C0E074041214E9D0E01291AAB8
:10113000640870158E828F83A3A3129196E0C0E09D
:1011400074051214E9D0E0800674051214E9E41263
:101150009DFB74061214E912915F74110280F8AAC3
:1011600082AB831229CCAA21AB221221A422129194
:101170007BF58312918DFCA3E0F922EE129183FBA3
:101180008882222402F8E43FF9E8FAE9221288F280
:101190008882F583E0221291A52407F582E438F5D0
:1011A00083229017991288F2C8221291AE221291CE
:1011B000B3E022F08E828F83A3A3A3A32212A08484
:1011C0001291C4221291C822E0F8A3E0F58388822C
:1011D000A3A322C082C083122A0E028A17C082C033
:1011E0008390181474B4F0A37417F0A374D0F0A310
:1011F0007417F09019E774D2F0A3742FF0A37496CB
:10120000F0A37430F090180074C4F0A37428F09028
:1012100017FDE0440102851BC082C083EAFCEBFDA0
:10122000790212297E028A17C082C083790602A23F
:101230008A74F6120BCD74FE1212589017F912929E
:101240007F60077AF97B171229969017FFE4F090D8
:101250000CD912927F60208007AA21AB2212299616
:101260009017F8E0F9121B028B09A90985218285E4
:10127000228312810B70E2740202A1079017991267
:10128000A75AE8492274F7120BCDE9FA7B009017B0
:10129000F8E0F9121B2C028F0274F7120BCD74F0D8
:1012A000121258EAFCEBFDE9FE8A828B83E0F874A7
:1012B000901293B43432F583E493C0E074011214B5
:1012C000E9D0E0F0640B700DE98A828B83A3F01201
:1012D00029F00293AFE070030293AF640C60030245
:1012E00093A0741A6E700B74041214E9E4F0A30254
:1012F000939F74041214E9129663EA2432129A64DA
:10130000C0E074031214E9D0E012A4851214AE7484
:10131000061214E91214BA8C828D83A3A3A3A3A38B
:10132000A3A3A3A312A756740A1214E9E8F0A3E931
:101330001293B9E054106009852182852283E480EC
:1013400013EC2412129A64F890074EE0C39885219A
:1013500082852283F0E0C0E0740C1214E9D0E0F042
:10136000EC2415129A64C0E0740D1214E9D0E0F078
:10137000EC2416129A64C0E0740E1214E9D0E0F066
:10138000EC2417129A64C0E0740F1214E9D0E01232
:1013900093B9A3E05401600874011214E97411F0C8
:1013A00074021214E9EEF074011212301221A474C6
:1013B000100280F828F582E422F0EC1293C23DF589
:1013C0008322240EF582E422C082C0839017FFE0BE
:1013D00064037004790180027900028A1774F7129D
:1013E0000BCD9017FFE012945874E528F58274191C
:1013F00039F5831297EBC2E7F012945FA3E493FEF2
:1014000025E0FCE433FD74E52CF58274193D129B54
:1014100069EC4D6005EE9017FFF08A828B83E02522
:10142000E0FCE433FDE82CF582E93DF583E493FC30
:10143000C4540F25E0F8740E1293B43418F58312D7
:10144000927F70051229DE800CEC540F12945F120B
:10145000896F122C7A028F0225E0F8E433F92225F5
:10146000E0FCE82CF582E439F5832274F2120BCD0E
:1014700074FE121258890B8A088B0912950A12946D
:10148000FB601A129E08F50A78081211C41295170B
:101490002402129B5F1211A51294A38003129529B6
:1014A0000280B7AA0CEFFB9017F8E0F9121AF622A7
:1014B00074F0120BCD74FE121258890B8A0E8B0F2A
:1014C00012950AF5081294FB6027129E08A808EAF4
:1014D000281281F0850E08850F09F50A7808121187
:1014E000C4129517129B5D1211A51294A379008066
:1014F00005129529791A7402028034FA7B00121AB7
:10150000EA8A0C8B0DAF0DEA4F22745929F582E45B
:101510003432F583E49322A80B74641293B434320A
:10152000F583E493FC7D00EA22852182852283E510
:101530000BF0791AAA21AB2212296622C082C0833D
:10154000E99017F802851B74F6120BCD74FE121287
:1015500058EAFEEBFFEA542070308039A8A8C2AFE9
:10156000901798E0141284488A828B8312965090C8
:1015700017FB129663122972852182852283E0640B
:101580001560077AFB7B171229967A927B17121B3C
:1015900014EA4B70C7EF5480700C80169017FBEA6A
:1015A000F0A3EB1296769017F8E0F9121B02EA4BC3
:1015B00070EAEE5410600B852182852283742D120F
:1015C0009682EEA2E0500B8521828522837424123C
:1015D0009682EE5402600B85218285228374251247
:1015E0009682EE5404600B85218285228374261234
:1015F0009682EE5408600B8521828522837428121E
:101600009682EE5440600D74011214E912966974CA
:101610002C129682EE5480600D74011214E9129619
:1016200069742F1296829017F912927F601BA8A8F6
:10163000C2AF9017F91288A39017F9E4F0A31284AF
:1016400048A3EAF0A3E91296767A007B000292772B
:1016500012965422E0852182852283F022A3A3A33F
:10166000A3A3A3EAF0A3EBF022E412966E22F08586
:10167000218285228322F01229727AFB7B1712299C
:10168000962212819412297222C082C0839017FB85
:1016900012A1C4687002EB6970079017FBE4F0A315
:1016A000F0028A1774F7120BCDEAFEEBFFEA4F70D7
:1016B00003121700A2AFE433F508C2AF8E828F8306
:1016C00012927F6028E824FBFAE934FFFB9017FBB5
:1016D000129B6BE86C7002E96D70079017FBE4F0E9
:1016E000A3F08E828F83E4F0A3F0121B860280EDBC
:1016F000C082C08390182274D2F0A37429F0A3741E
:10170000E4F0A37429F0A374EAF0A37429F0A3749D
:10171000A6F0A37428F0A374F0F0A37429F0A374C6
:10172000A0F0A37428F0A374ACF0A37428F0901870
:10173000307420F0A3742AF0A374F6F0A37429F097
:10174000A374FCF0A37429F0A37408F0A3742AF026
:10175000A37402F0A3742AF0901821E402851BC040
:1017600082C08390073BE064FE7003A3E0F470093D
:101770007C327D07121C64801C8A828B83A3A3A306
:10178000A3A3A3A3A37402F090073B12A7568A82D7
:101790008B83128AF7028A17C082C083900745C3E1
:1017A000E094FEA3E094FF400479038002790202F2
:1017B0008A17C082C0838A828B83A3A3A3A3A3A317
:1017C000A3A3E06402701690073B1297EB687003C6
:1017D000A3E06970047901800F7900800BEAFCEBCB
:1017E000FD7A327B07121C5E028A1712A75A8A8280
:1017F0008B83E02274F0120BCD74FC121258E98531
:101800002182852283F074021214E9ECF0A3EDF03A
:101810008A0A8B0B75080074021214E9E02408127E
:101820009A64C0E074011214E9D0E0129AB4A2E7FD
:101830005008750EFF750FFF800A900741E0F50E06
:10184000A3E0F50F852182852283E0C2E7129AB9D1
:1018500054206007129A8674088004129A86E41253
:101860009AB954046007129A9174808005129A9173
:101870007410129AB954106006129A6CE4800B909E
:10188000074EE0C0E0129A6CD0E0129AB9A2E05084
:10189000037508205408600674104508F5088A820C
:1018A0008B83A3A3E024FFFEA3E034FFFFEA129A98
:1018B00077C39402E0400F640B6009E0148E828FBE
:1018C00083129AAA74034508F50875090090076108
:1018D000E0640170118A828B83A3A3A3A3E0C39465
:1018E000674003750910852182852283E0F50C7518
:1018F0000D00740E780C121363E50D4509F509E02F
:101900006402701B900746E08E828F83F09007453B
:10191000E0C0E012809CD0E0F0EE24FEFE801CE0EF
:101920006403701DEE24F9FEEF34FFFF7C557D0744
:10193000EEFAEFFB121C70EE24FF1EEF34FFFF8067
:1019400003E0602F74011214E9E06018741412149B
:10195000E9E0650E7004A3E0650F70087440450867
:10196000F508800F8E828F83E50FF012809CE50EC4
:10197000129AA074011214E9E0F50C750D00740AB6
:10198000780C121363E50D4509F509E06402702334
:1019900074021214E912A1BF8E828F83F0740212B6
:1019A00014E91280D9C0E012809CD0E0F0EE24FE51
:1019B000FE8020E064037021EE24F9FEEF34FFFF87
:1019C00074021214E9129B6BEEFAEFFB121C70EE1C
:1019D00024FF1EEF34FFFF8003E0601C7414121418
:1019E000E9A3E08E828F83F074141214E9E0C0E062
:1019F00012809CD0E0129AA0EEF8EFF9E824FF1EC6
:101A0000E934FFFFE50A129A7770059007318003E9
:101A100090073DE0FA04F0EA88828983129F72E51C
:101A200009129AAA8E82F583E508F0E50A2404F8E3
:101A3000E4350BF9E50A2402FAE4350BFBEEFC8AE7
:101A4000828B83E0F50888828983E02508C39C1295
:101A5000A087EEF0A3EFF0850A82850B83A3E4F064
:101A6000F9028032F582E43DF583E022EA2412F5A2
:101A700082E4350BF58322129A80350BF583E02240
:101A8000240DF582E422EA2410F582E4350BF58377
:101A900022EA129A9A350BF583222411F582E42268
:101AA000F0EE24FEFEEF34FFFF22F0EE24FF1EEFE7
:101AB00034FFFF2212966EE022F0EA1293C2350B39
:101AC000F583E02274F1120BCD74FE1212588521B9
:101AD00082852283ECF0A3EDF0890B8A0E750A1A39
:101AE00074151214E912A9E91228468A0C8B0DAE5E
:101AF0000CAF0DEA4F605A74131214E912A1C4120C
:101B00009BCAF0A3E9128CDEE50BF0750A00780899
:101B10001211C47C0B7D00EA129B5D1211A5741199
:101B20001214E9120FA374021214E9129B6BA90E8E
:101B30001280921211A5E9F50A7016E50B24F960DE
:101B4000031470061280E8D2E5F0EEFAEFFB1228DB
:101B50009AA90A74021211A57F07020F1A241BFA10
:101B6000E43FFB121ACC740322F583E0FCA3E0FDF2
:101B70002274F6120BCD74F7121258EAFEEBFF78BE
:101B800001EA2432128DF460027805EA129BCA122F
:101B90008CDB7404129F65AA21AB22121C64EE2414
:101BA0002F128CB12431129BCF1211C87402121261
:101BB0003879031A1A1280941211A5E9F5087007F2
:101BC000EEFAEFFB12289A02A10312807CE822F5BC
:101BD00082E43F12806F1291AE04F078082274F212
:101BE000120BCD8A088B09ECFEEDFF8A828B837481
:101BF00005F0EC129FFE12A34CF0EA2403F50AE470
:101C00003509F50B850A82F583E0F50CA3E0F50DA7
:101C1000EC2425F582E43FF5831214AEE50C129A0C
:101C20009A350DF5831214BAEC129F5EAA0CAB0D17
:101C3000121C64850A82850B8312AA69129DC41244
:101C40009DE712965DEE242F128DF4C0E0129DCD1B
:101C5000D0E0129E132415F582E438F583E4129E39
:101C6000131288C8E4129DFB850A82850B83E02449
:101C700016FAA3E03400FB1229CC8E828F83A3A333
:101C8000A3A3A3A3A3E0C0E0850A82850B831287E8
:101C90000D129A8038F583D0E0129DF2FAA3E0FB92
:101CA000850A82850B8312A756E8240BFCE439FDD4
:101CB0008A828B83E08C828D83129E0E8A828B8334
:101CC000A3E0F50B8C828D83A3E0450B12A07FA3CC
:101CD000E0FCEA2403FA50010BECA2E7E433C0E095
:101CE000E8240FF582E439F583D0E0F074075C60F6
:101CF0000478018002780075F00374075CA428F86A
:101D0000EA28FAE43BFBE5082405F8E43509F98AFA
:101D1000828B8312807112A07FAA82AB8385088296
:101D200085098312965D88828983E0F50A25E0544F
:101D30000EFCE50AC4540FF50A750B007403780A0B
:101D4000121363E50A5438F8EC28F8EA28F8E43B63
:101D5000F9850882850983A3A3A3A3A3A3A3A3A3AF
:101D6000E8F0A3E91291AAFA8E828F83A3A3E02A56
:101D7000FAA3E03400FBC3EA98EB9940288E828FE7
:101D800083A3A3E0F8850882850983A3A3A3A3A363
:101D9000A3A3A3A3129DDBC39A2885088285098388
:101DA000A3A3A38016850882850983A3A3A3A3A365
:101DB000A3A3A3E4F0850882850983A3A3A3A3A317
:101DC000F00280BC242BF582E43FF58322129DD1E2
:101DD00022E82410F582E439F58322E0FA8E828F1E
:101DE00083A3A3A3A3E0221288A788828983A3A345
:101DF000A322F08E828F83A3A3E022129DFF22F004
:101E0000EE2408FCE43FFD228A828B83E50BF0A3DD
:101E1000E4F022F0850A82850B831291A52274F5E5
:101E2000120BCD8C088D09750A0078081211C47C3C
:101E30000B7D00028C1A021172C082C083791812C5
:101E40002966028A17C082C0838A828B83E0C3948A
:101E50000B50031229D8028A17C082C083791980D7
:101E6000DE74F7120BCDEAFEEBFF9017F912927FAA
:101E700060109017F91288A31229E47AF97B1712DF
:101E80002996EEFAEFFB1229909017F9EEF0A3EFE6
:101E9000F0028F0274F7120BCD74DE121258EAFEB4
:101EA000EBFF8A82F583E024FD601124FE60152497
:101EB000ED600924FA600D14600A803C7416121457
:101EC000E9E4800774161214E97401129F65740B1B
:101ED0001214E9AA82AB83121C7074131214E91253
:101EE0009F7E1214E9128AF7740A1214E9129F8A6B
:101EF0001214E9128AF7804274161214E97402F07F
:101F0000EA129F5E740B1214E9AA82AB83121C7052
:101F100074131214E9129F7E1214E9128AF7740ADC
:101F20001214E9129F8A1214E9E8F0A3E9129F78CB
:101F30001214E9AA82AB831229CC852182852283DF
:101F4000740B129F72A3E0C0E074011214E9D0E098
:101F5000129F781214E912915F74220280F8241300
:101F6000FCE43FFD22F0129F6A22EA2426FCE43FB3
:101F7000FD22F08E828F8322129DFF74172274033C
:101F8000F090074512A75A7402227402F09007419C
:101F900012A75A74142274F7120BCDEAFEEBFF8AD3
:101FA00082F583A3E0F508702CEA242F12A00770B5
:101FB00003A3E06960037508E8EA242612804960FB
:101FC0002AEE129FFEE4F0E508700AEEFAEFFB122B
:101FD00029C0E9F508E508600F8E828F83A3E50824
:101FE000129F72741912A016028F02EE2432128D03
:101FF000F460D4901820E070CE7508E880DB2432BD
:10200000F582E43FF58322F582E43FF58312A75A77
:10201000900741E0682212898712297222C082C08B
:102020008374F112125874021214E9740412A07F1E
:10203000E0C0E074031214E9D0E0F0EA242FF58246
:10204000E43B12A754740D1214E9128AF7EA24260D
:10205000FCE43BFD74041214E9AA82AB83121C64F5
:1020600074041214E9AA82AB831229AEE960031248
:10207000A0E874021212301221A4740F02819C1283
:10208000A087A322F0A3E9F08A828B832274F61240
:102090000BCD74E8121258EAFEEBFF74021214E939
:1020A0007403F0EA2413F508E43FF509AC08FD7465
:1020B000041214E91280CCC0E0740C1214E9D0E0D0
:1020C000129DFB740D1214E9AA82AB831229CCAACB
:1020D00008AB091229AEE9600312A0E874021212DB
:1020E000301221A47418801F85218285228374FFF9
:1020F000F0A3128194795312191690073B74FFF0E4
:10210000A3F022A90874091211A57F02020F1A7404
:10211000F6120BCD74D4121258EAFEEBFF8A82F548
:1021200083A3A312A1BFA2E6501C90074112A1C431
:10213000242B128DF4687003A3E0697009901821B4
:10214000E06042122A0E740B12122874031214E972
:10215000128CC2FCEFFDAA21AB221229C685218276
:10216000852283742B129682900726E060087408FB
:102170001214E9E0600B852182852283740512A187
:10218000C9742C808290074AE060BB12804670B60A
:10219000EE2408F508E43FF50978081211C875081F
:1021A0000175090078081211C8900741120FA37C2D
:1021B000327D077A0379061280541211A580C2126B
:1021C0008701E02212A75AEA221281941221A42246
:1021D000C082C08374EF12125885218285228374D5
:1021E00009F074011214E974EE12A1C902819A7403
:1021F000F7120BCDA2AFE433FFC2AFE960031219AF
:102200000412189212A2547E0012A24512927F600C
:102210000912A24512896F122C7A0EEEC394074060
:10222000E8122A5C12295A90183AE4F01228401257
:10223000299C7A447B077952121916EFA2E092AFDB
:102240007900028F02EE129458740028F5827418F7
:1022500039F5832212A279901821E0F912192E90F3
:1022600007411288A71219349007451288A712193E
:102270003A7A557B0712194022900754E0F9121957
:1022800052900753E0F912194622122978028A1750
:10229000C082C08390183B742CF0A3742AF0A374FE
:1022A0004AF0A3742AF0A37450F0A3742AF0A37424
:1022B00032F0A3742AF0A3743EF0A3742AF0A3743E
:1022C00038F0A3742AF090180E7422F0A37418F05A
:1022D000A37430F0A37418F0A3743BF0A37418F047
:1022E0009017FDE4F0A3F012188C028A1702117205
:1022F00074F7120BCDEAFEEBFF8A82F583740712A6
:10230000A35412A34C12A354A3A312A34CA312A32D
:102310005EA3A31214AE8E828F83A3A3A3A3121471
:10232000BA8E828F83A3A3A3A3A3A3A3A3E4F0ECF9
:102330002418F582E43D12A7548E828F83A3A3A3B1
:10234000A3A3A3A3A3A3128AF7028F02E08A828B1E
:1023500083A3A32212A35EA3A3A3A3A3A322F08C0F
:10236000828D832274F4120BCDEAFEEBFF901848A5
:10237000E412A485A3E0C39406400690184874E8CC
:10238000F08A828B83A3A3A3A3A3A3A3E0C3940F88
:1023900040158A828B83A3A3A3A3A3A3E064036055
:1023A0001590184874E8F08A828B83A3A3A3A3A393
:1023B000A3E06403700E9017FDE0A2E040069018C1
:1023C0004874E8F0EAFCEBFD7A477B18122A268E67
:1023D000828F83A3A37808121476740A78081212E5
:1023E0000F90185B78081214588E828F83A3A3A3D2
:1023F000A3A3A3A3E090185F12A494E09018601226
:10240000A494A3E0901861F0EE240B128DF49018C0
:1024100062F0EE240C128DF4901863F0A3740AF0AD
:10242000900754E0901865F0901858128BBD740412
:1024300012A49F1211C47C0B7D007A667B18128C4B
:102440002D1211A5901848E0702A8E828F83A3E088
:102450007022901849E0600690184874EAF09018CD
:1024600049E0F912195E8E828F837426F079041286
:102470001A0680078E828F837429F0EEFAEFFB1222
:10248000297202804112A48922F08A828B83A3A33D
:10249000A3A3A32212A49AA3A322128105A322F02C
:1024A000EE240D12A4A722F508E43FF509750A00F1
:1024B00078082274F4120BCD74F7121258EAFEEB6E
:1024C000FF901849E07030901864E0640A602812A8
:1024D0001970E9C0E0901864E0F8901850E028F80E
:1024E000A3E03400F9E824F5F582E91280A2D0E0F7
:1024F000F090184FE004F090185B7808121476748E
:1025000001780812120F90185B780812145890186E
:1025100064E004F0E508A2E04006E0C3941E40D762
:10252000E0641E700302A5AD7A647B1879E112198C
:102530001674081214E9740212966A74FFF0A3F07C
:10254000901849E0600464027009EEFAEFFB122A69
:10255000388063E06401700679087A808004790726
:102560007A8375086675091878081211C8E4F508A9
:10257000F50978081211C87508FF7509FF78081267
:1025800011C874061212381280541211A5E9F87499
:10259000DB68601474E568600F74F368600A74DFC8
:1025A00068600574E868700EE9901848F08E828FB4
:1025B00083742912A01602803C74F0120BCD7508AA
:1025C00001750900750A00750B00901864E0780821
:1025D00012110F780812140990184B78081213D5AD
:1025E000901849E06403700F12A638121476780828
:1025F000790C120A668035750801750900750A00A4
:10260000750B0090185FE0780812110F9082F77830
:102610000812139C9083AB780C1214767808790C0E
:10262000120A66901849E0700312196A78081211AC
:10263000C07A527B1802802F90074F12801190832E
:10264000AB780C2274F1120BCD74D41212588A0894
:102650008B09901849E06402600DE064016008E0B5
:102660006405600302A745901848E4F0740B121249
:102670002874031214E9128AF7AC08AD09AA21AB39
:10268000221229C6901860E0F890184FE0C39850C5
:102690007812AB0E90184FE0F50A80368E828F8349
:1026A000A3A3A3A3A3A3A3A3A312A75674141214B2
:1026B000E9E0687003A3E069700F740B121238EE42
:1026C000FAEFFB121C5EE97040150AEE2421FE5061
:1026D000010FE50A70C6740B121228880C890D755B
:1026E0000E00780C1211C47C217D0090184FE08CF4
:1026F000F0A4F8A9F0A3E028FAA3E039FB128C2D8E
:102700001211A590184FE004F0900726E0600E74B7
:10271000081214E9E07006901860E07007AA21AB77
:10272000221221A4901860E0602190184FE0F890E8
:102730001860E06870158508828509837429F0AAFD
:1027400008AB09800312A802122972742C029B554F
:10275000F582E43FF58312A75A221288F2F9227417
:10276000F6120BCD74FE1212588A088B09EA241B4C
:10277000F582E43509F583E06403707DEA2424F5ED
:1027800082E43509F583E06403706EEA2413FAE409
:102790003509FB794A121916850882850983A31227
:1027A000AB0E8E82F58312A80E50010FAA21AB2228
:1027B00079501219168E828F8312A80E50010FAA1B
:1027C00021AB22794B121916EEFAEFFB79E11219BF
:1027D000168E828F83A312A81A128AF8AA21AB221E
:1027E0007953121916901848E4F0850882850983F8
:1027F0007429F0AA08AB09800312A80212297202F8
:10280000927790184874E812A0877429F02212A8D1
:102810001AF0A3E9F0EE2402FE22E0FAA3E0F9EABE
:1028200085218285228322C082C0837A527B18123E
:102830002A8C1219647904121A12901849E0640360
:102840007006901848E060097A657B1879E11219E2
:10285000167A477B18028A0BC082C08374F5121265
:1028600058EAFCEBFDAA21AB22122A2674011214AD
:10287000E974FC12A1C9740B02819CC082C08379E7
:102880000702A28AC082C083901871E4F0A3F0907E
:102890001873F0A3F09019EFF0A3F0A374FF129E49
:1028A0000E9019F3F0A3F0A374FF129E0E9018750A
:1028B00002851974F4120BCD901875E4F0A3F09012
:1028C000187112927F60279019EF7808121476120F
:1028D000A9F01212AE501712A9D712A9F01212AE17
:1028E000500612A9F0121458901871128AF190181B
:1028F0007312927F901875601E12927F601112A958
:10290000E312147690187312A9F31212AE500D90C0
:102910001873128AF1800512927F60219019EF7866
:102920000812147690187512A9F31212AE500E9078
:1029300018751287061214D2121820800312182656
:1029400002804174F4120BCDA2AFE433FEC2AF900B
:10295000187512927F607812A9E31214769019EF1D
:1029600078081212AE500B12170090187512927F51
:10297000605D12A9D790187512A9F312114D504F2E
:1029800090832F780812147690187512A9F31212FA
:10299000AE500312170090187512A9E9122A8C85FF
:1029A0000882850983A3A3A3A3A3A3A3A3E0F98516
:1029B0000882850983A3A3A3A3A3A312ABF6EEA267
:1029C000E092AF122C7AA2AFE433FEC2AF809BEE4E
:1029D000A2E092AF0280411218148A088B098C0A77
:1029E0008D0B221291CB780822128027AA08FB2295
:1029F0009018711291C478082274F0120BCD8A08D5
:102A00008B098C0A8D0B74101214E9801C90832F93
:102A1000780C1214768E828F83A3A3780C1212AED8
:102A200050031217008E828F831280AF60358E8222
:102A30008F83A3A3780812135012AA66687002EF5E
:102A40006970CA90832F780C1214768E828F83A3BC
:102A5000A3780C1212AE50B58E828F83A3A312807E
:102A60000880C202803790187512A75AEE2274F3BC
:102A7000120BCDA2AFE433F50CC2AF90187312ABBA
:102A80000F901871120FA39019EF7808121476782E
:102A9000081212EFAA08AB09AC0AAD0B122A6E7429
:102AA000021211A5802F9019EF78081214768E82E9
:102AB0008F83A3A378081212AE40139019EF780801
:102AC0001214768E828F83A3A378081212D88E8276
:102AD0008F8312AB0FEE4F70CD9019F3780812145C
:102AE000769019EF78081212C360159019F312143A
:102AF000AE9019EF1214BA9019EF1214D212180EE8
:102B0000122A62E50CA2E092AF7F05020F1AA3E041
:102B1000FEA3E0FF2274F0120BCDA2AFE433FEC29D
:102B2000AFED8C0CF50D8C828D83800C850E0C85A1
:102B30000F0D850E82850F83E0F50EA3E0F50FE5FE
:102B40000E450F601A850E82850F83A3A3780812A5
:102B500014768A828B83A3A378081212AE50CD8597
:102B60000C82850D831296638A828B83E50EF0A317
:102B7000E50F12A35E12A1C4687002EB6970031224
:102B80002A62EEA2E092AF02803774F4120BCDEA13
:102B9000FEEBFF740C1214E9C082C08312A9D7D0D7
:102BA00083D082780812139C8E828F83A3A3780827
:102BB0001214587C717D18EEFAEFFB122A7A02800B
:102BC0004174F7120BCDEAFE8C828D83A882A98313
:102BD00012ABF6E58245836018EE65827003EB6503
:102BE0008370E91288A388828983129663790180B1
:102BF000027900028F02E0FAA3E08A82F583227450
:102C0000F7120BCDEAFEEBFFA2AFE433F508C2AF3B
:102C10007C717D18122A86E9700B7C737D18EEFAA0
:102C2000EFFB122A8612AA66687002EF697003121F
:102C30002A620280EDC082C0837900EA12C48D3B13
:102C4000F583C082C08390169512C9C9D083D08203
:102C5000C3E09CA3E09D500D12CE18FAA3E012AD84
:102C60004E6002790102C35B74F7120BCD89081222
:102C7000C63912AFD0ACF075F00BE9A42CF9901660
:102C800097E028FEA3E039FF74016508600674022E
:102C9000650870228A828B8312B1B1740265087054
:102CA0001DEA2403FA50010B122228E970108E82CB
:102CB0008F83E4F08008EA12B28A3B12ACC88E829D
:102CC0008F8312AD4302C34DFDEE2403FAE43FFBB4
:102CD0001222222274F4120BCD8A088B09EA12B058
:102CE0008B8A828B83E0604D7E007F00804212AD34
:102CF0004B703812B120F50AA3E039F50B85088234
:102D0000850983E0850A82850B8312B62F12B148AC
:102D1000F012B288350912AD3812222212B0828523
:102D20000A82850B8312AD4312B13D0EEE70010F86
:102D300012B07640B902B5C9FDE50A2403FAE435BC
:102D40000BFB22E0D2E7F0121F2822EEFAEFFBEA9B
:102D500075F00BA4FAA8F075F00BEBA428FB901605
:102D600097E02AF8A3E03B8882F583E0540F2274B1
:102D7000F5120BCD8A088B09750A01740B1214E940
:102D800012B142EC4D6016EC12C48D3D12C56F12AB
:102D9000AE027901122204EE4F6064801FEE4F6094
:102DA0003A12B1BA12AE02EE2403FAE43F12B1A90C
:102DB0007019AA08AB0912220AE9F50A8E828F83DC
:102DC00012D17A7902EEFAEFFB800B12B19D702FCF
:102DD0007903AA08AB0912220480248A828B83A378
:102DE000E064FE7003A3E0F47006EA12B19F700C79
:102DF000AA08AB0912220AE9F50A8003750A000243
:102E0000B42FEA12C491350912B5BC2274F7120B23
:102E1000CD90169512BCD7EA4B602CEA75F00BA446
:102E2000FAA8F075F00BEBA428FBEAFEEBFF121BEF
:102E30008090169712BCD7F9EA496012EEFCEFFDBC
:102E40007900121AD88007901697E4F0A3F002C315
:102E50004DC082C08390169712C575601390169767
:102E600012CC26901695E4F0A3F0901697F0A3F0FC
:102E700002C35BC082C083EC4D6005121C708009E8
:102E80007C087D007900121AD802C35BC082C0831F
:102E90007900EA4B60197800E8FCEA2CF582E4122C
:102EA000C9EF60047901780808E8C3940840E90292
:102EB000C35BC082C0837901EC6A7002ED6B601164
:102EC000EA4B600BEC4D6007121C6AE9F98002794D
:102ED0000002C35B74F7120BCD74F3121258ECFEB0
:102EE000EDFF852182852283E4F0041214E912BCEF
:102EF000D7AA21AB2212224C74031214E9AC82AD82
:102F000083EEFAEFFB122222EEFAEFFB12222802E6
:102F1000C34874F7120BCD74F3121258ECFEEDFF98
:102F2000852182852283E4F0EAFCEBFD7403121410
:102F3000E912B27974011214E912C5718E828F837D
:102F400012C56A74FE68700374FF696004790180B9
:102F500002790002C34874F7120BCDEAFEEBFF12B0
:102F6000AFB1701112AFBBF4FA88828983E05A4482
:102F700080F0121F2802B52074F7120BCDEAFEEB89
:102F8000FF7508008A82F583E0602312AFB1701EDE
:102F900012AFBBFA88828983E05A70128E828F83C7
:102FA000E04480FA88828983E04AF0121F2802B543
:102FB000201221FEE9F5087401692212C321F812DA
:102FC000AFD012B12EF8A3E039F98E828F83E022C0
:102FD000A3E0F9E875F00BA4F82274F4120BCD8A83
:102FE000088B097C007D00EA12B06BE50812B08BFB
:102FF000850882850983A3E064FE7003A3E0F46082
:10300000677E007F00805C12AD4B6052EEFAEFFBF2
:10301000EA75F00BA4FAA8F075F00BEBA428FB906E
:103020001697E02AF50AA3E03BF50B85088285098F
:103030008312CE8E850A82850B83A3E06A7003A378
:10304000E06B701AE50A12B119700DE50A12B28A26
:10305000350BFDE50812B06B12B08212B13D0EEED9
:1030600070010F12B076409F02B5C92403FAE4350F
:1030700009FB1222222290169512C907C3EE9AEF7D
:103080009B2212B097EEF0A3EFF02212B09974FEDB
:10309000F0A304F0790022E50812C4953509F58300
:1030A0002274F2120BCD8A0A8B0B8A828B8312D187
:1030B0007AEA12C88412D17B750800EA12B119703D
:1030C000537E007F00804812B120FAA3E0398A8243
:1030D000F583E0540F603312B120F50CA3E039F50D
:1030E0000DE50C12B28A350D12AD38121C6AE96476
:1030F000017017850C82850D8312B14812C881EECC
:10310000F0A3EFF075080112B13F0EEE70010F123F
:10311000B34240B3A90802B7CC12AD3B12B1AA2208
:10312000EEF8EFF912B12822E875F00BA4F8AAF036
:1031300075F00BE9A42AF9901697E02822790190FE
:103140001695E0FEA3E0FF22A312B1C4850A828592
:103150000B83A3E8F0A3E92274F5120BCDEAFEEB92
:10316000FF8A82F58312D17A7C007D00EA12ACCA14
:10317000EEFAEFFB1221FEE9F50A740169701B12E9
:10318000B1BA12B2DD850882F58312B1B112B19DD8
:10319000700812B288350912ACC802B42FE50824B1
:1031A00003FAE4350912B1A922FB122228E96401CD
:1031B00022A312C9E012B5BE22F0EE12C32F12B143
:1031C000C222F583E0F8A3E0F92274F2120BCD7469
:1031D000E6121258EAFEEBFF12B52512D17B7508F4
:1031E00001750A00750B00750C00750D00852182B4
:1031F000852283E4F0EA12B28A3FFD74031214E9D7
:1032000012B279E964017022740B1214E912CDF143
:1032100012B5B474011214E912C9DA7003A3E0699B
:103220006049A821A922880A890B740D1214E91299
:10323000B28F12C571740E1214E912C56A740D12A0
:10324000123012224CE964017009740D12122888A0
:103250000C890D780C1211C8AC0AAD0BEEFAEFFB1D
:1032600012221074021211A5E9F508EEFAEFFB1212
:103270002246A908741A02B7C9AA82AB8312222275
:10328000AA21AB2212225222E5082403FCE422E404
:1032900012BF61A32274F6120BCD7E007F00803531
:1032A000EEF8EFF912B2DD78081211C875080B7547
:1032B000090078081211C8EEFCEFFDEC75F00BA4C4
:1032C000FC75F00BEDA42AFD7A2312B4A11211A50E
:1032D0000EEE70010F12B34240C602B42A12B1289A
:1032E000F508A3E039F5092274F6120BCD7E007FB4
:1032F00000804712B120F8A3E0398882F583E0A26C
:10330000E75032C2E7F085820885830978081211F8
:10331000C875080B75090078081211C8EEFCEFFD9E
:10332000EC75F00BA4FC75F00BEDA42AFD7A2312CA
:10333000B4941211A50EEE70010F12B34240B40204
:10334000B42A90169512B1C4C3EE98EF992274F680
:10335000120BCDE4F508F50978081211C8901695FE
:1033600012B49C75F00BA4FCA8F075F00BEDA4282A
:10337000FD7A2312B4801211A5E9FE74096E700360
:10338000122276EEF902B42A74F6120BCD74FF12F3
:1033900012587E007F008038852182852283E412C6
:1033A000B4881211C875080175090078081211C88F
:1033B000EEFCEFFDEC75F00BA4FCA8F075F00BED46
:1033C000A428FD7A2312B4941211A50EEE70010FF9
:1033D00012B34240C3740102B42774F7120BCDE953
:1033E000FCEAFD7B007A008010EA12B47B9C400866
:1033F000E0F8EDC39840010B0A12CBF440EBEBFA76
:103400007B0002C34D75F01CA4F8A9F074AA28F53E
:1034100082740739F583E022EA2413F582E422124C
:10342000B1C48A828B83221211A57F02020F1AA9CE
:103430000A7F03020F1A9032C9E493F8ECC3982272
:10344000E0F50AA3E0F50B22C082C0837C0080096E
:10345000EA24FF1AEB34FFFB0C12B4365016EC12C0
:10346000B47B940550F2EA4B70E674A628FA740710
:1034700039FB80047A007B0002C35B12B405C322CF
:103480007B00121BF8740222F0A821A92288088967
:10349000097808227B00121C0474042212D080ECEC
:1034A000227B00121C0A740422E50A2402FCE43583
:1034B0000BFD2202117274F7120BCDEAFEEBFF90A6
:1034C0001711E06408601AE0640460158A828B8337
:1034D000E054036401703F12B52512C90064067000
:1034E000358A828B83A3A3E064FE7003A3E0F460BB
:1034F000258A828B83A3A312CC2D7003A3E069706D
:1035000008EA241512C9AE60051226A2800312260D
:10351000A8E9F50880037508C2EEFAEFFB121B86D6
:10352000A90802C34DEA12B52A2212B52E22240B95
:10353000F582E43FF5832274F4120BCD8A088B09DF
:1035400012CDEDFAE82AFAE43400FB121B808A0A55
:103550008B0BAE0AAF0BEA4F605485088285098356
:10356000E0FC7D007900121AD88E828F83A312D1DD
:103570007A1226D88E828F8312BCD3850882850961
:1035800083E0F8EE28F8E43F12B5B4850882850997
:1035900083A3E0C0E012CBEAD0E0F01226EA12CB1F
:1035A000E0E912CDF6E0C0E012BA94D0E0F0EEFA15
:1035B000EFFB8015F912C32E12B5BC22F583E8F09B
:1035C000A3E9F02274181211A57F04020F1A74F4F3
:1035D000120BCD74E81212588A088B098C0A8D0BD5
:1035E000E9FE901711E064046005E0640870047956
:1035F000C2803AA37808121458E990171812B63FFF
:10360000852182852283780812145874051214E9E2
:10361000EEF074041214E97401F074071214E9E472
:10362000F09017117402F090167D12B6378095F065
:1036300085088285098322E412BD8D12217422F04F
:103640007C187D007900AA21AB22121AD822C082F0
:10365000C08390169912C575600D90169912CC26EC
:10366000901699E4F0A3F012262402C35B74F012C2
:103670000BCD74E81212588A0A8B0B8C088D0989BD
:103680000C7E007F00742F1214E9E0602674301263
:1036900014E912C571800B121AE48A0E8B0FA80E62
:1036A000A90FC3E894F8E994FF50ECE84960E8E812
:1036B000FEE9FF742C1214E9E0FC742D1214E9E009
:1036C000FD740F6C7005740F6D6012901970E064DA
:1036D000026005ECC39D500579C102B7C47428127D
:1036E00014E91214AE9017121214BAE50C901718C0
:1036F000F0EC901716F0EDA3F0742E1214E9E090A0
:103700001719F074FF650A700474FF650B7024903C
:103710001988E0F47003A3E0F4700C121AE4901717
:103720000FEAF0A3EB801590198812CE44E8F0A3BD
:10373000E9800990170FE50AF0A3E50BF0E50845CD
:10374000096017AA08AB091227E0E96401700BAC05
:1037500008AD097A237B17121C707A237B17122776
:10376000E0E970097A237B1779E21221629017024F
:10377000EEF0A3EFF0901705E4F0A3F0901722F01D
:10378000901970E064027008901716740FF0A3F09F
:10379000901711740512B63F74041214E9E4F09006
:1037A00017121214AE8521828522831214BA901743
:1037B00018E0C0E074051214E9D0E0F074071214A8
:1037C000E912B637741802C90D1211A57F06020F4F
:1037D0001AC082C0839017117401F002C35B74F0A9
:1037E000120BCD74E312125874011214E912BCD7F3
:1037F000A3ECF0A3EDF0E9FF7E00750C018E0D8EB9
:103800000E8E0F9017117401F07C187D00790074F2
:1038100005121230121AD874011214E91214AE747F
:10382000051214E91214BA740A1214E9EFF07409BB
:103830001214E97403F0740C1214E9E4F074011228
:1038400014E9850C08850D09850E0A850F0B78088B
:103850001213AFE5084509450A450B60010E7401D6
:10386000780C12110F12CE2570D3AA21AB22795AEF
:10387000122162852182852283E0F508E4F509F5AD
:103880000AF50B8E0CF50DF50EF50F7808790C1274
:103890000A6690837F780C1214767808790C120AE5
:1038A000669083A3780C1214767808790C120B5E5C
:1038B00012BABF12B8CE78081211C012B8DB1211BA
:1038C000A57405121230122174741D02C90D7A00FC
:1038D0007B0490175CE0F9121C46227A007B04906E
:1038E000175CE0F9121C3A74042274F7120BCD7CB9
:1038F000011222C402C34D74F7120BCD7C0080F17B
:1039000074F2120BCD74FD121258EAFEEBFF890C13
:103910008C0D12C9C61226128A088B09EA4B700553
:1039200079CA02BA8F8A828B83A3A3A3A3A3A3A37A
:10393000E064FE7003A3E0F4700579C302BA8F124D
:1039400026D88A0A8B0BA80AA90B850882850983C9
:10395000A3A3A3A3A3A3A3E0687003A3E0697005D6
:1039600079C202BA8F90170F12C571850882850936
:1039700083E0687003A3E069600985088285098394
:1039800012BBEB90170F12CE8F1227B085088285DD
:103990000983A3A3A3A3A3A3A3A3A3A3E0049017B2
:1039A0002212BBD474011214E9740212C864AE0A64
:1039B000AF0BEA4F700302BA86EA12B1BB8882F5F8
:1039C000837406F09016FCE088828983A3F012C805
:1039D000593F12BAA6EE241AF582E43FF58312BCD1
:1039E000D712BA9E740112C3067440F0A3E412BA4F
:1039F000AF12BAB812BA94E50DF0EEFAEFFB12224C
:103A00008EE9FE600302BA88901711740912BAAFEA
:103A100012BBE1901704E0650C6003E50CF07A0539
:103A20007B17794B1221687A0F7B17795012216826
:103A30007A047B1779E11221687A027B1779531295
:103A4000216812BABF90195B12CE8F12270290190B
:103A50005712CE8F1226FC12D03EE4F50AF50B78F1
:103A6000081211C07A0112CE511211A512B8CE124D
:103A7000D03E7402780812110F78081211C012B8E3
:103A8000DB1211A580027E10901568E4F0EEF97447
:103A90000302B7C9EE2411F582E43FF58322EE124A
:103AA000B4193FF58322F5837401F01226D2221255
:103AB000CDFAA3A3A3A3A32212CC1412B5BE2290C5
:103AC000195912B1C490169B12B5BE90195712B174
:103AD000C490169D12B5BE2274F6120BCD74E51279
:103AE000125812BBC48908901711E064046005E005
:103AF0006408700579C202BBBF74261214E9E06441
:103B0000FE7003A3E0F4700579C302BBBF7C197D8E
:103B10000079007402121230121AD890171174032F
:103B200012BD8979501221687426121230794B1215
:103B3000216885218285228312BBEBE5089017045A
:103B4000F074261214E912BBE174251214E9E0F5B1
:103B5000099016FC12BBD474CE55094480C0E074A1
:103B60001A1214E9D0E0F074171214E97402F07418
:103B7000261214E912C571740F1214E912CC4D12F9
:103B8000C57174181214E912C56A740D1214E9E5AE
:103B900008F0740A1214E9E4F0901717740FF07A21
:103BA000177B177954122168901716740FF07A1644
:103BB0007B177947122168740212123012216E7439
:103BC0001B02B427852182852283ECF0A3EDF0EA65
:103BD000FEEBFF22F0EEFCEFFD7A237B17121C7048
:103BE0002212B1C490170512B5BE2212CE4812B5EA
:103BF000BE2274F7120BCD74F81212587E008A821E
:103C00008B83A3A3A3E0C0E074041214E9D0E012F4
:103C1000BC65E0C0E074061214E9D0E0F0901974BD
:103C2000E0C0E074071214E9D0E012CC2012C57590
:103C3000600D8A828B8312CE8F122228E9701F7446
:103C4000051214E9E412BAAA74021214E9EAF0A304
:103C5000EB12CC5174FDF0A374FF12BCCBFEEEF955
:103C6000740802C34A12CC20A3A32274F7120BCD0E
:103C700074F8121258EAFEEBFF7900901711E06415
:103C8000086005E06404704185218285228374FD0B
:103C9000F0A374FF12BAAA74021214E912BCD7740A
:103CA000051214E912B28FE0C0E074041214E9D0D6
:103CB000E012BF61E0C0E074061214E9D0E0F074D5
:103CC000071214E9E412BCCBF9809512BD8D1227BE
:103CD0002CE922A3A3A3A3EAF0A3EBF02274F7122A
:103CE0000BCD790112215CE9FE12221C12269012E2
:103CF000262490175CE0F91225BEEEF902C34D743C
:103D0000F2120BCDECFEEDFF750800E92479602678
:103D100024FC605924F3600F24FC601014604E14DE
:103D20007043901711804E9016FF8049122798EA31
:103D30008E828F8380447508C11227A48B0DA90D34
:103D4000EA4960378A088B09750A0078081211C49D
:103D50007C177D00EEFAEFFB121ACC74031211A54A
:103D60007508008016747F29C3945840057508C9EA
:103D7000800912BD7EE08C828D83F002B114746DD7
:103D800029F582E43416F5832212BD8D22F0AA2192
:103D9000AB222274F5120BCD8A088B098A828B83A1
:103DA00012B142EE4F700302BF3B9016B812C575B8
:103DB00060178A828B83A3A3E0F9EEFAEFFB9016DB
:103DC000B9E0F5838882122C7A8E828F83A3A3A315
:103DD000A3A3A3A3A3A3E06402600302BEA98E82EF
:103DE0008F83A3A3A3A3A3A3E05402700302BECDB9
:103DF000850882850983A3A3E064E9700302BECD30
:103E0000850882850983A3A3E064CD700302BECD3B
:103E1000850882850983A3A3E064F0700302BECD08
:103E2000EE240D12C2DD6024EE241312C9AE601C14
:103E30008E828F83A3A3A3A3A3A3A3A3A3A312BF31
:103E40004F701D7A307B01121F768014901978E034
:103E5000048E828F83A3A3A3A3A3A3A3A3A3A3F0EE
:103E6000850882850983A3A3E0701F750A00800975
:103E70007A367B01121F76050A850882850983A39D
:103E8000A3A3E0F8E50AC39840E6EE240A12C9AEFF
:103E900014F0C0E012BA9ED0E012C2F77404F090A1
:103EA000197912CC0EE812BF3E8E828F83A3A3A392
:103EB000A3A3A3A3A3A3E0640260128E828F83A3B3
:103EC000A3A3A3A3A3A3A3A3E06406706E8E828F13
:103ED00083A3A3A3A3A3A3E0A2E0505F85088285E8
:103EE0000983A3A3E0F9EEFAEFFB12252E8E828F51
:103EF00083A3A3A3A3A3A3E054FE12BF4F8508820C
:103F0000850983A3A3702AE070237A2F7B01121FF7
:103F1000767E00850882850983A3A3A3E0F8EEC31B
:103F20009850187A367B01121F760E80E67A31801F
:103F300005E070077A2D7B01121F7602B431F0A3E1
:103F4000E9F07A207B0090175CE0F9121B2C22121A
:103F5000BF6112CE7D12C90712BF5C22122750E941
:103F600022F08E828F832274F0120BCD74BB12125A
:103F70005812BBC4750E00750F007402121238126D
:103F8000244A740F1214E9E0700874121214E9E064
:103F9000601674021214E9E0A2E650118E828F833B
:103FA00012CE8612BF5C60057A3502C0C074021260
:103FB00014E9E0540C64047004D2008002C200E0F2
:103FC000A2E55036750F01A200402F12C3117003F5
:103FD000A3E069700512C2DA706B12C3117003A3FB
:103FE000E069601612C2DA701112C327740212124D
:103FF00038122504E9600302C0BE12C2DA702A74C6
:10400000021214E9E0A2E6502074031214E9E0540D
:1040100003701674021214E9E0540C640C600AE098
:10402000540C64086003750E0174021214E9E05424
:1040300003F87402687022740212123812C3271235
:10404000245C02C2C98E828F8312CE8612B1BA74EA
:10405000171214E912C56A80937401687045E50E61
:10406000A2E0500D12C2DA7008740212123812C3A4
:10407000347402121228741C1214E9E8F0A3E91235
:10408000B1B974191214E9E8F0A3E912C2F2C0E060
:10409000741B1214E9D0E0F074191212301223D2FA
:1040A00002C2C9E8600302C2C99016F9E064017057
:1040B000178E828F83A3A3A3A3A3A3E0700A7A34ED
:1040C0007B01121F7602C2C974441214E9740212F1
:1040D000B1B9743C1214E912C2E7F583E054807060
:1040E0000302C1E674261214E9740212C2F712C563
:1040F00071741E1214E912C56A74051214E9E0C045
:10410000E074271214E9D0E0F074041214E9E0C05E
:10411000E074281214E9D0E0F090170F12C5717402
:10412000291214E912C56A74081214E912C57174CF
:104130002B1214E912C56A740A1214E912C57174BB
:104140002D1214E912C56A74121214E9E0F8742FE2
:104150001214E9E8F0A3E4F074101214E912C57126
:1041600074311214E912C2E712C56F74331214E9E4
:1041700012C302E0C0E074351214E9D0E012B2902C
:10418000A3A3A3E0C0E074361214E9D0E0F012C992
:10419000ABC0E074371214E9D0E0F074131214E9E4
:1041A000E0C0E074381214E9D0E0F074151214E99C
:1041B000E0C0E074391214E9D0E0F0EE242312C913
:1041C000AEC0E0743A1214E9D0E0F0EE242512C932
:1041D000AEC0E0743B1214E9D0E0F0741E1212304D
:1041E00012246202C2C974551214E97808121476B6
:1041F000A200400302C27DEE240F12C9AEC0E074DB
:10420000141214E9D0E0F09016BA12C575700302CA
:10421000C2C912CC3C743C1214E9E0687003A3E0FC
:1042200069600302C2C9EE242312C2CE1211CCEE81
:104230002421F582E43FF583120FA378081211C000
:10424000E50FF50878081211CC8E828F83A3A3A303
:10425000A3E0F50878081211CC74091214E9120FC2
:10426000A3A90E740D12123874471212309016BAA8
:1042700012C3DA122C7A740B1211A5804CE50EA22F
:10428000E05008740212123812C334EE241112C224
:10429000CE1211CC78081211C0E50FF5087808127B
:1042A00011CC74061214E9120FA390170F120FA36A
:1042B000EE241212C9AEF97446121238740C12129E
:1042C0003012253A740A1211A5744502C90DF582FF
:1042D000E43FF583E0F50C780C22EE2421F582E42E
:1042E0003FF583E054802212B5BEEE2421F582E42E
:1042F0003F2212C9B6E02212C2FB2212C9BAA3A3FE
:10430000A322E8F0A3E9F0EE240FF582E43FF58361
:10431000221226D88A088B09A808A90912C3216885
:1043200022EE12B52EE02212C32E12C90522EE1281
:10433000C4953F2212C32E12C9051224502274F7CD
:10434000120BCD121EF88005740D1211A57F01020B
:104350000F1AC082C083121EFE8000D083D082025A
:10436000117274F7120BCD121F0480E1C082C0835A
:10437000121F0A80E6C082C083121F1080DD74F70E
:10438000120BCD121F1680C574F7120BCDE9FE90EB
:1043900016FCE0A2E340169016C41214AEE8494A97
:1043A0004B600A7A087B009016A712BF49EEF912FB
:1043B0001F1C02C34D74F7120BCDEAFEEBFF740114
:1043C00069701479001223849032C7E493FC790059
:1043D000EEFAEFFB12236602C34D12CE7D2274F774
:1043E000120BCD121F2202C34D74F7120BCD901980
:1043F000E1E0F97800800B12C684540D640170016D
:10440000190812C69D5003E970ED02C34D74F712EE
:104410000BCD9019E2E0F97800800B12C684548D20
:1044200064817001190812C69D5003E970ED02C342
:104430004D74F2120BCD890AE975F007A4A9F02496
:104440000FFEE439FFEE2AFAE43FFB12C483602C2E
:10445000EEFCEFFD7900121AD8E50812C48D12C6E1
:10446000C0E50AF0E5082EF8E5093FF985088285E0
:104470000983A3A3A3A3A3A3A312C568AA08AB0996
:1044800002B7CC121B808A088B09EA4B2212C49116
:104490002212C49522240BF582E42274F6120BCD6D
:1044A0008A088B09122342E9F89019E0E0F9E8C381
:1044B0009940099016A312CE8F122348E5082402D2
:1044C000FEE43509FF9016A512CC36F09016A5E053
:1044D00004F0AA08AB0912234E8E828F83E002B348
:1044E00084C082C08379009016A3800109E0FAA3FA
:1044F000E08A82F583E582458370F102C35B74F73D
:10450000120BCDEAFEEBFFEA4F605A9016A312C5DC
:10451000756052888289837A007B00EE6582700321
:10452000EF65836013AA82AB8312CDF18882F58395
:10453000E5824583602F80E39016A3E0F8EE687073
:1045400002EF698E828F83700812C5719016A38066
:104550000312B41F12C56AEEFAEFFB122402EEFA40
:10456000EFFB121B8602C34DA3A312B5BE2239F581
:104570008312B1C42212B1C4E84922C082C0839020
:1045800016A380048882898312C575600A8882898F
:104590008312B49C4D70ED8A828B83E4F0A3F0E823
:1045A0004960068882898380039016A312BCD702D3
:1045B000C35B74F7120BCDE9FD9016A380048A82C9
:1045C0008B8312C5EB601D7C0080010C12C639EC98
:1045D000C39850EAEC75F007A4F8A9F012C6306D44
:1045E00070E980047A007B0002C34D12C907EA4BD0
:1045F0002274F7120BCDE9FE7D0080010D12C63941
:10460000EDC3985024ED75F007A4F8AFF0EFF91260
:10461000C6306E70E7ED75F007A4F812C6AF4CF027
:10462000E8240FFAE439FB80047A007B0002C34DD2
:1046300012C6A7241312C6B82212CE1CF82274F692
:10464000120BCDE9FEEAFF1223548A088B09A80851
:10465000A909EA49602B7C00801AEC75F007A4FADE
:10466000ABF0E82AFAE93BFB12B41812C9EF6E70FE
:1046700002EFF00CE812C48D12CE2EFAECC39A4071
:10468000D902B42AE875F007A4FCADF0EA2CFCEBE3
:104690003DFDEC2414F582E43DF583E02212CE1CAE
:1046A000FCE8C39C22EFF9EA28F8EB39F9E822127A
:1046B000C6A5241412C6B822F582E439F583E02297
:1046C00012B09C2274F1120BCD74F5121258EAFE4E
:1046D000EBFF89088C09E9A2E050117EFC7FFFA264
:1046E000E15005D2E402C768D2E3807C12C8EF70C3
:1046F00003A3E069600EAC087902EEFAEFFB122327
:10470000A2E97005790002C846E508F50A780A12A0
:1047100011CC790212C84B1211A5E9600302C844FA
:10472000E508C2E5F508A2E640407403121238EE2F
:10473000FAEFFB122234E9702B12C9C6EEFAEFFB36
:1047400012278C8A0A8B0BEA4B601FEA2402FAE4D8
:10475000350BFB122228E9601112B4A9740312125E
:1047600030121C70E508D2E5F5089016A6E0F50EAB
:1047700090170212B440780A1211C87D017C009093
:1047800016A6E0F9AA0AAB0B12238A74021211A52D
:10479000E9F89016A6E004F0E9600302C844E508D1
:1047A000A2E55004740E80027406C0E07401121475
:1047B000E9D0E012C864EA4B700302C84012C8593D
:1047C000350B12BAA6E50A241A12C88AEAF0A3EB3E
:1047D00012C88112C5718882F5837401F07478550E
:1047E00008A312D182E50EF0EE88828983A3A3A3E9
:1047F000F0EF12C86FE4F0E508A2E5500F74031261
:104800001238E82406FAE439FB121C70850A828506
:104810000B83A3A374FDF0A374FFF0E50960169069
:1048200032D0E493F8E509C398500AE50A2413123C
:10483000C88AE509F0AA0AAB0B12228EE9F98006B4
:104840007910800279C7740B02C8E77CFE7DFFEE09
:10485000FAEFFB122378740122EA12C85E222417B1
:10486000F582E42212BD8D1227448A0A8B0B22881E
:10487000828983A3A3A3A312C87B2212CDE2A3A3A0
:1048800022F0E50A240B12C88A22F582E4350BF5E2
:10489000832274F4120BCD7A007B1012C9CD60080C
:1048A00090176E7401F0803C90167BE064019019C3
:1048B000717006E0FC79018004E0FC79037A007BEA
:1048C000001223669032ACE493F508740193F50965
:1048D000E4F50AF50B78081211C07A007B1012B8C3
:1048E000DF1211A502B5C91211A57F07020F1A1216
:1048F00023A88A0A8B0BA80AA90B901702E068224A
:1049000012CE7DE022F583E0FAA3E0FB221211A58E
:104910007F08020F1A74F4120BCD8A088B09ECFE83
:10492000EDFF750A01901702E06A7003A3E06B6067
:1049300013750A00780A1211CC12276E7401121135
:10494000A5E9F50A7900AA08AB0912C99A7003A370
:10495000E06970417900EEFAEFFB12239CEA4B60AC
:104960002B8A828B83A3A3A3A3A3A3E05418601C68
:104970007508FE7509FF78081211C88A828B83A317
:10498000A3120FA312D06B1211A580097901EEFAC0
:10499000EFFB12231EA90A02B5C91223A88A088BAD
:1049A00009A808A909901702E06822EE2411F582EF
:1049B000E43FF583E02212C9BA22F08E828F83A3EE
:1049C000A3A3A3A3A32290170F12D0802290175C59
:1049D000E0F9121C4CEA4B4C4D2212C9E0E068226F
:1049E00012C9E422E0F8A3E0F98E828F83A3223B70
:1049F000F583E0223B12C9052274F2120BCDEAFEC8
:104A0000EBFF8C088D09890B74FC6E700374FF6FCB
:104A1000700302CBC979001223A88A0C8B0DAE0C4F
:104A2000AF0D740E1214E9E0F50A901702E06E70F3
:104A300003A3E06F7009E50AA2E6400302CBC9A90F
:104A40000A12CBCE703B79007AFE7BFF12CBCE7080
:104A5000307418550A700302CAF67A0080010A9071
:104A600032C312CBF7400302CAF6EA75F007A4F886
:104A7000A9F012CF8F541870E5745028F8740A39D1
:104A8000F988828983EEF0A3EFF074FE6508700464
:104A900074FF6509600D88828983A3A3E508F0A3EC
:104AA000E509F088828983A3A3A3A3A3A3E50AF061
:104AB000A2E0500D88828983A3A3A3A3A3A3D2E27B
:104AC000F07401650B88828983A3A3A3A3A370312B
:104AD000740112CDE8E0541860219032CAE4938842
:104AE000828983A3A3A3A3F012CC19EA4B6003022B
:104AF000CBC97D008036790202CBCB901701E080D4
:104B0000DEE06401700302CBC988828983A3A3A37A
:104B1000A3A3A3E0541860079032CAE493800490E2
:104B20001700E012C86FE50B02CBC80D9032BEE44F
:104B300093F8EDC398400302CBC97C00802DEC753F
:104B4000F007A4F8A9F0745228F582740A12C56E11
:104B5000ED75F017A4FAABF074F42AF5827409121B
:104B6000C9EF687003A3E06960C10C9032C312B44E
:104B70003940CBE4936C70B3ED75F017A4F8A9F04D
:104B800074F428FE740939FF7C177D007900EEFA71
:104B9000EFFB121AD88E828F83E508F0A3E509F0A7
:104BA00090170F12CC0EA3A3A3A3A3A312C3027446
:104BB000AAF012CBE0740112CBFE5001097A027BFD
:104BC000001208D112CBEAE8F0790002B7CC12CB80
:104BD000D8A80CA90DEA492212239C8A0C8B0D221D
:104BE000EE240EF582E43FF58322EE240DF582E4F7
:104BF0003FF583229032C9E493F8EAC39822F01279
:104C0000CC03229032BBE49379002401F82212CC29
:104C100014A3A32212C9E4A32212CE0B1227B62298
:104C2000F08A828B832212C907121B862212B1C41A
:104C3000901702E06822E08E828F83221226D88AA3
:104C40000C8B0DA80CA90D2212B09CE022E8F0A359
:104C5000E9F085218285228322F088828983A3223C
:104C600074F3120BCD89088A09ECFEEDFF9032BD7A
:104C700012CCB25033750C008002050CE50CC395C4
:104C800008501B1226D8A80CE828F8E433F9EE28BF
:104C9000F582EF12CE2E6A7003A3E06B70DCE5099B
:104CA000650C70047901800279007F05020F1A906B
:104CB00032C0E493F8E9C3982274F6120BCDE9FEF2
:104CC00079001223A8EEF912239C8B09A909EA495D
:104CD000601D8A828B8312D17B8A828B83A3A3146B
:104CE00012CCF8E412CCF412CCF4A3F0F9800279DF
:104CF0000402B42A12CE0022F0A30412CC20A3A3F3
:104D0000A3A32274F0120BCD8A0C8B0DE9FE8C0844
:104D1000EDFF122396E9F974101214E9E0F50EA3E1
:104D2000E0F50F12CCAF5043E9F50A750B007403A0
:104D3000780A1213637486250AF582740B12C88DE3
:104D4000E0F8E508C398501FEF6074E9F50A750BA9
:104D5000007403780A12136312CDC4A3A3A3A3A300
:104D6000E50812CDD480577903805679007AFE7B0E
:104D7000FF122396E9F99032C0E493697004790236
:104D8000803FEF603AE9F50A750B007403780A1268
:104D9000136312CDC4E50CF0A3E50D12CDD412CDF2
:104DA000E8E50812C87774FFF0EE88828983F090F6
:104DB0001700E088828983A3A3A3A3A3A3A3F07908
:104DC0000002C9107480250AF8740B350BF988822B
:104DD000F583A32212CDDEE50EF0A3E50F2212CD5E
:104DE000E22212CC59A3A32212C87BA3228A828B6F
:104DF00083E0F8A3E02212CDFA2212B62FA3A32259
:104E0000F08A828B83A3A3A3A3A32290170FE0FCB5
:104E1000A3E0FDAA08AB092212CE1C22EA12C49517
:104E20003BF583E022E50C450D450E450F2212C6E9
:104E3000BB22E8FA12CE39E02274C02AF582E434AB
:104E40000BF5832212CE4822E0F8A3E0F990170F69
:104E5000227B0090175CE0F9121C40740422C0828F
:104E6000C08378008001089032CFE493FAE8C39AB7
:104E7000500812CE326970EEE4F002C35BE0F8A392
:104E8000E0F583888222A3A3A3A3A3A3A3A3A312D1
:104E9000C9072274F6120BCDE9FC790080010912D2
:104EA000CCAF5039E9F5087509007403780812137E
:104EB00063748112CEE0740B12CC486A7003A3E0D5
:104EC0006B70DBE9F5087509007403780812136349
:104ED000748012CEE0740B12CC486C70C102B42AFC
:104EE0002508F5822274F7120BCD89085308407EFD
:104EF00000802EEE75F007A4F8A9F0745028F58212
:104F0000740A12CE2E6A7003A3E06B701374FE6AEB
:104F1000700374FF6B605812CF8F54406508604F68
:104F20000E9032C312CF8840CAE4936E705374FE61
:104F30006A700374FF6B70497E0080010E9032C36B
:104F400012CF88503CEE75F007A4F8A9F0745428ED
:104F5000F582740A12CE2E70E3A908EE75F007A44C
:104F6000ABF0745028F582740A12C9F4122384EE4F
:104F700075F007A4F8A9F0745028FA740A39FB8078
:104F8000047A007B0002C34DE493F8EEC3982274C8
:104F90005628F582740A12C6BB2274F4120BCDEAAD
:104FA000FEEBFF890B8C0A740169700C9032C2E42D
:104FB00093F91223BAE970647900EEFAEFFB122339
:104FC000A8A90A12239C8B09A9097401650B601416
:104FD000EA4960568A828B83A3A3A3A3A3E0650B4F
:104FE00070488038EA4960198A828B83A3A3A3A3FF
:104FF000A3E06401700B8A828B83A3A312D041804B
:105000000AE50AA2E640238E088F0974FE6508703F
:105010000474FF6509601312D02F60047900800CBE
:10502000EE65087003EF650970DD790102B5C9907E
:1050300032C2E493F9AA08AB091223BAE922901903
:105040005BE0F508A3E0F5092274F6120BCDE9A2A6
:10505000E6501579FF122420EA4B600890170212DF
:10506000CE8F80047AFE7BFF02B42A79009017026B
:1050700012D0808A828B8312C9071223AE74042255
:10508000E0FCA3E0FD2274F1120BCDEAFEEBFF8CF5
:10509000088D09E9600C750A00780A1211CC790BA9
:1050A000806E7900AA08AB0912239C8A0A8B0BEA4E
:1050B0004B60658A828B83A3A3A3A3A3A3E0A2E092
:1050C00050568E0C8F0D780C1211C874111214E901
:1050D00012C9C974131214E912CE8F1227C27402B6
:1050E0001211A58A0C8B0DA80CA90D74FE68700313
:1050F00074FF696023850A82850B8312BCD5750A0B
:1051000000780A1211CC790CEEFCEFFDAA08AB096D
:1051100012276E74011211A502C8EAC082C08378FA
:1051200050790A7C00804588828983A3A3A3A3A326
:10513000A3E0A2E0402E88828983A3A3E06A7003E3
:10514000A3E06B701F88828983A3A3A3A3A3E06459
:1051500001701188828983A3A3A3A3A3740312D12E
:105160008212D17B0CE82407F85001099032C3E485
:1051700093FDECC39D40B002C35BA374FEF0A30497
:10518000F02212CC59A32274F4120BCD890812D14B
:10519000DA603B8A828B83A3A312D1D3F98E828FEC
:1051A00083A3E06029E960269016FBE06401700D9E
:1051B0008E828F83A3E0C3995003E980068E828F8D
:1051C00083A3E0F8E508C3984004790180027900E0
:1051D00002B5C9E0F91227CEE92290170F12D0804C
:1051E0001227B68A0A8B0BAE0AAF0BEA4F22C08297
:1051F000C0839005B6E4F0A3F09005C004F09005DC
:10520000B9E4F0A3F09005BBF09005BEF0A3F090D8
:1052100005BDF09005B502DDE2C082C0839005C0F7
:10522000E4F012153E12153812152602DDE374F76C
:10523000120BCD8C08EDFE9005B5E06021121FEE3B
:10524000E9F974FF696017740165087006EEFD7C6A
:10525000008004EEFD7C017A007B00122A9202DCC1
:1052600097C082C0837A807B00900504E0F9121C0D
:105270004CEA4B4C4D701C7A807B00900504E0F9A1
:10528000121C469005B6E4F0A3F09005B874FFF048
:1052900012155C02DDE374F4120BCD7A807B009072
:1052A0000504E0F9121C4C8B098C0A8D0BEA4509A8
:1052B000450A450B601E9005B6120FA3122BA6746B
:1052C000021211A58A088B091215687901AA08AB88
:1052D0000912150E122BB27F04020F1A74E8120B7A
:1052E000CD8A108B118C128D13750C00750D007505
:1052F0000E00750F0074181214E912EBA678141240
:10530000147678087914120A66781079081214292C
:10531000401385080C85090D850A0E850B0F780C46
:105320007910121300850C08850D09850E0A850F6A
:105330000B9083A3781012147678087910120B5E04
:10534000AC08AD099083A37808121476780C79081C
:10535000120B5EE5084509450A450B6008EC24017F
:10536000FAE43D8003ECFAEDFB7F10020F1A74F7AC
:10537000120BCD79009005B612DF3F12150E7EFF9D
:105380007CFF7DFF7F00801812F0C5EAC398F8EB20
:1053900099F9C3E89CE99D5006EFFEE8FCE9FD0F92
:1053A0009005B5E0F8EFC3985019EF12DD6F50EF9C
:1053B00012DDD660EA74FF6A700374FF6B60E0EC84
:1053C0004D70C574FF6E604FEE12DC0588828983D4
:1053D000A3A3A3A3A3A3C082C08312F0C5D083D08C
:1053E00082E0C398F8A3E099F9E84960099005B60E
:1053F000E8F0A3E9801DEE9005B8F079FF12155092
:105400007DFF7CFF7A007B00EEF9122A929005B6B0
:10541000E4F0A3F012155C02DC9774E2120BCD7479
:10542000F81212588A148B15EA2416F516E435156D
:10543000F517851682F583E0F912156E8B09EA459A
:1054400009603BE5142417F582E43515F583E0F592
:1054500018A3E0F519851882F583E06021F5087539
:10546000090074027808121363E5082401FAE43590
:1054700009FB121B808A0A8B0BEA450B7005790029
:1054800002D74D12156812154AE96009AA0AAB0B3A
:10549000121B8680E9750800750E00750900E51479
:1054A0002408F51AE43515F51B803D798DE50EF5D8
:1054B0001075110074027810121363E50A2510FAB2
:1054C000E50B3511FBE98A828B83A3F0850C82857D
:1054D0000D83E08A828B83A3A3F08E828F8312DCFC
:1054E0002712E939050E0509851882851983E0F828
:1054F000E509C398400302D69CE50975F00CA4F8B1
:10550000A9F0E51828F582E51939F583A385820C01
:1055100085830DA3AE82AF8312E91D12152CE9F528
:105520000FA821A9228810891178101211C88E8223
:105530008F8312E91D121D1274021211A5E9F8746D
:10554000FF650F6003E87005798702D4AD850C8292
:10555000850D83E07090E50C2403F510E4350DF51E
:1055600011851082F583E0F874041214E9E0686094
:105570000302D4AB74051214E9E0A2E2400302D6A0
:1055800097E50F75F015A4FEAFF012D7572405F874
:10559000E43BF9850C82850D83A3A3A3A3E0F51258
:1055A000A3E0F513E50C2406FCE4350DFD74FF655E
:1055B00012700474FF6513706C8C828D83E0F51C8F
:1055C000A3E0F51DE51C451D705B7508018A828B03
:1055D00083A3A3A3A3A3A3A3A3A312E8FD88828903
:1055E00083ECF0A3EDF012DEF112E9327C047D00D1
:1055F0007900EA240DFA50010B121AD812D7572459
:1056000011F510E43BF51175120078101211C47CED
:10561000047D00EA240DFA50010B121ACC74031217
:1056200011A502D4E675080188828983E512F0A3EA
:10563000E513F08C828D8312E93285108285118307
:10564000E0F9121D3CE9700302D4E67C047D007988
:105650000012D757240DFA50010B121AD885108268
:10566000851183E0F9121D42E9F9850C82850D83CD
:10567000A3A3A3A3A3A3A3A3A3A312E9071211C4E3
:10568000E9FC7D009005B9E02EF8A3E03FF9E8249D
:105690000DFAE439FB8083798C02D4ADE5086040D3
:1056A0009005B9120FA312E33D121BF874021211F8
:1056B000A5E970299005B9120FA39005BBE075F01C
:1056C00015A4F508E5F0F50978081211C87C007DED
:1056D000007A567B00121C0474041211A512156284
:1056E000850A82850B83E50EF0700BA3E4F0850A32
:1056F00082850B8304F0851482851583A3A3A3A35D
:10570000A3A3E0F50878081211CC750801780812F7
:1057100011CC78081211CC780A1211C8851A82852A
:105720001B8312E8FDE514240AFAE43515FB8516FF
:1057300082851783E0F9121CE274051211A5AA0AEA
:10574000AB0B121B86121526122BB27901740812AC
:1057500011A57F16020F1A9005B9E02EFAA3E03FBB
:10576000FBEA2274E4120BCD74F81212588A0C8BE7
:105770000D750800EA2416F516E4350DF5178516A3
:1057800082F583E0F912156E8A0A8B0BAE0AAF0B15
:10579000EE4F700302D82EE50C2417F582E4350D88
:1057A000F58312E8CE750A00E50C2408F514E435FB
:1057B0000DF515805AA821A922880E890F780E129E
:1057C00011C8E50A75F003A4F8A9F0E51028F582E0
:1057D000E51139F583A3A312D9B512D9C2E0F912A4
:1057E0001D1274021211A5E9602374041214E9E079
:1057F000F9121D3CE9601674041214E9E0F9121D57
:1058000042E9F8A2E0500108E82508F508050A1267
:10581000E91040A175F00DE8A404AA082AFAE434BE
:1058200000FB121B808A088B09EA45097005790084
:1058300002D9AB12154AE96009AA08AB09121B8606
:1058400080EC850882850983E4F0750A00802C7558
:105850000B868E828F83E50BF0851882851983A3D2
:10586000E08E828F83A3F0850E82850F8312F0D1A4
:105870008E828F83A3A312DAFC050A851682851710
:1058800083E0F985148285158312DF3F12E9104009
:105890000302D964AC0AEC75F00DA4FEAFF0E50884
:1058A0002EF582E5093FF583A3AE82AF83750B0029
:1058B000EC75F003A4FCADF0E5102CF518E5113DF6
:1058C000F519E5182402F50EE43519F50F850E8259
:1058D000F58312E8FD12152CE9F512A821A92288FA
:1058E0001A891B781A1211C8850E82850F8312D966
:1058F000B512E926121D1274021211A5E9F874FFFF
:105900006512700302D84FE8700302D84F74051275
:1059100014E9E0A2E2504774041214E9E08E828F89
:1059200083A3A3A3A3F0E51275F015A4F8A9F09042
:1059300005B9E028F8A3E039F988828983A3A31286
:10594000D9BFA3A3A312DB8A12D9BF12DB7DE8243F
:105950000DF850010912F0A812E93C02D852750B5B
:105960008C02D852850C82850D83A3A3A3A3A3A385
:10597000E0F50A780A1211CC750A01780A1211CCE6
:10598000780A1211CC78081211C8EAFCEBFDE50C7C
:10599000240AFAE4350DFB121CE874051211A5AABD
:1059A00008AB09121B86121526790174081211A57D
:1059B0007F14020F1A12E90185148285158322A330
:1059C000A3A312DF438E828F832274F0120BCD7556
:1059D0000C00750D008011E0A2E0500A7DFF7C01F3
:1059E00012DA64122BB8050D9005B5E0F8E50DC389
:1059F000985041E50D12DC19A3858208858309EED4
:105A00002402F8E43FF9880A890B7C008882F58338
:105A100012DA6A1215C88B0FEA450F8E828F8360E7
:105A2000B6E0A2E0400A7DFF7C0012DA64122BB8D7
:105A3000050C80B27A807B00900504E0F9121C4CC2
:105A4000EA4B4C4D6012E50C70157A807B00900596
:105A500004E0F9121C468007E50C6003122BB27FAC
:105A600008020F1A850A82850B8312DF438508829C
:105A7000850983E0F922C082C0837C00ECF8EA2823
:105A8000F8E43BF988828983A3A3E412EF1EA3A361
:105A9000A3A3A3A3F00CECC3940440E08A828B83FD
:105AA000E4F0A302DDE274F4120BCD8A088B09EC5A
:105AB000FEEDFF7A047B00121B808A0A8B0BA80A7A
:105AC000A90BE84970047901801C88828983EEF073
:105AD000A3EFF0850882850983A3AA82AB8312DA3B
:105AE000E912DAFC790002D2D712E90188828983AF
:105AF000A3A3ECF0A3EDF08A828B8322E8F0A3E964
:105B000012E8D604F02274F7120BCDE9FF9005B528
:105B1000E0C3940A40047901805412DB71F87405E3
:105B200039F9EF8882898312EF1D12DB8AECF0A32A
:105B3000EDF074091214E912ECF812DB7E740B120A
:105B400014E912DF3F12DB78E8240AF850010988D3
:105B500082898312EF1AF09005B512DB71F5827419
:105B60000539F583E4F09005B5E004F0790002DC36
:105B70009712E24B7433282288828983A3A3A3A3BC
:105B8000A3A3A3A3EAF0A3EBF022A3A3EAF0A3EB61
:105B9000F088828983A3A3A3A32274F6120BCD8A73
:105BA00009E912DC05E8FAE9FBE50912DC1912DC67
:105BB0002512E93A8E828F83A3E08A828B83A31217
:105BC000DC41A3A312DEFB12DC3512DC2712DC352C
:105BD000A3A312DC25A312E935EE240AF8E43FF969
:105BE00088828983EA240AFCE43BFD74031210EEE8
:105BF0008E828F83E08A828B8312EF1E12EF1AF05F
:105C00007F02020F1A12DC092275F00DA4F8A9F028
:105C1000743328F8740539F92212DC09E8FEE9FF2B
:105C20008E828F8322A3A312DC2B22E0F8A3E0F95B
:105C30008A828B8322A3A3A3A3E8F0A3E912DC4109
:105C400022F08E828F83A3A3A3A32274F7120BCD1D
:105C5000E9FF9005B5E0F8EFC3984004790180377B
:105C6000EF12DC0512DB7874FF6C601274016C8833
:105C70008289837005E0D2E08003E0C2E0F074FF27
:105C80006D601274016D888289837005E0D2E180B5
:105C900003E0C2E1F079007F01020F1A74F7120BE2
:105CA000CDE9FF79FF78008001089005B5E0FCE8B8
:105CB000C39C502AE875F00DA4FCADF074332CFCA5
:105CC00074053DFD8C828D83A3E06F70DC8C828D2A
:105CD00083A3A3E06A7003A3E06B70CDE8F980B7FB
:105CE00074F2120BCD890D750C00801E8E828F838D
:105CF000E02AFCA3E03BFD8E828F83ECF0A3EDF065
:105D000088828983E0C2E1F0050C9005B5E0F8E5F2
:105D10000CC3985055E50C12DD6F50ECE50D600595
:105D2000E0A2E140DBE82406FCE439FD8C828D83AF
:105D300012DF1760CB74FF6508700474FF6509609B
:105D4000BFE82408FEE439FF8E828F83E02AF50A3B
:105D5000A3E03BF50BC3E508950AE509950B508CCC
:105D60008C828D83E0FCA3E0808C7F06020F1A12E8
:105D7000DC0988828983E0A2E022C082C0838A8213
:105D80008B8380058A828B83A312DDDB60428A824B
:105D90008B8312E5AAE0FC852182852283E06C706A
:105DA000E388828983A3A3A312E8FD74031214E994
:105DB000E06C7003A3E06D70CB8882898312F0D011
:105DC00074011214E9E0687003A3E06970B68004FE
:105DD0007A007B00800DA3A3A3A3A3A312DF43EA51
:105DE0004B22F0D083D08202117274F7120BCDE9EE
:105DF00060229005BCF075F015A4FAABF0121B8080
:105E00009005B912DB849005BBE4F012DF947004B6
:105E100079018002790002DC9774F5120BCDE9FE5E
:105E20008A088B0912DF94600D9005BCE0F890059C
:105E3000BBE0C3984005790102DEEC12DF018A82E3
:105E4000F583EEF09005BB12DF09F8A3E039F9E81D
:105E5000FAE9FB8A828B83A3E508F0A3E50912E542
:105E6000B2A3ECF0A3EDF0740B1214E912DC2712CC
:105E7000E937740D1214E912E932740F1214E912A1
:105E8000DF17601B750A0078081211C47C047D00BE
:105E9000EA240DFA50010B121ACC74031211A590CA
:105EA00005BB12DF01FB74111214E912DEFB12E9CB
:105EB0003574131214E912F0D112DEF112E93C74B8
:105EC000151214E912DF17601B750A007808121109
:105ED000C47C047D00EA2411FA50010B121ACC7420
:105EE000031211A59005BBE004F079007F03020FB7
:105EF0001AEA240BF582E43BF5832212DC2BA3A3E0
:105F00002212DF09FAA3E03922E075F015A4F8A9FE
:105F1000F09005B9E0282212EEEFE508450922C00D
:105F200082C08312DF9460149005B912DF3F121B08
:105F3000869005BBE4F09005B9F0A3F002DDE31212
:105F4000DF4322E0FAA3E0FB2274F7120BCD8908AD
:105F500012DF94603A79008001099005BBE0F8E90E
:105F6000C398502BE975F015A4FEAFF012E06165FF
:105F70000870E6A3E06A7003A3E06B70DC8E828F8A
:105F800083A3A3A3E06C7003A3E06D70CC800279BF
:105F9000FF02DC979005B912F0D5E8492274F1129E
:105FA0000BCD890E8C828D8374FFF0A3F0740F12D9
:105FB00014E912E5AA74FFF0A3F0750A009005B980
:105FC00012E584700302E056750B008077E50B75CF
:105FD000F015A4FE85F008AF0812E061650E70624E
:105FE000A3E06A7003A3E06B7058050A8E828F836A
:105FF000A3A3A3A3A3E0F50CA3E0F50D8C828D83EE
:1060000012EEEBC3E50C9508E50D9509500B8C825B
:106010008D83E50CF0A3E50DF08E828F83A3A3A3FF
:10602000A3A3A3A312EEEB8882898312E255C3E5F2
:10603000089EE5099F500B88828983E508F0A3E557
:1060400009F0050B9005BBE0FEE50BC39E50030273
:10605000DFCDE50A70047901800279007F07020F25
:106060001A9005B9E02EFEA3E03FFF8E828F83E0F9
:106070002274EC120BCD74F612125874021214E949
:1060800074FFF0A3F0852182852283F0A3F07513BD
:106090000012DF947005790102E246750E0002E1FC
:1060A0007DA821A922880C890D780C1211C87404CE
:1060B000121238EEFAEFFBA908121532740212110F
:1060C000A5E9600302E17BE4F50CF50D780C1211F3
:1060D000C874021214E9120FA374061214E912E232
:1060E00061122BF474041211A5E9600302E2417AF3
:1060F0000A7B00121B808A0C8B0DEA450D7003028F
:10610000E241122AF812E26B1211C47C047D00E510
:106110000C2406FAE4350DFB121ACC74031211A5F7
:106120007404121228880A890B780A1211C812E224
:106130005B12157474021211A5E9640170207408D1
:106140001214E912EF081211C47C047D00E50C243E
:1061500002FAE4350DFB121ACC74031211A5AC0C33
:10616000AD0D9005B512E24B743028FA740539FB79
:1061700012205AE96401700302E241050E9005BB4A
:10618000E0F8E50EC398400302E244E50E75F01511
:10619000A4F50AE5F0F50B12E28EE0F50812E254E0
:1061A000EEFAEFFBA908121FEEE9F50F74FF650F79
:1061B000700302E0A17A0A7B00121B808A0C8B0D0F
:1061C000EA450D607C122AF812E26B1211C47C04BD
:1061D0007D00E50C2406FAE4350DFB121ACC74039D
:1061E0001211A57404121228880A890B780A121158
:1061F000C812E25B12157474021211A5E9640170F1
:106200002074081214E912EF081211C47C047D00F6
:10621000E50C2402FAE4350DFB121ACC74031211BA
:10622000A5AC0CAD0DE50F75F00DA4F8A9F0743D0B
:1062300028FA740539FB12205AE96401600302E16F
:106240007B751302A913740A02EB6EE075F00DA4BE
:10625000F8A9F022A3E0FEA3E0FF22850C82850DC1
:106260008312E901EEFAEFFBA9082212E28EA3A342
:10627000A312DF43850C82850D83EAF0A3EBF0E8DF
:10628000240DF510E439F5117512007810229005EF
:10629000B9E0250AF8A3E0350BF9888289832274D6
:1062A000F6120BCD1215449005B9120FA312E33D5F
:1062B000121BF874021211A5E9F8740A68607B7465
:1062C0000968606E1215267A567B00121BFEEAF8EA
:1062D000EBF97A157B001208D9E8FEF912151AE9D4
:1062E000640160569005B9120FA3EE75F015A4F580
:1062F00008E5F0F50978081211C87C007D007A568F
:106300007B00121C0A74041211A5EE9005BBF080EC
:10631000218A828B8312F0CF9005BE12ED00FEA37E
:10632000E0FF121B869005BDE014F0EEFAEFFB12C1
:106330001B869005BE12DDDC70D702DC009005BB29
:10634000E075F015A4FCADF07A567B002274EA12D9
:106350000BCD74EF12125812DF94600312152675DC
:10636000080090050180618E828F83A3A312E5A0AF
:10637000121D0CEA4B604D8A828B83A3A3A3A3A3B7
:10638000A3A3E0F9603E750A00E50AF50C750D005F
:106390007403780C1213638A828B83A3A3A3A3A331
:1063A000A3A3A3E0250CF8A3E0350D8882F583A311
:1063B000A3A3A3A3E493A2E250020508050AE50AF9
:1063C000C39940C58E828F8312E584709AA9081202
:1063D000151AE9F9600302E57A90050180048E82BE
:1063E0008F8312E584700302E578EE240212E8DF61
:1063F00012E5A0121D0C8A0A8B0BA80AA90BE8490A
:1064000060DCE82407F50EE439F50F850E82F5838C
:10641000E060CB750A00E82408F50CE439F50D803E
:106420007D12E5AAA3A3A3A3A3E0F512A3E0F513AD
:1064300088828983A3A3A3A3A3A3A3E0F514A3E065
:10644000F515850C82850D8312EEDAFBE82409F53B
:1064500010E439F51178101211C878141211C878A7
:10646000121211C878101211C878141211C87812BB
:106470001211C88A828B83A3A3E493FC740193FD59
:106480008A828B83E493FA740193FB8508828509E1
:106490008312E5A0121520740C1211A5050A850EB1
:1064A00082850F8312E916400302E3DEE50AF51246
:1064B000751300740378121213638512108513117B
:1064C00012E58C8A828B83A3A3A3A3A3E493A2E205
:1064D00050CA12F0B2E0C0E074041214E9D0E01225
:1064E000DAF612EED274051214E9E8F0A3E912E527
:1064F000B212EED274071214E912E93C74041214B9
:10650000E9740D120FA77ABD7B05121514740D12D4
:1065100011A58A828B83E5824583600302E4219082
:106520008317AC21AD2274041210EE12E58CA82161
:10653000A9228810891178101211C87510FF7511E1
:10654000FF78101211C875100A7511007810121119
:10655000C874061212288810891178101211C87593
:1065600010FF7511FF78101211C875100A7511000F
:1065700078101211C802E473790074111211A57F0A
:106580000E020F1AE0FEA3E0FFEE4F22850C82857B
:106590000D83E02510F8A3E03511F9E8FAE9FB22B4
:1065A00012E5A42212F0BCE0F92212F0D58882890B
:1065B0008322F08A828B83A3A32274F6120BCD90E0
:1065C00005BBE0600812DF9470031215269005B930
:1065D000120FA312E33D121BF874021211A5E9F881
:1065E000740A68600574096870047901804E7A56EF
:1065F0007B00121BFEEAF8EBF97A157B001208D932
:10660000E8FEF912151AE9640170047902802D90F0
:1066100005B9120FA3EE75F015A4F508E5F0F5091C
:1066200078081211C87C007D007A567B00121C0A83
:1066300074041211A5EE9005BBF0790002DC007421
:10664000E4120BCD74EE121258890B7E007F007499
:10665000FF650B70109005B5E0F89005B8E0C398A1
:106660005013E08001E975F00DA4F8A9F074332807
:10667000FE740539FF8E828F83A3A3A3A3A3A3E097
:10668000F47003A3E0F4700302E8C9EE240A12E8F0
:10669000DFE0700302E8C9740E1214E9E4F0740636
:1066A0001214E912EF11A3858216858317E0C0E06A
:1066B000740F1214E9D0E0F090170F12F0D174109B
:1066C0001214E912E93C850882850983E075F0051A
:1066D000A4A9F02401FAE439FB121B808A0C8B0D6B
:1066E000850882850983E0F50E750F007402780E27
:1066F000121363AA0EAB0F121B808A0E8B0F8A1423
:106700008B15E50C450D700302E8BCEA45157003D6
:1067100002E8B5850882850983E0850C82850D83B2
:10672000F0750A00EE2402F518E43FF51902E80EB0
:1067300012E2547800EE4F700302E80CE8C3950AA9
:1067400050088E828F83A312E25408EAC39850E562
:10675000EE4F700302E80C8E828F8312F0D1E8FABC
:10676000E9FB8A828B8312EEF712E93CA821A92269
:10677000881A891B781A1211C812E8F985188285BF
:10678000198312E92612157474021211A5E9640125
:10679000707A74021214E9E0851282851383F08501
:1067A0001082851183E50EF0A3E50FF07404121436
:1067B000E912E9071211C47C047D00AA0EAB0F1286
:1067C0001ACC74031211A58A0E8B0F74021214E9ED
:1067D000E0F9121D3CE960347C047D00790012E888
:1067E000EB121AD874021214E9E0F9121D42E9F909
:1067F00074041214E912E8CE78101211C4E9FC7D79
:106800000012E8EB121ACC74031211A5050A8508D0
:106810008285098312E916505EAA0AEA75F005A47A
:10682000F8A9F0E50C28F8E50D39F988828983A3E9
:10683000AC82AD8374FFF0A3F0E82403F512E439D1
:10684000F513851282F58374FFF0E82404F510E453
:1068500039F511851082F583E4F0A312E8D624FF00
:10686000F8E434FFF9C3E89AE99400A2D265D03382
:10687000400302E7308095122B04E9F508780812EE
:1068800011CC75080078081211CC7508017808122F
:1068900011CC780C1211C885188285198312E8FD75
:1068A000740B121230851682851783E0F9121CEEE4
:1068B00074051211A5AA0CAB0D121B86E514451523
:1068C0006007AA14AB15121B86741202D9ADE0F54D
:1068D00010A3E0F51122F0850882850983E022F5F6
:1068E00008E43FF509850882F583228E828F83E0D4
:1068F0002402FAA3E03400FB228A828B8312E9018E
:1069000022E0FCA3E0FD2212E8CE751200781022EE
:10691000851082851183E0F8E50AC3982212E90107
:10692000851A82851B8312DF43851682851783E0D3
:10693000F92212DC2BA3A3A3A3A3A3A3E8F0A3E94A
:10694000F02274EC120BCDE9FF7E0074141214E9EE
:1069500012E5AAEF24E0603514605414606F1470DF
:106960000302E9EF24FB700302EA3114700302EA28
:106970006714700302EA8E14700302EA8E24F27028
:106980000302EAD014700302EB0002EB4412EB485E
:10699000AA09A808E8C395094005E8C39A8003EA54
:1069A000C398F895E0F9C3E89CE9940002EA8712DD
:1069B000EB5B4008E8C39AF8E99B8006EAC398F8C5
:1069C000EB99F9C3E89508E9950902EACC78081231
:1069D00014768A828B83780C1214768C828D83785D
:1069E0001012147678107908121429403380207818
:1069F000081214768A828B83780C1214768C828D1E
:106A000083781012147678107908121429401178BE
:106A1000087910121300780C790812142902EACCB4
:106A200078107908121300780C791012142902EAF0
:106A3000CC12EB483395E0FDE509FA3395E0FBE530
:106A400008F83395E0F9E8C39509A2D265D0334040
:106A500008E8C39AF8E99B8006EAC398F8EB99F92D
:106A6000C3E89CE99D802012EB5BA2D265D0334045
:106A700008E8C39AF8E99B8006EAC398F8EB99F90D
:106A8000C3E89508E99509A2D265D033803E78081D
:106A90001214768A828B83780C1214768C828D8302
:106AA0007810121476781079081212844010780841
:106AB0007910121300780C7908121284800E781065
:106AC0007908121300780C791012128440768072C3
:106AD00078081214768A828B83780C1214768C8252
:106AE0008D83781012147678087910120DED4030ED
:106AF000781079081202067810790C120DED802EAC
:106B000078081214768A828B83780C1214768C8221
:106B10008D83781012147678087910120DED5012CA
:106B2000780879101202067808790C120DED5014CD
:106B30008010781079081202067810790C120DED89
:106B400050027E01EEF98029E0F5088A828B83E00D
:106B5000F88C828D83E0F509E8FC2212DC2B12EE22
:106B6000EF8C828D8312DF43C3E89AE99B221211D6
:106B7000A57F0C020F1A74F0120BCD9005B612EB24
:106B8000A6780C1214767808790C120A6678081226
:106B900011C07A807B00900504E0F9121C3A74045D
:106BA0001211A502DA5F12EEEFE4F50AF50B9083FD
:106BB000A32274F3120BCD7A807B00900504E0F9D8
:106BC000121C469005B5E0F50BF508750900740236
:106BD0007808121363AA08AB09121B808A088B0974
:106BE000AE08AF09EE4F700302ECF3750A00803F68
:106BF000AA0A8A0875090074027808121363EE2540
:106C000008F8EF3509F9EA75F00DA4FAABF0743322
:106C10002AFA74053BFB8A828B83A3E088828983EE
:106C2000A312E5B212DAE9E088828983F0050AE569
:106C30000AC3950B40BA9005B5E06051F50C750A92
:106C400000803E8A828B8312F0CF90053E12ED00C9
:106C5000F508A3E0F509121B8690053DE014F0AAA3
:106C600008AB09121B8690053E12DDDC70D590053D
:106C7000B5E014FA7900122AE09005B5E014F005A9
:106C80000AE50AC3950C5005E070DB80F212153856
:106C9000750A008050E50AF5087509007402780845
:106CA000121363EE2508F8EF3509F9880889098879
:106CB00082F583A3A312ECF8A3E0F9121FEEE9F822
:106CC00074FF68601E850882850983E0C0E0E8756E
:106CD000F00DA4F8A9F0743328F582740539F58312
:106CE000D0E0F0050AE50AC3950B40A9EEFAEFFBE8
:106CF000121B867F05020F1A12DF438882898322C6
:106D0000E8F0A3E9F08A828B83E022C082C0837A14
:106D1000807B00900504E0F9121C4602DDE3C0828E
:106D2000C083900505E0FCA3E08003EAFCEBFD8C4A
:106D3000828D83A3A312DF3F8A828B83E069601474
:106D40008C828D8312DF3F12E8F9EC4D70DD7A0002
:106D50007B008004AA82AB8302DDE374EA120BCDD0
:106D600074FE121258890CEAFEEBFF8C0A8D0B7C24
:106D7000047D0079007A2F7B05121AD89005011244
:106D8000EEE3800985088285098312EEEBE508456C
:106D900009700302EEC985088285098312EEFF702F
:106DA000E3121D0C8A0E8B0FA80EA90FE84960D4C0
:106DB00088828983A3A3A3A3A3A3A3E0F51260C43D
:106DC000E82408500109FCE9FD8C828D8312DDDC8A
:106DD00060B2750D008002050DE50DC3951250A43B
:106DE000E50DF50E750F007403780E121363850E12
:106DF00010850F11EA2510F8EB3511F9880E890F6F
:106E0000888212EED0EE687002EF6970CAA3A3E424
:106E100093C0E0740193F583D08285821485831535
:106E2000E50A65147004E50B651570AB741812144F
:106E3000E912EEE38882F583E514F0A3E515F0E8A6
:106E40002402F8E43509F9850E82850F83A3A3A3F4
:106E5000A3E49388828983F08C828D8312EEDA8A90
:106E600082F583A3A3A3A3A3E49385088285098362
:106E7000A3A312EF1DE0F9121D42E98521828522AC
:106E800083F0A3E4F0A821A922880A890B780A12CA
:106E900011C8750A2F750B05780A1211C88508826A
:106EA00085098312E8FDEEFAEFFBA90C121D54745C
:106EB000041211A5850882850983A3A3A3A3742FB7
:106EC000F0A37405F0790180027900740202E57C78
:106ED000F583E493F8740193F922E02510FAA3E016
:106EE00035112212F0D5880889092212EEEF22E02E
:106EF000F508A3E0F5092212F0D58C828D8322A338
:106F0000A312E5A4E50C692212EEEF750A007808D9
:106F100022E4F0A3F08E828F8322A3E4F0A3F08812
:106F20008289832274EC120BCD74F0121258890BF3
:106F30008A0C8B0D8C0E8D0F121FEEE9F50A74FF73
:106F4000650A700302EFD0E975F00DA4F8A9F0749A
:106F50003328FE740539FF8E828F83E0A2E0400360
:106F600002F07CA3A3A3A3A3A3E0F47003A3E0F423
:106F7000700302F07C74061214E9E50EF0A3E50F2D
:106F8000F012F0A88002A3A312DF17604312F0B240
:106F900012F0D174061214E9E0687003A3E0698569
:106FA000088285098370DF12DF976024A821A92257
:106FB0008810891178101211C8AC0EAD0FAA0CAB55
:106FC0000DA90B12157474021211A5E96401600772
:106FD0007902741002EB6E7A807B00900504E0F970
:106FE000121C4C8B118C128D13750C00750D00C288
:106FF00000EA45114512451360149005B6120FA31F
:10700000122BA674021211A58A0C8B0DD2008E824F
:107010008F83A3A3A3A312DF97601C8E828F83A309
:10702000A3A3A3A3A3A3A3E0250CFAA3E0350DFB20
:10703000C3E89AE99B504574021214E9E0F9121D65
:107040003CE9603D85088285098312DF3FEA24021E
:10705000F508E43BF50978081211C874061214E922
:1070600012E8FDEA2406FA50010B74041214E9E058
:10707000F912155674021211A5E97005790002EF94
:10708000D2121568A90A121550A20050097900AA57
:107090000CAB0D12150E7DFF7CFF7A007B00A90A58
:1070A000122A92122BB280D4EE240BF582E43FF523
:1070B000832285088285098312F0BC22E0F8A3E0D0
:1070C000F58388822288828983A3A3A3A3A3A3A391
:1070D000A312F0D522E0F8A3E0F922C082C0839089
:1070E00005DD7470F0A374B1F0A3E0541FF09005B7
:1070F000E1741DF0A37442F0A37470F0A374B2F0B5
:107100009005E7E0541FF09005E9741EF0A3741297
:10711000F08040C082C08312F15A00E5D6A2E1504F
:10712000F9E5B354F84406F5B343B301E5B3A2E37C
:1071300050FA801FC082C08312F15A00E5D6A2E146
:1071400050F9E5B354F84404F5B343B301E5B3A2F1
:10715000E350FAD083D082021172EB9005DBF0EAA3
:10716000A3F09005E07410F09005DFE054E0F075B6
:10717000D1FD75D6022274F7120BCD74091214E9F1
:1071800012F5909005DBF0E8A3F0740B1214E912ED
:10719000F590F9E89005E0F0E9F89005DFE054E0BB
:1071A00048F0EB9005E5F0EAA3F0EC9005E8F0ED8F
:1071B000FC9005E7E054E04CF075D1FD75D6020077
:1071C000E5D6A2E150F975D1FB75D60400E5D6A24B
:1071D000E250F97F01020F1AC082C0831227F20227
:1071E000F153C082C08353B38F43B3401227FE02D2
:1071F000F15374F4120BCD8C088D09750A10750BC0
:1072000000780A1211C878081211C812F21F121160
:10721000A512F7C9E5D1A2E250FA7F04020F1A7C49
:10722000107D00AA08AB0912280474042274F0121D
:107230000BCD74E912125874041214E9E9F07405C4
:107240001214E9ECF0A3EDF074041214E9E07003F9
:1072500002F57474311214E9E014C0E074071214DA
:10726000E9D0E0F0742B1214E9E0F50EA3E0F50F7D
:10727000E50E450F600974071214E9E0D2E6F074D8
:10728000041214E9E024FE333354FCF8740712149A
:10729000E9E04812F9D51211C47C0D7D00740B127F
:1072A00014E912F9CB1211A574271214E9A3E0C056
:1072B000E074151214E9D0E0F074271214E9E0C06C
:1072C000E074161214E9D0E0F07C107D00790074AF
:1072D0002F1214E912F595750C20750D00C3E50EFB
:1072E000940FE50F9400401DE50E24F2F8E50F34ED
:1072F000FFF9E854F02420F50CE439F50DE8540FBB
:10730000600312F58474271214E9E054F0F8A3E046
:10731000F9E50C28F50CE50D39F50D74271214E983
:10732000E0540F600312F584AA0CAB0D121B80749D
:10733000021214E9EAF0A3EBF074021214E912F558
:1073400090F9E8497005791002F576740712122851
:107350008808890978081211C47C107D0074051210
:1073600014E912F7EB1211A574021214E912F59048
:10737000C82410F582E438F583E50FF07402121486
:10738000E912F590C82411F582E438F583E50EF092
:1073900074021214E9E0241212F5F6401174291255
:1073A00014E912F7E11211C47C0E7D00801E7C0EE0
:1073B0007D00790085218285228312F5957429123A
:1073C00014E912F7E11211C4AC0EAD0F74031214DC
:1073D000E912F7EB1211A5852182852283E0240EA4
:1073E00012F5F6500302F46CE50E24F2F50EE50FEB
:1073F00034FFF50F850E08F5097404780812144956
:10740000AE08AF09E50E12F57B12136385080E7402
:10741000291214E9E0240EF508A3E03400F50978F8
:10742000081211C4AC0EAD0F74031214E912F7EB7D
:107430001211A512F5D9603412F5A2121363742942
:107440001214E9E02508F8A3E03509F9E8240EF55F
:1074500008E439F50978081211C4AC0B7D007403F7
:107460001214E912F7EB1211A512F5BA74271214CF
:10747000E912F7D074047808121449AE08AF097401
:10748000271214E9E012F57B12136385080E8509B3
:107490000F74051214E912F7E11211C4AC0EAD0F0E
:1074A00074031214E912F7EB1211A512F5D9602D2D
:1074B00012F5A212136374051214E9E02508F50809
:1074C000A3E03509F50978081211C4AC0B7D0074EE
:1074D000031214E912F7EB1211A512F5BA852182F5
:1074E000852283C082C08374021214E912F590F9D8
:1074F000D083D082E0C398F8A3E099F9E8650C70D6
:1075000003E9650D600312170053B38F43B3507442
:107510002F1214E912F7F41227F8780C1211C8741C
:10752000041214E9120FA37C107D0074331214E9C5
:1075300012F7D81211A553B3F87404780C12144939
:10754000E50C24FFFEE50D34FFFF12F7BA600B4394
:10755000B301E5B3A2E340F280F853B38F85B3B330
:1075600043B301E5D1A2E250FA74021214E912F712
:10757000F4121B867900741702F605540FF50B748C
:1075800004780822E50C2410F50CE4350DF50D22E5
:10759000E0F8A3E02212F59922E0FAA3E0FB121A28
:1075A000D8227C107D00790085218285228312F506
:1075B000998E088F09740478082285218285228398
:1075C000E0241012F5C722F8A3E03400F9852182E7
:1075D000852283E8F0A3E9F022852182852283E0D9
:1075E000250EF8A3E0350FF9852182852283E8F086
:1075F000A3E9F0E50B2212F5C7C3E50E940FE50FE2
:1076000094002274021211A57F08020F1A74F0125E
:107610000BCD74DD121258E9852182852283F07426
:10762000011214E9ECF0A3EDF0EAFEEBFF750E0099
:10763000750F0074371214E912F7D0750A00780834
:107640001211C474031214E9E0FC7D0074161212C6
:107650003012F9CF1211A574391214E9E014C0E008
:1076600074031214E9D0E0F08E088F097808121123
:10767000C47C0D7D0074071214E912F9CB1211A518
:1076800074121214E9E4F074111214E9E4F0743382
:107690001214E9E0F50CA3E0F50D850C08F509746A
:1076A000047808121449AE08AF09E50C540FF50B25
:1076B00060050EEE70010FE50C450D60508E088FD1
:1076C0000974047808121363AA08AB09121B808A94
:1076D0000E8B0FEA4B7005791002F7B57401121486
:1076E000E912F7E11211C4AC0CAD0D12F9CF121171
:1076F000A5E50B6018F87410C398FC95E0FD7900BF
:10770000E50E250CFAE50F350DFB121AD853B38F91
:1077100043B320740312123012F9BF1211C874154A
:107720001212288808890978081211C87C107D0077
:10773000743B1214E912F7D81211A512F7C9E5D15A
:10774000A2E250FAEE4F604453B38F43B330741249
:107750001214E97401F0740312123012F9B3121307
:1077600063AC08AD0978081211C8780E1211C8AAC6
:107770000EAB0F12F2271211A553B3F812F7BA602D
:107780000B43B301E5B3A2E340F280F8E50E450FE9
:107790006021850E08850F0978081211C4AC0CAD64
:1077A0000D74041214E912F7EB1211A5AA0EAB0F17
:1077B000121B867900742302F605EEF8EFF9E8242F
:1077C000FF1EE934FFFFE8492253B3F843B3012217
:1077D000E0F508A3E0F5092212F7F4122804740476
:1077E00022E0F508A3E0F50978082212F7F4121A4E
:1077F000CC740322E0FAA3E0FB2274F1120BCD74E7
:10780000DE121258852182852283ECF0A3EDF089E7
:107810000E74371214E9E014C0E074021214E9D0B7
:10782000E012F9D51211C47C0D7D0074061214E922
:1078300012F9CB1211A574111214E9E4F0741012AC
:1078400014E9E4F074311214E9E0C3950EF50BC4A9
:10785000540FFE7F00740F550B60050EEE70010F84
:107860007C107D0079007412121230121AD8A80B05
:10787000852182852283E028F508A3E03400F509FC
:1078800078081211C4AC0E7D00741512123012F972
:10789000CF1211A553B38F43B320740212123012CA
:1078A000F9BF1211C87414121228880889097808BF
:1078B0001211C87C107D0074391214E912F7D81225
:1078C00011A512F7C9E5D1A2E250FA8E088F09740A
:1078D000047808121363AA08AB09121B808A0C8B68
:1078E0000DEA4B7005791002F9A98E088F0974040E
:1078F0007808121363AC08AD09F9121AD8852182F1
:1079000085228312F7E11211C4AC0B7D00AA0CABE7
:107910000D12F9CF1211A5EE604853B38F43B33067
:1079200074111214E97401F00412123012F9B31236
:107930001363AC08AD0978081211C8780C1211C88D
:10794000AA0CAB0D12F2271211A5E5B354F84402AC
:10795000F5B312F7BA600B43B301E5B3A2E340F20B
:1079600080F8850C08850D0978081211C4AC0B7DD0
:107970000074031214E912F7EB1211A5AA0CAB0D57
:10798000121B8674351214E912F7E11211C4AC0E01
:107990007D00A80B74031214E9E028FAA3E0340078
:1079A000FB12F9CF1211A5790074221211A57F07DD
:1079B000020F1A1227F88E088F0974047808221211
:1079C00027F8750810750900780822AA82AB83127F
:1079D0001ACC740322F08A088B09750A00780822F1
:1079E00074F2120BCDE9FF8C0C8D0D70057900023D
:1079F000FA72740E1214E9E0C39FFE74161214E9B1
:107A000012F7D074181214E9E0F50A780A1211CCB2
:107A100078081211C874171214E9120FA374171200
:107A200014E9120FA374171214E9120FA3EEF50A4A
:107A3000750B00780A1211C812281C740B1211A5BC
:107A4000E9F8702E7800800108E8C39F5024EEFD0D
:107A500074012DFEE8FAE5082AF582E43509F5837C
:107A6000E0FCE50C2DF582E4350DF583E06C60D883
:107A700079017F06020F1A74F0120BCD74FE1212F8
:107A80005812FBDE1214E9E0FEA3E0FF741A121490
:107A9000E912FBC11214E912FBCB1211CC780C12C3
:107AA00011C8850E0A850F0B780A1211C8741D12B1
:107AB00014E9120FA3741D1214E9120FA38E0A8F7A
:107AC0000B780A1211C8741D1214E912FBBB740B57
:107AD0001214E912FBD812281C740B1211A5E9F933
:107AE0007034E509F50A780A1211CC780C1211C825
:107AF000780E1211C88E0A780A1211C8741912145D
:107B0000E912FBBB74071214E912FBD81228227485
:107B1000071211A5E9F902F60374F0120BCD74FEF9
:107B200012125812FBDE1214E9E0FEA3E0FF741AF1
:107B30001214E912FBC11214E912FBCB1211CC781A
:107B40000C1211C8850E0A850F0B780A1211C88E07
:107B50000A8F0B780A1211C874191214E912FBBBB0
:107B600074071214E912FBD812282874071211A501
:107B7000E9F97044E509F50A780A1211CC780C127B
:107B800011C8780E1211C8741D1214E9120FA374D3
:107B90001D1214E9120FA38E0A780A1211C8741D5F
:107BA0001214E912FBBB740B1214E912FBD8122851
:107BB0002E740B1211A5E9F902F603E0FCA3E0FD17
:107BC00022E0F50EA3E0F50F741C22E0F50CA3E013
:107BD000F50DEBF50A780A2212F7F4A9082285219F
:107BE00082852283ECF0A3EDF08A088B09741422BD
:107BF000C082C08390151812FBFEF002FCFFE4F077
:107C0000A3F0A3F0A32274F0120BCD8908EAFEEBD7
:107C1000FF121C2E74101214E9780C121476EA4B21
:107C2000600D8A828B83A3A3780C121458806A7A21
:107C30000D7B00121B80EA4B605B8A828B83A3A3BF
:107C4000A3A3A3A3A3A3E50812FC9EEEF0A3EFF069
:107C50008A828B83A3A3780C1214588A828B83E4C4
:107C6000F0A312FC9EA3A3A312FBFFF09015161223
:107C7000FFE09015166017E0FCA3E08003E8FCE944
:107C8000FD8C828D8312FFE070F38C828D83EAF08D
:107C9000A3EBF080047A007B007F08020F1AF08AC1
:107CA000828B83A3A3A3A3A3A322C082C083901526
:107CB0001680048C828D83E0FCA3E0FDEC4D6023F4
:107CC0008C828D83A3A3A3A3A3A3E06A7003A3E084
:107CD0006B70E08C828D83A3A3A3A3A3A3A3A3E0D3
:107CE0006970D0ECFAEDFB8016C082C083EA4B606D
:107CF0000E8A828B83A3A3A3A3A3A3E4F0A3F0D053
:107D000083D08202117274F6120BCDAEA8C2AF748A
:107D10000A1214E9120F9F121C2874041211A58B69
:107D200009A909EEA2E792AFEA496004790080024E
:107D300079087F02020F1A74F2120BCDA2AFE4335E
:107D4000FEC2AF740E1214E9780812147678081285
:107D500011C0121C2874041211A5EA4B60128A8209
:107D60008B83A3A3A3A3A3A3A3A3A378081214584C
:107D7000EEA2E092AFEA4B60047900800279087FBE
:107D800006020F1A74F4120BCDA2AFE433F508C249
:107D9000AF121C2E8A0A8B0BAE0AAF0BEE4F60039C
:107DA000121C34E508A2E092AFEE4F600479008027
:107DB0000279067F04020F1A74F2120BCD750800C7
:107DC000750900750A00750B00A2AFE433FEC2AF5F
:107DD000121C2E8A828B83E58245836007A3A378D9
:107DE00008121476EEA2E092AFAA08AB09AC0AAD75
:107DF0000B808C74EA120BCD74FC12125885218210
:107E0000852283EAF0A3EBF0A3ECF0A3EDF0A9A8A0
:107E1000C2AF8521828522837808121476901518C6
:107E20007808121350E9A2E792AF90151612FFE0FE
:107E3000700302FFD0901516E0FEA3E0FF750C0062
:107E4000750D00750A00750B00A2AFE433F50EC284
:107E5000AFEE2402F508E43FF50974021214E912AA
:107E6000FFE0702074011214E9E07018852182850A
:107E70002283E0F8850882850983E0C3984005E005
:107E8000C398803985088285098378101214768515
:107E90002182852283781012141950188521828539
:107EA000228378101214768508828509837810124F
:107EB00012D8800A85088285098312FBFEF0EE2421
:107EC00006F514E43FF515EE2404F510E43FF51132
:107ED00012FFDA705485108285118312FFE0704E14
:107EE000EE2409F512E43FF513851282F58312148E
:107EF000AEE8494A4B604D851482851583E0FAA3AC
:107F0000E0FBEA4B603E8E828F83A3A3A3A3A3A3CF
:107F1000A3A3E0F9121B2C8512828513831214AEE1
:107F20008508828509831214BA12FFDA700B851056
:107F30008285118312FFE0600B8514828515831200
:107F4000FFE070258E828F83E0F8A3E0F9E50C4511
:107F50000D70059015168006850C82850D83E8F05E
:107F6000A3E9F08E0A8F0B80048E0C8F0D8E828F0A
:107F700083E0FEA3E0FFE50EA2E092AFE50A450B29
:107F80006047850A82850B83A3A312FFE0703385C7
:107F90000A82850B83A3A3A3A312FFE07024850AA2
:107FA00082850B83A3A3A3A3A3A3E0FAA3E0FB858D
:107FB0000A82850B83A3A3A3A3A3A3A3A3E0F9121F
:107FC0001B2CAA0AAB0B121B86EE4F600302FE436A
:107FD00074041211A57F0E020F1A85088285098389
:107FE000E0F8A3E0F9E84922C082C0839015181296
:057FF00014D202FCFFA9
:1080000074F7120BCD74F3121258852182852283E6
:108010007402F0141214E91284EC1214E9AA82AB6F
:108020008312222274161214E912804912225EE988
:108030006401700A740B1214E91281398008740B00
:108040001214E912805402881E1281A0FEE9FFAAD0
:1080500021AB22221288128E828F83E8F0A3E9F0EE
:1080600079C82274F7120BCD74F3121258ECFEED9E
:10807000FF8521828522837402F0EAFCEBFD740304
:108080001214E9AA82AB83122222AA21AB22122265
:1080900052E96401700A740B1214E91281398008E4
:1080A000740B1214E912805402881E74F7120BCD5F
:1080B00074F1121258AC21AD22122072E9FE702820
:1080C00074021214E97402F0852182852283128FD2
:1080D00024740D1214E912854C740212123012220B
:1080E00040E9640160027E01EEF9740F0288207499
:1080F000F7120BCDE9FE90162C12880D70327A0F14
:108100007B00121B8090162CEAF0A3EB1281976083
:10811000257800790012823E74FEF0A30412850ACD
:10812000A3A3E4F0A3F008E870010912818D40E5F3
:10813000EE70031220F0028823E0F8A3E0F98E82AB
:108140008F83E8F0A3E9F079002274F7120BCD8C4D
:10815000828D831281946030780079001282A3FEB0
:10816000A3E03FFF8E828F83E06A7003A3E06B7011
:108170000DEEF8EFF98C828D83128142800C08E8B5
:1081800070010912818D40D479C8028823C39403F9
:10819000E9940022E4F0A3F090162C1281A0492269
:1081A000E0F8A3E0F9E82274F7120BCD74FE121286
:1081B00058ECFEEDFF8E828F83E4F0A3F07508C8C3
:1081C000AC21AD22122072E97013EEFCEFFD852187
:1081D00082852283128504122084E9F508A9080209
:1081E00084DF74F7120BCD74FE121258ECFEEDFF13
:1081F000AC21AD22122072E9703F90162C12880D2E
:1082000060377800790012823E1284AE8521828523
:108210002283E06C7003A3E06D70148E828F831252
:108220008818740B1214E9128A5D128142800C08BE
:10823000E870010912818D40CD79C80284DF128275
:10824000468A828B8322E8FAE9FBEA75F005A4FAF4
:10825000ACF075F005EBA42CFB90162CE02AFAA3E9
:10826000E03BFB2274F7120BCD90162C12880D60A8
:108270002D780079001282A3F508A3E03F850882DB
:10828000F583E06A7003A3E06B70098C828D831222
:108290008142800C08E870010912818D40D779C8AD
:1082A000028823E8FEE9FFEE75F005A4FE85F008DC
:1082B00075F005EFA42508FF90162CE02E2274F02F
:1082C000120BCD74FC121258EAFEEBFF740212126C
:1082D000388E828F83128504122096E9F50A7A1867
:1082E0007B00121B808A0C8B0DEA450D60417C18C7
:1082F0007D007900121AD81284B4780C1211C87556
:108300000E18750F00780E1211C87C007D008508CC
:10831000828983128504121C0474041211A5850835
:1083200082850983E4F0A3F0AA0CAB0D121B868EA4
:10833000828F8374FEF0A304128543A3A3A3A3E456
:10834000F0E50A600302843274021214E912850413
:10835000EAFEEBFFEE75F005A4FEA8F075F005EF60
:10836000A428FF90162C12880D603E90162CE02E4B
:10837000F508A3E03FF50978081211C875080575DE
:10838000090078081211C8EA75F005A4FAA8F0757A
:10839000F005EBA428FBEA2402FCE43BFD7A4C7BCD
:1083A00000121C0474041211A5A821A922880889AE
:1083B0000978081211C875080275090078081211A9
:1083C000C87C007D007A4C7B00121C0A74041211D8
:1083D000A5E9705E90162CE02EF8A3E03F8882F5A8
:1083E00083E064FE7003A3E0F4852182852283701C
:1083F0001512880D6014852182852283E024FFF008
:10840000A3E034FF8003128C40F0A821A922880841
:10841000890978081211C8750802750900780812D0
:1084200011C87C007D007A4C7B00121C047404127D
:1084300011A574041211A57F08020F1A74F7120B0C
:10844000CD8A828B83128194605F7C007D00ECF882
:10845000EDF9E875F005A4F8AEF075F005E9A42E85
:10846000F990162CE028FEA3E039FF8E828F83E07E
:1084700064FE7003A3E0F47023EEFCEFFD8A828BB0
:1084800083ECF0A3EDF090162CE028FAA3E0398AF3
:1084900082F583A3A3A3A3E4F0F9800F0CEC700191
:1084A0000DC39403ED940040A579C8028823E0FC35
:1084B000A3E0FD221284E4880889092274F7120BD4
:1084C000CD74FE121258AC21AD2212208AE9FE7042
:1084D0000C85218285228312850412209CEEF9747A
:1084E00002028820EE2402F8E43FF9221288187470
:1084F00003221284F622E0F8A3E0F5838882221298
:1085000084F6A3A3E0FAA3E0FB22F08A828B832205
:10851000D083D082021172C082C08390158BE06438
:1085200005700C7A807B00901588E0F9121B2C8076
:10853000DF74F7120BCD12207E1225521225220273
:108540008823E4F08E828F8322128A61E8F0A3E907
:10855000F02274F6120BCD74F1121258EAFEEBFF02
:1085600074021214E9E4F0EEFCEFFD74051214E954
:10857000AA82AB83121C70122528E9702A74021299
:108580001230122252E96401601DA821A922880834
:10859000890978081211C8EEFCEFFD7A007B001201
:1085A000206C74021211A5740F02883F74F2120B32
:1085B000CD74D8121258EAFEEBFFEE2416F50AE449
:1085C0003FF50BAA0AFB12213290198AE064016080
:1085D00005E064027020780A1211C8750808750950
:1085E0000078081211C87C087D007A117B01121CEA
:1085F0000474041211A5AA0AAB0B1220BA8E828F42
:1086000083A3A3A3A3E0F8EE2406F508E43FF5094D
:10861000740168600574066870727800E8FAEE2AE2
:10862000F582E43FF583A3A3A3A3A3A3E070070807
:10863000E8C3941040E6741068703190172BE07016
:108640004574181212387A627B0012211479007472
:108650001812123012257079001225767C107D00D8
:1086600079007418121230121AD8801A1287F6F98B
:10867000AA08AB0912257090172BE070098E828F23
:1086800083E0F91225761220AE0287EC740468604C
:108690000302876A7405121228880C890D780C125F
:1086A00011C87402121238AA0AAB0B1225107402F8
:1086B0001211A58A0A8B0BAE0AAF0B852182852287
:1086C00083E070030287EC74151214E9E0700C74F7
:1086D000171214E9AA82AB8312250A74151214E941
:1086E0007401F074161214E9E4F074091214E9121A
:1086F00095061214E912909B74171214E9E4F074B1
:1087000005121228880A890B780A1211C8750A13F3
:10871000750B00780A1211C87C007D00EEFAEFFBA1
:10872000121C0474041211A578081211C87C107D63
:10873000007A027B01121BF874021211A5E9702065
:1087400078081211C875081075090078081211C848
:108750007C007D007A027B01121C0474041211A5B6
:108760007A037901122B460287EC740368707D74DA
:1087700003121238AA0AAB0B122072E9602B7403A1
:10878000121228880C890D780C1211C8AC0AAD0B96
:108790007AFE7BFF12206C74021211A57D007C0012
:1087A0007900AA0AAB0B122012740112123874035A
:1087B0001214E912850412208474011214E912883B
:1087C0000D701B74011212301220A2E97010740394
:1087D0001214E9128F2474011214E9128549AC08AD
:1087E000AD09AA0AAB0B1220D21220EA742812118A
:1087F000A57F06020F1AEE2405F8E43FF9E8FEE92A
:10880000FF8E828F83E0228521828522831281A0C0
:108810004922E0F8A3E0F922EAF0A3EBF022740D7C
:108820001211A57F01020F1AC082C0838A828B8336
:10883000A3A3A3A3E0F9122576121F5202851012FA
:1088400011A57F02020F1A74ED120BCD74F01212F3
:10885000588A088B09890AECFEEDFFEE4F7003027F
:10886000892DEA4509700302892DA821A922880CC7
:10887000890D780C1211C8750C10750D00780C124A
:1088800011C87C007D007A017B01121C0A7404125D
:1088900011A5E50AF50C852182852283E582250C48
:1088A000F510E43583F51175120078101211C474B7
:1088B00010C3950CFC95E0FDEEFAEFFB121ACC7498
:1088C000031211A5A821A92288108911781012116C
:1088D000C4AC0A7D00C3E4950CF895E0F9EE28F8E5
:1088E000EF39F9E82410FAE439FB121ACC740312B8
:1088F00011A57C00ECFAE5082AF8E43509F9EE2A1E
:10890000FAE43FFB88828983E0FD8A828B83E06DF5
:10891000F088828983E0F88A828B83A3A3A3A3A330
:10892000A3A3A3E068F00CECC3940840C774101232
:1089300011A57F0B020F1A74F2120BCD74FC1212E8
:1089400058ECFEEDFF740212122888088909780895
:108950001211C8740212123812209074021211A55A
:10896000E9F50B6003028A5674021214E9E024014F
:10897000F8A3E03402F9852182852283128A5DA35F
:10898000A312854C7A187B00121B808A0C8B0DEA8F
:10899000450D7003028A56780C1211C875081875B7
:1089A000090078081211C87C007D0074041214E9D3
:1089B0001284FF121C0A74041211A58E088F097507
:1089C0000A0078081211C47C107D00AA0CAB0D12AD
:1089D0001ACC74031211A5E50C2414129094E50C22
:1089E0002410129094780C1211C87508187509009B
:1089F00078081211C87C007D0074041214E91284F6
:108A0000FF121C0474041211A57C187D007900AAC1
:108A10000CAB0D121AD8AA0CAB0D121B8685218245
:108A20008522831284F2128F22E875F009A4F8AA35
:108A3000F075F009E9A42AF9742E28F8741639F9AA
:108A4000E824F7F582E934ED129099E824FBF582E9
:108A5000E934ED129099A90B74040287EE128A6131
:108A600022E0FAA3E0F5838A822274F6120BCD7419
:108A7000F4121258EAFEEBFF74041212387A007BEB
:108A80000079AB12247A1226D28A088B09AC08AD81
:108A9000097404121230121C6AE9603B7404121249
:108AA00038EEFAEFFB122234E96015AC21AD2274E6
:108AB0000412123012208AE9700D128ADBE070175E
:108AC0007900740C02883F74021212387404121276
:108AD00030122072E970E9790180E78521828522D0
:108AE000831284F6A3A3A3A32274F7120BCD74FE02
:108AF000121258ECFEEDFFAC21AD2212208AE9F9EA
:108B000070138521828522831284FF8E828F83EAEF
:108B1000F0A3EB80078E828F83E4F0A3F00284DF62
:108B20007F07020F1A74F6120BCD74FE121258E46E
:108B3000F508F50978081211C87C117D007A4C7B84
:108B400000121BF874021211A5E9FE74096E70215F
:108B5000128F0D1211C875080275090078081211DC
:108B6000C87C007D007A4C7B00121C047404121136
:108B7000A575086975091678081211C87C087D006A
:108B80007A717B00121BF874021211A5E94EF97478
:108B90000202883F74F4120BCD74FE121258852124
:108BA0008285228312819460657E007F008E088F0B
:108BB00009E50875F005A4F508A8F075F005E509C4
:108BC000A428F50990162CE02508F50AA3E035093C
:108BD000F50B780A1211C8750A05750B00780A1290
:108BE00011C8128EEA121C0474041211A5128E0D03
:108BF000E064FE7003A3E0F4600A8521828522838D
:108C0000128C40F00EEE70010F128EE3409FA821EF
:108C1000A9228808890978081211C87508027509FF
:108C20000078081211C87C007D007A4C7B00121C71
:108C30000474041211A574021211A57F04020F1A04
:108C4000E02401F0A3E034002274EC120BCD74FE9A
:108C5000121258A821A9228808890978081211C877
:108C600075080275090078081211C87C007D007A29
:108C70004C7B00121C0A74041211A5E96003028DDA
:108C8000DD1288077003028DDD852182852283C372
:108C9000E09404A3E094004003028DDD7A187B0089
:108CA000121B808A0C8B0D7E00EA2410F50AE43535
:108CB0000DF50BEE75F005A4F508E5F0F509901635
:108CC0002CE02508F50EA3E03509F50F780E1211FA
:108CD000C8750E05750F00780E1211C8EE75F005F7
:108CE000A4A9F0128F02121C0A74041211A5E960E3
:108CF00003028DC6128E15F9E8FAE9FB8A828B838E
:108D0000E064FE7003A3E0F47003028DC6E50C4539
:108D10000D7003028DC6780C1211C8750E18780EEE
:108D20001211C87C007D008A828B83128502121C7E
:108D30000A74041211A59083A77810121476850A7C
:108D400082850B837810121350128E0DA3A3E0F5C9
:108D500008A3E0F509E50875F009A4F8AAF075F094
:108D600009E509A42AF9742E28FC741639FD850A30
:108D700082850B831214AEEC24F7F582ED34EDF509
:108D8000831214BAE50C2414F582E4350DF5831230
:108D900014AEEC24FBF582ED34EDF5831214BA78B1
:108DA0000C1211C8780E1211C87C007D00AA08AB05
:108DB00009121C0474041211A57C187D007900AA04
:108DC0000CAB0D121AD80EEEC394035003028CB3F1
:108DD000E50C450D6007AA0CAB0D121B86750869E2
:108DE00075091678081211C8750808750900780801
:108DF0001211C87C007D007A717B00121C0A740479
:108E00001211A574021211A57F0C020F1A128E15F1
:108E10008882F5832290162CE02508F8A3E0350916
:108E20002274F4120BCD74F9121258128F0D121114
:108E3000C875080275090078081211C87C007D0009
:108E40007A4C7B00121C0474041211A57C057D0071
:108E500079007402121230121AD87E007F00740258
:108E60001212288808890978081211C87508057532
:108E7000090078081211C8128EEA121C0474041238
:108E800011A50EEE70010F128EE340D27A187B000E
:108E9000121B808A088B09EA450960427C187D0014
:108EA0007900121AD87E007F0078081211C8750A5E
:108EB00018750B00780A1211C87C007D00EE2401A1
:108EC000FAEF3402FB121C0474041211A50EEE70AA
:108ED000010F128EE340D2AA08AB09121B86740759
:108EE000028C38C39403EF940022EEF8EFF9E87592
:108EF000F005A4F8AAF075F005E9A42AF9E8128FA4
:108F000002222402FCE439FD7A4C7B002285218276
:108F1000852283E4F0A3F0A821A922880889097892
:108F20000822A3A31288122274EC120BCD74ED1246
:108F30001258890C7C137D007900AA21AB22121AE9
:108F4000D874101214E974FFF07E007F00EE241133
:108F5000F50AEF3401F50BA821A9228808890978C0
:108F6000081211C87C137D00AA0AAB0B121BF874FF
:108F7000021211A5E96003029077EEF8EFF9E875A7
:108F8000F009A4F8AAF075F009E9A42AF9744928AF
:108F9000F508741639F509E5082404F50EE43509D9
:108FA000F50FE50CA821A9228810891178106036E8
:108FB0001211C875101375110078101211C87C00B9
:108FC0007D00AA0AAB0B121C0474041211A58508BB
:108FD0008285098312909B850E82850F83F0A3F012
:108FE000A3F0A30290761211C875101375110078C2
:108FF000101211C87C007D00AA0AAB0B121C0A7467
:10900000041211A590839778101214768521828519
:1090100022837810121350A821A922881089117870
:10902000101211C875101375110078101211C87C38
:10903000007D00AA0AAB0B121C0474041211A58552
:1090400021828522831214AE850882850983121439
:10905000BA74041214E91214AE850E82850F8312BD
:1090600014BA7C137D007900AA21AB22121AD8749D
:10907000101214E974FFF00EEE70010F128EE3501F
:1090800003028F4DE50C60077A007B0012250A74FD
:1090900013028E05F582E4350DF583E41294FE2269
:1090A00074F0120BCD74E41212588A0C8B0D8C08DC
:1090B0008D09750AA1852182852283E4F0EC2406BE
:1090C000FEE43509FFEEFAEFFB122228E9700BEE01
:1090D000FCEFFDAA0CAB0D1224867409121228882D
:1090E0000C890D780C1211C87402121238EEFAEFC6
:1090F000FB12251074021211A58A0C8B0DA80CA965
:109100000D90198AE064016005E06402703F8521DA
:1091100082852283E070367C087D0079007401121C
:109120001230121AD87409121228880C890D780C82
:109130001211C87402121238740312123012251060
:1091400074021211A58A0C8B0DA80CA90DE5082438
:109150000FFAE43509FBEAFEEBFF852182852283C5
:10916000E07003029275750A00E5082420FAE435E0
:1091700009FB74191214E9E0604514600E14606C68
:109180002405606824FE601602928F90198AE064BC
:10919000017003029238E06402700B029238901959
:1091A0008AE064016005E0640270078A828B837440
:1091B00001F08E828F837403F0A3740102924174D4
:1091C0001B1214E91294EF8E828F8312854C901635
:1091D00064E08A828B83F0901664E0C0E0E50824A6
:1091E00021F582E43509F583D0E08055E875F00972
:1091F000A4F8AAF075F009E9A42AF974B428F8745F
:109200000C39F9E8FAE9FB1294D4780C1214768A36
:10921000828B83780C12114D50569082F7780C1285
:10922000139C8A828B83780C12145890198AE064FC
:10923000016005E06402700C8E828F837402F0A3DB
:1092400014F0804B74111214E9A982AA83890C8A44
:109250000D750E00780C1211C47C087D00E5082401
:1092600018FAE43509FB121ACC74031211A5801FF9
:10927000750AA2801A90198AE07014122B82E97084
:109280000E8E828F837403F0A37401F0750A00A917
:109290000A741C02843474ED120BCD74DF12125860
:1092A0008C088D097EA174141214E9E4F07415126F
:1092B00014E9128818EC2406F50AE43509F50BAA1E
:1092C0000AFB122228E970030294B87401121228D2
:1092D000880C890D780C1211C87402121238AA0A6F
:1092E000AB0B12251074021211A58A0E8B0FE50824
:1092F000240FF50CE43509F50D74FF650E70047448
:10930000FF650F70030294A71294E0AAF075F009AC
:10931000E9A42AF9744928FE741639FF852182854B
:109320002283E070030293AE74111214E9E060210D
:1093300014600E1460302405601424FE6010029442
:109340004090198AE06401602AE06402602502947A
:109350003374131214E91294EF850C82850D83E89F
:10936000F0A3E902943F90198AE064016005E0648B
:1093700002700E850C82850D837402F0A314029492
:109380003F74091214E9A982AA83890C8A0D750E0B
:1093900000780C1211C47C087D00E5082418FAE45A
:1093A0003509FB121ACC74031211A5029440850AE8
:1093B00010850B1175120078101211C47C087D0005
:1093C000740C1214E9AA82AB83121ACC7403121122
:1093D000A574111214E974FFF074121214E97401E7
:1093E000F0121AE4EA540FC0E074131214E9D0E04A
:1093F000F074011214E91295061214E91294F8128D
:109400001228880A890B780A1211C8750A13750B7D
:1094100000780A1211C87C007D00AA0EAB0F121C46
:109420000474041211A57C097D007900EEFAEFFBAB
:10943000121AD8850C82850D837403F0A37401F091
:10944000E508240EF582E43509F5831285421214ED
:10945000AE1294D41214BA9082F778081214768E51
:10946000828F8378081213508E828F8378081214AB
:10947000769082C7780C1214767808790C120B5EFD
:10948000E50C450D450E450F702A8E828F83A3A3F0
:10949000A3A3A3A3A3A37401F07A007B049015886F
:1094A000E0F9121B2C800D850C82850D837403F06E
:1094B000A37401F07E008015741412123012224C35
:1094C000E9640170087414121230122240EEF9742B
:1094D0002102892FE5082412F582E43509F583225B
:1094E000EA24EFF8EB34FEF9E875F009A4F822E07D
:1094F0002404F8E43401F9221294FD0422E4F0A3D8
:10950000F0A3F0A3F0221294FD74052274F4120B60
:10951000CD74CE1212588909C2007C0C7D007900EE
:10952000AA21AB22121AD812214AE9F8A2E7500266
:10953000D200750800804DEE2475FE50010FA82161
:10954000A922880A890B780A1211C87C0C7D00EECA
:10955000FAEFFB121BF874021211A5E97024A200A5
:109560005020780A1211C8750A0C750B00780A127F
:1095700011C87C007D00EEFAEFFB121C047404128B
:1095800011A50508AE087F009032C4E493F8EEC33D
:109590009840A47C087D0079FF74041214E9AA8223
:1095A000AB83121AD8EE2474FE50010FA821A92211
:1095B000880A890B780A1211C87C0C7D00EEFAEF3C
:1095C000FB121BF874021211A5E97024A2005020AE
:1095D000780A1211C8750A0C750B00780A1211C8A6
:1095E0007C007D00EEFAEFFB121C0474041211A53E
:1095F0007C157D007900741D121230121AD8741D6A
:10960000121228880A890B780A1211C87C157D006D
:109610007A827B00121BF874021211A5E97026747D
:109620000165097020780A1211C8750A15750B00BA
:10963000780A1211C87C007D007A827B00121C041B
:1096400074041211A57C117D007900740C12123083
:10965000121AD8740C121228880A890B780A12116F
:10966000C87C117D007A3A7B00121BF8740212113B
:10967000A5E97026740165097020780A1211C87571
:109680000A11750B00780A1211C87C007D007A3A25
:109690007B00121C0474041211A5740C1212288889
:1096A0000A890B780A1211C87C117D007A3B7B0075
:1096B000121BF874021211A5E97026740165097075
:1096C00020780A1211C8750A11750B00780A121158
:1096D000C87C007D007A3B7B00121C0474041211CC
:1096E000A57432028C3874F1120BCD8C088D09747C
:1096F0003A6A7001EB6006743B6A4B701578081289
:1097000011C875081075090078081211C87C01028B
:10971000979674036A700374016B7008750C2B754F
:109720000D32801974686A4B702F90198AE06401B9
:109730006005E06402706B750C3B750D32750E8030
:10974000780C1211C47C107D00AA08AB09121ACC47
:1097500074031211A57900804B74026A70037401BE
:109760006B602174626A4B601BEA24FCF8EB34FEE8
:10977000F9E849600FEA24FFF8EB34FDF9C3E81279
:10978000818E501E78081211C8750810750900786E
:10979000081211C87C007D00121C0A74041211A565
:1097A0008002790A028B2074F4120BCD74E8121235
:1097B0005889097C187D007900AA21AB22121AD899
:1097C000750800E5082401FEE43402FFA821A9225F
:1097D000880A890B780A1211C87C187D00EEFAEF0E
:1097E000FB121BF874021211A5E9702674016509B9
:1097F0007020780A1211C8750A18750B00780A12C1
:1098000011C87C007D00EEFAEFFB121C04740412F8
:1098100011A50508EEC3940340A97418028C38748E
:10982000F7120BCDE9FE12210EEEF912211AEEF914
:109830001220FC02882374EE120BCD7A187B0012E2
:109840001B808A0E8B0FEA450F700302992875085A
:1098500000750900E50875F009A4F8AAF075F0098B
:10986000E509A42AF9742E28F50A7416129A0A60DA
:10987000030298FBE5082401FEE5093402FF780E97
:109880001211C875101875110078101211C87C00DB
:109890007D00EEFAEFFB121C0A74041211A5E970A8
:1098A0005A850A82850B831214AEE50E2410F582C8
:1098B000E4350FF5831214BA850A82850B83A3A3BE
:1098C000A3A31214AEE50E2414F582E4350FF5833C
:1098D0001214BA780E1211C8750A18750B00780A9E
:1098E0001211C87C007D00EEFAEFFB121C04740418
:1098F0001211A5850C82850D83E4F00508E508703A
:10990000020509C39403E5099400A2D265D033503F
:10991000030298547C187D007900AA0EAB0F121A2E
:10992000D8AA0EAB0F121B867F0A020F1A74EE1212
:109930000BCD7A137B00121B808A0E8B0FEA450F2A
:109940007003029A07750800750900E50875F009AB
:10995000A4F8AAF075F009E509A42AF9744928F5D4
:109960000A7416129A0A60030299ECE5082411FEA3
:10997000E5093401FF780E1211C875101375110036
:1099800078101211C87C007D00EEFAEFFB121C0A61
:1099900074041211A5E97054850A82850B83121490
:1099A000AE850E82850F831214BA850A82850B83D9
:1099B000A3A3A3A31214AE850E82850F83A3A3A332
:1099C000A31214BA780E1211C8750A13750B007819
:1099D0000A1211C87C007D00EEFAEFFB121C047421
:1099E000041211A5850C82850D83E4F00508E508B5
:1099F00070020509C39403E5099400500302994BD2
:109A0000AA0EAB0F121B8602992839F50BE50A2422
:109A100008F50CE4350BF50D850C82F583E0640147
:109A20002274F6120BCD74F8121258908270AC2189
:109A3000AD2274081210EEEA4B6006EAFEEBFF80DE
:109A40000CA821A92288088909AE08AF09EEFCEF0D
:109A5000FD7A007B0079AB122480EEFCEFFD7A6981
:109A60007B16121C7075086975091678081211C8E2
:109A700075080875090078081211C87C007D007A05
:109A8000717B00121C0474041211A5740802883F33
:109A900074F6120BCD74DA1212587C157D00790021
:109AA0007411121230121AD87411121228880889EF
:109AB0000978081211C8750815750900780812117F
:109AC000C87C007D007A827B00121C047404121191
:109AD000A57C117D007900AA21AB22121AD8A821F9
:109AE000A9228808890978081211C8750811750912
:109AF0000078081211C87C007D007A3A7B00121CA5
:109B00000474041211A5A821A922880889097808DB
:109B10001211C875081175090078081211C87C0067
:109B20007D007A3B7B00121C0474041211A574267C
:109B300002883F74F7120BCDE9FE900504F0122C59
:109B4000607A027B80EEF9122C007A017B80EEF9BC
:109B5000122C007A047B80EEF9122C0002A37F7491
:109B6000F6120BCDEAFEEBFF7A077B00121B80EAB0
:109B70004B60238E828F83E08A828B83F0A3A37451
:109B80001CF0A37415129B99EEF0A3EF129B99A3FE
:109B9000A3E4F0122C6602AEA9F08A828B83A3A301
:109BA000A3A32274F4120BCD74F8121258EAFEEB40
:109BB000FF8908A821A922880A890B780A1211C8EE
:109BC0007C007D007A037B00A908121D127402122A
:109BD00011A5E9605674061214E912AABDE06E7070
:109BE00003A3E06F6045EE4F88828983601EEEF02C
:109BF000A3EFF09083A3120F9F7A007B20900504BF
:109C0000E0F9121C3A74041211A5800FE4F0A3F0DD
:109C1000FA7B20900504E0F9121C4690051F12AA59
:109C2000DC6008A90812AAA4122C7A740802A8BF42
:109C300074F4120BCD74EC12125889085308CE90AC
:109C40001883E070127A047B00900504E0F9121C7E
:109C50004CEA4B4C4D602F901883E0A2E550030274
:109C60009E3B901886E06010E508A2E1500A7A0158
:109C70007904122B8E630802743F5508F8901883FC
:109C8000E048F0029E3B743F5508FE901883E04E7A
:109C9000F0900513E06003029E177401F0121E7A23
:109CA000E96401701A7A567B00121BFE8A0A8B0B3C
:109CB000AC0AAD0BEC4D60077A567B00121C1012FB
:109CC0002BD6750A86750B18780A1211C8750A0109
:109CD000750B00780A1211C87C007D007A557B0054
:109CE000121C0A74041211A5901886E06401600326
:109CF000029E1790198AE064016008E06402600324
:109D0000029DEB7C0879009016B212B011121B6212
:109D1000E96003029DEB122528E96003029DEBA890
:109D200021A922880A890B780A1211C8750A0175BF
:109D30000B00780A1211C87C107D007A117B011289
:109D40001C0A74041211A590162BE07003029DEBFF
:109D5000852182852283E064FD7003029DEBE0642F
:109D6000027003029DEB7C137D00790074011212D6
:109D700030121AD874111214E974FFF0740112121F
:109D800028880A890B780A1211C8750A13750B0006
:109D9000780A1211C87C007D007A117B01121C0424
:109DA00074041211A5901649E4F0A3F0A3F0A3F0F7
:109DB000A3F0A3F0A3F0A3F0901886F0750A8675BF
:109DC0000B18780A1211C8750A01750B00780A126F
:109DD00011C87C007D007A557B00121C04740412AB
:109DE00011A57A0379FF122150804090050F740766
:109DF000F074104EF8901883E048F079007A007BF8
:109E000000121E74E97005122AFE802F7900122BB1
:109E10002E7A007907800F901883E0700E90050F5E
:109E20007407F07A00F9122B8E801090050FE4F081
:109E30007A04FB900504E0F9121B2C741402A8BFED
:109E400074F6120BCD74FD12125874011214E9E964
:109E500012A68912A3731211C87C037B007A0A90A0
:109E60000504E0F9122B1074021211A5740302AE5E
:109E7000A6C082C083E9901887029F89C082C083F0
:109E80007900122B2E7A0379FF122150029F8AC08B
:109E900082C08374FB121258901886E060219018DB
:109EA00083E0A2E540197C057D007900AA21AB2260
:109EB000121AD8122BDCAA21AB221222D0800A124D
:109EC0002BDC7AF47B01121ECE74051211A5029FC1
:109ED0008AC082C08374FF121258800612B00E121C
:109EE0002B5E90051412AADC70F212262490050F46
:109EF000E064086010E0640170067A00790180284F
:109F0000E0900512F090050F7408F01222AC790A67
:109F1000121F5E852182852283E4F0AA21AB22797B
:109F2000521221687A007908122B8E7401809CC02D
:109F300082C0837A0090050FE064067046900509A0
:109F400012B008ECF8ED801AE8240CF582E439F53B
:109F500083E0A2E65005C2E6F07A0112AFF0E0F825
:109F6000A3E0F9E84970E1EAA2E050179083A31258
:109F70000F9F7A007B40900504E0F9121C3A7404AC
:109F80001211A58005EAF0A3EBF0D083D082021174
:109F900072C082C083901886E0601890050FE0645C
:109FA00008701079007A007B00121E74E970047941
:109FB000008002790180D374F6120BCD74FC12126A
:109FC00058E9FEEAFF90050FE06E6013E064086058
:109FD0000302A36E900512E06406600302A36EEE16
:109FE00014700302A0AD14700302A2521460211475
:109FF000700302A13414700302A16914700302A15A
:10A00000A414700302A28D14700302A2F502A343EC
:10A0100090198AE064016008E06402600302A343CF
:10A0200090838B120F9F7A047B00900504E0F91255
:10A030001C3A74041211A5EF602290050F7401F010
:10A04000800612B00E122B5E90051412AADC70F27C
:10A050009083A31214D21226F602A36E7403121474
:10A06000E9E4F09083A31214D21226F690188274B9
:10A0700002F0141214E97401F090050FE4F0901846
:10A0800083E0C2E1F0740312123079521221681297
:10A090002BDC1222DC7900121F5E90051412AADC60
:10A0A000700302A34312B00E122B5E80ED90198A4A
:10A0B000E064016008E06402600302A343EF603BD8
:10A0C0007A03790012215090050F740412ADEA1240
:10A0D0000F9F7A047B00900504E0F9121C3A740487
:10A0E0001211A59083A31214D21226F67A007B10C7
:10A0F000900504E0F9121C4602A36E74011214E9E3
:10A100007401F09018827407F07A007B10900504B7
:10A11000E0F9121C46901883E4F0908377120F9FA9
:10A120007A027B00900504E0F9121C3A74041211C3
:10A13000A502A34374011214E97401F0EF600A90C0
:10A140001882E4F07906121F5E12ADE6120F9F7AB4
:10A15000047B00900504E0F9121C3A74041211A566
:10A16000901883E0C2E102A2F274011214E97402B1
:10A17000F0EF901882600AE4F07A03F9122150801F
:10A18000037408F012ADE6120F9F7A047B0090056D
:10A1900004E0F9121C3A74041211A5901883E0C26D
:10A1A000E202A2F274011214E97403F0901882E042
:10A1B00070069005187401F0900503E0600302A397
:10A1C0006E90050912B011122A988B09EA450960B0
:10A1D0000302A36E7A007B40900504E0F9121C4C48
:10A1E000EA4B4C4D600302A36E90050BE4F0A3F024
:10A1F00090050DF0A3F07A097B05122B1C7A007BE9
:10A2000040900504E0F9121C46900518E0600A90A1
:10A210001882E0640B7002E4F0900518E4F09005F9
:10A220000FE06406701912ADE9120F9F7A047B00EB
:10A23000900504E0F9121C3A74041211A5800A90EA
:10A240000512E064067002E4F0901883E0C2E302B5
:10A25000A2F2790012263C74011214E97404F0EFA2
:10A26000600C901882E4F0A3F07906121F5E12AD24
:10A27000E6120F9F7A047B00900504E0F9121C3A65
:10A2800074041211A5901883E0C2E0806574011275
:10A2900014E9E4F0EF60359083A31214D21226F68D
:10A2A0007904121F5E121EC2901882740DF0900580
:10A2B0000FE4F0908333120F9F7A047B0090050423
:10A2C000E0F9121C3A74041211A58020901886E05F
:10A2D000601474011214E97405F0901883E0D2E55B
:10A2E000F0790A121F5E9018827402F0901883E0D1
:10A2F000C2E4F0804E74011214E97405F0EF602D91
:10A30000900512E090050FF0900512E4F09083A301
:10A310001214D21226F6901883E0C2E5F09018824B
:10A32000740DF07904121F5E122BC48016901883EE
:10A33000E0D2E5F09018827402F090832F1214D2CC
:10A340001226F690051912AADC6023901882E08587
:10A35000218285228312A3731211C87C037B007AA9
:10A360000A900504E0F9122B1074021211A574046E
:10A3700002AEA6F0A821A922880889097808227FC0
:10A3800001020F1AC082C083901886E0F9029F8AEA
:10A39000790002117274F6120BCD74FF1212587EFE
:10A3A000009016EEE004F07508EE750916780812B4
:10A3B00011C87508018E0978081211C87C007D004B
:10A3C0007A217B00121C0474041211A57900121E5C
:10A3D000C8E96401700479048002790E121F5E904E
:10A3E0001702E064FE7003A3E0F470027E01901790
:10A3F0000FE0F47003A3E0F470047E01803AEEA253
:10A40000E040358521828522837401F0AA21AB22A8
:10A4100079521221687901121EC8E964019017046B
:10A42000700BE0F97A697B151222B88009E0F97A9D
:10A43000697B151222BEE9FEEEF902AEA474F61293
:10A440000BCD74FF121258E9FE852182852283E428
:10A45000F0EE6022A821A922880889097808121143
:10A46000C87C017B007A03900504E0F9122B10747C
:10A47000021211A5803090188BE06023901878129A
:10A4800014AEE8494A4B601790188BE4F0901878A6
:10A490001214D2122B527A327B00121F3480077AA8
:10A4A000007903122B8E02AEA474F5120BCD750841
:10A4B0000075090012261890051412B2B012261E5B
:10A4C0009005148005050812A5CA12B002EE4F705F
:10A4D000F490051412AADC700302A5C590051D12A4
:10A4E000AADC600EA90812B00E90051E12AAA412D2
:10A4F0002C7A90051412B002EE4F700302A5B975C4
:10A500000A0002A58D901988E0F47003A3E0F460BE
:10A51000138E828F8312AAE2901988E0687003A3D9
:10A52000E069705890170512AAE28E828F83A3A368
:10A53000A3A3A3A3A3E0687003A3E069700A74FE59
:10A5400068700374FF69700B8E828F83A3A3A3A32B
:10A55000E060298E828F83A3A3A3A3A3E0F89016C3
:10A56000FFE06870208E828F83A3A3A3A3A3A3E040
:10A57000F8901967E068600DE5097009EEFAEFFBE5
:10A58000122B5E1508050A12A5CA12B002E50AC30D
:10A59000950850257A697B151227E0E9640160036C
:10A5A00002A505EE240BFCE43FFD7A697B15121C25
:10A5B0006AE9600302A52480C30509E509C3940282
:10A5C000500302A4F27F03020F1AEE12A6EB3FF52E
:10A5D000832274F6120BCD74FF12125890051412D8
:10A5E000AADC900511601712A626122B58E96033D9
:10A5F00085218285228312A626122B5E8005E41215
:10A60000AAEAF0A821A9228808890978081211C8A5
:10A610007C017B017A03900504E0F9122B1074028F
:10A620001211A502AEA47401F0900514E0FAA3E0A3
:10A63000FB2274F6120BCD74FF121258E9FE90182B
:10A6400082740312A689F0EE60047B00801A9005E4
:10A6500017E0C394035004E004800A12B00E122BDA
:10A660005E900517E4F07B01A821A92288088909DA
:10A6700078081211C87C017A03900504E0F9122BC6
:10A680001074021211A502AEA4F0852182852283E6
:10A69000740122C082C0839005148007E8FCE9FDA4
:10A6A00012A6F112AADC603EEA687002EB6970EC57
:10A6B00012B00EE86A7002E96B7010E0CA12A6EBE5
:10A6C0003AF58312B011900514800D12A6F112B064
:10A6D00011EC12A6EB3DF58312B2B0E8FAE9FB12D9
:10A6E0001B86790080027902029F8A2414F582E495
:10A6F00022E812A6EB39F5832274F6120BCDEAFE9E
:10A70000EBFF7903121F5E8E828F83A3A3A3A3A303
:10A71000A3E0F9121F3A8E828F83A3A3A3A3A3A35E
:10A72000A3A3A3A3E0F50878081211CC8E828F832F
:10A73000A3A3A3A3A3A3A3120FA3901593E0F508CB
:10A7400078081211CC8E828F83A3A3E0F98E828FBA
:10A750008312B008EE240BFAE43FFB1222CA740401
:10A760001211A5E9FE7054901593E0A2E3502990D0
:10A77000198AE0600A64016006901977E0703C90E5
:10A78000832F1214D21226F67A007B001226FC7A4E
:10A79000007B00122702802390158CE0701D901919
:10A7A000531214AE9019471214BA90195BE0F508D1
:10A7B000A3E0AA08FBE4FCFD1226F6EEF902AEA91E
:10A7C00074F4120BCD8A088B098C0A8D0B901665D8
:10A7D0007808121458901583780812145875086573
:10A7E00075091678081211C87508047509007808EB
:10A7F0001211C87C007D007A847B00121C0402A820
:10A80000BD74F4120BCDE9FE90188BE0601C90181B
:10A810007C7808121476E5084509450A450B600A5C
:10A82000AA08AB09AC0AAD0B800B90188BE4F09032
:10A8300018781214D2122B529016651214AEE849F1
:10A840004A4B601A90198AE064017007EE7004792F
:10A8500001800279007A647B00121E74800EEE7A09
:10A86000006004790380027905122B8E805474F401
:10A87000120BCD74FF121258E9FF7E00EA9005100A
:10A88000F0EF60137A007B10900504E0F9121C468B
:10A89000901888E4F080027E01A821A922880A8904
:10A8A0000B780A1211C87C01EEFB7A01900504E0D6
:10A8B000F9122B1074021211A57401800274041293
:10A8C00011A57F04020F1A74F6120BCD74F5121243
:10A8D00058901883E0A2E5500302AA9CA2E15050D0
:10A8E00090050F7404F0901884E0A2E0503F901897
:10A8F00086E060097A017904122B8E803090198AE3
:10A90000E064016005E06402702390188B7401F02C
:10A910007C047D0079007A0F7B05121AD890050F10
:10A920007403F07901122B4C7901122BE802AA9CD6
:10A93000A2E2500F90050F7405F07A00F9122B8EE9
:10A9400002AA9CA2E3400302AA9C90050F7406F0A1
:10A95000901886E0700302AA55122AF28A088B0921
:10A96000AE08AF09EE4F700302AA5512AAAAF8A3C7
:10A9700012AAA4A3E0A2E1400302AA3074031212B7
:10A98000288808890978081211C87C007D007A039C
:10A990007B008E828F83E0F9121D1274021211A5C2
:10A9A000E9700302AA2674091214E912AABDC3E0D1
:10A9B00094B5A3E0940050408882898374B4F0A3D6
:10A9C000E4F09083A3120F9F7A007B20900504E0AF
:10A9D000F9121C3A74041211A590051F12AADC602A
:10A9E0001790188CE0F4700479FF80068E828F83B4
:10A9F000E0F912AAA1122C7A12AAC54004790980A2
:10AA00002C74011214E912AAE8740912A37312112A
:10AA1000C87C037B007A0A900504E0F9122B1074BD
:10AA2000021211A5800A12AAC54005790E122AC287
:10AA300012AAAA2401F8A3E03400F988828983E0ED
:10AA4000A2E050589005C212B01770108882898316
:10AA5000E0A2E14047790E122AC2804090050374BB
:10AA60000CF090832B120F9F7A407B00900504E03E
:10AA7000F9121C3A74041211A574011214E912AAF5
:10AA8000E8740A12A3731211C87C037B007A0A903F
:10AA90000504E0F9122B1074021211A5740B02AE1A
:10AAA000A6900520E0F58388822212AAAE229005A6
:10AAB00007E0F8A3E0F5838882A3A3E02212AAE2CC
:10AAC000888289832212AAAEF8A3E0F5838882A344
:10AAD000E0A2E022EAFEEBFF8E828F8312AAE2E878
:10AAE0004922E0F8A3E0F9227403F085218285224F
:10AAF000832274F0120BCD74F3121258EAFEEBFFAE
:10AB0000EE5404604F90050FE0600D14600F24FDBB
:10AB1000601424FE60198036122B4080317A01794E
:10AB200001122B4680287A017904122B8E801F9007
:10AB30001882E4F090050F12ADEA120F9F7A047BA1
:10AB400000900504E0F9121C3A74041211A5EE6499
:10AB50000402ACEBEF5480706EEF5410700302AC43
:10AB60003C90198AE064016008E06402600302AC72
:10AB70003490050FE014700302AC2C24FE60030235
:10AB8000AC34900511E06402600302AC347401F04F
:10AB90007900122B6402AC34740A68702390188315
:10ABA000E08A828B83A3A3A3A3F090051912AADCE9
:10ABB000600EEA2402FAE43509FB12AAA4122C7AE8
:10ABC000AA08AB09121AF0900504E0F9121B028AD8
:10ABD000088B09EA4509604C8A828B83E0F874D3BC
:10ABE000687032EA240CF582E43509F583E0F50A51
:10ABF000A3E0F50B780A120ED4018003C0AB10ACB1
:10AC000006ACC0AB0BAC122B3480B5122AD480B08A
:10AC1000122AEC80AB90050FE068600302AB98123B
:10AC20002B16809CEEFAEF648002ADCDA3E0FA799A
:10AC300000122B46EEFAEF641002ADCDEE548060A8
:10AC400009122BA0EE648002ACEBEE5402603A9045
:10AC5000198AE064016005E0640270287C057D00CB
:10AC60007900AA21AB22121AD87900122B2EAA2120
:10AC7000AB221222D0E9600C7A027B00900504E03E
:10AC8000F9121B2CEE64028062EF54086006EF6438
:10AC90000802ADCDEE54406057122AF28B09EA4506
:10ACA00009603A900503E014F060387A007B409028
:10ACB0000504E0F9121C4CEA4B4C4D700990050953
:10ACC00012B011122A9890832B120F9F7A407B00AA
:10ACD000900504E0F9121C3A74041211A5900503C2
:10ACE000E07005790B122AC2EE6440FAEF02ADCD96
:10ACF000EF5420700302ADC090050512ADDE750C57
:10AD0000008024901882E4F090051F12AADC600EE7
:10AD1000850A82850B83E0F912AAA1122C7A850894
:10AD20008285098312ADDEE50845096063850882E6
:10AD3000850983A3A312AABD85820A85830BE060DF
:10AD4000DDC394F150D87405121228880E890F784B
:10AD50000E1211C87C007D007A037B00850A828573
:10AD60000B83E0F9121D1274021211A5E960AF7491
:10AD70000B1214E912AABD12B0176087EA24FF1A59
:10AD8000EB34FFFB8882898312B2B0750C01808E90
:10AD9000E50C60199083A3120F9F7A007B20900529
:10ADA00004E0F9121C3A74041211A5800C7A007B9D
:10ADB00020900504E0F9121C46EEFAEF6420800DA5
:10ADC000EF5440600B122AA4EEFAEF6440FB8004BB
:10ADD0007A007B00740D1211A57F08020F1A12AAC7
:10ADE000E2880889092290050FE4F090838B227491
:10ADF000F6120BCD74DD121258EAFEEBFF90162B03
:10AE0000E0700302AEA090050FE06401600302AEA3
:10AE1000A0122528E9600302AEA08E828F83A3A32F
:10AE200012AADC707B7A007B10900504E0F9121CFA
:10AE3000467413121238EEFAEFFB121FF4741E124E
:10AE400014E9E0F508A3E0F509740978081214493B
:10AE5000C3E508941595E0C365D03340097A0279BB
:10AE600001122B46803A74101214E974FDF08582A9
:10AE70000885830978081211C875080175090078DA
:10AE8000081211C87C107D007A117B01121C047419
:10AE9000041211A57900122BE27A017901122B8E8E
:10AEA0007423800274011211A57F02020F1A74F636
:10AEB000120BCDE9FE901886E06E7006900513E047
:10AEC0007033EE7005901883E4F0EE901886F075FC
:10AED000088675091878081211C8750801750900E7
:10AEE00078081211C87C007D007A557B00121C0482
:10AEF00074041211A580B274F6120BCD12AAD4708C
:10AF00001F7A117B00121B808A088B09A808A909E7
:10AF10008E828F83E8F0A3E9F0E849600312AFE87E
:10AF200002AEA974F6120BCD12AAD47006122B2809
:10AF300002AFDEEC4D606DE8FAE9FB8C828D831286
:10AF4000B0088A828B83A3A3A3A3A3A3A3A3A3E094
:10AF5000FE8C828D83A3A3A3A3A3A3A3A3A3E06ECC
:10AF600070348A828B83A3A3A3A3A3A3A3A3A3A3C5
:10AF700012AFFAA3A3A3A3A3A3A3A3A3A3E06E70FA
:10AF800003A3E06F70108A828B8312AFFAE06E70B9
:10AF900003A3E06F603FEA240FF582E43BF58312E0
:10AFA000B017709EE8240FFEE4398008E8240F50A3
:10AFB0000109FEE912AAD770F37A117B00121B80F7
:10AFC0008A088B09A808A9098E828F83E8F0A3E973
:10AFD000F0E84970067A007B00800A12AFE88E82A2
:10AFE0008F8312B01102AEA912AFF0E4F0A3F022E9
:10AFF000E8240FF582E439F5832212B0028C828DA9
:10B000008322E0FEA3E0FF22E0FCA3E0FD22900506
:10B0100014E0FAA3E0FB22E0FAA3E0FBEA4B22747F
:10B02000F4120BCD12AAD460358E088F09801CEA69
:10B03000240FF50AE43BF50B121B8685088285096F
:10B0400083E4F0A3F0850A08850B09850882850949
:10B050008312B01770D98E828F83E4F0A3F002A818
:10B06000C274F6120BCD74E61212588A828B83E0FA
:10B0700014700302B11024FE600302B22890198AF2
:10B08000E064016008E06402600302B2288A828BF7
:10B0900083A3A3E0600614601802B2288A828B831F
:10B0A000A3E07005122B7080617900122B7602B23A
:10B0B000288A828B83A3E070099005117402F00244
:10B0C000B2111226D88A088B0974FE6508700474C0
:10B0D000FF6509700D901702E064FE7003A3E0F4B1
:10B0E000601D74071214E974FEF0A304F0901702B7
:10B0F00014F0A304F074071212307953122168126D
:10B1000027861222A0901711E4F0122B6A02B228AF
:10B1100090198AE064016008E06402600302B228CA
:10B120008A828B83A3E06011901888E004F0F8A372
:10B13000E0C39850047A008071900510E014600C10
:10B1400014606E14700302B1D802B22890162BE07E
:10B150006051122528E9704790188AE0702D741903
:10B160001214E97402F074111214E9E4F0A3F0F57A
:10B170000878081211CC79027C007D00741212123A
:10B180003012200C74011211A5807A90051B12AAAE
:10B19000DC700302B22812AAA4122C7A02B2287917
:10B1A0000180027900122BE27A017901122B8E8044
:10B1B0007774031214E9E4F074041214E97404F0CF
:10B1C000141212301225167A007B10900504E0F953
:10B1D000121C4690194F803C74091212387A007B79
:10B1E0000079AB12247A74091212288521828522F3
:10B1F00083E8F0A3E9F074021214E97404F0AA21C0
:10B20000AB2212251C7A007B10900504E0F9121C79
:10B2100046908377120F9F7A007B10900504E0F927
:10B22000121C3A74041211A5741A02AEA674EE121E
:10B230000BCD890B8A0D8B0E8C0CEC6056741212A0
:10B2400014E9E0F508A3E0F509E508450960447450
:10B25000022CFA7B00121AEA8A108B11AE10AF1181
:10B26000EE4F602F750A0078081211C4AC0C7D00F7
:10B27000EE2402FAE43FFB121ACC74031211A58EDD
:10B28000828F83E50DF0A3E50EF0EEFAEFFBA90B3C
:10B29000121AF67F0A020F1AC082C08390051902A3
:10B2A0009F85C082C083900516E004F0F9029F8A52
:10B2B000EAF0A3EBF022C082C0839015D4E4F0A39F
:10B2C000F07CA97D167A697B15121C701223C012BE
:10B2D0002288D083D08202117274F2120BCD74FED8
:10B2E000121258E9FEEAFF8B088C0974016E60089F
:10B2F00074026E600302B402EF600874036F6003AF
:10B3000002B39B122528E9605374036F604E121A32
:10B31000E48A0A8B0B780A1211C8750A01780A129E
:10B3200011CC750A00780A1211CCE509F50A780AE1
:10B330001211CCE508F50A780A1211CC9015831287
:10B340000F9F901885E0F97C7F7D1690198812C0B8
:10B35000571222A6740A1211A502B3FD7902121F18
:10B360005E901885E0F99015831214D212229AE9A2
:10B37000F874036F600302B3FF9015D6E0F974010F
:10B3800029F0E9C394054077901583E4F0A374F89D
:10B39000F0A374FFF0A37407F0806474016F70620F
:10B3A00074016E790A702E121F5E7A007B0490176A
:10B3B0005CE0F9121C46AA21AB22795012216212DC
:10B3C000C32390170F12C065790090170F12C05752
:10B3D0001223008044121F5E901961120F9F7A00A1
:10B3E0007B20901588E0F9121C3A74041211A59084
:10B3F0001885E0F99015831214D21222B2E9F8E808
:10B4000060179083A3120F9F7A017B00901588E04C
:10B41000F9121C3A74041211A5740202C30F74F6D7
:10B42000120BCDE9FFEAFE7AD1F9121B088A828B52
:10B4300083E5824583702A7A027B00121AEAEA4B7E
:10B44000700E7A107B00901588E0F9121B2C801486
:10B450008A828B8374D1F0EFA3F0EEF9121AF68092
:10B4600003EFA3F002B58074F7120BCD89089005A5
:10B470000112C5E6801A8E828F8312B4BCE0600987
:10B4800012B4C8FAA908121F888E828F8312C88648
:10B49000FFEE4F70E190194BE0F47003A3E0F4600D
:10B4A0000A90194BE0FAA908121F881226D89015A5
:10B4B0005F12C05D1226D27F01020F1AA3A3E0F82B
:10B4C000A3E0F98882898322A3A312B4CE2212BBFF
:10B4D00027E02274F4120BCD890B7D00740C12143A
:10B4E000E912C32980010DEDC3950B503D750A008B
:10B4F0008002050AE50AC39C50ECED25E0FEE4332A
:10B50000FFEA2EF582EB3F12C87EF509AE0AEE2E59
:10B51000FEE433FFE82EF582E912C2DD650870040F
:10B52000A3E0650970CC7901800279007F04020FE5
:10B530001A02117274F6120BCD12B5D77003A3E084
:10B540006D701775089175091578081211C8EEFA13
:10B5500012203074021211A5801F7508027509802F
:10B5600078081211C88C088D0978081211C812B514
:10B57000CC12204874041211A5800574021211A582
:10B580007F02020F1A74F6120BCD12B5D77003A307
:10B59000E06D701775089E75091578081211C8EED0
:10B5A000FA12203674021211A5801F75080375095E
:10B5B0008078081211C88C088D0978081211C812F9
:10B5C000B5CC12204874041211A580B412BD0DE050
:10B5D000FD7C8012C0A622EAFEEBFFEE12C1D13F35
:10B5E00012C2FC12B5F128FCE439FD90155FE06C45
:10B5F00022FAA3E0F8E4C8F9EA2274F6120BCD743B
:10B60000FE121258EAFEEBFF852182852283E4F0C8
:10B61000A3F012C09012C2F5FBECFA88828983A3D2
:10B62000A3E0F9750900750800600574FF697005ED
:10B63000750882802490155FE06A7003A3E06B7048
:10B6400015AA21AB22122C2AE9FA12C2C270037584
:10B6500008838A098003750880852182852283E01A
:10B66000FCA3E0FDA908EEFAEFFB12203CE509601F
:10B670000B12C2C2600612C051121B8602B57B02B9
:10B68000117274F2120BCDEAFEEBFF75090075081A
:10B690000012B6F3F50AE439F50B1226D8EA650A6A
:10B6A0007003EB650B7012122C1EE914F509790179
:10B6B0007AA07B15122C18800375088012C2D7F56A
:10B6C0000C780C1211CC750CA0750D15780C12119C
:10B6D000C878091211CC780A1211C878081211CC56
:10B6E00012C1E112C2DAF97A057B80122042740796
:10B6F00002C30F12BD1912C32D88828983E012B5CF
:10B70000F1282274F6120BCD780080308A828B8368
:10B7100012C880FEE4CEFFE5082EE43FF509E825D7
:10B72000E0FEE433FFEC2EF582ED3FF583E508F013
:10B73000A3E509F0EA2402FA50010B08E8C3994096
:10B74000CB02B58074E0120BCD8A188B19751300EB
:10B7500075160075170075140075150012C1CC35EB
:10B760001912C6DCF50B850A82F58312B6FDF508C1
:10B77000E439F509850A82850B83A3A312C712A3B6
:10B78000A3E0F9EAFEE439FFE518240FF51EE435DD
:10B7900019F51FE518240EF51CE43519F51DE518FB
:10B7A0002402F51AE43519F51BAA08AB0912275033
:10B7B000E964016018AA08AB09122750E970539098
:10B7C000155FE065087004A3E065096045851C828B
:10B7D000851D83E0F50A780A1211CCE4F50AF50B11
:10B7E000780A1211C8780A1211CC78081211C8759B
:10B7F000088078081211CCAC1AAD1B851E82851FFB
:10B8000083E0F97A067B8012204274071211A502A8
:10B81000BB22850A82850B83A3A3A3A3E0F509E5D8
:10B820000A2405F50A5002050BE509602212C867D3
:10B83000121B808A168B17EA45176013AC16AD17DA
:10B84000AA0AAB0BA909121FBE8A0A8B0B800375CB
:10B850000900850A82850B83E0F508A385820A85A5
:10B86000830B601E12C867121B808A148B15EA4571
:10B8700015600FAC14AD15AA0AAB0BA908121FBEB8
:10B8800080037508009005018045E4F0A3F0AA0C40
:10B89000AB0D850E82850F83A3A312BB2712B4C8FC
:10B8A000F9121AF6850A82850B83E0C0E0A81374AA
:10B8B000A028F582E43415F583D0E0F00513A2004A
:10B8C0005007AA0AAB0B121B86850E82850F83E0F8
:10B8D000F50EA3E0F50FE50E450F700302BA87855C
:10B8E0000E82850F83A3A312C329E8FAE9FB8A829B
:10B8F0008B83E0FC60D3850E82850F83A3A3A3A373
:10B90000A3A3A3A3E0A2E050C0850E82850F83A36A
:10B91000A312B4BCE5824583600FECFA7901122CC6
:10B920007A8A0A8B0BD200800F8A828B83A3A3A30F
:10B93000A312C6DEF50BC200E50A450B6080850A3E
:10B9400082850B83A3E06E7003A3E06F600D74FF2C
:10B950006E700374FF6F600302B8BE850A82850BA8
:10B9600083A3A3A3A3A3A3A3120FA3850A82850B7A
:10B9700083A3A3A3A3A3A3E0FCAA16AB17A9091250
:10B980001F9474021211A5E97038850A82850B8311
:10B99000A3A3A3A3A3A3A3A3A3A3120FA3850A8274
:10B9A000850B83A3A3A3A3A3A3A3A3A3E0FCAA142F
:10B9B000AB15A908121F9474021211A5E9700302B5
:10B9C000B8BEE5082509C333240AFA7B00121AEA37
:10B9D0008A0C8B0DEA450D700302B8A48A828B8312
:10B9E00074D2F0851A82851B8312C3298A828B83C5
:10B9F000A3A3E8F0A3E912C6C6A3E50912C89FE510
:10BA000008F0EA2405F582E4350DF583E5096028A0
:10BA100012C689350D12C05C851610851711751276
:10BA20000078101211C4AC09EC2CFCE433FD121A9E
:10BA3000CC74031211A58004E4F0A3F0E50C2408F3
:10BA4000F582E4350DF583E508700302B88AA8098C
:10BA5000E828F8E433F9E50C28F8E50D39F9E8129F
:10BA6000C68A3912C05C85141085151175120078CC
:10BA7000101211C4AC08EC2CFCE433FD121ACC7487
:10BA8000031211A502B88EE513602D851C82851D59
:10BA900083E0F50878081211CC7508A075091578AF
:10BAA000081211C8E513F50878081211CC90155F3B
:10BAB000120FA37508008033E51812C5EB3519F590
:10BAC00083E07044851C82851D83E0F508780812A8
:10BAD00011CC7508A075091578081211C8750800F1
:10BAE00078081211CC90155F120FA378081211CCB0
:10BAF000AC1AAD1B851E82851F83E0F97A067B8018
:10BB000012204274071211A5E51645176007AA1600
:10BB1000AB17121B86E51445156007AA14AB151266
:10BB20001B867F18020F1AE0F8A3E0F583888222B3
:10BB300074EF120BCD74F4121258EAFEEBFF8C086E
:10BB40008D09740B1214E97403F0121230121C7078
:10BB50001226D28A0A8B0BAC0AAD0BEE240CF50A26
:10BB6000E43FF50B7403121230121C6AE9601CE505
:10BB7000082413F50CE43509F50D850C82F583E0F6
:10BB8000FA74036A601074016A600B852182852251
:10BB900083748402BC9AE5082408F8E43509F9881E
:10BBA0000E890F8882F583E0F510602574FF65101B
:10BBB000601FE5082414F8E43509F9E8FCE9FD7490
:10BBC000036A70188C828D83E0F8600574FF6870DA
:10BBD0000B852182852283748202BC9AE5082409A0
:10BBE000F8E43509F9E8FAE9FBE508240BF5085013
:10BBF000020509850A82850B83E064217002A3E0B7
:10BC00007065852182852283748C12C309E0F5104A
:10BC100078101211CCAC08AD098A828B8312C05700
:10BC2000850E82850F83E0F912246E74011211A52E
:10BC3000E97068852182852283E4F0121F52850C09
:10BC400082850D83E0640370527401121238AA08D1
:10BC5000AB0912248CE970437D007C007900AA08AE
:10BC6000AB0912201280348C828D83E0F50C780CA5
:10BC70001211CCAC08AD098A828B8312C057A9106F
:10BC800012247474011211A5E98521828522837022
:10BC900007E4F0121F5280037488F012C2D7F5082F
:10BCA00078081211CC7401121228880889097808C2
:10BCB0001211C8850A82850B8312C8804480F50959
:10BCC00078081211C812C1D712200674051211A5E6
:10BCD000740C1211A57F09020F1AC082C08374F37D
:10BCE000121258852182852283E4F0041214E9128D
:10BCF000C05D74031214E9AA82AB83122222AA2126
:10BD0000AB2212225E740D1211A502B2D2EE12C342
:10BD10001D3FF5832212BD1922EE2413F582E43F64
:10BD2000F5832212C672FBEA4B2274E8120BCD7423
:10BD3000DB1212588A168B17751200751300750DD9
:10BD40000012C1CC351712C096799C1222E29019CC
:10BD50008AE06004640170147A04790012227CEA9B
:10BD6000F50D852182852283E02A80088521828540
:10BD700022837401F0E0F8E50EC398400302BFEEA1
:10BD8000E0C3950EF509C394044003750903E50962
:10BD900075F01AA4FAABF0121B808A128B13EA45D5
:10BDA00013700302BFF1750C00AE12AF13850E08BD
:10BDB00002BE527C087D0079FFAA14AB15121AD876
:10BDC000E50A2404F8E4350BF9EE2416FAE43FFB07
:10BDD000EE2415FCE43FFDEE2414F514E43FF515C4
:10BDE00088828983E0702E850A82850B8312C2C8FF
:10BDF0008514828515837004E4F080087401F09046
:10BE00001722E01485108285118312C3097402126F
:10BE1000C636E48033901722E004851082851183B2
:10BE200012C67EC39403851482851583400302BE27
:10BE3000FB740212C67E6401700302BF078C828D00
:10BE400083740112C6367401F0EE241AFE50010FFD
:10BE5000050CE50CC39509400302BF6CE508C395CA
:10BE60000D400302BF0FAA087B001222828A0A8BB0
:10BE70000B050890170F12C079121C70850A828575
:10BE80000B8312C329EE2412F582E43FF583E8F018
:10BE9000A3E912C06BEE2418F510E43FF5118510EC
:10BEA00082F58374FF12C723A3A3A3A3A3A3A3A311
:10BEB000A3E0C0E012C047D0E0F074011214E9E43E
:10BEC00012C669F8A3E0F974021214E912C065EE13
:10BED000240AF514E43FF515740112123012224CB5
:10BEE000E96401600302BDB374041214E9AC82ADCD
:10BEF00083AA14AB15121C7002BDC0740112C67E59
:10BF00006403600302BE3D8C828D83E402BE43E580
:10BF10000DC3950E40057508008058E50EC3950DBC
:10BF2000F508804F850A82850B83E412C309F090DF
:10BF30001722E0148A828B8312C06B741D1214E9DD
:10BF4000E0C0E012C047D0E0F0EE2414FAE43FFB7A
:10BF50008882898312C2C88A828B837003E480023C
:10BF60007401F0EE241AFE50010F050CE50CC39588
:10BF700009507E740E121238AA087B0079871222AB
:10BF8000E2050874181214E912C079121C707410BA
:10BF90001214E9AC82AD83EE12C68A3FFB121C700C
:10BFA000EE2412F8E43FF9740E1214E912C0578817
:10BFB00082898312C05DEE2418FAE43FFBEE24165A
:10BFC000FCE43FFDEE2415F50AE43FF50B90198AD9
:10BFD000E060076401600302BF24850A82850B8349
:10BFE000740212C3090412C63674FF02BF38750901
:10BFF00000750A00780A1211CC78121211C878095B
:10C000001211CCE50EF50978091211CC7405121441
:10C01000E9E0FD7C00E51612C5E13517FBE51612D7
:10C02000C3173517F583E0F912204E74051211A5D8
:10C03000E51245136007AA12AB13121B8674251272
:10C0400011A57F10020F1AEE2419F582E43FF58343
:10C050002285218285228312C672FB22FBEAF0A38D
:10C06000EBF022A3A3E8F0A3E9F022F0EE2417F509
:10C0700082E43FF5837402F02212C32D8E828F83F7
:10C08000E8F0A3E9F07C237D17EE12C5E13FFB2227
:10C09000EE12C1D13F22F58312B4CEF50EAC21AD24
:10C0A000227A007B0022EE2402FAE43FFBEE240F0A
:10C0B000F582E43FF583E0F92274EF120BCD74FEB4
:10C0C0001212588A0A8B0B750E00750F0012C1CC24
:10C0D000350BF58312B4CAF50DAC21AD227A007B85
:10C0E0000079A312247AAA0D12C323C3EA98E49913
:10C0F000501E852182852283E0C39AFEA3E094002E
:10C10000FFC3EE9404EF940040617E037F00805FE4
:10C110007E00750C00EEF975080078081211CC78D5
:10C120000E1211C8E9F50878081211CCE50DF508D2
:10C1300078081211CC74051214E9E0FDAC0CE50A84
:10C1400012C5E1350BFBE50A12C317350BF583E089
:10C15000F912205474051211A5E50E450F6007AAC7
:10C160000EAB0F121B86740202BCD2EE4F60A3EE20
:10C17000FAEFFBEA75F015A4FAA8F075F015EBA438
:10C1800028FB121B808A088B098A0E8B0FEA450F49
:10C190006032750C00751000C3E5109EE49F4003EB
:10C1A00002C115AC08AD09A80DE51028FAE4340069
:10C1B000FB79A212247AE5082415F5085002050936
:10C1C000051080D4750CB5790002C11712C1D022B8
:10C1D000EA2413F582E422790112C1E1FAE43FFB7B
:10C1E00022EE2402FCE43FFDEE240F2274F4120B35
:10C1F000CD74FA1212588A088B09EA12C6EE12C5DB
:10C20000E6FFEEFAEFFB122228E960171226D28A27
:10C210000A8B0BAC0AAD0BEEFAEFFB121C6AE96459
:10C2200001700A74011214E9E4F0A3800974011288
:10C2300014E9EEF0A3EF12C6D3FEA2E65008740391
:10C240001214E97401F0EEA2E7500874041214E924
:10C250007401F074051214E912C2CEF0F50A780ADE
:10C260001211CC7401121228880A890B780A121153
:10C27000C8750A34750B80780A1211C8790112C288
:10C28000E212200674051211A590832F1214D21207
:10C2900026F67A007B001227027A007B001226FC29
:10C2A00074011212301222D0EEA2E7400D74011276
:10C2B00014E912C2C87003122BDC74061211A50215
:10C2C000B52C85218285228312C32DE84922E4F012
:10C2D00085218285228322EE240EF582E43FF583B8
:10C2E000E022E5082402FCE43509FDE508240FFA04
:10C2F000E43509FB2212C2FCFCA3E022F583E0F83E
:10C30000A3E0F988828983E022F08C828D83221257
:10C3100011A57F06020F1A240FF582E422240EF5E0
:10C3200082E42285218285228312C32D22E0F8A394
:10C33000E0F922A3F0A3E912C33B22F0EE2402FEAF
:10C340002274F6120BCD12C3D512C87EF509AC08C3
:10C35000FDEEFAEFFB121C70850882850983A3A30A
:10C36000A312C8A7A3A3F0E5082409F50850020505
:10C3700009F58212C8BCA3A312C06685088285098C
:10C3800083A3A3E0F812BD15E8F0E5082403F5083F
:10C3900050020509EE240BFAE43FFB740368702594
:10C3A000AC08AD09121C70850882850983A3A3A37C
:10C3B000A3A3A3A3A3E0C0E0EE2414F582E43FF519
:10C3C00083D0E0800C85088285098312C6F6F0A32D
:10C3D000E9F002B580ECFEEDFF12C1D03B2274F211
:10C3E000120BCD750A00EA241312C62DEA2410F5AB
:10C3F00082E43BF583E0C3940C40128E828F83E08D
:10C40000F8A3E0C812C5EB38F583E0F50AA80AE8FE
:10C4100028F8E433F9E8240DFAE439FB121B808A8A
:10C42000088B09EA4509700302C4BA8E828F831211
:10C43000C6B7F88A828B8312C4C1707EEEFCEFFD12
:10C44000EA2403FAE43509FB121C70EE2408FE50BE
:10C45000010F12C70112C066E508240BF8E4350984
:10C46000F9E8FAE9FB8A828B83E4F0E50A604BE5A0
:10C4700008240DF8E43509F98E828F83A312C71CB6
:10C4800012C694C0E012C6ABD0E0F0EE2404FE5019
:10C49000010F850A0B8E828F83E0FCA3E0FBEC8802
:10C4A00082898312C05EE82402F8500109EE24025A
:10C4B000FE50010F150BE50B70DBAA08AB0902C398
:10C4C0001212C69FAE82AF832274F6120BCD12C633
:10C4D00040600302C5DEE812C5E139FBEC2403FE2F
:10C4E000E43DFF8A828B83E05407F5088E828F83B8
:10C4F000E054F84508F50912C5F8A2E3E433F5085D
:10C50000A2E0E433333333F50874F7550945088E58
:10C51000828F8312C5F8A2E4E433FAA2E0E433C4C4
:10C52000FA8E828F83E054EF4AF0E82403FAE4396C
:10C53000FBEC24040EE43DFF8A828B83E054F8F583
:10C54000088E828F83E054074508F50812C5F85419
:10C5500007FA74F855084A8E828F8312C60E8C82B1
:10C560008D83A3A3A3A3A312C5FDA312C67712C6EE
:10C570001412C5F112C61412C67712C62512C5F1DF
:10C5800012C625A312C5F1A3A3A3A3A3A3A3A3A388
:10C59000F0E8240AF85001098882898312C5E6FB75
:10C5A000EEFAEC12C5EB3DF58312C05D88828983FB
:10C5B000A3A3E0C0E0EC240DF582E43DF583D0E0D8
:10C5C00012C5FDE0C0E0EC12C31D3DF583D0E012C2
:10C5D000C60EC0E0EC12C3173DF583D0E0F002B503
:10C5E000802402FAE422E0FEA3E022240BF582E498
:10C5F00022E08C828D83A32212C63AE02212C60169
:10C600002212C60522F088828983A3A3A32212C620
:10C6100001A3E02212C61822A3A3A3A3A3A312C6B8
:10C6200005A3A3A322A3A312C618A3A322F8E43B45
:10C63000F9E8FEE9FF2212C63A22F08A828B8322B1
:10C6400012C1D03B12C2FC8C828D83F08882898318
:10C65000A3A882A98312C5E6FBEE8C828D83A3F08A
:10C66000A3EBF08C828D83E022F0850A82850B8318
:10C67000E022E0FAA3E022A3E08C828D832212C69E
:10C680008222F088828983E022EA240AFAE42212D4
:10C69000C699A32212C699E02212C69FA3A322F034
:10C6A0008E828F83A3227F08020F1AE508240CF5DF
:10C6B00082E43509F5832212C6BB22E0FEA3E0FF27
:10C6C0008E828F83E02212C6CA22F08A828B83A3D5
:10C6D000A3A32212C68FA3A3A3A3E022F583E0F5B0
:10C6E0000AA3E02212C6E82212C69FA3E02212C1CA
:10C6F000D13509F58322E0FCA3E0F9EC8A828B8333
:10C70000228E828F8312C672F9EA85088285098398
:10C71000A322E0FA850A82850B83A322A3E08A8202
:10C720008B8322F0850A82850B83A32274F0120B7F
:10C73000CDEAFEEBFF8C088D098E828F8312C678BE
:10C7400012C4C112C89112C33350010F12C88DA375
:10C75000A3A3F0A3E912C6E4C4540F8C828D83A373
:10C76000A3A3A3A312C694F50CEE2404FE50010F5C
:10C770008C828D83A3A3A3A3A3A3E50CF0EC2407D1
:10C78000F8E43509F9880A890BE50C604C12C86792
:10C79000121B808A0E8B0FA80EA90F850A82850BAB
:10C7A0008312C065E849700302C8327A0080248E83
:10C7B000828F83E0F50EA3E0FCE4CCFDE50E2CE4D3
:10C7C0003DF50F12C86EE50EF0A3E50F12C33B5006
:10C7D000010F0AEAC3950C40D68E828F83E0F50CD8
:10C7E000A3AE82AF83850882850983A3A3A3A3A3F5
:10C7F000A3A3A3A3F0606B12C867121B808A0E8BE1
:10C800000FA80EA90F850882850983A3A3A3A3A35C
:10C81000A3A3A312C063E849701C850A82850B8319
:10C8200012BD23600D121B86850A82850B83E4F0FE
:10C83000A3F07901802E7A0080228E828F8312C825
:10C8400080FCE4CCFDE5082CE43DF50912C86EE55A
:10C8500008F0A3E50912C33B50010F0AEAC3950C87
:10C8600040D8790002C6A625E0FAE433FB22EA2587
:10C87000E0FCE433FDE82CF582E93DF58322F58305
:10C88000E0F508A3E02212C32DE8FEE9228E828F94
:10C890008312C8998C828D832212C672F9EA221201
:10C8A000C6CAA3A3A3A32212C8ACA322A3A3A3A373
:10C8B000A3E08E828F83A3A3A3A3A322850983125F
:10C8C000C8998E828F83A3A3A3A3A3A3A32274F7E3
:10C8D000120BCDE9901588F09015677402F0901551
:10C8E0005F74FEF0A304F01226D2121F7C7A407B04
:10C8F00019122C66121F58121EA402CD5F74F71273
:10C900000BCD74F012125889081220B4E508603A71
:10C9100090172BE07034901969E06401702C901628
:10C9200087E06026AC21AD227A627B001221147967
:10C9300000AA21AB2212257079001225767C107D89
:10C94000007900AA21AB22121AD812DA376021909E
:10C95000158E12DA57FEA3E0FF90158E12D94912F8
:10C960001B86EEF8EFF990158E12DA44E84970DF75
:10C97000741002CD5C74F2120BCD890AEAFEEBFF53
:10C980005480702DEEA2E050417901121F5E7C0FA1
:10C990007B0F90158CE0FA901591E05407F9121F67
:10C9A00082EE640102CA39121E98AA08AB09121A53
:10C9B000F0901588E0F9121B028A088B09EA4509F4
:10C9C00070E5EEFAEF648002CA64EF5420603B9099
:10C9D000158BE0640C700D7902121F5E121F4090DF
:10C9E0001961800B790C121F5E121F4690195D129F
:10C9F0000F9F7A007B20901588E0F9121C3A74048E
:10CA00001211A5EEFAEF6420805AEE5410602E90B9
:10CA1000158BE0F9121F8E901679E0640170179063
:10CA2000830B120F9F7A007B0890175CE0F9121CB1
:10CA30003A74041211A5EE6410FAEF8027EE540840
:10CA40006006EE6408FA8037EF5401601A901711FF
:10CA5000E0F874086860057404687003121E8CEEB8
:10CA6000FAEF6401FB8018EE5404600A7A0379FF40
:10CA70001221501214FCEEFAEFFBA90A121E6E7F6F
:10CA800006020F1A74F7120BCDEAFEEBFFEE54808C
:10CA90006019121EB6121E867901122B2E7A0179A8
:10CAA00003122B8EEE6480FAEF802BEF5402600AA3
:10CAB000121EBCEEFAEF6402801CEF5408600A12EA
:10CAC0002126EEFAEF6408800DEF5404600B12216A
:10CAD0002CEEFAEF6404FB80047A007B0002CD5F49
:10CAE00074F0120BCD74F71212588A0A8B0B890955
:10CAF0007508017E007F0090158BE08521828522DC
:10CB0000837008E4F0F912214480037401F0AA2133
:10CB1000AB227952122168121F64901593E090168F
:10CB2000FCF0901590E06404707DE4F01227081288
:10CB3000270E12213874016508600302CC18121EFA
:10CB400080121AE4EA547FF8E50A28F8E4350BF974
:10CB5000E82464FEE439FF9016651214AE90158344
:10CB60001214BA7A0279FF12215090170274FEF063
:10CB7000A304F090170514F0A304F090170FF0A38E
:10CB8000F07C087D0079007A237B17121AD879008F
:10CB900012272090198AE0640170507401650970B1
:10CBA000347A007B008041121E7AE9F508600302A6
:10CBB000CB2C121E92E9F508750C018E0D8E0E8E8F
:10CBC0000F901704E0780C12110F901583780C1257
:10CBD000145802CB357C087D0079007401121230A4
:10CBE000121AD87401121230122132750CEE750D22
:10CBF00016780C1211C8750C6E750D00780C121198
:10CC0000C87C007D007A217B00121C047404121180
:10CC1000A57A027900122150A908121E6274FF65DC
:10CC20000A700474FF650B601090158B7401F0128C
:10CC30001EDAEEFAEFFB121F34901593E0F912277B
:10CC40004AA90874091211A57F08020F1A74F71275
:10CC50000BCD7E0012214AE9F8A2E150077E01794E
:10CC600000122B2EEEF902CD5FC082C08390198A8C
:10CC7000E0700E90158C7402F0901591E054F880DD
:10CC800036901591E054F8F890198AE06401700428
:10CC900074018007E064027007740248901591F0F7
:10CCA0007AA97B161227E0E990158C7003E48007BF
:10CCB0007403F090193F04F002D4F8C082C083904E
:10CCC000158BE06405702C121ED47906121F5E12BB
:10CCD0001F52121EBC121F4C901593E0A2E3500885
:10CCE000901977E06401700E9019471214D2122641
:10CCF000F68003121F5202D4F8C082C083790F124B
:10CD0000271A7A02790012215002D4F874F7120B14
:10CD1000CD122708E9FE7039122714E9602A12267D
:10CD2000D890155F12DDF190155F12DA3A70079016
:10CD30001591E054F8F090158C7403F0901711E4FD
:10CD400012D58E121C7080027E099016E8E4F0A3C2
:10CD5000F0EE700479008002790180031211A57F42
:10CD600001020F1A74F6120BCD8A828B83E01460D5
:10CD70001B14605324E8600A2447600B24D66079B2
:10CD800080741220668072121E9E806D90158BE05A
:10CD90006402706590198AE064016005E0640270C5
:10CDA00058122B88E9600B122B7CE9604C122BCABD
:10CDB00080471226188B09EA450960047901800230
:10CDC0007900122B76803290198AE064016005E0C8
:10CDD0006402702590050FE064076005E064087048
:10CDE00010901589E0700A7A0190050FE0F9122B76
:10CDF0008E121EB08003121EAA802675088A75093D
:10CE00001578081211C87508017509007808121103
:10CE1000C87C007D007A857B00121C04740412110A
:10CE2000A57F02020F1A74F6120BCD74EB12125882
:10CE3000EAFEEBFFEE240CF582E43F12CE98780870
:10CE4000120E8802002100220082CE00800180554F
:10CE5000CE000094CE122AE68A088B09AE08AF09EC
:10CE6000EE4F60308E828F83E0700EEE2403FCE480
:10CE70003FFDA312D949121FD0EEFAEFFB121B8619
:10CE80008012AC21AD22121FE8AC21AD22EEFAEFE8
:10CE9000FB122C6C74158086F583E0F508A3E0F591
:10CEA0000922C082C0837A017B80901588E0F91244
:10CEB0002C007A007B80901588E0F9122C007A21F2
:10CEC0007B00901588E0F9122C007A227B009015E7
:10CED00088E0F9122C0002D4F8C082C0838A828BC9
:10CEE00083E024FC600624FC6014802290198AE010
:10CEF00064016005E0640270151220C08010901972
:10CF00008AE064016005E0640270031220C602D466
:10CF1000F874F6120BCD90158BE06403600FE0649B
:10CF20000A7062901591E054076401706F90158942
:10CF3000E0704A7A107B00901588E0F9121B2C797A
:10CF400001121EC8E9700F12D08A1226F679051256
:10CF50001F5E7901802990158BE064037017121F02
:10CF60004C90050FE06402700C7901122B2E7A01AF
:10CF70007902122B8E7906121F5E02D08779001279
:10CF80002B6402D087E064046012E0640E600DE060
:10CF9000640F6008E0640D600302D075901589E0AD
:10CFA000705E90158DE4F07901121EC8E9701512BB
:10CFB000D08A1226F67905121F5E7A107B27121E80
:10CFC000CE02D0877906121F5E7A007B20901588EA
:10CFD000E0F9121C46901593E0A2E3501D901977DA
:10CFE000E0701790832F1214D21226F67A007B007D
:10CFF0001226FC7A007B00122702121F4C02D087F7
:10D0000090158CE06401703790158DE004F0C394A6
:10D0100004501F90170FE0F47003A3E0F4601B901E
:10D02000158C7403F09015687401F090193F740426
:10D03000801C9016B1E06401701590158C800EE094
:10D040006403700B9015687401F0901711E4F012EE
:10D0500027861222A0901593E0A2E350089019773A
:10D06000E06401702290158CE06403701A12D08A7B
:10D070001226F68012E0600F121F4C7A107B00908F
:10D080001588E0F9121B2C02CE2190195BE0F508FF
:10D09000A3E0AA08FBE4FCFD2274F1120BCD74F4AA
:10D0A0001212587E007508237509178E0A80010E2A
:10D0B0009032C4E493F8EEC398400302D175A821DE
:10D0C000A922880C890D780C1211C8750C0C750DED
:10D0D00000780C1211C87C007D00EE2475FAE4344F
:10D0E00000FB121C0A74041211A574041214E9A99D
:10D0F00082AA83890C8A0D750E00780C1211C47CEB
:10D10000087D00A908AA09AB0A121AD274031211E9
:10D11000A5E970617C08790074041214E9AA82AB55
:10D1200083121B62E96088EEFF78081211C47C0844
:10D130007D0074071214E9AA82AB83121ACC74031F
:10D140001211A5852182852283E4F0A3F0A3F0A328
:10D1500012D6121211C875080C7509007808121140
:10D16000C87C007D00EF2475FAE43400FB121C0437
:10D1700074041211A502D2BC74F1120BCD74DF122B
:10D180001258740C12123012256A740C121228886C
:10D1900008890978081211C87508157509007808FA
:10D1A0001211C87C007D007A827B00121C0474047A
:10D1B0001211A575080080020508AE087F009032A4
:10D1C000C4E493F8EEC398400302D257EE2475FEF0
:10D1D00050010FA821A922880A890B780A1211C8C8
:10D1E000750A0C750B00780A1211C87C007D00EEE0
:10D1F000FAEFFB121C0A74041211A574041214E94C
:10D20000A982AA83890C8A0D750E00780C1211C4AC
:10D210007C087D0079237A177B00121AD2740312DE
:10D2200011A5E96093741D1214E91214AE852182D0
:10D230008522831214BAA821A922880889097808AE
:10D240001211C875080C75090078081211C87C0005
:10D250007D00EEFAEF80457C087D0079FF740412B2
:10D2600014E9AA82AB83121AD8741D1214E912149D
:10D27000AE8521828522831214BAA821A9228808AA
:10D28000890978081211C875080C8F0978081211DD
:10D29000C87C007D00EE2474FAE43400FB121C0408
:10D2A00074041211A59016E8E4F0A3F07C15FDF9C2
:10D2B000740C121230121AD874218002740C1211DC
:10D2C000A57F07020F1A74F1120BCD74F4121258D5
:10D2D0007508008054A821A922880A890B780A12AF
:10D2E00011C8750A0C750B00780A1211C87C007DF4
:10D2F00000EEFAEFFB121C0A74041211A57404125A
:10D3000014E9A982AA83890C8A0D750E00780C1283
:10D3100011C47C087D0079237A177B00121AD2741D
:10D32000031211A5E970250508E5082475FEE4340B
:10D3300000FF9032C4E493F8E50898409885218274
:10D340008522831214AEE8494A4B605A901587E053
:10D3500070547401F090839F7808121476852182AE
:10D360008522837808121350852182852283121426
:10D37000AE9016E01214BAA821A92288088909786B
:10D38000081211C875080C75090078081211C87CBC
:10D39000007D00EEFAEFFB121C0474041211A5903C
:10D3A00016E8E4F0A3F002D2BC74F5120BCD74DBE6
:10D3B0001212587E00121EC2741012122888088998
:10D3C0000978081211C87508158E0978081211C855
:10D3D0007C007D007A827B00121C0A74041211A565
:10D3E000E970467C107D007900AA21AB22121AD880
:10D3F000A821A922880889098E0A78081211C47CFC
:10D40000107D0074141214E9A982AA837B00121AF9
:10D41000D274031211A5E970107E017C157D00798C
:10D42000007410121230121AD8EEF974251211A5D8
:10D430007F03020F1A74F4120BCD8A088B097A0449
:10D440007B00901588E0F9121C4CEA4B4C4D701B88
:10D45000E4F50AF50B78081211C07A047B009015E8
:10D4600088E0F9121C3A74041211A580031211A568
:10D470007F04020F1AC082C0837A047B0090158853
:10D48000E0F9121C467A047B00901588E0F9121B23
:10D490003202D4F874F6120BCD90158AE4F07508B8
:10D4A0008A75091578081211C87C017D007A857B80
:10D4B00000121BF874021211A5E9702078081211ED
:10D4C000C875080175090078081211C87C007D0034
:10D4D0007A857B00121C0A74041211A502CE2174F5
:10D4E000F6120BCDE9FE90158A7401F06E7003748C
:10D4F00003F002CDFB1211A5D083D0820211727409
:10D50000F6120BCDE9FE121EE07A887B1312240876
:10D5100074016E70249019531214AE9019471214AE
:10D52000BA90195912D93F90169B12DA44901957A4
:10D5300012D93F90169D12DA4490832F1214D21202
:10D5400026F67A007B001227027A007B001226FC66
:10D5500074016E702F90158B7402F090158C04F08E
:10D56000901568740112D58E121C709017117402F8
:10D57000F01222A0121AE4EA547F2464FA7B00120B
:10D580001F3480077A887B13121ECE02CE21F07CD6
:10D59000237D177A697B152274F1120BCD74F71273
:10D5A00012588A088B09ECFEEDFFEEFAEFFB122011
:10D5B000A8EEFAEFFB1220789005C612DA3A603234
:10D5C00074081214E97403F08E0C8F0D750E007838
:10D5D0000C1211C47C087D007403121230121ACC94
:10D5E00074031211A5AA21AB229005C612DA4A12C1
:10D5F0002C7A7900AA08AB0912238490170FE0FC5B
:10D60000A3E0FDAA08AB0912279E121F2874090285
:10D61000D2BEF0A821A9228808890978082274EED0
:10D62000120BCD890F8A108B118C0A8D0BAE11EE67
:10D63000FA7B00121AEA8A088B09EA45096035EE7E
:10D640006020E50A450B601A850A0C850B0D750EE6
:10D6500000780C1211C4EEFC7D00121ACC74031277
:10D6600011A5850882850983E510F0AA08AB09A9F0
:10D670000F121AF67F0A020F1AC082C08374FD12BD
:10D680001258E9852182852283F090157512DA5CA3
:10D690006009AA21AB22122C7A801774021214E9B5
:10D6A000E4F0041212387B027A01901588E0F91236
:10D6B0001EF27900740302D4F574EE120BCDEAFE6B
:10D6C000EBFF90157712DA5C6006122C7A02D92BE8
:10D6D00090175D12CE9A90175DE0F50AA3E0F50B66
:10D6E000EE2404F50EE43FF50FEE2402F50CE43FC2
:10D6F000F50D803E85088285098312D93F850C820D
:10D70000850D83E0687003A3E06970148508828545
:10D710000983A3A3E0F8850E82850F83E068607714
:10D7200085080A85090BE5082414F582E4350912F9
:10D73000CE98E508450970BC7A167B00121B808ADA
:10D74000088B09EA4509700302D92B7C167D007904
:10D7500000121AD8850882850983A3A3A3A3A3A3D3
:10D76000A374FEF0A304F0850882850983A3A3A314
:10D77000A3A3A3A3A3A3A3F090175D12DA3A7005A5
:10D7800090175D800BE50A2414F582E4350BF583D0
:10D79000E508F0A3E509F08E828F83A3A3A3A3A3DA
:10D7A000A3A3A3A312D92EA3F0EE2408F8E43FF913
:10D7B0008882898312D92EF0850E82850F8312D933
:10D7C00035F0850C82850D8312D94985088285093B
:10D7D0008312DDF112DC99E0C0E0E5082413F58244
:10D7E000E43509F583D0E0F0E508240BFAE43509C7
:10D7F000FB88828983E06401600CEE240DFCE43F29
:10D80000FD121C7080097C087D0079FF121AD8EE89
:10D81000240AF8E43FF9880A890B8882F583E0F846
:10D82000901897E0C398400302D92B8E828F83A370
:10D83000A3A3A3A3E064016009122B88E97003028B
:10D84000D92BC2F0850A82850B83E0F50CE508240C
:10D8500009F8E43509F988828983E0F50DE50824A3
:10D860000AFAE43509FBEE240BFCE43FFDE50DC3A9
:10D87000950C500C8C828D83E0C394144019801950
:10D88000E50D650C70138A828B83E0F50C8C828D1C
:10D8900083E0C3950C5002D2F0EE2407F50CE43F70
:10D8A000F50D850C82F583E070198E828F83E0F58B
:10D8B0000EA3E0F50F901705E0650E7004A3E06578
:10D8C0000F704FA2F050358E828F83E0F50EA3E0EB
:10D8D000F50F850882850983A3A3A3A3A3A3A3E5CA
:10D8E0000EF0A3E50FF0850A82850B83E08882891C
:10D8F00083F08C828D83E08A828B83F0850C828515
:10D900000D83E0600D850882850983A3A3A3A3741A
:10D9100001F08E828F83A3A3A3A3A3A3E0600C8551
:10D920000882850983A3A3A37401F002D67412D9D7
:10D9300035A3A3A322E0850882850983A3A322122D
:10D94000D94322E0F8A3E0F922E0FAA3E0FB227435
:10D95000F4120BCD74FB1212588908E9901589F066
:10D96000707A1227861227928A0A8B0BAE0AAF0BA7
:10D97000EE4F60547C177D007900121AD89017057D
:10D9800012D93F8E828F8312DA447C077D1712DA18
:10D99000A6121C7090170F12DA2912DA4012DC8FCF
:10D9A00074AAF09032BBE49379002401F850010985
:10D9B0007A027B001208D1EE240DF582E43FF58354
:10D9C000E8F012DC857401F090158BE070057903A6
:10D9D000121F5E9019471214D21226F69015791272
:10D9E000DA3A6030852182852283E508F0901702BB
:10D9F00012D94974011214E912DDF190170512D9F8
:10DA00004974031214E912DDF1AA21AB228882893C
:10DA100083122C7A7C007D007B027A02901588E0CC
:10DA2000F9121EF2740502D46D12D9438E828F83CF
:10DA3000A3A3A3A3A3A32290158E12D943E849223E
:10DA4000A3A3A3A3E8F0A3E9F02212DA4E22E0F8A0
:10DA5000A3E0F58388822212DA4EE02212D94388AD
:10DA6000828983E58245832274F6120BCDEAFEEBB0
:10DA7000FF1226D28A088B09AC08AD0912DAA61269
:10DA80001C6AE96401701C90157B12DA5C600EEE72
:10DA9000FAEFFB122C7A8B09EA4509700612DBD3E8
:10DAA000121EE602CE21EE2402FAE43FFB2274F4B9
:10DAB000120BCD74F8121258EAFEEBFFEE240CF8AC
:10DAC000E43FF9880889098E828F83A3A3A3A3A3C7
:10DAD000A3A3A3A3A3E06401600302DB62740212A8
:10DAE00014E9E4F088828983E0702574011214E956
:10DAF000E4F0FAFB1227027A007B001226FC852153
:10DB000082852283E4F0122BDCAA21AB221222D6DA
:10DB100090832F1214D21226F6850882850983E09D
:10DB20006401702774031214E9E4F0A3F074051281
:10DB300014E9E4F074061214E97401F07407121485
:10DB4000E9E4F074031212301222D08508828509AC
:10DB500083E0F9121EE67402121230795212216823
:10DB6000805D1226DE8A0A8B0B12DBD38E828F83B6
:10DB700012D949E50A6A7003E50B6B7025740169D7
:10DB80006013901591E05407640270168508828531
:10DB900009837401F0850882850983E0F9121EE685
:10DBA000801D850882850983E0F50878081211CC6C
:10DBB000EE2402FCE43FFD121EEC74011211A5904C
:10DBC000157D12DA5C6007EEFAEFFB122C7A74080E
:10DBD00002D46D12DC7AF92274F7120BCDE9FE74CF
:10DBE000016E701990158DE07013122786122B8824
:10DBF000E970077900122B648003122BCA02CD5FF3
:10DC0000021172C082C0831226D802D4F8C082C02A
:10DC1000837A007B01901588E0F9121C4CEA4B4C8A
:10DC20004D7003121F5202D4F874F6120BCDEAFEA7
:10DC3000EBFF12DC9912D93F5480703B12DC7A70F2
:10DC4000367413687001E9602EE8F508E94480F540
:10DC50000978081211C8E4F508F50978081211C806
:10DC600012DC85E0FD7C8412DAA612DC8FE0F9126A
:10DC7000204874041211A502CE21EE240BF582E493
:10DC80003FF583E022EE240EF582E43FF58322EE99
:10DC9000240FF582E43FF58322EE240CF582E43F65
:10DCA000F5832274F4120BCDEA4B60218A088B09AC
:10DCB000E4F50AF50B78081211C07A017B00901583
:10DCC00088E0F9121C3A74041211A5800C7A017BC9
:10DCD00000901588E0F9121B2C02D47074F7120B17
:10DCE000CDE9FE901593E0A2E1501A901967E06E1D
:10DCF0006013901591E054F84402F0901593740C61
:10DD0000F0F912274A02CD5FC082C08390158BE0E4
:10DD100064016005E06402701190193E7401F07AAC
:10DD2000007B00121F3479018002790002D4F8C010
:10DD300082C08390158BE06401600AE06402600594
:10DD4000E0640C700990193EE4F0790180027900DA
:10DD500002D4F874F6120BCD74F81212587A007BC4
:10DD6000001224081226D28A088B09AE081226D87F
:10DD700075080078081211CC901593E0F9EEFCAD0F
:10DD80000912202474011211A57A007B00122408C4
:10DD9000901977E064017027AA21AB221226E412C1
:10DDA00026DE90167EE0F50878081211CC901976E0
:10DDB000E0F9740112123812277A74011211A57455
:10DDC0000802CE1EC082C0837A007B01901588E0D5
:10DDD000F9121B2C02D4F8C082C0837A00EA25E035
:10DDE00012DDF7E4F0A3F00AEAC3940940EF02D48D
:10DDF000F8EAF0A3EBF022F8E433F9747128F58225
:10DE0000741539F5832274F7120BCDE9FE90158B4A
:10DE1000E06E600EEEF07A107B00901588E0F9124B
:10DE20001B2C02CD5F74F4120BCD74F812125875CE
:10DE300008007F00901504E4F07E79750A088F0BC6
:10DE4000780A1211C874021212387A007B00EEF9B7
:10DE500012172474021211A5852182852283E0F411
:10DE60007003A3E0F47013901504E07004EEF080EA
:10DE7000197A01EEF9121B92801074041214E9E071
:10DE8000F47003A3E0F460028E080EEEC3947F40AA
:10DE9000AAE508901504601FE0600FF9121B9E7A36
:10DEA000007B00A908121BA48014A908121B9EE580
:10DEB00008901504F08007E06004F9121B9E7E793B
:10DEC000EFFC7A007B00EEF9121B988B0BEA450BF6
:10DED00060047F017E780EEEC3947F40E3EFA2E002
:10DEE00050147E797C007A007B00EEF9121B980EAC
:10DEF000EEC3947F40EE901504E0703C7E007C0001
:10DF0000EC12DF3D12EE2574F86A700374076B7033
:10DF100004ECFE8018EE12DF3D39F583C3E09AA3CE
:10DF2000E09B5002ECFE0CECC3940640D374792EB7
:10DF3000901504F0F9121B9E790102E77925E0F8AB
:10DF4000E433F974F828F58274142274F7120BCDB7
:10DF500074F8121258EAFF852182852283E4F0A327
:10DF6000F0EF600874021214E9E4800774021214DE
:10DF7000E974FF12E5B77A007B00121BC87408121F
:10DF800011A57F01020F1A74EE120BCD74F8121254
:10DF900058890C8A0E8B0F8C0D7E087F008F0A8F9C
:10DFA0000B75080875090078081211C8740212125E
:10DFB00038EEFAEFFBA90C12172474021211A58592
:10DFC0002182852283E0F47003A3E0F4700302E170
:10DFD0000F74021214E912E3C540087508FC7509B4
:10DFE000FF800812E3BAF508E9F50912E3AE9508D7
:10DFF000E99509501CE50A2400E50B3408F50BC32C
:10E00000E50A9EF50AE50B9FF50B7E007F0802E10D
:10E010000FEE2408FEE43FFF85218285228312EC67
:10E02000D6E849700302E0E8E50E450F604AA80E05
:10E03000E50F547FF9852182852283E0687003A370
:10E04000E069600302E0FB74061214E912ECD6E505
:10E050000F5480700F74FF68700374FF69600302CF
:10E06000E0FB800D74FF68700374FF69700302E0C9
:10E07000FBEEFAEFFB02E126EEFAEFFBA90C121B16
:10E08000C28A108B11A810A91174041214E9E06857
:10E090007003A3E069704674061214E912ECD6E529
:10E0A0000D602A74FF68700374FF69704E852182C9
:10E0B000852283E0FAA3E04480FB121BAAEA4B60AE
:10E0C0003A7C01901505E0F9121BB6802E74FF68AA
:10E0D000700374FF6960247AFF7BFF80497C01EE46
:10E0E000FAEFFBA90C121BB6E5082408F8E4350981
:10E0F000F9E50A28F50AE50B39F50BEE2508FEEFE0
:10E100003509FFC3EE94F8EF9407500302DFA1A88E
:10E110000C12E12AEEF0A3EF12E163E50AF0A3E5A9
:10E120000BF07A007B0074088013E828F8E433F9D8
:10E1300074FA28F582741339F5832274041211A538
:10E140007F0A020F1A74F7120BCDE9FE121730EE98
:10E150002E12E12C7408F0A3E412E163E4F0A3F0C2
:10E1600002DF82F012E16822740628F58274143905
:10E17000F5832274EE120BCD74F712125889088AB7
:10E180000A8B0B7E007F00750C01750D00780C1258
:10E1900011C87402121238EEFAEFFB901504E0F980
:10E1A00012172474021211A5852182852283E0F4BE
:10E1B000600D901504E0F9121B9E790002E3A90E90
:10E1C000EE70010FC3EF940840BD7E087F0074011C
:10E1D000F0901504E025E012E12CE0F50CA3E0F549
:10E1E0000D750E08750F00780E1211C87403121207
:10E1F00038EEFAEFFBA90812172474021211A57465
:10E20000011214E9E0F47003A3E0F4700302E3697F
:10E2100074031214E912E3C54008750EFC750FFF74
:10E22000800812E3BAF50EE9F50F12E3AE950EE998
:10E23000950F500302E36974F8C3950CF8740795C1
:10E240000DF9C3E8950EE9950F500302E37CEE2427
:10E2500008FEE43FFF74011214E912ECD6E849709D
:10E260000302E35574011214E9E0650A7004A3E0A7
:10E27000650B700302E355EEFAEFFBA908121BC20F
:10E280008A108B11A810A91174051214E9E06870A6
:10E2900003A3E069600302E35574071214E9E0F494
:10E2A0007003A3E0F4700B7C00EEFAEFFBA90812F8
:10E2B0001BB675090078091211CCE4F510F5117838
:10E2C000101211C874061214E912ECC77404121467
:10E2D000E912EE28901504E0F9121BE07403121104
:10E2E000A5E9700302E37CE50C2408F50CE4350D88
:10E2F000F50D780E1211C8780C1211C8901504E0B3
:10E30000FCEEFAEFFBA908121BDA74041211A574D3
:10E31000031214E912E3D0121BC274051214E9129D
:10E32000ECE57002EB6D7054AA0CAB0D901504E097
:10E33000F9121BBC8A108B11A810A91174051214B4
:10E34000E9E0687003A3E069703274011214E91205
:10E35000E3D0121BECEE250EFEEF350FFFC3EE945B
:10E36000F8EF9407500302E1D1852182852283E0F2
:10E370007014901504E0F9121B9E8025852182857A
:10E380002283E4F080ECE50A450B70157A019015C4
:10E3900004E0F9121B92A908121B9EE508901504CF
:10E3A000F0852182852283E0F9740902E13D74F849
:10E3B000C39EF874079FF9C3E822EC2403F8E43DF8
:10E3C000F9E854FC2212ECC7C3EC94FCED94FF2254
:10E3D00012ECC7AA0CAB0D901504E0F92274F412EC
:10E3E0000BCDEAFEEB800374804FFF7508797C004B
:10E3F000EEFAEFFBA908121B98EA4B6008E50890BB
:10E400001505F080150508E508C3947F40E0EF543A
:10E410008060D4901505E4F0FAFB02E77E74EE12FA
:10E420000BCD74F612125889098A0C8B0DECFEED97
:10E43000FFC3EE94F4EF94FF400E85218285228382
:10E4400074FCF0A374FF8018EE2403F8E43FF9E8AD
:10E4500054FC2408500109852182852283F0A3E918
:10E46000F07508007C06901504E004F50AE50AC37F
:10E47000947F4003750A79901504E0650A60317451
:10E4800087250A25E0F8E433F974EC28F582741442
:10E4900012EE25E4C39AFA74089BFB74F828F582FF
:10E4A000741439F583E02AFAA3E03B12E59E500983
:10E4B000050A1CEC70B702E597EC700302E597744F
:10E4C0001C1214E9E0F50EA3E0F50FA80A12E12AE8
:10E4D00012ECDCFA74089912E59E400302E57375AC
:10E4E000100875110078101211C874041212387ACD
:10E4F000007B00A90A12172474021211A5740612D7
:10E5000014E9E0F47003A3E0F4700B12E5B07A04B0
:10E51000FBA90A121BCEAA0CAB0DA90A121BA4E977
:10E520006075E509F50B780B1211CC780E1211C845
:10E53000EEFCEFFDAA0CAB0D901504E0F9121BE008
:10E5400074031211A5E96006901504E0F508E509C9
:10E55000700A850E82850F83E50A80147A01901572
:10E5600004E0F9121B92A90A121B9EE50A901504F9
:10E57000F08024E509F50B780B1211CC780E1211FE
:10E58000C8EEFCAA0CAB0DA90A121BE07403121111
:10E59000A5E96003850A08A908740A02E13DFB8524
:10E5A0002182852283E0F8A3E0F9C3EA98EB99225F
:10E5B000852182852283E4F0A3F0AC21AD22227470
:10E5C000F4120BCD74F8121258890AEAFEEBFF8C94
:10E5D0000BEE24F8FEEF34FFFF750808750900788C
:10E5E000081211C87402121238EEFAEFFB12172447
:10E5F00074021211A5E50B702074061214E9E4F000
:10E60000A3F074041214E9AC82AD83EE2404FAE49E
:10E610003FFBA90A121BC8803974021214E9E024D6
:10E6200003F8A3E03400F9E854FC2408F508E439C1
:10E63000F50912E5B0EEFAEFFBA90A121BC8A80A09
:10E64000E828F8E433F912E168E02508F0A3E035A2
:10E6500009F002E77974F4120BCD74FE121258859A
:10E660002182852283ECF0A3EDF08908EAFEEBFF1E
:10E67000EE24FCFEEF34FFFFAC21AD22EEFAEFFBFF
:10E68000121BCE750A02750B00780A1211C87402AB
:10E69000121238EEFAEFFBA90812172474021211B5
:10E6A000A585218285228312EE28740202E77B74FD
:10E6B000F0120BCD74FC121258890CEAFEEBFF8DA0
:10E6C0000B750800750900EC2403F50EE4350BF515
:10E6D0000F7402780E121449850E0A850F0B12F181
:10E6E00033604E750E04750F00780E1211C8740257
:10E6F000121238EEFAEFFBA90C1217247402121151
:10E70000A5EE2404FEE43FFF7800E8FA8521828527
:10E710002283E5822AF582E43583F583E0FAE50871
:10E720002AF508E43509F50908E8C3940450AF80D8
:10E73000D9AA08AB0974041211A57F08020F1A7434
:10E74000F4120BCDE9FE7508017509007808121165
:10E75000C88A088B0974027808121449EEF50A7504
:10E760000B007409780A121363E5082400FAE5091E
:10E77000350BFB12172A02E6AA74081211A57F04B2
:10E78000020F1A74F7120BCD74FC1212588C828D82
:10E7900083E0852182852283F08C828D83A3E0C073
:10E7A000E074011214E9D0E0F074021214E974FF6D
:10E7B000F074031214E974FFF0AC21AD22121BC8EF
:10E7C000740402DF7F74EE120BCD74FC12125889B0
:10E7D0000A8A088B098C0C8D0DEA5403F50B74160C
:10E7E0001214E9E0FEA3E0FFE50B605C74FC550841
:10E7F000F508750E04750F00780E1211C874021218
:10E800001238AA0812172474021211A5E50C450D3E
:10E8100060268E828F83E0C0E0A80B12E90ED0E064
:10E8200012E91F050BE50C24FFF50CE50D34FFF58F
:10E830000DE50BC3940440D4AC21AD22AA08AB096A
:10E84000A90A121BC812EA8FE50C5403F50B850CBC
:10E850000E850D0F7402780E121449850E0C850F6B
:10E860000DE50C450D6051780C1211C8EEFCEFFD62
:10E8700085080E85090F7402780E121449E50AF511
:10E880001075110074097810121363E50E2400FA54
:10E89000E50F3511FB12172A74021211A5740278C4
:10E8A0000C121363A80CA90DE50828F508E5093931
:10E8B000F509EE28FEEF39FFE50B604F750C00758A
:10E8C0000E04750F00780E1211C87402121238AAC5
:10E8D00008AB09A90A12172474021211A580138E1D
:10E8E000828F83E0C0E0A80C12E90ED0E012E91F8D
:10E8F000050C850B0D74FF250DF50B0470E1AC21A3
:10E90000AD22AA08AB09A90A121BC802E13B852166
:10E9100082852283E58228F582E43583F58322F01F
:10E920008E828F83A3AE82AF832274EE120BCD74DE
:10E93000FC121258890E8A0C8B0D8C0B7416121453
:10E94000E9E0F508A3E0F509E5085403F50A7418B1
:10E950001214E9E0FEA3E0FFE50A6072F8C3E508DF
:10E9600098F508E5099400F509751004751100780B
:10E97000101211C87402121238AA08AB09A90B129E
:10E98000172474021211A5EE4F6033751001781030
:10E990001211C8A80A74021214E912EA9B12172471
:10E9A00074021211A5050CE50C7002050D050AEEA6
:10E9B00024FF1EEF34FFFFE50AC3940440C9AC21D5
:10E9C000AD22AA08AB09A90B121BC812EA8FEE549C
:10E9D00003F50A8E108F1174027810121449AE10CC
:10E9E000AF11803975100475110078101211C874B8
:10E9F00002121238AA0CAB0DA90E121724740212BF
:10EA000011A5E50C2404F50CE4350DF50DAC21AD94
:10EA100022AA08AB09A90B121BC812EA8FEEF8EF65
:10EA2000F9E824FF1EE934FFFFE84970B7E50A6002
:10EA30005B7E007510048E1178101211C8740212DA
:10EA40001238AA08AB09A90B12172474021211A5D7
:10EA5000802375100178101211C8EEF87402121498
:10EA6000E912EA9B12172474021211A5050CE50C99
:10EA70007002050D0EAF0A74FF2FF50A0470D3ACB7
:10EA800021AD22AA08AB09A90B121BC802E13BE584
:10EA9000082404F508E43509F50922E58228FCE498
:10EAA0003583FDAA0CAB0DA90E2274EC120BCD74AC
:10EAB000F8121258890C8A0E8B0FECFEEDFFE92933
:10EAC000F508E433F50974FA2508F51074133509CF
:10EAD000F511851082F583E0F50AA3E0F50B750DBD
:10EAE00000852182852283EAF0A3EBF074021214E0
:10EAF000E9EEF0A3EFF0AC21AD22AA0AAB0B121B9A
:10EB0000C875120875130078121211C87402121217
:10EB100038AA0AAB0BA90C12172474021211A5749F
:10EB2000021214E912ECD6852182852283E0650E5B
:10EB30007004A3E0650F600302EC6AEE687002EFF8
:10EB400069600302EC6A741E1214E9E0700302ECBF
:10EB500045741C1214E9E0F50EA3E0F50F850E8252
:10EB6000F583EEF8EFF9E85403F508E58245837084
:10EB700015E875F0FFA4F8AAF075F0FFE9A42AF9EA
:10EB8000E8FAE9FB801F7A007B008009E0FCEA2CB0
:10EB9000FAE43BFBA3E8FCE9FDEC24FF18ED34FFAD
:10EBA000F9EC4D70E7E508601EF87404C398F89519
:10EBB000E0F9E875F0FFA4F8ACF075F0FFE9A42CDB
:10EBC000F9EA28FAEB39FB74041214E9EAF0A3EB32
:10EBD000F0E50A2408F50AE4350BF50BE50E450FC0
:10EBE0006017780E1211C8EEFCEFFDAA0AAB0BA954
:10EBF0000C121BD474021211A5EEFCEFFDAA0AAB95
:10EC00000BA90C121BC274041214E912ECE5700279
:10EC1000EB6D7034AA0AAB0BA90C121BBC8A088BD3
:10EC200009A808A90974041214E9E0687003A3E0B4
:10EC300069701585218285228312ECC7AA0AAB0B65
:10EC4000A90C121BEC750D0174021214E912ECD61A
:10EC5000C3E894F4E994FF40067EFC7FFF804FE810
:10EC6000240350010912ECCD8044C3E894F4E994E4
:10EC7000FF40067EFC7FFF8009E824035001091253
:10EC8000ECCD85108285118312ECDCF8740899F9BB
:10EC9000C3E89EE99F5004E8FEE9FF74062508F5E5
:10ECA0008274143509F583E02EF0A3E03FF085105F
:10ECB00082851183E02EF0A3E03FF0A90D740812C5
:10ECC00011A57F0C020F1AE0FCA3E0FD2254FC24E6
:10ECD00008FEE439FF22E0F8A3E0F922E0F8A3E01F
:10ECE000F9E4C3982212ECC7EA6C22C082C083798F
:10ECF00000E925E0FCE433FD748D2CF58274823D3F
:10ED0000F583E06A7003A3E06B600709E9C394032D
:10ED100040DFD083D08202117274F6120BCDE9FE6F
:10ED20008A088B09ECFAEDFB121BE6E9F8C39403A1
:10ED3000500E12EE1AEE12EE2EE508F0A3E509F0E1
:10ED40007F02020F1AC082C083121B8C80C474F42D
:10ED5000120BCDEAFEEBFF8C088D09121BE6E9C30E
:10ED600094035006121ABAE9603CEEFAEFFB121B4C
:10ED7000AAEA4B6010EEFCEFFD901505E0F9121BBE
:10ED8000EC79008023740C1214E9120FA3AC08ADC7
:10ED900009EEFAEFFB7901121BB074021211A5E91A
:10EDA000600479098002790A02E77E74F6120BCDBD
:10EDB00074F8121258EAFEEBFF121BE6E9F8C3944E
:10EDC00003504212EE1AE090150512EE2E12EE28B4
:10EDD00075080875090078081211C87402121238F3
:10EDE000EA24F8FAEB34FFFB901505E0F91217243A
:10EDF00074021211A574021214E912EE287408129A
:10EE000011A502ED40EEFAEFFB121BAA8B09A9092E
:10EE1000EA4970BC7A007B0080E3740629F582E43D
:10EE20003415F5832239F583E0FAA3E0FB22F0E8FC
:10EE300012EE342229F8E433F9740928F5827415A6
:10EE400039F5832274E2120BCD74F71212588A1628
:10EE50008B178C0C8D0D751100121ABAE96069744C
:10EE6000271214E9E0F512A3E0F513E5124513703B
:10EE70000302F127AA16AB17121BAA8A188B199046
:10EE80001505E0F510EA45197005790902F12975B3
:10EE9000080875090078081211C87403121238EABC
:10EEA00024F8FAEB34FFFBA9101217247402121194
:10EEB000A574031214E9E50C2512F8E50D3513F9D4
:10EEC000C3E098A3E0995005790A02F129E51825D5
:10EED0000CFEE519350DFF8E148F1574291214E9F7
:10EEE000E0F51CA3E0F51D851C08F50985120A85CF
:10EEF000130B750E00806B751A01751B00781A12C2
:10EF000011C87402121238AA14AB15A910121724D2
:10EF100074021211A5852182852283E0F88508827A
:10EF2000850983E0686026750E0174051214E9C333
:10EF3000E098F0A3E09400F0850882850983E0F86A
:10EF400074051214E9E028F0A3E03400F00514E59C
:10EF50001470020515850882850983A385820885BA
:10EF6000830912F1337090E50EA2E0400302F1270D
:10EF7000852182852283E4F0A821A92288088909B5
:10EF800078081211C874051214E912ECC7AA16AB5E
:10EF9000177900121BB074021211A5E9F50A70036B
:10EFA00002F0CB74031214E912ECD6C3E894FCE926
:10EFB00094FF40087508FC7509FF800DE824035094
:10EFC000010954FCF508E9F509A80AE828F8E43332
:10EFD000F974FA28F50E741339F50F850E82F5834E
:10EFE00012F14E74071214E9E0F47003A3E0F47018
:10EFF0000B7C00AA18AB19A910121BB6780C1211C1
:10F00000C878141211C8AC0AAA18AB19A910121B9F
:10F01000DA74041211A5E514250CF514E515350D67
:10F02000F515781C1211C8AC12AD13AA14AB15A9B2
:10F030000A121BD474021211A574031214E9E0C35E
:10F04000950CF8A3E0950DF9E8C39512F50CE99538
:10F0500013F50D780C1211C8E5142512F50CE51501
:10F060003513F50D780C1211C8AC0AEE2512FAEF23
:10F070003513FBA910121BDA74041211A5850E8238
:10F08000850F8312F14E74031214E912F144121B1E
:10F09000C274051214E912ECE57002EB6D702CAA33
:10F0A00014AB15A90A121BBC8A088B09A808A90968
:10F0B00074051214E9E0687003A3E069700D74012F
:10F0C0001214E912F144121BEC800375110A852118
:10F0D00082852283E0603465107010740A651170B7
:10F0E0000A901504E0F9121B9E803C7A01901504E9
:10F0F000E0F9121B92852182852283E0F9121B9E82
:10F10000852182852283E0901504F0852182852265
:10F1100083E065106011740A6511600B7C01AA1808
:10F12000AB19A910121BB6A91174091211A57F16EB
:10F13000020F1AA80AA90BE824FFF50AE934FFF523
:10F140000BE8492212ECC7AA14AB15A90A22E0C3A6
:10F150009508F514A3E09509F5152274F0120BCD6E
:10F16000EAFEEBFF8C0A8D0B121BE6E9F874101215
:10F1700014E9E0F50CA3E0F50D74121214E9E0F5C2
:10F1800008A3E0F509E8C394035024E8FE780C12C4
:10F1900011C8AC08AD09EE12EE34E0250AFAA3E07E
:10F1A000350BFB74062EF582E43415F5838023EECF
:10F1B000FAEFFB121BAAEA4B7004790A8020780C44
:10F1C0001211C8AC08AD09EA250AFAEB350BFB9021
:10F1D0001505E0F912172474021211A5790002E74F
:10F1E0003A74F2120BCDEAFEEBFF8C0A8D0B121B68
:10F1F000AA8A088B09EA450970047909803DEEFA6C
:10F20000EFFB121BFE8A0C8B0DE50A650C7004E502
:10F210000B650D6004790C80227C01AA08AB099073
:10F220001505E0F9121BB6EEFAEFFB121BAA8B09CB
:10F23000EA45096004790A800279007F06020F1A04
:10F2400074F2120BCDEAFEEBFF8C0A8D0B7A0B7B6E
:10F2500000121B808A088B09EA4509607490050139
:10F2600012F2E012FB57900501EAF0A3EBF0EA245A
:10F2700002F8E43509F9880C890D8882F583EEF0EF
:10F28000A3EF12F37BA3E50AF012F3E9A3743212A1
:10F29000F2DA740112F2DAA3F0740E1214E912F227
:10F2A000E0A3A3A3A3A3A3A3A3A312FB57900501C9
:10F2B00012FD1D90050512FB57850C82850D8312EA
:10F2C000FB7E122ACE850C82850D8312FBB6A3E944
:10F2D000F0AA08AB097F06020F1A12F3F0A3A322CB
:10F2E00012FD218A828B832274F6120BCDEAFEEB8B
:10F2F000FF8E828F83E0F9122C368B09EA45096074
:10F300000479028027E4F508F50978081211C87C11
:10F31000007D00EEFAEFFB122C5A74021211A58B3D
:10F3200009EA4509700479108002790002FC617FC6
:10F3300001020F1A74F2120BCD89088A098B0A1286
:10F340002C308A0C8B0DAE0CAF0DEE4F602A7A0478
:10F350007B00121AEAEA4B601F8A828B8374FDF0ED
:10F36000A3E50A12F380E50812F37BE509F08E822B
:10F370008F8312F3FB121AF602F2D512F380A32246
:10F38000F08A828B83A3A32274F0120BCD8A0BEC3C
:10F39000FEEDFF8B0C122C308A088B09EA450960C0
:10F3A000437A077B00121AEAEA4B60388A828B8321
:10F3B00074FEF074111214E9E08A828B83A312F3B5
:10F3C00080E50CF074101214E9E08A828B83A3A309
:10F3D000A312F37B12F3E9EEF0A3EF12F81B12F382
:10F3E000FB121AF67F08020F1AA3E50B12F3F022A4
:10F3F000F08A828B83A3A3A3A3A322A3A3E0F8A3F1
:10F40000E0F5838882E0F92274E0120BCD74FE12DD
:10F410001258852182852283ECF0A3EDF08A128BAD
:10F4200013891C900501E0F50AA3E0F50B7EFEEAC6
:10F430002402F516E43513F517EA2404F51EE43525
:10F4400013F51F8A828B83E0540C640C702179FEC3
:10F4500012FB78122426E9FE74FE6E700302F61485
:10F46000122C308A088B09EA4509705D02F6148572
:10F470001682851783E0F974FF697040E50A450B31
:10F48000700302F614850A82850B83A3A3E0F508B6
:10F49000A3E0F50974221214E9E0F510A3E0F511D8
:10F4A00074261214E9E0F51974271214E9780C1285
:10F4B0001476742B1214E9E0F518802D122C308A82
:10F4C000088B09A909EA4960CB850882850983E090
:10F4D000F9122C368A0A8B0B80BA850A82850B8337
:10F4E000A3A3E0F508A3E0F509E5084509700302C8
:10F4F000F614800D8A828B83E0F9122C368A0A8BEF
:10F500000B7514FE7515FF850A82850B83A3A3A3D3
:10F51000A312FB84EC4D850882850983601A12FBD7
:10F520005D122C7AEA4B601D8A828B83E0F514A36E
:10F53000E0F515121B86800D12FB6C6008A3E0F548
:10F5400014A3E0F515851282851383A3A3A3A31248
:10F55000FD19850882850983E0FAE514687003E5E2
:10F5600015696013EA7006E849705C800A74FF68E8
:10F57000700374FF697050851682851783E0FFEA77
:10F58000F0E518F51478141211CC780C1211C0E5BE
:10F5900019F51478141211CC742A1214E9120FA35D
:10F5A00078101211C8740A1214E9120FA3A91CAC26
:10F5B00008AD09AA12AB13122C42740C1211A5EF5C
:10F5C000851682851783F0851282851383E0540C9B
:10F5D000640C7020EEF912FB78122426E9FE74FE0A
:10F5E0006E6031122C308A088B09EA4509600302EB
:10F5F000F4F48020851682851783E0F47016850A5E
:10F6000082850B83E0F50AA3E0F50BE50A450B6064
:10F610000302F4DA74021211A57F18020F1A74ECB7
:10F62000120BCD8A088B098C0C8D0D8910EA240EE3
:10F63000F582E43509F583E0F50EA3E0F50FEA2441
:10F6400010F50AE43509F50B850A82F583E02427D5
:10F65000FA7B00121AEA8A128B13AE12AF13EE4F26
:10F66000700302F80C8E828F83741A12F81B12F842
:10F670002812F81112F828A3A312FB5774141214BD
:10F68000E912FB84EE2406FAE43FFB122C128508F3
:10F6900082850983A3A3A3E0C0E0EE240FF582E4F2
:10F6A0003FF583D0E012FB43C0E0EE2414F582E482
:10F6B0003FF583D0E0F0E508240CF582E43509F548
:10F6C00083E0C0E0EE2415F582E43FF583D0E0F05E
:10F6D00074181214E912FC8BE0C0E0EE2416F582D7
:10F6E000E43FF583D0E0F088828983A3E0C0E0EEB8
:10F6F0002417F582E43FF583D0E0F088828983A364
:10F70000A3E0C0E0EE2418F582E43FF583D0E0F0FA
:10F71000741A1214E9E0C0E0EE2419F582E43FF512
:10F7200083D0E0F0741B1214E91214AEEE241AF523
:10F7300082E43FF5831214BAEE241EF582E43FF50D
:10F7400083E510F0E5082415F582E43509F5831208
:10F75000F8232424F582E43FF58312F811A3A3A330
:10F76000A3A3A3A3A312F823241212FB517416120D
:10F7700014E912F823241012FB51EE241FF582E441
:10F780003FF583E4F0EE2420F8E43FF9E8FCE9FDDE
:10F79000850A82850B83E08C828D83F0A3E4F0746C
:10F7A0001F1214E9E0C0E0EE2426F582E43FF58361
:10F7B000D0E0F0EE2422F8E43FF98C828D8312FB36
:10F7C0007EEA4B602FEE2427FAE43FFB8882898390
:10F7D000EAF0A3EBF0850E08850F09750A0078089A
:10F7E0001211C48C828D8312FB84121ACC74031202
:10F7F00011A5800888828983E4F0A3F0EEFAEFFB7C
:10F80000850C82850D8312F3FB121AF67F0C020F12
:10F810001AE8F0A3E912F81BA3A322F08508828559
:10F8200009832212FD21EE22A3A3A3A312FD218EA0
:10F83000828F83A3A32274F0120BCD74DF121258AF
:10F84000EAFEEBFF8C088D09890AEC45097003027A
:10F85000F900EE2408F8E43FF9880C890D8882F558
:10F8600083E0C0E074021214E9D0E0F0E50AA2E3FC
:10F87000503388828983E06402600302F900122613
:10F88000D88A0E8B0F8E828F8312FB7EE50E6A70F4
:10F8900003E50F6B600F7C0379011223A2E9600579
:10F8A00079CD02FB3B850C82850D83E0F8740268FC
:10F8B0006005740F68703C8E828F8312FB7E122766
:10F8C00050E9850C82850D836022740FF0E0C0E062
:10F8D000740B1214E9D0E012FB4364037027EEFCB2
:10F8E000EFFD7403121230121C708028E0640F7058
:10F8F000DC800D74036860D574016860D0E860CD69
:10F90000790202FB3B8E828F8312FD1D7403121459
:10F91000E912FB57E50AA2E1741250091214E974C6
:10F92000FFF0A3806C1214E9E4F0A3F0900501123B
:10F93000FB66604688828983A3A312FB7EE5086A82
:10F940007003E5096B8882898370E412FD19E8FC75
:10F95000E9FDEC4D602485088285098312FB5D1268
:10F960002C7AEA4B602C8A828B8312FD1D74121252
:10F9700014E912FB57121B868018850882850983BB
:10F9800012FB6C600D12FD1C74121214E9E8F0A356
:10F99000E9F074181214E9E4F0A3F0E50AA2E450C7
:10F9A0001C740B1214E9E0F8740F6860107401689D
:10F9B000600B74181214E97404F0A3E4F0E50AA2D1
:10F9C000E7500974181214E9E04410F0E50AA2E6C1
:10F9D000501274181214E9E04401F074011214E991
:10F9E0007401800674011214E9E4F0E50AA2E25001
:10F9F0000974181214E9E04440F0852182852283BD
:10FA0000E4F0E50AA2E55009741B1214E9740480BD
:10FA10000D901877E0C0E0741B1214E9D0E0F07488
:10FA2000371214E912FD1D880C890D8882F583E0D8
:10FA3000C0E0741A1214E9D0E012FB4CC0E0740C60
:10FA40001214E9D0E0F08E828F83A3A3A3A3A3A313
:10FA5000A3A3A3E0C0E0740D1214E9D0E0F0743168
:10FA60001214E912FD1D74101214E912FB577433BD
:10FA70001214E9E0FEA3E0FF74141214E9EEF0A3FF
:10FA8000EFF074351214E912FD1D74161214E91208
:10FA9000FB5774391214E9E0C0E0741C1214E9D069
:10FAA000E012FB4CF9122C368A828B83E582458367
:10FAB0006012A3A3A3A3A312FB6C60087403121229
:10FAC00030122C7AAA21AB22122C24E9C39EE49F87
:10FAD00050199016BC12FB66600D7403121230129E
:10FAE000FBB9122C7A800C7E02800A740312123049
:10FAF000122462E9FE740B1214E9E06402702E1203
:10FB000026D88A0E8B0FA80EA90F74031214E9E0F1
:10FB1000687003A3E0697015EEFB850C82850D8388
:10FB2000E0FA850882850983E0F9122C54EE700909
:10FB3000850C82850D83E004F0EEF974211211A585
:10FB400002F3E4F0850C82850D83E02212F81BE0BD
:10FB500022F582E43FF583E8F0A3E9F022E0FA79A8
:10FB6000028C828D832212FD21E84922A3A3A3A344
:10FB700012FC8FE582458322851E82851F83E0FA71
:10FB8000A3E0FB22E0FCA3E0FD22C082C08390053D
:10FB90000180048A828B8312FB7EEA4B600B8A828F
:10FBA0008B8312FBB4E06970EAD083D082021172B9
:10FBB0008C828D83A3A3E0F8A3E0F583888222746E
:10FBC000F6120BCD122C368A828B83E58245836038
:10FBD00007A3A312FB7E80047A007B0002FC617401
:10FBE000F4120BCDEAFEEBFF8908122C368A0A8B41
:10FBF0000BAC0AAD0B7900EC4D60388C828D83A381
:10FC0000A3A3A312FC81E58245836013AA0809120D
:10FC10002C7A8E828F83EAF0A3EBF07901801C129C
:10FC2000FBB0A3A3A3A312FB7E8E828F83EAF0A373
:10FC3000EB80078E828F83E4F0A3F002FD2774F738
:10FC4000120BCD8A828B83E0640170047E088002EF
:10FC50007E00A3AA82AB83122468E9C39EF902F353
:10FC60002F7F02020F1AC082C08390050112FC8B05
:10FC7000790080040912FC81E582458370F602FB5D
:10FC8000A9E0FAA3E0FB8A828B832212FC8F22E098
:10FC9000F8A3E0F98882898322C082C0839005019D
:10FCA000801A12FBB0E0F8E96003E8600BE88A8292
:10FCB0008B83F0A3AA82AB838C828D8312FB84ECAE
:10FCC0004D70DF02FBA974F7120BCDEAFEEBFFECDF
:10FCD0002408F8E43DF988828983E08E828F83A32B
:10FCE000A3A3A3A3A3A3A3F088828983E0640370E2
:10FCF00005121C70800E8C828D8312FD1D8E828FEA
:10FD00008312FB578E828F83A3A3A3A3A3A3A3A3D2
:10FD1000A3A3E4F0A3F002F32FA3A3A3A312FD2156
:10FD200022E0F8A3E0F9227F04020F1AF075E1E265
:10FD300075E1FF02FE2DA9A8C2AF75C300AAA2A853
:10FD4000A3E9A2E792AFE8F9EAF87A007B02120889
:10FD5000D1E8F9021172C082C0839061A4E0A2E4EC
:10FD60005003121700759C019061E47401F075E175
:10FD7000E275E1FFA8A8C2AF759B007591EFE8A2FC
:10FD8000E792AFA8A8C2AF759B007591F7E8A2E70C
:10FD900092AF02FE2DC082C08312184475E1BC757B
:10FDA000E1B875E10F75E1D075E1D075E1D075E18D
:10FDB000D0805FC082C08312184475E1BC75E11722
:10FDC00075E18175E11075E1D275E1818044C082F1
:10FDD000C0839007A1E09061E2F075A1FDA2AFE4BD
:10FDE00033FAC2AF75C300A8A2A9A3900713E09489
:10FDF000125008E87005E97002780175C30388A203
:10FE000089A3EAA2E092AF12FE91121A2A75E1E1EB
:10FE1000801B75E11075E1D275E1D975E10175E1DD
:10FE20000975E1BA75E10175E1C575E1D2D083D0FC
:10FE300082021172C082C08312184475E1BC80D85E
:10FE400074F7120BCD12FE91A2AFE433F508C2AFE6
:10FE500075C300E5A2AFA4740F5FF8740F98FE900D
:10FE600061E2F0121A1890079C7401F075E1E175D7
:10FE7000C300E5A2E5A46F600DEEC39402400774D1
:10FE8000FF2E9061E2F0E508A2E092AF7F01020F41
:10FE90001A9061A4E0D2E4F0E0D2E3F022C082C084
:10FEA000839007A1E09061E2F002FE07C082C08368
:10FEB0009061E4E070179061A4E0A2E4500FE0C20A
:10FEC000E4F0E0A2E35003121880121A6C02FE2D37
:10FED00074F4120BCD9061A4E0A2E4500312170059
:10FEE00012183EE9F508900724E0FEC3941550036C
:10FEF00012170074EC25082EFE75F01484FF75F0BF
:10FF000014A4CE9EFE0F9061E47402F0EF9061E2C3
:10FF1000F0EEC39415400312170075A1FDA2AFE4E3
:10FF200033FAC2AF75C303EEF50A750B0074097896
:10FF30000A121363F8A90B900713E0C3941250063A
:10FF4000E97003087900E8F5A2E9F5A3EAA2E092D6
:10FF5000AF75E1E275E1FFA8A8C2AF759B0075918E
:10FF6000EFE8A2E792AF75E1BC75E1B875E1D29018
:10FF700061A4E0D2E4F075E1E112183EE9C395080E
:10FF8000500A9061E2E06F7003E014F07F04020F0A
:10FF90001AC082C0839061A4E0C2E402FD2CC0823A
:10FFA000C0839061A4E0C2E3F0121A8402FE2DC067
:10FFB00082C0839061A4E0C2E4F09061E4E0700547
:10FFC000121A6C8015E064017005121A66800BE04D
:10FFD00064026003121700121A7802FE2DC3EB941C
:10FFE00000A2D265D0334005EAF8EB8006C3E49A5C
:0BFFF000F8E49BF9E8FAE9FB0211724B
:020000040002F8
:1000000074F4120BCDEA75F0E8A4CAA8F075F003F9
:10001000A428F875F0E8EBA428FB121AC602908316
:1000200074F6120BCDE9FE121E02E4F508F509780C
:10003000081211C879049083371214D2121E087462
:10004000021211A578081211C87902908337121490
:10005000D2121E0874021211A578081211C8790371
:100060009083371214D2121E0874021211A5901632
:100070002BE4F078081211C87C187D007A017B040B
:10008000121BF874021211A5E9FFF5087808121185
:10009000C87A927B801216C474021211A574096F7B
:1000A000703C7508F775091878081211C87508189A
:1000B00075090078081211C87C007D007A017B0464
:1000C000121C0474041211A5E9F50878081211C86D
:1000D0007A4D7B811216C474021211A58030EF7024
:1000E0002D7ADB7B811216CA7508F7750918780816
:1000F0001211C875081875090078081211C87C001B
:100100007D007A017B04121C0A74041211A5EE9082
:10011000152AF07AE77B18901932E0F9121E447A1A
:10012000327B19122C067CC67D2D9032CEE493FAD8
:10013000901932E0F9121CBE7CE47D1D7A007B0030
:10014000901932E0F9121CC490152AE0F9121CA093
:1001500090152AE0F9121AA87A147B1E122AB643C7
:100160008F017A0190152AE0F9121C1C12173690A3
:1001700083331214D2121DC07AFC7B1D121C7690A0
:1001800083A31214D2121DC09018F8E06004790104
:1001900080027900121C7C9018F8E090152CF090E9
:1001A000832B120F9F7A017B0090152AE0F9121C15
:1001B0004074041211A590833B120F9F7A107B00AC
:1001C00090152AE0F9121C4074041211A57F7FEFEC
:1001D000F50878081211C879049083371214D212E6
:1001E0001E0874021211A578081211C879029083B2
:1001F000371214D2121E0874021211A578081211B7
:10020000C879039083371214D2121E087402121197
:10021000A59082C71214D2121DC01FEFC3940250C2
:10022000AE7F01EFF50878081211C8790490833782
:100230001214D2121E0874021211A578081211C8E5
:1002400079029083371214D2121E0874021211A57B
:1002500078081211C879039083371214D2121E083D
:1002600074021211A59082CF1214D2121DC00FEF8A
:10027000C3947F40AEE4F50878081211C879049061
:1002800083371214D2121E0874021211A5780812B4
:1002900011C879029083371214D2121E0874021208
:1002A00011A578081211C879039083371214D2125D
:1002B0001E0874021211A590833F1214D2121DC0A1
:1002C000D28190838B1214D2121DC0C281028DBACA
:1002D00074F0120BCDEAFEEBFF54807058EEA2E0F2
:1002E00040030283917AFE7B811216CA90152FE09B
:1002F0007024901530E02401F0A3E03400F0901554
:1003000030E0640A7002A3E0700690152F7401F0CB
:100310009015327401F0121DD8EE64010285761238
:1003200091A9E0FAA3E0FBEA4B6003121B86AA083E
:10033000AB09121AF090152AE0F9121B028A088BF9
:1003400009EA450960438A828B83E024CC60D0248B
:100350007470DBA3A3A3E0F50B8A828B83A3A3E0D5
:10036000F50A901886E064017007AA0BA90A121614
:10037000DCAA0BA90A1216B8E50AA2E650B090153D
:10038000327401F0121DD880A5EEFAEF6480028568
:1003900078540260107AB27B811216CA121DEAEEFE
:1003A00064020285767A9B7B81EE5404700302849A
:1003B000761216CA7AB47B18121DF07C057B807AFF
:1003C000047900121C8E901558EAF0A3EBF09019F6
:1003D0000EE0FA3395E0FB90155812882A120B01B3
:1003E00078081211C0908343120F9F90832F120F31
:1003F0009FEA24F3F508EB3413128584120AE67899
:10040000081211C0EA24DEF508EB340312858412C9
:100410000AE6AA08AB09AC0AAD0B121C88741012CC
:1004200011A58A088B098C0A8D0B90192278081265
:10043000145890832F780C1214767808790C120DCA
:10044000ED750C00750D00750E005005750F3F80A1
:1004500003750FBF7808790C12022B780812093D3A
:10046000E509128586120AE69019227808121458B6
:10047000EE6404028576EE540860591216CA7AB406
:100480007B1812161CE970299018E47405F0901876
:10049000E2F0A3F09018E514F0A37401F07AB47BB5
:1004A00018791F12162E7AB47B187901121634802F
:1004B00003121E0E121C82908347120F9F7A047B38
:1004C0000090152AE0F9121C3A74041211A5EE648A
:1004D00008028576EE5410601F1216CA90833312FC
:1004E0000F9F7A087B0090152AE0F9121C3A7404D9
:1004F0001211A5EE6410807EEE542060621216CABE
:1005000090152BE0F8740128F0E86040146038146E
:100510006030146028147039121E3890152BE0607A
:100520001790838B120F9F7A207B0090152AE0F999
:10053000121C3A74041211A5EE64208039121E3286
:1005400080D9121E2C80D4121E2680CF121E20802D
:10055000CAE4F0901532E0640170DDE4F080D9EE79
:1005600054406007C281EE6440800BEE5480600B03
:10057000121E1AEE6480FAEFFB80047A007B007F83
:1005800008020F1AF509128A932274F0120BCD7B20
:10059000007A007C0090152DE0F8A3E0F97583182F
:1005A0007582F9C3E098A3E099501C9018FBE0F81D
:1005B000A3E0F975831575822DC3E098A3E09950E7
:1005C000047B0180027B029019227808121476784D
:1005D0000812093DA808A9099018FDC3E098A3E0F6
:1005E000995013A3E0FEA3E0FFC3E89EE99F5004E7
:1005F0007A0180027A02901926780C1214769019EA
:100600000112882A120B017808790C120DED4016A0
:10061000A312882A120B01780C7908120E3C5004A0
:100620007C0180027C02EBFEC39A5002EAFEEEC31C
:100630009C5002ECFE9018F7E070030287DA9018E5
:10064000B3E06E7003028824E0703A7F01EFF50892
:1006500075090078081211C879029083371214D2F4
:10066000121E0874021211A590834B1214D2121D8F
:10067000C00FEFC3947F40D5E4F50878081211C885
:1006800079040287136401704E7F01EFF508750944
:100690000078081211C879029083371214D2121E02
:1006A0000874021211A578081211C87903908337D3
:1006B0001214D2121E0874021211A590834B121448
:1006C000D2121DC00FEFC3947F40C0E4F508780834
:1006D0001211C87902803CE0640270457F01EFF599
:1006E0000875090078081211C8790390833712142D
:1006F000D2121E0874021211A590834B1214D2124A
:100700001DC00FEFC3947F40D5E4F508780812119F
:10071000C879039083371214D2121E087402121182
:10072000A5EE9018B3F070327F7FEFF508750900E1
:1007300078081211C879029083371214D2121E0859
:1007400074021211A59082EF1214D2121DC01FEF75
:10075000C39402500302882480D074016E70477FD6
:100760007FEFF50875090078081211C879029083A7
:10077000371214D2121E0874021211A57808121131
:10078000C879039083371214D2121E087402121112
:10079000A59082EF1214D2121DC01FEFC394025015
:1007A0000302882480BB74026E70797F7FEFF508A6
:1007B00075090078081211C879039083371214D292
:1007C000121E0874021211A59082EF1214D2121D8B
:1007D000C01FEFC39402404C80D3E4F508F50978BC
:1007E000081211C879049083371214D2121E0874AB
:1007F000021211A578081211C879029083371214D9
:10080000D2121E0874021211A578081211C87903B9
:100810009083371214D2121E0874021211A5901878
:10082000B37403F002857F90152DE0F508A3E0F581
:1008300009E4F50AF50B780822C082C08390158B75
:10084000E064076005E06406700B901532E0640117
:100850007003121E0E901530128CC8497005901549
:100860002FE4F0908333120F9F7A208013C082C050
:10087000837A0F7B821216CA121E3E121DEA800F67
:100880007B0090152AE0F9121C3A74041211A5D0CD
:1008900083D082021172C082C0837AED7B811216EE
:1008A000CA9082D7120F9F7A027B0090152AE0F936
:1008B000121C3A74041211A5790080D374F6120B3D
:1008C000CD7508F775091878081211C875081875DC
:1008D000090078081211C87C007D007A017B04129F
:1008E0001C0474041211A5E9F50878081211C87ADD
:1008F000097B811216C474021211A5121DD2028D39
:10090000BA74F0120BCD74F4121258EAFCEBFDAA83
:1009100021AB227907121646E96003028A5F740848
:100920001214E9120F9F74041214E9120F9F740C31
:100930001214E9120F9F7A2C7B811216C4740C12C8
:1009400011A574081214E9780812147690830B78B4
:100950000C1214767808790C120A667808120B01CA
:1009600090834F780C1214767808790C12062B7845
:100970000812093D90190B128CC875F064A4F8AAEE
:10098000F075F064128A6C24BCF8E93402F990190D
:1009900019128A7A1214767808120B0190191FE046
:1009A000F50C3395E0F50DF50EF50F780C120AE60F
:1009B000780C1211C09083531214D21221E67404E1
:1009C0001211A58A0C8B0D8C0E8D0F7808790C12E4
:1009D000062B780812093D90191D128A88120AE622
:1009E000908353780C1214767808790C12044578A9
:1009F0000812093D901907780C121476E508250CA9
:100A0000F8E509350DF990191BE8F0A3E9F0740435
:100A10001214E97808121476901905128CC875F032
:100A20000AA4F8AAF075F00A128A6C2424F8E934B2
:100A3000FFF9901915128A7A12147690830B780CAC
:100A40001214767808790C120B5E901920128A889D
:100A5000120AE690153878081214587900800512A9
:100A60001E0E7901740C1211A502857FE9A42AF9E2
:100A7000E50828F8E50939F9E822E8F0A3E9F08566
:100A80002182852283780822E508F0A3E509F01287
:100A90008A93223395E0F50AF50B78082274EC125C
:100AA0000BCD8A088B098C0A8D0B74141214E9780B
:100AB0000C1214769083577810121476780C7910F3
:100AC000120E3C403390835B7810121476780C79C8
:100AD00010120DED402275100075115075127D75C4
:100AE00013447810790C1204457810790812062BFB
:100AF000AA10AB11AC12AD137F0C020F1A74EC12DA
:100B00000BCD74FF121258E9FE7F0080267C017D18
:100B100000AA21AB22EEF91217AE8521828522832D
:100B2000E0C0E0EFF8744928F582E43415F583D08D
:100B3000E0F00FEEF91217C08B09EA450970CE906C
:100B4000154BE0F8901549E064FE7058A3E064048A
:100B50007052744928F8E43415F988828983A3E037
:100B6000FB88828983A3A3E0F8EBF990152DE8F0C8
:100B7000A3E9F0128827120B0185080C85090D8561
:100B80000A0E850B0F90835F7810121476780C791B
:100B90001012044590190F780C12145890153478DF
:100BA00008121458128827120B0190190DE0601ECC
:100BB000901538120F9FAA08AB09AC0AAD0B121D95
:100BC000F674041211A58A088B098C0A8D0B908388
:100BD0005F780C1214767808790C12044590190F7E
:100BE0007808121458121DD29018F8E0F890152CBD
:100BF000E068600DE8F06004790180027900121C61
:100C00007C74011211A5028AF843FD7053F1BF43B1
:100C1000F10353FF3F43F37002117274EC120BCDDA
:100C20008A0C8B0D8C0E8D0FE9FB53E4FC908363D3
:100C3000780C12114D400B75108075118475121EC1
:100C400080097510007511247512F47513008A0857
:100C5000850D098C0A8D0B78107908120B5EA8108F
:100C6000A911E8F5DAE9F5DB74141214E9128CC85D
:100C7000FAE9F8EB14600B14601114601714602388
:100C8000803188DD8ADC75E61C802888DF8ADE7585
:100C9000E71C801FE89062ADF0EA9062ACF09062D1
:100CA000A3800DE89062AFF0EA9062AEF09062A48B
:100CB000741CF0908363780C12114D400543E407D7
:100CC000800375E403028AF8E0F8A3E0F9E822C0A3
:100CD00082C083D281908367120F9F7A40028880FE
:100CE00074F6120BCD90155A128CC84990153360CA
:100CF00055E06003028DBAE4F508F5097808121191
:100D0000C879049083371214D2121E08740212118B
:100D1000A578081211C879029083371214D2121ED6
:100D20000874021211A578081211C879039083374C
:100D30001214D2121E0874021211A59015337401F8
:100D4000F0121E1A8074E06401706F7A807B00904C
:100D5000152AE0F9121C467A807B0090152AE0F9EA
:100D6000121B329015327401F09018B37403F09096
:100D70001533E4F0F508F50978081211C8790490E4
:100D800083371214D2121E0874021211A5780812A9
:100D900011C879029083371214D2121E08740212FD
:100DA00011A578081211C879039083371214D21252
:100DB0001E0874021211A5121DD87F02020F1A74A8
:100DC000F6120BCD7E7FEEF508750900780812113A
:100DD000C879049083371214D2121E0874021211BB
:100DE000A578081211C879029083371214D2121E06
:100DF0000874021211A578081211C879039083377C
:100E00001214D2121E0874021211A590836B1214D0
:100E1000D2121DC01EEEC3940250AB7E01EEF50847
:100E200078081211C879049083371214D2121E0860
:100E300074021211A578081211C879029083371232
:100E400014D2121E0874021211A578081211C87962
:100E5000039083371214D2121E0874021211A59047
:100E6000836F1214D2121DC00EEEC3947F40AEE405
:100E7000F50878081211C879049083371214D21239
:100E80001E0874021211A578081211C87902908305
:100E9000371214D2121E0874021211A5780812110A
:100EA000C879039083371214D2121E0874021211EB
:100EB000A5908333120F9F7A807B0090152AE0F96A
:100EC000121C3A74041211A5028DBA74F4120BCDDF
:100ED000901532E06401705B7A0B7B00121B808AF4
:100EE000088B09EA450960428A828B83740212905A
:100EF000887415F0A37419128F467405F0A3741941
:100F00001290A31211CC750A01780A1211CC780A3A
:100F10001211CC78081211C87C027D047A3D7B1531
:100F20007901121CEE74051211A5AA08AB09121B57
:100F30008680107C007D007A027B04901932E0F9F3
:100F400012157A0290831292B07402129297742949
:100F50001292A72274F4120BCD901532E064017046
:100F6000607A0B7B00121B808A088B09EA450960B6
:100F7000478A828B83740212909174211291B0740B
:100F800019F0A37419128F46740BF0A37419129000
:100F9000A31211CC750A01780A1211CC780A121129
:100FA000CC78081211C87C057D047A3D7B15790147
:100FB000121CEE74051211A5AA08AB09121B86803B
:100FC000107C007D007A057B04901932E0F912153F
:100FD0007A02908374F4120BCD901532E0640160B4
:100FE000030290737A157B00121B808A088B09EA32
:100FF000450960768A828B837404129088741BF092
:10100000A374191292ACE4128F4B741DF0A37419DF
:101010001291E17414F0A3E41291D174281291C9D1
:10102000741FF0A374191291C174101292D312910B
:10103000AC742BF0EA24131291AC7407F0A374196A
:101040001290A31211CC750A01780A1211CC780AF9
:101050001211CC78081211C87C037D047A3D7B15EF
:101060007901121CEE74051211A5AA08AB09121B16
:101070008680107C007D007A037B04901932E0F9B1
:1010800012157A7F04020F1A12909174291291B4EA
:1010900022F0A3E4F0A312909A22F08A828B83A319
:1010A000A3A322F090153CE0F8740128F0E8F50ABB
:1010B000780A2274F4120BCD901532E064016003BB
:1010C0000291967A1F7B00121B808A088B09EA45E1
:1010D00009700302918D8A828B8374061292BA740E
:1010E0000FF0A374191291B0A3A37402F0A312928B
:1010F0009374101292A374F8F0A374181291E1740F
:1011000003F0A3141291D174101291C974F7F0A3D3
:1011100074181291C174041292C374F9F0A3741874
:10112000F0EA24151291AC7405F0A37402F0129148
:10113000A97421F0EA24181291AC74FBF0A374187E
:10114000F0EA241A1291AC7411F0A374F1F0EA24BD
:101150001C1291AC7410F0EA241D1291AC740DF0C5
:10116000A374191290A31211CC750A01780A1211F6
:10117000CC780A1211CC78081211C87C0D7D047A43
:101180003D7B157901121CEE74051211A5AA08AB5E
:1011900009121B8680107C007D007A0D7B0490195B
:1011A00032E0F912157A029083EA24171291D922BB
:1011B0001291B4221291B8221291BC2212909AA3D9
:1011C00022F0EA24101291D922F0EA240E1291D9C9
:1011D00022F0EA240D1291D922F582E43509F58333
:1011E00022F0EA240B1291D92274F4120BCD90153F
:1011F00032E0640160030292837A157B00121B8047
:101200008A088B09EA450960718A828B837404120B
:1012100092BA7422F0A374191292AC7402129293CF
:1012200074281292A3740EF0A374191291E174043D
:10123000F0A374021291D174211291C974FDF0A32C
:1012400074181291C174051292C374FFF0A374183C
:101250001290A31211CC750A01780A1211CC780AE7
:101260001211CC78081211C87C2B7D047A3D7B15B5
:101270007902121CEE74051211A5AA08AB09121B03
:1012800086800D7C007D007A2B7B04790212157A12
:101290000290831292972212929B221291BCA3A3D6
:1012A000A3A3221292A72212929BA3221292B022EF
:1012B0001291B8A3A37410F0A32212909174391262
:1012C00091B4221292D31291D97421F0EA2413120C
:1012D00091D922F0A37402F0EA24122274F6120BC0
:1012E000CD74FF1212588A088B097E0585218285EC
:1012F0002283E4F012168EE9F9704878081211C8BA
:101300007C017D00740212123079D0121622740210
:101310001211A5E97032852182852283E064607014
:10132000278508828509837460F0AA08AB09121624
:1013300040E9F97009AA08AB0912167CE9F9EE70C8
:101340000279FE7401029C819082F71214D21293EA
:101350005A122C7A1EEE60E980A1850882850983E5
:10136000A3A3A3A3A3A3A3E0F8A3E0F58388822209
:1013700074F3120BCD890CEAFEEBFF8C0A8D0B7413
:101380000D1214E9E0F508A3E0F509AA08FB12160E
:101390008EE9F9703E850882850983A3A3E0640184
:1013A0006006E50CD2E7F50C780A1211C8EEFCEFE6
:1013B000FDAA0C850882850983A3E0F9850882854A
:1013C0000983129364122C7A74021211A5E9F96050
:1013D0000279FC7F05020F1A74F3120BCD74EC1224
:1013E0001258EAFEEBFF8C088D09890CE9C3940BB7
:1013F0004003750C0A74211214E9E0F50AA3E0F524
:101400000BAA0AFB12168EE960030294E9EE4F70F4
:10141000030294E9E508450970030294E9E50C70BC
:10142000030294E5850882850983E085218285226F
:1014300083F0850A82850B83A3A3E064016013789F
:10144000008009E8FA1294F3C2E7F008E8C3950CAB
:1014500040F1E50CC3940240537C01ECFA25E0F81E
:10146000E433F9852182852283E58228F8E58339F2
:10147000F91294F3C0E0E824FFF582E934FFF58324
:10148000D0E0F0E5082AF582E43509F58312A3B22D
:10149000F00CECC3950C40C3A80CE828F8E433F931
:1014A000E824FFF508E934FFF5098007E50CF508A5
:1014B00075090078081211C874021212388E828FD2
:1014C00083E0FA850A82850B83A3E0F9850A828589
:1014D0000B83129362122C7A74021211A5E9F9603F
:1014E0000A79FC800679FD800279FF74141211A537
:1014F0000293D3EE2AF582E43FF583E02274F412DE
:101500000BCD74FF1212588909EAFEEBFF12168EFA
:10151000E9F5087066EEFCEFFDAA21AB2212163A3F
:10152000E9F5087013852182852283E0600EEEFACA
:10153000EFFB12166AE9F508E508703FEE242EF578
:101540000AE43FF50BAA097907121688E96012EE42
:10155000FCEFFDAA0AAB0BA909121658E9F50870B1
:101560001AAA097918121688E96010EEFCEFFDAA94
:101570000AAB0BA90912165EE9F508A90874011255
:1015800011A57F04020F1A74F6120BCD74FD12120E
:1015900058E9FE8A088B0912168EE9F97071AC08B9
:1015A000AD09740112123012163AE9F97011740182
:1015B0001214E9E0600CAA08AB0912166AE9F9E90D
:1015C000704D74021214E974F4F078081211C87C9A
:1015D000017D00740212123079F412162274021284
:1015E00011A5E9702974035EF8852182852283E0C4
:1015F00054FC48F078081211C879017402121238AC
:10160000740412123012162874021211A5E9F9029C
:101610009C7F74F6120BCDEAFEEBFF8C088D09AAB5
:1016200008AB0912168EE9F9702178081211C87CEE
:10163000017D00EEFAEFFB79F4121622740212110A
:10164000A5E9F98E828F83E05403F0029C8474F63E
:10165000120BCD74FD1212588A088B0974021214F1
:10166000E974E0F0852182852283E4F07E0504128E
:1016700014E974B6F012168EE9F970687808121140
:10168000C879017403121238740412123012162829
:1016900074021211A5E9F9704B9082DB1214D21278
:1016A000935A122C7A78081211C87C017D007402BA
:1016B00012123079F312162274021211A5E9F97090
:1016C00016EEF874FF28FE04600D852182852283C2
:1016D000E0A2E040C4800D852182852283E0A2E063
:1016E000500279FA029C7F74F5120BCD74EC121241
:1016F00058890AEAFEEBFF8C088D09908260AC21C4
:10170000AD2274081210EE908239740812123874E7
:101710000C1210EEAA08AB0912168EE97052EE4FA9
:10172000604E78081211C87C087D007402121230D5
:1017300079F712162274021211A5E9F970347408AF
:10174000121238AA21AB2212164CE5082409F5081A
:101750005002050978081211C8EEFCEFFD740A1258
:101760001230A90A12165274021211A5E9F9800268
:1017700079FF74141211A57F03020F1A74F0120B73
:10178000CD8A828B83129846F50B740C780812115F
:101790000FA312A19B7404780C12110F7808790C16
:1017A0001213C28A828B831298331213C28C828DD9
:1017B0008378081214588A828B83129843740C78A9
:1017C0000812110F8A828B83A3A3A3A3E0F50C74E4
:1017D00004780C12110F7808790C1213C28A828BCC
:1017E00083A3A3A31298331213C28C828D83A3A365
:1017F000A3A378081214588A828B83A3A3A31298F8
:10180000437408780812110F8A828B83A3A3A3A3C1
:10181000A3A3A3E0F50C7808790C1213C28C828D77
:1018200083A3A3A3A3A3A3A3A378081214587F0898
:10183000020F1AA3A3E0C4540FF50CE4F50D7808C9
:10184000790C22A3A3A3E0F508E4F509F50A2274B4
:10185000E0120BCD890B8A1C8B1D8C088D09750A33
:1018600000EA451D7003029A1EEC45097003029AB6
:101870001E74201214E9E0FEA3E0FFEE4F70030295
:101880009A1EEC2404FCE43509FD8C828D83129AA7
:1018900028850882850983129A29E5082408F51EFF
:1018A000E43509F51F851E82F583129A28740755C1
:1018B0000B70030299E48A828B83A3A3A3A37810FD
:1018C0001214768E828F83E0F514A3E0F51585104F
:1018D0000C85110D85120E85130F7404780C1212ED
:1018E0000F851418851519F51AF51B780C7918123F
:1018F00013007403781012120FF516F517047814FC
:1019000012110F781079141213008E828F83129F98
:101910008478107914120A6690839B7814121476D6
:1019200078107914120D1A850C14850D15850E1674
:10193000850F17780C7914120A6690838F78141229
:101940001476780C7914120D1A8E828F83129F826E
:10195000780C7914120A66908387781412147678BA
:101960000C7914120D1A7810790C12138985100C49
:1019700085110D85120E85130FEE2421F582E43FAB
:10198000F583780C12145890831B78101214767813
:101990000C7910120A66908383780C12139C908342
:1019A000737810121476780C7910120D1A90832324
:1019B000780C1210A6400E750C60750DF0750EFFB8
:1019C000750FFF8016908313780C1210A6500C75BB
:1019D0000C34750D21750E00750F008C828D837887
:1019E0000C121458E50BA2E05018EEFCEFFD121695
:1019F00070EAF8EBF9ECFAEDFB85088285098312B1
:101A000014BAE50BA2E25019EEFCEFFDAA1CAB1DC7
:101A1000121676851E82851F831214C68003750AEE
:101A2000FFA90A7F18020F1AE4F0A3F0A3F0A3F0B5
:101A30002274F4120BCD74FD121258E9FE8A088B41
:101A4000098C0A8D0B7F01A2E25073EF1214E97426
:101A5000F2F08A828B83A3A3E05407C0E0740212E1
:101A600014E9D0E0F0780A1211C879017404121256
:101A700038740312123012162874021211A5E9707C
:101A80003CEF1214E974F4F0780A1211C87C017D5D
:101A900000740212123079F412162274021211A587
:101AA000E9701A780A1211C8790174021212387496
:101AB0000312123012162874021211A5E9FF7403E2
:101AC0005E605D74011214E974F4F0780A1211C8B2
:101AD0007C017D00740212123079F4121622740215
:101AE0001211A5E9F87037EEA2E050098508828549
:101AF0000983129BB2EEA2E1500985088285098311
:101B0000129B9F780A1211C879017402121238745C
:101B10000312123012162874021211A5E9F8E8FF18
:101B2000EFF9740302957F74F5120BCD74FE121257
:101B300058890AEAFEEBFF8C088D0974011214E93A
:101B400074F5F078081211C87C017D00740212123D
:101B50003079F512162274021211A5E9F9703BE5ED
:101B60000AA2E3500A8E828F83A3A3A3129BB2E53D
:101B70000AA2E4500A8E828F83A3A3A3129B9F78AC
:101B8000081211C87901740212123874031212304B
:101B900012162874021211A5E9F97402029774A3AF
:101BA000E0C43354E0F8852182852283E0541F4845
:101BB000F022E0333354FC541CF8852182852283C3
:101BC000E054E348F02274F7120BCD8A828B83E055
:101BD000129C07A3A3F0EA2402F8129BF7129C0EB2
:101BE000F0EA240308129BF7A3A3A3129C0EA3A35D
:101BF000A3F07F01020F1AE43BF988828983E01386
:101C000013543F129C072254078C828D8322F08844
:101C1000828983E0C413129C07A32274F6120BCDB1
:101C200074F71212588A088B0978081211C87C04BC
:101C30007D00740712123079F2121622740212110A
:101C4000A5E9F97036AC21AD2274051212301216D6
:101C500064AA08AB09121640E9F9701FAC08AD0977
:101C6000AA21AB22791F121658E9700EAC08AD09F3
:101C7000AA21AB22791F12165EE9F9740980027459
:101C8000031211A57F02020F1A74E4120BCD12A1E8
:101C90009178101214769082DB78081214767810FE
:101CA0007908120D1A90830F781012139C85101466
:101CB0008511158512168513179082FB780812146A
:101CC0007678147908120D1A851008851109851285
:101CD0000A85130B9082FB780C1214767808790C25
:101CE000120D1A78147908120A6685140C85150DE0
:101CF00085160E85170F90839B7808121476780C42
:101D00007908120D1AEC2410129F74120A668510BD
:101D10000885110985120A85130BEC240E12A1897E
:101D2000F518A3E0F5193395E0F51AF51B78087955
:101D300018120A667401780812110F780C790812CB
:101D400013899082FB7808121476780C7908120DAA
:101D50001AEC240C12A1A67410780812110F780C3A
:101D600079081213898C828D83A3A3A3A3A3A3A3B1
:101D7000A3A3A312A1AC90839378181214767814BD
:101D80007918120D1A78087914120A669082EF7881
:101D90001412147678087914120D1A8C828D83A38C
:101DA000A3A3A3129F8278147910120A669082DB93
:101DB000781012147678147910120D1A78087914A4
:101DC0001213899082CB7810121476780879101249
:101DD0000D1A908293780812139C8C828D83A3A392
:101DE000A3A3A3A3E0F510A3E0F511E4F512F51306
:101DF00078087910120A6690829378101214767817
:101E0000087910120D1A850810850911850A1285A6
:101E10000B13E5104511451245137003029F5B75C6
:101E200014007515007516107517008A828B83785B
:101E30001412124090838F7808121476780C790867
:101E4000120D1A7814790C121300908297780812E8
:101E5000147678147908120A6690829B781412110D
:101E60004D40107401781412110F78147910120B70
:101E70005E800E78147910120B5E740178141211C2
:101E80000F851410851511851612851713740378A4
:101E90001012120FEC241612A189F508A3E0850890
:101EA0000CF50D3395E0F50EF50F85100885110939
:101EB00085120A85130B78087910120A66740D785A
:101EC0000812120F780C7908120A6690838F78082E
:101ED000121476780C7908120D1A851408851509E4
:101EE00085160A85170B7402780812120FEC241459
:101EF00012A189F510A3E0F5113395E0F512F51361
:101F000078087910120A6690839378101214767804
:101F1000087910120D1A780C7908121389EC241222
:101F2000129F741213899083277808121476780C04
:101F30007908120D1A7814790C12138990829F78FF
:101F40001412114D50159082A3781412114D501790
:101F50007514B07515AD75160180097514307515B9
:101F600075751600751700AA14AB15AC16AD177F62
:101F700014020F1AF582E43DF58312A1B0780C79B2
:101F80000822A3A3A3A3E0F514A3E0F5153395E07D
:101F9000F516F5172274E8120BCD12A191780C12E8
:101FA00014769082A7780C12139C8A828B83A3A349
:101FB000A3A3A3A3A3A37810121476740E7810120F
:101FC000110FEC241C12A1A67414780812110F78BA
:101FD000107908121300EC241E12A1A67808790CBF
:101FE000120A66781079081213009083877810120D
:101FF000139C908293780812147678107908120D49
:102000001A850C08850D09850E0A850F0BEC242016
:1020100012A189F5143395E0F515F516F517780832
:102020007914120A669082AB7814121476780879C3
:1020300014120D1AEC241B12A189F514E4F515F500
:1020400016F517780C7914120A6690839B7814128F
:102050001476780C7914120D1A908293780C12135E
:102060009C7808790C120A669082AB780C12147670
:102070007808790C120D1A9082AF780812139CEC34
:10208000241912A189F50CA3E0F50D3395E0F50EA6
:10209000F50F7808790C120A66908393780812136A
:1020A0009C908387780C1214767808790C120D1A9C
:1020B00078107908120A6685100C85110D85120EAC
:1020C00085130F9082937808121476780C79081291
:1020D0000D1A850C08850D09850E0A850F0B7808E9
:1020E000790C120A66908383780C1214767808793A
:1020F0000C120D1AEC2418F582E43DF58312A19B15
:102100007808790C120A66908327780C1214767876
:1021100008790C120D1A7810790812130090832F89
:1021200078101210A6404A75100075110075120043
:1021300075130090838F780812147678107908123E
:102140000D1A85100885110985120A85130B9082D6
:10215000B3780812114D500C750800750990750A76
:1021600001750B00AA08AB09AC0AAD0B7F10020F7A
:102170001A9082B778101210A650B8751000751119
:102180009075120175130080B9F582E43DF583E086
:1021900022EC2421F582E43DF58322E0F50CE4F500
:1021A0000DF50EF50F22F582E43DF58312A1B02264
:1021B000E0F508A3E0F5093395E0F50AF50B227484
:1021C000F6120BCD74E61212588A088B09908168BA
:1021D000AC21AD22741A1210EE78081211C87C1AC4
:1021E0007D007402121230798812162274021211C4
:1021F000A5E9F9600302A298AC08AD09AA21AB22B7
:1022000012168278081211C87C077D00740212121F
:102210003079E112162274021211A5E9F97079E5FC
:10222000082409FAE43509FB74011214E9E0FD857C
:102230002182852283E0FCEA12A389ECF0A3EDF071
:1022400074021214E9E0C0E0EA241BF582E43BF5D5
:1022500083D0E0F074041214E9E0FE74031214E970
:1022600012A2B3121363EE12A2AA241C12A29D742E
:10227000051214E912A2B3121363EEC412A2AA2427
:102280001E12A29D74061214E9E0C0E0EA2420F5B3
:1022900082E43BF583D0E0F0741A029C81F582E47D
:1022A0003BF583ECF0A3E509F022540FFCE5084C64
:1022B000FCEA22E0F5083395E0F509740478082279
:1022C00074F7120BCDEC2409F8E43DF98A828B8374
:1022D00012A3A612A3B212A3D512A3A712A3B0A34E
:1022E000A312A3D5A312A3A612A3AE12A3E512A311
:1022F000A7A3A312A3AEA3A312A3E5A3A312A3C6ED
:1023000012A3B812A3F8240BF582E43BF58312A3C1
:10231000C6A3A312A3B8A3A312A3F8240D12A39CCF
:10232000240C12A392240C12A3F1240F12A39C24B8
:102330000E12A392240E12A3F1241112A39C2410B6
:1023400012A392241012A3F1241312A39C2412129C
:10235000A392241212A3F1241512A39C241412A3F5
:1023600092241412A3F1241712A39C241612A392F0
:10237000241612A3F112A389E0C0E0E82418F58224
:10238000E439F583D0E0029BF12419F582E43BF5B2
:102390008322F582E43BF583E0FCE822F582E43B0E
:1023A000F583E0FDEA22A3E0FD8A828B8322A3A3CA
:1023B000A3A3E08882898322E088828983A3A3A3E0
:1023C000A3A3A3A3A322E0FD8A828B83A3A3A3A339
:1023D000A3A3A3A32212A3D922F0A3EDF08A828B98
:1023E00083A3A3A322A3A3A3A312A3D9A3A3A3A3B9
:1023F00022F582E439F583ECF0A3EDF0EA22E979E5
:10240000005A60027901021172C082C083EA4B60F7
:102410001D8A828B8312A43D60148A828B8312A44E
:102420003B600B8A828B83A3A312A43B700479FFC9
:1024300080027900D083D082021172A3A3A3A3A348
:10244000E0F8A3E0F9E8492274F2120BCD74F4121B
:1024500012588A088B09ECFEEDFF890C7C0C7D007C
:102460007900AA21AB22121AD874091214E9E4F0F7
:102470008E828F83A3A3A3A3A3A3A3A3E0C0E0742E
:10248000081214E9D0E0F08E828F8312A5F312B106
:10249000A790194DE024FFF50AA3E034FFF50B8562
:1024A0000882850983E0850A82850B83F0750D1EFD
:1024B000780D1211CC78081211C8780A1211C8E5EB
:1024C0000C2401F508E43400F50978081211C874E9
:1024D000211214E9120FA3901628E0F97C407D190F
:1024E0007409121230122C3C74091211A5740C02DA
:1024F000A64F74F5120BCD890990194D12AF498979
:1025000008740D1214E912B2BA80178882898312F6
:10251000A96312A975A882A9838E828F83A3AE8234
:10252000AF8385080A74FF250AF5080470DD740F6F
:102530001214E9E0901628600474408001E4F074FD
:102540000B1214E9120FA3A9091220007402121130
:10255000A5E9F9901628E4F07F03020F1A74F61229
:102560000BCDE9FE12A672F0EEF5087509007808A9
:102570001211C8790202A9A374F4120BCD74F712D8
:102580001258EAFEEBFF890A8C0B90194DE0F50812
:10259000A3E0F509EEFCEFFD7A827B17121C6AE9D5
:1025A000700A74081214E912A6ED8012740812144D
:1025B000E97402F090155F12A5F3E8F0A3E9F0EEDC
:1025C000FCEFFDAA08AB09121C708A828B8312AD46
:1025D000BFE4F508F50978081211C8790A740212E7
:1025E00012387AD77B1512200074021211A57409D3
:1025F00002AD8D12B2BE8521828522832274F6122D
:102600000BCD74F7121258E9FEECFF12B2B7740842
:102610001214E97402F0852182852283EAF0A3EB8B
:10262000F0EA88828983F0EB12A645F0EF88828970
:1026300083A3A3A3F075080175090078081211C8D7
:10264000790402A67BA3F0EE88828983A3A32212D9
:1026500011A57F06020F1A74F6120BCD12A6721284
:10266000AD5975080475090078081211C87903027C
:10267000A9A312AD9FEC12AD99ED2274021212388B
:102680007AD77B1512200074021211A57409121159
:10269000A57F02020F1A1211A57F07020F1A74F606
:1026A000120BCD74F7121258E9FE74081214E912D5
:1026B000A6E812AD4DEA12AD95EBF090194DE0246D
:1026C00002FAA3E03400FB121C7012B2C3C8240A41
:1026D000F582E438F583EEF0750813750900780883
:1026E0001211C8790B02A67B12A6EDF022740FF02E
:1026F00085218285228374FDF0A374FF221211A527
:102700007F0E020F1A74ED120BCD74F81212588A54
:102710000A8B0B7EFE7FFF750800750900EA240C0A
:1027200012AD7512AD87EA4B70047C0880027C0202
:10273000E50A2413F582E4350BF58312AA0F2CF574
:1027400082E439F583E0F512E50A240BF510E4354F
:102750000BF511EA4B701A88088909AC08AD097AA3
:10276000827B17121C6AE9603C90155F12AF4980AA
:102770002488828983E0FAA3E0F8E4C8F9EA28FE15
:10278000E439FF90155FE06E7003A3E06F7016757B
:10279000088275091774FE6E700374FF6F6006E59A
:1027A000084509700C851082851183E0600302A83A
:1027B0006D12A87174FE6E700374FF6F6026E508D9
:1027C00045096020E51260067401651270057512F6
:1027D00000803B751280851082851183E064017052
:1027E0002D02A86D751281850C82850D8312AA0FAA
:1027F0004970067EFF7FFF80157C087D0079FFAA67
:1028000021AB22121AD8A821A92288088909850E8D
:1028100082850F83E512F0A385820E85830FAC08B5
:10282000AD09AA0EAB0F121C708A828B83EEF0EFFB
:10283000A3F09016287410F0850C82850D83E0F5C6
:1028400008A3E04480F50978081211C8790BE50A5D
:102850002402FCE4350BFDE50A240FFAE4350BFBFA
:1028600012200074021211A5901628E4F07408805A
:102870000B90194DE0F50EA3E0F50F221211A57F84
:102880000B020F1A74F6120BCD90194DE0FEA3E067
:1028900012AA261214E912A969541F8E828F83127C
:1028A000A97212A95012A97212A96212A97E12A9C4
:1028B0005012A97E12A96212A98912A95012A989DF
:1028C000A312A95512A99D12A955A3F0E82408FC4A
:1028D000E439FD8C828D83E0F508EE240BF582E46B
:1028E0003FF583E50812AC22E0C0E0EE240CF5824F
:1028F000E43FF583D0E012A99DA3A3A3E0C0E0EEDE
:10290000240DF582E43FF583D0E0F0E8240BF58256
:10291000E439F583E0C0E0EE240EF582E43FF58370
:10292000D0E0F0E8240CF582E439F583E0C0E0EE75
:10293000240FF582E43FF583D0E0F07508027509B5
:102940008078081211C8791012AA0050010B805B20
:1029500012A963A32212A963A3A3A3A3A3A3A3A35E
:10296000A322A3E08E828F832212B2BE8882898343
:10297000E022A3A3A312A9792212AA20A322A3A32F
:10298000A3A3A312A979A3A322A3A3A3A3A3A3A34D
:1029900012A9942212AA20A3A3A3A3A32212A9944A
:1029A000A3A322EAFCEBFD7AD77B15122000740268
:1029B00002A68E74F6120BCD12AA0CFEE912AA26FC
:1029C0001214E912A9698E828F83A312AA19F5083D
:1029D000A3E0F509540FF9740C7808121449E508BE
:1029E000C4498E828F83A3A3A3A3F075080375093E
:1029F0008078081211C8790512AA0050010B80AB2B
:102A0000EA2402FCE43BFDEA240FFA2290194D125D
:102A1000AA132212B2C6F9E822A3A312AA20E02226
:102A2000F08882898322FF8E828F83E4F0ECA3F00A
:102A3000ED8E828F83A3A3F0740A2274EC120BCD67
:102A400012B2B5EC2409F508E43D85080CF50DEC4F
:102A50002406F508E43D85080EF50FEE7024EC4DD4
:102A60006020850C82850D83E0FF850E82850F83B3
:102A7000E02FC333240CF50AC3944F4008791002A9
:102A8000ABDA750A04EE88828983F0EA2413F5082C
:102A9000E43BF509850882F583E0FFA3E0F5838F29
:102AA0008212ADB5A312AC17FFA3E0F5838F82A30A
:102AB00012AC11F0E82403F582E439F583E50AC38A
:102AC0009405500302ABBD74FC250AF08C828D8303
:102AD00012AC1112AC2085820885830912ADB512A3
:102AE000AC29F0EC2403F508E43DF509850882F5EE
:102AF0008312AC1112AC2912AC20A3A3A3A3E054FF
:102B00000F88828983A3A3A3A3A3A3A3A3A3F08570
:102B10000E82850F8312AC11A3A3A3A3A3A3A3A327
:102B2000F0E8240BF8500109850E82850F83E060E0
:102B3000387F00EC2407F508E43D850810F5118086
:102B400019EF25E0F508E433F50912ABFC12AD6787
:102B500012ABFC12ABEB5001090F850E82850F837F
:102B6000E0F508EFC3950840D8850C82850D8312E7
:102B7000AD67A3A882A983850C82850D83E0603FA1
:102B80007F00EC240AFC50010D8C088D09850C8215
:102B9000850D83E0FCEFC39C5025EF25E0FCE4337A
:102BA000FD850882850983E012ABDF12ADB512AC5A
:102BB0001712ABDF12ABEB5001090F80D0E4F075B8
:102BC000080475098078081211C8A90A12AA0050D1
:102BD000010B12200074021211A57F0C020F1A2C97
:102BE000F50BA3E03D850B82F5832212ABEF22A308
:102BF000E088828983A3F0E82402F8228510828588
:102C00001183E02508F50BA3E03509850B82F583D8
:102C10002212ADB9A3A322F0850882850983E022A0
:102C2000A3A3F08C828D83A322A3A3A3A312AC3A07
:102C300012ADB9A3A3A3A3A3A322A3F08508828501
:102C40000983A32274F1120BCD74FF121258E98587
:102C50002182852283F08A0A8B0BECFEEDFF90190E
:102C60004D12AD607508047406650A7004748065C1
:102C70000B7005750910800375090074101214E9B2
:102C800012AD8274111214E912AD6C74131214E9AE
:102C9000E0F98A828B83A3A3A3F0602C740429F546
:102CA0000874141214E9E0F50CA3E0F50D750E009C
:102CB000780C1211C4E9FC7D00EA2404FA50010BDF
:102CC000121ACC74031211A5E509901628F0780A9F
:102CD0001211C8A908EEFCEFFD7402121230122086
:102CE0000074021211A5E9F9901628E4F00402A676
:102CF0009674F7120BCD74FF121258E98521828564
:102D00002283F012AD4DECF0740A1214E912B2BA3B
:102D100090194DE0FCA3E0F5838C82A3E812AD5935
:102D200012AD4DA3A3A3E4F0740C1214E9120FA387
:102D30007904EAFCEBFD74021212301220007402D6
:102D40001211A574011211A57F01020F1A90194DDD
:102D5000E0F8A3E0F58388822212AD99A3E9F0227E
:102D600012AA13FAE9FB2212ADB9F02212B0FFA3A6
:102D700012B111F022F50CE4350BF50D850C82F53E
:102D8000832212B0B7F022E0FAA3E0FB221211A5D1
:102D90007F04020F1A12AD9922F012AD9FA3229068
:102DA000194DE0F8A3E0F58388822274011211A581
:102DB0007F0D020F1A12ADB922E08882898322E5C5
:102DC0000AF0A3E50BF02274EB120BCD74FF121284
:102DD00058E9852182852283F08A128B138D147421
:102DE000181214E912AF49EC602612AD4DECF075E3
:102DF000083175098078081211C87901AC12AD1339
:102E0000740212123012200074021211A502AF35A2
:102E100074171214E9E0F50E75F016A42404F50BEE
:102E200012AF67121B808A088B09EA450970057981
:102E30001002AF358A828B83A385820C85830D8532
:102E40000C10850D11E4F0A3E514F074161214E9CA
:102E500012AF4FE50EF0E5102404F51050020511F5
:102E6000750F0002AEF7EE2402FCE43FFDAA10ABA2
:102E700011121C70EE240AFCE43FFDE5102408FA50
:102E8000E43511FB121C70EE241212B0AB12B0D755
:102E9000F0EA2402F8E43BF912B0A112AD67EE2487
:102EA00015F582E43FF583E0333354FCFC888289D6
:102EB00083E04CF0EE2416F582E43FF583E0C45441
:102EC000F0FC88828983E04CF0EE241712AF38F0D2
:102ED000EE2418F582E43FF58312AF6FEE24191249
:102EE000AF38A3A3F0EA2406F510E43BF511EE2475
:102EF0001AFE50010F050FE50FC3950E500302AEE9
:102F00006690194DE50CF0A3E50DF0750C31750DCB
:102F100080780C1211C8A90BAC12AD1374021212F6
:102F20003012200074021211A5E9FEAA08AB0912A2
:102F30001B8612AF7502ADABF582E43FF58312AF8D
:102F4000422212B0B7A3A3A322E0FEA3E0FF221205
:102F5000AF5DF0851082851183A3A3A322E08510C5
:102F600082851183A3A3222401FAE43400FB2212F8
:102F7000AF42A3F02290194D74D9F0A37415F0EE6E
:102F8000F92274EA120BCD74FF121258E9852182DE
:102F9000852283F08A128B138C0E8D0874181214FC
:102FA000E9E0F50975F015A4240412AF67121B803F
:102FB0008A0A8B0BEA450B7005791002B09C8A8255
:102FC0008B83A385820C85830DAA0CAB0DE50EF0D7
:102FD000A3E508F074171214E912B0BDE50912B0A8
:102FE000D150010B750F0475100074191214E912F9
:102FF000AF498016740E250FF50F12B0EAFA500192
:103000000BEE2415FE50010F0510E510C395095075
:1030100057EEFCEFFD121C708E828F83A3A3A3A337
:10302000A3A3A3A312AD82EE240912B0ABA312B0E6
:10303000D7A3F0EE2413F8E43FF98882898312B015
:10304000CE50010BEE240BFCE43FFD88828983E027
:10305000640370A07415250FF50F121C7012B0A137
:1030600012B0B312B0E3809990194DE50CF0A3E5CE
:103070000DF0750C33750D80780C1211C8A90FACCA
:1030800012AD13740212123012200074021211A534
:10309000E9FEAA0AAB0B121B8612AF75740102A6D9
:1030A000FDEE2414F582E43FF58322F8E43FF9882D
:1030B00082898312B0B722E08A828B832212B0DE2B
:1030C000A312B0C522F08A828B83A3A3A32212AFDE
:1030D00042F0EA2404FA2212A97912B0DE2212B0D8
:1030E000B7A322F0A3AA82AB83228C828D8312B075
:1030F000B7F08C828D83A312B0DEF0EA2402221294
:10310000B2C6F9E88A828B8322E0F510A3E0F511BC
:1031100022F0E98A828B83A3A32274F2120BCD8959
:103120000A8A088B0990162912AF49EEF8EF802819
:1031300088828983A3A3E0650A701288828983A3A9
:10314000A3A3E065087004A3E065096051E8FEE907
:10315000FF8882898312B2C6F9E84970D37A057B69
:1031600000121B808A0C8B0DA80CA90DE849603257
:1031700088828983A3A3E50A12A983E508F0A3E561
:103180000912AA20E4F0A3F090162912AD87EA4BA9
:1031900060068E828F83800390162912B1A7790072
:1031A0008002791002A652E8F0A3E9F02274ED1231
:1031B0000BCD8A088B09750E0090162912B2CBEA46
:1031C0002410F50CE43509F50D02B2A7E508240C2E
:1031D000F582E43509F58312B2BA850A82850B833C
:1031E000A3A3A312AD87E86A7002E96B601B74FFAA
:1031F0006A700374FF6B600302B29EE95480700929
:1032000074136849600302B29E850C82850D83E0C9
:103210002417FAE43400FB121AEA8A108B11AE105C
:10322000AF11EE4F6078850810850911751200788E
:10323000101211C47C177D00121ACC74031211A550
:10324000850C82850D83E0603AEE2417FAE43FFB9B
:10325000EE2413F582E43FF583EAF0A3EBF0E508F2
:103260002413F582E43509F58312B109781012119F
:10327000C4850C82850D83E0FC7D00121ACC74039A
:103280001211A58E828F8374D3F0EEFAEFFB850ABC
:1032900082850B83A3A3E0F9121AF6750E01850A45
:1032A00082850B8312B2CBE50A450B600302B1CCD9
:1032B000A90E02A87FE9FE90194D12B2BE2212B2E9
:1032C000C6F92290194DE0F8A3E022E0F50AA3E048
:1032D000F50B2274F6120BCD74E91212587E0074AD
:1032E0000A1214E9740212B40DA3A312B2BA740242
:1032F0001214E912B1A7EA2415F582E43BF583E044
:10330000C0E0740B1214E9D0E012B40D12B2BA741A
:103310000C1214E912B1A7EA2419F582E43BF583F3
:10332000E0C0E0740E1214E9D0E0F0EA2420F58247
:10333000E43BF583E014C0E074101214E9D0E0F02F
:10334000EA2422F8E43BF988828983E02401FCA383
:10335000E03400FD74131214E9ECF0A3ED12AA1B83
:1033600012AD51E0C0E0740F1214E9D0E0F0EA248D
:1033700012F582E43BF58312B2BA74111214E91209
:10338000B1A7EA2424F582E43BF58312B2BA74159E
:103390001214E912B1A7AA21AB22122060E9FC8025
:1033A000010EEEF5087509007402780812136374B3
:1033B000B22508F874313509F988828983E493C00D
:1033C000E0740193F583D082AA82AB8374FF6A70A4
:1033D0000374FF6B6028740C1214E9E06A7003A395
:1033E000E06B70BDAA21AB2288828983A3A3E493FA
:1033F000C0E0740193F583D082122C7A800AEC70BD
:1034000007AA21AB22121F2E741702A68E12B0C576
:10341000A322C082C08390078AE4F0900798F090BE
:10342000078EF0A3F090078912BC8A90078BE4F016
:10343000900799F090079AF090079B02BB10C0820A
:10344000C083906194740512B8FB75E9FBE8A2E7AC
:1034500092AF9061A3E0D2E202BB10C082C083129F
:103460001A1890078AE4F0F91219FA02BB11C08207
:10347000C08390079A7401F0900799E070081219C0
:10348000AC90079AE4F002BB11C082C0839061A4A3
:10349000E0C2E0F09061947405F075E1ED75E1ED46
:1034A000A8A8C2AF759B0075E9FBE8A2E792AF122E
:1034B000B90DF9E84960077A8E7B071228649007F6
:1034C0008C74B8F0A37419F0900789E07006900727
:1034D0008BE0600C900789E4F090078BF01219E202
:1034E00002BB11C082C08390079AE07021900799B7
:1034F000740112BC9812B8E4122C7A900799E4F087
:1035000090079AE060081219AC90079AE4F002BBA9
:103510001174F1120BCD74FE121258750A00900747
:1035200089E060031217009007897481F090079C6E
:10353000E0600D906193E0A2E74010E0A2E6400B4E
:10354000900789E4F01219E202B8C212186E12BC98
:103550003390078AE0900797F079047A907B0712FE
:1035600018FE900790E0547F24FD900794F0C394D8
:103570007D400302B697900791E05407F8C3940486
:10358000400302B697740268600302B63090079851
:10359000E0600302B6307902AA21AB221218FEA223
:1035A000AFE433F508C2AF90079EE064867079906F
:1035B000179912B910F9E849700312170012BC628A
:1035C000852182852283E02824B7FE74011214E944
:1035D000E0547FFFFAEEF912197C90179912BA6342
:1035E0002415F582E438F583E912B9152416F5821D
:1035F000E438F583EF12B9152417F582E438F58322
:10360000EEF0E508A2E092AF74011214E9E0A2E73F
:103610005011900791E05410FA900793E0F9121AB4
:1036200072807A121A788075E508A2E092AF806DF8
:1036300090079EE064867003121A78900797E06006
:103640002F900798E07029900797E06401700302BB
:10365000B6D8900791E05407F8900797E06402709D
:1036600005E87074800AE06403700574036870688C
:10367000900792E0F81313543F5403F508E8C4137D
:10368000135403F509900713E0701874016509607D
:103690000674016508700C75E1ED75E1ED1219D63F
:1036A00002B8C2A80912B8CCFAA80812B8CC2AFEEF
:1036B000E509600A900791E0A2E650021E1E9007FD
:1036C00094E0FAEE79002402F8500109C3EA98E484
:1036D00099A2D265D03350061219E802B8C2E0C3ED
:1036E0009E24FE90079612B91D5003750A25900777
:1036F00096E0F8E50A28F8E43400F9E8243AFAE418
:1037000039FB12285E90078EEAF0A3EB12B904F998
:10371000E849700575E1E880BF7F00900791E0F807
:10372000900798E0700774205890078BF090078BF3
:10373000E0604AA2AFE433F50AC2AF7407586403ED
:10374000701D122858E9600302B8A0900709E070C4
:103750000302B8971217DEE964FE700302B8A09066
:10376000618AE0C2E212B8FB7591FEE8A2E792AF6F
:103770009061A4E0D2E0F0E50AA2E092AF90078E5B
:10378000E0243AF8A3E03400F990078EE0FAA3E0D1
:10379000F5838A82A3A312BC77243312BA5490070C
:1037A00096E0C0E012B8D9D0E012B904F58388825F
:1037B000A3A3A3A3E0C0E090078F12BC40D0E01207
:1037C000B91D503A12B8EC7403F0750C91750D07E1
:1037D000750E00780C1211C412B8ECE0FC7D0012DA
:1037E000BAE7121ACC74031211A590078EE02433A5
:1037F00012BC4F2435F582E43AF58312BAF812BAB6
:1038000060241BF582E438F583E50912BC8024248A
:10381000F582E438F583E508F01218BC8A088B09B4
:103820008C0A8D0B12BA602425F582E438F5837872
:10383000081214581218B08A0812BC592429F582AB
:10384000E43AF583E508F0A3EBF0900791E0540724
:10385000C0E012B8D9A3D0E0F0900793E0C0E01226
:10386000BA602432F582E438F583D0E0F090079115
:10387000E05478F8A3E0C4540F5403484FC0E0125A
:10388000BA67D0E0F0EE702390078C74CAF0A3748E
:1038900019F01219C4802B122852E9700302B75F85
:1038A0007F0490618AE0D2E202B76590079512B971
:1038B0001D900795E040011412BC9574BEF0A374EE
:1038C00019F074021211A57F07020F1A74A428F5CB
:1038D00082E43432F583E4932290078E12B8E4A395
:1038E000A3A3A32212B910F58388822212B8F3127F
:1038F000BC462290078E12B910C822F0A8A8C2AF09
:10390000759B002212B90822F012B90D2290078E81
:10391000E0F8A3E022F090179912B8F622F0900791
:1039200091E0A2E32274F6120BCD74EC12125890BF
:103930000795E07003121700900795E0F9AA21ABF4
:10394000221218FEA821A92288088909AC08AD090D
:10395000900792E01313543F5403FE607090078E5B
:10396000E0242DF8A3E03400F9852182852283E04C
:10397000FC74011214E9E0FBEC88828983F0A3EB6C
:10398000F08882898312B91012BC58242B12BA73A2
:10399000241CFAA3E03400FB74036E70107402124E
:1039A00014E9AC82AD83121C70740A80197402127F
:1039B00014E9E0FC74031214E9E0F9EC8A828B83C9
:1039C000F0A3E9F074041214E9AC82AD839007927D
:1039D000E0C413135403FA605812BA67E0A2E64039
:1039E000278C828D83E0FEA3E0F9EEF890078EE04D
:1039F000FBA3E0CB242BF582E43BF583E8F0A3E9BD
:103A0000F0EC2402FC50010D74036A701190078ED3
:103A1000E02413FAA3E03400FB121C7080138C82A4
:103A20008D83E0FAA3E0F9EAF812BC59241312BA24
:103A30005412BA602410F582E438F583E412BC987D
:103A400074CAF0A37419F01219C474141211A57F6A
:103A500002020F1AF582E43AF583E8F0A3E9F022B6
:103A600090078E12B8F62212B8F32407F582E438D4
:103A7000F58322F582E43AF583E8F0A3E9F09007B4
:103A80008EE022C082C083900796E070109061940F
:103A9000740112BC9874D0F0A374198016C39410EA
:103AA0005006E090079580059007957410F0E0149B
:103AB000906194805BC082C083900795E0F912BA50
:103AC000E71218FE90078EE02433F8A3E03400F9E3
:103AD00090079512BAF8900795E0F8900796E0C322
:103AE00098F01219C4802A12B8F32433F582E4380E
:103AF000F583E0FAA3E0FB22E0FA88828983E02ADA
:103B0000FAA3E03400FB88828983EAF0A3EBF02279
:103B1000F0D083D08202117274F6120BCD7E007940
:103B2000027A907B071218FE900791E05480F50905
:103B3000700B900798E06402600302BC199007893B
:103B40007402F0121A2412BC62900790E02824B785
:103B5000F508A3E0547FFFFAA90812197C12BA6095
:103B6000242FF582E438F583E912BC802431F582F4
:103B7000E438F583E50812BC802430F582E438F59A
:103B800083EF12BA7D243A12BC4F243312BA732445
:103B900002F8A3E03400F9E8FAE9FB181812BC4077
:103BA000E0F890078EE0FCA3E0F5838C82A3A3A34A
:103BB000A3E0FCE8C39CF895E0F98A828B83E028B7
:103BC000F8A3E039F98A828B8312BC772407F58247
:103BD000E43AF583E0A2E2501088828983E064042D
:103BE000600790618AE0C2E2F0900709E060081285
:103BF00017E4E960027E04E5094EF890078EE0F9CB
:103C0000A3E0C92407F582E439F583E04812BA7DC0
:103C1000FAA3E0FB12286A800A12BC337A8E7B0773
:103C200012286490078EE4F0A3F012BC851219D616
:103C300002BA4F9061A4E0C2E0F090078BE4F0225A
:103C4000E0C812BC46222435F582E438F58322F818
:103C5000A3E0340012BC5822F990078EE0FAA3E0EA
:103C6000CA22900788E0540FF874B028F582E43433
:103C700032F583E493F822E8F0A3E9F012BC59226C
:103C800012B908C822906194740512BC9874B8F0F7
:103C9000A37419F022906194F090078C22C082C026
:103CA00083906193E0A2E6500BE0A2E7400675E145
:103CB000ED75E1ED900789E4F090078BE070031259
:103CC00019E202BB11C082C08390078BE4F0900719
:103CD00089E070031219E202BB11C082C083121A7C
:103CE0002412194C121A6002BB11C082C0839007C3
:103CF0008CE064B87004A3E06419600312170090AC
:103D00000794E070051219D6801DC394105006E088
:103D100090079580059007957410F0E01412BC95FB
:103D200074EEF0A37419F002BB11C082C08374F06A
:103D3000121258900795E0F9AA21AB221218FE90B2
:103D40000795E0F8900794E0C398F06011C39410D1
:103D50005012E0900795F014906194F0800612BC28
:103D6000851219D674101211A502BB11C082C0832E
:103D700090079BE004F01219A602BB1174F7120B16
:103D8000CDE9FE900798F0700A906180E4F0E0447D
:103D900009801374026E600874016E6003121700CC
:103DA000906180E0C2E0F07F01020F1AA3A312BE6F
:103DB000F68882898322C082C08390050512BEF2F4
:103DC00012C11190188CE0F4601B90050712C66DAB
:103DD000603612C0B5F890188CE068602212C103FA
:103DE00080E812C10390050712C66D601B12C1F274
:103DF00012BDACE060ECC394F150E7A3E060E312C5
:103E0000C0BEFAA3E0FB80047A007B00800312C3EB
:103E10009ED083D08202117274F6120BCD74F1120F
:103E20001258852182852283E4F0A3F0122AE68AC3
:103E3000088B09AE08AF09EE4F700302BEED122ADF
:103E4000F28E828F83A385820885830912C1F612C0
:103E50001FCA12C65C700302BEE6852182852283DA
:103E6000A3E0C812C09DE0C39481407A8E828F8304
:103E7000E0706985088285098312BEF2740312140A
:103E8000E912C11474021214E97404F0EE2403FC64
:103E9000E43FFD74051214E9AA82AB831222227456
:103EA0000212123012225EE9702012BEFC121C4671
:103EB0007A237B05122ABC7A007B40900504E0F946
:103EC000121C46790C122AC28023AC21AD2285082F
:103ED0008285098312C4117901122ADA852182852B
:103EE000228312C0AFF0EEFAEFFB121B86740F02B2
:103EF000C41712BEF622E0F8A3E0F922900503E40D
:103F0000F07A40FB900504E0F92274EC120BCD74BA
:103F1000F712125889088A108B118C0E8D0F90059C
:103F20000712C66D700302C0937E0012C0BEF50A70
:103F3000A3E0F50B74081214E97403F0E508600BB4
:103F4000AC21AD22AA10AB111222347F00E50A2465
:103F500004F50CE4350BF50D80577509017809124D
:103F600011CCE508F50978091211CC740212122857
:103F70008812891378121211C890052A120FA39083
:103F80000523E0FD90052912C0A1A3A3A312C0E957
:103F9000122AC874061211A5E9F50974B2650970F0
:103FA0000302C029E970097E01E508700302C032EE
:103FB0000F12C0D1A3A3A3E0F8EFC398409C74B242
:103FC00065096065EEA2E05004E508605C7F008052
:103FD0000AE970067E01E50860580F12C0D1E0F8CA
:103FE000EFC398504475090078091211CCE508F523
:103FF0000978091211CC74021212288812891378D8
:10400000121211C890052D120FA3900523E0FD9008
:10401000052C12C0A112C0E9122AC874061211A5FB
:10402000E9F50974B2650970A8EEA2E05014E5083C
:104030007010850E82850F8312C4DB12C09D7480C0
:104040008009850E82850F8312C0AFF074B26509B6
:10405000702012BEFC121C467A237B05122ABC7A01
:10406000007B40900504E0F9121C46790C122AC22C
:10407000802190188CE0F4701A800D12C0B5600891
:10408000C394F1500302BF2912C10390050712C661
:104090006D70E874091211A57F0C020F1A12C65335
:1040A00022E0FCEF25E0F8E433F98A828B832212C8
:1040B000C64A74FF2212C0CBA3A312C63C229005AD
:1040C0000712C0C8A3A3E022E0F8A3E0F58388822A
:1040D00022850C82850D8312BEF6E8FAE9FB8A82FE
:1040E0008B83A3A3A3A3A3A322A3A3A3A3A3A3A359
:1040F000E028FAA3E0398A82F58312C2F8850B839F
:10410000E0F92290050712C63CF8A3E0F912C111AC
:1041100022900507E8F0A3E9F02274F7120BCD74A2
:10412000ED121258EAFEEBFF852182852283E4F02E
:10413000A3F0750800122AF212C0BE12C1F0A3E06B
:10414000A2E0400302C1E6EE2413F582E43FF583CA
:1041500012BDAEA3E0FC88828983A3A3E0FBECFA46
:1041600074021214E912C39E740A1214E97402F064
:104170007C237D05E82404FAE439FB121FFA74025B
:104180001214E912C1F6121FCA12C65C6058740BF1
:1041900012123885218285228312C1F112C41112B4
:1041A0002234E96005750801801885218285228303
:1041B00012C4DB240DF582E438F5837423F0A37474
:1041C00005F0AC21AD2274021214E912C411A90841
:1041D000122ADA85218285228312C645F470077A75
:1041E000237B05122ABC74131211A57F01020F1A3A
:1041F000F8A312C0CB22E0FAA3E0FB900523E0F97C
:104200002274F2120BCD750800EA2404F8E43BF99D
:10421000E8FEE9FF12C2D4750C62750D80780C12AD
:1042200011C87C1812C2DE121F9474021211A5E983
:104230006401700375080212C2D4780C1211C87C94
:1042400018850A82898312C407850A828983A3A3F9
:10425000A3A3A3A3A3A3A3E0F9121F9474021211B2
:10426000A5E964017006E508D2E0F50812C2D4752C
:104270000C00750D80780C1211C87C3112C2DE1250
:104280001F9474021211A5E964017006E508D2E0DA
:10429000F5088E828F8312BEF2E8FEE9FF780C12D9
:1042A00011C87C318E828F8312C4078E828F83A3C4
:1042B000A3A3A3A3A3A3A3A3E0F9121F94740212C0
:1042C00011A5E964017006E508D2E1F508A9087FA7
:1042D00006020F1A8E828F8312BEF6880A22850A82
:1042E000828983A3A3A3A3A3A3A312C2F88983A350
:1042F000A3A3A3A3A3E0F922E0FAA3E0FB850A822B
:104300002274F4120BCD74FE12125885218285227C
:104310008312C39E8908ECFFEDFE74131214E91298
:10432000C62CE0FA122A9EE97024A821A922880A44
:10433000890B780A1211C87C0174101214E912C496
:1043400011EFF9121F9474021211A5E9700479B1EA
:10435000803F74121214E9E060359005C212C66DF8
:10436000602D780A1211C87D01EEFC74121214E956
:1043700012C411A9089005C2E012C1F0122C7A747F
:10438000021211A58B0BEA450B700479B2800279F9
:104390000074021211A57F04020F1A90050BEAF0B7
:1043A000A3EBF02274F7120BCDE9901882F07A019A
:1043B0007906122B8E02C1EB74F6120BCDEAFEEBDE
:1043C000FFEE2407F8E43FF9880889098882F5831D
:1043D00012C411EA4B600D121B8685088285098381
:1043E000E4F0A3F0EE240AF8E43FF9E8FEE9FF8EDA
:1043F000828F8312C411EA4B600B121B868E828F50
:1044000083E4F0A3F08013A3A3A3A3A3A3A3A3A374
:10441000A3E0FAA3E0FB221211A57F02020F1AC04B
:1044200082C08390051F02BE0EC082C0839005210A
:1044300002BE0E74F6120BCDEAFEEBFF7A007B4053
:10444000900504E0F9121C46EEFCEFFD7A097B05AD
:10445000122B22EA4B605C8E828F8312BDAE12C497
:10446000C2F088828983E0FCA3E0FD8A828B83EC22
:10447000F0A3EDF088828983A312C4C2A3F08E82D8
:104480008F8312C4DB240AF582E438F58312BEF26E
:104490008A828B83A3A3A3A3A3A3A3A3A3A312C1D1
:1044A0001412C6F4E4F0EA240DF582E43BF583E44B
:1044B000F0A3F07A007B40900504E0F9121B2C0277
:1044C000C41AA3A3A3A3A3A3A3A3E08A828B83A359
:1044D000A3A3A3A3A3A3A32290050BE0F8A3E0C882
:1044E0002274F0120BCD74F712125890824FAC2147
:1044F000AD2274091210EE90050B12C66D7020905B
:10450000050912C411122A9812C39B90050B12C6FA
:104510006D705290050912C66D703C790B803A900F
:10452000050BE0240CF8A3E03400F988828983E0CD
:10453000A2E75031547FC39404402A90050D12C65F
:104540006D701C90050912C411122A9812C39B9019
:10455000050B12C66D700E7900122AC202C6229097
:10456000050B12C114901953780812147690831B0E
:10457000780C1214767808790C120A6678081211F1
:10458000C07A007B40900504E0F9121C3A740412D2
:1045900011A590050FE0640890050B606812C638FD
:1045A000F8A312C62C12C11412C4D82408F582E450
:1045B00038F583E0C0E074081214E9D0E012C64177
:1045C0000412C641A2E750127D007C00790012C699
:1045D00035FAA3E0FB122018803175080078081224
:1045E00011CC12C4D82409F582E438F583E0F9121D
:1045F000C635FCA3E0FD740112123012201E7401B6
:104600001211A5800612C645D2E6F012C4D8240FB6
:10461000F582E438F58312C411122A9890050D1220
:10462000C39E74091211A57F08020F1AE0F98521B3
:10463000828522832290050B12C63C2212C0C8E05C
:1046400022F090050B12C64AE022E0F8A3E0C8125F
:10465000C65322240CF582E438F583228521828515
:104660002283EAF0A3EBF085218285228312BEF635
:10467000E8492274F7120BCDE978006023E825E0C1
:10468000FCE433FD74622CF58274803DF583E06AAE
:104690007003A3E06B602308E8C39418502780DD03
:1046A000E825E0FCE433FD74002CF58274803DF5D0
:1046B00083E06A7003A3E06B70047900800908E866
:1046C000C3943140DB790102C1EBC082C083800C0E
:1046D000EA240FF582E43BF58312C411EA4B600D26
:1046E00012C6F4E0547FC3940450E580047A007B42
:1046F0000002BE11EA240CF582E43BF58322C0825D
:10470000C0839005098009EC240FF582E43DF58310
:10471000E0FCA3E0FDEC4D60248C828D83E06A70A8
:1047200003A3E06B70E18C828D83A3A3A3A3A3A357
:10473000A3A3A3E06970D0ECFAEDFB80047A007BC0
:104740000002BE1174F7120BCDEAFEEBFF740912E2
:1047500014E912C76F8E828F83800C1211DBF0E98F
:10476000240109E43AFAA312C77870EF02CAB2E052
:10477000F9A3E0FAA3E0FB22ECFEEDFFEE24FF1C20
:10478000EF34FFFDEE4F2274ED120BCD890C8A0D34
:104790008B0E74131214E912CB18A3E0F50AECF88F
:1047A000EDF9E824FF1CE934FFFDE8496037A90C66
:1047B000AA0DAB0EE92401F50CE43AF50D850810BD
:1047C000850911850A12E5082401F508E43509F583
:1047D000091211DBF8A910AA11AB121211DB6860E3
:1047E000BD7900800279017F0B020F1A74F6120B5B
:1047F000CDE9FE8C088D0978081211C8EEFC7D0009
:104800001221E074021211A502CB1374F0120BCD29
:10481000E9FE8A828B83E0F50CE4F50DF50EF50FC9
:1048200074026E700512C89F804774036E70121276
:10483000C89912110F780C790812138912C88A804E
:104840003074046E703712C89912110F780C790801
:1048500012138912C88A780812110F780C7908127D
:1048600013898A828B83A3A3A3E0F508E4F50A7475
:1048700018780812110F780C7908121389AA0CAB5A
:104880000DAC0EAD0F7F08020F1A8A828B83A3A393
:10489000E0F508E4F50974102212C89F780822A3F5
:1048A000E0F508E4F509F50AF50B740822C082C0AA
:1048B00083121AC0807374F6120BCDEAFEEBFFEE82
:1048C0004F603DEE2405FAE43FFB121B808A088B03
:1048D00009A808A909E849602788828983E4F0A328
:1048E000F088828983A3A3EEF0A3EFF08882898306
:1048F000A3A3A3A374FFF0E82405FAE439FB800422
:104900007A007B0002CB13C082C083EA4B7004792B
:1049100005801612C9A260047904800DEA24FBFA0E
:10492000EB34FFFB121B867900D083D08202117218
:1049300074F7120BCD7C00121AFC02CAB674F7127F
:104940000BCDE9FEECFFEA4B60279083B4E0F8EE74
:10495000C3984007121AF079038044EA24FBF582D9
:10496000EB12CBBB12CD81700512C9A26007121ADF
:10497000F07905802AEEF074016F700DEAFCEBFD12
:104980007AD77B0C121B1A800BEAFCEBFD7AD77BE3
:104990000C121B0E7A007B80EEF9121B2C790002A0
:1049A000CAB6EA24FFF582EB34FFF583E0F4227403
:1049B000F2120BCD890C750A00750B007E007F008A
:1049C000A2AFE433F50DC2AF900CD78015EE4F7057
:1049D0000685080A85090BE50824FBF582E509121E
:1049E000CBBB12CB18E50845096023E50824FFF589
:1049F00082E50912CBBBE0650C70D2EE4F7006AEBB
:104A000008AF0980D27A007B80121B2C800B7A00C1
:104A10007B80121B32EE4F6015780A1211C8EEFC33
:104A2000EFFD7AD77B0C121B2074021211A5E50D45
:104A3000A2E092AFEEFAEFFB7F06020F1AC082C02F
:104A400083EAFCA2AFE433F8C2AF900CD78009EA46
:104A500024FBF582EB12CBBB12C772EA4B6015EA5E
:104A600024FFF582EB12CBBBE06970E38A828B8373
:104A7000E06C70DBE8A2E092AF02C929A2E092AF3D
:104A8000803474F7120BCDA2AFE433FEC2AF12CB69
:104A9000B5E4F0A3F0800612CC05FAE9FB8A828B1C
:104AA0008312CD8170F18A828B83ECF0A3EDF0EE5E
:104AB00080CAAA82AB837F01020F1A74F6120BCD53
:104AC00078007900A2AFE433FEC2AF8A828B83E024
:104AD000FCA3E0FDEC4D6032ECF8EDF9E824FBFCC2
:104AE000E934FFFD8C828D8312CB188A828B83E59B
:104AF00008F0A3E509F08C828D83E4F0A3F0E824AC
:104B0000FFF582E912CBBB74FFF0EEA2E092AFE8B2
:104B1000FAE9FB7F02020F1AE0F508A3E0F509228B
:104B200074F7120BCDA8A8C2AF8A828B83E0FEA3D4
:104B3000E0FF12CBB5EEF0A3EFF08A828B83ECF0AE
:104B4000A3EDF0E8A2E702CA7E74F5120BCDA2AF86
:104B5000E433F50AC2AFEC24FBF8ED34FFF9E8FECC
:104B6000E9FF8E828F83E0F8A3E0F98A828B8312BB
:104B7000CB18EC65087003ED650970068A828B839B
:104B80008012740B1214E9E0FAA3E0CA24FBF58248
:104B9000EA12CBBBE8F0A3E9F08E828F83E4F0A3A6
:104BA000F0EC24FF12CBB874FFF0E50AA2E092AF5C
:104BB0007F03020F1AEC24FBF582ED34FFF583220C
:104BC00074F7120BCDEAFEEBFF89087A00A2AFE47E
:104BD00033FBC2AF12CD7D70068015E508601C1551
:104BE0000812CC05FEE9FF12CD7D70EFE508600BE1
:104BF0008E828F83ECF0A3EDF07A01EBA2E092AF0E
:104C0000EAF902CAB6E824FBF8E934FFF9E82274AD
:104C1000F7120BCDE9FE9083B4E0F8EEC39850276D
:104C2000ACA8C2AFEE29F8E433F9900CD9E028FD26
:104C3000A3E0398D82F583E04AF0A3E04BF0ECA2CB
:104C4000E792AF79008002790302CAB674F7120BBB
:104C5000CDE9FF9083B4E0F8EFC398501FAEA8C22F
:104C6000AFEAF4FCEBF4FDEF2912CD6BE05CF0A3AE
:104C7000E05DF0EEA2E792AF79008002790302CA0C
:104C8000B6E9F874FF687006D2AF79008002790740
:104C9000021172E9F874FF687006C2AF79008002F1
:104CA0007907021172C082C083121B74900CD7E482
:104CB000F0A3F0121C22121C16121B68121B7A7928
:104CC0000002C929C082C083121B5080FB74F612F7
:104CD0000BCD750800121B6E12171EA808E82812CB
:104CE000CD6B12CD81700D05089083B4E0F8E50816
:104CF000C39840E79083B4E0F8E508C3985069ACE6
:104D0000A8C2AFAE08EE2EFEE433FF900CD9E02E21
:104D1000F8A3E03FF98882898312C7728882898369
:104D2000E4F0A3F0ECA2E792AFE508901899F0F94F
:104D300074C72EF58274813FF583E0F8A3E0F58314
:104D40008882122C7A90189974FFF0A8A8C2AF90AC
:104D50000CD9E02EF9A3E03F8982F583E04AF0A365
:104D6000E04BF0E8A2E792AF02CB13F8E433F990FE
:104D70000CD9E028FAA3E0398A82F583228E828F4B
:104D800083E0F8A3E0F9E8492274F0120BCD741027
:104D90001214E9780C12147612CDF8850E0A850FDC
:104DA0000B7410780812120F8A828B83A3A3E50874
:104DB000F07418780C12120F8A828B83A3A3A3E5D8
:104DC0000CF0EA2404FA50010B02C88574F0120BAF
:104DD000CD74101214E9780C12147612CDF87410F8
:104DE000780C12120F8A828B83A3A3E50CF0EA24BD
:104DF00003FA50010B02C885850C088A828B83E573
:104E000008F0850D09E509A3F02274F7120BCDE92E
:104E1000FDEA4B60187800800108E8C39C5012E856
:104E2000FEEA2EF582E43BF583E06D60EC790080CC
:104E300002790102CAB6C082C083906180E4F0E0CA
:104E40004409F0906189E0D2E5F0906182E0D2E01F
:104E5000F0E0D2E1F0E0D2E2F09007097401F00254
:104E6000D14174E6120BCD74F61212588A088B09E0
:104E7000ECFEEDFFEA4509601BEA2408F518E4356D
:104E800009F519851882F583E0F8740268600A74E0
:104E90000368600579E802D0C21217EAE9F46005F8
:104EA000791E02D0C2851882851983E0F50A12178F
:104EB000F68A108B118C128D131217FC8A148B1525
:104EC0008C168D1785100C85110D85120E85130F0C
:104ED000780C79141213C27402650A750A00703BCB
:104EE0008A0C8B0D8C0E8D0F74FE550A780C1212E5
:104EF0000FE50CA2E0401985100C85110D85120EEE
:104F000085130FE50A780C12120FE50CA2E050464B
:104F1000050AE50AC39418503D80C5850C10850D1F
:104F200011850E12850F1375140375150075160083
:104F3000751700E50AC333781412110F781079142D
:104F4000121376E5104511451245136009050AE56F
:104F50000AC3940C40C57418650A70598518828577
:104F60001983E06402605FE50AF50C750D00851891
:104F700082851983E06402705274061214E9EEF01F
:104F800074071214E9EFF0850882850983E0C0E018
:104F900074081214E9D0E0F0850882850983A3E043
:104FA000C0E074091214E9D0E0F07904740612121A
:104FB000387402801E740C650A70AC8518828519DD
:104FC00083E0640370A1791A02D0C27908AC08ADFD
:104FD000097403780C121363250CFA7461350DFB08
:104FE0001218EC851882851983E064027903AC21DC
:104FF000AD22704E7A677B611218F27903AA21AB59
:1050000022121ADE8A0C8B0D8C0E8D0F7510017515
:105010001100751200751300E50A781012110F784F
:105020000C79101213C2780C1211C07407121230CE
:10503000121B5C74041211A57903E91212387A6705
:10504000806A7A647B611218F27903AA21AB22127A
:105050001ADE8A0C8B0D8C0E8D0FE50AC333FA75A0
:105060001001751100751200751300781012110FE0
:10507000780C79101213C2751001751100751200A9
:1050800075130074012A781012110F780C79101220
:1050900013C2780C1211C07407121230121B5C7408
:1050A000041211A57903E91212387A647B6112188F
:1050B000EC851882851983E0FB7A01A90A1217F0A2
:1050C0007900740A1211A57F12020F1A74F7120BDD
:1050D000CDEA4B6021EA2408FEE43BFF8E828F83F9
:1050E000E0F87402686005740368700A1217EAE950
:1050F000F974FF69700479E8800D8E828F83E0FB7C
:105100007A001217F079007F01020F1AC082C08363
:1051100074016990070A700B7401F090618AE0D203
:10512000E28008E4F090618AE0C2E2F080137B61E3
:105130001218F27903AA21AB22121ADE740312119B
:10514000A5D083D082021172C082C08390070AE08A
:105150006401700479FE800279FF80E5C082C0831B
:1051600090070AE0600479018009906163E0F874B7
:105170004058F980CC74E8120BCD74F41212588A9E
:10518000828B83A3A3A3A3A3A3A3A3E06402703F82
:10519000EC852182852283F074011214E9EDF08AF6
:1051A000828B83E0C0E074021214E9D0E0F08A82BE
:1051B0008B83A3E0C0E074031214E9D0E0F0A821CF
:1051C000A922880E890F7E047F011217F6800B8AB0
:1051D0000E8B0F7E087F021217FC8A108B118C1227
:1051E0008D13750B00851014851115851216851306
:1051F00017E50B781412120FE514A2E05053EFF5E7
:10520000F0E50B84F50CEEF97404121238E50C8904
:10521000F0A4FAA8F0E428FB74613BFB1218F274C6
:105220000412122888088909750A0078081211C426
:10523000EEFC7D00850E82850F83A982AA837B0008
:10524000121AD274031211A5E964017004A90C802A
:105250000CEF250BF50BC39418408A79FF740C12E0
:1052600011A57F10020F1A74EC120BCDE9FEEAFFB4
:105270008B08751001751100751200751300EEC3CF
:1052800033781012110F750C01F50DF50EF50FEEB8
:10529000780C12110F046F702E74026508701412CE
:1052A00017F68A108B118C128D137810790C12134B
:1052B000C280311217FC8A0C8B0D8C0E8D0F780C6E
:1052C00079101213C2803D7402650870201217F61F
:1052D0008A108B118C128D13780C121409781079A6
:1052E0000C12137678101211C07A83801E1217FCEC
:1052F0008A0C8B0D8C0E8D0F7810121409780C7996
:1053000010121376780C1211C07A867B61121B5C26
:1053100074041211A57F0C020F1AC082C08374FDA1
:105320001212587903AC21AD227A8302D12EC082A9
:10533000C08374FD1212587903AC21AD227A860223
:10534000D12EE5A4852182852283F0E5A5C0E074F5
:10535000011214E9D0E0F0E5A6C0E074021214E9ED
:10536000D0E0F074031214E9E4F0E8A2E792AF850C
:1053700021828522831214D274041211A5D083D005
:1053800082021172C082C08374E01212589061A927
:105390007414F09061AB743FF0A37455F09061A861
:1053A0007485F0907803E0F874956860057434684B
:1053B000700C906265740FF090619674F8F09061D3
:1053C000AEE4F09061B27415F0906182E4F0906107
:1053D000B57410F0A3740EF0A37403F09061FA7426
:1053E00009F09061E574FFF0439A01D2A843A90146
:1053F00053B9FE43A90453B9FB906249E0900713E7
:10540000F0A8A8C2AF75C30275A20075A328E8A2D0
:10541000E792AFE59E70FC439403E594A2E250FA54
:1054200043940AD2BA9061897448F0121A2A9061A2
:1054300099E0A2E050F8780079007A10E825E0F8C9
:10544000E933F99061A7E0A2E0E433FCE84CF8DA34
:10545000EBE849600A74806870037403697004782B
:10546000BE79BAE8F5BCE9F5BC900722E0F8A3E004
:10547000F9E8496042790078007A089061A7E0A2D3
:10548000E0E433FBE8334BF8DAF1E9FA8521828571
:105490002283E5822AF582E43583F583E8F009E981
:1054A000C3942040D2AA21AB22900722E0F8A3E0C7
:1054B000F5838882122C7A121A309061897440F038
:1054C000E0D2E5F0906164E4F0A3F0A3F0A3F0A3D0
:1054D000F0A3F0742002D37AE5B454F34404F5B495
:1054E000E5BDF9021172E5B454F34404F5B4E5BD29
:1054F000F9E5BCFAE9FB021172A9A8C2AF75C301B4
:10550000A8A3AAA2E9A2E792AFE8FB021172C082A7
:10551000C08374FC121258A8A8C2AF75C300E5A2DC
:1055200002D342C082C08374FC121258A8A8C2AF32
:1055300075C31002D34274F4120BCD74FC121258CE
:1055400012D68D8521828522837808121476908266
:10555000F378081213AF12D60E60031217009007EB
:105560001EC082C0831218B68A088B098C0A8D0B64
:10557000D083D082780812139C852182852283787B
:105580000812124090071E7808121458A8A8C2AF3B
:1055900075C300852182852283E0F5A4740112146D
:1055A000E9E0F5A574021214E9E0F5A6E8A2E70225
:1055B000D6A174F4120BCD74FC12125812D67F12BD
:1055C00014769082F378081213AF12D60E6003128D
:1055D0001700A2AFE433F8C2AFE5A7A2E45005D2AA
:1055E0000053A7EF75C330852182852283E0F5A49F
:1055F00074011214E9E0F5A574021214E9E0F5A6AD
:1056000075A1EFA200500343A710E802D69FE5085A
:105610004509450A450B2274F4120BCD74FC121295
:105620005812D67F1214769082F378081213AF12B4
:10563000D60E6003121700A2AFE433FEC2AFE5A797
:10564000A2E35005D20053A7F775C32085218285B8
:105650002283E0F5A474011214E9E0F5A5740212A6
:1056600014E9E0F5A653A1F7A200500343A708856B
:1056700021828522831214D2121784EE02D69F1241
:10568000D68DC200852182852283780822852182D9
:10569000852283EAF0A3EBF0A3ECF0A3EDF022A2C5
:1056A000E092AF74041211A57F04020F1A74F41271
:1056B0000BCD74FC121258852182852283E4F0A35D
:1056C000F0A3F0A3F0A2AF33FEC2AF75C300E5A212
:1056D000E5A4852182852283F0E5A5C0E07401124E
:1056E00014E9D0E0F0E5A6C0E074021214E9D0E0BD
:1056F000F090071E7808121476852182852283781F
:105700000812135090071A780812147685218285A2
:1057100022837808121419504190071E7808121439
:105720007690071578081212C3702F1218388A085D
:105730008B098C0A8D0B90071E78081213501218D3
:10574000388A088B098C0A8D0B8521828522837803
:10575000081213509007197401F085218285228365
:105760001214AE90071A1214BA90071E1214AE90BB
:1057700007151214BAEEA2E092AF8521828522832A
:105780001214D202D6A3C082C0839007147480F092
:1057900043A70102D37DC082C08353A7FE900714A4
:1057A000E0F902D37D74F4120BCDA2AFE433FEC254
:1057B000AF900719E070151218388A088B098C0A07
:1057C0008D0B90071E78081213508002E4F0EEA2B1
:1057D000E092AF02D6A874EC120BCD74FC121258F2
:1057E000852182852283EAF0A3EBF012DB85E0F5C8
:1057F00013F8741928F582E43432F583E493F5083C
:1058000074021214E9E508F0A3E4F074021214E93A
:10581000E0700302DB63740D6513704674021212AC
:1058200030795312191074021214E9E064FE700307
:10583000A3E0F4700302DAAE74021214E9E0F4702B
:1058400003A3E0F4700302DAAE12DB8DA3A3E070D1
:105850000302DAAE852182852283E0FEA3E0FF0207
:10586000DA4D740565137015852182852283E0F871
:1058700012DBA279002421F8502E09802B740765D1
:1058800013703112DB8DE0700F74021214E9E02402
:105890001BF0A3E03400801B85218285228312DB6C
:1058A000A275F021A4F8A9F074021214E9E028F01E
:1058B000A3E039F074021214E9E0FAA3E0FB121A33
:1058C000EA8A0A8B0BAE0AAF0BEE4F7044740C657C
:1058D00013600302DB6312DBBD700302DB63A2AF64
:1058E000E433F50AC2AF12299674021214E9E0FA01
:1058F000A3E0FB121AEA8A0C8B0DAE0CAF0DEE4F33
:105900007009E50AA2E092AF02DB63E50AA2E09229
:10591000AF852182852283E0F50CA3E0F50D750E9D
:1059200000780C1211C4AC087D00EEFAEFFB121ADD
:10593000CC74031211A5EE2409F50AE43FF50BEE31
:105940002408F50EE43FF50F74056513600302D9D2
:10595000D712DB7BEE2403F50CE43FF50D850C82BA
:10596000F583E0F510A3E0F511751200781012111F
:10597000C47C217D00AA08AB09121ACC7403121151
:10598000A5850C82850D83E508F0A3E509F0850A5D
:1059900082850B83E0F510A3E0F51178101211C495
:1059A000850E82850F83E0FC7D00E5082421FAE462
:1059B0003509FB121ACC74031211A5850C82850DD2
:1059C00083E02421F8A3E03400F9850A82850B8363
:1059D000E8F0A3E9F0807674076513707090168E76
:1059E00012DBAF606890168EE0F50CA3E0F50D9029
:1059F000168EE4F0A3F088108911F51212DB7B8E6D
:105A0000828F83A3A3E0850A82850B837012E50849
:105A1000F0A3E509F078101211C47C1B7D00801AF8
:105A2000E508F0A3E509F078101211C4850E82850F
:105A30000F83E075F021A4FCADF0AA08AB09121A9F
:105A4000CC74031211A5AA0CAB0D121B86901691F3
:105A500012DBAF6012EEFAEFFBE0F5838882122CC6
:105A60007AE9600302DB55740D6513600302DB0BFA
:105A700012DBB6F988828983A3E0FA88828983E001
:105A8000F8740358C394025025E81313543F540F7D
:105A9000F89016FFE068701674C05A701112DBD7C8
:105AA000C8241BF582E438F583E064026007AA216C
:105AB000AB2202DB60EE2413F8E43FF9E8241CFA81
:105AC000E439FBE8241DF582E439F583E0F912217D
:105AD000B612DBD7C8241CF582E438F583E0F470F5
:105AE00003A3E0F4706312DBB6C82406F582E43841
:105AF000F583E0C394024051EEFAEFFB122696E9DB
:105B00006061AA21AB221229968058740C6513702B
:105B10005C12DB85A3E0641A602F8E828F83A3A3BF
:105B2000A312DBAF6023E8240EF582E439F583E0AD
:105B3000A2E05015EE240CFAE43FFBEE240DF582B2
:105B4000E43FF583E0F91221B6EEFAEFFB90175C23
:105B5000E0F9121AF6740C6513700812DBBD6003CD
:105B600012299674041211A57F0C020F1A74116584
:105B70001370D68E828F83E4F080E8EE240BF50854
:105B8000E43FF5092212DBD7F58388822212DB91EC
:105B900022852182852283E0F8A3E0F5838882A311
:105BA000A322A3E0C82408F582E438F583E022129A
:105BB000DBDDF9E8492212DB9112DBDD228521824F
:105BC000852283E02403FAA3E03400FB8A828B83DE
:105BD00012DBDDF9E84922852182852283E0F8A3E2
:105BE000E022790002117280F974F6120BCDE9FE01
:105BF000EAFCEBFD901690E060518C828D83E0F81A
:105C00007900EEC3943250047E328008EEC3946F64
:105C100040027E6E901690E06401701FEE24CEF577
:105C200008E434FFF509E88508F0A4C8AAF085095E
:105C3000F0A42AF97A3C7B001208D9C3E994014008
:105C40000474FF8001E88C828D83F07F02020F1ABA
:105C500074F0120BCD74F112125874011214E9EAA7
:105C6000F0A3EBF0740D1214E9ECF0A3EDF074075F
:105C70001214E9E4F0A3801B741F1214E912E04D22
:105C8000740D1214E912E053122C7A74071214E9FD
:105C900012E07FF074011214E912E060F97401124D
:105CA00014E9E02401FAA3E03400FB74011214E9C2
:105CB000EAF0A3EBF07425696015E970BB74071274
:105CC00014E912E04D740F1211A57F08020F1A7A21
:105CD000007B0074011214E912E02B1214E9E0FCBD
:105CE000A3E0F5838C82E02498600924FC70107B8B
:105CF00001EB80037A01EA1214E9E8F0A3E9F074F9
:105D0000011214E912E060852182852283F074017A
:105D10001214E912E02B1214E9E8F0A3E9F0EAA268
:105D2000E092F0EBA2E0B372F092F085218285223E
:105D300083E024A8700302DE0B24F56017147003BF
:105D400002DDE424F5607B24FC603424FB70030254
:105D5000DE0B801874211214E912E0698521828516
:105D60002283F012E0211214E912E037741F12149A
:105D7000E912E04D852182852283E0F902DC8074FE
:105D8000211214E912E069FEA3E0FF12E0211214CF
:105D9000E912E040F08E828F83E0F9A3AE82AF83F8
:105DA000700302DC94741F1214E912E04D740D129A
:105DB00014E912E053122C7A74071214E912E07FEE
:105DC00080D27E087F00A2F07403500A1214E9E426
:105DD000F0A3748080461214E9E4F0A3F0A3F0A3CA
:105DE0007440804A7E0A7F00A2F07403500B1214A4
:105DF000E97410F0A3742780231214E9E4F0A3746B
:105E0000CAF0A3749AF0A3743B80237E107F00A293
:105E1000F07403500E1214E9E4F0A3EEF0A3E4F0E2
:105E2000A3800B1214E9E4F0A3F0A3F0A3EEF07446
:105E3000211214E912E060FCA3E0FDEAA2E04003B5
:105E400002DF60852182852283E06464600302DFD3
:105E50003E12E0211214E912E076FAA3E0FB33953A
:105E6000E0FC74091214E9EAF0A3EBF0A3ECF0A350
:105E7000F090832F780812147674091214E97808C8
:105E80001212AE503774091214E978081214767899
:105E9000081212EF74091214E97808121458741FCA
:105EA0001214E912E04D792D740D1214E912E05329
:105EB000122C7A74071214E912E07FF074031214A2
:105EC000E9780812147674091214E9780812141982
:105ED000503874031214E9780C1214768E088F0966
:105EE000E4F50AF50B780C7908120B5E74031214B2
:105EF000E9780C1214589082DB7808121476740337
:105F00001214E9780812141950B274091214E978BD
:105F10000C12147674031214E97808121476780CB3
:105F20007908120B5EE50C2430F9C3943A40798568
:105F30002182852283E06478706A7427806812E089
:105F4000211214E912E076F8A3E0F9E8FAE9FB740B
:105F5000091214E9EAF0A3EBF0A3E4F0A302DEBB1C
:105F6000EBA2E0502F8C828D831214AE74091214B0
:105F7000E91214BAEC2404F8E43DF974211214E98E
:105F800012E037852182852283E06464600302DEAB
:105F9000BC02DE71852182852283E0646470030285
:105FA000DE51809A740729F9741F1214E912E04D2A
:105FB000740D1214E912E053122C7A74071214E9CA
:105FC00012E07FF074091214E9780C12147674034D
:105FD0001214E97808121476780C7908120B5E74A2
:105FE000091214E9780812145874031214E9780C91
:105FF0001214768E088F09E4F50AF50B780C7908EF
:10600000120B5E74031214E9780C12145874031204
:1060100014E91214AEE8494A4B600302DF0A02DCBD
:1060200094EC2402F8E43DF9742122E02401F8A361
:10603000E03400F974012212E03B2212E040F02229
:10604000E0FAA3E0F5838A82E8F0A3E922E0FAA36C
:10605000E0FB2212E05722E0F8A3E0F583888222D9
:1060600012E0642212E057E02212E064FCA3E0FD9B
:106070008C828D83E02212E03B8C828D83E022E0D3
:106080002401F0A3E034002274F0120BCD74EA1264
:106090001258852182852283EAF0A3EBF0A3ECF06D
:1060A000A3EDF0C20074261214E978081214769059
:1060B000832F780C1214767808790C120FFD700B70
:1060C0007A007B007C807D3F02E456852182852218
:1060D00083780812147690832F780C12147678083F
:1060E000790C120FFD700302E16A852182852283FB
:1060F0007808121476EDC2E7F50B9019D0780C12DF
:1061000014767808790C120FFD701590169374228E
:10611000F0A3E4F08521828522831214D202E45692
:1061200074261214E978081214769019D0780C129B
:1061300014767808790C120FFD701490169374225F
:10614000F0A3E4F07AFF7BFF7C7F7D7F02E456744E
:10615000261214E978081214769019D4780C1214C7
:10616000767808790C120FFD700B7A007B007C00AA
:106170007D0002E4568521828522837808121476F8
:1061800090832F780C1214767808790C120E3C50FC
:106190007174261214E9780812147674261214E920
:1061A000780C121476780C12093D780C120AE678F5
:1061B00008790C1202069019D8780C121476780817
:1061C000790C120DED500B9016937421F0A3E4F0AE
:1061D00080988521828522837808121476EDC2E7A3
:1061E000F50B8521828522837808121458742612B3
:1061F00014E97808121476780812093DE508A2E03F
:1062000092008521828522837808121476E50B544A
:1062100080443FF50BE50AC2E7F50A74061214E95B
:106220007808121458852182852283780812147602
:10623000E50A33E50B332482F5083395E0F509F5DB
:106240000AF50B7808120AE674261214E9780C1283
:1062500014767808790C12062B740E1214E978085B
:10626000121458740E1214E91214D21221CE852180
:10627000828522831214C6852182852283780812A2
:106280001476780812093D74041214E9E508F0A3A5
:10629000E509F074061214E91214D21221DA74120C
:1062A0001214E91214C674261214E978081214762E
:1062B00074041214E9E0F50CA3E0F50D3395E0F554
:1062C0000EF50F780C120AE67808790C12020674A3
:1062D000121214E9780C1214767808790C12062B35
:1062E000C008C009C00AC00B740E1214E978081265
:1062F0001476852182852283780C121476780879A9
:106300000C1202069019DC780C1214767808790CBD
:1063100012062BD00FD00ED00DD00C780C790812AD
:10632000022BAA0CAB0DAC0EAD0F1221C8740A12D1
:1063300014E91214C6852182852283E4F0A3F0A318
:106340007480F0A3743FF074041214E9E0FAA3E03F
:10635000FB1221C2EA4B702F02E3F374061214E918
:10636000780C12147674061214E9780812147678F0
:106370000C790812062B74061214E9780C121458C2
:10638000EBC313FBEA13FAEAA2E0502785218285CA
:106390002283780C12147674061214E97808121409
:1063A00076780C790812062B852182852283780C59
:1063B00012145874016A4B70A274041214E9C3A336
:1063C000E09400A2D265D033502975080075090009
:1063D000750A80750B3F852182852283780C121403
:1063E000767808790C120445852182852283780805
:1063F000121458740A1214E97808121476740412EC
:1064000014E9E0F9852182852283780C121476E95B
:10641000A2E713F9E413250EF50EE9350FF50F7811
:1064200008790C12062B740A1214E9780812145811
:10643000A200740A50101214E97808121476E50BC1
:10644000B2E7F50B80081214E97808121476AA084E
:10645000AB09AC0AAD0B74161211A57F08020F1A16
:10646000C082C08390079EE4F09007A5F002E60A80
:1064700074F7120BCDE9FE90079EE060031217003F
:1064800090079E7401F0901896E06008791D121A2A
:106490007E02E572EE90079FF06402700512185CB0
:1064A000804AE06007640160031217009007A2E4CD
:1064B000F0901799E0F8A3E0C8240EF582E438F5CF
:1064C00083E05440600590075E8003900740E090B1
:1064D00007A012E5D17012900727E0600C9007A08A
:1064E000E0C3940340037402F0121A489007A5E039
:1064F000705A901799E0F8A3E0F9E8497003121771
:106500000012E7DBE0F8A3E0F988828983E05420F9
:106510009007A4F088828983A3A3E09007A3F0905A
:106520001799E0FAA3E0F5838A82A3A3A3A3E0FA74
:10653000E824FFF582E934FFF58374022AF075E15F
:10654000EE74012AF9AA82AB831218F8A2AFE433E1
:10655000F8C2AF900789E0701190078BE0700B9044
:10656000079E12E642121A4E800890079E7402128D
:10657000E64402E73474F6120BCD121928E9F975D6
:1065800008017509009007A0E07808121363E50878
:1065900014599007A112E5D170051218508003120A
:1065A000184A7F02020F1AC082C0839061A4E0C221
:1065B000E0F090078BE412E5D164027005121862D6
:1065C000800DE0640370051218688003121A54806D
:1065D00039F090079FE022C082C08390079FE0704F
:1065E00014122870E9F89007A1E0C3984007791CBD
:1065F000121A7E80031218568010C082C083900742
:10660000A5740112E5D1F9121A42D083D082021189
:1066100072C082C083900789E0700690078BE060AB
:1066200003121700A2AFE433F8C2AF90079EE064F4
:1066300002700812E642121A4E8005E8A2E092AFFC
:1066400080C87483F0E8A2E092AF22C082C0839039
:10665000079FE060076401600312170090079E74B3
:1066600004F0121A249007A2E004F0F890073FE02B
:10667000C398500779E1121A7E803290074BE0FAF6
:106680009007A0E079002401F8500109EAFCC3E872
:106690009CE99400A2D265D0335004E0048001EA62
:1066A000F0121A4890079E7483F0121A5402E60AF8
:1066B00074F7120BCDA2AFE433FEC2AF90079EE099
:1066C00064837027900789E060031219A69007A4DD
:1066D000E090079E700F7485F0EEA2E092AF790013
:1066E000121A7E800B7486F0121874EEA2E092AF3C
:1066F000804274F7120BCDE9FF8A08A2AFE433FEA3
:10670000C2AF90079EE0648670257487F012187AF5
:10671000EEA2E092AF9007A3E06F700CE508600472
:10672000791B80067900800279E9121A7E8005EED5
:10673000A2E092AF7F01020F1A74F7120BCDA2AF45
:10674000E433FEC2AF90079EE0648670127487F057
:1067500012187AEEA2E092AF79E9121A7E8005EE65
:10676000A2E092AF80CE74F7120BCDE9FE9007A5A0
:10677000E4F090079EF0900760E06005900789E4E0
:10678000F0121A2412194C121958EEF912288E80A0
:10679000A374F4120BCD901799E0F8A3E0F9E8493F
:1067A000700312170012181A8A088B098C0A8D0BB5
:1067B00012E7DBA3A3A378081214581218B08A08B2
:1067C000901799E0FAA3E0CA2409F582E43AF58328
:1067D000E508F0A3EBF07F04020F1A901799E0F898
:1067E000A3E0F5838882A3A32274F4120BCD890859
:1067F000EAFEEBFF90155EE07021750A50750B1EE6
:10680000780A1211C87C147D007A007B00121CB833
:1068100074021211A590155E7401F07A057B0012C6
:106820001B808A0A8B0BA80AA90BE849700479100F
:10683000804E88828983E4F0A3F088828983A3A3B1
:10684000E508F088828983A3A3A3EEF0A3EFF0907C
:10685000155CE0FAA3E0FBEA4B90155C601BE0FCE2
:10686000A3E08003EAFCEBFD8C828D83E0FAA3E0D9
:10687000FBEA4B70EF8C828D83E8F0A3E9F079009E
:1068800002EB1678081211CC75080078081211CCAA
:106890007C037D00EEF9121CD0740B1211A574025A
:1068A0001211A57F02020F1A74F6120BCD74FE129C
:1068B0001258E9FEEC852182852283F074011214BE
:1068C000E912E8FB1211C875080275090078081270
:1068D00011C874111214E912E9081211CCE4F50878
:1068E00078081211C874131214E912E9081211CCB5
:1068F00075080178081211CC02E883EDF0A821A9EF
:106900002288088909780822E0F50878082274F6B8
:10691000120BCD8A828B83A3A3E0FE54076401701F
:10692000658A828B83E0F8A3E0F988088909E82466
:1069300014F582E43509F583E0FC90155C12EB2830
:1069400049604388828983A3A3E06C88828983702D
:10695000ECA3A3A3E0FCA3E0FDEC4D602985088235
:10696000850983A3A3A3A3E0F508A3E0F5097808AC
:10697000120ED4000003B7E98AE9B7E9B7E980E964
:10698000121E56E9803379018030EE540870248A53
:10699000828B83A3A3A3A3A3A3A3E0701A8C828DED
:1069A00083E0F8A3E0F988828983E5824583600368
:1069B000122C7A740080027401F902E8A374F412B4
:1069C0000BCD74FA1212588A088B098A828B83A322
:1069D000A3A3A3A3A3A3E0F88A828B83A3A3E05479
:1069E00008600302EAC2E870378A828B83A3A3A3FC
:1069F000A3A3A3A3A3E0FAA3E0FB850882850983F0
:106A0000E0F8A3E0C82414F582E438F583E0F98ABD
:106A1000828B83E0FCA3E0FBECFA122BFA02EB0F73
:106A2000740168600302EAC5852182852283E4F04F
:106A3000A3F08A828B8312EB28FEE9FFE4F50AF5C6
:106A40000B780A1211C87402121228880A890B786E
:106A50000A1211C87C007D008E828F83A3A3A3A39A
:106A6000E0FAA3E012EB1B121D5474041211A58569
:106A7000218285228312EB2849700302EB0F8508DF
:106A800082850983E0FEA3E0FF850882850983A350
:106A9000A3A3A3A3A312E9081211CC7508017808D7
:106AA0001211CC74021214E9E0FCA3E0FDEE2406FE
:106AB000FAE43F12EB1B121E4A74021211A579FF71
:106AC000804FE86004790180488A828B83E0240645
:106AD000F8A3E03400F974021214E9E8F0A3E9F035
:106AE0008A828B83A3A3A3A3A3A3A3A312EB28FA55
:106AF000E9FB8A828B83E0FCA3E0F9ECF8740412D2
:106B000014E9E8F0A3E9F07402121230122AAA790B
:106B10000074061211A57F04020F1AFBEE2414F56F
:106B200082E43FF583E0F922E0F8A3E0F9E822747B
:106B3000F7120BCD122A1A122948790112215CE9A9
:106B4000FE79FF121B3EEEF9806574F7120BCD74CF
:106B5000FF121258122A14E9FE852182852283E44D
:106B6000F0AA21AB2279561219167ACD7B0C79E264
:106B700012191612EC8A601290168EE0FAA3E0FB4E
:106B8000121B8690168EE4F0A3F0EEF9801C74F7C9
:106B9000120BCDE9FE74E26E700B7CCD7D0C121CE5
:106BA0007079008003121910800574011211A57FFD
:106BB00001020F1A74F7120BCD8908EAFEEBFF747D
:106BC000E26508700BEEFCEFFD7ACD7B0C121C70B9
:106BD000EEFAEFFBA90812191680D4C082C0838A8E
:106BE000828B83A3A3A3A3A3A3A3A3E4F012294EA0
:106BF00002EDBF74F4120BCDEAFEEBFF8E828F83A1
:106C00001214AE90168A1214BA12EC8A600479FC3F
:106C100080418E828F83A3A3A3A3E0FA74036A60EA
:106C20001D12EE1870307A1B7B00121B8012EC775D
:106C300060417C1B7D007900121AD812EE3C8E82D6
:106C40008F83A3A3A3A3A3A3E4F0EEFAEFFB122A7E
:106C500056790002EE138E828F83A3A3A3A3A3A36E
:106C6000A3E060DA75F021A4FAABF0121B8012EEFB
:106C70002570CB791A80DC8A0A8B0BA80AA90B90A5
:106C8000168EE8F0A3E9F0E8492290168EE0F8A30A
:106C9000E0F9E84922C082C083EA2413F582E43B8C
:106CA000F583E4F012295402EDBF74ED120BCD8A86
:106CB000088B098C0A8D0BEA241EF8E43509F98843
:106CC0000C890DEA241CF582E43509F583E0FBEA22
:106CD000241BF582E43509F583E0FA88828983E094
:106CE000F91228B88A0E8B0FAE0EAF0FEE4F70035D
:106CF00002EDB8850810850911751200781012117F
:106D0000C47C137D00EE2426FAE43FFB121ACC74F7
:106D1000031211A5EE2402F8E43FF9880E890FE56D
:106D200008241FF582E43509F583E0F510A3E0F5AA
:106D30001178101211C4850C82850D83E0FC7D0052
:106D4000850E828983E0FAA3E0FB121ACC74031249
:106D500011A5E508241350020509F51085091178DD
:106D6000101211C47C0B7D00EE241BFAE43FFB12D1
:106D70001ACC74031211A5E50A450B60308E828F80
:106D800083A3A3A3A3E0F96024850E82850F83E08B
:106D9000FAA3E0FBEA4B6015850A82850B83122C6F
:106DA0007AE96009EEFAEFFB121AF0800BEEFAEFC7
:106DB000FB1228B279008002791A7F0B020F1A7930
:106DC00000D083D082021172790002EBAFC082C082
:106DD000831217C680E9C082C0831217CC80E2C03C
:106DE00082C0831217D280D974F7120BCD1217D834
:106DF00080D6C082C08374FF121258E98521828533
:106E00002283F0AA21AB2279E01219167401121123
:106E1000A580AE7F04020F1AEE2416F8E43FF9882D
:106E2000088909EA228A0A8B0BA80AA90B8508821D
:106E3000850983E8F0A3E9F012EC7F2290168EE03A
:106E4000240BF8A3E03400F9850882850983E8F073
:106E5000A3E9F022C082C083900784740BF09007EE
:106E60008374FFF0900782F09007858018C082C07D
:106E700083121964121970800DC082C0831218A485
:106E80008004F0EBA3F0D083D082021172C082C0E4
:106E900083906180E0F8E96004D2F08002C2F0A241
:106EA000F0E43333FA74FD584A80DAC082C083EAD2
:106EB00090617280CDC082C083EA90617480C3C04B
:106EC00082C083EAFCEBFD79087A6A7B611218ECD8
:106ED00080B474F7120BCDE9FE907803E0F8749556
:106EE00068600574346870059032B680039032B2E1
:106EF000E493F8740193F988828983E493FAC39E3A
:106F0000A2D265D033400EA3E493FAEEC39AA2D284
:106F100065D0335002EAFEA2AFE433FAC2AF8882F2
:106F20008983E4939E2402FCE82CF582E439F583FE
:106F3000E49390078512EFC7600574346870119070
:106F40000785E064FD900786700474018001E4F019
:106F5000EAA2E092AF12194CEE02EFFFC082C083AA
:106F6000A2AFE433F9C2AF900785E0F8900782E062
:106F700068604C90078BE0704690079EE0A2E74067
:106F80003E900785E090078212EFC7600574346871
:106F90007025900782E0906190F0900786E0906104
:106FA000AC600A74F5F0906191747480117455F0BE
:106FB00090619174698007900782E0906190F0E998
:106FC000A2E092AF02EE86F0907803E0F874956844
:106FD0002274F7120BCDE9FF74F529C39413400313
:106FE000121700A2AFE433FEC2AFEF900784F09017
:106FF000079EE07003121958EEA2E092AF8001F9EB
:107000007F01020F1AC082C08390079EE0600312C6
:107010001700A2AFE433F8C2AF900784E0F99007FD
:1070200083E0696026900784E0900783F0E8A2E09F
:1070300092AF121A3075F005900783E0A424D49023
:10704000618FF01219A6121A1E8005E8A2E092AF15
:1070500002EE8674F7120BCDE9FE901896E06003FD
:1070600012170090078AE06003121700EE70079075
:10707000078A7401802674036E700790078A740370
:10708000801A74016E600874026E6003121700901B
:10709000078A7402F090617274FFF0A3F002F000AE
:1070A000C082C08390078AE4F0900741E09061724B
:1070B000F0900742E090617302EE85C082C08312B7
:1070C00018DA02EE86C082C0831218E0E9FA90074F
:1070D00088E0540FF874B028F582E43432F583E484
:1070E000932924B7F912197602EE8674F7120BCDA4
:1070F000E9FE9032CCE49324A9F89032CBE49324B7
:107100000AFCEEC398A2D265D0335003E8800BECA2
:10711000C39EA2D265D0335002ECFEE8FA3395E06C
:10712000FBEEF83395E0F9E8C39AF8E99BF9E875C6
:10713000F0FFA4F8ADF075F0FFE9A42DF9EC33955C
:10714000E0FDECC39AFAED9BFB1208D1E802EFFFD9
:1071500074F7120BCD12197602F00074F4120BCDF5
:1071600074EE1212587E0012214AE9F8A2E0500291
:107170007E0175088675091878081211C87C017D92
:10718000007A557B00121BF874021211A5E9700AEF
:10719000EEA2E050057900122B2E7A247B00121B00
:1071A000FE8A088B097A357B00121BFE8B0BEA45A1
:1071B0000B7072740265084509706AA821A92288BB
:1071C00008890978081211C875080275090078083D
:1071D0001211C87C007D007A247B00121C0A740402
:1071E0001211A5852182852283E0F8A3E0F9E8FA4F
:1071F000E9FB901953EAF0A3EBF0A3E4F0A3F075D8
:10720000085375091978081211C87C047D007A3575
:107210007B00121BF874021211A57C027D007A24F7
:107220007B00121C107A717B1679E2122162EEF952
:107230001221447C107D0079007402121230121A5F
:10724000D874021212288808890978081211C87C9B
:10725000107D007A627B00121BF874021211A5E9FE
:107260007025EEA2E0502078081211C8750810753C
:10727000090078081211C87C007D007A627B001238
:107280001C0474041211A57C107D00790074021294
:107290001230121AD8EEF9122120EEA2E050077A2D
:1072A000017900122150790074121211A57F040295
:1072B0000F1A74F2120BCD890D750C00901688749C
:1072C00001F0801A1211C878081211C87C007D00E4
:1072D000EEFAEFFB121C0A74041211A5050CE50C62
:1072E00075F006A4F8A9F0747C28F8742C39F98894
:1072F000828983E493FA740193FBEA4B606EA3A343
:10730000A3A3E493F50A740193F50B88828983A300
:10731000A3E493C0E0740193F583D082858208854D
:10732000830988828983E493C0E0740193F583D054
:1073300082AE82AF83780A1211C8AC08AD09EEFAAA
:10734000EFFB121BF874021211A5E9708FE50D789E
:107350000A700302F2C41211C878081211C87C0026
:107360007D00EEFAEFFB121C0402F2D77F06020F3B
:107370001A74F6120BCD74FF12125812F3C61211C2
:10738000C87C017D007A037B00121BF87402121185
:10739000A5E9702078081211C875080175090078F0
:1073A000081211C87C007D007A037B00121C0A744D
:1073B000041211A5852182852283E0F9740112113E
:1073C000A57F02020F1A852182852283E4F0A8217D
:1073D000A9228808890978082274F6120BCD74FF57
:1073E000121258E9FEEAFF12F3C61211C87508011D
:1073F00075090078081211C87C007D007A037B00B3
:10740000121C0A74041211A5E9F9703E74FF6E7023
:107410000A852182852283E04F800C74FF6FF885F6
:107420002182852283E05812F3CD1211C87508011C
:1074300075090078081211C87C007D007A037B0072
:10744000121C0474041211A5E9F902F3BC74F012C1
:107450000BCD74F8121258852182852283EAF0A39D
:10746000EBF0A3ECF0A3ED12F71912147690832F32
:10747000780C1214767808790C120FFD700B7A00D4
:107480007B007C807D3F02F70F85218285228378F7
:1074900008121476EDC2E7F50B901990780C1214CF
:1074A000767808790C120DED50449016937422F002
:1074B000A3E412F71912147690832F780C12147625
:1074C0007808790C120E3C500E750800750900758D
:1074D0000A00750B00800C7508FF7509FF750A7F9F
:1074E000750B7FAA08AB09AC0AAD0B02F70F85211B
:1074F000828522837808121476901994780C1214DD
:10750000767808790C12062B8521828522837808EB
:107510001214588521828522837808121476E50B8F
:10752000C2E7F50B780812093DE508FA8521828546
:107530002283780C12147690832F780812147678B0
:107540000C7908120E3C50398521828522837808F7
:10755000121476EAF50C3395E0F50DF50EF50F787B
:107560000C120AE67808790C12020690832F780C28
:107570001214767808790C120FFD60010AEAF404FF
:10758000FA852182852283780C121476EAF5083375
:1075900095E0F509F50AF50B7808120AE6780C79FA
:1075A0000812020674041214E9780C1214587404B8
:1075B0001214E9780C12147690199878081214763F
:1075C000780C7908120E3C502774041214E9780CD8
:1075D0001214769019987808121476780C7908129B
:1075E000022B74041214E9780C121458D200800291
:1075F000C20074041214E9780812147690199C7869
:107600000C1214767808790C12062B9019A0780CBD
:107610001214767808790C12022B74041214E9788B
:107620000C1214767808790C12062B9019A4780C99
:107630001214767808790C12022B74041214E9786B
:107640000C1214767808790C12062B9019A8780C75
:107650001214767808790C12022B74041214E9784B
:107660000C1214767808790C12062B9019AC780C51
:107670001214767808790C12022B74041214E9782B
:107680000C1214767808790C12062B9019B0780C2D
:107690001214767808790C12022B74041214E9780B
:1076A0000C1214767808790C12062B9019B4780C09
:1076B0001214767808790C12022B85218285228398
:1076C0007808121458A200502585218285228378DB
:1076D0000C1214769019B87808121476780C790880
:1076E00012062B852182852283780C121458EAF920
:1076F0008521828522837808121476AA08AB09AC0A
:107700000AAD0BE9A2E713F9E4132CFCE93DFD7483
:10771000081211A57F08020F1AF0852182852283A5
:10772000780822C082C0839005FCE070037401F0E9
:10773000D083D0820211727F07020F1A7F06020FD8
:107740001A74F7120BCDE9FF7E0874805FF91217E7
:1077500042EFC333FFDEF3790012174812F820120C
:1077600017487901121494A297B380057901121475
:10777000947F01020F1A74F7120BCDE9FE79001203
:1077800017487901121494EE600553FE7F8005437B
:10779000FE80C297790112174880D174F7120BCD81
:1077A000E9601453FEBF7E0AA2964010EE600D7988
:1077B000011214941E80F143FE40C29680AE74F70D
:1077C000120BCD79011217487E03A2964009790168
:1077D0001214941EEE70F3790012174812F820125A
:1077E0001748790112149443FE80C297790112144C
:1077F00094790012174802F771C082C08379001291
:10780000174843FE80C29779011214947901121728
:107810004812F82012149453FE7F53FEBF02F73033
:1078200053FE7F79012274F6120BCD7E007F07791B
:10783000001217487901121494790112174879013E
:10784000121494A2975011750801750900EF780879
:10785000121363E508CE4EFE74FF2F1FC39400A2DF
:10786000D265D03350C9EEF97F02020F1A74F112BB
:107870000BCD890E8A0BECFEEDFF750C00750D002B
:10788000740F1214E912F979603712174EE50EC31E
:1078900033F50AF912173C5004D2F08002C2F0A26C
:1078A000F0501EA90B12173C501712174E740145C9
:1078B0000AF912173C5004D2F08002C2F0A2F04044
:1078C0000479018044790012174853FE7F12175A39
:1078D000EE250CF582EF350DF583E9F0C3E508944C
:1078E00002E509940040057900121742050CE50CE9
:1078F0007002050D12F98570CC790012174812F844
:1079000020121742121754790002F73774F2120B43
:10791000CD890D8A0CECFEEDFF750A00750B007425
:107920000E1214E912F979603712174EE50DC333C0
:10793000F912173C5004D2F08002C2F0A2F050209D
:10794000A90C12173C5019790012174853FE7FEE0C
:10795000250AF582EF350BF583E0F912173C400458
:1079600079018012050AE50A7002050B12F985708B
:10797000D6121754790002F73CE0F508A3E0F509A8
:10798000E508450922E50824FFF508E50934FFF577
:1079900009E50845092274F7120BCD7800790080BB
:1079A0002774002EF582E43406F583E08A828B8307
:1079B000F0900680E00412FA6BC3948040059006B4
:1079C00080E4F008E8700109900680E0FEA3E06E14
:1079D0006007C3E89CE99D40C8E8FAE9FB02FBCBDD
:1079E00074F7120BCD900705E0FEF8900704E0FF56
:1079F000EEC39FE05010C398F895E0F9E824FF1813
:107A0000E934FFF9800DC398F895E0F9E8247FF890
:107A1000500109C3E89CE99D50067A007B0080482C
:107A200078007900800BE004F0439A0408E87001C4
:107A300009C3E89CE99D502C8A828B83E0C0E090CA
:107A40000705E0FE74842EF582E43406F583D0E069
:107A500012FA6B900706E4F0900705E0C3947F40AC
:107A6000C5E480C4E8FAE9FB02FBCBF08A828B8391
:107A7000A3AA82AB832274F6120BCD900707E0F81D
:107A8000A3E0F9E8FEE9FFEE4F606C12179C8A084C
:107A90008B09A808A9097A00900682E0FC6016A369
:107AA000E0FBE595C39BFBC39C9006825005E0C3B9
:107AB0009B8001E4F0E595A3F0C3E8947FE994008E
:107AC00040047A018019C3E89430E9940040047AB4
:107AD00002800CE8496008900682E070027A049007
:107AE0000706E06006E4F0EAD2E4FAEA6009790009
:107AF0008E828F83122C7A7F02020F1AC082C0837B
:107B0000900681E0FD900680E0FCFAEDF8C39C4011
:107B100008E8C39AFA95E0800D7480C39AFA95E05C
:107B2000FBEA2DFAE43BFBD083D08202117253FFB3
:107B30003F85FFFF53F1FE43F30C53F2F37586804C
:107B400075C480021172C082C083E97068EA241B88
:107B5000F582E43BF583E0F8A3E0F9900707E8F04D
:107B6000A3E9F08A828B83A3E0F8740368600A7447
:107B70000468600575C23B800375C2D8E0601314C9
:107B8000600B14600314700F75C50A800D75C5096C
:107B9000800875C508800375C50B8A828B83A3A3F3
:107BA000E0600875C44243F330800375C402438625
:107BB00040D2AAD2E9790002FB2774F7120BCDE973
:107BC000700512178A80047A007B007F01020F1A69
:107BD00074F7120BCDE9700512179080047A007BC0
:107BE0000080E8C082C08312179602FB2774F71248
:107BF0000BCDE9700512179C80047A007B0080CBC6
:107C0000C082C0839030F87C247D07745E1210CC53
:107C1000121928E990073DF0121928E9900731F070
:107C2000D083D082021172E9F874C029F9C3941E7E
:107C30004010742028C3940F5006743E28F9800227
:107C4000792D02117274F3120BCDEAFEEBFF1219BB
:107C50000AE9F8742D68700479F4805385A80BC282
:107C6000AFE8F5087509007402780812136374B65A
:107C70002508FA742E3509FB8A828B83E493F87405
:107C80002428F508E43407F509750A00780812116C
:107C9000C48A828B83A3E493FC7D00EEFAEFFB128F
:107CA0001ACC74031211A5E50BA2E792AF79007FFD
:107CB00005020F1A74F1120BCD8908EAFEEBFF746E
:107CC000F1650870248E828F83E06401790270145C
:107CD000121A12A90812190AE9F8742D68702F797E
:107CE000F402FE50121A0680EA74F06508700F8ED6
:107CF000828F83E0901821F0F912192E80D57445F7
:107D0000650870CF900729EEF0A3EF02FE4DE8F56D
:107D10000A750B007402780A12136374B6250AFA06
:107D2000742E350BFBEA2402F8E43BF98882898340
:107D3000E493F509EA2403FCE43BFDE50970088CB3
:107D4000828D83E49360538C828D83E49365097004
:107D50000579FB02FE5074586508701A8E828F8375
:107D6000E02471F50AA3E034FFF50BC3E50A942281
:107D7000E50B9464501F8E828F83E0F50988828919
:107D800083E493F8E509C398400B8C828D83E493D8
:107D9000C39509500579E802FE5085A809C2AF8E47
:107DA0000C8F0D750E00780C1211C48A828B83A380
:107DB000E493FC7D008A828B83E493F8742428FA90
:107DC000E43407FB121ACC74031211A5E509A2E7EB
:107DD00092AFE50824B0601A24FE603014602024BD
:107DE00073604E14603814603F24FD604E1460557B
:107DF000805C900741E0FAA3E0FB121934804F90B9
:107E00000745E0FAA3E0FB12193A8042900744E0EC
:107E100079026005121A068035121A128030900716
:107E200054E0F912195280267A557B0712194080C6
:107E30001D900753E0F912194680138E828F83E05C
:107E400090076080088E828F83E0900761F0790050
:107E50007F07020F1AC082C08390832F1214D212A0
:107E600018C29082EB1214D212180E75A1F743A714
:107E70000875A1EF43A7108012C082C08353A7EFFB
:107E800053A7F712180280031214D2D083D08202B3
:107E9000117274F0120BCD8A088B098C0A8D0B12AB
:107EA00018B68A0C8B0D8C0E8D0F7808790C121475
:107EB000294003121700AEA8C2AF90070B78081232
:107EC0001458AA08AB09AC0AAD0B1218CE02FF89F0
:107ED00074F4120BCDAEA8C2AF1218B68A088B0983
:107EE0008C0A8D0BEEA2E792AF90070B7808121167
:107EF0004D50087A007B007C007D007F04020F1A41
:107F000074F4120BCDAEA8C2AF1218BC8A088B094C
:107F10008C0A8D0BEEA2E792AF90070B7808121136
:107F20004D50087A007B007C007D0080CE74F012FA
:107F30000BCD8A088B098C0A8D0B90070B780812E1
:107F4000114D5003121700A2AFE433FEC2AF9007E9
:107F50000F7808121458AA08AB09AC0AAD0B121816
:107F6000C81218B68A0C8B0D8C0E8D0F7808790C00
:107F7000121299700D75A1EFEEA2E092AF122A686D
:107F80008005EEA2E092AF8005EEA2E792AF7F08F7
:107F9000020F1A021172C082C083122A6802FE8B7D
:107FA000C082C0831218E6122A7402FE8BC082C0FF
:107FB0008390070B02FE88C082C08312189E12199C
:107FC0001C121A00121994121A3C1218028025C0B1
:107FD00082C083A2AF5003121700901896E070067B
:107FE0001219A0121922121808121A36900760747A
:0E7FF00001F08000D083D08202117202117263
:1080000074F7120BCDE99005D0F07AA67B16122BEF
:108010000A7AB27B16122AB0791312219E90162B7F
:10802000E4F0790A122BEE7F01020F1AC082C0839E
:1080300090188D7418F090188E7410F0A37427F0B7
:10804000A3E4F0A3F0801EC082C08312169A90832E
:108050001F120F9F7A017B009005D0E0F9121C3AA5
:1080600074041211A5D083D08202117274F0120B25
:10807000CD8A828B83A3E0600A14601224FC601A0C
:108080000281078A828B83E0640D707B80078A827D
:108090008B83E070721216A0806D8A828B83E064FD
:1080A0000D700512169A805F90188DE090188E6002
:1080B0002E78081214767808120B019082BB780C87
:1080C0001214767808790C12062B7808120932906F
:1080D000188E780812145890188DE014F0801174DE
:1080E000A0F0A374BBF0A3740DF0A3E4F012169AF1
:1080F00090188E120F9F7A027B009005D0E0F91243
:108100001C3A74041211A57F08020F1A74F4120BA2
:10811000CDEAFEEBFF5480704AEE5402605D122BF4
:10812000BE9082BF120F9F7A017B009005D0E0F9CC
:10813000121C3A74041211A5EE640280738A828BB9
:1081400083E064347016EA2417F582E43509F58378
:10815000E0FAA3E0FBEA4B6003121B86AA08AB0916
:10816000121AF09005D0E0F9121B028A088B09EA76
:10817000450970C9EEFAEF64808037EEA2E0500442
:108180006401803B5404602DD2819082C3120F9F02
:108190007A087B009005D0E0F9121C3A74041211A1
:1081A000A5790A122BEE901530E4F0A3F0EE6404EA
:1081B000FAEFFB8011EE54086008C281EE6408FA01
:1081C00080047A007B007F04020F1AC082C083748F
:1081D000FC12125874021214E9E4F0A3F085218213
:1081E000852283F0A3F0AC21AD227402121230126A
:1081F000159202806074F7120BCDE9FEA2E5500BD8
:1082000090158BE0640A7003122BBEEEA2E6500EAE
:108210007A047B009005D0E0F9121C468021A2E28E
:10822000501D901886E070179083A3120F9F7A0458
:108230007B009005D0E0F9121C3A74041211A502DB
:108240008027C082C0839014E7E4F0A3F09014E983
:1082500074E9F0A3740CF0900CE97470F0A374024C
:10826000F0900F59F0A37480F0A3748CF0A3740500
:10827000F0D083D08202117274F6120BCD7A017B9A
:1082800000121B808A088B09AE08AF09EE4F7003FD
:1082900012170085A808C2AFEE24FEF8EF34FFF9EC
:1082A0009014E9E8F0A3E9F0EEFAEFFB121B8690D8
:1082B00014EB7401F0E508A2E792AF7F02020F1AF7
:1082C00074F2120BCD7C007D007E00EA2402FAE4F9
:1082D0003BFBA2AFE433FFC2AF9014EBE06008EACF
:1082E0009411EB9400500A9014E9E0F8A3E0F980AF
:1082F00004785B790F88828983E0F508A3E0F509AB
:10830000548060057E0002839DEEA2E0507C8C824A
:108310008D83E0F50AA3E0F50B5480F50DE50A2501
:1083200008F508E50B3509547FF509E50D4509F514
:10833000098C828D83E508F0A3E509F0547FF509E7
:10834000C3E5089AE5099B4054ECF8EDF9E849705B
:108350000302840B88828983E0FCA3E0547FFDEC58
:10836000C39AFCED9BFDC3EC9404ED9400405DE8E2
:108370002AF582E93BF583ECF0A3EDF0EB4480FBBA
:1083800088828983EAF0A3EB804AE509547FFDC324
:10839000E5089AED9B50B67E01E8FCE9FD888289EC
:1083A00083E0F508A3E0547FF509E82508F8E935EE
:1083B00009F988828983E0F508A3E0F509E5084515
:1083C0000960030282F578007900803F8882898302
:1083D000A3E04480F09014EBE060299014E9E0FA07
:1083E000A3E0FBE86A7002E96B701988828983E078
:1083F000FAA3E0547FFBE82AFAE93BFB9014E9EA90
:10840000F0A3EBF0E82402F8500109EFA2E092AFEC
:10841000E8FAE9FB7F06020F1A74F7120BCDEA2483
:10842000FEFEEB34FFFFEAF8EBF9C3E894E9E994C8
:108430000C4009C3E894E9E9941440031217008E34
:10844000828F83A3E054807003121700A2AFE4333D
:10845000FAC2AF8E828F83A3E0547FF09014E9E0DC
:10846000F8A3E0F9EE98EF99500CEEF8EFF99014BC
:10847000E9E8F0A3E9F0EAA2E092AF7F01020F1A67
:1084800074F6120BCD74FE121258EAFEEBFF541074
:108490006027D2817A007B409005D1E0F9121C461A
:1084A0007A007B809005D1E0F9121C46121E3E1224
:1084B0002BD0EEFAEF64108075EF542060281286FE
:1084C0000F1211C875080275090078081211C87CCE
:1084D000007D007A027B00121C0474041211A5EEC8
:1084E000FAEF64208048EF54406020D28190838B63
:1084F000120F9F7A007B809005D1E0F9121C3A742C
:10850000041211A5EEFAEF64408023EF548060213D
:10851000C2819083A3120F9F7A007B409005D1E027
:10852000F9121C3A74041211A5EEFAEF6480FB8074
:10853000047A007B0074021211A57F02020F1A74E4
:10854000F6120BCD74FE121258E99005D1F090830B
:108550001F120F9F7A007B20121C3A74041211A57F
:1085600012860F1211C87C027D007A027B00121B5A
:10857000F874021211A5E9702078081211C8750864
:108580000275090078081211C87C007D007A027B10
:1085900000121C0A74041211A5852182852283E031
:1085A0002401F0A3E03400F0852182852283C3E01A
:1085B0009405A3E09400402C852182852283E4F079
:1085C000A3F0FA7B209005D1E0F9121C4690837746
:1085D000120F9F7A007B109005D1E0F9121C3A74BB
:1085E000041211A5A821A922880889097808121166
:1085F000C875080275090078081211C87C007D0052
:108600007A027B00121C0474041211A502853585C0
:108610002182852283E4F0A3F0A821A92288088979
:108620000978082274F4120BCDE9A2E650287A00EA
:108630007B109005D1E0F9121C467A007B40900532
:10864000D1E0F9121C467A007B809005D1E0F91246
:108650001C46C281804BA2E25047901886E0600819
:1086600075082875092380067508D0750907750AED
:1086700000750B0078081211C07A007B109005D1AC
:10868000E0F9121C3A74041211A59082D7120F9FC0
:108690007A007B409005D1E0F9121C3A7404121163
:1086A000A57F04020F1A74F0120BCD74F612125843
:1086B000852182852283EAF0A3EBF0A3ECF0A3ED01
:1086C000F085218285228378081214769082F778CB
:1086D0000C1214767808790C120E3C5033852182E6
:1086E000852283780812147690832F780C121476E2
:1086F0007808790C120FFD901693700A7422128874
:10870000AA7DFF0288A074211288AA7D7F0288A01A
:1087100074041212288808890978081211C8740292
:108720001214E91214D21221D474021211A5852157
:10873000828522831214C6852182852283780812BD
:1087400014769019B8780C1214767808790C120EF9
:108750003C50328521828522837808121476740178
:10876000C31313250AF50AE4350BF50B8521828521
:108770002283780812145874041214E9E024FFF0DC
:10878000A3E034FFF08521828522837808121476D5
:108790009019C0780C1214767808790C12022BC04C
:1087A00008C009C00AC00B852182852283780C127B
:1087B00014769019B47808121476780C790812029D
:1087C0002BD00BD00AD009D0087808790C120445B8
:1087D000852182852283780812145885218285227A
:1087E000837808121476852182852283780C1214EE
:1087F000767808790C12062B74061214E9780812A0
:10880000145874041214E9E0F5083395E0F509F5FD
:108810000AF50B7808120AE69019DC780C12147627
:108820007808790C12062BC008C009C00AC00B7466
:10883000061214E978081214769019C4780C1214F0
:10884000767808790C12062B9019C8780C121476D9
:108850007808790C12022B74061214E9780C1214A1
:10886000767808790C12062B9019CC780C121476B5
:108870007808790C12022B852182852283780C12CC
:1088800014767808790C12062BD00FD00ED00DD0AC
:108890000C780C790812022BAA0CAB0DAC0EAD0FA4
:1088A000740A1211A57F08020F1AF0A3E4F07AFFF0
:1088B0007BFF7C7F2279FF121B3E53BEFBE59DA20E
:1088C000E650FA0078F8790100E824FF18E934FF4F
:1088D000F9E84970F375C600E59E70FC43BE04904C
:1088E00062707408F043FE0343FD8012198EC2814A
:1088F00043FD02C28443FD10C28543FD20C286436E
:10890000FD407E10794A1216F4E960F81EEE70F40C
:108910007900121AA21217127A007B00121BF212AF
:1089200021561221BC12213E121B4479FF121B3822
:108930007902121AA2121B4A7A007B000211727489
:10894000EE120BCD74F8121258908268AC21AD2251
:1089500074081210EE7508CD75090CF50AA821A946
:1089600022880C890DF50EF510F51178101211C83A
:108970007C087D007A017B00121BF874021211A59D
:10898000E970467510CD75110C78101211C875106C
:108990000875110078101211C87C007D007A017BE7
:1089A00000121C0A74041211A5E9701D780C121132
:1089B000C47C087D00A908AA09AB0A121AD2740364
:1089C0001211A5E97003028A94751008781012112B
:1089D000C87CCD7D0C7AE87B07797F12172474025E
:1089E0001211A5780C1211C47C087D00A908AA09EF
:1089F000AB0A121AD274031211A5E96071780C1235
:108A000011C47C087D00790C7A787B00121AD2742C
:108A1000031211A5E9701D75080C75097878081204
:108A200011C47C087D007ACD7B0C121ACC74031221
:108A300011A5803A7E00121AE48A08EEFA74CD2A53
:108A4000F582E4340CF583E508F00EEEF8128AA7FF
:108A5000EBF00EEEC3940640DD08128AA77430F0E6
:108A60000874CD28F582E4340CF58374F8F07508A9
:108A7000CD75090C78081211C875080875090078B9
:108A8000081211C87C007D007A017B00121C04745E
:108A9000041211A57ACD7B0C79E2122168740812B8
:108AA00011A57F0A020F1A74CD2EF582E4340CF55D
:108AB0008322C082C0837A207B00122216D083D00A
:108AC0008202117274F6120BCD121AE4EA9016EEBD
:108AD000F09016FF7402F09016F27414F0901716CE
:108AE000740FF0A3F090196FE09016F5F090196EE6
:108AF000E09016EFF090196DE09016F0F09016F6F9
:108B0000E4F0A3F09016F904F0901756F09016FADE
:108B10007405F0A37401F0901593E09016FCF090AA
:108B20001968E09016FDF0A3E4F090196BE090173F
:108B300000F090196CE0901701128BCFA3E4128B18
:108B4000CF7C087D0079007A077B17121AD890171E
:108B50000F74FEF0A304F07C717D167A237B17124C
:108B60001C7090172BE4F0901750740FF0A374034F
:108B7000F090167AE0901754F0901679E090175321
:108B8000F0901971E0901755F0901752E4F07508C5
:108B90005775091778081211C87508027509007809
:108BA000081211C87C007D007A897B00121C0A74AF
:108BB000041211A5E96007901757E4F0A3F07900BB
:108BC000122720901759E4F0A3F07F02020F1AF049
:108BD000A374FEF0A304F02202117274F6120BCDFE
:108BE000E9FEEAF8EBF9EE241F600424F07013ECC0
:108BF0005430600E121AE4EA540779002402F85047
:108C00000109E8FAE9FB80C2C082C08390079DE4B5
:108C1000F090079CF08004A2E092AFD083D0820253
:108C2000117274F7120BCDE9FF7003121700AEA892
:108C3000C2AF90079DE04FF0121A2AEEA2E7800320
:108C4000EEA2E092AF7F01020F1A74F7120BCDE98A
:108C5000FE7003121700A8A8C2AF90079DE04EF067
:108C6000E880D974F7120BCDE9FE7003121700A843
:108C7000A8C2AF74FF6EF990079DE059F0E8A2E733
:108C800092AF121A2480BEC082C083A8A8C2AF903F
:108C9000079DE4F090079C128D2DE8A2E792AF1299
:108CA00019A6028C1B74F7120BCDA2AFE433FEC2DF
:108CB000AF90079DE06003121A2A808474F7120BAC
:108CC000CDA2AFE433FEC2AF90079DE070199007CC
:108CD00089E0A2E7401190078BE0700B90079EE0BF
:108CE000A2E74003121A30028C40C082C083A2AFB8
:108CF000E433F8C2AF90079CE070067401F075E1B0
:108D0000E3E8028C17C082C083A2AFE433F9C2AF9C
:108D100090079CE06013E4128D2DA8A8C2AF759B4C
:108D20000075E9FBE8A2E792AFE9028C17F075E164
:108D3000EF75E1ED75E1ED2274F0120BCD74F812D0
:108D40001258852182852283EAF0A3EBF0A3ECF090
:108D5000A3EDF08521828522837808121476EDC276
:108D6000E7F50B9019BC780C1214767808790C1280
:108D70000DED85218285228350061214D2028E4C7D
:108D8000780812147690832F780C1214767808796C
:108D90000C120E3C852182852283780812147640BD
:108DA00003028E3AEDC2E7F50B8521828522837896
:108DB0000812145885218285228378081214767847
:108DC0000812093D7808120AE674041214E97808BA
:108DD000121458852182852283780812147674042F
:108DE0001214E9780C1214767808790C12020690A5
:108DF000832F780C1214767808790C120FFD6023FB
:108E000074041214E978081214769019B4780C12CC
:108E100014767808790C12022B74041214E978087D
:108E200012145874041214E97808121476AA08ABC4
:108E300009AC0AE50BB2E7FD8012780812093D780B
:108E400008120AE6AA08AB09AC0AAD0B74081211A5
:108E5000A57F08020F1A74E4120BCD8A188B198CA7
:108E60001A8D1B74201214E97810121476742412CF
:108E700014E9780C12147674281214E97814121478
:108E80007678147918120206850C08850D09850E6E
:108E90000A850F0B780879101202067814790812E7
:108EA000062B741C1214E9780812147678087918C5
:108EB0001202067814790812044578147910120207
:108EC0002B78147910120E3C500E8510188511194C
:108ED00085121A85131B800C8514188515198516A3
:108EE0001A85171B780C7918120E3C500E850C0849
:108EF000850D09850E0A850F0B800C8518088519CC
:108F000009851A0A851B0BAA08AB09AC0AAD0B7FB1
:108F100014020F1A74ED120BCD89118A10EB8C120A
:108F2000F91216EE750C00750D00750E00750F0028
:108F30007E008018AA10A9111216E88A088B09E48D
:108F4000F50AF50B780C79081213890EEEC3951209
:108F500040E2851208E4F509F50AF50B780C79086A
:108F6000120B5EAA0CAB0D7F0B020F1A74F7120BDB
:108F7000CDE97020900000E4F079FF121B3EE59DE2
:108F80005418F860187408686013741068600E1242
:108F9000170080097AB47B1A79011217787F0102D1
:108FA0000F1AC082C083E9F8901898E0F47006E8C0
:108FB000F079018002790002904974F6120BCDE934
:108FC000FEEAFF901898E0F4602B7A047B00121AF6
:108FD000EAEA4B601C8A828B8374C0F0EFA3A3F093
:108FE000EE8A828B83A3A3A3F0901898E0F9121A5B
:108FF000F67900800279017F02020F1A74F7120BD2
:10900000CDE9A2E5E433FA121AAE809174F7120B9F
:10901000CD1216FAE9F8C394535025E8C3944F4093
:10902000047E0180027E00900CD5E0F8A3E0F9E810
:1090300049600AEEF9E0F5838882122C7AEE60042A
:10904000790180027900028F9DD083D08202117253
:10905000C082C0831218AA0290498003000000EA6F
:10906000F8EBF9E824FF1AE934FFFBE84970ED0258
:10907000117274F4120BCD8908740F5508F50A7536
:109080000B00740B780A121363EA2400F8EB3480A7
:10909000F9E82400E9350BF985C70AA2AFE433F5F6
:1090A00009C2AFE508C4540FFAE5C754F84AF5C73A
:1090B000740C1214E9E0FAA3E0FB801C8882898317
:1090C000E08C828D83F088828983A3A882A9838C17
:1090D000828D83A3AC82AD83EAFEEBFFEE24FF1A00
:1090E000EF34FFFBEE4F70D4850AC7E509A2E0928A
:1090F000AF7F04020F1A74F6120BCDECFEED900553
:10910000D3F0EEA3F0A37462F0A37473F0A3E05461
:109110001FF0740A1214E9E0F508A3E0F509E50868
:10912000333354FC9005D8F074067808121449E5DE
:10913000089005D7F09005D97412F0A37442F07529
:10914000D1FE75D601EA906271F0EBA3F0906270E7
:10915000E0D2E1F0E0A2E740FB7F02020F1AC082FA
:10916000C083E9C333906272F0906270E0D2E0F0A5
:10917000D083D082021172C082C0831291B9702054
:10918000E8601D740268700E1291A97003A3E06973
:10919000700E7901800C7403687005121C6A8002DD
:1091A0007900D083D0820211728A828B83E0F8A387
:1091B000E0F98C828D83E068228A828B83A3A3A34B
:1091C000A3A3A3A3A3E0F88C828D83A3A3A3A3A34B
:1091D000A3A3A3E06822C082C0838C828D83A3A353
:1091E000A3A3A3A3A3A3E0F88A828B83A3A3A3A32F
:1091F000A3A3A3A3F07403687005121C7080128CE3
:10920000828D83E0F8A3E0F98A828B83E8F0A3E9FA
:10921000F00291A274F6120BCD750808EAFEEBFF7E
:109220008E828F83A3AA82AB83ECF8EDF9888289C2
:1092300083A3AC82AD838E828F83E0FE8882898394
:10924000E06E6004790080081508E50870CE7901A9
:109250007F02020F1A74F5120BCD8C088D09750A66
:109260000078081211C47C087D00121ACC74031215
:1092700011A57F03020F1A74F6120BCD7E00900524
:10928000FDE014600914601124FE601A8025638CCF
:10929000019005FEE055808009638C069005FEE094
:1092A0005590700F800B638C089005FEE055A07000
:1092B000027E01EEF50875090078081211C89005C4
:1092C000FEE0F50878081211C89005FDE0F5087871
:1092D000081211C87ABB7B801216C474061211A53D
:1092E000EEA2E050047820800278409005FDE0482E
:1092F000FA9005FEE0F9121AAE7F02020F1A53F53A
:10930000FE53FFFE021172C082C0839005FF7401FC
:10931000F043AC01439A0253F7FE53F77F7A327B56
:1093200000121AC6438C08D083D08202117274F7DF
:10933000120BCDE99005FDF014600914600A24FEBB
:10934000600E8016E5898002E58A9005FEE48009BA
:10935000E58BA2E0E4339005FEF09082DF120F9FD0
:109360007A107B009005FBE0F9121C3A740412118C
:10937000A57F01020F1AC082C0839005D27480F0CD
:10938000D083D08202117274F6120BCDE9FCEAFD93
:109390007901ECC39408500E78008005E9C333F9D5
:1093A00008E8C39C40F6E942F2ED14600814600935
:1093B00014600A800C7800800A781080067820807B
:1093C0000278309005D2E0FAEC484AF5B6E5B4A24E
:1093D000E750FA74FF6952F2E5BAFAA9BBE9FBC398
:1093E0009400A2D265D03350047A007B00ED146063
:1093F0000814600D14601280188A088B09740880A4
:10940000168A088B097406800E8A088B09740480FA
:10941000068A088B09740278081213F9AA08AB09A6
:109420007F02020F1AC082C083E99005D202937FA7
:10943000E9F875B60FE5B4A2E750FAE8C395BB505A
:109440000479018002790002117275B60FE5B4A2A9
:10945000E750FAE5BBF9021172C082C083EAC394F7
:109460000240027A00E9C454F04A900788F090075D
:10947000877404F0D083D082021172C082C08390BE
:1094800061A5E0D2E2F0900787E064037011D28713
:10949000D2939061EB7468F090624474FB8018E0A2
:1094A00064049061EB70081294F990624380061294
:1094B00094F990624774FCF0900713E0C394125043
:1094C0002D900741E0906172F0900742E090617347
:1094D000F0900745E0906174F0900746E090617568
:1094E000F079087C557D077A6A7B611218EC9061EF
:1094F00080E4F0E044090294737468F0906244746C
:10950000FBF09061EC746AF022C082C08374E312B5
:1095100012588521828522837401F01214E9E4F047
:1095200074021214E9E4F074031214E97430F0A325
:10953000E4F0740A1214E97414F0A3E4F074121243
:1095400014E97414F0A3E4F074051214E9740AF039
:1095500074161214E97401F0741B1214E9EAF0A3F2
:10956000EBF01217A2AA21AB2279001217A8741DE2
:10957000803374F7120BCDE97C087D0060067AAA6F
:109580007B1880047AA27B1879001217B47F01023D
:109590000F1AC082C0837C087D007A9A7B187900FC
:1095A0001217B480031211A5D083D082021172D099
:1095B00083D082021172C082C0838019198C828D7F
:1095C00083E08A828B83F0A3AA82AB838C828D8313
:1095D000A3AC82AD83E970E480D5C082C083801DD6
:1095E000198A828B83E08C828D83F08A828B83A39D
:1095F000AA82AB838C828D83A3AC82AD83E970E0B9
:1096000080AD74F7120BCDEAFEEBFF8908E9700319
:109610001217008E828F83E0F5D9A3AE82AF831537
:1096200008E50870EE7F01020F1A74F7120BCDEAFD
:10963000FEEBFF8908E97003121700E5D98E828FCF
:1096400083F0A3AE82AF831508E50870EE80D6C024
:1096500082C083E99005FBF0D083D082021172C0F2
:1096600082C0831216E212170612280A1217A212DB
:10967000177280E474F6120BCDEAFEEBFF548060A3
:10968000188003121AF09005FBE0F9121B02EA4B56
:1096900070F1EEFAEF64808035EE54206006EE64DF
:1096A00020FA8031EE5410602812176C9005FFE00C
:1096B000701790830B120F9F7A107B009005FBE0D0
:1096C000F9121C3A74041211A5EE6410FAEFFB8033
:1096D000047A007B007F02020F1AC082C083121737
:1096E000BA029658C082C083121F6A121F70802D62
:1096F000C082C0839015917402F0A37440F0A374EB
:1097000080F0A3E4F0A3F0A37450F0A374A0F0A33E
:10971000E4F090159B74A0F0A3E4F0A3F0D083D004
:1097200082021172C082C0839019531214AEE849AC
:109730004A4B90159E6008E054F0F044018006E02A
:1097400054F0F04402F0E0540FF0A3E4F090159EC2
:10975000E04420F0A3748280C374F0120BCD8A0819
:109760008B098C0A8D0B74101214E9E0F8A3E0F950
:10977000E8FAE9FB90832F780C1214767808790CBC
:10978000120FFD700E8A828B83E4F0A3F0FAFBFCCB
:10979000FD8022EC33ED332482F83395E0F98A82A0
:1097A0008B83E8F0A3E9F0AA08AB09ED5480443FAD
:1097B000FDECC2E7FC7F08020F1AC082C0831216BC
:1097C000BE7A147B00121B80900CD9EAF0A3EBF058
:1097D0007C147D007900121AD8790012298479014D
:1097E0001225BE790212170C79031223C6790412CE
:1097F0001E5C7905121C947906122C0C7907121D37
:10980000C6790812169479091216D6D083D082022E
:109810001172EEC0E0E9FA7B00122C77D0E0FE0274
:10982000117274F6120BCD74FE121258740C1212CF
:1098300028852182852283E8F0A3E9F0A821A922C6
:109840008808890978081211C8E4F508F50978082C
:109850001211C87CEC7D211221F874041211A57438
:10986000021211A57F02020F1A1211A57F02020F28
:109870001A790102117274F6120BCD74FE1212588D
:10988000740C121228852182852283E8F0A3E9F066
:10989000A821A9228808890978081211C81221F282
:1098A00074021211A5740280C0C082C0831221F21A
:1098B000D083D082021172C082C083901896E0607B
:1098C00033E59E70FC439403E594A2E250FAE06411
:1098D00002700812198812199A8011E0640160035D
:1098E000121700E59DA2E64003121700901896E4B7
:1098F000F0121A1ED083D08202117274F4120BCDB2
:109900008A088B098C0A8D0B9082E3780812114D1E
:10991000500C750896750951750A18750B009082E0
:10992000E7780812139C90189278081214587F0454
:10993000020F1AC082C0839018F77401F0A3F09050
:109940001905E4F0A3F090190BF0A3F0901907F0BB
:10995000A3F0A3F0A3F090155AF0A3F0D083D08227
:10996000021172C082C083852182852283E0F8A320
:10997000E0F9E84960128A828B83ECF0A3E824FFC7
:1099800018E934FFF94870F2D083D082021172C016
:1099900082C0837A007900121982D287906196740E
:1099A00006F0D083D0820211727405F5D574D3F518
:0C99B000D47405F5D374DBF5D2021172FB
:0400000500001439AA
:00000001FF
