:020000040000FA
:0600000002149C0208C678
:03001300020A1CC2
:03002B0002122B93
:030033000210CEEA
:03003B00020A7145
:030053000207FBA6
:1000830002085A0100F0FF0700080000FFFF00000C
:100093000704000000030001FF18102700000020E0
:1000A300FD000206FFFFFE0400000004E5C6FE0695
:1000B300001F0000AC03FE06001F00B4AC741E0357
:1000C300007701B717BD17111E00000000000000E4
:1000D300000000000000000000000000000000001D
:1000E300000000000000000000000000000000000D
:1000F3000000002F1E0000000000000000000000B0
:100103000000000101E803D00732006400DC009422
:1001130002000000000000000000000000000000DA
:100123000000000000000000000000FF00000000CD
:1001330000000000000000000000000000000104B7
:10014300010C0002076F8200000001040000B015DB
:10015300000000E8030000FFFF0D1688130000E80D
:1001630003000064006400B801A0BB0D00A0BB0D38
:1001730000020202070401010A1E02051E020A0A06
:100183000101010809080103B80B02803E0102FEC8
:10019300FFE8030A050001FFFF010A011401E00162
:1001A30000B0423BAAB83F0000003F8C906339AADD
:1001B3000CA33A00941E3C8042633DCFFE753E156E
:1001C30072313F0000803FF304353F8096184B3077
:1001D30031323334353637383941424344454600AA
:1001E300286E756C6C20706F696E746572290030AF
:1001F30031323334353637383961626364656600CA
:100203003F3F3F000000807FF9021550B743BA51CA
:1002130000E7DB2E0000A040000080BF2292D43E06
:10022300DD9B2A3F04000040FFFF7F7FFFFF7FFF2E
:10023300010080341872313F01050301010F10FEE4
:10024300FF7F3400000000173400000000FF0000AF
:1002530000FF001214CA60461214E8603DE968709A
:1002630008F618F618F618F622748067F712028A51
:10027300090909748067F7221214E8601D1214CA71
:100283007005191919801A121378701F121328C3D5
:100293007003E6673319191940071818182208085C
:1002A3000874FFF618F618F618F6221213286017CA
:1002B300121568702192F01215567019501720F01C
:1002C30014080808090909E7F61819E7F61819E7E1
:1002D300F61819E7F62212155660E6E869701F084A
:1002E30008E62480F608E436F618547FB47F0CE65B
:1002F30054806007F6E418F618F622181822E9C6A7
:10030300CC08C6CD08C6CE08C6CFC0E0E8C0E0EA38
:10031300C0E0EBC0E009E9F809E7FA09E7FBE6F911
:1003230018E6F8C3EC98ED99EE9AEBC2E7F5F0EF17
:10033300C2E795F0500E600CEBCFFBEACEFAE9CDA5
:10034300F9E8CCF8EAA2E7D2E7FAEB33FB13F5F0CE
:10035300EEA2E7D2E7FEEF33FFC5F013A2E730E6E4
:1003630001B313C5F0C3C0E0C0F07F00C39BFB60C3
:100373005E9418600F401D14601AD0E023F9D0E09A
:10038300F802045C8AF0E9486003D2F0E4AFF0FAC3
:10039300F9F8803BEB30E40D89F0EA6003D2F0E436
:1003A300AFF0F9CAF8EB30E30D88F0EF6002D2F05A
:1003B300AFF0E4CAC9F8EB54076014FBC3EA13FABD
:1003C300E913F9E813F8EF135002D2E0FFDBEDD0A5
:1003D300E0C0E030E739C3E49FFFF5F0EC98FC425E
:1003E300F0ED99FD42F0EE9AFE42F0D0E0F9D0E054
:1003F300F8E5F0607AE923F9EE20E742D802806756
:10040300C3EF33FFEC33FCED33FDEE33FE80EAEC58
:1004130028FCED39FDEE3AFED0E023F9D0E0F840B8
:1004230002801BC3EE13FEED13FDEC13FCEF135020
:1004330002D2E0FF08B800067F7F74FF802EEF33FF
:1004430050178CF020F00260100CBC000C0DBD00A6
:10045300080EBE000408E860DFE933E813FFEE236B
:1004630013FE4F4D4C8008E95480FFE4FEFDFCEE83
:1004730033EF33F47004FCFD7E80D0E0FBD0E0FA70
:10048300D0E0F8D0E0CFC618CEC618CDC618CCC67B
:10049300F9221214E87004181818221214CA700DE5
:1004A30074FFF61819F61819F61819F622E754808E
:1004B30066F6121556700F12156870F014F608F6EA
:1004C30008F608F680D1121568700CF608F608765F
:1004D3008008E6447F80EC12132B700C12137B60B0
:1004E300BFE65480F6E480BB12137B70051919191B
:1004F30080A5E869700C763F18768018F618F6E840
:10050300F922E6CDC0E018ECC0E0E633CD33CDD31D
:1005130013F6E719FCE7191933CC33C3947F400E64
:10052300CD9D502408E65480F6E418F6800FF404B9
:100533003D14501408E6447FF6187680E418F61844
:10054300F6D0E0FCD0E0FD22CCD313CCFD18E4C6FA
:10055300CBC0E018E4C6CAC0E00808ED08C633E61D
:1005630013F618E433C675F003C3CA97CA09CB97C9
:10057300CB199C40047D08802EBD000302063E1665
:10058300B6FF050606081618C3CA33CACB33CB33E6
:10059300CA27CA09CB37CB193CC37D08803E187DD7
:1005A3000820E75CC633C6CA33CACB33CB33DDF18D
:1005B300D5F0EB30E77BCA97CA09CB974ACB199C96
:1005C300406F4B7025E620E0218066187D08C3CA82
:1005D30097CA09CB97CB199CD3C633C6CA33CACBA8
:1005E30033CB3350C9DDE7D5F0E1D3E4C636C608D3
:1005F300C636C608C636C608C636C61818188031A9
:10060300C3CA97CA09CB97CB199CB34097C633C6C5
:10061300CA33CACB33CB33DD34D5F02EC6A2E0C602
:1006230040C8CA27CA09CB37194A70BECB3CB4802D
:10063300B90808E63308E633601F181818D0E0FA43
:10064300D0E0FBD0E0FCD0E0FD22187D08CA27CA29
:1006530009CB37CB193CD3808013F618E4B67F114E
:10066300F618B6FF0EF618C60470D2080876808016
:10067300CAF618F618F680C5001214E8604F121473
:10068300CA6012E7548066F6121378701112156867
:10069300703B090909F4F618F618F618F622121336
:1006A30028701512155608080860EAE6447FF61804
:1006B300768018E4F618F62212155660161215689D
:1006C3007012E4F608F608F608E65480F6090909FC
:1006D30018181822EAC0E0EBC0E0ECC0E0EDC0E07F
:1006E300E687F0A4FBACF008E687F0A42CFCE43525
:1006F300F0FA1809E687F0A42C4B60027401CA359E
:10070300F0FCE433FB09E687F0D2F7A42CCB35F0F9
:10071300FC1908E687F0A42BCC35F0FBE433FD0885
:1007230019E687F0D2E7A42C4ACB35F0CD3400FC90
:1007330009E687F0D2E7A42DCC35F0FDE433FA09BE
:1007430018E687F0D2F7A42CCD35F0CA3400FC08A4
:10075300E687F0D2E7D2F7A42ACC35F07A7E20E7F9
:100763000B0ACB33CBCD33CDCC33CC33CB3350147B
:100773007004ED30E00ED2F1E4CD3DCDCC3CCC3B6A
:100783005005DA05C2F1EB547FC63308E63392F025
:10079300FBE73309E733C39A502D2B70190C0D4C2B
:1007A3004D70151806E608C333700D20F10AA2F048
:1007B30013F6E418800B4024E4F630F00276801838
:1007C300F618F618F68024D33B14501074FFA2F0E9
:1007D30013F6187680E418F618F6800FA2F013F6D5
:1007E30018E63303F618ECF618EDF6D0E0FDD0E08A
:1007F300FCD0E0FBD0E0FA22C0E074F1120C89A235
:10080300AFE433F509D2AF85A708AFA1EF5508FED2
:1008130074105E600612188375A1EF74085E600899
:1008230012188975A1F78024EFA2E092F0E508A2DF
:10083300E082F05017906198E0F8900564E0C39867
:10084300A2D265D0335002E8F075A1FEE509A2E01B
:1008530092AF7F02020CE8C0E074F2120C89A2AFDF
:10086300E433FED2AF9061A4E0F8759B00E59158A4
:10087300540860087591F71218D78023E5915854EE
:100883001060087591EF1218DD8014E591A2E092D3
:10089300F0E8A2E082F05007E0C2E0F0121A2790DD
:1008A30061A3E0F8E5E9585404600E1219FD75E9F7
:1008B300FB906193E0A2E640F2EEA2E092AF7F01EB
:1008C300020CE8C0E074F2120C89A2AFE433FED24A
:1008D300AF9061A5E0F8E5BF585404600675BFFB0F
:1008E300121A3F80D412093330F039120978803458
:1008F30012093320F01430E72B74FFFCFBFA747FEA
:100903008022E4FCFBFA7480801AB48008BC00F2F5
:10091300BB00EF800F50EBF9E4C39AFAE49BFBE4CE
:100923009CFCE499C6CC18C6CB18C6CA18C6F922D3
:10093300E4C9C608CAC608CBC6D3330308CCC6333A
:1009430092F0C3947F402E94184019C9B90704CA82
:10095300CBCC225025C309CA33CACB33CBCC33CC3F
:1009630033D9F422F4600DC9CCC313CB13CBCA1310
:10097300CAD9F6CC22E4FCFBFA2214FCFBFA22C30C
:10098300E498F8E499F91209C38026C3E49AFAE4D7
:100993009BFBE920E7E91209C3E498F8E499F922FB
:1009A300C3E498F8E499F91209C3E498F8E499F9CF
:1009B300C3E49AFAE49BFB22EB20E7CFE920E7E0CC
:1009C300B90010BB0008E88AF084F8AAF022E4FB1F
:1009D300C8FA22EB70227B10C833C8C933C933501D
:1009E30007C39AC3DBF280069A50012ADBEAC833B5
:1009F300F4C8C933F4C9FA2275F008E4C833C8C986
:100A030033C933C99AC99B5004C92AC93BD5F0ECF1
:100A1300FBC833F4C8E4C9FA22C0E0C0D0E8C0E0A0
:100A2300E9C0E0C082C083A8C1E8C0E09004D1E07F
:100A3300F8745028F582E43404F583D0E0F0900490
:100A4300D0E0F8A3E0687006E5959004D3F0900435
:100A5300D1E004F0C394804002E4F0A374C6F0D064
:100A630083D082D0E0F9D0E0F8D0D0D0E032C0E03B
:100A7300C0D0E8C0E0E9C0E0C082C083900554E084
:100A8300F8A3E0687008539AFBA374018022C2E9BB
:100A9300900554E0F8740128F074D428F582E43406
:100AA30004F583E0F5C1900554E0C394804002E46B
:100AB300F080AC080808EAC0E0EBC0E086F0E7A4E9
:100AC300FA180986F0E7A42AFA180986F0E7A42A97
:100AD300FA180986F0E7A42AFA1986F0E7A4FBE5D9
:100AE300F02AFA190886F0E7A42BFBE5F03AFA1985
:100AF3000886F0E7A42BFBE5F03AFA18180986F00C
:100B0300E7A4C5F02BFBE43AFA1908E7C5F0C6A43D
:100B130026F6E5F03BFBE43AFA1886F0E7A4F6E59F
:100B2300F00826F6E43B08F6E43A08F6D0E0FBD0FA
:100B3300E0FA22080808E630E71112133C120B4EC4
:100B4300080808C64480C618181822181818E97926
:100B53009EC608CAC608CBC608CCC6C37020799601
:100B6300CACBCC7019798ECBCC70137986CC700E2E
:100B7300F9802ACA33CACB33CBCC33CC331930E711
:100B8300F2CCCBCA3350147004EA30E00DE4CA3A15
:100B9300CACB3BCBCC3CCC500209C3E913C6CC181F
:100BA3002313C6CB18C6CA18C6F922E4CFC0E0E4A3
:100BB300CEC0E0E4CDC0E0E4CCC0E075F020E62692
:100BC300F608E633F608E633F608E633F61818189F
:100BD300EC33FCED33FDEE33FEEF33FFC3EC97094B
:100BE300ED9709EE9709EF97191919400FFFEC9745
:100BF300FC09ED97FD09EE97FE191906D5F0BFEC38
:100C0300F709EDF709EEF709EFF7191919D0E0FC29
:100C1300D0E0FDD0E0FED0E0FF222521C582C0E078
:100C2300E52234FFC583C0E0E521C3958224F81093
:100C3300AF088583228582218008858322858221CE
:100C4300D2AFCEF0A3E520F0A37808E608F0A3DE48
:100C5300FAEFF0A3E58124FAF8E608F0A3E608F03A
:100C6300A3E608F0A30808E608F0A3E608F0A31536
:100C7300811581D0E0FED0E0F8158115811581E85A
:100C8300C0E0EEC0E022C0D02521C582C0E0E5224D
:100C930034FFC583C0E0E521C3958224F310AF0878
:100CA3008583228582218008858322858221D2AF94
:100CB300C8F0A3E9F0A3EAF0A3EBF0A37908E709EE
:100CC300F0A3D8FAECF0A3EDF0A3EEF0A3EFF0A3BA
:100CD300D0E0F0A3D0E0F0A3D0E0F0A3E520F0A3B0
:100CE300E5F0F0A322852283852182E0C0E0A3E022
:100CF300F9A3E0FAA3E0FBA37808E0F608A3DFFA80
:100D0300E0FCA3E0FDA3E0FEA3E0FFA3E0C0E0A3BB
:100D1300E0C0E0A3E0F5D0A3E0F520A3E0A3F5F065
:100D230010AF0885832285822180088583228582EE
:100D330021D2AFD082D083D0E0F8D0E03212133F7B
:100D4300181818120BAE12144B1919192212144B3E
:100D5300191919080808E618181820E7E0120BAE4D
:100D630012133F18181822090909E719191920E75E
:100D7300DC080808E618181820E703020BAE121364
:100D83003F181818120BAE12133F18181812144BF1
:100D930019191922121541B90003020DD6E4900363
:100DA3005178B979168002F0A3D8FCD9FA7A097B75
:100DB3001990008678D179028015E493A3AD82AEB1
:100DC300838A828B83F0A3AA82AB838D828E83D89E
:100DD300E9D9E77582057583FE74041211BC758227
:100DE3001F75833174001211BC75F0108E238F248C
:100DF300858228858327852182852283E0CEA3E00F
:100E0300CF852882852783EBC9EAC8EDCBECCAC31B
:100E1300E833C8E933C9EA33CAEB33CBC3EA9EF5F7
:100E230026EB9FF525B35004AB25AA26EC33CCED76
:100E330033CDD5F0DAAE23AF24221214E8601C12AE
:100E430014CA601712155670071215687001D32261
:100E5300C0D01215687006D0D0B322C32233D0D0CD
:100E6300501430E0F6C3E7960809E7960809E796B9
:100E73000809E796B32220E0D5E6970809E6970824
:100E830009E6970809E697B3221214E8601B1214C7
:100E9300CA60161215567007121568600CB322C08B
:100EA300D01215687005D0D022C32233D0D050138E
:100EB30030E0EBC3E7960809E7960809E7960809C7
:100EC300E7962220E0E4E6970809E6970809E69703
:100ED3000809E69722D083D082ECC0E0EDC0E0E4BD
:100EE30093A3FCE493A3FDED4C600D120FB0EC242F
:100EF300FFFCED34FFFD80EFE493A3FCE493A3FD3B
:100F0300ED4C600D121079EC24FFFCED34FFFD80F5
:100F1300EFD0E0FDD0E0FCE493A3C0E0E493C0E0B5
:100F230022852283852182E0A3FEE0A3F5207808B1
:100F3300E0A3F608DFFAE0A3FFE0A3C0E0E0A3C06C
:100F4300E0E0A3C0E0E0A3C0E0E0A3C0E010AF088E
:100F53008582218583228008858221858322D2AFE1
:100F6300D083D0820211C2D083D082E9C0E0E4935F
:100F7300A3C386F0C5F095F0F908E493A386F0C502
:100F8300F095F0700BE493A3C3994005E904800244
:100F9300A3E475F002A42582F582E5F03583F58399
:100FA300D0E0F9E493A3C0E0E493C0E022C0E0C33F
:100FB300E49396087401939618400FE493667008BF
:100FC30008740193661870007019A3A3C3E4939681
:100FD300087401939618A3A3400DD0E0D0E0D0E0AD
:100FE300020F14A3A3A3A3A3A3D0E0227404800439
:100FF30074028000CCC0E0EDC0E0E521C39CCCAD21
:101003002250011D10AF068C218D2280068C218D6C
:1010130022D2AF12113ED0E0FDD0E0FC2274028058
:1010230000CCC0E0EDC0E0E521C39CCCAD22500173
:101033001D10AF068C218D2280068C218D22D2AF0C
:1010430012111CD0E0FDD0E0FC221214E86025123E
:1010530014CA60201215567003021568080808E7C1
:101063006670101819E766700A1819E76670041895
:1010730019E76622F422C0E0C0F088F0E4936670BA
:10108300080874019366187000A8F0A3A3700BD02E
:10109300F0D0E0D0E0D0E0020F14A3A3D0F0D0E072
:1010A30022D083D082CCC0E0E493A3600612115F08
:1010B3001470FAE493A360061212BE1470FAD0E01F
:1010C300FCE493A3C0E0E493C0E022C0E074F21216
:1010D3000C89A2AFE433FED2AFE58BA2E0500579D1
:1010E300041217D5758B00C2E8EEA2E092AF7F0120
:1010F300020CE8C008C3E096F50808A3E09642088E
:1011030008A3E096420808A3E0964208A2D265D05D
:1011130033E5087001D3D00822CAC0E0E493A3C525
:1011230082CCC582C583CDC583F0A3C582CCC582DD
:10113300C583CDC583DAE5D0E0CA22CAC0E0E0A307
:10114300C582CCC582C583CDC583F0A3C582CCC57A
:1011530082C583CDC583DAE6D0E0CA22C0E0E4933A
:10116300A3D39C5010E493A3C39C400AD0E0D0E0E7
:10117300D0E00210C1A3A3A3D0E02270090808089D
:10118300226016181818C6C333C608C633C608C665
:1011930033C608C633C6D5E0EA22C008C3E096F5D5
:1011A3000808A3E096420808A3E096420808A3E0D3
:1011B3009645087001D3D00822C09FF59FE473D0F1
:1011C3009F22D083D082C09FE493C0E0740193C078
:1011D300E0740293F59F222521F58210AF08F521D3
:1011E300400C15228008F52140021522D2AF85223A
:1011F300832200C0D0252110AF08F521500C052211
:101203008008F52150020522D2AFD0D02274048089
:101213000A74038006740280027401C0E0F40412AD
:1012230011DAD0E012150422C0E0C0D0E8C0E0A873
:10123300A8D2AFC2C7E8A2E792AFD0E0F8D0D0D02F
:10124300E032BB0102E722C082C08389828A83BB6A
:101253000003E08002E493D083D082226016080862
:1012630008C6C313C618C613C618C613C618C613B2
:10127300C6D5E0EA222521F8E43522F9222521FA10
:10128300E43522FB222521FCE43522FD22C3E0C6FE
:1012930096F608A3E0C696F608A3E0C696F608A35A
:1012A300E0C696F622252110AF08F521400C152241
:1012B3008008F52140021522D2AF22C0E0E493A3B7
:1012C3006C7009D0E0D0E0D0E00210C1A3A3D0E05D
:1012D30022C3E7960809E7960809E7960809E796FF
:1012E300A2D265D03322E76670100809E766700A58
:1012F3000809E76670040809E76622C3E09608A3B5
:10130300E09608A3E09608A3E096A2D265D0332224
:10131300E066701008A3E066700A08A3E066700434
:1013230008A3E06622191919E70947097009E72795
:10133300097005E733F4220922181818E4C396F656
:1013430008E496F608E496F608E496F622C3E096D7
:10135300F008A3E096F008A3E096F008A3E096F067
:1013630022C3E697F60809E697F60809E697F60812
:1013730009E697F622181818E60846087009E626C3
:10138300087005E633F4220822C3E4939608740137
:1013930093960874029396087403939622E026F6B4
:1013A30008A3E036F608A3E036F608A3E036F622F3
:1013B300E627F60809E637F60809E637F60809E6E8
:1013C30037F622700422600D18C6C333C608C6332D
:1013D300C6D5E0F41822E657F60809E657F60809D9
:1013E300E657F60809E657F622E056F608A3E05654
:1013F300F608A3E056F608A3E056F622E026F00826
:10140300A3E036F008A3E036F008A3E036F022E0CC
:1014130056F008A3E056F008A3E056F008A3E05600
:10142300F022E493F608740193F608740293F60825
:10143300740393F622E647F60809E647F60809E639
:1014430047F60809E647F622E4C397F709E497F756
:1014530009E497F709E497F722600D08C6A2E7139A
:10146300C618C613C6D5E0F322C6F4C608C6F4C62A
:1014730008C6F4C608C6F4C622C3E09608A3E096DD
:1014830008A3E09608A3E09622C3E7960809E79627
:101493000809E7960809E7962275D00075813F751C
:1014A300215175220300020D97600C08C6C313C6B1
:1014B30018C613C6D5E0F422E6F008A3E6F008A3A5
:1014C300E6F008A3E6F022E7094709C31347093307
:1014D3006002E733F422E0F608A3E0F608A3E0F69F
:1014E30008A3E0F622E6084608C313460833600261
:1014F300E633F422800100E9F874FF28F90470F65A
:1015030022CAC0E0E6F0A308DAFAD0E0FA22E0F853
:10151300A3E0F9A3E0FAA3E0FB22E8F0A3E9F0A338
:10152300EAF0A3EBF022EAF0A3EBF0A3ECF0A3EDD7
:10153300F022E0FAA3E0FBA3E0FCA3E0FD22E5C771
:1015430054F84401F5C77901222521F582E43522B7
:10155300F58322E62618461846184622C2AF75D6EA
:101563009F02000022E72719471947194722121142
:10157300C55BE1031211C58AE1031211C590E203B1
:101583001211C5BAE2031211C50EE3031211C5E22B
:10159300E3031211C510E6031211C5BEE6031211CF
:1015A300C52BE9031211C5B0E9031211C5B3EC034E
:1015B3001211C5E7EE031211C523EF031211C57C07
:1015C300F0031211C58FF0031211C5CCF0031211F1
:1015D300C595F2031211C5C2DA051211C53EDB052A
:1015E3001211C571DB051211C59FDB051211C5DD93
:1015F300DB051211C51ADE051211C539DE051211FC
:10160300C57EDE051211C514DF051211C560DF05A5
:101613001211C5F4DF051211C5CDE0051211C5295C
:10162300E1051211C587E1051211C5FAE105121191
:10163300C53EE2051211C596E2051211C5B8E205D1
:101643001211C548E3051211C5D9E3051211C525C9
:10165300E4051211C551E4051211C592E4051211F6
:10166300C528E6051211C514E7051211C5EFE705F4
:101673001211C56DB9051211C501BA051211C5695B
:10168300BA051211C58EBB051211C518BC0512117E
:10169300C5A3BC051211C5DFBC051211C578BD0574
:1016A3001211C50DBE051211C5E0BE051211C5C24A
:1016B300C0051211C5B8C1051211C557C2051211D3
:1016C300C5ACC2051211C51AC3051211C526C6053C
:1016D3001211C550C8051211C551C9051211C58F84
:1016E300CA051211C59ACA051211C5E9AC06121131
:1016F300C515AD061211C530AD061211C555AD069F
:101703001211C5F5AD061211C59BAE061211C5C562
:10171300AE061211C5EEBB061211C5F3BB061211BC
:10172300C526BC061211C5CBFD031211C58AFE03E3
:101733001211C56FFF031211C57EB8061211C58FB2
:10174300B8061211C52DB9061211C538B906121102
:10175300C552B9061211C5F37F001211C5E5FF0585
:101763001211C5A7BA061211C5B7BA061211C5CC14
:10177300BA061211C532BB061211C57AB50612118B
:10178300C5FEB5061211C566B6061211C579A306C4
:101793001211C597A3061211C5CCA3061211C5F1E8
:1017A300A3061211C514A4061211C54FA4061211E3
:1017B300C57CA4061211C5C3A4061211C562A506F1
:1017C3001211C57FB7061211C506B8061211C50F4F
:1017D300B8061211C536B8061211C5C5FF0112119C
:1017E300C5ECA5061211C536A6061211C5CCA60670
:1017F3001211C552A7061211C584A7061211C59C62
:10180300A7061211C510A8061211C526A8061211A3
:10181300C539A8061211C543A8061211C538F90522
:101823001211C564F9051211C5CEFB051211C50EBF
:10183300FC051211C54AFC051211C55EFC05121107
:10184300C577FC051211C569FD051211C51CFE05FE
:101853001211C530FE051211C563FE011211C587B1
:10186300FE011211C5A0FE011211C5DEFE01121107
:10187300C50EFF011211C53BFF011211C5A1FF01E6
:101883001211C5A4FF011211C5AEFF011211C5BB90
:10189300FF011211C5D2A0061211C5F2A006121142
:1018A300C531A1061211C54FA1061211C56AA106C1
:1018B3001211C5D0A1061211C5DCA1061211C5393A
:1018C300A2061211C548A2061211C56CA206121176
:1018D300C52DA3061211C53AA3061211C54BA306C3
:1018E3001211C534BC061211C54CBC061211C578C1
:1018F300BC061211C5FA84061211C55486061211CC
:10190300C56286061211C57586061211C58A86063A
:101913001211C59F86061211C5B286061211C52E75
:1019230087061211C59387061211C529880612115D
:10193300C50289061211C51289061211C52189062D
:101943001211C50EBA061211C532BA061211C55AC2
:10195300BA061211C582BA061211C556A80612118B
:10196300C57DA8061211C59BA8061211C50AA906B2
:101973001211C5FF9D061211C5189E061211C5242A
:101983009E061211C5389E061211C5569E061211E7
:10199300C5609E061211C56A9E061211C57D9E067C
:1019A3001211C5039F061211C5789F061211C5A710
:1019B3009F061211C5F59F061211C544A006121108
:1019C300C55FA0061211C569A0061211C57AA0064B
:1019D3001211C5BDA0061211C59BBB061211C5C9C4
:1019E300E8051211C5F5E8051211C512E905121132
:1019F300C525E9051211C540E9051211C59AE90586
:101A03001211C5C8E9051211C5D8ED051211C53665
:101A1300EF051211C568EF051211C5CBEF051211C1
:101A2300C537F1051211C55FF1051211C574F10532
:101A33001211C584F1051211C5C4F1051211C506B1
:101A4300F2051211C516F2051211C510B1061211D5
:101A5300C52AB1061211C552B1061211C56BB106E2
:101A63001211C58FB1061211C5ADB1061211C5C44D
:101A7300B1061211C5F2B1061211C50DB20612114B
:101A8300C5C1BC061211C50F91061211C51F9106DF
:101A93001211C52492061211C55692061211C5865B
:101AA30092061211C5A992061211C5C0920612110F
:101AB300C5FA92061211C55F93061211C5A19306CA
:101AC3001211C5E893061211C51594061211C540EB
:101AD30094061211C5197E001211C5397E00121128
:101AE300C54D7F001211C5507F001211C574B40695
:101AF3001211C5AAB4061211C5C2B4061211C50447
:101B0300B5061211C514B5061211C558B506121142
:101B1300C562B5061211C546F2051211C589F20553
:101B23001211C5EEF2051211C50DF3051211C5AF61
:101B3300F3051211C5B8F3051211C509F405121105
:101B4300C532F4051211C53FF4051211C5B1F405F0
:101B53001211C53FF5051211C584F5051211C5BD56
:101B6300F5051211C522F6051211C54BF605121122
:101B7300C5C2F6051211C511F7051211C54EF705B9
:101B83001211C583F7051211C595F7051211C5A7E3
:101B9300F7051211C5C6F7051211C5CFF7051211C6
:101BA300C58BF8051211C5CEF8051211C50CF90540
:101BB3001211C5A1FF021211C544FE051211C5ABD6
:101BC300AA061211C5E1AA061211C529AB06121104
:101BD300C582AC061211C50080051211C526810508
:101BE3001211C56281051211C52083051211C54E5C
:101BF30083051211C5B885051211C5F885051211A3
:101C0300C59A87051211C53088051211C58A880542
:101C13001211C51A89051211C55E89051211C5A0D5
:101C230089051211C5058B051211C5858C05121185
:101C3300C5C68E051211C5F48E051211C5208F0578
:101C43001211C5298F051211C5868F051211C51FE3
:101C530090051211C53693051211C5BC93051211D7
:101C6300C57D7F001211C5937F001211C59D7F00B2
:101C73001211C59CFB021211C5B2FB021211C5560B
:101C8300FC021211C595FC021211C5B2FC0212111D
:101C9300C5E3FC021211C530FD021211C564FD0239
:101CA3001211C59FFD021211C594FF021211C57FC7
:101CB300B6061211C5DEB6061211C51CB7061211FF
:101CC300C55DB7061211C561B9061211C5CAB906B9
:101CD3001211C5EAB9061211C55EB3061211C51C6D
:101CE300B4061211C50080041211C50C8004121130
:101CF300C56E80041211C57880041211C5078104D2
:101D03001211C54381041211C53582041211C59203
:101D130082041211C52083041211C57183041211A8
:101D2300C5F183041211C5B785041211C5B1870427
:101D33001211C5B388041211C5E589041211C53BFC
:101D43008C041211C57D8D041211C5238E0412114A
:101D5300C5E192041211C5DE93041211C5749404F3
:101D63001211C5A494041211C54195041211C55E44
:101D730095041211C57E95041211C5EC9504121138
:101D8300C50996041211C53796041211C5D19704DB
:101D93001211C5F297041211C59898041211C5E0E7
:101DA30098041211C53E99041211C5DC990412114D
:101DB300C5419A041211C5AA9A041211C5E89A04DE
:101DC3001211C59A9B041211C5059C041211C54139
:101DD3009C041211C5B29C041211C5FD9D0412117D
:101DE300C58D9F041211C526A0041211C577A20444
:101DF3001211C5DCA2041211C50AA3041211C550A5
:101E0300A8041211C514AB041211C514AC041211A9
:101E1300C51B94051211C53B94051211C5EB96051C
:101E23001211C5A599051211C5549C051211C58837
:101E33009C051211C5B19C051211C5D79C05121141
:101E4300C51C9D051211C5B89E051211C5189F0525
:101E53001211C524A0051211C536A0051211C5EA39
:101E6300A0051211C5FBA0051211C5DAA1051211B7
:101E7300C5E6A2051211C56FA3051211C5EFA3058F
:101E83001211C5CEA4051211C504A6051211C5056C
:101E9300BD061211C5E397061211C5A298061211C9
:101EA300C50899061211C5B799061211C5CCCB0402
:101EB3001211C5FBCB041211C57FCC041211C5E26C
:101EC300CD041211C5CCCE041211C588D004121151
:101ED300C5ADD0041211C5FFD0041211C591D104B0
:101EE3001211C5DDD1041211C5F0D1041211C54D73
:101EF300D2041211C51AD3041211C58CD3041211C2
:101F0300C5C3D3041211C50CD4041211C5B4D5042E
:101F13001211C593D6041211C5E1D7041211C5C419
:101F2300D8041211C550D9041211C589D90412114C
:101F3300C5A8D9041211C5F3D9041211C513DA04C3
:101F43001211C5D0DA041211C5F3DB041211C54E08
:101F5300DC041211C594DC041211C59CDD041211BA
:101F6300C537E0041211C55DE0041211C5D8E004C1
:101F73001211C5FDE0041211C571E1041211C54F20
:101F8300E2041211C58DE2041211C517E304121104
:101F9300C530E4041211C533E4041211C53DE40451
:101FA3001211C547E4041211C563E4041211C5D527
:101FB300E4041211C50EE5041211C53AE504121129
:101FC300C561E5041211C585E5041211C5C0E50418
:101FD3001211C533E6041211C567E6041211C57167
:101FE300E6041211C5ADE6041211C5E2E6041211AE
:101FF300C501E7041211C57BBC061211C593BC06CB
:102003001211C5F67F001211C5FDAF041211C520D0
:10201300B0041211C57EB1041211C5C7B104121167
:10202300C533B2041211C591B2041211C594B2049E
:102033001211C5E5B2041211C55AB3041211C5EA4F
:10204300B3041211C5EDB3041211C56EB404121119
:10205300C5AFB4041211C5D4B8041211C57EBA04B5
:102063001211C5D2BA041211C561BE041211C59969
:10207300BF041211C56DC0041211C5D7C0041211DB
:10208300C501C1041211C5BAC2041211C59DC4040D
:102093001211C54CC5041211C5E9C5041211C5D4EA
:1020A300C6041211C53CC9041211C596CA04121103
:1020B300C504CB041211C5F7A6051211C5A1A705C6
:1020C3001211C50CA8051211C527A8051211C5A820
:1020D300A8051211C502A9051211C549A9051211B6
:1020E300C5A8A9051211C5BAAA051211C5E3AD0504
:1020F3001211C513AF051211C59BAF051211C5A46B
:10210300B1051211C556B2051211C522B30512113C
:10211300C5DDB4051211C57BB6051211C508B70597
:102123001211C52EB8051211C504D9021211C567C3
:10213300D9021211C5AFD9021211C5F3D902121176
:10214300C54EDA021211C5ABDA021211C5E6DA0284
:102153001211C568DB021211C5C2DB021211C540A0
:10216300DD021211C5B8DD021211C5D5DE0212114E
:10217300C5FDDE021211C550E0021211C561E00275
:102183001211C579E0021211C582E1021211C55F75
:10219300E2021211C55CE3021211C580E3021211BF
:1021A300C597E3021211C5B8E3021211C5DAE302BF
:1021B3001211C5F9E3021211C5D1E4021211C52BA4
:1021C300E5021211C5C2E7021211C51BE802121182
:1021D300C53AE8021211C52AE9021211C560E902E3
:1021E3001211C593EA021211C512EB021211C54E68
:1021F300EB021211C588EB021211C5F7EB021211A3
:10220300C5ACEC021211C584EE021211C591EF02A6
:102213001211C509F1021211C5FFF2021211C5759F
:10222300F5021211C54FF7021211C510F80212116F
:10223300C588F8021211C59FF8021211C596F9025A
:102243001211C58AFA021211C5F9FA021211C58ACE
:10225300D5031211C54896061211C5079706121128
:10226300C56F97061211C55289061211C5708906EA
:102273001211C5EBE0031211C5DA89061211C5016B
:102283008A061211C5198A061211C5318A0612115E
:10229300C5D38A061211C5158B061211C5388C06D3
:1022A3001211C5418C061211C54A8C061211C55371
:1022B3008C061211C55D8C061211C57E8C06121197
:1022C300C50080061211C53E84061211C54C840652
:1022D3001211C55184061211C586FE041211C50BD5
:1022E300DF031211C5299B061211C540B206121154
:1022F300C584FF051211C5D9CA051211C5E8CF055A
:102303001211C501AF061211C535BD061211C5372D
:102313008D061211C53CBB061211C54CBB0612112A
:10232300C50080021211C53280021211C59E8002BF
:102333001211C53981021211C5D881021211C51DAE
:1023430082021211C53F82021211C5588202121174
:10235300C57E82021211C5A082021211C5DE82025D
:102363001211C52283021211C54483021211C5A69C
:1023730083021211C56D84021211C5248502121144
:10238300C59685021211C56886021211C5B286026E
:102393001211C50587021211C56B87021211C5A55B
:1023A30087021211C5F787021211C5138802121191
:1023B300C53E88021211C5458A021211C5998B02C6
:1023C3001211C5BB8B021211C5EF8B021211C5107E
:1023D3008C021211C51F8C021211C52A8C02121114
:1023E300C5DA8C021211C5438D021211C5F08D029C
:1023F3001211C5288E021211C5EE8E021211C5FBF1
:102403008F021211C54590021211C5D49002121108
:10241300C53891021211C57391021211C5DF9302DF
:102423001211C53395021211C56C98021211C539E8
:1024330099021211C5C799021211C5F0990212111E
:10244300C5629A021211C5F69A021211C5549B0273
:102453001211C5469C021211C5689C021211C5C413
:102463009D021211C5DD9D021211C5F09D021211CC
:10247300C55F9E021211C56B9F021211C5789F02A0
:102483001211C5819F021211C559A1021211C57FF4
:10249300A2021211C58FA2021211C591A302121139
:1024A300C508A4021211C537A4021211C54CA50216
:1024B3001211C518A7021211C5F0AA021211C5FA0A
:1024C300AA021211C50EAB021211C518AB021211EA
:1024D300C522AB021211C52CAB021211C545AB02CA
:1024E3001211C54FAB021211C5C3AB021211C5CEF7
:1024F300AB021211C5F3AB021211C5FEAB021211EE
:10250300C54CAC021211C556AC021211C561AC0226
:102513001211C585AC021211C5A9AC021211C50571
:10252300AD021211C54BAD021211C568AD021211F5
:10253300C5E5AD021211C51CAE021211C55BAE0298
:102543001211C5A8AE021211C52AAF021211C5C3DA
:10255300AF021211C593B1021211C5F1B1021211EA
:10256300C50DB3021211C533B3021211C572B40201
:102573001211C598B7021211C5D9B9021211C5B506
:10258300BB021211C54BBC021211C572BE0212115D
:10259300C51EBF021211C553BF021211C5B8BF0237
:1025A3001211C5C2BF021211C5ECC1021211C5132B
:1025B300C3021211C553C3021211C5F9C30212118A
:1025C300C58AC5021211C513C7021211C533C7024A
:1025D3001211C58CC7021211C58EC8021211C5D8BB
:1025E300C8021211C528C9021211C512CA0212115A
:1025F300C587CA021211C5A1CB021211C51CCC0298
:102603001211C521CD021211C5CCCF021211C5EB97
:10261300CF021211C54CD1021211C50ED3021211F1
:10262300C562D3021211C51AD4021211C5C9D4024C
:102633001211C51FD5021211C5D5D5021211C56AD3
:10264300D6021211C5D6D6021211C510D702121125
:10265300C541D7021211C59DD8021211C5008003CE
:102663001211C53280031211C56980031211C552BC
:1026730082031211C53583031211C58D8303121111
:10268300C5C884031211C51485031211C53C880300
:102693001211C59E8B031211C5EB8C031211C58158
:1026A3008D031211C58D8D031211C5BF8D03121138
:1026B300C5418F031211C5DC90031211C584910328
:1026C3001211C5C791031211C52D92031211C54AE8
:1026D30092031211C57A92031211C5AF920312111C
:1026E300C57F93031211C52894031211C5AC960339
:1026F3001211C5CC97031211C5B598031211C53732
:1027030099031211C5569D031211C5939D0312110E
:10271300C5EB9D031211C51E9E031211C59F9E0397
:102723001211C5EC9E031211C5779F031211C5C97F
:102733009F031211C5A0A0031211C559A1031211C1
:10274300C5F4A1031211C50DA5031211C52DA603CE
:102753001211C5DAA9031211C5F8AA031211C5FB98
:10276300AA031211C52AAB031211C530AD0312110E
:10277300C509AE031211C53EAE031211C546AF0320
:102783001211C5FCAF031211C59DB1031211C5C2CD
:10279300B1031211C501B2031211C573B2031211B1
:1027A300C557B3031211C524B4031211C55AB60396
:1027B3001211C5CBB6031211C50BB7031211C56CA9
:1027C300B7031211C52FBB031211C51EBC0312118F
:1027D300C505BD031211C57DBD031211C53FBE035F
:1027E3001211C53DC0031211C555C0031211C569AD
:1027F300C0031211C5A1C0031211C5CFC00312112A
:10280300C556C2031211C561C3031211C5B3C30375
:102813001211C514C4031211C5C6C4031211C5EDA8
:10282300C4031211C5D1C5031211C582C603121107
:10283300C571C8031211C5A6C8031211C50EC90379
:102843001211C53DCA031211C5EFCA031211C520E7
:10285300CB031211C538CB031211C5C7CB03121119
:10286300C57BCE031211C553D0031211C56FD0031C
:102873001211C58BD0031211C559D1031211C53DD5
:10288300D5031211C51084011211C5488401121118
:10289300C52689011211C56C89011211C5B98A01B6
:1028A3001211C5248B011211C5AD8C011211C5BDC6
:1028B3008F011211C5D890011211C5EA9A011211A4
:1028C300C57D9B011211C5CF9E011211C5CB9F017E
:1028D3001211C526A0011211C570A1011211C55E06
:1028E300A2011211C5FAA4011211C56EA60112119B
:1028F300C5F1A6011211C5F4A6011211C569A701FC
:102903001211C573A7011211C580A7011211C5AB1E
:10291300A7011211C55BA8011211C554A901121117
:10292300C5FFA9011211C51DAA011211C536AA01BD
:102933001211C55FAA011211C581AA011211C5D6D0
:10294300AC011211C59BAD011211C5E0AD0112110D
:10295300C55FAE011211C50BAF011211C53DAF0129
:102963001211C591AF011211C5CCAF011211C513DC
:10297300B0011211C563B0011211C568B001121183
:10298300C5BCB0011211C5E8B0011211C5D1B10126
:102993001211C522B2011211C582B2011211C5DC96
:1029A300B2011211C577B3011211C5B6B6011211E6
:1029B300C5C8B7011211C542B9011211C552BC01F4
:1029C3001211C5F0BC011211C5E6BF011211C5A554
:1029D300C0011211C5E9C0011211C594C20112113F
:1029E300C5A8C2011211C5B2C2011211C5BCC201F0
:1029F3001211C5C8C2011211C5EDC2011211C5C61B
:102A0300C4011211C51BC5011211C525C50112113F
:102A1300C52FC5011211C5A4C5011211C5F3C50106
:102A23001211C504C7011211C551C7011211C55EA8
:102A3300C8011211C5A2C8011211C548C90112115A
:102A4300C53BCA011211C501CB011211C524CC012A
:102A53001211C542CD011211C52ACE011211C54270
:102A6300CE011211C599CE011211C5A3CE011211C7
:102A7300C5AECE011211C5CCCE011211C514CF01C2
:102A83001211C576CF011211C59DCF011211C5AF29
:102A9300CF011211C54AD0011211C57FD001121105
:102AA300C566D1011211C5ABD1011211C591D20175
:102AB3001211C5B8D2011211C53BD3011211C5AC15
:102AC300D3011211C535D5011211C561D6011211F9
:102AD300C524D7011211C5ECD7011211C576D8014F
:102AE3001211C59ED9011211C540DA011211C5BBDD
:102AF300DA011211C577DB011211C5C1DB01121115
:102B0300C51BDC011211C5F3DC011211C516DD0171
:102B13001211C5C9DD011211C5EBDD011211C55436
:102B2300DE011211C56AE0011211C562E101121141
:102B3300C526E2011211C558E4011211C5A2E40130
:102B43001211C5F2E4011211C556E5011211C5B8FF
:102B5300E5011211C5E6E5011211C50AE6011211DC
:102B6300C53FE6011211C570E6011211C5A3E601C6
:102B73001211C5F3E6011211C546E7011211C56B27
:102B8300E8011211C50BEA011211C566EA0112111F
:102B9300C58FEA011211C51CEB011211C58AEB01A5
:102BA3001211C598EB011211C5BCEB011211C5112D
:102BB300EC011211C52CEC011211C5DEEC0112114E
:102BC300C516ED011211C559ED011211C5BCED0178
:102BD3001211C5BEEF011211C5E8EF011211C5DFD5
:102BE300F0011211C5E9F1011211C599F201121197
:102BF300C50473001211C53C73001211C55D730047
:102C03001211C59F73001211C50174001211C50B77
:102C130074001211C51B74001211C55674001211F1
:102C2300C53678001211C5237A001211C5097C003C
:102C33001211C5A07C001211C5427D001211C5F509
:102C430038001211C5A039001211C54E3A001211F5
:102C5300C5543B001211C5743B001211C59D3C00C5
:102C63001211C5583E001211C5CB3E001211C56F9B
:102C73003F001211C57B40001211C5E6400012113E
:102C8300C52241001211C56541001211C5A04100C2
:102C93001211C5E241001211C57742001211C5F3AA
:102CA30042001211C5BD43001211C59A440012110E
:102CB300C53245001211C54C45001211C57C4500B3
:102CC3001211C5AD45001211C57346001211C5831B
:102CD30046001211C5D246001211C5DF460012117B
:102CE300C5E846001211C56647001211C5C2470068
:102CF3001211C50D48001211C52848001211C55301
:102D030048001211C57048001211C57C4800121109
:102D1300C5134A001211C52C4A001211C5B14A004D
:102D23001211C5C44A001211C5E34A001211C58726
:102D33004B001211C5084D001211C5BB4E001211F4
:102D4300C5514F001211C5544F001211C5C44F0095
:102D53001211C5E24F001211C57950001211C5C1FD
:102D630050001211C5C450001211C58A510012112E
:102D7300C5F751001211C51D52001211C5A852000A
:102D83001211C5C652001211C50C53001211C5C051
:102D930053001211C50A54001211C53954001211FF
:102DA300C59654001211C5CB54001211C5F7540037
:102DB3001211C50555001211C55255001211C5C295
:102DC30055001211C50B56001211C55756001211AA
:102DD300C58356001211C58E56001211C5AC56009C
:102DE3001211C59757001211C5A157001211C5DC66
:102DF30057001211C5EC57001211C54058001211AB
:102E0300C55458001211C58359001211C5985900B1
:102E13001211C5265A001211C56B5A001211C5F7BB
:102E23005A001211C5025B001211C5445C00121155
:102E3300C55F5C001211C5AB5C001211C51A5D00C1
:102E43001211C5535D001211C56D5D001211C5CD80
:102E53005D001211C56C5E001211C5B75E00121140
:102E6300C58761001211C53962001211C5A662003F
:102E73001211C5E664001211C5FE64001211C501EA
:102E830065001211C50D65001211C52165001211EF
:102E9300C52965001211C55C65001211C55F660086
:102EA3001211C5EC66001211C55C67001211C5DE74
:102EB30067001211C59F68001211C5BE6800121188
:102EC300C55F69001211C5BC69001211C5BF690055
:102ED3001211C5336A001211C5826B001211C58825
:102EE3006C001211C5136D001211C52E6E00121164
:102EF300C5F66E001211C5276F001211C54A6F0087
:102F03001211C5536F001211C5826F001211C51241
:102F130070001211C5C870001211C53D7100121165
:102F2300C5E471001211C55972001211C5907200E7
:102F33001211C5CE72001211C551E0031211C55F03
:102F4300D5031211C585FD031211C551FD031211DD
:102F5300C5FAFC031211C583FB031211C5D5FA038D
:102F63001211C5CBFA031211C5C1FA031211C55AC6
:102F7300FA031211C53FFA031211C59CF90312118A
:102F8300C59CF8031211C50DE0031211C5B48906DF
:102F93001211C5BAF7031211C5AAF5031211C577A9
:102FA300DE031211C517DE031211C5B8F4031211A3
:102FB300C556F4031211C5F1FD041211C5E7FD0452
:102FC3001211C57CFD041211C5B0FB041211C56EAC
:102FD300FB041211C57AFA041211C54EFA04121138
:102FE300C505FA041211C546F9041211C535F604D4
:102FF3001211C5EDF3041211C59DF3041211C53767
:10300300F3041211C5F6F2041211C528F2041211C9
:10301300C5C2F1041211C561F1041211C501F10415
:103023001211C59FEF041211C533EF041211C587A6
:10303300EE041211C582EE041211C5E7DD0312116D
:10304300C576EE041211C53BDD031211C5D4DA03B4
:103053001211C58BD7031211C5DFD6031211C54D4B
:10306300D6031211C507D6031211C541EE0412117E
:10307300C5D3EA041211C5D0EA041211C583EA04C8
:103083001211C5D2D5031211C571EA041211C56715
:10309300EA041211C536EA041211C531E80412110B
:1030A300C5BCDF031211C5A4E7041211C561BD0637
:1030B3001211C560E7041211C534E7041211C5FDEE
:1030C300FD011211C5D0FD011211C59DFD011211A3
:1030D300C575FD011211C516FD011211C5F6FC01DE
:1030E3001211C5C1FC011211C56DF9011211C555AB
:1030F300F7011211C53FF5011211C5BFF4011211F9
:10310300C56BF4011211C577F3011211C59FD503E5
:103113001211C51FF4011211C59894060000008016
:10312300FB000022E4738F000100211A87000100D5
:103133001F1A35000400E51925000200E9192600CD
:103143000200EB1927000200ED1928000100F7190E
:1031530029000100F819840004009B168600010071
:1031630017192A000100F9192B000100FA192C0084
:103173000100FF192D000800A9162E000100001AF6
:103183002F000100011A30000100021A3100010072
:10319300031A32000100B11633000100B2163400E5
:1031A3000100041A36000100B31638000100051AA5
:1031B30039000100FE19830002001D1A630001009B
:1031C300BE1664000100FB1965000100FC196D00C7
:1031D3000100BF1671000800A116660001001C1A49
:1031E300430001000D1A440002000E1A45000100BD
:1031F300101A46000200111A47000800B6164800CC
:103203000100131A4B000100141A04000100201AD4
:10321300A1000100241A37000100231A88000100CD
:10322300221A3C000100B4163D000100061A4900B1
:103233000200151A67000100C0164D000200171A9C
:103243004E000100191A4F0002001A1A3E00010035
:103253000C1A51000100081A52000100091A530008
:1032630001000B1A54000100B51600000000000015
:103273000000000020010A840000010020010C84EA
:103283000000020020010E840000030020010B84D3
:103293000000040042019682000005004201C38140
:1032A3000000060042017D820000070030010F8408
:1032B300000000404201D8820000FEFF2101088483
:1032C30003000000212382150300FEFF210108846F
:1032D300020400002905A7190204100229239719E3
:1032E300030400002905AD19030410002905AF19D3
:1032F300030414002801B119030410022B239919A4
:10330300050400002105AB190504100229239D19AA
:103313000D0400003905A1190D04020210238A19B6
:103323000D040302102389190D04040221238B19B0
:103333000D04050221238D190D0411F110239F198A
:103343002B0400003905B4192B0410022823A019FB
:103353002B04040221238F192B0405022123911925
:1033630000013636010100010201000103010001E1
:103373000401060605020000070100340801000FDE
:10338300090401010D0100FF0E08000017020000EF
:10339300190100FF1A0100011B0100FE1C010008B6
:1033A3001D0200001F010001200100012102000095
:1033B3002301000F24020000260100012701000859
:1033C300280200FF2A0100072B0102402C01000004
:1033D3002D0100012E0100012F0100FF30010B1D03
:1033E300310800003A0100083B01000F3C010001D5
:1033F3003D0100FF3E0400004204000046040000BB
:103403004A0400004E040000520400005604000069
:103413005A040000010371030103010301030103C3
:10342300010322030203010310030003000300034B
:103433000003000300030003420300032403060305
:1034430000030003040312032503230325032303BB
:103453000403040300030003000344030003000305
:1034630023030003650321003503810300030503E0
:10347300000300030003000325032303030071007B
:1034830030016000110070003102200350048000FD
:1034930010006100000014006300730072006200FA
:1034A30043000000130006000000000004001200A7
:1034B3000000000000000000040004003700370093
:1034C3003C02440000000000000000006500000012
:1034D30035008100000005000000830000000304A4
:1034E3007104020460041104700402040204010460
:1034F30002041004610400041404630473047204DA
:1035030062044304000413040604000400040404D6
:1035130012040004000400040004510464000004C5
:1035230000040004440400040004000400046504CF
:1035330000043504810464000504000483040004CA
:1035430003027102300160021102700201020202E1
:1035530002028002100261023A0041006302730218
:1035630072026202430200021302380000020002E8
:10357300040212020002000200020002040204021A
:10358300370037003C024402000239000002000207
:1035930065020002350281020002050282028302F3
:1035A3000002010171010101010111010101310158
:1035B300010101018001100161013B00140063015D
:1035C30073017201620143010001130106013D0110
:1035D3003500040112010001000100010001040192
:1035E3000401330133013C0144013201360000017F
:1035F300000165010001350081010001050182011F
:103603008301000136000100060000000F000000E6
:103613000000000000000000000003FFFF000004A2
:1036230003FFFF0000FFFF0FF4010005C4040320A4
:10363300000100000B000000000000000003010F68
:103643000000000000000000000000000000000077
:103653000000000000000000000000000000000067
:103663000000CF1DF91DD51D031DDB1DFF1DDB1D37
:103673000B1EE11D031DDB1DFF1DE71D031D0000C8
:103683000000ED1D031D0000000000000000F31DFD
:10369300031D000000000000000000000000000007
:1036A3000000000000000000000000000000000017
:1036B30000000000000000000000000000001300F4
:1036C30081201F0087201F808D200000E72001003C
:1036D300E72002002D20028027200300332004006E
:1036E300392004803F200500452006005120310089
:1036F30063203300692034006F2036007520FFFFFC
:1037030000000A000000020000000400000008009E
:1037130000001000000020000000400000008000B6
:103723000000000100000002000000040000000887
:10373300000000100000002000000040000001C154
:103743002806F12808EB280B0F29100F2602C7289B
:1037530005DF2807CD280CA9280DB528640524FF0B
:10376300000007ECFDFDFDECDCDCCCBCACAC9C9CB0
:103773008C7C7C6C6C5C5C5C4C4C3C3C2C2C1C1C36
:1037830003EAF5E5D5D5C5B5A59595858575756523
:1037930065555545453535252515150500160F0085
:1037A300000B150B020002220F3300000E0FD0D1C5
:1037B300D2D3D4D5D6D7D8D9DADBDCDDDEDF5A696C
:1037C30067426565416C6C69616E63653039000001
:1037D30000000000000000000000000000000003E3
:1037E3004D4C4651181A250502003C40423A3F3FD2
:1037F300392F473000011916181616182303003005
:103803003017181921301B1D1F303030161819209E
:10381300231A1C1E300C0E020B040B0A0708000FA0
:1038230002040201010101090200BE040AE80300C7
:10383300000000000003007F001A000100E80308F5
:103843000A0A051003030A0C091E081E1E0C28FF92
:1038530000040215033C180A10151000E4F0A3F04D
:10386300A3F0A32212385FF022901809124E6B12B4
:103873002CAB2212387A22E0F508E4F509F50AF5B3
:103883000B22E824FBF582E934FFF58322E82411B7
:10389300F582E439F583E022F5831238A122E0F5BD
:1038A30008A3E0F50922122F2774041211F57F08EB
:1038B300020F247401F090057CE0640F2274091256
:1038C30011F57F04020F24EA2413FAE43FFB122EBE
:1038D30055E9227905122E61740622A3A3E024F58B
:1038E300C3941322122F3390059C126E297A147BF2
:1038F3000022C082C0839017E8749FF0A3742CF059
:10390300A374B1F0A3742CF09017EC7487F0A37434
:103913002CF0A37481F0A3742CF0A374BDF0A374F2
:103923002CF0A374C3F0A3742CF0A374B7F0A374A6
:103933002CF0A3746FF0A3742CF09017F87493F029
:10394300A3742CF0A37499F0A3742CF0A3748DF0DA
:10395300A3742CF0A374C9F0A3742CF0901809126B
:10396300583A6009901809124E67121BD190180635
:1039730012518174081264D6A3F09018B2F0901813
:103983000BF07C0BFDF97A0C7B18121B237C0B7D4F
:103993000079007A177B18121B23024FDB74F7128E
:1039A3000C1D74F71212A8EAFEEBFF123A337405EA
:1039B30012529F7403F0123B4A1252812430FCE4EA
:1039C3003FFD8C82123A2B123A3F60081242587420
:1039D300FFF0A3F0EE242EE43F1C1CFD8C82F58344
:1039E300A3E0C0E08A828B83124F33D0E0123A3FC8
:1039F3008882898312576E2403F0EE1242621215F5
:103A03004C7403F0900591120FF374021212881292
:103A13003E2C1211F5E9F5087007EEFAEFFB122DB3
:103A23003BA9087409024271F583E08882898322E5
:103A3300EA123A382212597D3FF583221267561251
:103A4300528DE8F0A3E9126A2DE02274F0120C1DE6
:103A5300EAFEEBFF8C0C8D0D890B123B4AF58312AA
:103A63005295741012154CE0F508A3123A2DF0E8A4
:103A730024FFF582E9123E3EE508F0E824FEF582D4
:103A8300E9123E3EE50BF0900596E0C0E0E824FD28
:103A9300F582E9123E3ED0E0F0900595E0C0E0E803
:103AA30024FCF582E9123E3ED0E0F0741212154C6C
:103AB30012389D123885E509F0E824FAF8E934FF55
:103AC300F98882F583E508F0EE2404FCE43FFD88E1
:103AD300088A828B83E0F50E8C828D83E0250EC3EA
:103AE30095081267561250BB850C82850D83A3A3DC
:103AF300A3A3A3A3A3A3E064037009EE12526FF080
:103B0300A3E48003123E43123E4B7409F075080C84
:103B1300750918750A00780812121412622012111E
:103B2300F57508FF7509FF7808121218AC0CAD0D76
:103B3300123E2C1211F5E9F5087007EEFAEFFB12AD
:103B43002D3BA9080238B1EA2402FAE43FFB8A823A
:103B530022C082C083901828E0C3940840047407ED
:103B63008001E08A828B83F033333354F8F9024FB8
:103B7300DB74F0120C1D8A088B09890A8C0E8D0FD9
:103B8300750C00A2AFE433F50BC2AF901822804549
:103B9300123C76503D123C9064037036E50824F9DC
:103BA300F508E50934FFF5098E828F83A3A3E0248A
:103BB30005FCA3E03400FDAA08AB09121CC1E5080B
:103BC30024FFF508E50934FFF5097410250CF50CFD
:103BD300150A1240651271DEE50A6004EE4F70B0FB
:103BE300E50BA2E092AFA2AFE433F50BC2AF90189E
:103BF30022803E1257478882F5831249BB8508828B
:103C0300850983F08A828983123C87A3A3E0C0E0FD
:103C1300E50824FFF582E509123E3ED0E0F0E50811
:103C230024FEF508E50934FFF509050C150A1240D1
:103C330065123EB96021123C90640270F1123C7629
:103C4300EE40B01253B6A2E550E4850E82850F8391
:103C53007401F0E50A70D7E50BA2E092AF85088204
:103C6300850983E50CF0E50824FFFAE50934FFFB39
:103C73000238B1123C7CA2E622EE2411F582E43F25
:103C8300F583E022123C8B2212578CA3228E828F63
:103C930083A3A3124F37125E632274F0120C1D74B8
:103CA300F31212A8740312154CE9F0740212154CA6
:103CB300EAF08B0B852182852283E4F004121280C3
:103CC300122C51E9F890057BE0292437F508FA7B9B
:103CD30000121B358A0C8B0DAE0CAF0DEA4F70032F
:103CE300023E23EA2402F50EE43FF50FA808EA2872
:103CF300F8E43BF9850E82850F831247B790057B65
:103D0300E0F9FAC3E49AFA95E0FB850E82850F8306
:103D1300E02AF50CA3E03BF50D90057912389D756B
:103D23000A007808121214E9FC7D00AA0CAB0D12EC
:103D330051F11211F5AC21AD22740112154CE0F9C9
:103D4300E50C24FFFAE50D34FFFB122C578A828B16
:103D530083E4F0E50BC454F0F99018B3E0C43333B3
:103D630054C0F8900575E0A2E0E4331313484944C6
:103D73000FC0E0EA24FFF582EB123E3ED0E0F0EA0A
:103D830024FEF50CEB34FFF50D740312154CE0F82B
:103D9300740212154CE0C454F048850C82850D83DF
:103DA300F0A80C850E82850F831264A32AC3988E14
:103DB300828F83A3A3A3A3F0850E82850F83E8F0EC
:103DC300A3E50DF0123E43123E4BE4F0740C1215C2
:103DD3004CE4F0750817750918780812121412626A
:103DE300201211F5852182852283E06009EE240EDD
:103DF3001253B84408F0122E43E9F9E4F508F50923
:103E030078081212187406121288123E2E1211F537
:103E1300E97006EEFAEFFB800BEEFAEFFB121B3BA9
:103E23007A007B00740D0238AE7903EEFAEFFB12D1
:103E33002E5B740222EE24FFF582EF34FFF583221A
:103E4300EE123A38E4F0A322F0123E5022EE126151
:103E5300433FF5832274F2120C1D8A0C8B0DA2AF23
:103E6300E433F50AC2AF7508007509009018228083
:103E73002C1240755024850C82850D83A3A31262F6
:103E8300338E828F83A3A3124E67122E49E9600AF1
:103E9300124070C2E6F08E088F09124065123EB9D7
:103EA30070CFE50845096006123F52D2E6F0E50AF5
:103EB300A2E092AF800DE0FEA3E0FFEE4F2274027A
:103EC3001211F57F06020F2474F0120C1D8A0E8B5B
:103ED3000F8C0C8D0D750A00A2AFE433F50BC2AF46
:103EE3007E007F009018228010AE08AF09123F4A6F
:103EF3001253B6D2E7F0124E45124E596034123FB8
:103F030052A2E750F1850882850983A3A3120FF318
:103F1300AC0CAD0DAA0EAB0F122E4F74021211F59D
:103F2300E960D3EE4F60C21242EC7006123F64D2D6
:103F3300E4F0E50BA2E092AFEE4F6006122D35756B
:103F43000A01A90A0238B1123C7CD2E4F0EE22E560
:103F53000812615D3509F583E022AA82AB83121C46
:103F6300C18E828F83A3A3124F37E02274F2120C07
:103F73001D74FE1212A8750C00750D008521828533
:103F83002283E4F0A3F0A2AF33F50AC2AF90182264
:103F93001271DE802BEE24FBF582EF34FF12389B87
:103FA300780C1212181240531211F5EEFCEFFDAA11
:103FB30021AB22121B59AE08AF09901828E014F068
:103FC300EE4F602B124075501DEE240BF8E43FF9C1
:103FD3008882F583E024FFF0A3E034FFF088828930
:103FE3008312583A60AF8E0C8F0D12406580A1E5A5
:103FF3000AA2E092AF901828E0602C90057CE06460
:104003000F60069018B2E0701E7A007B18122F33EF
:10401300908404120FEF7A007B181250631211F58B
:10402300800574F0124F44AA21AB22121B5F8A0849
:104033008B09AE08AF09EA4F6013122C631240706C
:10404300A2E28E828F83A350D974E980D7023EC146
:10405300EEFCEFFD7A227B18121B6B7402228E0A90
:104063008F0BEE24FBF582EF34FFF58322EE123C37
:104073007D22123C7CA2E72274F7120C1DEAFEEBB0
:10408300FF122C63124F30123127E9640190059817
:10409300700AE02401F8A3E034008003124EB6F95D
:1040A3001255B81250BB901828E0701F90057CE0A1
:1040B300640F70177A007B18122F33908404120F49
:1040C300EF7A007B181250631211F5A8A8C2AF90C3
:1040D3001828E004F0E8A2E78004E508A2E092AF24
:1040E3000254C674F7120C1DEAFEEBFFEA12411CE0
:1040F300F0122C63EEFCEFFD7A227B18121B65A8ED
:10410300A8C2AF901828124A0A90057CE0640F7089
:10411300057908122DFB0254C6123C7DC2E42274B9
:10412300F7120C1D74EA1212A8EAFEEBFF90057554
:10413300E0602A8521828522837401F012154CE404
:104143001241D712154C123F5DC0E0740A12154C90
:10415300D0E01264C3740B12154C12572374160269
:10416300427174F7120C1DEAFEEBFF122C45E9F9BC
:1041730074DC69601E74DD69601974E46960147429
:10418300F369600F74DE69600A74DF69600574DBCC
:10419300697007EEFAEFFB122E010254C674F71290
:1041A3000C1D74EB1212A8EAFEEBFF852182852217
:1041B3008374061241D712154CAA82AB83121CC119
:1041C300EE2408FCE43FFD740A12154C12572374C5
:1041D30015024271F0EA2413FCE43FFD74022274D9
:1041E300F7120C1D74F71212A8EAFEEBFFEA243053
:1041F3001253B8605DEA12426212154C7403F090D8
:104203000591120FF3124258120FF39005A4E0F92F
:104213007404121288EEFAEFFB122C4B7404121181
:10422300F5E9F974DC69602374DD69601E74E4697F
:10423300601974F369601474DE69600F74DF696078
:104243000A74E869600574DB697007EEFAEFFB1224
:104253002E01023A26EE242EF582E43FF583221244
:104263006634AA21AB22121CC174082274031211F2
:10427300F50254C674F2120C1D8A0C8B0D750A00DC
:10428300750B007508E7A2AFE433F509C2AF9018C8
:10429300228003124061123EB9602512407550F32B
:1042A3001242EC70EEEE2432124483E06870E4783C
:1042B3000A1212181240531211F5901828E014F044
:1042C300E509A2E092AFEE4F6013EEFAEFFB122C7A
:1042D3006379F0EEFAEFFB122E01750800A908AA24
:1042E3000CAB0D122E01023EC6123E50E0640122B9
:1042F30074F4120C1D74F71212A8EAFEEBFF8A8203
:10430300F583A3E064F370030243918A828B83A352
:10431300E064DF60798A828B83A3E064E8606F8A5C
:10432300828B83A3E064DB6065122CA5E9F508703A
:1043330055EE240E1253B8604D12439B6048740827
:1043430012154C1243AA120FF37508FF7509FF7873
:10435300081212188E828F83A3A3A3A3A3A3A3A3DC
:10436300E0F97404121288122C4B74041211F5E94B
:10437300F50874F369600F74DF69600A74E86960B3
:104383000574DB69700F8E828F83A3E508F0EEFA64
:10439300EFFB122CB10238C0EE240FFAE43FFB7995
:1043A30009122CE7EA4B227402125C2974FFF0A372
:1043B3001243B722125777A3A32274F1120C1DEAFA
:1043C300FEEBFF7508008A82F583A3A3A3A3A3A32F
:1043D3001238DE40037508E88A828B83A3A3A3A364
:1043E300A3A3A3A3A3A3E0C3941040057508E88087
:1043F300138A828B83A3A3A3A3A3A3A3A3A3A3E04F
:10440300640F600B90188FE0540870037508E8EA96
:10441300240B124483A3A3A3A3A3A3A3A3E0C3983E
:10442300500DEA240B1253B8640F60037508E8902B
:104433000595E0F47003A3E0F470037508EC7A23A8
:104443007B00121BCB8B0BA90B90180912449260B3
:10445300278E828F83A3A3A982AA83890C8A0D75D1
:104463000E00780C1212147C237D00901809E0FAD8
:104473001251F11211F5800375081AA90802621B83
:10448300F582E43FF583E0F88A828B83A3A322EAD3
:10449300F0A3EBF0EA492274F5120C1DEAFEEBFFE0
:1044A3008A82F583A3A3A3A3A3A3A3A3E090057C7C
:1044B30012452AE0900597F0EA240B1253B89005B1
:1044C3007712452AA3E09018B3F0F91219859018D2
:1044D300B3E0600BEE24041253AA24061245209085
:1044E30018B21238B6600474018002740090180B7D
:1044F300126B6E1212147C0B7D007A0C7B18125116
:10450300F11211F5EE2418F508E43FF509780812C5
:1045130012147C0B7D007A177B180251DEFAE43FFC
:10452300FB79E112196D22126B58A3A3A3A3227482
:10453300F7120C1DEAFEEBFF8A82F583A3E07003FA
:1045430012386C1266DF0254C674F7120C1DEAFEB1
:10455300EBFF90180912583A6010901809124E6731
:10456300901809E4F0A3F0121BD18E828F83740894
:10457300124F4B1222C10254C674F6120C1D90182E
:10458300B2E0601090180BE0700A12459AEA4B6093
:1045930003122D3B0267D9900577E0FB900597E066
:1045A300FA90057CE0F9122C5D2274F4120C1D7450
:1045B300E71212A8EAFEEBFF750B018A82F583A3CB
:1045C300A3A3A3A3A3A3E0A2E25069EA242BF58249
:1045D300E43F126231EA2413FAE43FFB122C69E947
:1045E30070529082D6E064017005750B008045120D
:1045F300466C1212147C0B7D00741112128012513E
:10460300F11211F5122E43E9FA740E12127888088A
:10461300890978081212187508307509007808128C
:104623001218EE12648C120FF312662679011238F7
:10463300D81211F58521828522837410F012662623
:10464300740212154CAA82AB83121CB5EE242B12F2
:104653006E1F740B12154C1250BB740D12154CE5E2
:104663000B12689874190238C2EE2408126B762272
:10467300C082C0839018B3E06003122EB5024FDBF3
:10468300C082C0839018AA74E8F0A37417F0A374CF
:10469300ECF0A37417F0A374F8F0A37417F0901A56
:1046A300CF74E1F0A37434F0901894743FF0A374C2
:1046B3002CF090182D7475F0A3742CF090182F74AF
:1046C3007BF0A3742CF090188FE04402024ADFC001
:1046D30082C083EAFCEBFD79030257E6C082C08304
:1046E3007908026959C082C08374FE1212A8901817
:1046F300357423F0A3742DF0901837741DF0A37450
:104703002DF080077A227B18124744901822125802
:104713003A70F190182412583A60097A247B1812DF
:10472300474480EF901822E4F0A3F0901828F0A3F8
:10473300F0A3F0901843745FF0A3742DF07402801B
:104743001C121B5F852182852283EAF0A3EB1247AB
:1047530058122E3122F0AA21AB222274111211F524
:10476300024FDB74F6120C1DE9FF74EC29F582E4A9
:104773003437F583E493FEFA7B00121B35EA4B6072
:1047830007EA2E1247B480267A027B00121B35EA11
:104793004B601774022FF582E43438F583E4938A6F
:1047A300828B83F0A3741A124B7D7A007B0002671D
:1047B300D91250AAE8126753A3A3A3A3E4F022E9F2
:1047C300FC740629F8EAA2E0501EE875F00A84E5B5
:1047D300F0F96014740A28C399F8E9C394054004F6
:1047E300740A28F8740B28F8ECC394134004791462
:1047F30080027906E82979002409F85001097A0A28
:104803007B001209BBE8F90211C2C082C083901871
:104813008FE05402600A1222C7E960047901800222
:104823007900024FDBC082C08390188FE05402608E
:1048330014901828E0700A125837600912484D5036
:1048430004790180027900024FDB123890A2E7223B
:10485300C082C0839082D3E0F890182AE0C39850B6
:1048630005121B3580047A007B00024FDBC082C037
:1048730083122E317900024FDBC082C08374FE1293
:1048830012A8852182852283EAF0A3EB1249E6A3CD
:10489300A3A3A3A3E0600A14605724FE605A02494D
:1048A3005690057CE0640F6012122E07E9700C121B
:1048B3004E61901831124F331231279005A4E0C096
:1048C300E085218285228312575AD0E01249E6748B
:1048D30014126177FCA3E0FD7A247B18121B59A8FC
:1048E300A8C2AF90182A124A0A7920122DFB024758
:1048F30040124CB4741580D9124CB4A3A3A3A3E003
:104903006051124CB4123F68C0E085218285228336
:10491300E02406F582E43BF583D0E01261772402BC
:10492300F8A3E03400F98882F583E02401FAA3E0D8
:104933003400FB88828983EAF0A3EB126177124C7F
:10494300F485218285228360131249BB60051249D5
:10495300CD4048AA21AB22122E3180921249BB606E
:10496300F21249CD50211249DAFA85218285228338
:10497300A3E0C82406124CB0F8742212596F3438DD
:10498300F583E4936A60148521828522831249BBEF
:10499300640870BF1249DA640870B81249DA141255
:1049A30049EE240AC0E0852182852283124F33D049
:1049B300E01249EE040248D41249BF22124EB6C88F
:1049C3002406F582E438F583E0228521828522835B
:1049D3001249BFC3940A22852182852283123C8B0C
:1049E300A3E0221249F8F5838882221249F8C824E9
:1049F30006124CDE22F0852182852283124EB622D6
:104A0300A8A8C2AF901829E004F0E8A2E792AF2269
:104A1300C082C08390183912583A6008124CBB12F6
:104A2300312780027900024FDB74F7120C1DEAFE76
:104A3300EBFFEA123E517401125069F8A3E0F91238
:104A43003A331250BBEA24351253B8C0E0EA2413B8
:104A5300F582E43FF583D0E0F0EA24361253B8C080
:104A6300E0EA2414F582E43FF583D0E0F0EA243849
:104A73001253B8C0E0EA2418F582E43FF583D0E08E
:104A8300F0EA242FF582E43FF583120FF312663325
:104A9300EA24311253B8F9123E321211F5E9F5083E
:104AA3007007EEFAEFFB122D3BA9080254C6C08231
:104AB300C083122E07E96004792080027901024F36
:104AC300DBC082C083EA2411124AD5D2E0800DEA0A
:104AD300240DF582E43BF583E022F0A3F0024FDBE3
:104AE300C082C083124AD264017011124B77400C0A
:104AF3008A828B83A3E0F9122E018066124B68A28F
:104B0300E650128A828B83A3E0F9901833124F3355
:104B1300123127804D124AD26401700D124B775027
:104B2300088A828B83743080368A828B83A3E06405
:104B33001B8A828B83700474228024A3E0700D127D
:104B43004AD2F8740D12596F3438800B124AD2F8D6
:104B5300740212596F3438F583E4938A828B83127B
:104B63004B7D024FDB124B6C22EA2410F582E43BAF
:104B7300F583E022124B6CA2E322F090188AE0F94D
:104B8300121B412274F7120C1DE9FE1258377003F1
:104B9300024CADEE6014741B6E701AE81261433957
:104BA300F583E064057003024C8590182C124CBB0E
:104BB300A3E4024C8C74E96E7068E82412F582E475
:104BC30039F583E0700B1222CDE96005124CFE60CB
:104BD3006179EE1218EF90182B124CD590182B60B8
:104BE3003A124D0190182B700B124CD514F0121A77
:104BF300A5024CAD124CF3C2E7124E9C240D124C8D
:104C0300B064037009124CCE124E52D2E2F079ED29
:104C13001218EF124CE61231278078124CC174E956
:104C2300806774E16E703E1222CDE96055124CFE2E
:104C3300705090059EE0C0E0124CCE2412F582E441
:104C430038F583D0E0F090058DE0C0E090182B128A
:104C53004CCA124CCAD0E0F090058DE004F0790103
:104C6300121A8D8045741C6E701890182B124E67A3
:104C730090183B124F3312312790182BE4F0A3F016
:104C8300802890182B124CC1EEF090182B124E670F
:104C9300122D29124E7DE05480600312694890184A
:104CA3002BE4F0A3F07910122DFB0254C6124CDE54
:104CB30022852182852283A3E0F583888222124CF8
:104CC300C522124F3BA3221257882290182B12574A
:104CD30069221257692412124CDE22F582E438F558
:104CE30083E02290182B124E6B90182F124F37220D
:104CF300E0F8A3E0C82410124CDE2290182B124EC9
:104D030084E054042274F4120C1D750A00750B0020
:104D1300A2AFE433FEC2AF1258376003024DFB1259
:104D23004F30123127E94410F89018228009850882
:104D33000A85090B124E45124E597003024DFB12A0
:104D43003F52586870E8780A121218AC08AD09127D
:104D530040571211F590182BE508F0A3E509124E00
:104D63009C124E52A2E75003024E02901829E014FF
:104D7300F0EEA2E092AF90182BE0240EF8A3E034FB
:104D830000F9E8FEE9FF8882F583124E6790182B3D
:104D93001249E0F9122CEDE99018261264D68E829E
:104DA3008F83E054806018124CCE2413124CB0F958
:104DB3001219A9124CCE2414124CB0F912199D12D7
:104DC3004E7DA3E05401605F90182612583A604567
:104DD300124E936040124E93F87900901826124EAB
:104DE300671209C3E8C0E0124E71D0E0124EA1C3AE
:104DF300941340117402800FEEA2E092AF803790BB
:104E03001828024D717400C0E090182CE0C8124EAF
:104E13003CD0E0800D124E717401124E9C124E3C38
:104E23007401F07903800C90182B124CF3A2E1B3B8
:104E3300E433F9121A8D0238C5241AF582E438F5E1
:104E43008322E50824FBF582E50934FFF58322126A
:104E5300615D124CE1221238A1E508450922852142
:104E630082852283124E6B22E0FAA3E0FB221257C3
:104E7300662419F582E438F5832290182B124E84A8
:104E830022124EB6C8124E8C2212597D38F5832257
:104E93001257662418124CDE22124EAEC822124E4E
:104EA300AEF5838882A3A3A3A3E022F090182B126C
:104EB3004EB622E0F8A3E02274F7120C1DEAFEEBD3
:104EC300FF122E2B1253B5A2E3400A1242EC7005D7
:104ED3009082D180039082D2E0F9EEFCEFFD7A223A
:104EE3007B18121B71E96038EEFAEFFB901835124C
:104EF3004F33123127EE240E1253B854047012129A
:104F03004A03EE123A34A3E05401701E122D358089
:104F130019EEFAEFFB90182D124F33123127800A46
:104F23008E828F83A374F1124F440254C6901837B4
:104F3300124F3722124F3B22E0F8A3E0F583888219
:104F430022124F4B122D2922F0EEFAEFFB22024FD1
:104F5300D474F7120C1DEAFEEBFF790090188FE072
:104F63005402700CEA24331253B85404600279E8F3
:104F730090188FE05460700CEA24331253B8540233
:104F8300600279E88A828B83A3A3A3A3E0F89082CB
:104F9300D7E0C398500279E8EA24311253B8700C71
:104FA300EA242E1253B8700479F5800BE9700512C8
:104FB3002D17E9F9E96007EEFAEFFB122E0102540F
:104FC300C6C082C0838A828B83740DF01222C18093
:104FD30007C082C083122D35D083D0820211C274E0
:104FE300F4120C1DEAFEEBFF8A82F583E4F0A312B0
:104FF300506954049082D17012E0F8901829E0C3EC
:1050030098401279F1122E010238C5E0F890182861
:10501300E0C39850EE12506FA3E054016037EA24C6
:10502300371253B8C394054033EA24331253B854A8
:105033000570297A3D7B18122F33EE2437F582E46D
:105043003FF58312387678081212107A3D7B1812D6
:1050530050631211F5EEFA125A6080AC79E880A51C
:10506300122F27740422F012506FE022EA2433F542
:1050730082E43FF5832274F6120C1DE9FE2451FAF3
:10508300E43400FB121B35EA4B6015EE8A828B83F6
:10509300A3A3A3A3F0EA24511250AA1250BB800485
:1050A3007A007B000267D9F8E43BF98A828B83A3F9
:1050B300A322126E29901907E8F0A3E9F022024F08
:1050C300D4C082C0839018467489F0A3742DF0A3D2
:1050D30074B9F0A3742DF0A3748FF0A3742DF0A30F
:1050E3007495F0A3742DF0A374B3F0A3742DF0A3FF
:1050F30074A7F0A3742DF0A374A1F0A3742DF0A3EF
:1051030074BFF0A3742DF0A374C5F0A3742DF0A3A2
:1051130074CBF0A3742DF0A374D7F0A3742DF0A374
:10512300749BF0A3742DF0A37483F0A3742DF0A3E8
:10513300747DF0A3742DF090186274ADF0A3742DF8
:10514300F0A374D1F0A3742DF0A374EBF0A3742E29
:10515300F0A374DDF0A3742DF0A374E3F0A3742D16
:10516300F0901886E4F0901889F09018721251812B
:105173007402F090187B1251817401024ADF74FBB0
:10518300F0A3742DF0A32274F5120C1D74F1121206
:10519300A88521828522837402F0740112154CE9DB
:1051A300F060047AFF7BFF740212154C125C1E75CB
:1051B300087E750918750A0078081212147C0B7D95
:1051C30000740712154CAA82AB831251F11211F528
:1051D300AA21AB221222C1740F80031251F11211C2
:1051E300F57F03020F247C0B7D007A7E7B18121B54
:1051F3001774032274F7120C1D74FD1212A8852173
:1052030082852283740AF0740112154CE9F074024A
:1052130012154CEA12689802426F74F6120C1D7450
:10522300F71212A8EAFEEBFFEA12526F12529F74B2
:1052330002F0EA2428FCE43FFDAA21AB22121CB5AC
:10524300EE2431125275243312629712121874022B
:1052530012128879831A1A123E301211F5E9F508F1
:105263007007EEFAEFFB122D3B0267D2123A387445
:105273000122F582E43FF5831238A112573FF583EB
:1052830012528DE8F0A3E9F0EE221252958A828B36
:105293008322E024FFF8A3E034FFF922F0A3E4F033
:1052A300EA123E512274F0120C1D126D071214D92A
:1052B3007808790C120AB678081212107A757B18DE
:1052C3000238A974F4120C1D74C61212A890057C3E
:1052D300E0640F600D852182852283742E125C3D6C
:1052E30080227A6C7B181238E71209C3880889096F
:1052F300E4F50AF50B78081212107A6C7B18125039
:10530300631211F5743A0238C274F5120C1DEAFEE9
:10531300EBFF8A82F583A3E0F87078EA2430125316
:10532300B864026007E06403600278E8EA2426F5C3
:1053330082E43FF5831238E0400478E88058E8704F
:1053430052EA2426124520EE24311253AA243012A5
:1053530053B86402700EEE2428126E1F90058B1250
:1053630050BB801790058B74FEF0A304F0EE242845
:10537300FCE43FFD7A827B05121CC1EE241B12461E
:105383006F1212141251E91211F5EEFAEFFB122DFE
:1053930077E9F8E8600EE88E828F83A312663B7488
:1053A300171266E50251E4FAE43FFB795012196DD6
:1053B300EE22EE2410F582E43FF583E02274F61228
:1053C3000C1D74F71212A8901889E070377401F05D
:1053D300F9121A57AA21AB22122E3D75087E7509C0
:1053E3001878081212187508017509007808121246
:1053F30018900591120FF374061212887A0312386B
:10540300D61211F50267D474F7120C1D1255E6700B
:1054130004A374EBF0901889E0A2E25003C2E2F017
:10542300E0A2E150051255F780098E828F83742A1A
:105433001266E50254C674F4120C1D74FE1212A80F
:105443001254EC125732EC85218285228312578144
:10545300E0F50B7015AA21AB22795312196DEE24D6
:1054630013FAE43FFB794A12196D12466C121214B7
:105473001251E91211F5124E61A90B122D6B9018FE
:1054830089E0A2E150031255FE901889E4F07402FA
:105493000238C274F7120C1DEAFEEBFF8A82F58311
:1054A300A374EBF0901889E0A2E150077A0079EB3E
:1054B300122D71EEFAEFFB122DA78007EEFAEFFB28
:1054C300122EA97F01020F2474F7120C1D1254EC43
:1054D300901886E4F0901889F07AFF7BFF8E828F14
:1054E30083A3E0F9122D6B80DA1256377A757B1895
:1054F300122F332274F7120C1DEAFEEBFF122DA1BB
:1055030080BA74F7120C1D125674A3A3A3E06004AF
:105513007400800274EB1255455003C2E2F0E0A21E
:10552300E150051256488011A2E0500D8E828F8300
:10553300742AF0A374EB1266E5EEFAEFFB122D4D1D
:1055430080818E828F83A3F0901889E0A2E2227477
:10555300F6120C1DEAFEEBFF901889E0D2E1F07918
:1055630001121A578E828F83A3E07038122E43E9FB
:10557300FAEE240DF508E43FF509780812121875C0
:10558300080175090078081212181255B8120FF3A2
:10559300EE2402FCE43FFD1238D61211F5E98E82A7
:1055A3008F83A3F08E828F83A3E060067A00F912C3
:1055B3002D710267D9EE240BF582E43FF583227443
:1055C300F7120C1D1255E67004A374EBF0901889C2
:1055D300E0A2E25003C2E2F0E0A2E150031255F769
:1055E3000254C6EAFEEBFF7901121A5D8E828F83A5
:1055F300E0642022C2E1F01255FE227A008E828FEF
:1056030083A3E0F9122D712274F7120C1D12563781
:105613008E828F83A3A3A3A3E0600474008002742B
:10562300EB1255455003C2E2F0E0A2E150031256DB
:105633004802553CEAFEEBFF7901121A5D7A6C7B56
:1056430018122F3322C2E1126B69E0A2E4E433FAA9
:105653001256002274F7120C1D12567474EB125575
:105663004A5003C2E2F0E0A2E150031255F702549C
:10567300C6EAFEEBFF7901121A5D8E828F83A322A5
:1056830074F7120C1D1256990254BF74F7120C1DB5
:105693001256990254C6EAFEEBFF7A6C7B18122F5E
:1056A30033EEFAEFFB122DCB2274F7120C1D74EFBD
:1056B3001212A8EAFEEBFFEA1266277A827B051232
:1056C3001CAFE960568521828522837409F0740139
:1056D30012154C74EFF0125732740212154CEC127F
:1056E3005781A3A3E0C0E0740412154CD0E0125715
:1056F3006E640870158E828F83A3A312575AE0C07D
:10570300E0740512154CD0E08006740512154CE4C4
:105713001264C3740612154C12572374110242719A
:10572300AA82AB83122E73AA21AB221222C12212A8
:10573300573FF583125751FCA3E0F922EE12574766
:10574300FB8882222402F8E43FF9E8FAE922124EA8
:10575300B68882F583E0221257692407F582E4387C
:10576300F5832290182B124EB6C8221257722212BA
:105773005777E022F08E828F83A3A3A3A32212671D
:10578300531257882212578C22E0F8A3E0F583883E
:1057930082A3A322C082C083122EB5024FDBC08234
:1057A300C0839018A67446F0A37418F0A37462F033
:1057B300A37418F0901AC974A5F0A37435F0A374F8
:1057C30043F0A37435F09018927465F0A3742DF030
:1057D30090188FE04401024ADFC082C083EAFCEBE9
:1057E300FD7902122E19024FDB74F6120C1D74FEA2
:1057F3001212A890188B12583A60077A8B7B1812F2
:105803002E31901891E4F0900D0112583A602080E7
:1058130007AA21AB22122E3190188AE0F9121B4DF0
:105823008B09A90985218285228312449270E2742F
:10583300020267D690182B126E29E8492274F712D8
:105843000C1DE9FA7B0090188AE0F9121B770254C9
:10585300C674F7120C1D74F01212A8EAFCEBFDE9F2
:10586300FE8A828B83E0F8741812596F3438F583FB
:10587300E493C0E0740112154CD0E0F0640B700D9A
:10588300E98A828B83A3F0122E9702596AE0700390
:1058930002596A640C600302595B741A6E700B74CC
:1058A3000412154CE4F0A302595A740412154C1255
:1058B3005C1EEA2432126127C0E0740312154CD037
:1058C300E0126B54121511740612154C12151D8C2F
:1058D300828D83A3A3A3A3A3A3A3A3A3126E25745F
:1058E3000A12154CE8F0A3E9125974E05410600948
:1058F300852182852283E48013EC2412126127F828
:1059030090059EE0C398852182852283F0E0C0E064
:10591300740C12154CD0E0F0EC2415126127C0E092
:10592300740D12154CD0E0F0EC2416126127C0E080
:10593300740E12154CD0E0F0EC2417126127C0E06E
:10594300740F12154CD0E0125974A3E0540160088F
:10595300740112154C7411F0740212154CEEF074AC
:10596300011212801222C1741002427128F582E4DE
:1059730022F0EC12597D3DF58322240EF582E422B8
:10598300C082C083901891E064037004790180029F
:105993007900024FDB74F7120C1D901891E0125A34
:1059A3001374C728F582741A39F583125EA5C2E70A
:1059B300F0125A1AA3E493FE25E0FCE433FD74C706
:1059C3002CF582741A3D126231EC4D6005EE90188D
:1059D30091F08A828B83E025E0FCE433FDE82CF52B
:1059E30082E93DF583E493FCC4540F25E0F874A0E9
:1059F30012596F3418F58312583A7005122E8580A8
:105A03000CEC540F125A1A124F331231270254C698
:105A130025E0F8E433F92225E0FCE82CF582E439AB
:105A2300F5832274F2120C1D74FE1212A8890B8ADC
:105A3300088B09125AC5125AB6601A1264D0F50AB5
:105A43007808121214125AD224021262271211F584
:105A5300125A5E8003125AE4023EC1AA0CEFFB9075
:105A6300188AE0F9121B412274F0120C1D74FE1205
:105A730012A8890B8A0E8B0F125AC5F508125AB653
:105A830060271264D0A808EA281247B4850E088557
:105A93000F09F50A7808121214125AD2126225124B
:105AA30011F5125A5E79008005125AE4791A7402CC
:105AB3000238AEFA7B00121B358A0C8B0DAF0DEA50
:105AC3004F2274E129F582E43437F583E49322A865
:105AD3000B74F712596F3437F583E493FC7D00EAB6
:105AE30022852182852283E50BF0791AAA21AB2234
:105AF300122E0122C082C083E990188A024ADF7401
:105B0300F6120C1D74FE1212A8EAFEEBFFEA5420F3
:105B130070308039A8A8C2AF90182AE014124A0C3A
:105B23008A828B83125C0B90188D125C1E122E0DD1
:105B3300852182852283E0641560077A8D7B1812A4
:105B43002E317A247B18121B5FEA4B70C7EF548007
:105B5300700C801690188DEAF0A3EB125C3190184C
:105B63008AE0F9121B4DEA4B70EAEE5410600B8584
:105B73002182852283742D125C3DEEA2E0500B85B9
:105B830021828522837424125C3DEE5402600B85CE
:105B930021828522837425125C3DEE5404600B85BB
:105BA30021828522837426125C3DEE5408600B85A6
:105BB30021828522837428125C3DEE5440600D746B
:105BC3000112154C125C24742C125C3DEE5480605F
:105BD3000D740112154C125C24742F125C3D901845
:105BE3008B12583A601BA8A8C2AF90188B124E674D
:105BF30090188BE4F0A3124A0CA3EAF0A3E9125C19
:105C0300317A007B00025832125C0F22E085218238
:105C1300852283F022A3A3A3A3A3A3EAF0A3EBF01B
:105C230022E4125C2922F085218285228322F0124C
:105C33002E0D7A8D7B18122E3122124758122E0DFB
:105C430022C082C08390188D126893687002EB693A
:105C5300700790188DE4F0A3F0024FDB74F7120C79
:105C63001DEAFEEBFFEA4F7003121757A2AFE433AE
:105C7300F508C2AF8E828F8312583A6028E824FB5E
:105C8300FAE934FFFB90188D126233E86C7002E975
:105C93006D700790188DE4F0A3F08E828F83E4F08B
:105CA300A3F0121BD10240DDC082C0839018B474EC
:105CB30079F0A3742EF0A3748BF0A3742EF0A37465
:105CC30091F0A3742EF0A37447F0A3742DF0A37482
:105CD30097F0A3742EF0A37441F0A3742DF0A37472
:105CE3004DF0A3742DF09018C274C7F0A3742EF076
:105CF300A3749DF0A3742EF0A374A3F0A3742EF0E9
:105D0300A374AFF0A3742EF0A374A9F0A3742EF0C0
:105D13009018B3E4024ADFC082C08390058BE0642D
:105D2300FE7003A3E0F470097C827D05121CB5802C
:105D33001C8A828B83A3A3A3A3A3A3A3A37402F0AC
:105D430090058B126E258A828B831250BB024FDB28
:105D5300C082C083900595C3E094FEA3E094FF4006
:105D630004790380027902024FDBC082C083125E92
:105D7300AE8C828D83125E63687039740268701C06
:105D83008A828B83125DBCE06870298A828B83A32D
:105D9300125DBCA3E068701C7901801A74036870FB
:105DA30013EC2405FC50010DEA2405FA50010B12F3
:105DB3001CBB80027900024FDBA3A3A3A3A3E0F8DB
:105DC3008C828D83A3A3A3A3A32274F6120C1D7E3E
:105DD30000740A12154CE0125E57FF8A828B83A36C
:105DE300A3A3A3A3A3A3A3E06F706474026F704E75
:105DF3008A828B83C082C08388828983A3A3A3A35F
:105E0300A3E0F50888828983A3A3A3A3A3A3E0FB4C
:105E1300AA08D083D082E06A7003A3E06B70308855
:105E2300828983A3A3A3E0FA88828983A3A3A3A37C
:105E3300E0F9EA6C7002E96D70157E01801174035C
:105E43006F700CE82405FCE439FD121CBBE9FEEE7F
:105E5300F90267D9F8A3E0F98882F583125E632219
:105E6300A3E01313543F540322C082C0838A828B5E
:105E730083A3A3A3A3A3A3A3A3E064027016900523
:105E83008B125EA5687003A3E06970047901800F2B
:105E93007900800BEAFCEBFD7A827B05121CAF02D2
:105EA3004FDB126E298A828B83E0228A828B8312D4
:105EB3005E63F82274F0120C1D74FC1212A8E985BB
:105EC3002182852283F0740212154CECF0A3EDF0CD
:105ED3008A0A8B0B750800740212154CE024081211
:105EE3006127C0E0740112154CD0E0126177A2E77C
:105EF3005008750EFF750FFF800A900591E0F50EAF
:105F0300A3E0F50F852182852283E0C2E712617C3D
:105F13005420600712614974088004126149E41235
:105F2300617C5404600712615474808005126154CB
:105F3300741012617C5410600612612FE4800B9080
:105F4300059EE0C0E012612FD0E012617CA2E05018
:105F5300037508205408600674104508F5088A8202
:105F63008B83A3A3E024FFFEA3E034FFFFEA1261C7
:105F73003AC39402E0400F640B6009E0148E828FF1
:105F83008312616D74034508F5087509009005B126
:105F9300E0640170118A828B83A3A3A3A3E0C3945B
:105FA300674003750910852182852283E0F50C750E
:105FB3000D00740E780C1213C6E50D4509F509E0C2
:105FC3006402701B900596E08E828F83F090059596
:105FD300E0C0E0123E38D0E0F0EE24FEFE801CE08C
:105FE3006403701DEE24F9FEEF34FFFF7CA57D05ED
:105FF300EEFAEFFB121CC1EE24FF1EEF34FFFF800D
:1060030003E0602F740112154CE06018741412152C
:106013004CE0650E7004A3E0650F700874404508FA
:10602300F508800F8E828F83E50FF0123E38E50E60
:10603300126163740112154CE0F50C750D00740ABE
:10604300780C1213C6E50D4509F509E064027023C7
:10605300740212154C12688E8E828F83F0740212B2
:10606300154C123F6AC0E0123E38D0E0F0EE24FE39
:10607300FE8020E064037021EE24F9FEEF34FFFF7D
:10608300740212154C126233EEFAEFFB121CC1EECE
:1060930024FF1EEF34FFFF8003E0601C741412150D
:1060A3004CA3E08E828F83F0741412154CE0C0E091
:1060B300123E38D0E0126163EEF8EFF9E824FF1ED8
:1060C300E934FFFFE50A12613A7005900581800308
:1060D30090058DE0FA04F0EA8882898312663BE535
:1060E3000912616D8E82F583E508F0E50A2404F850
:1060F300E4350BF9E50A2402FAE4350BFBEEFC8ADE
:10610300828B83E0F50888828983E02508C39C128B
:106113006756EEF0A3EFF0850A82850B83A3E4F0C4
:10612300F90238ACF582E43DF583E022EA2412F566
:1061330082E4350BF58322126143350BF583E022AC
:10614300240DF582E422EA2410F582E4350BF5836D
:1061530022EA12615D350BF583222411F582E422D4
:10616300F0EE24FEFEEF34FFFF22F0EE24FF1EEFDD
:1061730034FFFF22125C29E022F0EA12597D350B2D
:10618300F583E02274F1120C1D74FE1212A885210E
:1061930082852283ECF0A3EDF0890B8A0E750A1A2F
:1061A300741512154C1270B8122CE78A0C8B0DAEB5
:1061B3000CAF0DEA4F605A741312154C1268931208
:1061C3006292F0A3E91252A2E50BF0750A00780877
:1061D3001212147C0B7D00EA1262251211F5741160
:1061E30012154C120FF3740212154C126233A90EDE
:1061F300123E2E1211F5E9F50A7016E50B24F9602B
:1062030003147006124070D2E5F0EEFAEFFB122D84
:106213003BA90A74021211F57F07020F247C0B7D40
:1062230000EE241BFAE43FFB121B17740322F583D1
:10623300E0FCA3E0FD2274F6120C1D74F71212A801
:10624300EAFEEBFF7801EA24321253B860027805C4
:10625300EA12629212529F740412662EAA21AB2292
:10626300121CB5EE242F12527524311262971212AA
:1062730018740212128879031A1A123E301211F599
:10628300E9F5087007EEFAEFFB122D3B0267D21215
:106293003A38E822F582E43F123A2B12577204F09F
:1062A30078082274F2120C1D8A088B09ECFEEDFFAC
:1062B3008A828B837405F0EC1266C7126A1BF0EABC
:1062C3002403F50AE43509F50B850A82F583E0F525
:1062D3000CA3E0F50DEC2425F582E43FF5831215BC
:1062E30011E50C12615D350DF58312151DEC126677
:1062F30027AA0CAB0D121CB5850A82850B8312717C
:106303003812648C1264AF125C18EE242F1253B847
:10631300C0E0126495D0E01264DB2415F582E43802
:10632300F583E41264DB124E8CE41264C3850A82A3
:10633300850B83E02416FAA3E03400FB122E738E40
:10634300828F83A3A3A3A3A3A3A3E0C0E0850A82B0
:10635300850B83124CD112614338F583D0E012646C
:10636300BAFAA3E0FB850A82850B83126E25E82423
:106373000BFCE439FD8A828B83E08C828D8312646B
:10638300D68A828B83A3E0F50B8C828D83A3E045B1
:106393000B12674EA3E0FCEA2403FA50010BECA2B4
:1063A300E7E433C0E0E8240FF582E439F583D0E075
:1063B300F074075C600478018002780075F0037460
:1063C300075CA428F8EA28FAE43BFBE5082405F86F
:1063D300E43509F98A828B83123A2D12674EAA8219
:1063E300AB83850882850983125C1888828983E0E0
:1063F300F50A25E0540EFCE50AC4540FF50A750BA3
:10640300007403780A1213C6E50A5438F8EC28F826
:10641300EA28F8E43BF9850882850983A3A3A3A3AB
:10642300A3A3A3A3A3E8F0A3E912576EFA8E828F66
:1064330083A3A3E02AFAA3E03400FBC3EA98EB9911
:1064430040288E828F83A3A3E0F885088285098381
:10645300A3A3A3A3A3A3A3A3A31264A3C39A28855B
:106463000882850983A3A3A38016850882850983EF
:10647300A3A3A3A3A3A3A3A3E4F08508828509830D
:10648300A3A3A3A3A3F0023EC6242BF582E43FF506
:10649300832212649922E82410F582E439F58322D9
:1064A300E0FA8E828F83A3A3A3A3E022124E6B880C
:1064B300828983A3A3A322F08E828F83A3A3E022E6
:1064C3001264C722F0EE2408FCE43FFD228A828B8B
:1064D30083E50BF0A3E4F022F0850A82850B831297
:1064E30057692274F5120C1D8C088D09750A007802
:1064F300081212147C0B7D000251DE0211C2C0820D
:10650300C0837918122E01024FDBC082C0838A82B6
:106513008B83E0C3940B5003122E7F024FDBC082A8
:10652300C083791980DE74F7120C1DEAFEEBFF902D
:10653300188B12583A601090188B124E67122E8BDC
:106543007A8B7B18122E31EEFAEFFB122E2B90185A
:106553008BEEF0A3EFF00254C674F7120C1D74DE39
:106563001212A8EAFEEBFF8A82F583E024FD601194
:1065730024FE601524ED600924FA600D14600A807E
:106583003C741612154CE48007741612154C7401F2
:1065930012662E740B12154CAA82AB83121CC174A3
:1065A3001312154C12664712154C1250BB740A1283
:1065B300154C12665312154C1250BB8042741612BE
:1065C300154C7402F0EA126627740B12154CAA825A
:1065D300AB83121CC1741312154C12664712154C6F
:1065E3001250BB740A12154C12665312154CE8F084
:1065F300A3E912664112154CAA82AB83122E73854E
:106603002182852283740B12663BA3E0C0E07401F0
:1066130012154CD0E012664112154C125723742206
:10662300024271EE2413FCE43FFD22F01266332292
:10663300EA2426FCE43FFD22F08E828F832212643B
:10664300C77417227403F0900595126E2974022201
:106653007402F0900591126E2974142274F7120CCF
:106663001DEAFEEBFF8A82F583A3E0F508702CEAAE
:10667300242F1266D07003A3E06960037508E8EA6B
:1066830024261238CD602AEE1266C7E4F0E50870BE
:106693000AEEFAEFFB122E67E9F508E508600F8EA4
:1066A300828F83A3E50812663B74191266E50254D0
:1066B300C6EE24321253B860D49018B2E070CE758F
:1066C30008E880DB2432F582E43FF58322F582E497
:1066D3003FF583126E29900591E068228E828F83A5
:1066E300742C124F4B122E0D22C082C08374F112F0
:1066F30012A8740212154C740412674EE0C0E074C1
:106703000312154CD0E0F0EA242FF582E43B126E1D
:1067130023740D12154C1250BBEA2426FCE43BFDF6
:10672300740412154CAA82AB83121CB5740412159F
:106733004CAA82AB83122E55E960031267B7740229
:106743001212801222C1740F024760126756A322ED
:10675300F0A3E9F08A828B832274F6120C1D74E88D
:106763001212A8EAFEEBFF740212154C7403F0EA4E
:106773002413F508E43FF509AC08FD740412154C25
:10678300123F5DC0E0740C12154CD0E01264C37468
:106793000D12154CAA82AB83122E73AA08AB0912F1
:1067A3002E55E960031267B774021212801222C1D8
:1067B3007418801F85218285228374FFF0A31247FA
:1067C30058795312196D90058B74FFF0A3F022A929
:1067D3000874091211F57F02020F2474F6120C1DBE
:1067E30074D41212A8EAFEEBFF8A82F583A3A312E4
:1067F300688EA2E6501C900591126893242B1253C5
:10680300B8687003A3E06970099018B3E06042129E
:106813002EB5740B121278740312154C125286FCA7
:10682300EFFDAA21AB22122E6D852182852283746E
:106833002B125C3D900576E06008740812154CE05D
:10684300600B8521828522837405126898742C80DD
:106853008290059AE060BB1238CA70B6EE2408F540
:1068630008E43FF509780812121875080175090044
:106873007808121218900591120FF37C827D057A25
:106883000379061238D81211F580C2124CC5E022E2
:10689300126E29EA221247581222C122C082C083F3
:1068A30074EF1212A88521828522837409F0740182
:1068B30012154C74EE12689802475E74F7120C1DA1
:1068C300A2AFE433FFC2AFE9600312195B1218E908
:1068D3001269237E0012691412583A60091269146E
:1068E300124F331231270EEEC3940740E8122F03E1
:1068F300122DF59018CCE4F0122CE1122E377A9475
:106903007B05795212196DEFA2E092AF7900025420
:10691300C6EE125A13749228F582741839F583223D
:106923001269489018B3E0F9121985900591124E37
:106933006B12198B900595124E6B1219917AA57BE8
:1069430005121997229005A4E0F91219A99005A33D
:10695300E0F912199D22122E13024FDBC082C0836D
:106963009018CD74D3F0A3742EF0A374F1F0A37434
:106973002EF0A374F7F0A3742EF0A374D9F0A374CC
:106983002EF0A374E5F0A3742EF0A374DFF0A374C8
:106993002EF09018A074B4F0A37418F0A374C2F08E
:1069A300A37418F0A374CDF0A37418F090188FE4B7
:1069B300F0A3F01218E3024FDB0211C274F7120CBA
:1069C3001DEAFEEBFF8A82F5837407126A23126ABB
:1069D3001B126A23A3A3126A1BA3126A2DA3A31279
:1069E30015118E828F83A3A3A3A312151D8E828FED
:1069F30083A3A3A3A3A3A3A3A3E4F0EC2418F58286
:106A0300E43D126E238E828F83A3A3A3A3A3A3A328
:106A1300A3A31250BB0254C6E08A828B83A3A32292
:106A2300126A2DA3A3A3A3A3A322F08C828D832296
:106A330074F4120C1DEAFEEBFF9018DAE4126B54A7
:106A4300A3E0C3940640069018DA74E8F08A828BB8
:106A530083A3A3A3A3A3A3A3E0C3940F40158A8294
:106A63008B83A3A3A3A3A3A3E0640360159018DA05
:106A730074E8F08A828B83A3A3A3A3A3A3E0640394
:106A8300700E90188FE0A2E040069018DA74E8F0D8
:106A9300EAFCEBFD7AD97B18122ECD8E828F83A36D
:106AA300A378081214D9740A780812125F9018EDAB
:106AB30078081214BB8E828F83A3A3A3A3A3A3A3DB
:106AC300E09018F1126B63E09018F2126B63A3E08D
:106AD3009018F3F0EE240B1253B89018F4F0EE2450
:106AE3000C1253B89018F5F0A3740AF09005A4E0C3
:106AF3009018F7F09018EA1251817404126B6E1219
:106B030012147C0B7D007AF87B181251F11211F5E7
:106B13009018DAE0702A8E828F83A3E07022901897
:106B2300DBE060069018DA74EAF09018DBE0F91203
:106B330019B58E828F837426F07904121A51800757
:106B43008E828F837429F0EEFAEFFB122E0D02383A
:106B5300C5126B5822F08A828B83A3A3A3A3A3221B
:106B6300126B69A3A3221243B7A322F0EE240D12E2
:106B73006B7622F508E43FF509750A00780822745C
:106B8300F4120C1D74F71212A8EAFEEBFF9018DB47
:106B9300E070309018F6E0640A60281219C7E9C063
:106BA300E09018F6E0F89018E2E028F8A3E034004B
:106BB300F9E824F5F582E9123E3ED0E0F09018E1C1
:106BC300E004F09018ED78081214D97401780812D3
:106BD300125F9018ED78081214BB9018F6E004F0D9
:106BE300E508A2E04006E0C3941E40D7E0641E70AF
:106BF30003026C7C7AF67B1879E112196D74081222
:106C0300154C7402125C2574FFF0A3F09018DBE0BE
:106C1300600464027009EEFAEFFB122EDF8063E07A
:106C23006401700679087A80800479077A8375088D
:106C3300F87509187808121218E4F508F5097808A8
:106C43001212187508FF7509FF78081212187406D6
:106C53001212881238D81211F5E9F874DB6860143F
:106C630074E568600F74F368600A74DF6860057424
:106C7300E868700EE99018DAF08E828F8374291217
:106C830066E50238C074F0120C1D75080175090021
:106C9300750A00750B009018F6E0780812117E78DB
:106CA3000812146C9018DD78081214129018DBE0A7
:106CB3006403700F126D071214D97808790C120A45
:106CC300B68035750801750900750A00750B0090CB
:106CD30018F1E0780812117E90837C78081213A0D3
:106CE300908404780C1214D97808790C120AB6909F
:106CF30018DBE070031219C178081212107AE47BD2
:106D0300180238A990059F12387A908404780C22CF
:106D130074F1120C1D74D41212A88A088B099018EE
:106D2300DBE06402600DE064016008E06405600379
:106D3300026E149018DAE4F0740B121278740312D2
:106D4300154C1250BBAC08AD09AA21AB22122E6D13
:106D53009018F2E0F89018E1E0C39850781271DDD2
:106D63009018E1E0F50A80368E828F83A3A3A3A354
:106D7300A3A3A3A3A3126E25741412154CE0687089
:106D830003A3E069700F740B121288EEFAEFFB1283
:106D93001CAFE97040150AEE2421FE50010FE50AED
:106DA30070C6740B121278880C890D750E00780C5E
:106DB3001212147C217D009018E1E08CF0A4F8A954
:106DC300F0A3E028FAA3E039FB1251F11211F59078
:106DD30018E1E004F0900576E0600E740812154C9B
:106DE300E070069018F2E07007AA21AB221222C1CC
:106DF3009018F2E060219018E1E0F89018F2E06852
:106E030070158508828509837429F0AA08AB098067
:106E130003126ED1122E0D742C026218F582E43F18
:106E2300F583126E2922124EB6F92274F6120C1D46
:106E330074FE1212A88A088B09EA241BF582E43532
:106E430009F583E06403707DEA2424F582E43509BF
:106E5300F583E06403706EEA2413FAE43509FB79E1
:106E63004A12196D850882850983A31271DD8E820A
:106E7300F583126EDD50010FAA21AB22795012194E
:106E83006D8E828F83126EDD50010FAA21AB2279A2
:106E93004B12196DEEFAEFFB79E112196D8E828FA9
:106EA30083A3126EE91250BCAA21AB2279531219A3
:106EB3006D9018DAE4F08508828509837429F0AAB5
:106EC30008AB098003126ED1122E0D0258329018AE
:106ED300DA74E81267567429F022126EE9F0A3E916
:106EE300F0EE2402FE22E0FAA3E0F9EA852182858E
:106EF300228322C082C0837AE47B18122F331219B3
:106F0300BB7904121A5D9018DBE0640370069018D5
:106F1300DAE060097AF77B1879E112196D7AD97B87
:106F230018024FCFC082C08374F51212A8EAFCEB9B
:106F3300FDAA21AB22122ECD740112154C74FC1242
:106F43006898740B024760C082C08379070269594D
:106F5300C082C083901903E4F0A3F0901905F0A355
:106F6300F0901AD1F0A3F0A374FF1264D6901AD54F
:106F7300F0A3F0A374FF1264D6901907024ADD74DC
:106F8300F4120C1D901907E4F0A3F09019031258A2
:106F93003A6027901AD178081214D91270BF1212CE
:106FA300FE50171270A61270BF1212FE5006127016
:106FB300BF1214BB9019031250B590190512583A19
:106FC300901907601E12583A60111270B21214D948
:106FD3009019051270C21212FE500D90190512502D
:106FE300B5800512583A6021901AD178081214D945
:106FF3009019071270C21212FE500E901907124C0C
:10700300CA121535121877800312187D0238C57419
:10701300F4120C1DA2AFE433FEC2AF90190712584D
:107023003A60781270B21214D9901AD178081212F9
:10703300FE500B12175790190712583A605D1270E1
:10704300A69019071270C212119D504F9083D478E5
:10705300081214D99019071270C21212FE500312AB
:1070630017579019071270B8122F338508828509B4
:1070730083A3A3A3A3A3A3A3A3E0F98508828509FC
:1070830083A3A3A3A3A3A31272C5EEA2E092AF129C
:107093003127A2AFE433FEC2AF809BEEA2E092AFF2
:1070A3000238C512186B8A088B098C0A8D0B2212C1
:1070B300578F7808221238A1AA08FB2290190312CD
:1070C300578878082274F0120C1D8A088B098C0AE1
:1070D3008D0B741012154C801C9083D4780C1214F1
:1070E300D98E828F83A3A3780C1212FE500312173A
:1070F300578E828F83123EB960358E828F83A3A30E
:1071030078081213FF127135687002EF6970CA9024
:1071130083D4780C1214D98E828F83A3A3780C1294
:1071230012FE50B58E828F83A3A312386780C202EA
:1071330038B1901907126E29EE2274F3120C1DA2B6
:10714300AFE433F50CC2AF9019051271DE90190349
:10715300120FF3901AD178081214D9780812133F3A
:10716300AA08AB09AC0AAD0B122F1574021211F564
:10717300802F901AD178081214D98E828F83A3A3FB
:1071830078081212FE4013901AD178081214D98E7F
:10719300828F83A3A378081213508E828F83127178
:1071A300DEEE4F70CD901AD578081214D9901AD10B
:1071B30078081213136015901AD5121511901AD16D
:1071C30012151D901AD1121535121865122F09E5E3
:1071D3000CA2E092AF7F05020F24A3E0FEA3E0FF21
:1071E3002274F0120C1DA2AFE433FEC2AFED8C0C7F
:1071F300F50D8C828D83800C850E0C850F0D850E0D
:1072030082850F83E0F50EA3E0F50FE50E450F60D1
:107213001A850E82850F83A3A378081214D98A8254
:107223008B83A3A378081212FE50CD850C82850DA3
:1072330083125C1E8A828B83E50EF0A3E50F126A2C
:107243002D126893687002EB697003122F09EEA286
:10725300E092AF0238B174F4120C1DEAFEEBFF7436
:107263000C12154CC082C0831270A6D083D08278D2
:10727300081213A08E828F83A3A378081214BB7CF9
:10728300037D19EEFAEFFB122F210238C574F712B2
:107293000C1DEAFE8C828D83A882A9831272C5E538
:1072A3008245836018EE65827003EB658370E91293
:1072B3004E6788828983125C1E79018002790002FD
:1072C30054C6E0FAA3E08A82F5832274F7120C1DF8
:1072D300EAFEEBFFA2AFE433F508C2AF7C037D19EE
:1072E300122F2DE9700B7C057D19EEFAEFFB122F9F
:1072F3002D127135687002EF697003122F09024075
:10730300DDC082C08390042D7470F0A374B1F0A328
:10731300E0541FF0900431741DF0A37442F0A37481
:1073230070F0A374B2F0900437E0541FF090043966
:10733300741EF0A37412F08040C082C08312738362
:1073430000E5D6A2E150F9E5B354F84406F5B3439A
:10735300B301E5B3A2E350FA801FC082C083127366
:107363008300E5D6A2E150F9E5B354F84404F5B33C
:1073730043B301E5B3A2E350FAD083D0820211C232
:10738300EB90042BF0EAA3F09004307410F0900417
:107393002FE054E0F075D1FD75D6022274F7120C7C
:1073A3001D740912154C1277B990042BF0E8A3F061
:1073B300740B12154C1277B9F9E8900430F0E9F820
:1073C30090042FE054E048F0EB900435F0EAA3F08A
:1073D300EC900438F0EDFC900437E054E04CF07589
:1073E300D1FD75D60200E5D6A2E150F975D1FB7542
:1073F300D60400E5D6A2E250F97F01020F24C08231
:10740300C083122BF102737CC082C08353B38F43BA
:10741300B340122BFD02737C74F4120C1D8C088D87
:1074230009750A10750B00780A12121878081212DF
:10743300181274481211F51279F2E5D1A2E250FA4A
:107443007F04020F247C107D00AA08AB09122C03D1
:1074530074042274F0120C1D74E91212A87404123D
:10746300154CE9F0740512154CECF0A3EDF074041F
:1074730012154CE0700302779D743112154CE01421
:10748300C0E0740712154CD0E0F0742B12154CE0D9
:10749300F50EA3E0F50FE50E450F6009740712150D
:1074A3004CE0D2E6F0740412154CE024FE3333545E
:1074B300FCF8740712154CE048127BFE1212147C80
:1074C3000D7D00740B12154C127BF41211F5742709
:1074D30012154CA3E0C0E0741512154CD0E0F07403
:1074E3002712154CE0C0E0741612154CD0E0F07C66
:1074F300107D007900742F12154C1277BE750C2085
:10750300750D00C3E50E940FE50F9400401DE50EC5
:1075130024F2F8E50F34FFF9E854F02420F50CE4E5
:1075230039F50DE8540F60031277AD742712154C2B
:10753300E054F0F8A3E0F9E50C28F50CE50D39F576
:107543000D742712154CE0540F60031277ADAA0C8B
:10755300AB0D121BCB740212154CEAF0A3EBF074C3
:107563000212154C1277B9F9E849700579100277C0
:107573009F74071212788808890978081212147CFC
:10758300107D00740512154C127A141211F5740251
:1075930012154C1277B9C82410F582E438F583E547
:1075A3000FF0740212154C1277B9C82411F582E456
:1075B30038F583E50EF0740212154CE024121278AC
:1075C3001F4011742912154C127A0A1212147C0EE0
:1075D3007D00801E7C0E7D007900852182852283BB
:1075E3001277BE742912154C127A0A121214AC0EB9
:1075F300AD0F740312154C127A141211F585218202
:10760300852283E0240E12781F5003027695E50E3F
:1076130024F2F50EE50F34FFF50F850E08F5097416
:107623000478081214ACAE08AF09E50E1277A41261
:1076330013C685080E742912154CE0240EF508A311
:10764300E03400F5097808121214AC0EAD0F740380
:1076530012154C127A141211F51278026034127753
:10766300CB1213C6742912154CE02508F8A3E03594
:1076730009F9E8240EF508E439F50978081212141B
:10768300AC0B7D00740312154C127A141211F5120F
:1076930077E3742712154C1279F9740478081214DD
:1076A300ACAE08AF09742712154CE01277A412137D
:1076B300C685080E85090F740512154C127A0A1235
:1076C3001214AC0EAD0F740312154C127A1412116E
:1076D300F5127802602D1277CB1213C674051215BA
:1076E3004CE02508F508A3E03509F50978081212DE
:1076F30014AC0B7D00740312154C127A141211F59D
:107703001277E3852182852283C082C083740212AB
:10771300154C1277B9F9D083D082E0C398F8A3E06F
:1077230099F9E8650C7003E9650D60031217575367
:10773300B38F43B350742F12154C127A1D122BF7CB
:10774300780C121218740412154C120FF37C107D6E
:1077530000743312154C127A011211F553B3F874F5
:1077630004780C1214ACE50C24FFFEE50D34FFFF86
:107773001279E3600B43B301E5B3A2E340F280F86F
:1077830053B38F85B3B343B301E5D1A2E250FA7487
:107793000212154C127A1D121BD17900741702784C
:1077A3002E540FF50B7404780822E50C2410F50C05
:1077B300E4350DF50D22E0F8A3E0221277C222E0B2
:1077C300FAA3E0FB121B23227C107D0079008521A4
:1077D300828522831277C28E088F09740478082267
:1077E300852182852283E024101277F022F8A3E01A
:1077F3003400F9852182852283E8F0A3E9F022850C
:107803002182852283E0250EF8A3E0350FF9852137
:1078130082852283E8F0A3E9F0E50B221277F0C317
:10782300E50E940FE50F94002274021211F57F0800
:10783300020F2474F0120C1D74DD1212A8E98521C5
:1078430082852283F0740112154CECF0A3EDF0EA6B
:10785300FEEBFF750E00750F00743712154C12798D
:10786300F9750A007808121214740312154CE0FC1F
:107873007D007416121280127BF81211F5743912FE
:10788300154CE014C0E0740312154CD0E0F08E08E0
:107893008F0978081212147C0D7D00740712154CA1
:1078A300127BF41211F5741212154CE4F0741112D8
:1078B300154CE4F0743312154CE0F50CA3E0F50D10
:1078C300850C08F509740478081214ACAE08AF09E6
:1078D300E50C540FF50B60050EEE70010FE50C453A
:1078E3000D60508E088F09740478081213C6AA0815
:1078F300AB09121BCB8A0E8B0FEA4B700579100272
:1079030079DE740112154C127A0A121214AC0CAD02
:107913000D127BF81211F5E50B6018F87410C3987B
:10792300FC95E0FD7900E50E250CFAE50F350DFB1E
:10793300121B2353B38F43B3207403121280127BA1
:10794300E812121874151212788808890978081237
:1079530012187C107D00743B12154C127A0112111F
:10796300F51279F2E5D1A2E250FAEE4F604453B337
:107973008F43B330741212154C7401F07403121256
:1079830080127BDC1213C6AC08AD097808121218FA
:10799300780E121218AA0EAB0F1274501211F5536F
:1079A300B3F81279E3600B43B301E5B3A2E340F20A
:1079B30080F8E50E450F6021850E08850F097808CC
:1079C300121214AC0CAD0D740412154C127A14126D
:1079D30011F5AA0EAB0F121BD17900742302782E76
:1079E300EEF8EFF9E824FF1EE934FFFFE8492253DC
:1079F300B3F843B30122E0F508A3E0F50922127AB4
:107A03001D122C03740422E0F508A3E0F50978089D
:107A130022127A1D121B17740322E0FAA3E0FB2241
:107A230074F1120C1D74DE1212A885218285228343
:107A3300ECF0A3EDF0890E743712154CE014C0E09E
:107A4300740212154CD0E0127BFE1212147C0D7DD1
:107A530000740612154C127BF41211F574111215F1
:107A63004CE4F0741012154CE4F0743112154CE030
:107A7300C3950EF50BC4540FFE7F00740F550B60B6
:107A8300050EEE70010F7C107D0079007412121246
:107A930080121B23A80B852182852283E028F50809
:107AA300A3E03400F5097808121214AC0E7D0074BB
:107AB30015121280127BF81211F553B38F43B320C2
:107AC3007402121280127BE81212187414121278C4
:107AD3008808890978081212187C107D00743912FD
:107AE300154C127A011211F51279F2E5D1A2E25086
:107AF300FA8E088F09740478081213C6AA08AB0912
:107B0300121BCB8A0C8B0DEA4B70057910027BD2CA
:107B13008E088F09740478081213C6AC08AD09F9EE
:107B2300121B23852182852283127A0A121214AC36
:107B33000B7D00AA0CAB0D127BF81211F5EE604819
:107B430053B38F43B330741112154C7401F0041204
:107B53001280127BDC1213C6AC08AD09780812122E
:107B630018780C121218AA0CAB0D1274501211F5DE
:107B7300E5B354F84402F5B31279E3600B43B30160
:107B8300E5B3A2E340F280F8850C08850D09780877
:107B9300121214AC0B7D00740312154C127A1412DA
:107BA30011F5AA0CAB0D121BD1743512154C127AB8
:107BB3000A121214AC0E7D00A80B740312154CE0CC
:107BC30028FAA3E03400FB127BF81211F579007454
:107BD300221211F57F07020F24122BF78E088F094B
:107BE3007404780822122BF77508107509007808B9
:107BF30022AA82AB83121B17740322F08A088B0913
:107C0300750A0078082274F2120C1DE9FF8C0C8DA2
:107C13000D70057900027C9B740E12154CE0C39F16
:107C2300FE741612154C1279F9741812154CE0F5FE
:107C33000A780A12121C7808121218741712154CBB
:107C4300120FF3741712154C120FF3741712154C0D
:107C5300120FF3EEF50A750B00780A121218122CA4
:107C63001B740B1211F5E9F8702E7800800108E8F7
:107C7300C39F5024EEFD74012DFEE8FAE5082AF5B2
:107C830082E43509F583E0FCE50C2DF582E4350D3E
:107C9300F583E06C60D879017F06020F2474F0123B
:107CA3000C1D74FE1212A8127E0712154CE0FEA3DF
:107CB300E0FF741A12154C127DEA12154C127DF472
:107CC30012121C780C121218850E0A850F0B780AF3
:107CD300121218741D12154C120FF3741D12154C49
:107CE300120FF38E0A8F0B780A121218741D1215D5
:107CF3004C127DE4740B12154C127E01122C1B7472
:107D03000B1211F5E9F97034E509F50A780A121234
:107D13001C780C121218780E1212188E0A780A1296
:107D23001218741912154C127DE4740712154C12B3
:107D33007E01122C2174071211F5E9F902782C74D3
:107D4300F0120C1D74FE1212A8127E0712154CE0DD
:107D5300FEA3E0FF741A12154C127DEA12154C12A1
:107D63007DF412121C780C121218850E0A850F0B63
:107D7300780A1212188E0A8F0B780A1212187419C5
:107D830012154C127DE4740712154C127E01122C4D
:107D93002774071211F5E9F97044E509F50A780A21
:107DA30012121C780C121218780E121218741D126B
:107DB300154C120FF3741D12154C120FF38E0A7823
:107DC3000A121218741D12154C127DE4740B12154D
:107DD3004C127E01122C2D740B1211F5E9F9027865
:107DE3002CE0FCA3E0FD22E0F50EA3E0F50F741CEC
:107DF30022E0F50CA3E0F50DEBF50A780A22127ADE
:107E03001DA90822852182852283ECF0A3EDF08A47
:107E1300088B09741422C082C0837A207B0012234A
:107E230039122BA3901A0CE064017003122BC7D0F4
:107E330083D0820211C274F6120C1D121B2FEA901A
:107E43001731F09017427402F09017357414F090C4
:107E53001759740FF0A3F0901A02E0901738F090BE
:107E63001A01E0901732F0901A00E0901733F09067
:107E73001739E4F0A3F090173C04F0901799F090B1
:107E8300173D7405F0A37401F09015BBE090173F04
:107E9300F09019FAE0901740F0A3E4F09019FEE097
:107EA300901743F09019FFE0901744127F44A3E426
:107EB300127F447C087D0079007A4A7B17121B23CA
:107EC30090175274FEF0A304F07CA97D167A667BAA
:107ED30017121CC190176EE4F0901793740FF0A360
:107EE3007403F09016B2E0901797F09016B1E090FB
:107EF3001796F0901A04E0901798F0901795E4F015
:107F030075089A7509177808121218750802750909
:107F13000078081212187C007D007A897B00121CFD
:107F23005574041211F5E9600790179AE4F0A3F071
:107F33007900122A2F90179CE4F0A3F07F02020F1E
:107F430024F0A374FEF0A304F0220211C274F6120B
:107F53000C1DE9FEEAF8EBF9EE241F600424F0702F
:107F630013EC5430600E121B2FEA540779002402DD
:107F7300F8500109E8FAE9FB80C2C082C08390157A
:107F83003DE4F0901537F0A3F0D083D0820211C204
:107F9300C082C083E990153D80EE74F6120C1DE992
:107FA300FE90840DE0F8EEC39840047903803CA270
:107FB300AFE433FBC2AF750801750900EE78081210
:107FC30013C6AC08AD09EA7011ECF4F8EDF4F990BE
:107FD3001537E058F0A3E0598009901537E04CF0CD
:107FE300A3E04DF0EBA2E092AF79007F02020F24F1
:067FF3000211C20211C2DE
:1080000007000A000C000D000E000F001000110008
:1080100012001300140019001B00000101010002EE
:10802000010202040004010403040404050406041C
:1080300000050206030604060506060607060806EE
:1080400009060A060B060C060D060E060F0610069C
:1080500011061206130604070009000B010B020BA0
:10806000030BFFFFFFFFFFFFFFFFFFFF00FFFFFF0F
:10807000FFFFFFFFFFFFFFFFFFFFFFFFFFFFFFFF10
:10808000FFFFFFFF000000000000000000000000F4
:1080900000000000000000000000000000000000E0
:1080A0000000000500060008000900160002010299
:1080B0000203020003010301050205000601060494
:1080C0000B1406150617060007010702070307042D
:1080D000090009526573746F72696E672061747468
:1080E000726962757465732066726F6D204E5620DA
:1080F0007374617475733D25640D0A00706F72743A
:108100004E756D3D307825582070696E4E756D3D09
:1081100030782558206973507265737365643D2506
:10812000640D0A00000000000000000000000000D4
:10813000000000000000000000000000000000003F
:1081400000000000000000000000536176696E67C7
:10815000206174747269627574657320746F204E47
:10816000562077726974653D25640D0A0052656179
:1081700064424D4532383020743D256C642C2070AB
:108180003D256C642C20683D256C640D0A004E561C
:108190002077617320656D7074792C207772697413
:1081A000696E672025640D0A0000000000000000D1
:1081B00000000000000000000000000000000000BF
:1081C0000000001844495952755A5F41697253655D
:1081D0006E73655F52656C6F616465644150505F9A
:1081E000524541445F53454E534F52535F45565499
:1081F0000D0A004150505F534156455F415454525F
:10820000535F4556540D0A00252E8B286F1769269B
:10821000B91EEB1CED2F1D1E031727175265616455
:10822000696E672066726F6D204E560D0A004155CB
:1082300054482043422063616C6C65640D0A004120
:1082400050505F5245504F52545F4556540D0A00EE
:10825000000000000000000000000000000000001E
:108260004261736963526573657443420D0A00008D
:108270000003000204050403040D042B040C323037
:1082800032363032313820363433000000000000FE
:10829000000000000000094566656B74614C616276
:1082A00000000000000000000000000000000000CE
:1082B00000FFFFFFFFFFFFFFFFFFFFFFFFFFFFFFCD
:1082C000FF0000000000000000FFFFFFFFFFFFFFB6
:1082D000FF0508050008017405342E302E37820092
:1082E0003A003B000000008030750000B1AD010095
:1082F00000D4FEFF000400000000200001900100F7
:10830000010000199A99993FB03600000A00000058
:108310006400000014000000350C0000D0070000CD
:10832000080000001900000000200000FEFFFFFF11
:108330000000FF0000800000000000FF04000000BB
:108340000006FFFF19E0FCFFF8FF0000E71F030035
:108350003C000000FFFFFFFF3521000060F0FFFF41
:108360000001000080000000050000000040000047
:1083700000100000000800000200000001000000E2
:1083800048E80100A7190000F401000000409C45E6
:1083900090010000060000000000803A000020412B
:1083A0000000FA43018089440024744901800000E0
:1083B0001E000000030000000C0000000000000090
:1083C000102700000100008000480000100000009D
:1083D000983A000000000000C800000000000400FF
:1083E0000B000000881300003200000097511800B5
:1083F000E204000058020000AC0D0000E803000099
:10840000E90300003000000002000101030A040437
:1084100074F7120C1DE990179FF0901754E4F012B6
:108420001AD59017B7E4F0A3F09017A0F0A3F012BC
:108430002B3D1223A5122549121ADB9016D3E4F026
:10844000A3F012229D02B0E374F0120C1D74D3123B
:1084500012A812D64B5480606690179FE0F9121B49
:108460004D8A088B09AF09EA4F604C7C0080010CF3
:10847000EC75F003A4F8A9F0744128F5827437393B
:10848000F583E493F46029E493F88A828B83E068AF
:1084900070DDEC75F003A4F8744228F58274373966
:1084A000F583E493C0E0740193F583D08212312701
:1084B000AA08EFFB121B3B12EF7B64800288E58564
:1084C0002182852283A3E05420601F1229998A0803
:1084D0008B09AF09EA4F600A1228B5AA08EFFB1210
:1084E0001B3B12EF7B64200288E585218285228375
:1084F000E0542070030287AC7A207B0012A4CD7078
:108500001A9017B3121511E8494A4B700E750801FD
:10851000750900750A00750B00806D750C00750DEE
:1085200000750E00750F00121CA98A088B098C0AB1
:108530008D0B9017B3121511E8494A4B6031901713
:10854000B3780812119D400E750CFF750DFF750E66
:10855000FF750F7F801985080C85090D8C0E8D0F16
:108560009017B3780C1212907401780C12125F8578
:108570000C08850D09850E0A850F0BE50845094590
:108580000A450B70030287097C0079047A007B009E
:1085900012295D8A0C8B0DAE0CAF0D02864F740252
:1085A00012154C74FFF0740312154C74FFF0740430
:1085B00012154C74FF12A16BFAA3E0FB74071212A0
:1085C00088128FA9E9640170681288F14480F8A3C9
:1085D000E0F9742812154CE8F0A3E912E66BE0C04C
:1085E000E0742A12154CD0E012B35A540860167485
:1085F0002812154CA3E04401128913C0E0742C1218
:10860000154CD0E0F012CBFD6011E8240B1288FB72
:10861000F8741612154CE8F0A3E4F09083D4120F0E
:10862000EF7406121288740B121280129A4A1211F9
:10863000F58E828F83A3A3A3A3A3A3A3A3A37406EE
:10864000128913F912293F740512154C12DDBAEE86
:108650004F70030287097C007904EEFAEFFB1229C0
:108660005D740512154C12D6518E828F83A3A3A37D
:10867000A3128C74E4F50EF50F7808790C12148CA3
:108680004021EE2404F8E43FF985080C85090D88A3
:1086900082F583C3E0950CF0A3E0950D12ECD77042
:1086A000A6800C8E828F83A3A3A3A3E4F0A3F08EF5
:1086B000828F83A3A3A3A3A3A3A3A3A3A3E0640183
:1086C0008E828F83A3A3A3A3A3A37020E05404608E
:1086D0000302859E8E828F83A3A3A3A3A3A3A3A338
:1086E000A37406F07AB7128903028647A3A3A3A353
:1086F000E0600302859E8E828F83A3A3A3A3A3A31E
:10870000A3A3A37401F002864712292D7C007901EE
:108710007A007B0012295DEA4B600312C50E7C00D3
:1087200079047A007B0012295DEA4B701480458A37
:10873000828B83A3A3A3A312CBEDC3EE98EF994042
:108740000B8A828B83A3A3A3A312DDBA7C007904D6
:1087500012295D8B0BA90BEA4970D4C3E5089EE58D
:10876000099F500DC3EE9508FEEF9509FFEE4F707F
:108770000C12C50E9017B312A666F08024EE2EFEE2
:10878000EF338E08F509E4F50AF50B78081212109C
:108790007A20128B171211F5121CA99017B312151B
:1087A00029852182852283E064208037E05410608F
:1087B0000E122585852182852283E064108024E0C5
:1087C0005440600E1225F7852182852283E06440A3
:1087D0008011E054806012122465852182852283F5
:1087E000E06480FAA3E00288E5A3E05401600B1284
:1087F0002B1312EF7B64010288E585218285228399
:10880000A3E0540860401225559016B1E064017051
:108810002D9016B2E06027F508E4F509F50AF50B8E
:108820009083FC780C1214D97808790C120AB67867
:10883000081212107A007B0812DE491211F512EFAD
:108840007B64080288E5852182852283A3E0541099
:1088500060139017B1E06005E4F012255512EF7B2C
:1088600064100288E5852182852283A3E05440605C
:108870003A9017D812CC04602B901A0CE064017067
:10888000239017D912C4BA1231279017DE12CC04E4
:10889000600612C4BA1231279083FC120FEF12DE69
:1088A000451211F512EF7B6440803A8521828522C2
:1088B00083A3E05402600A122B0D12EF7B64028046
:1088C00024852182852283A3E05404601B12CAE21E
:1088D000901A1FE0640270031230777901129FC46E
:1088E00012EF7B6404FB80047A007B00742D02D6B7
:1088F00059EE240D129AE222E82406F582E439F5B5
:1089000083E0228E828F8312D98D12EF4CE0F91210
:10891000289D2212B35FA3A3E022E8F0A3E9F09020
:10892000175212B7BF2274F7120C1D74DA1212A874
:10893000EAFEEBFFEA4F602DAC21AD221229C37491
:108940000612154CE0601E741712154CE0FD740100
:1089500012154CE0FCEEFAEFFB7900122867E96093
:108960000479A480027900742602B0E074F4120C39
:108970001D8A088B098A828B83A3A3A3A3A3A3E0E8
:10898000544060498A828B83128F7C60067AFF7B19
:10899000FF8016850882850983128AB174FE6A7089
:1089A0000374FF6B7003028A628508828509831253
:1089B000BF7812D651122A77E9850882850983701B
:1089C00003028A7412AF7FE4F0A3028A7890173F03
:1089D000E0A2E14003028A628A828B8312DAAB1240
:1089E000CA1DA3A3128AA8A3A312D50D8508828B42
:1089F00083A3A3A3A3A3A3A3E0541060047940809E
:108A0000027900750AFE750BFF780A121218128A95
:108A10009E120FF3EAFCEFFD8508828B83128AB168
:108A200012255B74041211F5EE6A7002EF6B600F91
:108A3000128A9EE06A7003A3E06B600302899C7552
:108A40000A00780A12121C790285088285098312AD
:108A5000B34DFCA3E0FDEEFAEFFB122AB97401124C
:108A600011F57ECDEEFA850882850983128907E922
:108A70006018802512EF94E4F07C917D28850882AF
:108A800085098312AA2FE9FE70DAE5084509600915
:108A90007901AA08AB09122939EEF902A856E508AE
:108AA00012C23C3509F58322A3A3E0FA88828983A8
:108AB0002212B351FAA3E0FB2274F6120C1DE9FE58
:108AC000EAFF7A0F7B00121B35EA4B601A8A828B11
:108AD00083740CF0EEA3A3F0EF8A828B8312AE4A6C
:108AE00012C93F7900802BEEF91229638B09A9097D
:108AF000EA49601C8A828B83A3A3A3A3A3A3A3A395
:108B0000A3740612AE53E0F9122609EEF912293FBA
:108B1000791002C2E87A017B0090179FE0F9121CDD
:108B20008B74042274F2120C1DEAFEEBFF8C088D8C
:108B300009890A740E12154C128C74850C82F58307
:108B4000E4F0A3F0EA128C9C601E8E828F83128C5C
:108B50008D70158E828F83A3A3A3A3A3A3A3A3A326
:108B600012D7E212CA378003750A00EE241D12B331
:108B70004714602E146043146060146068146048E9
:108B8000147003028C0824FE7003028C25147003F9
:108B9000028C2E147003028C41147003028C4F025D
:108BA0008C65780C121218AC08AD09EEFAEFFB12C6
:108BB000256D74021211F5028C4AAC08AD09EEFA6B
:108BC000EFFB122573028C6F128C7C6003028C65A4
:108BD000EEFAEFFB1225BB028C6FA90AEEFAEFFB4F
:108BE000122ABF8065EE241712B66C64027076E517
:108BF0000A700A12DCDD7003A3E0697072EEFAEF0E
:108C0000FBA90A122A4D804212DCDD7003A3E06941
:108C10007053EE241712B66C64027049EEFAEFFB43
:108C2000122A35804AEEFAEFFB122B31804112DC1A
:108C3000DD7003A3E069702DEEFAEFFB122ACB8002
:108C40002EEEFAEFFBA90A122AD7E9F50A80209046
:108C50001A0CE064017009EEFAEFFB122ADD800FB6
:108C6000750A00800A750A007AD37B00122003A9D6
:108C70000A02A94FE0F50CA3E0F50D228E828F8346
:108C8000A3A3A3A3A3A3A3A3A3128F8322A3A3A3FA
:108C9000A3A3A3A3A3A3128F83640222241DF5829E
:108CA000E43FF58312B351F9122A59E92274F41200
:108CB0000C1D74D61212A88A088B098A828B83A392
:108CC000A3E0F91229638A0A8B0BAE0AAF0BEA4FB5
:108CD0007003028DC7850882850983A3A882A983B2
:108CE000E0C0E0EA12BBDFD0E012ACD164F1603347
:108CF000850882850983A3E064CD60278508828585
:108D00000983A3E0641A601B850882850983A3E0B8
:108D100064E9600F850882850983A3E064E160034C
:108D2000028E8F8A828B83A3A3A3A3A3A3A3E05461
:108D3000087003028DCF8A828B83A3A3A3A3A3A36E
:108D4000A3A3A3740512CC0AE064E9604B9017D486
:108D500012CC04600612C4BA1231279017D612CC76
:108D600004603590173FE0A2E1502D8E828F831270
:108D7000CE21A3A3A312B6818882898312D50912BA
:108D80002B6DEA4B6012850882850983A3E0F99078
:108D900017D612BF781231278E828F83A3A3A3A385
:108DA000A3A3A3A3A3E0640270108E828F83A3A366
:108DB000A3A3A3A3A3A3A37406F0850882850983B4
:108DC000A3A3E0F912293F12292D742A02A853798E
:108DD00000122939E97003028E8F90173FE0A2E15B
:108DE000507E8E828F8312DAAB12CC0260728E823A
:108DF0008F8312D5097404121288128FA9850882F4
:108E0000850983A3E064E9701B128F6712121C8529
:108E10000882850983A3E0F50A780A12121C128FD2
:108E20008C1211F5740D12154C12CBF112EC0912C3
:108E3000CA37740912154CE0600479408002790049
:108E4000740F12154C12B681740D12154C129A63E0
:108E5000600E8E828F83A3A3A3A3A3A3E04420F07C
:108E6000EE2404F50AE43FF50B8E828F83A3A3A3BF
:108E7000A3A3A312B68185088285098312ACB1121F
:108E80001AE7850A82850B83EAF0A3EB028D4585FC
:108E90000882850983A3E0C0E0740212154CD0E07B
:108EA00012F27EF012C933E0C0E0740312154CD008
:108EB000E012E445E0AA21AB2270201224AD740236
:108EC00012154CE07018128F7870319017D412CCB4
:108ED00004602912C4BA1231278003122A53740283
:108EE00012154CE064E97014128F6712121C750A97
:108EF000E9780A12121C128F8C1211F590173FE0BC
:108F0000A2E14003028D988E828F83A3A3A3A3A323
:108F1000A3A3A3A3E0640270358E828F83A3A3A3CF
:108F2000A3A3A3E054046026128F788E828F8370EF
:108F30000F12BF7874FFF0A312A4EF7405028DB96D
:108F4000A3A3A3A3A3A3A3A3A37403028DB985081A
:108F500082850983A3E064E96003028D98EEFAEF4D
:108F6000FB122AE9028D988E828F8312B7BFE8FA2E
:108F7000E9FB750A01780A228E828F8312BF7C1268
:108F80008F832212EF85FB122A77E922E50812E48B
:108F9000523509F58312B198A3A3A3A3A312D4F465
:108FA00012AFC71229F9740222EA241EF582E43BAB
:108FB000F583E012CDFD12AFC71229C32274F2125D
:108FC0000C1DEAFEEBFF750A007508008A82F58326
:108FD000A3A3A3A3A3E06038750A0812D4FC79FF09
:108FE0001226BDEA4B6010750A2C8E828F83A3A3D4
:108FF000A3A3A3E0D2E0F08E828F83A3A3A3A3A3B5
:10900000E05403640160030290B8430A110290B86F
:10901000EA241812B66C6047EA241A12B66C600390
:10902000F4701E8A828B8312DCE17003A3E0697006
:1090300006750A220290B8901754E0640470798093
:1090400019EA241B1290CD241A12B66CFAEE2419D8
:1090500012B66CF91225CDE9705E75080180598A47
:10906000828B83128C8D7003750A0112DCDD700314
:10907000A3E0697006E50AD2E1F50AE50A60158EFB
:10908000828F83A3A3E07006E50AD2E58004E50A97
:10909000D2E6F50A128C7C64017006E50AD2E0F58E
:1090A0000A8E828F83A3A3E0600EEE128C9C640173
:1090B0006006E50AC2E0F50AE50AA2E1400CE5080F
:1090C000A2E04006E50AD2E7F50A028C6FF582E4D9
:1090D0003FF58312B685EA2274F0120C1D74C1129A
:1090E00012A8EAFEEBFF85218285228374FEF0A39D
:1090F00004F0740212154CE4F0A3F0750D0074072F
:109100001212888A828B83A3A3A3A312B1A012D5C3
:10911000071229C3E97003029366780174091215D6
:109120004CE0C3940240027800740B12154CE0C36B
:10913000940240027800741012154CE064F8700339
:10914000A3E0F47003029366741012154CE064F906
:109150007003A3E0F47003029366741012154CE0E0
:1091600064FA7003A3E0F47003029366741012159E
:109170004CE064FB7003A3E0F47003029366740A8E
:1091800012154CE0F9901742E0696003029366E81B
:10919000A2E0400302936612CBE4742612154C122F
:1091A000B6B1241C12CBE7741412154C12CA3774D2
:1091B0000D12154CE0601D741E12154CE0FD740874
:1091C00012154CE0FC8E828F8312D507790112288C
:1091D00067E9703B74071212801228AFE9F50C742E
:1091E0000D12154CE0702D90173CE0602774225949
:1091F0006422602074425964427014742412154C25
:10920000129A77600F742412154C129A5C60057ADA
:10921000CF029368E9A2E6505F90173FE0A2E174A5
:1092200024501112154C12B34D1210A401010B5011
:109230009200669312154C12B34D24FD6012146017
:109240000F24FD600B24FD600724FE60030293667B
:10925000742412154C129AA8700E742412154C1214
:10926000C4B9A3E0640D60107407121280122AB30F
:10927000E964017003029A30129A4012A1627003ED
:10928000A3E069701F750800780812121C78081294
:10929000121CEE242F12B66CF9129AAF1229F9742F
:1092A000021211F5740D12154CE07003029349126D
:1092B0009AAF122B6D8A0E8B0FEA4B7003029370DC
:1092C000740812154CE0F88E828F83A3A3E028F86F
:1092D000A3E03400F9E8240D1288FBF88A828B831E
:1092E000A3A3A3E0686010E88A828B83A3A3A312E0
:1092F000AE43F0A3F0A3F07904740812154C12A445
:10930000C8E02AF8A3E034008882F583A3AA82ABE0
:1093100083121B298A088B098C0A8D0B850E828586
:109320000F83A3A3A3A3780812119D4003029A30D0
:1093300090837C78081213A0850E82850F8312EF2C
:10934000B2A3E50AF0A3E50BF090173FE0A2E140DD
:1093500003029A30742B12154CE0605774121215E8
:109360004C129A8B703F7AD37B00122003029A3002
:10937000901799E0640170D1742412154C129A77F9
:109380007006E50CA2E640C1741412154CE0F470AE
:1093900003A3E0F4600CEEFCEFFD740712128012E0
:1093A00028BB029A308E828F83A3A312BF78A3E0DA
:1093B000C2E5F0741812154CE06017129A5012EBC7
:1093C000FB1412F0BE129A35F8741812154CE8F01E
:1093D0007006E50CC2E7F50CE50CA2E3506B7402D5
:1093E00012154CE4F0A37410F0E50CA2E2501874CE
:1093F0000C12154CE054E3F0740C12154CE01313EE
:1094000013541FF8E0802CA2E4502A740C12154C5F
:10941000E01313543F5407F86009740768600B1891
:10942000E87007C3E50CC2E7F50CE8333354FCF8E9
:10943000E054E348F0740C12154CE0C0E08E828FCB
:1094400083A3A312AD8FD0E0F0901754E0640460C2
:1094500008E06409600302951D741012154C12DCBB
:10946000EA7003A3E0696019741012154C128C960F
:10947000600F740C12154CE0540364016003029AEF
:1094800030740912154CE0703FEE242F12B66CC0F8
:10949000E0740412154CD0E0129ADAC0E0740512A0
:1094A000154CD0E0129AD2C0E0740612154CD0E0F0
:1094B000129AC7120FEF7408121288740B121280DE
:1094C000129A4A1211F58052742412154C12CE1BB6
:1094D0007016741E12154CE06402703E740712126E
:1094E000807900122A4D8032742412154C129A5C35
:1094F0007014741E12154CE06404701E740712126E
:1095000080122A418014742412154C129AA8700AF1
:1095100079007407121280122ABF029A30746155C2
:109520000C700302962DE50CA2E0507512B678740B
:10953000071212801225FDE970641229F3E9F50D76
:10954000741812154CE07015741212154C12ACAC54
:10955000241312B66C687003A3E0696044A90D126D
:10956000B6787407121280122603E96026E50CA271
:10957000E3500C85218285228374FFF0A380087458
:109580001012154C12F0B6F0740212154CE044049F
:10959000F0800EE50CC2E5F50C750D008003530C50
:1095A0009FE50CA2E5503DEE242F12B66CC0E0748E
:1095B0000412154CD0E0129ADAC0E0740512154C72
:1095C000D0E0129AD2C0E0740612154CD0E0129A84
:1095D000C7120FEF7408121288740B121280129ABD
:1095E0004A1211F5E50CA2E640030298DEA821A973
:1095F00022880889097808121218A90D129A6D128A
:1096000012801228A374021211F5E9F50D700302FD
:1096100098DE742412154C12B34D64016003029855
:10962000DE740212154CE04410F00298DE74091248
:10963000154CE064017059742412154C12B34D643A
:1096400005701EA821A92288088909780812121815
:10965000129A6B1212801228A374021211F5029A48
:1096600030742412154C129AA87025741012154CDF
:10967000129A8B601BA821A92288088909780812F0
:109680001218129A6B1212801228A374021211F58A
:10969000741812154CE07025740912154CE0640121
:1096A000700C742412154CE0F8129AA8600CEEFCB1
:1096B000EFFD74071212801228BB029A3012293370
:1096C000E96003029A30741F12154CE07003029790
:1096D0006A742212154C12B681742112154CE0FAEC
:1096E000742012154CE0F91225CDE9607074211236
:1096F000154CE0701B741012154C129A7D12BCE0D0
:10970000FAA3E0FB1223CFEA4B60030298D8804211
:10971000742212154C12D509742112154CE0F9125D
:1097200025C712D64B7808740F12154CE0600278EA
:1097300010740E12154CE06004740828F8740C12B2
:10974000154CE0600108088E828F83A3A312BFA886
:1097500014F0740212154CE044400298D7750800CA
:10976000780812121C790B029892741012154C1280
:10977000CA2C740B12154CE060030298ADE50CA2E4
:10978000E350030298AD740912154CE0640160685F
:109790007900852182852283129B768B09A909EAAB
:1097A00049601C8A828B83A3A3A3A3A3E064016006
:1097B000478A828B83A3A3A3A3A3E0640260391228
:1097C0009A4012B92DFB122B6D8A828B83E582455C
:1097D000836010129A9F600BC3940895E0C365D014
:1097E000334015741212154C129A8B70030298882C
:1097F000740B12154C7404F07400F50878081212FA
:109800001C742012154CAC82AD83741112154C12CD
:10981000D509740C12154CE0F9122633740112119B
:10982000F5E96013740212154CE0442012B69EF85C
:1098300012C4B9E0543FF0741F12154CE06020745C
:109840001012154C12B681742012154CAA82AB83EB
:109850001229BD12D64B740212154CE04440F0742C
:109860000912154CE0640160157900741212154C50
:1098700012B681741012154C12D5091225D3E50CBD
:10988000A2E3503779408035750800780812121C21
:109890007902741112154C12B681741312154C1200
:1098A000D509122AB974011211F5029A30E50CA2F9
:1098B000E340030297F874400297FA790074121299
:1098C000154C12B681741012154C129A636009740B
:1098D0000212154CE04420F01229F3E9F50D852120
:1098E00082852283E064FE7003A3E0F47003750DAB
:1098F000009016B4E064016003029983EE24131211
:10990000B66CF47003A3E0F46079741012154CC3C4
:10991000E094F9A3E094FF506A12CBE4741212159C
:109920004CE0687003A3E0696059741212154C1280
:10993000A84A8B09A909EA4960498A828B83A3A3B3
:10994000A3A3E06401600D8A828B83A3A3A3A3E099
:109950006402702F743212154C740112B7B6743D44
:1099600012154C12CA37743212128012237BE9602E
:1099700012743512154CAA82AB831223E1E96003FD
:10998000121FD3E50CA2E74003029A30E50D7003E5
:10999000029A308E828F83A3A3A3A312BBFB8A0EED
:1099A0008B0FEA4B7003029A308E828F83A312D7FB
:1099B000CC1212148E828F83A3A3A3A3E0FC7D009C
:1099C00012A9261211F5740912154CE0C0E0742D8D
:1099D00012154CD0E0F0743012154CE4F0A3F07482
:1099E0002D12127888088909780812121875080053
:1099F000780812121C740512154C120FF3E50DF5C0
:109A000008780812121C12AC81120FF38E828F8319
:109A1000A3A3A3A3E0F9740812154C12C4BE122923
:109A2000B174081211F5E96007AA0EAB0F121BD131
:109A3000743F02D659C82406F582E438F583E02243
:109A4000EE242DF582E43FF583221224B374042220
:109A5000EE2402F8E43FF98882F5832212BF7EE00B
:109A600064072212AFC7122567E9227900EE12AC13
:109A70008612B68574092212B351640622129A81A5
:109A80002212B7C38521828522832212AFC71223F7
:109A9000C3E9228A828B83A3A3A3A3A3A3A3A3A323
:109AA000A3E0F9122B8BE92212BF7EE0640322EEC1
:109AB000242BF582E43F129AC012AC8612AFC72263
:109AC000F58312B689EE22F0EE2425F582E43FF507
:109AD0008322F0EE2431129AE222F0EE2430129A20
:109AE000E222F582E43FF583E02274F4120C1DEAD1
:109AF000FEEBFF8C088D099016B1E060138A828B13
:109B00008312DCE17003A3E06970051225558063C0
:109B100079008A828B83A3A3A3A3A3A3A3A3A312E5
:109B20009B768A828B83E5824583602CA3A3A3A3C3
:109B3000A3A3E054186021E508241C12C92B120FBE
:109B4000F312C927120FF3EE241812A4DA12BBDEA7
:109B500012D51C1211F5801B79008E828F83A3A36E
:109B6000A3A3A3A3A3A3A312B68F12BBDF12D5098D
:109B700012257F02A85612AFC71226212274F012B6
:109B80000C1D74E51212A88A0E8B0FEA2402F50A46
:109B9000E4350FF50B0A0AFB1223D58A088B09AEB0
:109BA00008AF09750901850E82850F83A3E0F50CC6
:109BB000750801AC0AAD0B741012154CAA82AB8368
:109BC000121CC1741812154C74FEF0A304F0741A20
:109BD00012154C7402F0740D12154CE4F09016D26C
:109BE000E0700EEE4F700AE50C70067509C3029D19
:109BF000BF901754E0640860067509C2029DBB85DA
:109C00000E82850F83A3A3A3A3A3A3A3A3A3A3E06F
:109C1000A2E1500EA2E35005750804800C750803FC
:109C20008007A2E35003750802EE4F7003029CBA4E
:109C30008E828F83A3A3A3A3E06404600D8E828F22
:109C400083A3A3A3A3E06403700C74046508602CD1
:109C50007403650860268E828F83A3A3A3A3E064A8
:109C600002600D8E828F83A3A3A3A3E064017033EF
:109C700074026508600674016508701A8E828F830D
:109C8000129EC770358E828F8312CBED7418121519
:109C90004C12CA3780248E828F83A3A3A3A3E064CF
:109CA00002600D8E828F83A3A3A3A3E064017003DF
:109CB00012CF6B129EBA7E007F00741812154CE012
:109CC00064FE7003A3E0F47044122387E9703EE55C
:109CD0000C6019901AC5129EC77011901AC512CB4C
:109CE000ED741812154CE8F0A3E98020850E8285EA
:109CF0000F83A3A3A3A3A3A3A3A3A3A3E05402F945
:109D0000122591741812154CEAF0A3EBF074181296
:109D1000154CE064FE7003A3E0F470067509C702F9
:109D20009DBBE50CF50A780A12121C850E82850F80
:109D300083A3A3A3A3A3A3A3A3A3A3E0F9E50E2452
:109D400002FCE4350FFD741912154C12D5091224CA
:109D5000D774011211F5E970629017E212CC046019
:109D600011741812154C12D5099017E312C4BA12C7
:109D70003127A908E50E2402FCE4350FFD74181202
:109D8000154C129FBD8A0A8B0BAE0AAF0BEA4F60CF
:109D90001F7402650C700D8A828B83A3A3A3A3A3F7
:109DA000E0D2E3F0741A12154CE4F0750900800B50
:109DB000741812154C74FEF0A304F0E50C700A74CC
:109DC000051212801222858062901A1FE070507472
:109DD00001650C704A90169FE07044E50E2402F86D
:109DE000E4350F12CA30740212154CE4F09016A03C
:109DF000E0C0E0740312154CD0E0F0740412154C6E
:109E0000E4F0741A12154CE4F07C01A908740512F0
:109E10001280122A3BAA21AB22122495029EB5ACD5
:109E20000CA9087405121280122A3BE9F8EE4F6063
:109E300053E50C60208E828F83A3A3A3A3A3E0D25B
:109E4000E6F07402650C700D8E828F83A3A3A3A32A
:109E5000A3E0D2E5F0850E82850F83A3A3A3A3A37D
:109E6000A3A3A3A3A3E0A2E6500D8E828F83A3A396
:109E7000A3A3A3E0D2E7F08E828F83A3A3A3A3A31F
:109E8000A3E004F0E5097005E8602A600AFC7D00A3
:109E90007A017B10121AE1EE4F6003129EBA741819
:109EA00012154CE064FE7003A3E0F460087418120D
:109EB000154C12CF6F741B02D659E50E2402FAE43A
:109EC000350FFB1223E12212AFC7122A95E9227443
:109ED000F7120C1D74F71212A8EAFEEBFF9017544C
:109EE000E06403600DE064016008E064096003025F
:109EF0009FB08A828B83A3E06003029F8C7C007DED
:109F0000007A027B00121AE1129FB58A8212CBEB13
:109F100090174512CA377953122279901754E0648A
:109F200009600312A6EA852182852283740112C684
:109F3000FB9017547404F07401121280794A122FA6
:109F40008D74011212887A4A7B17121CC19015B3C6
:109F5000E0640B70057406F080057900129FC490D0
:109F60001748E064FE7003A3E0F4600D790074010B
:109F7000121288901748129FBD90173FE0A2E3503D
:109F800004D2F08002C2F012C6E880218A828B835C
:109F9000A3AE82AF83FC7D007A037B10121AE18EA0
:109FA000828F83E0F9129FC4901754E4F0122909BC
:109FB000740902B0E0EE2402FAE43FFB2212AFC7BC
:109FC0001223B12212AFC41224D122C082C08390C6
:109FD00016D312CC047017901754E024FB600514BC
:109FE0006007800A9016DA802F9016DC802AE849F4
:109FF00060071288F86401700C8A828B83A3E0F9F1
:10A000001224B9801E9016D3E01288F964027005FC
:10A01000122B01800E9017D212CC04600612C4BA23
:10A0200012312702C0E274F0120C1D74E81212A85B
:10A03000EAFCEBFD8A82F583A3A3A3A3780812149C
:10A04000D9780812146C90175578081214127509F3
:10A050007F75087F7900901755780C1214D9E9782C
:10A060000C12125FE50CA2E0502478009017A0803B
:10A070000E8E828F83A3A3E06970010812B65A1274
:10A08000B05B70EDE8C3950950048809890809E9B7
:10A09000C3941B40C18A828B83A3A3A3A31215116F
:10A0A000E8494A4B6070EC2404FEE43DFF8E82F5E3
:10A0B0008312151190175512151D7C187D0079001B
:10A0C000AA21AB2212E66312151185218285228313
:10A0D00012151D740412154C7401F090175BE0C04A
:10A0E000E0740512154CD0E0F0740712154C12A262
:10A0F00056806A90175212D5091225018A0A8B0BD5
:10A10000A80AA90B901752EAF0A3EB12A16B687092
:10A1100003A3E06960269017A012B05B601E8E82D8
:10A120008F8312A1627003A3E069700B8E828F830C
:10A13000A3A3E0650860BC12B65A80DDE50890175D
:10A1400047F01228E5E96015901754E4F09016DE08
:10A1500012CC04600879C412C4BA123127741802F0
:10A16000D65912B7BF901752E0682212B6A9E02262
:10A1700074F4120C1D74E81212A88A828B83A3A3B4
:10A18000A3A3A3A3A3A3A312CBEDE8FAE9FB790051
:10A1900090175578081214D9E9780812125FE5086B
:10A1A000A2E05032E9FCEA2CF582E412CE0FF890DE
:10A1B0001AC4E0C398501F750801750900750A009C
:10A1C000750B00E9780812117E780812146C90174C
:10A1D00055780812141209E9C3941B40B39017551F
:10A1E000121511E8494A4B604A7C187D007900AA93
:10A1F00021AB22121B239017551215118521828540
:10A20000228312151D740412154C7401F074071288
:10A21000154C7401F090175BE0C0E0740512154C0A
:10A22000D0E0F0740712154C12A256901754740621
:10A23000F0801E901754E4F0FCFD7A047B10121A93
:10A24000E19016DE12CC04600879C412C4BA12314F
:10A2500027741802A853E412C85812228B2274F5EE
:10A26000120C1D74D11212A88A088B098A828B8362
:10A27000A3A3A3A3A3A3A3A3E0C3940F500302A487
:10A28000C38A828B83A3A3A312DDBA741C12128823
:10A290008A828B83A3A3A3A3A3A3A312B19312D5F2
:10A2A0000412291B741C12154CE0702E850882853F
:10A2B0000983A3A3A3A3A3A3A3A3E0C3940B401A5E
:10A2C0008E828F83A3A3A3A3A3A3A3A3E06402709E
:10A2D00009EE240B12B66CF4600302A4C3741E12C0
:10A2E000154CE060076402600302A4C3901754E0B9
:10A2F0006402700302A3B4E06406700302A3B49086
:10A3000016D312CC04600A1288F86401700302A309
:10A31000DE901754E064086008E06404600302A45F
:10A32000C3741E12154C12A4C8A3A3A3A3A3A3A372
:10A3300012DDBA9016D3E04960071288F864026013
:10A3400069901752E06E7003A3E06F600302A4C32C
:10A3500074016A6011742312154CAC82AD8312ED46
:10A360000D600302A4C37A007B0212A4CD60030235
:10A37000A4C39017551215118521828522831215C9
:10A380001D90175BE0C0E0740412154CD0E0F0742F
:10A390000512154C7401F0740612154C740212C8A3
:10A3A0005412244DE9600302A4C0EEFAEFFB122A16
:10A3B000FB02A4C39016D312CC0470227508007857
:10A3C0000812121C780812121CEE241012A4DA8E45
:10A3D000828F8312D5091229F974021211F58E8227
:10A3E0008F8312CBED740712154CE8F0A3E912A489
:10A3F000EF12CBED740912154C12B6B11288F2C0EF
:10A40000E0740B12154CD0E0F0EE240B12E1547402
:10A410000F78081214AC740C12154CE508F0742077
:10A4200012154CE0C0E0740D12154CD0E0F074220F
:10A4300012154CE0C0E0740E12154CD0E0F0741D03
:10A4400012154CE0C0E0741012154CD0E0F0741EF0
:10A4500012154CE0C0E0740F12154CD0E0F0EE2461
:10A460001012B66CC0E0741112154CD0E0F07421DB
:10A4700012154CE0C0E0741212154CD0E0F0742EAE
:10A4800012154CE0C0E0741312154CD0E0F07423A8
:10A4900012154CA982AA8389088A09750A007808CE
:10A4A0001212147C087D00741712154CAA82AB831B
:10A4B00012A9261211F574071212801224CB800300
:10A4C000122453742F02B36F12BBD6A32290179F8E
:10A4D000E0F9121C9DEA4B4C4D22129AE2F98E8251
:10A4E0008F83A3A3A3A3A3A3A3A3A312B68522121E
:10A4F000A4F32212B363A3A3A322C082C08374C9AE
:10A500001212A8122B19901754E064086025903895
:10A510005CE493901736F090385CE493901734F035
:10A5200090175D7401F0A312A66604F0A3E4F0A3F3
:10A53000F0A3F07C237D0079007414121280121BAA
:10A5400023901765E07009741E12154C7401800683
:10A55000741E12154CE412D992740FF0901AC312A3
:10A56000C8547946122279740112154CE4F09019FE
:10A57000F9E0C0E0740212154CD0E0F0901742E010
:10A58000C0E0740312154CD0E0F0740412154CE4D2
:10A59000F0740512154CE4F0740712154CE4F090B9
:10A5A0001765E0C3940F500CE0C0E0740612154C20
:10A5B000D0E08007740612154C740FF07C667D178E
:10A5C000740812154CAA82AB83121CC17C037D0057
:10A5D00079FF741012154CAA82AB83121B239017BB
:10A5E0009EE0C0E0741312154CD0E012C8977401BD
:10A5F00012128012C829122A29901759E0C0E0745B
:10A600001C12154CD0E0F090175AE0C0E0741D12F7
:10A61000154CD0E0F0901747E0C0E0741A12154CCA
:10A62000D0E012891E741812154C12CA3774201209
:10A63000154CE4F090175CE0C0E0741F12154CD08C
:10A64000E0F0743412154CE4F0742912154CE4F067
:10A650007A457B17795312C6DB74141212801222CA
:10A6600091743702B79DE4F0A3F0A3F0A322C08257
:10A67000C0838A828B83A3E09017546004E4F08047
:10A68000667408F0901765E070229016DE12CC0414
:10A690006008790012C4BA12312790175212B6819D
:10A6A0007A057B00121AE112A6EA801F79001224B3
:10A6B000C590174512B6817A067B00121AE19017F1
:10A6C0004812B6817A047B00121AE19017D812CC96
:10A6D000046014901A0CE06401700C9083FC120F5B
:10A6E000EF12DE451211F502C0E212AFC4122B6761
:10A6F000220211C274F2120C1D74F81212A88A0AF6
:10A700008B0B8C0C8D0D89089082B1AC21AD22741D
:10A710000812113EC200AC0AAD0BAA21AB2212ED09
:10A72000117002D2009017A08013AC0AAD0BEE247A
:10A730000BFAE43FFB12ED11701B12B65A12B05B1C
:10A74000601EA20040E48E828F83E0650C7004A33B
:10A75000E0650D70E58E828F83A3A3E0650870DA53
:10A76000EEFAEFFB740802A94CC082C0839017A0D8
:10A7700002C0DFC082C0839017A0E4F0A302AA1435
:10A7800074F7120C1D9017A012EF81800FEA2414A9
:10A79000F582E412DDB7121BD1EEFAEFFBEA4B7043
:10A7A000EC9017A0E4F0A3F002B0E374F4120C1DD7
:10A7B0008A088B09EA12C929E06403700DEA240BA8
:10A7C000FAE43509FB1223D5800DE06402707212A1
:10A7D000A843350912A8488A0A8B0BAE0AAF0BEEC4
:10A7E0004F605E850882850983A3E0700D8E828F9D
:10A7F00083A3A3A3A3A3A3E4804664F1600C85080C
:10A8000082850983A3E064E1701E8E828F83A3A3F7
:10A81000A3A3A3A3E06401700F12CF6BE508240B80
:10A82000FAE43509FB1223E18E828F83A3A3A3A34D
:10A83000A3A3E0600C8E828F83A3A3A3A3A3A3147E
:10A84000F08013EA12E41522F58312AFC71223CF6A
:10A850002274091211F57F04020F2474F2120C1DE8
:10A860008A0C8B0DEDFF890B8A828B83E08C828DA5
:10A8700083F0A3A882A9838A828B8312A92C12AEAB
:10A880003DE0C454F0FA88828983E04AF0EC240267
:10A89000F8E43FF9850C828B83A3A312A92C12A99B
:10A8A0003FE0333354FC12A933E033333354F8120E
:10A8B000A933A3E0A2E0E4331313FA88828983E08A
:10A8C0004AF0EC2403FE50010FE50C2407F508E4E0
:10A8D000350DF509750A0078081212147C087D0000
:10A8E000EEFAEF12A9251211F5EE2408FE50010F21
:10A8F000E50C240FF508E4350DF50978081212145B
:10A900007C037D00EEFAEF12A9251211F5E50BC3C9
:10A91000940F400BE50C12B7A4350D12C242F08023
:10A920002EFAE4350DFB121B17740322A3E0888274
:10A93000898322FA88828983E04A12A93FA322F000
:10A94000850C828B83A3A3A3A32274031211F57F2A
:10A9500006020F2474F2120C1DEBFF8C0C8D0D8A75
:10A9600082F583E08C828D8312CA28A3A882A983F2
:10A97000E012C08112ACD0C412C07BF0EA129A512E
:10A98000E012C08812ACCEA2E2E4338C828D831236
:10A99000ACCD131313541F12C081A312ACCDA2E788
:10A9A000E4338C828D83A3A3A3A3A3A3F0EA24039F
:10A9B000FE50010FF5088F09750A0078081212146D
:10A9C0007C087D00E50C240712A9211211F5EE2464
:10A9D00008FE50010FF5088F0978081212147C0345
:10A9E0007D00E50C240F12A9211211F58E828F83B0
:10A9F000A3A3A3E0C0E012F1C9D0E0F002A94FC0C8
:10AA000082C083E99017B27003E48002740180046D
:10AA1000EAF0A3EBF002C0E2E0F902C0E2C082C0BB
:10AA2000837C917D288A828B8312AA2F02C0E21236
:10AA3000AFC71222972274F6120C1D9017B2E07065
:10AA40001B7C0079017A007B0012295DEA4B600CC7
:10AA50008A828B8312CC04600312289702C2E8C05A
:10AA600082C08312AEEE401079FF122957E9F890A8
:10AA70003859E493C398500479018002790002C0E8
:10AA8000E274F2120C1D8A0A8B0B8909C2008A82B9
:10AA90008B83A3A3A3A3A3A3A3A3E0F91229638A8F
:10AAA0000C8B0DAE0CAF0D750801EA4F600302ABC5
:10AAB0006A850A82850B83A3A3A3A3A3A312B681ED
:10AAC000850A82850B83A3A3A3A3A3A3A312ACB17E
:10AAD00012294B8A0C8B0DAE0CAF0DEA4F7003029E
:10AAE000AC798A828B83A3A3A3A3E4F0A3F0E50A45
:10AAF000240CFAE4350BFB8A82F583E0C0E012D126
:10AB00005BD0E0F0E50A240D12ACA512D7BF12CA43
:10AB100037122A8312B66412D651E50A241112ACF8
:10AB2000A512C23512CA37E50A241312E048C0E064
:10AB300012AC81D0E0F0D200EE2406F8E43FF91226
:10AB4000AC9812ACD15404600302ABDF9019F7E06B
:10AB5000F50A750B007407780A1213C68E828F836C
:10AB6000A3A3A3A3A3A312AC8FF08E828F83A3A36E
:10AB7000A3A3A3A3E0F50AA3E0F50B7407780A12D8
:10AB800014ACE50A5407FCE50960648E828F83A348
:10AB9000A3A3A3A3A3A3A3A3740212A16B12AF84C4
:10ABA000E05404600B90174012BCDAA3A312CA371A
:10ABB000EC700302AC50EE2406F8E43FF9E8FAE941
:10ABC00012AC98F0EC24FFF50AE434FFF50B74079F
:10ABD000780A1213C68A82898312AC8FF080718E34
:10ABE000828F83A3A3A3A3A3A3E0448002AB69EC59
:10ABF000700575080080598E828F83A3A3A3A3A339
:10AC0000A3E05420600C121B2FEA547F7900245FCC
:10AC100080198E828F83A3A3A3A3A3A3E054106003
:10AC20001A121B2FEA540F7900240A5001098E8250
:10AC30008F83A3A3A3A3F0A3E9800D8E828F83A3A8
:10AC4000A3A3A37401F0A3E412A4EF740412AEFD55
:10AC5000A20050288E828F83A3A3A3A312D325F929
:10AC6000EEFAEFFB122951E9601212CBFD600312DC
:10AC7000ACBEEEFAEFFB121BD1750800A90802A9C1
:10AC80004FEE12AC86222413F582E43FF58322E0D6
:10AC9000450AF0A3E0450B228882F583E0547FF05B
:10ACA000A3E054FC22F582E4350BF58312B7BFEE26
:10ACB00022A3E0F9850A82850B8312AFC72212AC6A
:10ACC000C512B21A22EE12E0423FF58322A3A3A3DB
:10ACD000A312E142E02274F4120C1D74F71212A8C0
:10ACE0007E00122963EA4B700302AD8A8A828B834D
:10ACF000A3A3A3A3A3A3A3A3A3E06406600302AD3D
:10AD00008A8A828B83A3A3A3A3A3A3A3E0FF8A823F
:10AD10008B8312AD8FE0C0E0740812154CD0E012A6
:10AD2000B1C512CA2D122981EF5408605B852182BA
:10AD300085228312B6817A007B00122945EA4B7086
:10AD40004712F1D47C007D007A007B0080268E8241
:10AD50008F8312B34DF47003A3E0F4602B9017526D
:10AD600012B6818E828F8312B1A7601C7C007D0099
:10AD7000EEFAEFFB1229458A0A8B0BAE0AAF0BEEF7
:10AD80004F70CB79001222AF7E01EEF902A851126A
:10AD9000D98D2408F582E438F58322C082C0838AE5
:10ADA000828B83E582458370099017B780068A827B
:10ADB0008B83A3A312AFBE60208A828B83A3A3A33D
:10ADC000A3A3A3A3E0540860E5EC4D601012B00A01
:10ADD0007003A3E06D70D780047A007B0002C0E2AC
:10ADE00074F2120C1D8A088B09890AECFEEDFF7AB9
:10ADF000147B00121BCBEA4B60378A828B83A3A3A0
:10AE0000A3A3A3A3A3A3A3E412AE53E50A12B1B173
:10AE1000EEF0A3EF12AE4312B1CC12AE4A8A828B8F
:10AE20008312EFB6EA240F12AE34A312AE3DF0A3A4
:10AE3000F002A94FF582E43BF583E4F02212EFA47F
:10AE4000A3A32212B1B7E4F0A322A3F012E41412D8
:10AE5000AE372212AE572212B1BBA3A3A3A3227412
:10AE6000F5120C1DEAFEEBFF890A8C088D09EA4FEA
:10AE7000607774016970127901122957E9F89038E6
:10AE80005BE493C3985015800A740469700912AE8C
:10AE9000EE500979118054740269704D8E828F834F
:10AEA000A3A3A3A3A3A3A3A3A3E50A12B6A912EF86
:10AEB000B28E828F83A3A3E4F0A3F09017B712CCD5
:10AEC000046018800312CBED88828983A3A312AF9C
:10AED000BE88828983A3A370EC80039017B7EEF03D
:10AEE000A3EF12AEFD7900800279C102B37279043A
:10AEF000122957E9F890385AE493C39822F07A203F
:10AF00007B0090179FE0F9121B7722C082C083E973
:10AF1000F879009017B7801D8A828B83A3A3A3A31F
:10AF2000A3A3A3A3A3E068600574FF687001098A66
:10AF3000828B83A3A312AFBE70DE02C0E274F7124D
:10AF40000C1DEA4B70059017B780068A828B83A38D
:10AF5000A312AFBE60228A828B83A3A3A3A3A3A361
:10AF6000A3A3A3E06970E4EC60128A828B8312AF22
:10AF70007FE0540470D580047A007B0002B0E312B5
:10AF8000AF8322E0F8A3E0C8240DF582E438F5830E
:10AF900022C082C0839017B780068A828B83A3A3C6
:10AFA00012AFBE60128A828B83A3A3A3A3A3A3A321
:10AFB000A3E06970E580047A007B0002C0E212AF72
:10AFC000C7EA4B2290175212EF85FB2274F7120C3E
:10AFD0001DEAFCEBFD9017B780068A828B83A3A342
:10AFE00012AFBE601E12B00A7003A3E06D70EB8A50
:10AFF000828B8312DAB112EF71A3E0A2E0E4337026
:10B00000D980047A007B0002B0E38A828B8312B37A
:10B01000516C2274F2120C1D8A0A8B0B8C0C8D0D54
:10B02000750800750900EA4B602A9017B780068EF4
:10B03000828F83A3A312B05B601AAC0CAD0DEEFA45
:10B04000EFFB850A82850B83123127E9640170DFEB
:10B050008E088F09AA08AB0902A94FE0FEA3E0FF02
:10B06000EE4F2279000211C274F7120C1D9017B72F
:10B0700012CBED7C007D00800DE8FCE9FD88828923
:10B0800083A3A312CBEDE8496030EA687002EB6954
:10B0900070E79017B712D509E86A7002E96B8882E9
:10B0A0008983A3A3700812CBED9017B7800912CB48
:10B0B000ED8C828D83A3A312CA37802774F7120CFC
:10B0C0001DEAFEEBFFEA4F601512297B12B2061251
:10B0D000CBFD600312ACBEEEFAEFFB121BD1800376
:10B0E0001211F57F01020F2474F6120C1D8A828B57
:10B0F0008312BF7812E15A9017B712CBED7D007C16
:10B1000000803488828983A3A3A3A3A3A3A3A3A3BA
:10B11000E0640570190C88828983E0FEA3E0F58362
:10B120008E82E065087004A3E0650970010D8882D5
:10B130008983A3A312CBEDE84970C8903857E493F4
:10B14000F8EDC398500890385612E5DF400F8A8218
:10B150008B83A3A3A3A37401F0A3E4800C901740F6
:10B16000E0F812B193E8F0A3E912B1CC740512B182
:10B17000B1A3E0440812B1C5F47003A3E0F4600B7E
:10B1800090175212D4F012B1A7700579011222AFB4
:10B1900002C2E8A312B1982212B1A0A3A3A3A322D2
:10B1A000E0F98A828B832212AFC71222A3E9641AC4
:10B1B0002212B1B7A3A32212B1BB22F08A828B83E1
:10B1C000A3A3A3A32212EFA412B3512212AE57A33A
:10B1D0002274F6120C1D9017B712DDBA801A8E82F7
:10B1E0008F83A3A312E15A12B20612ACBEEEFAEF9D
:10B1F000FB121BD1AE08AF09EE4F70E29017B7E417
:10B20000F0A3F002C2E88E828F8312DAAFF58312C8
:10B21000B21A8E828F8312B21A2212EF85FB121B92
:10B22000D122C082C083EAFCEBFDEA4D6017EA241C
:10B23000FBF582EB34FF12CC02700712B277E0F418
:10B240006007121B3B7905802B90179FE0C0E0122E
:10B25000B277D0E0F0903849E493F97AB97B1712CD
:10B260001B71E96401700B7A007B2012C512790012
:10B270008002790402C0E2EA24FFF582EB34FFF594
:10B28000832274F4120C1DA2AFE433F508C2AF9010
:10B2900017B912B05B6038EE24FBF582EF34FF1271
:10B2A000CC027A007B2090179F600512C51580059F
:10B2B000E0F9121B7DE4F50AF50B780A121218EE7C
:10B2C000FCEFFD7AB97B17121B6B74021211F5E5C6
:10B2D00008A2E092AFEEFAEFFB02A85674F5120C4A
:10B2E0001D8A088B09750A009017B780518E828FCE
:10B2F0008312B34D65087004A3E06509703A8E822D
:10B300008F83A3A3A3A3E4F0A312B35A5404601140
:10B310008E828F83A3A3A3A3A3A3A3A3E0F91226E2
:10B32000098E828F83A3A3A3A3A3A3A3A3A37406BD
:10B33000F07AF0128903050A8E828F83A3A312B0DC
:10B340005B70AAA90A802BF582E43FF58312B35102
:10B350002212F0CBF5838882E02212B35FE0221242
:10B36000B36322F08E828F83A3A3A3A3A3A322128D
:10B3700011F57F03020F2474F0120C1D74D4121205
:10B38000A8EAFEEBFF750A00750B007508FE75094B
:10B39000FF122933E9600302B64DEE241512B66C94
:10B3A000603E901A14E0C43354E0F8E0333354FCA8
:10B3B00048C0E012C22BD0E012B69EFAA3E0FB799F
:10B3C000FF1226BDEA4B6015750A017508FF12B61B
:10B3D000694404F0EE241512B66CD2E0F0750B400F
:10B3E0008E828F83128C876006EE241212CA10EEB2
:10B3F000241312B66C700D90384EE493C0E012AC7A
:10B4000081D0E0F08E828F83E0A2E7500454038065
:10B4100019EE241412B66C7012901731E0C0E012CD
:10B42000B65AD0E0F0901731E004F012EF687016D1
:10B430009019FBE0600D90173CE0700A8E828F83BC
:10B44000E0700312CA0D90173FE0A2E15039E50AFF
:10B45000A2E040188E828F83128C87602A8E828FA2
:10B4600083E06008EE240B128C9E601B12B66954B8
:10B4700040700302B5FEEE241312EF6B600302B5B9
:10B48000FE12B66954FBF08E828F83E06401701067
:10B49000EE240B12B3476402700612B6694440F002
:10B4A00012B6695440600302B55DE50AA2E050039C
:10B4B00002B55D90173FE0A2E1400302B55DE50BE8
:10B4C000F50A780A12121CEE2406FCE43FFD8E8277
:10B4D0008F8312D507EE241212B66CF9122633743C
:10B4E000011211F5E9600CEE241212CA1012B669AD
:10B4F0004420F08E828F83A3A3A3A3A3A3E060378D
:10B50000EE240212BBE612B68F2407FAE43FFB12C8
:10B5100029BD8A088B09850E82850F83E06A700336
:10B52000A3E06B700C8E828F83A3A3A3A3A3A3E4D9
:10B53000F012B6694440F08E828F83E064016008A7
:10B54000A90B12B6931225D3A90B8E828F8312B644
:10B5500093122567E9600612B6694420F0AC21AD6C
:10B5600022EEFAEFFB1229B78A0A8B0B74FE6508EC
:10B57000700474FF650970098E828F83A3A312E1A2
:10B580005AEA4B700302B6518E828F83E0C0E0749A
:10B590000112154CD0E0F0740412154CEEF0A3EF3C
:10B5A000F0EE241E12CBE7740212154C12CA377447
:10B5B00001121278880C890D780C121218EE2420D2
:10B5C00012B67012121C12B664120FF3EE240E1291
:10B5D000B67012121C901745120FF3740812154C16
:10B5E000E0F9AC08AD091229B174081211F5E9FEB1
:10B5F00074106E705EAA0AAB0B121BD18055EE243C
:10B600001312B66CC0E0741712154CD0E012EFAAFA
:10B61000740F12154C12B6B1240412EF5D12CBEB6D
:10B62000741112154C12B6B1241412B66CC0E07429
:10B630001812154CD0E012E44012B1A012B6817479
:10B6400006121280122603E9600302B48779118082
:10B65000047E10EEF9742C02D659EE2414F582E41F
:10B660003FF58322EE12ACC622EE240F129AE2229C
:10B67000129AE2F50C780C22EE2413F582E43FF5E1
:10B680008312B6852212B68922E0FCA3E0FD2212C5
:10B690009AC222A3A3A3A312D33112AFC72212B618
:10B6A000A22212B6A9A3A3E022F08E828F8322A346
:10B6B000A312CAFBEE22C082C08374D71212A890D4
:10B6C00081247403121288742612113E8A828B839D
:10B6D000A3A3A3A312CBED740E12154CE8F0A3E9BB
:10B6E00012B7B6740C12154C12B7B1240DF582E4E2
:10B6F00012CE0FC0E0741A12154CD0E0F012D3A78E
:10B7000012CBEB742012154C12B7B112D97912CEAC
:10B710000FC0E0740812154CD0E0F0EA241CF5824A
:10B72000E43B12CBEB741212154C12B7B112C23CAF
:10B7300012CE0FC0E0740912154CD0E0F012B7A37E
:10B7400012CE0FC0E0740712154CD0E0F012B7AA69
:10B750003B12CBEB742412154C12B7B12420F582A6
:10B76000E412CE0FC0E0742612154CD0E012D9922C
:10B7700074FFF0740112154C74FFF0740212154C32
:10B7800074FFF09083D4120FEF74041212887407C0
:10B79000121280129A4A1211F5790074291211F5C9
:10B7A00002C0E2EA2412F582E422EA241EF582E4D1
:10B7B0002212CAFBEA2212EFA4A3A312B7BF2212DD
:10B7C000B7C32212F0CBF92274F0120C1D74EC12E4
:10B7D00012A88A0E8B0F8C088D09890C7F107A2194
:10B7E0007B00121BCB852182852283EAF0A3EB121A
:10B7F000D7DAE849700302B9267E007C217D007902
:10B8000000852182852283E0FA121B23AA08AB0956
:10B810001223CF742712154C12CBEDEA4B60238A0A
:10B82000828B83A3A3A3A3E06401600D8A828B8330
:10B83000A3A3A3A3E064037009E854407004740454
:10B8400049F9E9540460027E0190175212B92D1291
:10B85000EF53ECF0A3EDF0742412154C12D50974DB
:10B860001112154CEAF0A3EB12B93A12A8443AF5BA
:10B8700083740212B93A2408F582E43AF58374021B
:10B8800012D1A2FAA3E0F5838A82E508F0A3E509C4
:10B8900012B93A12B7AB3AF583E50CF074261215DB
:10B8A0004CE0F50812EF7BCA12E4523AF583E50842
:10B8B00012B93A241FF582E43A12D85E74061215C2
:10B8C0004C12CA37740812154CE508F0742A121588
:10B8D0004C12BF78C082C083740C12154CAC82AD80
:10B8E00083D083D082740512113E742912154CE066
:10B8F000C0E0741312154CD0E0F0EEF9AA21AB228F
:10B90000122939E964017015EEA2E0500CA9081261
:10B910002963EA4B60031229877F00800985218211
:10B9200085228312ACC1EFF9741402D65912B68580
:10B9300085218285228312EF852212D1A6FAA3E007
:10B94000CA2274F0120C1D74FF1212A8EAFEEBFF5B
:10B950008C088D098A82F583A37408F0EA241612F4
:10B96000B66C60088A828B83A37410F0EA241712E5
:10B97000B66C60098A828B83A3E02408F0EA241560
:10B9800012B66C60088A828B83A3E004F08A828BF3
:10B9900083A3A3A3A3A3A3E060198A828B83A3A399
:10B9A000A3A3A3A3A3E0C3332402F88A828B83A3B7
:10B9B000E028F0EA241112B66C852182852283608A
:10B9C00004740E8001E4F0EA2423F582E43FF58359
:10B9D00012D1A1F98A828B83A3E0F8EA1288F228B7
:10B9E000298C828D83F0EA241112B66C60139017B3
:10B9F0003DE0F912286DE9F8850882850983E02980
:10BA0000F0850882850983E0C394754009750C00B0
:10BA1000750D0002BBCD12BBFB8A0C8B0DEA4B707F
:10BA20000302BBCD8E828F83E0FA90174212BC26B0
:10BA3000740278081213C6EA4508FAAB09EE24121C
:10BA400012BC20740678081213C6A808EA48FCEB5A
:10BA5000FDEE241512B66C6004780180027800EEC9
:10BA60002416FAE43FFBE4C8F9ED49FDEE24111277
:10BA7000B66CF5088809740978081213C6ED4509F3
:10BA8000FD8A828B8312BC26740B78081213C6EDD4
:10BA90004509FDEE241712BC20740C78081213C659
:10BAA000ED4509FD8E828F83A3A3A3A3A3A312BC9C
:10BAB00026740A78081213C6ED4509FDEE242312F8
:10BAC000BC20740D78081213C6ED4509F9EC850CFD
:10BAD00082850D83F0E9A3F0EE240212BC0312BCB0
:10BAE0003DF0EE240412BC03A3A312BC3DA3A3F0BB
:10BAF000EE241312BC13F0EE241412BC13A3F07541
:10BB00000B088A828B83E06015EE241812B67BE561
:10BB10000C2408FAE4350DFB121CC1750B10EE2441
:10BB20001712B66C6019EE241A12B67BA80BE50C3E
:10BB300028FAE4350DFB121CC17408250BF50B8E99
:10BB4000828F83A3A3A3A3A3A3E06045EE240712DF
:10BB5000BBE6E0C0E012BBF2D0E012BC2DE0C0E0DA
:10BB60000812BBF4D0E012BC2D12D7CC12121485EF
:10BB70000E82850F83E012BF45A80BE50C2812A9A1
:10BB8000211211F5850E82850F83E0C333250BF555
:10BB90000BEE241512B66C6008C0E012BBF2D0E0C8
:10BBA000F012BBDE12D7CD1212141288F1FC7D0008
:10BBB000740312154C12BBD6E0F8E50C28F8E435F6
:10BBC0000DF9E82AFAE43912A9251211F5AA0CABED
:10BBD0000D740102D659E0FA8E828F83A322EE12F1
:10BBE000E4153FF58322F50EE43FF50F850E82F54F
:10BBF0008322A80BE50C2812BF6422E0FA7B001216
:10BC00001BCB22F8E43FF98882F583E0850C82851E
:10BC10000D8322F582E43FF58312BC47A3A3A32240
:10BC2000F582E43FF583E0F50875090022F0050B85
:10BC30008E828F83A3A3A3A3A3A3A3A322A3A31250
:10BC4000E142A312BC4722E0850C82850D83A3A3A9
:10BC5000A32274F4120C1D74FD1212A8EAFEEBFF6D
:10BC60008C088D097401121278880A890B780A12DF
:10BC700012187402121288AA08AB091225AF7402B6
:10BC80001211F5E9704B85218285228312C24BF097
:10BC9000740112154C12BCDA12BCE06027148E82BB
:10BCA0008F83A312D1A212D70D740112154CE02874
:10BCB000F8A3E039F9E824FEF582E934FFF58312B0
:10BCC000D50980118E828F83A3E4F0AA08AB098086
:10BCD000047AFE7BFF740302A85312CBF5A3A322C0
:10BCE000E812BCE52212CAFC852182852283E0226B
:10BCF00074F0120C1D74FD1212A812D64B740212AD
:10BD0000154CE9F08C0C8D0D750B017C267D0079AE
:10BD100000AA0CAB0D121B23740212154CE0C39445
:10BD200008500302BED812BC0BF0AC0CAD0D85213F
:10BD30008285228312B34DFA85218285228312C423
:10BD4000B912C26EE96003750B00852182852283DA
:10BD500012BF7812BF8CE0F9EA850C82850D83A3AF
:10BD6000A3A3A3A3A3A3A3A312BFD4F5838882A3F1
:10BD7000A312BF8CA3A3E0F912D4E7EA12BFD41236
:10BD80009A35C0E012D4DED0E012D1A2F8A3E0C808
:10BD90002407F582E438F583E0C0E012F1C9D0E071
:10BDA00012BFBE740812BFCBA3E06020852182853C
:10BDB0002283E02408F8A3E03400F9E50C241312F0
:10BDC000F1CDE8F0A3E912D6462408F0850C82856F
:10BDD0000D83A3A3A3A3A3A3A3A3E0602A850C823E
:10BDE000850D83A385820E85830F12BF86F8A3E09D
:10BDF0003400F9E50C241512F1CD12CA37850E82F4
:10BE0000850F83E02408F012BF4CE4F012BF5CE41D
:10BE1000F0A312BFBEA3A3A3A3E0601112BF988535
:10BE20000C82850D83A3A3A3A3A312BFDBE50C1291
:10BE3000BF6CE0700302BEC412BF98FA12BF4CEA96
:10BE400012BFDBF8852182852283E028FBA3E03442
:10BE5000008B82F583E0F8E50C241A12F1CDE8128C
:10BE6000BFDBE8C39AE50C505612BF73F890384A0E
:10BE7000E493C39850047E0C8006E50C12BF73FE59
:10BE8000850C82850D8312BF85F508A3E03400F58B
:10BE900009750A007808121214EE12BF457A107B59
:10BEA0000B12A9261211F512BF5C7410F0A3740BCB
:10BEB000F0EEC333F8850E82850F83E028800412EC
:10BEC000BF6CE4F0850C82850D83A3E0F8850C82BD
:10BED000850D83E0C39850047900806612BF85FA0F
:10BEE000A3E03400FBE50C12D4D812F1D012D651E5
:10BEF000850C82850D83E0C398C0E012D4CFD0E0DA
:10BF000012BFCBE0603AE50C2417FEE4350DFF8E3E
:10BF100082F583E024F2F0E50C241DF8E4350DF9F8
:10BF20008882F583E0240EFAA3E03400FB8882893E
:10BF300083EAF0A3EB12C2758E828F83E0C398F080
:10BF4000A90B02D65725E0FCE433FD22E50C12BF15
:10BF500052222419F582E4350DF58322E50C241BC9
:10BF600012BF6422F582E4350DF5832212C9EE1268
:10BF7000BF672212BF52E02212BF7C22E0F8A3E08A
:10BF8000F583888222A312BFB5E02822A3A312C49E
:10BF9000B012BF7EA3A3A322850C82850D83A38547
:10BFA000820E85830F12BFB5E028FAA3E034008A21
:10BFB00082F583E022E0F88521828522832212BF68
:10BFC000C222F0850C82850D83A32212BFC2A3A3D7
:10BFD000A3A3A32212BCE5F8A3E022F0850E82857C
:10BFE0000F83E004F02274F4120C1D8A088B09EA16
:10BFF00012C088A3A3F0EA1313543F12C07BA3F02E
:10C00000EAC4131312C08812C09B7409780A121470
:10C01000AC12C08FA3A3A3A3A3A3F0EB12C09112F1
:10C02000C09A740A780A1214ACE50A5401C0E0EC14
:10C0300012C9EE3DF583D0E012C09F740B780A124E
:10C0400014AC12C08F12C098740C780A1214AC127F
:10C05000C08FA312C098740D780A1214ACE50A546C
:10C0600001C0E0EC2424F582E43DF583D0E0F074D7
:10C070000E78081214ACA90802A85612C081A3A316
:10C0800022540F8C828D832254038C828D8322E56F
:10C090000A54018C828D8322A3A3A3A3A3A3A3F09C
:10C0A0008A0A8B0B22C082C08379008A828B83A389
:10C0B000A3A3A3A3A3E090173C600EE0701F8A82A5
:10C0C0008B83A3A3E070168012E0601112D4FC9061
:10C0D0001745E06A7003A3E06B60027901800312E8
:10C0E000D509D083D0820211C274F2120C1D8A0AC3
:10C0F0008B0B890CECFEEDFF8A828B83E0FA12C277
:10C100006E850A82850B83A3A312C262E0F9EA8ED0
:10C11000828F83A3A3A3A3A3A3A3A3A312C2811269
:10C12000C262A3A3E0F912BBDEEA12C281A3A3E0BC
:10C13000C0E0EE12C235D0E012C288A3A3A3E0C0D3
:10C14000E0EE12B7A43FF583D0E012E21B740812B0
:10C15000E21BA3A3A3A3A3A3E06017E50A2408F8A6
:10C16000E4350BF912AC81E8F0A3E912E21BE024FC
:10C1700008F08E828F83A3A3A3A3A3A3A3A3E0604D
:10C18000188E828F83A312C25112C22B12CA378516
:10C190000882850983E02408F08E828F83A3A3A3FD
:10C1A000A3A3E060248E828F83A385820885830900
:10C1B000E0F8E50A28F582E4350B12C242A3A3F0A9
:10C1C000850882850983E004F0EEFAEFFB1229CF9F
:10C1D000E9F50D70518E828F83A3A3A3A3A3A312AD
:10C1E000C24BA37014E0F8E50A28FAE4350BFB1201
:10C1F000CD3812D651E50C802212C251E8240EF837
:10C2000050010912CD38E8F0A3E912C27585088201
:10C21000850983E0F9E50CC39924F2C398C0E0EEE8
:10C2200012CE90D0E0F0A90D02A94FEE2415F582B0
:10C23000E43FF5832212C23C3FF583222411F582AC
:10C24000E42212C249A3A3A322F583E08E828F8346
:10C2500022858208858309E0F8E50A28F8E4350B91
:10C26000F922E0FA850A82850B83A3A3A32212E4B4
:10C270002A1229C922F090173DE0F912286DE9F839
:10C2800022F0A3E912C28822F0850A82850B83A3DB
:10C29000A3A3A322C082C0837AC77B1779E2122F9F
:10C2A0008D7AC77B1702C0E2C082C0839017450217
:10C2B000C0DFC082C08390174802C0DFC082C08345
:10C2C000794A122F8D02C0E274F6120C1D9017CF1E
:10C2D000E0FE04F0EEF9122963EA4B70F0EE60ED37
:10C2E000F9800574011211F57F02020F2474F01217
:10C2F0000C1D74FD1212A8740112154CECF0A3ED84
:10C30000F0E9852182852283F08A0E8B0F7E008ED4
:10C3100008740112154C12B681122B6D8A0A8B0B10
:10C32000741312154CE0F50C741412154CE0F8EA75
:10C330004B701CE8600302C41C852182852283E0C7
:10C34000F9740112154C12C4BE122B9102C4ADE84F
:10C35000700302C3D79017D412CC04600612C4BA7B
:10C36000123127E50C700B850A82850B83E4F002FD
:10C37000C41790173FE0A2E1400302C4349017D6DF
:10C3800012CC04600CA90CAA0AAB0B12C4BA12316D
:10C3900027850A82850B83E0FA12E41B500109C34A
:10C3A000EA98E499A2D265D0335009850A82850BB8
:10C3B00083E004F0850A82850B83E0F8903848E436
:10C3C000936870700EAA0EAB0F12263F850A828505
:10C3D0000B83A3E4F0805DE50C702BEA2402F8E403
:10C3E000350BF98882F58312C4B0E0FCEA2CFAE43C
:10C3F000340013EA1388828983F0700A850A828BDD
:10C4000083A3A37401F0850A828B83A3A3E0F89031
:10C410001929E0C398501D750801801874016870CF
:10C4200013E50C600F90173FE0A2E15007AA0EAB96
:10C430000F12263FE508A2E092F0EEA2E072F05063
:10C440006C90173FE0A2E1502EAA0EAB0F12E6E966
:10C450006025E508A2E0500D8A828B83A3A3A3A3E5
:10C46000A3E0C2E0F0EEA2E050438A828B83A3A354
:10C47000A3A3A3E0D2E0F0EEA2E0503190173FE09A
:10C48000A2E15012AA0EAB0F1223BDE96008AA0E5A
:10C49000AB0F79008014901748E0650E7004A3E09C
:10C4A000650F7009AA0EAB0F79011224E902D65765
:10C4B000E0FA85218285228322A312BF7F2212B651
:10C4C00085AA0EAB0F2274F4120C1D8A088B098CFE
:10C4D0000A8D0B90837C780812131370077A01126F
:10C4E000C51080279019E578081214BBEA4B4C4D13
:10C4F000600D7808121210128B151211F5800C7A4B
:10C50000017B0090179FE0F9121C9702A8567A2031
:10C510007B0090179FE0F9121B7722C082C08390A6
:10C5200019E902AA10C082C0839019EB02AA107404
:10C53000F6120C1D7E007508317509177808121265
:10C54000187C6E7D007A217B00121C43740212114C
:10C55000F5E9640A70027E01122399E9640A700405
:10C56000EED2E1FE12240BE9640A7004EED2E2FE80
:10C5700090041812CC04600F12C4BA123127E96477
:10C580000A7004EED2E3FE1226CFE9640A7004EECC
:10C59000D2E4FE1221F5E9640A7004EED2E5FEEE63
:10C5A000F902C2E874F6120C1D121ADB7508317517
:10C5B0000917780812121875086E750900780812A4
:10C5C000121812C5E51211F512239F1224119004BE
:10C5D0001A12CC04600612C4BA1231271226D512E0
:10C5E000220702C2E87C007D007A217B00121C4FEA
:10C5F00074042274F6120C1D74FF1212A87E0075CA
:10C60000083175091778081212187C6E7D007A219E
:10C610007B00121C4374021211F5E9600302C6BFCD
:10C62000780812121875086E8E0978081212187C94
:10C63000007D007A217B00121C5574041211F5E96B
:10C64000707D901745E064FE7003A3E0F460707E97
:10C6500001901754E064086005E06404705C852173
:10C6600082852283EE12C6FB7A5C7B177943122205
:10C67000797A597B1779471222797A4A7B17794A56
:10C6800012C6DB7A527B1779501222797A457B17D2
:10C6900079531222797A5A7B1779541222797A4780
:10C6A0007B1779E112227990173FE0A2E35004D280
:10C6B000F08002C2F012C6E88005121ADB7E00127A
:10C6C000238D12242390041C12CC04600612C4BAD9
:10C6D0001231271226E1EEF902C2E31222797A48DA
:10C6E0007B17794B12227922A2F0E43385218285CF
:10C6F000228312C85879521222792212C8587942DC
:10C700001222792274F6120C1DE9FEA2E0501C756B
:10C710000831750917780812121875086E75090026
:10C72000780812121812C5E51211F5EEA2E35003B3
:10C73000122393EEA2E15003122429EEA2E2500E3E
:10C7400090041E12CC04600612C4BA12312702C231
:10C75000E874F6120C1D74EC1212A87401121288FF
:10C7600012C88A740512154CE4F0740712154CE4D3
:10C77000F07A04F91223AB8A0890385CE493FAC388
:10C78000E5089AEB94005044122387E9703E9038F4
:10C790003412C836600F7A04790312C81F903834F7
:10C7A00012C8405008740512154C7401F0903836C8
:10C7B00012C836600F7A02790112C81F90383612FB
:10C7C000C8405008740712154C7401F0901AC3E069
:10C7D000F97CA27D17740112128012C82974071205
:10C7E000154CE07011740512154CE070098521821A
:10C7F000852283E480088521828522837401F0905C
:10C800001ABEE0F89016D2E058F88521828522837E
:10C81000E05812C8547941122279741402C2E51208
:10C8200023AB90385CE493FC221229157AA27B1783
:10C83000794512227922E493F8740193F9E84922A8
:10C84000E493F8740193F9ECC398F8E499F9C3EA16
:10C8500098EB992212C85822F0AA21AB222274F731
:10C86000120C1D74ED1212A8E9FE90179EF0AC2177
:10C87000AD2212C88A741212154CEE12C897AA2162
:10C88000AB2212C829741302B0E0901AC3E0F97AFF
:10C89000A27B1712291B22F0901AC3E0F97CA27D1B
:10C8A000172274F4120C1D8A088B09901AC5E064D3
:10C8B000FE7003A3E0F4706C7A167B00121B358ABD
:10C8C0000A8B0BAE0AAF0BEA4F60598A828B8374D6
:10C8D0000112CC17A3E08A828B83A36004740280C8
:10C8E000027401F0EA240AF8E43FF9E508241D1275
:10C8F000C92B12EC0912A92CF0A2E3400912C9338A
:10C9000012D50912299FE50812D979350912E436A2
:10C91000EE241312CA10EEFA12C93D12C93312D115
:10C920005F12CA3702A856E5082413F582E43509D8
:10C93000F58322E50812E4153509F58322EFFB9013
:10C94000179FE0F9121B412274F2120C1D74FD12A4
:10C9500012A88A088B09890A8C0B740112154C7471
:10C960000412D868607212CA197407F0E50824131B
:10C97000FAE43509FB8A82F58312A92D12CA27A38E
:10C9800012D85712CAD388828983A3A3A3F012C9ED
:10C99000FCE508240BF8E43509F912C9E612CA3798
:10C9A00012CC1FEE241312DA08650A6006740165C2
:10C9B0000A700712C9F47404800412C9F4E4F090F8
:10C9C0001AC512BCDA12CA377401650B700312CA99
:10C9D0000DEE12E209F980027910901AC574FEF08A
:10C9E000A304F002A94AEE12C9EE3FF583222418EF
:10C9F000F582E42212ACC57440F0A322EE24161294
:10CA0000CA0322F582E43FF5837401F022EE24117B
:10CA1000F582E43FF583E4F02212E4143FF583123B
:10CA2000B7BF8882F58322A312EFA422E0F8A3E027
:10CA3000F985218285228312CAFB2274F4120C1D0F
:10CA40008A088B097A007B0490179FE0F9121C97E3
:10CA500012CAE29017547409F012D28512C9271233
:10CA6000D50912ED11640170677A0F7B00121B3536
:10CA70008A0A8B0BAF0BEA4F60568A828B83740253
:10CA8000F0E50812D4D8350912D525FC88828983AF
:10CA9000A3A3E0FBEC8A828F83A3A312D6528882E1
:10CAA0008983A3A3A3E08A828F8312CAD3FAA3E067
:10CAB000FB794A122279850882850983A3A3A3A35F
:10CAC000A3A3E070069015B37405F0AA0A12C93D3D
:10CAD00002A856A3F0E5082415F582E43509F5838C
:10CAE000E0229016D512B7BF9019EB12CAFB901630
:10CAF000D712B7BF9019E912CAFB22E8F0A3E9F0F8
:10CB00002274F4120C1D74FD1212A88A088B097489
:10CB10000112154C740212DA0E700302CBDF12CA36
:10CB2000197404F0A3E412CC0AA3A3A3E064017077
:10CB30000888828983A37420F0850882850983A3ED
:10CB4000A3A3A3A3E06401700988828983A3E0D230
:10CB5000E6F0850882850983A3A3A3A3A3A3E064C9
:10CB600001700A88828983A3E0D2E78006EA12ACCA
:10CB700082740112CC17E064017023850882850954
:10CB800083A3A312CC046004EA12C9FD8508828540
:10CB90000983A3A312CBEDEA12C9E712CA378508AD
:10CBA00082850983A3A3A3A3A3A3A3E064017009BF
:10CBB000EA240F12C9FFA3E4F085088285098312D5
:10CBC0008C89600612B6694404F012CC1F85088275
:10CBD00085098312CBF112B6AF12E209F98002790E
:10CBE0001002BCD5EE2413F582E43FF58312B7BFE3
:10CBF0002212CBF52212B7C38E828F8322EE12E06F
:10CC0000423FF58312B7BFE8492212CC0E22F085CD
:10CC10000882850983A32212CC0EA3A3A3A322EE2C
:10CC200012CE782274F5120C1D74F31212A8890A20
:10CC3000EAFEEBFF7508007509007C0D7D007900A8
:10CC4000AA21AB22121B2312CD3812CE14741F5806
:10CC5000600C7AD37B00122003790002CD33E8A266
:10CC6000E55008740C12154C7401F0E8A2E7500866
:10CC7000740B12154C7401F0E8A2E6740A50081205
:10CC8000154C7401F0800812154CE0640170138E8D
:10CC9000828F83A3A3A3A3A3A3A3E06030EE2413F6
:10CCA00080128E828F83A3A3A3A3A3A3A3A3E06078
:10CCB0001CEE241512E154E50845096010AC08ADDE
:10CCC00009740212154CAA82AB83121CC112BBDE7E
:10CCD00012CA2C740A12154CE06401704D901A1F90
:10CCE000E0604E64017008901A06E070198042E01E
:10CCF00064027012EE240B12CBE7901748E06870C4
:10CD000003A3E069702B128C7C7026E5084509604E
:10CD1000191229DB8A088B09AC08AD0974021215B7
:10CD20004CAA82AB8312ED116007AA21AB22122418
:10CD3000E3A90A740D02B36FEE241DF582E43FF5FA
:10CD4000832274F7120C1D74CD1212A8EAFEEBFFB9
:10CD50008A82F58312D989129A36A2E0400302CD65
:10CD6000F88A828B8312CE21E054FE12E864740D9F
:10CD700012128812B7AA12CE0F12CDFD12D50912C7
:10CD800029D5E97073742A12154C12CE1B70697C78
:10CD90000D7D007900AA21AB22121B2374161215F7
:10CDA0004C12CA2C742A12154C12CE14A2E550084B
:10CDB000740B12154C7401F0E8A2E75008740A12C3
:10CDC000154C7401F0E8A2E650047420800274222D
:10CDD00012154C12B681740212154CAA82AB831242
:10CDE0001CC18E828F83A3A3E0C0E0740C12154C8B
:10CDF000D0E012C8541224DD743302B0E0F9EA2402
:10CE00001FF582E43BF5832274402AF58274083BC7
:10CE1000F583E02212BF7CA3E0F82212B351640430
:10CE20002212D52CA3A3A3A3A322E9F879007404AA
:10CE300068600A740A686005740368700279010208
:10CE400011C274F6120C1D8A828B837424F0A3A382
:10CE50007401F01224418A088B09AE08AF09EA4F29
:10CE600060078A828B8312CE70EEFAEFFB02C2E873
:10CE70007401F0EA12CE782212CE907401F01229D9
:10CE8000DBEE241AF582E43FF583EAF0A3EBF0220F
:10CE90002417F582E43FF58322C082C083901AC430
:10CEA00002AA18C082C083E9901AC402AA14C082E0
:10CEB000C0839017BB7401F0E9A2E350037403F040
:10CEC000E9A2E15004E0D2E2F002C0E274F6120CF2
:10CED0001D79007C008A088B097808120F6AF8FF18
:10CEE0000701CFFFCEFFCEFFCEFFCEF7CEFBCE01A8
:10CEF000CFF3CE7C01800A7C0480067C0280027C19
:10CF0000089017BBE05C600479028005EC60027950
:10CF10000102C2E874F4120C1DEAFEEBFF8908124C
:10CF200023D58B0BA90BEA49603E8A828B83A3A38E
:10CF3000A3A3E06033C39405502E74016508601A02
:10CF40008A828B83A3A3A3A3E06401600D8A828BF2
:10CF500083A3A3A3A3E0640270078A828B8312CF0A
:10CF60006FEEFAEFFB1223E102A8568E828F831236
:10CF7000AFC712259D2274F6120C1D8A828B83E0A6
:10CF80007014A3A3A312CC04600C8A828B8312D5E5
:10CF90000612272F80047A007B0002C2E8C082C0FC
:10CFA00083901754E064087003122A9B02C0E2C009
:10CFB00082C0837800E875F003A4FCA9F0E9FD12B3
:10CFC000D03E6A7003A3E06B7018903854E493C0AD
:10CFD000E074BE2CF582741739F583D0E0F079C582
:10CFE000805908E8C3940340CC7800E875F003A4A6
:10CFF000FCADF012D03E64FE7003A3E0F4601E08A6
:10D00000E8C3940340E57800E875F003A4FCADF0B4
:10D0100074BE2CF58274173DF583E07015E812E4B8
:10D02000CF12D651903854E49388828983F07900E6
:10D03000800908E8C3940340CF79C702C0E274BFF7
:10D040002CF58274173DF583E022C082C0837C00FA
:10D05000EC75F003A4F8A9F074BF28F582741712D8
:10D0600088FE6A7003A3E06B700912E842600479DD
:10D070000180090CECC3940340D6790002C0E2742D
:10D08000F2120C1D74DD1212A88A088B09750A00B1
:10D09000901745E06A7003A3E06B7010EA4B7003D1
:10D0A00002D147750A01122AA102D1541223CF8A54
:10D0B0000C8B0DAE0CAF0DEA4F700302D1478A8284
:10D0C0008B83A3A3A3A3E06401600D8A828B83A357
:10D0D000A3A3A3E06402706F852182852283E412FA
:10D0E000B7B6740B12154CE8F0A3E912C85412231A
:10D0F0007BE960538E828F8312D15F12CA3774032B
:10D1000012154CAC82AD83741812154CAA82AB83F5
:10D11000121CC17900122591742012154C12D6519F
:10D12000742212154CE4F07C028E828F83A3A3A399
:10D13000A3E0F9740D121280122A3B750A0112D174
:10D140005B12A666F0800D90175212B681AA08AB4A
:10D1500009122B55A90A742302A94C12E44A22127F
:10D16000B7BF901AC522C082C08374FE1212A8797C
:10D1700001122597852182852283EAF0A3EB12D143
:10D18000A290174512D652AA21AB227953122279C6
:10D1900085218285228312D509121F73740202B77A
:10D1A0009DE412D1A62212D996E02274F4120C1D2D
:10D1B00074F31212A8EAFEEBFF8C088D09750A12AF
:10D1C000EA4F7005790002D280901745E06E700337
:10D1D000A3E06F701412D285AA08AB0912ED11708A
:10D1E00005750A018003750A00852182852283E482
:10D1F000F00412154CEEF0A3EF12C85412236FE99D
:10D200006028740312154CAA82AB8312234BE96485
:10D21000017017750A01740312154CAC82AD83AA14
:10D2200008AB0912ED11701680177412650A70119F
:10D23000AC08AD09EEFAEFFB1223B7E96003750AFB
:10D2400000AC08AD09EEFAEFFB122B73E9F8740A93
:10D25000687005750A01801D74A0687012AC08AD75
:10D2600009EEFAEFFB122B85EEFAEFFB122B977407
:10D2700001650A70097900EEFAEFFB122AADA90ADE
:10D28000740D02A8531229DB8A0A8B0BAC0AAD0B72
:10D290002274F6120C1DEAFEEBFF8908122A9BE5A8
:10D2A00008F509780912121C790DEEFCEFFD7AFDE4
:10D2B0007BFF122AB902C2E374F7120C1DEAFEEBDF
:10D2C000FF8A82F583A3A3A3A3A3A3A3A3E060196A
:10D2D000EA24151290CD12BBDF12D509122AA7E954
:10D2E0006401700512BBDE802D8E828F83A3A3A301
:10D2F000A3A3A3A3E0602912AC8112D325FAA3E073
:10D30000FB122AA7E9640170178E828F83A3A3A35F
:10D31000A3A3A3A3A3A312D509122A8F7901800284
:10D32000790002B0E312D331A3A3A3A3A3A3A3E084
:10D330002212B6898E828F83A3A32274F2120C1D4F
:10D3400074FD1212A88A088B09ECFEEDFF890A759C
:10D350000B01740112154C740412E2206044741124
:10D3600012154CE0601512D97FE412DDC08A828B61
:10D3700083E0D2E7F0EA241412AE3412D3A712CA23
:10D380001D7403F0A3E50AF0EE88828983A3A3F05D
:10D39000EF88828983A3A312CA2712EFB412E20C8A
:10D3A000F50BA90B02A94A12E4143B2274F1120CEA
:10D3B0001D8A0C8B0D890875090112D4D7350D1201
:10D3C000D525F50E88828983128AA812D50D12D42C
:10D3D000CFE06404600A7AD37B0012200302D4C831
:10D3E000E50E1210A4020002FAD3030B80D4030C42
:10D3F00070D40D52D40E80D47DD490173FE0A2E1BA
:10D40000507E7900EFFB122621EA4B603A8A828B2C
:10D4100083A3A3A3A3A3A3E05418602B12D4E71201
:10D420000FF38A828B83A3A3120FF37900850C82FA
:10D43000850D83A3A3A3A3A3A3A3A3A312D4F01234
:10D44000D51C1211F580247901EEFAEFFB1224EFBE
:10D45000802E90173FE0A2E15026E9FB122A89EEC8
:10D46000FAEFFB122A8FE964C57015750900801068
:10D4700090173FE0A2E15008121F97800375080043
:10D48000E50C2409F50AE4350DF50BEEFCEFFDA9DA
:10D490000E850A82850B8312D509122507850A821B
:10D4A000850B83128C89602012D4DEE0C394024085
:10D4B0001712D4E712DCEA7003A3E069600AE509F9
:10D4C000A2E05004A908800279007F07020F24E53A
:10D4D0000C241712BF6422EA241DF582E422E50C15
:10D4E00012C23C12BF6722E50C12E41512BF67227C
:10D4F00012D4F42212B6898A828B83228A828B8389
:10D50000A3A3A3A3A3A3A3A3A312AFC722A3A3A3CD
:10D51000E0F8E4C8F9EA28FEE439FF2212AFC712A6
:10D520002639740422F58312D52CE02212B7C38861
:10D5300082F583A32274F0120C1D74F31212A874E6
:10D540000312154CECF0A3EDF08A0E8B0F890B7EC5
:10D5500001EE12154C740AF0741D12154CE0F50A18
:10D56000E9700FE50AC333240AC0E0EE12154CD06F
:10D57000E0F0AA21AB22122A5F8A088B09EA4B70DD
:10D580000302D64012A843350912DDB88E82F58316
:10D590007409F0E50BC43354E0450AA3F0EE24020D
:10D5A000FE50010F740312154C12B68FFAEFFB12E6
:10D5B000D71C50010FE50B70357800741E12154C06
:10D5C00012D5098023E812BF45EA2CF50CEB3DF596
:10D5D0000D850C8212C24912D6468E828F83A3F02B
:10D5E000EE2402FE50010F08E8C3950A40D7E50873
:10D5F000241712C92B7401F01229DBE508241A1232
:10D60000C92B12D6517405121288AA0EAB0F122321
:10D6100057E96019E508241612C92B7401F0740546
:10D62000121278E508241812C92B12CA378508820D
:10D63000850983A3A312D860AA08AB0912E20CFEE5
:10D64000EEF9740D801312BFC2E02285218285227B
:10D6500083EAF0A3EBF02274031211F57F08020FA6
:10D660002474F0120C1D74F81212A88A0E8B0F127B
:10D67000D4D7350F12D847F8741F58F50A880BA372
:10D68000AE82AF8312D71450010F12ED0960797486
:10D69000E0550B706CAA0AEA2AFA7B0012DCCC6017
:10D6A000677A00802B8E828F83E0FCA3E0F8E4C8C9
:10D6B000F9EC28E439FDEA12D70DE50828F582EBEC
:10D6C00039F583ECF0A3EDF0EE2402FE50010F0AD1
:10D6D000EAC3950A40CF7808121218780A12121C71
:10D6E00074031212887900E50E12A844350FF583F1
:10D6F00012DCD674031211F5AA08AB09121BD180F3
:10D70000077AD37B00122003740802D65925E0F86B
:10D71000E433F922EEFCEFFDAA21AB22121CC1EE8C
:10D720002408FE2274F0120C1D74FE1212A812D6E8
:10D730004B890C8C0E8D0F9015CE12CC04607A7430
:10D740001212154CE0F50B12D70DE8240EFAE4394D
:10D75000FB121B358A088B09AE08AF09EA4F6059E6
:10D760008A828B8374D412D7DA8A828B83A3A31222
:10D77000EF9CA3A3A3A3E50CF0AC0EAD0FEA240528
:10D78000FAE43FFB121CC112D7BEE50BF074131272
:10D79000154C12D7CD121214AC0BEC2CFCE433FD5B
:10D7A000EE240EFAE43F12A9251211F5EEFAEFFB72
:10D7B0009015CE12BF78123127740202D659EE129C
:10D7C000D7C322240DF582E43FF58322A3E0F508B8
:10D7D000A3E0F509750A0078082212D1A6F8A3E0A3
:10D7E000F92212B7BF850C82850D832274F6120CC4
:10D7F0001D74F81212A8890812D4D73B12D847F921
:10D80000741F59F88909A3AE82AF83740168702927
:10D8100012D71450010F12ED09602574E0550970FC
:10D82000188E828F83A312BBD612E4268E828F833A
:10D83000E0F9122AF5A90880097AD37B00122003A7
:10D840007900740802C2E5F583E02401FEA3E03408
:10D85000008E82F583E022E088828983A322F5830B
:10D86000E50EF0A3E50FF02212DA1C8A0C8B0DAE48
:10D870000CAF0DEA4F2274F0120C1D74FD1212A8A9
:10D88000740112154CEAF0A3EB12D992E4F00412E1
:10D89000154C12D98912D4D83812DA35888212DDA3
:10D8A000B8740112154C12D98912D97938F583123E
:10D8B000D5091223D5EA4B700302D9768A828B836D
:10D8C000A3A3A3A3E0700302D976C3940340030289
:10D8D000D976EEC3940F5003EF600B852182852229
:10D8E000837401F0807512B7A312AE37EE702290E8
:10D8F0003705780812142512D97F78081214BB90C6
:10D900003705780812142512E21178081214BB802A
:10D910003BF508750900740278081213C6740525D2
:10D9200008F582743712C92E780C12142590835092
:10D9300078081214D9780C7908120AB612D97F78AF
:10D940000C1214BB12E211780C1214BBEA241BF562
:10D9500082E43BF5837401F0121FD3901A08E0FCB7
:10D96000852182852283E0F9740112154C12EF8A19
:10D9700012D509122AE302D6572415F582E422EAC9
:10D980002417F582E43BF5832212D98D2212F0CBC5
:10D99000C82212D99622F08521828522832274F032
:10D9A000120C1D74F51212A88A0E8B0F89098C08AF
:10D9B000750C01740112154C740312DA0E604212D8
:10D9C000CA19740C12EFB888828983A3A3E50812E0
:10D9D000CE727403121288AA0EAB0F122357E9609D
:10D9E0000FEE241612DA0812127812C9E612CA379C
:10D9F0008E828F83A3A3E50EF0A3E50F12DA25F53F
:10DA00000CA90C740B02D65912CA0374032212DA41
:10DA10001C8A0A8B0BAE0AAF0BEA4F22F0AA21AB8D
:10DA200022122A5F22F0EE241312CA03EEFAEFFB51
:10DA300012243BE922F583E02401F8A3E03400221C
:10DA400074F6120C1D74DA1212A8EAFEEBFF8A8239
:10DA5000F58312DAAB12CC02604C8A828B8312D52A
:10DA600009AC21AD22128FA9740912154C12DCEAFF
:10DA70007003A3E069602F8E828F8312BF78120F2C
:10DA8000F37508FE7509FF7808121218741C121538
:10DA90004CE0F9740D12154C12B681740F12154C2E
:10DAA00012D51C1211F5742602C2E512DAAF22E07B
:10DAB000F8A3E0C8241FF582E4382274F7120C1D85
:10DAC000E9FD7A007B007C00800B12DB64E02AFA1F
:10DAD000A3E03BFB0C90385C12E5DF5030EC75F0B6
:10DAE0001CA4F8AEF0EEF974F828F58274051288DB
:10DAF000FEF460E0740428F58274063912CC0260EA
:10DB0000D3ED60C612DB64E4F0A3F080C77C008034
:10DB10000B12DB51E02AFAA3E03BFB0C12E5DC50D0
:10DB20002DEC75F017A4F8AEF0EEF912EB7F700350
:10DB3000A3E0F460E6745528F58274083912CC022B
:10DB400060D9ED60CC12DB51E4F0A3F080CD02B0DF
:10DB5000E3EC75F017A4F8EEF9745528F582740813
:10DB600039F58322EC75F01CA4F8EEF9740428F55D
:10DB700082740639F5832274F0120C1DE9FE8A08BE
:10DB80008B0990179EE0C39E5034122A2F9017D015
:10DB900012EFB6901738E0F50CE4F50DF50EF50F21
:10DBA00090831078081214D9780C7908120AB67884
:10DBB0000C1212107A007B02128B191211F502D688
:10DBC0005C74F6120C1DEAFEEBFF9017BC80138804
:10DBD000828983E06E7003A3E06F603C8882898352
:10DBE000A3A312CC0470E87A047B00121BCB8A0832
:10DBF0008B09A808A909EA49601E8A828B83EEF086
:10DC0000A3EFF09017BC12D50988828983A3A312D1
:10DC1000D6519017BC12CA3702C2E874F4120C1D18
:10DC20007E009017BC80070E88828983A3A312CC44
:10DC30000470F4EE25E0FAE433FB12DCCC7003024E
:10DC4000DCC67C009017BC802A88828983E0F50AB4
:10DC5000A3E0F50BEC25E0FAE433FBE5082AF582B6
:10DC6000E5093BF583E50AF0A3E50BF00C88828912
:10DC700083A3A312CC0470D190179A12DCEA70032C
:10DC8000A3E06978087019121218EEF50A780A12E2
:10DC9000121C7C667D17790090179A12DCD6801AC8
:10DCA000121218EEF50A780A12121C7C667D17799A
:10DCB0000090179A12D509122AC574031211F5AAF9
:10DCC00008AB09121BD112245302A856121BCB8A8F
:10DCD000088B09EA4B2212AFC7122AD1228E828FFB
:10DCE00083A3A3A3A3A3A3A3A3A312B7BF90174582
:10DCF000E06822C082C08380128A828B83A3A31231
:10DD0000CBED9017BC12CA37121BD19017BC12AFC3
:10DD1000BE70E602C0E274F5120C1D90175212E1BB
:10DD20005A9017D012CBED90175212CA377AD07B87
:10DD30001779501222799017D012DDBA750A008037
:10DD40000F12E69E7003A3E06F600312E4EB050A76
:10DD500012DDAC5020E50A75F017A4F8A9F012E521
:10DD60004265087004A3E0650970D612E54BEEF039
:10DD7000A3EFF080D99017D012DDBA9015D012CC55
:10DD80000460267A067B00121B35EA4B601B8A82F0
:10DD90008B8374D5F0A3A3E412AE3DA30412DDC0BF
:10DDA0009015D012BF7812312702B37290385DE41B
:10DDB00093F8E50AC398223BF583E0FEA3E0FF2237
:10DDC00012B1B7EEF0A3EFF022C082C083901745E6
:10DDD000E064FE7003A3E0F4600E90173FE0A2E160
:10DDE0005006122B79122B1F02C0E274F0120C1D88
:10DDF000901793E0604CF50CE4F50DF50EF50F90DF
:10DE000083FC78081214D9780C7908120AB6121B10
:10DE10002F8A088B09A808A90990383AE49358F585
:10DE200008A3E49359F509E4F50AF50B780C790891
:10DE30001213B3780C1212107A007B0112DE491211
:10DE400011F502D65C7A007B4090179FE0F9121C16
:10DE50009174042274F0120C1D74FE1212A87E003C
:10DE60007F008E0E8E0F1223F3750A008026AA0AF9
:10DE70007B001223ED8B09A909EA4960158A828B80
:10DE800083A3A3A3A3E0600464047006129A9360C2
:10DE9000010F050A90385C12DDAF40D2122B4F12F1
:10DEA000D64B750800801BAA087B00122B5B8B0BDE
:10DEB000A90BEA49600AEA12E83B129AA160010E36
:10DEC000050812E05A40E0EF2EFE700302DFB1F5C4
:10DED00008750900740278081213C6AA08AB091263
:10DEE000F36D700302DFAF750B00EEF508750900E6
:10DEF000740278081213C6AC08AD0979FF121B230F
:10DF0000750A008052AA0A7B001223ED8A0C8B0D41
:10DF1000EA4B60418A828B83A3A3A3A3E0600464DD
:10DF2000047032129A93F9602C050B850E08850F48
:10DF3000097808121218EEFD850C82850D83A3A3C3
:10DF4000A3A3A3A3A3A3A3E0FC850C82850D831246
:10DF5000E0511211F5050A90385C12DDAF5006E56C
:10DF60000BC39F40A075080012E05A5044AA087BDA
:10DF700000122B5B8A0A8B0BEA4B602FEA12E042FD
:10DF8000350BF583129AA1F96021850E0C850F0DD2
:10DF9000780C121218EEFDE50A240E12E048FC85FA
:10DFA0000A82850B8312E0511211F5050880B97EB3
:10DFB000007F6290173DE0600BF912286DE9F8745C
:10DFC00054C398FF75F003EF84F50894204003755F
:10DFD000081F850E0A850F0B750C00EF6005750C88
:10DFE000207F00E508C39E500585080980088E093A
:10DFF000E50CD2E6F50CAC0AAD0BAA0CA909122B64
:10E000002BE9F50DE50CA2E6401D15097800800B03
:10E01000E50A2404F50A5002050B08E8C3950940F7
:10E02000EFE509CEC39EFEE97006E50CA2E650A816
:10E03000E50E450F6007AA0EAB0F121BD1A90D020A
:10E04000D7B9240FF582E422F582E4350BF583E09D
:10E050002212AFC7122B25740222852182852283CA
:10E0600012B7BFC3E50898E4992274F2120C1DE9B7
:10E07000FE750A00750B00740E12154C12E15A7FE2
:10E0800000801185080A85090BE5082404F508506D
:10E090000205090FEFC39D400302E13F8508828519
:10E0A0000983E0F47003A3E0F46076E50A450B60B1
:10E0B0000E850A82850B83C3E09AA3E09B50C4853A
:10E0C000088285098312ECD0EB9950B7A808A909FA
:10E0D00088828983E0F47003A3E0F4600DE82404EF
:10E0E000F85001090FEFC39D40E6880A890BE82428
:10E0F000FCF8E934FFF98882F583128C74850A8272
:10E10000850B83E50CF0A3E50D12E14212E1481204
:10E11000E142A312E148A3F0C3E50898E50999405C
:10E12000C985088285098312D651EC850882850944
:10E1300083A3A3F0EE850882850983A3A3A3F0023D
:10E14000A94FF08882898322A3A3E0850A82850BE8
:10E1500083A3A322F582E43FF583E0F508A3E0F56D
:10E16000092274F3120C1D74FD1212A889088A0981
:10E17000ECFEEDFF750C0175F003E9A42402C0E08C
:10E18000740112154CD0E012E220607112D3A71274
:10E19000CA1D7408F0741F55084509A3F0E824024D
:10E1A000F85001097C0080378E828F8312A92D12CE
:10E1B000E21B12D85712B69EC454F05470FD8E82E2
:10E1C0008F83A3A3A3E054074D88828983A3A3F080
:10E1D000E82403F8500109EE2404FE50010F0CEC72
:10E1E000C3950840C38A828B83A3A374FCF0A374F5
:10E1F000FFF012E2117401F012E20CF50CA90C749C
:10E20000031211F57F05020F24FAEFFB12243BE9FC
:10E2100022EA2413F582E43BF5832212B6A9A32255
:10E2200012DA1CEA4B2274F1120C1D8A0A8B0B7550
:10E2300008007AFE7BFF7CFE7DFFE50A12D4D8350C
:10E240000B12D525FE741F5EF509E82402F50CE4D7
:10E2500039F50DEEA2E74074E50A241712E048F8FC
:10E2600075F003E509A42402687061E509600B8577
:10E270000C82850D83E0FA12E4267F008029850C4C
:10E2800082850D83A3A3E05407F50EE50C2403F566
:10E290000C5002050DE8FC901745E0687003A3E000
:10E2A000697003850E080FEFC395095029850C820C
:10E2B000850D8312F0CBFCE4CCFDE82CE43DF98520
:10E2C0000C82850D83A3A3E0548860B27AD37B00CF
:10E2D00012200302E407E508700BEEF9122B37E970
:10E2E000700302E407E50A12A844350B12A8488A15
:10E2F0000C8B0DAE0CAF0DEA4F605A8A828B83A354
:10E30000A3A3A3A3A3A3E4F090384893F88A828B35
:10E3100083A3A3A3A3A3A3A3A3E0C398402412E4CD
:10E320001B5001097A027B001209BBE88E828F83A1
:10E33000A3A3A3A3A3A3A3A3F0E508C39407500238
:10E3400005088E828F83A3A3A3A3A3A3A3A3A3E5FE
:10E3500008F002E4077CFF7DFF12E40A12D50912DF
:10E360002B438A0C8B0DAE0CAF0DEA4F704512EAB1
:10E37000ED700302E4077C177D007900121B231265
:10E38000E40A12CBF112891A8E828F83A3A3A3A36E
:10E39000A3A3A3A312B6AF12B66574AA12EB1050D2
:10E3A00001097A027B001209BB12D7BEE812E440D1
:10E3B0007401F0903848E493F81288F1C39840193A
:10E3C00012E41B5001097A027B001209BB12EB090F
:10E3D000E508C394075002050812EAFBE50812E4B9
:10E3E00045E4F0129FB512234BE9701B850A828524
:10E3F0000B83A3A3A3A3A3A3A3A3E0600AE50A122C
:10E40000D979350B12E43602D4CAE50A12E415357F
:10E410000BF58322EA240BF582E422903848E4933A
:10E4200079002401F82212E42A22A3E0F8E4C8F9D2
:10E43000EA28E439FB22129AC0129FB6121CC122AC
:10E44000F012EAFF22F012E44A22EE12E4523FF503
:10E450008322240CF582E42274F7120C1DE9FE7469
:10E46000FE6A700374FF6B603574605E6460602EDA
:10E47000E9A2E5401CA2E6901745500DC3E09AA31F
:10E48000E09B501A790002B0E3C3E09AA3E09B40FE
:10E49000F390174512CBEDC3EC98ED9940E6790166
:10E4A00080E474F7120C1D7E008005EE12E4E40E89
:10E4B00012E53840F67E00EE12E4CF74FEF0A304BD
:10E4C00012E142E4F00EEEC3940340EB02B0E375B8
:10E4D000F003A4F8A9F074BE28F8741739F98882FB
:10E4E000F583A32275F017A4F8A9F012E52F122BDB
:10E4F000612274F7120C1D7E0080010E12E5385067
:10E5000027EE12EA43E06A7003A3E06B70ED12E5B8
:10E51000426C7003A3E06D600A74FF6C700374FFBB
:10E520006D70D812E52F80047A007B0002B0E3748E
:10E530004028FA740839FB2290385DE493F8EEC362
:10E54000982212E5462212E54BE022744A28F58211
:10E55000740839F5832274F6120C1D7CFF7DFF7A56
:10E56000FE7BFF122B43EA4B70407508008036E5B6
:10E570000875F017A4F8A9F0744F28F582740812F2
:10E5800088FE600C744E28F58274081288FE7013A1
:10E59000744028FE740839FF8E82F58312E84EEE2F
:10E5A000FAEFFB050812E5AD40C502C2E890385D00
:10E5B000E493F8E508C39822C082C0837A007B0008
:10E5C0007C00801012EB777003A3E0F460050AEA88
:10E5D00070010B0C12E5DC40EB02C0E290385DE408
:10E5E00093F8ECC3982274F4120C1D8A088B09EC82
:10E5F000FEEDFF800B122B61EEFCEFFDAA08AB09CC
:10E60000122B43EA4B70EE02A85674F7120C1D7DD4
:10E61000007C0080020D0C12E5DC501C12EB7770C0
:10E6200003A3E0F460F0EDF8EA684B70E8EC75F0F5
:10E6300017A4F812E52F80047A007B0002B0E3747F
:10E64000F7120C1DEAFEEBFFEA4F600E12E65D7456
:10E65000FEF0A30412E66BF0A3F002B0E37C177D9A
:10E66000007900121B238E828F832212A4F3A3222F
:10E6700074F7120C1DEAFEEBFF7508008018E50820
:10E6800075F017A4F8A9F012E69E7003A3E06F607E
:10E690000312E4EB050812E5AD40E302B0E312E536
:10E6A000466E2274F4120C1D8A088B09ECFEEDFFF5
:10E6B000901752E06E7003A3E06F700A12E6E960F3
:10E6C00005EA24088016EEFCEFFDAA08AB09122B20
:10E6D000438B09A909EA496009EA240DFAE439FBE8
:10E6E00080047A007B0002A8561223CF8B0BA90B63
:10E6F000EA492274F4120C1DEAFEEBFF8C0A8D0B22
:10E70000750800750900802BE50975F017A4F8A9B4
:10E71000F012EB5E601BE50912EB6B7003A3E06F78
:10E72000700375080AAC0AAD0B12EA59600343087E
:10E73000A0050990385DE493F8E509C3985004E515
:10E740000860C502C07674F4120C1D74F81212A889
:10E75000750800806BAA087B001223ED8A0A8B0BD8
:10E76000AE0AAF0BEA4F60568A828B83A3A3A3A3A2
:10E77000E0640160498A828B83A3A3A3A3E06402BF
:10E78000603CEA2407F582E43F12E85550308A8263
:10E790008B83A3A3A3A3A3A3A3A3A3A3E412B1CC9A
:10E7A00012CA2812E84EAC21AD228E828F8312D578
:10E7B00009122357AA21AB221223E1121FD3050805
:10E7C00090385C12E5B0408D7E00804DEE75F017FC
:10E7D000A4F8AAF0EAF912EB7F7003A3E0F4603822
:10E7E000744028F8740839F9E812E4523912E855EF
:10E7F0005026EE75F017A4F8EAF9744028F874086A
:10E8000039F9E812E83BE4F0E8240EF582E439F542
:10E8100083E412E86412263F0E12E53840AE7A0017
:10E82000EA75F003A4F8A9F012E842600214F00AB5
:10E83000EAC3940340EA740802A85312E04239F58F
:10E84000832274BE28F582741739F583E02212AF53
:10E85000C712263F22F583E0F8740128F090179440
:10E86000E0C3982212E14212AFC72274F0120C1DCD
:10E870008A0E8B0F8C0A8D0B750C00780079017E47
:10E88000FE7FFF741012154C12E15A8011121B2FDB
:10E89000E50CF5F0EA84E5F0F8750C0079007C00F1
:10E8A000800B74402AF582740812DDB70C90385D35
:10E8B000E493FAECC39A506AEC75F017A4FAADF041
:10E8C000EDFB12CE0864FE7003A3E0F460DE12CE0E
:10E8D00008650E7004A3E0650F60D112CE08650ACA
:10E8E0007004A3E0650B60C412CE0865087004A331
:10E8F000E0650960B7744E2AF582740812CE0F6085
:10E90000ABC3940850A6E064076097E9050C709CBF
:10E91000E50CC3984096EDF974402AF5827408021C
:10E92000E9CF7C00800712EA0312DDB70C90385C57
:10E93000E493FAECC39A400302E9D7EC75F01CA407
:10E94000FAADF0EDFB12EA0312CE0F64FE7003A3E2
:10E95000E0F460D812EA0312CE0F650E7004A3E053
:10E96000650F60C812EA0312CE0F650A7004A3E0B7
:10E97000650B60B812EA0312CE0F65087004A3E0BD
:10E98000650960A874FD2AF582740512CE0F609C9B
:10E99000C39408509774F82AF582740512CE0F6458
:10E9A000016089E06402608474FD2AF582740512B6
:10E9B000CE0F6407700302E926E9050C600302E943
:10E9C0002CE50CC398500302E92CEDF912EA033947
:10E9D000F58312EF818022E50C6011E8700E74015E
:10E9E000650C600302E88D780102E89974FE6E7090
:10E9F0000374FF6F6006EEFAEFFB80047AFE7BFF84
:10EA000002D65C74F42AF58274052274F5120C1D8A
:10EA1000EAFEEBFF8C088D09750A008002050A12D8
:10EA2000DDAC501CAC08AD09E50A75F017A4F8A9D7
:10EA3000F012EA5960E7E50A12EA43EEF0A3EFF0BC
:10EA400002B37275F017A4F8A9F012EA4E227440CE
:10EA500028F582740839F58322744228FA7408393B
:10EA6000FB121CBBE922E9F87907C3940D40047935
:10EA7000018019E8C3940740047903800FE8C39428
:10EA800003400479058005E8700279000211C27420
:10EA9000F0120C1D8A0E8B0F8C0A8D0B890812EA5E
:10EAA000ED604712E65DE50EF0A3E50F12E66BE5BB
:10EAB0000AF0A3E50BF0E508600712B664E50880EC
:10EAC0000512B6647401F0901799E06401700612A3
:10EAD000EAFBE4800512EAFB740712EB105001090F
:10EAE0007A027B001209BB12EB0902D65C122B4999
:10EAF0008A0C8B0DAE0CAF0DEA4F2212EAFF22EE0C
:10EB0000240EF582E43FF58322EE12D7C3E8F0220B
:10EB1000F0903848E49379002401F82274F7120C3D
:10EB20001DEAFEEBFF750800802CE50812EB6B7008
:10EB300003A3E06F601474FF6E700374FF6F7014B2
:10EB400012EB7F7003A3E0F4600A12EB5E7005E540
:10EB50000812E4E4050812E5AD40CF02B0E37442C8
:10EB600028FA740839FB12234BE92275F017A4F830
:10EB7000A9F012EB856E22EC75F017A4F8A9F0123B
:10EB8000EB8564FE2212EA4EE022C082C0837AFF47
:10EB90007BFF122B9702C0E2C082C0839017D27411
:10EBA000A9F0A3742BF09017D474AFF0A3742BF0DA
:10EBB0009017D674B5F0A3742B02AA1474F7120C34
:10EBC0001DEAF8EBF99016D312EBFB702B88828BC1
:10EBD00083A3A3A3A3A3A3A3A3A3120FF39016D36A
:10EBE00012EC0912153588828983A3E0F91224FBFF
:10EBF00074021211F512245302B0E312EF85CA24F5
:10EC000006F582E43AF583E02212EF85F5838A82E5
:10EC100022C082C08390179C12ECC7F090179C1200
:10EC2000CC0470057901122AEF02C0E274F6120CCE
:10EC30001D74FC1212A8E9FE903853E49370057419
:10EC4000E16E707EEA2408F8E43BF98882F58312CD
:10EC5000ECC712ECD7700E90179CE4F0A3F079018A
:10EC6000122AEF805D901A22E06057FA90179C12EA
:10EC7000ECD0E499504C7900122AEF8A088B09EA0B
:10EC800075F064A4F8AAF075F064EBA42AF9901763
:10EC90009C12D5091209C3E8941AE9940040239004
:10ECA00015C812CC04601B90179C12CA2C74021257
:10ECB000154C12EFB6AA21AB229015C812BF7812DC
:10ECC0003127740402C2E5E02401F0A3E0340022FD
:10ECD00012B7BFC3EA982212F0C2F9E84922C082F3
:10ECE000C08374F81212A89082A9AC21AD227408D6
:10ECF00012113EAC21AD2212ED11640170047900B5
:10ED000080027901740802B79DAC21AD227A667B3E
:10ED100017121CBBE92274F6120C1DEAFEEBFF74FD
:10ED20000C12154C12D509743A6A7001EB60067426
:10ED30003B6A4B701F740A12154C120FF38C088D2E
:10ED4000097808121218EEFCEFFD121C557404121B
:10ED500011F58002790A02C2E8C082C0839017D8F8
:10ED600074F9F0A37423F09017DA74FFF0A37423FE
:10ED7000F0901A08E0A2E050329017DC74D3F0A3B0
:10ED8000742BF09017DE74D9F0A3742BF09017E079
:10ED900074DFF0A3742BF09017E274E5F0A3742BEA
:10EDA000F09017E474CDF0A3742BF09017DC12CC24
:10EDB00004600612C4BA12312702C0E274F4120CC5
:10EDC0001D74E61212A88A088B09740412154C747B
:10EDD00002F004121280122A5F8A0A8B0BAE0AAF6D
:10EDE0000BEA4F700302EF4712A8433F12EF717412
:10EDF00004F0A37460F0EA12AC8212CE708E828F9F
:10EE00008312EFB4EE241412B66C7012901731E036
:10EE1000C0E012B65AD0E0F0901731E004F012EFE3
:10EE20006870169019FBE0600D90173CE0700A8E38
:10EE3000828F83E0700312CA0DAC21AD22EEFAEF8F
:10EE4000FB1229B78A088B09EA4B700302EF407A5C
:10EE5000217B00121BCB740612154C12D65174067E
:10EE600012154C12CC04700302EF397C217D00791D
:10EE700000740612154CE0FA121B23740112128062
:10EE80007950122F8D740112154C12CBED740612AD
:10EE9000154C12EF8112EF5312CA3790174512CB5F
:10EEA000ED741712154C12CA37740612154C12EF76
:10EEB0008A7402F0740612154C12AD8F740212EFB0
:10EEC000AA740612154C12EC0912CA3774061215F0
:10EED0004C12EF9412D1A1C0E0740612154C12D955
:10EEE0008912B7AB38F583D0E0F0EE240E12EF5D57
:10EEF000F583E0C0E0740612154C12D98912EF4C6C
:10EF0000D0E0F0740612154C12DAABF58312EFB6AE
:10EF1000EE240F12CBE7740C12154C12EF9CE0C0DC
:10EF2000E0740E12154CD0E0F07406121280122913
:10EF300027740612154C12ACC1AA08AB09121BD1DA
:10EF4000EEFAEFFB121BD1741A02A85312E45238E6
:10EF5000F58322CA2409F582E43AF58322F8E43FD6
:10EF6000F9E8FAE9FB888222EE2411129AE26401A0
:10EF700022F58312F0CB8882F583228521828522B7
:10EF80008312EF8522E0FAA3E02212D98D12E41554
:10EF900038F5832212AF837401F0A322E8F0A3E9CD
:10EFA00012EFA422F08A828B832212B6A2F8A3E089
:10EFB000F922A3A3A3A3E508F0A3E509F02274F6C0
:10EFC000120C1D7E0080167C047D0079FFEEF50892
:10EFD0008D09740278081213C612F2700E9038452B
:10EFE00012E53B40E202C2E874F4120C1D74F71201
:10EFF00012A87508008048E508F50A750B00740230
:10F00000780A1213C612F0A9129A50E024FFF0A356
:10F01000E034FF12F0BEF97A0A7B001209C3EA4B12
:10F02000701B740812154C12F0D01213C674DD2533
:10F030000AF582740B350B12F0B412F1E205089058
:10F04000384512E5B0505FE508F50A750B0074020B
:10F05000780A1213C674DD250AF582740B12E04B90
:10F06000F47003A3E0F460D5E508F50A750B0074AD
:10F0700002780A1213C612F1BE12CC02600302EF2C
:10F08000F7740812154C12F0D01213C612F0A98EA4
:10F090008212F0B412F2867C047D0079FFEEFAEF62
:10F0A000FB121B23809702A85174DD250AFE740B06
:10F0B000350BFF22F583129A81E8F0A3E92212F0C2
:10F0C000C222F08882898312F0CB22E0F8A3E022EA
:10F0D0007402F0E508F50A750B007402780A2274D0
:10F0E000F0120C1D74F71212A88A0E8B0F7EFF749B
:10F0F0000812154C740212D992EAF0A3EB12F1E255
:10F10000E9641A700302F1BA7900741912154C7887
:10F11000081214D9800874FF6E7002E9FE09903855
:10F1200045E493F8E9C3985058E9F50C750D00745F
:10F1300002780C1213C674DD250CF582740B12F1E3
:10F14000D0E0F47003A3E0F460CCE9F50C750D0099
:10F150007402780C1213C674DD250CF582740B1240
:10F16000F1D0E0650E7004A3E0650F70B0E9F50A18
:10F17000750B007402780A1213C612F1BEF5838073
:10F180002CE49369702A74FF6E602CEEF50C750DFB
:10F19000007402780C1213C674DD250CF8740B355C
:10F1A0000DF9888212D85E88828983A3A312EFB6F4
:10F1B0007901740902D65912F1D4790080F474DF10
:10F1C000250AF582740B350B22E50C2412F582E436
:10F1D00012BF672290175212B685AA21AB221222C3
:10F1E000A92212F28D1222A32274F6120C1D74F7BA
:10F1F0001212A8EAFEEBFF7A0080010A903845E47B
:10F2000093F8EAC3985064EAF50875090074027827
:10F21000081213C674DD2508F582740B12C92EE09E
:10F22000F47003A3E0F460D3EAF5087509007402F2
:10F2300078081213C674DD2508F582740B12C92EE6
:10F24000E06E7003A3E06F70B27C047D0079FFEA8A
:10F25000F5088D09740278081213C612F27074084A
:10F2600012154C740212F27E12F286740902C2E583
:10F2700074DD2508FA740B3509FB121B232212D901
:10F2800096EEF0A3EF2212F28D1222A922F090172F
:10F290005212B689AA21AB222274F0120C1D74FE00
:10F2A0001212A812D64B8C0A8D0B7508008521828C
:10F2B000852283E06C7003A3E06D60178521828551
:10F2C0002283E0FA121C498A0C8B0DAE0CAF0DEABA
:10F2D0004F700675080102F368AA0AAB0B121C49AD
:10F2E0008A0C8B0DAC0CAD0DEA4D6007AA0AAB0B76
:10F2F000121C5BE4F50CF50D780C121218EEFCEF05
:10F30000FDAA0AAB0B121C4374021211F5E96058F6
:10F31000EEFAEFFB12F36D604C780E1212188E0CA1
:10F320008F0D780C1212187C007D00740412154C9D
:10F3300012D509121C5574041211F5E9701B780ED0
:10F34000121218780C1212187C007D00AA0AAB0B5E
:10F3500012C5ED1211F5E96003750801AA0EAB0F95
:10F36000121BD18003750810A90802D7B9121BCB54
:10F370008A0E8B0FEA4B2274F2120C1DEAFEEBFF91
:10F380008C0A8D0B7A0B7B00121BCB8A088B09EA47
:10F390004509607490035112F41712FC8E900351CA
:10F3A000EAF0A3EBF0EA2402F8E43509F9880C89C5
:10F3B0000D8882F583EEF0A3EF12F4B2A3E50AF014
:10F3C00012F520A3743212F411740112F411A3F097
:10F3D000740E12154C12F417A3A3A3A3A3A3A3A303
:10F3E000A312FC8E90035112FE5490035512FC8E12
:10F3F000850C82850D8312FCB5122F81850C8285C8
:10F400000D8312FCEDA3E9F0AA08AB097F06020FF9
:10F410002412F527A3A32212FE588A828B8322741A
:10F42000F6120C1DEAFEEBFF8E828F83E0F912309C
:10F43000E38B09EA4509600479028027E4F508F5C1
:10F440000978081212187C007D00EEFAEFFB1231E9
:10F450000774021211F58B09EA45097004791080CE
:10F4600002790002FD987F01020F2474F2120C1D34
:10F4700089088A098B0A1230DD8A0C8B0DAE0CAF1D
:10F480000DEE4F602A7A047B00121B35EA4B601F99
:10F490008A828B8374FDF0A3E50A12F4B7E50812A3
:10F4A000F4B2E509F08E828F8312F532121B41020D
:10F4B000F40C12F4B7A322F08A828B83A3A32274E4
:10F4C000F0120C1D8A0BECFEEDFF8B0C1230DD8A66
:10F4D000088B09EA450960437A077B00121B35EA6D
:10F4E0004B60388A828B8374FEF0741112154CE0E5
:10F4F0008A828B83A312F4B7E50CF0741012154CBA
:10F50000E08A828B83A3A3A312F4B212F520EEF05B
:10F51000A3EF12F95212F532121B417F08020F2499
:10F52000A3E50B12F52722F08A828B83A3A3A3A362
:10F53000A322A3A3E0F8A3E0F5838882E0F9227474
:10F54000E0120C1D74FE1212A8852182852283EC24
:10F55000F0A3EDF08A128B13891C900351E0F50A99
:10F56000A3E0F50B7EFEEA2402F516E43513F51749
:10F57000EA2404F51EE43513F51F8A828B83E054D8
:10F580000C640C702179FE12FCAF1226C3E9FE74E4
:10F59000FE6E700302F74B1230DD8A088B09EA45D4
:10F5A00009705D02F74B851682851783E0F974FFB9
:10F5B000697040E50A450B700302F74B850A8285A6
:10F5C0000B83A3A3E0F508A3E0F509742212154C00
:10F5D000E0F510A3E0F511742612154CE0F519744E
:10F5E0002712154C780C1214D9742B12154CE0F517
:10F5F00018802D1230DD8A088B09A909EA4960CBF1
:10F60000850882850983E0F91230E38A0A8B0B8032
:10F61000BA850A82850B83A3A3E0F508A3E0F50968
:10F62000E5084509700302F74B800D8A828B83E061
:10F63000F91230E38A0A8B0B7514FE7515FF850AE3
:10F6400082850B83A3A3A3A312FCBBEC4D85088288
:10F65000850983601A12FC94123127EA4B601D8AD7
:10F66000828B83E0F514A3E0F515121BD1800D12F7
:10F67000FCA36008A3E0F514A3E0F51585128285CC
:10F680001383A3A3A3A312FE50850882850983E0F8
:10F69000FAE514687003E515696013EA7006E84935
:10F6A000705C800A74FF68700374FF69705085167F
:10F6B00082851783E0FFEAF0E518F514781412123A
:10F6C0001C780C121210E519F514781412121C741F
:10F6D0002A12154C120FF37810121218740A121510
:10F6E0004C120FF3A91CAC08AD09AA12AB131230CF
:10F6F000EF740C1211F5EF851682851783F08512D1
:10F7000082851383E0540C640C7020EEF912FCAF78
:10F710001226C3E9FE74FE6E60311230DD8A088B5A
:10F7200009EA4509600302F62B80208516828517B9
:10F7300083E0F47016850A82850B83E0F50AA3E066
:10F74000F50BE50A450B600302F61174021211F580
:10F750007F18020F2474EC120C1D8A088B098C0C84
:10F760008D0D8910EA240EF582E43509F583E0F564
:10F770000EA3E0F50FEA2410F50AE43509F50B8530
:10F780000A82F583E02427FA7B00121B358A128B4C
:10F7900013AE12AF13EE4F700302F9438E828F83C4
:10F7A000741A12F95212F95F12F94812F95FA3A301
:10F7B00012FC8E741412154C12FCBBEE2406FAE4F3
:10F7C0003FFB1230BF850882850983A3A3A3E0C055
:10F7D000E0EE240FF582E43FF583D0E012FC7AC01E
:10F7E000E0EE2414F582E43FF583D0E0F0E5082450
:10F7F0000CF582E43509F583E0C0E0EE2415F582CE
:10F80000E43FF583D0E0F0741812154C12FDC2E00D
:10F81000C0E0EE2416F582E43FF583D0E0F0888264
:10F820008983A3E0C0E0EE2417F582E43FF583D09E
:10F83000E0F088828983A3A3E0C0E0EE2418F5827B
:10F84000E43FF583D0E0F0741A12154CE0C0E0EE0E
:10F850002419F582E43FF583D0E0F0741B12154CB7
:10F86000121511EE241AF582E43FF58312151DEEF0
:10F87000241EF582E43FF583E510F0E5082415F534
:10F8800082E43509F58312F95A2424F582E43FF520
:10F890008312F948A3A3A3A3A3A3A3A312F95A24F1
:10F8A0001212FC88741612154C12F95A241012FC0C
:10F8B00088EE241FF582E43FF583E4F0EE2420F87F
:10F8C000E43FF9E8FCE9FD850A82850B83E08C8240
:10F8D0008D83F0A3E4F0741F12154CE0C0E0EE2419
:10F8E00026F582E43FF583D0E0F0EE2422F8E43FF1
:10F8F000F98C828D8312FCB5EA4B602FEE2427FA37
:10F90000E43FFB88828983EAF0A3EBF0850E08854B
:10F910000F09750A0078081212148C828D8312FC6C
:10F92000BB121B1774031211F5800888828983E4C7
:10F93000F0A3F0EEFAEFFB850C82850D8312F53211
:10F94000121B417F0C020F24E8F0A3E912F952A325
:10F95000A322F08508828509832212FE58EE22A395
:10F96000A3A3A312FE588E828F83A3A32274F01246
:10F970000C1D74DF1212A8EAFEEBFF8C088D0989BA
:10F980000AEC4509700302FA37EE2408F8E43FF95F
:10F99000880C890D8882F583E0C0E0740212154C52
:10F9A000D0E0F0E50AA2E3503388828983E0640264
:10F9B000600302FA371229E18A0E8B0F8E828F8341
:10F9C00012FCB5E50E6A7003E50F6B600F7C0379DE
:10F9D00001122627E9600579CD02FC72850C82852B
:10F9E0000D83E0F87402686005740F68703C8E82C5
:10F9F0008F8312FCB5122A77E9850C82850D83600E
:10FA000022740FF0E0C0E0740B12154CD0E012FC31
:10FA10007A64037027EEFCEFFD7403121280121C4F
:10FA2000C18028E0640F70DC800D74036860D574B9
:10FA3000016860D0E860CD790202FC728E828F830B
:10FA400012FE54740312154C12FC8EE50AA2E174E6
:10FA500012500912154C74FFF0A3806C12154CE47F
:10FA6000F0A3F090035112FC9D604688828983A325
:10FA7000A312FCB5E5086A7003E5096B88828983E7
:10FA800070E412FE50E8FCE9FDEC4D60248508822C
:10FA900085098312FC94123127EA4B602C8A828BF1
:10FAA0008312FE54741212154C12FC8E121BD1805C
:10FAB0001885088285098312FCA3600D12FE537419
:10FAC0001212154CE8F0A3E9F0741812154CE4F08A
:10FAD000A3F0E50AA2E4501C740B12154CE0F87474
:10FAE0000F686010740168600B741812154C740470
:10FAF000F0A3E4F0E50AA2E75009741812154CE0EF
:10FB00004410F0E50AA2E65012741812154CE044B5
:10FB100001F0740112154C74018006740112154C29
:10FB2000E4F0E50AA2E25009741812154CE04440D2
:10FB3000F0852182852283E4F0E50AA2E55009746C
:10FB40001B12154C7404800D901909E0C0E0741B61
:10FB500012154CD0E0F0743712154C12FE54880C7C
:10FB6000890D8882F583E0C0E0741A12154CD0E04C
:10FB700012FC83C0E0740C12154CD0E0F08E828F22
:10FB800083A3A3A3A3A3A3A3A3A3E0C0E0740D1224
:10FB9000154CD0E0F0743112154C12FE5474101252
:10FBA000154C12FC8E743312154CE0FEA3E0FF746A
:10FBB0001412154CEEF0A3EFF0743512154C12FE32
:10FBC00054741612154C12FC8E743912154CE0C088
:10FBD000E0741C12154CD0E012FC83F91230E38A59
:10FBE000828B83E58245836012A3A3A3A3A312FCA7
:10FBF000A360087403121280123127AA21AB2212CB
:10FC000030D1E9C39EE49F50199016FE12FC9D600E
:10FC10000D740312128012FCF0123127800C7E0248
:10FC2000800A74031212801226FFE9FE740B12156B
:10FC30004CE06402702E1229E18A0E8B0FA80EA9E7
:10FC40000F740312154CE0687003A3E0697015EEA1
:10FC5000FB850C82850D83E0FA850882850983E0A7
:10FC6000F9123101EE7009850C82850D83E004F0F4
:10FC7000EEF974211211F502F51BF0850C82850D49
:10FC800083E02212F952E022F582E43FF583E8F0A6
:10FC9000A3E9F022E0FA79028C828D832212FE58C9
:10FCA000E84922A3A3A3A312FDC6E58245832285CA
:10FCB0001E82851F83E0FAA3E0FB22E0FCA3E0FDA7
:10FCC00022C082C08390035180048A828B8312FCFD
:10FCD000B5EA4B600B8A828B8312FCEBE06970EA19
:10FCE000D083D0820211C28C828D83A3A3E0F8A3BB
:10FCF000E0F58388822274F6120C1D1230E38A82AA
:10FD00008B83E58245836007A3A312FCB580047A48
:10FD1000007B0002FD9874F4120C1DEAFEEBFF89D3
:10FD2000081230E38A0A8B0BAC0AAD0B7900EC4D5C
:10FD300060388C828D83A3A3A3A312FDB8E582450E
:10FD4000836013AA08091231278E828F83EAF0A3F9
:10FD5000EBF07901801C12FCE7A3A3A3A312FCB56E
:10FD60008E828F83EAF0A3EB80078E828F83E4F08C
:10FD7000A3F002FE5E74F7120C1D8A828B83E0648E
:10FD80000170047E0880027E00A3AA82AB83122742
:10FD900005E9C39EF902F4667F02020F24C082C007
:10FDA0008390035112FDC2790080040912FDB8E569
:10FDB00082458370F602FCE0E0FAA3E0FB8A828BC6
:10FDC000832212FDC622E0F8A3E0F988828983220B
:10FDD000C082C083900351801A12FCE7E0F8E9600A
:10FDE00003E8600BE88A828B83F0A3AA82AB838C42
:10FDF000828D8312FCBBEC4D70DF02FCE074F712C5
:10FE00000C1DEAFEEBFFEC2408F8E43DF98882893A
:10FE100083E08E828F83A3A3A3A3A3A3A3A3F088CD
:10FE2000828983E064037005121CC1800E8C828D70
:10FE30008312FE548E828F8312FC8E8E828F83A358
:10FE4000A3A3A3A3A3A3A3A3A3E4F0A3F002F46634
:10FE5000A3A3A3A312FE5822E0F8A3E0F9227F0493
:10FE6000020F24C082C0839083D412153512191951
:10FE700090833012153512186575A1F743A70875E0
:10FE8000A1EF43A7108012C082C08353A7EF53A7EE
:10FE9000F71218598003121535D083D0820211C28F
:10FEA00074F0120C1D8A088B098C0A8D0B12190D27
:10FEB0008A0C8B0D8C0E8D0F7808790C12148C40E7
:10FEC00003121757AEA8C2AF90055B78081214BB97
:10FED000AA08AB09AC0AAD0B12192502FF9774F4FE
:10FEE000120C1DAEA8C2AF12190D8A088B098C0A1C
:10FEF0008D0BEEA2E792AF90055B780812119D5032
:10FF0000087A007B007C007D007F04020F2474F4DB
:10FF1000120C1DAEA8C2AF1219138A088B098C0AE5
:10FF20008D0BEEA2E792AF90055B780812119D5001
:10FF3000087A007B007C007D0080CE74F0120C1DDE
:10FF40008A088B098C0A8D0B90055B780812119D2D
:10FF50005003121757A2AFE433FEC2AF90055F788B
:10FF6000081214BBAA08AB09AC0AAD0B12191F1278
:10FF7000190D8A0C8B0D8C0E8D0F7808790C1212CE
:10FF8000E9700D75A1EFEEA2E092AF122F0F800580
:10FF9000EEA2E092AF8005EEA2E792AF7F08020FDB
:10FFA000240211C2C082C083122F0F02FE99C082A8
:10FFB000C08312193D122F1B02FE99C082C083908C
:10FFC000055B02FE9674F4120C1D8A088B098C0ADC
:10FFD0008D0B9083EC780812119D500C7508967566
:10FFE0000951750A18750B0090832C78081213A01C
:0DFFF00090192478081214BB7F04020F241E
:020000040001F9
:10000000C082C083790012BBA63BF583C082C08347
:100010009016CE12BE5FD083D082C3E09CA3E09D39
:10002000500D12CD14FAA3E012811860027901027A
:100030009E5874F7120C1D890812AEA312839CAC53
:10004000F075F00BE9A42CF99016D0E028FEA3E09F
:1000500039FF7401650860067402650870228A829F
:100060008B8312857D74026508701DEA2403FA50A3
:10007000010B12234BE970108E828F83E4F080080D
:10008000EA1286593B1280928E828F8312810D0272
:10009000AB09FDEE2403FAE43FFB1223452274F47E
:1000A000120C1D8A088B09EA1284578A828B83E01E
:1000B000604D7E007F00804212811570381284EC02
:1000C000F50AA3E039F50B850882850983E0850AE6
:1000D00082850B83129C25128514F01286573509F0
:1000E00012810212234512844E850A82850B8312E7
:1000F000810D1285090EEE70010F12844240B90283
:10010000B1ECFDE50A2403FAE4350BFB22E0D2E76B
:10011000F0121FA322EEFAEFFBEA75F00BA4FAA887
:10012000F075F00BEBA428FB9016D0E02AF8A3E0C2
:100130003B8882F583E0540F2274F5120C1D8A0867
:100140008B09750A01740B12154C12850EEC4D606B
:1001500018EC12BBA73DF58312AACB1281CE790110
:10016000122327EE4F6064801FEE4F603A1285869F
:100170001281CEEE2403FAE43F1285757019AA08A5
:10018000AB0912232DE9F50A8E828F8312D6C97925
:1001900002EEFAEFFB800B128569702F7903AA0833
:1001A000AB0912232780248A828B83A3E064FE702C
:1001B00003A3E0F47006EA12856B700CAA08AB0981
:1001C00012232DE9F50A8003750A00028CD3EA1286
:1001D000BBAB3509129AEE2274F7120C1D9016CEA5
:1001E00012A402EA4B602CEA75F00BA4FAA8F07591
:1001F000F00BEBA428FBEAFEEBFF121BCB9016D012
:1002000012A402F9EA496012EEFCEFFD7900121B1C
:100210002380079016D0E4F0A3F002AB09C082C09F
:10022000839016D012ADDF60139016D012C2D39017
:1002300016CEE4F0A3F09016D0F0A3F0029E58C0C2
:1002400082C083EC4D6005121CC180097C087D00D2
:100250007900121B23029E58C082C0837900EA4BAA
:1002600060197800E8FCEA2CF582E412BF146004FF
:100270007901780808E8C3940840E9029E58C082D2
:10028000C0837901EC6A7002ED6B6011EA4B600B80
:10029000EC4D6007121CBBE9F980027900029E5800
:1002A00074F7120C1D74F31212A8ECFEEDFF8521F9
:1002B00082852283E4F00412154C12A402AA21AB19
:1002C0002212236F740312154CAC82AD83EEFAEF49
:1002D000FB122345EEFAEFFB12234B02AB0474F73B
:1002E000120C1D74F31212A8ECFEEDFF852182851D
:1002F0002283E4F0EAFCEBFD740312154C128648ED
:10030000740112154C12AACB8E828F8312AA8E749E
:10031000FE68700374FF696004790180027900024D
:10032000AB0474F7120C1DEAFEEBFF12837D701113
:10033000128387F4FA88828983E05A4480F0121F7E
:10034000A3029A5D74F7120C1DEAFEEBFF7508001C
:100350008A82F583E0602312837D701E128387FA00
:1003600088828983E05A70128E828F83E04480FAFB
:1003700088828983E04AF0121FA3029A5D1223212A
:10038000E9F5087401692212ABB8F812839C128453
:10039000FAF8A3E039F98E828F83E022A3E0F9E82E
:1003A00075F00BA4F82274F4120C1D8A088B097CDA
:1003B000007D00EA128437E508128457850882859B
:1003C0000983A3E064FE7003A3E0F460677E007F0E
:1003D00000805C1281156052EEFAEFFBEA75F00BBB
:1003E000A4FAA8F075F00BEBA428FB9016D0E02A35
:1003F000F50AA3E03BF50B85088285098312D12419
:10040000850A82850B83A3E06A7003A3E06B701AF0
:10041000E50A1284E5700DE50A128659350BFDE5F3
:100420000812843712844E1285090EEE70010F12E5
:100430008442409F02B1EC2403FAE43509FB122305
:1004400045229016CE12B77AC3EE9AEF9B22128401
:1004500063EEF0A3EFF02212846574FEF0A304F0C3
:10046000790022E50812BBAF3509F5832274F21238
:100470000C1D8A0A8B0B8A828B8312D6C9EA12B1B1
:100480008512D6CA750800EA1284E570537E007F93
:100490000080481284ECFAA3E0398A82F583E054A4
:1004A0000F60331284ECF50CA3E039F50DE50C1266
:1004B0008659350D128102121CBBE9640170178543
:1004C0000C82850D8312851412B182EEF0A3EFF039
:1004D00075080112850B0EEE70010F12875F40B395
:1004E000A908029E5012810512857622EEF8EFF9D6
:1004F0001284F422E875F00BA4F8AAF075F00BE969
:10050000A42AF99016D0E0282279019016CEE0FEB8
:10051000A3E0FF22A3128590850A82850B83A3E8BE
:10052000F0A3E92274F5120C1DEAFEEBFF8A82F5B6
:100530008312D6C97C007D00EA128094EEFAEFFBAC
:10054000122321E9F50A740169701B12858612864F
:10055000FA850882F58312857D12856970081286F6
:10056000573509128092028CD3E5082403FAE4354A
:100570000912857522FB12234BE9640122A312BFE5
:1005800005129AF022F0EE129AE912858E22F58376
:10059000E0F8A3E0F92274F2120C1D74E61212A81E
:1005A000EAFEEBFF12BBA63FF58312D6CA7508011F
:1005B000750A00750B00750C00750D00852182858C
:1005C0002283E4F0EA1286593FFD740312154C129F
:1005D0008648E964017022740B12154C12CA82120B
:1005E0009AE0740112154C12BEFF7003A3E069601B
:1005F00049A821A922880A890B740D12154C12866C
:100600005E12AACB740E12154C12AA8E740D121221
:100610008012236FE964017009740D121278880C3E
:10062000890D780C121218AC0AAD0BEEFAEFFB1222
:10063000233374021211F5E9F508EEFAEFFB1223E9
:1006400069A908741A029E4DAA82AB83122345AA97
:1006500021AB2212237522E5082403FCE422E412D4
:1006600086632212A3F8A322C082C0837800790097
:10067000800508E87001099016CE12D125C3E89ACA
:10068000E99B5029E8FAE9FBEA75F00BA4FAACF013
:1006900075F00BEBA42CFB9016D0E02AFCA3E03BFA
:1006A0008C82F583E0540F70C979008002790102D1
:1006B0009E5874F6120C1D7E007F008035EEF8EF18
:1006C000F91286FA780812121875080B7509007865
:1006D00008121218EEFCEFFDEC75F00BA4FC75F09F
:1006E0000BEDA42AFD7A231297CE1211F50EEE70AF
:1006F000010F12875F40C6028BEA1284F4F508A34B
:10070000E039F5092274F6120C1D7E007F00804747
:100710001284ECF8A3E0398882F583E0A2E7503236
:10072000C2E7F085820885830978081212187508D7
:100730000B7509007808121218EEFCEFFDEC75F04D
:100740000BA4FC75F00BEDA42AFD7A231293C212C0
:1007500011F50EEE70010F12875F40B4028BEA9024
:1007600016CE128590C3EE98EF992274F6120C1DE6
:10077000E4F508F50978081212189016CE1293CAFB
:1007800075F00BA4FCA8F075F00BEDA428FD7A23FE
:100790001291301211F5E9FE74096E700312239F55
:1007A000EEF9028BEA74F6120C1D74FF1212A87E89
:1007B000007F008038852182852283E412916712B0
:1007C00012187508017509007808121218EEFCEF6E
:1007D000FDEC75F00BA4FCA8F075F00BEDA428FD62
:1007E0007A231293C21211F50EEE70010F12875F79
:1007F00040C37401028BE7C082C08390385CE493ED
:1008000075F01CA4FCADF079FF7AF47B05121B2374
:10081000029E5874F7120C1DE9FCEAFD7B007A0079
:100820008010EA128E239C4008E0F8EDC398400146
:100830000B0A12C1C040EBEBFA7B0002AB0974F06B
:10084000120C1D74F21212A8E9852182852283F010
:100850008A088B098C0A8D0BEC4D6016AA0AAB0B2B
:100860001223D58A0C8B0DAE0CAF0DEA4F6003023C
:10087000892B7A0080010A12C1C0500A128A2C709A
:10088000F512984880047E007F00EE4F70030289C5
:10089000E5903834128A0E601F852182852283E01C
:1008A00064036005E06404700F7A047903128A041B
:1008B000903834128A185027903836128A0E6026E3
:1008C000852182852283E064016005E06402701660
:1008D0007A027901128A04903836128A1840077A0F
:1008E000007B000289F6740112154C7401F00412A9
:1008F000154CE508F0A3E509F0AC0AAD0B74041241
:10090000154CAA82AB831223457401121280122364
:1009100081740C12154C12A1398E828F83A3A3A36C
:10092000A3A3A3E4F012CD03122B557800852182F6
:10093000852283E06007C39405500278048E828F7D
:1009400083E508F0A3E50912C6F812B2FCE88E822E
:100950008F83A3A3A3A3A312C1CA5001097A027B68
:10096000001209BB1297FBA312BE3D1298518521BC
:1009700082852283E06067C394035062901A09E085
:10098000702190370578081214251297D61214BBDF
:100990009037057808121425EE24131297D91214F3
:1009A000BB8031F508750900740278081213C6126D
:1009B0008FE512142590835078081214D9780C7999
:1009C00008120AB6128A00780C1214BB12A11F7802
:1009D0000C1214BB1289F93FF58374018006128A48
:1009E000001297E2F01297B14005901ABEE4F0129F
:1009F0002A29EEFAEFFB02B9CFEE241BF582E4229E
:100A0000129827221223AB90385CE493FC22E493E3
:100A1000F8740193F9E84922E493F8740193F9EC2E
:100A2000C398F8E499F9C3EA98EB9922EA128A325A
:100A3000F42275F01CA4F8A9F074F828F582740566
:100A400039F583E02274F0120C1D74EF1212A81213
:100A50008B7512154CECF0A3EDF07E0074021215AC
:100A60004C12D1251223D5EA4B7003028B588A828F
:100A70008B8312A42DE0687003A3E0697003028BDE
:100A8000588A828B83A3A3A3A3E0C39405400302E7
:100A90008B58128B8312D2C1E060708A828B83A341
:100AA000A3A3A3E0C394035062901A09E0702290BC
:100AB00037057808121425128B6D78081214BB9034
:100AC00037057808121425128B5F78081214BB8042
:100AD00030F5088E09740278081213C6128FE512D9
:100AE000142590835078081214D9780C7908120ACA
:100AF000B6128B6D780C1214BB128B5F780C12142B
:100B0000BBEA1289FA3BF583E4800DEA2417128BC5
:100B100091F0EA2413128B91F0EA240CF582E43B65
:100B2000F583E4F0A3F0A3F0A3F0740412154C12C3
:100B3000AAC2740512154C12AA8E740212154C1218
:100B4000BE5F740712154CAA82AB8312234574044E
:100B50001212801223817E01EEF9741102B9D112B2
:100B60008B663BF58322EA2413F582E422EA12B174
:100B70005D3BF58322852182852283EAF0A3EBF099
:100B80007402228521828522831285908A828B833A
:100B900022F582E43B1297EF2274F6120C1D128BA1
:100BA000DD60148A828B83A3A3A3A3E06009C394AE
:100BB000055004790180027900802F74F6120C1D13
:100BC000128BDD60148A828B83A3A3A3A3E0600948
:100BD000C394035004790180027900800D1223CF61
:100BE0008B09A909EA49221211F57F02020F247428
:100BF000F6120C1D1223CF8A828B83E58245836017
:100C00000BA3A3A3A3E0700479018002790080DA2A
:100C1000C082C083EAFCEBFD7A007B00029E55C0D7
:100C200082C0837C007D00029E5574F5120C1D74F9
:100C3000F31212A88A088B09ECFEEDFFC3EC94F8BE
:100C4000ED94FF4004EA4B6066750A00801774FF5C
:100C50006E700374FF6F600B12D8836E7003A3E095
:100C60006F6039050A90385CE493F8E50AC3985040
:100C70003EE50A128A2D60EBE508450960D0128C2A
:100C8000BA12154C128ED760DA740312154CAC826E
:100C9000AD83AA08AB09121CBBE960C7E50A75F071
:100CA0001CA4F8A9F074F428FA740539FB80047ABE
:100CB000007B00740D1211F5801B85218285228333
:100CC0007401F074F628F582740539F58312859065
:100CD000740B22A90A7F03020F2474F4120C1D74F2
:100CE000F31212A87508001223D58A0A8B0BAF0BDA
:100CF000EA4F6027852182852283740112A38B121B
:100D00008CCD12154C12A5421223637C1C7D0079F8
:100D1000FFAA0AEFFB121B237508017A047900125F
:100D200023AB8A0A90385CE493FAC3E50A9AEB9401
:100D3000005009901ABE7401F0122A29A908740DF6
:100D400002B1E974F4120C1DEAFEEBFF7508007A9B
:100D5000007B007C00800EEC128DDB6007C39403E7
:100D6000500205080C128DD140EDE508605625E0D3
:100D7000FAE433FB121BCBEA4B6049EAF8EBF97C4F
:100D80000090385CE493FDECC39D503BEC75F01C87
:100D9000A4F50AE5F0F50B74F8250AF5827405123E
:100DA000B18EE0601CC39403501774F4250AF582D9
:100DB0007405350B128DE68882898312C55950015E
:100DC000090C80BD7508008E828F83E508F002B1A2
:100DD000EC90385CE493F8ECC3982275F01CA4F80E
:100DE000A9F0128A3922F583E0F50AA3E0F50B2277
:100DF000C082C0837C008009EA24FF1AEB34FFFB29
:100E00000C128DD15016EC128E23940550F2EA4B41
:100E100070E674F428FA740539FB80047A007B00CC
:100E2000029E58128A32C32274F7120C1D74F312F8
:100E300012A87E00807FEF75F017A4F8A9F012D8F1
:100E40004E12AACBEE75F01CA4FAABF074F42AF59E
:100E500082740512BF14687003A3E0696037EF75F0
:100E6000F017A4F8AAF0EA128EE312154CE06870AD
:100E700003A3E069601FEF75F017A4F8EAF9744264
:100E800028FC740839FD740312154CAA82AB831236
:100E90001CBBE96013EF75F017A4F8A9F0744028A3
:100EA000FA740839FB122B610F90385DE493F8EF68
:100EB000C39840820E12D405501A12D87BF47003E6
:100EC000A3E0F460EF128CBA12154C128ED760E4D6
:100ED0007F0080D502AB04129AF0AA21AB22122324
:100EE0007BE922F912D8463912858E74012274F0FA
:100EF000120C1D74F31212A87E00803890832C7897
:100F0000081214D9EE75F01CA4F8A9F0740728F59E
:100F100082740639F583780812131360169083548F
:100F200078081214D9EE75F01CA4F8128FF0780826
:100F30001213FF0E12D4054003028FE0EE128DDB78
:100F400060F1C3940350EC128FF0121511E8494A76
:100F50004B70A9901A08E0A2E050579017E012AD2C
:100F6000DF604F901A0AE0700A903705780C12146F
:100F7000258021F508750900740278081213C6123D
:100F80008FE512142590835078081214D9780C79C3
:100F900008120AB6780C121210EE75F01CA4F8A90B
:100FA000F012D86639F5831290CA123127740412F0
:100FB00011F5EE75F01CA4F8A9F0128CC312154CB3
:100FC00012C6F4740112A54612237BE97003028F46
:100FD00033740312154CAA82AB831223E1028F33C0
:100FE000740D02B9D112D35B7437128468780C2265
:100FF000740B28F582740639F5832274F6120C1DE1
:101000001223CF8A088B09AC08AD09EA4D60318AFA
:10101000828B83A3A3A3A3E06022C39403501D1279
:101020008B663DF583121511EC12B1593DF5831213
:10103000151DEC1289FA3DF5837401F079018002E7
:101040007900028BEA74F0120C1DEAFEEBFF901798
:10105000DA12ADDF606B9017E012ADDF60639017BE
:10106000E412ADDF605B12D13C123127E97052907F
:101070001A0AE0700A903705780C1214258021F5C1
:1010800008750900740278081213C6128FE512144D
:101090002590835078081214D9780C7908120AB672
:1010A000780C1212101290C412312774041211F528
:1010B000E96401700C8E828F83A3A312D1291231AF
:1010C0002702B9D48E828F83A3A312B77A9017E038
:1010D00012D1332274F6120C1DE4F508F5097808D4
:1010E00012121890385CE493F50874037808121310
:1010F000C6E5082402FCE43509FD12912E1211F513
:10110000E9FE740A6E6021E4F508F5097808121208
:101110001890385CE49375F005A4FCADF07A3F12AA
:1011200091301211F5EE60031224110287A07A2289
:101130007B00121C4374022274F6120C1D74FE1202
:1011400012A8852182852283E4F0A31291671212EE
:101150001875080275090078081212181293BC124B
:1011600011F57402028BE7F0A821A92288088909E9
:1011700078082274F0120C1D74DC1212A874061286
:10118000154C12A4028C0E8D0F7508007A22129550
:1011900029AE0AAF0B129527EE4F6015E50E6E7063
:1011A00003E50F6F600BEEFCEFFD7A227B00121C53
:1011B0005B743612154C12850EE50A450B6015EE70
:1011C000650A7003EF650B600BAC0AAD0B7A3F7BD1
:1011D00000121C5BE4F50AF50B780A121218AC0E2B
:1011E000AD0F12912E1211F5E9640A70030293B249
:1011F000780A121218EEFCEFFD7A3F1291301211AC
:10120000F5E9640A70030293B27404121278880A32
:10121000890B780A121218750A02750B00780A12E7
:1012200012187C007D007A017B031297D01211F511
:10123000E960030293B2852182852283E4F0A3F062
:101240007E0002932F7408121278880A890B780A9C
:10125000121218750A08750B00780A121218EEF5AA
:101260000A7403780A1213C612992F7A017B0312AB
:1012700097D01211F5E960030293B2740A12154C6B
:10128000E0F47003A3E0F4700302932E74081212CA
:1012900078880A890B780A121218750A08750B00EB
:1012A000780A121218740412154C128DE87403781F
:1012B0000A1213C61299221211F5E960030293B2C1
:1012C0007402121278880A890B780A121218750AA9
:1012D00005750B00780A121218EE75F005A4FCAD26
:1012E000F07A027B031297D01211F5E9703D740277
:1012F000121278880A890B780A121218750A057575
:101300000B00780A121218740412154C1293CA7545
:10131000F005A4FCA8F075F005EDA428FD7A3F12B5
:1013200093C21211F5E960030293B21293CF0E85B6
:101330002182852283C082C08390385CE493F8D0F8
:1013400083D082C3E098A3E0940050218521828558
:101350002283C082C083740412154C12AACBD0839E
:10136000D082C3E098A3E0995003029245A821A936
:1013700022880A890B780A121218750A02750B0066
:10138000780A1212181293BC1211F5E9702474062F
:1013900012154C12BE5F7A017B03121C5BE97012BE
:1013A000743412154C12BE5F7A027B03121C5BE987
:1013B0006003750801A908742402B9D17C007D007E
:1013C0007A227B00121C4F74042212D5CFEC2285A6
:1013D0002182852283E02401F0A3E03400F022740E
:1013E000F1120C1D74FA1212A8750E007404121575
:1013F0004CE4F0A3F090385C93FAF508750900749A
:101400000378081213C6E5082402FEE43509FFEA52
:1014100075F005A4FA740212154CEAF0A3E5F0F099
:101420007A227B00121C498A088B091295277404C2
:10143000121278880C890D780C121218750C02752E
:101440000D00780C1212181297C81211F57A017B50
:1014500003121C4985218285228312A4027A027B11
:1014600003121C498A0C8B0DA80CA90D85218285BD
:10147000228312AE55700AEE65087003EF6509709D
:101480002BE8497010740212154CE0650A7004A331
:10149000E0650B7017EA4B7003029520E5084509DB
:1014A000604D740412154C12AE5560437C017D03EF
:1014B0007A227B00122BEBE9F8F50E70637C027D3B
:1014C000037A3F7B00122BEBE9F8F50E7052AC0863
:1014D000AD097A227B00121C5BE9700EAC0AAD0BE1
:1014E0007A3F7B00121C5BE96016750E0180318526
:1014F000218285228312D4C1E8496004880A890BBD
:10150000740212154C120FF3780A121218EEFCEF47
:10151000FDAA08AB0912241774041211F5E9F50E9F
:10152000A90E740602B3057A3F7B00121C498A0A91
:101530008B0B2274F0120C1D74CD1212A8740112C0
:10154000154CE4F0A3F012241DE960030297A57482
:101550000112127888088909780812121875080291
:1015600075090078081212181297C81211F5E9606F
:10157000030297A590385CE493FA740112154C129B
:10158000AACBC3EA98E49950030297A574031215F5
:101590004CE4F0A312C6F8803912983C7406121578
:1015A0004C78081214D91297D61214BBEE241312D9
:1015B00097D91214BB1289F93FF583E4F01297B161
:1015C0004005901ABEE4F0122A29852182852283E3
:1015D000E004F090385CE493F8852182852283E072
:1015E000C39840030297A5740312154CC082C083B0
:1015F000740112154C12AACBD083D082C3E098A3F9
:10160000E09940030297A574171212788808890997
:10161000780812121875080875090078081212184F
:10162000740412154CE0F508740378081213C6E52B
:10163000082402FCE43509FD1297CC1211F5E9707B
:1016400089741912154CE0F47003A3E0F4700302DE
:1016500095CA740312154C1293D5740A12154C7462
:1016600001F0741912154C12AACB741512154C12F4
:10167000AA8E740A12128012237BE970030295CAA3
:1016800012BE5C741712154C12D125122B558521F0
:101690008285228312983C7417121278880889096F
:1016A000750A0078081212147C087D00EEFAEFFB30
:1016B000121B1774031211F512C1CF5001097A02DF
:1016C0007B001209BB1297FB129851740512127815
:1016D00088088909780812121875080575090078B4
:1016E00008121218740412154CE075F005A4FCAD34
:1016F000F07A3F1297CE1211F5E960030295BD9082
:10170000835478081214D9740612154C78081213F1
:10171000138521828522836003029599129835AA48
:10172000F0EAF9128DE26074C39403506F901A09C5
:10173000E0701B129848903705780812142512970C
:10174000D61214BB90370578081214258035F50899
:10175000750900740278081213C612D35B7437122D
:10176000AFBF7808121425908350780C1214D978E2
:1017700008790C120AB612982FEAF9129820780804
:101780001214BBEE24131297D91214BB12982FA96E
:10179000F0740F28F5827406390295B91298201258
:1017A00097E20295BC740112154CE0F9743302B94A
:1017B000D17A0479001223AB8A0890385CE493FA5A
:1017C000C3E5089AEB9400227C007D007A227B001E
:1017D000121C55740422EE2417F582E43FF5837839
:1017E00008221297F1F0EE128B673F1297EF22F565
:1017F0008374FEF0A304F0A3F0A322E88E828F830B
:10180000A3A3A3A3A3A3A3A312AAAC740112AAAC7B
:10181000A374AAF0EE2410F582E43FF583E4F022ED
:1018200012984812982722EE12B15D3FF583228567
:101830002182852283E075F01CA4F822E075F01C5B
:10184000A4F8A9F01298482274F428FE740539FF10
:1018500022A3F0129AE8F583E4F0EE240CF582E47A
:101860003FF583E4F0A3F0A3F0A3F02274F2120C8E
:101870001D74FE1212A8852182852283E4F0A3F054
:101880007508008072E50875F01CA4F8A9F074F4DE
:1018900028F50C740539F50DAE08780C1212187580
:1018A0000A08750B00780A1212188E0A7403780A57
:1018B0001213C61299221211F5E50C2412F50AE44E
:1018C000350DF50B780A121218750A05750B00789C
:1018D0000A121218EE75F005A4FCADF07A3F1293CF
:1018E000C21211F5850C82850D83A3A3A3A3E0F496
:1018F00060031293CF050890385C12BE124086A890
:1019000021A9228808890978081212187508027519
:10191000090078081212181293BC1211F574020211
:101920009E4D12992F7A227B00121C4F740422E5DF
:101930000A2402FCE4350BFD2274F2120C1D74F330
:101940001212A8EAFEEBFF7A0279011223ABEA8EAB
:10195000828F83F06062F5087509007403780812BD
:1019600013C6AA08AB0912ACFB6053AE08AF0975E9
:101970000A0090385CE493F8E50AC3985040E50A01
:1019800075F01CA4F8A9F012D8756005E064027027
:1019900023128CBA12154C128ED7601874031215CC
:1019A0004CAC82AD83EEFAEFFB121CC18A0C8B0D9E
:1019B000AE0CAF0D050A80BA750800750900AA08BB
:1019C000AB09740D029E4DC082C0839016DE74BFB9
:1019D000F0A37424F01299DB029E589016DA74D9A1
:1019E000F0A37428F09016DC74D3F0A37428F022CE
:1019F00074F7120C1DEAFEEBFF901754E0640860C8
:101A00001DE0640460188A828B83E05403640170D3
:101A100042EA12ABB4F812B756E0640670358A8217
:101A20008B83A3A3E064FE7003A3E0F460258A82A5
:101A30008B83A3A312C5707003A3E0697008EA2426
:101A40001512BE3160051229A580031229ABE9F5F4
:101A50000880037508C2EEFAEFFB121BD1A9080239
:101A6000AB0974F4120C1D8A088B0912CA7EFAE8BD
:101A70002AFAE43400FB121BCB8A0A8B0BAE0AAFA6
:101A80000BEA4F6054850882850983E0FC7D00796C
:101A900000121B238E828F83A312D6C91229E18ED6
:101AA000828F8312A3FE850882850983E0F8EE28E1
:101AB000F8E43F129AE0850882850983A3E0C0E03C
:101AC00012C1B6D0E0F01229F312C1ACE912CB84F6
:101AD000E0C0E012A115D0E0F0EEFAEFFB02B1ECAD
:101AE000F9129AE8129AEE22EE12BBAF3F22F5836A
:101AF000E8F0A3E9F02274F4120C1D74E81212A8A5
:101B00008A088B098C0A8D0BE9FE901754E0640457
:101B10006005E06408700479C28036A37808121466
:101B2000BBE990175B129C37852182852283780858
:101B30001214BB740512154CEEF0740412154C749B
:101B400001F0740712154CE4F09017547402129CC3
:101B50002E02B1E774F4120C1D74E81212A8EAFE0A
:101B6000EBFF9016D312ADDF6003029C207A077B57
:101B700000121BCB9016D312A402F9EA497003029B
:101B80009C1C8E828F831215119016D312D2FA12DA
:101B9000151DEE2404F50AE43FF50B850A82F58352
:101BA000E0C0E09016D312AC48A3A3A3A3D0E0F00A
:101BB000EE2405F508E43FF509850882F583E0C0C9
:101BC000E09016D312B764D0E012AA92C0E090164B
:101BD000D312CA82C82406F582E438F583D0E01215
:101BE0009C378E828F831215118521828522831264
:101BF000151D850A82850B83E0C0E0740512154C23
:101C0000D0E0129C25E0C0E0740412154CD0E0F046
:101C1000740712154C129C2DE9F980067910800288
:101C2000790102B1E7F085088285098322E4F0AAF0
:101C300021AB2212228B22F07C187D007900AA2190
:101C4000AB22121B2322C082C0839016D312ADDFB9
:101C5000600D9016D312C2D39016D3E4F0A3F01205
:101C60002909122B07029E5874F0120C1D74E812F9
:101C700012A88A0A8B0B8C088D09890C7E007F00C4
:101C8000742F12154CE06026743012154C12AACB3A
:101C9000800B121B2F8A0E8B0FA80EA90FC3E8947E
:101CA000F8E994FF50ECE84960E8E8FEE9FF742C9D
:101CB00012154CE0FC742D12154CE0FD740F6C7085
:101CC00005740F6D6012901A03E064026005ECC3A6
:101CD0009D500579C1029DBF742812154C12151133
:101CE00090175512151DE50C90175BF0EC901759E5
:101CF000F0EDA3F0742E12154CE090175CF074FF19
:101D0000650A700474FF650B7024901A1DE0F4706E
:101D100003A3E0F4700C121B2F901752EAF0A3EB10
:101D20008015901A1D12CFA1E8F0A3E98009901741
:101D300052E50AF0A3E50BF0E50845096017AA088B
:101D4000AB09122BBBE96401700BAC08AD097A66D4
:101D50007B17121CC17A667B17122BBBE970097ABC
:101D6000667B1779E2122F8D901745EEF0A3EFF006
:101D7000901748E4F0A3F0901765F0901A03E06420
:101D8000027008901759740FF0A3F090175474055F
:101D9000129C37740412154CE4F09017551215116B
:101DA00085218285228312151D90175BE0C0E074A7
:101DB0000512154CD0E0F0740712154C129C2D74CE
:101DC0001802B9D174F7120C1DE99016D9F07A8077
:101DD0007B00129F5312246B790002AB09C082C0B2
:101DE000839016D9E0700312207B12246B029E5858
:101DF00074F0120C1D9016D9E09016D27008E4F021
:101E0000F9121F6D803B7401F09016D9E0F9121F92
:101E10006D9016D9E0F46029E0F50CE4F50DF50EAF
:101E2000F50FF09083FC78081214D9780C79081219
:101E30000AB6780C1212107A807B00129F60121181
:101E4000F57AD27B16794112227902B9D41211F5B2
:101E50007F06020F241223DBD083D0820211C274CA
:101E6000F0120C1D74E31212A8740112154C12A486
:101E700002A3ECF0A3EDF0E9FF7E00750C018E0DDE
:101E80008E0E8E0F9017547401F07C187D0079002F
:101E90007405121280121B23740112154C121511B5
:101EA000740512154C12151D740A12154CEFF074BE
:101EB0000912154C7403F0740C12154CE4F0740103
:101EC00012154C850C08850D09850E0A850F0B78B7
:101ED000081213ECE5084509450A450B60010E742C
:101EE00001780C12117E12CF7370D3AA21AB227924
:101EF0005A122F8D852182852283E0F508E4F509A9
:101F0000F50AF50B8E0CF50DF50EF50F7808790C2A
:101F1000120AB69083C8780C1214D97808790C127A
:101F20000AB69083FC780C1214D97808790C120B3D
:101F3000AE12A140129F4F7808121210129F5C122D
:101F400011F5740512128012228B741D02B9D17A18
:101F5000007B0490179FE0F9121C97227A007B0403
:101F600090179FE0F9121C8B74042274F7120C1D59
:101F70007C0112248302AB0974F7120C1D7C0080D3
:101F8000F174F2120C1D74FD1212A8EAFEEBFF8927
:101F90000C8C0D12BE5C1228F78A088B09EA4B7074
:101FA0000579CA02A1108A828B83A3A3A3A3A3A34A
:101FB000A3E064FE7003A3E0F4700579C302A110EE
:101FC0001229E18A0A8B0BA80AA90B8508828509C8
:101FD00083A3A3A3A3A3A3A3E0687003A3E06970F2
:101FE0000579C202A11090175212AACB85088285EA
:101FF0000983E0687003A3E06960098508828509A8
:102000008312A27890175212D125122B678508826D
:10201000850983A3A3A3A3A3A3A3A3A3A3E00490DD
:10202000176512A261740112154C740212B163AEED
:102030000AAF0BEA4F700302A107EA128587888274
:10204000F5837406F090173FE088828983A3F0122D
:10205000B1583F12A127EE241AF582E43FF583120E
:10206000A40212A11F740112AAB77440F0A3E412D3
:10207000A13012A13912A115E50DF0EEFAEFFB1215
:10208000243BE9FE600302A109901754740912A1D0
:102090003012A26E901747E0650C6003E50CF07AF1
:1020A000487B17794B1222797A527B17795012228A
:1020B000797A477B1779E11222797A457B17795330
:1020C00012227912A1409019ED12D125122A0B90FB
:1020D00019E912D125122A0512D4BEE4F50AF50B2E
:1020E00078081212107A0112CFBF1211F5129F4F09
:1020F00012D4BE7402780812117E780812121012DF
:102100009F5C1211F580027E10901590E4F0EEF9BC
:102110007403029E4DEE2411F582E43FF58322EE16
:10212000128B673FF58322F5837401F01229DB22BD
:1021300012CB88A3A3A3A3A32212C1E0129AF02278
:102140009019EB1285909016D5129AF09019E91219
:1021500085909016D7129AF02274F6120C1D74E531
:102160001212A812A2518908901754E06404600565
:10217000E06408700579C202A24C742612154CE086
:1021800064FE7003A3E0F4700579C302A24C7C19CD
:102190007D0079007402121280121B239017547470
:1021A0000312A54679501222797426121280794BB7
:1021B00012227985218285228312A278E508901760
:1021C00047F0742612154C12A26E742512154CE0BD
:1021D000F50990173F12A26174CE55094480C0E002
:1021E000741A12154CD0E0F0742812154CE00490CB
:1021F0001765F0741712154C7402F0742612154C02
:1022000012AACB740F12154CE8F0A3E912AAC474F9
:102210001812154C12AA8E740D12154CE508F074A4
:102220000A12154CE4F090175A740FF07A5A7B1783
:102230007954122279901759740FF07A597B1779D3
:1022400047122279740212128012227F741B028BB1
:10225000E7852182852283ECF0A3EDF0EAFEEBFF17
:1022600022F0EEFCEFFD7A667B17121CC12212856C
:1022700090901748129AF02212CFA5129AF0227469
:10228000F7120C1DEB90175CF01228E502AB0974F5
:10229000F7120C1D74E91212A8EAFEEBFF75080094
:1022A0008A82F583A3A3A3E0C0E0740612154CD084
:1022B000E012A38BE0C0E0740812154CD0E0F0905F
:1022C0001A07E0C0E0740912154CD0E012C2BC122B
:1022D000ADDF600D8A828B8312D12512234BE9700A
:1022E0001C740712154CE412A12B740412154C1225
:1022F0008B7B12154C74FDF0A374FF8039AC21ADBB
:10230000228E828F8312D12512235D8E828F83A32A
:10231000A3A3A3E0702E740712154C12AAC2740274
:1023200012154C12AA8E8E828F8312AACB740412BD
:10233000154CE8F0A3E9F07402121280122A47E962
:10234000F508804012AAC5740A12154C12AA8E74A0
:102350001412154C740112AA86E0C0E0741512150F
:102360004CD0E0F0741612154CE412A3F812BE5FC4
:10237000740C12154CAA82AB83121CC1740A12127F
:1023800080121F85A908741702AB0612C2BCA3A352
:102390002274F7120C1D74F81212A8EAFEEBFF79F2
:1023A00000901754E064086005E0640470458521DE
:1023B0008285228374FDF0A374FF12A12B74021294
:1023C000154C12A402740512154C12865EE0C0E092
:1023D000740412154CD0E012A3F8E0C0E0740612A9
:1023E000154CD0E0F0740712154CE412A546122AE1
:1023F00047E9F9740802AB06F08E828F8322A3A30B
:10240000A3A3EAF0A3EBF02274F7120C1D790112DA
:10241000226DE9FE1223A512233F12298D122909EC
:1024200090179FE0F9122885EEF902AB091285900A
:102430008521828522832274F2120C1DECFEEDFFB1
:102440007C00750800E92479602C24FC607624F374
:10245000601324FC601514603E14600302A51D90F7
:10246000175402A53490174202A534122B4FEA8E5E
:10247000828F8302A5397508C1122B5B8B0DA90DC4
:10248000EA49700302A53A8A088B09750A007808A0
:102490001212147C17807378B079097A008017883B
:1024A000828983E064FE7003A3E0F460010CE824F9
:1024B00007F85001090A903851E493FBEAC39B40A6
:1024C000DEEC80717508C178B079097D0080090C57
:1024D000E82407F85001090D903851E493F509ED0F
:1024E000C39509505588828983E064FE7003A3E098
:1024F000F460DDECF50CEA650C4B70D388088909B3
:10250000750A0078081212147C077D00EEFAEFFBC2
:10251000121B1774031211F5750800801D747F29B2
:10252000C3945840057508C9801074B029F582E439
:102530003416F583E08E828D83F00284E074070206
:10254000B1E9E8F0A3E9F0AA21AB222274F5120C5C
:102550001D8A088B098A828B8312850EEE4F7003C9
:1025600002A6F29016F812ADDF60158A828B83A363
:10257000A3E0F9EEFAEFFB9016F912B757123127E4
:102580008E828F83A3A3A3A3A3A3A3A3A3E0640228
:10259000600302A6608E828F83A3A3A3A3A3A3E0FC
:1025A0005402700302A684850882850983A3A3E0F0
:1025B00064E9700302A684850882850983A3A3E0E9
:1025C00064CD700302A684850882850983A3A3E0F5
:1025D00064F0700302A684EE240D12AA806024EE3B
:1025E000241312BE31601C8E828F83A3A3A3A3A3E6
:1025F000A3A3A3A3A312A706701D7A307B01122008
:10260000038014901A0DE0048E828F83A3A3A3A3EA
:10261000A3A3A3A3A3A3F0850882850983A3A3E0B2
:10262000701F750A0080097A367B01122003050AA3
:10263000850882850983A3A3A3E0F8E50AC398402F
:10264000E6EE240A12BE3114F0C0E012A11FD0E061
:1026500012AAA87404F0901A0E12C1DAE812A6F5B4
:102660008E828F83A3A3A3A3A3A3A3A3A3E0640247
:1026700060128E828F83A3A3A3A3A3A3A3A3A3E02B
:102680006406706E8E828F83A3A3A3A3A3A3E0A28C
:10269000E0505F850882850983A3A3E0F9EEFAEF95
:1026A000FB1227EF8E828F83A3A3A3A3A3A3E054DF
:1026B000FE12A706850882850983A3A3702AE0700D
:1026C000237A2F7B011220037E00850882850983EF
:1026D000A3A3A3E0F8EEC39850187A367B0112202A
:1026E000030E80E67A318005E070077A2D7B0112B7
:1026F0002003028CD5F0A3E9F07A207B0090179F8D
:10270000E0F9121B772212A3F812D13312B77A1212
:10271000A71322122A77E92274F0120C1D74BB123F
:1027200012A812A251750E00750F007402121288C1
:102730001226E7740F12154CE07008741212154C33
:10274000E06016740212154CE0A2E650118E828FE2
:102750008312D11C12A71360057A3502A871740286
:1027600012154CE0540C64047004D2008002C200C4
:10277000E0A2E55036750F01A200402F12AACF70DB
:1027800003A3E069700512AA7D706B12AACF7003D3
:10279000A3E069601612AA7D701112AADF740212FA
:1027A00012881227B3E9600302A86F12AA7D702A6B
:1027B000740212154CE0A2E65020740312154CE08E
:1027C00054037016740212154CE0540C640C600A29
:1027D000E0540C64086003750E01740212154CE09D
:1027E0005403F87402687022740212128812AADF6D
:1027F0001226F902AA708E828F8312D11C1285864E
:10280000741712154C12AA8E80937401687045E5F6
:102810000EA2E0500D12AA7D7008740212128812E6
:10282000AAE67402121278741C12154CE8F0A3E99F
:10283000128585741912154CE8F0A3E912AA92C00A
:10284000E0741B12154CD0E0F0741912128012269D
:102850006F02AA70E8600302AA7090173CE064015E
:1028600070178E828F83A3A3A3A3A3A3E0700A7A19
:10287000347B0112200302AA70744412154C7402B6
:10288000128585743C12154C12AA97E0548070038F
:1028900002A993742612154C740212AAA812AACB8C
:1028A000741E12154C12AA8E740512154CE0C0E06D
:1028B000742712154CD0E0F0740412154CE0C0E0FF
:1028C000742812154CD0E0F090175212AACB74293C
:1028D00012154C12AA8E740812154C12AACB742B26
:1028E00012154C12AA8E740A12154C12AACB742D12
:1028F00012154C12AA8E741212154CE0F8742F1295
:10290000154CE8F0A3E4F0741012154C12AACB7425
:102910003112154C12AA9712AACB743312154C120D
:10292000AAB3E0C0E0743512154CD0E012AA86A319
:10293000E0C0E0743612154CD0E0F012BE2EC0E0BC
:10294000743712154CD0E0F0741312154CE0C0E04F
:10295000743812154CD0E0F0741512154CE0C0E03C
:10296000743912154CD0E0F0EE242312BE31C0E0D1
:10297000743A12154CD0E0F0EE242512BE31C0E0BE
:10298000743B12154CD0E0F0741E1212801226FF18
:1029900002AA70745512154C78081214D9A200407E
:1029A0000302AA24EE240F12BE31C0E074141215E3
:1029B0004CD0E0F09016FA12ADDF700302AA70124C
:1029C000C6DC743C12154CE0687003A3E069600338
:1029D00002AA70EE242312AA7512121C12AA9E12C9
:1029E0000FF37808121210E50FF508780812121C80
:1029F0008E828F83A3A3A3A3E0F508780812121C8C
:102A0000740912154C120FF3A90E740D121288746A
:102A1000471212809016FA12AC48123127740B122A
:102A200011F5804CE50EA2E05008740212128812D3
:102A3000AAE6EE241112AA7512121C7808121210BE
:102A4000E50FF508780812121C740612154C120FC7
:102A5000F3901752120FF3EE241212BE31F974469E
:102A6000121288740C1212801227FB740A1211F5CC
:102A7000744502B9D112ABBBF50C780C22EE2421BF
:102A800012ABBB548022128663A3A322A3A3129A83
:102A9000F02212BE41E022129AF012AA9E22EE24E7
:102AA00021F582E43FF5832212AAAC2212BE45A38F
:102AB000A3A322E8F0A3E9F0EE240FF582E43FF5AA
:102AC00083227401F085218285228312859022124F
:102AD00029E18A088B09A808A90912ABB868221253
:102AE0009AE812B77822129AE812B7781226ED22E5
:102AF00074F7120C1D121F4F800F74F7120C1D1269
:102B00001F558005740D1211F57F01020F2474F713
:102B1000120C1D121F6180F1C082C083121F5B0264
:102B20009E5874F7120C1D121F6780DD74F7120C8B
:102B30001D740912154CE0F508780812121C121FBA
:102B400079740180C1C082C083121F85029E5874AF
:102B5000F6120C1DEAFEEBFF90173FE0A2E1504A8F
:102B60008A828B83A3A3A3A3A3A3A3A3A3A3E064A9
:102B70000160371229E78A088B09A808A9098E8203
:102B80008F83E0687003A3E069601FEE12ABB4644A
:102B90000160178E828F8312D1251223C3E9600A48
:102BA0008E828F8312D12512299FEEFAEFFB121F1E
:102BB0008B028BEA12ABB922EE240BF582E43FF5CF
:102BC00083E02274F7120C1D121F9102AB0974F7F7
:102BD000120C1DEAFEEBFF740169701479001225D6
:102BE000D990384FE493FC7900EEFAEFFB12254FB1
:102BF00002AB0974F7120C1D121F7F02AB0974F4AB
:102C0000120C1D74F91212A8E9FE8A088B098C0AAD
:102C10008D0B9015CC12ADDF602BEE8521828522C5
:102C200083F0740112154C78081214BB741312153A
:102C30004C12AACB740512154C12A5429015CC1259
:102C4000AC4812312702A53D12D13322C082C08385
:102C5000121FD9029E5874F7120C1D121F9D02AB51
:102C60000974F7120C1D901AC0E0F97800800B125D
:102C7000AEEE540D64017001190812AF075003E95C
:102C800070ED02AB0974F7120C1D901AC1E0F978CF
:102C900000800B12AEEE548D64817001190812AFE2
:102CA000075003E970ED02AB0974F2120C1D890A9A
:102CB000E975F007A4A9F0240FFEE439FFEE2AFA23
:102CC000E43FFB12ACFB602CEEFCEFFD7900121B25
:102CD00023E50812BBA712AFBFE50AF0E5082EF8FE
:102CE000E5093FF9850882850983A3A3A3A3A3A3CC
:102CF000A312AA8CAA08AB09029E50121BCB8A0809
:102D00008B09EA4B2274F6120C1D8A088B091225D6
:102D100025E9F8901ABFE0F9E8C39940099016E058
:102D200012D12512252BE5082402FEE43509FF9077
:102D300016E212C6D6F09016E2E004F0AA08AB093B
:102D40001225318E828F83E00287A1C082C08379F1
:102D5000009016E0800109E0FAA3E08A82F583E59D
:102D600082458370F1029E5874F7120C1DEAFEEB47
:102D7000FFEA4F605A9016E012ADDF6052888289F8
:102D8000837A007B00EE65827003EF65836013AA8F
:102D900082AB8312CA828882F583E5824583602FE5
:102DA00080E39016E0E0F8EE687002EF698E828FA3
:102DB00083700812AACB9016E08003128B8912AAA6
:102DC0008EEEFAEFFB12269FEEFAEFFB121BD102FA
:102DD000AB09EE75F006A4F8AAF012C308F5831249
:102DE0008590E84922C082C0839016E080048882E2
:102DF000898312ADDF600A888289831293CA4D707D
:102E0000ED8A828B83E4F0A3F0E84960068882892A
:102E10008380039016E012A402029E5874F7120CED
:102E20001DE9FD9016E080048A828B8312AE556006
:102E30001D7C0080010C12AEA3ECC39850EAEC7527
:102E4000F007A4F8A9F012AE9A6D70E980047A0038
:102E50007B0002AB0912B77AEA4B2274F7120C1D01
:102E6000E9FE7D0080010D12AEA3EDC3985024ED64
:102E700075F007A4F8AFF0EFF912AE9A6E70E7EDB7
:102E800075F007A4F812AF194CF0E8240FFAE439F2
:102E9000FB80047A007B0002AB0912AF11241312ED
:102EA000AF222212CD18F82274F6120C1DE9FEEAA8
:102EB000FF1225378A088B09A808A909EA49602B5F
:102EC0007C00801AEC75F007A4FAABF0E82AFAE966
:102ED0003BFB128B6612BF146E7002EFF00CE8120F
:102EE000BBA712CF8BFAECC39A40D9028BEAE875E4
:102EF000F007A4FCADF0EA2CFCEB3DFDEC2414F54E
:102F000082E43DF583E02212CD18FCE8C39C22EF59
:102F1000F9EA28F8EB39F9E82212AF0F241412AFBE
:102F20002222F582E439F583E02274F6120C1D1298
:102F300026457A00801AEA75F006A4F8A9F012C2B4
:102F4000C212BE51A3E412C3E0F0A312BE56F00AAF
:102F500090385012C1C340DE7A00801CEAF5087533
:102F60000900740378081213C612BE1A74FEF0A387
:102F70000412CA0DA3E4F00A90384D12C1C340DC1C
:102F80007900801BE9F508750900740378081213AD
:102F9000C6746812D35D740B12AFBF12D6CA099003
:102FA000384B12C78540DD903858E4939016E4F012
:102FB0009083FC120FEF12CFBD028BE7F582E41273
:102FC00084682274F1120C1D74F51212A8EAFEEB4B
:102FD000FF89088C09E9A2E050117EFC7FFFA2E185
:102FE0005005D2E402B067D2E3807C12B45470037F
:102FF000A3E069600EAC087902EEFAEFFB12262717
:10300000E97005790002B145E508F50A780A12125F
:103010001C790212B14A1211F5E9600302B143E5CD
:1030200008C2E5F508A2E640407403121288EEFAE1
:10303000EFFB122357E9702B12BE5CEEFAEFFB1286
:103040002B438A0A8B0BEA4B601FEA2402FAE43511
:103050000BFB12234BE9601112992F74031212809B
:10306000121CC1E508D2E5F5089016E3E0F50E90D4
:103070001745128DE8780A1212187D017C0090160F
:10308000E3E0F9AA0AAB0B1225E574021211F5E987
:10309000F89016E3E004F0E9600302B143E508A20A
:1030A000E55004740E80027406C0E0740112154CE1
:1030B000D0E012B163EA4B700302B13F12B1583550
:1030C0000B12A127E50A241A12B18BEAF0A3EB1226
:1030D000B18212AACB8882F5837401F07478550806
:1030E000A312D6D1E50EF0EE88828983A3A3A3F0C4
:1030F000EF12B170E4F0E508A2E5500F740312126C
:1031000088E82406FAE439FB121CC1850A82850B83
:1031100083A3A374FDF0A374FFF0E5096016903853
:103120004EE493F8E509C398500AE50A241312B156
:103130008BE509F0AA0AAB0B12243BE9F98006796A
:1031400010800279C7740B02B3057CFE7DFFEEFA96
:10315000EFFB1225A3740122EA12B15D222417F5B8
:1031600082E422F0AA21AB22122A5F8A0A8B0B2268
:1031700088828983A3A3A3A312B17C2212CA07A3C6
:10318000A322F0E50A240B12B18B22F582E4350B61
:10319000F5832274F4120C1D7A007B1012BE656058
:1031A000089017B17401F0803C9016B3E064019070
:1031B0001A047006E0FC79018004E0FC79037A00CF
:1031C0007B0012254F903840E493F508740193F585
:1031D00009E4F50AF50B78081212107A007B101238
:1031E0009F601211F5800574181211F57F04020F0B
:1031F0002474F1120C1D8A088B098C0A8D0B890E20
:1032000012A71360057AFF02B2CF901A03E064029E
:10321000600302B2F312D4AF600302B2ED7900AAE8
:1032200008AB0912262DA90E12C1A4AE0CAF0DEAEF
:103230004F700302B2F38A828B83A3A3A3A3A312CA
:10324000C91E707312D1258E828F83A3A3A3A3A35B
:10325000A3E05418604F903852E4938E828F83A37A
:10326000A3A3A3F0740F12154C12BE5F74111215B4
:103270004C12AACBEA650A7003EB650B6010EA6C8E
:103280007002EB6D6008EA687002EB69701D880CD3
:10329000890D780C121218AA0AAB0B122B7F74023C
:1032A0001211F5800690174412B2FC74FE6A700386
:1032B00074FF6B601E8043A3A3A3E0640360228AB3
:1032C000828B83A3A3A3A3A3E0640470067AFE7B8E
:1032D000FF80278E828F83A3A3A3A3A3E064026051
:1032E000127907AA08AB09122657E96006AA08ABAB
:1032F000098007AA08AB09122561800C12C6D6A363
:10330000A3A3A3F0221211F57F07020F2474F71272
:103310000C1DEAFEEBFF1223BDE9700AEEFAEFFB8B
:103320001223C9E96006EEFAEFFB80047AFE7BFF08
:1033300002AB0974F0120C1D74FF1212A8E985216A
:1033400082852283F08A088B098C0E8D0F7E0012F5
:10335000A7137900600302B44F12C87B8A0A8B0B53
:10336000EA4B60658A828B83A3A3A3A3A3E06403D3
:1033700060238A828B83A3A3A3A3A3E064016003D9
:1033800002B44D79078A828B8312D123122657E922
:10339000600302B44D7F02850A82850B83A3A3A339
:1033A000A3A3A3E0541870617900AA0EAB0F12B466
:1033B000547003A3E069707D90384FE493FC12B41D
:1033C0006512254F7E0102B44DAA08AB0912256192
:1033D00012D51560788A828B83A3A3A3A3A3E0A24E
:1033E000E0506A7F01A2E150127901AC08AD09AA50
:1033F0000EAB0F12257FE970AF80528A828B83A3B8
:10340000A3A3A3A3D2E1F0809F7E01850A82850B4E
:1034100083A3A3120FF3750AFE750BFF780A12122D
:10342000187900AC08AD09AA0EAB0F122639740446
:103430001211F58018EFF9AC08AD09AA0EAB0F1206
:10344000257FE970087E0112B4651225D9EEF97462
:103450000102B9D112262D8A0A8B0BA80AA90B905A
:103460001745E06822852182852283E0F9AA08AB0E
:10347000092274F0120C1D74EC1212A88A0E8B0F24
:103480008C088D09740212154CE4F0A3F0750B063C
:1034900012C1E5740212154C128B7B12154C12AD41
:1034A000DF600F740212154C12B756A3E0700302CE
:1034B000B61BE50E241DF50CE4350FF50D850C82C9
:1034C00012B9ACC0E0740112154CD0E012D6D1A3F1
:1034D000E0FA88828983A3A3A3A3E0F8E4C8F9EA09
:1034E00028FEE439FFAA08AB091225DFE9F9850CAB
:1034F00082850D8312B764E029852182852283F0BD
:10350000E50AA2E55003750B0E7487550A700D7419
:1035100018550A6418600512B991600A7AD37B00C5
:1035200012200302B61B530A7878081212187D0085
:10353000740212154CE0FC740312154C12B78D1274
:1035400011F5E9F8740368700302B61BE960030221
:10355000B60B7418550A700302B620E50AD2E0F5DE
:103560000AA2E45004D2E1F50AA90A12B76D1226A4
:1035700021EA4B60538A828B83A3A3A3A3A3A3E076
:10358000541860448A828B83A3A3A3A3A3E064019D
:103590007036740212154C12ADDF602C12BE5C8ABC
:1035A000828B8312D123122B6DEA4B601B8A828B94
:1035B00083A3E06013740212154C12C567F88A8267
:1035C0008B83A3E0C3984053E50AF50B780B1212E6
:1035D0001C12B7801211F5E970317C007D00742453
:1035E00012154C12B75B850E82850F83A3A3A3A38C
:1035F000A3A3A3A3E0600612B74A12BE5F8521828F
:10360000852283E0F912B76D1224F5742412154C4B
:1036100012BEFAF47003A3E0F46036790002B745F5
:1036200090173EE0600FE50AF50B780B12121C12A2
:10363000B7801211F5E50AF50B780B12121C790010
:1036400012B14A1211F5E970C2742412154C12B766
:103650005B78081212187D01740212154CE0FC749C
:103660000312154C12B78D1211F5A90AEEFAEFFBF1
:1036700012BC3A7003A3E069600302B72EEEFAEFC2
:10368000FB128BDD60288A828B83A3A3A3A3E06453
:1036900001600D8A828B83A3A3A3A3E06402700E52
:1036A0007404121288EEFAEFFB12235780131229CA
:1036B000DB8A088B09AC08AD097404121280121C55
:1036C000C1850E82850F83A3A3A3A3A3A3A3A3E015
:1036D0006401700E12B74A12BE5F740C121280128F
:1036E0001CC112B97A12C5654430F5087808121267
:1036F0001C74051212788808890978081212187447
:103700000F121278880889097808121218740612A4
:10371000154CE0F508780812121C7900EEFCEFFD5C
:1037200012B76D12257974061211F502B61B8521A8
:1037300082852283E0C0E012B97AF58312B764D0A3
:10374000E0F01229F3741402B9D1E50E2415F582C4
:10375000E4350FF58322A312D1362212D13374FF40
:10376000F0A3F02212D133A3A3A3A3A32212B77113
:1037700022E50E12BBAF350FF583E0FAA3E0FB2282
:103780007901AC08AD0912B77112B15222E0F912F9
:10379000B7711225E574022274F0120C1D74EE123A
:1037A00012A88A0E8B0FECFAEDFB750B0812BE5CAB
:1037B000122B6D8A088B09AC08AD09EA4D601F8A8F
:1037C000828B83A3E0701712C1CF5001097A027B6C
:1037D000001209BBE88C828D83F0A37407F012B944
:1037E0007A12B9ACC0E0740112154CD0E012BE568A
:1037F00012B99EE0FAE4CAFBEC2AF508E43BF509AD
:1038000088828983A3A312B99EA3A3E0FBECFEE404
:103810003BFF88828983A3A3A3A3A3A3A3E085215D
:1038200082852283F0E50AA2E45003750B10A2E51D
:1038300050067408250BF50B748F550A700512B9E4
:1038400091600A7AD37B0012200302B976530A7082
:103850007800E50AA2E4501B12B9842408FCA3E016
:103860003400FD740A121280121CC17808E50AC2E5
:10387000E4F50AE50AA2E5501F12B98428F8A3E08E
:103880003400F9E82408FCE439FD740212128012B5
:103890001CC1E50AC2E5F50A740112154C12B46B9D
:1038A00012261BE9F912C782504AE9F50C750D0082
:1038B0007403780C1213C6742D250CF582740B1248
:1038C000D2BCE0F8852182852283E0C3985022E0B3
:1038D000C0E0E9F50C750D007403780C1213C67482
:1038E0002D250CF582740B12D2BCD0E0F07800804C
:1038F0000502B9767804901745E065087004A3E0E6
:1039000065096063E87014E50AF50B780B12121C68
:1039100012B9BF1211F5E9705D8005740468705624
:10392000780A12121C7403121278880A890B780A1A
:10393000121218740D121278880A890B780A121262
:1039400018740612154CE0F50A780A12121C740657
:1039500012154CE0F9EEFCEFFDAA08AB091225792F
:1039600074061211F5800FE50AF508780812121C8A
:1039700012B9BF1211F574128057E50E241DF5829D
:10398000E4350F22E50E241DF582E4350FF583E0C2
:1039900022E50E12B15D350FF583E0650B22A3A37E
:1039A000A3E0FC88828983A3A3A3A32212858E8827
:1039B00082F583A3E0F50A88828983A3A3E02279B4
:1039C00001E50E12BBAB350F12D5CD12B14E2274EC
:1039D0000E1211F57F08020F2474F0120C1D74F4FE
:1039E0001212A8E985218285228312A25B8C088DA0
:1039F00009741C12154CE0F912261BE9F890384D99
:103A000012CF845021E8F50A750B007403780A126E
:103A100013C6742B250AF582740B12B18EE0F50ED5
:103A2000A3E0F50F8006750EFE750FFF74021215E8
:103A30004C7408F0742112154CE0A2E45008740292
:103A400012154C7410F0742112154CE0A2E55009C7
:103A5000740212154CE02408F07401121280122A2C
:103A60005F8A0C8B0DEA4B700302BB9812B158357C
:103A70000D12A127E50C241A12D2B912A402740463
:103A8000121288AA0EAB0F122357E9600D12D2B59D
:103A90007401F074041212788022742112154CE023
:103AA000A2E45022E50E6E7003E50F6F701812D27B
:103AB000B57401F0741D12154C12AACBE50C241834
:103AC00012D2B912AA8EE50C12BBA7350D128DE6E3
:103AD000850A82F5837402F0742112154C12BB9D85
:103AE000F0741C12154C12BB9DA3F0EE850A828562
:103AF0000B83A3A3A3F0EF850A82850B83A3A3A363
:103B0000A3F0850A82850B83A3A3A3A3A3E508F0F2
:103B1000E509850A82850B83A3A3A3A3A3A3F0AA27
:103B20000EAB0F1225DF852182852283E029850ACD
:103B300082850B83A3A3A3A3A3A3A3F0780074217E
:103B400012154CE0A2E45016741D12154C12BE5F03
:103B5000E50A2408FAE4350BFB121CC1780874212D
:103B600012154CE0A2E5501A741F12154C12BE5FDC
:103B7000E50A28F8E4350BF9E82408FAE439FB12E1
:103B80001CC1850C82850D83A3A3E50EF0A3E50F70
:103B9000F0AA0CAB0D12243B740C02B9D1E0850ADB
:103BA00082850B83A322EA12BBAB2212BBAF222475
:103BB0000BF582E42274F4120C1D8A088B09ECFECA
:103BC000EDFF750A01901745E06A7003A3E06B6092
:103BD00013750A00780A12121C122AB97401121104
:103BE000F5E9F50A7900AA08AB0912BC3A7003A3FB
:103BF000E06970417900EEFAEFFB122621EA4B6092
:103C00002B8A828B83A3A3A3A3A3A3E05418601CD5
:103C10007508FE7509FF78081212188A828B83A333
:103C2000A3120FF312D5B81211F580097901EEFA3B
:103C3000EFFB1224EFA90A02B1EC12262D8A088BA1
:103C400009A808A909901745E0682274F2120C1D12
:103C50007EB07F097A1012BE63700C9083FC120F45
:103C6000EF12CFBD1211F59016E4E014F0600302DC
:103C7000BD18903858E4939016E4F07C0079057AEA
:103C8000007B0012295D8A088B0902BD0F7C007938
:103C900005AA08AB0912295D8A0A8B0B8508828563
:103CA0000983A3A3A3A312ADDF605EE5082404F893
:103CB000E43509F98882F583E024FFF0A3E034FFBE
:103CC00012BE5612ADDF7041850882850983A3A319
:103CD000A3A3A3A3E054046013850882850983A3EA
:103CE000A3A3A3A3A3A3A3E0F912260985088285B1
:103CF0000983A3A3A3A3A3A3A3A3A37406F07AF0A9
:103D000085088285098312CA6C850A08850B09E536
:103D1000084509600302BC8D75080080658E828F9E
:103D200083A3A3A3A3E06051F4604EEE240412BE6B
:103D30003114F070448E828F83A3A3A3A3A3E06405
:103D400003701379028E828F8312BE5F8E828F83FF
:103D500012D12312257F8E828F83A3A3A3A3A3E076
:103D6000640160158E828F8374FE12BE351412BEFC
:103D700035A3A3A3E412BE3DF00508EE2407FE50D0
:103D8000010F90385112BE1240937E00803B1229E1
:103D900081EEF508750900740378081213C67428BB
:103DA0002508FC740B3509FD7A8B7B2512296FEAF7
:103DB0004B70DBEEF508750900740378081213C622
:103DC00012BE1A12BE51E4F00E90384D12D40850B3
:103DD0001FEEF508750900740378081213C612BEA9
:103DE00023E82407F582E412CF8B14F070DA80A167
:103DF0007A008010EA75F006A4F8A9F012C3E56015
:103E00000214F00A90385012C1C340E8029E50904C
:103E10003850E493F8E508C3982212BE238882F54F
:103E200083A32274282508F8740B3509F922EE249F
:103E30001112ABBB22F0A304128663A32212BE416F
:103E40002212BE4522F08E828F83A3A3A3A3A3A335
:103E50002274FEF0A304F088828983229017521204
:103E6000D5CF227B0090179FE0F9121C9DEA4B4CA6
:103E70004D2274F7120C1D74DA1212A8ECFEEDFF3D
:103E8000750800EC4F606C12CA7EC8241FF582E4EE
:103E90003812ADDD605D8A828B8312D125AC21ADF5
:103EA00022EA241EF582E412BF14F9EA241FF582E7
:103EB000E412BF191229C3740B12154C12BEFF7005
:103EC00003A3E069702D740212154CE064017023A5
:103ED000741D12154C12BEFA64017017741D121570
:103EE0004C12B756A3A3E0F88E828F83E06870036C
:103EF000750801A908742602AB0612D133E022121C
:103F0000BF05E0682212BF0922E0F8A3E0F98E8223
:103F10008F83A3223BF583E0223B12B7782274F40F
:103F2000120C1DE97016790012BF4774FE6E700303
:103F300074FF6F700C90385EE4936005790112BFD6
:103F400047122A29029AD91225978A0A8B0BAE0AA0
:103F5000AF0B2274F6120C1D74F31212A8121B2F51
:103F60008A088B09AE08AF09901745E06E7003A36D
:103F7000E06F60E91229E7EA6E7002EB6F60DEEE37
:103F8000FAEFFB12A71370D5EE4F60D18521828521
:103F90002283E4F00412154CEEF0A3EF12A54612B2
:103FA000236FE970B874FE6E700374FF6F60AEEE3D
:103FB000FAEFFB740D028BE7C082C083122A29023C
:103FC0009E5874F2120C1DEAFEEBFF8C088D0989D5
:103FD0000B74FC6E700374FF6F700302C19579005F
:103FE00012262D8A0C8B0DAE0CAF0D740E12154CD3
:103FF000E0F50A901745E06E7003A3E06F7009E5E5
:104000000AA2E6400302C195A90A12C19A703B793F
:10401000007AFE7BFF12C19A70307418550A700343
:1040200002C0BF7A0080010A90385112C1C3400318
:1040300002C0BFEA75F007A4F8A9F012D40F541813
:1040400070E574B028F8740939F988828983EEF034
:10405000A3EFF074FE6508700474FF6509600D88B5
:10406000828983A3A3E508F0A3E509F08882898308
:10407000A3A3A3A3A3A3E50AF0A2E0500D8882891D
:1040800083A3A3A3A3A3A3D2E2F07401650B888248
:104090008983A3A3A3A3A37031740112CA0DE054B2
:1040A000186021903852E49388828983A3A3A3A344
:1040B000F012C1E5EA4B600302C1957D00803679BC
:1040C0000202C197901744E080DEE06401700302B1
:1040D000C19588828983A3A3A3A3A3A3E0541860F6
:1040E00007903852E4938004901743E012B170E5D2
:1040F0000B02C1940D90385DE493F8EDC398400332
:1041000002C1957C008030EC75F007A4F8A9F0742A
:10411000B228F582740939F58312AACBED75F01730
:10412000A4FAABF074402AF582740812BF146870C8
:1041300003A3E06960BE0C903851128DD440C8E4EE
:10414000936C70B0ED75F017A4F8A9F0744028FED8
:10415000740839FF7C177D007900EEFAEFFB121B23
:10416000238E828F83E508F0A3E509F090175212A1
:10417000C1DAA3A3A3A3A3A312AAB374AAF012C182
:10418000AC740112C1CA5001097A027B001209BB4A
:1041900012C1B6E8F07900029E5012C1A4A80CA981
:1041A0000DEA49221226218A0C8B0D22EE240EF5EF
:1041B00082E43FF58322EE240DF582E43FF583226D
:1041C00090385CE493F8EAC39822F012C1CF2290B1
:1041D0003848E49379002401F82212C1E0A3A32215
:1041E00012BF09A32212CD07122B6D2274F2120CFA
:1041F0001D8A088B09E9FF8C0C8D0D90384A12C777
:10420000854005790502C2B9121FDFAA08AB091261
:10421000C2F070097AFE7BFF1225B5E9FE90385096
:1042200012D408400302C2B712ADD2600CEE75F092
:1042300006A4F812C30812C2D1EF602112C2DAEE4E
:1042400075F006A4F8A9F074C828F8740A398882B1
:10425000F58312A3FEEA4B70157901805CEE75F0D0
:1042600006A4F8A9F012C30AF583E4F0A3F0EE75F2
:10427000F006A4F812C2C2E508F0A3E50912BE5682
:10428000A3AA82AB83EFF0901A05E088828983129B
:10429000C2BCE0601E12ADD26019850C08850D0904
:1042A000750A00780812121412C2E3EAF912C2FC6D
:1042B0001211F5790080027907029E50F08A828BF4
:1042C000832274C828F8740A39F98882F583A3A375
:1042D00022F58312B77A121BD1222FFAE433FB1294
:1042E0001BCB22EF2FFCE433FDEE75F006A4F82281
:1042F0001225B5E9FE903850E4936E2212C30A12DB
:10430000B778121B17740322EAF974CC28F582746B
:104310000A392274F7120C1DECFEEDFF12CF7C500F
:104320002DE875F006A4F8A9F012C3F08882F58391
:10433000A312C700A3A3A312AACB740912154CE0C1
:10434000FAA3E0F5838A8212AA8E790080027904AA
:1043500002AB0974F7120C1D750800801DE5087585
:10436000F006A4F8A9F074CA28F582740A12CF8B5B
:104370006A7003A3E06B6062050812BE0F40DEE4C2
:10438000936508705574FE6A700374FF6B704B750B
:1043900008008002050812BE0F503FE50875F006C0
:1043A000A4F8AAF0EAF912C3E570E912C3F0A3A3D6
:1043B00074FE12C3DD12ADDF6020E50875F006A4BF
:1043C000F8EAF912C3F0E82404FEE439FF8E821201
:1043D000C2D18E828F83E4F0A3F0029A5DF0A30431
:1043E00012CA03A32274C828F582740A12AF2522C8
:1043F00074C828F8740A39F92274F1120C1D8A085D
:104400008B09EA241DF582E4350912C565FE605169
:10441000EA241D12C6EC2402F8A3E03400F9903817
:104420004AE493FAEEC39A400302C5567A00802C00
:1044300088828983E0F50AA3E0FCE4CCFDE50A2C40
:10444000E43DF50BEA25E0FCE433FD74102CF58225
:10445000740B3DF58312C5595001090AEAC39E4009
:10446000CF8508828B83A3A3A3A3A3A3A3A3A31293
:10447000C5707003A3E069700912C5791225A902FD
:10448000C55612C6E8700302C5567B00EEFF7A00DF
:1044900080010AEAC39E501CEA25E0F8E433F9746F
:1044A0001028F582740B12C56D7003A3E06970E2E9
:1044B000EAFF7B018B0E790012D11612C1A4EA4BE0
:1044C00060478A828B83A3A3A3A3A3E0640170390E
:1044D0008A828B83A3A3A3A3A3A3E05418602A8A90
:1044E000828B83A3A312BE5F7A107B0BEEF9122698
:1044F0004BE97006E50EA2E0500F12C57912265165
:10450000850C82850D8312A40012C6E8F974FF2978
:10451000F0750A01780A12121C750A10750B0B78D7
:104520000A121218EFF50A780A12121CE508241272
:1045300012C6ECF50A780A12121CE508241512AF0F
:10454000BC120FF312C70EFCA3E0FD12D116122508
:10455000C174071211F502B308E50AF0A3E50BF0E8
:10456000E82402F822F58312D133A3E02239F5833F
:10457000128590901745E068227C107D0BEEF9E5DE
:104580000812BBAB350912B7782274F0120C1D74F7
:10459000FC1212A8E9852182852283F08A0E8B0FF6
:1045A000ECFEEDFF741712154CE0F50A741A1215A3
:1045B0004CE0F50B6008E50AC33324048002740262
:1045C000C0E0740212154CD0E0F074011212801297
:1045D0002A5F8A088B09EA4B700302C6D18A828B54
:1045E00083A3A3E50EF0A3E50F12A38BA3A3EEF024
:1045F000A3EF12C6F8E0C0E0EA241312AFBCD0E08B
:10460000F0741612154CE0C0E0EA241412AFBCD0CE
:10461000E0F0EA241712C6EC6401703612C6DC859D
:104620000882850983A3A3A3A3E0687003A3E069BC
:104630006020741412154C12ADDF600DE508241AC9
:1046400012AFBCE8F0A3E98008E508241712AFBC5C
:10465000E4F012C70EFEA3E0FF8E82F5837405F02E
:10466000E50B7009A3E50AF0EE2402805D740125D4
:104670000AA3F0EE2402FE50010F7A0074181215FE
:104680004C12AACB801B8882898312C70012C6D61F
:10469000A3F0E82402F8500109EE2402FE50010FB5
:1046A0000AEAC3950A40DF8E0A8F0B850A82850BC2
:1046B00083A3AE82AF831229E1EA850A82850B8348
:1046C000F01229E1EB8E828F83F0AA08AB09122445
:1046D0003B740402B9D1E08E828F83221229E18AD1
:1046E0000C8B0DA80CA90D22E5082411F582E4120B
:1046F0008468E022E8F0A3E9F08521828522832204
:1047000012C6D612C70722F088828983A322128498
:1047100063E022C082C083E929FCE433FDEA2CFA7D
:10472000EB3DFBEA24FEF582EB34FFF58312D12545
:10473000029E5874F3120C1D89088A09ECFEEDFFE5
:1047400090384A12C7855033750C008002050CE57D
:104750000CC39508501B1229E1A80CE828F8E43393
:10476000F9EE28F582EF12CF8B6A7003A3E06B702D
:10477000DCE509650C70047901800279007F05028F
:104780000F2490384DE493F8E9C3982274F0120C8A
:104790001D74F21212A8E9852182852283F08A080D
:1047A0008B09ECFEEDFF750A0012A7137900600378
:1047B00002C87812C87B8A0E8B0FEA4B700302C8BE
:1047C000768A828B83A3A3A3A3A3A3E0A2E24003E0
:1047D00002C8761229E1EA6E7002EB6F7008780A5F
:1047E00012121CE48036EEFAEFFB1223C3E96401D7
:1047F0007061740112154C7404F0740212154CEEC1
:10480000F0A3EFF0740112128012236FE9640170BB
:1048100042750A01780A12121CE4F50AF50B780AAF
:10482000121218780A12121C780A12121C74091239
:10483000154C85820A85830B780A12121890384E1F
:10484000E493F9EEFCEFFDAA08AB091225C1740749
:104850001211F5850E82850F83A3A3A3A3A3A3E062
:10486000A2E1400F850E82850F83A3A3A3A3A3A378
:10487000C2E2F0750A01A90A02B9CFAA08AB09126F
:10488000262D852182852283E0F91226212274F6C5
:10489000120C1DE9FE790012262DEEF91226218B4D
:1048A00009A909EA49601D8A828B8312D6CA8A82C5
:1048B0008B83A3A31412C8CDE412C8C912C8C9A31C
:1048C000F0F980027904028BEA12CB9622F0A3045D
:1048D00012C2BCA3A3A3A32274F4120C1D75080773
:1048E000901739E0703312D8F0602E90173E12C93D
:1048F0001E701A12D8E9F88E828F83A3E0C39850F5
:10490000048908800D8E828F83A3E0800312D8E98A
:10491000F508E5087003750807A90802B1ECE06422
:10492000018A828B83A3A32274F0120C1D8A0C8B44
:104930000DE9FE8C08EDFF12261BE9F97410121523
:104940004CE0F50EA3E0F50F12C7825043E9F50ADB
:10495000750B007403780A1213C6742E250AF582AB
:10496000740B12B18EE0F8E508C398501FEF607425
:10497000E9F50A750B007403780A1213C612C9E927
:10498000A3A3A3A3A3E50812C9F98057790380560E
:1049900079007AFE7BFF12261BE9F990384DE493EB
:1049A0006970047902803FEF603AE9F50A750B00FF
:1049B0007403780A1213C612C9E9E50CF0A3E50DD9
:1049C00012C9F912CA0DE50812B17874FFF0EE8829
:1049D000828983F0901743E088828983A3A3A3A3ED
:1049E000A3A3A3F0790002B9D47428250AF8740BA4
:1049F000350BF98882F583A32212CA03E50EF0A3D2
:104A0000E50F2212CA072212C707A3A32212B17C04
:104A1000A322C082C0838A828B83A3A3A3A3A3E41F
:104A2000F0780080010890384B12CF84501D12CFCF
:104A30008FF98C828D83A3A3A3A3A3A3A3A3E0696F
:104A400070E3ECFAEDFB122987801EE4936870197D
:104A50008C828D83A3A3A3A3A3A3A3A3A37406F013
:104A60007A008C828D8312CA6C029E5812CA82C848
:104A7000240CF582E438F583E0F912289D228A821D
:104A80008B83E0F8A3E02274F4120C1D8A088B09D2
:104A90008A828B8312CB8EE0F91229638A0A8B0BF0
:104AA000AE0AAF0BEA4F700302CB818508828509FD
:104AB00083A3A3E070348A828B83A3A3A3A3A3A3BD
:104AC000A3A3A3E064028A828B83A3A3A3A3A3A3CB
:104AD000A3A3A3600F7406F07AF08E828B8312CAB0
:104AE0006C02CB817406F002CB8185088285098334
:104AF000A3A3A3A3A3A3E0606B850882850983A376
:104B0000A3A3A3E0607BE508240312C6EC14F070B5
:104B100070901732E0850882850983A3A3A312CB86
:104B20008412CB8EA3A3A3A3E064037054850882F0
:104B3000850983A3A3A3A3E0603C8A828B83A3A3FC
:104B4000A3A3A3A3A3A3A37404F0121B2FEA540FDF
:104B5000790024015001098E828F83A3A3A3A3129D
:104B6000A6F5801D8A828B83A3A3A3A3A3A3A3A3DB
:104B7000A3E06403700BEAFCEBFDAA08AB09122565
:104B8000EB02B1EC12CB8822129C25A3A322A3A393
:104B9000E01412CB9622F08A828B83A3A3A3A3A353
:104BA0002274F6120C1D79007E008026EEF5087541
:104BB0000900740378081213C674682508FA740B88
:104BC0003509FB8A82F583A3A3E060051225F179FC
:104BD000010E90384B12D40840D2E9A2E07A407B13
:104BE0000090179FE0F95019121C9DEA4B4C4D7034
:104BF00028908310120FEF7A4012CFBF1211F58068
:104C000018121C979016C1E06401700DE4F0901624
:104C1000C2E0F912283D121FD3028BEA74F4120C81
:104C20001D8C088D097E687F0B7C00803C8E828FF6
:104C300083A3A3A3A3A3A3A3E0F8EA2412F582E429
:104C400012BF1468701B8E828F8312AACB12CD14F0
:104C5000687003A3E06970098E828F83A3A3E0705C
:104C60001A0CEE2408FE50010F90384B128DD440E0
:104C7000BCE4936C7005790002CD008E828F83A313
:104C8000A3A3A3A3A3E0607612CD03122B43EA4BA8
:104C9000600D8E828F83A3A3A3A3A3A3E014F07A55
:104CA0000080010A12C1C0501F128A2C60F512D870
:104CB0008365087004A3E0650970E88E828F83A382
:104CC000A3A3A3A3A3E014F090385DE493F8903875
:104CD0005CE493FAE82AF8E43400F98E828F83A327
:104CE000A3A3A3A3A3E0FAE89AE99400C365D03391
:104CF000500C8E828F83A3A3A3A3A3A3E4F0790116
:104D000002B1EC12CD0722901752E0FCA3E0FDAAFD
:104D100008AB092212CD1822EA12BBAF3BF583E0A3
:104D20002274F0120C1D74FD1212A8740112154C9D
:104D3000ECF0A3EDF0E985218285228312A25B7C51
:104D4000687D0B750801750900750A00750B0090E8
:104D5000385DE493780812117EF50CF50DF50EF52B
:104D60000F780080118C828D83A3A3E0601A08EC79
:104D70002408FC50010D90384B12CF8440E7E49397
:104D8000687005790002CF6E8C828D83A3A3A3A3E4
:104D9000A3A3E4F07A00802E64016005E064037050
:104DA0001D8E828F83A3A3A3A3A3A3A3A3A3E0F435
:104DB0007003A3E0F47007780C79081214380A74B1
:104DC00001780812117E90385C12C1C4504EEA7509
:104DD000F01CA4F8ABF012D864128EE712154CE068
:104DE000687003A3E06960D6EA75F01CA4F812D8D5
:104DF0006412C56D7003A3E06960C3EA75F01CA47A
:104E0000F8EBF9128DE264046003E0708B8C828D04
:104E100083A3A3A3A3A3A3E004F080A27A008067E6
:104E2000EA75F017A4F8ABF0EB128EE312154CE024
:104E3000687003A3E069604EEA75F017A4F8EBF917
:104E400012D86E7003A3E0F4603C744A28F58274B3
:104E50000839F58312CFA1E0687003A3E0697026DA
:104E6000EA75F017A4F8EBF912D8596019744F28B5
:104E7000F582740812CF8B600D8C828D83A3A3A35F
:104E8000A3A3A3E004F00A90385D12C1C340918C43
:104E9000828D83A3A3A3A3A3A3E0F8903842E49355
:104EA000C398500DE4938C828D83A3A3A3A3A3A3E3
:104EB000F08C828D83A3A3A3A3A3A3E0600712BEFB
:104EC0002E6401700B8C828D83A3A3A3A3E4800DB9
:104ED000901733E0048C828D83A3A3A3A3F09017D3
:104EE00038E08C828D83A3A3F090173212CFB412D6
:104EF00085858C828D8312C6F412CFAEF0EE24121B
:104F0000F582E43FF58312CFAEA3A3F012CF736016
:104F100046780080010890384B12CF84503912CF68
:104F20008F600BF9852182852283E06970E7E8F5BF
:104F300008750900852182852283E0C0E012CF96A2
:104F4000D0E0F0740278081213C674B912D35D74FD
:104F50000B128FEA1214BB7A4012BE63700E90835C
:104F600010120FEF7A4012CFBF1211F579017403BE
:104F700002B9D1E50C450D450E450F221225B5E9C4
:104F8000F8903850E493F9E8C3992212AF2522E84B
:104F9000FA12CF96E02274B02AF582E4340BF5833E
:104FA0002212CFA522E0F8A3E0F99017522212CFE7
:104FB000B4A3A322E08C828D83A3A3A3227A107BC7
:104FC0000090179FE0F9121C91740422C082C083E4
:104FD000780080010890384BE493FAE8C39A5008AF
:104FE00012CF8F6970EEE4F0029E5874F0120C1D1F
:104FF000EAFEEBFF8A82F583A3A3A3A3A3A3A3A343
:10500000A3A3E06402600302D113EA240D12BE31AF
:10501000600302D0D49017DA12ADDF700302D0C45F
:105020009017E012ADDF700302D0C49017E412AD08
:10503000DF700302D0C49017E212ADDF700302D01C
:10504000C4901A0CE06401707B901A08E0A2E05052
:105050007312D13C123127E9706A901A0AE0700A83
:10506000903705780C1214258021F5087509007415
:105070000278081213C6128FE51214259083507817
:10508000081214D9780C7908120AB6780C1212108A
:105090001290C412312774041211F5E9640170737F
:1050A000EE2402E43F0E0EFF8E82F58312D1291208
:1050B00031278E828F8312D1259017E212AC4812CD
:1050C0003127804F7C0179018E828F8312D1231288
:1050D0002615803F9017D812ADDF6037901A0CE08C
:1050E0006401702F901A08E0A2E050277A047B0038
:1050F000121B35EA4B601C8A828B837464F0A374A4
:105100000112865FA3128B8912AA8C90179FE0F977
:10511000121B4102B9D4850882850983A3A3A3A3E6
:10512000A3A3A3A3A312B77A2212B77A9017E4120B
:10513000D13322E0F8A3E0F5838882228A828B8330
:10514000A3A312B77A9017DA12D1332274F0120C9B
:105150001D74FD1212A8128B7512154CE9F0ECFFAC
:1051600085218285228312D125122969EA4B6003A9
:1051700002D277740212154CE0700302D28D7508CA
:1051800000750900750A00750B00750C01750D009E
:10519000750E00750F0090385DE493780C12117E47
:1051A00079008008097401780C12117E90385C1225
:1051B000C7865020E912D2D860EA12D2CD12D303AA
:1051C0006C7003A3E06D70DC850C08850D09850EFD
:1051D0000A850F0B7E0080057A007B000E90384B0D
:1051E00012D408400302D27712D2EC60EFEEF50C35
:1051F000750D007402780C1213C674B9250CF58273
:10520000740B12D2BC85080C85090D850A0E850B1E
:105210000F780C1213EC12CF7360C112D2ECF9129A
:105220002963EA4B60B28A828B83A3A3A3A3A3A3BF
:10523000A3A3A3E0640570A085080C85090D850A69
:105240000E850B0F780C12146CC00CC00DEEF50C13
:10525000750D007402780C1213C674B9250CF58212
:10526000740B12D2BCD00DD00C780C1214129038E2
:105270004BE493FE02D1DCEA4B60128A828B83A35B
:10528000A3A3A3A3A3A3A3A3E064056012EF6022DA
:1052900090175212D303FAA3E0FB1222BB80131221
:1052A0008B8312D2FA12D2C1A3A3A3A3A3740112B7
:1052B000A6F802CF6EE50C2416F582E4350DF583D1
:1052C00022129AF08A828B83A3A3A3A32274F42CC4
:1052D000F58274053DF5832275F01CA4FCADF074D5
:1052E000F82CF58274053DF583E0F422EEF874B0F5
:1052F00028F582E4340BF583E022E0FCA3E0F5839B
:105300008C822212D5CF852182852283E02274F6F9
:10531000120C1DE9FC790080010912C7825039E99D
:10532000F508750900740378081213C6742912D39E
:105330005D740B12C6EF6A7003A3E06B70DBE9F5D6
:1053400008750900740378081213C6742812D35D17
:10535000740B12C6EF6C70C1028BEA74052508F558
:10536000822274F7120C1D89085308407E00802E9B
:10537000EE75F007A4F8A9F074B028F5827409124C
:10538000CF8B6A7003A3E06B701374FE6A700374B2
:10539000FF6B605812D40F54406508604F0E903870
:1053A0005112D40840CAE4936E705374FE6A7003BD
:1053B00074FF6B70497E0080010E90385112D40842
:1053C000503CEE75F007A4F8A9F074B428F5827487
:1053D0000912CF8B70E3A908EE75F007A4ABF07447
:1053E000B028F582740912BF191225D9EE75F0079D
:1053F000A4F8A9F074B028FA740939FB80047A0083
:105400007B0002AB0990385CE493F8EEC3982274F9
:10541000B628F582740912AF252274F4120C1DEA25
:10542000FEEBFF890B8C0A740169700C903847E41D
:1054300093F9122657E970647900EEFAEFFB122611
:105440002DA90A1226218B09A9097401650B601484
:10545000EA4960568A828B83A3A3A3A3A3E0650BCA
:1054600070488038EA4960198A828B83A3A3A3A37A
:10547000A3E06401700B8A828B83A3A312D4C18042
:105480000AE50AA2E640238E088F0974FE650870BB
:105490000474FF6509601312D4AF60047900800CB6
:1054A000EE65087003EF650970DD790102B1EC90DB
:1054B0003847E493F9AA08AB09122657E922901954
:1054C000EDE0F508A3E0F5092274F4120C1DEAFEE4
:1054D000EBFFE9A2E6500F79FF1226BDEA4B7025DB
:1054E0007AFE7BFF802C12D51560238A828B83A3E2
:1054F000A3A3A3E06401600D8A828B83A3A3A3A36B
:10550000E064027009901745E0FAA3E08003EEFA28
:10551000EFFB02B1EC1223CF8B0BA90BEA492274EB
:10552000F4120C1DEAFEEBFF8C0A8D0B740C1215A5
:105530004CE0F50974026960317404696005740116
:10554000697022AC097901122627E96018E50A453D
:105550000B6017EEFAEFFB12CF7C500E850A8285A6
:105560000B837401F0790002B1EC7900EEFAEFFBE5
:10557000122621EA4B602D8A828B83A3A3A3A3A3C7
:10558000A3E05418601E750AFE750BFF780A12120C
:10559000188A828B83A3A3120FF312D5B81211F5C8
:1055A000790180C390384FE493FCA909EEFAEFFB30
:1055B00012254FE970AF80E8790090174512D5CFDA
:1055C0008A828B8312B77A122639740422F583E01B
:1055D000FCA3E0FD2274F1120C1DEAFEEBFF8C0827
:1055E0008D09E9600C750A00780A12121C790B808B
:1055F0006E7900AA08AB091226218A0A8B0BEA4BA6
:1056000060658A828B83A3A3A3A3A3A3E0A2E05037
:10561000568E0C8F0D780C121218741112154C1234
:10562000BE5F741312154C12D125122B7F74021217
:1056300011F58A0C8B0DA80CA90D74FE687003740B
:10564000FF696023850A82850B8312A400750A0016
:10565000780A12121C790CEEFCEFFDAA08AB0912B5
:105660002AB974011211F502B308C082C08378B060
:1056700079097C00804588828983A3A3A3A3A3A37F
:10568000E0A2E0402E88828983A3A3E06A7003A38E
:10569000E06B701F88828983A3A3A3A3A3E06401A6
:1056A000701188828983A3A3A3A3A3740312D6D104
:1056B00012D6CA0CE82407F8500109903851E49337
:1056C000FDECC39D40B0029E58A374FEF0A304F00D
:1056D0002212C707A322C082C08378B079097A005A
:1056E00080208882898374FEF0A30412D6D114121C
:1056F000C3DDE412B17812CA0DF00AE82407F850AD
:105700000109903851E493FBEAC39B40D5029E58AF
:1057100074F7120C1DE9FF7E0080010EEEC39F504E
:105720001BEE25E0F8E433F9EA28F582EB12CF8B83
:105730006C7003A3E06D70E379018002790002AB25
:105740000974F0120C1D8A0E8B0F890A8C0C8D0DBA
:105750007F007508007509018011121B2FEFF5F00D
:10576000EA84E5F0F5087F007509007E0080010EEF
:1057700090385D12D408504CEE75F017A4F8A9F0DB
:1057800012D86E7003A3E0F460E512D84EE0650E07
:105790007004A3E0650F60D712D84612D88E70CF80
:1057A000EE75F017A4F8A9F012D85960C2C3940797
:1057B00050BD0FE509A2E040B6EFC3950840B01216
:1057C000D846805E7E0080010E12D405505C12D84F
:1057D0007B64FE7003A3E0F460EE12D883650E7064
:1057E00004A3E0650F60E112D86612D88E70D9EE7E
:1057F00075F01CA4F8A9F074FD28F582740512CF89
:105800008B60C5C3940750C012D87560BBE06402BA
:1058100060B60FE509A2E040AFEFC3950840A912BA
:10582000D86639F58312D1258019EF6012E508702A
:105830000E74016F600302D75A75080102D7667AA9
:10584000FE7BFF02B9D4744028F58274082212D876
:10585000522212D84639F58322744E28F5827408F4
:1058600012AF2522EBF974F428F58274052212D8C0
:1058700052E064FE22128A39640122EE75F01CA403
:10588000F8A9F074F428F582740512AF25223912B4
:10589000D5CDAA0CAB0DA90A12264BE92274F4123D
:1058A0000C1D890812D8F0603B8A828B83A3A31257
:1058B000D8E9F98E828F83A3E06029E960269017EA
:1058C0003EE06401700D8E828F83A3E0C399500384
:1058D000E980068E828F83A3E0F8E508C398400430
:1058E00079018002790002B1ECE0F9122B8BE922F8
:1058F00090175212D5CF122B6D8A0A8B0BAE0AAFBE
:105900000BEA4F2274F7120C1D74F31212A88521B2
:10591000828522837402F01412154C12E04A12158B
:105920004CAA82AB83122345741612154C12D94D22
:10593000122381E96401700A740B12154C12DA3DCE
:105940008008740B12154C12D95802E81112DAA40F
:10595000FEE9FFAA21AB222212E7BC8E828F83E8E8
:10596000F0A3E9F079C82274F7120C1D74F3121237
:10597000A8ECFEEDFF8521828522837402F0EAFC0B
:10598000EBFD740312154CAA82AB83122345AA21A6
:10599000AB22122375E96401700A740B12154C12C4
:1059A000DA3D8008740B12154C12D95802E81174B4
:1059B000F7120C1D74F11212A8AC21AD2212212F86
:1059C000E9FE7028740212154C7402F0852182855C
:1059D000228312EF87740D12154C12E4C674021262
:1059E0001280122363E9640160027E01EEF9740FF4
:1059F00002E81374F7120C1DE9FE90166012E7A07E
:105A000070327A0F7B00121BCB901660EAF0A3EB8A
:105A100012DA9B60257800790012DB4274FEF0A355
:105A20000412E356A3A3E4F0A3F008E870010912FE
:105A3000DA9140E5EE700312220102E816E0F8A3C5
:105A4000E0F98E828F83E8F0A3E9F079002274F701
:105A5000120C1D8C828D8312DA98603078007900E8
:105A600012DBA7FEA3E03FFF8E828F83E06A700304
:105A7000A3E06B700DEEF8EFF98C828D8312DA469D
:105A8000800C08E870010912DA9140D479C802E864
:105A900016C39403E9940022E4F0A3F09016601278
:105AA000DAA44922E0F8A3E0F9E82274F7120C1D09
:105AB00074FE1212A8ECFEEDFF8E828F83E4F0A339
:105AC000F07508C8AC21AD2212212FE97013EEFC4D
:105AD000EFFD85218285228312E259122141E9F5E9
:105AE00008A90802DEF874F7120C1D74FE1212A841
:105AF000ECFEEDFFAC21AD2212212FE9703F901694
:105B00006012E7A060377800790012DB4212DDB244
:105B1000852182852283E06C7003A3E06D70148E72
:105B2000828F8312E80B740B12154C12EA8612DA7C
:105B300046800C08E870010912DA9140CD79C8025C
:105B4000DEF812DB4A8A828B8322E8FAE9FBEA75E7
:105B5000F005A4FAACF075F005EBA42CFB901660F0
:105B6000E02AFAA3E03BFB2274F7120C1D901660AA
:105B700012E7A0602D7800790012DBA7F508A3E0FA
:105B80003F850882F583E06A7003A3E06B70098C9F
:105B9000828D8312DA46800C08E870010912DA91CE
:105BA00040D779C802E816E8FEE9FFEE75F005A4D3
:105BB000FE85F00875F005EFA42508FF901660E05B
:105BC0002E2274F0120C1D74FC1212A8EAFEEBFFD8
:105BD00074021212888E828F8312E259122153E9C5
:105BE000F50A7A187B00121BCB8A0C8B0DEA450D47
:105BF00060417C187D007900121B2312DEC7780CEF
:105C0000121218750E18750F00780E1212187C00FB
:105C10007D00850882898312E259121C4F74041298
:105C200011F5850882850983E4F0A3F0AA0CAB0D79
:105C3000121BD18E828F8374FEF0A30412E4BDA3E5
:105C4000A3A3A3E4F0E50A600302DD367402121593
:105C50004C12E259EAFEEBFFEE75F005A4FEA8F047
:105C600075F005EFA428FF90166012E7A0603E9043
:105C70001660E02EF508A3E03FF509780812121827
:105C80007508057509007808121218EA75F005A460
:105C9000FAA8F075F005EBA428FBEA2402FCE43B2B
:105CA000FD7A4C7B00121C4F74041211F5A821A937
:105CB00022880889097808121218750802750900E7
:105CC00078081212187C007D007A4C7B00121C555B
:105CD00074041211F5E9705E901660E02EF8A3E0EE
:105CE0003F8882F583E064FE7003A3E0F48521829F
:105CF000852283701512E7A0601485218285228396
:105D0000E024FFF0A3E034FF800312ECA3F0A8210D
:105D1000A9228808890978081212187508027509DD
:105D20000078081212187C007D007A4C7B00121C4F
:105D30004F74041211F574041211F57F08020F2438
:105D400074F7120C1D8A828B8312DA98605F7C00D4
:105D50007D00ECF8EDF9E875F005A4F8AEF075F00B
:105D600005E9A42EF9901660E028FEA3E039FF8E25
:105D7000828F83E064FE7003A3E0F47023EEFCEFF7
:105D8000FD8A828B83ECF0A3EDF0901660E028FA98
:105D9000A3E0398A82F583A3A3A3A3E4F0F9800FDB
:105DA0000CEC70010DC39403ED940040A579C8027A
:105DB000E816E0FCA3E0FD2274F4120C1D74DE1260
:105DC00012A8EAFEEBFF8E828F8312EF8774041213
:105DD000154C12E4C612DEC78882F58312EF877471
:105DE0000A12154C12E4C6740612154C7401F075B3
:105DF0000A3A750B00780A12121874131212788876
:105E00000A890B780A1212187C117D007A007B0037
:105E1000122BC174041211F5E9600D7C117D00791B
:105E200000EC121280121B23741112154CE0C0E01A
:105E3000740712154CD0E0F0741212154CA882A908
:105E400083740812154C12E4C6740D12154C7401BB
:105E5000F01229E1EE2404F8E43FF988828983E016
:105E60006A7003A3E06B7011740E12154CE4F074A9
:105E70000F12154CE4F0A3802F740E12154C740110
:105E8000F0740F12154CE521F0A3E52212E04185D4
:105E9000218285228312E4C685088285098312DE69
:105EA000CF12154CE8F0A3E9F07404121280122707
:105EB000BFE9FE7C117D007900EC121280121B23D9
:105EC000EEF9742202EC9B12E03188088909221253
:105ED000E7BC74022274F7120C1D74FE1212A8ACF7
:105EE00021AD22122147E9FE700C85218285228393
:105EF00012E259122159EEF9740202E81374F612F3
:105F00000C1D74ED1212A8EAFEEBFF1229E18A08BB
:105F10008B098E828F83A3A312E25712E031E5082A
:105F20006A7003E5096B600302DFC088828983120F
:105F3000E259740112154C12E04A12154CE4F07447
:105F40000412154CE4F08882898312E2591223D599
:105F50008A088B09A808A909E849603088828983E2
:105F6000A3A3A3A3E06025C394055020888289835E
:105F7000A3A3A3A3A3E0A2E37405500612154CE467
:105F8000800512154C7401F07401802C1229E18AED
:105F9000088B09A808A9098E828F83E0687003A383
:105FA000E069600302E02C740112154CE4F0A3F0E8
:105FB000740512154CE4F004121280122495806CC2
:105FC000740612154CEAF0A3EB12E04174081215A6
:105FD0004C12E0391212887A007B0079AB12271735
:105FE000E4F508F509780812121874021212887480
:105FF0000D1212801227C574021211F5901A1CE0BE
:1060000064017018852182852283E0700F740A1262
:10601000154CE4F074061212801227D1740A12157E
:106020004C7401F074061212801227D1741302E826
:1060300032EE2402F8E43FF922E8F0A3E9F0740B11
:1060400022F08882898312E7BC2212E80B740322B3
:10605000C082C08379009019FCE0700279C802E325
:10606000B1C082C083901662E0640170071221778C
:10607000E9F9800279C802E3B174F0120C1D74F2E0
:106080001212A8EAFEEBFF75080012E031880A89B7
:106090000BEE2406F8E43FF9880C890D8882F5831D
:1060A000E0700812217DE9F5087058A821A922881E
:1060B0000E890F780E121218850A82850B8312DD65
:1060C000B28E828F8312E25912212974021211F5C5
:1060D0008E828F83A3A3A3A3A3A3A3E0A2E2502352
:1060E000850C82850D83E0701AEEFAEFFB122165B4
:1060F000E9F508601B850A82850B8312E25912219B
:10610000358004E5086009EEFAEFFB122171805E2C
:106110009015A912E7A060568E828F8312DECF12EF
:10612000154C12E4C6850A82850B83E0F50CA3E0CA
:10613000F50D750E00780C1212147C087D007407A2
:1061400012154CAA82AB83121B1774031211F58E21
:10615000828F83A3A312EF85740C12154C12E4C630
:1061600074021212809015A912E175123127A90844
:10617000740E02DD3812E17922E0F8A3E0F583889D
:10618000822274F4120C1D74EC1212A8EAFEEBFFCA
:106190008E828F83A3A3A3A3A3A3E0600302E234B0
:1061A000740112127888088909780812121874028A
:1061B0001212888E828F8312E2571227C574021240
:1061C00011F5852182852283E064017067741112C4
:1061D000154CE06402705D74FFF0741312154CE00E
:1061E00004540FF0740512154C12F56112154C127F
:1061F000F10412F549ACF075F009E9A42CF9747FAB
:1062000028F8741639F988828983A3A3A3A312F10D
:10621000048882898312F105780812121875081310
:1062200075090078081212187C007D00121C4F744A
:10623000041211F5EEFAEFFB122183E9F508700D57
:106240008E828F8312E2591223CF12219BA90874E8
:106250001402EC9B12E179A3A3E0FAA3E0FB227401
:10626000F6120C1D74EF1212A8740112154CE4F012
:10627000A312E35612EF87740312154C12E7AF74A2
:106280000512154C12E4C6EA2407F582E43BF583B7
:10629000E0A2E7502EA2E650218A828B83A3A3A31B
:1062A000A3A3A3E064017009740712154C74048061
:1062B0003D740712154C74078034740712154C7422
:1062C00005802BA2E650208A828B83A3A3A3A3A3DD
:1062D000A3E064017008740712154CE48010740781
:1062E00012154C74038007740712154C740112E3E5
:1062F0005612E2591223CF12219B74091212887A86
:10630000007B0079AB122717E4F508F5097808122D
:1063100012187402121288740B1212801227C5749C
:10632000021211F5901A1CE0640170178521828514
:106330002283E0700E740812154CE4F004121280EF
:106340001227CB740812154C7401F0121280122718
:10635000CB741102E832F08A828B832274F7120C1C
:106360001DEAFEEBFF1227E9E96009EEFAEFFB12E6
:1063700021898007EEFAEFFB12218FE9F902E81676
:10638000C082C083EA4B600D8A828B83A3A3A3A340
:10639000A3E0D2E3F0801AC082C0839015B3E0641A
:1063A00005700C7A807B009015B0E0F9121B7780A5
:1063B00000D083D0820211C274F7120C1D12213B4F
:1063C0001227E9E9600B9016627401F0901663E4FD
:1063D000F01228191227E302E816C082C083E9F8F8
:1063E000901663E4F0E890166260087401F090166D
:1063F000638001E4F0790180B874F4120C1D74EB31
:106400001212A87508001223CF8A0A8B0BAE0AAFAE
:106410000BEE4F700302E4B57508019016BEE06400
:1064200001700312219B740812154C12E4BC12EF88
:1064300085741312154C12E4C674081212801223CC
:106440007B8E828F8312E7A512E03912154CA88249
:10645000A983740212154C12E4C61229E1740412C5
:10646000154C12E80B12E7895460646070097406D9
:1064700012154C74018006740612154CE412E4BD2A
:10648000E0C0E0740712154CD0E012EF8B1221959A
:10649000E9700A8E828F83E0C2E2F08018740B12DA
:1064A000154CAA82AB83122135740B12154CAA82AB
:1064B000AB831223E1A908741502EC9BE4F08E82F1
:1064C0008F832212EA8AE8F0A3E9F022740802E836
:1064D0001374F6120C1D74F11212A8EAFEEBFF748D
:1064E0000212154CE4F0EEFCEFFD740512154CAAF7
:1064F00082AB83121CC11227E9E9702A74021212BE
:1065000080122375E96401601DA821A922880889E9
:10651000097808121218EEFCEFFD7A007B001221B8
:106520002974021211F5740F02E83274F2120C1D74
:1065300074D81212A8EAFEEBFFEE2416F50AE43F27
:10654000F50BAA0AFB122243901A1FE064016005B2
:10655000E064027020780A121218750808750900A4
:1065600078081212187C087D007A117B01121C4FEA
:1065700074041211F57C0879FFAA0AAB0B121BAD4B
:10658000E960069016627401F0AA0AAB0B1221B9F9
:106590008E828F83A3A3A3A3E0F8EE2406F508E47C
:1065A0003FF509740168600574066870727800E848
:1065B000FAEE2AF582E43FF583A3A3A3A3A3A3E005
:1065C000700708E8C3941040E674106870319017A3
:1065D0006EE0704574181212887A627B00122225D0
:1065E00079007418121280122837790012283D7C25
:1065F000107D0079007418121280121B23801A1269
:10660000E789F9AA08AB0912283790176EE07009DC
:106610008E828F83E0F912283D1221A102E77F7458
:106620000468600302E6FD7405121278880C890D77
:10663000780C1212187402121288AA0AAB0B1227D5
:10664000C574021211F58A0A8B0BAE0AAF0B8521B5
:1066500082852283E0700302E77F741512154CE0F7
:10666000700C741712154CAA82AB831227B97415DB
:1066700012154C7401F0741612154CE4F0740912E2
:10668000154C12F56F12154C12F104741712154CBB
:10669000E4F07405121278880A890B780A1212182D
:1066A000750A13750B00780A1212187C007D00EE33
:1066B000FAEFFB121C4F74041211F578081212182D
:1066C0007C107D007A027B01121C4374021211F5CA
:1066D000E9702078081212187508107509007808FA
:1066E0001212187C007D007A027B01121C4F740488
:1066F0001211F57A037901122FF902E77F7403680A
:10670000707D7403121288AA0AAB0B12212FE96064
:106710002B7403121278880C890D780C121218ACA5
:106720000AAD0B7AFE7BFF12212974021211F57D4E
:10673000007C007900AA0AAB0B1220C97401121266
:1067400088740312154C12E259122141740112157A
:106750004C12E7A0701B740112128012215FE970C5
:1067600010740312154C12EF87740112154C12E4C9
:10677000C3AC08AD09AA0AAB0B1221DD1221FB74D0
:10678000281211F57F06020F24EE2405F8E43FF9E4
:10679000E8FEE9FF8E828F83E022852182852283B5
:1067A00012DAA4492212E7BC85218285228322E8DD
:1067B000F0A3E912E356A3A312E7BC22E0F8A3E09A
:1067C000F92274F7120C1D74F81212A88A828B83B6
:1067D000A3A312E7A07031EA2404FEE43BFFAC213E
:1067E000AD22EEFAEFFB122729E96401701A122993
:1067F000E1740412154C12E80B740212154CEEF001
:10680000A3EF12EF8B12217102E4CCEAF0A3EBF0BC
:1068100022740D1211F57F01020F24C082C0838AF9
:10682000828B83A3A3A3A3E0F912283D121FD302F6
:10683000E3B11211F57F02020F2474ED120C1D74E6
:10684000F01212A88A088B09890AECFEEDFFEE4FC0
:10685000700302E920EA4509700302E920A821A992
:1068600022880C890D780C121218750C10750D0009
:10687000780C1212187C007D007A017B01121C55E5
:1068800074041211F5E50AF50C852182852283E551
:1068900082250CF510E43583F5117512007810127D
:1068A00012147410C3950CFC95E0FDEEFAEFFB1288
:1068B0001B1774031211F5A821A9228810891178D9
:1068C00010121214AC0A7D00C3E4950CF895E0F99F
:1068D000EE28F8EF39F9E82410FAE439FB121B1717
:1068E00074031211F57C00ECFAE5082AF8E4350986
:1068F000F9EE2AFAE43FFB88828983E0FD8A828BE5
:1069000083E06DF088828983E0F88A828B83A3A379
:10691000A3A3A3A3A3A3E068F00CECC3940840C70F
:1069200074101211F57F0B020F2474F4120C1DEA7F
:10693000FEEBFF750800121B2F8A0A8B0BAA08EAD0
:106940002AFAE433FBEE2AF582EF3BF583E50AF001
:10695000A3E50BF00508E508C3940840D902EC9EB6
:1069600074F2120C1D74FC1212A8ECFEEDFF7402FE
:106970001212788808890978081212187402121203
:106980008812214D74021211F5E9F50B600302EA39
:106990007F740212154CE02401F8A3E03402F9855B
:1069A000218285228312EA86A3A312E4C67A187B89
:1069B00000121BCB8A0C8B0DEA450D700302EA7F97
:1069C000780C121218750818750900780812121838
:1069D0007C007D00740412154C12E254121C557494
:1069E000041211F58E088F09750A00780812121426
:1069F0007C107D00AA0CAB0D121B1774031211F54D
:106A0000E50C241412F0FDE50C241012F0FD780CB6
:106A100012121875081875090078081212187C00EF
:106A20007D00740412154C12E254121C4F740412AF
:106A300011F57C187D007900AA0CAB0D121B23AA5E
:106A40000CAB0D121BD185218285228312E17512B8
:106A5000EF85E875F009A4F8AAF075F009E9A42A11
:106A6000F9746428F8741639F9E824F7F582E934E2
:106A7000ED12F102E824FBF582E934ED12F102A9EE
:106A80000B740402E78112EA8A22E0FAA3E0F5839C
:106A90008A822274F6120C1D74F41212A8EAFEEB1C
:106AA000FF74041212887A007B0079AB1227171248
:106AB00029DB8A088B09AC08AD0974041212801214
:106AC0001CBBE9603B7404121288EEFAEFFB122340
:106AD00057E96015AC21AD227404121280122147CF
:106AE000E9700D12EB04E070177900740C02E832C3
:106AF0007402121288740412128012212FE970E9B4
:106B0000790180E785218285228312E179A3A3A3FD
:106B1000A32274F7120C1D74FE1212A8ECFEEDFFF6
:106B2000AC21AD22122147E9F9701385218285221B
:106B30008312E2548E828F83EAF0A3EB80078E8269
:106B40008F83E4F0A3F002DEF87F07020F2474F6CF
:106B5000120C1D8A828B8312E7A070278A828B8396
:106B6000A3A3E0F8740168600574066870118A8256
:106B70008B83A3A3A3A312E2571223D512219B79DF
:106B8000018002790002E83574F6120C1D74FE12C1
:106B900012A8E4F508F50978081212187C117D0096
:106BA0007A4C7B00121C4374021211F5E9FE740941
:106BB0006E702112EF7012121875080275090078B4
:106BC000081212187C007D007A4C7B00121C4F7456
:106BD000041211F57508A175091678081212187CAF
:106BE000087D007A717B00121C4374021211F5E9D2
:106BF0004EF9740202E83274F4120C1D74FE121283
:106C0000A885218285228312DA9860657E007F0044
:106C10008E088F09E50875F005A4F508A8F075F051
:106C200005E509A428F509901660E02508F50AA3F2
:106C3000E03509F50B780A121218750A05750B0074
:106C4000780A12121812EF4D121C4F74041211F52B
:106C500012EE70E064FE7003A3E0F4600A85218206
:106C600085228312ECA3F00EEE70010F12EF464066
:106C70009FA821A922880889097808121218750886
:106C80000275090078081212187C007D007A4C7B8E
:106C900000121C4F74041211F574021211F57F04D6
:106CA000020F24E02401F0A3E034002274EC120C63
:106CB0001D74FE1212A8A821A92288088909780843
:106CC00012121875080275090078081212187C0053
:106CD0007D007A4C7B00121C5574041211F5E9609A
:106CE0000302EE4012E79A700302EE40852182858E
:106CF0002283C3E09404A3E09400400302EE407AB0
:106D0000187B00121BCB8A0C8B0D7E00EA2410F539
:106D10000AE4350DF50BEE75F005A4F508E5F0F580
:106D200009901660E02508F50EA3E03509F50F7807
:106D30000E121218750E05750F00780E121218EE4D
:106D400075F005A4A9F012EF65121C557404121118
:106D5000F5E9600302EE2912EE78F9E8FAE9FB8A18
:106D6000828B83E064FE7003A3E0F4700302EE29DB
:106D7000E50C450D700302EE29780C121218750E01
:106D800018780E1212187C007D008A828B8312E222
:106D900057121C5574041211F590840078101214C7
:106DA000D9850A82850B8378101213FF12EE70A327
:106DB000A3E0F508A3E0F509E50875F009A4F8AA31
:106DC000F075F009E509A42AF9746428FC741639F1
:106DD000FD850A82850B83121511EC24F7F582EDEF
:106DE00034EDF58312151DE50C2414F582E4350D00
:106DF000F583121511EC24FBF582ED34EDF58312C9
:106E0000151D780C121218780E1212187C007D00D5
:106E1000AA08AB09121C4F74041211F57C187D00EE
:106E20007900AA0CAB0D121B230EEEC39403500382
:106E300002ED16E50C450D6007AA0CAB0D121BD137
:106E40007508A175091678081212187508087509D1
:106E50000078081212187C007D007A717B00121CE9
:106E60005574041211F574021211F57F0C020F24EF
:106E700012EE788882F58322901660E02508F8A348
:106E8000E035092274F4120C1D74F91212A812EFE5
:106E90007012121875080275090078081212187C11
:106EA000007D007A4C7B00121C4F74041211F57C9B
:106EB000057D0079007402121280121B237E007F70
:106EC000007402121278880889097808121218755D
:106ED0000805750900780812121812EF4D121C4FA0
:106EE00074041211F50EEE70010F12EF4640D27AC3
:106EF000187B00121BCB8A088B09EA450960427C8B
:106F0000187D007900121B237E007F007808121282
:106F100018750A18750B00780A1212187C007D008B
:106F2000EE2401FAEF3402FB121C4F74041211F527
:106F30000EEE70010F12EF4640D2AA08AB09121BE9
:106F4000D1740702EC9BC39403EF940022EEF8EF98
:106F5000F9E875F005A4F8AAF075F005E9A42AF996
:106F6000E812EF65222402FCE439FD7A4C7B002212
:106F7000852182852283E4F0A3F0A821A922880834
:106F80008909780822A3A312E7BC22F0AA21AB2228
:106F90002274EC120C1D74ED1212A8890C7C137D66
:106FA000007900AA21AB22121B23741012154C7415
:106FB000FFF07E007F00EE2411F50AEF3401F50B9F
:106FC000A821A9228808890978081212187C137D43
:106FD00000AA0AAB0B121C4374021211F5E96003FC
:106FE00002F0E0EEF8EFF9E875F009A4F8AAF07500
:106FF000F009E9A42AF9747F28F508741639F5090F
:10700000E5082404F50EE43509F50FE50CA821A9DF
:1070100022881089117810603612121875101375B5
:10702000110078101212187C007D00AA0AAB0B1216
:107030001C4F74041211F585088285098312F1042E
:10704000850E82850F83F0A3F0A3F0A302F0DF1278
:10705000121875101375110078101212187C007D2B
:1070600000AA0AAB0B121C5574041211F59083E0B0
:1070700078101214D985218285228378101213FF8B
:10708000A821A922881089117810121218751013DE
:1070900075110078101212187C007D00AA0AAB0B43
:1070A000121C4F74041211F585218285228312155A
:1070B0001185088285098312151D740412154C125E
:1070C0001511850E82850F8312151D7C137D0079A5
:1070D00000AA21AB22121B23741012154C74FFF06E
:1070E0000EEE70010F12EF46500302EFB6E50C6092
:1070F000077A007B001227B9741302EE68F582E468
:10710000350DF583E412F5672274F0120C1D74E45A
:107110001212A88A0C8B0D8C088D09750AA1852185
:1071200082852283E4F0EC2406FEE43509FFEEFAC2
:10713000EFFB12234BE9700BEEFCEFFDAA0CAB0D3D
:107140001227237409121278880C890D780C1212F8
:10715000187402121288EEFAEFFB1227C57402129D
:1071600011F58A0C8B0DA80CA90D901A1FE0640173
:107170006005E06402703F852182852283E07036DD
:107180007C087D0079007401121280121B2374099F
:10719000121278880C890D780C12121874021212CF
:1071A0008874031212801227C574021211F58A0C1A
:1071B0008B0DA80CA90DE508240FFAE43509FBEAAC
:1071C000FEEBFF852182852283E0700302F2DE75EB
:1071D0000A00E5082420FAE43509FB741912154C5D
:1071E000E0604514600E14606C2405606824FE6045
:1071F0001602F2F8901A1FE06401700302F2A1E097
:107200006402700B02F2A1901A1FE064016005E0B5
:10721000640270078A828B837401F08E828F83747C
:1072200003F0A3740102F2AA741B12154C12F55854
:107230008E828F8312E4C690169AE08A828B83F046
:1072400090169AE0C0E0E5082421F582E43509F5BE
:1072500083D0E08055E875F009A4F8AAF075F0092C
:10726000E9A42AF974EA28F8740C39F9E8FAE9FB78
:1072700012F53D780C1214D98A828B83780C121186
:107280009D505690837C780C1213A08A828B837851
:107290000C1214BB901A1FE064016005E0640270D8
:1072A0000C8E828F837402F0A314F0804B74111241
:1072B000154CA982AA83890C8A0D750E00780C12D0
:1072C00012147C087D00E5082418FAE43509FB1245
:1072D0001B1774031211F5801F750AA2801A901AE9
:1072E0001FE07014123035E9700E8E828F837403A4
:1072F000F0A37401F0750A00A90A741C02DD387449
:10730000ED120C1D74DF1212A88C088D097EA17479
:107310001412154CE4F0741512154C12E80BEC2401
:1073200006F50AE43509F50BAA0AFB12234BE970AE
:107330000302F5217401121278880C890D780C1261
:1073400012187402121288AA0AAB0B1227C5740213
:107350001211F58A0E8B0FE508240FF50CE43509A0
:10736000F50D74FF650E700474FF650F700302F570
:107370001012F549AAF075F009E9A42AF9747F28DA
:10738000FE741639FF852182852283E0700302F4A2
:1073900017741112154CE0602114600E1460302433
:1073A00005601424FE601002F4A9901A1FE0640125
:1073B000602AE06402602502F49C741312154C12DA
:1073C000F558850C82850D83E8F0A3E902F4A890B6
:1073D0001A1FE064016005E06402700E850C82856E
:1073E0000D837402F0A31402F4A8740912154CA9B9
:1073F00082AA83890C8A0D750E00780C1212147CF7
:10740000087D00E5082418FAE43509FB121B1774FF
:10741000031211F502F4A9850A10850B11751200EB
:1074200078101212147C087D00740C12154CAA827C
:10743000AB83121B1774031211F5741112154C74DF
:10744000FFF0741212154C7401F0121B2FEA540F46
:10745000C0E0741312154CD0E0F0740112154C12F8
:10746000F56F12154C12F561121278880A890B78A3
:107470000A121218750A13750B00780A1212187C7A
:10748000007D00AA0EAB0F121C4F74041211F57C84
:10749000097D007900EEFAEFFB121B23850C828533
:1074A0000D837403F0A37401F0E508240EF582E463
:1074B0003509F58312E4BC12151112F53D12151DA4
:1074C00090837C78081214D98E828F8378081213E7
:1074D000FF8E828F8378081214D990830C780C1257
:1074E00014D97808790C120BAEE50C450D450E4504
:1074F0000F702A8E828F83A3A3A3A3A3A3A3A37435
:1075000001F07A007B049015B0E0F9121B77800D32
:10751000850C82850D837403F0A37401F07E0080D6
:1075200015741412128012236FE964017008741428
:10753000121280122363EEF9742102E922E5082475
:1075400012F582E43509F58322EA24EFF8EB34FEE4
:10755000F9E875F009A4F822E02404F8E43401F90C
:107560002212F5660422E4F0A3F0A3F0A3F02212A5
:10757000F56674052274F4120C1D74CE1212A889DB
:1075800009C2007C0C7D007900AA21AB22121B23CA
:1075900012225BE9F8A2E75002D200750800804D84
:1075A000EE2475FE50010FA821A922880A890B78C4
:1075B0000A1212187C0C7D00EEFAEFFB121C4374C9
:1075C000021211F5E97024A2005020780A12121854
:1075D000750A0C750B00780A1212187C007D00EEFB
:1075E000FAEFFB121C4F74041211F50508AE087F68
:1075F00000903855E493F8EEC39840A47C087D00D1
:1076000079FF740412154CAA82AB83121B23EE245B
:1076100074FE50010FA821A922880A890B780A124A
:1076200012187C0C7D00EEFAEFFB121C4374021260
:1076300011F5E97024A2005020780A121218750A78
:107640000C750B00780A1212187C007D00EEFAEF20
:10765000FB121C4F74041211F57C157D0079007427
:107660001D121280121B23741D121278880A890BB6
:10767000780A1212187C157D007A827B00121C4356
:1076800074021211F5E97026740165097020780AF8
:10769000121218750A15750B00780A1212187C0060
:1076A0007D007A827B00121C4F74041211F57C114C
:1076B0007D007900740C121280121B23740C1212BC
:1076C00078880A890B780A1212187C117D007A3AA0
:1076D0007B00121C4374021211F5E97026740165D7
:1076E000097020780A121218750A11750B00780AB1
:1076F0001212187C007D007A3A7B00121C4F740431
:107700001211F5740C121278880A890B780A121279
:10771000187C117D007A3B7B00121C43740212110D
:10772000F5E97026740165097020780A121218753F
:107730000A11750B00780A1212187C007D007A3B42
:107740007B00121C4F74041211F5743202EC9B740E
:10775000F1120C1D8C088D09743A6A7001EB6006F9
:10776000743B6A4B70157808121218750810750969
:107770000078081212187C0102F7FF74036A700384
:1077800074016B7008750CC1750D37801974686AC7
:107790004B702F901A1FE064016005E06402706B6B
:1077A000750CB1750D37750E80780C1212147C10A3
:1077B0007D00AA08AB09121B1774031211F579009A
:1077C000804B74026A700374016B602174626A4BAF
:1077D000601BEA24FCF8EB34FEF9E849600FEA2468
:1077E000FFF8EB34FDF9C3E812DA92501E78081264
:1077F000121875081075090078081212187C007D9F
:1078000000121C5574041211F58002790A02EB492A
:1078100074F4120C1D74E81212A889097C187D00FA
:107820007900AA21AB22121B23750800E508240168
:10783000FEE43402FFA821A922880A890B780A12E3
:1078400012187C187D00EEFAEFFB121C4374021232
:1078500011F5E97026740165097020780A12121872
:10786000750A18750B00780A1212187C007D00EE5C
:10787000FAEFFB121C4F74041211F50508EEC394C5
:107880000340A9741802EC9B74F7120C1DE9FE1258
:10789000221FEEF912222BEEF912220D02E81674C5
:1078A000EE120C1D7A187B00121BCB8A0E8B0FEA8E
:1078B000450F700302F991750800750900E5087518
:1078C000F009A4F8AAF075F009E509A42AF974648E
:1078D00028F50A741612FA73600302F964E50824A5
:1078E00001FEE5093402FF780E12121875101875A2
:1078F000110078101212187C007D00EEFAEFFB12D6
:107900001C5574041211F5E9705A850A82850B839F
:10791000121511E50E2410F582E4350FF5831215CA
:107920001D850A82850B83A3A3A3A3121511E50E5F
:107930002414F582E4350FF58312151D780E12120A
:1079400018750A18750B00780A1212187C007D0051
:10795000EEFAEFFB121C4F74041211F5850C8285B0
:107960000D83E4F00508E50870020509C39403E5FA
:10797000099400A2D265D033500302F8BD7C187D73
:10798000007900AA0EAB0F121B23AA0EAB0F121B1D
:10799000D17F0A020F2474EE120C1D7A137B0012A1
:1079A0001BCB8A0E8B0FEA450F700302FA70750825
:1079B00000750900E50875F009A4F8AAF075F0094A
:1079C000E509A42AF9747F28F50A741612FA73607F
:1079D0000302FA55E5082411FEE5093401FF780E8B
:1079E00012121875101375110078101212187C00FD
:1079F0007D00EEFAEFFB121C5574041211F5E970CC
:107A000054850A82850B83121511850E82850F839A
:107A100012151D850A82850B83A3A3A3A31215113A
:107A2000850E82850F83A3A3A3A312151D780E12C2
:107A30001218750A13750B00780A1212187C007D53
:107A400000EEFAEFFB121C4F74041211F5850C8244
:107A5000850D83E4F00508E50870020509C3940369
:107A6000E5099400500302F9B4AA0EAB0F121BD122
:107A700002F99139F50BE50A2408F50CE4350BF50C
:107A80000D850C82F583E064012274F6120C1D74DE
:107A9000F81212A89082B9AC21AD22740812113EDE
:107AA000EA4B6006EAFEEBFF800CA821A9228808B9
:107AB0008909AE08AF09EEFCEFFD7A007B0079ABD7
:107AC00012271DEEFCEFFD7AA17B16121CC1750872
:107AD000A17509167808121218750808750900783A
:107AE000081212187C007D007A717B00121C4F7402
:107AF000041211F5740802E83274F6120C1D74DADF
:107B00001212A87C157D0079007411121280121BCC
:107B100023741112127888088909780812121875CE
:107B2000081575090078081212187C007D007A8209
:107B30007B00121C4F74041211F57C117D0079003A
:107B4000AA21AB22121B23A821A92288088909781F
:107B50000812121875081175090078081212187C9D
:107B6000007D007A3A7B00121C4F74041211F5A8B4
:107B700021A9228808890978081212187508117538
:107B8000090078081212187C007D007A3B7B0012F5
:107B90001C4F74041211F5742602E832C082C083AF
:107BA00090154012FBAAF002FCABE4F0A3F0A3F0A6
:107BB000A32274F0120C1D8908EAFEEBFF121C7F51
:107BC000741012154C780C1214D9EA4B600D8A828D
:107BD0008B83A3A3780C1214BB806A7A0D7B0012EE
:107BE0001BCBEA4B605B8A828B83A3A3A3A3A3A3D3
:107BF000A3A3E50812FC4AEEF0A3EFF08A828B8380
:107C0000A3A3780C1214BB8A828B83E4F0A312FC2A
:107C10004AA3A3A312FBABF090153E12FF8C901564
:107C20003E6017E0FCA3E08003E8FCE9FD8C828D58
:107C30008312FF8C70F38C828D83EAF0A3EBF080CB
:107C4000047A007B007F08020F24F08A828B83A3D2
:107C5000A3A3A3A3A322C082C08390153E80048C5B
:107C6000828D83E0FCA3E0FDEC4D60238C828D834C
:107C7000A3A3A3A3A3A3E06A7003A3E06B70E08CAB
:107C8000828D83A3A3A3A3A3A3A3A3E06970D0ECD5
:107C9000FAEDFB8016C082C083EA4B600E8A828BAD
:107CA00083A3A3A3A3A3A3E4F0A3F0D083D0820271
:107CB00011C274F6120C1DAEA8C2AF740A12154C94
:107CC000120FEF121C7974041211F58B09A909EE39
:107CD000A2E792AFEA4960047900800279087F0246
:107CE000020F2474F2120C1DA2AFE433FEC2AF7473
:107CF0000E12154C78081214D97808121210121CA2
:107D00007974041211F5EA4B60128A828B83A3A363
:107D1000A3A3A3A3A3A3A378081214BBEEA2E0928B
:107D2000AFEA4B60047900800279087F06020F24D5
:107D300074F4120C1DA2AFE433F508C2AF121C7F1D
:107D40008A0A8B0BAE0AAF0BEE4F6003121C85E55F
:107D500008A2E092AFEE4F60047900800279067FBE
:107D600004020F2474F2120C1D75080075090075C9
:107D70000A00750B00A2AFE433FEC2AF121C7F8A6B
:107D8000828B83E58245836007A3A378081214D908
:107D9000EEA2E092AFAA08AB09AC0AAD0B808C74DE
:107DA000EA120C1D74FC1212A8852182852283EA36
:107DB000F0A3EBF0A3ECF0A3EDF0A9A8C2AF8521EE
:107DC0008285228378081214D990154078081213FE
:107DD000FFE9A2E792AF90153E12FF8C700302FFFD
:107DE0007C90153EE0FEA3E0FF750C00750D00755C
:107DF0000A00750B00A2AFE433F50EC2AFEE240209
:107E0000F508E43FF509740212154C12FF8C70203E
:107E1000740112154CE07018852182852283E0F8E8
:107E2000850882850983E0C3984005E0C3988039BE
:107E300085088285098378101214D98521828522CC
:107E400083781012147C5018852182852283781043
:107E50001214D98508828509837810121350800A7C
:107E600085088285098312FBAAF0EE2406F514E446
:107E70003FF515EE2404F510E43FF51112FF86706E
:107E80005485108285118312FF8C704EEE2409F503
:107E900012E43FF513851282F583121511E8494A61
:107EA0004B604D851482851583E0FAA3E0FBEA4B15
:107EB000603E8E828F83A3A3A3A3A3A3A3A3E0F911
:107EC000121B77851282851383121511850882850E
:107ED000098312151D12FF86700B85108285118390
:107EE00012FF8C600B85148285158312FF8C702520
:107EF0008E828F83E0F8A3E0F9E50C450D700590C4
:107F0000153E8006850C82850D83E8F0A3E9F08E8E
:107F10000A8F0B80048E0C8F0D8E828F83E0FEA360
:107F2000E0FFE50EA2E092AFE50A450B6047850A47
:107F300082850B83A3A312FF8C7033850A82850B85
:107F400083A3A3A3A312FF8C7024850A82850B83CD
:107F5000A3A3A3A3A3A3E0FAA3E0FB850A82850B56
:107F600083A3A3A3A3A3A3A3A3E0F9121B77AA0A45
:107F7000AB0B121BD1EE4F600302FDEF7404121124
:107F8000F57F0E020F24850882850983E0F8A3E0BF
:107F9000F9E84922C082C08390154012153502FCD1
:107FA000ABC082C0831217157A147B00121BCB90D2
:107FB0000D01EAF0A3EBF07C147D007900121B2385
:107FC0007900122E1F790112288579021217637920
:107FD000031226637904121EAD7905121CE5790699
:107FE0001230B97907121E1779081216EB790912A7
:097FF000172DD083D0820211C2CA
:10800000C082C0831215D79016F47475F0A374263D
:10801000F09016F6747BF0A37426F09016F8748135
:10802000F0A37426F09016FA7487F0A37426F00279
:10803000AE0274F7120C1D9016E6E4F0E99016E516
:10804000F0901A11129ECB12BAF27CB67D167AE924
:108050007B16121CC1901A13E09016F1F09016F2E4
:1080600074A1F0A3741602905174F0120C1DEAFE74
:10807000EBFF548070030281D69016E51290D07009
:10808000030281CFEA241B12A95B707CEA241F1231
:10809000A95B64137002A3E0706E8A828B831282E4
:1080A0003B901704129EDE750A00750B00800D12BE
:1080B0008F2812BAF2121BD1AA0EAB0FEA4B6048FE
:1080C0008A828B83E0650C7004A3E0650D702C8AB6
:1080D000828B83A3A3A3A3E0F50EA3E0F50FE50A2B
:1080E000450B8A828B83A3A3A3A360C312916C85E3
:1080F0000A82850B83A3A3A3A380B78A0A8B0B8A6A
:10810000828B83129EDA80B4E508242A12A95BFCD4
:10811000E5082402F8E43509F9E8FAE9FB901704C8
:10812000128325A3A3E0640270388A828B83129E97
:10813000DE800788828983129168E849601F8882FF
:108140008983E06A7003A3E06B70E888828983A367
:10815000A3E06C70DE901A1912ACBF806BECF912C0
:1081600026B1850882850983E06401704FE5082403
:108170001812822412121C12A47E120FEFE508249A
:108180001212822412121CE5081290C4121218E571
:1081900008240B12A482120FF3E508241712906B27
:1081A000E5082402FCE43509FDE5082419FAE43564
:1081B00009FB1230F5740A1211F5800CE0640270AC
:1081C00007AA08AB091227A1AA08AB09121B3BEEAC
:1081D000FAEF64808044EAA2E050139016FC12A4E7
:1081E000FB600612C23A123127EE6401802A540263
:1081F000600C901AC27401F0EA6402FA8023EA5417
:1082000008601A1226ABEA4B700B90170612B76380
:108210007A08128231EE6408FAEFFB80047A007B60
:108220000002C40FF582E43509F583E0F50A780A07
:1082300022FB9016E5E0F9121C9722A3A3E0F50CAF
:10824000A3E0F50D227B009016E5E0F9121C8B747B
:10825000042274F4120C1D8A088B098A828B83A372
:10826000A3A3129CB212907638F583E02409FA1287
:10827000C38C70030283158A828B837402129D2C37
:10828000850882850983128325E8F0A3E912BFE6F9
:108290008A828B83A3A3A3A3A3A3A3A3F0E50824AB
:1082A00003F8E4350912831A1290763AF583E08ECA
:1082B000828B83A3A3A3A3F0EE2409FAE43FFB8EF1
:1082C000828F83A3A312B191F5838882E0A2E58E09
:1082D000828F83A3A3A3A3A3500474018001E4F0BD
:1082E000E5082403F5828983129EDEEA12A45C3B32
:1082F000F58312AFEA1212141290753B12AF388E4A
:10830000828F83A3A3128B951211F5EEFAEFFB90E7
:1083100016E512C3F48019F8E43FF98882F583E08A
:10832000FAA3E0CA2212A075A3A32274021211F5C7
:108330007F04020F2474F2120C1D8A088B09ECFAD8
:10834000EDFB740E12154CE0FC12160D8A0C8B0D11
:10835000AE0CAF0DEA4F6030AC08AD091215FBE969
:108360006026AC08AD09EEFAEFFB121601E97014B5
:108370008E828F83129214FAEFFB1215F5AA08ABC6
:10838000091216257900800279B4029FC474F01294
:108390000C1D74F61212A8EAFEEBFF8C088D09750D
:1083A0000FB3852182852283E4F0750E00800205DB
:1083B0000E903843E493F8E50EC39840030284B46A
:1083C000AA0E7B001216498A0A8B0BEA4B60E08AE0
:1083D000828B83A3A31284BB28F0F8C3EE98EF949A
:1083E0000050CC7C157D007900AA08AB09121B2334
:1083F000850A82850B83A3A3A3A312C822E0F8EE0B
:10840000C3982925E0F8E433F9E50A28F582E50B5D
:1084100039F583A3A3A3A3A3A3129080A312AAE672
:108420008A0C8B0DAC0CAD0DAA08AB09121CC185D2
:108430000A82850B83A3E06401700A12A47E740192
:1084400012908880447401121288850A82850B83F9
:10845000129EDC121631E9603D740912154CE0C021
:10846000E012A47ED0E0F0740912154CE0640370B1
:10847000137401121288E508240BFAE43509FB1283
:108480001CC18012740112154C12916CE50812AADD
:10849000A0350912BAF0850A82850B8312BCD81266
:1084A0009088A3A3E0C0E0E508241412A482D0E0E1
:1084B000F0750F00A90F740A02C40CA3A3A3E0F87F
:1084C000852182852283E02274F7120C1DE9FE8A41
:1084D000828B83A3A3A3A3A3A3E0540860338A825F
:1084E0008B83A3A3A3A3A3A3E0540260218A828B5E
:1084F00083A3A3A3A3A3A3A3A3A3E06406600F7411
:10850000E96E600A74CD6E600574F06E7003122619
:10851000930298B074F0120C1D74EF1212A8740F2D
:1085200012154C12B637740812154CE9F0ECFEED3A
:10853000FF740512154C12967A12989CA3E0F9125A
:108540001619740612154C12B637740612154C1211
:10855000A4FB70030287CE1290B0E0FA74061215E5
:108560004CE0F912251912882EF8A3E0F9E84970B9
:10857000030287CEEE2403F50AE43FF50BEE240652
:10858000F508E43FF5097C00850882F583129EDE3C
:10859000850A82850B83E0F912161F740312154CAD
:1085A00012B637850A82850B83E0C0E0852182857B
:1085B0002283128827D0E012A614F9852182852211
:1085C00083128F2F12A1511284BEFAA3E0CA24078E
:1085D000F582E43AF583E8F0A3E412B6482406F500
:1085E00082E438F583E412C7EF129CA6121214EE4F
:1085F0001290763F12AF38740312154C129CB224BD
:1086000009128B8F1211F5742912154C12C8181209
:10861000831F12A6273A12BAF0742B12154CE0C031
:10862000E085218285228312A4C4D0E0F074021276
:10863000154CE4F0742512154C78081214D90287F1
:1086400025740312154C12B2498882F583128816DC
:10865000A3A3A312AAF1FB121637850E82850F83FE
:10866000A3EAF0A3EBF0740312154C128827A312AF
:10867000881612AD00A2E6500F850E82850F83A3E7
:10868000A3A3A3A3E0D2E1F0740512154CE0706A35
:10869000850E82850F8312916B901745E0687003F9
:1086A000A3E0697055850E82850F83A3A3A3129062
:1086B00055750C00780C12121C78081212107429CF
:1086C00012154CE0F50C780C12121C742712154C84
:1086D000120FF3901752120FF37900741912154C00
:1086E000129E971227FB740A1211F5850E82850FD0
:1086F00083A3A3A3A3A3E04405F0740212154CE0E6
:1087000004FC8E828F83129ED88E828F83A3A3A3B4
:10871000E0F912161F740312154C12B637740212C8
:10872000154CE004F0740312154C12A4FB6067743E
:108730000212154CE0FA740612154C12916CC3EA41
:1087400098E4995051740212154C128B668521825F
:10875000852283E028F8A3E039F9E8240FF50EE438
:1087600039F50F850E82F583E4F0740312154C126F
:10877000882164016003028641740512154C74015E
:1087800012C3FAF0740312154C12ADF2128B7EE88C
:10879000F0A3E9028665852182852283129EDE127E
:1087A000251F852182852283120FF3742612154C12
:1087B000E0FD742512154CE0FC740A12154CE0F92A
:1087C000EEFAEFFB12268D74021211F580438E82B1
:1087D0008F83A3A3A3E0C0E0740C12154CD0E0F08B
:1087E00012C223E0C0E0740D12154CD0E0F0740604
:1087F00012154C12A4FB7009740E12154C74B9803A
:1088000007740E12154C7410F0740912128012279E
:10881000F5741102C40CE0850E82850F83A3A3A317
:1088200022E012A5E8E022E012A5E8A3A322852118
:1088300082852283EAF0A3EB12A5042274F0120CC5
:108840001D74E01212A8740512154CE9F07404129C
:10885000154CECF0740312154CEDF08A0E8B0F746E
:108860003012154C12823DAA0CFB12250D74011218
:10887000154CE9F0AA0CAB0D122513740212154C1D
:10888000E9F0740112154CE07003028B61852182BE
:10889000852283E480158E828F83A3A3A3A3A3E004
:1088A000D2E3F0852182852283E00412C31DF8857E
:1088B0002182852283E0C3984003028B5874011201
:1088C000154CE07003028B58852182852283128B20
:1088D00066E50C28F8E50D39F9E8240FFEE439FFC8
:1088E0008E82F583A3A3A3A3A3E0A2E040B5C200B8
:1088F0008E828F83E07042129EDD1223CF8B09A9F6
:1089000009EA4960348A828B83A3A3A3A3E06401AC
:10891000600D8A828B83A3A3A3A3E06403701A8EE5
:10892000828F83A3A3A3A3A3E0D2E7F0D2007402B3
:1089300012154CE070030288A3750800750A0875CB
:108940000B00740312154CE060037508207C087D51
:108950000079007406121280121B238E828F83E02E
:108960006040901795E06401701CE508D2E3F508BB
:10897000750B108E828F8312916B740612154C1238
:10898000B17974FF807C43080C750A0C8E828F834A
:10899000A3128B7612BAF2740612154C74FFF0A370
:1089A0008060740512154CE06009E508D2E6F50810
:1089B000750A0A8E828F83A3E064FE7003A3E0F43D
:1089C0007030741312154C740412BCF6F8741E1235
:1089D000154CE8129D2C741312128012237B7D001B
:1089E0007C007900741612154CAA82AB831220C940
:1089F00080118E828F8312916B740612154CE8F0F1
:108A0000A3E9F0740812154CE508F01290A7C0E035
:108A1000740A12154CD0E0F0740B12154C7401F06E
:108A200074061212801227A7741212154CE060030C
:108A3000028B2A740E12154C12A60F8E828F83A3FE
:108A4000A3A3A3F0740E12154C129CF5E50AF0A333
:108A5000E50BF0740412154CE0C0E0129C88D0E0E5
:108A600012AD006011901795E0C0E0740E12154C25
:108A7000129CD0D0E0F0740E12154C12916C850C43
:108A800082850D83A3A3A3A3A3128B6F241C12B60C
:108A90003112C7FF128B7112ACB23912C246C0E05C
:108AA000129C6FD0E012C312C0E0740E12154C126B
:108AB00097B6D0E012C005C0E0740E12154C1297A4
:108AC000ACD0E0F0740E12154C128B76128B6F2422
:108AD0002A12B631850E82850F83A3A3A3A3A3A375
:108AE000A3A3E012B62A129096C0E01297A2D0E09B
:108AF000F0740E12154C129EDE850E82850F8312C5
:108B0000C3282428F582E43B12BAF012909F12AFDA
:108B1000EA12121412AF31EA12B5B23B128B931261
:108B200011F574061212801227AD8E828F83A3A3D3
:108B3000A3A3A3E0D2E0F0741212154CE06003028C
:108B40008896A2005008740212154CE014F07401CB
:108B500012154CE0140288A27900AA0CAB0D122663
:108B600099742002C40CE075F007A4F8A9F022A3C0
:108B7000A3129EE2E822E0128B7EA3A3A322F8A315
:108B8000E0F9850E82850F83A322129CC6242FF55F
:108B900082E438F583129EE2121B1774032274F0EC
:108BA000120C1D74E81212A8E9852182852283F037
:108BB0008A0E8B0F8A828B83A3A3A3A3A3A3A3A351
:108BC000E0F91225378A088B09EA4B7003028C7191
:108BD000E50E12A4741290BF129060852182852246
:108BE00083E06003028C747C04850E82850F83A36E
:108BF000A3A3A3A3A3A3A3E0F912253DEE4F6071A5
:108C00008E828F83129168740712154C12BB0F125B
:108C1000916C740912154C12AFF3C0E07411121567
:108C20004CD0E012BFEBA3129166740F12154C12D8
:108C3000BAF2741212154CE412C402C8241FF58251
:108C4000E438F583128CE4C413135403FC70027CE3
:108C5000048E828F83E0F97808121218742059FD6F
:108C6000744059F9740312128012268D7402121185
:108C7000F502C40A7C08850E82850F83A3A3A3A3F3
:108C8000A3A3A3A3E0F912253D8B0BEA4B700302CB
:108C90008BFCEE4F60DB852182852283E0F50C782A
:108CA0000C12121C850882850983A3A3A3A3A3A386
:108CB000A3E0F50C780C12121C8A828B83A3A3A369
:108CC000E0FB8A82850B8312D0488A82850B83E081
:108CD000FA8E828F83A3A3E0F91230FB7402121183
:108CE000F5028C00E0F812B611E02274F7120C1DA8
:108CF00074FA1212A8E9FE780179017F00800379E5
:108D0000000F12A054E0FCEFC39C5026EF75F00753
:108D1000A4FC85F008AD08EA2CFCEB3DFD12963270
:108D2000E0A2E050DA540C60D6E0A2E250D3780022
:108D300080CF8A828B83A3A3A3A3A3A3E0703DE982
:108D4000A2E0400574016E70338A828B83A3A3A3D3
:108D5000A3A3A3740112903EE0C0E0740312154C6B
:108D6000D0E0129691E0C0E0740412154CD0E0F00F
:108D7000740512154CE812B1E61227F57406029834
:108D8000ADC082C083790112269902AE0274F4123A
:108D90000C1DEA4B901AC26019E4F08A088B09F5A1
:108DA0000AF50B78081212107A021282451211F598
:108DB000800A7401F07A027B0012823202833074DE
:108DC000F0120C1D74F31212A8740312154CE4F087
:108DD000A3F0901704129060740112154CE4F0A3F4
:108DE000129D3104F090173FE0A2E35003028EB2CF
:108DF000129032740912154C12151D740912154C7B
:108E000078081214D9901706780812129074051277
:108E1000154C78081214BB128F35740512154C7856
:108E20000812147C50077A017B00028F237405120C
:108E3000154C780C1214D9901A18E0F509780C79B1
:108E400008120BAEA80CA90D901A19E0C398E4996A
:108E50005003E08001E8852182852283F0740912A5
:108E6000154C78081214D9C008C009C00AC00B7488
:108E70000512154C780C1214D9128F35780C79081C
:108E8000120BAEE4F50AF50BD00FD00ED00DD00CBE
:108E9000780C7908121364901706780C1214BB80B2
:108EA00011128F2812BAF2EEFAEFFB121BD1AE08A4
:108EB000AF09EE4F60658E828F831284BBC39850DA
:108EC0002DEE2403F8E43FF9E0FA88828983E0C3B9
:108ED0009AF06023740312154C12937574011215E5
:108EE0004CEEF0A3EF12B650FEA3E0FF80C48E82DA
:108EF0008F83A3A3A3E4F08E828F8312D4E2740144
:108F000012154C12A4FB8E828F83A3A3A3A360919E
:108F100012BAD712154C128F2F8089740312154C78
:108F2000129EDE740D02C40C12917090170422126E
:108F3000AAB0A3A322901A1712D4EAE4F50AF50BFB
:108F40002274F0120C1D8A088B09890A78007900B6
:108F5000901704129060FBEE4B601E088E828F8388
:108F6000A3A3A3A3129E91601008E87001098E824A
:108F70008F8312905CEA4F70E3901A1A129EDEC340
:108F8000E89AE99B40030290257A06129028A80CE3
:108F9000A90DEA4970030290258A828B83E508F0C7
:108FA000A3E509129047E50AF0901A1912A05C1285
:108FB000903EA3E4F0A3F0901704129E91600D8EF2
:108FC000828F83A3A3A3A312BAF28017901704126F
:108FD000BAF290173FE0A2E34009129032901706D0
:108FE00012151D90173FE0A2E3503A7A087B0090DB
:108FF00016E5E0F9121C9DEA4B4C4D7028901A17AB
:10900000E0F508A3E085080CF50DE4F50EF50F7802
:109010000C1212107A087B009016E5E0F9121C91F0
:1090200074041211F502C40F7B00121BCB8A0C8B47
:109030000D22121CA9EAF8EBF9ECFAEDFB221290D2
:109040004222129047A322F08A828B83A3A322E5B7
:1090500008F00298B012A969A3A3F022A3A3A3A3C6
:10906000E0FEA3E0FF227F05020F24F582E435092C
:10907000F583E0F922EA12907A222410F582E422A4
:1090800012AAC8A3A3A3A32212908C22F0850A825D
:10909000850B83A3A322E50E24111290BCE022E5E8
:1090A0000E240E1290BC22E50E24101290BCE02279
:1090B0001290B422EE12907A3FF58322F582E435C5
:1090C0000FF58322240FF50AE43509F50B780A22FF
:1090D000E0F9121B4D8A088B09EA4B2274F2120C3C
:1090E0001D890B8A088B098A828B83129EDE1226C9
:1090F000BDEA4B600479B8806A1226C9E9F8903855
:1091000046E493F9E8C399400479B280567A15127F
:109110009028AE0CAF0DEA4F7004791080458A821A
:109120008B83E4F0A3129047E50BF0750A007808F2
:109130001212147C127D00EA240312C2E41211F50B
:1091400090170A12A4FB700890170A800C12916CF9
:109150008882898312917A70F4EEF0A3EFF01226E0
:10916000DB7900029FC4A3A3A3A3A3A3129170223F
:1091700012917422E0F8A3E0F922129EE2EA4B88F1
:1091800082898322C082C08390170A80048C828DDA
:109190008312D049EC4D60288C828D83A3A3E069B3
:1091A000600574FF6970E68C828D83A3A3A3E06AD7
:1091B0007003A3E06B70D6EC2403FAE43DFB80045B
:1091C0007A007B0002AE0274F7120C1DE9FD74FEFA
:1091D0006D70047C0180027C0090170A80096D701C
:1091E000027C018882898312A4FB601F88828983A4
:1091F000A3A3A3E06A7003A3E06B70E7ECA2E0888E
:10920000828983A3A3E050D6F9800279FE0298B048
:10921000EEF9800CA3A312D4EAEE2274021211F527
:109220007F02020F241291748E828F8322C082C02B
:1092300083790090170A800109E0FAA3E08A82F599
:1092400083E582458370F102AE0274F6120C1DE4D0
:10925000F508F5097808121218903846E49375F06D
:1092600013A4A9F012936A12C8431211F5E9FE740F
:10927000096E70031226D502921074F6120C1D743A
:10928000FE1212A8852182852283E4F0A3F0A82192
:10929000A922880889097808121218750802750928
:1092A00000780812121812C4AC1211F502921B7445
:1092B000F5120C1D74EB1212A8852182852283E41D
:1092C000F0A3F090170A80748E828F83A3A3E0C06E
:1092D000E0740212154CD0E012A9B0A982AA8389C9
:1092E000088A09750A0078081212147C127D00742D
:1092F0000612154C12C8081211F574021212788861
:109300000889097808121218750813750900780879
:10931000121218740412154C12A4AD75F013A4F8AF
:10932000AAF075F013E912936612C4B41211F58510
:1093300021828522831293758E828F83129060EE34
:109340004F7085A821A92288088909780812121867
:10935000750802750900780812121812C4AC1211AF
:10936000F5741502C906A42AF9E82402FCE439FDC3
:109370007A427B0022E02401F0A3E03400F0227462
:10938000F4120C1D74EB1212A87E007F00A821A914
:10939000228808890978081212187508028E09783F
:1093A000081212187C007D007A4212C84F1211F583
:1093B000E9706C8E0880567402121278880A890B44
:1093C000780A121218750A13750B00780A1212180F
:1093D000E50875F013A4F8AAF075F013E5091293E7
:1093E0006612C8511211F5E9701B740312154CAACC
:1093F00082AB83740212154CE0F91226B7E97005AE
:109400000EEE70010F0508E508700205098521823E
:1094100085228312916CC3E50898E509994098EE7E
:10942000FAEFFB741502832D74F6120C1D8C828DDD
:1094300083A3A312967FF0EA12B5B83BF583E0C090
:10944000E012963CD0E0F012960F12916C1296202A
:1094500012967AF0A3F0EA241FF582E43BF583121A
:109460009060EC1296093DF583EEF0A3EFF01296B2
:10947000193BF58312964AA3A3A3A3A3A3EEF0A3DB
:10948000EF12B16AFE8C828D8312968974035EFEA0
:10949000C3940340030295FCEE600874026E6003FF
:1094A0000295298C828D83E0540CFE740C6E70033F
:1094B000029566E0A2E4400D88828983E08C828D6B
:1094C00083A312969F74086E600302956612962A13
:1094D0007401F08A828B83A3A3A3A3A312A976703D
:1094E000148C828D83E0440C129691A3A312964AA9
:1094F000EEF0A3EFF08C828D83E0A2E4402B888213
:1095000012965812966D500109F582129658A3A32F
:10951000A3A3A3A3F0A3EF1296998C828D83A3A398
:10952000A3F0E82403F850010988828983E0C0E0B1
:10953000EC12C2113DF583D0E01296898C828D83A6
:10954000E0A2E7507588828983E0FE8C828D8312C9
:10955000969F74FC5E700C8C828D83A3E054036430
:1095600003701E0295FC12962AE4F0740C6E6003E0
:109570000294D3888212965E12966D50010902946D
:10958000F58C828D83A3E05403603288828983E066
:10959000C0E0EC1296443DF583D0E01296A08C8298
:1095A0008D83E054036402701488828983E0C0E0F4
:1095B000129632D0E01296A08003A3E4F0EC12A43D
:1095C0005C3D12BAF0EC2410FEE43DFF12960FE071
:1095D000F5088E828F83E0C3982508F508F0EA2409
:1095E00017F8E43BF98882F583E0C39508C0E012E0
:1095F0009620D0E012B16AC39508500A129620E472
:10960000F012963CE4F00292202415F582E422EA5E
:10961000241DF582E43BF58322EA240DF582E42241
:10962000EC240DF582E43DF58322EC12A6273DF5EE
:109630008322EC2414F582E43DF58322EC12907A27
:109640003DF583222413F582E422E0FEA3E0FF8CA3
:10965000828D83A3A3A3A32212965EA3A322898350
:10966000E0F508A3E0FFE5088C828D8322A3A3A385
:10967000A3F0A3EFF0E82402F82212967FA322E4DD
:10968000F08C828D83A3A3A3221296A7A882A9831C
:1096900022129042A3A3A3A3221296A7A3E022A37F
:1096A0001296A708A9832212B173A32274F4120C94
:1096B0001D74F31212A88A0A8B0BECFEEDFF8C824C
:1096C000F583E0540CF508E0A2E75006E508D2E780
:1096D000F508E508D2E1F50812A9767006E508D28A
:1096E000E4F508E0A2E55006E508D2E5F5087C08B7
:1096F0007D007900AA21AB22121B23740212154CA3
:10970000E50812C7EAC0E0740312154CD0E0129DC0
:1097100031E50AF0A3E50BF0740512154C12C00AEE
:1097200012154CE07077740812154C129CB212B1ED
:10973000583812C02FC0E0740812154C1297B6D0DA
:10974000E012C005C0E0740812154C1297ACD0E0CE
:10975000F0740812154C1297C2E0129CDA12AFF79F
:1097600012B62AEE241112A946C0E01297A2D0E048
:10977000F0EE241412A946C0E0740812154C129C95
:10978000B22435F582E438F583D0E0129CFFC0E0C6
:10979000740812154C129CB6D0E012BCE8740D028D
:1097A000832DE82432F582E439F58322129CC61217
:1097B000C20338F58322129CC62426F582E438F5CC
:1097C0008322129225A3A3A3A3A3A32274F7120CAE
:1097D0001D7E008A828B83A3A3A3A3A3A3A3A3A319
:1097E000E06404600302988C12A61FE060030298F4
:1097F0008C12A4733B12A4F9700302988C8882899E
:1098000083E05403600302988CE812A62739F5839D
:10981000E0FA8C828D83A3A3E0FBA3E0CB12C211FC
:109820003BF583E06A706588828983A3A3A3A3A321
:10983000A3A3A3A3129890E06A7003A3E06B704CFB
:1098400088828983A3A312989CE0FFA3E0CF24061B
:1098500012A9466A7003A3E06B703188828983A3E2
:10986000A3E0F88C828D83A3A3E0F9A3E0F58389BC
:1098700082A3A3E06860138C828D83A3A3A3E0F589
:10988000838982E0540C640470027E01EEF980202A
:1098900012989422129EE68C828D8322A3A31298A2
:1098A00094A3A322740C12154CE0F9740D1211F557
:1098B0007F01020F2474F6120C1D74FC1212A8EA28
:1098C000FEEBFFECFAEDFB8C82F583A3E054036022
:1098D0001690170012A4FB60597900EEFCEFFD1200
:1098E000C23A123127804B852182852283EEF0A374
:1098F000EFF0740212154C129D21AC21AD227AF3C7
:109900007B2612296F8A088B09A808A909EA4960F1
:10991000218A828B83A3A3A3A3A3A3A3A3A37406D7
:10992000F07A0088828B83129CB212B5D9E0F912CA
:10993000289D740402921D74F2120C1D74F312120D
:10994000A8EAFEEBFF8A82F583A3A3A3A3A3A3A3A4
:10995000A3A3A3E0F50A901AC2E0700579BA029CAD
:109960006C750801750900750C00750D007C087D8B
:10997000007900AA21AB22121B23740512154C7426
:1099800001129D3954046012740212154CE0D2E6A3
:10999000129D3954087003750803E0541060067472
:1099A000404508F508E054086022740212154CE0A6
:1099B00044C0129D395420600A740312154CE0D241
:1099C000E08008740312154CE0D2E1F0EE24151289
:1099D000A946129C9A7003740169700674084508C0
:1099E000F5088E828F83A3A3A3A3A3A3A3A3E070F0
:1099F000161229E185218285228312B6377402125C
:109A0000154CE0D2E2802C640F7010740212154CD9
:109A1000129D4174044508F508807B8E828F83A3D4
:109A2000A3A3A3A3A3A3A3E064028E828F837006E3
:109A300012AFDAF08060A3A3A3A3A3A3A3A3E0645F
:109A400003700DAC21AD22EEFAEFFB122729804600
:109A50008E828F83A3A3A3A3A3A3A3A3E064017017
:109A600035901795E06010740212154C129D4175E7
:109A70000910750AFF8018740212154CE0440C128C
:109A80009D3174FDF0A374FFF074044508F5088E51
:109A9000828F8312823DEE241512A946A2E0503F28
:109AA000740212154CE0540C701B8E828F83129E30
:109AB000DE1221E3E9700579BB029C6C7402121579
:109AC0004CE0D2E5F0EE241512A946A2E050107445
:109AD0000212154CE0540C64047004E0D2E5F0EE80
:109AE000241112A946C0E0740412154CD0E012C033
:109AF0000C12154CE06003029C65740812154C12A0
:109B00009CF5E508F0A3E509F0129C90E0C0E01296
:109B10009C88D0E0F0129C79E0C0E0740812154CEB
:109B2000129CB212964438F583D0E012AFF764016C
:109B30007011901795E0C0E0740812154C129CD07B
:109B4000D0E0F0740812154C129CF0129C83FAE8D5
:109B5000241CF582E439F583EA129D2CEE2415FAD3
:109B6000E43FFB8A82F58312D049E812ACB239F5A2
:109B700083129D21EE241C12A946C0E0129C6FD0D6
:109B8000E012ADF8129C9A700374016970137408A6
:109B900012154C12A60FFAEE241D12A946F9122531
:109BA000438E828F83A3A3A3A3A3A3A3A3A3E0C0F5
:109BB000E0740812154C1297B6D0E0F07408121534
:109BC0004C1297ACE50AF0740812154C12A4AD249F
:109BD00028F582E439F583E50CF0A3E50D129D0725
:109BE000129CDA12A9C512B62AEE129C83C0E0E8D4
:109BF0002433F582E439F583D0E0F0EE241B12A97A
:109C000046C0E0740812154C129CB6D0E0F0EE2469
:109C10001A12A946C0E0740812154C129CB22432E4
:109C2000F582E438F583D0E0129CFF129CA6121254
:109C30001412C20912D049740B12154C128B8A12DD
:109C400011F5EE241512A946544060129017201207
:109C5000A4FB600AAA21AB2212C23A123127AA2120
:109C6000AB221227AD740C12154CE0F9029FBFE82D
:109C70002420F582E439F58322EE2419F582E43FAD
:109C8000F5832212C21CE022E812B15C39F583226E
:109C9000EE2418F582E43FF583225480F8A3E054C3
:109CA00001F974806822F508A3E0F509750A0078C7
:109CB0000822129CC622129CC62434F582E438F590
:109CC0008322A3A3A3A3129CCA22E0F8A3E0C82284
:109CD000129CC612960938F58322FAA3E0FBE82409
:109CE0002AF582E439F583EAF0A3EB22A3A3A3A328
:109CF000129170EE2212A4B112A47839F58322F0E9
:109D0000EE241312A9CD22F0EE240D12A9CD22E0EB
:109D1000FC8A828B83E02CFCA3E03400FD8A828BDA
:109D200083ECF0A3EDF02212A4DA7404F0A3E4F0C3
:109D300022F085218285228322F0EE241512A9CDFE
:109D400022E0D2E3F0129D49228E828F8312C82036
:109D5000E8F0A3E9F02274F7120C1D8A828B83A32A
:109D6000E0640170047E6380027E648A828B83E0FB
:109D700060087905129D8A24F3FE90173DE0600784
:109D8000F9129D8A24F2FE02988C12286DE9F8EEF1
:109D9000C3982274F6120C1D74FE1212A88521823B
:109DA00085228312B637E9FEECFAEDFB900412121D
:109DB000A4FB6032A821A922880889097808121218
:109DC000187D01740E12154CE0FCEEF9900412128D
:109DD000B60B12312774021211F5EA4B60047900B8
:109DE000800679B2800279B602921B74F7120C1DBC
:109DF000E9FE9016F412A4FB601F740912154CE0E2
:109E0000F508780812121CEEF99016F412B60B122F
:109E1000312774011211F5800279B60298B074F7F7
:109E2000120C1D8908ECFEEDFF79B5E508245F6092
:109E30000C14603414601624F8604880519016E7C2
:109E400012916C8C828D83E8F0A3E9801890041441
:109E5000129E916039E0F5838A821231278E828FBB
:109E600083EAF0A3EBF080249016F612D049EC4D73
:109E7000601CEEFCEFFD9016F612B60B123127E9CE
:109E8000F9800B9016F2129E97121CC1790002986D
:109E9000B0129EE2EA4B2212D04DEEFAEFFB227492
:109EA000F7120C1DE979B5245F600624F6600E8078
:109EB000178C828D83129ECB12BAF280099016F213
:109EC000129EDE121CC179000298B0129170901699
:109ED000E7228E828F83A3A3A3A3A3A3A3A3129E8F
:109EE000E222129EE622E0FAA3E0FB2274F1120CB9
:109EF0001DEAFEEBFF8C0A8D0B750801901745E0FB
:109F00006E7003A3E06F700C129FB3AA0AAB0B1222
:109F10001CC1805E1229E7EE6A7002EF6B7009AA1D
:109F20000AAB0B1229ED804AAC0AAD0BEEFAEFFB3F
:109F3000122357E9F508901A1FE07036123035E900
:109F40007030E508702C901714E06E7003A3E06F7A
:109F50007020EE4F601C750C0C750D17750E007897
:109F60000C1212147C087D00AA0AAB0B12C80C124A
:109F700011F5A90802D14574F2120C1DEAFEEBFF9F
:109F80008C088D09750A01129FB3EEFAEFFB121CC3
:109F9000BBE96401700B90174512AAC412BAF28093
:109FA0000EAC08AD09EEFAEFFB12235DE9F50AA944
:109FB0000A80111229DB8A0C8B0DAC0CAD0D2274BA
:109FC0000D1211F57F06020F2474F6120C1DEAFE25
:109FD000EBFF7A0D7B00121BCBEA4B6062EE242470
:109FE00012C4E1F0EE242512C4E1A312A08112C430
:109FF000E7A3A312C23E12A05CF0EE12A04212A090
:10A0000071E8F0A3E912A09812A06912BAF2EE1258
:10A01000A04B12C308A3A3A3A3F0EE243312A946B6
:10A02000C0E012A054D0E012C03312A069A3A3A3D1
:10A03000E8F0A3E912A090C0E012A61FD0E0F00261
:10A040009220242AF582E43FF58322242EF582E42F
:10A050003FF58322EA12AAA03BF5832212A06022D8
:10A06000E08A828B83A3A3A32212C356A3A3A3A334
:10A070002212A075221291748A828B83A3A3A3A3B8
:10A0800022F012A08622EE2426F582E43FF58322F8
:10A09000F0EE243212A9CD22F0EE242C12A9CD220A
:10A0A00074F4120C1D74FE1212A8ECFEEDFFEC24E9
:10A0B0001612A94664057010EC2406FCE43FFD125C
:10A0C0002723E9700302A14CAC21AD2212C59612E0
:10A0D00021E985218285228312A4FB606B8E828F09
:10A0E00083E064017058E875F009A4F8AAF075F0EF
:10A0F00009E9A42AF9745F28F8740439F9E8FAE93F
:10A10000FB8882F58378081214D9EE12A1EE12149E
:10A110007C4027852182852283129CF012A954124B
:10A12000A15178081214D990837C78081213A08A60
:10A13000828B8378081214BB800A79A28010EE24E7
:10A140000F12BAEC7900800679A1800279C80283E7
:10A150002B129D50EE12C2282274F2120C1D8A0C92
:10A160008B0DECFEEDFFEC12A954E4F0A3F090830C
:10A170005478081214D9EC12A1EE1213136067EC94
:10A18000240E12A94D703478B390173CE0702890DB
:10A19000176EE064017020EC241112A946F9122810
:10A1A000558B09A909EE12A4743F12B635EA49602D
:10A1B000047800800278A18808802EE060046402A0
:10A1C000700A122735E9F5087007801DE0640370F6
:10A1D00010EEFCEFFDAA0CAB0D122213E9F508807E
:10A1E000087508A180037508A3A908029FC412C2BC
:10A1F0002878082274F0120C1D74F51212A8EAFED9
:10A20000EBFFEA240AFCE43F8C82F58312D4E612C9
:10A21000A48A74031212888A828B8312B41DE97097
:10A220000302A2DD7401121288740312128012213B
:10A23000E9740112154C12A4FB700302A2DDE8754B
:10A24000F009A4F8AAF075F009E9A42AF9745B28CA
:10A25000FC740439FDE508240E12A482E4F0041213
:10A26000154C12916CE50812A474350912BAF08CE1
:10A27000828D83121511E508241212A48212151D75
:10A2800090837C78081214D98C828D8378081213FD
:10A29000FF8C828D83780C1214D99083FC7808127D
:10A2A00014D9780C7908120BAEE5084509450A4522
:10A2B0000B702A740112154C12A4AD75F009A4F8A4
:10A2C000AAF075F009E9A42AF9746328F5827404E8
:10A2D00039F5837401F07A007B0812A4A48E828F72
:10A2E00083A3A3A3A3A3A3A3A3A3A3E02406FCA3E4
:10A2F000E03400FD8E828F8312B41D12C017603EC1
:10A30000EE240A12A466129CF57468129D2CE812C1
:10A31000A45C39F5837402F09017261215118C8213
:10A320008D8312B62412B1583CF58312151D90830B
:10A330007C78081214D990172678081213FF12A4FB
:10A34000E670609016F212A498A3A3A3A3A3A3A3FC
:10A35000A3A3A3E0240612AABD121CBBE97010122D
:10A36000B14C9016F212B162700512C01760348EB3
:10A37000828F83A3A3A3A3A3A3A3A3A3A312A4989D
:10A38000129EDE122219E960118E828F83A3A3A38D
:10A39000A3A3A312A4D2E4F0A3F08E828F8312A40D
:10A3A000BAE4F012A4E6600302A4578E828F83A35E
:10A3B000A3A3A3A3A312D4E290173CE0600302A4DA
:10A3C0004C90176EE06401600302A44C750A3A7564
:10A3D0000B00780A1212187402121278880A890B7C
:10A3E000780A12121812CAE11211F5E9705BE50839
:10A3F000240E12A482740112A500C0E0E508241105
:10A4000012A482D0E0F0E508240F12A482743A125C
:10A410009D2C901722121511E508241212A4821205
:10A42000151D90837C78081214D990172278081291
:10A4300013FF90837C78081214D9901722780812A1
:10A440001313700812A4A0800312A48A12A4E67049
:10A450000612AF2374A1F0740B02C40C12A4602284
:10A46000240EF582E422F8E43FF9E8FCE9FD888255
:10A47000F58322EA12A47822240FF582E422E5086B
:10A480002413F582E43509F58322E50812A4783512
:10A4900009F583E4F0A3F02212D04D8E828F83223F
:10A4A0007A007B029015B0E0F9121B772212A4B15A
:10A4B00022129174E8228A828B83A3A3A3A3A3A36D
:10A4C000A3A3A3A312A4C822129CCA12A46038F5A5
:10A4D0008322A3A3A3A312A4DA22129CCA240FF5F9
:10A4E00082E438F583228E828F83A3A3A3A3A3A340
:10A4F000129CC2240FF582E438F58312A4B14922DC
:10A5000012A50422F0852182852283E02274F612AE
:10A510000C1DEAFEEBFF7A237B00121BCBEE240A14
:10A52000F508E43FF50985088212B6357C237D00E5
:10A530007900121B2385088285098312A4FB70030E
:10A5400002A5CEEEFAEFFB12274112A4E660748E4C
:10A55000828F8312A60564018E828F83A3A3A3A397
:10A56000A3A3700712A5FB740E802112A4FB701028
:10A5700012C017700B8E828F83A3A3E0A2E0500756
:10A5800012A5F1740D800512A5F1740512C03354A3
:10A59000036401700712A5D57405800B90173DE088
:10A5A000C0E012A5D5D0E012A614F583888212A9C6
:10A5B0006F850882850983129CB212B5B838F5837D
:10A5C000E9800E85088285098312B6BE800312B524
:10A5D000E0F00292208E828F83A3A3A3A3A3A3A360
:10A5E000A3A3A312A5E722E0F8A3E0F5838882A342
:10A5F000228E828F83A3A3A3A3A3A3129CC212B50E
:10A60000BE38F58322A3A3A3A3A3A3A3A3A3A3124A
:10A61000A4C8E02212A6182212C5C8F8A3E022EAB4
:10A6200012A6273BF58322240CF582E42274F11252
:10A630000C1D74E41212A88A0C8B0D8C088D097AFB
:10A64000237B00121BCB8A0A8B0BAE0AAF0BEA4F9F
:10A65000700302A92E12B5C4E508241512A95B687F
:10A660007003A3E0698E828F837004740280027489
:10A6700001F0E508240DF8E43509F98882F583E056
:10A68000FAC3E49AFA95E0FBE508240E12A95B2AC6
:10A69000FAA3E03BFB8E828F83A3A3A3A312B18412
:10A6A0008E828F83A3A3F0EE2420F582E43FF5830E
:10A6B000E4F0EE2421F582E43FF583E4F0EEFAEFD6
:10A6C000FB12281F85088285098312A97670098EDE
:10A6D000828F83A37405800690173D12A964F0EE63
:10A6E0002417F50AE43FF50B8E828F8312A96FE9D8
:10A6F000850A82850B83F0EE2416F8E43FF9E5081D
:10A70000240EFAE43509FB88828983129D0FE5083F
:10A710002410FAE43509FB850A82850B83E0FC8866
:10A72000828983E0F88A828B83E0C398C39CF81205
:10A73000A9B0F0EEFCEFFDAA0CAB0D12273BE9F53A
:10A740000B8E828F83E06402700612B14C12A9381E
:10A75000E50B600302A925750C00750D00901A1F0A
:10A76000E064016005E06402703F12A94A6008EEEF
:10A77000242112A94D70328E828F83A3A3A312B518
:10A78000E612A97CEE241612A94612A9A5FAE4390C
:10A79000FB12902AEA4B601112AFE212121412A9B6
:10A7A0008AAA0C12C80C1211F5EEFAEFFB12282B34
:10A7B000E9F50B901A1FE064016008E06402600391
:10A7C00002A918E9700302A918E50C450D700302EF
:10A7D000A9258003850E0B12A94A600BEE242112D5
:10A7E000A94D600302A91E850B0E850C08850D0975
:10A7F000750A00780812121412A98A8E828F83A318
:10A80000A3A3A3128B951211F5EE242012A9466082
:10A810000D12A9537468129D2CEE24208015EE248D
:10A820002112A946601512A9537403F0A37401F014
:10A83000EE2421F582E43FF583E4F0EEFAEFFB121B
:10A84000282BE9F50B70907C137D007900740912B8
:10A850001280121B23741A12154C740112A9C564BC
:10A86000687002A3E0704F8E828F8312A4D2E064DE
:10A8700005600302A7D47C0879FF8E828F83A3A38F
:10A88000A3A3E0242A12AABD121BADE9700302A7FC
:10A89000D47C087D0079FF7401121280121B23748E
:10A8A000011212887A007B0079AB12271D741912ED
:10A8B000154C74FC801512A953E064037004A3E0E6
:10A8C00064017008741912154C74FFF0E4F508F572
:10A8D0000978081212187402121288741312154C97
:10A8E000AA82AB8312B7441211F585218285228397
:10A8F000E0602B740912127888088909780812120E
:10A900001875081375090078081212187C007D006C
:10A9100012C4B41211F58006E50C450D6007AA0CAF
:10A92000AB0D121BD1EEFAEFFB121BD18003750B9E
:10A9300010A90B741C02D142EE2406FAE43FFB126C
:10A940001CC122EE240C12A9CD22EE242012A9CD86
:10A95000640122EE12A4783FF58322F582E43509E2
:10A96000F583E02212A969A322E08E828F8322A3BD
:10A97000E0F912286D22E0540364012212A980221A
:10A98000E0FAE82AF8E43400F9228E828F83A3A348
:10A99000A312B5EA12A980EE241612A9CD12A9A518
:10A9A000FCE439FD22FAE82AF8E439F9E824042223
:10A9B00012A9B42212A9B82212A9BC22F08E828F49
:10A9C00083A3A3A322F012A9CA22EE240FF582E4E6
:10A9D0003FF583E02279010211C274F4120C1DEAE2
:10A9E000FEEBFF8A82F583A3A3A3A3A3A3A3A312D1
:10A9F0009CB22424F582E438F58312A976702E8A5D
:10AA0000828B8312A605702512AAD2E06405701D00
:10AA100012AAD2A3E0F87401686005740668700792
:10AA200012A4B67402800512A4B67403F0EA240AD4
:10AA300012B6B212B60BE4F0EA24081283172431DE
:10AA4000F582E43AF583E0C0E012AAA6D0E012AAAB
:10AA5000F1CA242EF582E43AF583E0C0E012AAA6FA
:10AA6000A3D0E012B23BC812AAA038F58312AAC440
:10AA700012B5F312AAE68A0A8B0BAC0AAD0B850855
:10AA800082850983E0240612AABD121CC1850882B2
:10AA9000850983129EDE12282B12B6ADF002833098
:10AAA000240BF582E42285088285098312AAB0224C
:10AAB00012B5FBA3A322EE12BCCDE02412FAA3E050
:10AAC0003400FB2212AAC8221291748508828509DB
:10AAD00083228A828B83A3A3A3A3A3A3A3A312BFCE
:10AAE000FEF583888222A3A3A3A3129D501229DB23
:10AAF0002212B16EFAA3E02202A9D5C082C08390CF
:10AB000017167447F0A37427F09017187453F0A326
:10AB10007427F090171A7459F0A37427F090171C3B
:10AB2000744DF0A37427F002AE0274F4120C1DEA07
:10AB30002408FEE43BFF8E82F58312A4AD12B5D04B
:10AB4000E0F50874035508F50912B198F8A3E088F8
:10AB500082F583E508F0A3A882A983E5096009745A
:10AB6000026509600302AC17740C5508FC600A7496
:10AB7000086C600574046C7026740265097006E543
:10AB800008A2E4401A8A828B83A3A3A3A3A3A3A34E
:10AB9000A312AD1D12C2033D12ACB8A308A9837461
:10ABA0000C6C701C12AD19242812AD072428F582F4
:10ABB000E43DF583A312BE3AF0E82402F8500109FF
:10ABC000740265097006E508A2E4404B12AD192431
:10ABD0002A12AD07242AF582E43DF583A312ACC7FF
:10ABE00012AD2312BE3A12AD23A312ACBFE8240467
:10ABF000F8500109EC600F74086C600A740C6C600A
:10AC00000574046C701112B6182426F582E43C1207
:10AC1000ACB8A3A882A9838A828B83A3A3A3A3A38E
:10AC2000A3A3A312ACE754037014E508A2E1400EFD
:10AC300012B61812ACB23CF583E05480600812AC36
:10AC4000CD12ACBA80199016E6E0C0E012ACCDD0BF
:10AC5000E012ACFA8882898312ACFA0412B173A3B1
:10AC6000A882A983E508A2E750458E828F8312ACA3
:10AC7000E78882898312AD0012ACEC540360301275
:10AC8000B6182434F582E43C12BE38F0E508A2E19F
:10AC9000501D8A828B83A3A3A3A3A3A3A3A3128380
:10ACA0001F2435F582E43A12BE38A3F0E8240302EB
:10ACB0008330241EF582E422F58312ACC7F0221201
:10ACC000ACC7A3A3A3F022E088828983228A828B67
:10ACD00083A3A3A3A3A3A3A3A3E0FCA3E0CC243258
:10ACE000F582E43CF58322E012ACEC22FCA3E0CC3C
:10ACF0002425F582E43CF583E022F09016E6E0227C
:10AD0000F08E828F83E022F582E43DF58312ACC79A
:10AD100012AD1422F012AD19228E828F83E0FDA3B2
:10AD2000E0CD22A312AD14242CF582E43DF583225C
:10AD3000C082C0838A828B8312ADF2FC74035CF9FB
:10AD40008A828B83A3A37401F0E9600574026970A1
:10AD500061740C5CF8600A740868600574046870BB
:10AD6000137402697005ECA2E440098A828B83A304
:10AD7000A37402F0740C68700A8A828B83A3A3E028
:10AD80002402F07402697005ECA2E440258A828BEB
:10AD900083A3A3E02404F0E8600F740868600A74D9
:10ADA0000C68600574046870098A828B83A3A3E031
:10ADB00004F0ECA2E7502A8A828B83A3A3E004125A
:10ADC000ADF8128828E0540360178A828B83A3A30E
:10ADD000E004F0ECA2E150098A828B83A3A3E00493
:10ADE000F08A828B83A3A3E004F0801685218285FC
:10ADF000228312A5E7A3E022F08A828B83E022124D
:10AE000011F5D083D0820211C2C082C0838A828BA6
:10AE100083A3A3A3A3A3A3A3A3A3A312A4FB600937
:10AE20008A828B83A3A312AE2B80D7A3A3A3A3A351
:10AE3000A3A3A312AE3722129EE6121BD12274F2F4
:10AE4000120C1D74F31212A8EAFEEBFF740C12151B
:10AE50004C7401F012B69B12A4FB600612B60412E9
:10AE6000312712A943600302AEF37C087D0079000C
:10AE7000AA21AB22121B23740212154C740112AFCB
:10AE80003F12C81812AFF3F8A3E0C812961A38F5AB
:10AE900083E02409C0E0740412154CD0E0F074057E
:10AEA00012154C12C00A12154CE0704774081215A6
:10AEB0004C12BADD740E12AF3F12D047850C82855A
:10AEC0000D83A3AA82AB83121CC1129ED212A0547E
:10AED00012AFEA1212141296193B12AF38E50C2485
:10AEE00009FAE4350DFB12C80C1211F5AA21AB22A8
:10AEF0001227AD8E828F83A3A3A3A3A3A3A3A31220
:10AF0000A4FB60078E828F8312AE2BEEFAEFFB124A
:10AF10002771740C12154CE0C0E012AF23D0E0F0A2
:10AF2000029FBF12AF2722EE240CF582E43FF58387
:10AF300022E50E12907A350FF583E0FC7D00221297
:10AF4000BCFA12B6102274F5120C1D74F31212A87A
:10AF5000EAFEEBFF7C087D007900AA21AB2212BA41
:10AF6000B4A3A3A3A312AFDA12B650C0E0740412C4
:10AF7000154CD0E0F0740212154C740112AFF7C0FA
:10AF8000E0740512154CD0E012B63D6401700974EE
:10AF90000212154CE0D2E5F0AA21AB221227A774C9
:10AFA0000C12154CE070278E828F8312AFE81212BC
:10AFB000148E828F83A3A3A3A312AF3A740B12152E
:10AFC0004C128B8A1211F5AA21AB221227AD740CF8
:10AFD00012154CE0F9740D02C90612C81CE8F0A362
:10AFE000E9228E828F83A3A3A3A312D4EA750A0059
:10AFF000780822E8F0A3E912BB29E02274F6120CCB
:10B000001D74F21212A8EAFEEBFF8A82F58312C8C1
:10B010001212BAF2EA12BCC912B5F3A3E0C0E0748E
:10B020000212154CD0E012B25312B242740412153F
:10B030004C12BAF2740212154CE06404700F12AA9A
:10B04000B6740612154C12B184241A8032E06401E1
:10B050006005E064067036EE240212831712B158C0
:10B060003AF583E0C0E0740312154CD0E012B16AE7
:10B07000241312AABD740612154C12B184241B129B
:10B08000B242740812154CE8F0A3E9802774061246
:10B09000154CE4F0A3F012AAB6740812154C12B1C4
:10B0A00091C8241AF582E438F583E0C0E0740A12EE
:10B0B000154CD0E0F0740612154C12A4FB601F74FE
:10B0C0000612154C129EDE12234BE96401700F121A
:10B0D000B14C740612154C12B16264017009AA21B8
:10B0E000AB221228018060AA21AB221221EFE96471
:10B0F000017054740C121288740612154C129EDEE4
:10B10000122729E96401703F740C12154C1297C282
:10B1100012B179A3A3E4F09016BEE0601512B41347
:10B1200070108E828F83A3A3A3A3A3A3A3A37401F0
:10B13000800D8E828F83A3A3A3A3A3A3A3A3E4F074
:10B14000EEFAEFFB12277D740E02921D1229DB8AA4
:10B15000088B09AC08AD092212B15C222412F582D9
:10B16000E422129EE2121CBBE92212B16E2212B13D
:10B1700073E022F08882898322129D508E828F8311
:10B18000A3A3A32212B18822EAF0A3EB12B173E0C9
:10B190002212B188F8A3E02212C091E022C082C03E
:10B1A0008374FC1212A812B1EC240112B242740290
:10B1B00012154CE8F0A3E912B1E612280774040254
:10B1C000ADFFC082C08374FD1212A812B1EC1288C8
:10B1D00022C0E0740212154CD0E012B1E612280D24
:10B1E000740302ADFFE4F0AA21AB22228A828B8392
:10B1F000A3A3A3A3A3A3129D4D8A828B83A3A3E041
:10B2000022C082C08374FA1212A88A828B8312C869
:10B210001212B265C0E0740212154CD0E012B23BBB
:10B22000F5838882A3A3E0C0E0740512154CD0E03A
:10B2300012B1E6122813740602ADFF12B16EF8A324
:10B24000E022F8A3E03400F922E02402F8A3E0347D
:10B2500000F92212B16E240222E8F0A3E9F0EA24F8
:10B2600002F8E43B2212B259F98882F58312B5F74D
:10B27000A3E02274F4120C1D74FB1212A8EAFEEB78
:10B28000FF8A82F58312B351601624FE601824FEF3
:10B29000601A24FB601C24FE700302B34002B34317
:10B2A00012278302B34312278902B34312278F0266
:10B2B000B3438A828B83A3A3A3E08882F583E582CC
:10B2C0002409F508E43583F5097403121288A3AA4A
:10B2D00082AB83122729E964017068852182852267
:10B2E00083743612B65024F7C0E0740112154CD0A6
:10B2F000E0F0740212154C12B1E51224418A0A8B57
:10B300000BAE0AAF0BEA4F603A740312154CE01211
:10B31000C3E512C5C4C0E0EA12B348D0E0F0750A34
:10B320000078081212141296193F12AF38EA12BAB6
:10B33000BA128B931211F5EEFAEFFB12243B800345
:10B34000122795740502832D2424F582E43FF583AA
:10B350002212B40724FB2274F6120C1D74E412129C
:10B36000A8EAFEEBFF74011212888A828B83A3A3E2
:10B37000A3A3A3A312B41D74091212788808890923
:10B3800078081212187402121288740312128012B2
:10B39000B7441211F5852182852283E06034741A46
:10B3A00012154CE06004640170289016C0E0702211
:10B3B0008E828F83A3A3A3A3A3E070168E828F83B4
:10B3C00012B40160378E828F83A3A3128CE66407C8
:10B3D000602A8E828F83A3A3A3A3A3A3A3A3E07059
:10B3E0000E12B41360097A347B01122003800DEE33
:10B3F000FAEFFB90171E12B60B123127741C029243
:10B400001D12B407640622A3A3E0F8A3E0F5838825
:10B4100082E0228E828F8312B407640522129EE29C
:10B420001227232274F4120C1D74FA1212A8EAFED9
:10B43000EBFF12882E2408F582E43B12B643240A5F
:10B44000F582E43812B64312B5D912B1E512276B72
:10B4500012ADECF50812B5C485218285228312B5A0
:10B46000F3E0687003A3E069602EE508A2E55028C8
:10B47000852182852283A3E0FB90171612B60B125A
:10B480003127852182852283129CB2240A12A4F5D9
:10B49000700612ADECC2E5F012A943600302B5AD2F
:10B4A000740312154C7436F0740212154C12B5E682
:10B4B000A3A3E028C0E0740412154CD0E012B63DFE
:10B4C000C0E0740512154CD0E012BB22F8A3E0F9DD
:10B4D000E849601BE812B5B839F583E0FAE812B51F
:10B4E000BE39F583E02AF8740412154CE028F07494
:10B4F000031212801224418A088B09A808A909EABC
:10B5000049700302B5A28E828F83129EDE888289E3
:10B5100083A3A312B637E812B1583912C02FC0E086
:10B52000E812B5D0D0E012C005C0E0E82425F582CD
:10B53000E439F583D0E012B650C0E0E8242EF5825D
:10B54000E439F583D0E0F0740212154CE0FA12B140
:10B55000982AFCA3E03400FDE812B5B239F5831255
:10B560009D21E82431F582E439F583EA12BB22FA01
:10B57000A3E0FBEA4B6019E8242FFAE439FB8E8242
:10B580008F83A3A312B61C12B5BE3CF583129D0F88
:10B590008E828F83A3A3A3A3A3A3A3A3E8F0A3E90D
:10B5A000800AEEFAEFFB12277112B5E0F074060282
:10B5B000832D242FF582E4222417F582E422241619
:10B5C000F582E4221229E18A0A8B0BA80AA90B2230
:10B5D0002424F582E439F5832212A62738F5832244
:10B5E00012AF2774102212B5EA22E0F88E828F8300
:10B5F000A3A32212B5F72212B5FB22E0FAA3E0F5CD
:10B60000838A8222EEFAEFFB901718E012B610221E
:10B61000F8A3E0F5838882228A828B83A3A3A3A365
:10B62000A3A3A3A3E0FCA3E0CC22FAA3E0FBE824BD
:10B630002CF582E439F583EAF0A3EBF02212B6553B
:10B64000A3E022F583E4F0A312A504F8A3E0C82246
:10B6500012B655E02212A9B8A32274F6120C1DEA04
:10B66000FEEBFFEA12A944702812B69B12A4FB60FD
:10B670000612B60412312712A943700B129ED21281
:10B68000243B12B6AD8009EE240812B6B212B6BE43
:10B69000F0EEFAEFFB1227710292201227658E82DC
:10B6A0008F83A3A3A3A3A3A3A3A3A3A32212AF2720
:10B6B000E922F508E43FF509850882F5832212AEF8
:10B6C00037850882850983E4F0A32274F4120C1DE7
:10B6D0008A088B09ECFEEDFF12B5C4EE241512A901
:10B6E00046687003A3E069600EAA08AB091221E363
:10B6F000E9700479018011EEFCEFFDAA08AB099016
:10B70000171C12B60B12312702833074F7120C1D6E
:10B71000EA4B701F7E007F0012B74A50247C107DD8
:10B7200000EE2404FAEF3401FB121C5B0EEE70E80D
:10B730000F80E57C107D008A828B8312B75A121C21
:10B740005B0298B01227C574022290383EE493F849
:10B75000740193F9C3EE98EF9922E02404FAE434DB
:10B7600001FB22E4F0A3F0A3F0A3F02274F1120C89
:10B770001D74DF1212A8EAFEEBFF740D12154C12B5
:10B78000BAF612128012BAB4E06404600302B83050
:10B79000740512154C7422F0740D12154CE0600300
:10B7A00002BA8812BAD312154C12BB0912154C7486
:10B7B0000112BB22C0E0740612154CD0E0F012BAA0
:10B7C000B9F58312916C740712154C12BB0FA3A329
:10B7D000A3E064017009740312154CE0D2E5F07423
:10B7E000011212801227A7740D12154CE06003029B
:10B7F000BA88740912154C12BADD740512C033856B
:10B800000C82850D83A312B650F8A3E0F9E84970C5
:10B810000302B8E512AFE21212147C107D00E50CB1
:10B820002402FAE4350DFB12C80C1211F502B8F728
:10B830008E828F83A3A3E06401600B8E828F83A32B
:10B84000A3E064067074901A1FE07064123035E94A
:10B8500070278E828F83A3A312AFE61212147C0886
:10B860007D007A0C7B1712C80C1211F58E828F8323
:10B8700012916C90171412BAF29019FDE0640270E4
:10B880002F740E1212788808890978081212187419
:10B890000212128812C01C1211F5741E12154CE00F
:10B8A0007009852182852283E0700579B102BAAFE3
:10B8B000740512154C742302B7978E828F83A3A34D
:10B8C000E06402600B8E828F83A3A3E06403700A9E
:10B8D000740512154C741B02B797740D12154C7435
:10B8E000B3F002BA887C107D007900E50C2402FADE
:10B8F000E4350DFB121B23E50C2412F50C50020558
:10B900000D8E828F83A3A3E06401600B8E828F83F0
:10B91000A3A3E06406700E8E828F8312BABFA38544
:10B92000820C85830D8E828F83A3A3A3A312D0479D
:10B93000AA0CAB0D122345E50C2408F50C500205AA
:10B940000D8E828F83A3A3E0640460168E828F83A2
:10B95000A3A3E06401600B8E828F83A3A3E064063F
:10B96000700FAC0CAD0D7A007B0079AB12271780FD
:10B970000C8E828F83A3A3A3A3A312BABF8E828F40
:10B980008312BACB6008740912154C129D27740DEE
:10B9900012154CE0600302BA888E828F83A3A3E065
:10B9A0006404600302BA6E740E1212788808890962
:10B9B0007808121218740212128812C01C1211F5A3
:10B9C0008A088B09852182852283E0700D74FF6AC5
:10B9D000700374FF6B700302BA8812BAB912A4F92B
:10B9E000600A740112128012277780087401121203
:10B9F000801227AD8E828F83A3A3A3A312823B75EF
:10BA00000E00780C1212147C087D00741912154C6B
:10BA100012C8081211F5741E12154CE0700C742037
:10BA200012154CAA82AB831227B9741E12154C74DE
:10BA300001F0741F12154CE4F0741212154C12BA76
:10BA4000FE12154C12BAFE121278880A890B780A77
:10BA5000121218750A13750B00780A1212187C005E
:10BA60007D00AA08AB0912C4B41211F5801A12BAEB
:10BA7000B912A4F9600A74011212801227778008A3
:10BA800074011212801227AD901A1FE0701A123042
:10BA900035E970147C087D0079007A0C7B17121B45
:10BAA00023901714E4F0A3F0740D12154CE0F97410
:10BAB0002102D14212BE2FA322EE12AAA03F22A33E
:10BAC000A3A3E0850C82850D83F022129EE2122A48
:10BAD00077E9228E828F8312917074012212BFD770
:10BAE000F50CA3E0F50D850C82F58322F582E43F89
:10BAF000F583129D5022E4F07C08FDF90422E4F065
:10BB0000A3F0A3F0A3F0740E22129D50740322E858
:10BB1000F0A3E912BB172212BB1B2212A9BCA3A3DC
:10BB2000A32212BB29A3A3E02212BB1BA3A322744E
:10BB3000F0120C1D74ED1212A88A0E8B0F8C0A8D58
:10BB40000B7EFF7FFF8C828D83E4F0EC4D6004EA76
:10BB50004B70077AFF7BFF02BC0E75080075090069
:10BB6000802474FF6E700374FF6F701274081215D6
:10BB70004CAA82AB83122BBBE9700312BC130508DD
:10BB8000E50870020509903838E493F8740193F9D8
:10BB9000C3E50898E509995071A821A922880C8964
:10BBA0000D780C121218750C13750D00780C12120A
:10BBB000187C007D00E5082411FAE5093401FB1228
:10BBC000C8511211F5AC0EAD0F740812154CAA82B3
:10BBD000AB83121CBBE964017088850A82850B83E4
:10BBE0007401F0742312154C129E91601AA821A9B9
:10BBF00022880C890D750E00780C1212147C137DAE
:10BC00000012C80C1211F512BC13EEFAEFFB7413FC
:10BC100002C40CE5082411FEE5093401FF2274F684
:10BC2000120C1D74F31212A812BD6612154C740C7E
:10BC3000F0740512154C740112BCFF6009740212F5
:10BC4000154C74218007740212154C740112C00C3B
:10BC500012154CE07056740812154C12BFD3F5083B
:10BC6000A3E0F509850882F583740612B650FCA39B
:10BC7000E0FD850882850983A3AA82AB83121CC1DB
:10BC8000EE12BCC912BCD8A312BCF185088285098A
:10BC900083A3A3A3A3A3A3A3A3A3A312BCF6C0E05F
:10BCA000E508240B12A482D0E012BCE88E828F83B8
:10BCB000A3A3A3A3A3A3E0700479008007740C12CC
:10BCC000154CE0F9740D02921D12BCCD222402F82D
:10BCD000E43FF98882F58322E0850882850983A301
:10BCE000A3A3A3A3A3A3A322F0AA21AB221227AD4F
:10BCF000221296A7E02212BCFA2212BB1BE02212EB
:10BD0000BB17A3E02274F7120C1D74F31212A812D1
:10BD1000BD6612154C7409F0740512154C740112AD
:10BD2000B65064017009740212154C7421800774B6
:10BD30000212154C740112C00C12154CE0702474E0
:10BD40000812154C12BFF5740712C033FCA3E0FDB6
:10BD500088828983A3AA82AB83121CC1AA21AB2249
:10BD60001227AD0298A4EAFEEBFF7C087D00790063
:10BD7000AA21AB22121B23129D4974042274F712CC
:10BD80000C1D74F31212A8EAFEEBFF740C12154C92
:10BD9000E4F07C08FDF9AA21AB2212BE2FE0640179
:10BDA000600A8E828F83A3E06404706674041215A7
:10BDB0004C7402F0740C12154CE070538E828F8319
:10BDC000E0852182852283129D2C740212154C7409
:10BDD00021F0740512154C12C00A12154CE0702F98
:10BDE000740812154C12BFF5740812C857AA82AB1A
:10BDF0008312BE3A12ADF86402700D12D043E824EB
:10BE000002FAE439FB121CC1AA21AB221227AD02AF
:10BE100098A48E828F83A3E06402700974041215C3
:10BE20004C740A808E740C12154C74B3F080E012BE
:10BE30001B238E828F83A322F58312ACC7A32274A7
:10BE4000F4120C1D74B61212A88A088B098A828B10
:10BE500083A3A3E06404600302BFCC901A1FE070C8
:10BE60000302BFCC12C017600302BFCC740F1212C2
:10BE7000887A007B0079AB122717850882850983B1
:10BE800012D049740F121280122351E9700302BFBD
:10BE9000CC7437121278880A890B780A1212187437
:10BEA0000212128885088285098312C0261211F5B4
:10BEB000852182852283E0700302BFCC744712156E
:10BEC0004CE06401600302BFCC7427121278880A28
:10BED000890B780A121218750A10750B00780A126D
:10BEE00012187C007D007A027B0112C8511211F5F4
:10BEF000740112154C7403F07417121278880A89B1
:10BF00000B780A1212187429121278880A890B7891
:10BF10000A1212187C087D00740512128012C7E400
:10BF20001211F5740E12154CE4F07C08FDF9740240
:10BF3000121280121B23740212154CE4F0A3F07449
:10BF40000412154C7401F0740712154C7401F0744E
:10BF50000612154C741AF074021212801227A7747C
:10BF60000E12154CE07065740A12154C12BFD3FE08
:10BF7000A3E0FF8E82F583740F12BFE68E828F835B
:10BF800012C8621212147C087D0074121212801200
:10BF9000C80C1211F5740F121288EE240212A93B7C
:10BFA00074171212788808890978081212147C1004
:10BFB0007D00EE240A12C2E41211F57402121280FE
:10BFC0001227AD740E12154CE0F9800279C2744A42
:10BFD00002832D12BFD72212BFDB22129CCA12B5D8
:10BFE000B238F583E02212BFEBE022F085088285AB
:10BFF0000983A3A32212BFFEF98882F5832212BF10
:10C00000DBF8A3E02212A9B4E0227401F0AA21AB6C
:10C01000221227A7740C221227E9E9228E828F832D
:10C02000A3A3A3A3A3A3129EE21227C5740222F521
:10C0300083740112C0372212C85BA3E022C082C001
:10C040008312C04E749BF0A37427F002AE02122735
:10C050005F90171E22C082C0837C0879FF9016F281
:10C06000129EDE121BAD02AE0274F7120C1DE9FE29
:10C0700012A4733B12A4F9601588828983A3E0544B
:10C0800003700BEEFB12C09112C0C612C09B029847
:10C09000B0E8240BF582E439F58322E0F91231018E
:10C0A00022C082C083EAF8EBF98A82F583A3A3A3B6
:10C0B000A3A3E0FB8A828983A3A3A3A312C0C6A380
:10C0C00012C09B02AE02E0FA88828983A3A3227485
:10C0D000F0120C1D8A0C8B0D8C0E8D0F890B12909B
:10C0E0007512C7FA2430FA12C2EE700302C1FF8A39
:10C0F000828B837401F0850C08850D09750A007820
:10C10000081212147C177D00EA241912C2E41211DD
:10C11000F5850E08850F0978081212147C097D0038
:10C12000EE240212C2E41211F5741012154C129C86
:10C13000F0240B12BAEC741212154C12C22FC0E08C
:10C1400012A953D0E0129699C0E012C209D0E012B1
:10C15000BCF1C0E01290B0D0E0F0741412154CE0C5
:10C16000C0E012C223D0E012C23EE4F0A3F0741586
:10C1700012154C121511EE1296443FF58312151D3F
:10C1800012C217E50B12C30DA3A3129CEC240D12CF
:10C19000BAEC741912154CE0C0E0129C90D0E01279
:10C1A000C82CE06029EE2430FAE43FFB12C2023FC3
:10C1B00012C246F508A3E0F5097808121214E50C3E
:10C1C000129076350D12AF3812C80C1211F5EE240C
:10C1D0001A12A9465403601D90170212A4FB600CAA
:10C1E000EEFAEFFB12C23A1231278013EEFAEFFBA0
:10C1F000121B3B800AEEFAEFFB9016E512C3F40225
:10C20000C40FEE2427F582E422EE12C2113FF5831B
:10C21000222411F582E422EE12C21C2212B5B83F8C
:10C22000F58322EE12C2282212B15C3FF58322125E
:10C2300091708882F583E022EEF912B61222F01294
:10C24000C2023FF58322F583EAF0A3EBF0E50C246C
:10C250000E12C835E02274F2120C1D8A0C8B0D7A76
:10C260002012C2EE606C8A828B83740412C33F1268
:10C27000C30812C3128A828B83A3A3A3A3A312C3EE
:10C280000D12AFEA1212147C107D00EA240612C2CD
:10C29000E41211F5850C82850D83A3A3A3A3A3A3A8
:10C2A00012D047EE2416FAE43FFB122345850C8298
:10C2B000850D83A3A3A3A3A3A3A3A3A3A3E0C0E08B
:10C2C00012C2D5D0E012C31DC0E012C2FED0E012EF
:10C2D000C331029FC4EE12ACB23FF583227C087DCD
:10C2E00000EA2404FAE43FFB121B177403227B00CC
:10C2F000121B358A088B09AE08AF09EA4F22EE24DB
:10C300001FF582E43FF5832212A060A32212C31717
:10C31000A32212C317E02212D4CBA3A322F0E50C70
:10C3200012AAA012C838E022A3A3A3A3129170EA14
:10C3300022F0EEFAEFFB9015B0E0F9121B4122F06B
:10C34000850C82850D83E012C356129D50850C82A8
:10C35000850D83A3A322F8A3E0F98A828B83A3A38C
:10C360002274F4120C1D8A088B097A0C12C38C609B
:10C37000188A828B83740612C39C129CA612121414
:10C3800012C2DD1211F512C3ED0283307B00121BC5
:10C39000358A0A8B0BAE0AAF0BEA4F2212A618F9A8
:10C3A0008A828B83A3A3129D50850882850983A36B
:10C3B000A3E02274F6120C1DEAFEEBFF7A057B0067
:10C3C000121B35EA4B601B8A828B83740812AD0006
:10C3D00012C3E512C0338A828B83A3A3A3A3F012F6
:10C3E000C3F102922012C356E8F0A3E922EEFAEF5D
:10C3F000FB9015B0E0F9121B4122F0850E82850FEB
:10C40000832212C3FAE0F8A3E02274181211F57F18
:10C4100008020F2474F6120C1D74EC1212A8EAFE26
:10C42000EBFF8A82F58312BACB707C12C0176002D0
:10C4300080758E828F83A3A3E070658E828F83A325
:10C44000A3A3A3A3E06404705774011212788808B0
:10C450008909780812121874021212889016F212C2
:10C46000C0261211F5852182852283E06032741185
:10C4700012154CE06401702812C4BA121218750823
:10C480000175090078081212187C107D007A117B62
:10C490000112C4B41211F5790012308F7A018002B2
:10C4A0007A007901123071741402921D7C007D00B3
:10C4B0007A427B00121C4F7404227402F0858208B9
:10C4C000858309780822C082C08390172C745BF0A2
:10C4D000A37428F090172E744FF0A37428F002AEC6
:10C4E00002F582E43FF583E08A828B832274F512A1
:10C4F0000C1D12C5A5850882F583E054078A828B3E
:10C5000083A312C5C4131313541F5403C0E0EA12CB
:10C51000C59ED0E012C5C4C4135407F50A7904A31C
:10C52000AA82AB83121B29EAF8EBF9ECFAEDFB12B5
:10C53000C22312151D12C58E7405F0E50AA2E05043
:10C5400017E5082405FCE43509FD12A938EE241688
:10C5500012A9462408F0800C7C087D00790012C5E1
:10C5600096121B23EE240E12A94D701FEE2416F80E
:10C57000E43FF98882F583E0FAE5082A12A95BC056
:10C58000E012C209D0E012B16A04F002C909EE1249
:10C59000B5BE3FF58322EE2406FAE43FFB2212A447
:10C5A000603FF58322EAFEEBFF8A82F583A3A3E0D6
:10C5B000F88A828B83A3A3A3A3E028F508A3E03421
:10C5C00000F5092212C5C822F0850882850983E09A
:10C5D0002274F2120C1D8A0A8B0BEA241612C65919
:10C5E000640D70047E0180027E008A828B8312C5F6
:10C5F000ADEEC43354E0F9EA12C67133333354F864
:10C60000F88A828B83A3E04849850882850983F0F4
:10C61000A3858208858309EA12C67A120FEFAA0859
:10C62000AB0912CADB1211F58A088B09EEA2E050A1
:10C6300016E50A2406FCE4350BFD121CC1E50824AE
:10C6400008F50850020509E50A12C6716401700672
:10C65000E50A12C662F0029FC4F582E4350BF58349
:10C66000E02212C211350BF583E08508828509832B
:10C670002212A460350BF583E02212B15C350BF574
:10C68000832274F4120C1D74C71212A812C5A58A55
:10C69000828B83E07005122825800CA3E0F88508C2
:10C6A00082850983E048F012C223120FEF74301222
:10C6B0001288850882850983E0F912C596122849F7
:10C6C00074041211F58E828F83A3A3E0C0E074017D
:10C6D00012154CD0E0F0EE241612A946C0E0740208
:10C6E00012154CD0E012C005C0E0740312154CD0F6
:10C6F000E012C7EAC0E0740412154CD0E012A9C5DC
:10C7000064017004A3E064017018740C121288EEC6
:10C71000242212A946F9EE2418FAE43FFB1221D193
:10C72000800E740C12128812A953129EDE1222255A
:10C73000740C121278740A12154CE8F0A3E9129DD9
:10C740003174FF12C7EF640270098521828522834C
:10C75000E4800DE0640370418521828522837402A8
:10C76000F0741C121278880A890B780A1212187455
:10C770000E121278880A890B780A1212187C087D2A
:10C7800000740412128012C7E41211F5741C121204
:10C7900078740A12154C12BAF28E828F83A3A3A367
:10C7A000A3120FF3742E12128874031212808E8259
:10C7B0008F83E0F912286174021211F5E9FE8508F1
:10C7C0008285098312CE70741C121280121B237C86
:10C7D000107D007900740C121280121B23EEF97484
:10C7E0003902832D12287374042212C85BE022F0F0
:10C7F000EE240E12A9CD22F582E412C838E022E51B
:10C800000C12A62712C83822AA82AB83121B1774F7
:10C810000322A3A3A3A3A3A312C81C2212C82022ED
:10C82000E0F8A3E0F985218285228322F0E50C243B
:10C830001012C83522F582E4350DF58322122879CD
:10C84000740422121C437402227C007D007A3A7B1D
:10C8500000121C5574042212C85B22F08E828F8352
:10C86000A322A3F01229DB8A088B09750A00780835
:10C870002274F4120C1D8A088B097808121218759C
:10C880000A11750B00780A12121812C8491211F514
:10C89000E97010901722121511E508241112A482D4
:10C8A00012151D02833074F5120C1D74EF1212A8BC
:10C8B000E9852182852283F08A088B09750A007830
:10C8C000081212147C107D00740412154C12C80852
:10C8D0001211F5A821A922880889097808121218CE
:10C8E00075081175090078081212187C007D007A0D
:10C8F0003B12C4B21211F57C117D007900AA21AB64
:10C9000022121B2374111211F57F03020F2474F0FD
:10C91000120C1D74EB1212A8E9FE7A1112CA3170C2
:10C920000302CA2C7808121218750A11750B0078C8
:10C930000A1212187C007D007A3B12C84F1211F5C2
:10C94000E9600302CA18850882850983E06E6003E6
:10C9500002CA187A117B00121BCB8A0A8B0BEA4B96
:10C96000700302CA18780A121218750C11750D009E
:10C97000780C12121812C8491211F5E9600302CAA4
:10C98000047808121218780C1212187C007D007AB4
:10C990003A12C4B21211F590176E7401F09083C46C
:10C9A000780C1214D9901722780C12147C4006903F
:10C9B000172212B76385080C85090D750E00780CD7
:10C9C0001212147C117D00740312128012C80C1212
:10C9D00011F5901722121511741112154C12151D14
:10C9E000A821A922880C890D780C121218750C1533
:10C9F000750D00780C1212187C007D007A8212C42A
:10CA0000B21211F57C117D007900AA0AAB0B121B42
:10CA100023AA0AAB0B121BD17C117D007900AA0856
:10CA2000AB09121B23AA08AB09121BD1741502C44F
:10CA30000C7B00121BCB8A088B09EA4B2274F31281
:10CA40000C1D74FF1212A88A098B08EBC43354E042
:10CA5000F8EA33333354F849488C828D83F0A3AE1F
:10CA600082AF83740E12154C120FEFEEFAEF12CA5A
:10CA7000DA1211F58A0A8B0BAE0AAF0BE5086019C2
:10CA80001229DB8A0A8B0BAC0AAD0BEEFAEFFB1214
:10CA90001CC1EE2408FE50010F7401650970337546
:10CAA0000A3A750B00780A1212187402121278886A
:10CAB0000A890B780A12121812CAE11211F5E970EC
:10CAC0000B85218285228312A96980058E828F833E
:10CAD000E4F074011211F5029066FB121BA17404BC
:10CAE000227C017D007A007B00122BC17404227429
:10CAF000F7120C1D8908ECFEEDFFEAFCEBFDEEFAE7
:10CB0000EFFB121CC1740912154C120FEFEE240832
:10CB1000FAE43F12CADA1211F58A828B8302904F2F
:10CB2000E9F874020458F97402B900028004C333AE
:10CB3000D9FC541CF90211C274F4120C1D74FE12BB
:10CB400012A88908750A3A750B00780A121218742F
:10CB500003121278880A890B780A12121812CAE195
:10CB60001211F5E97056740112154CE06508604425
:10CB7000750A3B750B00780A1212187402121278AB
:10CB8000880A890B780A12121812CAE11211F5E903
:10CB9000702E852182852283E06508701FE0F8747D
:10CBA0000112154CE0C398500F852182852283E045
:10CBB000F912283D7E3A80067E3B80027E007F008F
:10CBC000EEFAEFFB02832B74F0120C1D74D21212DA
:10CBD000A8740312154CE9F0740112154C12B63703
:10CBE000EC852182852283F0740412154CEDF074DB
:10CBF0000612154C740E12A500C0E0740512154CF7
:10CC0000D0E0F0740412154CE0C0E0740712154C2B
:10CC1000D0E0F090173DE0C0E0740812154CD0E071
:10CC2000F0740912154C7401F0740312154CE06095
:10CC30000302CD0475083A750900780812121874B9
:10CC4000121212788808890978081212187C1112B9
:10CC5000CAE31211F5E9600302CCF8741112154C05
:10CC6000A882A983740E12154C12BAF2901722787A
:10CC7000081214D985080C85090D850A0E850B0F3D
:10CC800090837C780C1213A0901722780C1214BB9E
:10CC90007808121210740412154CE0F8740512157D
:10CCA0004CE028FCA3E03400FD7B017A01740C12F7
:10CCB000154CE0F912284374041211F512B14C74AA
:10CCC00021121280121CC190172A12937590172AF4
:10CCD000128F38903830780812138C401590837C6E
:10CCE00078081214D99017227808121313600302DF
:10CCF000CD8712A4A002CD87740E12154CE4F0A3C8
:10CD0000F002CD87852182852283E0F87401121517
:10CD10004CE02812B242E812961A39F583E0F91273
:10CD200028558A08A808743A684B600302CDD97563
:10CD3000083A7509007808121218741212127888CD
:10CD400008890978081212187C1112CAE31211F529
:10CD5000E9700302CE09740E12154CE4F0A312A57B
:10CD600000F8740112154C12CE67740812154CE0CD
:10CD7000F88E828F83E048F0EE2405FCE43FFD74DA
:10CD800021121280121CC1852182852283E0F87451
:10CD90000112154C12CE678E82F583A3A982AA8355
:10CDA00089088A09750A0078081212147C047D002B
:10CDB000742C12154C12C8081211F58E828F83E064
:10CDC000C0E0742D12154CD0E0F0740E12154C1208
:10CDD000A4FB704A79A102CE62743B684B600302E7
:10CDE000CD5675083B750900780812121874121296
:10CDF00012788808890978081212187C1112CAE37F
:10CE00001211F5E9600302CD56741112154CA88277
:10CE1000A983740E12154CE8F0A3E902CD5E7401EB
:10CE200012154C120FF37423121288740712128019
:10CE3000740512154CE0F912286174021211F5E91B
:10CE4000FE852182852283E0F8740112154C12D5EB
:10CE50000D12CE70741112154CAA82AB83121B23D3
:10CE6000EEF9742E02C40CE028FEA3E03400FF2289
:10CE7000E054F8F07C107D0079002274F0120C1D53
:10CE800074E81212A8740312154CE9F07404121518
:10CE90004C129D21EAFEEBFF7508007509008A829D
:10CEA000F583A3A3A3A3A3A3A3A3A312BAD7121585
:10CEB0004C12BAF2740112154C129EDE122C0F9015
:10CEC00017E67415F0A3742C12C7EAF88E828F83CC
:10CED000E028F50BA3A3A3E0C394048E828F83A361
:10CEE000A3E05009250BF50B750A008002F50A8EA8
:10CEF000828F83A3A312A96FE9852182852283F003
:10CF0000742812154CE0F50EA3E0F50FAA0AA80B41
:10CF1000E50E28F8E4350FF9E82AF8E439F9740643
:10CF200012154C12BB0912154C12A964A3A360037D
:10CF300002CFC8E0C39404400375090174081212BB
:10CF400078880C890D780C121218740312154C1283
:10CF50000FF3E50BF50C750D00780C121218780E16
:10CF6000121218EAF50C780C12121812D0341212A0
:10CF7000187B02741012154C12D049740C12154C07
:10CF8000E0FAA909122C33740C1211F5E9F96003C7
:10CF900002D0317800852182852283E0FAE8C39AA5
:10CFA000400302D031E8FA740812154C12D14AE05D
:10CFB000C0E0740612154CE02AFCA3E034008C8219
:10CFC000F583D0E0F00880CDE0C3940440037508F9
:10CFD000017408121278880C890D780C12121874DA
:10CFE0000312154C120FF3E50BF50C750D00780CC0
:10CFF000121218780E121218740812154CE0FAE585
:10D000000A2AF50CE43400F50D780C12121812D02F
:10D01000341212187B02741012154C12D049740C81
:10D0200012154CE0FAA908122C39740C1211F5E90A
:10D03000F902C40AA80BE50E28F50AE4350FF50B32
:10D04000780A228E828F83A3A312D04D22E0FCA304
:10D05000E0FD2274F7120C1DE9FE90172C12A4FBC0
:10D06000600812C238123127800279010298B07428
:10D07000F7120C1DE9FE90172E12A4FB600812C2D5
:10D0800038123127800279000298B074F1120C1D19
:10D0900074E01212A87800742F12154C129060EEF2
:10D0A0002812A9466436C0E0852182852283E58264
:10D0B00028F582E43583F583D0E012D52840E0746A
:10D0C0003112154C12D51F1212188C0A8D0B780ACA
:10D0D000121218EAFCEBFD7901740412128012C8D6
:10D0E0003D1211F585080C85090D750E00780C129E
:10D0F00012147C107D00741312128012C80C1211CD
:10D10000F57800E8FAEE2A12A946645CC0E08521B1
:10D110008285228312D14AD0E012D52840E57808D2
:10D120001212187508807509007808121218741404
:10D130001212887901740412128012C83D1211F57E
:10D1400074201211F57F07020F2412D14E22E582BE
:10D150002AF582E43583F5832274F0120C1D74DF06
:10D160001212A8E9852182852283F08A0C8B0D8C0E
:10D170000E8D0F743112154C12D4E6740378081218
:10D1800014ACAA08740478081214ACAE08AF09EA0B
:10D19000540FF50B7C107D007900743312154C127E
:10D1A000D4F2852182852283E06060743312154CAD
:10D1B00012AFEA1212147C107D0074041212801255
:10D1C000C80C1211F5850C08850D09780812121487
:10D1D0007C107D00743612154C128B951211F5746B
:10D1E0003312154C12D51912128012D4D4E8FAE574
:10D1F0000C2A12C7F7FC743312154C12D52540EDDA
:10D20000743112154CE02480129378850E0C850F32
:10D210000DEEF8EFF9E824FF1EE934FFFFE849605E
:10D2200066743312154C12AFEA1212147C107D0092
:10D23000740412128012C80C1211F5850C08850DA9
:10D240000978081212147C107D00743612154C12E5
:10D250008B951211F5743312154C12D519121280D8
:10D2600012D4D4850C82850D83E0FCE8FA74331265
:10D27000154C12D52F12D4CB85820C85830D08E86E
:10D28000C39410508C80DCE50B600302D32174330F
:10D2900012154C12AFEA1212147C107D00740412A5
:10D2A000128012C80C1211F57C0E7D0079007433C7
:10D2B00012154C12D4F2743312154C12B60B748042
:10D2C000F0743112154CA3E0C0E0743312154C1207
:10D2D000A4C4D0E0F0743112154CE0C0E0743312F5
:10D2E000154C12A4D6D0E0F078081212147C107DF0
:10D2F00000741412128012C80C1211F57433121536
:10D300004C12D51912128012D4D4E8FA74111215E5
:10D310004C12D4DA12154C12D525400302D4C68023
:10D32000E9C3940E7433500302D42912154C12AF82
:10D33000EA1212147C107D00740412128012C80CC0
:10D340001211F57C107D007900743312154C12D443
:10D35000FD121214AC0B7D00743612154C128B9515
:10D360001211F5A80B743312154C12D50678081259
:10D3700012147C107D00741412128012C80C121149
:10D38000F5743312154C12D51912128012D4D4E848
:10D39000FA741112154C12D4DA12154C12D525401C
:10D3A000EE743312154C12D51F1212147C107D002E
:10D3B000740412128012C80C1211F57C0E7D0079D3
:10D3C00000743312154C12D4F2743112154CA3E0D0
:10D3D000C0E0743312154C12A4C4D0E0F0743112C2
:10D3E000154CE0C0E0743312154C12A4D6D0E0F016
:10D3F00078081212147C107D00741412128012C866
:10D400000C1211F5743312154C12D5191212801228
:10D41000D4D4E8FA741112154C12D4DA12154C1245
:10D42000D525400302D4C680E912154C12AFEA128A
:10D4300012147C107D00740412128012C80C121198
:10D44000F57C0E7D007900743312154C12D4FD1258
:10D450001214AC0B7D00743612154C128B95121100
:10D46000F5A80B743312154C12D506743112154CF5
:10D47000A3E0C0E0743312154C12A4C4D0E0F074E1
:10D480003112154CE0C0E0743312154C12A4D6D002
:10D49000E0F078081212147C107D007414121280CF
:10D4A00012C80C1211F5743312154C12D519121240
:10D4B0008012D4D4E8FA741112154C12D4DA121571
:10D4C0004C12D52540EE742102C40CF0850C8285E7
:10D4D0000D83A32212287F78002212D14EE0FC7423
:10D4E0003322A3A3A3A312D4EA22E0F508A3E0F514
:10D4F000092212D4F622129EE6121B232212D4F61F
:10D50000750E00780C2212D50D7480F022E028FAF6
:10D51000A3E034008A82F5832212D04D74012212D6
:10D52000D4EA78082212D52FF008E8C3941022E03C
:10D530002AF9A3E034008982F583E06C2274F612A4
:10D540000C1D12D54B122C15029220EAFEEBFF8C1B
:10D55000088D09122C0FAC08AD09EEFAEFFB22C0C2
:10D5600082C083900406E4F0A3F090041004F090CD
:10D570000409E4F0A3F090040BF090040EF0A3F083
:10D5800090040DF090040502E153C082C083900422
:10D5900010E4F012159512158F12157D02E15474E6
:10D5A000F7120C1D8C08EDFE900405E06021122F8F
:10D5B00087E9F974FF696017740165087006EEFD6C
:10D5C0007C008004EEFD7C017A007B001230A10219
:10D5D000E008C082C0837A807B00900354E0F91297
:10D5E0001C9DEA4B4C4D701C7A807B00900354E0EC
:10D5F000F9121C97900406E4F0A3F090040874FF5D
:10D60000F01215B302E15474F4120C1D7A807B0001
:10D61000900354E0F9121C9D8B098C0A8D0BEA458E
:10D6200009450A450B601E900406120FF312305F85
:10D6300074021211F58A088B091215BF7901AA0824
:10D64000AB09122F391230837F04020F2474E812C1
:10D650000C1D8A108B118C128D13750C00750D002A
:10D66000750E00750F00741812154C12EF17781410
:10D670001214D978087914120AB67810790812149D
:10D680008C401385080C85090D850A0E850B0F78D3
:10D690000C7910121364850C08850D09850E0A8516
:10D6A0000F0B9083FC78101214D978087910120BA4
:10D6B000AEAC08AD099083FC78081214D9780C79C7
:10D6C00008120BAEE5084509450A450B6008EC2435
:10D6D00001FAE43D8003ECFAEDFB7F10020F2474A5
:10D6E000F7120C1D790090040612E2B0122F397E59
:10D6F000FF7CFF7DFF7F00801812F436EAC398F8A4
:10D70000EB99F9C3E89CE99D5006EFFEE8FCE9FDC2
:10D710000F900405E0F8EFC3985019EF12E0E050C5
:10D72000EF12E14760EA74FF6A700374FF6B60E018
:10D73000EC4D70C574FF6E604FEE12DF7688828903
:10D7400083A3A3A3A3A3A3C082C08312F436D08370
:10D75000D082E0C398F8A3E099F9E8496009900401
:10D7600006E8F0A3E9801DEE900408F079FF121599
:10D77000A77DFF7CFF7A007B00EEF91230A19004B8
:10D7800006E4F0A3F01215B302E00874E2120C1DD7
:10D7900074F81212A88A148B15EA2416F516E435CB
:10D7A00015F517851682F583E0F91215C58B09EA80
:10D7B0004509603BE5142417F582E43515F583E04F
:10D7C000F518A3E0F519851882F583E06021F508C6
:10D7D000750900740278081213C6E5082401FAE4FA
:10D7E0003509FB121BCB8A0A8B0BEA450B700579B6
:10D7F0000002DABE1215BF1215A1E96009AA0AAB30
:10D800000B121BD180E9750800750E00750900E543
:10D81000142408F51AE43515F51B803D798DE50EC5
:10D82000F510751100740278101213C6E50A251060
:10D83000FAE50B3511FBE98A828B83A3F0850C8214
:10D84000850D83E08A828B83A3A3F08E828F83125F
:10D85000DF9812ECAA050E0509851882851983E068
:10D86000F8E509C398400302DA0DE50975F00CA448
:10D87000F8A9F0E51828F582E51939F583A3858222
:10D880000C85830DA3AE82AF8312EC8E121583E953
:10D89000F50FA821A9228810891178101212188E6C
:10D8A000828F8312EC8E121D6374021211F5E9F857
:10D8B00074FF650F6003E87005798702D81E850C38
:10D8C00082850D83E07090E50C2403F510E4350D9E
:10D8D000F511851082F583E0F8740412154CE068A8
:10D8E000600302D81C740512154CE0A2E24003024A
:10D8F000DA08E50F75F015A4FEAFF012DAC82405BA
:10D90000F8E43BF9850C82850D83A3A3A3A3E0F57E
:10D9100012A3E0F513E50C2406FCE4350DFD74FFBD
:10D920006512700474FF6513706C8C828D83E0F552
:10D930001CA3E0F51DE51C451D705B7508018A827E
:10D940008B83A3A3A3A3A3A3A3A3A312EC6E888298
:10D950008983ECF0A3EDF012E26212ECA37C047D6B
:10D96000007900EA240DFA50010B121B2312DAC8C9
:10D970002411F510E43BF511751200781012121401
:10D980007C047D00EA240DFA50010B121B1774036E
:10D990001211F502D85775080188828983E512F0C3
:10D9A000A3E513F08C828D8312ECA3851082851180
:10D9B00083E0F9121D8DE9700302D8577C047D00C5
:10D9C000790012DAC8240DFA50010B121B238510BE
:10D9D00082851183E0F9121D93E9F9850C82850D8A
:10D9E00083A3A3A3A3A3A3A3A3A3A312EC781212BC
:10D9F00014E9FC7D00900409E02EF8A3E03FF9E86B
:10DA0000240DFAE439FB8083798C02D81EE5086086
:10DA100040900409120FF312E6AE121C4374021276
:10DA200011F5E97029900409120FF390040BE075C9
:10DA3000F015A4F508E5F0F50978081212187C0035
:10DA40007D007A567B00121C4F74041211F51215DA
:10DA5000B9850A82850B83E50EF0700BA3E4F0858F
:10DA60000A82850B8304F0851482851583A3A3A302
:10DA7000A3A3A3E0F508780812121C750801780822
:10DA800012121C780812121C780A121218851A82B7
:10DA9000851B8312EC6EE514240AFAE43515FB8528
:10DAA0001682851783E0F9121D3374051211F5AA49
:10DAB0000AAB0B121BD112157D1230837901740849
:10DAC0001211F57F16020F24900409E02EFAA3E04C
:10DAD0003FFBEA2274E4120C1D74F81212A88A0C9F
:10DAE0008B0D750800EA2416F516E4350DF517853B
:10DAF0001682F583E0F91215C58A0A8B0BAE0AAFC0
:10DB00000BEE4F700302DB9FE50C2417F582E43522
:10DB10000DF58312EC3F750A00E50C2408F514E4BA
:10DB2000350DF515805AA821A922880E890F780E87
:10DB3000121218E50A75F003A4F8A9F0E51028F50B
:10DB400082E51139F583A3A312DD2612DD33E0F956
:10DB5000121D6374021211F5E96023740412154C4E
:10DB6000E0F9121D8DE96016740412154CE0F912EB
:10DB70001D93E9F8A2E0500108E82508F508050A18
:10DB800012EC8140A175F00DE8A404AA082AFAE479
:10DB90003400FB121BCB8A088B09EA450970057912
:10DBA0000002DD1C1215A1E96009AA08AB09121BCD
:10DBB000D180EC850882850983E4F0750A00802C09
:10DBC000750B868E828F83E50BF08518828519830D
:10DBD000A3E08E828F83A3F0850E82850F8312F4DB
:10DBE000428E828F83A3A312DE6D050A851682857D
:10DBF0001783E0F985148285158312E2B012EC8157
:10DC0000400302DCD5AC0AEC75F00DA4FEAFF0E5E4
:10DC1000082EF582E5093FF583A3AE82AF83750B2D
:10DC200000EC75F003A4FCADF0E5102CF518E5113F
:10DC30003DF519E5182402F50EE43519F50F850EAA
:10DC400082F58312EC6E121583E9F512A821A92240
:10DC5000881A891B781A121218850E82850F831272
:10DC6000DD2612EC97121D6374021211F5E9F874A7
:10DC7000FF6512700302DBC0E8700302DBC07405AD
:10DC800012154CE0A2E25047740412154CE08E824B
:10DC90008F83A3A3A3A3F0E51275F015A4F8A9F050
:10DCA000900409E028F8A3E039F988828983A3A3C6
:10DCB00012DD30A3A3A312DEFB12DD3012DEEEE88C
:10DCC000240DF850010912F41912ECAD02DBC375F2
:10DCD0000B8C02DBC3850C82850D83A3A3A3A3A3B6
:10DCE000A3E0F50A780A12121C750A01780A1212CA
:10DCF0001C780A12121C7808121218EAFCEBFDE5D7
:10DD00000C240AFAE4350DFB121D3974051211F5C5
:10DD1000AA08AB09121BD112157D790174081211E2
:10DD2000F57F14020F2412EC72851482851583226C
:10DD3000A3A3A312E2B48E828F832274F0120C1D6F
:10DD4000750C00750D008011E0A2E0500A7DFF7C8B
:10DD50000112DDD512310D050D900405E0F8E50D39
:10DD6000C3985041E50D12DF8AA385820885830997
:10DD7000EE2402F8E43FF9880A890B7C008882F5DA
:10DD80008312DDDB12161F8B0FEA450F8E828F8305
:10DD900060B6E0A2E0400A7DFF7C0012DDD51231C2
:10DDA0000D050C80B27A807B00900354E0F9121CC0
:10DDB0009DEA4B4C4D6012E50C70157A807B00900B
:10DDC0000354E0F9121C978007E50C6003123083BE
:10DDD0007F08020F24850A82850B8312E2B485082E
:10DDE00082850983E0F922C082C0837C00ECF8EAD6
:10DDF00028F8E43BF988828983A3A3E412F28FA375
:10DE0000A3A3A3A3A3F00CECC3940440E08A828BE9
:10DE100083E4F0A302E15374F4120C1D8A088B0909
:10DE2000ECFEEDFF7A047B00121BCB8A0A8B0BA859
:10DE30000AA90BE84970047901801C88828983EE65
:10DE4000F0A3EFF0850882850983A3AA82AB831231
:10DE5000DE5A12DE6D790002D64812EC7288828991
:10DE600083A3A3ECF0A3EDF08A828B8322E8F0A3D6
:10DE7000E912EC4704F02274F7120C1DE9FF90043C
:10DE800005E0C3940A40047901805412DEE2F8747C
:10DE90000339F9EF8882898312F28E12DEFBECF0EF
:10DEA000A3EDF0740912154C12F06912DEEF740B39
:10DEB00012154C12E2B012DEE9E8240AF85001090A
:10DEC0008882898312F28BF090040512DEE2F582DB
:10DED000740339F583E4F0900405E004F07900025E
:10DEE000E00812E5BC7483282288828983A3A3A357
:10DEF000A3A3A3A3A3EAF0A3EBF022A3A3EAF0A3B6
:10DF0000EBF088828983A3A3A3A32274F6120C1DCD
:10DF10008A09E912DF76E8FAE9FBE50912DF8A12DD
:10DF2000DF9612ECAB8E828F83A3E08A828B83A371
:10DF300012DFB2A3A312E26C12DFA612DF9812DF87
:10DF4000A6A3A312DF96A312ECA6EE240AF8E43FE0
:10DF5000F988828983EA240AFCE43BFD74031211E8
:10DF60003E8E828F83E08A828B8312F28F12F28B35
:10DF7000F07F02020F2412DF7A2275F00DA4F8A9B7
:10DF8000F0748328F8740339F92212DF7AE8FEE985
:10DF9000FF8E828F8322A3A312DF9C22E0F8A3E0EE
:10DFA000F98A828B8322A3A3A3A3E8F0A3E912DF5B
:10DFB000B222F08E828F83A3A3A3A32274F7120C44
:10DFC0001DE9FF900405E0F8EFC398400479018053
:10DFD00037EF12DF7612DEE974FF6C601274016CA9
:10DFE000888289837005E0D2E08003E0C2E0F074AB
:10DFF000FF6D601274016D888289837005E0D2E143
:10E000008003E0C2E1F079007F01020F2474F7126F
:10E010000C1DE9FF79FF7800800108900405E0FC01
:10E02000E8C39C502AE875F00DA4FCADF074832C75
:10E03000FC74033DFD8C828D83A3E06F70DC8C82C9
:10E040008D83A3A3E06A7003A3E06B70CDE8F98031
:10E05000B774F2120C1D890D750C00801E8E828F14
:10E0600083E02AFCA3E03BFD8E828F83ECF0A3EDDE
:10E07000F088828983E0C2E1F0050C900405E0F8A5
:10E08000E50CC3985055E50C12E0E050ECE50D604E
:10E0900005E0A2E140DBE82406FCE439FD8C828D3A
:10E0A0008312E28860CB74FF6508700474FF650911
:10E0B00060BFE82408FEE439FF8E828F83E02AF5F2
:10E0C0000AA3E03BF50BC3E508950AE509950B505B
:10E0D0008C8C828D83E0FCA3E0808C7F06020F2471
:10E0E00012DF7A88828983E0A2E022C082C0838A1C
:10E0F000828B8380058A828B83A312E14C60428AE3
:10E10000828B8312E91BE0FC852182852283E06CEF
:10E1100070E388828983A3A3A312EC6E74031215A3
:10E120004CE06C7003A3E06D70CB8882898312F49D
:10E1300041740112154CE0687003A3E06970B68069
:10E14000047A007B00800DA3A3A3A3A3A312E2B4CF
:10E15000EA4B22F0D083D0820211C274F7120C1D58
:10E16000E9602290040CF075F015A4FAABF0121BD4
:10E17000CB90040912DEF590040BE4F012E3057075
:10E180000479018002790002E00874F5120C1DE99F
:10E19000FE8A088B0912E305600D90040CE0F890EC
:10E1A000040BE0C3984005790102E25D12E2728A35
:10E1B00082F583EEF090040B12E27AF8A3E039F9CD
:10E1C000E8FAE9FB8A828B83A3E508F0A3E509124C
:10E1D000E923A3ECF0A3EDF0740B12154C12DF98B9
:10E1E00012ECA8740D12154C12ECA3740F12154CFE
:10E1F00012E288601B750A0078081212147C047DF4
:10E2000000EA240DFA50010B121B1774031211F5CA
:10E2100090040B12E272FB741112154C12E26C1294
:10E22000ECA6741312154C12F44212E26212ECAD19
:10E23000741512154C12E288601B750A00780812DA
:10E2400012147C047D00EA2411FA50010B121B17F2
:10E2500074031211F590040BE004F079007F0302BF
:10E260000F24EA240BF582E43BF5832212DF9CA302
:10E27000A32212E27AFAA3E03922E075F015A4F89D
:10E28000A9F0900409E0282212F260E5084509226D
:10E29000C082C08312E305601490040912E2B01238
:10E2A0001BD190040BE4F0900409F0A3F002E154B8
:10E2B00012E2B422E0FAA3E0FB2274F7120C1D89EB
:10E2C0000812E305603A790080010990040BE0F838
:10E2D000E9C398502BE975F015A4FEAFF012E3D214
:10E2E000650870E6A3E06A7003A3E06B70DC8E82C1
:10E2F0008F83A3A3A3E06C7003A3E06D70CC8002B6
:10E3000079FF02E00890040912F446E8492274F10A
:10E31000120C1D890E8C828D8374FFF0A3F0740F94
:10E3200012154C12E91B74FFF0A3F0750A0090045B
:10E330000912E8F5700302E3C7750B008077E50B5F
:10E3400075F015A4FE85F008AF0812E3D2650E70D3
:10E3500062A3E06A7003A3E06B7058050A8E828F97
:10E3600083A3A3A3A3A3E0F50CA3E0F50D8C828DFA
:10E370008312F25CC3E50C9508E50D9509500B8CF2
:10E38000828D83E50CF0A3E50DF08E828F83A3A32D
:10E39000A3A3A3A3A312F25C8882898312E5C6C358
:10E3A000E5089EE5099F500B88828983E508F0A364
:10E3B000E509F0050B90040BE0FEE50BC39E50034E
:10E3C00002E33EE50A70047901800279007F0702CA
:10E3D0000F24900409E02EFEA3E03FFF8E828F837E
:10E3E000E02274EC120C1D74F61212A874021215BD
:10E3F0004C74FFF0A3F0852182852283F0A3F07591
:10E40000130012E3057005790102E5B7750E0002ED
:10E41000E4EEA821A922880C890D780C1212187438
:10E4200004121288EEFAEFFBA90812158974021281
:10E4300011F5E9600302E4ECE4F50CF50D780C123B
:10E440001218740212154C120FF3740612154C12A6
:10E45000E5D2122F9F74041211F5E9600302E5B2B0
:10E460007A0A7B00121BCB8A0C8B0DEA450D7003D8
:10E4700002E5B212303B12E5DC1212147C047D007E
:10E48000E50C2406FAE4350DFB121B177403121178
:10E49000F57404121278880A890B780A121218127D
:10E4A000E5CC1215CB74021211F5E96401702074E9
:10E4B0000812154C12F2791212147C047D00E50C3E
:10E4C0002402FAE4350DFB121B1774031211F5AC8C
:10E4D0000CAD0D90040512E5BC748028FA74033964
:10E4E000FB122FA5E96401700302E5B2050E90044A
:10E4F0000BE0F8E50EC398400302E5B5E50E75F0B4
:10E5000015A4F50AE5F0F50B12E5FFE0F50812E5B4
:10E51000C5EEFAEFFBA908122F87E9F50F74FF6526
:10E520000F700302E4127A0A7B00121BCB8A0C8B59
:10E530000DEA450D607C12303B12E5DC1212147CB2
:10E54000047D00E50C2406FAE4350DFB121B17745C
:10E55000031211F57404121278880A890B780A12D2
:10E56000121812E5CC1215CB74021211F5E96401F0
:10E570007020740812154C12F2791212147C047D6A
:10E5800000E50C2402FAE4350DFB121B177403128C
:10E5900011F5AC0CAD0DE50F75F00DA4F8A9F074F4
:10E5A0008D28FA740339FB122FA5E9640160030278
:10E5B000E4EC751302A913740A02EEDFE075F00DA6
:10E5C000A4F8A9F022A3E0FEA3E0FF22850C828537
:10E5D0000D8312EC72EEFAEFFBA9082212E5FFA3FD
:10E5E000A3A312E2B4850C82850D83EAF0A3EBF0BD
:10E5F000E8240DF510E439F5117512007810229019
:10E600000409E0250AF8A3E0350BF9888289832202
:10E6100074F6120C1D12159B900409120FF312E6EA
:10E62000AE121C4374021211F5E9F8740A68607B9B
:10E63000740968606E12157D7A567B00121C49EAD7
:10E64000F8EBF97A157B001209C3E8FEF91215718F
:10E65000E964016056900409120FF3EE75F015A4F9
:10E66000F508E5F0F50978081212187C007D007AAB
:10E67000567B00121C5574041211F5EE90040BF039
:10E6800080218A828B8312F44090040E12F071FE76
:10E69000A3E0FF121BD190040DE014F0EEFAEFFBA3
:10E6A000121BD190040E12E14D70D702DF7190045D
:10E6B0000BE075F015A4FCADF07A567B002274EAED
:10E6C000120C1D74EF1212A812E305600312157DDF
:10E6D00075080090035180618E828F83A3A312E995
:10E6E00011121D5DEA4B604D8A828B83A3A3A3A305
:10E6F000A3A3A3E0F9603E750A00E50AF50C750DC9
:10E70000007403780C1213C68A828B83A3A3A3A37D
:10E71000A3A3A3A3E0250CF8A3E0350D8882F5831D
:10E72000A3A3A3A3A3E493A2E250020508050AE56C
:10E730000AC39940C58E828F8312E8F5709AA908A2
:10E74000121571E9F9600302E8EB90035180048E21
:10E75000828F8312E8F5700302E8E9EE240212ECDE
:10E760005012E911121D5D8A0A8B0BA80AA90BE849
:10E770004960DCE82407F50EE439F50F850E82F5D3
:10E7800083E060CB750A00E82408F50CE439F50D48
:10E79000807D12E91BA3A3A3A3A3E0F512A3E0F5D8
:10E7A0001388828983A3A3A3A3A3A3A3E0F514A33F
:10E7B000E0F515850C82850D8312F24BFBE82409E8
:10E7C000F510E439F5117810121218781412121895
:10E7D000781212121878101212187814121218786F
:10E7E000121212188A828B83A3A3E493FC74019300
:10E7F000FD8A828B83E493FA740193FB85088285FA
:10E80000098312E911121577740C1211F5050A85A6
:10E810000E82850F8312EC87400302E74FE50AF56D
:10E8200012751300740378121213C6851210851323
:10E830001112E8FD8A828B83A3A3A3A3A3E493A26E
:10E84000E250CA12F423E0C0E0740412154CD0E088
:10E8500012DE6712F243740512154CE8F0A3E912B8
:10E86000E92312F243740712154C12ECAD74041232
:10E87000154C740D120FF77A0D7B04122273740D70
:10E880001211F58A828B83E5824583600302E79249
:10E890009083BCAC21AD22740412113E12E8FDA895
:10E8A00021A9228810891178101212187510FF758D
:10E8B00011FF781012121875100A751100781012D5
:10E8C0001218740612127888108911781012121812
:10E8D0007510FF7511FF781012121875100A751156
:10E8E00000781012121802E7E4790074111211F581
:10E8F0007F0E020F24E0FEA3E0FFEE4F22850C8284
:10E90000850D83E02510F8A3E03511F9E8FAE9FB5D
:10E910002212E9152212F42DE0F92212F44688821F
:10E92000898322F08A828B83A3A32274F6120C1DA2
:10E9300090040BE0600812E305700312157D90044B
:10E9400009120FF312E6AE121C4374021211F5E91C
:10E95000F8740A68600574096870047901804E7A59
:10E96000567B00121C49EAF8EBF97A157B00120974
:10E97000C3E8FEF9121571E9640170047902802D73
:10E98000900409120FF3EE75F015A4F508E5F0F503
:10E990000978081212187C007D007A567B00121C40
:10E9A0005574041211F5EE90040BF0790002DF713A
:10E9B00074E4120C1D74EE1212A8890B7E007F0005
:10E9C00074FF650B7010900405E0F8900408E0C334
:10E9D000985013E08001E975F00DA4F8A9F0748354
:10E9E00028FE740339FF8E828F83A3A3A3A3A3A35E
:10E9F000E0F47003A3E0F4700302EC3AEE240A1290
:10EA0000EC50E0700302EC3A740E12154CE4F07412
:10EA10000612154C12F282A3858216858317E0C078
:10EA2000E0740F12154CD0E0F090175212F44274BB
:10EA30001012154C12ECAD850882850983E075F043
:10EA400005A4A9F02401FAE439FB121BCB8A0C8B34
:10EA50000D850882850983E0F50E750F0074027834
:10EA60000E1213C6AA0EAB0F121BCB8A0E8B0F8A87
:10EA7000148B15E50C450D700302EC2DEA4515705D
:10EA80000302EC26850882850983E0850C82850DCA
:10EA900083F0750A00EE2402F518E43FF51902EB45
:10EAA0007F12E5C57800EE4F700302EB7DE8C39559
:10EAB0000A50088E828F83A312E5C508EAC39850D6
:10EAC000E5EE4F700302EB7D8E828F8312F442E8F5
:10EAD000FAE9FB8A828B8312F26812ECADA821A9B5
:10EAE00022881A891B781A12121812EC6A85188269
:10EAF00085198312EC971215CB74021211F5E96493
:10EB000001707A740212154CE0851282851383F02D
:10EB1000851082851183E50EF0A3E50FF0740412D1
:10EB2000154C12EC781212147C047D00AA0EAB0F67
:10EB3000121B1774031211F58A0E8B0F7402121533
:10EB40004CE0F9121D8DE960347C047D00790012DF
:10EB5000EC5C121B23740212154CE0F9121D93E9B0
:10EB6000F9740412154C12EC3F7810121214E9FCDF
:10EB70007D0012EC5C121B1774031211F5050A8557
:10EB8000088285098312EC87505EAA0AEA75F005AF
:10EB9000A4F8A9F0E50C28F8E50D39F988828983F5
:10EBA000A3AC82AD8374FFF0A3F0E82403F512E474
:10EBB00039F513851282F58374FFF0E82404F5100B
:10EBC000E439F511851082F583E4F0A312EC4724B3
:10EBD000FFF8E434FFF9C3E89AE99400A2D265D0C3
:10EBE00033400302EAA18095122FB7E9F5087808AF
:10EBF00012121C750800780812121C75080178089A
:10EC000012121C780C12121885188285198312ECC6
:10EC10006E740B121280851682851783E0F9121D1F
:10EC20003F74051211F5AA0CAB0D121BD1E514456A
:10EC3000156007AA14AB15121BD1741202DD1EE079
:10EC4000F510A3E0F51122F0850882850983E02202
:10EC5000F508E43FF509850882F583228E828F83CB
:10EC6000E02402FAA3E03400FB228A828B8312ECB8
:10EC70007222E0FCA3E0FD2212EC3F751200781036
:10EC800022851082851183E0F8E50AC3982212ECF0
:10EC900072851A82851B8312E2B4851682851783DA
:10ECA000E0F92212DF9CA3A3A3A3A3A3A3E8F0A3EC
:10ECB000E9F02274EC120C1DE9FF7E0074141215A9
:10ECC0004C12E91BEF24E0603514605414606F149B
:10ECD000700302ED6024FB700302EDA214700302C6
:10ECE000EDD814700302EDFF14700302EDFF24F25F
:10ECF000700302EE4114700302EE7102EEB512EEE3
:10ED0000B9AA09A808E8C395094005E8C39A800391
:10ED1000EAC398F895E0F9C3E89CE9940002EDF89D
:10ED200012EECC4008E8C39AF8E99B8006EAC39843
:10ED3000F8EB99F9C3E89508E9950902EE3D7808E2
:10ED40001214D98A828B83780C1214D98C828D8309
:10ED500078101214D97810790812148C403380205E
:10ED600078081214D98A828B83780C1214D98C8279
:10ED70008D8378101214D97810790812148C4011F0
:10ED800078087910121364780C790812148C02EE4A
:10ED90003D78107908121364780C791012148C02E3
:10EDA000EE3D12EEB93395E0FDE509FA3395E0FB4F
:10EDB000E508F83395E0F9E8C39509A2D265D033A8
:10EDC0004008E8C39AF8E99B8006EAC398F8EB99F3
:10EDD000F9C3E89CE99D802012EECCA2D265D03325
:10EDE0004008E8C39AF8E99B8006EAC398F8EB99D3
:10EDF000F9C3E89508E99509A2D265D033803E7839
:10EE0000081214D98A828B83780C1214D98C828DC3
:10EE10008378101214D9781079081212D44010781F
:10EE2000087910121364780C79081212D4800E78C5
:10EE3000107908121364780C79101212D44076807D
:10EE40007278081214D98A828B83780C1214D98CA8
:10EE5000828D8378101214D978087910120E3D40F3
:10EE600030781079081202567810790C120E3D8015
:10EE70002E78081214D98A828B83780C1214D98CBC
:10EE8000828D8378101214D978087910120E3D50B3
:10EE900012780879101202567808790C120E3D503B
:10EEA000148010781079081202567810790C120E1E
:10EEB0003D50027E01EEF98029E0F5088A828B83BD
:10EEC000E0F88C828D83E0F509E8FC2212DF9C12C9
:10EED000F2608C828D8312E2B4C3E89AE99B22121D
:10EEE00011F57F0C020F2474F0120C1D9004061211
:10EEF000EF17780C1214D97808790C120AB6780832
:10EF00001212107A807B00900354E0F9121C8B746B
:10EF1000041211F502DDD012F260E4F50AF50B904F
:10EF200083FC2274F3120C1D7A807B00900354E062
:10EF3000F9121C97900405E0F50BF50875090074AB
:10EF40000278081213C6AA08AB09121BCB8A088BD9
:10EF500009AE08AF09EE4F700302F064750A008035
:10EF60003FAA0A8A08750900740278081213C6EECF
:10EF70002508F8EF3509F9EA75F00DA4FAABF0743D
:10EF8000832AFA74033BFB8A828B83A3E0888289FD
:10EF900083A312E92312DE5AE088828983F0050AEE
:10EFA000E50AC3950B40BA900405E06051F50C7575
:10EFB0000A00803E8A828B8312F44090038E12F006
:10EFC00071F508A3E0F509121BD190038DE014F050
:10EFD000AA08AB09121BD190038E12E14D70D59097
:10EFE0000405E014FA79001222DF900405E014F021
:10EFF000050AE50AC3950C5005E070DB80F2121596
:10F000008F750A008050E50AF508750900740278CA
:10F01000081213C6EE2508F8EF3509F988088909A2
:10F020008882F583A3A312F069A3E0F9122F87E980
:10F03000F874FF68601E850882850983E0C0E0E8F7
:10F0400075F00DA4F8A9F0748328F582740339F5DE
:10F0500083D0E0F0050AE50AC3950B40A9EEFAEF6C
:10F06000FB121BD17F05020F2412E2B48882898330
:10F0700022E8F0A3E9F08A828B83E022C082C08379
:10F080007A807B00900354E0F9121C9702E154C08F
:10F0900082C083900355E0FCA3E08003EAFCEBFD13
:10F0A0008C828D83A3A312E2B08A828B83E0696095
:10F0B000148C828D8312E2B012EC6AEC4D70DD7A12
:10F0C000007B008004AA82AB8302E15474EA120C34
:10F0D0001D74FE1212A8890CEAFEEBFF8C0A8D0B40
:10F0E0007C047D0079007A7F7B03121B23900351FF
:10F0F00012F254800985088285098312F25CE508C2
:10F100004509700302F23A85088285098312F2707C
:10F1100070E3121D5D8A0E8B0FA80EA90FE84960DF
:10F12000D488828983A3A3A3A3A3A3A3E0F5126039
:10F13000C4E82408500109FCE9FD8C828D8312E1AA
:10F140004D60B2750D008002050DE50DC39512509E
:10F15000A4E50DF50E750F007403780E1213C68525
:10F160000E10850F11EA2510F8EB3511F9880E897C
:10F170000F888212F241EE687002EF6970CAA3A391
:10F18000E493C0E0740193F583D082858214858373
:10F1900015E50A65147004E50B651570AB7418125B
:10F1A000154C12F2548882F583E514F0A3E515F0AE
:10F1B000E82402F8E43509F9850E82850F83A3A3BC
:10F1C000A3A3E49388828983F08C828D8312F24B0F
:10F1D0008A82F583A3A3A3A3A3E493850882850968
:10F1E00083A3A312F28EE0F9121D93E98521828593
:10F1F0002283F0A3E4F0A821A922880A890B780AC7
:10F20000121218750A7F750B03780A1212188508F6
:10F210008285098312EC6EEEFAEFFBA90C121DA594
:10F2200074041211F5850882850983A3A3A3A3742E
:10F230007FF0A37403F0790180027900740202E880
:10F24000EDF583E493F8740193F922E02510FAA315
:10F25000E035112212F446880889092212F2602250
:10F26000E0F508A3E0F5092212F4468C828D832292
:10F27000A3A312E915E50C692212F260750A007861
:10F280000822E4F0A3F08E828F8322A3E4F0A3F09F
:10F29000888289832274EC120C1D74F01212A889E2
:10F2A0000B8A0C8B0D8C0E8D0F122F87E9F50A74CB
:10F2B000FF650A700302F341E975F00DA4F8A9F0A7
:10F2C000748328FE740339FF8E828F83E0A2E040AE
:10F2D0000302F3EDA3A3A3A3A3A3E0F47003A3E0AD
:10F2E000F4700302F3ED740612154CE50EF0A3E57D
:10F2F0000FF012F4198002A3A312E288604312F403
:10F300002312F442740612154CE0687003A3E069FE
:10F3100085088285098370DF12E3086024A821A98B
:10F3200022881089117810121218AC0EAD0FAA0C99
:10F33000AB0DA90B1215CB74021211F5E964016033
:10F34000077902741002EEDF7A807B00900354E0AC
:10F35000F9121C9D8B118C128D13750C00750D000C
:10F36000C200EA4511451245136014900406120FBD
:10F37000F312305F74021211F58A0C8B0DD2008EDD
:10F38000828F83A3A3A3A312E308601C8E828F83C2
:10F39000A3A3A3A3A3A3A3A3E0250CFAA3E0350D85
:10F3A000FBC3E89AE99B5045740212154CE0F91230
:10F3B0001D8DE9603D85088285098312E2B0EA244B
:10F3C00002F508E43BF509780812121874061215C4
:10F3D0004C12EC6EEA2406FA50010B740412154C20
:10F3E000E0F91215AD74021211F5E9700579000209
:10F3F000F3431215BFA90A1215A7A20050097900FC
:10F40000AA0CAB0D122F397DFF7CFF7A007B00A97F
:10F410000A1230A112308380D4EE240BF582E43F2F
:10F42000F5832285088285098312F42D22E0F8A352
:10F43000E0F58388822288828983A3A3A3A3A3A360
:10F44000A3A312F44622E0F8A3E0F922A3A312F545
:10F45000968882898322C082C08390035512F592D8
:10F4600012F7B190191EE0F4601B90035712FCF4E0
:10F47000603612F755F890191EE068602212F7A363
:10F4800080E812F7A390035712FCF4601B12F88D6A
:10F4900012F44CE060ECC394F150E7A3E060E31297
:10F4A000F75EFAA3E0FB80047A007B00800312FA87
:10F4B00039D083D0820211C274F6120C1D74F1127D
:10F4C00012A8852182852283E4F0A3F01220998A74
:10F4D000088B09AE08AF09EE4F700302F58D122FAD
:10F4E000B18E828F83A385820885830912F89112D9
:10F4F0002F4512FCE3700302F58685218285228365
:10F50000A3E0C812F73DE0C39481407A8E828F83D6
:10F51000E0706985088285098312F59274031215DB
:10F520004C12F7B4740212154C7404F0EE2403FC70
:10F53000E43FFD740512154CAA82AB831223457477
:10F5400002121280122381E9702012F59C121C977E
:10F550007A737B03122F6F7A007B40900354E0F99B
:10F56000121C97790C122F758023AC21AD228508CF
:10F570008285098312FAB37901122F998521828538
:10F58000228312F74FF0EEFAEFFB121BD1740F0239
:10F59000FAB912F59622E0F8A3E0F922900353E4B9
:10F5A000F07A40FB900354E0F92274EC120C1D74C5
:10F5B000F71212A889088A108B118C0E8D0F9003F8
:10F5C0005712FCF4700302F7337E0012F75EF50A5F
:10F5D000A3E0F50B740812154C7403F0E508600BFA
:10F5E000AC21AD22AA10AB111223577F00E50A24EB
:10F5F00004F50CE4350BF50D8057750901780912F7
:10F60000121CE508F509780912121C74021212780E
:10F6100088128913781212121890037A120FF3903D
:10F620000373E0FD90037912F741A3A3A312F789B6
:10F63000122F7B74061211F5E9F50974B265097091
:10F640000302F6C9E970097E01E508700302F6D2EB
:10F650000F12F771A3A3A3E0F8EFC398409C74B214
:10F6600065096065EEA2E05004E508605C7F0080FB
:10F670000AE970067E01E50860580F12F771E0F89C
:10F68000EFC3985044750900780912121CE508F57B
:10F6900009780912121C74021212788812891378E0
:10F6A0001212121890037D120FF3900373E0FD9075
:10F6B000037C12F74112F789122F7B74061211F5A1
:10F6C000E9F50974B2650970A8EEA2E05014E508E6
:10F6D0007010850E82850F8312FB7D12F73D7480BA
:10F6E0008009850E82850F8312F74FF074B2650989
:10F6F000702012F59C121C977A737B03122F6F7A7D
:10F70000007B40900354E0F9121C97790C122F757E
:10F71000802190191EE0F4701A800D12F7556008D0
:10F72000C394F1500302F5C912F7A390035712FCDA
:10F73000F470E874091211F57F0C020F2412FCDA40
:10F7400022E0FCEF25E0F8E433F98A828B83221271
:10F75000FCD174FF2212F76BA3A312FCC322900307
:10F760005712F768A3A3E022E0F8A3E0F5838882AC
:10F7700022850C82850D8312F596E8FAE9FB8A82D0
:10F780008B83A3A3A3A3A3A322A3A3A3A3A3A3A302
:10F79000E028FAA3E0398A82F58312F993850B8376
:10F7A000E0F92290035712FCC3F8A3E0F912F7B175
:10F7B00022900357E8F0A3E9F02274F7120C1D74AD
:10F7C000ED1212A8EAFEEBFF852182852283E4F088
:10F7D000A3F0750800122FB112F75E12F88BA3E0A8
:10F7E000A2E0400302F886EE2413F582E43FF5839D
:10F7F00012F44EA3E0FC88828983A3A3E0FBECFA19
:10F80000740212154C12FA39740A12154C7402F073
:10F810007C737D03E82404FAE439FB1220A574020A
:10F8200012154C12F891122F4512FCE36058740B1C
:10F8300012128885218285228312F88C12FAB31263
:10F840002357E96005750801801885218285228388
:10F8500012FB7D240DF582E438F5837473F0A374F4
:10F8600003F0AC21AD22740212154C12FAB3A908B0
:10F87000122F9985218285228312FCCCF470077A9D
:10F88000737B03122F6F741302FA52F8A312F76BF3
:10F8900022E0FAA3E0FB900373E0F92274F2120C69
:10F8A0001D750800EA2404F8E43BF9E8FEE9FF12BC
:10F8B000F96F750CA3750D80780C1212187C181254
:10F8C000F97912202174021211F5E96401700375AF
:10F8D000080212F96F780C1212187C18850A8289B6
:10F8E0008312FAA9850A828983A3A3A3A3A3A3A34E
:10F8F000A3A3E0F912202174021211F5E96401704A
:10F9000006E508D2E0F50812F96F750C00750D8058
:10F91000780C1212187C3112F9791220217402121B
:10F9200011F5E964017006E508D2E0F5088E828FD2
:10F930008312F592E8FEE9FF780C1212187C318EE2
:10F94000828F8312FAA98E828F83A3A3A3A3A3A37A
:10F95000A3A3A3E0F912202174021211F5E96401B6
:10F960007006E508D2E1F508A9087F06020F248E8B
:10F97000828F8312F596880A22850A828983A3A33F
:10F98000A3A3A3A3A312F9938983A3A3A3A3A3A3CC
:10F99000E0F922E0FAA3E0FB850A822274F4120C5B
:10F9A0001D74FE1212A885218285228312FA3989DC
:10F9B00008ECFFEDFE741312154C12FCB3E0FA12C2
:10F9C0002F51E97024A821A922880A890B780A12EC
:10F9D00012187C01741012154C12FAB3EFF91220B0
:10F9E0002174021211F5E9700479B1803F7412128A
:10F9F000154CE0603590041212FCF4602D780A1268
:10FA000012187D01EEFC741212154C12FAB3A908FB
:10FA1000900412E012F88B12312774021211F58B48
:10FA20000BEA450B700479B280027900740212115E
:10FA3000F57F04020F2490035BEAF0A3EBF022743D
:10FA4000F7120C1DE9901914F07A01790612307141
:10FA500080031211F57F01020F2474F6120C1DEAC7
:10FA6000FEEBFFEE2407F8E43FF988088909888255
:10FA7000F58312FAB3EA4B600D121BD1850882851B
:10FA80000983E4F0A3F0EE240AF8E43FF9E8FEE984
:10FA9000FF8E828F8312FAB3EA4B600B121BD18E5A
:10FAA000828F83E4F0A3F08013A3A3A3A3A3A3A353
:10FAB000A3A3A3E0FAA3E0FB221211F57F02020F39
:10FAC00024C082C08390036F02F4AEC082C08390D2
:10FAD000037102F4AE74F6120C1DEAFEEBFF7A001D
:10FAE0007B40900354E0F9121C97EEFCEFFD7A592D
:10FAF0007B03122FD5EA4B605C8E828F8312F44E0B
:10FB000012FB64F088828983E0FCA3E0FD8A828B8B
:10FB100083ECF0A3EDF088828983A312FB64A3F049
:10FB20008E828F8312FB7D240AF582E438F58312DE
:10FB3000F5928A828B83A3A3A3A3A3A3A3A3A3A3C6
:10FB400012F7B412FD7BE4F0EA240DF582E43BF5F4
:10FB500083E4F0A3F07A007B40900354E0F9121B99
:10FB60007702FABCA3A3A3A3A3A3A3A3E08A828BD7
:10FB700083A3A3A3A3A3A3A3A32290035BE0F8A35F
:10FB8000E0C82274F7120C1D74F71212A89082A01C
:10FB9000AC21AD22740912113E90035B12FCF4708B
:10FBA0002090035912FAB3122F4B12FA3690035BCE
:10FBB00012FCF4705290035912FCF4703C790B80E3
:10FBC0003A90035BE0240CF8A3E03400F9888289C2
:10FBD00083E0A2E75031547FC39404402A90035D30
:10FBE00012FCF4701C90035912FAB3122F4B12FA44
:10FBF0003690035B12FCF4700E7900122F7502FC34
:10FC0000AE90035B12F7B49083C0120FEF7A007BC3
:10FC100040900354E0F9121C8B74041211F5900308
:10FC20005FE0640890035B606812FCBFF8A312FCFD
:10FC3000B312F7B412FB7A2408F582E438F583E0B6
:10FC4000C0E0740812154CD0E012FCC80412FCC8C5
:10FC5000A2E750127D007C00790012FCBCFAA3E000
:10FC6000FB1220CF8031750800780812121C12FB9D
:10FC70007A2409F582E438F583E0F912FCBCFCA390
:10FC8000E0FD74011212801220D574011211F5806A
:10FC90000612FCCCD2E6F012FB7A240FF582E4388F
:10FCA000F58312FAB3122F4B90035D12FA397409DF
:10FCB00002FA52E0F98521828522832290035B12A9
:10FCC000FCC32212F768E022F090035B12FCD1E043
:10FCD00022E0F8A3E0C812FCDA22240CF582E43812
:10FCE000F58322852182852283EAF0A3EBF085212A
:10FCF0008285228312F596E8492274F7120C1DE9D9
:10FD000078006023E825E0FCE433FD74A32CF58241
:10FD100074803DF583E06A7003A3E06B602308E81C
:10FD2000C39418502780DDE825E0FCE433FD74001F
:10FD30002CF58274803DF583E06A7003A3E06B705C
:10FD4000047900800908E8C3943140DB790102FAA4
:10FD500055C082C083800CEA240FF582E43BF58312
:10FD600012FAB3EA4B600D12FD7BE0547FC394049A
:10FD700050E580047A007B0002F4B1EA240CF5829D
:10FD8000E43BF58322C082C0839003598009EC24B0
:10FD90000FF582E43DF583E0FCA3E0FDEC4D60242B
:10FDA0008C828D83E06A7003A3E06B70E18C828D9E
:10FDB00083A3A3A3A3A3A3A3A3A3E06970D0ECFA96
:10FDC000EDFB80047A007B0002F4B174F6120C1D86
:10FDD00074FE1212A8EAFEEBFF54106027D2817A5B
:10FDE000007B40900421E0F9121C977A007B809000
:10FDF0000421E0F9121C97121E8F12307DEEFAEFEB
:10FE000064108075EF5420602812FF5A1212187582
:10FE1000080275090078081212187C007D007A0229
:10FE20007B00121C4F74041211F5EEFAEF6420806F
:10FE300048EF54406020D2819083E8120FEF7A009F
:10FE40007B80900421E0F9121C8B74041211F5EEF2
:10FE5000FAEF64408023EF54806021C2819083FCDC
:10FE6000120FEF7A007B40900421E0F9121C8B7492
:10FE7000041211F5EEFAEF6480FB80047A007B0037
:10FE800074021211F57F02020F2474F6120C1D7415
:10FE9000FE1212A8E9900421F09083C0120FEF7AAD
:10FEA000007B20121C8B74041211F512FF5A1212DF
:10FEB000187C027D007A027B00121C43740212112E
:10FEC000F5E9702078081212187508027509007893
:10FED000081212187C007D007A027B00121C5574F7
:10FEE000041211F5852182852283E02401F0A3E02C
:10FEF0003400F0852182852283C3E09405A3E09439
:10FF000000402C852182852283E4F0A3F0FA7B2037
:10FF1000900421E0F9121C979083E4120FEF7A000D
:10FF20007B10900421E0F9121C8B74041211F5A8C7
:10FF300021A9228808890978081212187508027503
:10FF4000090078081212187C007D007A027B0012EA
:10FF50001C4F74041211F502FE80852182852283D4
:10FF6000E4F0A3F0A821A92288088909780822745E
:10FF7000F4120C1DE9A2E650287A007B10900421AF
:10FF8000E0F9121C977A007B40900421E0F9121CE2
:10FF9000977A007B80900421E0F9121C97C281803F
:10FFA0004BA2E25047901918E060087508287509BF
:10FFB0002380067508D0750907750A00750B00784F
:10FFC000081212107A007B10900421E0F9121C8BA9
:10FFD00074041211F590831C120FEF7A007B40908D
:10FFE0000421E0F9121C8B74041211F57F04020F36
:01FFF00024EC
:020000040002F8
:10000000C082C083E9901544F002822E74F4120C71
:100010001D8A088B09EB5480604D800EEEFAEFFBD1
:10002000121D4BEEFAEFFB121B3B901544E0F91248
:100030001B4D8A0A8B0BAE0AAF0BEE4F60208E82EF
:100040008F83E0641A60D5EEFAEFFB121CFDE9F92C
:1000500074FF6960CEEEFAEFFB121B4180CCAA0858
:10006000E5096480FB80047A007B000283EC74F76E
:10007000120C1D7AFF02946C74F6120C1DE9FEEA54
:10008000FF7A047B00121BCBEA4B6035EF8A828B30
:1000900083A3A3A3F0EE8A828B83A3A31280FEF036
:1000A0009015501299CE7009901550EAF0A3EB808C
:1000B00047E0F988828983A3A3A3E06F7007121B2E
:1000C000D179008036E8FCE9FD888289831299CED7
:1000D00070E174FF6F700D8C828D83EAF0A3EB12D8
:1000E00080FE801490155012A7849015501292C271
:1000F0008A828B83E8F0A3E9F07901029579F08A8E
:10010000828B83E4F0A322C082C083EA12A75E3B05
:10011000F583E0FA9015508004888289831299CE85
:10012000601C88828983A3A3A3E0FBEA6B6005744B
:10013000FF6B70E588828983A3A3E0F9800279FFD1
:1001400002822E74F2120C1D8A088B098A828B831C
:1001500012AAA2121CFDE9F50A74FF650A700302D7
:1001600082297A197B00121B358A0C8B0DAE0CAFDD
:100170000DEE4F70030282298E828F837434129F9A
:1001800085A3A3EE2402FCE43FFD740612113E8514
:100190000882850983128E04A3A3A3A3129B70A3D4
:1001A000A3A3A3EAF0A3EB12835AA3EE240AFCE470
:1001B0003FFD740C12113E12A78DC812A75E38F5D0
:1001C00083E0C0E0EE2416F582E43FF583D0E0F052
:1001D000E508240CF8E43509F98882898312AAA27B
:1001E000EE2417F582E43FF583EAF0A3EB12859D38
:1001F000A3A3A3E0FA74066A7009EEFAEFFB1230CB
:1002000053800C74086A7010EEFAEFFB12304DEE5A
:10021000FAEFFB121B3B801188828983E4F0A3F084
:10022000EEFAEFFBA90A121B417901029AE3D0838F
:10023000D0820211C274F4120C1D8A088B09ECFEE4
:10024000EDFF7A087B00121BCB8A0A8B0BA80AA948
:100250000BE849700479108036128311A31282FBD7
:10026000740C12154C12AF96A3A3A3A31292C090C4
:10027000154812949E9015486012E0FCA3E080039C
:10028000EAFCEB12949970F88C828D831282ED0255
:1002900083EC74F4120C1D89088A09ECFEEDFF7AD8
:1002A0000A7B00121BCB8A0A8B0BA80AA90BE84910
:1002B000700479108034128306E4F0A31282F5E50D
:1002C000091282F5A3EEF0A3EFF090154A12949E66
:1002D00090154A6012E0FCA3E08003EAFCEB129464
:1002E0009970F88C828D831282ED0283ECE8F0A382
:1002F000E9F079002212835EA3A322E50912836349
:10030000EEF0A3EFF02212831188828983A3A3A3C6
:100310002288828983E4F0A312836AA3E508F0228D
:1003200074F2120C1DEAFEEBFF8C088D09121D5DA4
:100330008A0C8B0DA80CA90DE84960198882898365
:10034000A3A3A3EEF0A3EF12835AE508F0A3E509F7
:10035000F0790080027901029AE312835E2212830F
:1003600063A32212836AA3A3A322F088828983A3B2
:100370002274F4120C1D74F71212A8E9FEECFF852A
:1003800021828522837401F0EF7006EDC39406404C
:100390005074036A4B604A7401121278880A890B00
:1003A000780A1212187C127D007A007B00EEF91296
:1003B0001D6374021211F5E9601CE4F50AF50B786F
:1003C0000A12121874031212887402121280121D7B
:1003D0009F74021211F5852182852283E0640170E9
:1003E0000479018002790074091211F57F04020F6B
:1003F0002474E8120C1D74FA1212A889088A0A8B58
:100400000B8C0E8D0F1230DD8A0C8B0DAE0CAF0DE8
:10041000EE4F70057902028593AA0EAB0FA9081260
:100420001D7BE9F509A2E6401C90154E1299CE609D
:1004300014E82419F582E439F583E064017006E5D7
:1004400009D2E6F5097C067D007900AA21AB2212CB
:100450001B23741F12154C128E116009E054FCF01E
:10046000E044018003E054FC12859D1299CE602C7B
:10047000741E12154CE0F50C88828983A3120FF3C9
:10048000AD0C740212154CE05403FCAA0EAB0FA97C
:1004900008121D1B74021211F5E97005790102851D
:1004A00093742212154C1299CE60128521828522F6
:1004B00083E04404F0740212154C1292CF7420129F
:1004C000154C128E116005E044088003E054F7F0EB
:1004D000742112154C128E116005E044108003E067
:1004E00054EFF0742412154CE0C0E0740412154C63
:1004F000D0E0F0740512154CE50CF07803852182EC
:10050000852283E0540460027805742512154C128C
:100510009AA2E8250CF516E4350DF517AA16FB127C
:100520001BCB8A148B15EA45156064AC14AD15AA73
:1005300021AB22121D57742712154C12AC0B12124C
:1005400014AC0CAD0D121B1774031211F590194465
:10055000E0F50C780C12121C750CE6750D16780C73
:1005600012121878141212187816121218780E1225
:100570001218A909EEFCEFFDAA0AAB0B1230E974C0
:10058000091211F5E9FEAA14AB15121BD180027EE7
:1005900010EEF974061211F57F10020F241297B3B2
:1005A000A3A3A3A322EEF97F0C020F24E50C28F5E8
:1005B00082E50D128D372274EA120C1D74FE1212A0
:1005C000A889098A0C8B0DECFEEDFF7510007511E2
:1005D00000750800741812154C1299C18015128705
:1005E00099121DAB8B0FE5102AF510E511350FF5AB
:1005F00011050812878C5046E50875F006A4F8A985
:10060000F0E50A28F582E50B1285B3E5102403F521
:1006100010E43511F511A3A3E070D60510E51070B4
:1006200002051188828983A3A3A3A312949E8882C2
:10063000898360AAA3A3A3E0F9121D9980A6AA103A
:10064000AB11121BCB8A0E8B0F8A128B13EA451348
:10065000700302876F7508008036A821A9228814CC
:1006600089157814121218780E1212188A828B8348
:10067000128799121DB174041211F5852182852209
:100680008312A784E50E28F50EE50F39F50F05084E
:1006900012878C5078E50875F006A4F8A9F0E50AF1
:1006A00028F582E50B12A73D12877F8A828B83A3F0
:1006B000128776F0129452128776A3F0E50E240387
:1006C000F50E5002050F88828983E070C1EA240389
:1006D00008E43BF9881489158882F58312877FA383
:1006E00085820E85830F8A828B83A3A31299CC7097
:1006F0000302865AAC0EAD0FE8FAE9FB8514828539
:100700001583E0F9121D878A0E8B0F8081781212F3
:1007100012187810121218742012154C128E191219
:10072000121CE4F50AF50B780A121218742212153D
:100730004C128E1912121C742212154C128E1912A0
:10074000121C750800780812121C7508017808122E
:10075000121CEEFCEFFDAA0CAB0DA909121D2174B1
:100760000B1211F5E9FEAA12AB13121BD180027E07
:1007700010EEF90287A712877A22128784A3221229
:100780008784F022E0850E82850F8322850A828588
:100790000B83E0F8E508C3982212AFEFEEFAEFFB07
:1007A000A90922EEF9800574021211F57F0E020FDD
:1007B0002474EC120C1D890EEAFEEBFF8C088D09E7
:1007C000741412154C1288A675F003A4F512E5F006
:1007D000F513AA12FB121BCB8A0A8B0B8A108B1102
:1007E000EA451170030288997A00802FEA75F003B8
:1007F000A4F8A9F0E50C28F8E50D391289C8E82419
:1008000002F85001098882898312889E1289D3F0E8
:10081000E50A2403F50A5002050B0A850C82850DB2
:1008200083E0F8EAC39840C4740168700AA3E070DA
:100830000675120175130078101212187812121230
:1008400018741C12154C128C1D12121CE4F50AF5BA
:100850000B780A121218741E12154C128C1D1212EB
:100860001C741E12154C128C1D12121C750A007875
:100870000A12121C750A04780A12121CAC08AD097F
:10088000EEFAEFFBA90E121D21740B1211F5E9FE11
:10089000AA10AB11121BD180027E100285A5E08543
:1008A0000A82850B832212A788880C890D8882F51D
:1008B00083E02274EA120C1D890EEAFEEBFF8C081D
:1008C0008D09741612154C1288A6F50A750B007462
:1008D00002780A1213C6850A12850B13AA12AB13EB
:1008E000121BCB8A0A8B0B8A108B11EA45117003FD
:1008F0000289B67A008041EAF51475150074027811
:10090000141213C6E50C2514F8E50D35151289C827
:1009100088828983A3A31289BBF0E82403F85001DD
:1009200009888289831289BB1289D3A3F0E50A243E
:1009300004F50A5002050B0A850C82850D83E0F848
:10094000EAC39840B2740168700AA3E07006751299
:100950000175130078101212187812121218741EF2
:1009600012154C128C1D12121CE4F50AF50B780AB4
:10097000121218742012154C128C1D12121C7420A5
:1009800012154C128C1D12121C750A00780A1212D4
:100990001C750A07780A12121CAC08AD09EEFAEFB2
:1009A000FBA90E121D21740B1211F5E9FEAA10AB62
:1009B00011121BD180027E100287A31289BF22E090
:1009C000850A82850B83A322F988828983A31288F2
:1009D0009EF0221289DF850A82850B83A3A322A3BE
:1009E00012836AE02274E6120C1D890B8A128B13A3
:1009F0008C0E8D0F7E007F00750A00741A12154C44
:100A0000129AA28009EE2402FEE43FFF050A850C3B
:100A100082850D83E0F8E50AC3985046E50A75F033
:100A20000DA4F8A9F01285ACEE2404FEE43FFFE02B
:100A300070DAA3E070CFEE2405FEE43FFFE8240463
:100A4000F508E439F509850882F583E0F9121D8D72
:100A5000E960B9850882850983E0F9121D93EE29C2
:100A600080A6EEFAEFFB121BCB8A088B09EA450938
:100A70007003028BFF8A168B17750A00801EE5141F
:100A80002409FCE43515FD8C828D83128C128C8236
:100A90008D83A31297B988168917050A850C82855C
:100AA0000D83E0F8E50AC3984003028B99E50A75C7
:100AB000F00DA4F8A9F0E50C28F582E50D12A75475
:100AC000128C12851482851583A3AC82AD83128C9F
:100AD00005F0E5142402F8E43515F98882898312BB
:100AE0008C0A128C23F0E5162404F5165002051723
:100AF000851482851583E070A1E5162402F8E4359B
:100B000017F9851682851783A3AA82AB838C828D01
:100B100083E06003028A7EE5142404F510E43515B1
:100B2000F511851082F583128C12E5142405FCE47E
:100B30003515FD8C828D831297B98C828D83A3E04D
:100B400088828983F0E5142407F8E43515F9888252
:100B50008983128C05128C23A3F0E5162405F51663
:100B600050020517851082851183E0F9121D8DE969
:100B70007003028A9AAC16AD17E514240BF582E4D3
:100B80003515F58312AAA2851082851183E0F9122A
:100B90001D878A168B17028A9A78081212188E0CF3
:100BA0008F0D780C121218742212154C128C1D1213
:100BB000121CE4F50CF50D780C12121874241215A1
:100BC0004C128C1D12121C742412154C128C1D1206
:100BD000121C750A00780A12121C750A09780A128A
:100BE000121CAC0EAD0FAA12AB13A90B121D21746F
:100BF0000B1211F5E9FEAA08AB09121BD180027E87
:100C000010EEF98031128C0AA322E0851682851736
:100C10008322128C0AF022A3A3A3A3A3A3E0F50AC4
:100C2000780A22A31289DF851682851783A3A3A3DE
:100C300022740A1211F57F12020F2474EA120C1D9D
:100C4000890CEAFEEBFF8C0A8D0B75120075130000
:100C5000750D00741612154C129B928009128D1995
:100C6000121D99128CFC128D0C40F2AA12AB1312B9
:100C70001BCB8A0E8B0F8A148B15EA45156078758D
:100C80000D00800C128D3F121D878A0E8B0F050DF3
:100C9000128D0C40EF781412121878121212187478
:100CA0001E12154C128E1912121CE4F508F5097863
:100CB00008121218742012154C128E1912121C747C
:100CC0002012154C128E1912121C75080078081289
:100CD000121C75080A780812121CAC0AAD0BEEFA49
:100CE000EFFBA90C121D21740B1211F5E9FEAA14D9
:100CF000AB15121BD180027E100287A38B0FEA2452
:100D000003F8E4350FF912AF5E050D2285088285E0
:100D10000983E0F8E50DC39822128D27A3A3A3123F
:100D2000AF9AA3A3E0F922E50D75F005A4F8A9F0A8
:100D3000E50828F582E50912AF85A882A983221269
:100D40008D271287841289E0850E82850F83A3F098
:100D5000E82402FAE439FB8A108B118A82F58312A7
:100D6000877AA3F0E50E2403FCE4350FFD88828921
:100D70008312AAA7851082851183E0F92274F612E6
:100D80000C1D74FE1212A8E9FE740C12154C128E82
:100D900004128E11128E1FC0E0740112154CD0E0A7
:100DA000F0A821A922880889097808121218750864
:100DB000027509007808121218741612154C128E5A
:100DC0001912121C741512154C120FF37416121509
:100DD0004C128E1912121C741612154C128E191206
:100DE000121C750800780812121C75080B7808127E
:100DF000121CEEF9121D21740B1211F5740212115E
:100E0000F5029579128E082212A793F988828983B8
:100E100022E085218285228322E0F50878082212CB
:100E200089E02274F1120C1D74EB1212A8EAFEEB99
:100E3000FFC200EE2420F8E43FF98808890988827F
:100E4000F583C3E09403A3E0940050057901029276
:100E50006C90154EEEF0A3EFF0740212154CEEF00C
:100E6000A3EFF0740E12154CE4F0A3F0740A1215FF
:100E70004CE4F0A3F0740C12154CE4F0A3F0EE2453
:100E800022F8E43FF9880A890B8882F58312AAD1F7
:100E9000740412154CAA82AB83121D518A0C8B0D5F
:100EA000A80CA90D740A12154CE8129F7E12AAA272
:100EB000EAC398F8EB99F9850A82850B83E028F854
:100EC000A3E039F9740C12154C1292CF7408121564
:100ED0004CE0901547F0EE2414F508E43FF5098541
:100EE0000882F583E0F91230DD8A828B83E5824542
:100EF00083700C90154EE4F0A3F0790202926C120C
:100F000092B4602BEE2404F50AE43FF50BA3120F14
:100F1000F3740B12154CE0FD740612154CE05403EB
:100F2000FC1292A2121D1B74021211F5E9700C90B2
:100F3000154EE4F0A3F0790302926C1292A2121DF6
:100F40007BE9F50E850A82850B8312AAA2EAFCEBE7
:100F5000FD9015488004888289831299CE7003021F
:100F6000905188828983129AA0C3EC950CED950D5F
:100F700040E488828983A3A3A3A3C3E09CA3E09D4C
:100F800040D4E8FCE9FD740412154CE05407700DE0
:100F9000740912154CE0640B7003029055E50EA223
:100FA000E64003029055EE2419F582E43FF583E014
:100FB0006003029055740212154C12928B6003026A
:100FC0009045740212154C1299C970797C008508FD
:100FD00082850983E0F9121D81740112154C740198
:100FE000F0740912154C12927412154CE0F50C783D
:100FF0000C12121C740712154C120FF3750C0178A9
:101000000C12121C740812154C12A798F50C780CCF
:1010100012121C7405121278880C890D780C1212A9
:1010200018740912154C12929912154C12927F12D3
:10103000154C12AAE4121D4574071211F57C011219
:1010400092A2121D8190154EE4F0A3F07905029250
:101050006C7C007D00740412154CE0F854036003AE
:10106000029183E8540460057E840291C1740912E0
:10107000154CE0F8C39417400302917FE8F50A7518
:101080000B007402780A1213C67465250AF582747F
:1010900036350BF583E493F8740193F9E84970034E
:1010A00002917F850882850983E0C0E074101215E3
:1010B0004CD0E0F0740C12154C12AAA27411121547
:1010C0004C1292C2740A12154C12AAA27413121571
:1010D0004C1292C2741012128088828983123127B6
:1010E0008A088B09A808A909740E12154C1292CF10
:1010F000E849604C740912154CE0F5087509007454
:101100000278081213C674672508F582743635090B
:10111000F583E493F8740193F988828983E5824525
:101120008360127402121280123127740E12154C51
:101130001299CE600B740E12154C12AAA2121BD17A
:10114000740912154CE0F860587402686053740317
:1011500068604E7405686049740668604474086885
:10116000603F740C68603A7411686035741368608D
:1011700030741568602B740B6860267E0080427E98
:1011800082803EEC4D602A8C828D83A3A31292B4A0
:10119000601F7402121280123127E9FE74FF6E7014
:1011A0000B90154EE4F0A3F0F902926C74016E708E
:1011B00010740412154CE0540460047E8380027E97
:1011C00081740212154C12928B707A740212154CB3
:1011D0001299C97070740412154CE0FA54107065BD
:1011E000740112154CEEF0740912154C129274121F
:1011F000154C128E1912121C740712154C120FF393
:10120000750801780812121CEA131313541F6401A5
:101210005401F508780812121C7405121278880817
:1012200089097808121218740912154C1292991231
:10123000154C12927F12154C12AAE4121D45740728
:101240001211F5D20090154EE4F0A3F0EE7004797F
:1012500000801974846EA200700A50047907800C13
:1012600079068008500479098002790874151211F2
:10127000F5029A9BE0852182852283F0740822E0A2
:101280002406FAA3E03400FB74092212A793C824B1
:1012900015F582E438F583E0221299D412AFEB748D
:1012A0000922850A82850B8312AAAA8508828509EC
:1012B00083E0F922A3A3A3A3128E08E5824583222B
:1012C000A3A3EAF0A3EBF0221292D5A3A3A3A3E871
:1012D000F0A3E9F022E0F8A3E0F9850A82850B8308
:1012E0002274F4120C1D8A088B09ECFEEDFF7C06BB
:1012F0007D007900121B23850882850983E054FC58
:10130000F8A3E0F98E828F83E05403FAE84A850857
:1013100082850983F0A3E91293CCA2E25004D2F0B3
:101320008002C2F0850882850983E054FBF0A2F0B8
:10133000E433F50A750B007402780A1213C6E0450F
:101340000A1293CCA2E3850882850983E050044405
:1013500008800254F71293CCA2E45004D2F0800229
:10136000C2F0850882850983E054EFF0A2F0E433EF
:10137000F50A7404780A1213C6E0450A129DEE8538
:101380000882850983E0540460091293BB1293D349
:1013900050010F8E828F83E0850882850983A3A385
:1013A000A3A31297C1850882850983A3A3A3A3A33E
:1013B000F0EE2402FAE43FFB0283EC8E828F83E09E
:1013C000FAA3E0F9EA850882850983221297B3E03F
:1013D00022A3A3A3A3F0A3E9F0EE2402FE2274F754
:1013E000120C1D8A828B83E054038C828D831294AD
:1013F00065540412945E540812945E5410F88C8262
:101400008D83E048F0A3AC82AD838A828B83E05465
:10141000046018129452E08C828D83128E1F8C828D
:101420008D83A3F0EC2402FC50010D8A828B83A3F0
:10143000A3A3A3E08C828D83F08A828B83A3A3A3D2
:10144000A3A3E08C828D83A3F0EC2402FAE43DFB9D
:10145000801DEA2402F8E43BF98882898322F88C13
:10146000828D83E048F08A828B83E022121CF77F12
:1014700001020F24C082C08390154A80048A828BA7
:101480008312949E600C8A828B83A3A3E06970ED23
:1014900080047A007B0002822EFD8C828D8312AA4A
:1014A000AAEA4B2274F0120C1D8A088B09ECFEED9F
:1014B000FF121D5D8A0C8B0DEA450D60787C008063
:1014C000010C850C82850D83A3A3A3A3A3A3A3E092
:1014D000F8ECC398505FECF50E750F007403780EAE
:1014E0001213C6850C82850D83A3A3A3A3A3A3A374
:1014F000A3E0250EF8A3E0350FF988828983E493F1
:10150000FA740193FBE5086A7003E5096B70B2A3F6
:10151000A3E493FA740193FBEE6A7002EF6B70A17F
:10152000741012154C12AAD1898388827408121182
:101530001C79018002790080031211F57F08020FE7
:101540002474F6120C1D121D5D8A828B83E5824580
:1015500083600512AA9F80047A007B00801B74F6CA
:10156000120C1D121D5D8A828B83E5824583600506
:1015700012AA9D80047A007B007F02020F2474F778
:10158000120C1D90154CE0FEA3E0800A8E828F8322
:1015900012AAD1ECFEEDFFEE4F604A8E828F83A33C
:1015A000A3E06970E778008001088E828F83A3A38F
:1015B000A3E0FCE8C39C50D4E875F003A4FC85F0DC
:1015C00008AD088E828F83A3A3A3A3E02CFCA3E025
:1015D0003DFD8C828D83E06A7003A3E06B70CAECE2
:1015E000FAEDFB80047A007B0002946F74F6120C13
:1015F0001D121D758A828B83E58245836006A3A335
:10160000E0F98002790002957974F6120C1DECFF66
:10161000121D758A088B09A808A909E8496015E810
:101620002402F582E439F583EF6005E0D2E6800319
:10163000E0C2E6F002957974F0120C1DEAFEEBFFB1
:10164000ECFAEDFBEE4F70030297B0EA2402F508C6
:10165000E43BF5098A828B83A3AC82AD838E0C8F29
:101660000D750E00E91210A40441427B9743448D8E
:1016700097E0E24697E8E9F9962508EB9609F9968E
:101680000A08970B469710EB9618EB9619F9961ADD
:1016900008971B46971C57971D60971E69971F72E6
:1016A0009720EB9621F9962208972346972457977F
:1016B00025609726699727729728EB9629F9962A2D
:1016C00008972B46972C57972D60972E69972F7266
:1016D0009730EB9631F99638F9963946973A7297E2
:1016E000EA4697F07297F19F97B0978E828F831298
:1016F00097B9ECFAEDFB0297B01297BE8C828D83FE
:10170000F00A0AAB090297B08E828F83780C12140C
:10171000D98A828B83E50C1297B3780C1214D9E521
:101720000D8C828D831297B3780C1214D9741078B3
:101730000C12125F850882850983E50CF0EA240308
:10174000FA506D0B806A8E828F83120FEF121BA1ED
:1017500074041211F58059780C1212147C0580461D
:10176000780C1212147C06803D780C1212147C073F
:101770008034780C1212147C08802B780C1212140E
:101780008E828F83E02401FCE43400800F780C12F9
:1017900012148E828F831298D7FCE439FD80097869
:1017A0000C1212147C107D00121B1774031211F519
:1017B00002953CF08E828F83221297CBF0221297F3
:1017C000C71297B3A3E0228E828F83E08A828B8335
:1017D00022C082C083E91210A403202FE997383A6F
:1017E000E997E0E2E99700ED97790180027900023C
:1017F000822EE924F8607814607914607A14607B92
:1018000024FB606B24F860671460681460691460DE
:101810006A24FB605A14605B14605C14605D1460A1
:101820005E14605F14606014606114604214604371
:1018300014604414604514604614604714604814F2
:10184000604914602A14602B24F9602714602C145A
:101850006039245A602514602214601F24FA601332
:1018600014601014601524FA602114602280247919
:101870000180227902801E7903801A79048016790A
:101880000580127906800E7907800A79088006792A
:1018900010800279000211C274F7120C1DE9FE7467
:1018A000446E600574436E700C8A828B831298D7E5
:1018B000FAE439801574426E600574416E700E8AC8
:1018C000828B83E02401FAE43400FB8007121D932D
:1018D000E9FA7B0002946FE0FCA3E0F9EC24022219
:1018E00074F1120C1DEAFEEBFFEC2406F8E43DF95E
:1018F000880889098882F58312949E700479018092
:101900003A8C828D83A3A3A3A3E0F9121D998A0ABE
:101910008B0B129B7C121214AC0AAD0BEEFAEFFB90
:10192000121B1774031211F5740F12154C1292B892
:101930006007E50AF0A3E50BF07900029A9B74F0CA
:10194000120C1D74F81212A8890C8A088B09ECFE7F
:10195000EDFFA821A922880A890B780A121218A97A
:101960000C121D6374021211F5E970047901804CA8
:10197000741812154C12A7AD741A12154C1299C195
:10198000740612154C1299CE780A60161212187449
:1019900002121288AA0EAB0F121D9F74021211F5CB
:1019A000801A121218780E121218EEFCEFFDAA0817
:1019B000AB09A90C121DB174041211F5740802953B
:1019C00039E0F50AA3E0F50B221299D4A3A312A7DC
:1019D00088E8492212A793F58388822274F0120CBA
:1019E0001D74FE1212A88A0A8B0BECFEEDFF8521F6
:1019F00082852283E4F0A3F0121D698A088B09EA2C
:101A00004509602FA821A922880E890F780E12128D
:101A100018E4F50EF50F780E1212187900EEFCEFAF
:101A2000FDAA0AAB0B85088285098312312774044D
:101A30001211F585218285228312AAA274020295D1
:101A40003974F1120C1D8A088B09ECFEEDFF121D92
:101A5000698A0A8B0B741112154C129AA2E50C4577
:101A60000D600A850C82850D83E4F0A3F0EA450B36
:101A70006027780C121218741112154C120FF3799A
:101A800001EEFCEFFDAA08AB09850A82850B8312E3
:101A9000312774041211F5800279C17F07020F24E7
:101AA000A3A3E0F50CA3E0F50D2274F2120C1DEADD
:101AB000FEEBFF8C088D098C828D83A3A3A3A3A3C7
:101AC000E0A2E4501C121D6F8A828B83E58245835D
:101AD000600F7901AC08AD09EEFAEFFB12312780F7
:101AE0000279007F06020F2474F1120C1DECFEED4A
:101AF000FF8E828F83A3A3A3A3A3E0A2E150691268
:101B00001DC9E9F50A7064740F12154C129B92906E
:101B100015451299CE6013AC08AD09EEFAEFFBE063
:101B2000F5838882123127E96039E5082403F8E457
:101B30003509F9880889098882F583129B70E0F9D4
:101B4000121D998A0C8B0DAC0CAD0D129B7C1212E0
:101B5000148E828F83A312AA9D121B177403121175
:101B6000F58008750A878003750A88A90A029A9B7E
:101B700012AAAA8E828F83A3A3A3A322850882859B
:101B80000983E0F508A3E085080CF50D750E0078D3
:101B90000C22E0F508A3E0F5092274F2120C1D896D
:101BA00008ECFEEDFF8E828F83A3A3A3A3A3E0A284
:101BB000E1504D121DC9E9F97048A908121D698A42
:101BC0000A8B0BEA450B6034E4F50CF50D780C122A
:101BD0001218741012154C120FF379028E828F8333
:101BE00012AACF8E828F8312AAA2850A82850B83C6
:101BF00012312774041211F5E9F9800679C18002C7
:101C00007988029AE374F2120C1DEAFEEBFF8C084D
:101C10008D098C828D83A3A3A3A3A3E0A2E5501C0E
:101C2000121D6F8A828B83E5824583600F7902AC37
:101C300008AD09EEFAEFFB12312780027900029A13
:101C4000E374F4120C1D12A2FB8A828B83A385829B
:101C50000885830912A000121BCBEA4B604A12A729
:101C60008DC313E8138A828B83F07C00802F8E82D1
:101C70008F83E0F508A3E0F8E4C8F9E50828E43923
:101C8000F509EC129CABEA28F582EB12AF85E5086A
:101C9000F0A3E509F0EE2402FE50010F0C8A828BBE
:101CA00083E0F8ECC39840C60283EC25E0F8E43307
:101CB000F92274EB120C1D129F2212AADC7513007C
:101CC000750E00750F00804905138E828F83A3A3C4
:101CD000E0F8EE2403FE50010FE870358E828F830A
:101CE000E0F9A3AE82AF83EEFAEFFB121D998A08EA
:101CF0008B09EE2AFEEF3509FFEAA2E0500705083E
:101D00000470020509E50E2508F50EE50F3509F505
:101D10000F129F67EE98EF9940AE75F006E513A499
:101D200004F508129F1A121BCB8A0A8B0BEA450B8B
:101D30007003029DE5850C82850D8312AADEA8083A
:101D4000EA28129F3E029DDBE51475F006129F34CF
:101D50008E828F83129F5A1292D08E828F83A3A37A
:101D6000E0F8850E82850F83A3A3F0EE2403FE50D6
:101D7000010FE870648E828F83129F4FA3129DEE35
:101D8000EEFAEFFB121D998A088B098E108F1175E0
:101D900012007810121214AC08AD09AA0CAB0D1287
:101DA0001B1774031211F5850E82850F83A3A3A35D
:101DB000A3E50CF0A3E50DF0EE2508FEEF3509FFD5
:101DC000E508A2E0500705080470020509E50C25A6
:101DD00008F50CE50D3509F50D0514E514C395134B
:101DE0005003029D48AA0AAB0B7F0D020F24129DDF
:101DF000F222F08E828F83A3AE82AF832274EB1225
:101E00000C1D129F22F583129B92751300750E0014
:101E1000750F0080420513850882850983A3A3E01E
:101E2000F9E5082403F50850020509FAAB09121D6B
:101E3000998A108B11AE10AF11E5082AF508E50953
:101E40003FF509EEA2E050050E0470010FE50E2EDD
:101E5000F50EE50F3FF50F129F67E50898E5099924
:101E600040B375F005E513A404FE129F1A121BCBB4
:101E70008A0A8B0BEA450B7003029F17850C82853B
:101E80000D83129B92EA2E129F3E029F0DE5147560
:101E9000F005129F34850882850983129F5A129F8C
:101EA0007EA3A3129F4FF0E5082403F50850020516
:101EB00009FAAB09121D998A108B11AE10AF11856A
:101EC00008108509117512007810121214EEFCEF3B
:101ED000FDAA0CAB0D121B1774031211F5850E82AF
:101EE000850F83A3A3A3E50CF0A3E50DF0E5082E71
:101EF000F508E5093FF509EEA2E050050E04700172
:101F00000FE50C2EF50CE50D3FF50D0514E514C39A
:101F100095135003029E8D029DE5250EFAE4350FC0
:101F2000FB228A0A8B0BEA2403F50CE4350BF50D32
:101F3000850C822212A24085820E85830F22F50C29
:101F4000E43BF50D8A828B83E513F075140022E0E3
:101F5000F9850E82850F83A3A322E0FAA3E0F9EAB4
:101F6000850E82850F8322850A82850B83A312AB9F
:101F700009129F7522E028F8A3E039F9C322F0A3E3
:101F8000E9129F8522F08508828509832274F01268
:101F90000C1DEA2403F8E43B12AAD5750C008A82D2
:101FA0008B83A385820A85830B12A000121BCBEAC8
:101FB0004B604A850A82850B83E064017002A3E0CE
:101FC00070291297C7A3F0750C01802AE50C12A0A6
:101FD0000AF50EA3E0FDE50E88828983A3A3F0A392
:101FE000EDF0050CEE2402FE50010F850A82850BF0
:101FF0008312A26640D68A828B83E50CF002953C60
:10200000E02401FAA3E03400FB2275F003A4F8A950
:10201000F0EA28F8EB39F98E828F83E08882898391
:10202000A3129DF2E02274EA120C1D74FE1212A893
:102030008A0A8B0BEA2403F8E4350B12AAD5750E35
:1020400000750C00750D008007EE2405FE50010F91
:10205000850A82850B83A312A2665039050E8E82F3
:102060008F83E070E4A3A3A3E0F50FEE2408FE50F5
:10207000010FA90F121D8DE96010A90F121D9312F7
:10208000A24F50010812A25B80C68E828F83A3AE3E
:1020900082AF8380BB75F00CE50EA404F50F250C10
:1020A000FAE4350DFB121BCB8A0A8B0BEA450B7049
:1020B0000302A23985088285098312AADEA80FEAE5
:1020C00028F50CE43BF50D8A828B83E50EF0750F45
:1020D00000801E88828983E0F9EC85088285098367
:1020E000A3A3A3A3A3A3A3A31292D00E0EEBFF0559
:1020F0000FE50FC3950E400302A239E50F75F00CF2
:1021000012A2408582088583097C0C7D007900AA93
:1021100008AB09121B238E828F83E0FD8508828520
:10212000098312A0211293C01293D450010F2402EC
:10213000FAE43FFB8E828F83A3A882A9838E828FCD
:1021400083E0FCED708DE5082403F510E43509F516
:1021500011EC851082851183F00EE9FF8E828F834A
:10216000E0F5128A828B83E0F9E512850882850901
:10217000831293D150010F1293BBA3A31293D1509A
:10218000010FECF9121D8DE9700302A0EF8E128F82
:1021900013AA0CAB0D851082851183E0F9121D99ED
:1021A0008521828522837401F0A3E4F08521828554
:1021B0002283E0600C7514017515007800790080A9
:1021C0003A7514FF7515FFEA24FFF8EB34FF802AF7
:1021D000851282851383E0C0E0E50C28F582E50DC9
:1021E00039F583D0E0F0851282851383A3858212AE
:1021F000858313E82514F8E93515F9EAFCEBFDECC5
:1022000024FF1AED34FFFBEC4D70C585088285096B
:1022100083A3A3A3A3A3A3A3A3A3A3E50CF0A3E574
:102220000DF0851082851183E0F9121D9312A24FE3
:1022300050010812A25B02A0EFAA0AAB0B0287A70B
:10224000A4F8A9F0E50A28F582E50B12AF8522E98A
:10225000F8EE29FEE43FFFE8A2E022E50C28F50CA9
:10226000E4350DF50D2212A78885088285098312B1
:102270009F75EE98EF992274F4120C1D8A828B835D
:10228000A3A3A312AADE8A828B83A312A7847A0354
:102290007B001209C3E8F50875F00312A733121B7F
:1022A000CBEA4B60348A828B83E508F075080080A6
:1022B0001FE50812A00AF50AA3E0FDE50A88828955
:1022C00083A3A3F0A3EDF0EE2402FE50010F050856
:1022D0008A828B8312879240D80283EC74F6120CA8
:1022E0001D12A2FB7A027B00121BCBEA4B60091283
:1022F00097BE8A828B83A3F00295798A828B83A30F
:10230000A3A312A788E8FEE9FF2274E2120C1D7451
:10231000F01212A88A088B09EA240CF582E4350928
:10232000F58312A7ADEA2406F51CE43509F51DEA8C
:102330002402F51AE43509F51B850E82850F83E02A
:10234000F8C39406E875F006400302A3DE12A73333
:10235000121BCB8A128B13EA4513700302A63412A8
:10236000A771800A850C82850D837486F00E850E18
:1023700082850F83E0F8EEC398400302A51212A7EE
:10238000FF12121812A7E3121D6374021211F5E96D
:10239000640170D0740512154CE0A2E6400F12A73C
:1023A000B512154CE0A2E720F001B350B7A2E050FF
:1023B0002312A7C1121DB7E9F8850C82850D83F0A1
:1023C00070AB740612154C1292C8740412154C129C
:1023D000A7A78098850C82850D83748F808EA4A911
:1023E000F02401F50AE439F50B7E00807885088237
:1023F00085098312A784880C890D740812127888C5
:102400001089117810121218EE129CABE50E28F507
:1024100082E50F39F58312AAD0850C82850D8312CF
:10242000AA9EE50C12A75E350DF583E0F9121D6337
:1024300074021211F5E96021740E12154C12949E6B
:102440006017740C12154CE0F9121D998B0DE50AFA
:102450002AF50AE50B350DF50BE50A2403F50AE428
:10246000350BF50B0E850E82850F83E0F8EEC398D1
:10247000500302A3EDC3E50A946FE50B9400E84016
:102480000302A57212A730121BCB8A128B13EA45E6
:1024900013700302A63412A771800A850C82850D81
:1024A000837486F00E850E82850F83E0F8EEC39864
:1024B000506012A7FF12121812A7E3121D637402D4
:1024C0001211F5E9640170D3740512154CE0A2E60F
:1024D000400F12A7B512154CE0A2E720F001B3504F
:1024E000BAA2E0502312A7C1121DB7E9F8850C82E9
:1024F000850D83F070AE740612154C1292C87404E8
:1025000012154C12A7A7809B850C82850D83748FB2
:10251000809185088285098312AAC1851C82851D48
:1025200083128E1912121C750801780812121C856C
:102530001A82851B8312A798F508780812121C7856
:102540001212121885108285118312AACDE510127D
:10255000AF593511FBE51012A75E3511F583E0F98F
:10256000121D2774051211F5AA12AB13121BD1020A
:10257000A72479002403F85001097A047B0012098A
:10258000BBE8F50D7E00805E850882850983E0F555
:1025900012A3E0F513851C82851D83128C1D121277
:1025A0001C750A01780A12121C851A82851B831277
:1025B000AAF012121C781012121885128285138349
:1025C00012AACDE51212AF593513FBE51212A75E20
:1025D0003513F583E0F9121D2774051211F5AA10C1
:1025E000AB11121BD10EEEC3950D400302A724EED2
:1025F000333354FCF50A850E82850F83E0FA7900A7
:10260000E50A2404F8500109EAFCC3E89CE99400B7
:10261000A2D265D0335005E8F50B80028A0BE50B9A
:10262000C3950AF50C12A730121BCB8A108B11EA46
:1026300045117005790002A7268A828B83E50CF08C
:102640007F00800A8516828517837486F00FEFC39A
:10265000950C400302A588E50A2FFAEF75F00612E3
:10266000A749EA2AF8E433F9E50E28F582E50F12C6
:10267000A73D12AFB21292CFE5142402F516E4354D
:1026800015F517850882850983E0F512A3E0F51397
:1026900074081212788818891978181212188A8208
:1026A0008B8312AFD3121D6374021211F5E964011A
:1026B0007092740D12154CE0A2E6401A851A8285BC
:1026C0001B8312AAB0740D12154CE0A2E720F00192
:1026D000B3400302A644A2E0503F850882850983E7
:1026E00012A784740812128812A768121DB7E9F89D
:1026F000851682851783F0600302A64D740E1215AD
:102700004C12AFB21292CB740C12154CE0851482AD
:10271000851583A3A3A302A64C851682851783740F
:102720008F02A64C790174101211F57F16020F2446
:1027300075F006A4A9F02401FAE439FB2212A7419E
:102740002212AF85AA82AB8322A4F8A9F0E5102853
:10275000F582E51112AF858582148583152212A7B3
:1027600062222414F582E42212AF5839FB12A7D753
:1027700022850E82850F831297CBF07E0022850C76
:1027800082850D8312A7882212A793F922850882D9
:10279000850983E0F8A3E02212A79C22E01313131B
:1027A000541F64015401221289BFA3A322E0F50E35
:1027B000A3E0F50F22851A82851B8312AAB4740543
:1027C0002285088285098312A788AC21AD2212AF29
:1027D0005839FB12A7D722E82414F582E439F5838F
:1027E000E0F9228A828B8312AFEF851082851183F4
:1027F00012AAA6E51012A7623511F583E0F922EEC0
:10280000F875F006A4FAABF0E5122AF582E5133B61
:10281000F583A385820A85830BE828F8E433F9E57C
:102820000E28F582E50F12A7411292D5E8F0A3E930
:10283000F0E50A2402F50CE4350BF50D85088285D8
:10284000098312AAC5A821A92288148915781422FF
:1028500074E6120C1D74F61212A88A0A8B0BC200C1
:102860007E00EA240CF582E4350B12AABF8A828B23
:1028700083A3A3A3A3A3A3A3E06402701C85108277
:1028800085118312AFA4121BCB8A088B09EA450974
:102890007005790002A9A8D2007F00E50A2402F59C
:1028A00012E4350BF5138010A200500B850E8285C3
:1028B0000F83748612AAF80F851082851183E0F8C1
:1028C000EFC398400302A95512AF72858216858323
:1028D00017EE75F003A4F8A9F0E50828F582E509DC
:1028E00039F583E5822402F50CE43583F50DA385E3
:1028F000820E85830F850A82850B8312A784881434
:102900008915740212127888188919781812121809
:1029100085168285178312AAD185148285158312A4
:10292000AA9E12AA91121D6374021211F5E9700396
:1029300002A8A885128285138312AAB07407121503
:102940004CE0A2E720F001B34061850E82850F8341
:10295000748612AAF8A200504DEE8508828509837C
:10296000F0700312AFF5850A82850B8312AADE850B
:102970000A82850B83128C1712121C750A01780AC1
:1029800012121C85128285138312AAF012121C786F
:102990000812121812AFBC121D2D74051211F5AADF
:1029A00008AB09121BD17901028C3185168285177B
:1029B00083A3A3E0F8740612154CE068600302AA32
:1029C00077850A82850B83E0F514A3E0F51574087A
:1029D00012154C1299CE606D851482851583A3A3C0
:1029E000A3A3E064037002A3E070488516828517F4
:1029F000831299CE703D851682851783A3129AA003
:102A0000750E00780C1212147C027D0074031212F1
:102A100080121B1774031211F5850A82850B83E05F
:102A2000F812AAE485218285228312AAA21230A775
:102A300002A8B77816121218740412128812AA8902
:102A4000121DBD8017851682851783A3A3A3120FBD
:102A5000F3740412128812AA89121DC3740212118F
:102A6000F5E9A200400302A8B7700302A8B7850EDB
:102A700082850F8302A8B4A200400302A8B7850E86
:102A800082850F83748D02A8B4E51412AF593515F1
:102A9000FBE51412A7623515F583E0F922A3A3A381
:102AA000A3A312AAAA22A3A3A3A3E0FAA3E0FB2252
:102AB00012AAB422E0131313541FA2E092F022F5DD
:102AC0008312AAC522E0F510A3E0F51122A3A3A367
:102AD000A312AFEF22F9880889098882F583E0FE06
:102AE000A3E0FF22A3E0C812A76238F583E0F92231
:102AF00012A79CF50A780A22F085168285178312A0
:102B0000AB09E8F0A3E9F00E2212A793F9850C8235
:102B1000850D832274EC120C1D74F81212A8EAFEC3
:102B2000EBFF8C0E8D0F750C00741C12154C129B54
:102B30009280328E828F831299C18A108B11781005
:102B40001212187402121288E50A12AF59350BFBE3
:102B5000E50A12A75E350BF583E0F9121DC3740276
:102B60001211F5050CC3E50C9508E4950940030224
:102B7000AC03E50C75F005A4F8A9F0E50E28F50AFC
:102B8000E50F39F50B8E828F8312A7848810891187
:102B9000A821A922881289137812121218850A8294
:102BA000850B8312A7E7121D6374021211F5E96009
:102BB00052E50A2403F8E4350BF98810891188825C
:102BC000F58312AAA2740612154C1299C1E50A45A2
:102BD0000B700302AB33740412154CE0F9121D990B
:102BE0008A128B13AC12AD1385108285118312AC3F
:102BF0000B121214AA0AAB0B121B1774031211F555
:102C000002AB6374081211F50285A712AAC57512EA
:102C10000078102274E6120C1D74F61212A88A0CA9
:102C20008B0D750E00750F007E00EA240CF582E412
:102C3000350D12AABF851082F58312AFA4121BCBEB
:102C40008A088B09EA4509700302AD177F008042AC
:102C500012A77E850A82850B8312AAD18882898376
:102C600012AA9E12A76D121DAB85218285228312A6
:102C700092C2852182852283E0A2E0500312AF69CF
:102C8000852182852283E0250EF50EA3E0350FF520
:102C90000F0F851082851183E0F8EFC39850501212
:102CA000AF7285820A85830B12A77E8812891374FE
:102CB00002121278881489157814121218850A8263
:102CC000850B8312AFD3121D6374021211F5E970E4
:102CD0004B850882850983A37486F0850A82850B5B
:102CE0008312A7848508828509831292CD7E01EE26
:102CF000850882850983F0600302AF1175F005A491
:102D0000FF129F1A121BCB8A0A8B0BEA450B705CD1
:102D1000AA08AB09121BD1790002AF55740612152F
:102D20004C1292D8A3A3E069600B850882850983C1
:102D3000A3748D80A5740712154CE0A2E1400B85A9
:102D40000882850983A374888090A2E5500B8508CA
:102D500082850983A3747E8081740812154C1294B5
:102D60009E700302AC50121D9902AC69EA2FF51255
:102D7000E43BF5137F00801B852182852283E0A23E
:102D8000E0500312AF6985218285228312A7841245
:102D9000AF5E0F851082851183E0F8EFC398400382
:102DA00002AEFDEF75F00512A749E50A28F50EE51C
:102DB0000B39F50F12A77E88168917740212127844
:102DC00088188919781812121885148285158312AB
:102DD000AAD185168285178312AA9EE51612A75ED0
:102DE0003517F583E0F9121D6374021211F5E970CD
:102DF0000302AEFD85148285158312A784850E8299
:102E0000850F831292CF850E82850F83A3A3A3E53E
:102E100012F0A3E513F0740812154C1299CE60411C
:102E2000A821A922880E890F780E12121874041294
:102E30001288AA12AB13121D9F74021211F5850C91
:102E400082850D8312A7AD78141212187404121221
:102E500088E50E12AF59350FFB12AF8A121DBD80E7
:102E60005012A77E880E890FA821A92288168917DB
:102E7000781612121878121212188514828515838A
:102E800012AAD1850E82850F8312AA9E12AF8A12D2
:102E90001DB174041211F5850C82850D8312AFB239
:102EA000A3A3A3120FF3740412128812A768121DB1
:102EB000C374021211F5E9FAEA700302AD78EE75F7
:102EC000F003A4F8A9F0E50828F8E50939F9EA883B
:102ED000828983A3F085148285158312AF9612929E
:102EE000C00EEFF50E750F00780E121218AC0AAD79
:102EF0000BAA0CAB0D121E0574021211F5EE85081B
:102F000082850983F0700312AFF5AA0AAB0B121B7E
:102F1000D1850C82850D8312AADE850C82850D83F6
:102F2000128C1712121C750A01780A12121C850CD9
:102F300082850D83A3A312AAF012121C7808121224
:102F40001812AFBC121D2D74051211F5AA08AB0999
:102F5000121BD17901028C31E82406FAE422E51231
:102F600028F512E51339F513222401F0A3E034000B
:102F7000F022EF75F005A4F8A9F0E51028F582E538
:102F80001112AF852239F583A322E50E12A762350F
:102F90000FF583E0F92212AF9A22E0FAA3E0FB8852
:102FA00082898322E075F003A4A9F02401FAE439B0
:102FB000FB2212A788851482851583228E828F8337
:102FC00012AFEBEE12AF593FFBEE12A7623FF58353
:102FD000E0F92212AFEF85128285138312AAA6E5CB
:102FE0001212A7623513F583E0F922A3A3A3A3E08D
:102FF000FCA3E0FD22A3E4129F8504F022C082C05E
:1030000083901606E4F0A3F07CE97D167A917B1597
:10301000121CC112265D122435D083D0820211C247
:1030200074F2120C1D74FE1212A8E9FEEAFF8B085E
:103030008C0974016E600874026E600302B150EF77
:10304000600874036F600302B0E91227E9E9605376
:1030500074036F604E121B2F8A0A8B0B780A1212B0
:1030600018750A01780A12121C750A00780A1212E1
:103070001CE509F50A780A12121CE508F50A780A17
:1030800012121C9015AB120FEF901917E0F97CB6D5
:103090007D16901A1D12BDFF122459740A1211F5E3
:1030A00002B14B7902121FEB901917E0F99015ABA2
:1030B000121535122447E9F89015BBE0A2E3401041
:1030C000E8700D901608E004F06404700312B16C0F
:1030D00074036F7078901609E0F9740129F0E9C360
:1030E0009405406912B16C806474016F7062740160
:1030F0006E790A702E121FEB7A007B0490179FE006
:10310000F9121C97AA21AB227950122F8D12C52ECD
:1031100090175212BE0D790090175212BDFF122463
:10312000D18044121FEB9019F3120FEF7A007B202D
:103130009015B0E0F9121C8B74041211F590191758
:10314000E0F99015AB121535122471E9F8E8601713
:103150009083FC120FEF7A017B009015B0E0F9121A
:103160001C8B74041211F5740202C51A9015ABE49D
:10317000F0A374F8F0A374FFF0A37407F02274F6C0
:10318000120C1DE9FFEAFE7AD1F9121B538A828BD9
:1031900083E5824583702A7A027B00121B35EA4B55
:1031A000700E7A107B009015B0E0F9121B77801436
:1031B0008A828B8374D1F0EFA3F0EEF9121B418069
:1031C00003EFA3F002B2E074F7120C1D890890031C
:1031D0005112C7F6801A8E828F8312B21CE06009EA
:1031E00012B228FAA9081220158E828F8312CACF34
:1031F000FFEE4F70E19019DDE0F47003A3E0F4609E
:103200000A9019DDE0FAA9081220151229E190159B
:103210008712BE051229DB7F01020F24A3A3E0F869
:10322000A3E0F98882898322A3A312B22E2212B8C6
:10323000BAE02274F4120C1D890B7D00740C121577
:103240004C12C53480010DEDC3950B503D750A003D
:103250008002050AE50AC39C50ECED25E0FEE4334C
:10326000FFEA2EF582EB3F12CA8EF509AE0AEE2E6A
:10327000FEE433FFE82EF582E912C2B5650870045A
:10328000A3E0650970CC7901800279007F04020F08
:10329000240211C274F6120C1D12B3377003A3E09E
:1032A0006D70177508B97509157808121218EEFABD
:1032B0001220ED74021211F5801F75080275098045
:1032C00078081212188C088D09780812121812B397
:1032D0002C12210574041211F5800574021211F5E7
:1032E0007F02020F2474F6120C1D12B3377003A371
:1032F000E06D70177508C67509157808121218EE7A
:10330000FA1220F374021211F5801F750803750973
:103310008078081212188C088D0978081212181279
:10332000B32C12210574041211F580B412BAB1E065
:10333000FD7C8012BE4E22EAFEEBFFEE12BF793F0B
:1033400012C0F412B35128FCE439FD901587E06CEB
:1033500022FAA3E0F8E4C8F9EA2274F6120C1D740C
:10336000FE1212A8EAFEEBFF852182852283E4F09B
:10337000A3F012BE3812C0EDFBECFA88828983A359
:10338000A3E0F9750900750800600574FF69700510
:10339000750882802F901587E06A7003A3E06B7038
:1033A00015AA21AB221230D7E9FA12C05870037562
:1033B00008838A09800E1223BDE96005750889809B
:1033C00003750881852182852283E0FCA3E0FDA9A5
:1033D00008EEFAEFFB1220F9E509600B12C0586005
:1033E0000612BDF9121BD102B2DB0211C274F21235
:1033F0000C1DEAFEEBFF75090075080012B45EF5BE
:103400000AE439F50B1229E1EA650A7003EB650B52
:1034100070121230CBE914F50979017AD27B1512BA
:1034200030C5800375088112C2AFF50C780C1212FA
:103430001C750CD2750D15780C1212187809121221
:103440001C780A121218780812121C12BF8E12C2AF
:10345000B2F97A057B801220FF740702C51A12BAEE
:10346000C112C53888828983E012B351282274F6CC
:10347000120C1D780080308A828B8312CA90FEE481
:10348000CEFFE5082EE43FF509E825E0FEE433FF32
:10349000EC2EF582ED3FF583E508F0A3E509F0EAAF
:1034A0002402FA50010B08E8C39940CB02B2E07441
:1034B000E0120C1D8A1A8B1B751300751600751708
:1034C0000075140075150012BF74351B12C8ECF599
:1034D0000B850A82F58312B468F508E439F509858D
:1034E0000A82850B83A3A312C922A3A3E0F9EAFEF3
:1034F000E439FFE51A240FF51EE4351BF51FE51A24
:103500002402F518E4351BF519E51A240EF51CE420
:10351000351BF51DAA08AB09122A77E9640170383A
:10352000851C82851D83E0F50A780A12121CE4F5D9
:103530000AF50B780A121218780A12121C7808126F
:103540001218750880780812121C12B8C31220FFD6
:1035500074071211F502B8B5AA08AB09122A77E967
:103560007050901587E065087004A3E0650960421B
:10357000901A1FE0600464017035851C82851D83EC
:10358000E0F50A780A12121CE4F50AF50B780A1223
:103590001218780A12121C7808121218750881780D
:1035A0000812121C12B8C31220FF74071211F50280
:1035B000B8B5850A82850B83A3A3A3A3E0F509E52B
:1035C0000A2405F50A5002050BE509602212CA77A4
:1035D000121BCB8A168B17EA45176013AC16AD1772
:1035E000AA0AAB0BA90912204B8A0A8B0B80037520
:1035F0000900850A82850B83E0F508A385820A8588
:10360000830B601E12CA77121BCB8A148B15EA45F6
:1036100015600FAC14AD15AA0AAB0BA90812204B0C
:1036200080037508009003518045E4F0A3F0AA0CD4
:10363000AB0D850E82850F83A3A312B8BA12B228F0
:10364000F9121B41850A82850B83E0C0E0A8137440
:10365000D228F582E43415F583D0E0F00513A200FA
:103660005007AA0AAB0B121BD1850E82850F83E08F
:10367000F50EA3E0F50FE50E450F700302B82785A0
:103680000E82850F83A3A312C534E8FAE9FB8A8270
:103690008B83E0FC60D3850E82850F83A3A3A3A355
:1036A000A3A3A3A3E0A2E050C0850E82850F83A34D
:1036B000A312B21CE5824583600FECFA7901123146
:1036C000278A0A8B0BD200800F8A828B83A3A3A345
:1036D000A312C8EEF50BC200E50A450B6080850A0F
:1036E00082850B83A3E06E7003A3E06F600D74FF0F
:1036F0006E700374FF6F600302B65E850A82850BED
:1037000083A3A3A3A3A3A3A3120FF3850A82850B0C
:1037100083A3A3A3A3A3A3E0FCAA16AB17A9091232
:10372000202174021211F5E97038850A82850B8315
:10373000A3A3A3A3A3A3A3A3A3A3120FF3850A8206
:10374000850B83A3A3A3A3A3A3A3A3A3E0FCAA1411
:10375000AB15A90812202174021211F5E9700302B9
:10376000B65EE5082509C333240AFA7B00121B352F
:103770008A0C8B0DEA450D700302B6448A828B8356
:1037800074D2F085188285198312C5348A828B839E
:10379000A3A3E8F0A3E912C8D6A3E50912CB9DE5DF
:1037A00008F0EA2405F582E4350DF583E509602883
:1037B00012C899350D12BE048516108517117512A1
:1037C000007810121214AC09EC2CFCE433FD121B2F
:1037D0001774031211F58004E4F0A3F0E50C24083B
:1037E000F582E4350DF583E508700302B62AA809D1
:1037F000E828F8E433F9E50C28F8E50D39F9E81282
:10380000C89A3912BE0485141085151175120078F6
:1038100010121214AC08EC2CFCE433FD121B1774CC
:10382000031211F502B62EE513602D851C82851D4D
:1038300083E0F508780812121C7508D2750915780E
:1038400008121218E513F508780812121C90158753
:10385000120FF37508008033E51A12C7FB351BF50C
:1038600083E07037851C82851D83E0F50878081297
:10387000121C7508D27509157808121218750800FF
:10388000780812121C901587120FF3780812121C78
:1038900012B8C31220FF74071211F5E51645176020
:1038A00007AA16AB17121BD1E51445156007AA1419
:1038B000AB15121BD17F18020F24E0F8A3E0F583AB
:1038C000888222AC18AD19851E82851F83E0F97AA3
:1038D000067B802274EF120C1D74F41212A8EAFE0B
:1038E000EBFF8C088D09740B12154C7403F0121247
:1038F00080121CC11229DB8A0A8B0BAC0AAD0BEEBD
:10390000240CF50AE43FF50B7403121280121CBB61
:10391000E9601CE5082413F50CE43509F50D850C68
:1039200082F583E0FA74036A601074016A600B85A3
:103930002182852283748402BA3EE5082408F8E4D3
:103940003509F9880E890F8882F583E0F510602526
:1039500074FF6510601FE5082414F8E43509F9E8E0
:10396000FCE9FD74036A70188C828D83E0F86005B1
:1039700074FF68700B852182852283748202BA3EAF
:10398000E5082409F8E43509F9E8FAE9FBE5082433
:103990000BF50850020509850A82850B83E0642136
:1039A0007002A3E07065852182852283748C12C524
:1039B00014E0F510781012121CAC08AD098A828B45
:1039C0008312BDFF850E82850F83E0F912270B74E9
:1039D000011211F5E97068852182852283E4F012D5
:1039E0001FD3850C82850D83E0640370527401122D
:1039F0001288AA08AB09122729E970437D007C00D0
:103A00007900AA08AB091220C980348C828D83E02A
:103A1000F50C780C12121CAC08AD098A828B83124B
:103A2000BDFFA91012271174011211F5E985218239
:103A30008522837007E4F0121FD380037488F0128C
:103A4000C2AFF508780812121C74011212788808A7
:103A500089097808121218850A82850B8312CA9088
:103A60004480F509780812121812BF841220BD7420
:103A7000051211F5740C1211F57F09020F24C08292
:103A8000C08374F31212A8852182852283E4F00496
:103A900012154C12BE05740312154CAA82AB831288
:103AA0002345AA21AB22122381740D1211F502B015
:103AB00019EE12C5283FF58322EAFEEBFF12BAC1C8
:103AC00022EE2413F582E43FF5832212C882FBEA3A
:103AD0004B2274E8120C1D74DB1212A88A168B1785
:103AE000751200751300750D0012BF74351712BEE4
:103AF0003E799C1224A7901A1FE0600464017014A0
:103B00007A0479001223ABEAF50D852182852283A0
:103B1000E02A80088521828522837401F0E0F8E59F
:103B20000EC398400302BD96E0C3950EF509C394F9
:103B3000044003750903E50975F01AA4FAABF01205
:103B40001BCB8A128B13EA4513700302BD99750CC7
:103B500000AE12AF13850E0802BBFA7C087D007917
:103B6000FFAA14AB15121B23E50A2404F8E4350B55
:103B7000F9EE2416FAE43FFBEE2415FCE43FFDEEDB
:103B80002414F514E43FF51588828983E0702E85AE
:103B90000A82850B8312C05E8514828515837004AA
:103BA000E4F080087401F0901765E01485108285B8
:103BB000118312C514740212C846E480339017654D
:103BC000E00485108285118312C88EC39403851486
:103BD00082851583400302BCA3740212C88E64015F
:103BE000700302BCAF8C828D83740112C8467401CD
:103BF000F0EE241AFE50010F050CE50CC3950940A8
:103C00000302BD14E508C3950D400302BCB7AA0822
:103C10007B001223ED8A0A8B0B050890175212BE07
:103C200021121CC1850A82850B8312C534EE241231
:103C3000F582E43FF583E8F0A3E912BE13EE241801
:103C4000F510E43FF511851082F58374FF12C93336
:103C5000A3A3A3A3A3A3A3A3A3E0C0E012BDEFD09B
:103C6000E0F0740112154CE412C879F8A3E0F9747D
:103C70000212154C12BE0DEE240AF514E43FF515A0
:103C8000740112128012236FE96401600302BB5BAE
:103C9000740412154CAC82AD83AA14AB15121CC16E
:103CA00002BB68740112C88E6403600302BBE58C1A
:103CB000828D83E402BBEBE50DC3950E40057508CC
:103CC000008058E50EC3950DF508804F850A828562
:103CD0000B83E412C514F0901765E0148A828B837D
:103CE00012BE13741D12154CE0C0E012BDEFD0E0FF
:103CF000F0EE2414FAE43FFB8882898312C05E8AC6
:103D0000828B837003E480027401F0EE241AFE506B
:103D1000010F050CE50CC39509507E740E12128834
:103D2000AA087B0079871224A70508741812154C7D
:103D300012BE21121CC1741012154CAC82AD83EE60
:103D400012C89A3FFB121CC1EE2412F8E43FF9742A
:103D50000E12154C12BDFF8882898312BE05EE2417
:103D600018FAE43FFBEE2416FCE43FFDEE2415F5C3
:103D70000AE43FF50B901A1FE0600764016003023C
:103D8000BCCC850A82850B83740212C5140412C848
:103D90004674FF02BCE0750900750A00780A121229
:103DA0001C7812121218780912121CE50EF5097807
:103DB0000912121C740512154CE0FD7C00E5161268
:103DC000C7F13517FBE51612C5223517F583E0F963
:103DD00012210B74051211F5E51245136007AA12A2
:103DE000AB13121BD174251211F57F10020F24EEB4
:103DF0002419F582E43FF5832285218285228312EE
:103E0000C882FB22FBEAF0A3EBF022A3A3E8F0A315
:103E1000E9F022F0EE2417F582E43FF5837402F016
:103E20002212C5388E828F83E8F0A3E9F07C667D8C
:103E300017EE12C7F13FFB22EE12BF793F22F58346
:103E400012B22EF50EAC21AD227A007B0022EE24B8
:103E500002FAE43FFBEE240FF582E43FF583E0F93C
:103E60002274EF120C1D74FE1212A88A0A8B0B75B5
:103E70000E00750F0012BF74350BF58312B22AF5D0
:103E80000DAC21AD227A007B0079A3122717AA0D71
:103E900012C52EC3EA98E499501E8521828522839B
:103EA000E0C39AFEA3E09400FFC3EE9404EF9400F5
:103EB00040617E037F00805F7E00750C00EEF97527
:103EC0000800780812121C780E121218E9F508780A
:103ED0000812121CE50DF508780812121C74051260
:103EE000154CE0FDAC0CE50A12C7F1350BFBE50AF9
:103EF00012C522350BF583E0F91221117405121158
:103F0000F5E50E450F6007AA0EAB0F121BD1740228
:103F100002BA76EE4F60A3EEFAEFFBEA75F015A455
:103F2000FAA8F075F015EBA428FB121BCB8A088BBE
:103F3000098A0E8B0FEA450F6032750C0075100070
:103F4000C3E5109EE49F400302BEBDAC08AD09A8C6
:103F50000DE51028FAE43400FB79A2122717E508D2
:103F60002415F50850020509051080D4750CB579A3
:103F70000002BEBF12BF7822EA2413F582E4227445
:103F80000102B2DD790112BF8EFAE43FFB22EE247A
:103F900002FCE43FFDEE240F2274F4120C1D74FAAF
:103FA0001212A88A088B09EA12C8FE12C7F6FFEEA1
:103FB000FAEFFB12234BE960171229DB8A0A8B0BFD
:103FC000AC0AAD0BEEFAEFFB121CBBE96401700A00
:103FD000740112154CE4F0A38009740112154CEE23
:103FE000F0A3EF12C8E3FEA2E65008740312154CCA
:103FF0007401F0EEA2E75008740412154C7401F03D
:10400000740512154C12C064F0F50A780A12121CDD
:104010007401121278880A890B780A121218750A2C
:1040200034750B80780A121218790112C0DA122046
:10403000BD74051211F57401121280122495EEA2BE
:10404000E7400D740112154C12C05E7003123089E6
:1040500074061211F502B28C85218285228312C565
:1040600038E84922E4F08521828522832274F61201
:104070000C1D74FF1212A812BAB912B22AF50874F4
:10408000FF650870037508FEA90812245FE9852101
:1040900082852283F01227E9E96005A9081221AD83
:1040A000EE240B12C2B2702C750800780812121C94
:1040B0007401121278880889097808121218750894
:1040C00036750980780812121812BF841220BD7448
:1040D000051211F502BF7F0211C2E5082402FCE4BB
:1040E0003509FDE508240FFAE43509FB2212C0F476
:1040F000FCA3E022F583E0F8A3E0F988828983E05D
:104100002274F6120C1D74E01212A8EAFEEBFF9066
:104110001754E0F87408686008740468600302C209
:10412000AAAC21AD221220AB122B9D740212154CA9
:10413000AC82AD8312BDF9122AA7E96401700302B3
:10414000C2AA74181212801229ED740212154CAC16
:1041500082AD837418121280121CBBE9602C1229E4
:10416000E78A088B09A808A909852182852283E0AE
:10417000687003A3E069601212C52E90174812BE42
:104180000D7A487B17794B1222791229E18A088B24
:1041900009A808A909EE241112C2B2687003A3E0AD
:1041A000696050740212154CAA82AB831223D58A1F
:1041B000828B83E5824583601CA3A3A3A3E0F874EC
:1041C00001686005740268700C740212154CAA82B2
:1041D000AB831223E19017E212C05E6016901A0CB6
:1041E000E06401700E12BDF99017E3E0F583888258
:1041F000123127790012BDF91225D9901752E0FC2F
:10420000A3E0FD12BDF9122B55740B12154C12C010
:104210006412C534740C12154C12BE0D740B1212BC
:104220008012236FE9603F7C087D007900741812CA
:104230001280121B23740E12154CAC82AD837418BD
:10424000121280121CBBE9601D740212154CAC8264
:10425000AD83740E12154CAA82AB83122345740BE6
:10426000121280122381740212154CAC82AD837439
:104270000E12154CAA82AB83122345740B121280C6
:10428000122375E96024740C12154C12C489E0687D
:104290007003A3E069601312C52E740C12154C1242
:1042A000BE0D740B121280122381742002B2DDEE57
:1042B000240EF582E43FF583E02274EA120C1D74AB
:1042C000F71212A88A088B09751500750C00750D78
:1042D000001220B18A0E8B0FEA450F700302C465ED
:1042E000751400801E850A82850B83A3A3A3A3A354
:1042F000A3A3A3E510F0A3E511F085120AF50B05C1
:10430000150514850E82850F83E0F8E514C39840E7
:104310000302C3A6E514F51075110074037810129A
:1043200013C6E50E2510F582E50F3511F583A3AE12
:1043300082AF83EEFAEFFB1223D58A108B11A810FF
:10434000A911E84960BB88828983A3A3A3A3E0FAEB
:1043500074016A600574026A70A7E8241BF582E4A0
:1043600039F583E0640170997A0A7B00121BCB8ACD
:10437000108B118A12EEFCEFFD121CC18510828594
:104380001183A3A3A3A3A3A3A3A3E4F0A3F0E50C29
:10439000450D600302C2E585100A85110B850A0CE4
:1043A000850B0D02C2FFE515700302C45E7408128E
:1043B000154C740212C49312C48912BE0D751400F8
:1043C000E515F50A750B007403780A1213C6AA0ADC
:1043D000AB0B121BCB8A108B11EA4511607A802D32
:1043E000850C0A850D0BAC0CAD0DE514F50C750DA7
:1043F000007403780C1213C6E510250CFAE511358C
:104400000DFB121CC1051412C46F121BD1E50C4523
:104410000D70CD750A00780A12121C750A1F750BF3
:1044200080780A1212187810121218A91574051241
:104430001288E508240FFAE43509FB1220E174051F
:104440001211F5AA10AB11121BD18012850C0A852E
:104450000D0B12C46F121BD1E50C450D70EEAA0EA8
:10446000AB0F121BD174091211F57F0E020F2485B8
:104470000A82850B83A3A3A3A3A3A3A3A3E0F50CA4
:10448000A3E0F50DAA0AAB0B2212C538852182855F
:10449000228322F0850882850983A3A32274F21265
:1044A0000C1D1220B18A088B09EA45096063750A60
:1044B000008049E50AF50C750D007403780C1213A1
:1044C000C6E508250CF582E509350DF583A3AE8216
:1044D000AF83EEFAEFFB1223D58A828B83E5824508
:1044E000836017A3A3A3A3E0F874016860057402B6
:1044F000687007EEFAEFFB1223E1050A8508828552
:104500000983E0F8E50AC39840A9AA08AB09121B81
:10451000D102C51DF08C828D83221211F57F060217
:104520000F24240FF582E422240EF582E422852153
:104530008285228312C53822E0F8A3E0F922A3F095
:10454000A3E912C54622F0EE2402FE2274F6120CF4
:104550001D12C5E012CA8EF509AC08FDEEFAEFFB9C
:10456000121CC1850882850983A3A3A312CBA5A32E
:10457000A3F0E5082409F50850020509F58212CBDD
:10458000BAA3A312BE0E850882850983A3A3E0F80F
:1045900012BABDE8F0E5082403F50850020509EE5B
:1045A000240BFAE43FFB7403687025AC08AD0912D4
:1045B0001CC1850882850983A3A3A3A3A3A3A3A3E6
:1045C000E0C0E0EE2414F582E43FF583D0E0800CF7
:1045D00085088285098312C906F0A3E9F002B2E0DA
:1045E000ECFEEDFF12BF783B2274F2120C1D750A2F
:1045F00000EA241312C83DEA2410F582E43BF58357
:10460000E0C3940C40128E828F83E0F8A3E0C812BE
:10461000C7FB38F583E0F50AA80AE828F8E433F97F
:10462000E8240DFAE439FB121BCB8A088B09EA4512
:1046300009700302C6C58E828F8312C8C7F88A82AA
:104640008B8312C6CC707EEEFCEFFDEA2403FAE405
:104650003509FB121CC1EE2408FE50010F12C911CE
:1046600012BE0EE508240BF8E43509F9E8FAE9FB77
:104670008A828B83E4F0E50A604BE508240DF8E4B8
:104680003509F98E828F83A312C92C12C8A4C0E009
:1046900012C8BBD0E0F0EE2404FE50010F850A0BD7
:1046A0008E828F83E0FCA3E0FBEC8882898312BEBC
:1046B00006E82402F8500109EE2402FE50010F150D
:1046C0000BE50B70DBAA08AB0902C51D12C8AFAE23
:1046D00082AF832274F6120C1D12C850600302C709
:1046E000E9E812C7F139FBEC2403FEE43DFF8A82BE
:1046F0008B83E05407F5088E828F83E054F84508D9
:10470000F50912C808A2E3E433F508A2E0E4333364
:104710003333F50874F7550945088E828F8312C824
:1047200008A2E4E433FAA2E0E433C4FA8E828F8371
:10473000E054EF4AF0E82403FAE439FBEC24040ED9
:10474000E43DFF8A828B83E054F8F5088E828F83E4
:10475000E054074508F50812C8085407FA74F855DC
:10476000084A8E828F8312C81E8C828D83A3A3A3D6
:10477000A3A312C80DA312C88712C82412C801121D
:10478000C82412C88712C83512C80112C835A3122E
:10479000C801A3A3A3A3A3A3A3A3A3F0E8240AF897
:1047A0005001098882898312C7F6FBEEFAEC12C722
:1047B000FB3DF58312BE0588828983A3A3E0C0E098
:1047C000EC240DF582E43DF583D0E012C80DE0C085
:1047D000E0EC12C5283DF583D0E012C81EC0E0EC25
:1047E00012C5223DF583D0E0F002B2E0FCEFFDE51A
:1047F000082402FAE422E0FEA3E022240BF582E47E
:1048000022E08C828D83A32212C84AE02212C811B2
:104810002212C81522F088828983A3A3A32212C87A
:1048200011A3E02212C82822A3A3A3A3A3A312C802
:1048300015A3A3A322A3A312C828A3A322F8E43B91
:10484000F9E8FEE9FF2212C84A22F08A828B83220D
:1048500012BF783B12C0F48C828D83F088828983EA
:10486000A3A882A98312C7F6FBEE8C828D83A3F0E6
:10487000A3EBF08C828D83E022F0850A82850B8386
:10488000E022E0FAA3E022A3E08C828D832212C80A
:104890009222F088828983E022EA240AFAE4221232
:1048A000C8A9A32212C8A9E02212C8AFA3A322F06C
:1048B0008E828F83A3227F08020F24E508240CF543
:1048C00082E43509F5832212C8CB22E0FEA3E0FF83
:1048D0008E828F83E02212C8DA22F08A828B83A331
:1048E000A3A32212C89FA3A3A3A3E022F583E0F50C
:1048F0000AA3E02212C8F82212C8AFA3E02212BF16
:10490000793509F58322E0FCA3E0F9EC8A828B83F8
:10491000228E828F8312C882F9EA850882850983F4
:10492000A322E0FA850A82850B83A322A3E08A8270
:104930008B8322F0850A82850B83A32274F0120CEC
:104940001DEAFEEBFF8C088D098E828F8312C888CA
:1049500012C6CC12CAF612C53E50010F12CAF2A3FB
:10496000A3A3F0A3E912C8F4C4540F8C828D83A3CF
:10497000A3A3A3A312C8A4F50CEE2404FE50010FB8
:104980008C828D83A3A3A3A3A3A3E50CF0EC24073F
:10499000F8E43509F9880A890BE50C604C12CA77EE
:1049A000121BCB8A0E8B0FA80EA90F850A82850BCE
:1049B0008312BE0DE849700302CA427A0080248E39
:1049C000828F83E0F50EA3E0FCE4CCFDE50E2CE441
:1049D0003DF50F12CA7EE50EF0A3E50F12C5465055
:1049E000010F0AEAC3950C40D68E828F83E0F50C46
:1049F000A3AE82AF83850882850983A3A3A3A3A363
:104A0000A3A3A3A3F0606B12CA77121BCB8A0E8BF1
:104A10000FA80EA90F850882850983A3A3A3A3A3CA
:104A2000A3A3A312BE0BE849701C850A82850B83E1
:104A300012BACB600D121BD1850A82850B83E4F07C
:104A4000A3F07901802E7A0080228E828F8312CA91
:104A500090FCE4CCFDE5082CE43DF50912CA7EE5A6
:104A600008F0A3E50912C54650010F0AEAC3950CE8
:104A700040D8790002C8B625E0FAE433FB22EA25E3
:104A8000E0FCE433FDE82CF582E93DF58322F58373
:104A9000E0F508A3E02274F6120C1D8C088D0912B3
:104AA000CAC112CACFFF12CAF212C53F50010F127B
:104AB000C7EC3509FB121CC112CAD6A3A3F002B27F
:104AC000E012CAC522EA2413F582E43BF5832212E0
:104AD000C538E8FEE9228E828F83A3A3A3A3A3A3F4
:104AE000A3A3E0850882850983A3A3A3A3A3A3A30B
:104AF000A3228E828F8312CAFE8C828D832212C8DB
:104B000082F9EA2274F2120C1D12CAC112C7F6FF12
:104B1000EA240CF582E43BF583E0641F7004A3E013
:104B2000648070098E828F83A3AE82AF838E828F62
:104B300083E0F50DA3AE82AF83F508750900740319
:104B400078081213C6E5082401FAE43509FB121BA4
:104B5000CB8A0A8B0BEA450B603C8A828B83A38548
:104B600082088583098A828B83E50DF0750C0080AD
:104B70001EEEFCEFFDAA08AB09121CC1EE2408FED4
:104B800050010FE5082408F50850020509050CE559
:104B90000CC3950D40DBAA0AAB0B02C51D12C8DA87
:104BA000A3A3A3A32212CBAAA322A3A3A3A3A3E0FC
:104BB0008E828F83A3A3A3A3A32285098312CAFE97
:104BC0008E828F83A3A3A3A3A3A3A32274F7120CA3
:104BD0001DE99015B0F090158F7402F09015877450
:104BE000FEF0A304F01229DB1220097AD27B1912FD
:104BF0003113121FE5121EFB02D0A874F7120C1D10
:104C000074F01212A889081221A7E508603A9017DB
:104C10006EE070349019FBE06401702C9016BEE0D9
:104C20006026AC21AD227A627B001222257900AA8F
:104C300021AB22122837790012283D7C107D0079A3
:104C400000AA21AB22121B2312E0CD602012CC72ED
:104C5000FEA3E0FF9015B612E029121BD1EEF8EF8B
:104C6000F99015B6E8F0A3E9F0E84970E074100295
:104C7000D0A59015B6E0F8A3E0F5838882E0227411
:104C8000F2120C1D890AEAFEEBFF5480702DEEA291
:104C9000E050417901121FEB7C0F7B0F9015B4E0BF
:104CA000FA9015B9E05407F912200FEE640102CD15
:104CB00099121EEFAA08AB09121B3B9015B0E0F940
:104CC000121B4D8A088B09EA450970E5EEFAEF647C
:104CD0008002CDC454026009121ED7EE640202CDD8
:104CE00099EE542060349015B1E0701D9015B3E03A
:104CF000640670057907121FEB7900121C67901A81
:104D00000CE064017003121FF17A107B009015B063
:104D1000E0F9121B77EE6420807FEF5440600B12A5
:104D20001FCDEEFAEF644002CDC4EF5420603B90FB
:104D300015B3E0640C700D7902121FEB121FBB90CB
:104D400019F3800B790C121FEB121FC19019EF128F
:104D50000FEF7A007B209015B0E0F9121C8B7404E1
:104D60001211F5EEFAEF6420805AEE5410602E9086
:104D700015B3E0F912201B9016B1E0640170179092
:104D80008310120FEF7A007B0890179FE0F9121C36
:104D90008B74041211F5EE6410FAEF8027EE5408BC
:104DA0006006EE6408FA8037EF5401601A901754D9
:104DB000E0F874086860057404687003121EE3EE7E
:104DC000FAEF6401FB8018EE5404600A7A0379FF5D
:104DD00012226112155FEEFAEFFBA90A121EBF0242
:104DE000E16C74F0120C1DEAFEEBFFEE5440700310
:104DF00002CE7712E0CD607A12E6A7A3A312E029D3
:104E00001221B312CC72F508A3E0F5099015B61281
:104E1000E029121BD19015B612E02FE50845096074
:104E200051850882850983A3A3A3A3E0F50CA3E021
:104E3000F50D8014850882850983A3A3A3A3C3E08D
:104E4000950CF0A3E0950DF085088285098312E0AA
:104E50001DE508450970DDE4F50EF50F780C12121A
:104E6000107A407B009015B0E0F9121C8B7404128C
:104E700011F5EE6440801AEE54806019121F0D1275
:104E80001EDD7901122FE17A017903123071EE648F
:104E900080FAEF802BEF5402600A121F13EEFAEF34
:104EA0006402801CEF5408600A122237EEFAEF64A5
:104EB00008800DEF5404600B12223DEEFAEF6404FB
:104EC000FB80047A007B007F08020F2474F0120C30
:104ED0001D74B61212A88A0A8B0B89097508017E07
:104EE000007F009015B3E08521828522837008E45D
:104EF000F0F912225580037401F0AA21AB227952F5
:104F0000122279121FF79015BBE090173FF0901511
:104F1000B8E06404600302CFE4E4F0122A11122A1C
:104F20001712224974016508600302D055121ED180
:104F3000121B2FEA547FF8E50A28F8E4350BF9E84C
:104F40002464FEE439FF90169B1215119015AB12E4
:104F5000151D7A0279FF1222619080627409121283
:104F600088744112113E750C10750D0374091212EC
:104F700078880E890F780E121218750E41750F0081
:104F8000780E1212187C007D00E50C2410FAE50D55
:104F90003403FB121C4F74041211F5E97011050C57
:104FA000E50C7002050DC39440E50D940340BD90DF
:104FB000174574FEF0A304F090174814F0A304F012
:104FC000901752F0A3F07C087D0079007A667B1779
:104FD000121B237900122A2F7401650970347A009C
:104FE0007B008041121ECBE9F508600302CF1B1243
:104FF0001EE9E9F508750C018E0D8E0E8E0F9017C7
:1050000047E0780C12117E9015AB780C1214BB029D
:10501000CF247C087D0079007401121280121B23BA
:105020007401121280122243750C31750D17780C21
:10503000121218750C6E750D00780C1212187C0087
:105040007D007A217B00121C4F74041211F57A0244
:105050007900122261A908121EB374FF650A700458
:1050600074FF650B60109015B37401F0121F31EEE0
:10507000FAEFFB121FAF9015BBE0F9122A71A908D5
:10508000744A1211F502CEC774F7120C1D7E00127D
:10509000225BE9F8A2E150077E017900122FE1EED0
:1050A000F9800574051211F57F01020F24C082C03A
:1050B00083901A1FE0700E9015B47402F09015B929
:1050C000E054F880369015B9E054F8F8901A1FE0D3
:1050D0006401700474018007E06402700774024880
:1050E0009015B9F07AE97B16122BBBE99015B470D4
:1050F00003E480077403F09019D104F002DA0CC0C5
:1051000082C0839015B1E0704E9015B3E0640870D2
:1051100033121FA37909121FEB90035FE06405703F
:105120000A790112306B121F0D800CE064077007C2
:105130007A017907123071901A0CE0640170111233
:105140001FF1800C7A107B009015B0E0F9121B77EC
:105150007900121C678037122A65E9790024105003
:105160000109C394FFE99400A2D265D033501A120A
:105170002A65E9F8741029F9122A6B7A017B0090EC
:1051800015B0E0F9121B778005790012306B02DA56
:105190000CC082C0839015B3E06405703A121F2BD7
:1051A0007906121FEB12D5AB60097B007A007900FB
:1051B00012248F121FD3121F13121FC79015BBE0AA
:1051C000A2E35008901A0CE06401700E9019D912F5
:1051D00015351229FF8003121FD302DA0CC082C0DA
:1051E00083790F122A237A02790012226102DA0CE3
:1051F00074F7120C1D122A11E9FE7045122A1DE9DE
:1052000060361229E190158712E6CD90158712E0DD
:10521000D070079015B9E054F8F0901A1FE06402BE
:105220009015B470097403F0901754E4800274016F
:1052300012DAC6121CC180027E0990172AE4F0A37C
:10524000F0EE700479008002790102D0A874F612A1
:105250000C1D8A828B83E014602B14605E24E8604E
:105260000A2447600B24D6600C807F122123807DA6
:10527000121EF580789015CA12E0D0607012E6A771
:1052800012312780689015B3E064027060901A1F95
:10529000E064016005E064027053123041E9600689
:1052A00012302FE960471228FD8B09EA4509600496
:1052B0007901800279001230298032901A1FE0644F
:1052C000016005E06402702590035FE064076005FB
:1052D000E0640870109015B1E0700A7A0190035FE5
:1052E000E0F9123071121F078003121F018026752A
:1052F00008B27509157808121218750801750900A9
:1053000078081212187C007D007A857B00121C4FF1
:1053100074041211F57F02020F2474F6120C1D742E
:10532000EB1212A8EAFEEBFFEE240CF582E43F122A
:10533000E01B7808120ED802002100220076D3006C
:1053400080018049D3000088D31220998A088B09F4
:10535000AE08AF09EE4F60308E828F83E0700EEEA4
:105360002403FCE43FFDA312E02912205DEEFAEFD6
:10537000FB121BD18012AC21AD22122093AC21ADC7
:1053800022EEFAEFFB12205774158086C082C0838C
:105390007A017B809015B0E0F91221177A007B80AA
:1053A0009015B0E0F91221177A217B009015B0E03A
:1053B000F91221177A227B009015B0E0F91221171B
:1053C00002DA0CC082C0838A828B83E024FC600AEC
:1053D00024FE601824FE6021802F901A1FE06401D3
:1053E0006005E0640270221221BF801D901A1FE048
:1053F000640170151221C58010901A1FE0640160CD
:1054000005E0640270031221CB02DA0C74F6120C70
:105410001D9015B3E064036015E0640A600302D4D4
:10542000A39015B9E054076401600302D4BA901543
:10543000B1E070677A107B009015B0E0F9121B772D
:105440007901121F1FE970097905121FEB7901809C
:105450004C9015B3E0640A700D12D5AB6024901720
:10546000547408F0801CE064037017121FC7900387
:105470005FE06402700C7901122FE17A0179021267
:1054800030717906121FEB12D5AB700302D5A87BE1
:10549000007A00790012248F02D5A8790012301703
:1054A00002D5A8E064046012E0640E600DE0640FB1
:1054B0006008E0640D600302D5969015B1E0706657
:1054C0009015B5E4F07901121F1FE9700F790512EC
:1054D0001FEB7A107B27121F2502D5A87906121F11
:1054E000EB7A007B209015B0E0F9121C979015BB69
:1054F000E0A2E3501D901A0CE070179083D41215AF
:10550000351229FF7A007B00122A057A007B0012EF
:105510002A0B12D5AB60097B007A00790012248F28
:10552000121FC702D5A89015B4E06401703790151A
:10553000B5E004F0C39404501F901752E0F47003D8
:10554000A3E0F4601B9015B47403F09015907401FF
:10555000F09019D17404800C9016F1E0640170058C
:105560009015B4E4F0122B3D1224539015BBE0A229
:10557000E35008901A0CE06401702D9015B4E064BB
:105580000370259019EDE0F508A3E0AA08FBE4FC00
:10559000FD1229FF8012E0600F121FC77A107B00F6
:1055A0009015B0E0F9121B7702D3159015B9E054AD
:1055B0000764022274F1120C1D74F41212A87E000A
:1055C0007508667509178E0A80010E903855E493A8
:1055D000F8EEC398400302D690A821A922880C892E
:1055E0000D780C121218750C0C750D00780C121237
:1055F000187C007D00EE2475FAE43400FB121C5583
:1056000074041211F5740412154CA982AA83890C32
:105610008A0D750E00780C1212147C087D00A90802
:10562000AA09AB0A121B1D74031211F5E970617C03
:10563000087900740412154CAA82AB83121BADE9E1
:105640006088EEFF78081212147C087D007407123F
:10565000154CAA82AB83121B1774031211F5852116
:1056600082852283E4F0A3F0A3F0A312DBE71212F9
:105670001875080C75090078081212187C007D0056
:10568000EF2475FAE43400FB121C4F74041211F578
:1056900002D7D774F1120C1D74DF1212A8740C1209
:1056A0001280122831740C1212788808890978083F
:1056B00012121875081575090078081212187C0066
:1056C0007D007A827B00121C4F74041211F575085C
:1056D0000080020508AE087F00903855E493F8EE8C
:1056E000C398400302D772EE2475FE50010FA82123
:1056F000A922880A890B780A121218750A0C750BF0
:1057000000780A1212187C007D00EEFAEFFB121CE2
:105710005574041211F5740412154CA982AA8389D8
:105720000C8A0D750E00780C1212147C087D00791D
:10573000667A177B00121B1D74031211F5E9609342
:10574000741D12154C1215118521828522831215A4
:105750001DA821A92288088909780812121875083D
:105760000C75090078081212187C007D00EEFAEF23
:1057700080457C087D0079FF740412154CAA82AB29
:1057800083121B23741D12154C121511852182855D
:10579000228312151DA821A92288088909780812D8
:1057A000121875080C8F0978081212187C007D00F9
:1057B000EE2474FAE43400FB121C4F74041211F549
:1057C00090172AE4F0A3F07C15FDF9740C121280F6
:1057D000121B2374218002740C1211F57F07020F33
:1057E0002474F1120C1D74F41212A8750800805470
:1057F000A821A922880A890B780A121218750A0CA6
:10580000750B00780A1212187C007D00EEFAEFFB8F
:10581000121C5574041211F5740412154CA982AAB5
:1058200083890C8A0D750E00780C1212147C087D89
:105830000079667A177B00121B1D74031211F5E9BB
:1058400070250508E5082475FEE43400FF903855FE
:10585000E493F8E508984098852182852283121503
:1058600011E8494A4B605A9015AFE070547401F04A
:105870009083F078081214D98521828522837808D4
:105880001213FF852182852283121511901722128F
:10589000151DA821A92288088909780812121875EF
:1058A000080C75090078081212187C007D00EEFAC9
:1058B000EFFB121C4F74041211F590172AE4F0A3A9
:1058C000F002D7D774F5120C1D74DB1212A87E00FB
:1058D000121F197410121278880889097808121298
:1058E000187508158E0978081212187C007D007A48
:1058F000827B00121C5574041211F5E970467C106D
:105900007D007900AA21AB22121B23A821A922889D
:105910000889098E0A78081212147C107D0074140C
:1059200012154CA982AA837B00121B1D740312114D
:10593000F5E970107E017C157D007900741012125B
:1059400080121B23EEF974251211F57F03020F2438
:1059500074F4120C1D8A088B097A047B009015B030
:10596000E0F9121C9DEA4B4C4D701BE4F50AF50B57
:1059700078081212107A047B009015B0E0F9121C1E
:105980008B74041211F502DBE2C082C0837A047BBF
:10599000009015B0E0F9121C977A047B009015B0C6
:1059A000E0F9121B7D02DA0C74F6120C1D9015B290
:1059B000E4F07508B275091578081212187C017D9B
:1059C000007A857B00121C4374021211F5E97020E5
:1059D0007808121218750801750900780812121853
:1059E0007C007D007A857B00121C5574041211F531
:1059F00002D31574F6120C1DE9FE9015B27401F075
:105A00006E70037403F002D2EF1211F5D083D082CE
:105A10000211C274F6120C1DE9FE121F377A887B40
:105A2000131226A57A007B0190179FE0F9121C97AC
:105A30007A007B0190179FE0F9121B7D901A1FE0FE
:105A40006402704474016E70289019E5121511906B
:105A500019D912151D9019EB12E0159016D5E8F022
:105A6000A3E9F09019E912E0159016D7E8F0A3E940
:105A7000F09083D41215351229FF7A007B00122A88
:105A80000B7A007B00122A0574016E702F9015B3FB
:105A90007402F09015B404F0901590740112DAC6F7
:105AA000121CC19017547402F0122453121B2FEAD7
:105AB000547F2464FA7B00121FAF80077A887B131F
:105AC000121F2502D315F07C667D177A917B152273
:105AD00074F1120C1D74E61212A88A088B09ECFEF0
:105AE000EDFF890AEEFAEFFB12216BEEFAEFFB12E3
:105AF000213590041612E0D06033741112154C74E5
:105B000003F08E0C8F0D750E00780C1212147C08A9
:105B10007D00740C121280121B1774031211F5749D
:105B20000912128090041612E6A412312774011291
:105B3000154CE4F0A3F0740312154C12E02F740519
:105B400012154CEEF0A3EFF0740712154C7402F02E
:105B5000742912154CE0705C1227E9E97056741232
:105B60001212887A007B0079AB122717E4F50CF546
:105B70000D780C1212187402121288EEFAEFFB1252
:105B800027C574021211F5901A1CE0640170178584
:105B90002182852283E0700E740812154CE4F00413
:105BA0001212801227CB740812154C7401F01212D5
:105BB000801227CBA90AEEFAEFFB122A7D7900AA00
:105BC00008AB091225D9901752E0FCA3E0FDAA0802
:105BD000AB09122B55121FA3741A02D7D9740412E1
:105BE00011F57F04020F24F0A821A9228808890951
:105BF00078082274EE120C1D890F8A108B118C0A02
:105C00008D0BAE11EEFA7B00121B358A088B09EA68
:105C100045096035EE6020E50A450B601A850A0CDF
:105C2000850B0D750E00780C121214EEFC7D00121F
:105C30001B1774031211F5850882850983E510F09E
:105C4000AA08AB09A90F121B417F0A020F24C082C8
:105C5000C08374FD1212A8E9852182852283F09009
:105C6000159D12E27F6009AA21AB2212312780170D
:105C7000740212154CE4F0041212887B027A01902F
:105C800015B0E0F9121F497900740302DA09E0FE49
:105C9000A3E0FF2274F7120C1D74EF1212A8E99012
:105CA00015B1F0600302DD8B7901122FE1901A1F0C
:105CB000E0700B9015B3E070127908121FEB901A88
:105CC0001FE060076401600302DD8B908250740165
:105CD000121288741012113E1227E9E9700302DDD6
:105CE0008B7A667B17122BBBE9700B7CF57D0C7AE7
:105CF000667B17121CC17A007B0079F01222797A38
:105D0000457B17795312227990173FE0A2E35004A4
:105D1000D2F08002C2F0A2F0E43385218285228392
:105D2000F0AA21AB2279521222799017547408F00C
:105D3000122A29121F19901722121511E8494A4BED
:105D4000700D9017227401F0A3E4F0A3F0A3F07A91
:105D5000007B039015B0E0F9121B777401121280DA
:105D60001221D77900740112128012283790176E11
:105D7000E07005790012283D7C107D0079007401E7
:105D8000121280121B23790112306B7A027B009071
:105D900015B0E0F9121B77741102D0A574EE120C45
:105DA0001DEAFEEBFF90159F12E27F60061231277D
:105DB00002E0019017A012E01D9017A0E0F50AA3E1
:105DC000E0F50BEE2404F50EE43FF50FEE2402F5AA
:105DD0000CE43FF50D803E85088285098312E015AD
:105DE000850C82850D83E0687003A3E069701485DB
:105DF0000882850983A3A3E0F8850E82850F83E0DE
:105E000068607385080A85090BE5082414F582E4A7
:105E1000350912E01BE508450970BC7A167B0012B3
:105E20001BCB8A088B09EA4509700302E0017C1646
:105E30007D007900121B23850882850983A3A3A313
:105E4000A3A3A3A374FEF0A304F0850882850983AD
:105E5000A3A3A3A3A3A3A3A3A3A3F09017A012E0BB
:105E6000D070059017A0800BE50A2414F582E43564
:105E70000BF58312E02F8E828F83A3A3A3A3A3A38A
:105E8000A3A3A312E004A3F0EE2408F8E43FF988EA
:105E900082898312E004F0850E82850F8312E00B65
:105EA000F0850C82850D8312E0298508828509839F
:105EB00012E6CD12E4CBE0C0E0E5082413F582E45D
:105EC0003509F583D0E0F0E508240BFAE43509FB49
:105ED00088828983E06401600CEE240DFCE43FFDC0
:105EE000121CC180097C087D0079FF121B23EE245F
:105EF0000A12E30E8882F583E0F8901929E0C3982E
:105F0000400302E0018E828F83A3A3A3A3A3E064D6
:105F1000016009123041E9700302E001C2F0850A14
:105F200082850B83E0F50CE5082409F8E43509F9CE
:105F300088828983E0F50DE508240AFAE43509FB37
:105F4000EE240BFCE43FFDE50DC3950C500C8C8258
:105F50008D83E0C3941440198019E50D650C70130E
:105F60008A828B83E0F50C8C828D83E0C3950C5084
:105F700002D2F0EE2406F50CE43FF50D850C82F517
:105F800083E070198E828F83E0F50EA3E0F50F9009
:105F90001748E0650E7004A3E0650F7034A2F0505E
:105FA000308E828F83E0F50EA3E0F50F85088285A1
:105FB0000983A3A3A3A3A3A3A3E50EF0A3E50F1254
:105FC000E42788828983F08C828D83E08A828B83A8
:105FD000F08E828F83A3A3A3A3A3A3A3E0600D8568
:105FE0000882850983A3A3A3A37401F0850C82858D
:105FF0000D83E0600C850882850983A3A3A3740147
:10600000F002DC4912E00BA3A3A322E085088285FD
:106010000983A3A322E0F8A3E0F922F583E0F508C1
:10602000A3E0F509228E828F83E0FAA3E0FB22E54C
:1060300008F0A3E509F02274F7120C1DE99015B1E0
:10604000F0700B9015B3E070057906121FEB7A2003
:106050007B009015B0E0F9121B7702D0A874F712FC
:106060000C1D74FB1212A8E9FE9015B1F07014908B
:1060700015B3E070057903121FEB9019D91215358D
:106080001229FF9015A112E0D0602FEE85218285A4
:106090002283F090174512E029740112154C12E684
:1060A000CD90174812E029740312154C12E6CDAAC0
:1060B00021AB22888289831231277C007D007B02FC
:1060C0007A029015B0E0F9121F4902D0A39015B6DC
:1060D000E0F8A3E0F9E84922C082C08374FF1212FD
:1060E000A8E9852182852283F09015A712E27F60BE
:1060F00007AA21AB22123127740102DA0974F212C5
:106100000C1D8A0A8B0B90035112DC8E121FD37A5E
:10611000107B009015B0E0F9121B778048EE240246
:10612000F8E43FF9880889098882F58312CC756004
:106130002D7A047B00121B35EA4B60228A828B8306
:1061400074D6F0A3A3E50AF0A3E50BF085088285D9
:10615000098312E6A4A3A312CC75F9121B418E8207
:106160008F8312DC8EEE4F70B4121FC77F06020FB2
:106170002474F0120C1D8A088B097A047B00901598
:10618000B0E0F9121C9DEA4B4C4D6005790102E22A
:106190004C121FD3741012154CE0F8600D74016896
:1061A0006008740268600302E24A7A067B00121BF0
:1061B000CB8A0A8B0BAE0AAF0BEE4F70057910023B
:1061C000E24C12E0CD9015B67006EEF0A3EF801F02
:1061D000E0FAA3E08003E8FAE9FB8A828B8312E00D
:1061E000D070F3EEF8EFF98A828B83E8F0A3E9F040
:1061F0007A407B009015B0E0F9121C9D8A0C8B0D43
:106200008E828F83E4F0A3F08E828F83A3A312E0AB
:106210002F7458C3950CF87402950DF98E828F83F4
:10622000A3A3A3A3E8F0A3E9F07458687003740271
:106230006970179083F4120FEF7A407B009015B0CD
:10624000E0F9121C8B74041211F5790002CEC774A8
:10625000F7120C1D74FB1212A812E6C77402121575
:106260004CECF0A3EDF0740412154CE9F090159B82
:1062700012E27F6007AA21AB2212312702D0A3E0ED
:10628000F8A3E0F988828983E58245832274F412B9
:106290000C1DEAFEEBFF1229DB8A088B09AC08AD66
:1062A0000912E30BEE2402F508E43FF509AA08FB06
:1062B000121CBBE9640170239015A312E27F600EEB
:1062C000EEFAEFFB1231278B09EA4509703A850A8D
:1062D00082850B83E0F9121F3D802D850A82850B94
:1062E00083E0F50A780A12121C8E828F83A3A3A37F
:1062F000A3A3A3A3A3A3A3E0F9AC08AD0912E025CF
:10630000121F4374011211F502DBE2EE240BF8E4D4
:106310003FF9880A890B2274F2120C1D74F81212CC
:10632000A8EAFEEBFF12E30BEE240C08E43FF98829
:106330000889098E828F83A3A3A3A3A3A3A3A3A3E6
:10634000A3E064017071740212154CE4F088828934
:1063500083E0701A740112154CE412E4278521823F
:10636000852283F0123089AA21AB2212249B850852
:1063700082850983E064017027740312154CE4F0F0
:10638000A3F0740512154CE4F0740612154C740158
:10639000F0740712154CE4F0740312128012249565
:1063A000850882850983E0F9121F3D74021212806C
:1063B000795212227980591229E78A0C8B0D850AAD
:1063C00082850B83E0F912E025E50C6A7003E50D88
:1063D0006B7020740169600E12D5AB70168508824F
:1063E0008509837401F0850882850983E0F9121F0D
:1063F0003D801D850882850983E0F5087808121222
:106400001CEE2402FCE43FFD121F4374011211F53F
:106410009015A512E27F6007EEFAEFFB12312774A8
:10642000081211F502E16CF0850A82850B83E022E7
:106430000211C2C082C08312255502DA0CC082C08C
:10644000831229E102DA0CC082C0837A007B0190BA
:1064500015B0E0F9121C9DEA4B4C4D7003121FD38E
:1064600002DA0C74F6120C1DEAFEEBFF12E4CB12FA
:10647000E01554807052EE240BF582E43FF583E082
:1064800070467413687001E9603EE8F508E94480DD
:10649000F5097808121218E4F508F50978081212BF
:1064A00018EE240EF582E43FF583E0FD7C84EE24B3
:1064B00002FAE43FFBEE240FF582E43FF583E0F9B6
:1064C00012210574041211F502D315EE240CF58285
:1064D000E43FF5832274F4120C1DEA4B60218A0814
:1064E0008B09E4F50AF50B78081212107A017B008B
:1064F0009015B0E0F9121C8B74041211F5800C7A1F
:10650000017B009015B0E0F9121B7702DBE274F713
:10651000120C1DE9FE9015BBE0A2E1501A9019F98A
:10652000E06E60139015B9E054F84402F09015BB8A
:10653000740CF0F9122A7102D0A8C082C0839015A1
:10654000B3E064016005E0640270119019D0740139
:10655000F07A007B00121FAF79018002790002DA25
:106560000CC082C0839015B3E06401600AE064024D
:106570006005E0640C70099019D0E4F079018002A4
:10658000790002DA0C74F6120C1D7A007B001226D8
:10659000A51229DB8A088B09AE081229E1750800CB
:1065A000780812121C9015BBE0F9EEFCAD09122020
:1065B000DB74011211F57A007B001226A502D315B7
:1065C00074F4120C1D74F61212A8AA21AB22122424
:1065D0002F8A088B09EA4509605485218285228328
:1065E000E06044740912154C740FF0740112154CDC
:1065F00074FCF0A374FFF0750A00780A12121C757F
:106600000A1F750B00780A121218780812121874F3
:106610000512154CE0F974061212887A0A7B1612DC
:1066200020E174051211F5AA08AB09121BD1740AF6
:1066300002DBDFC082C08390173FE0A2E1400E7A08
:10664000007B019015B0E0F9121B7780179083F85A
:10665000120FEF7A007B019015B0E0F9121C8B74D9
:10666000041211F502DA0CEA24010A50010B02119E
:10667000C274F7120C1D74FB1212A812E6C7740242
:1066800012154CE9F0740312154CECF0A3EDF090E8
:10669000159912E0D0600AAA21AB2212E6A71231A6
:1066A0002702D0A3E0F8A3E0F583888222C082C04D
:1066B000837A00EA25E012E6D3E4F0A3F00AEAC305
:1066C000940940EF02DA0C852182852283EAF0A347
:1066D000EBF022F8E433F9749928F582741539F552
:1066E000832274F7120C1DE9FE9015B3E06E600E64
:1066F000EEF07A107B009015B0E0F9121B7702D013
:10670000A874F4120C1D121B2FEA5410F508EB5458
:1067100027F509E4F50AF50B9083C078081213A059
:1067200078081212107A007B409015B0E0F9121C24
:106730008B02DBDD74F7120C1DE9FE900354F0129E
:106740002F3F7A027B80EEF91221177A017B80EECF
:10675000F91221177A047B80EEF912211702EE71EB
:1067600074F6120C1DEAFEEBFF7A077B00121BCBBE
:10677000EA4B60238E828F83E08A828B83F0A3A30F
:106780007444F0A3741512E79AEEF0A3EF12E79A9F
:10679000A3A3E4F012311302FA00F08A828B83A3E0
:1067A000A3A3A32274F4120C1D74F81212A8EAFE1B
:1067B000EBFF8908A821A922880A890B780A1212FE
:1067C000187C007D007A037B00A908121D63740207
:1067D0001211F5E96056740612154C12F5F7E06EC9
:1067E0007003A3E06F6045EE4F88828983601EEEE0
:1067F000F0A3EFF09083FC120FEF7A007B20900360
:1068000054E0F9121C8B74041211F5800FE4F0A30C
:10681000F0FA7B20900354E0F9121C9790036F125A
:10682000F9376008A90812F5DE123127740802F062
:10683000F974F4120C1D74EC1212A889085308CED6
:10684000901915E070127A047B00900354E0F9125D
:106850001C9DEA4B4C4D6024901918E06010E5082F
:10686000A2E1500A7A017904123071630802743F80
:106870005508F8901915E048F002EA31743F5508C0
:10688000FE901915E04EF0900363E0600302EA0DFC
:106890007401F0121ECBE96401701A7A567B001263
:1068A0001C498A0A8B0BAC0AAD0BEC4D60077A567B
:1068B0007B00121C5B12224F750A18750B19780A9F
:1068C000121218750A01750B00780A1212187C0052
:1068D0007D007A557B00121C5574041211F5901935
:1068E00018E06401600302EA0D901A1FE064016081
:1068F00008E06402600302E9E17C0879009016F286
:1069000012FB60121BADE9600302E9E11227E9E91D
:10691000600302E9E1A821A922880A890B780A12FA
:106920001218750A01750B00780A1212187C107D76
:10693000007A117B01121C5574041211F590165F38
:10694000E0700302E9E1852182852283E064FD7025
:106950000302E9E1E06402700302E9E17C137D00D7
:1069600079007401121280121B23741112154C74D9
:10697000FFF07401121278880A890B780A12121833
:10698000750A13750B00780A1212187C007D007AC4
:10699000117B01121C4F74041211F590167FE4F064
:1069A000A3F0A3F0A3F0A3F0A3F0A3F0A3F0901939
:1069B00018F0750A18750B19780A121218750A0161
:1069C000750B00780A1212187C007D007A557B0046
:1069D000121C4F74041211F57A0379FF12226180A0
:1069E0004090035F7407F074104EF8901915E0485A
:1069F000F079007A007B00121EC5E970051230475D
:106A0000802F7900122FE17A007907800F901915F5
:106A1000E0700E90035F7407F07A00F91230718015
:106A20001090035FE4F07A04FB900354E0F9121B2A
:106A300077741402F0F974F6120C1D74FD1212A88A
:106A4000740112154CE912F1B812F6291212187CD1
:106A5000037B007A0A900354E0F9122FC3740212E8
:106A600011F5740302F9FDC082C083E99019198001
:106A700057C082C0837900122FE17A0379FF122276
:106A8000618046C082C08374FB1212A8901918E07E
:106A90006021901915E0A2E540197C057D00790080
:106AA000AA21AB22121B23123089AA21AB22122465
:106AB00095800A1230897AF47B01121F2574051221
:106AC00011F58005EAF0A3EBF0D083D0820211C269
:106AD0000211C274F6120C1D74FC1212A8E9FEEA2F
:106AE000FF90035FE06E6013E06408600302EE3C19
:106AF000900362E06406600302EE3CEE1470030251
:106B0000EBBE14700302ED8C14601B14700302ECD6
:106B10004514700302EC7A14700302ECDF14700366
:106B200002EDC702EE05901A1FE064016008E06400
:106B300002600302EE059083E8120FEF7A047B00F7
:106B4000900354E0F9121C8B74041211F5EF6022CB
:106B500090035F7401F0800612FB5D123011900308
:106B60006412F93770F29083FC1215351229FF0276
:106B7000EE3C852182852283E4F09083FC1215355A
:106B80001229FF9019147402F012154C7401F09040
:106B9000035FE4F0901915E0C2E112EF2B122279A5
:106BA0001230891224A17900121FEB90036412F9AC
:106BB00037700302EE0512FB5D12301180ED901A62
:106BC0001FE064016008E06402600302EE05EF600C
:106BD0003B7A03790012226190035F740412F94139
:106BE000120FEF7A047B00900354E0F9121C8B74AF
:106BF000041211F59083FC1215351229FF7A007BDF
:106C000010900354E0F9121C9702EE3C7402121526
:106C10004C7401F09019147407F07A007B10900303
:106C200054E0F9121C97901915E4F09083E4120FC8
:106C3000EF7A027B00900354E0F9121C8B7404126B
:106C400011F502EE05740212154C7401F0EF600AA2
:106C5000901914E4F07907121FEB12F93D120FEFAF
:106C60007A047B00900354E0F9121C8B7404121117
:106C7000F5901915E0C2E102EE04740212154C748D
:106C800002F0EF901914600CE4F07A03F91222611B
:106C9000790780287408F0901A1FE060046401707E
:106CA0001E901918E07018852182852283E412EF66
:106CB0002B1222791230891224A17900121FEB12B3
:106CC000F93D120FEF7A047B00900354E0F9121C97
:106CD0008B74041211F5901915E0C2E202EE0474EF
:106CE0000212154C7403F0901914E07006900368BA
:106CF0007401F0900353E0600302EE3C90035912DC
:106D0000FB60122F4B8B09EA4509600302EE3C7AC7
:106D1000007B40900354E0F9121C9DEA4B4C4D60FF
:106D20000302EE3C90035BE4F0A3F090035DF0A35C
:106D3000F07A597B03122FCF7A007B40900354E006
:106D4000F9121C97900368E0600A901914E0640B34
:106D50007002E4F0900368E4F090035FE064067072
:106D60001912F940120FEF7A047B00900354E0F9F6
:106D7000121C8B74041211F5800A900362E0640601
:106D80007002E4F0901915E0C2E3807879001229CE
:106D900021740212154C7404F0EF600C901914E485
:106DA000F0A3F07907121FEB12F93D120FEF7A04EE
:106DB0007B00900354E0F9121C8B74041211F590BF
:106DC0001915E0C2E0803D740212154CE4F0EF604A
:106DD00027121F19901914740DF090035FE4F090BE
:106DE00083D8120FEF7A047B00900354E0F9121C51
:106DF0008B74041211F580069019147402F0901926
:106E000015E0C2E4F090036912F937602F9019146D
:106E1000E0C0E0740112154CD0E0F0740112127859
:106E20008808890978081212187C037B007A0A9076
:106E30000354E0F9122FC374021211F5740402F91D
:106E4000FD74F7120C1DE960047A01801F90191D72
:106E5000E0601790190A121511E8494A4B600B902F
:106E6000191DE4F0F9122FFF80077A00790512301E
:106E7000717F01020F24C082C083901918E0F902CB
:106E8000EAC979000211C274F6120C1D74FF1212C5
:106E9000A87E00901731E004F07508317509177865
:106EA000081212187508018E0978081212187C0051
:106EB0007D007A217B00121C4F74041211F57900B9
:106EC000121F1FE96401700479048002790E121FF9
:106ED000EB901745E064FE7003A3E0F470027E01BE
:106EE000901752E0F47003A3E0F470047E01803642
:106EF000EEA2E04031852182852283740112EF2BBE
:106F00001222797901121F1FE96401901747700B53
:106F1000E0F97A917B151224778009E0F97A917B68
:106F20001512247DE9FEEEF902F9FBF0AA21AB224D
:106F300079522274F6120C1D74FF1212A8E9FE8514
:106F40002182852283E4F0EE6022A821A92288080C
:106F5000890978081212187C017B007A0390035487
:106F6000E0F9122FC374021211F5803090191DE060
:106F7000602390190A121511E8494A4B60179019BD
:106F80001DE4F090190A1215351230057A327B0093
:106F9000121FAF80077A00790312307102F9FB7477
:106FA000F4120C1D750800750A007509001228FD01
:106FB00090036412FDFF1229039003648005050805
:106FC00012F0EF12FB57EE4F70F490036412F93792
:106FD000700302F0ED90036D12F937600EA90812EC
:106FE000FB5D90036E12F5DE12312790036412FBF5
:106FF00057EE4F700302F0E1750B008022E064024F
:1070000070087401687003750901E50A7009EEFAE9
:10701000EFFB1230111508050B12F0EF12FB57E5CC
:107020000BC39508400302F0E17A917B15122BBB4C
:10703000E964017013EE240BFCE43FFD7A917B15AB
:10704000121CBBE9702180C6901A1DE0F47003A3E6
:10705000E0F460138E828F8312F929901A1DE06884
:107060007003A3E06970A790174812F9298E828FE8
:1070700083A3A3A3A3A3A3A3E0687003A3E0697001
:107080000A74FE68700374FF697018E5098E828FB8
:1070900083A3A3A37006E0700A02F00EA3E07003BE
:1070A00002F00E8E828F83A3A3A3A3A3E0F8901710
:1070B00042E068600302F0178E828F83A3A3A3A32C
:1070C000A3A3E0F89019F9E068700302F017E064F8
:1070D00001600302EFFD740268600302F00A02F02F
:1070E00007050AE50AC39402500302EFEB800DEE98
:1070F00012F21A3FF5832274041211F57F04020F75
:107100002474F6120C1D74FF1212A890036412F975
:1071100037900361601712F15512300BE960338527
:10712000218285228312F1551230118005E412F676
:1071300010F0A821A9228808890978081212187C61
:10714000017B017A03900354E0F9122FC3740212F9
:1071500011F502F9FB7401F0900364E0FAA3E0FB7F
:107160002274F6120C1D74FF1212A8E9FE90191475
:10717000740312F1B8F0EE60047B00801A9003678C
:10718000E0C394035004E004800A12FB5D12301146
:10719000900367E4F07B01A821A922880889097877
:1071A000081212187C017A03900354E0F9122FC3DD
:1071B00074021211F502F9FBF08521828522837495
:1071C0000122C082C0839003648007E8FCE9FD12BD
:1071D000F22012F937603EEA687002EB6970EC1237
:1071E000FB5DE86A7002E96B7010E0CA12F21A3AAD
:1071F000F58312FB60900364800D12F22012FB6095
:10720000EC12F21A3DF58312FDFFE8FAE9FB121BBE
:10721000D179008002790202EAC92414F582E422BD
:10722000E812F21A39F5832274F6120C1DEAFEEB0D
:10723000FF7903121FEB8E828F83A3A3A3A3A3A3C3
:10724000E0F9121FB58E828F83A3A3A3A3A3A3A3E8
:10725000A3A3A3E0F508780812121C8E828F83A3E3
:10726000A3A3A3A3A3A3120FF39015BBE0F5087883
:107270000812121C8E828F83A3A3E0F98E828F8363
:10728000E0FCA3E0FDEE240BFAE43FFB122489743A
:10729000041211F5E9FE70599015BBE0A2E3502EDF
:1072A000901A1FE0600F6401600BE064027042906E
:1072B0001A0CE0703C9083D41215351229FF7A0025
:1072C0007B00122A057A007B00122A0B802390157E
:1072D000B4E0701D9019E51215119019D912151D01
:1072E0009019EDE0F508A3E0AA08FBE4FCFD1229E3
:1072F000FFEEF902FA0074F4120C1D8A088B098C57
:107300000A8D0B90169B78081214BB9015AB780869
:107310001214BB75089B75091678081212187508A7
:107320000475090078081212187C007D007A847BAD
:1073300000121C4F02F0F774F4120C1DE9FE9019B4
:107340001DE0601C90190E78081214D9E508450953
:10735000450A450B600AAA08AB09AC0AAD0B800BC5
:1073600090191DE4F090190A121535123005901687
:107370009B121511E8494A4B6012EE6004790080B7
:107380000279017A647B00121EC5800EEE7A0060DD
:107390000479038002790512307102F0FC74F41252
:1073A0000C1D74FF1212A8E9FF7E00EA900360F042
:1073B000EF60137A007B10900354E0F9121C979051
:1073C000191AE4F080027E01A821A922880A890BFB
:1073D000780A1212187C01EEFB7A01900354E0F94E
:1073E000122FC374021211F5740102F0F974F6122F
:1073F0000C1D74F51212A8901915E0A2E1504390EB
:10740000035F7404F0901916E0A2E050329019184E
:10741000E060097A0179041230718023901A1FE02C
:1074200064016005E06402701612F618121B2390C6
:10743000035F7403F07901122FFF79011230950276
:10744000F5D6A2E2503790035F7405F0901916E06C
:10745000A2E1501F901918E0701912F618121B23A0
:1074600090035F7405F07900122FFF7902123095B6
:1074700002F5D67A00790512307102F5D6A2E34002
:107480000302F5D690035F7406F0901918E07003BC
:1074900002F58F122FB18A088B09AE08AF09EE4FA3
:1074A000700302F58F12F5E4F8A312F5DEA3E0A253
:1074B000E1400302F56A740312127888088909789A
:1074C000081212187C007D007A037B008E828F8365
:1074D000E0F9121D6374021211F5E9700302F56000
:1074E000740912154C12F5F7C3E094B5A3E09400AB
:1074F00050408882898374B4F0A3E4F09083FC1236
:107500000FEF7A007B20900354E0F9121C8B740477
:107510001211F590036F12F937601790191EE0F4FD
:10752000700479FF80068E828F83E0F912F5DB12FA
:10753000312712F5FF40047909802C740112154C93
:1075400012F60E740912F6291212187C037B007AC7
:107550000A900354E0F9122FC374021211F5800A45
:1075600012F5FF4005790E122F7512F5E42401F88B
:10757000A3E03400F988828983E0A2E050589004A7
:107580001212FB66701088828983E0A2E14047797D
:107590000E122F758040900353740CF09083D0121C
:1075A0000FEF7A407B00900354E0F9121C8B7404B7
:1075B0001211F5740112154C12F60E740A12F62906
:1075C0001212187C037B007A0A900354E0F9122F00
:1075D000C374021211F5740B02F9FD900370E0F50B
:1075E0008388822212F5E822900357E0F8A3E0F5A1
:1075F000838882A3A3E02212F92988828983221238
:10760000F5E8F8A3E0F5838882A3E0A2E022740302
:10761000F08521828522832290191D7401F07C045B
:107620007D0079007A5F7B0322F0A821A9228808D7
:10763000890978082274F0120C1D74F31212A8EA5A
:10764000FEEBFFEE5404604F90035FE0600D1460AA
:107650000F24FD601424FE60198036122FF3803150
:107660007A017901122FF980287A01790412307198
:10767000801F901914E4F090035F12F941120FEF8C
:107680007A047B00900354E0F9121C8B74041211ED
:10769000F5EE640402F82EEF5480706EEF54107013
:1076A0000302F77F901A1FE064016008E064026043
:1076B0000302F77790035FE014700302F76F24FE74
:1076C000600302F777900361E06402600302F777DA
:1076D0007401F0790012301702F777740A6870238A
:1076E000901915E08A828B83A3A3A3A3F09003696A
:1076F00012F937600EEA2402FAE43509FB12F5DECE
:10770000123127AA08AB09121B3B900354E0F9126F
:107710001B4D8A088B09EA4509604C8A828B83E0FD
:10772000F874D3687032EA240CF582E43509F583E5
:10773000E0F50AA3E0F50B780A120F6A0180030353
:10774000F753F749F703F74EF7122FE780B5122FDB
:107750009380B0122FAB80AB90035FE068600302B0
:10776000F6DB122FC9809CEEFAEF648002F910A3B9
:10777000E0FA7900122FF9EEFAEF641002F910EE38
:1077800054806009123059EE648002F82EEE5402E3
:10779000603A901A1FE064016005E0640270287C82
:1077A000057D007900AA21AB22121B237900122F3C
:1077B000E1AA21AB22122495E9600C7A027B0090A9
:1077C0000354E0F9121B77EE64028062EF54086004
:1077D00006EF640802F910EE54406057122FB18B87
:1077E00009EA4509603A900353E014F060387A00E2
:1077F0007B40900354E0F9121C9DEA4B4C4D7009FC
:1078000090035912FB60122F4B9083D0120FEF7A26
:10781000407B00900354E0F9121C8B74041211F5A4
:10782000900353E07005790B122F75EE6440FAEF68
:1078300002F910EF5420700302F90390035512F976
:1078400021750C008024901914E4F090036F12F954
:1078500037600E850A82850B83E0F912F5DB123161
:107860002785088285098312F921E50845096063A7
:10787000850882850983A3A312F5F785820A85838B
:107880000BE060DDC394F150D87405121278880EB5
:10789000890F780E1212187C007D007A037B008518
:1078A0000A82850B83E0F9121D6374021211F5E957
:1078B00060AF740B12154C12F5F712FB666087EA85
:1078C00024FF1AEB34FFFB8882898312FDFF750CBD
:1078D00001808EE50C60199083FC120FEF7A007B1B
:1078E00020900354E0F9121C8B74041211F5800CE3
:1078F0007A007B20900354E0F9121C97EEFAEF64B3
:1079000020800DEF5440600B122F57EEFAEF6440C9
:10791000FB80047A007B00740D1211F57F08020FC2
:107920002412F9298808890922E0F8A3E0F922EA5B
:10793000FEEBFF8E828F8312F929E8492290035FC4
:10794000E4F09083E82274F6120C1D74DD1212A884
:10795000EAFEEBFF90165FE0700302F9F790035F19
:10796000E06401600302F9F71227E9E9600302F914
:10797000F78E828F83A3A312F937707B7A007B1076
:10798000900354E0F9121C977413121288EEFAEF68
:10799000FB12209F741E12154CE0F508A3E0F509B8
:1079A000740978081214ACC3E508941595E0C36512
:1079B000D03340097A027901122FF9803A741012FB
:1079C000154C74FDF0858208858309780812121819
:1079D00075080175090078081212187C107D007A6C
:1079E000117B01121C4F74041211F5790012308FB3
:1079F0007A0179011230717423800274011211F539
:107A00007F02020F2474F6120C1DE9FE901918E093
:107A10006E7006900363E07033EE7005901915E404
:107A2000F0EE901918F075081875091978081212F7
:107A30001875080175090078081212187C007D007D
:107A40007A557B00121C4F74041211F580B274F643
:107A5000120C1D12F92F701F7A117B00121BCB8A9A
:107A6000088B09A808A9098E828F83E8F0A3E9F0A2
:107A7000E849600312FB4102FA0074F6120C1D1271
:107A8000F92F7006122FDB02FB37EC4D606FE8FA1E
:107A9000E9FB8C828D83E0FCA3E0FD8A828B83A3CB
:107AA000A3A3A3A3A3A3A3A3E0FE8C828D83A3A37C
:107AB000A3A3A3A3A3A3A3E06E70348A828B83A3A2
:107AC000A3A3A3A3A3A3A3A3A312FB4FA3A3A3A313
:107AD000A3A3A3A3A3A3E06E7003A3E06F70108A17
:107AE000828B8312FB4FE06E7003A3E06F603FEA6E
:107AF000240FF582E43BF58312FB66709EE8240FA9
:107B0000FEE4398008E8240F500109FEE912F93239
:107B100070F37A117B00121BCB8A088B09A808A985
:107B2000098E828F83E8F0A3E9F0E84970067A00B5
:107B30007B00800A12FB418E828F8312FB6002FA67
:107B400000E8240FF582E439F583E4F0A3F0221273
:107B5000FB578C828D8322E0FEA3E0FF229003641A
:107B6000E0FAA3E0FB22E0FAA3E0FBEA4B2274F484
:107B7000120C1D12F92F60358E088F09801CEA2423
:107B80000FF50AE43BF50B121BD1850882850983AA
:107B9000E4F0A3F0850A08850B098508828509832E
:107BA00012FB6670D98E828F83E4F0A3F002F0FCA2
:107BB00074F6120C1D74E61212A88A828B83E014EC
:107BC000700302FC5F24FE600302FD77901A1FE041
:107BD00064016008E06402600302FD778A828B839F
:107BE000A3A3E0600614601802FD778A828B83A34A
:107BF000E070051230238061790012302902FD7790
:107C00008A828B83A3E070099003617402F002FD05
:107C1000601229E18A088B0974FE6508700474FFFC
:107C20006509700D901745E064FE7003A3E0F460F1
:107C30001D740712154C74FEF0A304F09017451440
:107C4000F0A304F074071212807953122279122BD8
:107C50003D122453901754E4F012301D02FD77902A
:107C60001A1FE064016008E06402600302FD778A85
:107C7000828B83A3E0601190191AE004F0F8A3E06E
:107C8000C39850047A008071900360E014600C1473
:107C9000606E14700302FD2702FD7790165FE060AE
:107CA000511227E9E9704790191CE0702D741912E0
:107CB000154C7402F0741112154CE4F0A3F0F508A1
:107CC000780812121C79027C007D00741212128056
:107CD0001220C374011211F5807A90036B12F937E8
:107CE000700302FD7712F5DE12312702FD7779016C
:107CF0008002790012308F7A017901123071807719
:107D0000740312154CE4F0740412154C7404F0144E
:107D10001212801227D77A007B10900354E0F912D8
:107D20001C979019E1803C74091212887A007B003C
:107D300079AB122717740912127885218285228364
:107D4000E8F0A3E9F0740212154C7404F0AA21AB18
:107D5000221227DD7A007B10900354E0F9121C9761
:107D60009083E4120FEF7A007B10900354E0F91235
:107D70001C8B74041211F5741A02F9FD74EE120CC6
:107D80001D890B8A0D8B0E8C0CEC6056741212152B
:107D90004CE0F508A3E0F509E508450960447402E4
:107DA0002CFA7B00121B358A108B11AE10AF11EE2E
:107DB0004F602F750A007808121214AC0C7D00EE8B
:107DC0002402FAE43FFB121B1774031211F58E8292
:107DD0008F83E50DF0A3E50EF0EEFAEFFBA90B1291
:107DE0001B417F0A020F24C082C08390036902EA0C
:107DF000C4C082C083900366E004F0F902EAC9EAD5
:107E0000F0A3EBF02279FF121B8953BEFBE59DA284
:107E1000E650FA0078F8790100E824FF18E934FF09
:107E2000F9E84970F375C600E59E70FC43BE049006
:107E300062707408F0C28143FD02C28443FD10C227
:107E40008543FD20C28643FD407E10794A12174BC0
:107E5000E960F81EEE70F47900121AED1217697AD3
:107E6000007B00121C3D1222671222D91231191216
:107E70001B8F79FF121B837902121AED121B957A60
:107E8000007B000211C274EE120C1D74F81212A8CD
:107E90009082C9AC21AD22740812113E7508F575A7
:107EA000090CF50AA821A922880C890DF50EF510F8
:107EB000F51178101212187C087D007A017B0012EF
:107EC0001C4374021211F5E970467510F575110C1A
:107ED0007810121218751008751100781012121807
:107EE0007C007D007A017B00121C5574041211F590
:107EF000E9701D780C1212147C087D00A908AA09EB
:107F0000AB0A121B1D74031211F5E9700302FFDBAB
:107F100075100878101212187CF57D0C7AE87B0732
:107F2000797F12177B74021211F5780C1212147CEF
:107F3000087D00A908AA09AB0A121B1D74031211BF
:107F4000F5E96071780C1212147C087D00790C7AC6
:107F5000787B00121B1D74031211F5E9701D750862
:107F60000C75097878081212147C087D007AF57B6C
:107F70000C121B1774031211F5803A7E00121B2F8E
:107F80008A08EEFA74F52AF582E4340CF583E508E4
:107F9000F00EEEF812FFEEEBF00EEEC3940640DDAD
:107FA0000812FFEE7420F00874F528F582E4340C12
:107FB000F58374F8F07508F575090C780812121835
:107FC00075080875090078081212187C007D007A7F
:107FD000017B00121C4F74041211F57AF57B0C79A9
:107FE000E212227974081211F57F0A020F2474F547
:097FF0002EF582E4340CF5832225
:1080000074F4120C1D74F81212A87508007F009009
:10801000152CE4F07E79750A088F0B780A12121875
:1080200074021212887A007B00EEF912177B740238
:108030001211F5852182852283E0F47003A3E0F418
:10804000701390152CE07004EEF080197A01EEF9AF
:10805000121BDD8010740412154CE0F47003A3E0D1
:10806000F460028E080EEEC3947F40AAE5089015D6
:108070002C601FE0600FF9121BE97A007B00A90851
:10808000121BEF8014A908121BE9E50890152CF0CB
:108090008007E06004F9121BE97E79EFFC7A007B2F
:1080A00000EEF9121BE38B0BEA450B60047F017EA7
:1080B000780EEEC3947F40E3EFA2E050147E797C0B
:1080C000007A007B00EEF9121BE30EEEC3947F40B2
:1080D000EE90152CE0703C7E007C00EC12811812B2
:1080E000900074F86A700374076B7004ECFE8018DB
:1080F000EE12811839F583C3E09AA3E09B5002EC9D
:10810000FE0CECC3940640D374792E90152CF0F934
:10811000121BE9790102895425E0F8E433F974204F
:1081200028F58274152274F7120C1D74F81212A827
:10813000EAFF852182852283E4F0A3F0EF600874D2
:108140000212154CE48007740212154C74FF12875A
:10815000927A007B00121C1374081211F57F010241
:108160000F2474EE120C1D74F81212A8890C8A0EDA
:108170008B0F8C0D7E087F008F0A8F0B750808759A
:10818000090078081212187402121288EEFAEFFB36
:10819000A90C12177B74021211F5852182852283A6
:1081A000E0F47003A3E0F470030282EA7402121593
:1081B0004C1285A040087508FC7509FF80081285DF
:1081C00095F508E9F5091285899508E99509501C86
:1081D000E50A2400E50B3408F50BC3E50A9EF50A11
:1081E000E50B9FF50B7E007F080282EAEE2408FE75
:1081F000E43FFF852182852283128EB1E849700316
:108200000282C3E50E450F604AA80EE50F547FF9C0
:10821000852182852283E0687003A3E06960030200
:1082200082D6740612154C128EB1E50F5480700F71
:1082300074FF68700374FF6960030282D6800D7456
:10824000FF68700374FF6970030282D6EEFAEFFBD9
:10825000028301EEFAEFFBA90C121C0D8A108B11A0
:10826000A810A911740412154CE0687003A3E0690A
:108270007046740612154C128EB1E50D602A74FF1B
:1082800068700374FF69704E852182852283E0FA4D
:10829000A3E04480FB121BF5EA4B603A7C01901589
:1082A0002DE0F9121C01802E74FF68700374FF69C1
:1082B00060247AFF7BFF80497C01EEFAEFFBA90C7A
:1082C000121C01E5082408F8E43509F9E50A28F547
:1082D0000AE50B39F50BEE2508FEEF3509FFC3EE75
:1082E00094F8EF9407500302817CA80C128305EEEA
:1082F000F0A3EF12833EE50AF0A3E50BF07A007BD2
:108300000074088013E828F8E433F9742228F58211
:10831000741439F5832274041211F57F0A020F24B4
:1083200074F7120C1DE9FE121787EE2E12830774E4
:1083300008F0A3E412833EE4F0A3F002815DF012A2
:10834000834322742E28F582741439F5832274EE47
:10835000120C1D74F71212A889088A0A8B0B7E0072
:108360007F00750C01750D00780C12121874021242
:108370001288EEFAEFFB90152CE0F912177B7402CD
:108380001211F5852182852283E0F4600D90152C71
:10839000E0F9121BE979000285840EEE70010FC32B
:1083A000EF940840BD7E087F007401F090152CE02A
:1083B00025E0128307E0F50CA3E0F50D750E0875B6
:1083C0000F00780E1212187403121288EEFAEFFBE7
:1083D000A90812177B74021211F5740112154CE0F2
:1083E000F47003A3E0F47003028544740312154C87
:1083F0001285A04008750EFC750FFF800812859548
:10840000F50EE9F50F128589950EE9950F500302D7
:10841000854474F8C3950CF87407950DF9C3E89575
:108420000EE9950F5003028557EE2408FEE43FFF46
:10843000740112154C128EB1E84970030285307434
:108440000112154CE0650A7004A3E0650B7003028D
:108450008530EEFAEFFBA908121C0D8A108B11A8CB
:1084600010A911740512154CE0687003A3E069604F
:1084700003028530740712154CE0F47003A3E0F496
:10848000700B7C00EEFAEFFBA908121C01750900C5
:10849000780912121CE4F510F511781012121874F4
:1084A0000612154C128EA2740412154C12900390F1
:1084B000152CE0F9121C2B74031211F5E97003025C
:1084C0008557E50C2408F50CE4350DF50D780E12F2
:1084D0001218780C12121890152CE0FCEEFAEFFB33
:1084E000A908121C2574041211F5740312154C12FC
:1084F00085AB121C0D740512154C128EC07002EB68
:108500006D7054AA0CAB0D90152CE0F9121C078A63
:10851000108B11A810A911740512154CE068700396
:10852000A3E0697032740112154C1285AB121C372E
:10853000EE250EFEEF350FFFC3EE94F8EF940750D3
:10854000030283AC852182852283E0701490152C70
:10855000E0F9121BE98025852182852283E4F080E1
:10856000ECE50A450B70157A0190152CE0F9121B09
:10857000DDA908121BE9E50890152CF085218285FC
:108580002283E0F9740902831874F8C39EF8740713
:108590009FF9C3E822EC2403F8E43DF9E854FC22F7
:1085A000128EA2C3EC94FCED94FF22128EA2AA0CB0
:1085B000AB0D90152CE0F92274F4120C1DEAFEEBC1
:1085C000800374804FFF7508797C00EEFAEFFBA9F9
:1085D00008121BE3EA4B6008E50890152DF08015A2
:1085E0000508E508C3947F40E0EF548060D49015FF
:1085F0002DE4F0FAFB02895974EE120C1D74F61288
:1086000012A889098A0C8B0DECFEEDFFC3EE94F4E1
:10861000EF94FF400E85218285228374FCF0A374C1
:10862000FF8018EE2403F8E43FF9E854FC240850D6
:108630000109852182852283F0A3E9F07508007C79
:108640000690152CE004F50AE50AC3947F400375F3
:108650000A7990152CE0650A60317487250A25E0B7
:10866000F8E433F9741428F5827415129000E4C309
:108670009AFA74089BFB742028F582741539F583E7
:10868000E02AFAA3E03B1287795009050A1CEC7036
:10869000B7028772EC7003028772741C12154CE0EB
:1086A000F50EA3E0F50FA80A128305128EB7FA742F
:1086B0000899128779400302874E751008751100DA
:1086C000781012121874041212887A007B00A90A1A
:1086D00012177B74021211F5740612154CE0F47037
:1086E00003A3E0F4700B12878B7A04FBA90A121C17
:1086F00019AA0CAB0DA90A121BEFE96075E509F583
:108700000B780B12121C780E121218EEFCEFFDAA59
:108710000CAB0D90152CE0F9121C2B74031211F503
:10872000E9600690152CE0F508E509700A850E82CF
:10873000850F83E50A80147A0190152CE0F9121B4D
:10874000DDA90A121BE9E50A90152CF08024E50941
:10875000F50B780B12121C780E121218EEFCAA0CF4
:10876000AB0DA90A121C2B74031211F5E9600385E5
:108770000A08A908740A028318FB852182852283CE
:10878000E0F8A3E0F9C3EA98EB99228521828522DB
:1087900083E4F0A3F0AC21AD222274F4120C1D741A
:1087A000F81212A8890AEAFEEBFF8C0BEE24F8FE01
:1087B000EF34FFFF75080875090078081212187465
:1087C00002121288EEFAEFFB12177B74021211F5F7
:1087D000E50B7020740612154CE4F0A3F07404123B
:1087E000154CAC82AD83EE2404FAE43FFBA90A12D7
:1087F0001C138039740212154CE02403F8A3E034F2
:1088000000F9E854FC2408F508E439F50912878BCF
:10881000EEFAEFFBA90A121C13A80AE828F8E433C1
:10882000F9128343E02508F0A3E03509F0028954EA
:1088300074F4120C1D74FE1212A885218285228305
:10884000ECF0A3EDF08908EAFEEBFFEE24FCFEEF6E
:1088500034FFFFAC21AD22EEFAEFFB121C19750AB2
:1088600002750B00780A1212187402121288EEFABE
:10887000EFFBA90812177B74021211F5852182857E
:108880002283129003740202895674F0120C1D7434
:10889000FC1212A8890CEAFEEBFF8D0B750800751F
:1088A0000900EC2403F50EE4350BF50F7402780E85
:1088B0001214AC850E0A850F0B12930E604E750EC6
:1088C00004750F00780E1212187402121288EEFA54
:1088D000EFFBA90C12177B74021211F5EE2404FEB3
:1088E000E43FFF7800E8FA852182852283E5822A29
:1088F000F582E43583F583E0FAE5082AF508E435E6
:1089000009F50908E8C3940450AF80D9AA08AB0957
:1089100074041211F57F08020F2474F4120C1DE97F
:10892000FE75080175090078081212188A088B096B
:10893000740278081214ACEEF50A750B007409780D
:108940000A1213C6E5082400FAE509350BFB1217D5
:108950008102888574081211F57F04020F2474F7D0
:10896000120C1D74FC1212A88C828D83E08521826A
:10897000852283F08C828D83A3E0C0E07401121500
:108980004CD0E0F0740212154C74FFF07403121511
:108990004C74FFF0AC21AD22121C13740402815AF6
:1089A00074EE120C1D74FC1212A8890A8A088B0935
:1089B0008C0C8D0DEA5403F50B741612154CE0FE69
:1089C000A3E0FFE50B605C74FC5508F508750E0428
:1089D000750F00780E1212187402121288AA08126B
:1089E000177B74021211F5E50C450D60268E828FFF
:1089F00083E0C0E0A80B128AE9D0E0128AFA050BE6
:108A0000E50C24FFF50CE50D34FFF50DE50BC394E3
:108A10000440D4AC21AD22AA08AB09A90A121C1348
:108A2000128C6AE50C5403F50B850C0E850D0F7442
:108A300002780E1214AC850E0C850F0DE50C450D59
:108A40006051780C121218EEFCEFFD85080E8509B6
:108A50000F7402780E1214ACE50AF510751100744B
:108A60000978101213C6E50E2400FAE50F3511FB44
:108A700012178174021211F57402780C1213C6A831
:108A80000CA90DE50828F508E50939F509EE28FED9
:108A9000EF39FFE50B604F750C00750E04750F0084
:108AA000780E1212187402121288AA08AB09A90AC9
:108AB00012177B74021211F580138E828F83E0C02F
:108AC000E0A80C128AE9D0E0128AFA050C850B0D99
:108AD00074FF250DF50B0470E1AC21AD22AA08ABA3
:108AE00009A90A121C13028316852182852283E5B7
:108AF0008228F582E43583F58322F08E828F83A36A
:108B0000AE82AF832274EE120C1D74FC1212A8897F
:108B10000E8A0C8B0D8C0B741612154CE0F508A305
:108B2000E0F509E5085403F50A741812154CE0FE47
:108B3000A3E0FFE50A6072F8C3E50898F508E509C7
:108B40009400F5097510047511007810121218744C
:108B500002121288AA08AB09A90B12177B74021221
:108B600011F5EE4F60337510017810121218A80A33
:108B7000740212154C128C7612177B74021211F5C6
:108B8000050CE50C7002050D050AEE24FF1EEF34FE
:108B9000FFFFE50AC3940440C9AC21AD22AA08AB8B
:108BA00009A90B121C13128C6AEE5403F50A8E10DD
:108BB0008F11740278101214ACAE10AF1180397599
:108BC000100475110078101212187402121288AA7B
:108BD0000CAB0DA90E12177B74021211F5E50C24D3
:108BE00004F50CE4350DF50DAC21AD22AA08AB0956
:108BF000A90B121C13128C6AEEF8EFF9E824FF1E81
:108C0000E934FFFFE84970B7E50A605B7E00751044
:108C1000048E1178101212187402121288AA08AB6E
:108C200009A90B12177B74021211F580237510012C
:108C30007810121218EEF8740212154C128C76127B
:108C4000177B74021211F5050CE50C7002050D0E70
:108C5000AF0A74FF2FF50A0470D3AC21AD22AA0825
:108C6000AB09A90B121C13028316E5082404F508AE
:108C7000E43509F50922E58228FCE43583FDAA0CD8
:108C8000AB0DA90E2274EC120C1D74F81212A889F7
:108C90000C8A0E8B0FECFEEDFFE929F508E433F5A5
:108CA0000974222508F51074143509F51185108210
:108CB000F583E0F50AA3E0F50B750D0085218285AB
:108CC0002283EAF0A3EBF0740212154CEEF0A3EF4E
:108CD000F0AC21AD22AA0AAB0B121C137512087559
:108CE000130078121212187402121288AA0AAB0B1F
:108CF000A90C12177B74021211F5740212154C1292
:108D00008EB1852182852283E0650E7004A3E06523
:108D10000F6003028E45EE687002EF696003028EF9
:108D200045741E12154CE07003028E20741C12153F
:108D30004CE0F50EA3E0F50F850E82F583EEF8EF1B
:108D4000F9E85403F508E58245837015E875F0FFEE
:108D5000A4F8AAF075F0FFE9A42AF9E8FAE9FB8083
:108D60001F7A007B008009E0FCEA2CFAE43BFBA3BD
:108D7000E8FCE9FDEC24FF18ED34FFF9EC4D70E759
:108D8000E508601EF87404C398F895E0F9E875F0FA
:108D9000FFA4F8ACF075F0FFE9A42CF9EA28FAEB8F
:108DA00039FB740412154CEAF0A3EBF0E50A240831
:108DB000F50AE4350BF50BE50E450F6017780E123A
:108DC0001218EEFCEFFDAA0AAB0BA90C121C1F74C3
:108DD000021211F5EEFCEFFDAA0AAB0BA90C121C56
:108DE0000D740412154C128EC07002EB6D7034AA13
:108DF0000AAB0BA90C121C078A088B09A808A90941
:108E0000740412154CE0687003A3E06970158521A5
:108E100082852283128EA2AA0AAB0BA90C121C37E0
:108E2000750D01740212154C128EB1C3E894F4E969
:108E300094FF40067EFC7FFF804FE8240350010929
:108E4000128EA88044C3E894F4E994FF40067EFCA7
:108E50007FFF8009E82403500109128EA885108243
:108E6000851183128EB7F8740899F9C3E89EE99FBB
:108E70005004E8FEE9FF742E2508F58274143509C4
:108E8000F583E02EF0A3E03FF0851082851183E0AA
:108E90002EF0A3E03FF0A90D74081211F57F0C022B
:108EA0000F24E0FCA3E0FD2254FC2408FEE439FF7B
:108EB00022E0F8A3E0F922E0F8A3E0F9E4C3982265
:108EC000128EA2EA6C22C082C0837900E925E0FC00
:108ED000E433FD74DE2CF58274823DF583E06A7024
:108EE00003A3E06B600709E9C3940340DFD083D09C
:108EF000820211C274F6120C1DE9FE8A088B09EC7D
:108F0000FAEDFB121C31E9F8C39403500E128FF5F1
:108F1000EE129009E508F0A3E509F07F02020F24A4
:108F2000C082C083121BD780C474F4120C1DEAFEE9
:108F3000EBFF8C088D09121C31E9C3940350061213
:108F40001B05E9603CEEFAEFFB121BF5EA4B6010E3
:108F5000EEFCEFFD90152DE0F9121C37790080230F
:108F6000740C12154C120FF3AC08AD09EEFAEFFBBE
:108F70007901121BFB74021211F5E9600479098072
:108F800002790A02895974F6120C1D74F81212A89B
:108F9000EAFEEBFF121C31E9F8C394035042128F32
:108FA000F5E090152D1290091290037508087509C7
:108FB0000078081212187402121288EA24F8FAEBE8
:108FC00034FFFB90152DE0F912177B74021211F596
:108FD000740212154C12900374081211F5028F1BC3
:108FE000EEFAEFFB121BF58B09A909EA4970BC7A6E
:108FF000007B0080E3742E29F582E43415F583228A
:1090000039F583E0FAA3E0FB22F0E812900F222961
:10901000F8E433F9743128F582741539F583227434
:10902000E2120C1D74F71212A88A168B178C0C8D85
:109030000D751100121B05E96069742712154CE0CB
:10904000F512A3E0F513E51245137003029302AA8B
:1090500016AB17121BF58A188B1990152DE0F51019
:10906000EA45197005790902930475080875090025
:1090700078081212187403121288EA24F8FAEB34F2
:10908000FFFBA91012177B74021211F5740312155D
:109090004CE50C2512F8E50D3513F9C3E098A3E073
:1090A000995005790A029304E518250CFEE5193557
:1090B0000DFF8E148F15742912154CE0F51CA3E0DA
:1090C000F51D851C08F50985120A85130B750E0020
:1090D000806B751A01751B00781A1212187402122F
:1090E0001288AA14AB15A91012177B74021211F57D
:1090F000852182852283E0F8850882850983E068DE
:109100006026750E01740512154CC3E098F0A3E0BB
:109110009400F0850882850983E0F8740512154CE7
:10912000E028F0A3E03400F00514E5147002051502
:10913000850882850983A385820885830912930E99
:109140007090E50EA2E04003029302852182852201
:1091500083E4F0A821A92288088909780812121846
:10916000740512154C128EA2AA16AB177900121BA9
:10917000FB74021211F5E9F50A70030292A674035A
:1091800012154C128EB1C3E894FCE994FF400875A7
:1091900008FC7509FF800DE8240350010954FCF513
:1091A00008E9F509A80AE828F8E433F9742228F553
:1091B0000E741439F50F850E82F583129329740706
:1091C00012154CE0F47003A3E0F4700B7C00AA18B5
:1091D000AB19A910121C01780C1212187814121273
:1091E00018AC0AAA18AB19A910121C257404121184
:1091F000F5E514250CF514E515350DF515781C125B
:109200001218AC12AD13AA14AB15A90A121C1F74C4
:10921000021211F5740312154CE0C3950CF8A3E08B
:10922000950DF9E8C39512F50CE99513F50D780C39
:10923000121218E5142512F50CE5153513F50D7805
:109240000C121218AC0AEE2512FAEF3513FBA91016
:10925000121C2574041211F5850E82850F8312935A
:1092600029740312154C12931F121C0D740512154C
:109270004C128EC07002EB6D702CAA14AB15A90AAB
:10928000121C078A088B09A808A909740512154C35
:10929000E0687003A3E069700D740112154C12931D
:1092A0001F121C37800375110A852182852283E0F5
:1092B000603465107010740A6511700A90152CE006
:1092C000F9121BE9803C7A0190152CE0F9121BDDA4
:1092D000852182852283E0F9121BE985218285227E
:1092E00083E090152CF0852182852283E065106053
:1092F00011740A6511600B7C01AA18AB19A9101230
:109300001C01A91174091211F57F16020F24A80A75
:10931000A90BE824FFF50AE934FFF50BE84922120E
:109320008EA2AA14AB15A90A22E0C39508F514A3CE
:10933000E09509F5152274F0120C1DEAFEEBFF8C86
:109340000A8D0B121C31E9F8741012154CE0F50C63
:10935000A3E0F50D741212154CE0F508A3E0F50931
:10936000E8C394035024E8FE780C121218AC08AD40
:1093700009EE12900FE0250AFAA3E0350BFB742EDC
:109380002EF582E43415F5838023EEFAEFFB121BF1
:10939000F5EA4B7004790A8020780C121218AC0898
:1093A000AD09EA250AFAEB350BFB90152DE0F91211
:1093B000177B74021211F5790002891574F2120CF0
:1093C0001DEAFEEBFF8C0A8D0B121BF58A088B0938
:1093D000EA450970047909803DEEFAEFFB121C4959
:1093E0008A0C8B0DE50A650C7004E50B650D6004B5
:1093F000790C80227C01AA08AB0990152DE0F912A6
:109400001C01EEFAEFFB121BF58B09EA450960041B
:10941000790A800279007F06020F2474F4120C1D71
:10942000EA75F0E8A4CAA8F075F003A428F875F06E
:10943000E8EBA428FB121B1102A49E74F6120C1D6B
:10944000E9FE121E53E4F508F5097808121218799E
:1094500004908380121535121E5974021211F5788A
:10946000081212187902908380121535121E597451
:10947000021211F5780812121879039083801215E0
:1094800035121E5974021211F590165FE4F0780837
:109490001212187C187D007A017B04121C4374029E
:1094A0001211F5E9FFF50878081212187AD37B80BB
:1094B00012171B74021211F574096F703C7508893C
:1094C00075091978081212187508187509007808B6
:1094D0001212187C007D007A017B04121C4F740468
:1094E0001211F5E9F50878081212187A8E7B8112AC
:1094F000171B74021211F58030EF702D7A1C7B82DD
:10950000121721750889750919780812121875083B
:109510001875090078081212187C007D007A017B0A
:1095200004121C5574041211F5EE901552F07A795C
:109530007B199019C4E0F9121E957AC47B19123078
:10954000B37C737D3290384CE493FA9019C4E0F9FF
:10955000121D0F7C357D1E7A007B009019C4E0F946
:10956000121D15901552E0F9121CF1901552E0F9F8
:10957000121AF37A657B1E122F69438F017A0190CC
:109580001552E0F9121C6D12178D9083D812153503
:10959000121E117A4D7B1E121CC79083FC121535CA
:1095A000121E1190198AE06004790180027900127C
:1095B0001CCD90198AE0901554F09083D0120FEFD3
:1095C0007A017B00901552E0F9121C91740412117B
:1095D000F5908384120FEF7A107B00901552E0F91A
:1095E000121C9174041211F57F7FEFF508780812B0
:1095F00012187904908380121535121E59740212C4
:1096000011F578081212187902908380121535121C
:109610001E5974021211F5780812121879039083FA
:1096200080121535121E5974021211F590830C1216
:109630001535121E111FEFC3940250AE7F01EFF5D6
:109640000878081212187904908380121535121EBA
:109650005974021211F57808121218790290838059
:10966000121535121E5974021211F57808121218CB
:109670007903908380121535121E5974021211F568
:10968000908314121535121E110FEFC3947F40AE54
:10969000E4F50878081212187904908380121535C1
:1096A000121E5974021211F57808121218790290DC
:1096B0008380121535121E5974021211F5780812A2
:1096C00012187903908380121535121E59740212F4
:1096D00011F5908388121535121E11D2819083E8FE
:1096E000121535121E11C28102A1D574F0120C1D83
:1096F000EAFEEBFF54807058EEA2E040030297AC04
:109700007A3F7B82121721901557E07024901558EC
:10971000E02401F0A3E03400F0901558E0640A70F2
:1097200002A3E070069015577401F090155A740169
:10973000F0121E29EE640102999112A5C4E0FAA369
:10974000E0FBEA4B6003121BD1AA08AB09121B3BDA
:10975000901552E0F9121B4D8A088B09EA45096001
:10976000438A828B83E024CC60D0247470DBA3A373
:10977000A3E0F50B8A828B83A3A3E0F50A90191866
:10978000E064017007AA0BA90A121733AA0BA90AF1
:1097900012170FE50AA2E650B090155A7401F012A4
:1097A0001E2980A5EEFAEF6480029993540260109E
:1097B0007AF37B81121721121E3BEE64020299910B
:1097C0007ADC7B81EE540470030298911217217A9F
:1097D000467B19121E417C057B807A047900121C9D
:1097E000DF901580EAF0A3EBF09019A0E0FA339532
:1097F000E0FB901580129C45120B51780812121054
:1098000090838C120FEF9083D4120FEFEA24F3F5BC
:1098100008EB341312999F120B367808121210EAD3
:1098200024DEF508EB340312999F120B36AA08AB1D
:1098300009AC0AAD0B121CD974101211F58A088BF1
:10984000098C0A8D0B9019B478081214BB9083D43C
:10985000780C1214D97808790C120E3D750C00752D
:109860000D00750E005005750F3F8003750FBF7812
:1098700008790C12027B78081208F3E5091299A105
:10988000120B369019B478081214BBEE64040299D6
:1098900091EE540860591217217A467B19121673FB
:1098A000E970299019767405F0901974F0A3F0907E
:1098B000197714F0A37401F07A467B19791F1216F8
:1098C000857A467B19790112168B8003121E5F126E
:1098D0001CD3908390120FEF7A047B00901552E016
:1098E000F9121C8B74041211F5EE6408029991EEC2
:1098F0005410601F1217219083D8120FEF7A087B43
:1099000000901552E0F9121C8B74041211F5EE64EC
:1099100010807EEE54206062121721901553E0F8FB
:10992000740128F0E8604014603814603014602836
:10993000147039121E89901553E060179083E81255
:109940000FEF7A207B00901552E0F9121C8B740403
:109950001211F5EE64208039121E8380D9121E7D0B
:1099600080D4121E7780CF121E7180CAE4F0901549
:109970005AE0640170DDE4F080D9EE54406007C223
:1099800081EE6440800BEE5480600B121E6BEE641F
:1099900080FAEFFB80047A007B007F08020F24F539
:1099A00009129EAE2274F0120C1D7B007A007C001E
:1099B000901555E0F8A3E0F975831975828BC3E023
:1099C00098A3E099501C90198DE0F8A3E0F97583F5
:1099D00015758255C3E098A3E09950047B0180027D
:1099E0007B029019B478081214D978081208F3A8E9
:1099F00008A90990198FC3E098A3E0995013A3E038
:109A0000FEA3E0FFC3E89EE99F50047A0180027A3A
:109A1000029019B8780C1214D9901993129C45121F
:109A20000B517808790C120E3D4016A3129C45127A
:109A30000B51780C7908120E8C50047C0180027C4A
:109A400002EBFEC39A5002EAFEEEC39C5002ECFE0B
:109A5000901989E07003029BF5901945E06E700340
:109A6000029C3FE0703A7F01EFF508750900780825
:109A70001212187902908380121535121E59740241
:109A80001211F5908394121535121E110FEFC39425
:109A90007F40D5E4F50878081212187904029B2E4D
:109AA0006401704E7F01EFF5087509007808121205
:109AB000187902908380121535121E597402121102
:109AC000F578081212187903908380121535121E4A
:109AD0005974021211F5908394121535121E110F4C
:109AE000EFC3947F40C0E4F5087808121218790299
:109AF000803CE0640270457F01EFF508750900784D
:109B0000081212187903908380121535121E5974A9
:109B1000021211F5908394121535121E110FEFC326
:109B2000947F40D5E4F508780812121879039083E1
:109B300080121535121E5974021211F5EE90194556
:109B4000F070327F7FEFF50875090078081212185F
:109B50007902908380121535121E5974021211F584
:109B6000908320121535121E111FEFC3940250036B
:109B7000029C3F80D074016E70477F7FEFF50875BF
:109B80000900780812121879029083801215351294
:109B90001E5974021211F578081212187903908375
:109BA00080121535121E5974021211F5908320127D
:109BB0001535121E111FEFC394025003029C3F8003
:109BC000BB74026E70797F7FEFF508750900780825
:109BD0001212187903908380121535121E597402DF
:109BE0001211F5908320121535121E111FEFC39428
:109BF00002404C80D3E4F508F50978081212187970
:109C000004908380121535121E5974021211F578D2
:109C1000081212187902908380121535121E597499
:109C2000021211F578081212187903908380121528
:109C300035121E5974021211F59019457403F00281
:109C4000999A901555E0F508A3E0F509E4F50AF5B1
:109C50000B780822C082C0839015B3E064076005CA
:109C6000E06406700B90155AE064017003121E5FE9
:109C700090155812A0E3497005901557E4F09083B1
:109C8000D8120FEF7A208013C082C0837A607B8263
:109C9000121721121E8F121E3B800F7B009015524F
:109CA000E0F9121C8B74041211F5D083D0820211DA
:109CB000C2C082C0837A2E7B8212172190831C122D
:109CC0000FEF7A027B00901552E0F9121C8B74049E
:109CD0001211F5790080D374F6120C1D7508897580
:109CE00009197808121218750818750900780812F1
:109CF00012187C007D007A017B04121C4F74041240
:109D000011F5E9F50878081212187A4A7B811217C2
:109D10001B74021211F5121E2302A1D574F0120C4D
:109D20001D74F41212A8EAFCEBFDAA21AB227907FC
:109D300012169DE96003029E7A740812154C120FE8
:109D4000EF740412154C120FEF740C12154C120F15
:109D5000EF7A6D7B8112171B740C1211F5740812C7
:109D6000154C78081214D9908310780C1214D978F5
:109D700008790C120AB67808120B51908398780C67
:109D80001214D97808790C12067B78081208F3901F
:109D9000199D12A0E375F064A4F8AAF075F064129E
:109DA0009E8724BCF8E93402F99019AB129E9512F3
:109DB00014D97808120B519019B1E0F50C3395E0E5
:109DC000F50DF50EF50F780C120B36780C121210FB
:109DD00090839C12153512230F74041211F58A0C0E
:109DE0008B0D8C0E8D0F7808790C12067B7808127B
:109DF00008F39019AF129EA3120B3690839C780C37
:109E00001214D97808790C12049578081208F39086
:109E10001999780C1214D9E508250CF8E509350DC7
:109E2000F99019ADE8F0A3E9F0740412154C780824
:109E30001214D990199712A0E375F00AA4F8AAF0A9
:109E400075F00A129E872424F8E934FFF99019A7C7
:109E5000129E951214D9908310780C1214D9780898
:109E6000790C120BAE9019B2129EA3120B369015FC
:109E70006078081214BB79008005121E5F790174A6
:109E80000C1211F502999AE9A42AF9E50828F8E5D7
:109E90000939F9E822E8F0A3E9F0852182852283D7
:109EA000780822E508F0A3E509F0129EAE2233956A
:109EB000E0F50AF50B78082274EC120C1D8A088B69
:109EC000098C0A8D0B741412154C780C1214D9904D
:109ED00083A078101214D9780C7910120E8C4033AC
:109EE0009083A478101214D9780C7910120E3D408A
:109EF0002275100075115075127D75134478107914
:109F00000C1204957810790812067BAA10AB11ACDC
:109F100012AD137F0C020F2474EC120C1D74FF128F
:109F200012A8E9FE7F0080267C017D00AA21AB22D9
:109F3000EEF9121805852182852283E0C0E0EFF852
:109F4000747128F582E43415F583D0E0F00FEEF952
:109F50001218178B09EA450970CE901573E0F89036
:109F60001571E064FE7058A3E064047052747128A7
:109F7000F8E43415F988828983A3E0FB8882898319
:109F8000A3A3E0F8EBF9901555E8F0A3E9F0129CD3
:109F900042120B5185080C85090D850A0E850B0FA1
:109FA0009083A878101214D9780C79101204959027
:109FB00019A1780C1214BB90155C78081214BB120E
:109FC0009C42120B5190199FE0601E901560120F79
:109FD000EFAA08AB09AC0AAD0B121E4774041211AC
:109FE000F58A088B098C0A8D0B9083A8780C1214C3
:109FF000D97808790C1204959019A178081214BB2D
:10A00000121E2390198AE0F8901554E068600DE85C
:10A01000F06004790180027900121CCD74011211E4
:10A02000F5029F1343FD7053F1BF43F10353FF3F0C
:10A0300043F3700211C274EC120C1D8A0C8B0D8C50
:10A040000E8D0FE9FB53E4FC9083AC780C12119D4C
:10A05000400B75108075118475121E8009751000F3
:10A060007511247512F47513008A08850D098C0A80
:10A070008D0B78107908120BAEA810A911E8F5DA4B
:10A08000E9F5DB741412154C12A0E3FAE9F8EB14AD
:10A09000600B146011146017146023803188DD8A0E
:10A0A000DC75E61C802888DF8ADE75E71C801FE8E7
:10A0B0009062ADF0EA9062ACF09062A3800DE890FF
:10A0C00062AFF0EA9062AEF09062A4741CF09083EC
:10A0D000AC780C12119D400543E407800375E4033E
:10A0E000029F13E0F8A3E0F9E822C082C083D28186
:10A0F0009083B0120FEF7A40029C9B74F6120C1DF5
:10A1000090158212A0E34990155B6055E060030250
:10A11000A1D5E4F508F5097808121218790490839E
:10A1200080121535121E5974021211F57808121298
:10A13000187902908380121535121E59740212117B
:10A14000F578081212187903908380121535121EC3
:10A150005974021211F590155B7401F0121E6B8098
:10A1600074E06401706F7A807B00901552E0F91200
:10A170001C977A807B00901552E0F9121B7D901598
:10A180005A7401F09019457403F090155BE4F0F5F2
:10A1900008F5097808121218790490838012153591
:10A1A000121E5974021211F57808121218790290D1
:10A1B0008380121535121E5974021211F578081297
:10A1C00012187903908380121535121E59740212E9
:10A1D00011F5121E297F02020F2474F6120C1D7E47
:10A1E0007FEEF5087509007808121218790490833B
:10A1F00080121535121E5974021211F578081212C8
:10A20000187902908380121535121E5974021211AA
:10A21000F578081212187903908380121535121EF2
:10A220005974021211F59083B4121535121E111EC5
:10A23000EEC3940250AB7E01EEF5087808121218B6
:10A240007904908380121535121E5974021211F58B
:10A2500078081212187902908380121535121E594F
:10A2600074021211F5780812121879039083801283
:10A270001535121E5974021211F59083B812153556
:10A28000121E110EEEC3947F40AEE4F5087808125A
:10A2900012187904908380121535121E5974021217
:10A2A00011F5780812121879029083801215351270
:10A2B0001E5974021211F57808121218790390834E
:10A2C00080121535121E5974021211F59083D8129E
:10A2D0000FEF7A807B00901552E0F9121C8B74040A
:10A2E0001211F502A1D574F4120C1D90155AE064F8
:10A2F00001705B7A0B7B00121BCB8A088B09EA4545
:10A300000960428A828B83740212A4A374A7F0A30B
:10A31000741912A3617497F0A3741912A4BE1212D7
:10A320001C750A01780A12121C780A12121C78088D
:10A330001212187C027D047A657B157901121D3F8B
:10A3400074051211F5AA08AB09121BD180107C000C
:10A350007D007A027B049019C4E0F91215D102A4A1
:10A360009E12A6CB740212A6B2742912A6C222743F
:10A37000F4120C1D90155AE0640170607A0B7B009A
:10A38000121BCB8A088B09EA450960478A828B83B6
:10A39000740212A4AC742112A5CB74ABF0A374198F
:10A3A00012A361749DF0A3741912A4BE12121C753D
:10A3B0000A01780A12121C780A12121C780812126A
:10A3C000187C057D047A657B157901121D3F7405A3
:10A3D0001211F5AA08AB09121BD180107C007D0078
:10A3E0007A057B049019C4E0F91215D102A49E7479
:10A3F000F4120C1D90155AE06401600302A48E7AD9
:10A40000157B00121BCB8A088B09EA450960768A06
:10A41000828B83740412A4A374ADF0A3741912A6E2
:10A42000C7E412A36674AFF0A3741912A5FC7414E8
:10A43000F0A3E412A5EC742812A5E474B1F0A3749F
:10A440001912A5DC741012A6EE12A5C7742BF0EA3F
:10A45000241312A5C77499F0A3741912A4BE121282
:10A460001C750A01780A12121C780A12121C78084C
:10A470001212187C037D047A657B157901121D3F49
:10A4800074051211F5AA08AB09121BD180107C00CB
:10A490007D007A037B049019C4E0F91215D17F0482
:10A4A000020F2412A4AC742912A5CF22F0A3E4F069
:10A4B000A312A4B522F08A828B83A3A3A322F090D7
:10A4C0001564E0F8740128F0E8F50A780A2274F4BB
:10A4D000120C1D90155AE06401600302A5B17A1FA9
:10A4E0007B00121BCB8A088B09EA4509700302A581
:10A4F000A88A828B83740612A6D574A1F0A374195E
:10A5000012A5CBA3A37402F0A312A6AE741012A6D8
:10A51000BE748AF0A3741912A5FC7403F0A314127C
:10A52000A5EC741012A5E47489F0A3741912A5DCCB
:10A53000740412A6DE748BF0A37419F0EA241512C9
:10A54000A5C77405F0A37402F012A5C47421F0EA43
:10A55000241812A5C7748DF0A37419F0EA241A12F6
:10A56000A5C77411F0A374F1F0EA241C12A5C774F6
:10A5700010F0EA241D12A5C7749FF0A3741912A449
:10A58000BE12121C750A01780A12121C780A1212E5
:10A590001C78081212187C0D7D047A657B157901F0
:10A5A000121D3F74051211F5AA08AB09121BD180C8
:10A5B000107C007D007A0D7B049019C4E0F912151F
:10A5C000D102A49EEA241712A5F42212A5CF2212CA
:10A5D000A5D32212A5D72212A4B5A322F0EA2410F3
:10A5E00012A5F422F0EA240E12A5F422F0EA240DBA
:10A5F00012A5F422F582E43509F58322F0EA240B52
:10A6000012A5F42274F4120C1D90155AE064016036
:10A610000302A69E7A157B00121BCB8A088B09EADF
:10A62000450960718A828B83740412A6D574B4F0D4
:10A63000A3741912A6C7740212A6AE742812A6BE7D
:10A6400074A0F0A3741912A5FC7404F0A374021290
:10A65000A5EC742112A5E4748FF0A3741912A5DC83
:10A66000740512A6DE7491F0A3741912A4BE12121E
:10A670001C750A01780A12121C780A12121C78083A
:10A680001212187C2B7D047A657B157902121D3F0E
:10A6900074051211F5AA08AB09121BD1800D7C00BC
:10A6A0007D007A2B7B0479021215D102A49E12A69A
:10A6B000B22212A6B62212A5D7A3A3A3A32212A642
:10A6C000C22212A6B6A32212A6CB2212A5D3A3A3FE
:10A6D0007410F0A32212A4AC743912A5CF2212A6D2
:10A6E000EE12A5F47421F0EA241312A5F422F0A3CB
:10A6F0007402F0EA24122274F2120C1D74F4121285
:10A70000A88A088B09ECFEEDFF890C7C0C7D007992
:10A7100000AA21AB22121B23740912154CE4F08EFF
:10A72000828F83A3A3A3A3A3A3A3A3E0C0E0740881
:10A7300012154CD0E0F08E828F8312A89E12B4CAFC
:10A740009019DFE024FFF50AA3E034FFF50B85083C
:10A7500082850983E0850A82850B83F0750D1E785A
:10A760000D12121C7808121218780A121218E50C31
:10A770002401F508E43400F5097808121218742150
:10A7800012154C120FF390165CE0F97CD27D19740F
:10A79000091212801230E974091211F5740C02A822
:10A7A000FA74F5120C1D89099019DF12B618890880
:10A7B000740D12154C12B81580178882898312AE59
:10A7C000BC12ADDAA882A9838E828F83A3AE82AF3A
:10A7D0008385080A74FF250AF5080470DD740F12DA
:10A7E000154CE090165C600474408001E4F0740B3A
:10A7F00012154C120FF3A9091220B774021211F5A9
:10A80000E9F990165CE4F07F03020F2474F6120C51
:10A810001DE9FE12A91DF0EEF50875090078081271
:10A820001218790202AF0374F4120C1D74F712129D
:10A83000A8EAFEEBFF890A8C0B9019DF12ADC7EE78
:10A84000FCEFFD7AC77B17121CBBE9700A74081273
:10A85000154C12A9988012740812154C7402F090CD
:10A86000158712A89EE8F0A3E9F0EEFCEFFDAA0818
:10A87000AB09121CC18A828B8312B31AE4F508F566
:10A88000097808121218790A74021212887A0A7B5F
:10A89000161220B774021211F5740902B2E812B848
:10A8A000198521828522832274F6120C1D74F712F9
:10A8B00012A8E9FEECFF12B812740812154C7402CB
:10A8C000F0852182852283EAF0A3EBF0EA88828971
:10A8D00083F0EB12A8F0F0EF88828983A3A3A3F0A2
:10A8E0007508017509007808121218790402A92662
:10A8F000A3F0EE88828983A3A3221211F57F0602BA
:10A900000F2474F6120C1D12A91D12B2BE75080494
:10A910007509007808121218790302AF0312B2FA0F
:10A92000EC12B2F4ED2274021212887A0A7B16122B
:10A9300020B774021211F574091211F57F02020F8B
:10A94000241211F57F07020F2474F6120C1D74F700
:10A950001212A8E9FE740812154C12A99312B2B291
:10A96000EA12B2F0EBF09019DFE02402FAA3E0342F
:10A9700000FB121CC112B81EC8240AF582E438F587
:10A9800083EEF07508137509007808121218790B18
:10A9900002A92612A998F022740FF085218285223F
:10A9A0008374FDF0A374FF2274EA120C1DEAFEEB1F
:10A9B000FF8C088D09890B12B2DF8C828D83A3A3D3
:10A9C000A3A3A3A3A3A3E0640F700B8C828D837455
:10A9D000FCF0A374FFF0750A01741812154C12B63E
:10A9E0006A741F6510700474806511700B750A021B
:10A9F0008A828B83E412B6448A0C8B0D8A828B8305
:10AA0000E912B644751200741612154C12B8158866
:10AA10000E890F90160BE0F5147515007403781469
:10AA20001213C6E50E2514FCE50F3515FD121CC1E9
:10AA300090160BE004F07408250AF50AE0650B7027
:10AA40001274012512850C82850D83F090160BE49B
:10AA5000F0804B0512E512C3940A40B7850C82853D
:10AA60000D83740AF090160BE0C3950B5030741FE1
:10AA7000651045117005121FF18023741F65107059
:10AA80000474806511701790830C120FEF7A007BAD
:10AA9000409015B0E0F9121C8B74041211F5781077
:10AAA000121218A90AAC08AD09EEFAEFFB1220B792
:10AAB00074021211F57F0E020F2474E8120C1D743B
:10AAC000EA1212A8EAFEEBFF7508FE7509FF751081
:10AAD00000751100EE240CF50AE43FF50B850A829F
:10AAE000F58312B2E2EA4B70047C0880027C02EE2D
:10AAF0002413F516E43FF517851682F58312AF6F20
:10AB00002CF582E439F583E0F50FEE240BF514E41F
:10AB10003FF515EA4B704D88108911AC10AD117AD4
:10AB2000C77B17121CBBE9600990158712ADC702DD
:10AB3000ABDEAA10AB111223D5EA4B700302ABF0C7
:10AB40008A828B83A3A3A3A3E0F8740168600874CE
:10AB50000268600302ABF08A828B8312ADC7E50FF7
:10AB60007079807A88828983E0FAA3E0F8E4C8F9F2
:10AB7000EA28F508E439F509901587E065087004BE
:10AB8000A3E0650970087510C77511178050AB09EF
:10AB90001223CF8A0C8B0DA80CA90DE849605188AF
:10ABA000828983A3A3A3A3E06401704474091215EE
:10ABB0004CE412AED8F8A3E0F9741412154C12B498
:10ABC000CA740912128012237BE9600B740C1215EF
:10ABD0004C858210858311E50F6003750FFF74FEAD
:10ABE0006508700474FF65096006E5104511700C76
:10ABF000851482851583E0600302ADBD9019DFE006
:10AC0000F50CA3E0F50D750E0B74FE650870047469
:10AC1000FF65096026E51045116020E50F600674A8
:10AC200001650F70057512008038751280851482D9
:10AC3000851583E06401702A02ADBD75128112ADE5
:10AC4000CF70087508FF7509FF80177C087D0079B3
:10AC5000FF7401121280121B2374011212788810E3
:10AC60008911850C82850D83E512F0A385820C8500
:10AC7000830DAC10AD11AA0CAB0D121CC18A0C8B4C
:10AC80000D8A828B83E508F0A3E509F07401650F56
:10AC9000600302AD86901587E065087004A3E06547
:10ACA00009600302AD86E512600302AD868521824C
:10ACB000852283E4F0AA21AB221223E7E50C2402CB
:10ACC000F8E4350DF9E8FCE9FDEA4B700302AD7DCF
:10ACD00012ADCF700478098002780385168285173B
:10ACE00083E028F508A3E03400850882F583E0F5C9
:10ACF0000825E0F8E433F9EA28F8EB39F9852182F0
:10AD0000852283E0F509E508C39509500DE0C39558
:10AD100008F0C333240BF50E8002E4F0E08C828D42
:10AD200083F0850C82850D83A3A3A3E508F0E50CD1
:10AD30002404F50C5002050D050E050E80318882A5
:10AD40008983E0850C82850D8312ADDAE0850C8263
:10AD5000850D83A3F0E50C2402F50C5002050DE8E7
:10AD60002402F8500109852182852283E014F085B0
:10AD70002182852283E070C6121BD180098C828DCE
:10AD800083E4F0750E0C90165C7410F0850A8285D1
:10AD90000B83E0F508A3E04480F509780812121847
:10ADA000A90EEE2402FCE43FFDEE240FFAE43FFB83
:10ADB0001220B774021211F590165CE4F0741612AA
:10ADC00011F57F10020F24E0F508A3E0F5092285B4
:10ADD0000A82850B8312AF73492212ADDE2212AFB5
:10ADE00080A32274F6120C1D9019DFE0FEA3E0127E
:10ADF000AF8612154C12AECF541F8E828F83A3A341
:10AE0000A312ADDA12AEB7A3A3A312AED88E828F6F
:10AE10008312AEDE12AEB712AEDEA312AEBC12AE1D
:10AE2000E912AEB712AEE9A312AEC212AEFD12AE77
:10AE3000C2A3F0E82408FCE439FD8C828D83E0F5A0
:10AE400008EE240BF582E43FF583E50812B182E0B9
:10AE5000C0E0EE240CF582E43FF583D0E012AEFDB5
:10AE6000A3A3A3E0C0E0EE240DF582E43FF583D078
:10AE7000E0F0E8240BF582E439F583E0C0E0EE244D
:10AE80000EF582E43FF583D0E0F0E8240CF582E48F
:10AE900039F583E0C0E0EE240FF582E43FF583D07E
:10AEA000E0F07508027509807808121218791012FE
:10AEB000AF6050010B805412AEBCA322E08E828F93
:10AEC000832212AEBCA3A3A3A3A3A3A3A3A3221272
:10AED000B81988828983E02212ADDEA3E022A3A301
:10AEE000A3A3A312ADDEA3A322A3A3A3A3A3A3A3FF
:10AEF00012AEF42212AF80A3A3A3A3A32212AEF436
:10AF0000A3A322EAFCEBFD7A0A7B161220B7740297
:10AF100002A93974F6120C1D12AF6CFEE912AF864D
:10AF200012154C12AECF8E828F83A312AF79F50823
:10AF3000A3E0F509540FF9740C78081214ACE50875
:10AF4000C4498E828F83A3A3A3A3F0750803750958
:10AF5000807808121218790512AF6050010B80AB8F
:10AF6000EA2402FCE43BFDEA240FFA229019DF12E6
:10AF7000AF732212B821F9E822A3A312AF80E02216
:10AF8000F08882898322FF8E828F83E4F0ECA3F025
:10AF9000ED8E828F83A3A3F0740A2274EC120C1D31
:10AFA00012B810EC2409F508E43D85080CF50DEC09
:10AFB0002406F508E43D85080EF50FEE7024EC4DEF
:10AFC0006020850C82850D83E0FF850E82850F83CE
:10AFD000E02FC333240CF50AC3944F4008791002C4
:10AFE000B13A750A04EE88828983F0EA2413F508E1
:10AFF000E43BF509850882F583E0FFA3E0F5838F44
:10B000008212B310A312B177FFA3E0F5838F82A35E
:10B0100012B171F0E82403F582E439F583E50AC33F
:10B020009405500302B11D74FC250AF08C828D83B7
:10B0300012B17112B18085820885830912B3101292
:10B04000B189F0EC2403F508E43DF509850882F5A3
:10B050008312B17112B18912B180A3A3A3A3E054EA
:10B060000F88828983A3A3A3A3A3A3A3A3A3F0858B
:10B070000E82850F8312B171A3A3A3A3A3A3A3A3DD
:10B08000F0E8240BF8500109850E82850F83E060FB
:10B09000387F00EC2407F508E43D850810F51180A1
:10B0A00019EF25E0F508E433F50912B15C12B2CCD2
:10B0B00012B15C12B14B5001090F850E82850F83CE
:10B0C000E0F508EFC3950840D8850C82850D831202
:10B0D000B2CCA3A882A983850C82850D83E0603F52
:10B0E0007F00EC240AFC50010D8C088D09850C8230
:10B0F000850D83E0FCEFC39C5025EF25E0FCE43395
:10B10000FD850882850983E012B13F12B31012B1A8
:10B110007712B13F12B14B5001090F80D0E4F075A6
:10B1200008047509807808121218A90A12AF605035
:10B13000010B1220B774021211F57F0C020F242CA0
:10B14000F50BA3E03D850B82F5832212B14F22A3BC
:10B15000E088828983A3F0E82402F82285108285A2
:10B160001183E02508F50BA3E03509850B82F583F3
:10B170002212B314A3A322F0850882850983E0225A
:10B18000A3A3F08C828D83A322A3A3A3A312B19ABD
:10B1900012B314A3A3A3A3A3A322A3F085088285BB
:10B1A0000983A32274F1120C1D74FF1212A8E98501
:10B1B0002182852283F08A0A8B0BECFEEDFF901929
:10B1C000DF12B2C57508047406650A7004748065E0
:10B1D0000B70057509108003750900741012154C69
:10B1E00012B2DA741112154C12B2D1741312154C3A
:10B1F000E0F98A828B83A3A3A3F0602C740429F561
:10B2000008741412154CE0F50CA3E0F50D750E0052
:10B21000780C121214E9FC7D00EA2404FA50010BA8
:10B22000121B1774031211F5E50990165CF0780AE9
:10B23000121218A908EEFCEFFD74021212801220FF
:10B24000B774021211F5E9F990165CE4F00402A952
:10B25000417F0B020F2474F7120C1D74FF1212A809
:10B26000E9852182852283F012B2B2ECF0740A12D1
:10B27000154C12B8159019DFE0FCA3E0F5838C8221
:10B28000A3E812B2BE12B2B2A3A3A3E4F0740C12EC
:10B29000154C120FF37904EAFCEBFD7402121280D4
:10B2A0001220B774021211F574011211F57F010218
:10B2B0000F249019DFE0F8A3E0F58388822212B210
:10B2C000F4A3E9F02212AF73FAE9FB2212B314F0EF
:10B2D0002212B660A312B672F02212B612F02290B9
:10B2E00019DFE0FAA3E0FB221211F57F04020F241C
:10B2F00012B2F422F012B2FAA3229019DFE0F8A3FE
:10B30000E0F58388822274011211F57F0D020F246B
:10B3100012B31422E08882898322E50AF0A3E50BA8
:10B32000F02274EB120C1D74FF1212A8E985218221
:10B33000852283F08A128B138D14741812154C1207
:10B34000B618EC602612B2B2ECF0750831750980BF
:10B3500078081212187901AC12AD1374021212801F
:10B360001220B774021211F502B490741712154C22
:10B37000E0F50E75F016A42404F50B12B4BC121BF4
:10B38000CB8A088B09EA45097005791002B4908AC6
:10B39000828B83A385820C85830D850C10850D110E
:10B3A000E4F0A3E514F0741612154C12B4A4E50EE3
:10B3B000F0E5102404F51050020511750F0002B4D9
:10B3C00052EE2402FCE43FFDAA10AB11121CC1EEA8
:10B3D000240AFCE43FFDE5102408FAE43511FB12D1
:10B3E0001CC1EE241212B60612B638F0EA2402F896
:10B3F000E43BF912B5FC12B2CCEE2415F582E43F21
:10B40000F583E0333354FCFC88828983E04CF0EE12
:10B410002416F582E43FF583E0C454F0FC88828969
:10B4200083E04CF0EE241712B493F0EE2418F5826A
:10B43000E43FF58312B4C4EE241912B493A3A3F02D
:10B44000EA2406F510E43BF511EE241AFE50010F34
:10B45000050FE50FC3950E500302B3C19019DFE548
:10B460000CF0A3E50DF0750C31750D80780C1212FF
:10B4700018A90BAC12AD1374021212801220B7740B
:10B48000021211F5E9FEAA08AB09121BD112B4D0C1
:10B4900002B306F582E43FF58312B49D2212B61280
:10B4A000A3A3A32212B4B2F0851082851183A3A3B3
:10B4B000A322E0851082851183A3A3222401FAE44C
:10B4C0003400FB2212B49DA3F022E8F0A3E9F0229D
:10B4D0009019DF740DF0A37416F0EEF92274EA12DD
:10B4E0000C1D74FF1212A8E9852182852283F08A3F
:10B4F000128B138C0E8D08741812154CE0F509751B
:10B50000F015A4240412B4BC121BCB8A0A8B0BEADC
:10B51000450B7005791002B5F78A828B83A385826B
:10B520000C85830DAA0CAB0DE50EF0A3E508F074B5
:10B530001712154C12B61EE50912B63250010B75E2
:10B540000F04751000741912154C12B61880167479
:10B550000E250FF50F12B64BFA50010BEE2415FE17
:10B5600050010F0510E510C395095057EEFCEFFD93
:10B57000121CC18E828F83A3A3A3A3A3A3A3A31290
:10B58000B2DAEE240912B606A312B638A3F0EE24FE
:10B5900013F8E43FF98882898312B62F50010BEE2D
:10B5A000240BFCE43FFD88828983E0640370A0746F
:10B5B00015250FF50F121CC112B5FC12B60E12B6EE
:10B5C0004480999019DFE50CF0A3E50DF0750C337C
:10B5D000750D80780C121218A90FAC12AD137402FD
:10B5E0001212801220B774021211F5E9FEAA0AABFA
:10B5F0000B121BD112B4D0740102AAB2EE2414F5BE
:10B6000082E43FF58322F8E43FF98882898312B609
:10B610001222E08A828B8322E0FEA3E0FF2212B690
:10B620003FA312B62622F08A828B83A3A3A3221201
:10B63000B49DF0EA2404FA2212ADDE12B63F2212C3
:10B64000B612A322F0A3AA82AB83228C828D83122E
:10B65000B612F08C828D83A312B63FF0EA24022248
:10B6600012B821F9E88A828B8322E0F510A3E0F575
:10B670001122F0E98A828B83A3A32274F2120C1D9B
:10B68000890A8A088B0990165D12B618EEF8EF80C9
:10B690002888828983A3A3E0650A7012888289833F
:10B6A000A3A3A3E065087004A3E065096051E8FE68
:10B6B000E9FF8882898312B821F9E84970D37A05B5
:10B6C0007B00121BCB8A0C8B0DA80CA90DE84960DE
:10B6D0003288828983A3A3E50A12AEE3E508F0A3CA
:10B6E000E50912AF80E4F0A3F090165D12B2E2EA31
:10B6F0004B60068E828F83800390165D12B4CA79E8
:10B70000008002791002A8FD74ED120C1D8A088BCE
:10B7100009750E0090165D12B826EA2410F50CE4A7
:10B720003509F50D02B802E508240CF582E4350967
:10B73000F58312B815850A82850B83A3A3A312B2E1
:10B74000E2E86A7002E96B601B74FF6A700374FFC1
:10B750006B600302B7F9E95480700974136849609B
:10B760000302B7F9850C82850D83E02417FAE434CF
:10B7700000FB121B358A108B11AE10AF11EE4F601B
:10B780007885081085091175120078101212147C42
:10B79000177D00121B1774031211F5850C82850D9D
:10B7A00083E0603AEE2417FAE43FFBEE2413F582BF
:10B7B000E43FF583EAF0A3EBF0E5082413F582E417
:10B7C0003509F58312B66A7810121214850C828539
:10B7D0000D83E0FC7D00121B1774031211F58E829D
:10B7E0008F8374D3F0EEFAEFFB850A82850B83A377
:10B7F000A3E0F9121B41750E01850A82850B8312A5
:10B80000B826E50A450B600302B727A90E02B2511C
:10B81000E9FE9019DF12B8192212B821F922901905
:10B82000DFE0F8A3E022E0F50AA3E0F50B2274F6CE
:10B83000120C1D74E91212A87E00740A12154C74C1
:10B840000212B968A3A312B815740212154C12B4EF
:10B85000CAEA2415F582E43BF583E0C0E0740B12DC
:10B86000154CD0E012B96812B815740C12154C12B0
:10B87000B4CAEA2419F582E43BF583E0C0E0740E13
:10B8800012154CD0E0F0EA2420F582E43BF583E089
:10B8900014C0E0741012154CD0E0F0EA2422F8E451
:10B8A0003BF988828983E02401FCA3E03400FD7425
:10B8B0001312154CECF0A3ED12AF7B12B2B6E0C040
:10B8C000E0740F12154CD0E0F0EA2412F582E43B4C
:10B8D000F58312B815741112154C12B4CAEA242457
:10B8E000F582E43BF58312B815741512154C12B4A9
:10B8F000CAAA21AB2212211DE9FC80010EEEF50837
:10B90000750900740278081213C674C12508F8740A
:10B91000363509F988828983E493C0E0740193F590
:10B9200083D082AA82AB8374FF6A700374FF6B605A
:10B9300028740C12154CE06A7003A3E06B70BDAA6A
:10B9400021AB2288828983A3A3E493C0E07401938E
:10B95000F583D082123127800AEC7007AA21AB222E
:10B96000121FA9741702A93912B626A32274F6125F
:10B970000C1D74FF1212A88A088B097E058521828E
:10B98000852283E4F01216E5E9F97048780812126E
:10B99000187C017D00740212128079D0121679741D
:10B9A000021211F5E97032852182852283E06460FC
:10B9B00070278508828509837460F0AA08AB091294
:10B9C0001697E9F97009AA08AB091216D3E9F9EE3E
:10B9D000700279FE740102C31290837C1215351235
:10B9E000B9EB1231271EEE60E980A1850882850936
:10B9F00083A3A3A3A3A3A3A3E0F8A3E0F583888272
:10BA00002274F3120C1D890CEAFEEBFF8C0A8D0BDD
:10BA1000740D12154CE0F508A3E0F509AA08FB1215
:10BA200016E5E9F9703E850882850983A3A3E064E1
:10BA3000016006E50CD2E7F50C780A121218EEFC4C
:10BA4000EFFDAA0C850882850983A3E0F9850882A9
:10BA500085098312B9F512312774021211F5E9F93B
:10BA6000600279FC7F05020F2474F3120C1D74EC44
:10BA70001212A8EAFEEBFF8C088D09890CE9C39429
:10BA80000B4003750C0A742112154CE0F50AA3E073
:10BA9000F50BAA0AFB1216E5E9600302BB7AEE4F2A
:10BAA000700302BB7AE5084509700302BB7AE50C16
:10BAB000700302BB76850882850983E08521828533
:10BAC0002283F0850A82850B83A3A3E064016013BF
:10BAD00078008009E8FA12BB84C2E7F008E8C39551
:10BAE0000C40F1E50CC3940240537C01ECFA25E0D4
:10BAF000F8E433F9852182852283E58228F8E583FD
:10BB000039F912BB84C0E0E824FFF582E934FFF57F
:10BB100083D0E0F0E5082AF582E43509F58312CAFE
:10BB200043F00CECC3950C40C3A80CE828F8E433B0
:10BB3000F9E824FFF508E934FFF5098007E50CF57D
:10BB400008750900780812121874021212888E8281
:10BB50008F83E0FA850A82850B83A3E0F9850A8248
:10BB6000850B8312B9F312312774021211F5E9F92A
:10BB7000600A79FC800679FD800279FF7414121145
:10BB8000F502BA64EE2AF582E43FF583E02274F40C
:10BB9000120C1D74FF1212A88909EAFEEBFF12169F
:10BBA000E5E9F5087066EEFCEFFDAA21AB2212165E
:10BBB00091E9F5087013852182852283E0600EEEFD
:10BBC000FAEFFB1216C1E9F508E508703FEE242EE6
:10BBD000F50AE43FF50BAA0979071216DFE96012AE
:10BBE000EEFCEFFDAA0AAB0BA9091216AFE9F508A6
:10BBF000701AAA0979181216DFE96010EEFCEFFD41
:10BC0000AA0AAB0BA9091216B5E9F508A90874012F
:10BC10001211F57F04020F2474F6120C1D74FD122C
:10BC200012A8E9FE8A088B091216E5E9F97071ACD1
:10BC300008AD097401121280121691E9F97011749D
:10BC40000112154CE0600CAA08AB091216C1E9F903
:10BC5000E9704D740212154C74F4F0780812121841
:10BC60007C017D00740212128079F412167974023C
:10BC70001211F5E9702974035EF88521828522830B
:10BC8000E054FC48F078081212187901740212127C
:10BC900088740412128012167F74021211F5E9F9E9
:10BCA00002C31074F6120C1DEAFEEBFF8C088D091E
:10BCB000AA08AB091216E5E9F970217808121218E2
:10BCC0007C017D00EEFAEFFB79F412167974021212
:10BCD00011F5E9F98E828F83E05403F002C31574E5
:10BCE000F6120C1D74FD1212A88A088B0974021238
:10BCF000154C74E0F0852182852283E4F07E0504F2
:10BD000012154C74B6F01216E5E9F970687808124D
:10BD10001218790174031212887404121280121618
:10BD20007F74021211F5E9F9704B90837812153582
:10BD300012B9EB12312778081212187C017D0074B9
:10BD40000212128079F312167974021211F5E9F9D0
:10BD50007016EEF874FF28FE04600D85218285229E
:10BD600083E0A2E040C4800D852182852283E0A289
:10BD7000E0500279FA02C31074F5120C1D74EC1233
:10BD800012A8890AEAFEEBFF8C088D099082C1ACEB
:10BD900021AD22740812113E90828A740812128812
:10BDA000740C12113EAA08AB091216E5E97052EEA6
:10BDB0004F604E78081212187C087D00740212122F
:10BDC0008079F712167974021211F5E9F97034745A
:10BDD00008121288AA21AB221216A3E5082409F53D
:10BDE00008500205097808121218EEFCEFFD740ADB
:10BDF000121280A90A1216A974021211F5E9F9802B
:10BE00000279FF74141211F57F03020F2474F012EB
:10BE10000C1D8A828B8312BED7F50B740C78081226
:10BE2000117EA312C82C7404780C12117E78087944
:10BE30000C1214388A828B8312BEC41214388C827E
:10BE40008D8378081214BB8A828B8312BED4740C43
:10BE5000780812117E8A828B83A3A3A3A3E0F50C3A
:10BE60007404780C12117E7808790C1214388A82C6
:10BE70008B83A3A3A312BEC41214388C828D83A318
:10BE8000A3A3A378081214BB8A828B83A3A3A31253
:10BE9000BED47408780812117E8A828B83A3A3A370
:10BEA000A3A3A3A3E0F50C7808790C1214388C82B4
:10BEB0008D83A3A3A3A3A3A3A3A378081214BB7F7A
:10BEC00008020F24A3A3E0C4540FF50CE4F50D7889
:10BED00008790C22A3A3A3E0F508E4F509F50A22EA
:10BEE00074E0120C1D890B8A1C8B1D8C088D097542
:10BEF0000A00EA451D700302C0AFEC450970030259
:10BF0000C0AF742012154CE0FEA3E0FFEE4F7003AB
:10BF100002C0AFEC2404FCE43509FD8C828D831251
:10BF2000C0B985088285098312C0BAE5082408F5DE
:10BF30001EE43509F51F851E82F58312C0B974070A
:10BF4000550B700302C0758A828B83A3A3A3A378C9
:10BF5000101214D98E828F83E0F514A3E0F51585B5
:10BF6000100C85110D85120E85130F7404780C12B8
:10BF7000125F851418851519F51AF51B780C7918B8
:10BF80001213647403781012125FF516F517047813
:10BF90001412117E781079141213648E828F83121A
:10BFA000C61578107914120AB69083747814121496
:10BFB000D978107914120D6A850C14850D15850E2B
:10BFC00016850F17780C7914120AB69083707814BE
:10BFD0001214D9780C7914120D6A8E828F8312C6CE
:10BFE00013780C7914120AB690836C78141214D951
:10BFF000780C7914120D6A7810790C1213B385102D
:10C000000C85110D85120E85130FEE2421F582E4A7
:10C010003FF583780C1214BB90836878101214D902
:10C02000780C7910120AB6908364780C1213A090E1
:10C03000836078101214D9780C7910120D6A9083ED
:10C040005C780C1210F6400E750C60750DF0750ED4
:10C05000FF750FFF8016908358780C1210F6500C65
:10C06000750C34750D21750E00750F008C828D8353
:10C07000780C1214BBE50BA2E05018EEFCEFFD1299
:10C0800016C7EAF8EBF9ECFAEDFB8508828509831F
:10C0900012151DE50BA2E25019EEFCEFFDAA1CAB38
:10C0A0001D1216CD851E82851F83121529800375EA
:10C0B0000AFFA90A7F18020F24E4F0A3F0A3F0A35B
:10C0C000F02274F4120C1D74FD1212A8E9FE8A0805
:10C0D0008B098C0A8D0B7F01A2E25073EF12154C75
:10C0E00074F2F08A828B83A3A3E05407C0E0740249
:10C0F00012154CD0E0F0780A12121879017404126B
:10C100001288740312128012167F74021211F5E95C
:10C11000703CEF12154C74F4F0780A1212187C017E
:10C120007D00740212128079F412167974021211D1
:10C13000F5E9701A780A121218790174021212883D
:10C14000740312128012167F74021211F5E9FF7443
:10C15000035E605D740112154C74F4F0780A1212DB
:10C16000187C017D00740212128079F41216797421
:10C17000021211F5E9F87037EEA2E0500985088245
:10C1800085098312C243EEA2E15009850882850920
:10C190008312C230780A12121879017402121288BE
:10C1A000740312128012167F74021211F5E9F8E876
:10C1B000FFEFF9740302BC1074F5120C1D74FE122B
:10C1C00012A8890AEAFEEBFF8C088D09740112158A
:10C1D0004C74F5F078081212187C017D007402127C
:10C1E000128079F512167974021211F5E9F9703B93
:10C1F000E50AA2E3500A8E828F83A3A3A312C2434F
:10C20000E50AA2E4500A8E828F83A3A3A312C23050
:10C21000780812121879017402121288740312122B
:10C220008012167F74021211F5E9F9740202BE053C
:10C23000A3E0C43354E0F8852182852283E0541FB3
:10C2400048F022E0333354FC541CF88521828522C7
:10C2500083E054E348F02274F7120C1D8A828B832A
:10C26000E012C298A3A3F0EA2402F812C28812C214
:10C270009FF0EA24030812C288A3A3A312C29FA3BB
:10C28000A3A3F07F01020F24E43BF988828983E0B5
:10C290001313543F12C2982254078C828D8322F0CC
:10C2A00088828983E0C41312C298A32274F6120C08
:10C2B0001D74F71212A88A088B0978081212187CCC
:10C2C000047D00740712128079F21216797402123A
:10C2D00011F5E9F97036AC21AD2274051212801205
:10C2E00016BBAA08AB09121697E9F9701FAC08AD86
:10C2F00009AA21AB22791F1216AFE9700EAC08AD66
:10C3000009AA21AB22791F1216B5E9F97409800236
:10C3100074031211F57F02020F2474E4120C1D1233
:10C32000C82278101214D990837878081214D9781A
:10C33000107908120D6A90834078101213A08510AE
:10C340001485111585121685131790833C780812F1
:10C3500014D978147908120D6A8510088511098599
:10C36000120A85130B90833C780C1214D978087943
:10C370000C120D6A78147908120AB685140C85150A
:10C380000D85160E85170F90837478081214D978CE
:10C390000C7908120D6AEC241012C605120AB68533
:10C3A000100885110985120A85130BEC240E12C89A
:10C3B0001AF518A3E0F5193395E0F51AF51B78087E
:10C3C0007918120AB67401780812117E780C79086F
:10C3D0001213B390833C78081214D9780C790812A0
:10C3E0000D6AEC240C12C8377410780812117E788C
:10C3F0000C79081213B38C828D83A3A3A3A3A3A3E8
:10C40000A3A3A3A312C83D90832878181214D97847
:10C41000147918120D6A78087914120AB6908320DC
:10C4200078141214D978087914120D6A8C828D83CD
:10C43000A3A3A3A312C61378147910120AB690838B
:10C440007878101214D978147910120D6A78087956
:10C45000141213B39083DC78101214D97808791071
:10C46000120D6A90833478081213A08C828D83A3F6
:10C47000A3A3A3A3A3E0F510A3E0F511E4F512F53F
:10C480001378087910120AB690833478101214D9F0
:10C4900078087910120D6A850810850911850A122D
:10C4A000850B13E510451145124513700302C5ECC9
:10C4B0007514007515007516107517008A828B8328
:10C4C000781412129090837078081214D9780C792D
:10C4D00008120D6A7814790C121364908318780886
:10C4E0001214D978147908120AB69082E4781412DA
:10C4F000119D40107401781412117E781479101275
:10C500000BAE800E78147910120BAE7401781412F1
:10C51000117E851410851511851612851713740365
:10C52000781012125FEC241612C81AF508A3E085E1
:10C53000080CF50D3395E0F50EF50F851008851103
:10C540000985120A85130B78087910120AB6740D42
:10C55000780812125F780C7908120AB69083707806
:10C56000081214D9780C7908120D6A8514088515FB
:10C570000985160A85170B7402780812125FEC24DD
:10C580001412C81AF510A3E0F5113395E0F512F571
:10C590001378087910120AB690832878101214D9EB
:10C5A00078087910120D6A780C79081213B3EC240C
:10C5B0001212C6051213B39083CC78081214D978DE
:10C5C0000C7908120D6A7814790C1213B39082E872
:10C5D000781412119D50159082EC781412119D5010
:10C5E000177514B07515AD75160180097514307581
:10C5F0001575751600751700AA14AB15AC16AD1796
:10C600007F14020F24F582E43DF58312C841780CB3
:10C61000790822A3A3A3A3E0F514A3E0F5153395AD
:10C62000E0F516F5172274E8120C1D12C822780CDA
:10C630001214D99082F0780C1213A08A828B83A3F3
:10C64000A3A3A3A3A3A3A378101214D9740E7810E4
:10C6500012117EEC241C12C8377414780812117E53
:10C6600078107908121364EC241E12C83778087900
:10C670000C120AB67810790812136490836C781043
:10C680001213A090833478081214D9781079081204
:10C690000D6A850C08850D09850E0A850F0BEC24A3
:10C6A0002012C81AF5143395E0F515F516F517782C
:10C6B000087914120AB69082F478141214D9780802
:10C6C0007914120D6AEC241B12C81AF514E4F5153E
:10C6D000F516F517780C7914120AB690837478144D
:10C6E0001214D9780C7914120D6A908334780C12D4
:10C6F00013A07808790C120AB69082F4780C121400
:10C70000D97808790C120D6A9082F878081213A073
:10C71000EC241912C81AF50CA3E0F50D3395E0F5D9
:10C720000EF50F7808790C120AB690832878081253
:10C7300013A090836C780C1214D97808790C120D20
:10C740006A78107908120AB685100C85110D8512C9
:10C750000E85130F90833478081214D9780C790859
:10C76000120D6A850C08850D09850E0A850F0B7858
:10C7700008790C120AB6908364780C1214D97808E0
:10C78000790C120D6AEC2418F582E43DF58312C889
:10C790002C7808790C120AB69083CC780C1214D934
:10C7A0007808790C120D6A78107908121364908356
:10C7B000D478101210F6404A7510007511007512E9
:10C7C0000075130090837078081214D978107908D6
:10C7D000120D6A85100885110985120A85130B90C0
:10C7E00082FC780812119D500C750800750990752F
:10C7F0000A01750B00AA08AB09AC0AAD0B7F100249
:10C800000F2490830078101210F650B87510007540
:10C81000119075120175130080B9F582E43DF5831E
:10C82000E022EC2421F582E43DF58322E0F50CE4DE
:10C83000F50DF50EF50F22F582E43DF58312C841A2
:10C8400022E0F508A3E0F5093395E0F50AF50B229F
:10C8500074F6120C1D74E61212A88A088B099081D6
:10C86000A9AC21AD22741A12113E78081212187C5C
:10C870001A7D0074021212807988121679740212DD
:10C8800011F5E9F9600302C929AC08AD09AA21AB89
:10C89000221216D978081212187C077D0074021231
:10C8A000128079E112167974021211F5E9F97079A2
:10C8B000E5082409FAE43509FB740112154CE0FD82
:10C8C000852182852283E0FCEA12CA1AECF0A3EDEE
:10C8D000F0740212154CE0C0E0EA241BF582E43B40
:10C8E000F583D0E0F0740412154CE0FE74031215C9
:10C8F0004C12C9441213C6EE12C93B241C12C92E95
:10C90000740512154C12C9441213C6EEC412C93B69
:10C91000241E12C92E740612154CE0C0E0EA242031
:10C92000F582E43BF583D0E0F0741A02C312F5827D
:10C93000E43BF583ECF0A3E509F022540FFCE50895
:10C940004CFCEA22E0F5083395E0F5097404780818
:10C950002274F7120C1DEC2409F8E43DF98A828B4D
:10C960008312CA3712CA4312CA6612CA3812CA419F
:10C97000A3A312CA66A312CA3712CA3F12CA7612FA
:10C98000CA38A3A312CA3FA3A312CA76A3A312CA8A
:10C990005712CA4912CA89240BF582E43BF5831267
:10C9A000CA57A3A312CA49A3A312CA89240D12CA43
:10C9B0002D240C12CA23240C12CA82240F12CA2D51
:10C9C000240E12CA23240E12CA82241112CA2D2444
:10C9D0001012CA23241012CA82241312CA2D241240
:10C9E00012CA23241212CA82241512CA2D24141228
:10C9F000CA23241412CA82241712CA2D241612CA5A
:10CA000023241612CA8212CA1AE0C0E0E82418F5DC
:10CA100082E439F583D0E002C2822419F582E43B36
:10CA2000F58322F582E43BF583E0FCE822F582E41D
:10CA30003BF583E0FDEA22A3E0FD8A828B8322A3FB
:10CA4000A3A3A3E08882898322E088828983A3A3A9
:10CA5000A3A3A3A3A3A322E0FD8A828B83A3A3A302
:10CA6000A3A3A3A3A32212CA6A22F0A3EDF08A8291
:10CA70008B83A3A3A322A3A3A3A312CA6AA3A3A3E2
:10CA8000A322F582E439F583ECF0A3EDF0EA22E984
:10CA900079005A600279010211C2C082C083EA4B58
:10CAA000601D8A828B8312CACE60148A828B8312A5
:10CAB000CACC600B8A828B83A3A312CACC70047980
:10CAC000FF80027900D083D0820211C2A3A3A3A366
:10CAD000A3E0F8A3E0F9E8492274F0120C1D74FDFC
:10CAE0001212A8740212154CE9F08A088B098C0AFC
:10CAF0008D0B741512154CE0FEA3E0FF8521828595
:10CB00002283E4F0A3F0EE2403FAE43FFB8E828F4D
:10CB100083A3AC82AD83901A8A780C1214D978085A
:10CB2000790C12104D70188E828F837469F08C828C
:10CB30008D83746EF08E828F83A3A37466801F78BA
:10CB400008790812104D601A8E828F83746EF08CF3
:10CB5000828D837461F08E828F83A3A3746EF00242
:10CB6000CF6C901A49780C1214D97808790C120EEF
:10CB70003D500302CC159083D4780C1214D9780858
:10CB8000790C12104D600302CC69741712154CE039
:10CB9000700302CCAB852182852283C082C083745E
:10CBA0001312154C12D998D083D08212CFA7502ED1
:10CBB000852182852283C3E094FCA3E094FFA2D266
:10CBC00065D0334019740212154CE412DA7A12D986
:10CBD00098741312154CC3E098F0A3E099F0741305
:10CBE00012154C12CFDE741812154CE0700302CCF3
:10CBF000A8741712154CE402CCAA901A8E780C1265
:10CC000014D97808790C120495852182852283E055
:10CC1000240A12DA94901A92780C1214D9780879AE
:10CC20000C120E3D40D490839C780C1214D97808D5
:10CC3000790C120E3D400302CB8A90839C780C1233
:10CC400014D97808790C12049512DA8B80D8901ACE
:10CC50008E780C1214D97808790C12067B85218203
:10CC6000852283E024F612CFE1901A96780C1214F4
:10CC7000D97808790C120E8C40D4901A49780C128D
:10CC800014D97808790C120E8C400302CB8A908359
:10CC90009C780C1214D97808790C12067B852182B5
:10CCA00085228312CFDE80D27401F0740212154CFB
:10CCB000E060047A00807F12CFB3507E8E828F8333
:10CCC0007430F0ECFEEDFF741312154CE0FCA3E0A1
:10CCD000FDEC4D7008741812154CE0600B8E828FBD
:10CCE00083742EF0A30EAF837A007B0080118E82B6
:10CCF0008F83743012CFD7741312154C12CFDEEA23
:10CD000024FF1AEB34FFFB85218285228312CF9BFF
:10CD1000500B741312154C12D9BE4970D185218263
:10CD200085228374FFC39CF874FF9DF912CFA7502E
:10CD30000302CE7E7A017B00807112CF8CFAE499D7
:10CD4000FB806885080C85090D850A0E850B0F7818
:10CD50000C1208F3AC0CE50D3395E0F50EF50F78E9
:10CD60000C120B367808790C12025690839C780CC2
:10CD70001214D97808790C12067BEC12CFD1EAF89C
:10CD8000EBF9E824010AE439FBE849701E74131238
:10CD9000154C12D9BE497008741812154CE0600B7E
:10CDA0008E828F83742EF0A30EAF83741312154CF2
:10CDB00012CF9B508E901A9A780C1214D978087959
:10CDC0000C120E3D400302CE7E7C01EE24FFF8EFF4
:10CDD00034FFF9741512154CE0F508A3E0F5098845
:10CDE000828983E0642E6010E02CF0643A7007744E
:10CDF00030F07C0180027C00E8FAE9FBEA24FF18AD
:10CE0000EB34FFF9C3E5089AE5099B40D2ECA2E0B8
:10CE1000506C740212154CE0603BEEF8EF800DECA4
:10CE200088828983F0E824FF18E934FFF9C3E50814
:10CE300098E50999501A12CF76E0FC742E6C70DFD9
:10CE4000E824FEF582E934FFF58312CF83F980D51B
:10CE500012DA8B801E8E828F83A3AE82AF83EEF8B0
:10CE6000EF800612CF7612CF83F9C3E50898E50963
:10CE70009940F0741512154C12D9CD7431F0741715
:10CE800012154CE07005801C1EAF83EE24FFF58266
:10CE9000EF34FFF583E0F874306860EC742E68704E
:10CEA000031EAF83740212154CE0700302CF688E2C
:10CEB000828F83F0EE2402E43FF9A3AA82AB8312AF
:10CEC000CFB38A828B835012742DF00E0EE9FF12BD
:10CED000CF8CF8E49912CFC48007742BF00E0EE9C2
:10CEE000FF7C007D00EE240AFE50010F0CEC700167
:10CEF0000D12CF931209BBEA12CFD112CF931209B0
:10CF0000BB12CFC5852182852283E04970DEC3EC48
:10CF10009402ED12D96D40D4ECFAEDFBC3E49CF819
:10CF2000E49DF9EE28F582EF39F583E0C0E0C3E433
:10CF30009AF8E49BF9EE28F8EF39F9E82CF8E93D86
:10CF4000F9E824F5F582E934FFF583D0E0F0EC242C
:10CF5000FF1CED34FFFDC3EC9401ED12D96D50BC04
:10CF6000EE24F6FEEF34FFFFEEFAEFFB740312112E
:10CF7000F57F08020F24E824FFFAE934FFFB8A82D8
:10CF80008B8322E088828983F018EB2212DA26C391
:10CF9000E4982212DA267A0A7B0022C3E09AA3E000
:10CFA0009BA2D265D03322C3E098A3E099A2D265B8
:10CFB000D03322852182852283C3A3E012D9712236
:10CFC000A3E03400F9852182852283E8F0A3E9F00B
:10CFD0002224308E828F83F0A3AE82AF8322E0249E
:10CFE000FFF0A3E034FFF02274F0120C1D74B212B3
:10CFF00012A885218285228312DA3A741312154C05
:10D00000ECF0A3EDF0740B12154CE4F0A380207447
:10D010005E12154C12D9AE741312154C12D9CD12E2
:10D020003127740B12154CE02401F0A3E03400F01A
:10D0300012D9FBF9852182852283E02401FAA3E03D
:10D040003400FB85218285228312DA3A74256960D7
:10D0500010E970BB740B12154C12D9AE744E02CF8E
:10D060006E12D9FB64257019852182852283E02404
:10D07000010812CFC0745E12154C12D9AE7925800A
:10D0800096740A12154CE4F0740912154CE4F0740D
:10D090000812154CE4F0740512154CE4F0741C12DF
:10D0A0001278740212154C12CFCB741A12154C74EC
:10D0B00055F0A3741A8019740512154CE0700774AA
:10D0C0000512154CEAF0852182852283E8F0A3E958
:10D0D00012DA9B12D9F6FA24E060DC24FD601724F2
:10D0E000F860DC24FE600624FD600F8011740812D5
:10D0F000154CE00480CF740980F5740A80F1852115
:10D100008285228312D9F6642A705C746012154CF1
:10D1100012D9F6FAA3E0FB8A828B83E0FCA3E0FD40
:10D12000740612154CECF0A3EDF0EA2402FA50015B
:10D130000B746012154C12DA32740612154C12CFB1
:10D14000B9501F740612154C12D9AEC3E49AFAE412
:10D150009BFB740612154C12DA3A740812154CE057
:10D1600004F012CFC58042740612154CE4F0A3807F
:10D170002C740612154C12D9BE75F00AA4F8ABF047
:10D1800075F00AE9A42BF9E82AF8E439F9E824D083
:10D19000F8E934FFF9740612154C12DAB612DA7394
:10D1A000FA74D02AC3940A40C8740812154CE0607F
:10D1B00007740A12154CE4F012D9FB642E707B85BB
:10D1C0002182852283E024010812D9C3E8F0A3E973
:10D1D00012DA73642A7027746012154C12DA05F99A
:10D1E00088828983E0FEA3E0FFE82402F850010969
:10D1F000746012154C12D9E512DAB6F080407E0048
:10D200007F0012D9FBF874D028C3940A5030EE7511
:10D21000F00AA4FEA9F075F00AEFA429FFEE28F8A1
:10D22000E43FF9E824D0FEE934FFFF85218285221E
:10D2300083E02401F812CFC080C87EFF7FFF7A0010
:10D24000852182852283E02401F812D9C3E0FBA363
:10D25000E0F5838B82E024B4600824E4600624FCBB
:10D2600070057A0112CFC512D9FBC0E07404121503
:10D270004CD0E012DA9B12CFCB740412154CE07044
:10D280000302D80D24BB700302D6E224FE70030211
:10D29000D6C724EF700302D44C24F5700302D34A9E
:10D2A00014700302D4E914700302D6E2147003026E
:10D2B000D6E014700302D6C724FE700302D4E9241A
:10D2C000FB602414700302D43014700302D44C2485
:10D2D000FD700302D38A24FE700302D44C24FD7037
:10D2E0000302D44002D819746012154C12DA1AE8FD
:10D2F000FCE9FDE5082402F50850020509EAA2E070
:10D30000740B502F12154C12D9983395E0FA8C8279
:10D310008D83E8FCE9FDEAFEECF0A3EDF0A3EEF06E
:10D32000A3F0746012154C12D9CDE508F0A3E509FD
:10D3300002D02F12154C12D9988C828D8312CFCB2C
:10D34000746012154C12D9E580E0746012154C120D
:10D35000DA05F5838882E0C0E0741C12154CD0E039
:10D36000F0746012154C12DA012402F8A3E03400C4
:10D37000F9746012154C12D9E512CFCB741D121539
:10D380004CA882A983740D02D426746012154C1225
:10D39000DA1AE5082402FAE43509FB746012154C28
:10D3A00012DA32740212154C12CFCBE849700C74A9
:10D3B0000212154C7466F0A3741AF012D96B500463
:10D3C0007E107F2775080075090080080508E508AC
:10D3D00070020509740212154C12D998888289834B
:10D3E000A3AA82AB83740212154C12DA3A8882899E
:10D3F00083E0600BC3E5089EE50912D95040CD7467
:10D400000212154C12D99C740D12154C12CFCBC3BD
:10D41000E49508F8E49509F9740D12154CE028F824
:10D42000A3E039F9740212154CE8F0A3E902D830F0
:10D43000740912154CE06008EE4F70047E017F0005
:10D44000741A12154C7475F0A3741AF074601215E6
:10D450004C12DA0C740412154CE0647070348508B8
:10D460008285098312D9AE740F12154C12DA68E561
:10D470000812D96112154C12D9E512CFCB741612CD
:10D48000154C741012DA6CA3F0740512154CE402FA
:10D49000D55EEAA2E0E508501612D95712154C12D3
:10D4A000DA50121511740F12154C12151D80191235
:10D4B000D96112154C12DA63F8A3E0F9E8FAE9FB36
:10D4C000740F12154C12DA68740412154CE0646F74
:10D4D0007009741612154C740880A9E06475709D6B
:10D4E000741612154C740A809B746012154C12DA73
:10D4F0000CEAA2E0E508501012D95712154C12DAC6
:10D500005078081214D9801612D96112154C12DA0B
:10D5100063F508A3E0F5093395E0F50AF50B740F00
:10D5200012154C78081214BB9083D478081210F6A8
:10D530004021740512154C742DF0740F12154C789F
:10D54000081214D9780812133F740F12154C78087A
:10D550001214BB741612154C740A12DA6CA3F07410
:10D560004D12154CA882A983740212154C12CFCB10
:10D57000740D12154C12DA4812154C121511E849A7
:10D580004A4B6004D2008009C200EE4F700302D6FD
:10D590003D740212154C12D9C712154C12DA4812FA
:10D5A000154C780C1214D9741612154C78081214F4
:10D5B000D9780C7908120BAE741A12154CE02508B4
:10D5C000F8A3E035098882F583E0C0E07402121503
:10D5D0004C12D9CDD0E0F0740F12154C780C121407
:10D5E000D9741612154C78081214D9780C790812CF
:10D5F0000BAE740F12154C780C1214BB740F12156D
:10D600004C121511E8494A4B708712D96B502E7491
:10D610000A12154CE06026740512154CE06004D225
:10D62000F08002C2F0740612154C12D98A800E7472
:10D630000212154C12DA4012154C12D9DE74021285
:10D64000154C12D99C744D12154CC082C0837402C3
:10D6500012154C12D9AED083D082E582C39AFAE576
:10D66000839BFBC3EA9EEB12D95040C37409121589
:10D670004CE0700302D831A200400302D831740498
:10D6800012154CE064786005E064587010E0888200
:10D690008983F0E824FF18E934FFF98017E0646F0C
:10D6A000600302D831740212154C12D9F66430703E
:10D6B0000302D831740212154C12DA4012154C12C2
:10D6C000D9CD743002D830741512154C7401F07431
:10D6D0000412154CE024FEF0EE4F700D7E01801018
:10D6E000E4F0741512154CE4F012D96B50047E0668
:10D6F0007F00746012154C12DA0C850882F583786D
:10D700000C1214D9E50812D95712154C12D9E5128A
:10D71000DA4812154C780C1214BB9083D478081296
:10D7200014D9780C7908120E8C5022740512154CFD
:10D73000742DF0740F12154C78081214D9E50BB241
:10D74000E7F50B740F12154C78081214BB7406120F
:10D75000154C741C1212788909E028F8A3E03509E9
:10D76000F9740212154C12CFCB740912154CE0F566
:10D7700008780812121C741612154CE0F508780887
:10D7800012121C740412154C120FF38E088F0978B4
:10D7900008121218740A12154CE0F9741512154C7F
:10D7A0001215351222F774061211F5740D12154C6C
:10D7B00012DA3A740A12154CE06076740512154CB0
:10D7C000E06004D2F08002C2F0740612154C12D947
:10D7D0008A740D12154CC082C083740212154C124B
:10D7E000D998D083D082E0C398F8A3E099F9C3E830
:10D7F0009EE912D950503A740212154C12D9C71230
:10D80000154C12DA4012154C12D9DE80C4852182E3
:10D8100085228312D9A512CFC4740212154C7486C6
:10D82000F0A3741AF0740D12154C7489F0A3741AD5
:10D83000F0740D12154CC082C083740212154C1284
:10D84000D998D083D082E0C398FEA3E099FF7406F4
:10D8500012154CC3E09EA3E012D950500875080081
:10D860007509008029740512154CE06004D2F0801F
:10D8700002C2F0740612154CE0C39EF8A3E09FF9B3
:10D88000A2F0E433FAE89AF508E99400F50974087F
:10D8900012154CE070208019745E12154C12D9B428
:10D8A00012154C12D9CD123127740B12154C12DA05
:10D8B0009112D97950E2740512154CE06056745EED
:10D8C00012154C12D9AE740512154CE0F9741312EE
:10D8D000154C12D9CD1231278032745E12154C12BC
:10D8E000D9AE740212154C12DA01F9741312154CE8
:10D8F00012D9CD123127740212154CE02401F8A37D
:10D90000E03400F9740212154C12CFCB740B1215CF
:10D910004C12DA91EE24FF1EEF34FFFFC312D96DD3
:10D9200050B8740812154CE0700302D03012D97947
:10D93000500302D030745E12154C12D9B412154C3B
:10D9400012D9CD123127740B12154C12DA9180DDE9
:10D950009FA2D265D033222404F8E43509F974601B
:10D96000222402F8E43509F9746022C3EF12D97158
:10D97000229400A2D265D03322E50824FFF508E501
:10D980000934FFF509C312D97122A2F0E433F8E09B
:10D9900098FEA3E09400FF2212DA2C2212D9A022D2
:10D9A00012D9A5F922E024FFF8A3E034FF22E0FA1F
:10D9B000A3E0FB22E0FAA3E0FB792074132212DA41
:10D9C0002CE82212DAAA2212D9A074022212D9D18A
:10D9D0002212D9D522E0F8A3E0F58388822212D959
:10D9E000D17430F02212D9E92212D9ED22E0FAA343
:10D9F000E0F5838A822212D9E9E0228521828522FC
:10DA00008312DA822212DA82F8A3E02212DA1022DA
:10DA100012DA86F508A3E0F5092212DA10850882E9
:10DA2000F58312DA2C22852182852283E0F8A3E097
:10DA3000F922E0FCA3E0F5838C82EAF0A3EBF0226C
:10DA4000E8F0A3E9F0740222E8F0A3E9F0740F22F1
:10DA500012DA542212D9EDE8F0A3E9F085088285A4
:10DA600009832212DA54E022EAF0A3EBF0A3E4F0F7
:10DA7000A3F02212DA7A12DA8222F085218285223C
:10DA8000832212DA862212D9D5E0228521828522CC
:10DA900083E02401F0A3E03400F02212DA9F221286
:10DAA000DA7AE02401F812DAAA22A3E03400F98538
:10DAB000218285228322E8F0A3E912DA9FE8F0A30D
:10DAC000E92274F6120C1D12DE2E903843E493F511
:10DAD00008EC8508F0A4FCA8F08508F0EDA428FD6A
:10DAE00079FF7AF17B0B121B2390041274EFF0A3E1
:10DAF0007415F090041474E3F0A37415F0900416F8
:10DB00007413F0A37416F0900418744FF0A37416F5
:10DB1000F090041A7455F0A37416F090041C746706
:10DB2000F0A37416F090041E746DF0A37416F090B8
:10DB30000411E4F080031211F57F02020F24C08269
:10DB4000C0837A0080010A903843E493F8EAC398CE
:10DB5000500CEA12DB6570EEAA82AB8380047A0077
:10DB60007B0002E1F375F01AA4F8A9F012E112F4B7
:10DB700022C082C0837A007B007C008014EC12DB20
:10DB800065600DA3A3A3A3A3E0F8EA28FAE43BFB96
:10DB90000C903843E493F8ECC39840E102E1F3744D
:10DBA000F7120C1D7F007E008012EE75F01AA4F8AB
:10DBB00085F008A90812DB6C60010F0E903843E471
:10DBC00093F8EEC39840E3E4938A828B83F0A3E456
:10DBD000F0EF8C828D83F0A3E4F002DF5B74E91236
:10DBE0000C1D74F41212A8890C8A0A8B0B8C0F8DF1
:10DBF00008750E00EA2408F510E4350BF5118510C0
:10DC000082F583E0F874016860057403687011E9B7
:10DC1000600E74FF650C6008740368700AEC70078E
:10DC20007A007B0002DDE78A148B157516007814E4
:10DC30001212147C097D007403121280121B1774D7
:10DC4000031211F5740912154CE50FF07E007F00E8
:10DC500012163DAA0AAB0B1216438A0A8B0B8510CB
:10DC600082851183E064017008750901750D0080DB
:10DC700006750900850F0D74FE650A700474FF6552
:10DC80000B700302DDE37A00742312154CE0F510EB
:10DC9000A3E0F51180010A903843E493F8EAC398B1
:10DCA000400302DD36EA12E17070EBA3E065097013
:10DCB000E58E828F83A3A3E0650A7004A3E0650B61
:10DCC00070D48E828F83A3A3A3A3E0650D70C77564
:10DCD0000900802C850A82850B8312E613740A12D0
:10DCE000154C12DDF1600CAA21AB22E0F58388828D
:10DCF00012312712E6E0A90C12310D750E0105094B
:10DD0000E509C39508400302DDDA12DE01FCA3E059
:10DD1000FDEEFAEFFB1215FBE970E3850A82850B35
:10DD200083E0FCA3E0FDEEFAEFFB121607E970A416
:10DD30007E007F0080C81215DD8A128B13AE12AFF1
:10DD400013EE4F700302DDE38E828F83E50CF0A3A8
:10DD5000E509F08E828F83A3A3E50AF0A3E50BF01B
:10DD60008E828F83A3A3A3A3E50DF0903844E493A0
:10DD7000C395085004E493F508750900802A12DE63
:10DD800001F8A3E0F9740A12154C12DDF1600CAA37
:10DD900021AB22E0F583888212312712E6E0A90C3C
:10DDA00012310D750E010509E509C3950840CF8EA6
:10DDB000828F83A3A3A3A3A3E508F07512007810B4
:10DDC000121214AC08EC2CFCE433FDEE2406FAE449
:10DDD0003FFB121B1774031211F5E50EA2E050036E
:10DDE000123065EEFAEFFB740C1211F57F0F020F83
:10DDF00024E8F0A3E9F0900371E0F8A3E0F9E84922
:10DE000022A809E828F8E433F9E51028F50AE51115
:10DE100039F50B850A82F583E022C082C08312DEC9
:10DE20002E79FF121B23123047790102E1F390385B
:10DE30003CE493FC740193FD2274F7120C1DEA4B31
:10DE400060377E0080010E8A828B83A3A3A3A3A3E5
:10DE5000E0F8EEC3985022EE25E0F8E433F9EA2822
:10DE6000F582EB39F583A3A3A3A3A3A3E06C70030E
:10DE7000A3E06D70D179018002790002DF5B74F25A
:10DE8000120C1D750A00EA4B607CEA240512E0AE14
:10DE9000F5086072EA240608E43BF985080C750B66
:10DEA00000801488828983E508F0A3E509F0E8245E
:10DEB00002F8500109050BE50BC3950C5036E50B34
:10DEC00025E0F508E433F509EA2508F582EB350984
:10DED000F583A3A3A3A3A3A3E0F508A3E0F509ECAE
:10DEE00065087003ED650970BA8E828F83E014F0C7
:10DEF000050A70C1E50A60031230478E828F83E005
:10DF00006004790180027900800574021211F57FA6
:10DF100006020F2474F7120C1DEA4B603CEA24053C
:10DF2000F8E43BF988828983E0FE903844E493FF6B
:10DF3000EEC39F5024EE2EFEE433FFEA2EF582EB73
:10DF40003FF583A3A3A3A3A3A3ECF0A3EDF08882E2
:10DF50008983E004F07901800279007F01020F24B7
:10DF600074F3120C1D890A8C0B12E0A5700B8A82C7
:10DF70008B83E0FCA3E0FD800B12162B8A088B0933
:10DF8000AC08AD0974FE6C700374FF6D605D7508BC
:10DF900000801574016509700D88828983E06C70BA
:10DFA00003A3E06D6049050812E09A503EE50812AF
:10DFB000E086E0650A70EFA3E0F509EA2402F8E4E0
:10DFC0003BF98E828F83E0640160C8E50970D788D1
:10DFD000828983E06C7003A3E06D70CA8A828B83B0
:10DFE000A3A3A3A3E0650B70BD80047A007B007F30
:10DFF00005020F2474F4120C1DEA2408F8E43BF91E
:10E00000880889098882F583E06401700B8A828B15
:10E0100083E0FEA3E0FF800B12162B8A0A8B0BAE67
:10E020000AAF0B74FE6E700374FF6F6054750A00C4
:10E030008015EC701088828983E06E7003A3E06F16
:10E0400070031215F5050A12E11E502EE50A12E0C2
:10E0500086A3E0FCEA2402F8E43BF98508828509FE
:10E0600083E0640170CC74016C70DA88828983E08B
:10E070006E7003A3E06F60CA80CBEEFAEFFB12165E
:10E08000257F04020F2475F01AA4F8A9F074F12872
:10E09000FA740B39FB8A828B8322903843E493F81D
:10E0A000E508C39822EA240812E0AE640122F8E4ED
:10E0B0003BF9E8FEE9FF8E828F83E022EC75F01ACF
:10E0C000A4F8A9F074F128F8740B39F92274F41249
:10E0D0000C1D890B8A088B097E007F00750A008061
:10E0E00025E50A75F01AA4F8A9F012E112650B7083
:10E0F00013AC08AD09AA82AB831215FBE960050ECB
:10E10000EE70010F050A12E11E40D6EEFAEFFB0297
:10E11000E08174F128F582740B39F583E0229038A0
:10E1200043E493F8E50AC3982274F2120C1D890C9B
:10E130008A088B098C0D750B00750A008004050B8D
:10E14000050A12E11E5022E50A12E17070F2AC08D5
:10E15000AD09EEFAEFFB1215FBE960E4E50BC395A0
:10E160000D40DBEEFAEFFB80047A007B0002DF0F4C
:10E1700075F01AA4F8A9F074F128FE740B39FF8E1B
:10E18000828F83E0650C22C082C08374F31212A8D0
:10E1900074FE6A700374FF6B604A7C00802212E098
:10E1A000BC88828983A3E0FD74016D6012ED700F5D
:10E1B00088828983A3A3E06A7003A3E06B60250CC7
:10E1C000903843E493F8ECC39840D3E4936C701414
:10E1D0008521828522837404F0740B12154C12E29F
:10E1E0008C1223638008740B12154C12E6EA740D2E
:10E1F0001211F5D083D0820211C2C082C08374F3A1
:10E200001212A812E3C26402700E12E23212154C0E
:10E2100012E3B812236F8017EAFCEBFD74031215AA
:10E220004CAA82AB83122345AA21AB22122375028A
:10E23000E1E68A828B83E0F8A3E0F974012274F7A7
:10E24000120C1D74F31212A8ECFEEDFF85218285DD
:10E2500022837404F0740B12154C12E28C12237B8F
:10E26000E9F508601D8E828F83A3A3A3A3A3A3A3B4
:10E27000A37403F012154CAC82AD83EEFAEFFB12DF
:10E280001CC1A908740D1211F502DF5BEAF0A3EBC3
:10E29000F0AA21AB2222C082C08374F31212A88597
:10E2A00021828522837404F0740B12154C12E28CC7
:10E2B00012237B740102E1E874F6120C1D74F31250
:10E2C00012A8900411E0707B85218285228374045A
:10E2D000F090174512E23612154CE8F0A3E9F0125F
:10E2E00029DB8A088B09AC08AD09740312154CAA06
:10E2F00082AB83122345AA21AB221223811229E784
:10E300008A088B09A808A909740112154CE06870E5
:10E3100003A3E069602774FE68700374FF69601DE1
:10E32000740112154CE8F0A3E9F0740312154CAA1D
:10E3300082AB831229EDAA21AB2212238190041112
:10E340007401F0740D02DB36C082C08374F31212C4
:10E35000A812E3C2F8740268701112E23212154C6E
:10E3600012E3B812236FE9704C801F7403687023A6
:10E37000EAFCEBFD740312154CAA82AB8312234511
:10E38000AA21AB22122375E9702BAA21AB221223FA
:10E3900081802274016870128A828B8312E6137462
:10E3A0000B12154CE8F0A3E9800A740B12154C749B
:10E3B000FEF0A304F002E1E6E8F0A3E9F0AA21AB45
:10E3C00022228521828522837404F08A828B83A392
:10E3D000A3A3A3A3A3A3A3E02274F7120C1D7800A8
:10E3E00079007C007D0080010D903843E493FEEDC0
:10E3F000C39E502AED75F01AA4FE85F008AF08748C
:10E40000F12EF582740B3FF583E0F460DB8C087429
:10E41000012CFCAE08EA6E4B70CEA882A983E8FA04
:10E42000E9FB02DF5B74F6120C1DE4F508F50978D0
:10E430000812121812E6F012E61F121C43740212A0
:10E4400011F5E9FE74096E7003121655EEF902DB40
:10E450003974F6120C1D74FE1212A88521828522D1
:10E4600083E4F0A3F0A821A922880889097808127A
:10E47000121875080275090078081212187C007DC0
:10E48000007A417B00121C4F74041211F5740202D1
:10E49000DB3674F2120C1D74E21212A88A088B0982
:10E4A000ECFEEDFF750A007A417B00121C498A0CD4
:10E4B0008B0DAC0CAD0DEC4D600FEE6C7002EF6D82
:10E4C00060077A417B00121C5BE4F50CF50D780CBB
:10E4D000121218EEFCEFFD7A417B00121C4374020D
:10E4E0001211F5E9640A700302E609740212127847
:10E4F000880C890D780C121218750C02750D0078B5
:10E500000C1212187C007D007A007B03121C5574DB
:10E51000041211F5E9600302E60985218285228350
:10E52000E4F0A3F07E00806A7404121278880C89EB
:10E530000D780C12121890383C121020EEF812E7E9
:10E54000C97A007B03121C5574041211F5E96003AB
:10E5500002E609740412154CE0F4603574041212DA
:10E5600078880C890D780C12121890383C12102003
:10E57000740412154C12E61312E7D5FA850CF0E973
:10E5800012E619121C4F74041211F5E9707B12E89F
:10E59000B90E852182852283C082C083903843E4EE
:10E5A00093F8D083D082C3E098A3E09400502185F3
:10E5B0002182852283C082C083740212154C12E628
:10E5C00013D083D082C3E098A3E099500302E528DA
:10E5D000A821A922880C890D780C121218750C023A
:10E5E000750D00780C1212187C007D007A417B00BA
:10E5F000121C4F74041211F5E9700EAC08AD097AC3
:10E60000007B03121C5BE96003750A01A90A741EF2
:10E6100002DF0CE0F8A3E0F922A42AF9E82402FCC6
:10E62000E439FD7A417B002274F2120C1D74FE1253
:10E6300012A8750A0012E6F0F508E439F5097A41E6
:10E640007B00121C498A0C8B0DAE0CAF0DA821A9C2
:10E6500022880C890D780C121218750C02750D00A9
:10E66000780C1212187C007D007A417B00121C5538
:10E6700074041211F57A007B03121C498A0C8B0D6D
:10E68000A80CA90DE849700CE5086E7003E5096F48
:10E6900070138047EE4F603185218285228312E618
:10E6A000EAEA4B60247C007D037A417B00122BEB6D
:10E6B000E9F8880A7025EEFCEFFD7A417B00121C18
:10E6C0005BE96009750A018012E8FEE9FFAC08AD5C
:10E6D00009EEFAEFFB12165BE9F50AA90A02DF0A56
:10E6E0007D017C00850A82850B83E0FAA3E0FB2292
:10E6F00090383CE493F8740193F9903843E493F52F
:10E7000008E88508F0A4F8AAF08508F0E9A42AF939
:10E71000E824022274F2120C1D74FE1212A8852144
:10E7200082852283E4F0A3F0121661E9600302E718
:10E73000BDA821A92288088909780812121875082D
:10E740000275090078081212187C007D007A417B5E
:10E7500000121C5574041211F5E970617E007F00EF
:10E760007508008043E50875F01AA4F8A9F074F163
:10E7700028F50A740B39F50B780A12121890383CF8
:10E78000121020A80812E7C97A417B00121C5574A8
:10E79000041211F5E9700F850A82850B83E0F4609D
:10E7A000050EEE70010F050812E09A5010852182C7
:10E7B00085228312E613C3EE98EF9940A885218243
:10E7C00085228312E6EA02DF0A12E7D5F9E824027D
:10E7D000FCE439FD2290383CE493F50C740193F588
:10E7E0000DE8850CF0A4C8AAF0850DF0A42A2274C7
:10E7F000F1120C1D74E41212A8852182852283E493
:10E80000F0A3F07E008075EE75F01AA4F8A9F074FC
:10E81000F128F508740B39F50985080CF50D750E0E
:10E8200000780C12121412DE2E7405121280121BC4
:10E830001774031211F57402121278880A890B7882
:10E840000A12121890383C121020EEF890383CE46E
:10E8500093F50A740193F50BE8850AF0A4C8AAF0B1
:10E86000850BF012E619121C4F74041211F585087D
:10E8700082850983E0F4600312E8B90E903843E41E
:10E8800093F8EEC3984080A821A9228808890978C6
:10E890000812121875080275090078081212187CFF
:10E8A000007D007A417B00121C4F74041211F57434
:10E8B0001C1211F57F07020F24852182852283E037
:10E8C0002401F0A3E03400F022C082C0839005D878
:10E8D000E4F09005E6F09005DCF0A3F09005D71287
:10E8E000F1249005D9E4F09005E7F09005E8F09068
:10E8F00005E902EFC3C082C083906194740512EDF4
:10E90000AE75E9FBE8A2E792AF9061A3E0D2E20224
:10E91000EFC3C082C083121A639005D8E4F0F912E5
:10E920001A4502EFC4C082C0839005E87401F090DC
:10E9300005E7E070081219F79005E8E4F002EFC46B
:10E94000C082C0839061A4E0C2E0F090619474053D
:10E95000F075E1ED75E1EDA8A8C2AF759B0075E912
:10E96000FBE8A2E792AF12EDC0F9E84960077ADC54
:10E970007B05122D059005DA7403F0A3741AF0904C
:10E9800005D7E070069005D9E0600C9005D7E4F05B
:10E990009005D9F0121A2D02EFC4C082C0839005F1
:10E9A000E8E070219005E7740112F13212ED971240
:10E9B00031279005E7E4F09005E8E060081219F7C8
:10E9C0009005E8E4F002EFC474F1120C1D74FE121D
:10E9D00012A8750A009005D7E0600312175790053A
:10E9E000D77481F09005EAE0600D906193E0A2E7B2
:10E9F0004010E0A2E6400B9005D7E4F0121A2D0279
:10EA0000ED751218C512F0E29005D8E09005E5F01A
:10EA100079047ADE7B051219559005DEE0547F24D7
:10EA2000FD9005E2F0C3947D400302EB4A9005DFC0
:10EA3000E05407F8C39404400302EB4A7402686090
:10EA40000302EAE39005E6E0600302EAE37902AA42
:10EA500021AB22121955A2AFE433F508C2AF9005DD
:10EA6000ECE06486707590182B12EDC3F9E84970DC
:10EA700003121757852182852283E024B7FE740193
:10EA800012154CE0547FFFFAEEF91219D390182BAF
:10EA900012EF162415F582E438F583E912EDC82447
:10EAA00016F582E438F583EF12EDC82417F582E4F9
:10EAB00038F583EEF0E508A2E092AF740112154C30
:10EAC000E0A2E750119005DFE05410FA9005E1E074
:10EAD000F9121ABD807A121AC38075E508A2E09275
:10EAE000AF806D9005ECE064867003121AC3900548
:10EAF000E5E0602F9005E6E070299005E5E064010F
:10EB0000700302EB8B9005DFE05407F89005E5E019
:10EB100064027005E87074800AE064037005740391
:10EB20006870689005E0E0F81313543F5403F5084B
:10EB3000E8C413135403F509900563E070187401D9
:10EB40006509600674016508700C75E1ED75E1ED0D
:10EB5000121A2102ED75A80912ED7FFAA80812ED2C
:10EB60007F2AFEE509600A9005DFE0A2E650021E5A
:10EB70001E9005E2E0FAEE79002402F8500109C384
:10EB8000EA98E499A2D265D0335006121A3302ED06
:10EB900075E0C39E24FE9005E412EDD05003750A83
:10EBA000259005E4E0F8E50A28F8E43400F9E824C3
:10EBB0003AFAE439FB122CFF9005DCEAF0A3EB12E1
:10EBC000EDB7F9E849700575E1E880BF7F00900571
:10EBD000DFE0F89005E6E070077420589005D9F062
:10EBE0009005D9E0604AA2AFE433F50AC2AF7407DA
:10EBF000586403701D122CF9E9600302ED5390056F
:10EC000059E0700302ED4A121835E964FE70030200
:10EC1000ED5390618AE0C2E212EDAE7591FEE8A27A
:10EC2000E792AF9061A4E0D2E0F0E50AA2E092AFF3
:10EC30009005DCE0243AF8A3E03400F99005DCE02C
:10EC4000FAA3E0F5838A82A3A312F111243312EF11
:10EC5000079005E4E0C0E012ED8CD0E012EDB7F5CE
:10EC6000838882A3A3A3A3E0C0E09005DD12F0EFA8
:10EC7000D0E012EDD0503A12ED9F7403F0750CDF26
:10EC8000750D05750E00780C12121412ED9FE0FC44
:10EC90007D0012EF9A121B1774031211F59005DC18
:10ECA000E0243312F0FE2435F582E43AF58312EFC6
:10ECB000AB12EF13241BF582E438F583E50912F15A
:10ECC0001A2424F582E438F583E508F01219138A32
:10ECD000088B098C0A8D0B12EF132425F582E4387A
:10ECE000F58378081214BB1219078A0812F1082458
:10ECF00029F582E43AF583E508F0A3EBF09005DF0F
:10ED0000E05407C0E012ED8CA3D0E0F09005E1E004
:10ED1000C0E012EF132432F582E438F583D0E0F03E
:10ED20009005DFE05478F8A3E0C4540F5403484F33
:10ED3000C0E012EF1AD0E0F0EE70239005DA7415FF
:10ED4000F0A3741AF0121A0F802B122CF3E970033F
:10ED500002EC127F0490618AE0D2E202EC18900586
:10ED6000E312EDD09005E3E040011412F12F740995
:10ED7000F0A3741AF074021211F57F07020F2474C5
:10ED80002C28F582E43438F583E493229005DC12D4
:10ED9000ED97A3A3A3A32212EDC3F58388822212C9
:10EDA000EDA612F0F5229005DC12EDC3C822F0A802
:10EDB000A8C2AF759B002212EDBB22F012EDC0225B
:10EDC0009005DCE0F8A3E022F090182B12EDA922C8
:10EDD000F09005DFE0A2E32274F6120C1D74EC1231
:10EDE00012A89005E3E070031217579005E3E0F9CD
:10EDF000AA21AB22121955A821A92288088909AC99
:10EE000008AD099005E0E01313543F5403FE607011
:10EE10009005DCE0242DF8A3E03400F985218285FB
:10EE20002283E0FC740112154CE0FBEC888289839C
:10EE3000F0A3EBF08882898312EDC312F107242B33
:10EE400012EF26241CFAA3E03400FB74036E70104A
:10EE5000740212154CAC82AD83121CC1740A801965
:10EE6000740212154CE0FC740312154CE0F9EC8AA4
:10EE7000828B83F0A3E9F0740412154CAC82AD834D
:10EE80009005E0E0C413135403FA605812EF1AE03F
:10EE9000A2E640278C828D83E0FEA3E0F9EEF89095
:10EEA00005DCE0FBA3E0CB242BF582E43BF583E813
:10EEB000F0A3E9F0EC2402FC50010D74036A701118
:10EEC0009005DCE02413FAA3E03400FB121CC1809F
:10EED000138C828D83E0FAA3E0F9EAF812F108249A
:10EEE0001312EF0712EF132410F582E438F583E4D0
:10EEF00012F1327415F0A3741AF0121A0F7414126E
:10EF000011F57F02020F24F582E43AF583E8F0A3BD
:10EF1000E9F0229005DC12EDA92212EDA62407F5F6
:10EF200082E438F58322F582E43AF583E8F0A3E938
:10EF3000F09005DCE022C082C0839005E4E0701010
:10EF4000906194740112F132741BF0A3741A80164C
:10EF5000C394105006E09005E380059005E374101B
:10EF6000F0E014906194805BC082C0839005E3E080
:10EF7000F912EF9A1219559005DCE02433F8A3E05A
:10EF80003400F99005E312EFAB9005E3E0F890054B
:10EF9000E4E0C398F0121A0F802A12EDA62433F58C
:10EFA00082E438F583E0FAA3E0FB22E0FA88828964
:10EFB00083E02AFAA3E03400FB88828983EAF0A385
:10EFC000EBF022F0D083D0820211C274F6120C1D35
:10EFD0007E0079027ADE7B051219559005DFE05438
:10EFE00080F509700B9005E6E06402600302F0C84A
:10EFF0009005D77402F0121A6F9005DEE024B7F581
:10F0000008A3E0547FFFFAA9081219D312EF1324C2
:10F010002FF582E438F583E912F11A2431F582E400
:10F0200038F583E50812F11A2430F582E438F583C7
:10F03000EF12EF30243A12F0FE243312EF262402AE
:10F04000F8A3E03400F9E8FAE9FB181812F0EFE051
:10F05000F89005DCE0FCA3E0F5838C82A3A3A3A3D6
:10F06000E0FCE8C39CF895E0F98A828B83E028F8FD
:10F07000A3E039F98A828B8312F1112407F582E427
:10F080003AF583E0A2E2501088828983E06404604C
:10F090000790618AE0C2E2F0900559E0600812181A
:10F0A0003BE960027E04E5094EF89005DCE0F9A337
:10F0B000E0C92407F582E439F583E04812EF30FA1D
:10F0C000A3E0FB122D0B800A12F0E27ADC7B051222
:10F0D0002D059005DCE4F0A3F012F11F121A2102B5
:10F0E000EF029061A4E0C2E0F09005D9E4F022E0E4
:10F0F000C812F0F5222435F582E438F58322F8A30E
:10F10000E0340012F10722F99005DCE0FAA3E0CA2E
:10F1100022E8F0A3E9F012F1082212EDBBC8229018
:10F120006194740512F1327403F0A3741AF0229002
:10F130006194F09005DA22C082C083906193E0A2CE
:10F14000E6500BE0A2E7400675E1ED75E1ED9005B4
:10F15000D7E4F09005D9E07003121A2D02EFC4C075
:10F1600082C0839005D9E4F09005D7E07003121AAD
:10F170002D02EFC4C082C083121A6F1219A3121A93
:10F18000AB02EFC4C082C0839005DAE06403700470
:10F19000A3E0641A60031217579005E2E0700512AD
:10F1A0001A21801DC394105006E09005E38005905D
:10F1B00005E37410F0E01412F12F7439F0A3741AFF
:10F1C000F002EFC4C082C08374F01212A89005E36D
:10F1D000E0F9AA21AB221219559005E3E0F8900559
:10F1E000E2E0C398F06011C394105012E09005E380
:10F1F000F014906194F0800612F11F121A2174101D
:10F200001211F502EFC4C082C0839005E9E004F05A
:10F210001219F102EFC474F7120C1DE9FE9005E615
:10F22000F0700A906180E4F0E04409801374026E8B
:10F23000600874016E6003121757906180E0C2E0AD
:10F24000F07F01020F2474F7120C1DEAFEEBFF742D
:10F250000912154C12F2718E828F83800C121245A6
:10F26000F0E9240109E43AFAA312F27A70EF02F508
:10F27000B4E0F9A3E0FAA3E0FB22ECFEEDFFEE24FC
:10F28000FF1CEF34FFFDEE4F2274ED120C1D890CB4
:10F290008A0D8B0E741312154C12F61AA3E0F50AA0
:10F2A000ECF8EDF9E824FF1CE934FFFDE84960378C
:10F2B000A90CAA0DAB0EE92401F50CE43AF50D8575
:10F2C0000810850911850A12E5082401F508E435BE
:10F2D00009F509121245F8A910AA11AB121212452C
:10F2E0006860BD7900800279017F0B020F2474F6FB
:10F2F000120C1DE9FE8C088D097808121218EEFC1C
:10F300007D0012230974021211F502F61574F01231
:10F310000C1DE9FE8A828B83E0F50CE4F50DF50EF9
:10F32000F50F74026E700512F3A1804774036E70BE
:10F330001212F39B12117E780C79081213B312F398
:10F340008C803074046E703712F39B12117E780C2F
:10F3500079081213B312F38C780812117E780C79A5
:10F36000081213B38A828B83A3A3A3E0F508E4F504
:10F370000A7418780812117E780C79081213B3AA4F
:10F380000CAB0DAC0EAD0F7F08020F248A828B836D
:10F39000A3A3E0F508E4F50974102212F3A178089C
:10F3A00022A3E0F508E4F509F50AF50B740822C07C
:10F3B00082C083121B0B807374F6120C1DEAFEEBE5
:10F3C000FFEE4F603DEE2405FAE43FFB121BCB8AB3
:10F3D000088B09A808A909E849602788828983E47D
:10F3E000F0A3F088828983A3A3EEF0A3EFF08882D4
:10F3F0008983A3A3A3A374FFF0E82405FAE439FBEF
:10F4000080047A007B0002F615C082C083EA4B704C
:10F41000047905801612F4A460047904800DEA24AE
:10F42000FBFAEB34FFFB121BD17900D083D08202B0
:10F4300011C274F7120C1D7C00121B4702F5B87440
:10F44000F7120C1DE9FEECFFEA4B602790840DE0FB
:10F45000F8EEC3984007121B3B79038044EA24FB73
:10F46000F582EB12F6BD12F883700512F4A4600762
:10F47000121B3B7905802AEEF074016F700DEAFCD7
:10F48000EBFD7AFF7B0C121B65800BEAFCEBFD7A2F
:10F49000FF7B0C121B597A007B80EEF9121B7779E7
:10F4A0000002F5B8EA24FFF582EB34FFF583E0F4BF
:10F4B0002274F2120C1D890C750A00750B007E0077
:10F4C0007F00A2AFE433F50DC2AF900CFF8015EEC4
:10F4D0004F700685080A85090BE50824FBF582E5CF
:10F4E0000912F6BD12F61AE50845096023E508245D
:10F4F000FFF582E50912F6BDE0650C70D2EE4F70A3
:10F5000006AE08AF0980D27A007B80121B77800B91
:10F510007A007B80121B7DEE4F6015780A1212185C
:10F52000EEFCEFFD7AFF7B0C121B6B74021211F5DF
:10F53000E50DA2E092AFEEFAEFFB7F06020F24C0CA
:10F5400082C083EAFCA2AFE433F8C2AF900CFF8024
:10F5500009EA24FBF582EB12F6BD12F274EA4B6065
:10F5600015EA24FFF582EB12F6BDE06970E38A82AA
:10F570008B83E06C70DBE8A2E092AF02F42BA2E098
:10F5800092AF803474F7120C1DA2AFE433FEC2AF09
:10F5900012F6B7E4F0A3F0800612F707FAE9FB8A47
:10F5A000828B8312F88370F18A828B83ECF0A3ED57
:10F5B000F0EE80CAAA82AB837F01020F2474F61298
:10F5C0000C1D78007900A2AFE433FEC2AF8A828BB3
:10F5D00083E0FCA3E0FDEC4D6032ECF8EDF9E824AB
:10F5E000FBFCE934FFFD8C828D8312F61A8A828B34
:10F5F00083E508F0A3E509F08C828D83E4F0A3F0A5
:10F60000E824FFF582E912F6BD74FFF0EEA2E09265
:10F61000AFE8FAE9FB7F02020F24E0F508A3E0F56A
:10F62000092274F7120C1DA8A8C2AF8A828B83E04E
:10F63000FEA3E0FF12F6B7EEF0A3EFF08A828B8311
:10F64000ECF0A3EDF0E8A2E702F58074F5120C1DD2
:10F65000A2AFE433F50AC2AFEC24FBF8ED34FFF9B6
:10F66000E8FEE9FF8E828F83E0F8A3E0F98A828BBF
:10F670008312F61AEC65087003ED650970068A823C
:10F680008B838012740B12154CE0FAA3E0CA24FBA2
:10F69000F582EA12F6BDE8F0A3E9F08E828F83E4EA
:10F6A000F0A3F0EC24FF12F6BA74FFF0E50AA2E032
:10F6B00092AF7F03020F24EC24FBF582ED34FFF5BB
:10F6C000832274F7120C1DEAFEEBFF89087A00A270
:10F6D000AFE433FBC2AF12F87F70068015E5086017
:10F6E0001C150812F707FEE9FF12F87F70EFE50816
:10F6F000600B8E828F83ECF0A3EDF07A01EBA2E039
:10F7000092AFEAF902F5B8E824FBF8E934FFF9E82A
:10F710002274F7120C1DE9FE90840DE0F8EEC398F8
:10F720005027ACA8C2AFEE29F8E433F9900D01E000
:10F7300028FDA3E0398D82F583E04AF0A3E04BF089
:10F74000ECA2E792AF79008002790302F5B874F772
:10F75000120C1DE9FF90840DE0F8EFC398501FAE26
:10F76000A8C2AFEAF4FCEBF4FDEF2912F86DE05CFF
:10F77000F0A3E05DF0EEA2E792AF7900800279039A
:10F7800002F5B8E9F874FF687006D2AF790080021C
:10F7900079070211C2E9F874FF687006C2AF7900F8
:10F7A000800279070211C2C082C083121BBF900C75
:10F7B000FFE4F0A3F0121C73121C61121BB3121BA6
:10F7C000C5790002F42BC082C083121B9B80FB749E
:10F7D000F6120C1D750800121BB9121775A808E85F
:10F7E0002812F86D12F883700D050890840DE0F86A
:10F7F000E508C39840E790840DE0F8E508C3985009
:10F8000069ACA8C2AFAE08EE2EFEE433FF900D0146
:10F81000E02EF8A3E03FF98882898312F27488828F
:10F820008983E4F0A3F0ECA2E792AFE50890192BEE
:10F83000F0F974082EF58274823FF583E0F8A3E0B6
:10F84000F583888212312790192B74FFF0A8A8C283
:10F85000AF900D01E02EF9A3E03F8982F583E04AE5
:10F86000F0A3E04BF0E8A2E792AF02F615F8E4331C
:10F87000F9900D01E028FAA3E0398A82F583228EFF
:10F88000828F83E0F8A3E0F9E8492274F0120C1D9E
:10F89000741012154C780C1214D912F8FA850E0A4D
:10F8A000850F0B7410780812125F8A828B83A3A3D2
:10F8B000E508F07418780C12125F8A828B83A3A378
:10F8C000A3E50CF0EA2404FA50010B02F38774F06C
:10F8D000120C1D741012154C780C1214D912F8FA6F
:10F8E0007410780C12125F8A828B83A3A3E50CF04C
:10F8F000EA2403FA50010B02F387850C088A828BF5
:10F9000083E508F0850D09E509A3F02274F7120CD0
:10F910001DE9FDEA4B60187800800108E8C39C509F
:10F9200012E8FEEA2EF582E43BF583E06D60EC79A7
:10F93000008002790102F5B8C082C083906180E442
:10F94000F0E04409F0906189E0D2E5F0906182E056
:10F95000D2E0F0E0D2E1F0E0D2E2F090055974019B
:10F96000F002FC4374E6120C1D74F61212A88A0809
:10F970008B09ECFEEDFFEA4509601BEA2408F51847
:10F98000E43509F519851882F583E0F8740268609A
:10F990000A740368600579E802FBC4121841E9F4AF
:10F9A0006005791E02FBC4851882851983E0F50A7B
:10F9B00012184D8A108B118C128D131218538A1441
:10F9C0008B158C168D1785100C85110D85120E85E3
:10F9D000130F780C79141214387402650A750A0032
:10F9E000703B8A0C8B0D8C0E8D0F74FE550A780CB3
:10F9F00012125FE50CA2E0401985100C85110D85EF
:10FA0000120E85130FE50A780C12125FE50CA2E0C6
:10FA10005046050AE50AC39418503D80C5850C1070
:10FA2000850D11850E12850F13751403751500755C
:10FA30001600751700E50AC333781412117E78108A
:10FA400079141213D9E510451145124513600905C3
:10FA50000AE50AC3940C40C57418650A70598518E4
:10FA600082851983E06402605FE50AF50C750D007C
:10FA7000851882851983E064027052740612154C51
:10FA8000EEF0740712154CEFF0850882850983E0CB
:10FA9000C0E0740812154CD0E0F085088285098317
:10FAA000A3E0C0E0740912154CD0E0F079047406AC
:10FAB0001212887402801E740C650A70AC8518825C
:10FAC000851983E0640370A1791A02FBC47908AC3C
:10FAD00008AD097403780C1213C6250CFA7461354D
:10FAE0000DFB121943851882851983E0640279039E
:10FAF000AC21AD22704E7A677B611219497903AA55
:10FB000021AB22121B298A0C8B0D8C0E8D0F7510C8
:10FB100001751100751200751300E50A78101211B5
:10FB20007E780C7910121438780C121210740712A7
:10FB30001280121BA774041211F57903E9121288BE
:10FB40007A67806A7A647B611219497903AA21ABCA
:10FB500022121B298A0C8B0D8C0E8D0FE50AC333E4
:10FB6000FA751001751100751200751300781012E6
:10FB7000117E780C7910121438751001751100750A
:10FB8000120075130074012A781012117E780C7916
:10FB900010121438780C1212107407121280121BF3
:10FBA000A774041211F57903E91212887A647B6153
:10FBB000121943851882851983E0FB7A01A90A127C
:10FBC00018477900740A1211F57F12020F2474F796
:10FBD000120C1DEA4B6021EA2408FEE43BFF8E82F2
:10FBE0008F83E0F87402686005740368700A121865
:10FBF00041E9F974FF69700479E8800D8E828F8382
:10FC0000E0FB7A0012184779007F01020F24C082BE
:10FC1000C08374016990055A700B7401F090618A79
:10FC2000E0D2E28008E4F090618AE0C2E2F0801362
:10FC30007B611219497903AA21AB22121B29740393
:10FC40001211F5D083D0820211C2C082C083900508
:10FC50005AE06401700479FE800279FF80E5C08279
:10FC6000C08390055AE0600479018009906163E0E7
:10FC7000F8744058F980CC74E8120C1D74F4121218
:10FC8000A88A828B83A3A3A3A3A3A3A3A3E0640254
:10FC9000703FEC852182852283F0740112154CEDB2
:10FCA000F08A828B83E0C0E0740212154CD0E0F041
:10FCB0008A828B83A3E0C0E0740312154CD0E0F07D
:10FCC000A821A922880E890F7E047F0112184D8079
:10FCD0000B8A0E8B0F7E087F021218538A108B112D
:10FCE0008C128D13750B0085101485111585121655
:10FCF000851317E50B781412125FE514A2E0505338
:10FD0000EFF5F0E50B84F50CEEF97404121288E5BA
:10FD10000C89F0A4FAA8F0E428FB74613BFB1219EB
:10FD200049740412127888088909750A0078081243
:10FD30001214EEFC7D00850E82850F83A982AA83B2
:10FD40007B00121B1D74031211F5E964017004A9F4
:10FD50000C800CEF250BF50BC39418408A79FF74C7
:10FD60000C1211F57F10020F2474EC120C1DE9FE29
:10FD7000EAFF8B08751001751100751200751300EC
:10FD8000EEC333781012117E750C01F50DF50EF5EA
:10FD90000FEE780C12117E046F702E7402650870DD
:10FDA0001412184D8A108B118C128D137810790C47
:10FDB00012143880311218538A0C8B0D8C0E8D0F53
:10FDC000780C7910121438803D7402650870201286
:10FDD000184D8A108B118C128D13780C12146C78BC
:10FDE00010790C1213D978101212107A83801E1217
:10FDF00018538A0C8B0D8C0E8D0F781012146C78A2
:10FE00000C79101213D9780C1212107A867B6112B9
:10FE10001BA774041211F57F0C020F24C082C0834B
:10FE200074FD1212A87903AC21AD227A8302FC3052
:10FE3000C082C08374FD1212A87903AC21AD227A6E
:10FE40008602FC3074EC120C1D75100075110075E3
:10FE50001200751300AEA8C2AF12192B8A088B09C5
:10FE60008C0A8D0BEEA2E792AF900D037808121367
:10FE700013700302FF7F8A0C8B0D8C0E8D0F900D7B
:10FE800003780C12129090833C780C12119D400361
:10FE900002FF7F900D0378081214BB8010908344FA
:10FEA000780C1213A090834878101213A090834C02
:10FEB000780C12119D40E675081975090078081232
:10FEC00012187403780C12117E900D07E0F508A348
:10FED000E0F509E4F50AF50B780C79081213B3AADA
:10FEE0000CAB0DAC0EAD0F120DEC74021211F58AB5
:10FEF0000C8B0D8C0E8D0F7410780C12125F781015
:10FF0000790C1213B3900D07EAF0A3EBF0A2AFE463
:10FF100033FEC2AF900D0978101213FF9083FC7866
:10FF2000081214D9900D09780812147C4041750804
:10FF3000E87509037808121218900D091215351288
:10FF40000DEC74021211F58A0C8B0D8A088B098C4A
:10FF50000A8D0B7410780812125F900D0D7808123C
:10FF600013FFA80CA90DE4FAFB900D0912151DEE64
:10FF7000A2E092AFAA10AB11AC12AD13121CA37F7A
:10FF80000C020F2474F0120C1D8A088B098C0A8D48
:10FF90000B741012154CE0F8A3E0F9E8FAE9FB90B5
:10FFA00083D4780C1214D97808790C12104D700E85
:10FFB0008A828B83E4F0A3F0FAFBFCFD8022EC3311
:10FFC000ED332482F83395E0F98A828B83E8F0A33D
:10FFD000E9F0AA08AB09ED5480443FFDECC2E7FC10
:10FFE0007F08020F247404F5D57423F5D47404F546
:08FFF000D3742BF5D20211C2FB
:020000040003F7
:1000000074EC120C1D74FC1212A8852182852283C7
:10001000EAF0A3EB1284351283DFE0F513F8749F46
:1000200028F582E43437F583E493F5087402121559
:100030004CE508F0A3E4F0740212154CE0700302E2
:1000400083AA740D651370467402121280795312DC
:100050001967740212154CE064FE7003A3E0F4709B
:10006000030282EF740212154CE0F47003A3E0F473
:1000700070030282EF1283E7A3A3E070030282EF12
:10008000852182852283E0FEA3E0FF028279740548
:1000900065137015852182852283E0F81283F57936
:1000A000002421F8502E09802B740765137031123B
:1000B00083E7E0700F740212154CE0241BF0A3E0FC
:1000C0003400801B8521828522831283F575F021FF
:1000D000A4F8A9F0740212154CE028F0A3E039F05E
:1000E000740212154CE0FAA3E0FB121B358A0A8B4E
:1000F0000BAE0AAF0BEE4F7044740C651360030235
:1001000083AA12841070030283AAA2AFE433F50A13
:10011000C2AF122E31740212154CE0FAA3E0FB12AA
:100120001B358A0C8B0DAE0CAF0DEE4F7009E50A36
:10013000A2E092AF0283AAE50AA2E092AF852182F3
:10014000852283E0F50CA3E0F50D750E00780C1206
:100150001214AC087D00EEFAEFFB121B17740312A9
:1001600011F5EE2409F50AE43FF50BEE2408F50E2F
:10017000E43FF50F7405651360030282031283CE1A
:10018000EE2403F50CE43FF50D850C82F583E0F5D4
:1001900010A3E0F51175120078101212147C217D65
:1001A00000AA08AB09121B1774031211F5850C8203
:1001B000850D83E508F0A3E509F0850A82850B83A8
:1001C000E0F510A3E0F5117810121214850E828567
:1001D0000F83E0FC7D00E5082421FAE43509FB12D9
:1001E0001B1774031211F5850C82850D83E0242101
:1001F000F8A3E03400F9850A82850B83E8F0A3E9CF
:10020000F080767407651370709016C712840260D0
:10021000689016C7E0F50CA3E0F50D9016C7E4F062
:10022000A3F088108911F5121283CE8E828F83A3DA
:10023000A3E0850A82850B837012E508F0A3E50927
:10024000F078101212147C1B7D00801AE508F0A3D0
:10025000E509F07810121214850E82850F83E0757F
:10026000F021A4FCADF0AA08AB09121B177403120D
:1002700011F5AA0CAB0D121BD19016CA12840260A4
:1002800010EEFAEFFB1283E1123127E960030283DB
:1002900096740D6513600302834C128409F98882F9
:1002A0008983E0FA1313543F540FF9A3E0F8740361
:1002B0005AC39402501D901742E069701674C058DA
:1002C000701112842AC8241BF582E438F583E06497
:1002D00002602374036970171283D8740112843585
:1002E000FAA3E0FB901730E0F9121B410283AAAA9F
:1002F00021AB220283A7EE2413F8E43FF9E8241C83
:10030000FAE439FBE8241DF582E439F583E0F912BB
:1003100022D312842AC8241CF582E438F583E0F441
:100320007003A3E0F47063128409C82406F582E424
:1003300038F583E0C394024051EEFAEFFB122993A3
:10034000E96067AA21AB22122E31805E740C65131E
:1003500070621283D8A3E0641A602F8E828F83A309
:10036000A3A31284026023E8240EF582E439F58306
:10037000E0A2E05015EE240CFAE43FFBEE240DF56C
:1003800082E43FF583E0F91222D3EEFAEFFB9017F7
:100390009FE0F9121B41740C65136006741165131C
:1003A00070081284106003122E3174041211F57F4C
:1003B0000C020F247411651370D08E828F83E4F0C9
:1003C000EEFAEFFB901730E0F9121B4180D4EE24D7
:1003D0000BF508E43FF50922852182852283E0F8A8
:1003E000A3E0F5838882221283EB2212842AF5830C
:1003F0008882A3A322A3E0C82408F582E438F58309
:10040000E022128430F9E849221283EB1284302270
:10041000852182852283E02403FAA3E03400FB8A4D
:10042000828B83128430F9E84922852182852283D8
:10043000E0F8A3E022F0852182852283E022C082B9
:10044000C083122975D083D0820211C279000211B3
:10045000C274F6120C1DE9FEEAFCEBFD9016C9E031
:1004600060518C828D83E0F87900EEC394325004A1
:100470007E328008EEC3946F40027E6E9016C9E013
:100480006401701FEE24CEF508E434FFF509E88519
:1004900008F0A4C8AAF08509F0A42AF97A3C7B00E8
:1004A0001209C3C3E99401400474FF8001E88C82FF
:1004B0008D83F07F02020F24E5A4852182852283AB
:1004C000F0E5A5C0E0740112154CD0E0F0E5A6C03F
:1004D000E0740212154CD0E0F0740312154CE4F0F5
:1004E000E8A2E792AF852182852283121535740434
:1004F0001211F5D083D0820211C2C082C08374E091
:100500001212A89061A97414F09061AB743FF0A32B
:100510007455F090619674FCF09061A87485F09029
:100520007803E0F87495686005743468700C906224
:1005300065740FF090619674F8F09061AEE4F090FD
:1005400061B27415F0906182E4F09061B57410F0BE
:10055000A3740EF0A37403F09061FA7409F0906133
:10056000E574FFF0439A01D2A843A90153B9FE43B1
:10057000A90453B9FB906249E0900563F0A8A8C2B2
:10058000AF75C30275A20075A328E8A2E792AFE594
:100590009E70FC439403E594A2E250FA43940AD27D
:1005A000BA9061897448F0121A75906199E0A2E0DE
:1005B00050F8780079007A10E825E0F8E933F990EE
:1005C00061A7E0A2E0E433FCE84CF8DAEBE849602C
:1005D0000A7480687003740369700478BE79BAE89D
:1005E000F5BCE9F5BC900572E0F8A3E0F9E84960D4
:1005F00042790078007A089061A7E0A2E0E433FB3A
:10060000E8334BF8DAF1E9FA852182852283E58225
:100610002AF582E43583F583E8F009E9C3942040A4
:10062000D2AA21AB22900572E0F8A3E0F58388827C
:10063000123127121A7B9061897440F0E0D2E5F004
:10064000906164E4F0A3F0A3F0A3F0A3F0A3F0742E
:10065000200284F0E5B454F34404F5B4E5BDF90296
:1006600011C2E5B454F34404F5B4E5BDF9E5BCFAB0
:10067000E9FB0211C2A9A8C2AF75C301A8A3AAA22F
:10068000E9A2E792AFE8FB0211C2C082C08374FC0A
:100690001212A8A8A8C2AF75C300E5A20284B8C010
:1006A00082C08374FC1212A8A8A8C2AF75C310023E
:1006B00084B874F4120C1D74FC1212A812880985F7
:1006C000218285228378081214D990833878081201
:1006D00013EC12878A600312175790056EC082C010
:1006E0008312190D8A088B098C0A8D0BD083D08256
:1006F00078081213A085218285228378081212902F
:1007000090056E78081214BBA8A8C2AF75C3008507
:100710002182852283E0F5A4740112154CE0F5A531
:10072000740212154CE0F5A6E8A2E702881D74F4E5
:10073000120C1D74FC1212A81287FB1214D990839C
:100740003878081213EC12878A6003121757A2AF89
:10075000E433F8C2AFE5A7A2E45005D20053A7EFF7
:1007600075C330852182852283E0F5A474011215BA
:100770004CE0F5A5740212154CE0F5A675A1EFA2A8
:1007800000500343A710E802881BE5084509450A05
:10079000450B2274F4120C1D74FC1212A81287FB74
:1007A0001214D990833878081213EC12878A6003E8
:1007B000121757A2AFE433FEC2AFE5A7A2E350057C
:1007C000D20053A7F775C320852182852283E0F5E7
:1007D000A4740112154CE0F5A5740212154CE0F555
:1007E000A653A1F7A200500343A7088521828522C2
:1007F000831215351217DBEE02881B128809C2001E
:10080000852182852283780822852182852283EAB8
:10081000F0A3EBF0A3ECF0A3EDF022A2E092AF7412
:10082000041211F57F04020F2474F4120C1D74FCE1
:100830001212A8852182852283E4F0A3F0A3F0A3FD
:10084000F0A2AF33FEC2AF75C300E5A2E5A48521D7
:1008500082852283F0E5A5C0E0740112154CD0E03A
:10086000F0E5A6C0E0740212154CD0E0F090056EE1
:1008700078081214D985218285228378081213FF03
:1008800090056A78081214D9852182852283780818
:1008900012147C504190056E78081214D9900565A9
:1008A0007808121313702F12188F8A088B098C0A7C
:1008B0008D0B90056E78081213FF12188F8A088B23
:1008C000098C0A8D0B85218285228378081213FFFB
:1008D0009005697401F0852182852283121511909B
:1008E000056A12151D90056E1215119005651215F9
:1008F0001DEEA2E092AF852182852283121535027A
:10090000881FC082C0839005647480F043A70102F1
:1009100084F3C082C08353A7FE900564E0F902848B
:10092000F374F4120C1DA2AFE433FEC2AF9005695C
:10093000E0701512188F8A088B098C0A8D0B9005B0
:100940006E78081213FF8002E4F0EEA2E092AF028C
:10095000882474F7120C1D122EC1122DE9122CCF0F
:10096000790112226DE9FE79FF121B89EEF980658B
:1009700074F7120C1D74FF1212A8122EBBE9FE852B
:100980002182852283E4F0AA21AB22795612196DC7
:100990007AF57B0C79E212196D128AC860129016F2
:1009A000C7E0FAA3E0FB121BD19016C7E4F0A3F056
:1009B000EEF9801C74F7120C1DE9FE74E26E700BE8
:1009C0007CF57D0C121CC17900800312196780052B
:1009D00074011211F57F01020F2474F7120C1D89A6
:1009E00008EAFEEBFF74E26508700BEEFCEFFD7A9F
:1009F000F57B0C121CC1EEFAEFFBA90812196D80F1
:100A0000D4C082C0838A828B83A3A3A3A3A3A3A3FE
:100A1000A3E4F0122DEF028C2AC082C0838A828B5D
:100A200083A3A3A3A3A3A3A3A3E4F0122CD5028CB6
:100A30002C74F4120C1DEAFEEBFF8E828F831215CC
:100A4000119016C312151D128AC8600479FC8041EA
:100A50008E828F83A3A3A3A3E0FA74036A601D129E
:100A60008CFB70307A1B7B00121BCB128AB5604165
:100A70007C1B7D007900121B23128D1F8E828F83B9
:100A8000A3A3A3A3A3A3E4F0EEFAEFFB122EFD7938
:100A900000028CF68E828F83A3A3A3A3A3A3A3E05B
:100AA00060DA75F021A4FAABF0121BCB128D08703E
:100AB000CB791A80DC8A0A8B0BA80AA90B9016C77F
:100AC000E8F0A3E9F0E849229016C7E0F8A3E0F9BE
:100AD000E8492274F7120C1D74FF1212A8EAFEEB0B
:100AE000FF8521828522837401F0AA21AB227952ED
:100AF00012196DEE2415F582E43FF583E4F0EE243F
:100B000020F582E43FF583E4F0EEFAEFFB122CDBF4
:100B100079000289D074ED120C1D8A088B098C0AA9
:100B20008D0BEA241EF8E43509F9880C890DEA24B6
:100B30001CF582E43509F583E0FBEA241BF582E429
:100B40003509F583E0FA88828983E0F9122D598A04
:100B50000E8B0FAE0EAF0FEE4F7003028C23850885
:100B60001085091175120078101212147C137D0083
:100B7000EE2426FAE43FFB121B1774031211F5EE64
:100B80002402F8E43FF9880E890FE508241FF58256
:100B9000E43509F583E0F510A3E0F51178101212A1
:100BA00014850C82850D83E0FC7D00850E8289838F
:100BB000E0FAA3E0FB121B1774031211F5E50824F9
:100BC0001350020509F51085091178101212147CD2
:100BD0000B7D00EE241BFAE43FFB121B177403127B
:100BE00011F5E50A450B60308E828F83A3A3A3A382
:100BF000E0F96024850E82850F83E0FAA3E0FBEA2A
:100C00004B6015850A82850B83123127E96009EE56
:100C1000FAEFFB121B3B800BEEFAEFFB122D537920
:100C2000008002791A7F0B020F247900D083D082D2
:100C30000211C279000289D5C082C08312181D80BA
:100C4000E9C082C08312182380E2C082C0831218D8
:100C50002980D974F7120C1D12182F80D6C082C0BB
:100C60008374FF1212A8E9852182852283F0AA21CC
:100C7000AB2279E012196D74011211F580AE74F493
:100C8000120C1D8A088B09ECFEEDFF7B007A0079BF
:100C900000122D59EA4B605EEA2431F582E43BF5FF
:100CA000837402F0EA2426F582E43BF583E508F03C
:100CB000A3E509F0EA242EF582E43BF5837402F003
:100CC000EA242FF582E43BF583EEF0A3EFF0EA246B
:100CD00032F582E43BF583E4F0EA2433F582E43B29
:100CE000F5837431F0A3E4F0EA2423F582E43BF5C4
:100CF00083E4F0122D537F04020F24EE2416F8E44F
:100D00003FF988088909EA228A0A8B0BA80AA90BED
:100D1000850882850983E8F0A3E9F0128ABD229054
:100D200016C7E0240BF8A3E03400F9850882850992
:100D300083E8F0A3E9F02274F0120C1D74EA121299
:100D4000A8852182852283EAF0A3EBF0A3ECF0A32F
:100D5000EDF0C200742612154C78081214D9908355
:100D6000D4780C1214D97808790C12104D700B7AC3
:100D7000007B007C807D3F02910585218285228356
:100D800078081214D99083D4780C1214D978087981
:100D90000C12104D7003028E1985218285228378F2
:100DA000081214D9EDC2E7F50B901AAE780C1214A4
:100DB000D97808790C12104D70159016CC7422F069
:100DC000A3E4F085218285228312153502910574F2
:100DD0002612154C78081214D9901AAE780C1214F9
:100DE000D97808790C12104D70149016CC7422F03A
:100DF000A3E4F07AFF7BFF7C7F7D7F029105742660
:100E000012154C78081214D9901AB2780C1214D911
:100E10007808790C12104D700B7A007B007C007DF5
:100E20000002910585218285228378081214D990C9
:100E300083D4780C1214D97808790C120E8C507166
:100E4000742612154C78081214D9742612154C7891
:100E50000C1214D9780C1208F3780C120B3678089F
:100E6000790C120256901AB6780C1214D9780879B7
:100E70000C120E3D500B9016CC7421F0A3E4F080C0
:100E80009885218285228378081214D9EDC2E7F56E
:100E90000B85218285228378081214BB74261215D3
:100EA0004C78081214D978081208F3E508A2E092E9
:100EB0000085218285228378081214D9E50B54809D
:100EC000443FF50BE50AC2E7F50A740612154C78A3
:100ED000081214BB85218285228378081214D9E573
:100EE0000A33E50B332482F5083395E0F509F50A5A
:100EF000F50B7808120B36742612154C780C121468
:100F0000D97808790C12067B740E12154C780812E9
:100F100014BB740E12154C1215351222EB8521826A
:100F2000852283121529852182852283780812144F
:100F3000D978081208F3740412154CE508F0A3E5FB
:100F400009F0740612154C1215351223037412128F
:100F5000154C121529742612154C78081214D974E0
:100F60000412154CE0F50CA3E0F50D3395E0F50EF9
:100F7000F50F780C120B367808790C1202567412A1
:100F800012154C780C1214D97808790C12067BC013
:100F900008C009C00AC00B740E12154C7808121450
:100FA000D9852182852283780C1214D97808790C8E
:100FB000120256901ABA780C1214D97808790C12C9
:100FC000067BD00FD00ED00DD00C780C7908120211
:100FD0007BAA0CAB0DAC0EAD0F1222E5740A1215F4
:100FE0004C121529852182852283E4F0A3F0A37495
:100FF00080F0A3743FF0740412154CE0FAA3E0FBF8
:101000001230ADEA4B702F0290A2740612154C7884
:101010000C1214D9740612154C78081214D9780CD5
:10102000790812067B740612154C780C1214BBEB6F
:10103000C313FBEA13FAEAA2E05027852182852236
:1010400083780C1214D9740612154C78081214D92E
:10105000780C790812067B852182852283780C1210
:1010600014BB74016A4B70A2740412154CC3A3E044
:101070009400A2D265D03350297508007509007517
:101080000A80750B3F852182852283780C1214D942
:101090007808790C120495852182852283780812BC
:1010A00014BB740A12154C78081214D97404121562
:1010B0004CE0F9852182852283780C1214D9E9A2AB
:1010C000E713F9E413250EF50EE9350FF50F78084F
:1010D000790C12067B740A12154C78081214BBA204
:1010E00000740A501012154C78081214D9E50BB28E
:1010F000E7F50B800812154C78081214D9AA08AB32
:1011000009AC0AAD0B74161211F57F08020F24C04A
:1011100082C0839005ECE4F09005F3F00292B9747C
:10112000F7120C1DE9FE9005ECE0600312175790D2
:1011300005EC7401F0901928E06008791D121AC9B5
:10114000029221EE9005EDF0640270051218B38052
:101150004AE06007640160031217579005F0E4F05D
:1011600090182BE0F8A3E0C8240EF582E438F5834C
:10117000E0544060059005AE8003900590E0900536
:10118000EE1292807012900577E0600C9005EEE010
:10119000C3940340037402F0121A939005F3E070B5
:1011A0005A90182BE0F8A3E0F9E84970031217579A
:1011B00012948AE0F8A3E0F988828983E0542090B1
:1011C00005F2F088828983A3A3E09005F1F09018DE
:1011D0002BE0FAA3E0F5838A82A3A3A3A3E0FAE8B5
:1011E00024FFF582E934FFF58374022AF075E1EEFD
:1011F00074012AF9AA82AB8312194FA2AFE433F823
:10120000C2AF9005D7E070119005D9E0700B900542
:10121000EC1292F1121A9980089005EC7402129265
:10122000F30293E374F6120C1D12197FE9F97508A5
:10123000017509009005EEE078081213C6E5081460
:10124000599005EF12928070051218A780031218AA
:10125000A17F02020F24C082C0839061A4E0C2E09B
:10126000F09005D9E4129280640270051218B980DA
:101270000DE0640370051218BF8003121A9F8039B5
:10128000F09005EDE022C082C0839005EDE070147F
:10129000122D11E9F89005EFE0C3984007791C1270
:1012A0001AC980031218AD8010C082C0839005F364
:1012B0007401129280F9121A8DD083D0820211C269
:1012C000C082C0839005D7E070069005D9E0600326
:1012D000121757A2AFE433F8C2AF9005ECE06402F6
:1012E00070081292F1121A998005E8A2E092AF807C
:1012F000C87483F0E8A2E092AF22C082C083900558
:10130000EDE06007640160031217579005EC740468
:10131000F0121A6F9005F0E004F0F890058FE0C32A
:1013200098500779E1121AC9803290059BE0FA9033
:1013300005EEE079002401F8500109EAFCC3E89CBD
:10134000E99400A2D265D0335004E0048001EAF0B1
:10135000121A939005EC7483F0121A9F0292B974DA
:10136000F7120C1DA2AFE433FEC2AF9005ECE064AF
:101370008370279005D7E060031219F19005F2E021
:101380009005EC700F7485F0EEA2E092AF79001238
:101390001AC9800B7486F01218CBEEA2E092AF80CF
:1013A0004274F7120C1DE9FF8A08A2AFE433FEC2B3
:1013B000AF9005ECE0648670257487F01218D1EECA
:1013C000A2E092AF9005F1E06F700CE5086004793F
:1013D0001B80067900800279E9121AC98005EEA205
:1013E000E092AF7F01020F2474F7120C1DA2AFE44C
:1013F00033FEC2AF9005ECE0648670127487F01281
:1014000018D1EEA2E092AF79E9121AC98005EEA2D6
:10141000E092AF80CE74F7120C1DE9FE9005F3E464
:10142000F09005ECF09005B0E060059005D7E4F091
:10143000121A6F1219A31219AFEEF9122D2F80A3F1
:1014400074F4120C1D90182BE0F8A3E0F9E8497031
:10145000031217571218718A088B098C0A8D0B1208
:10146000948AA3A3A378081214BB1219078A0890C0
:10147000182BE0FAA3E0CA2409F582E43AF583E5E3
:1014800008F0A3EBF07F04020F2490182BE0F8A3E0
:10149000E0F5838882A3A32274F1120C1D74EE126E
:1014A00012A87E0012225BE9F8A2E050027E0175CC
:1014B000081875091978081212187C017D007A55F0
:1014C0007B00121C4374021211F5E9700AEEA2E0CF
:1014D00050057900122FE17A247B00121C498A08FA
:1014E0008B097A357B00121C498B0BEA450B707215
:1014F000740265084509706AA821A922880889092B
:101500007808121218750802750900780812121866
:101510007C007D007A247B00121C5574041211F5A6
:10152000852182852283E0F8A3E0F9E8FAE9FB90BF
:1015300019E5EAF0A3EBF0A3E4F0A3F07508E57574
:10154000091978081212187C047D007A357B001284
:101550001C4374021211F57C027D007A247B001278
:101560001C5B7AA97B1679E2122F8DEEF9122255B7
:101570007C107D0079007402121280121B23901AD5
:101580001FE060046401704F750CD1750D37750E46
:1015900080740212127888088909750A0078081286
:1015A00012147C107D00A90CAA0DAB0E121B1D7429
:1015B000031211F5E9600A74021212801221D78019
:1015C00016780C1212147C107D0074051212801211
:1015D0001B1774031211F574021212788808890916
:1015E00078081212187C107D007A627B00121C436E
:1015F00074021211F5E97025EEA2E050207808126D
:10160000121875081075090078081212187C007DF0
:10161000007A627B00121C4F74041211F57C107D5D
:101620000079007402121280121B23EEF91222318B
:10163000EEA2E050077A017900122261790074125B
:101640001211F57F07020F2474F2120C1D890D751B
:101650000C009016BF7401F0801A1212187808124C
:1016600012187C007D00EEFAEFFB121C5574041278
:1016700011F5050CE50C75F006A4F8A9F0742928FD
:10168000F8743139F988828983E493FA740193FB01
:10169000EA4B606EA3A3A3A3E493F50A740193F548
:1016A0000B88828983A3A3E493C0E0740193F5833C
:1016B000D08285820885830988828983E493C0E08B
:1016C000740193F583D082AE82AF83780A12121828
:1016D000AC08AD09EEFAEFFB121C4374021211F5CF
:1016E000E9708FE50D780A700302965A1212187885
:1016F000081212187C007D00EEFAEFFB121C4F025C
:10170000966D7F06020F2474F6120C1D74FF1212E0
:10171000A812975C1212187C017D007A037B0012DC
:101720001C4374021211F5E9702078081212187522
:10173000080175090078081212187C007D007A03F0
:101740007B00121C5574041211F5852182852283B9
:10175000E0F974011211F57F02020F2485218285C0
:101760002283E4F0A821A922880889097808227434
:10177000F6120C1D74FF1212A8E9FEEAFF12975C24
:1017800012121875080175090078081212187C00E9
:101790007D007A037B00121C5574041211F5E9F9DF
:1017A000703E74FF6E700A852182852283E04F802F
:1017B0000C74FF6FF8852182852283E058129763AD
:1017C00012121875080175090078081212187C00A9
:1017D0007D007A037B00121C4F74041211F5E9F9A5
:1017E00002975274F4120C1D8908EAFEEBFF901563
:1017F00086E07021750AA1750B1E780A1212187CFA
:10180000147D007A007B00121D0974021211F590FC
:1018100015867401F07A057B00121BCB8A0A8B0BAC
:10182000A80AA90BE84970047910804E8882898340
:10183000E4F0A3F088828983A3A3E508F088828975
:1018400083A3A3A3EEF0A3EFF0901584E0FAA3E046
:10185000FBEA4B901584601BE0FCA3E08003EAFCEC
:10186000EBFD8C828D83E0FAA3E0FBEA4B70EF8CFA
:10187000828D83E8F0A3E9F07900029B10780812CA
:10188000121C750800780812121C7C037D00EEF90A
:10189000121D21740B1211F574021211F57F020250
:1018A0000F2474F6120C1D74FE1212A8E9FEEC85CA
:1018B0002182852283F0740112154C1298F51212C0
:1018C000187508027509007808121218741112159B
:1018D0004C12990212121CE4F508780812121874BE
:1018E0001312154C12990212121C75080178081275
:1018F000121C02987DEDF0A821A922880889097898
:101900000822E0F50878082274F6120C1D8A828BF2
:1019100083A3A3E0FE5407640170658A828B83E091
:10192000F8A3E0F988088909E82414F582E4350968
:10193000F583E0FC901584129B22496043888289DC
:1019400083A3A3E06C8882898370ECA3A3A3E0FC4B
:10195000A3E0FDEC4D6029850882850983A3A3A33C
:10196000A3E0F508A3E0F5097808120F6A00000368
:10197000B1998499B199B1997A99121EA7E98033E6
:1019800079018030EE540870248A828B83A3A3A34C
:10199000A3A3A3A3E0701A8C828D83E0F8A3E0F9DF
:1019A00088828983E5824583600312312774008031
:1019B000027401F902989D74F4120C1D74FA12124B
:1019C000A88A088B098A828B83A3A3A3A3A3A3A3BA
:1019D000E0F88A828B83A3A3E054086003029ABCD8
:1019E000E870378A828B83A3A3A3A3A3A3A3A3E056
:1019F000FAA3E0FB850882850983E0F8A3E0C82408
:101A000014F582E438F583E0F98A828B83E0FCA345
:101A1000E0FBECFA1230A7029B0974016860030234
:101A20009ABF852182852283E4F0A3F08A828B838A
:101A3000129B22FEE9FFE4F50AF50B780A12121850
:101A40007402121278880A890B780A1212187C0024
:101A50007D008E828F83A3A3A3A3E0FAA3E0129B51
:101A600015121DA574041211F58521828522831299
:101A70009B22497003029B09850882850983E0FE49
:101A8000A3E0FF850882850983A3A3A3A3A3A312D0
:101A9000990212121C750801780812121C740212A5
:101AA000154CE0FCA3E0FDEE2406FAE43F129B1582
:101AB000121E9B74021211F579FF804FE8600479C1
:101AC0000180488A828B83E02406F8A3E03400F981
:101AD000740212154CE8F0A3E9F08A828B83A3A369
:101AE000A3A3A3A3A3A3129B22FAE9FB8A828B835D
:101AF000E0FCA3E0F9ECF8740412154CE8F0A3E95B
:101B0000F07402121280122F5D790074061211F522
:101B10007F04020F24FBEE2414F582E43FF583E0FA
:101B2000F922E0F8A3E0F9E82274F0120C1D74F831
:101B30001212A8852182852283EAF0A3EBF0A3ECA0
:101B4000F0A3ED129DF51214D99083D4780C1214E1
:101B5000D97808790C12104D700B7A007B007C80CC
:101B60007D3F029DEB85218285228378081214D95E
:101B7000EDC2E7F50B901A25780C1214D978087984
:101B80000C120E3D50449016CC7422F0A3E4129D2A
:101B9000F51214D99083D4780C1214D97808790CE2
:101BA000120E8C500E750800750900750A00750B31
:101BB00000800C7508FF7509FF750A7F750B7FAAF9
:101BC00008AB09AC0AAD0B029DEB8521828522830F
:101BD00078081214D9901A29780C1214D978087937
:101BE0000C12067B85218285228378081214BB851E
:101BF000218285228378081214D9E50BC2E7F50B00
:101C000078081208F3E508FA852182852283780C8A
:101C10001214D99083D478081214D9780C79081248
:101C20000E8C503985218285228378081214D9EAD6
:101C3000F50C3395E0F50DF50EF50F780C120B361B
:101C40007808790C1202569083D4780C1214D97843
:101C500008790C12104D60010AEAF404FA85218219
:101C6000852283780C1214D9EAF5083395E0F5093A
:101C7000F50AF50B7808120B36780C790812025623
:101C8000740412154C780C1214BB740412154C78A1
:101C90000C1214D9901A2D78081214D9780C7908DE
:101CA000120E8C5027740412154C780C1214D99013
:101CB0001A2D78081214D9780C790812027B740452
:101CC00012154C780C1214BBD2008002C2007404AE
:101CD00012154C78081214D9901A31780C1214D9B4
:101CE0007808790C12067B901A35780C1214D97882
:101CF00008790C12027B740412154C780C1214D95A
:101D00007808790C12067B901A39780C1214D9785D
:101D100008790C12027B740412154C780C1214D939
:101D20007808790C12067B901A3D780C1214D97839
:101D300008790C12027B740412154C780C1214D919
:101D40007808790C12067B901A41780C1214D97815
:101D500008790C12027B740412154C780C1214D9F9
:101D60007808790C12067B901A45780C1214D978F1
:101D700008790C12027B740412154C780C1214D9D9
:101D80007808790C12067B901A49780C1214D978CD
:101D900008790C12027B852182852283780812142F
:101DA000BBA2005025852182852283780C1214D98C
:101DB000901A4D78081214D9780C790812067B8590
:101DC0002182852283780C1214BBEAF98521828551
:101DD000228378081214D9AA08AB09AC0AAD0BE922
:101DE000A2E713F9E4132CFCE93DFD74081211F588
:101DF0007F08020F24F0852182852283780822C083
:101E000082C0839005D4740BF09005D374FFF090DA
:101E100005D2F09005D58018C082C0831219BB127C
:101E200019C7800DC082C0831218FB8004F0EBA399
:101E3000F0D083D0820211C2C082C083906180E062
:101E4000F8E96004D2F08002C2F0A2F0E43333FA81
:101E500074FD584A80DAC082C083EA90617280CDF6
:101E6000C082C083EA90617480C3C082C083EAFCF0
:101E7000EBFD79087A6A7B6112194380B474F7121A
:101E80000C1DE9FE907803E0F874956860057434E1
:101E90006870067A657B3780047A837B378A828B09
:101EA00083E493F8C39EA2D265D033400EA3E4939B
:101EB000F8EEC398A2D265D0335002E8FEA2AFE498
:101EC00033F9C2AF8A828B83E4939E2402FCEA2C0E
:101ED000F582E43BF583E4939005D5129F6E60058F
:101EE00074346870119005D5E064FD9005D67004D7
:101EF00074018001E4F0E9A2E092AF1219A3EEF9B7
:101F000002A03FC082C083A2AFE433F9C2AF900504
:101F1000D5E0F89005D2E068604C9005D9E07046B5
:101F20009005ECE0A2E7403E9005D5E09005D21286
:101F30009F6E600574346870259005D2E0906190C2
:101F4000F09005D6E09061AC600A74F5F090619174
:101F5000747480117455F0906191746980079005D4
:101F6000D2E0906190F0E9A2E092AF029E31F09051
:101F70007803E0F87495682274F7120C1DE9FF7479
:101F8000F529C394134003121757A2AFE433FEC2DE
:101F9000AFEF9005D4F09005ECE070031219AFEEAE
:101FA000A2E092AF02A03FC082C0839005ECE06047
:101FB00003121757A2AFE433F8C2AF9005D4E0F98B
:101FC0009005D3E06960269005D4E09005D3F0E851
:101FD000A2E092AF121A7B75F0059005D3E0A4241D
:101FE000D490618FF01219F1121A698005E8A2E00D
:101FF00092AF029E3174F7120C1DE9FE901928E091
:1020000060031217579005D8E06003121757EE705F
:10201000079005D87401802674036E70079005D868
:102020007403801A74016E600874026E60031217E4
:10203000579005D87402F090617274FFF0A3F07F9E
:1020400001020F24C082C0839005D8E4F09005916E
:10205000E0906172F0900592E0906173029E30C052
:1020600082C083121931029E31C082C08312193797
:10207000E924B7F91219CD029E31E9FCC394A9A253
:10208000D265D03350047CA9800DECC3940BA2D24E
:1020900065D03340027C0AECF83395E0F9E8245728
:1020A00050010975F0FFA4F8AAF075F0FFE9A42A21
:1020B000F97A617B001209BBE8F90211C274F712C8
:1020C0000C1D1219CD02A03FF075E1E275E1FF028F
:1020D000A1C9A9A8C2AF75C300AAA2A8A3E9A2E793
:1020E00092AFE8F9EAF87A007B021209BBE8F9023C
:1020F00011C2C082C0839061A4E0A2E45003121711
:1021000057759C019061E47401F075E1E275E1FF9F
:10211000A8A8C2AF759B007591EFE8A2E792AFA89F
:10212000A8C2AF759B007591F7E8A2E792AF02A134
:10213000C9C082C08312189B75E1BC75E1B875E116
:102140000F75E1D075E1D075E1D075E1D0805FC049
:1021500082C08312189B75E1BC75E11775E181752A
:10216000E11075E1D275E1818044C082C0839005A1
:10217000EFE09061E2F075A1FDA2AFE433FAC2AFE7
:1021800075C300A8A2A9A3900563E094125008E8C3
:102190007005E97002780175C30388A289A3EAA2D9
:1021A000E092AF12A22D121A7575E1E1801B75E164
:1021B0001075E1D275E1D975E10175E10975E1BAF2
:1021C00075E10175E1C575E1D2D083D0820211C2FB
:1021D000C082C08312189B75E1BC80D874F7120CC2
:1021E0001D12A22DA2AFE433F508C2AF75C300E5FE
:1021F000A2AFA4740F5FF8740F98FE9061E2F01222
:102200001A639005EA7401F075E1E175C300E5A277
:10221000E5A46F600DEEC39402400774FF2E906139
:10222000E2F0E508A2E092AF7F01020F249061A4E2
:10223000E0D2E4F0E0D2E3F022C082C0839005EF68
:10224000E09061E2F002A1A3C082C0839061E4E06B
:1022500070179061A4E0A2E4500FE0C2E4F0E0A2A5
:10226000E350031218D7121AB702A1C974F4120C62
:102270001D9061A4E0A2E45003121757121895E9CB
:10228000F508900574E0FEC39415500312175774B7
:10229000EC25082EFE75F01484FF75F014A4CE9E74
:1022A000FE0F9061E47402F0EF9061E2F0EEC394EF
:1022B00015400312175775A1FDA2AFE433FAC2AF60
:1022C00075C303EEF50A750B007409780A1213C67C
:1022D000F8A90B900563E0C394125006E970030857
:1022E0007900E8F5A2E9F5A3EAA2E092AF75E1E290
:1022F00075E1FFA8A8C2AF759B007591EFE8A2E752
:1023000092AF75E1BC75E1B875E1D29061A4E0D2FD
:10231000E4F075E1E1121895E9C39508500A90615F
:10232000E2E06F7003E014F07F04020F24C082C06B
:10233000839061A4E0C2E402A0C8C082C08390611F
:10234000A4E0C2E3F0121ACF02A1C9C082C08390F8
:1023500061A4E0C2E4F09061E4E07005121AB78075
:1023600015E064017005121AB1800BE0640260038D
:10237000121757121AC302A1C9C082C08390044C1D
:10238000E070037401F0D083D0820211C27F070293
:102390000F247F06020F2474F7120C1DE9FF7E083C
:1023A00074805FF9121799EFC333FFDEF3790012DF
:1023B000179F12A47612179F79011214F7A297B3F0
:1023C000800579011214F77F01020F2474F7120CB3
:1023D0001DE9FE790012179F79011214F7EE6005CE
:1023E00053FE7F800543FE80C297790112179F80BC
:1023F000D174F7120C1DE9601453FEBF7E0AA29639
:102400004010EE600D79011214F71E80F143FE407A
:10241000C29680AE74F7120C1D790112179F7E03CD
:10242000A296400979011214F71EEE70F37900129A
:10243000179F12A47612179F79011214F743FE809A
:10244000C29779011214F7790012179F02A3C7C02F
:1024500082C083790012179F43FE80C297790112D0
:1024600014F7790112179F12A4761214F753FE7F06
:1024700053FEBF02A38653FE7F79012274F6120C2D
:102480001D7E007F07790012179F79011214F779DA
:102490000112179F79011214F7A2975011750801C4
:1024A000750900EF78081213C6E508CE4EFE74FFDA
:1024B0002F1FC39400A2D265D03350C9EEF97F021A
:1024C000020F2474F1120C1D890E8A0BECFEEDFF35
:1024D000750C00750D00740F12154C12A5CF6037E6
:1024E0001217A5E50EC333F50AF91217935004D25B
:1024F000F08002C2F0A2F0501EA90B1217935017E1
:102500001217A57401450AF91217935004D2F080EE
:1025100002C2F0A2F0400479018044790012179FB2
:1025200053FE7F1217B1EE250CF582EF350DF583C2
:10253000E9F0C3E5089402E509940040057900122A
:102540001799050CE50C7002050D12A5DB70CC790E
:102550000012179F12A4761217991217AB79000276
:10256000A38D74F2120C1D890D8A0CECFEEDFF7523
:102570000A00750B00740E12154C12A5CF603712AD
:1025800017A5E50DC333F91217935004D2F080025A
:10259000C2F0A2F05020A90C121793501979001222
:1025A000179F53FE7FEE250AF582EF350BF583E08A
:1025B000F9121793400479018012050AE50A7002A6
:1025C000050B12A5DB70D61217AB790002A392E0BF
:1025D000F508A3E0F509E508450922E50824FFF51B
:1025E00008E50934FFF509E50845092274F7120CDE
:1025F0001D78007900802774502EF582E43404F5AC
:1026000083E08A828B83F09004D0E00412A6C1C3D9
:10261000948040059004D0E4F008E870010990042B
:10262000D0E0FEA3E06E6007C3E89CE99D40C8E8E7
:10263000FAE9FB02A82174F7120C1D900555E0FE83
:10264000F8900554E0FFEEC39FE05010C398F89552
:10265000E0F9E824FF18E934FFF9800DC398F895F4
:10266000E0F9E8247FF8500109C3E89CE99D500691
:102670007A007B00804878007900800BE004F0430A
:102680009A0408E8700109C3E89CE99D502C8A82ED
:102690008B83E0C0E0900555E0FE74D42EF582E413
:1026A0003404F583D0E012A6C1900556E4F09005FD
:1026B00055E0C3947F40C5E480C4E8FAE9FB02A872
:1026C00021F08A828B83A3AA82AB832274F6120C38
:1026D0001D900557E0F8A3E0F9E8FEE9FFEE4F6032
:1026E0006C1217F38A088B09A808A9097A009004CC
:1026F000D2E0FC6016A3E0FBE595C39BFBC39C9076
:1027000004D25005E0C39B8001E4F0E595A3F0C33B
:10271000E8947FE9940040047A018019C3E894307A
:10272000E9940040047A02800CE84960089004D2E1
:10273000E070027A04900556E06006E4F0EAD2E424
:10274000FAEA600979008E828F831231277F0202B4
:102750000F24C082C0839004D1E0FD9004D0E0FC3F
:10276000FAEDF8C39C4008E8C39AFA95E0800D742E
:1027700080C39AFA95E0FBEA2DFAE43BFBD083D0C4
:10278000820211C253FF3F85FFFF53F1FE43F30C5A
:1027900053F2F375868075C4800211C2C082C08373
:1027A000E97068EA241BF582E43BF583E0F8A3E0D6
:1027B000F9900557E8F0A3E9F08A828B83A3E0F84B
:1027C000740368600A740468600575C23B80037511
:1027D000C2D8E0601314600B14600314700F75C549
:1027E0000A800D75C509800875C508800375C50B7D
:1027F0008A828B83A3A3E0600875C44243F33080D0
:102800000375C402438640D2AAD2E9790002A77DAB
:1028100074F7120C1DE970051217E180047A007B31
:10282000007F01020F2474F7120C1DE970051217C6
:10283000E780047A007B0080E8C082C0831217ED35
:1028400002A77D74F7120C1DE970051217F38004BE
:102850007A007B0080CBC082C0839036077C747D79
:1028600005745E12111C12197FE990058DF0121982
:102870007FE9900581F0D083D0820211C2E9F8741B
:10288000C029F9C3941E4010742028C3940F500629
:10289000743E28F98002792D0211C274F3120C1DC6
:1028A000EAFEEBFF121961E9F8742D68700479F4FF
:1028B000805385A80BC2AFE8F5087509007402784B
:1028C000081213C674632508FA74333509FB8A822B
:1028D0008B83E493F8747428F508E43405F50975DE
:1028E0000A0078081212148A828B83A3E493FC7D79
:1028F00000EEFAEFFB121B1774031211F5E50BA2A1
:10290000E792AF79007F05020F2474F1120C1D8944
:1029100008EAFEEBFF74F1650870248E828F83E075
:10292000640179027014121A5DA908121961E9F89C
:10293000742D68702F79F402AAA6121A5180EA74D5
:10294000F06508700F8E828F83E09018B3F0F91253
:10295000198580D57445650870CF900579EEF0A390
:10296000EF02AAA3E8F50A750B007402780A1213A5
:10297000C67463250AFA7433350BFBEA2402F8E4C3
:102980003BF988828983E493F509EA2403FCE43B5C
:10299000FDE50970088C828D83E49360538C828DF1
:1029A00083E4936509700579FB02AAA6745865084B
:1029B000701A8E828F83E02471F50AA3E034FFF54C
:1029C0000BC3E50A9422E50B9464501F8E828F831B
:1029D000E0F50988828983E493F8E509C398400B00
:1029E0008C828D83E493C39509500579E802AAA6E9
:1029F00085A809C2AF8E0C8F0D750E00780C1212CF
:102A0000148A828B83A3E493FC7D008A828B83E407
:102A100093F8747428FAE43405FB121B177403123C
:102A200011F5E509A2E792AFE50824B0601A24FE8B
:102A300060301460202473604E14603814603F24AA
:102A4000FD604E146055805C900591E0FAA3E0FBB8
:102A500012198B804F900595E0FAA3E0FB121991B3
:102A60008042900594E079026005121A5180351277
:102A70001A5D80309005A4E0F91219A980267AA584
:102A80007B05121997801D9005A3E0F912199D800E
:102A9000138E828F83E09005B080088E828F83E052
:102AA0009005B1F079007F07020F24C082C08390A7
:102AB000150FE4F0A3F09015117411F0A3740DF04C
:102AC000900D117470F0A37402F0900F81F0A37454
:102AD00080F0A3748CF0A37405F0D083D08202112F
:102AE000C274F6120C1D7A017B00121BCB8A088B74
:102AF00009AE08AF09EE4F700312175785A808C238
:102B0000AFEE24FEF8EF34FFF9901511E8F0A3E9D9
:102B1000F0EEFAEFFB121BD19015137401F0E508EB
:102B2000A2E792AF7F02020F2474F2120C1D7C0008
:102B30007D007E00EA2402FAE43BFBA2AFE433FF0F
:102B4000C2AF901513E06008EA9411EB9400500AAC
:102B5000901511E0F8A3E0F980047883790F88825A
:102B60008983E0F508A3E0F509548060057E000242
:102B7000AC06EEA2E0507C8C828D83E0F50AA3E0E7
:102B8000F50B5480F50DE50A2508F508E50B350928
:102B9000547FF509E50D4509F5098C828D83E5081B
:102BA000F0A3E509F0547FF509C3E5089AE5099B10
:102BB0004054ECF8EDF9E849700302AC748882895E
:102BC00083E0FCA3E0547FFDECC39AFCED9BFDC3C6
:102BD000EC9404ED9400405DE82AF582E93BF5832E
:102BE000ECF0A3EDF0EB4480FB88828983EAF0A34C
:102BF000EB804AE509547FFDC3E5089AED9B50B68A
:102C00007E01E8FCE9FD88828983E0F508A3E054B1
:102C10007FF509E82508F8E93509F988828983E014
:102C2000F508A3E0F509E5084509600302AB5E7805
:102C3000007900803F88828983A3E04480F090156A
:102C400013E06029901511E0FAA3E0FBE86A700236
:102C5000E96B701988828983E0FAA3E0547FFBE86E
:102C60002AFAE93BFB901511EAF0A3EBF0E8240205
:102C7000F8500109EFA2E092AFE8FAE9FB7F060203
:102C80000F2474F7120C1DEA24FEFEEB34FFFFEA5A
:102C9000F8EBF9C3E89411E9940D4009C3E89411E5
:102CA000E9941540031217578E828F83A3E0548056
:102CB0007003121757A2AFE433FAC2AF8E828F832C
:102CC000A3E0547FF0901511E0F8A3E0F9EE98EF3F
:102CD00099500CEEF8EFF9901511E8F0A3E9F0EA3D
:102CE000A2E092AF7F01020F2474F7120C1DE9904D
:102CF0000420F07AFD7B16122FBD7A097B17122F64
:102D00006379041222B590165FE4F0790A12309BC1
:102D10007F01020F24C082C08390191F7418F090A5
:102D200019207410F0A37427F0A3E4F0A3F0801E20
:102D3000C082C0831216F19083C0120FEF7A017B1C
:102D400000900420E0F9121C8B74041211F5D0835A
:102D5000D0820211C274F0120C1D8A828B83A3E010
:102D6000600A14601224FC601A02ADF08A828B8320
:102D7000E0640D707B80078A828B83E0707212168C
:102D8000F7806D8A828B83E0640D70051216F180E6
:102D90005F90191FE0901920602E78081214D978DE
:102DA00008120B51908304780C1214D97808790C0E
:102DB00012067B78081208E890192078081214BBD4
:102DC00090191FE014F0801174A0F0A374BBF0A35D
:102DD000740DF0A3E4F01216F1901920120FEF7A9F
:102DE000027B00900420E0F9121C8B74041211F590
:102DF0007F08020F2474F4120C1DEAFEEBFF5480CE
:102E00007031EE54026044EE640202AE8F8A828B0F
:102E100083E064347016EA2417F582E43509F583FB
:102E2000E0FAA3E0FBEA4B6003121BD1AA08AB094E
:102E3000121B3B900420E0F9121B4D8A088B09EA13
:102E4000450970C9EEFAEF64808037EEA2E05004C5
:102E50006401803B5404602DD281908308120FEFEF
:102E60007A087B00900420E0F9121C8B7404121184
:102E7000F5790A12309B901558E4F0A3F0EE640443
:102E8000FAEFFB8011EE54086008C281EE6408FA84
:102E900080047A007B007F04020F24C082C0837408
:102EA000FC1212A8740212154CE4F0A3F0852182E2
:102EB000852283F0A3F0AC21AD227402121280129D
:102EC00015E902AD4974F7120C1DE9A2E6500E7A1D
:102ED000047B00900420E0F9121C978021A2E250AC
:102EE0001D901918E070179083FC120FEF7A047B85
:102EF00000900420E0F9121C8B74041211F502AD4D
:102F00001074F0120C1D74F61212A885218285220D
:102F100083EAF0A3EBF0A3ECF0A3EDF0852182852A
:102F2000228378081214D990837C780C1214D978F3
:102F300008790C120E8C5033852182852283780803
:102F40001214D99083D4780C1214D97808790C1201
:102F5000104D9016CC700A742212B1057DFF02B09C
:102F6000FB742112B1057D7F02B0FB74041212784C
:102F7000880889097808121218740212154C121563
:102F8000351222F174021211F585218285228312F5
:102F9000152985218285228378081214D9901A4D2B
:102FA000780C1214D97808790C120E8C50328521C5
:102FB0008285228378081214D97401C31313250A59
:102FC000F50AE4350BF50B852182852283780812FA
:102FD00014BB740412154CE024FFF0A3E034FFF09E
:102FE00085218285228378081214D9901A9E780C44
:102FF0001214D97808790C12027BC008C009C00AE3
:10300000C00B852182852283780C1214D9901A492D
:1030100078081214D9780C790812027BD00BD00AE8
:10302000D009D0087808790C120495852182852270
:103030008378081214BB85218285228378081214B4
:10304000D9852182852283780C1214D97808790CCD
:1030500012067B740612154C78081214BB74041205
:10306000154CE0F5083395E0F509F50AF50B7808FD
:10307000120B36901ABA780C1214D97808790C12FF
:10308000067BC008C009C00AC00B740612154C7834
:10309000081214D9901AA2780C1214D97808790C55
:1030A00012067B901AA6780C1214D97808790C12A3
:1030B000027B740612154C780C1214D97808790C1E
:1030C00012067B901AAA780C1214D97808790C127F
:1030D000027B852182852283780C1214D9780879A5
:1030E0000C12067BD00FD00ED00DD00C780C7908C6
:1030F00012027BAA0CAB0DAC0EAD0F740A1211F5C7
:103100007F08020F24F0A3E4F07AFF7BFF7C7F228C
:10311000C082C0839005EBE4F09005EAF08004A241
:10312000E092AFD083D0820211C274F7120C1DE975
:10313000FF7003121757AEA8C2AF9005EBE04FF037
:10314000121A75EEA2E78003EEA2E092AF7F0102B1
:103150000F2474F7120C1DE9FE7003121757A8A86C
:10316000C2AF9005EBE04EF0E880D974F7120C1D69
:10317000E9FE7003121757A8A8C2AF74FF6EF9904A
:1031800005EBE059F0E8A2E792AF121A6F80BEC0DB
:1031900082C083A8A8C2AF9005EBE4F09005EA12C4
:1031A000B235E8A2E792AF1219F102B12374F71217
:1031B0000C1DA2AFE433FEC2AF9005EBE06003123A
:1031C0001A75808474F7120C1DA2AFE433FEC2AFEF
:1031D0009005EBE070199005D7E0A2E7401190054B
:1031E000D9E0700B9005ECE0A2E74003121A7B02D5
:1031F000B148C082C083A2AFE433F8C2AF9005EA01
:10320000E070067401F075E1E3E802B11FC082C00E
:1032100083A2AFE433F9C2AF9005EAE06013E41291
:10322000B235A8A8C2AF759B0075E9FBE8A2E7928A
:10323000AFE902B11FF075E1EF75E1ED75E1ED2247
:1032400074F0120C1D74F81212A885218285228355
:10325000EAF0A3EBF0A3ECF0A3EDF0852182852248
:103260008378081214D9EDC2E7F50B901A51780C47
:103270001214D97808790C120E3D8521828522839B
:10328000500612153502B35478081214D99083D41D
:10329000780C1214D97808790C120E8C852182854D
:1032A000228378081214D9400302B342EDC2E7F535
:1032B0000B85218285228378081214BB85218285A3
:1032C000228378081214D978081208F37808120BB0
:1032D00036740412154C78081214BB85218285229D
:1032E0008378081214D9740412154C780C1214D96E
:1032F0007808790C1202569083D4780C1214D9787D
:1033000008790C12104D6023740412154C780812C1
:1033100014D9901A49780C1214D97808790C120231
:103320007B740412154C78081214BB740412154CEB
:1033300078081214D9AA08AB09AC0AE50BB2E7FD6C
:10334000801278081208F37808120B36AA08AB0925
:10335000AC0AAD0B74081211F57F08020F2474E457
:10336000120C1D8A188B198C1A8D1B742012154C87
:1033700078101214D9742412154C780C1214D974C4
:103380002812154C78141214D97814791812025690
:10339000850C08850D09850E0A850F0B78087910B4
:1033A0001202567814790812067B741C12154C7898
:1033B000081214D97808791812025678147908126C
:1033C00004957814791012027B78147910120E8CFF
:1033D000500E85101885111985121A85131B800C43
:1033E00085141885151985161A85171B780C7918F8
:1033F000120E8C500E850C08850D09850E0A850F5E
:103400000B800C851808851909851A0A851B0BAADB
:1034100008AB09AC0AAD0B7F14020F2474ED120C3B
:103420001D89118A10EB8C12F9121745750C007565
:103430000D00750E00750F007E008018AA10A911EE
:1034400012173F8A088B09E4F50AF50B780C790806
:103450001213B30EEEC3951240E2851208E4F5098B
:10346000F50AF50B780C7908120BAEAA0CAB0D7FA0
:103470000B020F2474F7120C1DE97020900000E479
:10348000F079FF121B89E59D5418F86018740868DC
:103490006013741068600E12175780097AFF7B1A48
:1034A00079011217CF7F01020F24C082C083E9F88F
:1034B00090192AE0F47006E8F079018002790002A0
:1034C000B55174F6120C1DE9FEEAFF90192AE0F4DA
:1034D000602B7A047B00121B35EA4B601C8A828BBE
:1034E0008374C0F0EFA3A3F0EE8A828B83A3A3A31F
:1034F000F090192AE0F9121B417900800279017FCE
:1035000002020F2474F7120C1DE9A2E5E433FA124B
:103510001AF9809174F7120C1D121751E9F8C3942F
:10352000535025E8C3944F40047E0180027E0090F2
:103530000CFDE0F8A3E0F9E849600AEEF9E0F58354
:103540008882123127EE600479018002790002B48A
:10355000A5D083D0820211C2C082C0831219010299
:10356000B5518003000000EAF8EBF9E824FF1AE9FE
:1035700034FFFBE84970ED0211C274F4120C1D898E
:1035800008740F5508F50A750B00740B780A1213AE
:10359000C6EA2400F8EB3480F9E82400E9350BF999
:1035A00085C70AA2AFE433F509C2AFE508C4540FDA
:1035B000FAE5C754F84AF5C7740C12154CE0FAA3A3
:1035C000E0FB801C88828983E08C828D83F0888276
:1035D0008983A3A882A9838C828D83A3AC82AD83C7
:1035E000EAFEEBFFEE24FF1AEF34FFFBEE4F70D440
:1035F000850AC7E509A2E092AF7F04020F2474F6A2
:10360000120C1DECFEED900423F0EEA3F0A3746207
:10361000F0A37473F0A3E0541FF0740A12154CE089
:10362000F508A3E0F509E508333354FC900428F0CD
:10363000740678081214ACE508900427F090042969
:103640007412F0A37442F075D1FE75D601EA90624F
:1036500071F0EBA3F0906270E0D2E1F0E0A2E740FD
:10366000FB7F02020F24C082C083E9C333906272E1
:10367000F0906270E0D2E0F0D083D0820211C2C03C
:1036800082C08312B6C17020E8601D740268700E9B
:1036900012B6B17003A3E069700E7901800C740357
:1036A000687005121CBB80027900D083D0820211A1
:1036B000C28A828B83E0F8A3E0F98C828D83E06874
:1036C000228A828B83A3A3A3A3A3A3A3A3E0F88C42
:1036D000828D83A3A3A3A3A3A3A3A3E06822C08294
:1036E000C0838C828D83A3A3A3A3A3A3A3A3E0F889
:1036F0008A828B83A3A3A3A3A3A3A3A3F0740368C9
:103700007005121CC180128C828D83E0F8A3E0F951
:103710008A828B83E8F0A3E9F002B6AA74F6120C51
:103720001D750808EAFEEBFF8E828F83A3AA82AB89
:1037300083ECF8EDF988828983A3AC82AD838E8215
:103740008F83E0FE88828983E06E600479008008C0
:103750001508E50870CE79017F02020F2474F51276
:103760000C1D8C088D09750A0078081212147C084B
:103770007D00121B1774031211F57F03020F2474CE
:10378000F6120C1D7E0090044DE0146009146011C7
:1037900024FE601A8025638C0190044EE0558080E1
:1037A00009638C0690044EE05590700F800B638C7B
:1037B0000890044EE055A070027E01EEF5087509F0
:1037C00000780812121890044EE0F50878081212DA
:1037D0001890044DE0F50878081212187AFC7B80E6
:1037E00012171B74061211F5EEA2E0500478208027
:1037F00002784090044DE048FA90044EE0F9121A25
:10380000F97F02020F2453F5FE53FFFE0211C2C0DE
:1038100082C08390044F7401F043AC01439A025379
:10382000F7FE53F77F7A327B00121B11438C08D0CE
:1038300083D0820211C274F7120C1DE990044DF07E
:1038400014600914600A24FE600E8016E589800267
:10385000E58A90044EE48009E58BA2E0E43390040D
:103860004EF0908324120FEF7A107B0090044BE00F
:10387000F9121C8B74041211F57F01020F24C0820F
:10388000C0839004227480F0D083D0820211C2746D
:10389000F6120C1DE9FCEAFD7901ECC39408500E08
:1038A00078008005E9C333F908E8C39C40F6E94293
:1038B000F2ED14600814600914600A800C7800802E
:1038C0000A78108006782080027830900422E0FA8E
:1038D000EC484AF5B6E5B4A2E750FA74FF6952F233
:1038E000E5BAFAA9BBE9FBC39400A2D265D0335074
:1038F000047A007B00ED14600814600D14601280DF
:10390000188A088B09740880168A088B0974068047
:103910000E8A088B09740480068A088B0974027861
:103920000812145CAA08AB097F02020F24C082C0EF
:1039300083E990042202B887E9F875B60FE5B4A2CE
:10394000E750FAE8C395BB50047901800279000280
:1039500011C275B60FE5B4A2E750FAE5BBF9021142
:10396000C2C082C08374E31212A88521828522839B
:103970007401F012154CE4F0740212154CE4F0746A
:103980000312154C7430F0A3E4F0740A12154C7451
:1039900014F0A3E4F0741212154C7414F0A3E4F0C4
:1039A000740512154C740AF0741612154C7401F05B
:1039B000741B12154CEAF0A3EBF01217F9AA21AB15
:1039C0002279001217FF741D803374F7120C1DE961
:1039D0007C087D0060067A3C7B1980047A347B1970
:1039E000790012180B7F01020F24C082C0837C086B
:1039F0007D007A2C7B19790012180B80031211F5C7
:103A0000D083D0820211C2D083D0820211C2C08280
:103A1000C0838019198C828D83E08A828B83F0A306
:103A2000AA82AB838C828D83A3AC82AD83E970E4E0
:103A300080D5C082C083801D198A828B83E08C82EE
:103A40008D83F08A828B83A3AA82AB838C828D8341
:103A5000A3AC82AD83E970E080AD74F7120C1DEA6F
:103A6000FEEBFF8908E970031217578E828F83E0FF
:103A7000F5D9A3AE82AF831508E50870EE7F010289
:103A80000F2474F7120C1DEAFEEBFF8908E970039E
:103A9000121757E5D98E828F83F0A3AE82AF8315BC
:103AA00008E50870EE80D6C082C083E990044BF030
:103AB000D083D0820211C2C082C08312173912177C
:103AC0005D122C091217F91217C980E474F6120C52
:103AD0001DEAFEEBFF548060188003121B3B90042C
:103AE0004BE0F9121B4DEA4B70F1EEFAEF64808067
:103AF00035EE54206006EE6420FA8031EE541060FA
:103B0000281217C390044FE07017908310120FEF24
:103B10007A107B0090044BE0F9121C8B7404121194
:103B2000F5EE6410FAEFFB80047A007B007F02025E
:103B30000F24C082C08312181102BAB0EEC0E0E9AF
:103B4000FA7B00123124D0E0FE0211C274F6120C8E
:103B50001D74FE1212A8740C12127885218285221F
:103B600083E8F0A3E9F0A821A92288088909780848
:103B7000121218E4F508F50978081212187C157D60
:103B8000231222FD74041211F574021211F57F0242
:103B9000020F24F0D083D0820211C2C082C0839071
:103BA00061A5E0D2E2F0900563E0C39412502D903D
:103BB0000591E0906172F0900592E0906173F09051
:103BC0000595E0906174F0900596E0906175F0794C
:103BD000087CA57D057A6A7B61121943906180E4B7
:103BE000F0E0440980AD1211F57F02020F24790143
:103BF0000211C274F6120C1D74FE1212A8740C127B
:103C00001278852182852283E8F0A3E9F0A821A912
:103C10002288088909780812121812231B740212CC
:103C200011F5740280C0C082C08312231BD083D0E0
:103C3000820211C2C082C0831218F5121973121ABF
:103C40004B1219DF121A871218598025C082C083BF
:103C5000A2AF5003121757901928E070061219EB03
:103C600012197912185F121A819005B07401F08050
:103C700000D083D0820211C20211C2C082C083125E
:103C80001FFD9015C67410F0A374C1F0D083D082CC
:103C90000211C2C082C0839015B97401F0A37440B0
:103CA000F0A3748EF0A3E4F0A3F0A37450F0A37417
:103CB000A0F0A3E4F09015C374A0F0A3E4F0A380F7
:103CC000CAC082C083901928E06033E59E70FC432F
:103CD0009403E594A2E250FAE0640270081219D944
:103CE0001219E58011E064016003121757E59DA2E7
:103CF000E64003121757901928E4F0121A69D0838E
:103D0000D0820211C2C082C0839019897401F0A3CD
:103D1000F0901997E4F0A3F090199DF0A3F090199A
:103D200099F0A3F0A3F0A3F0901582F0A3F0D08354
:103D3000D0820211C2C082C083852182852283E0A5
:103D4000F8A3E0F9E84960128A828B83ECF0A3E8DB
:103D500024FF18E934FFF94870F2D083D0820211B1
:103D6000C2C3EB9400A2D265D0334005EAF8EB80E1
:0F3D700006C3E49AF8E49BF9E8FAE9FB0211C2F2
:040000050000149C47
:00000001FF
