:020000040000FA
:0600000002144502088213
:030013000209D807
:03002B00021201BD
:0300330002108A2E
:03003B00020A2D89
:030053000207B7EA
:100083000208160100F0FF0700080000FFFF000050
:100093000504000000030001FF18102700000020E2
:1000A300FD000206FFFFFE0400000004E5C6FE0695
:1000B300001F0000AC03FE06001F00B4AC741E0357
:1000C300007701C617CC17261E00000000000000B1
:1000D300000000000000000000000000000000001D
:1000E300000000000000000000000000000000000D
:1000F3000000004A1E000000000000000000000095
:100103000000000101E803D00732006400DC009422
:1001130002000000000000000000000000000000DA
:100123000000000000000000000000FF00000000CD
:1001330000000000000000000000000000000104B7
:10014300010C00020639820000000204010C0002C7
:10015300029F83000000010400008915000000E8ED
:10016300030000FFFFDA1588130000E803000064B2
:10017300006400B801A0BB0D00A0BB0D0002020289
:100183000704010A1E02051E020A0A0101080801EA
:1001930003B80B02803E0102FEFFE8030A050001DB
:1001A300FFFF020A011401E00100B0423BAAB83F7D
:1001B3000000003F8C906339AA0CA33A00941E3CC4
:1001C3008042633DCFFE753E1572313F0000803F94
:1001D300F304353F8096184B000080BF2292D43E33
:1001E300DD9B2A3F04000040FFFF7F7FFFFF7FFF6F
:1001F300010080341872313F050301010FE830001C
:10020300000000BC2F00000000FF000000FF0012F0
:1002130014736046121491603DE9687008F618F68D
:1002230018F618F622748067F71202460909097452
:100233008067F722121491601D1214737005191947
:1002430019801A121320701F121334C37003E66748
:100253003319191940071818182208080874FFF6EB
:1002630018F618F618F622121334601712151170C7
:100273002192F01214FF7019501720F01408080887
:10028300090909E7F61819E7F61819E7F61819E73F
:10029300F6221214FF60E6E869701F0808E624805E
:1002A300F608E436F618547FB47F0CE654806007F2
:1002B300F6E418F618F622181822E9C6CC08C6CDBB
:1002C30008C6CE08C6CFC0E0E8C0E0EAC0E0EBC095
:1002D300E009E9F809E7FA09E7FBE6F918E6F8C3E4
:1002E300EC98ED99EE9AEBC2E7F5F0EFC2E795F0E3
:1002F300500E600CEBCFFBEACEFAE9CDF9E8CCF86F
:10030300EAA2E7D2E7FAEB33FB13F5F0EEA2E7D26A
:10031300E7FEEF33FFC5F013A2E730E601B313C5E1
:10032300F0C3C0E0C0F07F00C39BFB605E94186025
:100333000F401D14601AD0E023F9D0E0F80204182E
:100343008AF0E9486003D2F0E4AFF0FAF9F8803BB1
:10035300EB30E40D89F0EA6003D2F0E4AFF0F9CAC0
:10036300F8EB30E30D88F0EF6002D2F0AFF0E4CAAF
:10037300C9F8EB54076014FBC3EA13FAE913F9E86D
:1003830013F8EF135002D2E0FFDBEDD0E0C0E03012
:10039300E739C3E49FFFF5F0EC98FC42F0ED99FDDB
:1003A30042F0EE9AFE42F0D0E0F9D0E0F8E5F060DA
:1003B3007AE923F9EE20E742D8028067C3EF33FFDF
:1003C300EC33FCED33FDEE33FE80EAEC28FCED3933
:1003D300FDEE3AFED0E023F9D0E0F84002801BC3E3
:1003E300EE13FEED13FDEC13FCEF135002D2E0FF0E
:1003F30008B800067F7F74FF802EEF3350178CF010
:1004030020F00260100CBC000C0DBD00080EBE00F5
:100413000408E860DFE933E813FFEE2313FE4F4DD2
:100423004C8008E95480FFE4FEFDFCEE33EF33F427
:100433007004FCFD7E80D0E0FBD0E0FAD0E0F8D081
:10044300E0CFC618CEC618CDC618CCC6F9221214F2
:1004530091700418181822121473700D74FFF61893
:1004630019F61819F61819F622E7548066F61214CD
:10047300FF700F12151170F014F608F608F608F65F
:1004830080D1121511700CF608F608768008E64440
:100493007F80EC121337700C12132360BFE6548075
:1004A300F6E480BB121323700519191980A5E869B6
:1004B300700C763F18768018F618F6E8F922E6CD28
:1004C300C0E018ECC0E0E633CD33CDD313F6E71923
:1004D300FCE7191933CC33C3947F400ECD9D5024D0
:1004E30008E65480F6E418F6800FF4043D14501423
:1004F30008E6447FF6187680E418F618F6D0E0FC98
:10050300D0E0FD22CCD313CCFD18E4C6CBC0E01859
:10051300E4C6CAC0E00808ED08C633E613F618E4DB
:1005230033C675F003C3CA97CA09CB97CB199C404E
:10053300047D08802EBD00030205FA16B6FF0506EA
:1005430006081618C3CA33CACB33CB33CA27CA0922
:10055300CB37CB193CC37D08803E187D0820E75C70
:10056300C633C6CA33CACB33CB33DDF1D5F0EB3058
:10057300E77BCA97CA09CB974ACB199C406F4B704C
:1005830025E620E0218066187D08C3CA97CA09CBF7
:1005930097CB199CD3C633C6CA33CACB33CB33509C
:1005A300C9DDE7D5F0E1D3E4C636C608C636C608CA
:1005B300C636C608C636C61818188031C3CA97CAC5
:1005C30009CB97CB199CB34097C633C6CA33CACB62
:1005D30033CB33DD34D5F02EC6A2E0C640C8CA27DC
:1005E300CA09CB37194A70BECB3CB480B90808E6B8
:1005F3003308E633601F181818D0E0FAD0E0FBD0B8
:10060300E0FCD0E0FD22187D08CA27CA09CB37CB0E
:10061300193CD3808013F618E4B67F11F618B6FFA1
:100623000EF618C60470D20808768080CAF618F64B
:1006330018F680C500121491604F1214736012E70C
:10064300548066F61213207011121511703B0909BC
:1006530009F4F618F618F618F62212133470151268
:1006630014FF08080860EAE6447FF618768018E469
:10067300F618F6221214FF60161215117012E4F622
:1006830008F608F608E65480F6090909181818222E
:10069300EAC0E0EBC0E0ECC0E0EDC0E0E687F0A428
:1006A300FBACF008E687F0A42CFCE435F0FA18095B
:1006B300E687F0A42C4B60027401CA35F0FCE433E6
:1006C300FB09E687F0D2F7A42CCB35F0FC1908E63A
:1006D30087F0A42BCC35F0FBE433FD0819E687F053
:1006E300D2E7A42C4ACB35F0CD3400FC09E687F0E1
:1006F300D2E7A42DCC35F0FDE433FA0918E687F0F0
:10070300D2F7A42CCD35F0CA3400FC08E687F0D22A
:10071300E7D2F7A42ACC35F07A7E20E70B0ACB3355
:10072300CBCD33CDCC33CC33CB3350147004ED303D
:10073300E00ED2F1E4CD3DCDCC3CCC3B5005DA0507
:10074300C2F1EB547FC63308E63392F0FBE733097B
:10075300E733C39A502D2B70190C0D4C4D7015189F
:1007630006E608C333700D20F10AA2F013F6E4186D
:10077300800B4024E4F630F002768018F618F61861
:10078300F68024D33B14501074FFA2F013F61876AE
:1007930080E418F618F6800FA2F013F618E6330378
:1007A300F618ECF618EDF6D0E0FDD0E0FCD0E0FB57
:1007B300D0E0FA22C0E074F1120C45A2AFE433F5A5
:1007C30009D2AF85A708AFA1EF5508FE74105E608C
:1007D3000612189275A1EF74085E600812189875D6
:1007E300A1F78024EFA2E092F0E508A2E082F050A6
:1007F30017906198E0F8900714E0C398A2D265D0EF
:10080300335002E8F075A1FEE509A2E092AF7F0242
:10081300020CA4C0E074F2120C45A2AFE433FED282
:10082300AF9061A4E0F8759B00E591585408600807
:100833007591F71218E68023E591585410600875F6
:1008430091EF1218EC8014E591A2E092F0E8A2E097
:1008530082F05007E0C2E0F0121A429061A3E0F880
:10086300E5E9585404600E121A1875E9FB90619378
:10087300E0A2E640F2EEA2E092AF7F01020CA4C038
:10088300E074F2120C45A2AFE433FED2AF9061A53F
:10089300E0F8E5BF585404600675BFFB121A5A808E
:1008A300D4C3E498F8E499F91208E58026C3E49ADE
:1008B300FAE49BFBE920E7E91208E5E498F8E499F8
:1008C300F922C3E498F8E499F91208E5E498F8E406
:1008D30099F9C3E49AFAE49BFB22EB20E7CFE920E2
:1008E300E7E0B90010BB0008E88AF084F8AAF02218
:1008F300E4FBC8FA22EB70227B10C833C8C933C9A2
:10090300335007C39AC3DBF280069A50012ADBEA0D
:10091300C833F4C8C933F4C9FA2275F008E4C833FC
:10092300C8C933C933C99AC99B5004C92AC93BD51D
:10093300F0ECFBC833F4C8E4C9FA2212098930F099
:10094300391209CE803412098920F01430E72B7450
:10095300FFFCFBFA747F8022E4FCFBFA7480801AAC
:10096300B48008BC00F2BB00EF800F50EBF9E4C386
:100973009AFAE49BFBE49CFCE499C6CC18C6CB181A
:10098300C6CA18C6F922E4C9C608CAC608CBC6D364
:10099300330308CCC63392F0C3947F402E9418409F
:1009A30019C9B90704CACBCC225025C309CA33CA13
:1009B300CB33CBCC33CC33D9F422F4600DC9CCC3C5
:1009C30013CB13CBCA13CAD9F6CC22E4FCFBFA220D
:1009D30014FCFBFA22C0E0C0D0E8C0E0E9C0E0C0EC
:1009E30082C083A8C1E8C0E0900681E0F8740028C3
:1009F300F582E43406F583D0E0F0900680E0F8A3B6
:100A0300E0687006E595900683F0900681E004F0B7
:100A1300C394804002E4F0A374C6F0D083D082D0A4
:100A2300E0F9D0E0F8D0D0D0E032C0E0C0D0E8C0E8
:100A3300E0E9C0E0C082C083900704E0F8A3E06867
:100A43007008539AFBA374018022C2E9900704E063
:100A5300F8740128F0748428F582E43406F583E001
:100A6300F5C1900704E0C394804002E4F080AC0831
:100A73000808EAC0E0EBC0E086F0E7A4FA180986AC
:100A8300F0E7A42AFA180986F0E7A42AFA180986D7
:100A9300F0E7A42AFA1986F0E7A4FBE5F02AFA198D
:100AA3000886F0E7A42BFBE5F03AFA190886F0E78D
:100AB300A42BFBE5F03AFA18180986F0E7A4C5F071
:100AC3002BFBE43AFA1908E7C5F0C6A426F6E5F0CD
:100AD3003BFBE43AFA1886F0E7A4F6E5F00826F6BD
:100AE300E43B08F6E43A08F6D0E0FBD0E0FA22084B
:100AF3000808E630E7111212F8120B0A080808C6B4
:100B03004480C618181822181818E9799EC608CA0E
:100B1300C608CBC608CCC6C370207996CACBCC70A6
:100B230019798ECBCC70137986CC700EF9802ACAD2
:100B330033CACB33CBCC33CC331930E7F2CCCBCA6B
:100B43003350147004EA30E00DE4CA3ACACB3BCB0D
:100B5300CC3CCC500209C3E913C6CC182313C6CB33
:100B630018C6CA18C6F922E4CFC0E0E4CEC0E0E458
:100B7300CDC0E0E4CCC0E075F020E626F608E6330D
:100B8300F608E633F608E633F6181818EC33FCEDEE
:100B930033FDEE33FEEF33FFC3EC9709ED9709EE18
:100BA3009709EF97191919400FFFEC97FC09ED9777
:100BB300FD09EE97FE191906D5F0BFECF709EDF71D
:100BC30009EEF709EFF7191919D0E0FCD0E0FDD0D1
:100BD300E0FED0E0FF222521C582C0E0E52234FFFC
:100BE300C583C0E0E521C3958224F810AF0885834F
:100BF300228582218008858322858221D2AFCEF08F
:100C0300A3E520F0A37808E608F0A3DEFAEFF0A34B
:100C1300E58124FAF8E608F0A3E608F0A3E608F075
:100C2300A30808E608F0A3E608F0A315811581D010
:100C3300E0FED0E0F8158115811581E8C0E0EEC033
:100C4300E022C0D02521C582C0E0E52234FFC58360
:100C5300C0E0E521C3958224F310AF088583228584
:100C630082218008858322858221D2AFC8F0A3E93F
:100C7300F0A3EAF0A3EBF0A37908E709F0A3D8FA0D
:100C8300ECF0A3EDF0A3EEF0A3EFF0A3D0E0F0A31C
:100C9300D0E0F0A3D0E0F0A3E520F0A3E5F0F0A3CB
:100CA30022852283852182E0C0E0A3E0F9A3E0FA54
:100CB300A3E0FBA37808E0F608A3DFFAE0FCA3E0D7
:100CC300FDA3E0FEA3E0FFA3E0C0E0A3E0C0E0A338
:100CD300E0F5D0A3E0F520A3E0A3F5F010AF08857D
:100CE30083228582218008858322858221D2AFD009
:100CF30082D083D0E0F8D0E0321212FB1818181219
:100D03000B6A1213F4191919221213F41919190879
:100D13000808E618181820E7E0120B6A1212FB18ED
:100D2300181822090909E719191920E7DC08080826
:100D3300E618181820E703020B6A1212FB1818189A
:100D4300120B6A1212FB1818181213F4191919222C
:100D53001214EAB90003020D92E490050178787940
:100D6300148002F0A3D8FCD9FA7A787B1890008615
:100D7300788D79028015E493A3AD82AE838A828B4A
:100D830083F0A3AA82AB838D828E83D8E9D9E775DA
:100D9300823C75838E74051211787582E475832CF9
:100DA300740012117875F0108E238F2485822885A4
:100DB3008327852182852283E0CEA3E0CF85288205
:100DC300852783EBC9EAC8EDCBECCAC3E833C8E98E
:100DD30033C9EA33CAEB33CBC3EA9EF526EB9FF55F
:100DE30025B35004AB25AA26EC33CCED33CDD5F097
:100DF300DAAE23AF2422121491601C12147360170D
:100E03001214FF70071215117001D322C0D01215EE
:100E1300117006D0D0B322C32233D0D0501430E0A7
:100E2300F6C3E7960809E7960809E7960809E796DF
:100E3300B32220E0D5E6970809E6970809E6970864
:100E430009E697B322121491601B121473601612F1
:100E530014FF7007121511600CB322C0D0121511C4
:100E63007005D0D022C32233D0D0501330E0EBC36F
:100E7300E7960809E7960809E7960809E796222006
:100E8300E0E4E6970809E6970809E6970809E69774
:100E930022D083D082ECC0E0EDC0E0E493A3FCE475
:100EA30093A3FDED4C600D120F6CEC24FFFCED34AD
:100EB300FFFD80EFE493A3FCE493A3FDED4C600DF1
:100EC300121035EC24FFFCED34FFFD80EFD0E0FD84
:100ED300D0E0FCE493A3C0E0E493C0E022D083D04D
:100EE30082E9C0E0E493A3C386F0C5F095F0F90866
:100EF300E493A386F0C5F095F0700BE493A3C39934
:100F03004005E9048002A3E475F002A42582F5827A
:100F1300E5F03583F583D0E0F9E493A3C0E0E493EF
:100F2300C0E022852283852182E0A3FEE0A3F52091
:100F33007808E0A3F608DFFAE0A3FFE0A3C0E0E04F
:100F4300A3C0E0E0A3C0E0E0A3C0E0E0A3C0E010E2
:100F5300AF088582218583228008858221858322AB
:100F6300D2AFD083D08202117EC0E0C3E49396084F
:100F73007401939618400FE4936670080874019304
:100F8300661870007019A3A3C3E4939608740193C1
:100F93009618A3A3400DD0E0D0E0D0E0020ED0A37A
:100FA300A3A3A3A3A3D0E02274048004740280004B
:100FB300CCC0E0EDC0E0E521C39CCCAD2250011DC7
:100FC30010AF068C218D2280068C218D22D2AF1288
:100FD30010FAD0E0FDD0E0FC2274028000CCC0E027
:100FE300EDC0E0E521C39CCCAD2250011D10AF063E
:100FF3008C218D2280068C218D22D2AF1210D8D065
:10100300E0FDD0E0FC2212149160251214736020DD
:101013001214FF7003021511080808E76670101810
:1010230019E766700A1819E76670041819E766224B
:10103300F422C0E0C0F088F0E493667008087401FD
:101043009366187000A8F0A3A3700BD0F0D0E0D083
:10105300E0D0E0020ED0A3A3D0F0D0E022D083D022
:1010630082CCC0E0E493A3600612113A1470FAE450
:1010730093A3600612127A1470FAD0E0FCE493A3EF
:10108300C0E0E493C0E022C0E074F2120C45A2AFCA
:10109300E433FED2AFE58BA2E0500579041217E4E6
:1010A300758B00C2E8EEA2E092AF7F01020CA4C0F0
:1010B30008C3E096F50808A3E096420808A3E09663
:1010C300420808A3E0964208A2D265D033E508702F
:1010D30001D3D00822CAC0E0E493A3C582CCC58261
:1010E300C583CDC583F0A3C582CCC582C583CDC5D9
:1010F30083DAE5D0E0CA22CAC0E0E0A3C582CCC54A
:1011030082C583CDC583F0A3C582CCC582C583CDFB
:10111300C583DAE6D0E0CA227009080808226016FF
:10112300181818C6C333C608C633C608C633C6085C
:10113300C633C6D5E0EA22C0E0E493A3D39C5010A3
:10114300E493A3C39C400AD0E0D0E0D0E002107D3A
:10115300A3A3A3D0E022C008C3E096F50808A3E048
:1011630096420808A3E096420808A3E09645087053
:1011730001D3D00822C09FF59FE473D09F22D08370
:10118300D082C09FE493C0E0740193C0E0740293E3
:10119300F59F222521F58210AF08F521400C152279
:1011A3008008F52140021522D2AF8522832200C098
:1011B300D0252110AF08F521500C05228008F52118
:1011C30050020522D2AFD0D0227404800A74038067
:1011D30006740280027401C0E0F404121196D0E098
:1011E3001214AD22BB0102E722C082C08389828A26
:1011F30083BB0003E08002E493D083D08222C0E06B
:10120300C0D0E8C0E0A8A8D2AFC2C7E8A2E792AFB7
:10121300D0E0F8D0D0D0E0326016080808C6C31377
:10122300C618C613C618C613C618C613C6D5E0EA31
:10123300222521F8E43522F9222521FAE43522FB7F
:10124300222521FCE43522FD22C3E0C696F608A33D
:10125300E0C696F608A3E0C696F608A3E0C696F69F
:1012630022252110AF08F521400C15228008F52115
:1012730040021522D2AF22C0E0E493A36C7009D0E0
:10128300E0D0E0D0E002107DA3A3D0E022C3E79634
:101293000809E7960809E7960809E796A2D265D0F8
:1012A3003322E76670100809E766700A0809E766E3
:1012B30070040809E76622C3E09608A3E09608A332
:1012C300E09608A3E096A2D265D03322E0667010C0
:1012D30008A3E066700A08A3E066700408A3E0664A
:1012E30022C3E096F008A3E096F008A3E096F00886
:1012F300A3E096F022181818E4C396F608E496F6CD
:1013030008E496F608E496F622C3E697F60809E69B
:1013130097F60809E697F60809E697F622181818CB
:10132300E60846087009E626087005E633F4220845
:1013330022191919E70947097009E727097005E711
:1013430033F4220922C3E493960874019396087434
:10135300029396087403939622E026F008A3E036DE
:10136300F008A3E036F008A3E036F0227004226010
:101373000D18C6C333C608C633C6D5E0F41822E633
:1013830057F60809E657F60809E657F60809E65737
:10139300F622E627F60809E637F60809E637F608DF
:1013A30009E637F622E026F608A3E036F608A3E0BE
:1013B30036F608A3E036F622E056F608A3E056F622
:1013C30008A3E056F608A3E056F622E647F6080916
:1013D300E647F60809E647F60809E647F622E05627
:1013E300F008A3E056F008A3E056F008A3E056F097
:1013F30022E4C397F709E497F709E497F709E49719
:10140300F722600D08C6A2E713C618C613C6D5E0B7
:10141300F322C6F4C608C6F4C608C6F4C608C6F462
:10142300C622C3E09608A3E09608A3E09608A3E0CB
:101433009622C3E7960809E7960809E7960809E79D
:10144300962275D00075813F752101752205000232
:101453000D53600C08C6C313C618C613C6D5E0F4F3
:1014630022E6F008A3E6F008A3E6F008A3E6F022DC
:10147300E7094709C3134709336002E733F422E05E
:10148300F608A3E0F608A3E0F608A3E0F622E608D0
:101493004608C3134608336002E633F42280010092
:1014A300E9F874FF28F90470F622CAC0E0E6F0A355
:1014B30008DAFAD0E0FA22E0F8A3E0F9A3E0FAA30D
:1014C300E0FB22E8F0A3E9F0A3EAF0A3EBF022EAC1
:1014D300F0A3EBF0A3ECF0A3EDF022E0FAA3E0FB22
:1014E300A3E0FCA3E0FD22E5C754F84401F5C77966
:1014F30001222521F582E43522F58322E6261846CA
:101503001846184622C2AF75D69F02000022E7276D
:1015130019471947194722121181A8E002121181B4
:1015230042E102121181B2E102121181E1E10212E0
:101533001181E7E20212118111E30212118165E3C5
:101543000212118139E40212118167E6021211813C
:1015530015E70212118182E90212118107EA0212D0
:1015630011810AED021211813EEF021211817AEF0D
:1015730002121181D3F002121181E6F002121181DD
:1015830023F102121181ECF2021211815B7000123D
:101593001181D770001211810A7100121181387103
:1015A30000121181767100121181B373001211813F
:1015B300D27300121181177400121181AD740012DD
:1015C3001181F974001211818D75001211816676F3
:1015D30000121181C276001211812077001211814D
:1015E300937700121181D777001211812F7800129F
:1015F3001181517800121181E17800121181727901
:1016030000121181BE7900121181EA790012118151
:101613002B7A00121181C17B00121181AD7C001263
:101623001181887D001211811B9404121181AF94E2
:10163300041211811795041211813C960412118131
:10164300C696041211815197041211818D970412C9
:101653001181269804121181BB98041211818E996D
:1016630004121181709B04121181669C0412118172
:10167300059D041211815A9D04121181C89D041203
:101683001181D4A004121181FEA204121181FFA3BF
:10169300041211813DA50412118148A50412118180
:1016A300878505121181B38505121181CE85051237
:1016B3001181F385051211819386051211815287D9
:1016C300051211817C8705121181A49F05121181D6
:1016D300A99F05121181DC9F05121181C7E1041234
:1016E300118163E204121181ECE2041211818DE392
:1016F30004121181F2E30412118115E40412118121
:1017030059E40412118176E404121181BBE404123A
:10171300118119E5041211816CE504121181A1E50F
:1017230004121181078A05121181C68A05121181DB
:10173300AB8B051211813D9A051211814E9A051248
:101743001181EC9A05121181F79A05121181119BEF
:1017530005121181FC7F00121181C2A005121181B3
:10176300169D05121181269D051211813B9D0512BF
:101773001181A19D05121181399705121181BD9720
:1017830005121181259805121181ADFC01121181F9
:10179300C1FC0112118137FD0112118186FD011275
:1017A3001181BBFD01121181E0FD0112118103FEC4
:1017B300011211813EFE011211816BFE0112118192
:1017C300B2FE01121181CCFE011211816BFF0112D5
:1017D30011813E9905121181C59905121181CE9986
:1017E30005121181F59905121181C47F001211812F
:1017F3008CFD03121181D6FD031211816CFE0312BD
:101803001181F2FE0312118124FF031211813CFFA7
:1018130003121181B0FF03121181C6FF031211815C
:10182300D9FF03121181E3FF0312118175CF041253
:101833001181A1CF041211810BD2041211814BD259
:101843000412118187D2041211819BD204121181D7
:10185300B4D204121181A6D30412118159D40412F3
:1018630011816DD404121181627E00121181867E72
:10187300001211819F7E00121181DD7E0012118101
:101883000D7F001211813A7F00121181A07F001297
:101893001181A37F00121181AD7F00121181BA7FE4
:1018A30000121181E082051211810083051211815A
:1018B3003F83051211815D8305121181788305121F
:1018C3001181DE8305121181EA8305121181478498
:1018D300051211815684051211817A840512118132
:1018E3003B85051211814885051211815985051221
:1018F3001181B8FF02121181D0FF02121181FCFF86
:1019030002121181C3D40412118117D6041211815A
:1019130025D60412118138D6041211814DD6041232
:10192300118162D60412118175D604121181F1D688
:101933000412118156D704121181ECD704121181BC
:10194300C5D804121181D5D804121181E4D8041228
:1019530011817D9C05121181A19C05121181C99CE5
:1019630005121181F19C05121181A2FD041211814E
:10197300C9FD04121181E7FD0412118156FE041200
:101983001181A9F704121181C2F704121181CEF754
:1019930004121181E2F70412118100F8041211817B
:1019A3000AF80412118114F80412118127F80412A1
:1019B3001181B1F80412118126F9041211815AF927
:1019C30004121181A8F904121181F5F9041211818D
:1019D30010FA041211811AFA0412118140FA041246
:1019E3001181A5FA04121181209B05121181429BDA
:1019F30005121181A8A00512118151B5041211819C
:101A03007DB5041211819AB504121181ADB504128A
:101A13001181C8B50412118122B60412118150B686
:101A23000412118164BA04121181C2BB0412118120
:101A3300F4BB0412118157BC04121181DCBD0412E2
:101A4300118104BE0412118119BE0412118129BE31
:101A53000412118169BE04121181ABBE04121181FB
:101A6300BBBE04121181CF9205121181E9920512B6
:101A730011811193051211812A93051211814E933D
:101A8300051211816C930512118183930512118143
:101A9300B19305121181CC9305121181EA9F0512AE
:101AA3001181B5ED04121181C5ED04121181CAEE45
:101AB30004121181FCEE041211812CEF0412118126
:101AC3004FEF0412118166EF04121181A0EF04128B
:101AD300118105F00412118147F0041211818EF077
:101AE30004121181BBF004121181E6F0041211817A
:101AF3003990051211814B90051211815F910512E6
:101B03001181629105121181339605121181699633
:101B130005121181819605121181C3960512118157
:101B2300D39605121181179705121181219705127A
:101B3300118183C804121181C6C8041211812BC9F3
:101B4300041211814AC904121181ECC904121181D2
:101B5300F5C90412118146CA041211816FCA041215
:101B630011817CCA04121181EECA041211817CCB4B
:101B730004121181C1CB04121181FACB0412118119
:101B83005FCC0412118188CC04121181FFCC0412A2
:101B930011814ECD041211818BCD04121181C0CD60
:101BA30004121181D2CD04121181E4CD04121181EA
:101BB30003CE041211810CCE04121181C8CE04127B
:101BC30011810BCF0412118149CF04121181ED9EB3
:101BD300051211818F9105121181C9870512118197
:101BE300FF8705121181478805121181A08905120B
:101BF30011810080041211812681041211816281F6
:101C0300041211812083041211814E830412118165
:101C1300B88504121181F885041211819A87041280
:101C230011813088041211818A88041211811A8962
:101C3300041211815E8904121181A0890412118199
:101C4300058B04121181858C04121181C68E041236
:101C53001181F48E04121181208F04121181298FB6
:101C630004121181868F041211811F9004121181B5
:101C7300369304121181BC9304121181209E051224
:101C83001181369E05121181D8E504121181EEE50A
:101C93000412118192E604121181D1E6041211811A
:101CA300EEE6041211811FE7041211816CE704129E
:101CB3001181A0E704121181DBE704121181D0E93D
:101CC300041211813E98051211819D98051211810C
:101CD300DB98051211811C9905121181D09B051205
:101CE3001181399C05121181599C051211811D9591
:101CF30005121181DB9505121181008002121181F9
:101D03000C80021211816E800212118178800212FE
:101D130011810781021211814381021211813582DF
:101D23000212118192820212118120830212118107
:101D3300718302121181F18302121181B78502129C
:101D43001181B18702121181B38802121181E589D1
:101D5300021211813B8C021211817D8D02121181BD
:101D6300238E02121181E19202121181DE9302127B
:101D73001181749402121181A4940212118141956C
:101D8300021211815E95021211817E950212118158
:101D9300EC950212118109960212118137960212F3
:101DA3001181D19702121181F29702121181989831
:101DB30002121181E098021211813E9902121181DF
:101DC300DC9902121181419A02121181AA9A02121C
:101DD3001181E89A021211819A9B02121181059CCA
:101DE30002121181419C02121181B29C02121181D3
:101DF300FD9D021211818D9F0212118126A00212F4
:101E0300118177A202121181DCA2021211810AA3AD
:101E13000212118150A80212118114AB0212118116
:101E230014AC0212118125DE0312118145DE031267
:101E330011817DE1031211817AE30312118117E607
:101E43000312118159E7031211818BE703121181E8
:101E5300B4E703121181DAE70312118126E80312B2
:101E63001181BFE9031211811FEA031211812BEBC8
:101E7300031211813DEB03121181F1EB0312118166
:101E830002EC03121181DDEC03121181E6ED031262
:101E930011815FEE03121181F8EE03121181C7EF76
:101EA3000312118113F103121181E0F10312118165
:101EB3002EA0051211813EF104121181FDF10412CD
:101EC300118163F20412118112F304121181CEC83D
:101ED30003121181FDC80312118175C90312118107
:101EE30084CA03121181E0CA031211814DCC03127B
:101EF300118169CC03121181BBCC03121181F9CC7E
:101F0300031211810CCD0312118164CD03121181CF
:101F130026CE03121181A2CE03121181D9CE031250
:101F2300118111CF0312118199D00312118178D13C
:101F330003121181C6D203121181A9D30312118195
:101F430035D40312118175D40312118194D4031271
:101F53001181DFD403121181FFD40312118198D5AB
:101F6300031211811ED60312118179D60312118136
:101F7300B9D6031211814FD90312118168DA031202
:101F83001181AEDA03121181D8DB0312118100DC57
:101F93000312118103DC031211810DDC0312118181
:101FA30029DC03121181A3DC03121181DCDC03128F
:101FB300118108DD031211812FDD0312118153DD1D
:101FC30003121181C4DD03121181D7DD03121181C4
:101FD30006DE03121181AB9D05121181B79D051217
:101FE3001181EB9D05121181F5FF01121181B6B22A
:101FF30003121181D9B2031211811EB4031211818C
:1020030067B403121181D3B4031211813DC80412C2
:10201300118134B50312118185B503121181FAB50B
:10202300031211817FB60312118182B6031211814B
:1020330064E00212118144B70312118130BB031211
:102043001181DABC031211812ABD03121181B9C0B7
:1020530003121181ECC10312118141C303121181D7
:10206300DEC303121181C9C4031211812CC70312E9
:10207300118187A50412118131A6041211819CA636
:1020830004121181B7A6041211813CA70412118115
:1020930096A7041211816EDE0212118144A8041264
:1020A3001181C3A904121181F2AA041211817AAB1E
:1020B3000412118183AD0412118130AE0412118117
:1020C30006AF04121181C1B00412118159B2041276
:1020D3001181ECB20412118112B404121181008037
:1020E30003121181638003121181AB8003121181EA
:1020F300EF80031211814A8103121181A781031218
:102103001181E28103121181648203121181BE8263
:10211300031211813C8403121181BC8403121181C7
:102123001785031211813185031211815285031220
:102133001181AC850312118128880312118147880C
:10214300031211813789031211816A8A03121181E3
:10215300E98A03121181258B03121181948B0312D7
:102163001181498C03121181218E03121181288F51
:1021730003121181A090031211819692031211810F
:102183000C9503121181E69603121181A79703128E
:1021930011811F98031211813698031211812D9911
:1021A30003121181219A03121181909A0312118152
:1021B300B0FA0412118107FC04121181C6FC041247
:1021C30011812EFD0412118184F4041211819FF4F4
:1021D30004121181E3F40412118109F5041211812F
:1021E30030F50412118148F504121181EAF5041245
:1021F3001181FFF50412118122F7041211812BF7CB
:102203000412118134F7041211813DF70412118174
:1022130047F70412118115D90412118121DD04122B
:10222300118126DD0412118128DD04121181C68E6D
:10223300051211818AA005121181008005121181F6
:10224300FF93051211818C9E051211812D8C0512AD
:1022530011815EA005121181DDE904121181459FF0
:1022630005121181559F051211818FDD0412118111
:10227300FDAF0212118130B0021211819CB0021223
:10228300118137B102121181D4B10212118119B235
:10229300021211813BB20212118154B20212118156
:1022A3007AB2021211819CB202121181DAB20212C5
:1022B30011811EB30212118140B302121181A2B324
:1022C3000212118169B40212118120B50212118127
:1022D30092B5021211815DB602121181B0B60212DB
:1022E300118116B70212118150B702121181A2B7E0
:1022F3000212118110B8021211817BB802121181EE
:102303007EB802121181FFB80212118196B902122E
:10231300118116BA0212118135BA0212118199BBC9
:1023230002121181A6BB02121181B2BC02121181E9
:10233300BFBC02121181C8BC02121181A0BE0212DD
:102343001181BABF0212118133C002121181A5C0DB
:1023530002121181C7C0021211815BC102121181E5
:102363002FC30212118106C7021211811AC702126A
:1023730011812AC70212118134C7021211813DC78C
:102383000212118146C70212118150C70212118134
:102393007DC702121181A6C702121181B1C70212B1
:1023A3001181D5C702121181F9C70212118163C8C5
:1023B30002121181A9C802121181C6C80212118129
:1023C30043C9021211817AC902121181B9C90212D9
:1023D300118106CA021211818CCA021211815ACCD0
:1023E30002121181DDCC02121181C1CD02121181C1
:1023F30028D00212118181D002121181CBD0021296
:10240300118126D2021211815BD202121181ADD247
:102413000212118162D30212118111D402121181AD
:102423004ED402121181E3D4021211814FD502124C
:102433001181BB8301121181ED83011211811B8470
:1024430001121181F18501121181D18601121181CD
:10245300298701121181648801121181B088011248
:102463001181D98B01121181CC8E011211811C9023
:1024730001121181B29001121181BE9001121181DA
:10248300F0900112118173920112118124940112AF
:102493001181B89401121181FB9401121181799574
:1024A30001121181969501121181C69501121181B4
:1024B300FB9501121181CB960112118174970112C0
:1024C3001181FA99011211811A9B01121181059C44
:1024D30001121181879C01121181BBA0011211818C
:1024E300F8A00112118150A10112118183A10112DF
:1024F3001181EDA10112118123A201121181AEA25A
:102503000112118106A301121181DDA301121181B0
:1025130096A40112118131A50112118139A801126A
:10252300118155A901121181F8AC01121181ECAD91
:1025330001121181EFAD011211811EAE0112118141
:1025430024B001121181FDB00112118140B10112B9
:10255300118196B201121181D5B2011211815EB3BC
:102563000112118192B30112118157B40112118129
:102573006FB601121181E0B60112118120B7011269
:102583001181AEB701121181D0B80112118192B934
:102593000112118199BB01121181B1BB0112118189
:1025A300C5BB01121181FDBB011211812BBC0112AC
:1025B3001181AABD01121181CFBE011211812CBF5D
:1025C30001121181DEBF0112118105C001121181B7
:1025D300CCC00112118164C1011211818AC301129D
:1025E3001181BFC30112118122C40112118151C58E
:1025F30001121181F9C5011211812AC6011211813B
:1026030042C601121181D1C60112118185C901127D
:1026130011815DCB0112118179CB0112118195CB0F
:102623000112118163CC0112118156D00112118163
:102633006433001211819633001211818537001221
:102643001181D13700121181173800121181B93865
:10265300001211811539001211815A3900121181AA
:10266300A13A00121181B53B00121181A43F00125F
:1026730011812840001211813541001211819141CD
:1026830000121181814300121181F643001211815E
:102693000044001211810D440012118138440012CC
:1026A30011811F4500121181C9450012118147464E
:1026B30000121181674600121181904600121181A8
:1026C300B24600121181124900121181D849001239
:1026D30011811D4A001211819A4A001211814B4B3C
:1026E300001211817D4B00121181C34B0012118125
:1026F300FF4B001211814F4C00121181A34C0012A9
:102703001181F94C00121181454D00121181B24D16
:10271300001211812D4E00121181F84F0012118108
:10272300F850001211811D52001211815C550012E4
:1027330011816F58001211812C59001211817059A7
:1027430000121181205B00121181345B0012118190
:102753003E5B00121181485B00121181545B001231
:102763001181705B001211811B5C001211815A5C94
:1027730000121181645C001211816E5C00121181E0
:10278300DE5C00121181295D001211813E5E001290
:1027930011819A5E001211811B5F00121181DA5FB1
:1027A30000121181E360001211811762001211817E
:1027B3000563001211811D630012118178630012F9
:1027C3001181966300121181DE6300121181056489
:1027D30000121181A064001211816665001211813B
:1027E300F865001211817266001211818C67001264
:1027F3001181396800121181616900121181B16977
:1028030000121181156A00121181776A0012118179
:10281300A56A00121181C96A00121181FE6A0012B1
:1028230011812F6B00121181626B00121181826B77
:1028330000121181EA6B00121181DE6C001211810A
:10284300396D00121181626D00121181EA6D00125F
:1028530011816D6E00121181986E001211817D6FCE
:1028630000121181A3F402121181DBF4021211810F
:10287300FCF4021211813EF502121181A0F502123D
:102883001181AAF502121181BAF502121181F5F52F
:1028930002121181D5F902121181C2FB02121181B8
:1028A300A8FD021211813FFE02121181E1FE021204
:1028B30011819CD1011211811AD20112118176D298
:1028C30001121181C1D201121181DCD201121181D5
:1028D30007D30112118124D30112118130D30112C4
:1028E3001181C7D401121181E0D40112118165D580
:1028F3000112118178D50112118197D5011211812D
:102903003BD601121181BCD7011211816FD901127B
:10291300118105DA0112118108DA0112118178DAC5
:102923000112118196DA011211812DDB011211813D
:1029330075DB0112118178DB011211813EDC01127A
:102943001181ABDC01121181D1DC011211815CDD3B
:10295300011211817ADD01121181C0DD0112118191
:1029630074DE01121181BEDE01121181EDDE01124E
:1029730011814ADF011211817FDF01121181ABDF67
:1029830001121181B9DF0112118106E001121181D7
:1029930076E001121181BFE0011211810BE10112F6
:1029A300118137E10112118142E10112118160E1CC
:1029B300011211814BE20112118155E201121181C1
:1029C30090E201121181A0E201121181A9E2011228
:1029D3001181FDE20112118111E30112118140E421
:1029E3000112118155E401121181E3E401121181F5
:1029F30028E501121181B4E501121181BFE501122D
:102A0300118101E7011211811CE70112118168E7AD
:102A130001121181D7E70112118110E8011211810E
:102A23002AE8011211816CE8011211813CEB0112B9
:102A33001181E9EB0112118156EC0112118196EE1D
:102A430001121181AEEE01121181B1EE0112118159
:102A5300BDEE01121181D1EE01121181D9EE0112E5
:102A630011810CEF011211810EF00112118195F009
:102A73000112118105F10112118187F101121181F6
:102A830048F20112118167F20112118108F3011258
:102A9300118165F30112118168F301121181DCF3D5
:102AA300011211812BF50112118131F601121181ED
:102AB300BCF601121181D7F7011211819FF801129F
:102AC3001181D0F801121181F3F801121181FCF880
:102AD300011211812BF901121181BBF9011211812C
:102AE30071FA01121181E6FA011211818DFB0112B3
:102AF300118102FC0112118139FC0112118177FC51
:102B03000112118113E00212118109C8041211810B
:102B1300B2C70412118120C60412118172C50412B6
:102B2300118168C5041211815EC504121181F7C4B5
:102B330004121181E3C40412118140C404121181EF
:102B430040C30412118159C20412118149C00412F5
:102B5300118162DF0212118103B70312118157BF82
:102B630004121181F5BE041211813EDE021211819D
:102B730092DD02121181A2B20312118198B20312E3
:102B830011812DB20312118161B0031211811FB0A3
:102B93000312118123AF03121181F7AE03121181C6
:102BA300AEAE03121181EFAD03121181F2AA03122B
:102BB3001181C7A8031211816EA80312118101A804
:102BC30003121181C0A703121181F9A60312118107
:102BD30093A60312118132A603121181D2A5031207
:102BE3001181A9A4031211813DA40312118195A39C
:102BF3000312118190A30312118184A30312118183
:102C0300B79F031211812BDB02121181E2D702124B
:102C1300118136D702121181A4D6021211815ED618
:102C23000212118129D602121181F6D502121181E5
:102C3300919F031211812F9F03121181D19E0312C1
:102C430011818F9E03121181E1D5021211817C9EA5
:102C530003121181719E03121181409E031211818F
:102C6300309C03121181CEDE02121181A39B031249
:102C73001181DDA7041211815F9B03121181339B24
:102C83000312118126FD03121181F9FC0312118134
:102C9300C6FC031211819EFC031211813FFC031237
:102CA30011811FFC03121181EAFB0312118196F8B3
:102CB300031211817EF60312118168F4031211814C
:102CC300E8F30312118194F303121181A0F20312AA
:102CD3001181B6D50212118148F30312118131B566
:102CE3000300000080FB000022E4738F00010099C1
:102CF30019870001009719350004006019250002A7
:102D030000641926000200661927000200681928CA
:102D13000001007219290001007319840004006680
:102D2300168600010086182A00010074192B000181
:102D33000075192C00010079192D00080072162E58
:102D43000001007A192F0001007B19300001007C7B
:102D530019310001007D19320001007A1633000198
:102D6300007B16340001007E19360001007C163802
:102D73000001007F193900010078198300020095D2
:102D830019630001008816640001007619650001CB
:102D93000077196D0001008916710008006A166634
:102DA30000010094194300010085194400020086C4
:102DB30019450001008819460002008919470008D7
:102DC300008016480001008B194B0001008C190488
:102DD3000001009819A10001009C19370001009B14
:102DE30019880001009A193C0001007D163D00017D
:102DF300008019490002008D19670001008A164DF1
:102E03000002008F194E00010091194F0002009239
:102E1300193E0001008419510001007E1652000181
:102E2300008219530001008319540001007F16002A
:102E33000000000000000000002001B58300000135
:102E4300002001B783000002002001B983000003C2
:102E5300002001B683000004004201458200000502
:102E63000042016881000006004201208200000741
:102E7300003001BA830000004042018D820000FE51
:102E8300FF2101B3830300000021235B150300FE30
:102E9300FF2101B38302040000290516190204105F
:102EA30002292306190304000029051C1903041031
:102EB3000029051E19030414002801201903041016
:102EC300022B2308190504000021051A1905041013
:102ED3000229230C190D040000390510190D0402F1
:102EE300021023F9180D0403021023F8180D04042B
:102EF300022123FA180D0405022123FC180D0411E5
:102F0300F110230E19000136360101000102010000
:102F13000103010001040106060502000007010088
:102F2300340801000F090401010D0100FF0E080020
:102F33000017020000190100FF1A0100011B010024
:102F4300FE1C0100081D0200001F010001200100FA
:102F530001210200002301000F24020000260100CA
:102F63000127010008280200FF2A0100072B0102A4
:102F7300402C0100002D0100012E0100012F010052
:102F8300FF30010B1D310800003A0100083B01002E
:102F93000F3C0100013D0100FF3E0400004204001C
:102FA30000460400004A0400004E040000520400DE
:102FB30000560400005A04000001037103010301D9
:102FC30003010301030103220302030103100300AE
:102FD3000300030003000300030003000342030094
:102FE300032403060300030003040312032503233E
:102FF3000325032303040304030003000300034422
:103003000300030003230300036503210035038149
:103013000300030503000300030003000325032348
:103023000303027102300160021102700201020205
:103033000202028002100261023A0041006302733D
:10304300027202620243020002130238000002000D
:10305300020402120200020002000200020402043F
:1030630002370037003C024402000239000002002C
:103073000265020002350281020002050282028318
:10308300020002010171010101010111010101317C
:1030930001010101018001100161013B0014006382
:1030A3000173017201620143010001130106013D35
:1030B30001350004011201000100010001000104B7
:1030C300010401330133013C0144013201360000A4
:1030D3000100016501000135008101000105018244
:1030E30001830100010300710030016000110070D1
:1030F300003102200350048000100061000000141E
:1031030000630073007200620043000000130006B6
:103113000000000000040012000000000000000096
:103123000004000400370037003C024400000000A4
:10313300000000000065000000350081000000056C
:103143000000008300000036000100060000000FAD
:103153000000000000000000000000000003FFFF6B
:1031630000000403FFFF0000FFFF0FF4010005C48C
:10317300040320000100000B000000000000000019
:1031830003010F0000000000000000000000000029
:10319300000000000000000000000000000000002C
:1031A3000000000000E41D0E1EEA1D181DF01D1492
:1031B3001EF01D201EF61D181DF01D141EFC1D18EB
:1031C3001D00000000021E181D000000000000008A
:1031D30000081E181D000000000000000000000091
:1031E30000000000000000000000000000000000DC
:1031F30000000000000000000000000000000000CC
:10320300002B040000390523192B04100228230F77
:10321300192B0404022123FE182B04050221230089
:10322300190C005500390527190C00850139052BA8
:10323300190C000402212302190C000502212304A6
:103243001900009C2001009C20020012200280DE55
:103253002C0300182004001E200480242005002ACB
:1032630020060036203100482033004E203400541D
:1032730020FFFF000007ECFDFDFDECDCDCCCBCAC6B
:10328300AC9C9C8C7C7C6C6C5C5C5C4C4C3C3C2CAB
:103293002C1C1C0AA826027226057E260778260CFB
:1032A3005A260D6626FF000000160F00000B150BB3
:1032B300020002220F3300000E0FD0D1D2D3D4D597
:1032C300D6D7D8D9DADBDCDDDEDF5A69674265653C
:1032D300416C6C69616E63653039150AF4D4C0A51D
:1032E300958272636155504900034D4C4651181A3B
:1032F300250502000119161816161823030030308D
:1033030017181921301B1D1F3030301618192023B0
:103313001A1C1E30003C40423A3F3F392F47300CC5
:103323000E020B040B0A0708000F0204020101013D
:1033330001090200BE040AE8030000F6FB7832E844
:1033430003010003001A00DD3203030A0C041A1000
:10335300080A0A2802180A0910151E00FF1EFF0892
:103363000474F7120BD9E990175DF0901712E4F08B
:10337300121AF0901775E4F0A3F090175EF0A3F023
:103383001227F8121AF690169AE4F0A3F01221F815
:10339300024CCA74F0120BD974D31212641267264A
:1033A3005480606690175DE0F9121B688A088B09E8
:1033B300AF09EA4F604C7C0080010CEC75F003A46C
:1033C300F8A9F0749628F582743239F583E493F4FE
:1033D3006029E493F88A828B83E06870DDEC75F0F2
:1033E30003A4F8749728F582743239F583E493C003
:1033F300E0740193F583D082122CECAA08EFFB1240
:103403001B56126E5864800237658521828522839C
:10341300A3E05420601F12270E8A088B09AF09EA24
:103423004F600A122666AA08EFFB121B56126E584B
:103433006420023765852182852283E0A2E0504221
:10344300901717E0640F702E9009F2126E639009C3
:10345300F2C3E094E9A3E09403400A7A007B8090EE
:103463001589124DAC790012263CE9600990196068
:103473001214DE122654852182852283E064010220
:10348300374A5420700302374F7A207B0090175D30
:10349300E0F9121CB2EA4B4C4D701A9017711214DA
:1034A300BAE8494A4B700E750801750900750A00A0
:1034B300750B00806D750C00750D00750E00750F92
:1034C30000121CBE8A088B098C0A8D0B901771128F
:1034D30014BAE8494A4B60319017717808121159B0
:1034E300400E750CFF750DFF750EFF750F7F80196C
:1034F30085080C85090D8C0E8D0F901771780C12B1
:10350300124C7401780C12121B850C08850D098569
:103513000E0A850F0BE5084509450A450B700302A2
:1035230036A97C0079047A007B001226E48A0C8B8E
:103533000DAE0CAF0D0235ED74021214F574FFF0ED
:1035430074031214F574FFF074041214F574FF126B
:103553004E1F1265E07407121244126896E9640163
:10356300706A1237714480F8A3E0F974281214F5D5
:10357300E8F0A3E9126B2AE0C0E0742A1214F5D034
:10358300E0124E0C5408601674281214F5A3E0449C
:103593000112377EC0E0742C1214F5D0E0F01267EC
:1035A300696011E8240B123F64F874161214F5E8ED
:1035B300F0A3E4F0908333120FAB74061212447439
:1035C3000B12123C12236074041211B18E828F838A
:1035D300A3A3A3A3A3A3A3A3A3740612377EF912E1
:1035E30026C674051214F51268EDEE4F7003023609
:1035F300A97C007904EEFAEFFB1226E47405121499
:10360300F5EAF0A3EB124B36E0F50CA3E0F50DE47D
:10361300F50EF50F7808790C1214354023EE2404C7
:10362300F8E43FF985080C85090D8882F583C3E02A
:10363300950CF0A3E0950D126F4DE84970A4800C32
:103643008E828F83A3A3A3A3E4F0A3F08E828F8340
:10365300A3A3A3A3A3A3A3A3A3A3E064018E828F25
:1036630083A3A3A3A3A3A37020E0540460030235A0
:103673003B8E828F83A3A3A3A3A3A3A3A3A37406B5
:10368300F07AB71238A40235E5A3A3A3A3E060033D
:1036930002353B8E828F83A3A3A3A3A3A3A3A3A3D8
:1036A3007401F00235E51226B47C0079017A007BBF
:1036B300001226E4EA4B6003124DA57C0079047ADC
:1036C300007B001226E4EA4B701380448A828B83CA
:1036D300A3A3A3A3126905EE98EF99400B8A828BEB
:1036E30083A3A3A3A31268ED7C0079041226E48BC1
:1036F3000BA90BEA4970D5C3E5089EE5099F500D58
:10370300C3EE9508FEEF9509FFEE4F700D124DA520
:10371300901771123777A3F08024EE2EFEEF338ECD
:1037230008F509E4F50AF50B78081211CC7A201292
:10373300394D1211B1121CBE9017711214D285218A
:1037430082852283E06420FAA3E08016A3E0540478
:103753006013125FBD122C3C790112412B126E587B
:103763006404FB80047A007B00742D026745EE122B
:103773006753E022E4F0A3F0A3F022124E11A3A3B7
:10378300E022C082C08374EA1212647C167D007941
:1037930000AA21AB22121B3E74081214F57402F026
:1037A3009017061261F91237C574091214F51262E3
:1037B3001174131214F5E4125E901221EC741602C4
:1037C30050DBE8F0A3E9F09017101268D52274F7E4
:1037D300120BD974DA121264EAFEEBFFEA4F602D82
:1037E300AC21AD2212272C74061214F5E0601E746E
:1037F300171214F5E0FD74011214F5E0FCEEFAEF74
:10380300FB7900122612E9600479A480027900741E
:1038130026024CC774F7120BD9EAFEEBFF8A82F536
:1038230083A3A3A3A3A3A3E0544060178A828B833B
:10383300126706124FEA60067AFF7BFF8015126754
:103843000280039017061265E074FE6A700374FF2A
:103853006B604112670212672C1227C2E98E828FB6
:1038630083600B1262EF126F18E4F0A38003126FF0
:1038730007F07C427D268E828F83124660E9F5082D
:103883007015EE4F60097901EEFAEFFB1226C0A91D
:1038930008024CCA7508CDAA081238A4E960E3806F
:1038A300EE8E828F831262F3240CF582E438F58363
:1038B300E0F912264E2274F6120BD9E9FEEAFF7ADA
:1038C3000F7B00121B50EA4B601A8A828B83740CA5
:1038D300F0EEA3A3F0EF8A828B83124A85125EEE89
:1038E3007900802BEEF91226EA8B09A909EA4960CF
:1038F3001C8A828B83A3A3A3A3A3A3A3A3A374065A
:10390300124A8EE0F9122402EEF91226C679100249
:103913005CD974F4120BD98A088B098C0A8D0B902D
:103923001717E0640F701EEA4B4C4D601890171286
:10393300E064086005E06404700B78081211CC128F
:10394300394B1211B1023BB07A017B0090175DE055
:10395300F9121CA074042274F4120BD974FC121211
:1039630064EAFEEBFF8A82F583A3A3E0F91226EA59
:103973008A088B09EA4B7003023A938E828F83A3E2
:10398300A882A983E0C0E0EA125EE4D0E01248F422
:1039930064F160288E828F83A3E064CD601E8E82E3
:1039A3008F83A3E0641A60148E828F83A3E064E99B
:1039B300600A8E828F83A3E064E17033790012265C
:1039C300C0E9602BE5082404F50AE43509F50B8505
:1039D3000882850983A3A3A3A3A3A31249CA1248F8
:1039E300D2121B02850A82850B8312672C80708E8C
:1039F300828F83A3E0C0E074021214F5D0E012506A
:103A0300E912520C12437AC0E074031214F5D0E0A9
:103A1300F0E508126BD5124023E0AA21AB22700512
:103A230012235A80031227AA74021214F5E064E9E0
:103A3300702D850882850983124189750A01780AE8
:103A43001211D8750AE9780A1211D81248A612433E
:103A530047FCA3E0FD8A828B831243711211B18567
:103A63000882850983A3A3A3A3A3A3A3A3A3E064B9
:103A7300027012850882850983A3A3A3A3A3A3A32A
:103A8300A3A37406F08E828F83A3A3E0F91226C644
:103A93001226B4901966123F957404023BAD74F478
:103AA300120BD9EAFEEBFF7508008A82F583A3A304
:103AB300A3A3A3E060387508081265D379FF122425
:103AC30092EA4B601075082C8E828F83A3A3A3A365
:103AD300A3E0D2E0F08E828F83A3A3A3A3A3E05439
:103AE3000364016003023B9C430811023B9CEA24EC
:103AF300181254D26036EA241A1254D26003F470B6
:103B0300131268B57003A3E0696003023B9C750858
:103B130022023B9CEA241B123BA0241A1254D2FA21
:103B2300EE24191254D2F91223F0806D8A828B830A
:103B3300A3A3A3A3A3A3A3A3A3123F807003750806
:103B4300018E828F831268B97003A3E0697006E562
:103B530008D2E1F508E50860158E828F83A3A3E000
:103B63007006E508D2E58004E508D2E6F508124FB1
:103B7300DD64017006E508D2E0F5088E828F83A329
:103B8300A3E06015EE241D1257F1F91227B0E96482
:103B9300016006E508C2E0F508A9088010F582E493
:103BA3003FF583126F70EA2274091211B17F040288
:103BB3000F2674F0120BD974D7121264EAFEEBFFCE
:103BC3008A82F583A3A3A3A3E0600E90196412670E
:103BD300706006901964123F9574031212448E822A
:103BE3008F83A3A3A31260BC1265DE12272CE97096
:103BF30003023D46780174051214F5E0C3940240B4
:103C030002780074071214F5E0C3940240027800AE
:103C1300740C1214F5E064F87003A3E0F47003026B
:103C23003D46740C1214F5E064F97003A3E0F470DC
:103C330003023D46740C1214F5E064FA7003A3E02A
:103C4300F47003023D46740C1214F5E064FB700338
:103C5300A3E0F47003023D4674061214F5E0F990F4
:103C63001700E0696003023D46E8A2E04003023D1D
:103C73004674271214F5E06003023D46EE24131246
:103C830068CB74221214F51260C6241C1268CB741C
:103C9300101214F512621174091214F5E0601D7408
:103CA3001A1214F5E0FD74041214F5E0FC8E828FF1
:103CB300831265DE7901122612E9703B7403121236
:103CC3003C122660E9F50C74091214F5E0702C908F
:103CD30016FAE060267422596422601F7442596404
:103CE30042701474201214F5123F7A600E7420127D
:103CF30014F5123F7360047ACF804AE9A2E6504D6F
:103D030074201214F51257F724FD600F14600C246D
:103D1300FD600824FD600424FE702874201214F54D
:103D2300123F6C700E74201214F5125E1DA3E06432
:103D33000D601A740312123C1227DAE96401700D44
:103D4300023F5C7AD37B00121FE8023F5CEE242D16
:103D5300F582E43FF5831241807003A3E069701D8F
:103D630075080078081211D878081211D8EE242F9C
:103D73001254D2F9123F861243711211B17409120F
:103D830014F5E07003023E24123F861265E0122808
:103D9300288A0E8B0FEA4B7003023EB5740412148B
:103DA300F5E0F88E828F83A3A3E028F8A3E0340024
:103DB300F9E8240D123F64F88A828B83A3A3A3E05E
:103DC30068600EE88A828B83A3A3A3124A7E12370C
:103DD300787904E91214F51254F1A3E02AF8A3E068
:103DE30034008882F583A3AA82AB83121B448A081A
:103DF3008B098C0A8D0B850E82850F83A3A3A3A346
:103E030078081211594003023F5C9083137808121B
:103E130013A8850E82850F83A3A3126F76A3125274
:103E230015901712E064046008E064096003023F20
:103E33005CE50CA2E54003023EEFEE242F1254DAB8
:103E4300F0EE24301254D2C0E074011214F5D0E025
:103E5300F0EE24311254D2C0E074021214F5D0E013
:103E6300F074141214F5E064017026740E1214F544
:103E73001248CD24131254D2687003A3E069701161
:103E8300740C1214F5123F80700774141214F5E4C5
:103E9300F0EE2425F582E43FF583120FAB74041290
:103EA3001244740712123C12236074041211B102FB
:103EB3003F5C901757E064016003023E24742012B4
:103EC30014F5123F7A7009E50CA2E65003023E2472
:103ED30074101214F5E0F47003A3E0F4607BEEFCBD
:103EE300EFFD740312123C12266C806DA2E650693A
:103EF30074201214F51262FF7016741A1214F5E08E
:103F030064027055740312123C79001227A480498D
:103F130074201214F5123F737014741A1214F5E01E
:103F230064047035740312123C122798802B74209A
:103F33001214F5123F6C700C7900740312123C12C8
:103F430027E6801574201214F5125E1DE0640C70D0
:103F530008740312123C1227F27429026745E824FD
:103F630006F582E439F583E02212670CE06403224C
:103F730012670CE06407221257FB640622124FEE0D
:103F8300640222EE242BF582E43F126F6EEE124F91
:103F9300C322E0F508A3E0AA08FBE4FCFD122654C3
:103FA3002274F4120BD9EAFEEBFF8C088D099016EC
:103FB3007AE0600F1268B57003A3E06970051223FD
:103FC300DE805379001265D312240E8A828B83E537
:103FD300824583602CA3A3A3A3A3A3E05418602169
:103FE300E508241C124020120FAF12401C120FAF21
:103FF300EE2418124358125AB812688D1211B18068
:104003001579008E828F83A3A3A31262E5125AB897
:104013001265E01223E4023BB0E5082413F582E4C1
:104023003509F5832274F7120BD974F7121264EA77
:10403300FEEBFF901712E06403600DE0640160087B
:10404300E0640960030241268A828B83A3E0600354
:104053000240F47C007D007A027B00121AFC126994
:10406300328A821268CF9017031262117953122198
:10407300DA901712E0640960099017101265E012D4
:1040830028228521828522837401125E35901712BE
:104093007404F0740112123C794A1221D47401128F
:1040A30012447A087B17121CD690158CE0640B70AF
:1040B300057406F08005790012412B9017031262F4
:1040C300EB7A037B00121AFC9017061262EB7A0458
:1040D3007B00121AFC9016FDE0A2E35004D2F0809C
:1040E30002C2F0125E229019601214DE122654806E
:1040F3002FFC7D007A037B10121AFC90158CE06470
:104103000B7003740AF090167EE4F0FA7B40125CA5
:10411300128E828F83A3E0F912412B901712E4F0E1
:104123001226967409024CC79017101265E41223E5
:104133007222C082C08390169A126770701790170C
:1041430012E024FB6005146007800A9016A0801F0C
:104153009016A2801AE8496007123F616401700C4F
:104163008A828B83A3E0F9122366800E90178C1248
:1041730067706006125E1E122CEC0259691268D534
:10418300901710E068221268D5E8FAE9FB2274F56B
:10419300120BD974D81212648A088B098A828B8312
:1041A300A3A3A3A3A3A3A3A3E0C3940F5003024316
:1041B300428A828B83A3A3A31268ED74151212445F
:1041C3008A828B83A3A3A3A3A3A3A3A3124347FA24
:1041D300A3E0FB1226A274151214F5E0702E8508D5
:1041E30082850983A3A3A3A3A3A3A3A3E0C3940BDF
:1041F300401A8E828F83A3A3A3A3A3A3A3A3E064E4
:10420300027009EE240B1254D2F460030243427489
:10421300171214F5E060076402600302434290172B
:1042230012E06402601CE06406601790169A12673D
:10423300707003024342123F616401600302434210
:10424300802590169A126770701D75080078081201
:1042530011D878081211D8EE24101243588E828F89
:10426300831243711211B18E828F83126F451248EC
:10427300FD1268D174021214F51260C6123772C0AF
:10428300E074041214F5D0E012437AF508A3E0F5C4
:1042930009740F780812145574051214F5E508F023
:1042A30074191214F5E0C0E074061214F5D0E0F0AE
:1042B300741B1214F5E0C0E074071214F5D0E0F09B
:1042C30074161214F5E0C0E074091214F5D0E0F08E
:1042D30074171214F5E0C0E074081214F5D0E0F07E
:1042E300EE24101254D2C0E0740A1214F5D0E0F098
:1042F300741A1214F5E0C0E0740B1214F5D0E0F058
:1043030074271214F5E0C0E0740C1214F5D0E0F039
:10431300741C1214F5A982AA8389088A09750A00F4
:1043230078081211D07C087D0074101214F5AA824B
:10433300AB831254C91211B1AA21AB2212236C749C
:1043430028024E25E0F98A828B83A3A3A3A3A3A308
:10435300A3A3A3E022F582E43FF583E0F98E828FE5
:1043630083A3A3A3A3A3A3A3A3A3126F7022126582
:10437300E4122762740222F0EE125ABDE02274F2B4
:10438300120BD974F81212648A0A8B0B8C0C8D0DE4
:104393008908908258AC21AD2274081210FAC20029
:1043A300AC0AAD0BAA21AB221265617002D2009058
:1043B300175E8013AC0AAD0BEE240BFAE43FFB123D
:1043C3006561701B124FB4124C47601EA20040E49B
:1043D3008E828F83E0650C7004A3E0650D70E58E1B
:1043E300828F83A3A3E0650870DAEEFAEFFB74080B
:1043F30002490AC082C08390175E025966C082C018
:104403008390175EE4F0A302465C74F7120BD99015
:10441300175E126E5E800FEA2414F582E41268EAD6
:10442300121BECEEFAEFFBEA4B70EC90175EE4F034
:10443300A3F0024CCA74F2120BD98A0C8B0DEDFF58
:10444300890B8A828B83E08C828D83F0A3A882A957
:10445300838A828B83124501124A78E0C454F0FAAE
:1044630088828983E04AF0EC2402F8E43FF9850C62
:10447300828B83A3A3124501124514E0333354FC0A
:10448300124508E033333354F8124508A3E0A2E0A1
:10449300E4331313FA88828983E04AF0EC2403FEA1
:1044A30050010FE50C2407F508E4350DF509750AED
:1044B3000078081211D07C087D00EEFAEF1254C880
:1044C3001211B1EE2408FE50010FE50C240FF5087C
:1044D300E4350DF50978081211D07C037D00EEFA5E
:1044E300EF1254C81211B1E50BC3940F400DE50C44
:1044F3002412F582E4350D125ACCF002490DA3E0E3
:104503008882898322FA88828983E04A124514A328
:1045130022F0850C828B83A3A3A3A32274F2120B34
:10452300D9EBFF8C0C8D0D8A82F583E08C828D8311
:10453300126F2FA3A882A983E01259111248F3C462
:1045430012590BF0EA126F391259181248F1A2E20C
:10455300E4338C828D831248F0131313541F1259C2
:1045630011A31248F0A2E7E4338C828D83A3A3A3A3
:10457300A3A3A3F0EA2403FE50010FF5088F0975E6
:104583000A0078081211D07C087D00E50C2407127C
:1045930054C41211B1EE2408FE50010FF5088F091F
:1045A30078081211D07C037D00E50C240F1254C44B
:1045B3001211B18E828F83A3A3A3E0C0E0126F55C3
:1045C300D0E0F002490D74F6120BD9EAFEEBFF8A34
:1045D30082F583A3858208858309E0F912238A85FE
:1045E3000882850983E064EB601E8E828F83A3E0DB
:1045F30064E160148E828F83A3E064F1600A8E828B
:104603008F83A3E0641A70078E828F83A3E4F090F4
:1046130019601214DE12265475080178081211D895
:104623008E828F83A3E0F50878081211D879009061
:1046330017101262EB9017061243711211B1122672
:10464300B4025CD9C082C083E99017707003E48020
:104653000274018004EAF0A3EBF00259691265E4E5
:104663001221F22274F6120BD9901770E0701B7CA2
:104673000079017A007B001226E4EA4B600C8A82FF
:104683008B831267706003122648025CD9C082C014
:1046930083124B27401079FF1226DEE9F890335836
:1046A300E493C39850047901800279000259697434
:1046B300F2120BD98A0A8B0B8909C2008A828B8377
:1046C300A3A3A3A3A3A3A3A3E0F91226EA8A0C8BB3
:1046D3000DAE0CAF0D750801EA4F600302479385D9
:1046E3000A82850B831262E5850A82850B83A3A365
:1046F300A3A3A3A3A31248D21226D28A0C8B0DAE76
:104703000CAF0DEA4F700302489F8A828B83A3A3E9
:10471300A3A3E4F0A3F0E50A240CFAE4350BFB8A27
:1047230082F583E0C0E01248A6D0E0F0E50A240D4C
:104733001248C6240D12620B1227C8124FCC1267FF
:104743002CE50A24111248C6241112620BE50A242F
:10475300131268FCC0E0124FBED0E0F0D200EE248A
:1047630006F8E43FF91248B91248F454046003020E
:104773004805901972E0F50A750B007407780A1260
:10478300136F8E828F83A3A3A3A3A3A31248B0F0B6
:104793008E828F83A3A3A3A3A3A3E0F50AA3E0F5CB
:1047A3000B7407780A121455E50A5407FCE50960EF
:1047B300618E828F83A3A3A3A3A3A3A3A3A3740242
:1047C300124E1F124BBC600B9016FE125552A3A340
:1047D300126211EC7003024876EE2406F8E43FF906
:1047E300E8FAE91248B9F0EC24FFF50AE434FFF5DE
:1047F3000B7407780A12136F8A8289831248B0F008
:1048030080718E828F83A3A3A3A3A3A3E04480021A
:104813004792EC700575080080598E828F83A3A39D
:10482300A3A3A3A3E05420600C121B4AEA547F798C
:1048330000245F80198E828F83A3A3A3A3A3A3E085
:104843005410601A121B4AEA540F7900240A5001CB
:10485300098E828F83A3A3A3A3F0A3E9800D8E8285
:104863008F83A3A3A3A37401F0A3E41248FD7404EC
:10487300124B3DA20050288E828F83A3A3A3A312C1
:1048830065EAF9EEFAEFFB1226D8E96012126769BE
:1048930060031248DFEEFAEFFB121BEC750800A968
:1048A300088067EE240CF582E43FF58322E0450A95
:1048B300F0A3E0450B228882F583E0547FF0A3E068
:1048C30054FC22F582E4350BF5831268D5EE22A35E
:1048D300E0F9850A82850B831265E4221248E61209
:1048E3004D3C22EE240FF582E43FF58322A3A3A3DC
:1048F300A31248F822126918E02212490122124E2B
:1049030015A3A3A32274031211B17F06020F267409
:10491300F4120BD974F71212647E001226EAEA4BE2
:1049230070030249C58A828B83A3A3A3A3A3A3A372
:10493300A3A3E0640660030249C58A828B83A3A311
:10494300A3A3A3A3A3E0FF8A828B83126EF7E0C025
:10495300E074081214F5D0E0124CED1261FE1262FD
:10496300111226FCEF540860578521828522831299
:1049730062EB7A007B001226CCEA4B7043126F6025
:104983007C007D007A007B0080228E828F83125709
:10499300F7F47003A3E0F460279017101249CA12CA
:1049A3004CCF601C7C007D00EEFAEFFB1226CC8A14
:1049B3000A8B0BAE0AAF0BEE4F70CF790012220AAF
:1049C3007E01EEF9023BAB1249CE22E0FCA3E0FDEF
:1049D3008E828F8322C082C0838A828B83E5824545
:1049E30083700990177580068A828B83A3A3124B69
:1049F300F060208A828B83A3A3A3A3A3A3A3E05481
:104A03000860E5EC4D6010124BF67003A3E06D7087
:104A1300D780047A007B0002596974F2120BD98A99
:104A2300088B09890AECFEEDFF7A147B00121BE662
:104A3300EA4B60378A828B83A3A3A3A3A3A3A3A375
:104A4300A3E4124A8EE50A124CD9EEF0A3EF124A00
:104A53007E124CF4124A858A828B83126F78124A33
:104A630071126667A3124A78F0A3F002490DEA2493
:104A73000FF582E422126F33A3A322124CDFE4F07A
:104A8300A322A3F0126EF012666722124A92221238
:104A93004CE3A3A3A3A32274F5120BD9EAFEEBFF05
:104AA300890A8C088D09EA4F60757401697012795F
:104AB300011226DEE9F890335BE493C39850158026
:104AC3000A7404697009124B2750097911805274D2
:104AD3000269704B8E828F83A3A3A3A3A3A3A3A373
:104AE300A3E50A124B3612520C1267F1A3E4F0A3AA
:104AF300F0901775126770601880031268D188826E
:104B03008983A3A3124BF088828983A3A370EC80CB
:104B130003901775EEF0A3EF124B3D7900800279F5
:104B2300C1024E2879041226DEE9F8903359E49342
:104B3300C398221267F5A3A3A322F07A207B0090E7
:104B4300175DE0F9121B9222C082C083E9F8790055
:104B5300901775801D8A828B83A3A3A3A3A3A3A30A
:104B6300A3A3E068600574FF687001098A828B83E0
:104B7300A3A3124BF070DE02596974F7120BD9EA42
:104B83004B700590177580068A828B83A3A3124B03
:104B9300F0601F8A828B83A3A3A3A3A3A3A3A3A3CE
:104BA300E06970E4EC600F8A828B83124BBC70D88F
:104BB30080047A007B00024CCA126F10E054042276
:104BC300C082C08390177580068A828B83A3A31249
:104BD3004BF060128A828B83A3A3A3A3A3A3A3A3F3
:104BE300E06970E580047A007B000259691265E48C
:104BF300EA4B228A828B831257FB6C2274F2120BCC
:104C0300D98A0A8B0B8C0C8D0D750800750900EA87
:104C13004B602A90177580068E828F83A3A3124C54
:104C230047601AAC0CAD0DEEFAEFFB850A82850BDB
:104C330083122CECE9640170DF8E088F09AA08AB9C
:104C43000902490DE0FEA3E0FFEE4F2274F7120BB9
:104C5300D99017751268D17C007D00800DE8FCE9BE
:104C6300FD88828983A3A31268D1E8496030EA688A
:104C73007002EB6970E79017751265E0E86A7002DD
:104C8300E96B88828983A3A370081268D190177592
:104C930080091268D18C828D83A3A31262118027AD
:104CA30074F7120BD9EAFEEBFFEA4F60151226F6F2
:104CB300124D2812676960031248DFEEFAEFFB1208
:104CC3001BEC80031211B17F01020F261265E4125F
:104CD30021FEE9641A22124CDFA3A322124CE32221
:104CE300F08A828B83A3A3A3A322126F331257FBF1
:104CF30022124A92A32274F6120BD99017751268E6
:104D0300ED801412690A124D281248DFEEFAEFFB08
:104D1300121BECAE08AF09EE4F70E8901775E4F084
:104D2300A3F0025CD98E828F83126EE4F583124D59
:104D33003C8E828F83124D3C22E0FAA3E0FB121BD0
:104D4300EC22C082C083EAFCEBFDEA4D6017EA2443
:104D5300FBF582EB34FF12676E7007124D9AE0F495
:104D63006007121B567905802B90175DE0C0E01297
:104D73004D9AD0E0F090334EE493F97A777B171293
:104D83001B8CE96401700B7A007B20124DA979001A
:104D930080027904025969EA24FFF582EB34FFF5B6
:104DA30083227A207B0090175DE0F9121B92227414
:104DB300F4120BD9A2AFE433F508C2AF9017771200
:104DC3004C476038EE24FBF582EF34FF12676E7AAE
:104DD300007B2090175D6005124DAC8005E0F91251
:104DE3001B98E4F50AF50B780A1211D4EEFCEFFDDB
:104DF3007A777B17121B8674021211B1E508A2E0C1
:104E030092AFEEFAEFFB023BB0124E11E022124ECC
:104E13001522124E1FA3A3A3A3A3A322F08E828F56
:104E230083221211B17F03020F2674F2120BD9747D
:104E3300FA121264EAFEEBFF7508FE7509FF1226EB
:104E4300BAE960057911024FAF1254CF603C901953
:104E53008CE0C43354E0F8E0333354FC48C0E0EE54
:104E6300125EDE3FF583D0E012692CFAA3E0FB79F2
:104E7300FF122492EA4B60127508FFEE240F1254BE
:104E8300D24404F01254CFD2E0F08E828F83124FBB
:104E9300E86006EE2412126944EE24131254D27011
:104EA3000D90335DE493C0E0124FBED0E0F08E82EC
:104EB3008F83E0A2E7500454038019EE24141254A4
:104EC300D270129016EFE0C0E0124FB4D0E0F09031
:104ED30016EFE004F0EE24111254D2640170169020
:104EE3001976E0600D9016FAE0700A8E828F83E0E7
:104EF30070031269418E828F83E064017013EE2484
:104F03000B1257F164027009EE240F1254D244407D
:104F1300F0AC21AD22EEFAEFFB1227268A0A8B0BA7
:104F230074FE6508700374FFF4700312690AEA4B98
:104F330060768E828F83E0C0E074011214F5D0E0B6
:104F4300F074041214F5EEF0A3EFF0EE241E1268D1
:104F5300CB74021214F51262117401121234880C0C
:104F6300890D780C1211D4EE2420124FD11211D8CE
:104F7300124FCC120FAFEE240E124FD11211D89054
:104F83001703120FAF74081214F5E0F9AC08AD095A
:104F930012272074081211B1E9FE74106E700BAA67
:104FA3000AAB0B121BEC80027E10EEF97406024969
:104FB3000AEE2414F582E43FF58322EE124FC32256
:104FC3002413F582E43FF58322EE1248E722F582AB
:104FD300E43FF583E0F50C780C228E828F83A3A344
:104FE300A3A3A3A3A3A3A3124FEE22E0FAA3E0FB80
:104FF3001227C2E922C082C08374D7121264908040
:10500300E3740312124474261210FA8A828B83A368
:10501300A3A3A31268D1740E1214F5126776126853
:10502300D1740C1214F51250F1240D1250E1C0E0AA
:10503300741A1214F5D0E0F012666D1268CF742062
:105043001214F51250F124151250E1C0E074081245
:1050530014F5D0E0F0EA241CF582E43B1268CF7427
:10506300121214F51250F124111250E1C0E0740928
:105073001214F5D0E0F0EA24121250E1C0E07407F4
:105083001214F5D0E0F0EA241EF582E43B1268CF57
:1050930074241214F51250F124201250E1C0E0746C
:1050A300261214F5D0E01250E974FFF074011214C3
:1050B300F574FFF074021214F574FFF09083331249
:1050C3000FAB7404121244740712123C122360745F
:1050D300041211B1790074291211B1025969F582D0
:1050E300E43BF583E022F085218285228322E8F0E8
:1050F300A3E9F0EA2274F4120BD974EC1212648A55
:105103000A8B0B8C088D09E9FF7E107A217B001234
:105113001BE6852182852283EAF0A3EB126780E8F0
:105123004970030252057C217D0079008521828527
:105133002283E0FA121B3E9017101265E08521824C
:105143008522831262EF2409F582E438F58312671E
:105153002C74201214F51268D174111214F5E8128C
:10516300586012673238F5837402125863126EFE68
:10517300740212584D12520C125863126EDBEFF088
:1051830074221214F512580EF9A3E0C9126BD53923
:10519300F583E8125523A3E0C9241FF582E43912ED
:1051A300521374231214F51265E074061214F512E7
:1051B300672C74081214F5E8F074261214F51267BC
:1051C30006C082C083740C1214F5AC82AD83D08305
:1051D300D08274051210FA74251214F5E0C0E0743D
:1051E300131214F5D0E0F07900AA21AB221226C0E5
:1051F300E9640170047E008009852182852283127F
:1052030048E2EEF97414023BADE508F0A3E5092288
:10521300F583E50AF0A3E50BF02274F0120BD974C1
:10522300FF121264EAFEEBFF8C088D098A82F58374
:10523300A37408F0EA24161254D260088A828B837E
:10524300A37410F0EA24171254D260098A828B8364
:10525300A3E02408F0EA1254D060088A828B83A367
:10526300E004F08A828B83A3A3A3A3A3A3E0601922
:105273008A828B83A3A3A3A3A3A3A3E0C3332402A0
:10528300F88A828B83A3E028F0EA24111254DA60AF
:1052930004740E8001E4F0901984E0640170168AAE
:1052A300828B83E06401600D90167EE060071254E8
:1052B300BA740180041254BAE41255238A828B8390
:1052C300A3E0F8EA12377228298C828D83F0EA244E
:1052D300111254D26005125AFB29F0850882850900
:1052E30083E0C394754009750C00750D000254B139
:1052F300E0FA7B00121BE68A0C8B0DEA4B7003026B
:1053030054B18E828F83E0FA90170012551C7402F9
:10531300780812136FEA4508FAAB09EE2412125506
:10532300167406780812136FA808EA48FCEBFD12FE
:1053330054CF6004780180027800EE2416FAE43F2B
:10534300FBE4C8F9ED49FDEE24111254D2F50888A7
:10535300097409780812136FED4509FD8A828B835E
:1053630012551C740B780812136FED4509FDEE24DA
:1053730017125516740C780812136FED4509FD8E3C
:10538300828F83A3A3A3A3A3A312551C740A780833
:1053930012136FED4509FDEE2423125516740D7893
:1053A3000812136FED4509F9EC850C82850D83F026
:1053B300E9A3F0EE24021254F9125538F0EE240456
:1053C3001254F9A3A3125538A3A3F0EE24131255D4
:1053D30009F0EE2414125509A3F0750B088A828B89
:1053E30083E060151267E21262EBE50C2408FAE42D
:1053F300350DFB121CD6750B10EE24171254D26018
:105403001912636E1262EBA80BE50C28FAE4350D52
:10541300FB121CD67408250BF50B8E828F83A3A376
:10542300A3A3A3A3E0604EEE2407F50EE43FF50F1C
:10543300850E82F583E0C0E01254E8D0E0125528CF
:10544300E0C0E0081254EAD0E0125528A312675CCA
:105453001211D0850E82850F83E01257C2A80BE587
:105463000C281254C41211B1850E82850F83E0C338
:1054730033250BF50B1254CF6008C0E01254E8D06B
:10548300E0F0125AB812675C1211D0123771FC7D2A
:105493000074031214F51254F1E0F8E50C28F8E453
:1054A300350DF9E82AFAE4391254C81211B1AA0CDD
:1054B300AB0D7401026745EA2423F582E43FF583CB
:1054C30022FAE4350DFB121B32740322EE2415F588
:1054D30082E43FF583E022F582E43FF583E0852112
:1054E3008285228322A80BE50C281257D522E0FAE5
:1054F3008E828F83A322F8E43FF98882F583E085C7
:105503000C82850D8322F582E43FF583125542A375
:10551300A3A322F582E43FF583E0F5087509002291
:10552300126F21F922F0050B8E828F83A3A3A3A30D
:10553300A3A3A3A322A3A3126918A312554222E093
:10554300850C82850D83A3A3A3227403023BAD12B2
:1055530068D58E828F83A3A32274F0120BD974FDB6
:1055630012126412672674021214F5E9F08C0C8D82
:105573000D750B017C267D007900AA0CAB0D121B67
:105583003E74021214F5E0C39408500302574B1201
:105593005501F0AC0CAD0D8521828522831257F79E
:1055A300FA852182852283125E1D125AF4E9600373
:1055B300750B00852182852283126706125818E035
:1055C300F9EA850C82850D83A3A3A3A3A3A3A3A3B5
:1055D300A3F0A3E912584DA3A3125818A3A3E0F90B
:1055E300E50C126785EA1258601262DBC0E0E50C35
:1055F3002411126F59D0E01258632407F582E4385E
:10560300F583E0C0E0126F55D0E0126719740812F9
:105613005844A3E06026852182852283E02408F88C
:10562300A3E03400F9E50C2413F582E4350D12628E
:105633000F850C82850D83A3E02408F0850C8285F9
:105643000D83A3A3A3A3A3A3A3A3E0602A850C8232
:10565300850D83A385820E85830F125805F8A3E079
:105663003400F9E50C125EDE350D12620F850E82F1
:10567300850F83E02408F01257C9E4F01257DDE4E4
:10568300F0A3126719A3A3A3A3E0601112582985FD
:105693000C82850D83A3A3A3A3A3125855E50C1273
:1056A30057EAE07003025737125829FA1257C9EA2A
:1056B300125855F8852182852283E028FBA3E03424
:1056C300008B82F583E0F8E50C241A126F59E81277
:1056D3005855E8C39AE50C50561257E5F890334FE6
:1056E300E493C39850047E0C8006E50C1257E5FE44
:1056F300850C82850D83125804F508A3E03400F568
:1057030009750A0078081211D0EE1257C27A687B25
:105713000B1254C91211B11257DD7468F0A3740B44
:10572300F0EEC333F8850E82850F83E028800412E0
:1057330057EAE4F0850C82850D83A3E0F8850C829B
:10574300850D83E0C398500479008070125804FAE1
:10575300A3E03400FBE50C12693B126F5C12672C6B
:10576300850C82850D83E0C398C0E0E50C241712F5
:105773006F59D0E0125844E06040E50C2417FEE472
:10578300350DFF8E82F583E024F2F0E50C241DF83D
:10579300E4350DF98882F583E0240EFAA3E03400A2
:1057A300FB8882898312672C9016FBE0F912261876
:1057B300E9F88E828F83E0C398F0A90B0267432533
:1057C300E0FCE433FD22E50C1257CF2224191257D3
:1057D300D522F582E4350DF58322E50C241B1257FF
:1057E300D5221257CFE0221267131257D822F5821F
:1057F300E43FF5831257FB221268DAF5838882E0CF
:1058030022A31258092212580E2822E0F885218279
:10581300852283E022A3A3E0FA85218285228312D5
:10582300670CA3A3A322850C82850D83A385820E17
:1058330085830F125809FAA3E034008A82F583E0C6
:105843002212671DA3A3A3A3A322125868F583887A
:105853008222F0850E82850F83E004F022F0A3E913
:10586300125868C822126F25F8A3E02274F4120BB1
:10587300D98A088B09EA125918A3A3F0EA1313541F
:105883003F12590BA3F0EAC41313125918125922E9
:105893007409780A121455125902A3A3A3A3A3A34C
:1058A300F0EB125904125921740A780A121455E5BF
:1058B3000A5401C0E0EC1267133DF583D0E012599E
:1058C30026740B780A12145512590212591F740CBC
:1058D300780A121455125902A312591F740D780A2B
:1058E300121455E50A5401C0E0EC2424F582E43D8A
:1058F300F583D0E0F0740E7808121455023B9CE552
:105903000A54018C828D8322125911A3A322540FAE
:105913008C828D832254038C828D8322A3A3A3A321
:10592300A3A3A3F08A0A8B0B22C082C08379008AC7
:10593300828B83A3A3A3A3A3A3E09016FA600EE034
:10594300701F8A828B83A3A3E070168012E060111C
:105953001265D3901703E06A7003A3E06B600279CA
:105963000180031265E0D083D08202117E74F212AB
:105973000BD98A0A8B0B890CECFEEDFF8A828B8391
:10598300E0FA125AF4850A82850B83A3A3125AE81C
:10599300E0F9EA8E828F83A3A3A3A3A3A3A3A3A364
:1059A300125B0D125AE8A3A3E0F9125AB8EA125B8C
:1059B3000DA3A3E0C0E0EE2411F582E43FF583D00C
:1059C300E0125B14A3A3A3E0C0E0EE2412F582E48B
:1059D3003FF583D0E01267F17408124B36A3A3A3FB
:1059E300E06017E50A2408F8E4350BF9124FBEE826
:1059F300F0A3E91267F1E02408F08E828F83A3A35A
:105A0300A3A3A3A3A3A3E060188E828F83A3125A38
:105A1300D7EE241512620B850882850983E02408DA
:105A2300F08E828F83A3A3A3A3A3E060248E828F2F
:105A330083A3858208858309E0F8E50A28F582E4D3
:105A4300350B125ACCA3A3F0850882850983E004A1
:105A5300F0EEFAEFFB122738E9F50D70498E828FCD
:105A630083A3A3A3A3A3A3125AC6A37014E0F8E5C8
:105A73000A28FAE4350BFB125AAE12672CE50C80A8
:105A83001A125AD7E8240EF8500109EE241D1262A7
:105A93000B125AFBF9E50CC39924F2C398C0E0EE4C
:105AA300126365D0E0F0A90D02490DEE241DF582C5
:105AB300E43FF58322EE125ABD22240BF582E43F24
:105AC300F58322E08E828F8322F583E08E828F839B
:105AD300A3A3A322858208858309E0F8E50A28F8B1
:105AE300E4350BF922E0FA850A82850B83A3A3A38D
:105AF3002212694D122732229016FBE0F912261862
:105B0300E9F8850882850983E022F0A3E9125B1492
:105B130022F0850A82850B83A3A3A3A322C082C09C
:105B2300837A837B1779E21221D47A837B17025914
:105B330069C082C083901703025966C082C08390F4
:105B43001706025966C082C083794A1221D40259CA
:105B53006974F6120BD990178BE0FE04F0EEF9127C
:105B630026EAEA4B70F0EE60EDF9025CD974F212AA
:105B73000BD9EAFEEBFF8C088D09890A12282874D9
:105B83000E1214F5E0F9740F1214F5E0F8EA4B70F5
:105B930012E8701BA90AAC08AD09EEFAEFFB122854
:105BA300468065E86017E970068A828B83E4F074A7
:105BB30001687054E990178E7024E4801EE97048E0
:105BC300EA24021250E1A80A28F8E4340013E81387
:105BD300F070358A828B83A3A37401F0802AE004DA
:105BE300F0901973E0F890178EE0C398401AE4F030
:105BF300901706E06E7003A3E06F700CEEFAEFFBF4
:105C03007901122384125C0E02490D7A017B009004
:105C1300175DE0F9121CAC2274F4120BD98A088BBD
:105C2300098C0A8D0B90831378081212CF70077AB0
:105C330001124DA7801E9019607808121464EA4B74
:105C43004C4D600D78081211CC12394B1211B180F2
:105C530003125C0E023BB0C082C0839019640246FB
:105C630058C082C08390196602465874F6120BD945
:105C73007E007508EF75091678081211D47C6E7DC5
:105C8300007A217B00121C5E74021211B1E9640ACE
:105C930070027E011222E2E9640A7004EED2E1FE90
:105CA3009005C8126770600F125E1E122CECE96437
:105CB3000A7004EED2E3FE1224A4E9640A7004EE2F
:105CC300D2E4FE122156E9640A7004EED2E5FEEE38
:105CD300F980031211B17F02020F2674F6120BD959
:105CE300121AF67508EF75091678081211D475089B
:105CF3006E75090078081211D4125D1B1211B112CE
:105D030022E89005CA1267706006125E1E122CEC20
:105D13001224AA12216880BE7C007D007A217B00B8
:105D2300121C6A74042274F6120BD974FF121264E3
:105D33007E007508EF75091678081211D47C6E7D04
:105D4300007A217B00121C5E74021211B1E9600318
:105D5300025DF578081211D475086E8E0978081261
:105D630011D47C007D007A217B00121C7074041214
:105D730011B1E9707D901703E064FE7003A3E0F4B2
:105D830060707E01901712E064086005E06404709F
:105D93005C852182852283EE125E357A1A7B177920
:105DA300431221DA7A177B1779471221DA7A087BB3
:105DB30017794A125E107A107B1779501221DA7A1A
:105DC300037B1779531221DA7A187B17795412213E
:105DD300DA7A057B1779E11221DA9016FDE0A2E366
:105DE3005004D2F08002C2F0125E228005121AF62D
:105DF3007E001222D69005CC1267706006125E1EDA
:105E0300122CEC1224B6EEF97401025CD61221DADC
:105E13007A067B17794B1221DA22A312670D22A28D
:105E2300F0E433852182852283125E947952122114
:105E3300DA22125E9479421221DA2274F6120BD915
:105E4300E9FEA2E0501C7508EF75091678081211D7
:105E5300D475086E75090078081211D4125D1B12EF
:105E630011B1EEA2E350031222DCEEA2E2500E9037
:105E730005CE1267706006125E1E122CEC025CD90E
:105E830012269C7A607B1779451221DA22125E94DE
:105E930022F0AA21AB222274F7120BD974ED12124D
:105EA30064E9FE90175CF0AC21AD22125EC6741259
:105EB3001214F5EE125ED3AA21AB22125E83741381
:105EC300024CC79019F1E0F97A607B171226A222DF
:105ED300F09019F1E0F97C607D17222415F582E436
:105EE30022126EF13509F58322EFFB90175DE0F97D
:105EF300121B5C22EE2416125EFE22F582E43FF5AD
:105F0300837401F022126EF03FF583125F122212A6
:105F130068DAF98882F5832274F4120BD98A088B24
:105F2300097A007B04125C12125FBD901712740988
:105F3300F012655512401C1265E012656164017030
:105F4300677A0F7B00121B508A0A8B0BAF0BEA4F49
:105F530060568A828B837402F0E50812693B350927
:105F6300126959FC88828983A3A3E0FBEC8A828FA0
:105F730083A3A312672D88828983A3A3A3E08A82C4
:105F83008F83125FAEFAA3E0FB794A1221DA850808
:105F930082850983A3A3A3A3A3A3E0700690158C12
:105FA3007405F0AA0A125EEC023BB0A3F0E50824E4
:105FB30015F582E43509F583E02290169C1268D525
:105FC300901966E8F0A3E9F090169E1268D590192F
:105FD30064E8F0A3E9F02274F4120BD974FD1212F1
:105FE300648A088B0974011214F574021268127022
:105FF300030260B5125F087404F0A3E41260D2E0F8
:106003006401700888828983A37420F085088285DF
:106013000983A3A3A3A3A3E06401700988828983EE
:10602300A3E0D2E6F0850882850983A3A3A3A3A3F3
:10603300A3E06401700A88828983A3E0D2E7800623
:10604300EA124FBF74011260CDE06401702085082D
:1060530082850983A3A31267706004EA125EF88540
:106063000882850983A3A31268D1EA12620985080D
:1060730082850983A3A3A3A3A3A3A3E06401700957
:10608300EA240F125EFAA3E4F085088285098312DD
:106093004FEA6009EE240F1254D24404F01260DE7A
:1060A3008508828509831260BA1260C412691EF9D9
:1060B3008002791002554DE0F8A3E0F98E828F83B8
:1060C30022A3A3E8F0A3E9F0EE221260D2A322F008
:1060D300850882850983A3A3A3A322EE1263532217
:1060E30074F5120BD974F3121264890AEAFEEBFFFA
:1060F3007508007509007C0D7D007900AA21AB228B
:10610300121B3E125AAE1262F8741F58600C7AD3F7
:106113007B00121FE879000261F4E8A2E5500874DD
:106123000C1214F57401F0E8A2E75008740B121472
:10613300F57401F0E8A2E6740A50081214F574012C
:10614300F080081214F5E0640170138E828F83A32C
:10615300A3A3A3A3A3A3E06036EE241380128E822D
:106163008F83A3A3A3A3A3A3A3A3E06022EE241579
:10617300F582E43FF583126910E50845096010AC28
:1061830008AD0974021214F5AA82AB83121CD6124D
:106193005AB81261F9126211740A1214F5E064011B
:1061A3007046901997E0604764017006901980E08B
:1061B300603DEE240B1268CB901706E0687003A3D2
:1061C300E069702B124FDD7026E50845096019124E
:1061D30027448A088B09AC08AD0974021214F5AA86
:1061E30082AB831265616007AA21AB2212237EA9C9
:1061F3000A740D024E251261FD22E0F8A3E0F98531
:106203002182852283222418F582E43FF583E8F076
:10621300A3E9F02274F7120BD974CD121264EAFECB
:10622300EBFF8A82F5831262EF1262DBA2E0400386
:106233000262D68A828B83125F0EA3A3A3A3A3A3B6
:10624300E054FE126BE2740D121244EA241E125043
:10625300E11268AA1265E012273EE97076742A12E9
:1062630014F51262FF706C7C0D7D007900AA21ABDE
:1062730022121B3E74161214F51261F91262117484
:106283002A1214F51262F8A2E55008740B1214F5E1
:106293007401F0E8A2E75008740A1214F57401F0CF
:1062A300E8A2E650047420800274221214F51262EC
:1062B300EB74021214F5AA82AB83121CD68E828F62
:1062C30083A3A3E0C0E0740C1214F5D0E0125E9037
:1062D3001223787433024CC72406F582E438F5831D
:1062E300E022A3A3A3A3A3A3126F70221262F3223B
:1062F3001268DAC82212670AA3E0F8221257FB6475
:106303000422E9F87900740468600A740A68600575
:106313007403687002790102117E74F6120BD98A34
:10632300828B837424F0A3A37401F01223068A08DA
:106333008B09AE08AF09EA4F60078A828B83126329
:106343004BEEFAEFFB025CD97401F0EA12635322BD
:106353001263657401F012274412636EEAF0A3EB33
:10636300F0222417F582E43FF58322EE241AF58206
:10637300E43FF58322C082C0839017797401F0E96A
:10638300A2E350037403F0E9A2E15004E0D2E2F087
:1063930002596974F6120BD979007C008A088B09BB
:1063A3007808120EE0F8FF07CB63C963C963C963BA
:1063B300C963C163C563CB63BD637C01800A7C048D
:1063C30080067C0280027C08901779E05C60047987
:1063D300028005EC60027901025CD974F6120BD9D4
:1063E3008A828B83E07014A3A3A3126770600C8A64
:1063F300828B831265DD12250480047A007B000200
:106403005CD9C082C0837800E875F003A4FCA9F0CE
:10641300E9FD1264946A7003A3E06B701890336310
:10642300E493C0E0747A2CF582741739F583D0E0D5
:10643300F079C5805908E8C3940340CC7800E87527
:10644300F003A4FCADF012649464FE7003A3E0F4C3
:10645300601E08E8C3940340E57800E875F003A4E0
:10646300FCADF0747A2CF58274173DF583E070155A
:10647300E812698E12672C903363E49388828983D0
:10648300F07900800908E8C3940340CF79C7025923
:1064930069747B2CF58274173DF583E02274F41242
:1064A3000BD974F3121264EAFEEBFF8C088D0975A5
:1064B3000A12EA4F70057900026550901703E06EE7
:1064C3007003A3E06F7014126555AA08AB09126537
:1064D300617005750A018003750A00852182852292
:1064E30083E4F0041214F5EEF0A3EF125E9012228F
:1064F300BEE9602974031214F5AA82AB8312229AAF
:10650300E964017018750A0174031214F5AC82ADC5
:1065130083AA08AB091265616003750A00AC08AD74
:1065230009EEFAEFFB12282EE9F8740A6870057574
:106533000A01801774A0687012AC08AD09EEFAEF77
:10654300FB12283AEEFAEFFB12284CA90A740D024B
:106553003BAD1227448A0A8B0BAC0AAD0B22121CEB
:10656300D0E92274F7120BD9EAFEEBFF8A82F58396
:10657300A3A3A3A3A3A3A3A3E06019EA2415123B37
:10658300A0125AB91265E01227D4E964017005120A
:106593005AB8802D8E828F83A3A3A3A3A3A3A3E0C2
:1065A3006029124FBE1265EAFAA3E0FB1227D4E971
:1065B300640170178E828F83A3A3A3A3A3A3A3A3B2
:1065C300A31265E01227CE790180027900024CCA3A
:1065D3008A828B83A3A3A3A3A3A3A3A3A31265E488
:1065E30022E0FAA3E0FB221249CEA3A3A3A3A3A311
:1065F300A3A3A3E02274F2120BD974FD1212648ACE
:10660300088B09ECFEEDFF890A750B017401121466
:10661300F57404126926604474111214F5E06015D0
:10662300126808E41268F38A828B83E0D2E7F0EA07
:10663300241412666412666D125F0C7403F0A3E5F2
:106643000AF0EE88828983A3A3F0EF88828983A36B
:10665300A3126F2E126F76126921F50BA90B024953
:1066630008F582E43BF583E4F022126EF03B2274DA
:10667300F4120BD9EAFEEBFF8908EA125AAF12674C
:1066830006A3E0FAEE24171254D2640460097AD305
:106693007B00121FE88063EA12106001000EA966F6
:1066A30000A666750800125AAEA3E0F9EE2409F5B8
:1066B3000AE43FF50B88828983A3A3E0FC888289DF
:1066C30083A3A3126736F9850A82850B831265E0DB
:1066D300122396850A82850B83124FEA601CEE24EF
:1066E300111254D2C394024011125AB81268C270E4
:1066F30003A3E0696004A90880027900023BB08E1D
:10670300828F8312670A22E0F8A3E0F5838882224E
:106713002418F582E42212671D22F0850C82850D70
:1067230083A322852182852283EAF0A3EBF0221240
:106733006EF122A3E0F8E4C8F9EC28E439FDEA227B
:1067430074031211B17F08020F267402026745EE2B
:10675300240DF582E43FF58322E0F508A3E0F50973
:10676300750A00780822EE124A723FF5831268D543
:10677300E84922E8F0A3E9126F33A3A32212586871
:10678300F922126EF11257D82274F0120BD974FD4C
:106793001212648A088B098C0E8D0F890A750B01FE
:1067A30074011214F574031267FA602E125F0874F1
:1067B3000BF0A3E50AF074131214F51267EAA3129F
:1067C300634D125EF71267E2E50EF0A3E50F126761
:1067D300F1A312520C126829F50BA90B026743EEC1
:1067E3001267133FF58322E088828983A32212670D
:1067F300F522124E1FA3221268208A0C8B0DAE0CB9
:10680300AF0DEA4F22EA2417F582E43BF583221207
:1068130068208A0A8B0BAE0AAF0BEA4F22F0AA213B
:10682300AB221227B622F0EE2413125EFEEEFAEF2D
:10683300FB122300E92274F6120BD912693A3B12B8
:106843006882F98882F583A3E0FA88828983E070FD
:106853002BEAA2E0502690167EF075087E75091685
:1068630078081211D475080175090078081211D43B
:106873007C007D007A51125D211211B1025CD9F5C1
:1068830083E02401F8A3E03400221265E4122420FB
:10689300740422EA241EF582E43BF583E01268AA1D
:1068A3001265E412272C22F9EA241FF582E43BF552
:1068B30083228A828B83A3A3A3A3A3A3A3A3A31249
:1068C30068D5901703E06822F582E43FF5831268E8
:1068D300D5221268DAF922E0F8A3E022903350E4DB
:1068E30093F8E50AC398223BF583E0FEA3E0FF2279
:1068F300124CDFEEF0A3EFF022F582E4350BF583C3
:10690300E0221268D5C3228E828F83A3A3E0F50809
:10691300A3E0F50922F08882898322FAEFFB122390
:1069230000E922126820EA4B221267F5A3E022EE67
:106933002402FAE43FFB22EA241DF582E422EE243A
:1069430011F582E43FF583E4F022A3E0F8E4C8F90B
:10695300EA28E439FB22F583125F12A3E02274F7DD
:10696300120BD97E008005EE1269A30E1269F7405F
:10697300F67E00EE12698E74FEF0A304126918E429
:10698300F00EEEC3940340EB024CCA75F003A4F877
:10699300A9F0747A28F8741739F98882F583A32249
:1069A30075F017A4F8A9F01269EE12281C2274F7E7
:1069B300120BD97E0080010E1269F75027EE126D7B
:1069C30016E06A7003A3E06B70ED126A016C70034A
:1069D300A3E06D600A74FF6C700374FF6D70D812CE
:1069E30069EE80047A007B00024CCA74F428FA74BE
:1069F3000939FB22903350E493F8EEC39822126ACC
:106A03000522126A0AE02274FE28F582740939F518
:106A1300832274F6120BD97CFF7DFF7AFE7BFF1273
:106A230027FEEA4B70407508008036E50875F017BD
:106A3300A4F8A9F0740328F582740A123F67600C66
:106A4300740228F582740A123F67701374F428FEE7
:106A5300740939FF8E82F583126BDBEEFAEFFB05C7
:106A630008126A6C40C5025CD9903350E493F8E590
:106A730008C39822C082C0837A007B007C00801008
:106A8300126E457003A3E0F460050AEA70010B0C73
:106A9300126A9B40EB025969903350E493F8ECC3BC
:106AA300982274F4120BD98A088B09ECFEEDFF804F
:106AB3000B12281CEEFCEFFDAA08AB091227FEEA15
:106AC3004B70EE023BB074F7120BD97D007C008053
:106AD300020D0C126A9B501C126E457003A3E0F466
:106AE30060F0EDF8EA684B70E8EC75F017A4F81263
:106AF30069EE80047A007B00024CCA74F7120BD94A
:106B0300EAFEEBFFEA4F600E126B1C74FEF0A30467
:106B1300126B2AF0A3F0024CCA7C177D0079001295
:106B23001B3E8E828F8322124901A32274F7120B1C
:106B3300D9EAFEEBFF7508008018E50875F017A485
:106B4300F8A9F0126B5D7003A3E06F60031269AAEA
:106B53000508126A6C40E3024CCA126A056E22747D
:106B6300F6120BD91227FE8B09A909EA496009EA33
:106B7300240DFAE439FB80047A007B00025CD974AB
:106B8300F4120BD9EAFEEBFF8C0A8D0B7508007526
:106B93000900802BE50975F017A4F8A9F0126E2CF3
:106BA300601BE509126E397003A3E06F700375086B
:106BB3000AAC0AAD0B126D2C60034308A0050990C3
:106BC3003350E493F8E509C3985004E50860C5021F
:106BD3003B9C240CF582E4221265E4122426221243
:106BE30048F8FAA3E0FB2274F0120BD98A0E8B0F3C
:106BF3008C0A8D0B750C00780079017EFE7FFF7483
:106C0300101214F51269108011121B4AE50CF5F0ED
:106C1300EA84E5F0F8750C0079007C008007126CBB
:106C2300D61268EA0C903350E493FAECC39A507787
:106C3300EC75F017A4FAADF0EDFB126CD61250E42C
:106C430064FE7003A3E0F460DB126CD61250E465BB
:106C53000E7004A3E0650F60CB126CD61250E4658E
:106C63000A7004A3E0650B60BB126CD61250E46596
:106C7300087004A3E0650960AB74022AF582740A04
:106C83001250E4609FC39408509AE06407608FE950
:106C9300050C7090E50CC398408AEDF9126CD63957
:106CA300F583126E5E8022E50C6011E8700E7401AC
:106CB300650C6003026C0C7801026C1874FE6E7034
:106CC3000374FF6F6006EEFAEFFB80047AFE7BFF2E
:106CD30002674874F42AF58274092274F5120BD9F9
:106CE300EAFEEBFF8C088D09750A008002050A1283
:106CF30068DF501CAC08AD09E50A75F017A4F8A9C4
:106D0300F0126D2C60E7E50A126D16EEF0A3EFF0BA
:106D1300024E2875F017A4F8A9F0126D212274F41D
:106D230028F582740939F5832274F628FA7409392F
:106D3300FB121CD0E922E9F87907C3940D400479CA
:106D4300018019E8C3940740047903800FE8C394D2
:106D530003400479058005E87002790002117E740E
:106D6300F0120BD98A0E8B0F8C0A8D0B8908126DCA
:106D7300BC6043126B1CE50EF0A3E50F126B2A12E5
:106D83005215E5086007124FCCE5088005124FCC79
:106D93007401F0901757E064017006126DCAE48025
:106DA30005126DCA7407126DDA5001097A027B006D
:106DB3001208DD126DD40267481228048A0C8B0D69
:106DC300AE0CAF0DEA4F22EE240EF582E43FF583BD
:106DD30022126752E8F022F0126DDF2290334DE465
:106DE3009379002401F82274F7120BD9EAFEEBFF22
:106DF300750800802CE508126E397003A3E06F60FC
:106E03001474FF6E700374FF6F7014126E4D700371
:106E1300A3E0F4600A126E2C7005E5081269A3055D
:106E230008126A6C40CF024CCA74F628FA74093906
:106E3300FB12229AE92275F017A4F8A9F0126E53F7
:106E43006E22EC75F017A4F8A9F0126E5364FE22BB
:106E5300126D21E022852182852283E0FAA3E022BC
:106E6300E02401F0A3E03400F022C082C08374F870
:106E7300121264908278AC21AD2274081210FAAC1D
:106E830021AD2212656164017004790080027901E9
:106E930074080250DB74F6120BD9EAFEEBFF740C94
:106EA3001214F51265E0743A6A7001EB6006743BE4
:106EB3006A4B701F740A1214F5120FAF8C088D09F8
:106EC30078081211D4EEFCEFFD121C707404121139
:106ED300B18002790A025CD9241EF582E438F58375
:106EE30022E0F8A3E0C8241FF582E43822EA240B49
:106EF300F582E4221262F3126EFE222408F582E484
:106F030038F58322126F107401F0A3E4221268DAB9
:106F1300C8126F1822240DF582E438F58322126F0C
:106F23002522F0852182852283E022A3126F33225A
:106F3300F08A828B83222402F8E43FF98882F58366
:106F4300E0221261FDE8F0A3E9221248F8F8A3E079
:106F5300F922E50C2412F582E41257D82290171077
:106F6300126F70AA21AB2212220422F583E0FCA344
:106F7300E0FD22A3A312520CF02274F0120BD97479
:106F8300FE1212641267268C0A8D0B750800852188
:106F930082852283E06C7003A3E06D6017852182F4
:106FA300852283E0FA121C648A0C8B0DAE0CAF0DA4
:106FB300EA4F700675080102704CAA0AAB0B121C4B
:106FC300648A0C8B0DAC0CAD0DEA4D6007AA0AABBD
:106FD3000B121C76E4F50CF50D780C1211D4EEFCB3
:106FE300EFFDAA0AAB0B121C5E74021211B1E96029
:106FF30058EEFAEFFB127051604C780E1211D48EDA
:107003000C8F0D780C1211D47C007D0074041214C3
:10701300F51265E0121C7074041211B1E9701B784B
:107023000E1211D4780C1211D47C007D00AA0AAB85
:107033000B125D231211B1E96003750801AA0EABAF
:107043000F121BEC8003750810A90802674D121B71
:10705300E68A0E8B0FEA4B2274F6120BD91273C712
:10706300903355E493F508EC8508F0A4FCA8F0856B
:1070730008F0EDA428FD79FF7AC97B0B121B3E9023
:1070830005C274A4F0A37415F09005C47498F0A31A
:107093007415F09005C674C8F0A37415F09005C874
:1070A3007404F0A37416F09005CA740AF0A374165E
:1070B300F09005CC741CF0A37416F09005CE7422E6
:1070C300F0A37416F09005C1E4F080031211B17FB0
:1070D30002020F26C082C0837A0080010A903355D2
:1070E300E493F8EAC398500CEA1270FE70EEAA8299
:1070F300AB8380047A007B0002778C75F01AA4F8C6
:10710300A9F01276ABF422C082C0837A007B007CA4
:10711300008014EC1270FE600DA3A3A3A3A3E0F8F8
:10712300EA28FAE43BFB0C903355E493F8ECC3985C
:1071330040E102778C74F7120BD97F007E00801236
:10714300EE75F01AA4F885F008A90812710560011C
:107153000F0E903355E493F8EEC39840E3E4938A1B
:10716300828B83F0A3E4F0EF8C828D83F0A3E4F0B1
:107173000274F474E9120BD974F4121264890C8A40
:107183000A8B0B8C0F8D08750E00EA2408F510E4AA
:10719300350BF511851082F583E0F87401686005FD
:1071A3007403687011E9600E74FF650C6008740362
:1071B30068700AEC70077A007B000273808A148B74
:1071C3001575160078141211D07C097D0074031212
:1071D300123C121B3274031211B174091214F5E537
:1071E3000FF07E007F001215F2AA0AAB0B1215F8FE
:1071F3008A0A8B0B851082851183E0640170087500
:107203000901750D008006750900850F0D74FE6573
:107213000A700474FF650B700302737C7A00742395
:107223001214F5E0F510A3E0F51180010A9033552F
:10723300E493F8EAC39840030272CFEA1277097025
:10724300EBA3E0650970E58E828F83A3A3E0650A53
:107253007004A3E0650B70D48E828F83A3A3A3A3D2
:10726300E0650D70C7750900802C850A82850B8344
:10727300127BAC740A1214F512738A600CAA21AB48
:1072830022E0F5838882122CEC127C79A90C122C53
:107293002A750E010509E509C395084003027373B6
:1072A30012739AFCA3E0FDEEFAEFFB1215B0E9703E
:1072B300E3850A82850B83E0FCA3E0FDEEFAEFFB96
:1072C3001215BCE970A47E007F0080C81215928A53
:1072D300128B13AE12AF13EE4F700302737C8E82C8
:1072E3008F83E50CF0A3E509F08E828F83A3A3E5DA
:1072F3000AF0A3E50BF08E828F83A3A3A3A3E50D6E
:10730300F0903354E493C395085004E493F508755F
:107313000900802A12739AF8A3E0F9740A1214F58B
:1073230012738A600CAA21AB22E0F5838882122CA7
:10733300EC127C79A90C122C2A750E010509E509BA
:10734300C3950840CF8E828F83A3A3A3A3A3E5088D
:10735300F075120078101211D0AC08EC2CFCE43359
:10736300FDEE2406FAE43FFB121B3274031211B143
:10737300E50EA2E05003122C1EEEFAEFFB740C1282
:1073830011B17F0F020F26E8F0A3E9F0900521E089
:10739300F8A3E0F9E84922A809E828F8E433F9E575
:1073A3001028F50AE51139F50B850A82F583E022E9
:1073B300C082C0831273C779FF121B3E122B7079F0
:1073C3000102778C903348E493FC740193FD22749B
:1073D300F7120BD9EA4B60377E0080010E8A828B4D
:1073E30083A3A3A3A3A3E0F8EEC3985022EE25E062
:1073F300F8E433F9EA28F582EB39F583A3A3A3A3D1
:10740300A3A3E06C7003A3E06D70D17901800279CE
:10741300000274F474F2120BD9750A00EA4B607C13
:10742300EA2405127647F5086072EA240608E43B6D
:10743300F985080C750B00801488828983E508F0B0
:10744300A3E509F0E82402F8500109050BE50BC395
:10745300950C5036E50B25E0F508E433F509EA25EC
:1074630008F582EB3509F583A3A3A3A3A3A3E0F552
:1074730008A3E0F509EC65087003ED650970BA8EA1
:10748300828F83E014F0050A70C1E50A6003122BB2
:10749300708E828F83E06004790180027900800519
:1074A30074021211B17F06020F2674F7120BD9EA88
:1074B3004B603CEA2405F8E43BF988828983E0FECB
:1074C300903354E493FFEEC39F5024EE2EFEE43337
:1074D300FFEA2EF582EB3FF583A3A3A3A3A3A3ECBB
:1074E300F0A3EDF088828983E004F07901800279CA
:1074F300007F01020F2674F3120BD9890A8C0B1239
:10750300763E700B8A828B83E0FCA3E0FD800B1236
:1075130015E08A088B09AC08AD0974FE6C7003741E
:10752300FF6D605D750800801574016509700D8835
:10753300828983E06C7003A3E06D604905081276CD
:1075430033503EE50812761FE0650A70EFA3E0F5BD
:1075530009EA2402F8E43BF98E828F83E064016038
:10756300C8E50970D788828983E06C7003A3E06D56
:1075730070CA8A828B83A3A3A3A3E0650B70BD802B
:10758300047A007B007F05020F2674F4120BD9EAFC
:107593002408F8E43BF9880889098882F583E064C4
:1075A30001700B8A828B83E0FEA3E0FF800B121530
:1075B300E08A0A8B0BAE0AAF0B74FE6E700374FF86
:1075C3006F6054750A008015EC701088828983E01F
:1075D3006E7003A3E06F70031215AA050A1276B743
:1075E300502EE50A12761FA3E0FCEA2402F8E43BDE
:1075F300F9850882850983E0640170CC74016C709D
:10760300DA88828983E06E7003A3E06F60CA80CB5F
:10761300EEFAEFFB1215DA7F04020F2675F01AA4B7
:10762300F8A9F074C928FA740B39FB8A828B832278
:10763300903355E493F8E508C39822EA24081276B8
:1076430047640122F8E43BF9E8FEE9FF8E828F8369
:10765300E022EC75F01AA4F8A9F074C928F8740BA9
:1076630039F92274F4120BD9890B8A088B097E002D
:107673007F00750A008025E50A75F01AA4F8A9F0C1
:107683001276AB650B7013AC08AD09AA82AB8312FB
:1076930015B0E960050EEE70010F050A1276B740CA
:1076A300D6EEFAEFFB02761A74C928F582740B3909
:1076B300F583E022903355E493F8E50AC3982274E6
:1076C300F2120BD9890C8A088B098C0D750B007586
:1076D3000A008004050B050A1276B75022E50A1248
:1076E300770970F2AC08AD09EEFAEFFB1215B0E9B9
:1076F30060E4E50BC3950D40DBEEFAEFFB80047A03
:10770300007B000274A875F01AA4F8A9F074C928C4
:10771300FE740B39FF8E828F83E0650C22C082C01A
:107723008374F312126474FE6A700374FF6B604A0D
:107733007C00802212765588828983A3E0FD740140
:107743006D6012ED700F88828983A3A3E06A7003D2
:10775300A3E06B60250C903355E493F8ECC3984099
:10776300D3E4936C70148521828522837404F074AE
:107773000B1214F51278251222B28008740B12141E
:10778300F5127C83740D1211B1D083D08202117E65
:10779300C082C08374F312126412795B6402700EA8
:1077A3001277CB1214F51279511222BE8017EAFC1C
:1077B300EBFD74031214F5AA82AB83122294AA215F
:1077C300AB221222C402777F8A828B83E0F8A3E084
:1077D300F974012274F7120BD974F3121264ECFEDC
:1077E300EDFF8521828522837404F0740B1214F556
:1077F3001278251222CAE9F508601D8E828F83A3B1
:10780300A3A3A3A3A3A3A37403F01214F5AC82ADA3
:1078130083EEFAEFFB121CD6A908740D1211B10204
:1078230074F4EAF0A3EBF0AA21AB2222C082C08356
:1078330074F31212648521828522837404F0740B1D
:107843001214F51278251222CA740102778174F694
:10785300120BD974F31212649005C1E0707B852179
:10786300828522837404F09017031277CF1214F5E4
:10787300E8F0A3E9F01227448A088B09AC08AD09A4
:1078830074031214F5AA82AB83122294AA21AB22A9
:107893001222D01227508A088B09A808A90974015B
:1078A3001214F5E0687003A3E069602774FE687042
:1078B3000374FF69601D74011214F5E8F0A3E9F085
:1078C30074031214F5AA82AB83122756AA21AB22A2
:1078D3001222D09005C17401F0740D0270CFC082E2
:1078E300C08374F312126412795BF8740268701126
:1078F3001277CB1214F51279511222BEE9704C8023
:107903001F7403687023EAFCEBFD74031214F5AAD9
:1079130082AB83122294AA21AB221222C4E9702BD8
:10792300AA21AB221222D0802274016870128A82AB
:107933008B83127BAC740B1214F5E8F0A3E9800A75
:10794300740B1214F574FEF0A304F002777FE8F0D1
:10795300A3E9F0AA21AB2222852182852283740424
:10796300F08A828B83A3A3A3A3A3A3A3A3E022747C
:10797300F7120BD9780079007C007D0080010D900F
:107983003355E493FEEDC39E502AED75F01AA4FE21
:1079930085F008AF0874C92EF582740B3FF583E0B8
:1079A300F460DB8C0874012CFCAE08EA6E4B70CEDD
:1079B300A882A983E8FAE9FB0274F474F6120BD9DE
:1079C300E4F508F50978081211D4127C89127BB802
:1079D300121C5E74021211B1E9FE74096E70031277
:1079E300160AEEF90270D274F6120BD974FE121253
:1079F30064852182852283E4F0A3F0A821A922884B
:107A030008890978081211D47508027509007808E5
:107A13001211D47C007D007A417B00121C6A74042D
:107A23001211B174020270CF74F2120BD974E21204
:107A330012648A088B09ECFEEDFF750A007A417B1C
:107A430000121C648A0C8B0DAC0CAD0DEC4D600F59
:107A5300EE6C7002EF6D60077A417B00121C76E4D6
:107A6300F50CF50D780C1211D4EEFCEFFD7A417B89
:107A730000121C5E74021211B1E9640A7003027BE6
:107A8300A27402121234880C890D780C1211D47569
:107A93000C02750D00780C1211D47C007D007A0065
:107AA3007B03121C7074041211B1E96003027BA200
:107AB300852182852283E4F0A3F07E00806A74042A
:107AC300121234880C890D780C1211D49033481299
:107AD3000FDCEEF8127D627A007B03121C707404D3
:107AE3001211B1E96003027BA274041214F5E0F4ED
:107AF30060357404121234880C890D780C1211D479
:107B0300903348120FDC74041214F5127BAC127D0F
:107B13006EFA850CF0E9127BB2121C6A740412111E
:107B2300B1E9707B127E520E852182852283C08249
:107B3300C083903355E493F8D083D082C3E098A3F5
:107B4300E094005021852182852283C082C0837402
:107B5300021214F5127BACD083D082C3E098A3E069
:107B6300995003027AC1A821A922880C890D780CA7
:107B73001211D4750C02750D00780C1211D47C000F
:107B83007D007A417B00121C6A74041211B1E97002
:107B93000EAC08AD097A007B03121C76E96003750D
:107BA3000A01A90A741E0274A5E0F8A3E0F922A44D
:107BB3002AF9E82402FCE439FD7A417B002274F2BD
:107BC300120BD974FE121264750A00127C89F5082F
:107BD300E439F5097A417B00121C648A0C8B0DAEE3
:107BE3000CAF0DA821A922880C890D780C1211D491
:107BF300750C02750D00780C1211D47C007D007A8F
:107C0300417B00121C7074041211B17A007B0312C1
:107C13001C648A0C8B0DA80CA90DE849700CE508AF
:107C23006E7003E5096F70138047EE4F6031852155
:107C330082852283127C83EA4B60247C007D037A55
:107C4300417B0012285EE9F8880A7025EEFCEFFDFF
:107C53007A417B00121C76E96009750A018012E8FB
:107C6300FEE9FFAC08AD09EEFAEFFB121610E9F5D9
:107C73000AA90A0274A37D017C00850A82850B830D
:107C8300E0FAA3E0FB22903348E493F8740193F9FC
:107C9300903355E493F508E88508F0A4F8AAF08535
:107CA30008F0E9A42AF9E824022274F2120BD97429
:107CB300FE121264852182852283E4F0A3F012165A
:107CC30016E96003027D56A821A92288088909784C
:107CD300081211D475080275090078081211D47CB2
:107CE300007D007A417B00121C7074041211B1E90B
:107CF30070617E007F007508008043E50875F01A07
:107D0300A4F8A9F074C928F50A740B39F50B780A9D
:107D13001211D4903348120FDCA808127D627A4105
:107D23007B00121C7074041211B1E9700F850A8272
:107D3300850B83E0F460050EEE70010F05081276E3
:107D4300335010852182852283127BACC3EE98EFDA
:107D53009940A8852182852283127C830274A31211
:107D63007D6EF9E82402FCE439FD22903348E49364
:107D7300F50C740193F50DE8850CF0A4C8AAF08501
:107D83000DF0A42A2274F1120BD974E41212648543
:107D93002182852283E4F0A3F07E008075EE75F0E6
:107DA3001AA4F8A9F074C928F508740B39F50985E4
:107DB300080CF50D750E00780C1211D01273C774F0
:107DC3000512123C121B3274031211B17402121207
:107DD30034880A890B780A1211D4903348120FDCC5
:107DE300EEF8903348E493F50A740193F50BE885B4
:107DF3000AF0A4C8AAF0850BF0127BB2121C6A74B5
:107E0300041211B1850882850983E0F46003127EB0
:107E1300520E903355E493F8EEC3984080A821A9FD
:107E2300228808890978081211D475080275090097
:107E330078081211D47C007D007A417B00121C6A01
:107E430074041211B1741C1211B17F07020F26853D
:107E53002182852283E02401F0A3E03400F022C0D4
:107E630082C0839083331214DE1219289082EB129E
:107E730014DE12187475A1F743A70875A1EF43A781
:107E8300108012C082C08353A7EF53A7F71218685C
:107E930080031214DED083D08202117E74F0120BA1
:107EA300D98A088B098C0A8D0B12191C8A0C8B0D2D
:107EB3008C0E8D0F7808790C121435400312175469
:107EC300AEA8C2AF90070B7808121464AA08AB09D6
:107ED300AC0AAD0B121934027F9674F4120BD9AEAF
:107EE300A8C2AF12191C8A088B098C0A8D0BEEA24B
:107EF300E792AF90070B780812115950087A007B6C
:107F0300007C007D007F04020F2674F4120BD9AEAF
:107F1300A8C2AF1219228A088B098C0A8D0BEEA214
:107F2300E792AF90070B780812115950087A007B3B
:107F3300007C007D0080CE74F0120BD98A088B0977
:107F43008C0A8D0B90070B780812115950031217E6
:107F530054A2AFE433FEC2AF90070F780812146443
:107F6300AA08AB09AC0AAD0B12192E12191C8A0C04
:107F73008B0D8C0E8D0F7808790C1212A5700D7570
:107F8300A1EFEEA2E092AF122ADA8005EEA2E09210
:107F9300AF8005EEA2E792AF7F08020F2602117EA3
:107FA300C082C083122ADA027E98C082C08312196B
:107FB3004C122AE6027E98C082C08390070B027E91
:107FC3009574F4120BD98A088B098C0A8D0B908255
:107FD300E37808121159500C750896750951750A02
:107FE30018750B009082E778081213A890189378FD
:0C7FF300081214647F04020F2602117EA5
:1080000007000A000C000D000E000F001000110008
:1080100012001300140019001B00000101010002EE
:10802000010202040004010403040404050406041C
:1080300000050206030604060506060607060806EE
:1080400009060A060B060C060D060E060F0610069C
:1080500011061206130604070009000B010B020BA0
:10806000030B0500060008000900160002010202C9
:108070000302000301030105020500060106040BCB
:10808000140615061706000701070207030704096F
:108090000009526573746F72696E6720617474723F
:1080A0006962757465732066726F6D204E56207319
:1080B00074617475733D25640D0A00706F72744E9F
:1080C000756D3D307825582070696E4E756D3D3068
:1080D000782558206973507265737365643D256413
:1080E0000D0A000000000000000000000000000079
:1080F0000000000000000000000000000000000080
:10810000000000000000000000536176696E6720E7
:108110006174747269627574657320746F204E5651
:108120002077726974653D25640D0A0052656164AB
:10813000424D4532383020743D256C642C20703D12
:10814000256C642C20683D256C640D0A004E562079
:1081500077617320656D7074792C2077726974690A
:108160006E672025640D0A001A44495952755A5FFA
:1081700041697253656E73655F52656C6F616465CA
:10818000645F3200000000000000000000000000FA
:1081900000000000000000000000000000415050FE
:1081A0005F524541445F53454E534F52535F4556CE
:1081B000540D0A004150505F534156455F4154549D
:1081C00052535F4556540D0A00FC2936266C173E63
:1081D00024DA1E001DAC2B321EB81624175265611E
:1081E00064696E672066726F6D204E560D0A0041FD
:1081F00050505F5245504F52545F4556540D0A003F
:10820000415554482043422063616C6C65640D0AFB
:10821000004261736963526573657443420D0A00DD
:108220000C323032363032313820363433000000F0
:108230000000000000000000000000030002040530
:108240000403040D04094566656B74614C616200AA
:108250000000000000000000FFFFFFFFFFFFFFFF26
:10826000FFFFFFFFFFFFFFFFFFFFFFFFFFFFFFFF1E
:1082700000000000000000000000000000000000FE
:108280000306030008007482003A003B0005342E08
:10829000302E3700800000350C00000000008030D8
:1082A000750000B1AD010000D4FEFF000400000025
:1082B00000200001900100010000199A99993F6087
:1082C000EA0000B03600000A00000064000000145C
:1082D000000000FFFFFFFFD00700000010000019A2
:1082E00000000097511800FEFFFFFF0000FF000094
:1082F000000400000000FF0008000008000000006B
:10830000200000F8FF0000E71F0300040000000247
:10831000000000010000000006FFFF000000000553
:108320000000001027000035210000100000009818
:108330003A00000000000048E80100F4010000A736
:10834000190000900100000600000000409C45005C
:1083500000803A000020410000FA43018089440077
:10836000247449018000001E000000030000000C7E
:1083700000000060F0FFFFC8000000010000800066
:108380004800000001000080000000881300003257
:1083900000000019E0FCFF0B000000004000002B73
:1083A000040C00E2040000E8030000E903000030D0
:1083B00000000002000101030A0404C082C083120D
:1083C000158C9016B5744AF0A37424F09016B77407
:1083D00050F0A37424F09016B97456F0A37424F0EE
:1083E0009016BB745CF0A37424F002B0F674F7121C
:1083F0000BD99016A9E4F0E99016A8F07C807D16C0
:108400007AAA7B16121CD690198BE09016B2F090C7
:1084100016B3746AF0A3741602938374F0120BD926
:10842000EAFEEBFF5480700302858C9016A812942C
:10843000187003028585EA241B12AC83707CEA2441
:108440001F12AC8364137002A3E0706E8A828B8368
:108450001285DA9016C312A215750A00750B0080FA
:108460000D12925912C2F5121BECAA0EAB0FEA4B79
:1084700060488A828B83E0650C7004A3E0650D7010
:108480002C8A828B83A3A3A3A3E0F50EA3E0F50FB0
:10849000E50A450B8A828B83A3A3A3A360C312952D
:1084A0005B850A82850B83A3A3A3A380B78A0A8B6B
:1084B0000B8A828B8312A21180B4E508242A12ACA5
:1084C00083FCE5082402F8E43509F9E8FAE9FB90B1
:1084D00016C31286C1A3A3E06402703C8A828B8318
:1084E00012A215800B88828983A3A3A3A312955B94
:1084F000E849601F88828983E06A7003A3E06B709B
:10850000E488828983A3A3E06C70DA90199112AF9A
:10851000B3806BECF9122486850882850983E064B8
:1085200001704FE50824181285C31211D812B89DA6
:10853000120FABE50824121285C31211D8E50812F8
:10854000940C1211D4E508240B12B8A1120FAFE558
:108550000824171293A9E5082402FCE43509FDE577
:10856000082419FAE43509FB122CBA740A1211B165
:10857000800CE064027007AA08AB09122564AA08FF
:10858000AB09121B56EEFAEF6480802DEA540260AC
:108590000C9019F07401F0EA6402FA8023EA54089E
:1085A000601A122480EA4B700B9016C512B7787AC5
:1085B000081285D0EE6408FAEFFB80047A007B0095
:1085C00002BF27F582E43509F583E0F50A780A222F
:1085D000FB9016A8E0F9121CAC22A3A3E0F50CA3B3
:1085E000E0F50D227B009016A8E0F9121CA074049F
:1085F0002274F4120BD98A088B098A828B83A3A375
:10860000A312A00D1293B438F583E02409FA12BE28
:10861000BF70030286B48A828B83740212A08285A3
:1086200008828509831286C1E8F0A3E912BB398A62
:10863000828B83A3A3A3A3A3A3A3A3F0E50824038E
:10864000F8E435091286B61293B43AF583E08E82C7
:108650008B83A3A3A3A3F0EE2409FAE43FFB8E824D
:108660008F83A3A312B265F5838882E0A2E58E8290
:108670008F83A3A3A3A3A3500474018001E4F0E5B6
:10868000082403F582898312A215EA12A7963BF506
:108690008312BE861211D01293B33B12B3578E824F
:1086A0008F83A3A312D0351211B1EEFAEFFB90160F
:1086B000A812BF0C8016F98882F583E0FAA3E0CAFD
:1086C0002212A3B2A3A32274021211B17F04020FDB
:1086D0002674F2120BD98A088B09ECFAEDFB740EA2
:1086E0001214F5E0FC1215C28A0C8B0DAE0CAF0D06
:1086F000EA4F6030AC08AD091215B0E96026AC084D
:10870000AD09EEFAEFFB1215B6E970148E828F8375
:10871000129548FAEFFB1215AAAA08AB091215DA4E
:108720007900800279B402A30174F0120BD974F6B7
:10873000121264EAFEEBFF8C088D09750FB38521D8
:1087400082852283E4F0750E008002050E90335579
:10875000E493F8E50EC3984003028850AA0E7B000C
:108760001215FE8A0A8B0BEA4B60E08A828B83A388
:10877000A312885728F0F8C3EE98EF940050CC7CF1
:10878000157D007900AA08AB09121B3E850A828577
:108790000B83A3A3A3A312C332E0F8EEC398292549
:1087A000E0F8E433F9E50A28F582E50B39F583A30F
:1087B000A3A3A3A3A31293BEA312ADDA8A0C8B0DBD
:1087C000AC0CAD0DAA08AB09121CD6850A82850B2C
:1087D00083A3E06401700A12B89D74011293D080E3
:1087E000447401121244850A82850B8312A213126B
:1087F00015E6E9603D74091214F5E0C0E012B89D79
:10880000D0E0F074091214F5E064037013740112DF
:108810001244E508240BFAE43509FB121CD6801239
:1088200074011214F512955BE50812ADC0350912FA
:10883000C2F3850A82850B8312B8A91293D0A3A331
:10884000E0C0E0E508241412B8A1D0E0F0750F00F4
:10885000A90F740A02BF24A3A3A3E0F8852182858F
:108860002283E02274F7120BD9E9FE8A828B83A35C
:10887000A3A3A3A3A3E0540860338A828B83A3A39A
:10888000A3A3A3A3E0540260218A828B83A3A3A3A2
:10889000A3A3A3A3A3A3E06406600F74E96E600A18
:1088A00074CD6E600574F06E7003122468029C0033
:1088B00074F0120BD974EF121264740F1214F512C3
:1088C000B65C74081214F5E9F0ECFEEDFF740512C5
:1088D00014F51299C8129BECA3E0F91215CE740698
:1088E0001214F512B65C74061214F512A827700360
:1088F000028B6B1293F8E0FA74061214F5E0F91289
:1089000023A8128BCBF8A3E0F9E8497003028B6B24
:10891000EE2403F50AE43FF50BEE2406F508E43FE8
:10892000F5097C00850882F58312A215850A8285E7
:108930000B83E0F91215D474031214F512B65C859A
:108940000A82850B83E0C0E0852182852283128B19
:10895000C4D0E012A93CF98521828522831292605D
:1089600012A48E12885AFAA3E0CA2407F582E43AC8
:10897000F583E8F0A3E412B6672406F582E438F53F
:1089800083E412C2FF12A0011211D0EE1293B43F81
:1089900012B35774031214F512A00D240912D02F2C
:1089A0001211B174291214F512C32C1286BB12A92C
:1089B0004F3A12C2F3742B1214F5E0C0E085218205
:1089C00085228312A7EED0E0F074021214F5E4F0D1
:1089D00074251214F57808121482028AC2740312E4
:1089E00014F512B31F8882F583128BB3A3A3A312CD
:1089F000ADE5FB1215EC850E82850F83A3EAF0A38B
:108A0000EBF074031214F5128BC4A3128BB312AFE4
:108A1000F4A2E6500F850E82850F83A3A3A3A3A320
:108A2000E0D2E1F074051214F5E0706B850E8285DA
:108A30000F83A312955B901703E0687003A3E069AE
:108A40007055850E82850F83A3A3A3129393750C93
:108A500000780C1211D878081211CC74291214F570
:108A6000E0F50C780C1211D874271214F5120FAF20
:108A7000901710120FAF790074191214F512A1E5B6
:108A80001225AC740A1211B1850E82850F83A3A33F
:108A9000A3A3A3E04405F074021214F5E004FC8ED5
:108AA000828F8312A20F8E828F83A3A3A3E0F91279
:108AB00015D474031214F512B65C74021214F5E0A6
:108AC00004F074031214F512A827606774021214DC
:108AD000F5E0FA74061214F512955BC3EA98E4996E
:108AE000505174021214F5128E9D852182852283C5
:108AF000E028F8A3E039F9E8240FF50EE439F50F82
:108B0000850E82F583E4F074031214F5128BBE64B3
:108B10000160030289DD74051214F5740112BF129D
:108B2000F074031214F512B0E6128EC0E8F0A3E957
:108B3000028A0185218285228312A2151223AE8525
:108B40002182852283120FAF74261214F5E0FD7482
:108B5000251214F5E0FC740A1214F5E0F9EEFAEFB0
:108B6000FB12246274021211B180438E828F83A3A0
:108B7000A3A3E0C0E0740C1214F5D0E0F012BD7BAA
:108B8000E0C0E0740D1214F5D0E0F074061214F594
:108B900012A8277009740E1214F574B98007740EA8
:108BA0001214F57410F0740912123C1225A67411F7
:108BB00002BF24E0850E82850F83A3A3A322E012C7
:108BC000A914E022E012A914A3A322852182852200
:108BD00083EAF0A3EB12A8302274F0120BD974E1EF
:108BE00012126474041214F5E9F074031214F5EC13
:108BF000F074021214F5EDF08A0E8B0F742F12141C
:108C0000F51285DCAA0CFB12239C74011214F5E901
:108C1000F0AA0CAB0D1223A274011214F5E070033C
:108C2000028E98852182852283E480158E828F832F
:108C3000A3A3A3A3A3E0D2E3F0852182852283E04E
:108C40000412BE6AF8852182852283E0C39840031E
:108C5000028E8F74011214F5E07003028E8F85214D
:108C600082852283128E9DE50C28F8E50D39F9E8FE
:108C7000240FFEE439FF8E82F583A3A3A3A3A3E010
:108C8000A2E040B5750800750A08750B0074021261
:108C900014F5E060037508207C087D0079007405F8
:108CA00012123C121B3E8E828F83E0603E9017535F
:108CB000E06401701AE508D2E3F508750B10128E16
:108CC000AD1214F5E8F0A3E912ACD874FF80764336
:108CD000080C750A0C8E828F83A3128EB812C2F50F
:108CE00074051214F574FFF0A3805A74041214F57D
:108CF000E06009E508D2E6F508750A0A8E828F83DE
:108D0000A3E064FE7003A3E0F4703074121214F553
:108D1000740412B8C7F8741D1214F5E812A0827416
:108D20001212123C1222CA7D007C007900741512C6
:108D300014F5AA82AB83122084800B128EAD12141C
:108D4000F5E8F0A3E9F074071214F5E508F01293C2
:108D5000EFC0E074091214F5D0E0F0740A1214F5B3
:108D60007401F0740512123C12256A74111214F584
:108D7000E06003028E6D740D1214F512A9378E8215
:108D80008F83A3A3A3A3F0740D1214F512A050E5D2
:108D90000AF0A3E50BF074031214F5E0C0E0129F93
:108DA000E1D0E012AFF46011901753E0C0E0740D11
:108DB0001214F512A02BD0E0F0740D1214F51295D8
:108DC0005B850C82850D83A3A3A3A3A3128EA62487
:108DD0001C12B65612C30F128EA812AFA63912BDBE
:108DE0009AC0E0129FC8D0E012BE5FC0E0740D12BE
:108DF00014F5129B0ED0E012BB60C0E0740D12148B
:108E0000F5129B04D0E0F0740D1214F5128EB81216
:108E10008EA6242A12B656850E82850F83A3A3A39D
:108E2000A3A3A3A3A3E012B64F1293DEC0E0129A4D
:108E3000F0D0E0F0740D1214F512A215850E8285A3
:108E40000F8312BE752428F582E43B12C2F31293FD
:108E5000E712BE861211D012B350EA12B5E83B12E7
:108E6000D0331211B1740512123C1225708E828F0C
:108E700083A3A3A3A3A3E0D2E0F074111214F5E03E
:108E80006003028C2C74011214F5E014028C387902
:108E900000AA0CAB0D12246E741F02BF24E075F003
:108EA00007A4F8A9F022A3A312A219E8228E828FA8
:108EB00083A312955F740522E0128EC0A3A3A322A0
:108EC000F8A3E0F9850E82850F83A32274F0120BBC
:108ED000D974E8121264E9852182852283F08A0E12
:108EE0008B0F8A828B83A3A3A3A3A3A3A3A3E0F9DD
:108EF0001223C68A088B09EA4B7003028FA9E50E7C
:108F000012A7AA12940712939E852182852283E0DC
:108F10006003028FAC7C04850E82850F83A3A3A31C
:108F2000A3A3A3A3A3E0F91223CCEE4F607B8E8210
:108F30008F83A3A3A3A312955B74071214F512B732
:108F40008D12955B74091214F512A0B2C0E0741171
:108F50001214F5D0E012BB3EA3A3A3A3A3A3A312B4
:108F6000955B740F1214F512C2F574121214F5E425
:108F700012BF1AC8241FF582E438F58312B31BC44C
:108F800013135403FC70027C048E828F83E0F97803
:108F9000081211D4742059FD744059F97403121247
:108FA0003C12246274021211B102BF227C08850EA9
:108FB00082850F83A3A3A3A3A3A3A3A3E0F91223F2
:108FC000CC8B0BEA4B7003028F2AEE4F60DB8521BE
:108FD00082852283E0F50C780C1211D885088285F1
:108FE0000983A3A3A3A3A3A3A3E0F50C780C1211F8
:108FF000D88A828B83A3A3A3E0FB8A82850B83128A
:10900000CB528A82850B83E0FA8E828F83A3A3E002
:10901000F9122CC074021211B1028F2E74F7120BC8
:10902000D974FA121264E9FE780179017F00800395
:1090300079000F12A391E0FCEFC39C5026EF75F06E
:1090400007A4FC85F008AD08EA2CFCEB3DFD129965
:1090500080E0A2E050DA540C60D6E0A2E250D3786F
:109060000080CF8A828B83A3A3A3A3A3A3E0703D38
:10907000E9A2E0400574016E70338A828B83A3A35A
:10908000A3A3A3A37401129370E0C0E074031214AD
:10909000F5D0E01299DFE0C0E074041214F5D0E0DE
:1090A000F074051214F5E812B2BA1225A67406027D
:1090B0009BFDC082C083790112246E02B0F674F465
:1090C000120BD9EA4B9019F06019E4F08A088B0969
:1090D000F50AF50B78081211CC7A021285E4121108
:1090E000B1800A7401F07A027B001285D10286CC2D
:1090F00074F0120BD974F312126474031214F5E4B1
:10910000F0A3F09016C312939E74011214F5E4F0CC
:10911000A312A08704F09016FDE0A2E35003029191
:10912000E312936474091214F51214C6740912142C
:10913000F578081214829016C5780812124C74053E
:109140001214F5780812146412926774051214F55B
:10915000780812142550077A017B00029254740596
:109160001214F5780C121482901990E0F509780C1D
:109170007908120B6AA80CA90D901991E0C398E424
:10918000995003E08001E8852182852283F07409EB
:109190001214F57808121482C008C009C00AC00B66
:1091A00074051214F5780C121482129267780C79F7
:1091B00008120B6AE4F50AF50BD00FD00ED00DD0D3
:1091C0000C780C790812130C9016C5780C121464E4
:1091D000801112925912C2F5EEFAEFFB121BECAE9F
:1091E00008AF09EE4F60658E828F83128857C3984F
:1091F000502DEE2403F8E43FF9E0FA88828983E0F9
:10920000C39AF0602374031214F51296C17401120C
:1092100014F5EEF0A3EF12B7A8FEA3E0FF80C48E12
:10922000828F83A3A3A3E4F08E828F8312CFEC748A
:10923000011214F512A8278E828F83A3A3A3A36023
:109240009112B7811214F51292608089740312147E
:10925000F512A215740D02BF2412955F9016C32259
:1092600012B346A3A3A32290198F12CFF4E4F50AF8
:10927000F50B2274F0120BD98A088B09890A780041
:1092800079009016C312939EFBEE4B601E088E82EF
:109290008F83A3A3A3A312A1DF601008E8700109C4
:1092A0008E828F8312939AEA4F70E390199212A2E2
:1092B00015C3E89AE99B40030293577A0612935A22
:1092C000A80CA90DEA4970030293578A828B83E5A3
:1092D00008F0A3E509129379E50AF090199112A319
:1092E00099129370A3E4F0A3F09016C312A1DF606B
:1092F0000D8E828F83A3A3A3A312C2F580179016AD
:10930000C312C2F59016FDE0A2E3400912936490E7
:1093100016C51214C69016FDE0A2E3503A7A087BF7
:10932000009016A8E0F9121CB2EA4B4C4D70289040
:10933000198FE0F508A3E085080CF50DE4F50EF5AE
:109340000F780C1211CC7A087B009016A8E0F91265
:109350001CA674041211B102BF277B00121BE68AFF
:109360000C8B0D22121CBEEAF8EBF9ECFAEDFB2295
:1093700012937422129379A322F08A828B83A3A37F
:1093800022E508F0029C00F08E828F83A3A3A3A3A2
:10939000A3A32212AC91A3A3F022A3A3A3A3E0FE54
:1093A000A3E0FF227F05020F26F582E43509F5834D
:1093B000E0F922EA1293B8222410F582E4221293F3
:1093C000C6A3A3A3A32212956385088285098322DD
:1093D0001293D422F0850A82850B83A3A322E50E83
:1093E0002411129404E022E50E240E12940422E5C6
:1093F0000E2410129404E0221293FC22EE1293B871
:109400003FF58322F582E4350FF58322240FF50A18
:10941000E43509F50B780A22E0F9121B688A088BFB
:1094200009EA4B2274F2120BD9890B8A088B098A3C
:10943000828B8312A215122492EA4B600479B880C1
:109440006A12249EE9F8903352E493F9E8C39940F4
:109450000479B280567A1512935AAE0CAF0DEA4FCA
:109460007004791080458A828B83E4F0A31293798B
:10947000E50BF0750A0078081211D07C127D00EA25
:10948000240312BE311211B19016C912A827700818
:109490009016C9800C12955B888289831294AE70F5
:1094A000F4EEF0A3EFF01224B0790002A30112A2AF
:1094B00019EA4B8882898322C082C0839016C980B2
:1094C000048C828D8312CB53EC4D60288C828D836B
:1094D000A3A3E069600574FF6970E68C828D83A3A5
:1094E000A3A3E06A7003A3E06B70D6EC2403FAE454
:1094F0003DFB80047A007B0002B0F674F7120BD9B2
:10950000E9FD74FE6D70047C0180027C009016C938
:1095100080096D70027C018882898312A827601FF0
:1095200088828983A3A3A3E06A7003A3E06B70E73A
:10953000ECA2E088828983A3A3E050D6F980027967
:10954000FE029C00EEF9800CA3A312CFF4EE22746D
:10955000021211B17F02020F26F58312955F2212CB
:10956000956322E0F8A3E0F9221295638E828F833F
:10957000221211B17F03020F26C082C083790090AE
:1095800016C9800109E0FAA3E08A82F583E58245E5
:109590008370F102B0F674F6120BD9E4F508F50900
:1095A00078081211D4903352E49375F013A4A9F003
:1095B0001296B612C3531211B1E9FE74096E70030C
:1095C0001224AA02954474F6120BD974FE12126486
:1095D000852182852283E4F0A3F0A821A9228808AE
:1095E000890978081211D4750802750900780812E3
:1095F00011D412BFC41211B102954F74F5120BD9D8
:1096000074EB121264852182852283E4F0A3F0902A
:1096100016C980748E828F83A3A3E0C0E074021207
:1096200014F5D0E012ACD8A982AA8389088A0975FA
:109630000A0078081211D07C127D0074061214F50D
:1096400012C3181211B174021212348808890978F1
:10965000081211D475081375090078081211D47412
:10966000041214F512A7CA75F013A4F8AAF075F045
:1096700013E91296B212BFCC1211B1852182852254
:10968000831296C18E828F8312939EEE4F7085A8AF
:1096900021A9228808890978081211D47508027551
:1096A000090078081211D412BFC41211B174150246
:1096B0009571A42AF9E82402FCE439FD7A427B0082
:1096C00022E02401F0A3E03400F02274F4120BD95C
:1096D00074EB1212647E007F00A821A922880889F9
:1096E0000978081211D47508028E0978081211D46D
:1096F0007C007D007A4212C35F1211B1E9706C8E5A
:109700000880567402121234880A890B780A1211E2
:10971000D4750A13750B00780A1211D4E50875F098
:1097200013A4F8AAF075F013E5091296B212C361FA
:109730001211B1E9701B74031214F5AA82AB837481
:10974000021214F5E0F912248CE970050EEE700196
:109750000F0508E50870020509852182852283121C
:10976000955BC3E50898E509994098EEFAEFFB741C
:10977000150286C974F6120BD98C828D83A3A312AD
:1097800099CDF0EA12B5EE3BF583E0C0E012998A7C
:10979000D0E0F0EA241DF582E43B12955912996E4F
:1097A0001299C8F0A3F0EA241FF582E43BF5831276
:1097B000939EEC1299613DF583EEF0A3EFF01299C0
:1097C000673BF583129998A3A3A3A3A3A3EEF0A3E9
:1097D000EF12B249FE8C828D831299D774035EFE1C
:1097E000C394034003029954EE600874026E600350
:1097F0000298798C828D83E0540CFE740C6E700399
:109800000298B8E0A2E4400D88828983E08C828DC2
:1098100083A31299ED74086E60030298B8129978C8
:109820007401F08A828B83A3A3A3A3A312AC9E70BE
:10983000148C828D83E0440C1299DFA3A3129998B3
:10984000EEF0A3EFF08C828D83E0A2E4402B8882BF
:109850001299A61299BB500109F5821299A6A3A3E9
:10986000A3A3A3A3F0A3EF1299E78C828D83A3A3F4
:10987000A3F0E82403F850010988828983E0C0E05E
:10988000EC2411F582E43DF583D0E01299D78C8267
:109890008D83E0A2E7507588828983E0FE8C828DFB
:1098A000831299ED74FC5E700C8C828D83A3E0545E
:1098B000036403701E029954129978E4F0740C6EDC
:1098C000600302982388821299AC1299BB50010957
:1098D0000298458C828D83A3E0540360328882898C
:1098E00083E0C0E0EC1299923DF583D0E01299EE4E
:1098F0008C828D83E054036402701488828983E033
:10990000C0E0129980D0E01299EE8003A3E4F0EC5D
:1099100012A7963D12C2F3EC2410FEE43DFFEA24A8
:109920001DF582E43BF583E0F5088E828F83E0C36A
:10993000982508F508F0EA2417F8E43BF98882F541
:1099400083E0C39508C0E012996ED0E012B249C31B
:109950009508500A12996EE4F012998AE4F0029583
:10996000542415F582E422EA240DF582E422EC2445
:109970000DF582E43DF58322EC12A94F3DF58322DB
:10998000EC2414F582E43DF58322EC1293B83DF506
:1099900083222413F582E422E0FEA3E0FF8C828D73
:1099A00083A3A3A3A3221299ACA3A3228983E0F5E6
:1099B00008A3E0FFE5088C828D8322A3A3A3A3F074
:1099C000A3EFF0E82402F8221299CDA322E4F08C50
:1099D000828D83A3A3A3221299F5A882A9832212C0
:1099E0009374A3A3A3A3221299F5A3E022A312992F
:1099F000F508A9832212B252A32274F4120BD9746F
:109A0000F31212648A0A8B0BECFEEDFF8C82F58355
:109A1000E0540CF508E0A2E75006E508D2E7F508A7
:109A2000E508D2E1F50812AC9E7006E508D2E4F52F
:109A300008E0A2E55006E508D2E5F5087C087D00BF
:109A40007900AA21AB22121B3E74021214F5E5081C
:109A500012C2F9C0E074031214F5D0E012A087E539
:109A60000AF0A3E50BF074051214F512BB6512148D
:109A7000F5E0707774081214F512A00D12B23B389D
:109A800012BB80C0E074081214F5129B0ED0E012D5
:109A9000BB60C0E074081214F5129B04D0E0F074AF
:109AA000081214F5129AFAE012A03512A0B612B6F6
:109AB0004FEE241112AC6AC0E0129AF0D0E0F0EE42
:109AC000241412AC6AC0E074081214F512A00D241C
:109AD00035F582E438F583D0E012A05AC0E074086E
:109AE0001214F512A011D0E012B8B9740D0286C993
:109AF000E82432F582E439F58322129569A3A3A301
:109B0000A3A3A32212A02112BD5F38F5832212A0C5
:109B1000212426F582E438F5832274F7120BD97ECE
:109B2000008A828B83A3A3A3A3A3A3A3A3A3E0641C
:109B3000046003029BDC12A947E06003029BDC1275
:109B4000A7A93B12A8257003029BDC88828983E0C9
:109B500054036003029BDCE812A94F39F583E0FA55
:109B60008C828D83A3A3E0FBA3E0CB2411F582E4D8
:109B70003BF583E06A706588828983A3A3A3A3A3CE
:109B8000A3A3A3A3129BE0E06A7003A3E06B704C55
:109B900088828983A3A3129BECE0FFA3E0CF240675
:109BA00012AC6A6A7003A3E06B703188828983A368
:109BB000A3E0F88C828D83A3A3E0F9A3E0F5838969
:109BC00082A3A3E06860138C828D83A3A3A3E0F536
:109BD000838982E0540C640470027E01EEF98020D7
:109BE000129BE42212A21D8C828D8322A3A3129BBE
:109BF000E4A3A322740C1214F5E0F9740D1211B150
:109C00007F01020F2674F6120BD974FC121264EA5B
:109C1000FEEBFFECFAEDFB8C82F583A3E0540360CE
:109C2000169016BF12A82760597900EEFCEFFD12BE
:109C3000B446122CEC804B852182852283EEF0A362
:109C4000EFF074021214F512A07CAC21AD227AC898
:109C50007B241226F08A088B09A808A909EA496022
:109C6000218A828B83A3A3A3A3A3A3A3A3A3740684
:109C7000F07A0088828B8312A00D12B60FE0F912E1
:109C8000264E740402955174F2120BD974F3121219
:109C900064EAFEEBFF8A82F583A3A3A3A3A3A3A395
:109CA000A3A3A3E0F50A9019F0E0700579BA029F2A
:109CB000C5750801750900750C00750D007C087DDF
:109CC000007900AA21AB22121B3E74051214F57410
:109CD0000112A08F5404601274021214F5E0D2E64F
:109CE00012A08F54087003750803E05410600674C6
:109CF000404508F508E05408602274021214F5E0AB
:109D000044C012A08F5420600A74031214F5E0D2EC
:109D1000E0800874031214F5E0D2E1F0EE2415128D
:109D2000AC6A129FF57003740169700674084508E7
:109D3000F5088E828F83A3A3A3A3A3A3A3A3E0709C
:109D40001612274A85218285228312B65C7402127C
:109D500014F5E0D2E28030640F701074021214F532
:109D600012A09774044508F508807F8E828F83A324
:109D7000A3A3A3A3A3A3A3E064028E828F83700A8C
:109D800012C32CE8F0A3E9F08060A3A3A3A3A3A3CC
:109D9000A3A3E06403700DAC21AD22EEFAEFFB1239
:109DA00024FE80468E828F83A3A3A3A3A3A3A3A391
:109DB000E064017035901753E0601074021214F5DE
:109DC00012A097750910750AFF801874021214F515
:109DD000E0440C12A08774FDF0A374FFF0740445F6
:109DE00008F5088E828F831285DCEE241512AC6A8A
:109DF000A2E0503F74021214F5E0540C701B8E82E6
:109E00008F8312A21512214AE9700579BB029FC502
:109E100074021214F5E0D2E5F0EE241512AC6AA239
:109E2000E0501074021214F5E0540C64047004E065
:109E3000D2E5F0EE241112AC6AC0E074041214F5FD
:109E4000D0E012BB671214F5E06003029FBE7408F5
:109E50001214F512A050E508F0A3E509F0129FEBEB
:109E6000E0C0E0129FE1D0E0F0129FD2E0C0E074C9
:109E7000081214F512A00D12999238F583D0E01251
:109E8000A0B664017011901753E0C0E0740812147A
:109E9000F512A02BD0E0F074081214F512A04B12AA
:109EA0009FDCFAE8241CF582E439F583EA12A082EB
:109EB000EE2415FAE43FFB8A82F58312CB53E812B5
:109EC000AFA639F58312A07CEE241C12AC6AC0E068
:109ED000129FC8D0E012B0EC129FF57003740169B4
:109EE000701374081214F512A937FAEE241D12AC7F
:109EF0006AF91223D28E828F83A3A3A3A3A3A3A361
:109F0000A3A3E0C0E074081214F5129B0ED0E0F099
:109F100074081214F5129B04E50AF074081214F583
:109F200012A7CA2428F582E439F583E50CF0A3E5ED
:109F30000D12A06212A03512ACE312B64FEE129FC2
:109F4000DCC0E0E82433F582E439F583D0E0F0EEBC
:109F5000241B12AC6AC0E074081214F512A011D0D0
:109F6000E0F0EE241A12AC6AC0E074081214F51284
:109F7000A00D2432F582E438F583D0E012A05A1205
:109F8000A0011211D012BD6512CB53740B1214F53F
:109F900012A00D242F12D02F1211B1EE241512ACE5
:109FA0006A544060129016DF12A827600AAA21ABFB
:109FB0002212B446122CECAA21AB22122570740C8A
:109FC0001214F5E0F902A2FCE82420F582E439F548
:109FD0008322EE2419F582E43FF5832212BD74E05A
:109FE00022E82412F582E439F58322EE2418F58262
:109FF000E43FF583225480F8A3E05401F9748068AB
:10A0000022F508A3E0F509750A0078082212A021BC
:10A010002212A0212434F582E438F58322A3A3A3DD
:10A02000A312A02522E0F8A3E0C82212A0211299D1
:10A030006138F58322FAA3E0FBE8242AF582E439AB
:10A04000F583EAF0A3EB22A3A3A3A312955FEE226C
:10A0500012A7CE12A7AE39F58322F0EE241312AC6C
:10A06000EB22F0EE240D12ACEB22E0FC8A828B8313
:10A07000E02CFCA3E03400FD8A828B83ECF0A3ED9E
:10A08000F022F0A3E4F022F085218285228322F0E1
:10A09000EE241512ACEB22E0D2E3F012A09F228E48
:10A0A000828F83129563852182852283E8F0A3E95C
:10A0B000F022E8F0A3E912B7A2E02274F7120BD95C
:10A0C0008A828B83A3E0640170047E6380027E64D5
:10A0D0008A828B83E06008790512A0EF24F3FE905A
:10A0E00016FBE06007F912A0EF24F2FE029BDC12DF
:10A0F0002618E9F8EEC3982274F6120BD974FE12F2
:10A10000126485218285228312B65CE9FEECFAEDA9
:10A11000FB9005C212A8276032A821A922880889CD
:10A120000978081211D47D01740E1214F5E0FCEECA
:10A13000F99005C212B630122CEC74021211B1EA79
:10A140004B60047900800679B2800279B602954F9F
:10A1500074F7120BD9E9FE9016B512A827601F7488
:10A16000091214F5E0F50878081211D8EEF99016E6
:10A17000B512B630122CEC74011211B1800279B60E
:10A18000029C0074F7120BD98908ECFEEDFF79B53B
:10A19000E508245E602014600624F86034803D9059
:10A1A00005C412A1DF603512C370122CEC8E828FB1
:10A1B0008312B65C80249016B712CB53EC4D601C12
:10A1C000EEFCEFFD9016B712B630122CECE9F980D8
:10A1D0000B9016B312A1E5121CD67900029C001256
:10A1E000A219EA4B2212CB57EEFAEFFB2274F712B8
:10A1F0000BD9E9FE79B574AB6E700B9016B312A251
:10A2000015121CD67900029C008E828F83A3A3A313
:10A21000A3A3A3A3A312A2192212A21D22E0FAA3B0
:10A22000E0FB2274F1120BD9EAFEEBFF8C0A8D0BD6
:10A23000750801901703E06E7003A3E06F700C12B5
:10A24000A2F0AA0AAB0B121CD6805E122750EE6A4F
:10A250007002EF6B7009AA0AAB0B122756804AAC4A
:10A260000AAD0BEEFAEFFB1222A6E9F5089019975A
:10A27000E07036122BF4E97030E508702C9016D39C
:10A28000E06E7003A3E06F7020EE4F601C750CCB86
:10A29000750D16750E00780C1211D07C087D00AA81
:10A2A0000AAB0B12C31C1211B1A90802CC4F74F2F5
:10A2B000120BD9EAFEEBFF8C088D09750A0112A278
:10A2C000F0EEFAEFFB121CD0E96401701190170355
:10A2D00012955B85088285098312C2F5800EAC0851
:10A2E000AD09EEFAEFFB1222ACE9F50AA90A8011DA
:10A2F0001227448A0C8B0DAC0CAD0D22740D12117B
:10A30000B17F06020F2674F6120BD9EAFEEBFF7A34
:10A310000D7B00121BE6EA4B6062EE242412BFF9AB
:10A32000F0EE242512BFF9A312A3BE12BFFFA3A310
:10A3300012BD9212A399F0EE12A37F12A3AEE8F021
:10A34000A3E912A3D512A3A612C2F5EE12A3881296
:10A35000BE55A3A3A3A3F0EE243312AC6AC0E0124F
:10A36000A391D0E012BB8412A3A6A3A3A3E8F0A3F9
:10A37000E912A3CDC0E012A947D0E0F00295542421
:10A380002AF582E43FF58322242EF582E43FF5830B
:10A3900022EA12ADC03BF5832212A39D22E08A82FD
:10A3A0008B83A3A3A32212BEB4A3A3A3A32212A3AD
:10A3B000B2221295638A828B83A3A3A3A322F012F5
:10A3C000A3C322EE2426F582E43FF58322F0EE2497
:10A3D0003212ACEB22F0EE242C12ACEB2274F4120D
:10A3E0000BD974FE121264ECFEEDFFEC241612ACD5
:10A3F0006A64057010EC2406FCE43FFD1224F8E9C1
:10A40000700302A489AC21AD2212C0AE1221508586
:10A41000218285228312A827606B8E828F83E0645D
:10A42000017058E875F009A4F8AAF075F009E9A4DC
:10A430002AF9742A28F8740439F9E8FAE9FB8882C1
:10A44000F5837808121482EE12A52B1214254027EA
:10A4500085218285228312A04B12AC7812A48E78BB
:10A460000812148290831378081213A88A828B83AF
:10A470007808121464800A79A28010EE240F12C2A8
:10A48000EF7900800679A1800279C80286C712A000
:10A49000ACEE12BD802274F2120BD98A0C8B0DEC3B
:10A4A000FEEDFFEC12AC78E4F0A3F09082D37808D4
:10A4B000121482EC12A52B1212CF6067EC240E123C
:10A4C000AC71703478B39016FAE0702890172CE0D5
:10A4D00064017020EC241112AC6AF91226008B0979
:10A4E000A909EE12A7AA3F12B65AEA4960047800F9
:10A4F000800278A18808802EE060046402700A124D
:10A50000250AE9F5087007801DE064037010EEFC71
:10A51000EFFDAA0CAB0D122174E9F508800875084F
:10A52000A180037508A3A90802A30112BD807808C1
:10A530002274F0120BD974F5121264EAFEEBFFEAF2
:10A54000240AFCE43F8C82F58312CFF012A7B47486
:10A55000031212448A828B8312B450E9700302A65C
:10A560001A7401121244740312123C122150740125
:10A570001214F512A827700302A61AE875F009A4B0
:10A58000F8AAF075F009E9A42AF9742628FC7404E5
:10A5900039FDE508240E12B8A1E4F0041214F512F6
:10A5A000955BE50812A7AA350912C2F38C828D8348
:10A5B0001214BAE508241212B8A11214C69083131B
:10A5C00078081214828C828D83780812135C8C8236
:10A5D0008D83780C1214829083A7780812148278E5
:10A5E0000C7908120B6AE5084509450A450B702AE3
:10A5F00074011214F512A7CA75F009A4F8AAF0752F
:10A60000F009E9A42AF9742E28F582740439F58337
:10A610007401F07A007B0812A7D78E828F83A3A3E0
:10A62000A3A3A3A3A3A3A3A3E02406FCA3E0340055
:10A63000FD8E828F8312B45012BB72603EEE240AEC
:10A6400012A79C12A050746812A082E812A7963933
:10A65000F5837402F09016E51214BA8C828D831281
:10A66000B64912B23B3CF5831214C69083137808A6
:10A670001214829016E5780812135C12A812705D0D
:10A680009016B312A7C2A3A3A3A3A3A3A3A3A3A398
:10A6900012B271121CD0E9701012B22F9016B312C0
:10A6A000B241700512BB7260348E828F83A3A3A364
:10A6B000A3A3A3A3A3A3A312A7C212A21512217A34
:10A6C000E960118E828F83A3A3A3A3A3A312A7FE85
:10A6D000E4F0A3F08E828F8312A7E4E4F012A812B4
:10A6E000600302A7918E828F83A3A3A3A3A3A312C7
:10A6F000CFEC9016FAE0600302A78690172CE06476
:10A7000001600302A786750A3A750B00780A1211D8
:10A71000D47402121234880A890B780A1211D412E6
:10A72000C5EB1211B1E9705BE508240E12B8A174F3
:10A730000112A82CC0E0E508241112B8A1D0E0F065
:10A74000E508240F12B8A1743A12A0829016E11203
:10A7500014BAE508241212B8A11214C69083137813
:10A76000081214829016E1780812135C9083137813
:10A77000081214829016E178081212CF700812A7FE
:10A78000D3800312A7B412A812700612B13274A1BA
:10A79000F0740B02BF24240EF582E422F8E43FF9A2
:10A7A000E8FCE9FD8882F58322EA12A7AE22240F95
:10A7B000F582E422E50812A7AE3509F583E4F0A39B
:10A7C000F02212CB578E828F832212A7CE221295AF
:10A7D00063E8227A007B02901589E0F9121B92222D
:10A7E0008A828B83A3A3A3A3A3A3A3A3A3A312A738
:10A7F000F22212A025240EF582E438F58322A3A3C9
:10A80000A3A312A8062212A025240FF582E438F58E
:10A8100083228E828F83A3A3A3A3A3A312A01D24AC
:10A820000FF582E438F58312A7CE492212A8302210
:10A83000F0852182852283E02274F6120BD9EAFE8C
:10A84000EBFF7A237B00121BE6EE240AF508E43FB7
:10A85000F50985088212B65A7C237D007900121B07
:10A860003E85088285098312A827700302A8FAEEA4
:10A87000FAEFFB12251612A81260748E828F8312D3
:10A88000A92D64018E828F83A3A3A3A3A3A3700722
:10A8900012A923740E802112A827701012BB7270A7
:10A8A0000B8E828F83A3A3E0A2E0500712A9197434
:10A8B0000D800512A919740512BB8454036401703C
:10A8C0000712A9017405800B9016FBE0C0E012A9E5
:10A8D00001D0E012A93CF583888212AC97850882EA
:10A8E00085098312A00D12B5EE38F583E9800E8537
:10A8F000088285098312B6D3800312B616F002953A
:10A90000548E828F83A3A3A3A3A3A3A3A3A3A31261
:10A91000A91322E012B635A3228E828F83A3A3A3AC
:10A92000A3A3A312A01D12B5F438F58322A3A3A3F9
:10A93000A3A3A3A3A3A3A312A7F2E02212A94022D8
:10A9400012C0C3F8A3E022EA12A94F3BF5832224E8
:10A950000CF582E42274F1120BD974E41212648AA9
:10A960000C8B0D8C088D097A237B00121BE68A0A5A
:10A970008B0BAE0AAF0BEA4F700302AC5212B5FA62
:10A98000E508241512AC83687003A3E0698E828FFA
:10A99000837004740280027401F0E508240DF8E469
:10A9A0003509F98882F583E0FAC3E49AFA95E0FB69
:10A9B00012AC7F2AFAA3E03BFB8E828F83A3A3A372
:10A9C000A312B2588E828F83A3A3F0EE2420F582C7
:10A9D000E43FF583E4F0EE2421F582E43FF583E4DF
:10A9E000F0EEFAEFFB1225CA85088285098312ACC6
:10A9F0009E70098E828F83A3740580069016FB12C9
:10AA0000AC8CF0EE2417F50AE43FF50B8E828F83B1
:10AA100012AC97E9850A82850B83F0EE2416F8E4E0
:10AA20003FF9E508240EFAE43509FB888289831290
:10AA3000A06AE5082410FAE43509FB850A82850B33
:10AA400083E0FC88828983E0F88A828B83E0C39864
:10AA5000C39CF812ACD8F0EEFCEFFDAA0CAB0D12C3
:10AA60002510E9F50B8E828F83E06402700612B226
:10AA70002F12AC5CE50B600302AC49750C00750D40
:10AA800000901997E064016005E06402703F12AC29
:10AA90006E6008EE242112AC7170328E828F83A317
:10AAA000A3A312B61C12ACA4EE241612AC6A12AC0C
:10AAB000CDFAE439FB12935CEA4B601112BE7E12B0
:10AAC00011D012ACB2AA0C12C31C1211B1EEFAEFE3
:10AAD000FB1225D6E9F50B901997E064016008E0B8
:10AAE0006402600302AC3CE9700302AC3CE50C4537
:10AAF0000D700302AC498003850E0B12AC6E600B27
:10AB0000EE242112AC71600302AC42850B0E850C61
:10AB100008850D09750A0078081211D012ACB28EA2
:10AB2000828F83A3A3A3A312D0351211B1EE2420E8
:10AB300012AC6A600D12AC77746812A082EE242009
:10AB40008015EE242112AC6A601512AC777403F004
:10AB5000A37401F0EE2421F582E43FF583E4F0EEE6
:10AB6000FAEFFB1225D6E9F50B70907C137D007986
:10AB700000740912123C121B3E741A1214F574016F
:10AB800012ACE364687002A3E0704F8E828F831270
:10AB9000A7FEE06405600302AAF87C0879FF8E82B4
:10ABA0008F83A3A3A3A3E0242A12B274121BC8E9C3
:10ABB000700302AAF87C087D0079FF740112123C30
:10ABC000121B3E74011212447A007B0079AB1224EE
:10ABD000F274191214F574FC801512AC77E064035A
:10ABE0007004A3E06401700874191214F574FFF086
:10ABF000E4F508F50978081211D4740212124474AD
:10AC0000131214F5AA82AB8312B7591211B1852120
:10AC100082852283E0602B74091212348808890926
:10AC200078081211D475081375090078081211D428
:10AC30007C007D0012BFCC1211B18006E50C450DE1
:10AC40006007AA0CAB0D121BECEEFAEFFB121BEC2B
:10AC50008003750B10A90B741C02CC4CEE2406FA71
:10AC6000E43FFB121CD622EE240C12ACEB22EE24A5
:10AC70002012ACEB640122EE12A7AE3FF58322E571
:10AC800008240EF582E43509F583E02212AC91A385
:10AC900022E08E828F8322A3E0F912261822E0544C
:10ACA0000364012212ACA822E0FAE82AF8E4340096
:10ACB000F9228E828F83A3A3A312B62012ACA8EE32
:10ACC000241612ACEB12ACCDFCE439FD22FAE82AD2
:10ACD000F8E439F9E824042212ACDC2212BB93A375
:10ACE000A3A322F012ACE822EE240FF582E43FF594
:10ACF00083E022790102117E74F4120BD9EAFEEB93
:10AD0000FF8A82F583A3A3A3A3A3A3A3A312A00DE9
:10AD10002424F582E438F58312AC9E702E8A828B4F
:10AD20008312A92D702512ADC6E06405701D12AD09
:10AD3000C6A3E0F87401686005740668700712A77E
:10AD4000E07402800512A7E07403F0EA240A12B648
:10AD5000C712B630E4F0EA2408F8E43F1286B624BD
:10AD600031F582E43AF583E0C0E012C367A3A3D0D3
:10AD7000E012ADE5CA242EF582E43AF583E0C0E0A6
:10AD800012C367A3A3A3D0E012B30BC812ADC0389F
:10AD900012955912C36712ADDA8A0A8B0BAC0AAD51
:10ADA0000B85088285098312B271121CD685088230
:10ADB00085098312A2151225D612B6C2F00286CCDE
:10ADC000240BF582E4228A828B83A3A3A3A3A3A3EB
:10ADD000A3A312BB59F583888222A3A3A3A312A025
:10ADE000AC1227442212B24DFAA3E02202ACF3C007
:10ADF00082C0839016D5741CF0A37425F09016D7EA
:10AE00007428F0A37425F09016D9742EF0A374253D
:10AE1000F09016DB7422F0A37425F002B0F674F4FF
:10AE2000120BD9EA2408FEE43BFF8E82F58312A7B9
:10AE3000CA12B606E0F50874035508F50912B26C9B
:10AE4000F8A3E08882F583E508F0A3A882A983E54A
:10AE500009600974026509600302AF0B740C5508A0
:10AE6000FC600A74086C600574046C7026740265DA
:10AE7000097006E508A2E4401A8A828B83A3A3A383
:10AE8000A3A3A3A3A312B01112BD5F3D12AFACA345
:10AE900008A983740C6C701C12B00D242812AFF931
:10AEA0002428F582E43DF583A312B98DF0E824024D
:10AEB000F8500109740265097006E508A2E4404BE8
:10AEC00012B00D242A12AFF9242AF582E43DF5834D
:10AED000A312AFBB12B01712B98D12B017A312AFE5
:10AEE000B3E82404F8500109EC600F74086C600AA0
:10AEF000740C6C600574046C701112B63D2426F558
:10AF000082E43C12AFACA3A882A9838A828B83A37C
:10AF1000A3A3A3A3A3A3A312AFDB54037014E50858
:10AF2000A2E1400E12B63D12AFA63CF583E054807C
:10AF3000600812AFC112AFAE80199016A9E0C0E050
:10AF400012AFC1D0E012AFEE8882898312AFEE0457
:10AF500012B252A3A882A983E508A2E750458E82C7
:10AF60008F8312AFDB8882898312AFF412AFE05473
:10AF700003603012B63D2434F582E43C12B98BF004
:10AF8000E508A2E1501D8A828B83A3A3A3A3A3A3F8
:10AF9000A3A31286BB2435F582E43A12B98BA3F041
:10AFA000E824030286CC241EF582E422F58312AF46
:10AFB000BBF02212AFBBA3A3A3F022E08882898357
:10AFC000228A828B83A3A3A3A3A3A3A3A3E0FCA3AE
:10AFD000E0CC2432F582E43CF58322E012AFE0229B
:10AFE000FCA3E0CC2425F582E43CF583E022F0903C
:10AFF00016A9E02212BB8FE022F582E43DF5831210
:10B00000AFBB12B0062212BB9312B011228E828FF8
:10B0100083E0FDA3E0CD22A312B006242CF582E448
:10B020003DF58322C082C0838A828B8312B0E6FC06
:10B0300074035CF98A828B83A3A37401F0E9600531
:10B040007402697061740C5CF8600A7408686005C9
:10B0500074046870137402697005ECA2E440098AF4
:10B06000828B83A3A37402F0740C68700A8A828BAB
:10B0700083A3A3E02402F07402697005ECA2E4400B
:10B08000258A828B83A3A3E02404F0E8600F740870
:10B0900068600A740C68600574046870098A828BA1
:10B0A00083A3A3E004F0ECA2E7502A8A828B83A357
:10B0B000A3E00412B0EC128BC5E0540360178A823F
:10B0C0008B83A3A3E004F0ECA2E150098A828B8376
:10B0D000A3A3E004F08A828B83A3A3E004F080168C
:10B0E00085218285228312A913A3E022F08A828B14
:10B0F00083E0221211B1D083D08202117EC082C0BF
:10B10000838A828B83A3A3A3A3A3A3A3A3A3A31232
:10B11000A82760098A828B83A3A312B11F80D7A3BB
:10B12000A3A3A3A3A3A3A312B12B2212A21D121B9C
:10B13000EC2212B13622EE240CF582E43FF5832294
:10B1400074F6120BD974F412126412B27BFCA3E0F1
:10B15000F5838C82A3E0C0E074021214F5D0E012F3
:10B16000B32912B31274041214F512C2F574021248
:10B1700014F5E06404701412B291241212B27474C3
:10B18000061214F512B258241A8035E064016005E5
:10B19000E064067039EA2402F8E43B1286B612B283
:10B1A0003B3AF583E0C0E074031214F5D0E012B22C
:10B1B00049241312B27474061214F512B258241BE7
:10B1C00012B31274081214F5E8F0A3E9802B740688
:10B1D0001214F5E4F0A312B28C241212B2747408A3
:10B1E0001214F512B265C8241AF582E438F583E02A
:10B1F000C0E0740A1214F5D0E0F074061214F512CF
:10B20000A827601F74061214F512A21512229AE9DB
:10B210006401700F12B22F74061214F512B2416459
:10B22000017007AA21AB221225B2740C02955112AB
:10B2300027448A088B09AC08AD09222412F582E460
:10B240002212A219121CD0E92212B24D2212B252BD
:10B25000E022F0888289832212B25C22EAF0A3EB1A
:10B2600012B252E02212B25CF8A3E02212BBEDE06F
:10B2700022E02406FAA3E03400FB228A828B83A317
:10B28000A3A3A3A3A312C330E8F0A3E9F012B291E1
:10B290002212B33AE022C082C08374FD12126412FB
:10B2A000B2C0128BBFC0E074021214F5D0E012B22B
:10B2B000BA1225B8740302B0F3E4F0AA21AB22223B
:10B2C0008A828B83A3A3A3A3A3A312A0A38A828BA6
:10B2D00083A3A3E022C082C08374FA12126412C353
:10B2E0002212B32FC0E074021214F5D0E012B30B97
:10B2F000F5838882A3A3E0C0E074051214F5D0E0C2
:10B3000012B2BA1225BE740602B0F312B24DF8A3FF
:10B31000E022F8A3E03400F922A3A312B38D22E0C7
:10B320002402F8A3E03400F92212B24D24022212C2
:10B33000A0AC12B33A12B346E022EA2402F8E43B8E
:10B34000F98882F58322E0FAA3E0F5838A82A322BA
:10B35000E50E1293B8350FF583E0FC7D0022C08224
:10B36000C08312B381600A24FC600B24F9600C8056
:10B370000D12254C8008122552800312255802B068
:10B38000F68A828B8312B38B24FB22A3A312B634DA
:10B39000E02274F6120BD974E4121264EAFEEBFF99
:10B3A00074011212448A828B83A3A3A3A3A3A312C2
:10B3B000B45074091212348808890978081211D41B
:10B3C0007402121244740312123C12B7591211B1D2
:10B3D000852182852283E06036741A1214F5E060BC
:10B3E000046401702A90168AE070248E828F83A3F1
:10B3F000A3A3A3A3E070188E828F8312B44A603F88
:10B400008E828F83A3A3A312B446E0640760308EBC
:10B41000828F83A3A3A3A3A3A3A3A3E070148E820C
:10B420008F8312B319640560097A347B01121FE817
:10B43000800DEEFAEFFB9016DD12B630122CEC7494
:10B440001C029551EEF912B6372212B38B64062214
:10B4500012A2191224F82274F4120BD974FA1212DF
:10B4600064EAFEEBFF128BCB2408F582E43B12B6B4
:10B4700062240AF582E43812B66212B60F12B2B92B
:10B4800012254012B0E0F50812B5FA852182852216
:10B490008312C36DE0687003A3E069602EE508A223
:10B4A000E55028852182852283A3E0FB9016D512E2
:10B4B000B630122CEC85218285228312A00D240A3D
:10B4C00012A821700612B0E0C2E5F012AC6760036A
:10B4D00002B5E374031214F57436F074021214F515
:10B4E00012B61CA3A3E028C0E074041214F5D0E047
:10B4F00012ACD8A3A3E0C0E074051214F5D0E0129A
:10B50000B79BF8A3E0F9E849601BE812B5EE39F5FE
:10B5100083E0FAE812B5F439F583E02AF8740412EE
:10B5200014F5E028F0740312123C1223068A088BEB
:10B5300009A808A909EA49700302B5D88E828F8349
:10B5400012A21588828983A3A312B65CE812B23BCB
:10B550003912BB80C0E0E812B606D0E012BB60C072
:10B56000E0E82425F582E439F583D0E012B7A8C0DD
:10B57000E0E8242EF582E439F583D0E0F07402127D
:10B5800014F5E0FA12B26C2AFCA3E03400FDE812D4
:10B59000B5E839F58312A07CE82431F582E439F569
:10B5A00083EA12B79BFAA3E0FBEA4B6019E8242F69
:10B5B000FAE439FB8E828F83A3A312B64112B5F44D
:10B5C0003CF58312A06A8E828F83A3A3A3A3A3A3B7
:10B5D000A3A3E8F0A3E9800AEEFAEFFB12254612D6
:10B5E000B616F074060286C9242FF582E4222417C9
:10B5F000F582E4222416F582E42212274A8A0A8B75
:10B600000BA80AA90B222424F582E439F58322121F
:10B61000A94F38F5832212B13674102212B62022B7
:10B62000E0F88E828F83A3A322EEFAEFFB9016D769
:10B6300012B63422E0F8A3E0F5838882228A828B56
:10B6400083A3A3A3A3A3A3A3A3E0FCA3E0CC22FA18
:10B65000A3E0FBE8242CF582E439F583EAF0A3EBC0
:10B66000F022F583E4F0A312A830F8A3E0C8227416
:10B67000F6120BD9EAFEEBFFEA12AC68702812B69C
:10B68000B012A827600612B629122CEC12AC677013
:10B690000B12A20912230012B6C28009EE2408126E
:10B6A000B6C712B6D3F0EEFAEFFB12254602955458
:10B6B00012253A8E828F83A3A3A3A3A3A3A3A3A33C
:10B6C000A32212B136E922F508E43FF50985088284
:10B6D000F5832212B12B850882850983E4F0A32229
:10B6E00074F4120BD98A088B09ECFEEDFF12B5FA3F
:10B6F000EE241512AC6A687003A3E069600EAA0814
:10B70000AB0912214AE9700479018011EEFCEFFDCA
:10B71000AA08AB099016DB12B630122CEC0286CCCC
:10B7200074F7120BD9EA4B701F7E007F0012B75FCF
:10B7300050247C107D00EE2404FAEF3401FB121C2F
:10B74000760EEE70E80F80E57C107D008A828B8398
:10B7500012B76F121C76029C00122582740222908E
:10B760003344E493F8740193F9C3EE98EF9922E01F
:10B770002404FAE43401FB22E4F0A3F0A3F0A3F0E4
:10B780002212955F74012212A0AC74032212A0ACA5
:10B790008E828F83A3A3A3A3A3A32212B7A2A3A3E2
:10B7A000E022129387A3A32212ACDCA3E02274F060
:10B7B000120BD974ED1212648A0E8B0F8C0A8D0B4A
:10B7C0007EFF7FFF8C828D83E4F0EC4D6004EA4BBA
:10B7D00070077AFF7BFF02B88D750800750900803D
:10B7E0002474FF6E700374FF6F701274081214F5E6
:10B7F000AA82AB83122852E9700312B8920508E5B9
:10B800000870020509903346E493F8740193F9C374
:10B81000E50898E509995071A821A922880C890D9D
:10B82000780C1211D4750C13750D00780C1211D40C
:10B830007C007D00E5082411FAE5093401FB12C300
:10B84000611211B1AC0EAD0F74081214F5AA82ABDF
:10B8500083121CD0E964017088850A82850B837489
:10B8600001F074231214F512A1DF601AA821A92295
:10B87000880C890D750E00780C1211D07C137D0098
:10B8800012C31C1211B112B892EEFAEFFB7413023C
:10B89000BF24E5082411FEE5093401FF22E5082450
:10B8A00013F582E43509F58322E085088285098352
:10B8B000A3A3A3A3A3A3A3A322F0AA21AB2212258F
:10B8C00070221299F5E02212B8CB22129387E0225F
:10B8D00074F7120BD974F3121264EAFEEBFF740CC6
:10B8E0001214F5E4F07C08FDF9AA21AB2212B9820A
:10B8F000E06401600A8E828F83A3E0640470667442
:10B90000041214F57402F0740C1214F5E070538EE6
:10B91000828F83E085218285228312A082740212A5
:10B9200014F57421F074051214F512BB651214F5A8
:10B93000E0702F74081214F512BB50740812C3760D
:10B94000AA82AB8312B98D12B0EC6402700D12CBD7
:10B950004DE82402FAE439FB121CD6AA21AB2212CC
:10B960002570029BF48E828F83A3E06402700974B9
:10B97000041214F5740A808E740C1214F574B3F06A
:10B9800080E0121B3E8E828F83A322F58312AFBB11
:10B99000A32274F4120BD974B61212648A088B09AC
:10B9A0008A828B83A3A3E06404600302BB1F901907
:10B9B00097E0700302BB1F12BB72600302BB1F74CF
:10B9C0000F1212447A007B0079AB1224EC850882B6
:10B9D00085098312CB53740F12123C1222A0E97016
:10B9E0000302BB1F7437121234880A890B780A12BB
:10B9F00011D4740212124485088285098312BB7720
:10BA00001211B1852182852283E0700302BB1F746D
:10BA1000471214F5E06401600302BB1F7427121281
:10BA200034880A890B780A1211D4750A10750B0034
:10BA3000780A1211D47C007D007A027B0112C36166
:10BA40001211B174011214F57403F0741712123448
:10BA5000880A890B780A1211D47429121234880AC0
:10BA6000890B780A1211D47C087D00740512123CEF
:10BA700012C2C61211B1740E1214F5E4F07C08FD66
:10BA8000F9740212123C121B3E74021214F5E4F017
:10BA9000A3F074041214F57401F074071214F57411
:10BAA00001F074061214F5741AF0740212123C12AA
:10BAB000256A740E1214F5E07065740A1214F512FA
:10BAC000BB26FEA3E0FF8E82F583740F12BB398E76
:10BAD000828F8312C37B1211D07C087D00741212F6
:10BAE000123C12C31C1211B1740F121244EE240244
:10BAF00012AC5F7417121234880889097808121181
:10BB0000D07C107D00EE240A12BE311211B17402F5
:10BB100012123C122570740E1214F5E0F9800279AD
:10BB2000C2744A0286C912BB2A2212BB2E2212A05C
:10BB30002512B5E838F583E02212BB3EE022F085FD
:10BB40000882850983A3A32212A2191227C2E9221F
:10BB500012BB59F98882F5832212BB2EF8A3E0228A
:10BB600012ACDCE0227401F0AA21AB2212256A7427
:10BB70000C2212259AE92212A2191225827402229D
:10BB8000F583740112BB882212BB93A3A3E0221297
:10BB9000BB9322F08E828F8322C082C08312BBAA05
:10BBA000745EF0A37425F002B0F61225349016DD11
:10BBB00022C082C0837C0879FF9016B312A21512AE
:10BBC0001BC802B0F674F7120BD9E9FE12A7A93B05
:10BBD00012A825601588828983A3E05403700BEEB8
:10BBE000FB12BBED12BC2212BBF7029C00E8240B37
:10BBF000F582E439F58322E0F9122CC622C082C016
:10BC000083EAF8EBF98A82F583A3A3A3A3A3E0FB5D
:10BC10008A828983A3A3A3A312BC22A312BBF70227
:10BC2000B0F6E0FA88828983A3A32274F0120BD9BC
:10BC30008A0C8B0D8C0E8D0F890B1293B312C30AD5
:10BC40002430FA12BE3B700302BD5B8A828B837480
:10BC500001F0850C08850D09750A0078081211D0CD
:10BC60007C177D00EA241912BE311211B1850E082D
:10BC7000850F0978081211D07C097D00EE2402128C
:10BC8000BE311211B174101214F512A04B240B1214
:10BC9000C2EF74121214F512BD89C0E012AC77D055
:10BCA000E01299E7C0E012BD65D0E012B8C2C0E072
:10BCB0001293F8D0E0F074141214F5E0C0E012BD55
:10BCC0007BD0E012BD92E4F0A3F074151214F512CB
:10BCD00014BAEE1299923FF5831214C612BD6FE5A5
:10BCE0000B12BE5AA3A312A047240D12C2EF74195F
:10BCF0001214F5E0C0E0129FEBD0E012C33CE0600C
:10BD000029EE2430FAE43FFB12BD5E3F12BD9AF5E6
:10BD100008A3E0F50978081211D0E50C1293B435A8
:10BD20000D12B35712C31C1211B1EE241A12AC6AD1
:10BD30005403601D9016C112A827600CEEFAEFFBA9
:10BD400012B446122CEC8013EEFAEFFB121B568055
:10BD50000AEEFAEFFB9016A812BF0C02BF27EE24E2
:10BD600027F582E422EE2411F582E43FF58322EEEA
:10BD700012BD742212B5EE3FF58322EE12BD802271
:10BD80002412F582E43FF5832212955F8882F583C1
:10BD9000E022F012BD5E3FF58322F583EAF0A3EBCB
:10BDA000F0E50C240E12C345E02274F2120BD98A7E
:10BDB0000C8B0D7A2012BE3B606C8A828B837404DC
:10BDC00012BE9D12BE5512BE5F8A828B83A3A3A3AF
:10BDD000A3A312BE5A12BE861211D07C107D00EAB7
:10BDE000240612BE311211B1850C82850D83A3A3E6
:10BDF000A3A3A3A312CB51EE2416FAE43FFB122215
:10BE000094850C82850D83A3A3A3A3A3A3A3A3A3BB
:10BE1000A3E0C0E012BE29D0E012BE6AC0E012BEAC
:10BE20004BD0E012BE8F02A301EE12AFA63FF58306
:10BE300022FAE43FFB121B327403227B00121B50D8
:10BE40008A088B09AE08AF09EA4F22EE241FF5825B
:10BE5000E43FF5832212A39DA32212BE64A3221203
:10BE6000BE64E02212CFD5A3A322F0E50C12ADC030
:10BE700012C348E022A3A3A3A312955FEA228E82F5
:10BE80008F83A3A3A3A312CFF4750A00780822F02E
:10BE9000EEFAEFFB901589E0F9121B5C22F0850C9D
:10BEA00082850D83E012BEB412A0AC850C82850D94
:10BEB00083A3A322F8A3E0F98A828B83A3A3227B26
:10BEC00000121B508A0A8B0BAE0AAF0BEA4F22748A
:10BED000F6120BD9EAFEEBFF7A057B00121B50EA43
:10BEE0004B601B8A828B83740812AFF412BF01125D
:10BEF000BB848A828B83A3A3A3A3F012BF090295FC
:10BF00005412BEB4E8F0A3E922901589E0F9121B9F
:10BF10005C22F0850E82850F832212BF12E0F8A307
:10BF2000E02274181211B17F08020F2674F6120B6A
:10BF3000D974EC121264EAFEEBFF8A82F58312BB1D
:10BF400048707C12BB72600280758E828F83A3A3BF
:10BF5000E070658E828F83A3A3A3A3A3E064047023
:10BF60005774011212348808890978081211D474A0
:10BF7000021212449016B312BB771211B1852182BE
:10BF8000852283E0603274111214F5E06401702898
:10BF900012BFD21211D47508017509007808121168
:10BFA000D47C107D007A117B0112BFCC1211B179C3
:10BFB00000122C547A0180027A007901122C00744C
:10BFC000140295517C007D007A427B00121C6A7439
:10BFD00004227402F0858208858309780822C082D1
:10BFE000C0839016EB7406F0A37426F09016ED74DF
:10BFF000FAF0A37425F002B0F6F582E43FF583E091
:10C000008A828B832274F5120BD912C2CC850882E6
:10C01000F583E054078A828B83A312C0BF131313E6
:10C02000541F5403C0E0EA12C0B6D0E012C0BFC42F
:10C03000135407F50A7904A3AA82AB83121B44EABE
:10C04000F8EBF9ECFAEDFB12BD7B1214C612C0A698
:10C050007405F0E50AA2E05017E5082405FCE43574
:10C0600009FD12AC5CEE241612AC6A2408F0800CB8
:10C070007C087D00790012C0AE121B3EEE240E1229
:10C08000AC71701FEE2416F8E43FF98882F583E066
:10C09000FAE5082A12AC83C0E012BD65D0E012B206
:10C0A0004904F0029574EE12B5F43FF58322EE24B4
:10C0B00006FAE43FFB22240EF582E43FF5832212C8
:10C0C000C0C322F0850882850983E02274F2120B36
:10C0D000D98A088B09EA241612AC83640D700575A1
:10C0E0000A018003750A008A828B8312C2E212C998
:10C0F0007CE50AC43354E0F9EA12AC81333333549B
:10C10000F8F88A828B83A3E048498E828F83F0A35C
:10C11000AE82AF83EA241212B8A1120FAB12C15A39
:10C120001211B18A0C8B0DAE0CAF0DE50AA2E050D6
:10C1300013E5082406FCE43509FD121CD6EE24089C
:10C14000FE50010F12AC7F6401700CE5082411123F
:10C15000AC838E828F83F002A301EEFAEFFB121BF9
:10C16000BC74042274F4120BD974C712126412C284
:10C17000CC8A828B83E070051225D0800CA3E0F876
:10C18000850882850983E048F012BD7B120FAB74ED
:10C1900030121244850882850983E0F912C0AE127C
:10C1A00025F474041211B18E828F83A3A3E0C0E042
:10C1B00074011214F5D0E0F0EE241612AC6AC0E05F
:10C1C00074021214F5D0E012BB60C0E074031214C4
:10C1D000F5D0E012C2F9C0E074041214F5D0E012F8
:10C1E000ACE364017004A3E064017018740C1212D3
:10C1F00044EE242212AC6AF9EE2418FAE43FFB1252
:10C20000213E800E740C12124412AC7712A2151249
:10C210002186740C121234740A1214F5E8F0A3E9A2
:10C2200012A08774FF12C2FF640270098521828503
:10C230002283E4800DE0640370418521828522839E
:10C240007402F0741C121234880A890B780A1211D5
:10C25000D4740E121234880A890B780A1211D47C15
:10C26000087D00740412123C12C2C61211B1741C73
:10C27000121234740A1214F512C2F58E828F83A33F
:10C28000A3A3A3120FAF742E121244740312123C14
:10C290008E828F83E0F912260C74021211B1E9FE2E
:10C2A00085088285098312C971741C12123C121B05
:10C2B0003E7C107D007900740C12123C121B3EEE85
:10C2C000F974390286C912261E740422EAFEEBFFB5
:10C2D0008A82F58312C2E2E028F508A3E03400F573
:10C2E0000922A3A3E0F88A828B83A3A3A3A322F548
:10C2F00082E43FF58312A0AC2212BB8FA3E022F0B0
:10C30000EE240E12ACEB22F582E412C348E022E5E3
:10C310000C12A94F12C34822AA82AB83121B32749B
:10C3200003228A828B83A3A3A3A3A3A312C33022D5
:10C33000E0F8A3E0F985218285228322F0E50C2430
:10C340001012C34522F582E4350DF583221226240E
:10C35000740422121C5E7402227C007D007A3A7BF7
:10C3600000121C70740422850882850983E0FAA3F8
:10C37000E0F5838A822212BB8FA322A3F012274406
:10C380008A088B09750A0078082274F4120BD98A7E
:10C39000088B0978081211D4750A11750B00780AF8
:10C3A0001211D412C3591211B1E970109016E11292
:10C3B00014BAE508241112B8A11214C60286CC746E
:10C3C000F5120BD974EF121264E98521828522835C
:10C3D000F08A088B09750A0078081211D07C107D4C
:10C3E0000074041214F512C3181211B1A821A92265
:10C3F0008808890978081211D47508117509007820
:10C40000081211D47C007D007A3B12BFCA1211B110
:10C410007C117D007900AA21AB22121B3E7411020F
:10C42000957174F0120BD974EB121264E9FE7A1153
:10C4300012C545700302C54078081211D4750A115F
:10C44000750B00780A1211D47C007D007A3B12C370
:10C450005F1211B1E9600302C52C8508828509834A
:10C46000E06E600302C52C7A117B00121BE68A0A7B
:10C470008B0BEA4B700302C52C780A1211D4750C91
:10C4800011750D00780C1211D412C3591211B1E9B3
:10C49000600302C51878081211D4780C1211D47CEC
:10C4A000007D007A3A12BFCA1211B190172C7401A4
:10C4B000F090837B780C1214829016E1780C1214A1
:10C4C0002540069016E112B77885080C85090D7590
:10C4D0000E00780C1211D07C117D00740312123CF6
:10C4E00012C31C1211B19016E11214BA7411121475
:10C4F000F51214C6A821A922880C890D780C1211F6
:10C50000D4750C15750D00780C1211D47C007D00CB
:10C510007A8212BFCA1211B17C117D007900AA0A79
:10C52000AB0B121B3EAA0AAB0B121BEC7C117D005D
:10C530007900AA08AB09121B3EAA08AB09121BEC32
:10C54000741502BF247B00121BE68A088B09EA4B94
:10C550002274F3120BD974FF1212648A098B08EB50
:10C56000C43354E0F8EA33333354F849488C828DAD
:10C5700083F0A3AE82AF83740E1214F5120FAB12C8
:10C58000C15A1211B18A0A8B0BAE0AAF0BE50860D3
:10C59000191227448A0A8B0BAC0AAD0BEEFAEFFB9B
:10C5A000121CD6EE2408FE50010F74016509703389
:10C5B000750A3A750B00780A1211D47402121234FB
:10C5C000880A890B780A1211D412C5EB1211B1E94D
:10C5D000700B85218285228312AC9180058E828F1B
:10C5E00083E4F074011211B10293A47C017D007AFE
:10C5F000007B0012285874042274F7120BD98908A2
:10C60000ECFEEDFFEAFCEBFDEEFAEFFB121CD6743C
:10C61000091214F5120FABEE2408FAE43F12C15DC3
:10C620001211B18A828B83029381E9F87402045853
:10C63000F97402B900028004C333D9FC541CF90216
:10C64000117E74F4120BD974FE1212648908750AF3
:10C650003A750B00780A1211D47403121234880A46
:10C66000890B780A1211D412C5EB1211B1E9705678
:10C6700074011214F5E065086044750A3B750B00FF
:10C68000780A1211D47402121234880A890B780ABB
:10C690001211D412C5EB1211B1E9702E85218285D9
:10C6A0002283E06508701FE0F874011214F5E0C3FE
:10C6B00098500F852182852283E0F91225E87E3A81
:10C6C00080067E3B80027E007F00EEFAEFFB028652
:10C6D000C774F0120BD974D212126474031214F5D9
:10C6E000E9F074011214F512B65CEC852182852202
:10C6F00083F074041214F5EDF074061214F5740E40
:10C7000012A82CC0E074051214F5D0E0F0740412E5
:10C7100014F5E0C0E074071214F5D0E0F09016FBB9
:10C72000E0C0E074081214F5D0E0F074091214F5BA
:10C730007401F074031214F5E0600302C80E75086A
:10C740003A75090078081211D4741212123488084C
:10C75000890978081211D47C1112C5ED1211B1E9C2
:10C76000600302C80274111214F5A882A983740E22
:10C770001214F512C2F59016E17808121482850899
:10C780000C85090D850A0E850B0F908313780C120A
:10C7900013A89016E1780C12146478081211CC7466
:10C7A000041214F5E0F874051214F5E028FCA3E077
:10C7B0003400FD7B017A01740C1214F5E0F91225A6
:10C7C000EE74041211B112B22F742112123C121C19
:10C7D000D69016E91296C19016E912926A90333AF1
:10C7E0007808121348401590831378081214829029
:10C7F00016E178081212CF600302C89112A7D30283
:10C80000C891740E1214F5E4F0A3F002C8918521CA
:10C8100082852283E0F874011214F5E02812B31225
:10C82000E812996839F583E0F91226008A08A80809
:10C83000743A684B600302C8E375083A75090078DA
:10C84000081211D474121212348808890978081257
:10C8500011D47C1112C5ED1211B1E9700302C91394
:10C86000740E1214F5E4F0A312A82CF8740112143B
:10C87000F512C97C74081214F5E0F88E828F83E0FB
:10C8800048F0EE2405FCE43FFD742112123C121C1A
:10C89000D6852182852283E0F874011214F512C92D
:10C8A0007C8E82F583A3A982AA8389088A09750AE6
:10C8B0000078081211D07C047D00742C1214F5123B
:10C8C000C3181211B18E828F83E0C0E0742D121450
:10C8D000F5D0E0F0740E1214F512A827704A79A171
:10C8E00002C96C743B684B600302C86075083B75F5
:10C8F000090078081211D4741212123488088909B8
:10C9000078081211D47C1112C5ED1211B1E960033F
:10C9100002C86074111214F5A882A983740E12144F
:10C92000F5E8F0A3E902C86874011214F5120FAF1C
:10C930007423121244740712123C74051214F5E0A9
:10C94000F912260C74021211B1E9FE8521828522AA
:10C9500083E0F874011214F512D01712C971741122
:10C960001214F5AA82AB83121B3EEEF9742E02BF9D
:10C9700024E054F8F07C107D00790022E028FEA32A
:10C98000E03400FF2274F0120BD974E812126474C0
:10C99000031214F5E9F074041214F512A07CEAFEF7
:10C9A000EBFF7508007509008A82F583A3A3A3A392
:10C9B000A3A3A3A3A312B7811214F512C2F57401A5
:10C9C0001214F512A21512288290178F7488F0A302
:10C9D000742812C2F9F88E828F83E028F50BA3A386
:10C9E000A3E0C394048E828F83A3A3E05009250B98
:10C9F000F50B750A008002F50A8E828F83A3A312BD
:10CA0000AC97E9852182852283F074281214F5E021
:10CA1000F50EA3E0F50FAA0AA80BE50E28F8E435F9
:10CA20000FF9E82AF8E439F974061214F512B787F9
:10CA30001214F512AC8CA3A3600302CAD2E0C39413
:10CA40000440037509017408121234880C890D78AA
:10CA50000C1211D474031214F5120FAFE50BF50C80
:10CA6000750D00780C1211D4780E1211D4EAF50C61
:10CA7000780C1211D412CB3E1211D47B0274101216
:10CA800014F512CB53740C1214F5E0FAA90912280C
:10CA9000A6740C1211B1E9F9600302CB3B78008552
:10CAA0002182852283E0FAE8C39A400302CB3BE867
:10CAB000FA74081214F512CC54E0C0E07406121493
:10CAC000F5E02AFCA3E034008C82F583D0E0F00886
:10CAD00080CDE0C394044003750801740812123439
:10CAE000880C890D780C1211D474031214F5120FEE
:10CAF000AFE50BF50C750D00780C1211D4780E1201
:10CB000011D474081214F5E0FAE50A2AF50CE4349D
:10CB100000F50D780C1211D412CB3E1211D47B0209
:10CB200074101214F512CB53740C1214F5E0FAA918
:10CB3000081228AC740C1211B1E9F902BF22A80B3B
:10CB4000E50E28F50AE4350FF50B780A228E828F60
:10CB500083A3A312CB5722E0FCA3E0FD2274F712BB
:10CB60000BD9E9FE9016EB12A827600812B4441204
:10CB70002CEC80027901029C0074F7120BD9E9FEBB
:10CB80009016ED12A827600812B444122CEC800213
:10CB90007900029C0074F1120BD974E012126478CF
:10CBA00000742F1214F512939EEE2812AC6A6436AC
:10CBB000C0E0852182852283E58228F582E43583E1
:10CBC000F583D0E012D04140E074311214F512D058
:10CBD000291211D48C0A8D0B780A1211D4EAFCEBBD
:10CBE000FD7901740412123C12C34D1211B1850873
:10CBF0000C85090D750E00780C1211D07C107D008B
:10CC0000741312123C12C31C1211B17800E8FAEE30
:10CC10002A12AC6A645CC0E085218285228312CC32
:10CC200054D0E012D04140E578081211D475088044
:10CC300075090078081211D4741412124479017421
:10CC40000412123C12C34D1211B174201211B17FA3
:10CC500007020F2612CC5822E5822AF582E435839A
:10CC6000F5832274F0120BD974DF121264E9852166
:10CC700082852283F08A0C8B0D8C0E8D0F743112FD
:10CC800014F512CFF074037808121455AA0874042E
:10CC90007808121455AE08AF09EA540FF50B7C1052
:10CCA0007D00790074331214F512CFFC8521828542
:10CCB0002283E0606074331214F512BE861211D024
:10CCC0007C107D00740412123C12C31C1211B18539
:10CCD0000C08850D0978081211D07C107D0074367F
:10CCE0001214F512D0351211B174331214F512D09A
:10CCF0002312123C12CFDEE8FAE50C2A12C307FC1D
:10CD000074331214F512D03E40ED74311214F5E074
:10CD100024801296C4850E0C850F0DEEF8EFF9E80D
:10CD200024FF1EE934FFFFE849606674331214F5EE
:10CD300012BE861211D07C107D00740412123C12B7
:10CD4000C31C1211B1850C08850D0978081211D089
:10CD50007C107D0074361214F512D0351211B174A6
:10CD6000331214F512D02312123C12CFDE850C823E
:10CD7000850D83E0FCE8FA74331214F512D04812E2
:10CD8000CFD585820C85830D08E8C39410508C8024
:10CD9000DCE50B600302CE2B74331214F512BE8651
:10CDA0001211D07C107D00740412123C12C31C12AC
:10CDB00011B17C0E7D00790074331214F512CFFC92
:10CDC00074331214F512B6307480F074311214F505
:10CDD000A3E0C0E074331214F512A7EED0E0F074B3
:10CDE000311214F5E0C0E074331214F512A802D029
:10CDF000E0F078081211D07C107D00741412123CFF
:10CE000012C31C1211B174331214F512D023121272
:10CE10003C12CFDEE8FA74111214F512CFE41214AA
:10CE2000F512D03E400302CFD080E9C3940E743394
:10CE3000500302CF331214F512BE861211D07C10AB
:10CE40007D00740412123C12C31C1211B17C107DBF
:10CE500000790074331214F512D0071211D0AC0B04
:10CE60007D0074361214F512D0351211B1A80B746E
:10CE7000331214F512D01078081211D07C107D00F6
:10CE8000741412123C12C31C1211B174331214F533
:10CE900012D02312123C12CFDEE8FA74111214F5EC
:10CEA00012CFE41214F512D03E40EE74331214F592
:10CEB00012D0291211D07C107D00740412123C1281
:10CEC000C31C1211B17C0E7D00790074331214F56D
:10CED00012CFFC74311214F5A3E0C0E074331214C5
:10CEE000F512A7EED0E0F074311214F5E0C0E07452
:10CEF000331214F512A802D0E0F078081211D07C99
:10CF0000107D00741412123C12C31C1211B1743340
:10CF10001214F512D02312123C12CFDEE8FA74116B
:10CF20001214F512CFE41214F512D03E400302CFD2
:10CF3000D080E91214F512BE861211D07C107D004B
:10CF4000740412123C12C31C1211B17C0E7D0079C4
:10CF50000074331214F512D0071211D0AC0B7D00FF
:10CF600074361214F512D0351211B1A80B743312A5
:10CF700014F512D01074311214F5A3E0C0E074332C
:10CF80001214F512A7EED0E0F074311214F5E0C0DF
:10CF9000E074331214F512A802D0E0F078081211F0
:10CFA000D07C107D00741412123C12C31C1211B1FB
:10CFB00074331214F512D02312123C12CFDEE8FAA9
:10CFC00074111214F512CFE41214F512D03E40EE93
:10CFD000742102BF24F0850C82850D83A3221226C2
:10CFE0002A78002212CC58E0FC743322A3A3A3A316
:10CFF00012CFF422E0F508A3E0F5092212D00022B6
:10D0000012A21D121B3E2212D000750E00780C22B7
:10D0100012D0177480F022E028FAA3E034008A824C
:10D02000F5832212CB5774012212CFF4780822F52F
:10D0300082E438F58312A219121B3274032212D033
:10D0400048F008E8C3941022E02AF9A3E0340089EC
:10D0500082F583E06C2274F6120BD912D064122888
:10D0600088029554EAFEEBFF8C088D09122882ACE9
:10D0700008AD09EEFAEFFB22E4F0A3F0A3F0A3223F
:10D0800012D078F02212D08922E0F508E4F509F5F3
:10D090000AF50B22E82411F582E439F583E022E059
:10D0A000F508A3E0F50922122AF274041211B17FE7
:10D0B00008020F2674091211B17F04020F26EA2418
:10D0C00013FAE43FFB122A20E9227905122A2C7474
:10D0D0000622E024F5C3941322122AFE90074C1274
:10D0E000F7D27A147B0022F583E08882898322EAD2
:10D0F00012D0F42212E43A3FF583222411F582E49F
:10D100003FF583E02212E240A322EEFAEFFB122A5F
:10D1100026740222EE24FFF582EF34FFF58322EE1F
:10D1200012EAF83FF58322E0FEA3E0FFEE4F2274FF
:10D13000021211B17F06020F26E50812EB12350923
:10D14000F583E022AA82AB83121CD68E828F83A342
:10D15000A312D9EBE0227A917B17121B867402226C
:10D16000EE12D0FB22E508A2E092AF02DF7A740350
:10D170001211B102DF7A12D11FE064012212E22BF8
:10D18000A3A322EAF0A3EBF0EA4922FAE43FFB79F9
:10D19000E112197C22EE240812F51F22C082C083FE
:10D1A00074FE1212649017A474F4F0A37428F09023
:10D1B00017A674EEF0A37428F080077A917B1712FB
:10D1C000D1F890179112E2F770F190179312E2F7ED
:10D1D00060097A937B1712D1F880EF901791E4F0F1
:10D1E000A3F0901797F0A3F0A3F09017B27430F06B
:10D1F000A37429F07402801C121B7A852182852277
:10D2000083EAF0A3EB12D20C122A0822F0AA21AB77
:10D21000222274111211B102DA8F74F6120BD9E9BD
:10D22000FF741729F582E43433F583E493FEFA7B27
:10D2300000121B50EA4B6007EA2E12D26880267A51
:10D24000027B00121B50EA4B601774012FF582E439
:10D250003433F583E4938A828B83F0A3741A12D655
:10D26000317A007B0002F18212DB5EE812F0FCA34F
:10D27000A3A3A3E4F022E9FC740629F8EAA2E05093
:10D280001EE875F00A84E5F0F96014740A28C39961
:10D29000F8E9C394054004740A28F8740B28F8ECE4
:10D2A000C394134004791480027906E82979002494
:10D2B00009F85001097A0A7B001208DDE8F9021129
:10D2C0007EC082C0839017FEE05402600A12221CC6
:10D2D000E9600479018002790002DA8FC082C0839C
:10D2E0009017FEE054026014901797E0700A12E263
:10D2F000F4600912D301500479018002790002DA46
:10D300008F12D094A2E722C082C083908282E0F87C
:10D31000901799E0C3985005121B5080047A007B47
:10D320000002DA8FC082C083122A08790002DA8FE5
:10D33000C082C08374FE121264852182852283EA32
:10D34000F0A3EB12D49AA3A3A3A3A3E0600A1460F2
:10D350005724FE605A02D40A90072CE0640F601232
:10D360001229DEE9700C12D9159017A012D9E71214
:10D370002CEC900754E0C0E085218285228312E2E4
:10D380000ED0E012D49A741412EB2CFCA3E0FD7AB8
:10D39000937B17121B74A8A8C2AF90179912D4BE22
:10D3A00079201229D202D1F412D768741580D912CB
:10D3B000D768A3A3A3A3E0605112D76812D14FC0CE
:10D3C000E0852182852283E02406F582E43BF58313
:10D3D000D0E012EB2C2402F8A3E03400F98882F5A7
:10D3E00083E02401FAA3E03400FB88828983EAF019
:10D3F000A3EB12EB2C12D7A8852182852283601320
:10D4000012D46F600512D4814048AA21AB22122A9F
:10D4100008809212D46F60F212D481502112D48EFF
:10D42000FA852182852283A3E0C8240612D764F8F6
:10D43000742C12E42C3433F583E4936A6014852150
:10D440008285228312D46F640870BF12D48E640860
:10D4500070B812D48E1412D4A2240AC0E08521829E
:10D4600085228312D9E7D0E012D4A20402D3881215
:10D47000D4732212D96AC82406F582E438F583E011
:10D480002285218285228312D473C3940A228521A6
:10D490008285228312D105A3E02212D4ACF58388C1
:10D4A000822212D4ACC8240612D79222F08521829F
:10D4B00085228312D96A22A8A8C2AF901798E004E7
:10D4C000F0E8A2E792AF22C082C0839017A812E2D0
:10D4D000F7600812D76F122CEC8002790002DA8F05
:10D4E00074F7120BD9EAFEEBFFEA12D12074011295
:10D4F000DB1DF8A3E0F912D0EF12DB6FEA2435123E
:10D50000DE6CC0E0EA2413F582E43FF583D0E0F05E
:10D51000EA243612DE6CC0E0EA2414F582E43FF51A
:10D5200083D0E0F0EA243812DE6CC0E0EA2418F57B
:10D5300082E43FF583D0E0F0EA242FF582E43FF562
:10D5400083120FAF12EFE2EA243112DE6CF912D12E
:10D550000E1211B1E9F5087007EEFAEFFB12290C73
:10D56000A90802DF7AC082C0831229DEE96004794B
:10D57000208002790102DA8FC082C083EA2411126E
:10D58000D589D2E0800DEA240DF582E43BF583E0F5
:10D5900022F0A3F002DA8FC082C08312D586640124
:10D5A000701112D62B400C8A828B83A3E0F91229CA
:10D5B000D8806612D61CA2E650128A828B83A3E022
:10D5C000F99017A212D9E7122CEC804D12D586647F
:10D5D00001700D12D62B50088A828B8374308036EE
:10D5E0008A828B83A3E0641B8A828B8370047422FB
:10D5F0008024A3E0700D12D586F8740C12E42C344C
:10D6000033800B12D586F8740112E42C3433F58381
:10D61000E4938A828B8312D63102DA8F12D62022CB
:10D62000EA2410F582E43BF583E02212D620A2E33F
:10D6300022F09017F9E0F9121B5C2274F7120BD953
:10D64000E9FE12E2F4700302D761EE6014741B6EFF
:10D65000701AE812EAF839F583E06405700302D71E
:10D660003990179B12D76FA3E402D74074E96E700C
:10D6700068E82412F582E439F583E0700B12222267
:10D68000E9600512D7B2606179EE1218FE90179A20
:10D6900012D78990179A603A12D7B590179A700BE3
:10D6A00012D78914F0121AC002D76112D7A7C2E7A5
:10D6B00012D950240D12D7646403700912D7821254
:10D6C000D906D2E2F079ED1218FE12D79A122CEC9C
:10D6D000807812D77574E9806774E16E703E12220B
:10D6E00022E9605512D7B2705090074EE0C0E012A8
:10D6F000D7822412F582E438F583D0E0F090073D1C
:10D70000E0C0E090179A12D77E12D77ED0E0F0905A
:10D71000073DE004F07901121AA88045741C6E7070
:10D720001890179A12D91B9017AA12D9E7122CEC4D
:10D7300090179AE4F0A3F0802890179A12D775EE0C
:10D74000F090179A12D91B1228FA12D931E054809E
:10D75000600312F2F190179AE4F0A3F07910122905
:10D76000D202DF7A12D79222852182852283A3E01A
:10D77000F58388822212D7792212D9EFA32212E2EE
:10D780003C2290179A12E21D2212E21D241212D797
:10D790009222F582E438F583E02290179A12D91F7D
:10D7A00090179E12D9EB22E0F8A3E0C8241012D7FC
:10D7B000922290179A12D938E054042274F4120B72
:10D7C000D9750A00750B00A2AFE433FEC2AF12E2B6
:10D7D000F4600302D8AF12D9E4122CECE94410F83B
:10D7E000901791800985080A85090B12D8F912D97A
:10D7F0000D700302D8AF12D139586870E8780A1258
:10D8000011D4AC08AD0912D1561211B190179AE596
:10D8100008F0A3E50912D95012D906A2E750030275
:10D82000D8B6901798E014F0EEA2E092AF90179A55
:10D83000E0240EF8A3E03400F9E8FEE9FF8882F561
:10D840008312D91B90179A12D494F91228BEE9902A
:10D85000179512EE868E828F83E05480601812D75F
:10D8600082241312D764F91219B812D78224141221
:10D87000D764F91219AC12D931A3E05401605F905A
:10D88000179512E2F7604512D947604012D947F860
:10D89000790090179512D91B1208E5E8C0E012D95B
:10D8A00025D0E012D955C3941340117402800FEEB5
:10D8B000A2E092AF803790179702D8257400C0E09D
:10D8C00090179BE0C812D8F0D0E0800D12D92574D3
:10D8D0000112D95012D8F07401F07903800C90171E
:10D8E0009A12D7A7A2E1B3E433F9121AA802D0B969
:10D8F000241AF582E438F58322E50824FBF582E555
:10D900000934FFF5832212EB1212D7952212D09F11
:10D91000E50845092285218285228312D91F22E04C
:10D92000FAA3E0FB2212E21A2419F582E438F58307
:10D930002290179A12D9382212D96AC812D94022D5
:10D9400012E43A38F5832212E21A241812D79222EE
:10D9500012D962C82212D962F5838882A3A3A3A335
:10D96000E022F090179A12D96A22E0F8A3E022741C
:10D97000F7120BD9EAFEEBFF122A0212DE69A2E3CC
:10D98000400A12D17670059082808003908281E0F7
:10D99000F9EEFCEFFD7A917B17121B8CE96038EEF3
:10D9A000FAEFFB9017A412D9E7122CECEE240E121A
:10D9B000DE6C5404701212D4B7EE12D0F0A3E0540F
:10D9C00001701E1229068019EEFAEFFB90179C12C7
:10D9D000D9E7122CEC800A8E828F83A374F112D9BE
:10D9E000F802DF7A9017A612D9EB2212D9EF22E0C3
:10D9F000F8A3E0F58388822212D9FF1228FA22F0D8
:10DA0000EEFAEFFB2202DA8874F7120BD9EAFEEB8A
:10DA1000FF79009017FEE05402700CEA243312DE06
:10DA20006C5404600279E89017FEE05460700CEAD0
:10DA3000243312DE6C5402600279E88A828B83A35D
:10DA4000A3A3A3E0F8908286E0C398500279E8EAA5
:10DA5000243112DE6C700CEA242E12DE6C70047914
:10DA6000F5800BE970051228E8E9F9E96007EEFA9C
:10DA7000EFFB1229D802DF7AC082C0838A828B83AF
:10DA8000740DF01222168007C082C083122906D0BE
:10DA900083D08202117E74F4120BD9EAFEEBFF8A66
:10DAA00082F583E4F0A312DB1D540490828070128F
:10DAB000E0F8901798E0C398401279F11229D80243
:10DAC000D0B9E0F8901797E0C39850EE12DB23A38B
:10DAD000E054016037EA243712DE6CC3940540330A
:10DAE000EA243312DE6C540570297AAC7B17122AB3
:10DAF000FEEE2437F582E43FF58312D085780812D4
:10DB000011CC7AAC7B1712DB171211B1EEFA12E5C9
:10DB10001D80AC79E880A5122AF2740422F012DB91
:10DB200023E022EA2433F582E43FF5832274F612DF
:10DB30000BD9E9FE2451FAE43400FB121B50EA4BE6
:10DB40006015EE8A828B83A3A3A3A3F0EA2451126B
:10DB5000DB5E12DB6F80047A007B0002F182F8E466
:10DB60003BF98A828B83A3A32212F7D2901876E81E
:10DB7000F0A3E9F02202DA88C082C0839017B5745E
:10DB80005AF0A37429F0A3748AF0A37429F0A37443
:10DB900060F0A37429F0A37466F0A37429F0A37451
:10DBA00084F0A37429F0A37478F0A37429F0A3740B
:10DBB00072F0A37429F0A37490F0A37429F0A374F5
:10DBC00096F0A37429F0A3749CF0A37429F0A374B5
:10DBD000A8F0A37429F0A3746CF0A37429F0A374C3
:10DBE00054F0A37429F0A3744EF0A37429F0901795
:10DBF000D1747EF0A37429F0A374A2F0A37429F069
:10DC0000A374B6F0A3742AF0A374AEF0A37429F041
:10DC1000A374B4F0A37429F09017F5E4F09017F80A
:10DC2000F09017E112DC357402F09017EA12DC353F
:10DC3000740102D59374D2F0A37429F0A32274F571
:10DC4000120BD974F1121264852182852283740229
:10DC5000F074011214F5E9F060047AFF7BFF74029E
:10DC60001214F512E6DB7508ED750917750A0078D0
:10DC7000081211D07C0B7D0074071214F5AA82AB38
:10DC80008312DCA51211B1AA21AB22122216740F45
:10DC9000800312DCA51211B17F03020F267C0B7DDD
:10DCA000007AED7B17121B3274032274F7120BD922
:10DCB00074FD121264852182852283740AF0740136
:10DCC0001214F5E9F074021214F5EA12F24102D1CD
:10DCD0006E74F6120BD974F7121264EAFEEBFFEAC7
:10DCE00012DD2312DD537402F0EA2428FCE43FFD28
:10DCF000AA21AB22121CCAEE243112DD29243312D0
:10DD0000EC471211D4740212124479831A1A12D1F8
:10DD10000C1211B1E9F5087007EEFAEFFB12290CAD
:10DD200002F17B12D0F4740122F582E43FF58312F4
:10DD3000D09F12E1F3F58312DD41E8F0A3E9F0EEA4
:10DD40002212DD498A828B8322E024FFF8A3E0348B
:10DD5000FFF922F0A3E4F0EA12D1202274F0120BB2
:10DD6000D912F6B01214827808790C120A72780867
:10DD70001211CC7AE47B1702D0A774F4120BD97479
:10DD8000C612126490072CE0640F600D8521828515
:10DD90002283742E12E6FA80227ADB7B1712D0D906
:10DDA0001208E588088909E4F50AF50B78081211CC
:10DDB000CC7ADB7B1712DB171211B1743A02D0B6A2
:10DDC00074F5120BD9EAFEEBFF8A82F583A3E0F823
:10DDD0007078EA243012DE6C64026007E06403604D
:10DDE0000278E8EA2426F582E43FF58312D0D24097
:10DDF0000478E88058E87052EA242612D18BEE2489
:10DE00003112DE5E243012DE6C6402700EEE2428C5
:10DE100012F7C890073B12DB6F801790073B74FE28
:10DE2000F0A304F0EE2428FCE43FFD7A327B0712D5
:10DE30001CD6EE241B12D1981211D012DC9D1211A7
:10DE4000B1EEFAEFFB122948E9F8E8600EE88E829D
:10DE50008F83A312EFEA741712F08E02DC98FAE4B3
:10DE60003FFB795012197CEE22EE2410F582E43F3C
:10DE7000F583E02274F6120BD974F712126490172E
:10DE8000F8E070377401F0F9121A72AA21AB22126D
:10DE90002A147508ED75091778081211D475080150
:10DEA00075090078081211D4900741120FAF74065B
:10DEB0001212447A0312D0CA1211B102F17D74F722
:10DEC000120BD912E09A7004A374EBF09017F8E0EB
:10DED000A2E25003C2E2F0E0A2E1500512E0AB8002
:10DEE000098E828F83742A12F08E02DF7A74F41204
:10DEF0000BD974FE12126412DFA012E1E6EC852148
:10DF00008285228312E235E0F50B7015AA21AB223F
:10DF1000795312197CEE2413FAE43FFB794A121963
:10DF20007C12D1951211D012DC9D1211B112D915AB
:10DF3000A90B12293C9017F8E0A2E1500312E0B2BD
:10DF40009017F8E4F0740202D0B674F7120BD9EA15
:10DF5000FEEBFF8A82F583A374EBF09017F8E0A242
:10DF6000E150077A0079EB122942EEFAEFFB122911
:10DF7000788007EEFAEFFB122A747F01020F2674F5
:10DF8000F7120BD912DFA09017F5E4F09017F8F014
:10DF90007AFF7BFF8E828F83A3E0F912293C80DA1F
:10DFA00012E0EB7AE47B17122AFE2274F7120BD9E7
:10DFB000EAFEEBFF12297280BA74F7120BD912E154
:10DFC00028A3A3A3E060047400800274EB12DFF9BD
:10DFD0005003C2E2F0E0A2E1500512E0FC8011A281
:10DFE000E0500D8E828F83742AF0A374EB12F08EB2
:10DFF000EEFAEFFB12291E80818E828F83A3F090B0
:10E0000017F8E0A2E22274F6120BD9EAFEEBFF90B9
:10E0100017F8E0D2E1F07901121A728E828F83A391
:10E02000E07038122A1AE9FAEE240DF508E43FF5FB
:10E030000978081211D475080175090078081211C1
:10E04000D412E06C120FAFEE2402FCE43FFD12D0BC
:10E05000CA1211B1E98E828F83A3F08E828F83A3BF
:10E06000E060067A00F912294202F182EE240BF5F3
:10E0700082E43FF5832274F7120BD912E09A700400
:10E08000A374EBF09017F8E0A2E25003C2E2F0E0D4
:10E09000A2E1500312E0AB02DF7AEAFEEBFF790166
:10E0A000121A788E828F83E0642022C2E1F012E09F
:10E0B000B2227A008E828F83A3E0F9122942227461
:10E0C000F7120BD912E0EB8E828F83A3A3A3A3E0F8
:10E0D00060047400800274EB12DFF95003C2E2F0B6
:10E0E000E0A2E1500312E0FC02DFF0EAFEEBFF7970
:10E0F00001121A787ADB7B17122AFE22C2E112F58E
:10E1000012E0A2E4E433FA12E0B42274F7120BD95D
:10E1100012E12874EB12DFFE5003C2E2F0E0A2E14C
:10E12000500312E0AB02DF7AEAFEEBFF7901121A2C
:10E13000788E828F83A32274F7120BD912E14D02DD
:10E14000DF7374F7120BD912E14D02DF7AEAFEEBAE
:10E15000FF7ADB7B17122AFEEEFAEFFB12299C22D4
:10E1600074F7120BD974EF121264EAFEEBFFEA1295
:10E17000EFD67A327B07121CC4E96056852182856E
:10E1800022837409F074011214F574EFF012E1E6C1
:10E1900074021214F5EC12E235A3A3E0C0E074049B
:10E1A0001214F5D0E012E222640870158E828F837B
:10E1B000A3A312E20EE0C0E074051214F5D0E080D3
:10E1C0000674051214F5E412EE7374061214F512B7
:10E1D000E1D7741102D170AA82AB83122A3EAA2120
:10E1E000AB221222162212E1F3F58312E205FCA300
:10E1F000E0F922EE12E1FBFB8882222402F8E43FE0
:10E20000F9E8FAE92212D96A8882F583E02212E25B
:10E210001D2407F582E438F5832290179A12D96AF3
:10E22000C82212E2262212E22BE022F08E828F8395
:10E23000A3A3A3A32212F0FC12E23C2212E240228A
:10E24000E0F8A3E0F5838882A3A322C082C08312F2
:10E250002A8002DA8FC082C08390181574B5F0A3AB
:10E260007417F0A374D1F0A37417F09019F47486A6
:10E27000F0A37430F0A37424F0A37430F09018016C
:10E280007436F0A37429F09017FEE0440102D59390
:10E29000C082C083EAFCEBFD79021229F002DA8F1A
:10E2A000C082C083790602F30274F6120BD974FEA1
:10E2B0001212649017FA12E2F760077AFA7B1712CB
:10E2C0002A08901800E4F0900CD912E2F760208040
:10E2D00007AA21AB22122A089017F9E0F9121B684D
:10E2E0008B09A90985218285228312D18370E2746A
:10E2F0000202F17F90179A12F7D2E8492274F712BE
:10E300000BD9E9FA7B009017F9E0F9121B9202DFB2
:10E310007A74F7120BD974F0121264EAFCEBFDE97F
:10E32000FE8A828B83E0F8742212E42C3433F58366
:10E33000E493C0E074011214F5D0E0F0640B700DAA
:10E34000E98A828B83A3F0122A6202E427E0700339
:10E3500002E427640C600302E418741A6E700B74F4
:10E36000041214F5E4F0A302E41774041214F51275
:10E37000E6DBEA243212EADCC0E074031214F5D0C2
:10E38000E012F4FD1214BA74061214F51214C68CBD
:10E39000828D83A3A3A3A3A3A3A3A3A312F7CE74E5
:10E3A0000A1214F5E8F0A3E912E431E05410600910
:10E3B000852182852283E48013EC241212EADCF8A2
:10E3C00090074EE0C398852182852283F0E0C0E06B
:10E3D000740C1214F5D0E0F0EC241512EADCC0E065
:10E3E000740D1214F5D0E0F0EC241612EADCC0E053
:10E3F000740E1214F5D0E0F0EC241712EADCC0E041
:10E40000740F1214F5D0E012E431A3E05401600857
:10E4100074011214F57411F074021214F5EEF07414
:10E420000112123C122216741002D17028F582E4F7
:10E4300022F0EC12E43A3DF58322240EF582E42228
:10E44000C082C083901800E06403700479018002E8
:10E45000790002DA8F74F7120BD9901800E012E4F9
:10E46000D074F228F582741939F58312E863C2E793
:10E47000F012E4D7A3E493FE25E0FCE433FD74F24C
:10E480002CF58274193D12EBE1EC4D6005EE90180D
:10E4900000F08A828B83E025E0FCE433FDE82CF574
:10E4A00082E93DF583E493FCC4540F25E0F8740F32
:10E4B00012E42C3418F58312E2F77005122A50800A
:10E4C0000CEC540F12E4D712D9E7122CEC02DF7ACD
:10E4D00025E0F8E433F92225E0FCE82CF582E43964
:10E4E000F5832274F2120BD974FE121264890B8A1E
:10E4F000088B0912E58212E573601A12EE80F50AA4
:10E5000078081211D012E58F240212EBD71211B144
:10E5100012E51B800312E5A102D12FAA0CEFFB909C
:10E5200017F9E0F9121B5C2274F0120BD974FE1279
:10E530001264890B8A0E8B0F12E582F50812E573BF
:10E54000602712EE80A808EA2812D268850E088596
:10E550000F09F50A78081211D012E58F12EBD512C7
:10E5600011B112E51B7900800512E5A1791A740238
:10E5700002D0ACFA7B00121B508A0C8B0DAF0DEA57
:10E580004F2274EB29F582E43432F583E49322A818
:10E590000B74F612E42C3432F583E493FC7D00EA2C
:10E5A00022852182852283E50BF0791AAA21AB22EC
:10E5B0001229D822C082C083E99017F902D593743A
:10E5C000F6120BD974FE121264EAFEEBFFEA542035
:10E5D00070308039A8A8C2AF901799E01412D4C047
:10E5E0008A828B8312E6C89017FC12E6DB1229E4BC
:10E5F000852182852283E0641560077AFC7B1712EF
:10E600002A087A937B17121B7AEA4B70C7EF548063
:10E61000700C80169017FCEAF0A3EB12E6EE901750
:10E62000F9E0F9121B68EA4B70EAEE5410600B85B2
:10E630002182852283742D12E6FAEEA2E0500B852A
:10E640002182852283742412E6FAEE5402600B853F
:10E650002182852283742512E6FAEE5404600B852C
:10E660002182852283742612E6FAEE5408600B8517
:10E670002182852283742812E6FAEE5440600D74DC
:10E68000011214F512E6E1742C12E6FAEE548060E1
:10E690000D74011214F512E6E1742F12E6FA9017C8
:10E6A000FA12E2F7601BA8A8C2AF9017FA12D91BA2
:10E6B0009017FAE4F0A312D4C0A3EAF0A3E912E69B
:10E6C000EE7A007B0002E2EF12E6CC22E0852182A6
:10E6D000852283F022A3A3A3A3A3A3EAF0A3EBF0D4
:10E6E00022E412E6E622F085218285228322F012BE
:10E6F00029E47AFC7B17122A082212D20C1229E490
:10E7000022C082C0839017FC12F23C687002EB6951
:10E7100070079017FCE4F0A3F002DA8F74F7120B85
:10E72000D9EAFEEBFFEA4F7003121754A2AFE433AD
:10E73000F508C2AF8E828F8312E2F76028E824FBCF
:10E74000FAE934FFFB9017FC12EBE3E86C7002E986
:10E750006D70079017FCE4F0A3F08E828F83E4F0D5
:10E76000A3F0121BEC02D165C082C0839018237401
:10E7700044F0A3742AF0A37456F0A3742AF0A3748F
:10E780005CF0A3742AF0A37418F0A37429F0A374A6
:10E7900062F0A3742AF0A37412F0A37429F0A37496
:10E7A0001EF0A37429F09018317492F0A3742AF02B
:10E7B000A37468F0A3742AF0A3746EF0A3742AF013
:10E7C000A3747AF0A3742AF0A37474F0A3742AF0EB
:10E7D000901822E402D593C082C08390073BE06486
:10E7E000FE7003A3E0F470097C327D07121CCA801E
:10E7F0001C8A828B83A3A3A3A3A3A3A3A37402F065
:10E8000090073B12F7CE8A828B8312DB6F02DA8F7E
:10E81000C082C083900745C3E094FEA3E094FF400C
:10E820000479038002790202DA8FC082C0838A826F
:10E830008B83A3A3A3A3A3A3A3A3E0640270169056
:10E84000073B12E863687003A3E0697004790180F4
:10E850000F7900800BEAFCEBFD7A327B07121CC4B7
:10E8600002DA8F12F7D28A828B83E02274F0120BC5
:10E87000D974FC121264E9852182852283F0740226
:10E880001214F5ECF0A3EDF08A0A8B0B75080074F6
:10E89000021214F5E0240812EADCC0E0740112143C
:10E8A000F5D0E012EB2CA2E75008750EFF750FFFB4
:10E8B000800A900741E0F50EA3E0F50F85218285DF
:10E8C0002283E0C2E712EB315420600712EAFE74A3
:10E8D00008800412EAFEE412EB315404600712EBE4
:10E8E000097480800512EB09741012EB315410602A
:10E8F0000612EAE4E4800B90074EE0C0E012EAE47E
:10E90000D0E012EB31A2E0500375082054086006F5
:10E9100074104508F5088A828B83A3A3E024FFFEC8
:10E92000A3E034FFFFEA12EAEFC39402E0400F6471
:10E930000B6009E0148E828F8312EB22740345086A
:10E94000F508750900900761E0640170118A828BF7
:10E9500083A3A3A3A3E0C394674003750910852193
:10E9600082852283E0F50C750D00740E780C12136D
:10E970006FE50D4509F509E06402701B900746E05C
:10E980008E828F83F0900745E0C0E012D114D0E072
:10E99000F0EE24FEFE801CE06403701DEE24F9FE00
:10E9A000EF34FFFF7C557D07EEFAEFFB121CD6EE2D
:10E9B00024FF1EEF34FFFF8003E0602F7401121468
:10E9C000F5E0601874141214F5E0650E7004A3E00D
:10E9D000650F700874404508F508800F8E828F839C
:10E9E000E50FF012D114E50E12EB1874011214F5B4
:10E9F000E0F50C750D00740A780C12136FE50D45E7
:10EA000009F509E06402702374021214F512F2375A
:10EA10008E828F83F074021214F512D151C0E0126D
:10EA2000D114D0E0F0EE24FEFE8020E064037021DB
:10EA3000EE24F9FEEF34FFFF74021214F512EBE33B
:10EA4000EEFAEFFB121CD6EE24FF1EEF34FFFF8020
:10EA500003E0601C74141214F5A3E08E828F83F01F
:10EA600074141214F5E0C0E012D114D0E012EB18C7
:10EA7000EEF8EFF9E824FF1EE934FFFFE50A12EA99
:10EA8000EF7005900731800390073DE0FA04F0EA4B
:10EA90008882898312EFEAE50912EB228E82F583E0
:10EAA000E508F0E50A2404F8E4350BF9E50A240248
:10EAB000FAE4350BFBEEFC8A828B83E0F508888252
:10EAC0008983E02508C39C12F0FFEEF0A3EFF085E8
:10EAD0000A82850B83A3E4F0F902D0AAF582E43D13
:10EAE000F583E022EA2412F582E4350BF583221245
:10EAF000EAF8350BF583E022240DF582E422EA24BE
:10EB000010F582E4350BF58322EA12EB12350BF592
:10EB100083222411F582E422F0EE24FEFEEF34FF7E
:10EB2000FF22F0EE24FF1EEF34FFFF2212E6E6E0A4
:10EB300022F0EA12E43A350BF583E02274F1120B6D
:10EB4000D974FE121264852182852283ECF0A3ED34
:10EB5000F0890B8A0E750A1A74151214F512FA61EF
:10EB60001228B88A0C8B0DAE0CAF0DEA4F605A74A8
:10EB7000131214F512F23C12EC42F0A3E912DD5626
:10EB8000E50BF0750A0078081211D07C0B7D00EAC5
:10EB900012EBD51211B174111214F5120FAF7402E9
:10EBA0001214F512EBE3A90E12D10A1211B1E9F514
:10EBB0000A7016E50B24F9600314700612D160D2B6
:10EBC000E5F0EEFAEFFB12290CA90A74021211B15A
:10EBD0007F07020F26241BFAE43FFB121B3274034B
:10EBE00022F583E0FCA3E0FD2274F6120BD974F742
:10EBF000121264EAFEEBFF7801EA243212DE6C6046
:10EC0000027805EA12EC4212DD53740412EFDDAA19
:10EC100021AB22121CCAEE242F12DD29243112EC62
:10EC2000471211D4740212124479031A1A12D10C29
:10EC30001211B1E9F5087007EEFAEFFB12290C0288
:10EC4000F17B12D0F4E822F582E43F12D0E712E221
:10EC50002604F078082274F2120BD98A088B09EC8A
:10EC6000FEEDFF8A828B837405F0EC12F07612F3CE
:10EC7000C4F0EA2403F50AE43509F50B850A82F5A8
:10EC800083E0F50CA3E0F50DEC2425F582E43FF5D7
:10EC9000831214BAE50C12EB12350DF5831214C66B
:10ECA000EC12EFD6AA0CAB0D121CCA850A82850B9A
:10ECB0008312FAE112EE3C12EE5F12E6D5EE242F3B
:10ECC00012DE6CC0E012EE45D0E012EE8B2415F59A
:10ECD00082E438F583E412EE8B12D940E412EE732D
:10ECE000850A82850B83E02416FAA3E03400FB1228
:10ECF0002A3E8E828F83A3A3A3A3A3A3A3E0C0E095
:10ED0000850A82850B8312D78512EAF838F583D0FD
:10ED1000E012EE6AFAA3E0FB850A82850B8312F704
:10ED2000CEE8240BFCE439FD8A828B83E08C828D53
:10ED30008312EE868A828B83A3E0F50B8C828D830F
:10ED4000A3E0450B12F0F7A3E0FCEA2403FA50011C
:10ED50000BECA2E7E433C0E0E8240FF582E439F5D8
:10ED600083D0E0F074075C6004780180027800755D
:10ED7000F00374075CA428F8EA28FAE43BFBE508F2
:10ED80002405F8E43509F98A828B8312D0E912F060
:10ED9000F7AA82AB8385088285098312E6D588822B
:10EDA0008983E0F50A25E0540EFCE50AC4540FF50A
:10EDB0000A750B007403780A12136FE50A5438F8C9
:10EDC000EC28F8EA28F8E43BF9850882850983A352
:10EDD000A3A3A3A3A3A3A3A3E8F0A3E912E222FAA7
:10EDE0008E828F83A3A3E02AFAA3E03400FBC3EA58
:10EDF00098EB9940288E828F83A3A3E0F885088240
:10EE0000850983A3A3A3A3A3A3A3A3A312EE53C320
:10EE10009A28850882850983A3A3A3801685088282
:10EE2000850983A3A3A3A3A3A3A3A3E4F0850882D6
:10EE3000850983A3A3A3A3A3F002D134242BF582D5
:10EE4000E43FF5832212EE4922E82410F582E439EA
:10EE5000F58322E0FA8E828F83A3A3A3A3E022127C
:10EE6000D91F88828983A3A3A322F08E828F83A3D4
:10EE7000A3E02212EE7722F0EE2408FCE43FFD220C
:10EE80008A828B83E50BF0A3E4F022F0850A828569
:10EE90000B8312E21D2274F5120BD98C088D0975B3
:10EEA0000A0078081211D07C0B7D0002DC9202115E
:10EEB0007EC082C08379181229D802DA8FC082C03E
:10EEC000838A828B83E0C3940B5003122A4A02DAAE
:10EED0008FC082C083791980DE74F7120BD9EAFEE5
:10EEE000EBFF9017FA12E2F760109017FA12D91B95
:10EEF000122A567AFA7B17122A08EEFAEFFB122A28
:10EF0000029017FAEEF0A3EFF002DF7A74F7120B1B
:10EF1000D974DE121264EAFEEBFF8A82F583E024E4
:10EF2000FD601124FE601524ED600924FA600D14C3
:10EF3000600A803C74161214F5E4800774161214EB
:10EF4000F5740112EFDD740B1214F5AA82AB831273
:10EF50001CD674131214F512EFF61214F512DB6FAF
:10EF6000740A1214F512F0021214F512DB6F8042CB
:10EF700074161214F57402F0EA12EFD6740B121420
:10EF8000F5AA82AB83121CD674131214F512EFF695
:10EF90001214F512DB6F740A1214F512F002121437
:10EFA000F5E8F0A3E912EFF01214F5AA82AB831290
:10EFB0002A3E852182852283740B12EFEAA3E0C0EA
:10EFC000E074011214F5D0E012EFF01214F512E122
:10EFD000D7742202D1702413FCE43FFD22F012EF1B
:10EFE000E222EA2426FCE43FFD22F08E828F832277
:10EFF00012EE777417227403F090074512F7D2745B
:10F0000002227402F090074112F7D274142274F7AE
:10F01000120BD9EAFEEBFF8A82F583A3E0F50870B4
:10F020002CEA242F12F07F7003A3E06960037508B7
:10F03000E8EA242612D0C1602AEE12F076E4F0E568
:10F0400008700AEEFAEFFB122A32E9F508E50860CB
:10F050000F8E828F83A3E50812EFEA741912F08EE7
:10F0600002DF7AEE243212DE6C60D4901821E07058
:10F07000CE7508E880DB2432F582E43FF58322F583
:10F0800082E43FF58312F7D2900741E0682212D95B
:10F09000FF1229E422C082C08374F1121264740248
:10F0A0001214F5740412F0F7E0C0E074031214F5C2
:10F0B000D0E0F0EA242FF582E43B12F7CC740D1275
:10F0C00014F512DB6FEA2426FCE43BFD74041214F1
:10F0D000F5AA82AB83121CCA74041214F5AA82AB7F
:10F0E00083122A20E9600312F160740212123C12AA
:10F0F0002216740F02D21412F0FFA322F0A3E9F03B
:10F100008A828B832274F6120BD974E8121264EA95
:10F11000FEEBFF74021214F57403F0EA2413F508F1
:10F12000E43FF509AC08FD74041214F512D144C093
:10F13000E0740C1214F5D0E012EE73740D1214F595
:10F14000AA82AB83122A3EAA08AB09122A20E960E0
:10F150000312F160740212123C1222167418801FFE
:10F1600085218285228374FFF0A312D20C79531279
:10F17000197C90073B74FFF0A3F022A908740912D0
:10F1800011B17F02020F2674F6120BD974D4121239
:10F1900064EAFEEBFF8A82F583A3A312F237A2E6AC
:10F1A000501C90074112F23C242B12DE6C68700355
:10F1B000A3E0697009901822E06042122A80740B63
:10F1C00012123474031214F512DD3AFCEFFDAA2179
:10F1D000AB22122A38852182852283742B12E6FA0B
:10F1E000900726E0600874081214F5E0600B852192
:10F1F00082852283740512F241742C808290074A22
:10F20000E060BB12D0BE70B6EE2408F508E43FF50E
:10F210000978081211D475080175090078081211CF
:10F22000D4900741120FAF7C327D077A0379061222
:10F23000D0CC1211B180C212D779E02212F7D2EAF3
:10F240002212D20C12221622C082C08374EF121234
:10F25000648521828522837409F074011214F57487
:10F26000EE12F24102D21274F7120BD9A2AFE433BC
:10F27000FFC2AFE9600312196A1218F812F2CC7ECD
:10F280000012F2BD12E2F7600912F2BD12D9E712C4
:10F290002CEC0EEEC3940740E8122ACE1229CC9033
:10F2A000183BE4F01228B2122A0E7A447B077952F6
:10F2B00012197CEFA2E092AF790002DF7AEE12E43D
:10F2C000D0740128F582741839F5832212F2F19076
:10F2D0001822E0F912199490074112D91F12199AB5
:10F2E00090074512D91F1219A07A557B071219A64B
:10F2F00022900754E0F91219B8900753E0F9121957
:10F30000AC221229EA02DA8FC082C08390183C74C2
:10F310009EF0A3742AF0A374BCF0A3742AF0A37423
:10F32000C2F0A3742AF0A374A4F0A3742AF0A37407
:10F33000B0F0A3742AF0A374AAF0A3742AF0901872
:10F340000F7423F0A37418F0A37431F0A37418F0B1
:10F35000A3743CF0A37418F09017FEE4F0A3F0122D
:10F3600018F202DA8F02117E74F7120BD9EAFEEB63
:10F37000FF8A82F583740712F3CC12F3C412F3CC24
:10F38000A3A312F3C4A312F3D6A3A31214BA8E82BA
:10F390008F83A3A3A3A31214C68E828F83A3A3A3D8
:10F3A000A3A3A3A3A3E4F0EC2418F582E43D12F791
:10F3B000CC8E828F83A3A3A3A3A3A3A3A3A312DBB7
:10F3C0006F02DF7AE08A828B83A3A32212F3D6A393
:10F3D000A3A3A3A3A322F08C828D832274F4120B27
:10F3E000D9EAFEEBFF901849E412F4FDA3E0C394C0
:10F3F00006400690184974E8F08A828B83A3A3A381
:10F40000A3A3A3A3E0C3940F40158A828B83A3A375
:10F41000A3A3A3A3E06403601590184974E8F08ADD
:10F42000828B83A3A3A3A3A3A3E06403700E90170E
:10F43000FEE0A2E0400690184974E8F0EAFCEBFD1B
:10F440007A487B18122A988E828F83A3A378081299
:10F450001482740A780812121B90185C780812142F
:10F46000648E828F83A3A3A3A3A3A3A3E0901860B9
:10F4700012F50CE090186112F50CA3E0901862F000
:10F48000EE240B12DE6C901863F0EE240C12DE6C8E
:10F49000901864F0A3740AF0900754E0901866F096
:10F4A00090185912DC35740412F5171211D07C0B28
:10F4B0007D007A677B1812DCA51211B1901849E023
:10F4C000702A8E828F83A3E0702290184AE0600633
:10F4D00090184974EAF090184AE0F91219C48E8223
:10F4E0008F837426F07904121A6C80078E828F83C2
:10F4F0007429F0EEFAEFFB1229E402D0B912F501FB
:10F5000022F08A828B83A3A3A3A3A32212F512A3C2
:10F51000A32212D17DA322F0EE240D12F51F22F5B5
:10F5200008E43FF509750A0078082274F4120BD933
:10F5300074F7121264EAFEEBFF90184AE070309004
:10F540001865E0640A60281219D6E9C0E0901865D1
:10F55000E0F8901851E028F8A3E03400F9E824F529
:10F56000F582E912D11AD0E0F0901850E004F09042
:10F57000185C78081214827401780812121B901813
:10F580005C7808121464901865E004F0E508A2E0C5
:10F590004006E0C3941E40D7E0641E700302F625C7
:10F5A0007A657B1879E112197C74081214F57402DB
:10F5B00012E6E274FFF0A3F090184AE060046402DF
:10F5C0007009EEFAEFFB122AAA8063E0640170066C
:10F5D00079087A80800479077A8375086775091835
:10F5E00078081211D4E4F508F50978081211D475D9
:10F5F00008FF7509FF78081211D47406121244121C
:10F60000D0CC1211B1E9F874DB68601474E568605D
:10F610000F74F368600A74DF68600574E868700E40
:10F62000E9901849F08E828F83742912F08E02D0EF
:10F63000B474F0120BD9750801750900750A0075CC
:10F640000B00901865E0780812111B780812141549
:10F6500090184C78081213E190184AE06403700F78
:10F6600012F6B01214827808790C120A728035757D
:10F670000801750900750A00750B00901860E078A4
:10F680000812111B90831378081213A89083AF7887
:10F690000C1214827808790C120A7290184AE070E1
:10F6A000031219D078081211CC7A537B1802D0A714
:10F6B00090074F12D0899083AF780C2274F1120B0F
:10F6C000D974D41212648A088B0990184AE0640233
:10F6D000600DE064016008E06405600302F7BD901E
:10F6E0001849E4F0740B12123474031214F512DB8F
:10F6F0006FAC08AD09AA21AB22122A38901861E03C
:10F70000F8901850E0C398507812FB86901850E09B
:10F71000F50A80368E828F83A3A3A3A3A3A3A3A3FA
:10F72000A312F7CE74141214F5E0687003A3E06915
:10F73000700F740B121244EEFAEFFB121CC4E97046
:10F7400040150AEE2421FE50010FE50A70C6740B25
:10F75000121234880C890D750E00780C1211D07CB1
:10F76000217D00901850E08CF0A4F8A9F0A3E028C7
:10F77000FAA3E039FB12DCA51211B1901850E00495
:10F78000F0900726E0600E74081214F5E070069001
:10F790001861E07007AA21AB22122216901861E0CE
:10F7A0006021901850E0F8901861E06870158508A5
:10F7B000828509837429F0AA08AB09800312F87ABC
:10F7C0001229E4742C02EBCDF582E43FF58312F7A5
:10F7D000D22212D96AF92274F6120BD974FE1212CF
:10F7E000648A088B09EA241BF582E43509F583E075
:10F7F0006403707DEA2424F582E43509F583E0642E
:10F8000003706EEA2413FAE43509FB794A12197C75
:10F81000850882850983A312FB868E82F58312F800
:10F820008650010FAA21AB22795012197C8E828F4B
:10F830008312F88650010FAA21AB22794B12197C52
:10F84000EEFAEFFB79E112197C8E828F83A312F816
:10F850009212DB70AA21AB22795312197C901849BD
:10F86000E4F08508828509837429F0AA08AB098031
:10F870000312F87A1229E402E2EF90184974E812B0
:10F88000F0FF7429F02212F892F0A3E9F0EE2402BE
:10F89000FE22E0FAA3E0F9EA85218285228322C0D4
:10F8A00082C0837A537B18122AFE1219CA79041275
:10F8B0001A7890184AE064037006901849E06009CD
:10F8C0007A667B1879E112197C7A487B1802DA8310
:10F8D000C082C08374F5121264EAFCEBFDAA21AB6E
:10F8E00022122A9874011214F574FC12F241740B5E
:10F8F00002D214C082C083790702F302C082C0839F
:10F90000901872E4F0A3F0901874F0A3F09019FC32
:10F91000F0A3F0A374FF12EE86901A00F0A3F0A3F8
:10F9200074FF12EE8690187602D59174F4120BD9FA
:10F93000901876E4F0A3F090187212E2F760279026
:10F9400019FC780812148212FA681212BA501712AF
:10F95000FA4F12FA681212BA500612FA68121464B8
:10F9600090187212DB6990187412E2F790187660A2
:10F970001E12E2F7601112FA5B12148290187412D0
:10F98000FA6B1212BA500D90187412DB69800512CE
:10F99000E2F760219019FC78081214829018761210
:10F9A000FA6B1212BA500E90187612D77E1214DE2D
:10F9B000121886800312188C02D0B974F4120BD975
:10F9C000A2AFE433FEC2AF90187612E2F76078126D
:10F9D000FA5B1214829019FC78081212BA500B12BA
:10F9E000175490187612E2F7605D12FA4F9018766D
:10F9F00012FA6B121159504F908333780812148207
:10FA000090187612FA6B1212BA500312175490180B
:10FA10007612FA61122AFE850882850983A3A3A3C0
:10FA2000A3A3A3A3A3E0F9850882850983A3A3A3C5
:10FA3000A3A3A312FC6EEEA2E092AF122CECA2AF35
:10FA4000E433FEC2AF809BEEA2E092AF02D0B912C7
:10FA5000187A8A088B098C0A8D0B2212E2437808E7
:10FA60002212D09FAA08FB2290187212E23C78085A
:10FA70002274F0120BD98A088B098C0A8D0B741032
:10FA80001214F5801C908333780C1214828E828FAE
:10FA900083A3A3780C1212BA50031217548E828FCC
:10FAA0008312D12760358E828F83A3A37808121327
:10FAB0005C12FADE687002EF6970CA908333780CCA
:10FAC0001214828E828F83A3A3780C1212BA50B5BF
:10FAD0008E828F83A3A312D08080C202D0AF9018F1
:10FAE0007612F7D2EE2274F3120BD9A2AFE433F5FB
:10FAF0000CC2AF90187412FB87901872120FAF905F
:10FB000019FC780812148278081212FBAA08AB09B3
:10FB1000AC0AAD0B122AE074021211B1802F9019B9
:10FB2000FC78081214828E828F83A3A378081212A5
:10FB3000BA40139019FC78081214828E828F83A326
:10FB4000A378081212E48E828F8312FB87EE4F7027
:10FB5000CD901A0078081214829019FC78081212BD
:10FB6000CF6015901A001214BA9019FC1214C690A6
:10FB700019FC1214DE121874122AD4E50CA2E092B9
:10FB8000AF7F05020F26A3E0FEA3E0FF2274F01270
:10FB90000BD9A2AFE433FEC2AFED8C0CF50D8C8215
:10FBA0008D83800C850E0C850F0D850E82850F834D
:10FBB000E0F50EA3E0F50FE50E450F601A850E8205
:10FBC000850F83A3A378081214828A828B83A3A350
:10FBD00078081212BA50CD850C82850D8312E6DBAF
:10FBE0008A828B83E50EF0A3E50F12F3D612F23C66
:10FBF000687002EB697003122AD4EEA2E092AF02A1
:10FC0000D0AF74F4120BD9EAFEEBFF740C1214F5AA
:10FC1000C082C08312FA4FD083D08278081213A812
:10FC20008E828F83A3A378081214647C727D18EEF1
:10FC3000FAEFFB122AEC02D0B974F7120BD9EAFEE4
:10FC40008C828D83A882A98312FC6EE58245836035
:10FC500018EE65827003EB658370E912D91B888208
:10FC6000898312E6DB79018002790002DF7AE0FA0B
:10FC7000A3E08A82F5832274F7120BD9EAFEEBFF28
:10FC8000A2AFE433F508C2AF7C727D18122AF8E9FE
:10FC9000700B7C747D18EEFAEFFB122AF812FADE74
:10FCA000687002EF697003122AD402D165C082C065
:10FCB000839005FCE070037401F0D083D0820211C0
:10FCC0007E74F1120BD98A0A8B0B8C088D09EC45D6
:10FCD00009605D1217C0750C00750D00801C1217AD
:10FCE000A853FE7F1217BAE98E828F83F079001233
:10FCF00017A2050CE50C7002050DE50A250CFEE5C2
:10FD00000B350DFFE50824FFF8E50934FFF9C3E5DD
:10FD10000C98E50D99790040C51217A853FE7F1283
:10FD200017BAE98E828F83F079011217A21217B4E5
:10FD300079007F07020F2674F2120BD98A088B090B
:10FD4000ECFEEDFF1217C0750C03EE4F6031750A23
:10FD500000750B00E508250AF582E509350BF583EA
:10FD6000E0F912179C4006150CE50C70E7050AE552
:10FD70000A7002050BC39EE50B9F40D81217B47999
:10FD8000007F06020F2674F7120BD9E9FF7E087474
:10FD9000805FF91217A2EFC333FFDEF37900121769
:10FDA000A812FE651217A879011214A0A297B380B9
:10FDB0000579011214A07F01020F2674F7120BD9E6
:10FDC000E9FE79001217A879011214A0EE6005531C
:10FDD000FE7F800543FE80C29779011217A880D16B
:10FDE00074F7120BD9E9601453FEBF7E0AA2964045
:10FDF00010EE600D79011214A01E80F143FE40C286
:10FE00009680AE74F7120BD979011217A87E03A25F
:10FE100096400979011214A01EEE70F379001217B2
:10FE2000A812FE651217A879011214A043FE80C221
:10FE30009779011214A079001217A802FDB6C082AA
:10FE4000C08379001217A843FE80C297790112146B
:10FE5000A079011217A812FE651214A053FE7F5359
:10FE6000FEBF02FCBA53FE7F79012274F6120BD951
:10FE70007E007F0779001217A879011214A079017A
:10FE80001217A879011214A0A297501175080175D4
:10FE90000900EF780812136FE508CE4EFE74FF2FAD
:10FEA0001FC39400A2D265D03350C9EEF97F02027D
:10FEB0000F2674F7120BD9E9FF7E031217AEEFF984
:10FEC00012179C40041EEE70F202FDB674F1120B84
:10FED000D9890E8A0BECFEEDFF750C00750D0074D0
:10FEE0000F1214F512FFD860371217AEE50EC333A8
:10FEF000F50AF912179C5004D2F08002C2F0A2F069
:10FF0000501EA90B12179C50171217AE7401450A08
:10FF1000F912179C5004D2F08002C2F0A2F0400403
:10FF20007901804479001217A853FE7F1217BAEEA8
:10FF3000250CF582EF350DF583E9F0C3E508940251
:10FF4000E5099400400579001217A2050CE50C7034
:10FF500002050D12FFE470CC79001217A812FE659D
:10FF60001217A21217B4790002FD3274F2120BD9E3
:10FF7000890D8A0CECFEEDFF750A00750B00740EFE
:10FF80001214F512FFD860371217AEE50DC333F91E
:10FF900012179C5004D2F08002C2F0A2F05020A9A7
:10FFA0000C12179C501979001217A853FE7FEE25EA
:10FFB0000AF582EF350BF583E0F912179C400479BE
:10FFC000018012050AE50A7002050B12FFE470D6E3
:10FFD0001217B4790002FD81E0F508A3E0F509E508
:10FFE00008450922E50824FFF508E50934FFF5096D
:08FFF000E50845092202117E1B
:020000040001F9
:10000000C082C083E990151CF002822E74F4120B9A
:10001000D98A088B09EB5480604D800EEEFAEFFB15
:10002000121D60EEFAEFFB121B5690151CE0F91240
:100030001B688A0A8B0BAE0AAF0BEE4F60208E82D4
:100040008F83E0641A60D5EEFAEFFB121D12E9F916
:1000500074FF6960CEEEFAEFFB121B5C80CCAA083D
:10006000E5096480FB80047A007B000283EC74F76E
:10007000120BD97AFF02946C74F6120BD9E9FEEADE
:10008000FF7A047B00121BE6EA4B6035EF8A828B15
:1000900083A3A3A3F0EE8A828B83A3A31280FEF036
:1000A0009015281299CE7009901528EAF0A3EB80DC
:1000B00047E0F988828983A3A3A3E06F7007121B2E
:1000C000EC79008036E8FCE9FD888289831299CEBC
:1000D00070E174FF6F700D8C828D83EAF0A3EB12D8
:1000E00080FE801490152812A7849015281292C2C1
:1000F0008A828B83E8F0A3E9F07901029579F08A8E
:10010000828B83E4F0A322C082C083EA12A75E3B05
:10011000F583E0FA9015288004888289831299CEAD
:10012000601C88828983A3A3A3E0FBEA6B6005744B
:10013000FF6B70E588828983A3A3E0F9800279FFD1
:1001400002822E74F2120BD98A088B098A828B8361
:1001500012AAA2121D12E9F50A74FF650A700302C1
:1001600082297A197B00121B508A0C8B0DAE0CAFC2
:100170000DEE4F70030282298E828F837434129F9A
:1001800085A3A3EE2402FCE43FFD74061210FA8559
:100190000882850983128E04A3A3A3A3129B70A3D4
:1001A000A3A3A3EAF0A3EB12835AA3EE240AFCE470
:1001B0003FFD740C1210FA12A78DC812A75E38F515
:1001C00083E0C0E0EE2416F582E43FF583D0E0F052
:1001D000E508240CF8E43509F98882898312AAA27B
:1001E000EE2417F582E43FF583EAF0A3EB12859D38
:1001F000A3A3A3E0FA74066A7009EEFAEFFB122CCF
:100200000C800C74086A7010EEFAEFFB122C06EEEC
:10021000FAEFFB121B56801188828983E4F0A3F069
:10022000EEFAEFFBA90A121B5C7901029AE3D08374
:10023000D08202117E74F4120BD98A088B09ECFE6D
:10024000EDFF7A087B00121BE68A0A8B0BA80AA92D
:100250000BE849700479108036128311A31282FBD7
:10026000740C1214F512AF96A3A3A3A31292C0901C
:10027000152012949E9015206012E0FCA3E08003EC
:10028000EAFCEB12949970F88C828D831282ED0255
:1002900083EC74F4120BD989088A09ECFEEDFF7A1D
:1002A0000A7B00121BE68A0A8B0BA80AA90BE849F5
:1002B000700479108034128306E4F0A31282F5E50D
:1002C000091282F5A3EEF0A3EFF090152212949E8E
:1002D0009015226012E0FCA3E08003EAFCEB12948C
:1002E0009970F88C828D831282ED0283ECE8F0A382
:1002F000E9F079002212835EA3A322E50912836349
:10030000EEF0A3EFF02212831188828983A3A3A3C6
:100310002288828983E4F0A312836AA3E508F0228D
:1003200074F2120BD9EAFEEBFF8C088D09121D72D4
:100330008A0C8B0DA80CA90DE84960198882898365
:10034000A3A3A3EEF0A3EF12835AE508F0A3E509F7
:10035000F0790080027901029AE312835E2212830F
:1003600063A32212836AA3A3A322F088828983A3B2
:100370002274F4120BD974F7121264E9FEECFF85B3
:1003800021828522837401F0EF7006EDC39406404C
:100390005074036A4B604A7401121234880A890B44
:1003A000780A1211D47C127D007A007B00EEF912DB
:1003B0001D7874021211B1E9601CE4F50AF50B789E
:1003C0000A1211D47403121244740212123C121D48
:1003D000B474021211B1852182852283E064017018
:1003E0000479018002790074091211B17F04020FAF
:1003F0002674E8120BD974FA12126489088A0A8BDF
:100400000B8C0E8D0F122CA28A0C8B0DAE0CAF0D27
:10041000EE4F70057902028593AA0EAB0FA9081260
:100420001D90E9F509A2E6401C9015261299CE60B0
:1004300014E82419F582E439F583E064017006E5D7
:1004400009D2E6F5097C067D007900AA21AB2212CB
:100450001B3E741F1214F5128E116009E054FCF05B
:10046000E044018003E054FC12859D1299CE602C7B
:10047000741E1214F5E0F50C88828983A3120FAF65
:10048000AD0C74021214F5E05403FCAA0EAB0FA9D4
:1004900008121D3074021211B1E97005790102854C
:1004A0009374221214F51299CE601285218285224E
:1004B00083E04404F074021214F51292CF742012F7
:1004C00014F5128E116005E044088003E054F7F043
:1004D00074211214F5128E116005E044108003E0BF
:1004E00054EFF074241214F5E0C0E074041214F513
:1004F000D0E0F074051214F5E50CF0780385218244
:10050000852283E054046002780574251214F512E4
:100510009AA2E8250CF516E4350DF517AA16FB127C
:100520001BE68A148B15EA45156064AC14AD15AA58
:1005300021AB22121D6C74271214F512AC0B121190
:10054000D0AC0CAD0D121B3274031211B19018B364
:10055000E0F50C780C1211D8750CA9750D16780CF5
:100560001211D478141211D478161211D4780E12F4
:1005700011D4A909EEFCEFFDAA0AAB0B122CAE7444
:10058000091211B1E9FEAA14AB15121BEC80027E10
:1005900010EEF974061211B17F10020F261297B3F4
:1005A000A3A3A3A322EEF97F0C020F26E50C28F5E6
:1005B00082E50D128D372274EA120BD974FE1212E5
:1005C0006489098A0C8B0DECFEEDFF751000751126
:1005D0000075080074181214F51299C1801512875D
:1005E00099121DC08B0FE5102AF510E511350FF596
:1005F00011050812878C5046E50875F006A4F8A985
:10060000F0E50A28F582E50B1285B3E5102403F521
:1006100010E43511F511A3A3E070D60510E51070B4
:1006200002051188828983A3A3A3A312949E8882C2
:10063000898360AAA3A3A3E0F9121DAE80A6AA1025
:10064000AB11121BE68A0E8B0F8A128B13EA45132D
:10065000700302876F7508008036A821A9228814CC
:10066000891578141211D4780E1211D48A828B83D2
:10067000128799121DC674041211B1852182852238
:100680008312A784E50E28F50EE50F39F50F05084E
:1006900012878C5078E50875F006A4F8A9F0E50AF1
:1006A00028F582E50B12A73D12877F8A828B83A3F0
:1006B000128776F0129452128776A3F0E50E240387
:1006C000F50E5002050F88828983E070C1EA240389
:1006D00008E43BF9881489158882F58312877FA383
:1006E00085820E85830F8A828B83A3A31299CC7097
:1006F0000302865AAC0EAD0FE8FAE9FB8514828539
:100700001583E0F9121D9C8A0E8B0F8081781212DE
:1007100011D478101211D474201214F5128E1912FB
:1007200011D8E4F50AF50B780A1211D474221214C8
:10073000F5128E191211D874221214F5128E191294
:1007400011D875080078081211D8750801780812B8
:1007500011D8EEFCEFFDAA0CAB0DA909121D3674E1
:100760000B1211B1E9FEAA12AB13121BEC80027E30
:1007700010EEF90287A712877A22128784A3221229
:100780008784F022E0850E82850F8322850A828588
:100790000B83E0F8E508C3982212AFEFEEFAEFFB07
:1007A000A90922EEF9800574021211B17F0E020F21
:1007B0002674EC120BD9890EEAFEEBFF8C088D092A
:1007C00074141214F51288A675F003A4F512E5F05E
:1007D000F513AA12FB121BE68A0A8B0B8A108B11E7
:1007E000EA451170030288997A00802FEA75F003B8
:1007F000A4F8A9F0E50C28F8E50D391289C8E82419
:1008000002F85001098882898312889E1289D3F0E8
:10081000E50A2403F50A5002050B0A850C82850DB2
:1008200083E0F8EAC39840C4740168700AA3E070DA
:100830000675120175130078101211D47812121176
:10084000D4741C1214F5128C1D1211D8E4F50AF59B
:100850000B780A1211D4741E1214F5128C1D121189
:10086000D8741E1214F5128C1D1211D8750A007856
:100870000A1211D8750A04780A1211D8AC08AD0909
:10088000EEFAEFFBA90E121D36740B1211B1E9FE40
:10089000AA10AB11121BEC80027E100285A5E08528
:1008A0000A82850B832212A788880C890D8882F51D
:1008B00083E02274EA120BD9890EEAFEEBFF8C0862
:1008C0008D0974161214F51288A6F50A750B0074BA
:1008D00002780A12136F850A12850B13AA12AB1342
:1008E000121BE68A0A8B0B8A108B11EA45117003E2
:1008F0000289B67A008041EAF51475150074027811
:100900001412136FE50C2514F8E50D35151289C87E
:1009100088828983A3A31289BBF0E82403F85001DD
:1009200009888289831289BB1289D3A3F0E50A243E
:1009300004F50A5002050B0A850C82850D83E0F848
:10094000EAC39840B2740168700AA3E07006751299
:100950000175130078101211D478121211D4741E7C
:100960001214F5128C1D1211D8E4F50AF50B780A51
:100970001211D474201214F5128C1D1211D8742087
:100980001214F5128C1D1211D8750A00780A121172
:10099000D8750A07780A1211D8AC08AD09EEFAEF3B
:1009A000FBA90E121D36740B1211B1E9FEAA10AB91
:1009B00011121BEC80027E100287A31289BF22E075
:1009C000850A82850B83A322F988828983A31288F2
:1009D0009EF0221289DF850A82850B83A3A322A3BE
:1009E00012836AE02274E6120BD9890B8A128B13E8
:1009F0008C0E8D0F7E007F00750A00741A1214F59C
:100A0000129AA28009EE2402FEE43FFF050A850C3B
:100A100082850D83E0F8E50AC3985046E50A75F033
:100A20000DA4F8A9F01285ACEE2404FEE43FFFE02B
:100A300070DAA3E070CFEE2405FEE43FFFE8240463
:100A4000F508E439F509850882F583E0F9121DA25D
:100A5000E960B9850882850983E0F9121DA8EE29AD
:100A600080A6EEFAEFFB121BE68A088B09EA45091D
:100A70007003028BFF8A168B17750A00801EE5141F
:100A80002409FCE43515FD8C828D83128C128C8236
:100A90008D83A31297B988168917050A850C82855C
:100AA0000D83E0F8E50AC3984003028B99E50A75C7
:100AB000F00DA4F8A9F0E50C28F582E50D12A75475
:100AC000128C12851482851583A3AC82AD83128C9F
:100AD00005F0E5142402F8E43515F98882898312BB
:100AE0008C0A128C23F0E5162404F5165002051723
:100AF000851482851583E070A1E5162402F8E4359B
:100B000017F9851682851783A3AA82AB838C828D01
:100B100083E06003028A7EE5142404F510E43515B1
:100B2000F511851082F583128C12E5142405FCE47E
:100B30003515FD8C828D831297B98C828D83A3E04D
:100B400088828983F0E5142407F8E43515F9888252
:100B50008983128C05128C23A3F0E5162405F51663
:100B600050020517851082851183E0F9121DA2E954
:100B70007003028A9AAC16AD17E514240BF582E4D3
:100B80003515F58312AAA2851082851183E0F9122A
:100B90001D9C8A168B17028A9A78081211D48E0C23
:100BA0008F0D780C1211D474221214F5128C1D12B0
:100BB00011D8E4F50CF50D780C1211D4742412142C
:100BC000F5128C1D1211D874241214F5128C1D12FA
:100BD00011D8750A00780A1211D8750A09780A1214
:100BE00011D8AC0EAD0FAA12AB13A90B121D36749F
:100BF0000B1211B1E9FEAA08AB09121BEC80027EB0
:100C000010EEF98031128C0AA322E0851682851736
:100C10008322128C0AF022A3A3A3A3A3A3E0F50AC4
:100C2000780A22A31289DF851682851783A3A3A3DE
:100C300022740A1211B17F12020F2674EA120BD924
:100C4000890CEAFEEBFF8C0A8D0B75120075130000
:100C5000750D0074161214F5129B928009128D19ED
:100C6000121DAE128CFC128D0C40F2AA12AB1312A4
:100C70001BE68A0E8B0F8A148B15EA451560787572
:100C80000D00800C128D3F121D9C8A0E8B0F050DDE
:100C9000128D0C40EF78141211D478121211D47402
:100CA0001E1214F5128E191211D8E4F508F5097800
:100CB000081211D474201214F5128E191211D8745E
:100CC000201214F5128E191211D875080078081226
:100CD00011D875080A78081211D8AC0AAD0BEEFAD3
:100CE000EFFBA90C121D36740B1211B1E9FEAA1408
:100CF000AB15121BEC80027E100287A38B0FEA2437
:100D000003F8E4350FF912AF5E050D2285088285E0
:100D10000983E0F8E50DC39822128D27A3A3A3123F
:100D2000AF9AA3A3E0F922E50D75F005A4F8A9F0A8
:100D3000E50828F582E50912AF85A882A983221269
:100D40008D271287841289E0850E82850F83A3F098
:100D5000E82402FAE439FB8A108B118A82F58312A7
:100D6000877AA3F0E50E2403FCE4350FFD88828921
:100D70008312AAA7851082851183E0F92274F612E6
:100D80000BD974FE121264E9FE740C1214F5128E63
:100D900004128E11128E1FC0E074011214F5D0E0FF
:100DA000F0A821A9228808890978081211D47508A9
:100DB0000275090078081211D474161214F5128EF7
:100DC000191211D874151214F5120FAF74161214EB
:100DD000F5128E191211D874161214F5128E1912FA
:100DE00011D875080078081211D875080B78081208
:100DF00011D8EEF9121D36740B1211B174021211D2
:100E0000B1029579128E082212A793F988828983FC
:100E100022E085218285228322E0F50878082212CB
:100E200089E02274F1120BD974EB121264EAFEEB22
:100E3000FFC200EE2420F8E43FF98808890988827F
:100E4000F583C3E09403A3E0940050057901029276
:100E50006C901526EEF0A3EFF074021214F5EEF08C
:100E6000A3EFF0740E1214F5E4F0A3F0740A121458
:100E7000F5E4F0A3F0740C1214F5E4F0A3F0EE2402
:100E800022F8E43FF9880A890B8882F58312AAD1F7
:100E900074041214F5AA82AB83121D668A0C8B0DA2
:100EA000A80CA90D740A1214F5E8129F7E12AAA2CA
:100EB000EAC398F8EB99F9850A82850B83E028F854
:100EC000A3E039F9740C1214F51292CF74081214BD
:100ED000F5E090151FF0EE2414F508E43FF50985C0
:100EE0000882F583E0F9122CA28A828B83E5824581
:100EF00083700C901526E4F0A3F0790202926C1234
:100F000092B4602BEE2404F50AE43FF50BA3120F14
:100F1000AF740B1214F5E0FD74061214F5E05403DF
:100F2000FC1292A2121D3074021211B1E9700C90E1
:100F30001526E4F0A3F0790302926C1292A2121D1E
:100F400090E9F50E850A82850B8312AAA2EAFCEBD2
:100F5000FD9015208004888289831299CE70030247
:100F6000905188828983129AA0C3EC950CED950D5F
:100F700040E488828983A3A3A3A3C3E09CA3E09D4C
:100F800040D4E8FCE9FD74041214F5E05407700D38
:100F900074091214F5E0640B7003029055E50EA27B
:100FA000E64003029055EE2419F582E43FF583E014
:100FB000600302905574021214F512928B600302C2
:100FC000904574021214F51299C970797C00850855
:100FD00082850983E0F9121D9674011214F57401DB
:100FE000F074091214F51292741214F5E0F50C78ED
:100FF0000C1211D874071214F5120FAF750C01788A
:101000000C1211D874081214F512A798F50C780C6C
:101010001211D87405121234880C890D780C121133
:10102000D474091214F51292991214F512927F12C7
:1010300014F512AAE4121D5A74071211B17C0112A0
:1010400092A2121D96901526E4F0A3F07905029263
:101050006C7C007D0074041214F5E0F85403600306
:10106000029183E8540460057E840291C1740912E0
:1010700014F5E0F8C39417400302917FE8F50A7570
:101080000B007402780A12136F74A8250AF5827493
:1010900031350BF583E493F8740193F9E849700353
:1010A00002917F850882850983E0C0E074101214E4
:1010B000F5D0E0F0740C1214F512AAA274111214F7
:1010C000F51292C2740A1214F512AAA27413121421
:1010D000F51292C2741012123C88828983122CEC91
:1010E0008A088B09A808A909740E1214F51292CF68
:1010F000E849604C74091214F5E0F50875090074AC
:1011000002780812136F74AA2508F5827431350924
:10111000F583E493F8740193F988828983E5824525
:10112000836012740212123C122CEC740E1214F52D
:101130001299CE600B740E1214F512AAA2121BECB7
:1011400074091214F5E0F86058740268605374036F
:1011500068604E7405686049740668604474086885
:10116000603F740C68603A7411686035741368608D
:1011700030741568602B740B6860267E0080427E98
:1011800082803EEC4D602A8C828D83A3A31292B4A0
:10119000601F740212123C122CECE9FE74FF6E7098
:1011A0000B901526E4F0A3F0F902926C74016E70B6
:1011B0001074041214F5E0540460047E8380027EEF
:1011C0008174021214F512928B707A74021214F563
:1011D0001299C9707074041214F5E0FA5410706515
:1011E00074011214F5EEF074091214F512927412CF
:1011F00014F5128E191211D874071214F5120FAFCC
:1012000075080178081211D8EA131313541F6401EA
:101210005401F50878081211D874051212348808A0
:10122000890978081211D474091214F512929912CE
:1012300014F512927F1214F512AAE4121D5A7407C3
:101240001211B1D200901526E4F0A3F0EE700479EB
:1012500000801974846EA200700A50047907800C13
:1012600079068008500479098002790874151211F2
:10127000B1029A9BE0852182852283F0740822E0E6
:101280002406FAA3E03400FB74092212A793C824B1
:1012900015F582E438F583E0221299D412AFEB748D
:1012A0000922850A82850B8312AAAA8508828509EC
:1012B00083E0F922A3A3A3A3128E08E5824583222B
:1012C000A3A3EAF0A3EBF0221292D5A3A3A3A3E871
:1012D000F0A3E9F022E0F8A3E0F9850A82850B8308
:1012E0002274F4120BD98A088B09ECFEEDFF7C0600
:1012F0007D007900121B3E850882850983E054FC3D
:10130000F8A3E0F98E828F83E05403FAE84A850857
:1013100082850983F0A3E91293CCA2E25004D2F0B3
:101320008002C2F0850882850983E054FBF0A2F0B8
:10133000E433F50A750B007402780A12136FE04566
:101340000A1293CCA2E3850882850983E050044405
:1013500008800254F71293CCA2E45004D2F0800229
:10136000C2F0850882850983E054EFF0A2F0E433EF
:10137000F50A7404780A12136FE0450A129DEE858F
:101380000882850983E0540460091293BB1293D349
:1013900050010F8E828F83E0850882850983A3A385
:1013A000A3A31297C1850882850983A3A3A3A3A33E
:1013B000F0EE2402FAE43FFB0283EC8E828F83E09E
:1013C000FAA3E0F9EA850882850983221297B3E03F
:1013D00022A3A3A3A3F0A3E9F0EE2402FE2274F754
:1013E000120BD98A828B83E054038C828D831294F2
:1013F00065540412945E540812945E5410F88C8262
:101400008D83E048F0A3AC82AD838A828B83E05465
:10141000046018129452E08C828D83128E1F8C828D
:101420008D83A3F0EC2402FC50010D8A828B83A3F0
:10143000A3A3A3E08C828D83F08A828B83A3A3A3D2
:10144000A3A3E08C828D83A3F0EC2402FAE43DFB9D
:10145000801DEA2402F8E43BF98882898322F88C13
:10146000828D83E048F08A828B83E022121D0C7FFC
:1014700001020F26C082C08390152280048A828BCD
:101480008312949E600C8A828B83A3A3E06970ED23
:1014900080047A007B0002822EFD8C828D8312AA4A
:1014A000AAEA4B2274F0120BD98A088B09ECFEEDE4
:1014B000FF121D728A0C8B0DEA450D60787C00804E
:1014C000010C850C82850D83A3A3A3A3A3A3A3E092
:1014D000F8ECC398505FECF50E750F007403780EAE
:1014E00012136F850C82850D83A3A3A3A3A3A3A3CB
:1014F000A3E0250EF8A3E0350FF988828983E493F1
:10150000FA740193FBE5086A7003E5096B70B2A3F6
:10151000A3E493FA740193FBEE6A7002EF6B70A17F
:1015200074101214F512AAD18983888274081210DB
:10153000D879018002790080031211B17F08020F6F
:101540002674F6120BD9121D728A828B83E58245AE
:1015500083600512AA9F80047A007B00801B74F6CA
:10156000120BD9121D728A828B83E5824583600536
:1015700012AA9D80047A007B007F02020F2674F776
:10158000120BD9901524E0FEA3E0800A8E828F838F
:1015900012AAD1ECFEEDFFEE4F604A8E828F83A33C
:1015A000A3E06970E778008001088E828F83A3A38F
:1015B000A3E0FCE8C39C50D4E875F003A4FC85F0DC
:1015C00008AD088E828F83A3A3A3A3E02CFCA3E025
:1015D0003DFD8C828D83E06A7003A3E06B70CAECE2
:1015E000FAEDFB80047A007B0002946F74F6120B14
:1015F000D9121D8A8A828B83E58245836006A3A364
:10160000E0F98002790002957974F6120BD9ECFFAB
:10161000121D8A8A088B09A808A909E8496015E8FB
:101620002402F582E439F583EF6005E0D2E6800319
:10163000E0C2E6F002957974F0120BD9EAFEEBFFF6
:10164000ECFAEDFBEE4F70030297B0EA2402F508C6
:10165000E43BF5098A828B83A3AC82AD838E0C8F29
:101660000D750E00E91210600441427B9743448DD2
:1016700097E0E24697E8E9F9962508EB9609F9968E
:101680000A08970B469710EB9618EB9619F9961ADD
:1016900008971B46971C57971D60971E69971F72E6
:1016A0009720EB9621F9962208972346972457977F
:1016B00025609726699727729728EB9629F9962A2D
:1016C00008972B46972C57972D60972E69972F7266
:1016D0009730EB9631F99638F9963946973A7297E2
:1016E000EA4697F07297F19F97B0978E828F831298
:1016F00097B9ECFAEDFB0297B01297BE8C828D83FE
:10170000F00A0AAB090297B08E828F83780C12140C
:10171000828A828B83E50C1297B3780C121482E5CF
:101720000D8C828D831297B3780C1214827410780A
:101730000C12121B850882850983E50CF0EA24034C
:10174000FA506D0B806A8E828F83120FAB121BBC16
:1017500074041211B18059780C1211D07C058046A6
:10176000780C1211D07C06803D780C1211D07C07C9
:101770008034780C1211D07C08802B780C1211D098
:101780008E828F83E02401FCE43400800F780C12F9
:1017900011D08E828F831298D7FCE439FD800978AE
:1017A0000C1211D07C107D00121B3274031211B187
:1017B00002953CF08E828F83221297CBF0221297F3
:1017C000C71297B3A3E0228E828F83E08A828B8335
:1017D00022C082C083E912106003202FE997383AB3
:1017E000E997E0E2E99700ED97790180027900023C
:1017F000822EE924F8607814607914607A14607B92
:1018000024FB606B24F860671460681460691460DE
:101810006A24FB605A14605B14605C14605D1460A1
:101820005E14605F14606014606114604214604371
:1018300014604414604514604614604714604814F2
:10184000604914602A14602B24F9602714602C145A
:101850006039245A602514602214601F24FA601332
:1018600014601014601524FA602114602280247919
:101870000180227902801E7903801A79048016790A
:101880000580127906800E7907800A79088006792A
:10189000108002790002117E74F7120BD9E9FE74F0
:1018A000446E600574436E700C8A828B831298D7E5
:1018B000FAE439801574426E600574416E700E8AC8
:1018C000828B83E02401FAE43400FB8007121DA818
:1018D000E9FA7B0002946FE0FCA3E0F9EC24022219
:1018E00074F1120BD9EAFEEBFFEC2406F8E43DF9A3
:1018F000880889098882F58312949E700479018092
:101900003A8C828D83A3A3A3A3E0F9121DAE8A0AA9
:101910008B0B129B7C1211D0AC0AAD0BEEFAEFFBD5
:10192000121B3274031211B1740F1214F51292B813
:101930006007E50AF0A3E50BF07900029A9B74F0CA
:10194000120BD974F8121264890C8A088B09ECFE08
:10195000EDFFA821A922880A890B780A1211D4A9BF
:101960000C121D7874021211B1E970047901804CD7
:1019700074181214F512A7AD741A1214F51299C145
:1019800074061214F51299CE780A60161211D474E6
:1019900002121244AA0EAB0F121DB474021211B13E
:1019A000801A1211D4780E1211D4EEFCEFFDAA08A1
:1019B000AB09A90C121DC674041211B1740802956A
:1019C00039E0F50AA3E0F50B221299D4A3A312A7DC
:1019D00088E8492212A793F58388822274F0120BBB
:1019E000D974FE1212648A0A8B0BECFEEDFF85217E
:1019F00082852283E4F0A3F0121D7E8A088B09EA17
:101A00004509602FA821A922880E890F780E12118E
:101A1000D4E4F50EF50F780E1211D47900EEFCEF38
:101A2000FDAA0AAB0B850882850983122CEC74048D
:101A30001211B185218285228312AAA27402029515
:101A40003974F1120BD98A088B09ECFEEDFF121DD7
:101A50007E8A0A8B0B74111214F5129AA2E50C45BA
:101A60000D600A850C82850D83E4F0A3F0EA450B36
:101A70006027780C1211D474111214F5120FAF797B
:101A800001EEFCEFFDAA08AB09850A82850B8312E3
:101A90002CEC74041211B1800279C17F07020F2669
:101AA000A3A3E0F50CA3E0F50D2274F2120BD9EA22
:101AB000FEEBFF8C088D098C828D83A3A3A3A3A3C7
:101AC000E0A2E4501C121D848A828B83E582458348
:101AD000600F7901AC08AD09EEFAEFFB122CEC8037
:101AE0000279007F06020F2674F1120BD9ECFEED8D
:101AF000FF8E828F83A3A3A3A3A3E0A2E150691268
:101B00001DDEE9F50A7064740F1214F5129B9290B1
:101B1000151D1299CE6013AC08AD09EEFAEFFBE08B
:101B2000F5838882122CECE96039E5082403F8E497
:101B30003509F9880889098882F583129B70E0F9D4
:101B4000121DAE8A0C8B0DAC0CAD0D129B7C1211CC
:101B5000D08E828F83A312AA9D121B32740312119E
:101B6000B18008750A878003750A88A90A029A9BC2
:101B700012AAAA8E828F83A3A3A3A322850882859B
:101B80000983E0F508A3E085080CF50D750E0078D3
:101B90000C22E0F508A3E0F5092274F2120BD989B2
:101BA00008ECFEEDFF8E828F83A3A3A3A3A3E0A284
:101BB000E1504D121DDEE9F97048A908121D7E8A18
:101BC0000A8B0BEA450B6034E4F50CF50D780C122A
:101BD00011D474101214F5120FAF79028E828F8314
:101BE00012AACF8E828F8312AAA2850A82850B83C6
:101BF000122CEC74041211B1E9F9800679C180024B
:101C00007988029AE374F2120BD9EAFEEBFF8C0892
:101C10008D098C828D83A3A3A3A3A3E0A2E5501C0E
:101C2000121D848A828B83E5824583600F7902AC22
:101C300008AD09EEFAEFFB122CEC80027900029A53
:101C4000E374F4120BD912A2FB8A828B83A38582E0
:101C50000885830912A000121BE6EA4B604A12A70E
:101C60008DC313E8138A828B83F07C00802F8E82D1
:101C70008F83E0F508A3E0F8E4C8F9E50828E43923
:101C8000F509EC129CABEA28F582EB12AF85E5086A
:101C9000F0A3E509F0EE2402FE50010F0C8A828BBE
:101CA00083E0F8ECC39840C60283EC25E0F8E43307
:101CB000F92274EB120BD9129F2212AADC751300C1
:101CC000750E00750F00804905138E828F83A3A3C4
:101CD000E0F8EE2403FE50010FE870358E828F830A
:101CE000E0F9A3AE82AF83EEFAEFFB121DAE8A08D5
:101CF0008B09EE2AFEEF3509FFEAA2E0500705083E
:101D00000470020509E50E2508F50EE50F3509F505
:101D10000F129F67EE98EF9940AE75F006E513A499
:101D200004F508129F1A121BE68A0A8B0BEA450B70
:101D30007003029DE5850C82850D8312AADEA8083A
:101D4000EA28129F3E029DDBE51475F006129F34CF
:101D50008E828F83129F5A1292D08E828F83A3A37A
:101D6000E0F8850E82850F83A3A3F0EE2403FE50D6
:101D7000010FE870648E828F83129F4FA3129DEE35
:101D8000EEFAEFFB121DAE8A088B098E108F1175CB
:101D9000120078101211D0AC08AD09AA0CAB0D12CC
:101DA0001B3274031211B1850E82850F83A3A3A386
:101DB000A3E50CF0A3E50DF0EE2508FEEF3509FFD5
:101DC000E508A2E0500705080470020509E50C25A6
:101DD00008F50CE50D3509F50D0514E514C395134B
:101DE0005003029D48AA0AAB0B7F0D020F26129DDD
:101DF000F222F08E828F83A3AE82AF832274EB1225
:101E00000BD9129F22F583129B92751300750E0059
:101E1000750F0080420513850882850983A3A3E01E
:101E2000F9E5082403F50850020509FAAB09121D6B
:101E3000AE8A108B11AE10AF11E5082AF508E5093E
:101E40003FF509EEA2E050050E0470010FE50E2EDD
:101E5000F50EE50F3FF50F129F67E50898E5099924
:101E600040B375F005E513A404FE129F1A121BE699
:101E70008A0A8B0BEA450B7003029F17850C82853B
:101E80000D83129B92EA2E129F3E029F0DE5147560
:101E9000F005129F34850882850983129F5A129F8C
:101EA0007EA3A3129F4FF0E5082403F50850020516
:101EB00009FAAB09121DAE8A108B11AE10AF118555
:101EC000081085091175120078101211D0EEFCEF80
:101ED000FDAA0CAB0D121B3274031211B1850E82D8
:101EE000850F83A3A3A3E50CF0A3E50DF0E5082E71
:101EF000F508E5093FF509EEA2E050050E04700172
:101F00000FE50C2EF50CE50D3FF50D0514E514C39A
:101F100095135003029E8D029DE5250EFAE4350FC0
:101F2000FB228A0A8B0BEA2403F50CE4350BF50D32
:101F3000850C822212A24085820E85830F22F50C29
:101F4000E43BF50D8A828B83E513F075140022E0E3
:101F5000F9850E82850F83A3A322E0FAA3E0F9EAB4
:101F6000850E82850F8322850A82850B83A312AB9F
:101F700009129F7522E028F8A3E039F9C322F0A3E3
:101F8000E9129F8522F08508828509832274F01268
:101F90000BD9EA2403F8E43B12AAD5750C008A8217
:101FA0008B83A385820A85830B12A000121BE6EAAD
:101FB0004B604A850A82850B83E064017002A3E0CE
:101FC00070291297C7A3F0750C01802AE50C12A0A6
:101FD0000AF50EA3E0FDE50E88828983A3A3F0A392
:101FE000EDF0050CEE2402FE50010F850A82850BF0
:101FF0008312A26640D68A828B83E50CF002953C60
:10200000E02401FAA3E03400FB2275F003A4F8A950
:10201000F0EA28F8EB39F98E828F83E08882898391
:10202000A3129DF2E02274EA120BD974FE1212641C
:102030008A0A8B0BEA2403F8E4350B12AAD5750E35
:1020400000750C00750D008007EE2405FE50010F91
:10205000850A82850B83A312A2665039050E8E82F3
:102060008F83E070E4A3A3A3E0F50FEE2408FE50F5
:10207000010FA90F121DA2E96010A90F121DA812CD
:10208000A24F50010812A25B80C68E828F83A3AE3E
:1020900082AF8380BB75F00CE50EA404F50F250C10
:1020A000FAE4350DFB121BE68A0A8B0BEA450B702E
:1020B0000302A23985088285098312AADEA80FEAE5
:1020C00028F50CE43BF50D8A828B83E50EF0750F45
:1020D00000801E88828983E0F9EC85088285098367
:1020E000A3A3A3A3A3A3A3A31292D00E0EEBFF0559
:1020F0000FE50FC3950E400302A239E50F75F00CF2
:1021000012A2408582088583097C0C7D007900AA93
:1021100008AB09121B3E8E828F83E0FD8508828505
:10212000098312A0211293C01293D450010F2402EC
:10213000FAE43FFB8E828F83A3A882A9838E828FCD
:1021400083E0FCED708DE5082403F510E43509F516
:1021500011EC851082851183F00EE9FF8E828F834A
:10216000E0F5128A828B83E0F9E512850882850901
:10217000831293D150010F1293BBA3A31293D1509A
:10218000010FECF9121DA2E9700302A0EF8E128F6D
:1021900013AA0CAB0D851082851183E0F9121DAED8
:1021A0008521828522837401F0A3E4F08521828554
:1021B0002283E0600C7514017515007800790080A9
:1021C0003A7514FF7515FFEA24FFF8EB34FF802AF7
:1021D000851282851383E0C0E0E50C28F582E50DC9
:1021E00039F583D0E0F0851282851383A3858212AE
:1021F000858313E82514F8E93515F9EAFCEBFDECC5
:1022000024FF1AED34FFFBEC4D70C585088285096B
:1022100083A3A3A3A3A3A3A3A3A3A3E50CF0A3E574
:102220000DF0851082851183E0F9121DA812A24FCE
:1022300050010812A25B02A0EFAA0AAB0B0287A70B
:10224000A4F8A9F0E50A28F582E50B12AF8522E98A
:10225000F8EE29FEE43FFFE8A2E022E50C28F50CA9
:10226000E4350DF50D2212A78885088285098312B1
:102270009F75EE98EF992274F4120BD98A828B83A2
:10228000A3A3A312AADE8A828B83A312A7847A0354
:102290007B001208E5E8F50875F00312A733121B5E
:1022A000E6EA4B60348A828B83E508F0750800808B
:1022B0001FE50812A00AF50AA3E0FDE50A88828955
:1022C00083A3A3F0A3EDF0EE2402FE50010F050856
:1022D0008A828B8312879240D80283EC74F6120BA9
:1022E000D912A2FB7A027B00121BE6EA4B600912AC
:1022F00097BE8A828B83A3F00295798A828B83A30F
:10230000A3A312A788E8FEE9FF2274E2120BD97496
:10231000F01212648A088B09EA240CF582E435096C
:10232000F58312A7ADEA2406F51CE43509F51DEA8C
:102330002402F51AE43509F51B850E82850F83E02A
:10234000F8C39406E875F006400302A3DE12A73333
:10235000121BE68A128B13EA4513700302A634128D
:10236000A771800A850C82850D837486F00E850E18
:1023700082850F83E0F8EEC398400302A51212A7EE
:10238000FF1211D412A7E3121D7874021211B1E9E1
:10239000640170D074051214F5E0A2E6400F12A794
:1023A000B51214F5E0A2E720F001B350B7A2E05057
:1023B0002312A7C1121DCCE9F8850C82850D83F08C
:1023C00070AB74061214F51292C874041214F5124C
:1023D000A7A78098850C82850D83748F808EA4A911
:1023E000F02401F50AE439F50B7E00807885088237
:1023F00085098312A784880C890D74081212348809
:1024000010891178101211D4EE129CABE50E28F54C
:1024100082E50F39F58312AAD0850C82850D8312CF
:10242000AA9EE50C12A75E350DF583E0F9121D7822
:1024300074021211B1E96021740E1214F512949E07
:102440006017740C1214F5E0F9121DAE8B0DE50A3D
:102450002AF50AE50B350DF50BE50A2403F50AE428
:10246000350BF50B0E850E82850F83E0F8EEC398D1
:10247000500302A3EDC3E50A946FE50B9400E84016
:102480000302A57212A730121BE68A128B13EA45CB
:1024900013700302A63412A771800A850C82850D81
:1024A000837486F00E850E82850F83E0F8EEC39864
:1024B000506012A7FF1211D412A7E3121D78740204
:1024C0001211B1E9640170D374051214F5E0A2E6AB
:1024D000400F12A7B51214F5E0A2E720F001B350A7
:1024E000BAA2E0502312A7C1121DCCE9F8850C82D4
:1024F000850D83F070AE74061214F51292C8740440
:102500001214F512A7A7809B850C82850D83748F0A
:10251000809185088285098312AAC1851C82851D48
:1025200083128E191211D875080178081211D885F6
:102530001A82851B8312A798F50878081211D8789B
:10254000121211D485108285118312AACDE51012C2
:10255000AF593511FBE51012A75E3511F583E0F98F
:10256000121D3C74051211B1AA12AB13121BEC021E
:10257000A72479002403F85001097A047B0012088B
:10258000DDE8F50D7E00805E850882850983E0F533
:1025900012A3E0F513851C82851D83128C1D121178
:1025A000D8750A01780A1211D8851A82851B831200
:1025B000AAF01211D878101211D4851282851383D3
:1025C00012AACDE51212AF593513FBE51212A75E20
:1025D0003513F583E0F9121D3C74051211B1AA10F0
:1025E000AB11121BEC0EEEC3950D400302A724EEB7
:1025F000333354FCF50A850E82850F83E0FA7900A7
:10260000E50A2404F8500109EAFCC3E89CE99400B7
:10261000A2D265D0335005E8F50B80028A0BE50B9A
:10262000C3950AF50C12A730121BE68A108B11EA2B
:1026300045117005790002A7268A828B83E50CF08C
:102640007F00800A8516828517837486F00FEFC39A
:10265000950C400302A588E50A2FFAEF75F00612E3
:10266000A749EA2AF8E433F9E50E28F582E50F12C6
:10267000A73D12AFB21292CFE5142402F516E4354D
:1026800015F517850882850983E0F512A3E0F51397
:1026900074081212348818891978181211D48A8291
:1026A0008B8312AFD3121D7874021211B1E9640149
:1026B0007092740D1214F5E0A2E6401A851A828514
:1026C0001B8312AAB0740D1214F5E0A2E720F001EA
:1026D000B3400302A644A2E0503F850882850983E7
:1026E00012A784740812124412A768121DCCE9F8CC
:1026F000851682851783F0600302A64D740E1214AE
:10270000F512AFB21292CB740C1214F5E08514825C
:10271000851583A3A3A302A64C851682851783740F
:102720008F02A64C790174101211B17F16020F2688
:1027300075F006A4A9F02401FAE439FB2212A7419E
:102740002212AF85AA82AB8322A4F8A9F0E5102853
:10275000F582E51112AF858582148583152212A7B3
:1027600062222414F582E42212AF5839FB12A7D753
:1027700022850E82850F831297CBF07E0022850C76
:1027800082850D8312A7882212A793F922850882D9
:10279000850983E0F8A3E02212A79C22E01313131B
:1027A000541F64015401221289BFA3A322E0F50E35
:1027B000A3E0F50F22851A82851B8312AAB4740543
:1027C0002285088285098312A788AC21AD2212AF29
:1027D0005839FB12A7D722E82414F582E439F5838F
:1027E000E0F9228A828B8312AFEF851082851183F4
:1027F00012AAA6E51012A7623511F583E0F922EEC0
:10280000F875F006A4FAABF0E5122AF582E5133B61
:10281000F583A385820A85830BE828F8E433F9E57C
:102820000E28F582E50F12A7411292D5E8F0A3E930
:10283000F0E50A2402F50CE4350BF50D85088285D8
:10284000098312AAC5A821A92288148915781422FF
:1028500074E6120BD974F61212648A0A8B0BC2004A
:102860007E00EA240CF582E4350B12AABF8A828B23
:1028700083A3A3A3A3A3A3A3E06402701C85108277
:1028800085118312AFA4121BE68A088B09EA450959
:102890007005790002A9A8D2007F00E50A2402F59C
:1028A00012E4350BF5138010A200500B850E8285C3
:1028B0000F83748612AAF80F851082851183E0F8C1
:1028C000EFC398400302A95512AF72858216858323
:1028D00017EE75F003A4F8A9F0E50828F582E509DC
:1028E00039F583E5822402F50CE43583F50DA385E3
:1028F000820E85830F850A82850B8312A784881434
:10290000891574021212348818891978181211D492
:1029100085168285178312AAD185148285158312A4
:10292000AA9E12AA91121D7874021211B1E97003C5
:1029300002A8A885128285138312AAB07407121404
:10294000F5E0A2E720F001B34061850E82850F8398
:10295000748612AAF8A200504DEE8508828509837C
:10296000F0700312AFF5850A82850B8312AADE850B
:102970000A82850B83128C171211D8750A01780A06
:102980001211D885128285138312AAF01211D878F9
:10299000081211D412AFBC121D4274051211B1AA53
:1029A00008AB09121BEC7901028C31851682851760
:1029B00083A3A3E0F874061214F5E068600302AA8A
:1029C00077850A82850B83E0F514A3E0F51574087A
:1029D0001214F51299CE606D851482851583A3A318
:1029E000A3A3E064037002A3E070488516828517F4
:1029F000831299CE703D851682851783A3129AA003
:102A0000750E00780C1211D07C027D007403121236
:102A10003C121B3274031211B1850A82850B83E0CC
:102A2000F812AAE485218285228312AAA2122C6CB4
:102A300002A8B778161211D4740412124412AA898B
:102A4000121DD28017851682851783A3A3A3120FA8
:102A5000AF740412124412AA89121DD87402121102
:102A6000B1E9A200400302A8B7700302A8B7850E1F
:102A700082850F8302A8B4A200400302A8B7850E86
:102A800082850F83748D02A8B4E51412AF593515F1
:102A9000FBE51412A7623515F583E0F922A3A3A381
:102AA000A3A312AAAA22A3A3A3A3E0FAA3E0FB2252
:102AB00012AAB422E0131313541FA2E092F022F5DD
:102AC0008312AAC522E0F510A3E0F51122A3A3A367
:102AD000A312AFEF22F9880889098882F583E0FE06
:102AE000A3E0FF22A3E0C812A76238F583E0F92231
:102AF00012A79CF50A780A22F085168285178312A0
:102B0000AB09E8F0A3E9F00E2212A793F9850C8235
:102B1000850D832274EC120BD974F8121264EAFE4C
:102B2000EBFF8C0E8D0F750C00741C1214F5129BAC
:102B30009280328E828F831299C18A108B11781005
:102B40001211D47402121244E50A12AF59350BFB6C
:102B5000E50A12A75E350BF583E0F9121DD8740261
:102B60001211B1050CC3E50C9508E4950940030268
:102B7000AC03E50C75F005A4F8A9F0E50E28F50AFC
:102B8000E50F39F50B8E828F8312A7848810891187
:102B9000A821A9228812891378121211D4850A82D9
:102BA000850B8312A7E7121D7874021211B1E96038
:102BB00052E50A2403F8E4350BF98810891188825C
:102BC000F58312AAA274061214F51299C1E50A45FA
:102BD0000B700302AB3374041214F5E0F9121DAE4E
:102BE0008A128B13AC12AD1385108285118312AC3F
:102BF0000B1211D0AA0AAB0B121B3274031211B1C3
:102C000002AB6374081211B10285A712AAC575122E
:102C10000078102274E6120BD974F61212648A0C32
:102C20008B0D750E00750F007E00EA240CF582E412
:102C3000350D12AABF851082F58312AFA4121BE6D0
:102C40008A088B09EA4509700302AD177F008042AC
:102C500012A77E850A82850B8312AAD18882898376
:102C600012AA9E12A76D121DC08521828522831291
:102C700092C2852182852283E0A2E0500312AF69CF
:102C8000852182852283E0250EF50EA3E0350FF520
:102C90000F0F851082851183E0F8EFC39850501212
:102CA000AF7285820A85830B12A77E8812891374FE
:102CB000021212348814891578141211D4850A82EC
:102CC000850B8312AFD3121D7874021211B1E97013
:102CD0004B850882850983A37486F0850A82850B5B
:102CE0008312A7848508828509831292CD7E01EE26
:102CF000850882850983F0600302AF1175F005A491
:102D0000FF129F1A121BE68A0A8B0BEA450B705CB6
:102D1000AA08AB09121BEC790002AF557406121415
:102D2000F51292D8A3A3E069600B85088285098318
:102D3000A3748D80A574071214F5E0A2E1400B8501
:102D40000882850983A374888090A2E5500B8508CA
:102D500082850983A3747E808174081214F512940D
:102D60009E700302AC50121DAE02AC69EA2FF51240
:102D7000E43BF5137F00801B852182852283E0A23E
:102D8000E0500312AF6985218285228312A7841245
:102D9000AF5E0F851082851183E0F8EFC398400382
:102DA00002AEFDEF75F00512A749E50A28F50EE51C
:102DB0000B39F50F12A77E88168917740212123488
:102DC0008818891978181211D485148285158312F0
:102DD000AAD185168285178312AA9EE51612A75ED0
:102DE0003517F583E0F9121D7874021211B1E970FC
:102DF0000302AEFD85148285158312A784850E8299
:102E0000850F831292CF850E82850F83A3A3A3E53E
:102E100012F0A3E513F074081214F51299CE604174
:102E2000A821A922880E890F780E1211D4740412D9
:102E30001244AA12AB13121DB474021211B1850C04
:102E400082850D8312A7AD78141211D47404121266
:102E500044E50E12AF59350FFB12AF8A121DD28016
:102E60005012A77E880E890FA821A92288168917DB
:102E700078161211D478121211D485148285158314
:102E800012AAD1850E82850F8312AA9E12AF8A12D2
:102E90001DC674041211B1850C82850D8312AFB268
:102EA000A3A3A3120FAF740412124412A768121D39
:102EB000D874021211B1E9FAEA700302AD78EE7526
:102EC000F003A4F8A9F0E50828F8E50939F9EA883B
:102ED000828983A3F085148285158312AF9612929E
:102EE000C00EEFF50E750F00780E1211D4AC0AADBE
:102EF0000BAA0CAB0D121E1A74021211B1EE85084A
:102F000082850983F0700312AFF5AA0AAB0B121B7E
:102F1000EC850C82850D8312AADE850C82850D83DB
:102F2000128C171211D8750A01780A1211D8850C63
:102F300082850D83A3A312AAF01211D8780812116A
:102F4000D412AFBC121D4274051211B1AA08AB090C
:102F5000121BEC7901028C31E82406FAE422E51216
:102F600028F512E51339F513222401F0A3E034000B
:102F7000F022EF75F005A4F8A9F0E51028F582E538
:102F80001112AF852239F583A322E50E12A762350F
:102F90000FF583E0F92212AF9A22E0FAA3E0FB8852
:102FA00082898322E075F003A4A9F02401FAE439B0
:102FB000FB2212A788851482851583228E828F8337
:102FC00012AFEBEE12AF593FFBEE12A7623FF58353
:102FD000E0F92212AFEF85128285138312AAA6E5CB
:102FE0001212A7623513F583E0F922A3A3A3A3E08D
:102FF000FCA3E0FD22A3E4129F8504F022C082C05E
:10300000837900EA12C8553BF583C082C0839016CD
:103010009612CD91D083D082C3E09CA3E09D500D49
:1030200012D1E0FAA3E012B1166002790102C723BF
:1030300074F7120BD9890812CA0112B398ACF07553
:10304000F00BE9A42CF9901698E028FEA3E039FFD4
:103050007401650860067402650870228A828B8399
:1030600012B57974026508701DEA2403FA50010B49
:1030700012229AE970108E828F83E4F08008EA129F
:10308000B6523B12B0908E828F8312B10B02C715DD
:10309000FDEE2403FAE43FFB1222942274F4120B97
:1030A000D98A088B09EA12B4538A828B83E0604D77
:1030B0007E007F00804212B113703812B4E8F50A26
:1030C000A3E039F50B850882850983E0850A8285AE
:1030D0000B8312B9F712B510F012B650350912B1C0
:1030E0000012229412B44A850A82850B8312B10B16
:1030F00012B5050EEE70010F12B43E40B902B9913F
:10310000FDE50A2403FAE4350BFB22E0D2E7F012D6
:103110001F9A22EEFAEFFBEA75F00BA4FAA8F075FD
:10312000F00BEBA428FB901698E02AF8A3E03B886C
:1031300082F583E0540F2274F5120BD98A088B09AB
:10314000750A01740B1214F512B50AEC4D6016ECF9
:1031500012C8553D12C93712B1CA7901122276EE52
:103160004F6064801FEE4F603A12B58212B1CAEE12
:103170002403FAE43F12B5717019AA08AB091222B0
:103180007CE9F50A8E828F8312D5427902EEFAEF3E
:10319000FB800B12B565702F7903AA08AB091222C8
:1031A0007680248A828B83A3E064FE7003A3E0F41C
:1031B0007006EA12B567700CAA08AB0912227CE906
:1031C000F50A8003750A0002B7F7EA12C8593509F3
:1031D00012B9842274F7120BD990169612C09FEA86
:1031E0004B602CEA75F00BA4FAA8F075F00BEBA479
:1031F00028FBEAFEEBFF121BE690169812C09FF91F
:10320000EA496012EEFCEFFD7900121B3E80079048
:103210001698E4F0A3F002C715C082C083901698F8
:1032200012C93D601390169812CFEE901696E4F0F6
:10323000A3F0901698F0A3F002C723C082C083ECDD
:103240004D6005121CD680097C087D007900121B98
:103250003E02C723C082C0837900EA4B6019780020
:10326000E8FCEA2CF582E412CDB760047901780815
:1032700008E8C3940840E902C723C082C0837901EB
:10328000EC6A7002ED6B6011EA4B600BEC4D60076D
:10329000121CD0E9F98002790002C72374F7120BDF
:1032A000D974F3121264ECFEEDFF8521828522832E
:1032B000E4F0041214F512C09FAA21AB221222BE20
:1032C00074031214F5AC82AD83EEFAEFFB12229474
:1032D000EEFAEFFB12229A02C71074F7120BD974A0
:1032E000F3121264ECFEEDFF852182852283E4F067
:1032F000EAFCEBFD74031214F512B64174011214CA
:10330000F512C9398E828F8312C93274FE68700338
:1033100074FF69600479018002790002C71074F7B4
:10332000120BD9EAFEEBFF12B379701112B383F4DA
:10333000FA88828983E05A4480F0121F9A02B8E822
:1033400074F7120BD9EAFEEBFF7508008A82F58349
:10335000E0602312B379701E12B383FA88828983E6
:10336000E05A70128E828F83E04480FA88828983CB
:10337000E04AF0121F9A02B8E8122270E9F50874C8
:1033800001692212C6E9F812B39812B4F6F8A3E064
:1033900039F98E828F83E022A3E0F9E875F00BA45F
:1033A000F82274F4120BD98A088B097C007D00EA9C
:1033B00012B433E50812B453850882850983A3E06B
:1033C00064FE7003A3E0F460677E007F00805C12FF
:1033D000B1136052EEFAEFFBEA75F00BA4FAA8F015
:1033E00075F00BEBA428FB901698E02AF50AA3E0F1
:1033F0003BF50B85088285098312D256850A8285A2
:103400000B83A3E06A7003A3E06B701AE50A12B4A1
:10341000E1700DE50A12B652350BFDE50812B43322
:1034200012B44A12B5050EEE70010F12B43E409F61
:1034300002B9912403FAE43509FB12229422901672
:103440009612CCCFC3EE9AEF9B2212B45FEEF0A39C
:10345000EFF02212B46174FEF0A304F0790022E5CB
:103460000812C85D3509F5832274F2120BD98A0A55
:103470008B0B8A828B8312D542EA12CC4C12D54335
:10348000750800EA12B4E170537E007F0080481294
:10349000B4E8FAA3E0398A82F583E0540F6033126E
:1034A000B4E8F50CA3E039F50DE50C12B652350D74
:1034B00012B100121CD0E964017017850C82850DD1
:1034C0008312B51012CC49EEF0A3EFF0750801128B
:1034D000B5070EEE70010F12B70A40B3A90802BB80
:1034E0009412B10312B57222EEF8EFF912B4F02281
:1034F000E875F00BA4F8AAF075F00BE9A42AF9908E
:103500001698E028227901901696E0FEA3E0FF22AB
:10351000A312B58C850A82850B83A3E8F0A3E92268
:1035200074F5120BD9EAFEEBFF8A82F58312D542BD
:103530007C007D00EA12B092EEFAEFFB122270E9F5
:10354000F50A740169701B12B58212B6A58508824E
:10355000F58312B57912B565700812B650350912A7
:10356000B09002B7F7E5082403FAE4350912B57103
:1035700022FB12229AE9640122A312CDA812B98675
:1035800022F0EE12C6F712B58A22F583E0F8A3E026
:10359000F92274F2120BD974E6121264EAFEEBFF00
:1035A00012B8ED12D543750801750A00750B007548
:1035B0000C00750D00852182852283E4F0EA12B6A5
:1035C000523FFD74031214F512B641E964017022F2
:1035D000740B1214F512D1B912B97C74011214F5DE
:1035E00012CDA27003A3E0696049A821A922880A2C
:1035F000890B740D1214F512B65712C939740E12D4
:1036000014F512C932740D12123C1222BEE9640183
:103610007009740D121234880C890D780C1211D4B3
:10362000AC0AAD0BEEFAEFFB12228274021211B15A
:10363000E9F508EEFAEFFB1222B8A908741A02BBEA
:1036400091AA82AB83122294AA21AB221222C42215
:10365000E5082403FCE422E412C329A32274F61231
:103660000BD97E007F008035EEF8EFF912B6A57811
:10367000081211D475080B75090078081211D4EEE0
:10368000FCEFFDEC75F00BA4FC75F00BEDA42AFD2E
:103690007A2312B8691211B10EEE70010F12B70A37
:1036A00040C602B7F212B4F0F508A3E039F50922DA
:1036B00074F6120BD97E007F00804712B4E8F8A39D
:1036C000E0398882F583E0A2E75032C2E7F08582D4
:1036D0000885830978081211D475080B75090078DC
:1036E000081211D4EEFCEFFDEC75F00BA4FC75F0A4
:1036F0000BEDA42AFD7A2312B85C1211B10EEE7004
:10370000010F12B70A40B402B7F290169612B58CA8
:10371000C3EE98EF992274F6120BD9E4F508F50977
:1037200078081211D490169612B86475F00BA4FCA8
:10373000A8F075F00BEDA428FD7A2312B8481211F9
:10374000B1E9FE74096E70031222E8EEF902B7F2D5
:1037500074F6120BD974FF1212647E007F00803859
:10376000852182852283E412B8501211D475080194
:1037700075090078081211D4EEFCEFFDEC75F00B22
:10378000A4FCA8F075F00BEDA428FD7A2312B85C18
:103790001211B10EEE70010F12B70A40C37401028C
:1037A000B7EF74F7120BD9E9FCEAFD7B007A0080D1
:1037B00010EA12B8439C4008E0F8EDC39840010BB2
:1037C0000A12CFBC40EBEBFA7B0002C71575F01C68
:1037D000A4F8A9F074AA28F582740739F583E022C9
:1037E000EA2413F582E42212B58C8A828B8322129A
:1037F00011B17F02020F26A90A7F03020F26903320
:103800005CE493F8ECC39822E0F50AA3E0F50B2200
:10381000C082C0837C008009EA24FF1AEB34FFFBDE
:103820000C12B7FE5016EC12B843940550F2EA4B56
:1038300070E674A628FA740739FB80047A007B00CE
:1038400002C72312B7CDC3227B00121C5E74022272
:10385000F0A821A922880889097808227B00121C77
:103860006A74042212D448EC227B00121C70740487
:1038700022E50A2402FCE4350BFD2202117E74F7D6
:10388000120BD9EAFEEBFF901712E06408601AE011
:10389000640460158A828B83E054036401703F12D4
:1038A000B8ED12CCC8640670358A828B83A3A3E07E
:1038B00064FE7003A3E0F460258A828B83A3A312C5
:1038C000CFF57003A3E0697008EA241512CD766085
:1038D00005122714800312271AE9F50880037508DA
:1038E000C2EEFAEFFB121BECA90802C715EA12B8E8
:1038F000F22212B8F622240BF582E43FF5832274FB
:10390000F4120BD98A088B0912D1B5FAE82AFAE425
:103910003400FB121BE68A0A8B0BAE0AAF0BEA4F90
:103920006054850882850983E0FC7D007900121BC4
:103930003E8E828F83A312D54212274A8E828F83B6
:1039400012C09B850882850983E0F8EE28F8E43FE1
:1039500012B97C850882850983A3E0C0E012CFB24A
:10396000D0E0F012275C12CFA8E912D1BEE0C0E08F
:1039700012BE5CD0E0F0EEFAEFFB8015F912C6F64D
:1039800012B98422F583E8F0A3E9F0227418121129
:10399000B17F04020F2674F4120BD974E81212647A
:1039A0008A088B098C0A8D0BE9FE901712E06404DB
:1039B0006005E06408700479C2803AA378081214A4
:1039C00064E990171912BA07852182852283780845
:1039D00012146474051214F5EEF074041214F574E4
:1039E00001F074071214F5E4F09017127402F090CD
:1039F000167E12B9FF8095F085088285098322E43E
:103A000012C1551221E622F07C187D007900AA210E
:103A1000AB22121B3E22C082C08390169A12C93D6F
:103A2000600D90169A12CFEE90169AE4F0A3F01261
:103A3000269602C72374F0120BD974E81212648A16
:103A40000A8B0B8C088D09890C7E007F00742F1265
:103A500014F5E0602674301214F512C939800B1287
:103A60001B4A8A0E8B0FA80EA90FC3E894F8E9949D
:103A7000FF50ECE84960E8E8FEE9FF742C1214F509
:103A8000E0FC742D1214F5E0FD740F6C7005740FDA
:103A90006D601290197DE064026005ECC39D5005D5
:103AA00079C102BB8C74281214F51214BA90171342
:103AB0001214C6E50C901719F0EC901717F0EDA34F
:103AC000F0742E1214F5E090171AF074FF650A7066
:103AD0000474FF650B7024901995E0F47003A3E063
:103AE000F4700C121B4A901710EAF0A3EB801590AB
:103AF000199512D20CE8F0A3E98009901710E50A95
:103B0000F0A3E50BF0E50845096017AA08AB091218
:103B10002852E96401700BAC08AD097A247B1712B6
:103B20001CD67A247B17122852E970097A247B1755
:103B300079E21221D4901703EEF0A3EFF09017066C
:103B4000E4F0A3F0901723F090197DE06402700870
:103B5000901717740FF0A3F0901712740512BA079C
:103B600074041214F5E4F09017131214BA8521822C
:103B70008522831214C6901719E0C0E07405121450
:103B8000F5D0E0F074071214F512B9FF741802CCE6
:103B9000D51211B17F06020F26C082C08390171282
:103BA0007401F002C72374F0120BD974E31212648B
:103BB00074011214F512C09FA3ECF0A3EDF0E9FF1D
:103BC0007E00750C018E0D8E0E8E0F9017127401F3
:103BD000F07C187D007900740512123C121B3E74B3
:103BE000011214F51214BA74051214F51214C674E5
:103BF0000A1214F5EFF074091214F57403F0740C42
:103C00001214F5E4F074011214F5850C08850D0901
:103C1000850E0A850F0B78081213BBE50845094588
:103C20000A450B60010E7401780C12111B12D1EDC4
:103C300070D3AA21AB22795A1221D4852182852200
:103C400083E0F508E4F509F50AF50B8E0CF50DF5A2
:103C50000EF50F7808790C120A7290837F780C1297
:103C600014827808790C120A729083A7780C1214C7
:103C7000827808790C120B6A12BE8712BC967808FB
:103C80001211CC12BCA31211B1740512123C1221F4
:103C9000E6741D02CCD57A007B0490175DE0F91222
:103CA0001CAC227A007B0490175DE0F9121CA07412
:103CB000042274F7120BD97C0112233602C7157443
:103CC000F7120BD97C0080F174F2120BD974FD123B
:103CD0001264EAFEEBFF890C8C0D12CD8E12268445
:103CE0008A088B09EA4B700579CA02BE578A828B13
:103CF00083A3A3A3A3A3A3A3E064FE7003A3E0F4A0
:103D0000700579C302BE5712274A8A0A8B0BA80A8C
:103D1000A90B850882850983A3A3A3A3A3A3A3E07A
:103D2000687003A3E069700579C202BE579017104E
:103D300012C939850882850983E0687003A3E069A8
:103D4000600985088285098312BFB390171012D2CB
:103D500057122822850882850983A3A3A3A3A3A3BE
:103D6000A3A3A3A3E00490172312BF9C7401121411
:103D7000F5740212CC2CAE0AAF0BEA4F700302BEF0
:103D80004EEA12B5838882F5837406F09016FDE042
:103D900088828983A3F012CC213F12BE6EEE241AD2
:103DA000F582E43FF58312C09F12BE66740112C60D
:103DB000CE7440F0A3E412BE7712BE8012BE5CE562
:103DC0000DF0EEFAEFFB122300E9FE600302BE5095
:103DD000901712740912BE7712BFA9901705E065FB
:103DE0000C6003E50CF07A067B17794B1221DA7A26
:103DF000107B1779501221DA7A057B1779E11221AD
:103E0000DA7A037B1779531221DA12BE8790196888
:103E100012D25712277490196412D25712276E12B9
:103E2000D406E4F50AF50B78081211CC7A0112D207
:103E3000191211B112BC9612D4067402780812112C
:103E40001B78081211CC12BCA31211B180027E1093
:103E5000901569E4F0EEF9740302BB91EE2411F5BC
:103E600082E43FF58322EE12B7E13FF58322F5832A
:103E70007401F01227442212D1C2A3A3A3A3A32248
:103E800012CFDC12B9862290196612B58C90169C5E
:103E900012B98690196412B58C90169E12B98622BA
:103EA00074F6120BD974E512126412BF8C89089053
:103EB0001712E064046005E06408700579C202BF6F
:103EC0008774261214F5E064FE7003A3E0F4700515
:103ED00079C302BF877C197D007900740212123CFD
:103EE000121B3E901712740312C15179501221DA3D
:103EF000742612123C794B1221DA852182852283A5
:103F000012BFB3E508901705F074261214F512BF1E
:103F1000A974251214F5E0F5099016FD12BF9C74E2
:103F2000CE55094480C0E0741A1214F5D0E0F07444
:103F3000171214F57402F074261214F512C93974AC
:103F40000F1214F512D01512C93974181214F51283
:103F5000C932740D1214F5E508F0740A1214F5E470
:103F6000F0901718740FF07A187B1779541221DA31
:103F7000901717740FF07A177B1779471221DA74AC
:103F80000212123C1221E0741B02B7EF85218285D8
:103F90002283ECF0A3EDF0EAFEEBFF22F0EEFCEF63
:103FA000FD7A247B17121CD62212B58C90170612AC
:103FB000B9862212D21012B9862274F7120BD97464
:103FC000F81212647E008A828B83A3A3A3E0C0E070
:103FD00074041214F5D0E012C02DE0C0E074061293
:103FE00014F5D0E0F0901981E0C0E074071214F5E8
:103FF000D0E012CFE812C93D600D8A828B8312D2C5
:104000005712229AE9701F74051214F5E412BE7259
:1040100074021214F5EAF0A3EB12D01974FDF0A3A8
:1040200074FF12C093FEEEF9740802C71212CFE8B3
:10403000A3A32274F7120BD974F8121264EAFEEBF0
:10404000FF7900901712E064086005E06404704195
:1040500085218285228374FDF0A374FF12BE7274E1
:10406000021214F512C09F74051214F512B657E02F
:10407000C0E074041214F5D0E012C329E0C0E0746B
:10408000061214F5D0E0F074071214F5E412C09390
:10409000F9809512C15512279EE922A3A3A3A3EA92
:1040A000F0A3EBF02274F7120BD979011221CEE9BB
:1040B000FE12228E12270212269690175DE0F91248
:1040C0002630EEF902C71574F2120BD9ECFEEDFFA3
:1040D000750800E92479602624FC605924F3600FF8
:1040E00024FC601014604E147043901712804E90A0
:1040F0001700804912280AEA8E828F83804475084F
:10410000C11228168B0DA90DEA4960378A088B0960
:10411000750A0078081211D07C177D00EEFAEFFBCB
:10412000121B3274031211B17508008016747F29B6
:10413000C3945840057508C9800912C146E08C82B5
:104140008D83F002B4DC746E29F582E43416F583B5
:104150002212C15522F0AA21AB222274F5120BD9EA
:104160008A088B098A828B8312B50AEE4F7003028C
:10417000C3039016B912C93D60178A828B83A3A32B
:10418000E0F9EEFAEFFB9016BAE0F5838882122C84
:10419000EC8E828F83A3A3A3A3A3A3A3A3A3E06412
:1041A00002600302C2718E828F83A3A3A3A3A3A381
:1041B000E05402700302C295850882850983A3A397
:1041C000E064E9700302C295850882850983A3A390
:1041D000E064CD700302C295850882850983A3A39C
:1041E000E064F0700302C295EE240D12C6A56024AF
:1041F000EE241312CD76601C8E828F83A3A3A3A31B
:10420000A3A3A3A3A3A312C317701D7A307B01122B
:104210001FE88014901985E0048E828F83A3A3A3E6
:10422000A3A3A3A3A3A3A3F0850882850983A3A3C3
:10423000E0701F750A0080097A367B01121FE805BD
:104240000A850882850983A3A3A3E0F8E50AC39839
:1042500040E6EE240A12CD7614F0C0E012BE66D01D
:10426000E012C6BF7404F090198612CFD6E812C3CC
:10427000068E828F83A3A3A3A3A3A3A3A3A3E06417
:104280000260128E828F83A3A3A3A3A3A3A3A3A3DD
:10429000E06406706E8E828F83A3A3A3A3A3A3E022
:1042A000A2E0505F850882850983A3A3E0F9EEFAB6
:1042B000EFFB1225A08E828F83A3A3A3A3A3A3E069
:1042C00054FE12C317850882850983A3A3702AE0D0
:1042D00070237A2F7B01121FE87E008508828509F2
:1042E00083A3A3A3E0F8EEC39850187A367B01129B
:1042F0001FE80E80E67A318005E070077A2D7B0199
:10430000121FE802B7F9F0A3E9F07A207B009017BA
:104310005DE0F9121B922212C32912D24512CCCFB2
:1043200012C324221227C2E922F08E828F832274C4
:10433000F0120BD974BB12126412BF8C750E00758B
:104340000F0074021212441224BC740F1214F5E010
:10435000700874121214F5E0601674021214F5E07D
:10436000A2E650118E828F8312D24E12C3246005B2
:104370007A3502C48874021214F5E0540C64047097
:1043800004D2008002C200E0A2E55036750F01A2FF
:1043900000402F12C6D97003A3E069700512C6A2AF
:1043A000706B12C6D97003A3E069601612C6A270C2
:1043B0001112C6EF7402121244122576E96003024C
:1043C000C48612C6A2702A74021214F5E0A2E65046
:1043D0002074031214F5E05403701674021214F5DD
:1043E000E0540C640C600AE0540C64086003750E21
:1043F0000174021214F5E05403F874026870227418
:104400000212124412C6EF1224CE02C6918E828F7F
:104410008312D24E12B58274171214F512C932806B
:10442000937401687045E50EA2E0500D12C6A270AB
:1044300008740212124412C6FC7402121234741C64
:104440001214F5E8F0A3E912B58174191214F5E815
:10445000F0A3E912C6BAC0E0741B1214F5D0E0F064
:10446000741912123C12244402C691E8600302C679
:10447000919016FAE0640170178E828F83A3A3A334
:10448000A3A3A3E0700A7A347B01121FE802C6914D
:1044900074441214F5740212B581743C1214F512AE
:1044A000C6AFF583E05480700302C5AE74261214C3
:1044B000F5740212C6BF12C939741E1214F512C95E
:1044C0003274051214F5E0C0E074271214F5D0E040
:1044D000F074041214F5E0C0E074281214F5D0E072
:1044E000F090171012C93974291214F512C93274D8
:1044F000081214F512C939742B1214F512C932744A
:104500000A1214F512C939742D1214F512C9327435
:10451000121214F5E0F8742F1214F5E8F0A3E4F089
:1045200074101214F512C93974311214F512C6AF91
:1045300012C93774331214F512C6CAE0C0E07435DC
:104540001214F5D0E012B658A3A3A3E0C0E074366D
:104550001214F5D0E0F012CD73C0E074371214F5E8
:10456000D0E0F074131214F5E0C0E074381214F5C2
:10457000D0E0F074151214F5E0C0E074391214F5AF
:10458000D0E0F0EE242312CD76C0E0743A1214F598
:10459000D0E0F0EE242512CD76C0E0743B1214F585
:1045A000D0E0F0741E12123C1224D402C69174554D
:1045B0001214F57808121482A200400302C645EED8
:1045C000240F12CD76C0E074141214F5D0E0F090F0
:1045D00016BB12C93D700302C69112D004743C127E
:1045E00014F5E0687003A3E069600302C691EE244D
:1045F0002312C6961211D8EE2421F582E43FF583EA
:10460000120FAF78081211CCE50FF50878081211D7
:10461000D88E828F83A3A3A3A3E0F5087808121194
:10462000D874091214F5120FAFA90E740D121244AA
:10463000744712123C9016BB12C7A2122CEC740BDA
:104640001211B1804CE50EA2E0500874021212441F
:1046500012C6FCEE241112C6961211D87808121157
:10466000CCE50FF50878081211D874061214F5126B
:104670000FAF901710120FAFEE241212CD76F9740F
:1046800046121244740C12123C1225AC740A121118
:10469000B1744502CCD5F582E43FF583E0F50C78A2
:1046A0000C22EE2421F582E43FF583E054802212AF
:1046B000B986EE2421F582E43F2212CD7EE022125B
:1046C000C6C32212CD82A3A3A322E8F0A3E9F0EE91
:1046D000240FF582E43FF5832212274A8A088B09CA
:1046E000A808A90912C6E96822EE12B8F6E022125B
:1046F000C6F612CCCD22EE12C85D3F2212C6F612CB
:10470000CCCD1224C22274F7120BD9121F6A800575
:10471000740D1211B17F01020F26C082C083121FD7
:10472000708000D083D08202117E74F7120BD912F0
:104730001F7680E1C082C083121F7C80E6C082C0E9
:1047400083121F8280DD74F7120BD9121F8880C577
:1047500074F7120BD9E9FE9016FDE0A2E340169023
:1047600016C51214BAE8494A4B600A7A087B0090D1
:1047700016A812C311EEF9121F8E02C71574F71294
:104780000BD9EAFEEBFF740169701479001223F66D
:10479000903360E493FC7900EEFAEFFB1223D80229
:1047A000C71512D2452274F7120BD9121F9402C7F3
:1047B0001574F7120BD99019EEE0F97800800B12FE
:1047C000CA4C540D64017001190812CA655003E9FE
:1047D00070ED02C71574F7120BD99019EFE0F97854
:1047E00000800B12CA4C548D64817001190812CAE2
:1047F000655003E970ED02C71574F2120BD9890AEE
:10480000E975F007A4A9F0240FFEE439FFEE2AFAB7
:10481000E43FFB12C84B602CEEFCEFFD7900121B4D
:104820003EE50812C85512CA88E50AF0E5082EF8D8
:10483000E5093FF9850882850983A3A3A3A3A3A360
:10484000A312C930AA08AB0902BB94121BE68A085E
:104850008B09EA4B2212C8592212C85D22240BF59B
:1048600082E42274F6120BD98A088B091223B4E968
:10487000F89019EDE0F9E8C39940099016A412D216
:10488000571223BAE5082402FEE43509FF9016A664
:1048900012CFFEF09016A6E004F0AA08AB0912238E
:1048A000C08E828F83E002B74CC082C083790090B3
:1048B00016A4800109E0FAA3E08A82F583E5824527
:1048C0008370F102C72374F7120BD9EAFEEBFFEAFB
:1048D0004F605A9016A412C93D6052888289837A2B
:1048E000007B00EE65827003EF65836013AA82ABE4
:1048F0008312D1B98882F583E5824583602F80E3F6
:104900009016A4E0F8EE687002EF698E828F8370D3
:104910000812C9399016A4800312B7E712C932EE03
:10492000FAEFFB122474EEFAEFFB121BEC02C71530
:10493000A3A312B9862239F58312B58C2212B58C45
:10494000E84922C082C0839016A4800488828983AB
:1049500012C93D600A8882898312B8644D70ED8A5D
:10496000828B83E4F0A3F0E8496006888289838023
:10497000039016A412C09F02C72374F7120BD9E943
:10498000FD9016A480048A828B8312C9B3601D7CBB
:104990000080010C12CA01ECC39850EAEC75F007D4
:1049A000A4F8A9F012C9F86D70E980047A007B00C0
:1049B00002C71512CCCFEA4B2274F7120BD9E9FECD
:1049C0007D0080010D12CA01EDC3985024ED75F0F1
:1049D00007A4F8AFF0EFF912C9F86E70E7ED75F0C3
:1049E00007A4F812CA774CF0E8240FFAE439FB80E8
:1049F000047A007B0002C71512CA6F241312CA8002
:104A00002212D1E4F82274F6120BD9E9FEEAFF1261
:104A100023C68A088B09A808A909EA49602B7C00EB
:104A2000801AEC75F007A4FAABF0E82AFAE93BFB30
:104A300012B7E012CDB76E7002EFF00CE812C85555
:104A400012D1F6FAECC39A40D902B7F2E875F00732
:104A5000A4FCADF0EA2CFCEB3DFDEC2414F582E463
:104A60003DF583E02212D1E4FCE8C39C22EFF9EA91
:104A700028F8EB39F9E82212CA6D241412CA8022F0
:104A8000F582E439F583E02212B4642274F1120B4A
:104A9000D974F5121264EAFEEBFF89088C09E9A2C9
:104AA000E050117EFC7FFFA2E15005D2E402CB3042
:104AB000D2E3807C12CCB77003A3E069600EAC082F
:104AC0007902EEFAEFFB122414E97005790002CCAA
:104AD0000EE508F50A780A1211D8790212CC1312E1
:104AE00011B1E9600302CC0CE508C2E5F508A2E6C5
:104AF00040407403121244EEFAEFFB1222A6E97052
:104B00002B12CD8EEEFAEFFB1227FE8A0A8B0BEAF0
:104B10004B601FEA2402FAE4350BFB12229AE9608B
:104B20001112B871740312123C121CD6E508D2E5BA
:104B3000F5089016A7E0F50E90170312B808780A4A
:104B40001211D47D017C009016A7E0F9AA0AAB0BE4
:104B50001223FC74021211B1E9F89016A7E004F0D8
:104B6000E9600302CC0CE508A2E55004740E800253
:104B70007406C0E074011214F5D0E012CC2CEA4B9C
:104B8000700302CC0812CC21350B12BE6EE50A244C
:104B90001A12CC52EAF0A3EB12CC4912C93988821E
:104BA000F5837401F074785508A312D54AE50EF028
:104BB000EE88828983A3A3A3F0EF12CC37E4F0E55B
:104BC00008A2E5500F7403121244E82406FAE439EF
:104BD000FB121CD6850A82850B83A3A374FDF0A368
:104BE00074FFF0E509601690335DE493F8E509C3BE
:104BF00098500AE50A241312CC52E509F0AA0AAB30
:104C00000B122300E9F980067910800279C7740B32
:104C100002CCAF7CFE7DFFEEFAEFFB1223EA7401BB
:104C200022EA12CC26222417F582E42212C1551260
:104C300027B68A0A8B0B2288828983A3A3A3A31297
:104C4000CC432212D1AAA3A322F0E50A240B12CC52
:104C50005222F582E4350BF5832274F4120BD97AD3
:104C6000007B1012CD95600890176F7401F0803CA6
:104C700090167CE0640190197E7006E0FC7901805A
:104C800004E0FC79037A007B001223D8903342E4DD
:104C900093F508740193F509E4F50AF50B78081209
:104CA00011CC7A007B1012BCA71211B102B991127B
:104CB00011B17F07020F2612241A8A0A8B0BA80A49
:104CC000A90B901703E0682212D245E022F583E099
:104CD000FAA3E0FB221211B17F08020F2674F4122E
:104CE0000BD98A088B09ECFEEDFF750A01901703BA
:104CF000E06A7003A3E06B6013750A00780A121172
:104D0000D81227E074011211B1E9F50A7900AA0856
:104D1000AB0912CD627003A3E06970417900EEFA2D
:104D2000EFFB12240EEA4B602B8A828B83A3A3A392
:104D3000A3A3A3E05418601C7508FE7509FF78084A
:104D40001211D48A828B83A3A3120FAF12D4331211
:104D500011B180097901EEFAEFFB122390A90A0242
:104D6000B99112241A8A088B09A808A90990170377
:104D7000E06822EE2411F582E43FF583E02212CDB3
:104D80008222F08E828F83A3A3A3A3A3A3229017D2
:104D90001012D4482290175DE0F9121CB2EA4B4C75
:104DA0004D2212CDA8E0682212CDAC22E0F8A3E09B
:104DB000F98E828F83A3223BF583E0223B12CCCD78
:104DC0002274F2120BD9EAFEEBFF8C088D09890BD5
:104DD00074FC6E700374FF6F700302CF9179001240
:104DE000241A8A0C8B0DAE0CAF0D740E1214F5E064
:104DF000F50A901703E06E7003A3E06F7009E50AEF
:104E0000A2E6400302CF91A90A12CF96703B790027
:104E10007AFE7BFF12CF9670307418550A70030229
:104E2000CEBE7A0080010A90335612CFBF400302F3
:104E3000CEBEEA75F007A4F8A9F012D35754187043
:104E4000E5745028F8740A39F988828983EEF0A352
:104E5000EFF074FE6508700474FF6509600D8882C8
:104E60008983A3A3E508F0A3E509F088828983A3D9
:104E7000A3A3A3A3A3E50AF0A2E0500D888289832F
:104E8000A3A3A3A3A3A3D2E2F07401650B88828934
:104E900083A3A3A3A3A37031740112D1B0E054186B
:104EA0006021903361E49388828983A3A3A3A3F054
:104EB00012CFE1EA4B600302CF917D008036790288
:104EC00002CF93901702E080DEE06401700302CF0E
:104ED0009188828983A3A3A3A3A3A3E054186007A6
:104EE000903361E4938004901701E012CC37E50B16
:104EF00002CF900D903350E493F8EDC39840030235
:104F0000CF917C00802DEC75F007A4F8A9F07452C5
:104F100028F582740A12C936ED75F017A4FAABF0C1
:104F200074F42AF582740912CDB7687003A3E0699E
:104F300060C10C90335612B80140CBE4936C70B34F
:104F4000ED75F017A4F8A9F074F428FE740939FF80
:104F50007C177D007900EEFAEFFB121B3E8E828FEC
:104F600083E508F0A3E509F090171012CFD6A3A3AC
:104F7000A3A3A3A312C6CA74AAF012CFA8740112E5
:104F8000CFC65001097A027B001208DD12CFB2E8C9
:104F9000F0790002BB9412CFA0A80CA90DEA492217
:104FA00012240E8A0C8B0D22EE240EF582E43FF5BE
:104FB0008322EE240DF582E43FF5832290335CE4F6
:104FC00093F8EAC39822F012CFCB2290334DE493AA
:104FD00079002401F82212CFDCA3A32212CDACA3C6
:104FE0002212D1D312282822F08A828B832212CC5B
:104FF000CF121BEC2212B58C901703E06822E08ED2
:10500000828F832212274A8A0C8B0DA80CA90D22AD
:1050100012B464E022E8F0A3E9F0852182852283BE
:1050200022F088828983A32274F3120BD989088A1B
:1050300009ECFEEDFF90334F12D07A5033750C001F
:105040008002050CE50CC39508501B12274AA80CDA
:10505000E828F8E433F9EE28F582EF12D1F66A7009
:1050600003A3E06B70DCE509650C70047901800234
:1050700079007F05020F26903353E493F8E9C39833
:105080002274F6120BD9E9FE790012241AEEF912F5
:10509000240E8B09A909EA49601D8A828B8312D5E7
:1050A000438A828B83A3A31412D0C0E412D0BC1213
:1050B000D0BCA3F0F98002790402B7F212D1C82261
:1050C000F0A30412CFE8A3A3A3A32274F0120BD978
:1050D0008A0C8B0DE9FE8C08EDFF122408E9F974A7
:1050E000101214F5E0F50EA3E0F50F12D07750433F
:1050F000E9F50A750B007403780A12136F7486259C
:105100000AF582740B12CC55E0F8E508C398501FDD
:10511000EF6074E9F50A750B007403780A12136FD7
:1051200012D18CA3A3A3A3A3E50812D19C80577925
:1051300003805679007AFE7BFF122408E9F9903348
:1051400053E4936970047902803FEF603AE9F50A0D
:10515000750B007403780A12136F12D18CE50CF0F2
:10516000A3E50D12D19C12D1B0E50812CC3F74FF1B
:10517000F0EE88828983F0901701E088828983A30A
:10518000A3A3A3A3A3A3F0790002CCD87480250A1B
:10519000F8740B350BF98882F583A32212D1A6E5AA
:1051A0000EF0A3E50F2212D1AA2212D021A3A3222E
:1051B00012CC43A3228A828B83E0F8A3E02212D18F
:1051C000C22212B9F7A3A322F08A828B83A3A3A3DE
:1051D000A3A322901710E0FCA3E0FDAA08AB0922CC
:1051E00012D1E422EA12C85D3BF583E022E50C45CA
:1051F0000D450E450F2212CA8322E8FA12D201E0B1
:105200002274C02AF582E4340BF5832212D21022D4
:10521000E0F8A3E0F9901710227B0090175DE0F909
:10522000121CA6740422C082C083780080010890FA
:10523000335AE493FAE8C39A500812D1FA6970EE2F
:10524000E4F002C723E0F8A3E0F583888222A3A359
:10525000A3A3A3A3A3A3A312CCCF2274F6120BD9AA
:10526000E9FC790080010912D0775039E9F5087519
:1052700009007403780812136F748112D2A8740B9A
:1052800012D0106A7003A3E06B70DBE9F5087509B2
:10529000007403780812136F748012D2A8740B1272
:1052A000D0106C70C102B7F22508F5822274F71293
:1052B0000BD989085308407E00802EEE75F007A4B4
:1052C000F8A9F0745028F582740A12D1F66A7003B6
:1052D000A3E06B701374FE6A700374FF6B60581266
:1052E000D35754406508604F0E90335612D3504048
:1052F000CAE4936E705374FE6A700374FF6B704956
:105300007E0080010E90335612D350503CEE75F063
:1053100007A4F8A9F0745428F582740A12D1F67023
:10532000E3A908EE75F007A4ABF0745028F5827479
:105330000A12CDBC1223F6EE75F007A4F8A9F0749A
:105340005028FA740A39FB80047A007B0002C715E2
:10535000E493F8EEC39822745628F582740A12CAB0
:10536000832274F4120BD9EAFEEBFF890B8C0A74CA
:105370000169700C90334CE493F912242CE97064A9
:105380007900EEFAEFFB12241AA90A12240E8B09F7
:10539000A9097401650B6014EA4960568A828B83FF
:1053A000A3A3A3A3A3E0650B70488038EA49601962
:1053B0008A828B83A3A3A3A3A3E06401700B8A82D8
:1053C0008B83A3A312D409800AE50AA2E640238EA8
:1053D000088F0974FE6508700474FF650960131274
:1053E000D3F760047900800CEE65087003EF65095F
:1053F00070DD790102B99190334CE493F9AA08ABBE
:105400000912242CE922901968E0F508A3E0F509B7
:105410002274F6120BD9E9A2E6501579FF122492F4
:10542000EA4B600890170312D25780047AFE7BFF84
:1054300002B7F2790090170312D4488A828B831244
:10544000CCCF122420740422E0FCA3E0FD2274F1EE
:10545000120BD9EAFEEBFF8C088D09E9600C750A86
:1054600000780A1211D8790B806E7900AA08AB096E
:1054700012240E8A0A8B0BEA4B60658A828B83A307
:10548000A3A3A3A3A3E0A2E050568E0C8F0D780C2B
:105490001211D474111214F512CD9174131214F563
:1054A00012D25712283474021211B18A0C8B0DA833
:1054B0000CA90D74FE68700374FF696023850A826D
:1054C000850B8312C09D750A00780A1211D8790CD9
:1054D000EEFCEFFDAA08AB091227E074011211B12E
:1054E00002CCB2C082C0837850790A7C00804588A3
:1054F000828983A3A3A3A3A3A3E0A2E0402E888272
:105500008983A3A3E06A7003A3E06B701F8882897C
:1055100083A3A3A3A3A3E06401701188828983A35A
:10552000A3A3A3A3740312D54A12D5430CE82407FE
:10553000F8500109903356E493FDECC39D40B0024E
:10554000C723A374FEF0A304F02212D021A3227477
:10555000F4120BD9890812D5A2603B8A828B83A3EF
:10556000A312D59BF98E828F83A3E06029E9602680
:105570009016FCE06401700D8E828F83A3E0C399C6
:105580005003E980068E828F83A3E0F8E508C39874
:10559000400479018002790002B991E0F9122840B3
:1055A000E92290171012D4481228288A0A8B0BAED1
:1055B0000AAF0BEA4F22C082C0839005B6E4F0A385
:1055C000F09005C004F09005B9E4F0A3F09005BB9D
:1055D000F09005BEF0A3F09005BDF09005B502E196
:1055E000AAC082C0839005C0E4F012154A12154487
:1055F00012153202E1AB74F7120BD98C08EDFE9054
:1056000005B5E06021122030E9F974FF6960177474
:105610000165087006EEFD7C008004EEFD7C017AD9
:10562000007B00122B0402E05FC082C0837A807B83
:1056300000900504E0F9121CB2EA4B4C4D701C7A44
:10564000807B00900504E0F9121CAC9005B6E4F0F4
:10565000A3F09005B874FFF012156802E1AB74F482
:10566000120BD97A807B00900504E0F9121CB28BF2
:10567000098C0A8D0BEA4509450A450B601E900509
:10568000B6120FAF122C1874021211B18A088B09CE
:105690001215747901AA08AB0912151A122C247F6D
:1056A00004020F2674E8120BD98A108B118C128D0C
:1056B00013750C00750D00750E00750F007418122F
:1056C00014F512EF6E781412148278087914120A05
:1056D0007278107908121435401385080C85090D6D
:1056E000850A0E850B0F780C791012130C850C08A7
:1056F000850D09850E0A850F0B9083A7781012146B
:105700008278087910120B6AAC08AD099083A778EB
:1057100008121482780C7908120B6AE508450945CD
:105720000A450B6008EC2401FAE43D8003ECFAED35
:10573000FB7F10020F2674F7120BD979009005B683
:1057400012E30712151A7EFF7CFF7DFF7F00801891
:1057500012F48DEAC398F8EB99F9C3E89CE99D50DF
:1057600006EFFEE8FCE9FD0F9005B5E0F8EFC39801
:105770005019EF12E13750EF12E19E60EA74FF6AB0
:10578000700374FF6B60E0EC4D70C574FF6E604F8A
:10579000EE12DFCD88828983A3A3A3A3A3A3C08233
:1057A000C08312F48DD083D082E0C398F8A3E0992F
:1057B000F9E84960099005B6E8F0A3E9801DEE908C
:1057C00005B8F079FF12155C7DFF7CFF7A007B0045
:1057D000EEF9122B049005B6E4F0A3F0121568025E
:1057E000E05F74E2120BD974F81212648A148B15FC
:1057F000EA2416F516E43515F517851682F583E0CB
:10580000F912157A8B09EA4509603BE5142417F56E
:1058100082E43515F583E0F518A3E0F519851882C3
:10582000F583E06021F50875090074027808121309
:105830006FE5082401FAE43509FB121BE68A0A8B9E
:105840000BEA450B7005790002DB15121574121571
:1058500056E96009AA0AAB0B121BEC80E975080037
:10586000750E00750900E5142408F51AE43515F5E0
:105870001B803D798DE50EF51075110074027810CE
:1058800012136FE50A2510FAE50B3511FBE98A8240
:105890008B83A3F0850C82850D83E08A828B83A3A2
:1058A000A3F08E828F8312DFEF12ED01050E050942
:1058B000851882851983E0F8E509C398400302DA68
:1058C00064E50975F00CA4F8A9F0E51828F582E55F
:1058D0001939F583A385820C85830DA3AE82AF832E
:1058E00012ECE5121538E9F50FA821A922881089D4
:1058F0001178101211D48E828F8312ECE5121D786C
:1059000074021211B1E9F874FF650F6003E87005C5
:10591000798702D875850C82850D83E07090E50C3F
:105920002403F510E4350DF511851082F583E0F8B8
:1059300074041214F5E068600302D873740512143D
:10594000F5E0A2E2400302DA5FE50F75F015A4FE70
:10595000AFF012DB1F2405F8E43BF9850C82850DBE
:1059600083A3A3A3A3E0F512A3E0F513E50C24069B
:10597000FCE4350DFD74FF6512700474FF6513704F
:105980006C8C828D83E0F51CA3E0F51DE51C451DA4
:10599000705B7508018A828B83A3A3A3A3A3A3A32F
:1059A000A3A312ECC588828983ECF0A3EDF012E288
:1059B000B912ECFA7C047D007900EA240DFA50015A
:1059C0000B121B3E12DB1F2411F510E43BF5117581
:1059D000120078101211D07C047D00EA240DFA50D8
:1059E000010B121B3274031211B102D8AE750801FB
:1059F00088828983E512F0A3E513F08C828D8312EF
:105A0000ECFA851082851183E0F9121DA2E970037A
:105A100002D8AE7C047D00790012DB1F240DFA5001
:105A2000010B121B3E851082851183E0F9121DA81F
:105A3000E9F9850C82850D83A3A3A3A3A3A3A3A344
:105A4000A3A312ECCF1211D0E9FC7D009005B9E0C0
:105A50002EF8A3E03FF9E8240DFAE439FB808379BE
:105A60008C02D875E50860409005B9120FAF12E7B7
:105A700005121C5E74021211B1E970299005B91269
:105A80000FAF9005BBE075F015A4F508E5F0F5093A
:105A900078081211D47C007D007A567B00121C6AB3
:105AA00074041211B112156E850A82850B83E50EFE
:105AB000F0700BA3E4F0850A82850B8304F0851453
:105AC00082851583A3A3A3A3A3A3E0F508780812F6
:105AD00011D875080178081211D878081211D878F1
:105AE0000A1211D4851A82851B8312ECC5E5142491
:105AF0000AFAE43515FB851682851783E0F9121D35
:105B00004874051211B1AA0AAB0B121BEC12153224
:105B1000122C24790174081211B17F16020F2690FD
:105B200005B9E02EFAA3E03FFBEA2274E4120BD998
:105B300074F81212648A0C8B0D750800EA2416F5AD
:105B400016E4350DF517851682F583E0F912157AFE
:105B50008A0A8B0BAE0AAF0BEE4F700302DBF6E541
:105B60000C2417F582E4350DF58312EC96750A00C6
:105B7000E50C2408F514E4350DF515805AA821A983
:105B800022880E890F780E1211D4E50A75F003A44D
:105B9000F8A9F0E51028F582E51139F583A3A312E1
:105BA000DD7D12DD8AE0F9121D7874021211B1E96F
:105BB000602374041214F5E0F9121DA2E960167452
:105BC000041214F5E0F9121DA8E9F8A2E05001084A
:105BD000E82508F508050A12ECD840A175F00DE893
:105BE000A404AA082AFAE43400FB121BE68A088BF4
:105BF00009EA45097005790002DD73121556E9605E
:105C000009AA08AB09121BEC80EC85088285098380
:105C1000E4F0750A00802C750B868E828F83E50B6D
:105C2000F0851882851983A3E08E828F83A3F08587
:105C30000E82850F8312F4998E828F83A3A312DEC6
:105C4000C4050A851682851783E0F98514828515B7
:105C50008312E30712ECD8400302DD2CAC0AEC758A
:105C6000F00DA4FEAFF0E5082EF582E5093FF583BF
:105C7000A3AE82AF83750B00EC75F003A4FCADF00E
:105C8000E5102CF518E5113DF519E5182402F50E7F
:105C9000E43519F50F850E82F58312ECC51215381F
:105CA000E9F512A821A922881A891B781A1211D4A1
:105CB000850E82850F8312DD7D12ECEE121D787445
:105CC000021211B1E9F874FF6512700302DC17E8E3
:105CD000700302DC1774051214F5E0A2E250477459
:105CE000041214F5E08E828F83A3A3A3A3F0E51220
:105CF00075F015A4F8A9F09005B9E028F8A3E039EB
:105D0000F988828983A3A312DD87A3A3A312DF529C
:105D100012DD8712DF45E8240DF850010912F470F6
:105D200012ED0402DC1A750B8C02DC1A850C8285DC
:105D30000D83A3A3A3A3A3A3E0F50A780A1211D8A5
:105D4000750A01780A1211D8780A1211D878081247
:105D500011D4EAFCEBFDE50C240AFAE4350DFB1244
:105D60001D4E74051211B1AA08AB09121BEC1215D5
:105D700032790174081211B17F14020F2612ECC996
:105D800085148285158322A3A3A312E30B8E828F31
:105D9000832274F0120BD9750C00750D008011E090
:105DA000A2E0500A7DFF7C0112DE2C122C2A050D88
:105DB0009005B5E0F8E50DC3985041E50D12DFE11F
:105DC000A3858208858309EE2402F8E43FF9880A56
:105DD000890B7C008882F58312DE321215D48B0F7A
:105DE000EA450F8E828F8360B6E0A2E0400A7DFF15
:105DF0007C0012DE2C122C2A050C80B27A807B00EB
:105E0000900504E0F9121CB2EA4B4C4D6012E50C0F
:105E100070157A807B00900504E0F9121CAC8007B5
:105E2000E50C6003122C247F08020F26850A828568
:105E30000B8312E30B850882850983E0F922C08277
:105E4000C0837C00ECF8EA28F8E43BF98882898377
:105E5000A3A3E412F2E6A3A3A3A3A3A3F00CECC3B1
:105E6000940440E08A828B83E4F0A302E1AA74F4F4
:105E7000120BD98A088B09ECFEEDFF7A047B001225
:105E80001BE68A0A8B0BA80AA90BE8497004790162
:105E9000801C88828983EEF0A3EFF0850882850953
:105EA00083A3AA82AB8312DEB112DEC4790002D6CC
:105EB0009F12ECC988828983A3A3ECF0A3EDF08A3A
:105EC000828B8322E8F0A3E912EC9E04F02274F79F
:105ED000120BD9E9FF9005B5E0C3940A400479019B
:105EE000805412DF39F8740539F9EF8882898312FA
:105EF000F2E512DF52ECF0A3EDF074091214F51282
:105F0000F0C012DF46740B1214F512E30712DF40E3
:105F1000E8240AF85001098882898312F2E2F0909D
:105F200005B512DF39F582740539F583E4F0900583
:105F3000B5E004F0790002E05F12E6137433282222
:105F400088828983A3A3A3A3A3A3A3A3EAF0A3EBBB
:105F5000F022A3A3EAF0A3EBF088828983A3A3A392
:105F6000A32274F6120BD98A09E912DFCDE8FAE907
:105F7000FBE50912DFE112DFED12ED028E828F8365
:105F8000A3E08A828B83A312E009A3A312E2C312C7
:105F9000DFFD12DFEF12DFFDA3A312DFEDA312EC92
:105FA000FDEE240AF8E43FF988828983EA240AFC9A
:105FB000E43BFD74031210FA8E828F83E08A828B99
:105FC0008312F2E612F2E2F07F02020F2612DFD114
:105FD0002275F00DA4F8A9F0743328F8740539F986
:105FE0002212DFD1E8FEE9FF8E828F8322A3A31263
:105FF000DFF322E0F8A3E0F98A828B8322A3A3A334
:10600000A3E8F0A3E912E00922F08E828F83A3A314
:10601000A3A32274F7120BD9E9FF9005B5E0F8EFBE
:10602000C398400479018037EF12DFCD12DF40744E
:10603000FF6C601274016C888289837005E0D2E085
:106040008003E0C2E0F074FF6D601274016D88821D
:1060500089837005E0D2E18003E0C2E1F079007F3E
:1060600001020F2674F7120BD9E9FF79FF7800803F
:1060700001089005B5E0FCE8C39C502AE875F00DD6
:10608000A4FCADF074332CFC74053DFD8C828D8333
:10609000A3E06F70DC8C828D83A3A3E06A7003A3FE
:1060A000E06B70CDE8F980B774F2120BD9890D75E9
:1060B0000C00801E8E828F83E02AFCA3E03BFD8EC5
:1060C000828F83ECF0A3EDF088828983E0C2E1F057
:1060D000050C9005B5E0F8E50CC3985055E50C1299
:1060E000E13750ECE50D6005E0A2E140DBE8240675
:1060F000FCE439FD8C828D8312E2DF60CB74FF6596
:1061000008700474FF650960BFE82408FEE439FFE5
:106110008E828F83E02AF50AA3E03BF50BC3E508E6
:10612000950AE509950B508C8C828D83E0FCA3E0E9
:10613000808C7F06020F2612DFD188828983E0A23D
:10614000E022C082C0838A828B8380058A828B830F
:10615000A312E1A360428A828B8312E972E0FC857C
:106160002182852283E06C70E388828983A3A3A3C4
:1061700012ECC574031214F5E06C7003A3E06D70AB
:10618000CB8882898312F49874011214F5E0687048
:1061900003A3E06970B680047A007B00800DA3A39E
:1061A000A3A3A3A312E30BEA4B22F0D083D0820275
:1061B000117E74F7120BD9E960229005BCF075F0DE
:1061C00015A4FAABF0121BE69005B912DF4C90054E
:1061D000BBE4F012E35C700479018002790002E014
:1061E0005F74F5120BD9E9FE8A088B0912E35C6033
:1061F0000D9005BCE0F89005BBE0C398400579011F
:1062000002E2B412E2C98A82F583EEF09005BB1275
:10621000E2D1F8A3E039F9E8FAE9FB8A828B83A39B
:10622000E508F0A3E50912E97AA3ECF0A3EDF07418
:106230000B1214F512DFEF12ECFF740D1214F512AD
:10624000ECFA740F1214F512E2DF601B750A007885
:10625000081211D07C047D00EA240DFA50010B12C3
:106260001B3274031211B19005BB12E2C9FB741109
:106270001214F512E2C312ECFD74131214F512F4A9
:106280009912E2B912ED0474151214F512E2DF60EE
:106290001B750A0078081211D07C047D00EA2411D5
:1062A000FA50010B121B3274031211B19005BBE0BE
:1062B00004F079007F03020F26EA240BF582E43B09
:1062C000F5832212DFF3A3A32212E2D1FAA3E0396D
:1062D00022E075F015A4F8A9F09005B9E028221283
:1062E000F2B7E508450922C082C08312E35C60145E
:1062F0009005B912E307121BEC9005BBE4F0900582
:10630000B9F0A3F002E1AB12E30B22E0FAA3E0FB49
:106310002274F7120BD9890812E35C603A79008085
:1063200001099005BBE0F8E9C398502BE975F01519
:10633000A4FEAFF012E429650870E6A3E06A7003DA
:10634000A3E06B70DC8E828F83A3A3A3E06C700349
:10635000A3E06D70CC800279FF02E05F9005B91276
:10636000F49DE8492274F1120BD9890E8C828D8339
:1063700074FFF0A3F0740F1214F512E97274FFF0B9
:10638000A3F0750A009005B912E94C700302E41EEF
:10639000750B008077E50B75F015A4FE85F008AF4E
:1063A0000812E429650E7062A3E06A7003A3E06B33
:1063B0007058050A8E828F83A3A3A3A3A3E0F50CD4
:1063C000A3E0F50D8C828D8312F2B3C3E50C950822
:1063D000E50D9509500B8C828D83E50CF0A3E50D3E
:1063E000F08E828F83A3A3A3A3A3A3A312F2B388E7
:1063F00082898312E61DC3E5089EE5099F500B883C
:10640000828983E508F0A3E509F0050B9005BBE060
:10641000FEE50BC39E500302E395E50A7004790183
:10642000800279007F07020F269005B9E02EFEA3B7
:10643000E03FFF8E828F83E02274EC120BD974F65A
:1064400012126474021214F574FFF0A3F085218215
:10645000852283F0A3F075130012E35C70057901C7
:1064600002E60E750E0002E545A821A922880C89D6
:106470000D780C1211D47404121244EEFAEFFBA939
:106480000812153E74021211B1E9600302E543E4FB
:10649000F50CF50D780C1211D474021214F5120FCC
:1064A000AF74061214F512E629122C667404121148
:1064B000B1E9600302E6097A0A7B00121BE68A0C46
:1064C0008B0DEA450D700302E609122B6A12E633C2
:1064D0001211D07C047D00E50C2406FAE4350DFB96
:1064E000121B3274031211B17404121234880A8917
:1064F0000B780A1211D412E62312158074021211BD
:10650000B1E96401702074081214F512F2D012116E
:10651000D07C047D00E50C2402FAE4350DFB121B4F
:106520003274031211B1AC0CAD0D9005B512E61327
:10653000743028FA740539FB122096E9640170035F
:1065400002E609050E9005BBE0F8E50EC39840038E
:1065500002E60CE50E75F015A4F50AE5F0F50B1250
:10656000E656E0F50812E61CEEFAEFFBA908122049
:1065700030E9F50F74FF650F700302E4697A0A7B56
:1065800000121BE68A0C8B0DEA450D607C122B6A0B
:1065900012E6331211D07C047D00E50C2406FAE4E7
:1065A000350DFB121B3274031211B1740412123434
:1065B000880A890B780A1211D412E6231215807406
:1065C000021211B1E96401702074081214F512F27C
:1065D000D01211D07C047D00E50C2402FAE4350DC4
:1065E000FB121B3274031211B1AC0CAD0DE50F752B
:1065F000F00DA4F8A9F0743D28FA740539FB1220B7
:1066000096E96401600302E543751302A913740A55
:1066100002EF36E075F00DA4F8A9F022A3E0FEA386
:10662000E0FF22850C82850D8312ECC9EEFAEFFBA8
:10663000A9082212E656A3A3A312E30B850C8285B8
:106640000D83EAF0A3EBF0E8240DF510E439F51121
:106650007512007810229005B9E0250AF8A3E035FC
:106660000BF9888289832274F6120BD91215509087
:1066700005B9120FAF12E705121C5E74021211B1B8
:10668000E9F8740A68607B740968606E1215327AE2
:10669000567B00121C64EAF8EBF97A157B001208AD
:1066A000E5E8FEF9121526E9640160569005B91275
:1066B0000FAFEE75F015A4F508E5F0F509780812AE
:1066C00011D47C007D007A567B00121C7074041279
:1066D00011B1EE9005BBF080218A828B8312F49772
:1066E0009005BE12F0C8FEA3E0FF121BEC9005BDA2
:1066F000E014F0EEFAEFFB121BEC9005BE12E1A4E1
:1067000070D702DFC89005BBE075F015A4FCADF0B2
:106710007A567B002274EA120BD974EF12126412BB
:10672000E35C600312153275080090050180618EEC
:10673000828F83A3A312E968121D72EA4B604D8A0F
:10674000828B83A3A3A3A3A3A3A3E0F9603E750A4E
:1067500000E50AF50C750D007403780C12136F8AAE
:10676000828B83A3A3A3A3A3A3A3A3E0250CF8A3D5
:10677000E0350D8882F583A3A3A3A3A3E493A2E24B
:1067800050020508050AE50AC39940C58E828F8329
:1067900012E94C709AA908121526E9F9600302E97A
:1067A0004290050180048E828F8312E94C700302AF
:1067B000E940EE240212ECA712E968121D728A0A5F
:1067C0008B0BA80AA90BE84960DCE82407F50EE466
:1067D00039F50F850E82F583E060CB750A00E82459
:1067E00008F50CE439F50D807D12E972A3A3A3A38B
:1067F000A3E0F512A3E0F51388828983A3A3A3A3E2
:10680000A3A3A3E0F514A3E0F515850C82850D8301
:1068100012F2A2FBE82409F510E439F51178101200
:1068200011D478141211D478121211D478101211D4
:10683000D478141211D478121211D48A828B83A3C3
:10684000A3E493FC740193FD8A828B83E493FA742E
:106850000193FB85088285098312E96812152C745F
:106860000C1211B1050A850E82850F8312ECDE40F1
:106870000302E7A6E50AF5127513007403781212F5
:10688000136F85121085131112E9548A828B83A32A
:10689000A3A3A3A3E493A2E250CA12F47AE0C0E057
:1068A00074041214F5D0E012DEBE12F29A740512CE
:1068B00014F5E8F0A3E912E97A12F29A74071214B7
:1068C000F512ED0474041214F5740D120FB37ABDB1
:1068D0007B05121520740D1211B18A828B83E5821B
:1068E0004583600302E7E990831BAC21AD22740469
:1068F0001210FA12E954A821A922881089117810DF
:106900001211D47510FF7511FF78101211D4751083
:106910000A75110078101211D474061212348810FE
:10692000891178101211D47510FF7511FF781012AB
:1069300011D475100A75110078101211D402E83BB9
:10694000790074111211B17F0E020F26E0FEA3E050
:10695000FFEE4F22850C82850D83E02510F8A3E021
:106960003511F9E8FAE9FB2212E96C2212F484E00D
:10697000F92212F49D8882898322F08A828B83A374
:10698000A32274F6120BD99005BBE0600812E35CF9
:1069900070031215329005B9120FAF12E705121CE1
:1069A0005E74021211B1E9F8740A6860057409682E
:1069B00070047901804E7A567B00121C64EAF8EB71
:1069C000F97A157B001208E5E8FEF9121526E9644C
:1069D0000170047902802D9005B9120FAFEE75F0A9
:1069E00015A4F508E5F0F50978081211D47C007DAE
:1069F000007A567B00121C7074041211B1EE9005DF
:106A0000BBF0790002DFC874E4120BD974EE1212E5
:106A100064890B7E007F0074FF650B70109005B5D4
:106A2000E0F89005B8E0C3985013E08001E975F0F4
:106A30000DA4F8A9F0743328FE740539FF8E828FF7
:106A400083A3A3A3A3A3A3E0F47003A3E0F47003C0
:106A500002EC91EE240A12ECA7E0700302EC9174B0
:106A60000E1214F5E4F074061214F512F2D9A3858F
:106A70008216858317E0C0E0740F1214F5D0E0F0A1
:106A800090171012F49974101214F512ED04850881
:106A900082850983E075F005A4A9F02401FAE439A0
:106AA000FB121BE68A0C8B0D850882850983E0F5B5
:106AB0000E750F007402780E12136FAA0EAB0F1230
:106AC0001BE68A0E8B0F8A148B15E50C450D70039F
:106AD00002EC84EA4515700302EC7D850882850985
:106AE00083E0850C82850D83F0750A00EE2402F5A3
:106AF00018E43FF51902EBD612E61C7800EE4F7051
:106B00000302EBD4E8C3950A50088E828F83A31248
:106B1000E61C08EAC39850E5EE4F700302EBD48EF2
:106B2000828F8312F499E8FAE9FB8A828B8312F24E
:106B3000BF12ED04A821A922881A891B781A121104
:106B4000D412ECC185188285198312ECEE121580DF
:106B500074021211B1E96401707A74021214F5E042
:106B6000851282851383F0851082851183E50EF0EE
:106B7000A3E50FF074041214F512ECCF1211D07CBF
:106B8000047D00AA0EAB0F121B3274031211B18ADE
:106B90000E8B0F74021214F5E0F9121DA2E9603495
:106BA0007C047D00790012ECB3121B3E74021214B7
:106BB000F5E0F9121DA8E9F974041214F512EC9627
:106BC00078101211D0E9FC7D0012ECB3121B327464
:106BD000031211B1050A85088285098312ECDE5083
:106BE0005EAA0AEA75F005A4F8A9F0E50C28F8E514
:106BF0000D39F988828983A3AC82AD8374FFF0A339
:106C0000F0E82403F512E439F513851282F5837454
:106C1000FFF0E82404F510E439F511851082F583BE
:106C2000E4F0A312EC9E24FFF8E434FFF9C3E89AE1
:106C3000E99400A2D265D033400302EAF8809512AD
:106C40002B76E9F50878081211D875080078081233
:106C500011D875080178081211D8780C1211D48552
:106C6000188285198312ECC5740B12123C851682AA
:106C7000851783E0F9121D5474051211B1AA0CABEB
:106C80000D121BECE51445156007AA14AB15121B79
:106C9000EC741202DD75E0F510A3E0F51122F08529
:106CA0000882850983E022F508E43FF5098508821A
:106CB000F583228E828F83E02402FAA3E03400FB66
:106CC000228A828B8312ECC922E0FCA3E0FD22120F
:106CD000EC96751200781022851082851183E0F8F9
:106CE000E50AC3982212ECC9851A82851B8312E338
:106CF0000B851682851783E0F92212DFF3A3A3A385
:106D0000A3A3A3A3E8F0A3E9F02274EC120BD9E942
:106D1000FF7E0074141214F512E972EF24E060355E
:106D200014605414606F14700302EDB724FB7003F9
:106D300002EDF914700302EE2F14700302EE5614E4
:106D4000700302EE5624F2700302EE9814700302F0
:106D5000EEC802EF0C12EF10AA09A808E8C39509C3
:106D60004005E8C39A8003EAC398F895E0F9C3E8C0
:106D70009CE9940002EE4F12EF234008E8C39AF812
:106D8000E99B8006EAC398F8EB99F9C3E89508E90E
:106D9000950902EE9478081214828A828B83780C0B
:106DA0001214828C828D83781012148278107908E4
:106DB0001214354033802078081214828A828B8323
:106DC000780C1214828C828D8378101214827810C1
:106DD000790812143540117808791012130C780CC8
:106DE000790812143502EE947810790812130C7891
:106DF0000C791012143502EE9412EF103395E0FD69
:106E0000E509FA3395E0FBE508F83395E0F9E8C3C6
:106E10009509A2D265D0334008E8C39AF8E99B806F
:106E200006EAC398F8EB99F9C3E89CE99D80201223
:106E3000EF23A2D265D0334008E8C39AF8E99B80DB
:106E400006EAC398F8EB99F9C3E89508E99509A211
:106E5000D265D033803E78081214828A828B837880
:106E60000C1214828C828D8378101214827810791F
:106E70000812129040107808791012130C780C79CF
:106E800008121290800E7810790812130C780C7981
:106E9000101212904076807278081214828A828BC7
:106EA00083780C1214828C828D837810121482786D
:106EB000087910120DF94030781079081202127812
:106EC00010790C120DF9802E78081214828A828BA8
:106ED00083780C1214828C828D837810121482783D
:106EE000087910120DF950127808791012021278F0
:106EF00008790C120DF950148010781079081202DC
:106F0000127810790C120DF950027E01EEF98029E9
:106F1000E0F5088A828B83E0F88C828D83E0F509A6
:106F2000E8FC2212DFF312F2B78C828D8312E30B9E
:106F3000C3E89AE99B221211B17F0C020F2674F06C
:106F4000120BD99005B612EF6E780C1214827808E5
:106F5000790C120A7278081211CC7A807B009005A5
:106F600004E0F9121CA074041211B102DE2712F21F
:106F7000B7E4F50AF50B9083A72274F3120BD97AC4
:106F8000807B00900504E0F9121CAC9005B5E0F59B
:106F90000BF5087509007402780812136FAA08AB84
:106FA00009121BE68A088B09AE08AF09EE4F700381
:106FB00002F0BB750A00803FAA0A8A0875090074AE
:106FC00002780812136FEE2508F8EF3509F9EA7513
:106FD000F00DA4FAABF074332AFA74053BFB8A82F5
:106FE0008B83A3E088828983A312E97A12DEB1E061
:106FF00088828983F0050AE50AC3950B40BA90059B
:10700000B5E06051F50C750A00803E8A828B8312D0
:10701000F49790053E12F0C8F508A3E0F509121B9D
:10702000EC90053DE014F0AA08AB09121BEC9005AA
:107030003E12E1A470D59005B5E014FA7900122B48
:10704000529005B5E014F0050AE50AC3950C500509
:10705000E070DB80F2121544750A008050E50AF5F5
:10706000087509007402780812136FEE2508F8EF0E
:107070003509F9880889098882F583A3A312F0C02D
:10708000A3E0F9122030E9F874FF68601E850882D9
:10709000850983E0C0E0E875F00DA4F8A9F0743329
:1070A00028F582740539F583D0E0F0050AE50AC3B6
:1070B000950B40A9EEFAEFFB121BEC7F05020F26A1
:1070C00012E30B8882898322E8F0A3E9F08A828B9D
:1070D00083E022C082C0837A807B00900504E0F9BF
:1070E000121CAC02E1ABC082C083900505E0FCA39A
:1070F000E08003EAFCEBFD8C828D83A3A312E307FF
:107100008A828B83E06960148C828D8312E307127C
:10711000ECC1EC4D70DD7A007B008004AA82AB8369
:1071200002E1AB74EA120BD974FE121264890CEA04
:10713000FEEBFF8C0A8D0B7C047D0079007A2F7B9F
:1071400005121B3E90050112F2AB8009850882856D
:10715000098312F2B3E5084509700302F29185082C
:107160008285098312F2C770E3121D728A0E8B0F9B
:10717000A80EA90FE84960D488828983A3A3A3A39A
:10718000A3A3A3E0F51260C4E82408500109FCE9B8
:10719000FD8C828D8312E1A460B2750D0080020522
:1071A0000DE50DC3951250A4E50DF50E750F007495
:1071B00003780E12136F850E10850F11EA2510F853
:1071C000EB3511F9880E890F888212F298EE6870FB
:1071D00002EF6970CAA3A3E493C0E0740193F5833E
:1071E000D082858214858315E50A65147004E50B49
:1071F000651570AB74181214F512F2AB8882F58322
:10720000E514F0A3E515F0E82402F8E43509F98562
:107210000E82850F83A3A3A3A3E49388828983F0BE
:107220008C828D8312F2A28A82F583A3A3A3A3A3E7
:10723000E493850882850983A3A312F2E5E0F9129D
:107240001DA8E9852182852283F0A3E4F0A821A965
:1072500022880A890B780A1211D4750A2F750B053A
:10726000780A1211D485088285098312ECC5EEFADA
:10727000EFFBA90C121DBA74041211B185088285A6
:107280000983A3A3A3A3742FF0A37405F07901804D
:10729000027900740202E944F583E493F8740193DF
:1072A000F922E02510FAA3E035112212F49D880896
:1072B00089092212F2B722E0F508A3E0F5092212AB
:1072C000F49D8C828D8322A3A312E96CE50C6922C4
:1072D00012F2B7750A00780822E4F0A3F08E828FCC
:1072E0008322A3E4F0A3F0888289832274EC120B3A
:1072F000D974F0121264890B8A0C8B0D8C0E8D0FD1
:10730000122030E9F50A74FF650A700302F398E968
:1073100075F00DA4F8A9F0743328FE740539FF8EBA
:10732000828F83E0A2E0400302F444A3A3A3A3A3BB
:10733000A3E0F47003A3E0F4700302F444740612B3
:1073400014F5E50EF0A3E50FF012F4708002A3A38C
:1073500012E2DF604312F47A12F49974061214F503
:10736000E0687003A3E06985088285098370DF12F5
:10737000E35F6024A821A9228810891178101211D6
:10738000D4AC0EAD0FAA0CAB0DA90B121580740274
:107390001211B1E9640160077902741002EF367AC4
:1073A000807B00900504E0F9121CB28B118C128DC9
:1073B00013750C00750D00C200EA45114512451306
:1073C00060149005B6120FAF122C1874021211B18E
:1073D0008A0C8B0DD2008E828F83A3A3A3A312E30A
:1073E0005F601C8E828F83A3A3A3A3A3A3A3A3E0A8
:1073F000250CFAA3E0350DFBC3E89AE99B504574D0
:10740000021214F5E0F9121DA2E9603D850882859B
:10741000098312E307EA2402F508E43BF50978083A
:107420001211D474061214F512ECC5EA2406FA50AF
:10743000010B74041214F5E0F912156274021211B2
:10744000B1E97005790002F39A121574A90A1215B0
:107450005CA20050097900AA0CAB0D12151A7DFF31
:107460007CFF7A007B00A90A122B04122C2480D402
:10747000EE240BF582E43FF583228508828509839B
:1074800012F48422E0F8A3E0F583888222888289BE
:1074900083A3A3A3A3A3A3A3A312F49D22E0F8A311
:1074A000E0F922C082C0839005DD7470F0A374B14E
:1074B000F0A3E0541FF09005E1741DF0A37442F0B6
:1074C000A37470F0A374B2F09005E7E0541FF0903D
:1074D00005E9741EF0A37412F08040C082C08312CC
:1074E000F52200E5D6A2E150F9E5B354F84406F5DB
:1074F000B343B301E5B3A2E350FA801FC082C08357
:1075000012F52200E5D6A2E150F9E5B354F844049F
:10751000F5B343B301E5B3A2E350FAD083D08202BE
:10752000117EEB9005DBF0EAA3F09005E07410F01B
:107530009005DFE054E0F075D1FD75D6022274F7B6
:10754000120BD974091214F512F9589005DBF0E802
:10755000A3F0740B1214F512F958F9E89005E0F055
:10756000E9F89005DFE054E048F0EB9005E5F0EA3B
:10757000A3F0EC9005E8F0EDFC9005E7E054E04C5A
:10758000F075D1FD75D60200E5D6A2E150F975D1AE
:10759000FB75D60400E5D6A2E250F97F01020F2662
:1075A000C082C08312286402F51BC082C08353B31B
:1075B0008F43B34012287002F51B74F4120BD98C60
:1075C000088D09750A10750B00780A1211D4780815
:1075D0001211D412F5E71211B112FB91E5D1A2E21A
:1075E00050FA7F04020F267C107D00AA08AB091216
:1075F000287674042274F0120BD974E912126474A0
:10760000041214F5E9F074051214F5ECF0A3EDF092
:1076100074041214F5E0700302F93C74311214F58D
:10762000E014C0E074071214F5D0E0F0742B1214CB
:10763000F5E0F50EA3E0F50FE50E450F60097407C0
:107640001214F5E0D2E6F074041214F5E024FE33CF
:107650003354FCF874071214F5E04812FD9D121122
:10766000D07C0D7D00740B1214F512FD931211B134
:1076700074271214F5A3E0C0E074151214F5D0E0DD
:10768000F074271214F5E0C0E074161214F5D0E07F
:10769000F07C107D007900742F1214F512F95D75DD
:1076A0000C20750D00C3E50E940FE50F9400401DEE
:1076B000E50E24F2F8E50F34FFF9E854F02420F544
:1076C0000CE439F50DE8540F600312F94C742712DD
:1076D00014F5E054F0F8A3E0F9E50C28F50CE50DFD
:1076E00039F50D74271214F5E0540F600312F94CAC
:1076F000AA0CAB0D121BE674021214F5EAF0A3EB10
:10770000F074021214F512F958F9E849700579106D
:1077100002F93E7407121234880889097808121198
:10772000D07C107D0074051214F512FBB31211B158
:1077300074021214F512F958C82410F582E438F5D1
:1077400083E50FF074021214F512F958C82411F5EC
:1077500082E438F583E50EF074021214F5E0241289
:1077600012F9BE401174291214F512FBA91211D09E
:107770007C0E7D00801E7C0E7D0079008521828537
:10778000228312F95D74291214F512FBA91211D08B
:10779000AC0EAD0F74031214F512FBB31211B185C8
:1077A0002182852283E0240E12F9BE500302F834B0
:1077B000E50E24F2F50EE50F34FFF50F850E08F502
:1077C0000974047808121455AE08AF09E50E12F9D1
:1077D0004312136F85080E74291214F5E0240EF578
:1077E00008A3E03400F50978081211D0AC0EAD0FF3
:1077F00074031214F512FBB31211B112F9A1603423
:1078000012F96A12136F74291214F5E02508F8A30F
:10781000E03509F9E8240EF508E439F5097808128D
:1078200011D0AC0B7D0074031214F512FBB31211CE
:10783000B112F98274271214F512FB9874047808B7
:10784000121455AE08AF0974271214F5E012F9436B
:1078500012136F85080E85090F74051214F512FBBB
:10786000A91211D0AC0EAD0F74031214F512FBB3B4
:107870001211B112F9A1602D12F96A12136F740579
:107880001214F5E02508F508A3E03509F509780894
:107890001211D0AC0B7D0074031214F512FBB3125D
:1078A00011B112F982852182852283C082C083743E
:1078B000021214F512F958F9D083D082E0C398F877
:1078C000A3E099F9E8650C7003E9650D60031217F0
:1078D0005453B38F43B350742F1214F512FBBC12E0
:1078E000286A780C1211D474041214F5120FAF7CAC
:1078F000107D0074331214F512FBA01211B153B3B2
:10790000F87404780C121455E50C24FFFEE50D34D0
:10791000FFFF12FB82600B43B301E5B3A2E340F229
:1079200080F853B38F85B3B343B301E5D1A2E250DE
:10793000FA74021214F512FBBC121BEC79007417D6
:1079400002F9CD540FF50B7404780822E50C2410CD
:10795000F50CE4350DF50D22E0F8A3E02212F961F3
:1079600022E0FAA3E0FB121B3E227C107D0079008E
:1079700085218285228312F9618E088F097404782B
:107980000822852182852283E0241012F98F22F8B3
:10799000A3E03400F9852182852283E8F0A3E9F091
:1079A00022852182852283E0250EF8A3E0350FF998
:1079B000852182852283E8F0A3E9F0E50B2212F904
:1079C0008FC3E50E940FE50F94002274021211B1DB
:1079D0007F08020F2674F0120BD974DD121264E9CD
:1079E000852182852283F074011214F5ECF0A3ED59
:1079F000F0EAFEEBFF750E00750F0074371214F5F8
:107A000012FB98750A0078081211D074031214F54D
:107A1000E0FC7D00741612123C12FD971211B17435
:107A2000391214F5E014C0E074031214F5D0E0F03C
:107A30008E088F0978081211D07C0D7D0074071212
:107A400014F512FD931211B174121214F5E4F074CE
:107A5000111214F5E4F074331214F5E0F50CA3E000
:107A6000F50D850C08F50974047808121455AE0854
:107A7000AF09E50C540FF50B60050EEE70010FE534
:107A80000C450D60508E088F097404780812136F2E
:107A9000AA08AB09121BE68A0E8B0FEA4B70057918
:107AA0001002FB7D74011214F512FBA91211D0AC67
:107AB0000CAD0D12FD971211B1E50B6018F87410A2
:107AC000C398FC95E0FD7900E50E250CFAE50F352D
:107AD0000DFB121B3E53B38F43B320740312123CB1
:107AE00012FD871211D4741512123488088909788E
:107AF000081211D47C107D00743B1214F512FBA007
:107B00001211B112FB91E5D1A2E250FAEE4F60449E
:107B100053B38F43B33074121214F57401F074032D
:107B200012123C12FD7B12136FAC08AD09780812DB
:107B300011D4780E1211D4AA0EAB0F12F5EF121158
:107B4000B153B3F812FB82600B43B301E5B3A2E378
:107B500040F280F8E50E450F6021850E08850F097B
:107B600078081211D0AC0CAD0D74041214F512FB90
:107B7000B31211B1AA0EAB0F121BEC7900742302E1
:107B8000F9CDEEF8EFF9E824FF1EE934FFFFE849EC
:107B90002253B3F843B30122E0F508A3E0F509222C
:107BA00012FBBC122876740422E0F508A3E0F50964
:107BB00078082212FBBC121B32740322E0FAA3E005
:107BC000FB2274F1120BD974DE12126485218285B6
:107BD0002283ECF0A3EDF0890E74371214F5E01453
:107BE000C0E074021214F5D0E012FD9D1211D07C99
:107BF0000D7D0074061214F512FD931211B174116B
:107C00001214F5E4F074101214F5E4F07431121447
:107C1000F5E0C3950EF50BC4540FFE7F00740F55AD
:107C20000B60050EEE70010F7C107D007900741260
:107C300012123C121B3EA80B852182852283E0286C
:107C4000F508A3E03400F50978081211D0AC0E7DD8
:107C500000741512123C12FD971211B153B38F43E9
:107C6000B320740212123C12FD871211D474141244
:107C700012348808890978081211D47C107D0074A8
:107C8000391214F512FBA01211B112FB91E5D1A229
:107C9000E250FA8E088F097404780812136FAA084C
:107CA000AB09121BE68A0C8B0DEA4B7005791002AA
:107CB000FD718E088F097404780812136FAC08AD3B
:107CC00009F9121B3E85218285228312FBA912111C
:107CD000D0AC0B7D00AA0CAB0D12FD971211B1EECA
:107CE000604853B38F43B33074111214F57401F02C
:107CF0000412123C12FD7B12136FAC08AD09780818
:107D00001211D4780C1211D4AA0CAB0D12F5EF128B
:107D100011B1E5B354F84402F5B312FB82600B4392
:107D2000B301E5B3A2E340F280F8850C08850D09A4
:107D300078081211D0AC0B7D0074031214F512FBFD
:107D4000B31211B1AA0CAB0D121BEC74351214F561
:107D500012FBA91211D0AC0E7D00A80B74031214F3
:107D6000F5E028FAA3E03400FB12FD971211B17977
:107D70000074221211B17F07020F2612286A8E08A2
:107D80008F09740478082212286A75081075090092
:107D9000780822AA82AB83121B32740322F08A086D
:107DA0008B09750A0078082274F2120BD9E9FF8C4E
:107DB0000C8D0D7005790002FE3A740E1214F5E078
:107DC000C39FFE74161214F512FB9874181214F562
:107DD000E0F50A780A1211D878081211D474171233
:107DE00014F5120FAF74171214F5120FAF741712A7
:107DF00014F5120FAFEEF50A750B00780A1211D4C4
:107E000012288E740B1211B1E9F8702E78008001DF
:107E100008E8C39F5024EEFD74012DFEE8FAE50842
:107E20002AF582E43509F583E0FCE50C2DF582E4C2
:107E3000350DF583E06C60D879017F06020F26745A
:107E4000F0120BD974FE12126412FFA61214F5E0A0
:107E5000FEA3E0FF741A1214F512FF891214F51232
:107E6000FF931211D8780C1211D4850E0A850F0BCE
:107E7000780A1211D4741D1214F5120FAF741D126A
:107E800014F5120FAF8E0A8F0B780A1211D4741DDD
:107E90001214F512FF83740B1214F512FFA01228AE
:107EA0008E740B1211B1E9F97034E509F50A780AFC
:107EB0001211D8780C1211D4780E1211D48E0A78BF
:107EC0000A1211D474191214F512FF8374071214D4
:107ED000F512FFA012289474071211B1E9F902F902
:107EE000CB74F0120BD974FE12126412FFA6121496
:107EF000F5E0FEA3E0FF741A1214F512FF891214C4
:107F0000F512FF931211D8780C1211D4850E0A8540
:107F10000F0B780A1211D48E0A8F0B780A1211D423
:107F200074191214F512FF8374071214F512FFA0CE
:107F300012289A74071211B1E9F97044E509F50A9B
:107F4000780A1211D8780C1211D4780E1211D47448
:107F50001D1214F5120FAF741D1214F5120FAF8E0F
:107F60000A780A1211D4741D1214F512FF83740BCF
:107F70001214F512FFA01228A0740B1211B1E9F926
:107F800002F9CBE0FCA3E0FD22E0F50EA3E0F50F43
:107F9000741C22E0F50CA3E0F50DEBF50A780A223B
:107FA00012FBBCA90822852182852283ECF0A3ED77
:107FB000F08A088B09741422C082C083121904123B
:107FC0001982121A661219FA121AA212186880255A
:107FD000C082C083A2AF5003121754901897E0706C
:107FE00006121A0612198812186E121A9C9007604F
:0F7FF0007401F08000D083D08202117E02117ED6
:1080000074F7120BD974F3121264852182852283CE
:108010007402F0141214F51284EC1214F5AA82AB57
:108020008312229474161214F51280491222D0E998
:108030006401700A740B1214F51281398008740BF4
:108040001214F512805402881E1281A0FEE9FFAAC4
:1080500021AB22221288128E828F83E8F0A3E9F0EE
:1080600079C82274F7120BD974F3121264ECFEED86
:10807000FF8521828522837402F0EAFCEBFD740304
:108080001214F5AA82AB83122294AA21AB221222E7
:10809000C4E96401700A740B1214F5128139800866
:1080A000740B1214F512805402881E74F7120BD947
:1080B00074F1121264AC21AD221220E4E9FE7028A2
:1080C00074021214F57402F0852182852283128FC6
:1080D00024740D1214F512854C740212123C1222F3
:1080E000B2E9640160027E01EEF9740F0288207427
:1080F000F7120BD9E9FE90162D12880D70327A0F07
:108100007B00121BE690162DEAF0A3EB128197601C
:10811000257800790012823E74FEF0A30412850ACD
:10812000A3A3E4F0A3F008E870010912818D40E5F3
:10813000EE7003122162028823E0F8A3E0F98E8238
:108140008F83E8F0A3E9F079002274F7120BD98C41
:10815000828D831281946030780079001282A3FEB0
:10816000A3E03FFF8E828F83E06A7003A3E06B7011
:108170000DEEF8EFF98C828D83128142800C08E8B5
:1081800070010912818D40D479C8028823C39403F9
:10819000E9940022E4F0A3F090162D1281A0492268
:1081A000E0F8A3E0F9E82274F7120BD974FE12127A
:1081B00064ECFEEDFF8E828F83E4F0A3F07508C8B7
:1081C000AC21AD221220E4E97013EEFCEFFD852115
:1081D000828522831285041220F6E9F508A9080297
:1081E00084DF74F7120BD974FE121264ECFEEDFFFB
:1081F000AC21AD221220E4E9703F90162D12880DBB
:1082000060377800790012823E1284AE8521828523
:108210002283E06C7003A3E06D70148E828F831252
:108220008818740B1214F5128A5D128142800C08B2
:10823000E870010912818D40CD79C80284DF128275
:10824000468A828B8322E8FAE9FBEA75F005A4FAF4
:10825000ACF075F005EBA42CFB90162DE02AFAA3E8
:10826000E03BFB2274F7120BD990162D12880D609B
:108270002D780079001282A3F508A3E03F850882DB
:10828000F583E06A7003A3E06B70098C828D831222
:108290008142800C08E870010912818D40D779C8AD
:1082A000028823E8FEE9FFEE75F005A4FE85F008DC
:1082B00075F005EFA42508FF90162DE02E2274F02E
:1082C000120BD974FC121264EAFEEBFF7402121254
:1082D000448E828F83128504122108E9F50A7A18E8
:1082E0007B00121BE68A0C8B0DEA450D60417C1861
:1082F0007D007900121B3E1284B4780C1211D475E3
:108300000E18750F00780E1211D47C007D008508C0
:10831000828983128504121C6A74041211B18508C3
:1083200082850983E4F0A3F0AA0CAB0D121BEC8E3E
:10833000828F8374FEF0A304128543A3A3A3A3E456
:10834000F0E50A600302843274021214F512850407
:10835000EAFEEBFFEE75F005A4FEA8F075F005EF60
:10836000A428FF90162D12880D603E90162DE02E49
:10837000F508A3E03FF50978081211D475080575D2
:10838000090078081211D4EA75F005A4FAA8F0756E
:10839000F005EBA428FBEA2402FCE43BFD7A4C7BCD
:1083A00000121C6A74041211B1A821A9228808893C
:1083B0000978081211D4750802750900780812119D
:1083C000D47C007D007A4C7B00121C707404121166
:1083D000B1E9705E90162DE02EF8A3E03F8882F59B
:1083E00083E064FE7003A3E0F4852182852283701C
:1083F0001512880D6014852182852283E024FFF008
:10840000A3E034FF8003128C40F0A821A922880841
:10841000890978081211D4750802750900780812C4
:1084200011D47C007D007A4C7B00121C6A7404120B
:1084300011B174041211B17F08020F2674F7120BE8
:10844000D98A828B83128194605F7C007D00ECF876
:10845000EDF9E875F005A4F8AEF075F005E9A42E85
:10846000F990162DE028FEA3E039FF8E828F83E07D
:1084700064FE7003A3E0F47023EEFCEFFD8A828BB0
:1084800083ECF0A3EDF090162DE028FAA3E0398AF2
:1084900082F583A3A3A3A3E4F0F9800F0CEC700191
:1084A0000DC39403ED940040A579C8028823E0FC35
:1084B000A3E0FD221284E4880889092274F7120BD4
:1084C000D974FE121264AC21AD221220FCE9FE70B8
:1084D0000C85218285228312850412210EEEF97407
:1084E00002028820EE2402F8E43FF9221288187470
:1084F00003221284F622E0F8A3E0F5838882221298
:1085000084F6A3A3E0FAA3E0FB22F08A828B832205
:10851000D083D08202117EC082C08390158CE0642B
:1085200005700C7A807B00901589E0F9121B92800F
:10853000DF74F7120BD91220F01225C41225940211
:108540008823E4F08E828F8322128A61E8F0A3E907
:10855000F02274F6120BD974F1121264EAFEEBFFEA
:1085600074021214F5E4F0EEFCEFFD74051214F53C
:10857000AA82AB83121CD612259AE9702A740212C1
:10858000123C1222C4E96401601DA821A9228808B6
:10859000890978081211D4EEFCEFFD7A007B0012F5
:1085A00020DE74021211B1740F02883F74F2120BB4
:1085B000D974D8121264EAFEEBFFEE2416F50AE431
:1085C0003FF50BAA0AFB1221A4901997E064016001
:1085D00005E064027020780A1211D4750808750944
:1085E0000078081211D47C087D007A117B01121CDE
:1085F0006A74041211B1AA0AAB0B12212C8E828F5D
:1086000083A3A3A3A3E0F8EE2406F508E43FF5094D
:10861000740168600574066870727800E8FAEE2AE2
:10862000F582E43FF583A3A3A3A3A3A3E070070807
:10863000E8C3941040E6741068703190172CE07015
:108640004574181212447A627B00122186790074F4
:108650001812123C1225E279001225E87C107D00E8
:108660007900741812123C121B3E801A1287F6F918
:10867000AA08AB091225E290172CE070098E828FB0
:1086800083E0F91225E81221200287EC7404686067
:108690000302876A7405121234880C890D780C1253
:1086A00011D47402121244AA0AAB0B12258274026E
:1086B0001211B18A0A8B0BAE0AAF0B85218285227B
:1086C00083E070030287EC74151214F5E0700C74EB
:1086D000171214F5AA82AB8312257C74151214F5B7
:1086E0007401F074161214F5E4F074091214F51202
:1086F00095061214F512909B74171214F5E4F07499
:1087000005121234880A890B780A1211D4750A13DB
:10871000750B00780A1211D47C007D00EEFAEFFB95
:10872000121C6A74041211B178081211D47C107DE5
:10873000007A027B01121C5E74021211B1E97020F2
:1087400078081211D475081075090078081211D430
:108750007C007D007A027B01121C6A74041211B144
:108760007A037901122BB80287EC740368707D7468
:1087700003121244AA0AAB0B1220E4E9602B740323
:10878000121234880C890D780C1211D4AC0AAD0B7E
:108790007AFE7BFF1220DE74021211B17D007C0094
:1087A0007900AA0AAB0B12208474011212447403DC
:1087B0001214F51285041220F674011214F51288B1
:1087C0000D701B740112123C122114E97010740315
:1087D0001214F5128F2474011214F5128549AC0895
:1087E000AD09AA0AAB0B12214412215C74281211A4
:1087F000B17F06020F26EE2405F8E43FF9E8FEE912
:10880000FF8E828F83E0228521828522831281A0C0
:108810004922E0F8A3E0F922EAF0A3EBF022740D7C
:108820001211B17F01020F26C082C0838A828B831E
:10883000A3A3A3A3E0F91225E8121FC40285101216
:1088400011B17F02020F2674ED120BD974F01212CF
:10885000648A088B09890AECFEEDFFEE4F70030273
:10886000892DEA4509700302892DA821A922880CC7
:10887000890D780C1211D4750C10750D00780C123E
:1088800011D47C007D007A017B01121C70740412EB
:1088900011B1E50AF50C852182852283E582250C3C
:1088A000F510E43583F51175120078101211D074AB
:1088B00010C3950CFC95E0FDEEFAEFFB121B327431
:1088C000031211B1A821A922881089117810121160
:1088D000D0AC0A7D00C3E4950CF895E0F9EE28F8D9
:1088E000EF39F9E82410FAE439FB121B3274031251
:1088F00011B17C00ECFAE5082AF8E43509F9EE2A12
:10890000FAE43FFB88828983E0FD8A828B83E06DF5
:10891000F088828983E0F88A828B83A3A3A3A3A330
:10892000A3A3A3E068F00CECC3940840C774101232
:1089300011B17F0B020F2674F2120BD974FC1212C4
:1089400064ECFEEDFF74021212348808890978087D
:108950001211D4740212124412210274021211B1C3
:10896000E9F50B6003028A5674021214F5E0240143
:10897000F8A3E03402F9852182852283128A5DA35F
:10898000A312854C7A187B00121BE68A0C8B0DEA29
:10899000450D7003028A56780C1211D475081875AB
:1089A000090078081211D47C007D0074041214F5BB
:1089B0001284FF121C7074041211B18E088F097595
:1089C0000A0078081211D07C107D00AA0CAB0D12A1
:1089D0001B3274031211B1E50C2414129094E50CAF
:1089E0002410129094780C1211D47508187509008F
:1089F00078081211D47C007D0074041214F51284DE
:108A0000FF121C6A74041211B17C187D007900AA4F
:108A10000CAB0D121B3EAA0CAB0D121BEC85218278
:108A20008522831284F2128F22E875F009A4F8AA35
:108A3000F075F009E9A42AF9742F28F8741639F9A9
:108A4000E824F7F582E934ED129099E824FBF582E9
:108A5000E934ED129099A90B74040287EE128A6131
:108A600022E0FAA3E0F5838A822274F6120BD9740D
:108A7000F4121264EAFEEBFF74041212447A007BD3
:108A80000079AB1224EC1227448A088B09AC08AD9C
:108A900009740412123C121CD0E9603B74041212D7
:108AA00044EEFAEFFB1222A6E96015AC21AD227468
:108AB0000412123C1220FCE9700D128ADBE07017E0
:108AC0007900740C02883F7402121244740412126A
:108AD0003C1220E4E970E9790180E7852182852252
:108AE000831284F6A3A3A3A32274F7120BD974FEF6
:108AF000121264ECFEEDFFAC21AD221220FCE9F96C
:108B000070138521828522831284FF8E828F83EAEF
:108B1000F0A3EB80078E828F83E4F0A3F00284DF62
:108B20007F07020F2674F6120BD974FE121264E44A
:108B3000F508F50978081211D47C117D007A4C7B78
:108B400000121C5E74021211B1E9FE74096E7021EC
:108B5000128F0D1211D475080275090078081211D0
:108B6000D47C007D007A4C7B00121C6A74041211C4
:108B7000B175086A75091678081211D47C087D0051
:108B80007A717B00121C5E74021211B1E94EF97405
:108B90000202883F74F4120BD974FE12126485210C
:108BA0008285228312819460657E007F008E088F0B
:108BB00009E50875F005A4F508A8F075F005E509C4
:108BC000A428F50990162DE02508F50AA3E035093B
:108BD000F50B780A1211D4750A05750B00780A1284
:108BE00011D4128EEA121C6A74041211B1128E0D85
:108BF000E064FE7003A3E0F4600A8521828522838D
:108C0000128C40F00EEE70010F128EE3409FA821EF
:108C1000A9228808890978081211D47508027509F3
:108C20000078081211D47C007D007A4C7B00121C65
:108C30006A74041211B174021211B17F04020F267A
:108C4000E02401F0A3E034002274EC120BD974FE8E
:108C5000121264A821A9228808890978081211D45F
:108C600075080275090078081211D47C007D007A1D
:108C70004C7B00121C7074041211B1E96003028D68
:108C8000DD1288077003028DDD852182852283C372
:108C9000E09404A3E094004003028DDD7A187B0089
:108CA000121BE68A0C8B0D7E00EA2410F50AE435CF
:108CB0000DF50BEE75F005A4F508E5F0F509901635
:108CC0002DE02508F50EA3E03509F50F780E1211F9
:108CD000D4750E05750F00780E1211D4EE75F005DF
:108CE000A4A9F0128F02121C7074041211B1E96071
:108CF00003028DC6128E15F9E8FAE9FB8A828B838E
:108D0000E064FE7003A3E0F47003028DC6E50C4539
:108D10000D7003028DC6780C1211D4750E18780EE2
:108D20001211D47C007D008A828B83128502121C72
:108D30007074041211B19083AB7810121482850AFA
:108D400082850B83781012135C128E0DA3A3E0F5BD
:108D500008A3E0F509E50875F009A4F8AAF075F094
:108D600009E509A42AF9742F28FC741639FD850A2F
:108D700082850B831214BAEC24F7F582ED34EDF5FD
:108D8000831214C6E50C2414F582E4350DF5831224
:108D900014BAEC24FBF582ED34EDF5831214C67899
:108DA0000C1211D4780E1211D47C007D00AA08ABED
:108DB00009121C6A74041211B17C187D007900AA92
:108DC0000CAB0D121B3E0EEEC394035003028CB38A
:108DD000E50C450D6007AA0CAB0D121BEC75086A7B
:108DE00075091678081211D47508087509007808F5
:108DF0001211D47C007D007A717B00121C70740407
:108E00001211B174021211B17F0C020F26128E15CD
:108E10008882F5832290162DE02508F8A3E0350915
:108E20002274F4120BD974F9121264128F0D1211FC
:108E3000D475080275090078081211D47C007D00F1
:108E40007A4C7B00121C6A74041211B17C057D00FF
:108E50007900740212123C121B3E7E007F007402E5
:108E60001212348808890978081211D4750805751A
:108E7000090078081211D4128EEA121C6A740412C6
:108E800011B10EEE70010F128EE340D27A187B0002
:108E9000121BE68A088B09EA450960427C187D00AE
:108EA0007900121B3E7E007F0078081211D4750AEB
:108EB00018750B00780A1211D47C007D00EE240195
:108EC000FAEF3402FB121C6A74041211B10EEE7038
:108ED000010F128EE340D2AA08AB09121BEC7407F3
:108EE000028C38C39403EF940022EEF8EFF9E87592
:108EF000F005A4F8AAF075F005E9A42AF9E8128FA4
:108F000002222402FCE439FD7A4C7B002285218276
:108F1000852283E4F0A3F0A821A922880889097892
:108F20000822A3A31288122274EC120BD974ED123A
:108F30001264890C7C137D007900AA21AB22121BDC
:108F40003E74101214F574FFF07E007F00EE2411C1
:108F5000F50AEF3401F50BA821A9228808890978C0
:108F6000081211D47C137D00AA0AAB0B121C5E748C
:108F7000021211B1E96003029077EEF8EFF9E8759B
:108F8000F009A4F8AAF075F009E9A42AF9744A28AE
:108F9000F508741639F509E5082404F50EE43509D9
:108FA000F50FE50CA821A9228810891178106036E8
:108FB0001211D475101375110078101211D47C00A1
:108FC0007D00AA0AAB0B121C6A74041211B1850849
:108FD0008285098312909B850E82850F83F0A3F012
:108FE000A3F0A30290761211D475101375110078B6
:108FF000101211D47C007D00AA0AAB0B121C7074F5
:10900000041211B190839778101214828521828501
:109010002283781012135CA821A922881089117864
:10902000101211D475101375110078101211D47C20
:10903000007D00AA0AAB0B121C6A74041211B185E0
:1090400021828522831214BA85088285098312142D
:10905000C674041214F51214BA850E82850F831299
:1090600014C67C137D007900AA21AB22121B3E742A
:10907000101214F574FFF00EEE70010F128EE35013
:1090800003028F4DE50C60077A007B0012257C748B
:1090900013028E05F582E4350DF583E41294FE2269
:1090A00074F0120BD974E41212648A0C8B0D8C08C4
:1090B0008D09750AA1852182852283E4F0EC2406BE
:1090C000FEE43509FFEEFAEFFB12229AE9700BEE8F
:1090D000FCEFFDAA0CAB0D1224F8740912123488AF
:1090E0000C890D780C1211D47402121244EEFAEFAE
:1090F000FB12258274021211B18A0C8B0DA80CA9E7
:109100000D901997E064016005E06402703F8521CD
:1091100082852283E070367C087D0079007401121C
:10912000123C121B3E7409121234880C890D780C03
:109130001211D47402121244740312123C122582CA
:1091400074021211B18A0C8B0DA80CA90DE508242C
:109150000FFAE43509FBEAFEEBFF852182852283C5
:10916000E07003029275750A00E5082420FAE435E0
:1091700009FB74191214F5E0604514600E14606C5C
:109180002405606824FE601602928F901997E064AF
:10919000017003029238E06402700B029238901959
:1091A00097E064016005E0640270078A828B837433
:1091B00001F08E828F837403F0A3740102924174D4
:1091C0001B1214F51294EF8E828F8312854C901629
:1091D00065E08A828B83F0901665E0C0E0E50824A4
:1091E00021F582E43509F583D0E08055E875F00972
:1091F000A4F8AAF075F009E9A42AF974B528F8745E
:109200000C39F9E8FAE9FB1294D4780C1214828A2A
:10921000828B83780C1211595056908313780C125C
:1092200013A88A828B83780C121464901997E064D7
:10923000016005E06402700C8E828F837402F0A3DB
:1092400014F0804B74111214F5A982AA83890C8A38
:109250000D750E00780C1211D07C087D00E50824F5
:1092600018FAE43509FB121B3274031211B1801F86
:10927000750AA2801A901997E07014122BF4E97005
:109280000E8E828F837403F0A37401F0750A00A917
:109290000A741C02843474ED120BD974DF12126448
:1092A0008C088D097EA174141214F5E4F074151263
:1092B00014F5128818EC2406F50AE43509F50BAA12
:1092C0000AFB12229AE970030294B8740112123454
:1092D000880C890D780C1211D47402121244AA0A57
:1092E000AB0B12258274021211B18A0E8B0FE508A6
:1092F000240FF50CE43509F50D74FF650E70047448
:10930000FF650F70030294A71294E0AAF075F009AC
:10931000E9A42AF9744A28FE741639FF852182854A
:109320002283E070030293AE74111214F5E0602101
:1093300014600E1460302405601424FE6010029442
:1093400040901997E06401602AE06402602502946D
:109350003374131214F51294EF850C82850D83E893
:10936000F0A3E902943F901997E064016005E0647E
:1093700002700E850C82850D837402F0A314029492
:109380003F74091214F5A982AA83890C8A0D750EFF
:1093900000780C1211D07C087D00E5082418FAE44E
:1093A0003509FB121B3274031211B1029440850A75
:1093B00010850B1175120078101211D07C087D00F9
:1093C000740C1214F5AA82AB83121B3274031211AF
:1093D000B174111214F574FFF074121214F57401C3
:1093E000F0121B4AEA540FC0E074131214F5D0E0D7
:1093F000F074011214F51295061214F51294F81275
:109400001234880A890B780A1211D4750A13750B65
:1094100000780A1211D47C007D00AA0EAB0F121C3A
:109420006A74041211B17C097D007900EEFAEFFB39
:10943000121B3E850C82850D837403F0A37401F02A
:10944000E508240EF582E43509F5831285421214ED
:10945000BA1294D41214C690831378081214828E10
:10946000828F83780812135C8E828F83780812149F
:10947000829082C7780C1214827808790C120B6AD9
:10948000E50C450D450E450F702A8E828F83A3A3F0
:10949000A3A3A3A3A3A37401F07A007B049015896E
:1094A000E0F9121B92800D850C82850D837403F008
:1094B000A37401F07E008015741412123C1222BEB7
:1094C000E964017008741412123C1222B2EEF974AD
:1094D0002102892FE5082412F582E43509F583225B
:1094E000EA24EFF8EB34FEF9E875F009A4F822E07D
:1094F0002404F8E43401F9221294FD0422E4F0A3D8
:10950000F0A3F0A3F0221294FD74052274F4120B60
:10951000D974CE1212648909C2007C0C7D007900D6
:10952000AA21AB22121B3E1221BCE9F8A2E750028D
:10953000D200750800804DEE2475FE50010FA82161
:10954000A922880A890B780A1211D47C0C7D00EEBE
:10955000FAEFFB121C5E74021211B1E97024A20032
:109560005020780A1211D4750A0C750B00780A1273
:1095700011D47C007D00EEFAEFFB121C6A74041219
:1095800011B10508AE087F00903357E493F8EEC39D
:109590009840A47C087D0079FF74041214F5AA8217
:1095A000AB83121B3EEE2474FE50010FA821A922AA
:1095B000880A890B780A1211D47C0C7D00EEFAEF30
:1095C000FB121C5E74021211B1E97024A20050203B
:1095D000780A1211D4750A0C750B00780A1211D48E
:1095E0007C007D00EEFAEFFB121C6A74041211B1CC
:1095F0007C157D007900741D12123C121B3E741DF7
:10960000121234880A890B780A1211D47C157D0055
:109610007A827B00121C5E74021211B1E97026740A
:109620000165097020780A1211D4750A15750B00AE
:10963000780A1211D47C007D007A827B00121C6AA9
:1096400074041211B17C117D007900740C12123C6B
:10965000121B3E740C121234880A890B780A1211FC
:10966000D47C117D007A3A7B00121C5E74021211C8
:10967000B1E97026740165097020780A1211D47559
:109680000A11750B00780A1211D47C007D007A3A19
:109690007B00121C6A74041211B1740C121234880B
:1096A0000A890B780A1211D47C117D007A3B7B0069
:1096B000121C5E74021211B1E97026740165097002
:1096C00020780A1211D4750A11750B00780A12114C
:1096D000D47C007D007A3B7B00121C6A740412115A
:1096E000B17432028C3874F1120BD98C088D097464
:1096F0003A6A7001EB6006743B6A4B701578081289
:1097000011D475081075090078081211D47C010273
:10971000979674036A700374016B7008750CCD75AD
:109720000D32801974686A4B702F901997E06401AC
:109730006005E06402706B750CBD750D32750E80AE
:10974000780C1211D07C107D00AA08AB09121B32D4
:1097500074031211B17900804B74026A70037401B2
:109760006B602174626A4B601BEA24FCF8EB34FEE8
:10977000F9E849600FEA24FFF8EB34FDF9C3E81279
:10978000818E501E78081211D47508107509007862
:10979000081211D47C007D00121C7074041211B1E7
:1097A0008002790A028B2074F4120BD974E8121229
:1097B0006489097C187D007900AA21AB22121B3E26
:1097C000750800E5082401FEE43402FFA821A9225F
:1097D000880A890B780A1211D47C187D00EEFAEF02
:1097E000FB121C5E74021211B1E970267401650946
:1097F0007020780A1211D4750A18750B00780A12B5
:1098000011D47C007D00EEFAEFFB121C6A74041286
:1098100011B10508EEC3940340A97418028C387482
:10982000F7120BD9E9FE122180EEF912218CEEF924
:1098300012216E02882374EE120BD97A187B001263
:109840001BE68A0E8B0FEA450F70030299287508F4
:1098500000750900E50875F009A4F8AAF075F0098B
:10986000E509A42AF9742F28F50A7416129A0A60D9
:10987000030298FBE5082401FEE5093402FF780E97
:109880001211D475101875110078101211D47C00C3
:109890007D00EEFAEFFB121C7074041211B1E97036
:1098A0005A850A82850B831214BAE50E2410F582BC
:1098B000E4350FF5831214C6850A82850B83A3A3B2
:1098C000A3A31214BAE50E2414F582E4350FF58330
:1098D0001214C6780E1211D4750A18750B00780A86
:1098E0001211D47C007D00EEFAEFFB121C6A7404A6
:1098F0001211B1850C82850D83E4F00508E508702E
:10990000020509C39403E5099400A2D265D033503F
:10991000030298547C187D007900AA0EAB0F121B2D
:109920003EAA0EAB0F121BEC7F0A020F2674EE123A
:109930000BD97A137B00121BE68A0E8B0FEA450FB8
:109940007003029A07750800750900E50875F009AB
:10995000A4F8AAF075F009E509A42AF9744A28F5D3
:109960000A7416129A0A60030299ECE5082411FEA3
:10997000E5093401FF780E1211D47510137511002A
:1099800078101211D47C007D00EEFAEFFB121C70EF
:1099900074041211B1E97054850A82850B83121484
:1099A000BA850E82850F831214C6850A82850B83C1
:1099B000A3A3A3A31214BA850E82850F83A3A3A326
:1099C000A31214C6780E1211D4750A13750B007801
:1099D0000A1211D47C007D00EEFAEFFB121C6A74AF
:1099E000041211B1850C82850D83E4F00508E508A9
:1099F00070020509C39403E5099400500302994BD2
:109A0000AA0EAB0F121BEC02992839F50BE50A24BC
:109A100008F50CE4350BF50D850C82F583E0640147
:109A20002274F6120BD974F8121264908268AC2179
:109A3000AD2274081210FAEA4B6006EAFEEBFF80D2
:109A40000CA821A92288088909AE08AF09EEFCEF0D
:109A5000FD7A007B0079AB1224F2EEFCEFFD7A6A0E
:109A60007B16121CD675086A75091678081211D46F
:109A700075080875090078081211D47C007D007AF9
:109A8000717B00121C6A74041211B1740802883FC1
:109A900074F6120BD974DA1212647C157D00790009
:109AA000741112123C121B3E741112123488088970
:109AB0000978081211D47508157509007808121173
:109AC000D47C007D007A827B00121C6A740412111F
:109AD000B17C117D007900AA21AB22121B3EA82186
:109AE000A9228808890978081211D4750811750906
:109AF0000078081211D47C007D007A3A7B00121C99
:109B00006A74041211B1A821A92288088909780869
:109B10001211D475081175090078081211D47C004F
:109B20007D007A3B7B00121C6A74041211B174260A
:109B300002883F74F7120BD9E9FE900504F0122C4D
:109B4000D27A027B80EEF91220CC7A017B80EEF98A
:109B50001220CC7A047B80EEF91220CC02A37F7411
:109B6000F6120BD9EAFEEBFF7A077B00121BE6EA3E
:109B70004B60238E828F83E08A828B83F0A3A37451
:109B80001CF0A37415129B99EEF0A3EF129B99A3FE
:109B9000A3E4F0122CD802AEA9F08A828B83A3A38F
:109BA000A3A32274F4120BD974F8121264EAFEEB28
:109BB000FF8908A821A922880A890B780A1211D4E2
:109BC0007C007D007A037B00A908121D78740212C4
:109BD00011B1E9605674061214F512AABDE06E7058
:109BE00003A3E06F6045EE4F88828983601EEEF02C
:109BF000A3EFF09083A7120FAB7A007B20900504AF
:109C0000E0F9121CA074041211B1800FE4F0A3F06B
:109C1000FA7B20900504E0F9121CAC90051F12AAF3
:109C2000DC6008A90812AAA4122CEC740802A8BFD0
:109C300074F4120BD974EC12126489085308CE9094
:109C40001884E070127A047B00900504E0F9121C7D
:109C5000B2EA4B4C4D602F901884E0A2E55003020D
:109C60009E3B901887E06010E508A2E1500A7A0157
:109C70007904122C00630802743F5508F890188488
:109C8000E048F0029E3B743F5508FE901884E04E79
:109C9000F0900513E06003029E177401F0121EECB1
:109CA000E96401701A7A567B00121C648A0A8B0BD5
:109CB000AC0AAD0BEC4D60077A567B00121C761295
:109CC0002C48750A87750B18780A1211D4750A0189
:109CD000750B00780A1211D47C007D007A557B0048
:109CE000121C7074041211B1901887E064016003B3
:109CF000029E17901997E064016008E06402600317
:109D0000029DEB7C0879009016B312B011121BC8AB
:109D1000E96003029DEB12259AE96003029DEBA81E
:109D200021A922880A890B780A1211D4750A0175B3
:109D30000B00780A1211D47C107D007A117B01127D
:109D40001C7074041211B190162CE07003029DEB8C
:109D5000852182852283E064FD7003029DEBE0642F
:109D6000027003029DEB7C137D00790074011212D6
:109D70003C121B3E74111214F574FFF074011212A0
:109D800034880A890B780A1211D4750A13750B00EE
:109D9000780A1211D47C007D007A117B01121C6AB2
:109DA00074041211B190164AE4F0A3F0A3F0A3F0EA
:109DB000A3F0A3F0A3F0A3F0901887F0750A8775BD
:109DC0000B18780A1211D4750A01750B00780A1263
:109DD00011D47C007D007A557B00121C6A74041239
:109DE00011B17A0379FF1221C2804090050F7407E8
:109DF000F074104EF8901884E048F079007A007BF7
:109E000000121EE6E97005122B70802F7900122BCC
:109E1000A07A007907800F901884E0700E90050FEB
:109E20007407F07A00F9122C00801090050FE4F00E
:109E30007A04FB900504E0F9121B92741402A8BF87
:109E400074F6120BD974FD12126474011214F5E940
:109E500012A68912A3731211D47C037B007A0A9094
:109E60000504E0F9122B8274021211B1740302AEE0
:109E7000A6C082C083E9901888029F89C082C083EF
:109E80007900122BA07A0379FF1221C2029F8AC0A7
:109E900082C08374FB121264901887E060219018CE
:109EA00084E0A2E540197C057D007900AA21AB225F
:109EB000121B3E122C4EAA21AB22122342800A1200
:109EC0002C4E7AF47B01121F4074051211B1029FCF
:109ED0008AC082C08374FF121264800612B00E1210
:109EE0002BD090051412AADC70F212269690050F62
:109EF000E064086010E0640170067A00790180284F
:109F0000E0900512F090050F7408F012231E790AF4
:109F1000121FD0852182852283E4F0AA21AB227909
:109F2000521221DA7A007908122C007401809CC048
:109F300082C0837A0090050FE064067046900509A0
:109F400012B008ECF8ED801AE8240CF582E439F53B
:109F500083E0A2E65005C2E6F07A0112AFF0E0F825
:109F6000A3E0F9E84970E1EAA2E050179083A71254
:109F70000FAB7A007B40900504E0F9121CA074043A
:109F80001211B18005EAF0A3EBF0D083D082021168
:109F90007EC082C083901887E0601890050FE0644F
:109FA00008701079007A007B00121EE6E9700479CF
:109FB000008002790180D374F6120BD974FC12125E
:109FC00064E9FEEAFF90050FE06E6013E06408604C
:109FD0000302A36E900512E06406600302A36EEE16
:109FE00014700302A0AD14700302A2521460211475
:109FF000700302A13414700302A16914700302A15A
:10A00000A414700302A28D14700302A2F502A343EC
:10A01000901997E064016008E06402600302A343C2
:10A0200090838F120FAB7A047B00900504E0F91245
:10A030001CA074041211B1EF602290050F7401F09E
:10A04000800612B00E122BD090051412AADC70F20A
:10A050009083A71214DE12276802A36E74031214F1
:10A06000F5E4F09083A71214DE1227689018837429
:10A0700002F0141214F57401F090050FE4F090183A
:10A0800084E0C2E1F0740312123C79521221DA1218
:10A090002C4E12234E7900121FD090051412AADC08
:10A0A000700302A34312B00E122BD080ED901997CB
:10A0B000E064016008E06402600302A343EF603BD8
:10A0C0007A0379001221C290050F740412ADEA12CE
:10A0D0000FAB7A047B00900504E0F9121CA0740415
:10A0E0001211B19083A71214DE1227687A007B1038
:10A0F000900504E0F9121CAC02A36E74011214F571
:10A100007401F09018837407F07A007B10900504B6
:10A11000E0F9121CAC901884E4F090838B120FAB22
:10A120007A027B00900504E0F9121CA0740412115D
:10A13000B102A34374011214F57401F0EF600A90A8
:10A140001883E4F07906121FD012ADE6120FAB7A35
:10A15000047B00900504E0F9121CA074041211B1F4
:10A16000901884E0C2E102A2F274011214F57402A4
:10A17000F0EF901883600AE4F07A03F91221C280AC
:10A18000037408F012ADE6120FAB7A047B00900561
:10A1900004E0F9121CA074041211B1901884E0C2FA
:10A1A000E202A2F274011214F57403F0901883E035
:10A1B00070069005187401F0900503E0600302A397
:10A1C0006E90050912B011122B0A8B09EA4509603D
:10A1D0000302A36E7A007B40900504E0F9121CB2E2
:10A1E000EA4B4C4D600302A36E90050BE4F0A3F024
:10A1F00090050DF0A3F07A097B05122B8E7A007B77
:10A2000040900504E0F9121CAC900518E0600A903B
:10A210001883E0640B7002E4F0900518E4F09005F8
:10A220000FE06406701912ADE9120FAB7A047B00DF
:10A23000900504E0F9121CA074041211B1800A9078
:10A240000512E064067002E4F0901884E0C2E302B4
:10A25000A2F279001226AE74011214F57404F0EF24
:10A26000600C901883E4F0A3F07906121FD012ADB1
:10A27000E6120FAB7A047B00900504E0F9121CA0F3
:10A2800074041211B1901884E0C2E0806574011268
:10A2900014F5E4F0EF60359083A71214DE122768FE
:10A2A0007904121FD0121F34901883740DF090059A
:10A2B0000FE4F0908377120FAB7A047B00900504D3
:10A2C000E0F9121CA074041211B18020901887E0EC
:10A2D000601474011214F57405F0901884E0D2E54E
:10A2E000F0790A121FD09018837402F0901884E05D
:10A2F000C2E4F0804E74011214F57405F0EF602D85
:10A30000900512E090050FF0900512E4F09083A7FD
:10A310001214DE122768901884E0C2E5F0901883CA
:10A32000740DF07904121FD0122C36801690188408
:10A33000E0D2E5F09018837402F09083331214DEBB
:10A3400012276890051912AADC6023901883E08513
:10A35000218285228312A3731211D47C037B007A9D
:10A360000A900504E0F9122B8274021211B17404F0
:10A3700002AEA6F0A821A922880889097808227FC0
:10A3800001020F26C082C083901887E0F9029F8ADD
:10A39000790002117E74F6120BD974FF1212647EDA
:10A3A000009016EFE004F07508EF750916780812B2
:10A3B00011D47508018E0978081211D47C007D0033
:10A3C0007A217B00121C6A74041211B17900121FE9
:10A3D0003AE96401700479048002790E121FD0906A
:10A3E0001703E064FE7003A3E0F470027E0190178F
:10A3F00010E0F47003A3E0F470047E01803AEEA252
:10A40000E040358521828522837401F0AA21AB22A8
:10A4100079521221DA7901121F3AE9640190170585
:10A42000700BE0F97A6A7B1512232A8009E0F97A29
:10A430006A7B15122330E9FEEEF902AEA474F6121F
:10A440000BD974FF121264E9FE852182852283E410
:10A45000F0EE6022A821A922880889097808121143
:10A46000D47C017B007A03900504E0F9122B8274FE
:10A47000021211B1803090188CE06023901879128C
:10A4800014BAE8494A4B601790188CE4F090187998
:10A490001214DE122BC47A327B00121FA680077AB8
:10A4A000007903122C0002AEA474F5120BD97508C2
:10A4B0000075090012268A90051412B2B012269077
:10A4C0009005148005050812A5CA12B002EE4F705F
:10A4D000F490051412AADC700302A5C590051D12A4
:10A4E000AADC600EA90812B00E90051E12AAA412D2
:10A4F0002CEC90051412B002EE4F700302A5B97552
:10A500000A0002A58D901995E0F47003A3E0F460B1
:10A51000138E828F8312AAE2901995E0687003A3CC
:10A52000E069705890170612AAE28E828F83A3A367
:10A53000A3A3A3A3A3E0687003A3E069700A74FE59
:10A5400068700374FF69700B8E828F83A3A3A3A32B
:10A55000E060298E828F83A3A3A3A3A3E0F89017C2
:10A5600000E06870208E828F83A3A3A3A3A3A3E03F
:10A57000F8901974E068600DE5097009EEFAEFFBD8
:10A58000122BD01508050A12A5CA12B002E50AC39B
:10A59000950850257A6A7B15122852E964016003F8
:10A5A00002A505EE240BFCE43FFD7A6A7B15121C24
:10A5B000D0E9600302A52480C30509E509C394021C
:10A5C000500302A4F27F03020F26EE12A6EB3FF522
:10A5D000832274F6120BD974FF12126490051412C0
:10A5E000AADC900511601712A626122BCAE9603367
:10A5F00085218285228312A626122BD08005E412A3
:10A60000AAEAF0A821A9228808890978081211D499
:10A610007C017B017A03900504E0F9122B8274021D
:10A620001211B102AEA47401F0900514E0FAA3E097
:10A63000FB2274F6120BD974FF121264E9FE901813
:10A6400083740312A689F0EE60047B00801A9005E3
:10A6500017E0C394035004E004800A12B00E122BDA
:10A66000D0900517E4F07B01A821A9228808890968
:10A6700078081211D47C017A03900504E0F9122BBA
:10A680008274021211B102AEA4F085218285228368
:10A69000740122C082C0839005148007E8FCE9FDA4
:10A6A00012A6F112AADC603EEA687002EB6970EC57
:10A6B00012B00EE86A7002E96B7010E0CA12A6EBE5
:10A6C0003AF58312B011900514800D12A6F112B064
:10A6D00011EC12A6EB3DF58312B2B0E8FAE9FB12D9
:10A6E0001BEC790080027902029F8A2414F582E42F
:10A6F00022E812A6EB39F5832274F6120BD9EAFE92
:10A70000EBFF7903121FD08E828F83A3A3A3A3A391
:10A71000A3E0F9121FAC8E828F83A3A3A3A3A3A3EC
:10A72000A3A3A3A3E0F50878081211D88E828F8323
:10A73000A3A3A3A3A3A3A3120FAF901594E0F508BE
:10A7400078081211D88E828F83A3A3E0F98E828FAE
:10A750008312B008EE240BFAE43FFB12233C74048E
:10A760001211B1E9FE7054901594E0A2E3502990C3
:10A770001997E0600A64016006901984E0703C90CB
:10A7800083331214DE1227687A007B0012276E7A58
:10A79000007B00122774802390158DE0701D9019A6
:10A7A000601214BA9019541214C6901968E0F50892
:10A7B000A3E0AA08FBE4FCFD122768EEF902AEA9AB
:10A7C00074F4120BD98A088B098C0A8D0B901666CB
:10A7D0007808121464901584780812146475086659
:10A7E00075091678081211D47508047509007808DF
:10A7F0001211D47C007D007A847B00121C6A02A8AE
:10A80000BD74F4120BD9E9FE90188CE0601C90180E
:10A810007D7808121482E5084509450A450B600A4F
:10A82000AA08AB09AC0AAD0B800B90188CE4F09031
:10A8300018791214DE122BC49016661214BAE84965
:10A840004A4B601A901997E064017007EE70047922
:10A8500001800279007A647B00121EE6800EEE7A97
:10A86000006004790380027905122C00805474F48E
:10A87000120BD974FF121264E9FF7E00EA900510F2
:10A88000F0EF60137A007B10900504E0F9121CAC25
:10A89000901889E4F080027E01A821A922880A8903
:10A8A0000B780A1211D47C01EEFB7A01900504E0CA
:10A8B000F9122B8274021211B17401800274041215
:10A8C00011B17F04020F2674F6120BD974F512121F
:10A8D00064901884E0A2E5500302AA9CA2E15050C3
:10A8E00090050F7404F0901885E0A2E0503F901896
:10A8F00087E060097A017904122C00803090199762
:10A90000E064016005E06402702390188C7401F02B
:10A910007C047D0079007A0F7B05121B3E90050FA9
:10A920007403F07901122BBE7901122C5A02AA9CF1
:10A93000A2E2500F90050F7405F07A00F9122C0076
:10A9400002AA9CA2E3400302AA9C90050F7406F0A1
:10A95000901887E0700302AA55122B648A088B09AD
:10A96000AE08AF09EE4F700302AA5512AAAAF8A3C7
:10A9700012AAA4A3E0A2E1400302AA3074031212B7
:10A98000348808890978081211D47C007D007A0384
:10A990007B008E828F83E0F9121D7874021211B150
:10A9A000E9700302AA2674091214F512AABDC3E0C5
:10A9B00094B5A3E0940050408882898374B4F0A3D6
:10A9C000E4F09083A7120FAB7A007B20900504E09F
:10A9D000F9121CA074041211B190051F12AADC60B8
:10A9E0001790188DE0F4700479FF80068E828F83B3
:10A9F000E0F912AAA1122CEC12AAC5400479098030
:10AA00002C74011214F512AAE8740912A37312111E
:10AA1000D47C037B007A0A900504E0F9122B82743F
:10AA2000021211B1800A12AAC54005790E122B3408
:10AA300012AAAA2401F8A3E03400F988828983E0ED
:10AA4000A2E050589005C212B01770108882898316
:10AA5000E0A2E14047790E122B3480409005037448
:10AA60000CF090832F120FAB7A407B00900504E02E
:10AA7000F9121CA074041211B174011214F512AA77
:10AA8000E8740A12A3731211D47C037B007A0A9033
:10AA90000504E0F9122B8274021211B1740B02AE9C
:10AAA000A6900520E0F58388822212AAAE229005A6
:10AAB00007E0F8A3E0F5838882A3A3E02212AAE2CC
:10AAC000888289832212AAAEF8A3E0F5838882A344
:10AAD000E0A2E022EAFEEBFF8E828F8312AAE2E878
:10AAE0004922E0F8A3E0F9227403F085218285224F
:10AAF000832274F0120BD974F3121264EAFEEBFF96
:10AB0000EE5404604F90050FE0600D14600F24FDBB
:10AB1000601424FE60198036122BB280317A0179DC
:10AB200001122BB880287A017904122C00801F9022
:10AB30001883E4F090050F12ADEA120FAB7A047B94
:10AB400000900504E0F9121CA074041211B1EE6427
:10AB50000402ACEBEF5480706EEF5410700302AC43
:10AB60003C901997E064016008E06402600302AC65
:10AB70003490050FE014700302AC2C24FE60030235
:10AB8000AC34900511E06402600302AC347401F04F
:10AB90007900122BD602AC34740A687023901884A2
:10ABA000E08A828B83A3A3A3A3F090051912AADCE9
:10ABB000600EEA2402FAE43509FB12AAA4122CEC76
:10ABC000AA08AB09121B56900504E0F9121B688A0B
:10ABD000088B09EA4509604C8A828B83E0F874D3BC
:10ABE000687032EA240CF582E43509F583E0F50A51
:10ABF000A3E0F50B780A120EE0018003C0AB10ACA5
:10AC000006ACC0AB0BAC122BA680B5122B4680B0A5
:10AC1000122B5E80AB90050FE068600302AB9812C8
:10AC20002B88809CEEFAEF648002ADCDA3E0FA7928
:10AC300000122BB8EEFAEF641002ADCDEE54806036
:10AC400009122C12EE648002ACEBEE5402603A90D2
:10AC50001997E064016005E0640270287C057D00BE
:10AC60007900AA21AB22121B3E7900122BA0AA2147
:10AC7000AB22122342E9600C7A027B00900504E0CB
:10AC8000F9121B92EE64028062EF54086006EF64D2
:10AC90000802ADCDEE54406057122B648B09EA4593
:10ACA00009603A900503E014F060387A007B409028
:10ACB0000504E0F9121CB2EA4B4C4D7009900509ED
:10ACC00012B011122B0A90832F120FAB7A407B0027
:10ACD000900504E0F9121CA074041211B190050350
:10ACE000E07005790B122B34EE6440FAEF02ADCD23
:10ACF000EF5420700302ADC090050512ADDE750C57
:10AD0000008024901883E4F090051F12AADC600EE6
:10AD1000850A82850B83E0F912AAA1122CEC850822
:10AD20008285098312ADDEE50845096063850882E6
:10AD3000850983A3A312AABD85820A85830BE060DF
:10AD4000DDC394F150D87405121234880E890F783F
:10AD50000E1211D47C007D007A037B00850A828567
:10AD60000B83E0F9121D7874021211B1E960AF741F
:10AD70000B1214F512AABD12B0176087EA24FF1A4D
:10AD8000EB34FFFB8882898312B2B0750C01808E90
:10AD9000E50C60199083A7120FAB7A007B20900519
:10ADA00004E0F9121CA074041211B1800C7A007B2B
:10ADB00020900504E0F9121CACEEFAEF6420800D3F
:10ADC000EF5440600B122B16EEFAEF6440FB800448
:10ADD0007A007B00740D1211B17F08020F2612AAAF
:10ADE000E2880889092290050FE4F090838F22748D
:10ADF000F6120BD974DD121264EAFEEBFF90162CEA
:10AE0000E0700302AEA090050FE06401600302AEA3
:10AE1000A012259AE9600302AEA08E828F83A3A3BD
:10AE200012AADC707B7A007B10900504E0F9121CFA
:10AE3000AC7413121244EEFAEFFB122066741E1269
:10AE400014F5E0F508A3E0F5097409780812145523
:10AE5000C3E508941595E0C365D03340097A0279BB
:10AE600001122BB8803A74101214F574FDF085822B
:10AE70000885830978081211D475080175090078CE
:10AE8000081211D47C107D007A117B01121C6A74A7
:10AE9000041211B17900122C547A017901122C009C
:10AEA0007423800274011211B17F02020F2674F61E
:10AEB000120BD9E9FE901887E06E7006900513E03A
:10AEC0007033EE7005901884E4F0EE901887F075FA
:10AED000088775091878081211D4750801750900DA
:10AEE00078081211D47C007D007A557B00121C6A10
:10AEF00074041211B180B274F6120BD912AAD47074
:10AF00001F7A117B00121BE68A088B09A808A90981
:10AF10008E828F83E8F0A3E9F0E849600312AFE87E
:10AF200002AEA974F6120BD912AAD47006122B9A8B
:10AF300002AFDEEC4D606DE8FAE9FB8C828D831286
:10AF4000B0088A828B83A3A3A3A3A3A3A3A3A3E094
:10AF5000FE8C828D83A3A3A3A3A3A3A3A3A3E06ECC
:10AF600070348A828B83A3A3A3A3A3A3A3A3A3A3C5
:10AF700012AFFAA3A3A3A3A3A3A3A3A3A3E06E70FA
:10AF800003A3E06F70108A828B8312AFFAE06E70B9
:10AF900003A3E06F603FEA240FF582E43BF58312E0
:10AFA000B017709EE8240FFEE4398008E8240F50A3
:10AFB0000109FEE912AAD770F37A117B00121BE691
:10AFC0008A088B09A808A9098E828F83E8F0A3E973
:10AFD000F0E84970067A007B00800A12AFE88E82A2
:10AFE0008F8312B01102AEA912AFF0E4F0A3F022E9
:10AFF000E8240FF582E439F5832212B0028C828DA9
:10B000008322E0FEA3E0FF22E0FCA3E0FD22900506
:10B0100014E0FAA3E0FB22E0FAA3E0FBEA4B22747F
:10B02000F4120BD912AAD460358E088F09801CEA5D
:10B03000240FF50AE43BF50B121BEC850882850909
:10B0400083E4F0A3F0850A08850B09850882850949
:10B050008312B01770D98E828F83E4F0A3F002A818
:10B06000C274F6120BD974E61212648A828B83E0E2
:10B0700014700302B11024FE600302B228901997E5
:10B08000E064016008E06402600302B2288A828BF7
:10B0900083A3A3E0600614601802B2288A828B831F
:10B0A000A3E07005122BE280617900122BE802B256
:10B0B000288A828B83A3E070099005117402F00244
:10B0C000B21112274A8A088B0974FE65087004744D
:10B0D000FF6509700D901703E064FE7003A3E0F4B0
:10B0E000601D74071214F574FEF0A304F0901703AA
:10B0F00014F0A304F0740712123C79531221DA12EF
:10B1000027F8122312901712E4F0122BDC02B22857
:10B11000901997E064016008E06402600302B228BD
:10B120008A828B83A3E06011901889E004F0F8A371
:10B13000E0C39850047A008071900510E014600C10
:10B1400014606E14700302B1D802B22890162CE07D
:10B15000605112259AE9704790188BE0702D741990
:10B160001214F57402F074111214F5E4F0A3F0F562
:10B170000878081211D879027C007D00741212122E
:10B180003C12207E74011211B1807A90051B12AA24
:10B19000DC700302B22812AAA4122CEC02B22879A5
:10B1A0000180027900122C547A017901122C00805E
:10B1B0007774031214F5E4F074041214F57404F0B7
:10B1C0001412123C1225887A007B10900504E0F9D5
:10B1D000121CAC90195C803C74091212447A007BFA
:10B1E0000079AB1224EC7409121234852182852275
:10B1F00083E8F0A3E9F074021214F57404F0AA21B4
:10B20000AB2212258E7A007B10900504E0F9121C07
:10B21000AC90838B120FAB7A007B10900504E0F9A1
:10B22000121CA074041211B1741A02AEA674EE12AC
:10B230000BD9890B8A0D8B0E8C0CEC605674121294
:10B2400014F5E0F508A3E0F509E508450960447444
:10B25000022CFA7B00121B508A108B11AE10AF111A
:10B26000EE4F602F750A0078081211D0AC0C7D00EB
:10B27000EE2402FAE43FFB121B3274031211B18E6A
:10B28000828F83E50DF0A3E50EF0EEFAEFFBA90B3C
:10B29000121B5C7F0A020F26C082C0839005190230
:10B2A0009F85C082C083900516E004F0F9029F8A52
:10B2B000EAF0A3EBF022C082C0839015D5E4F0A39E
:10B2C000F07CAA7D167A6A7B15121CD612243212E3
:10B2D00022FAD083D08202117E74F2120BD974FE4E
:10B2E000121264E9FEEAFF8B088C0974016E600893
:10B2F00074026E600302B402EF600874036F6003AF
:10B3000002B39B12259AE9605374036F604E121BBF
:10B310004A8A0A8B0B780A1211D4750A01780A122C
:10B3200011D8750A00780A1211D8E509F50A780AC9
:10B330001211D8E508F50A780A1211D8901584126E
:10B340000FAB901886E0F97C807D1690199512C09D
:10B3500057122318740A1211B102B3FD7902121F99
:10B36000D0901886E0F99015841214DE12230CE9AF
:10B37000F874036F600302B3FF9015D7E0F974010E
:10B3800029F0E9C394054077901584E4F0A374F89C
:10B39000F0A374FFF0A37407F0806474016F70620F
:10B3A00074016E790A702E121FD07A007B049017F8
:10B3B0005DE0F9121CACAA21AB2279501221D41203
:10B3C000C32390171012C065790090171012C05750
:10B3D0001223728044121FD090196E120FAB7A00A4
:10B3E0007B20901589E0F9121CA074041211B19011
:10B3F0001886E0F99015841214DE122324E9F8E887
:10B4000060179083A7120FAB7A017B00901589E03B
:10B41000F9121CA074041211B1740202C30F74F665
:10B42000120BD9E9FFEAFE7AD1F9121B6E8A828BE0
:10B4300083E5824583702A7A027B00121B50EA4B17
:10B44000700E7A107B00901589E0F9121B9280141F
:10B450008A828B8374D1F0EFA3F0EEF9121B5C802B
:10B4600003EFA3F002B58074F7120BD98908900599
:10B470000112C5E6801A8E828F8312B4BCE0600987
:10B4800012B4C8FAA908121FFA8E828F8312C886D6
:10B49000FFEE4F70E1901958E0F47003A3E0F46000
:10B4A0000A901958E0FAA908121FFA12274A9015B3
:10B4B0006012C05D1227447F01020F26A3A3E0F8AB
:10B4C000A3E0F98882898322A3A312B4CE2212BBFF
:10B4D00027E02274F4120BD9890B7D00740C12142E
:10B4E000F512C32980010DEDC3950B503D750A007F
:10B4F0008002050AE50AC39C50ECED25E0FEE4332A
:10B50000FFEA2EF582EB3F12C87EF509AE0AEE2E59
:10B51000FEE433FFE82EF582E912C2DD650870040F
:10B52000A3E0650970CC7901800279007F04020FE5
:10B530002602117E74F6120BD912B5D77003A3E060
:10B540006D701775089275091578081211D4EEFA06
:10B550001220A274021211B1801F750802750980B1
:10B5600078081211D48C088D0978081211D412B5FC
:10B57000CC1220BA74041211B1800574021211B1F8
:10B580007F02020F2674F6120BD912B5D77003A3EF
:10B59000E06D701775089F75091578081211D4EEC3
:10B5A000FA1220A874021211B1801F7508037509E0
:10B5B0008078081211D48C088D0978081211D412E1
:10B5C000B5CC1220BA74041211B180B412BD0DE0D2
:10B5D000FD7C8012C0A622EAFEEBFFEE12C1D13F35
:10B5E00012C2FC12B5F128FCE439FD901560E06C44
:10B5F00022FAA3E0F8E4C8F9EA2274F6120BD9742F
:10B60000FE121264EAFEEBFF852182852283E4F0BC
:10B61000A3F012C09012C2F5FBECFA88828983A3D2
:10B62000A3E0F9750900750800600574FF697005ED
:10B630007508828024901560E06A7003A3E06B7047
:10B6400015AA21AB22122C9CE9FA12C2C270037512
:10B6500008838A098003750880852182852283E01A
:10B66000FCA3E0FDA908EEFAEFFB1220AEE50960AD
:10B670000B12C2C2600612C051121BEC02B57B0253
:10B68000117E74F2120BD9EAFEEBFF750900750802
:10B690000012B6F3F50AE439F50B12274AEA650AF7
:10B6A0007003EB650B7012122C90E914F509790107
:10B6B0007AA17B15122C8A800375088012C2D7F5F7
:10B6C0000C780C1211D8750CA1750D15780C12118F
:10B6D000D478091211D8780A1211D478081211D826
:10B6E00012C1E112C2DAF97A057B801220B4740724
:10B6F00002C30F12BD1912C32D88828983E012B5CF
:10B70000F1282274F6120BD9780080308A828B835C
:10B7100012C880FEE4CEFFE5082EE43FF509E825D7
:10B72000E0FEE433FFEC2EF582ED3FF583E508F013
:10B73000A3E509F0EA2402FA50010B08E8C3994096
:10B74000CB02B58074E0120BD98A188B19751300DF
:10B7500075160075170075140075150012C1CC35EB
:10B760001912C6DCF50B850A82F58312B6FDF508C1
:10B77000E439F509850A82850B83A3A312C712A3B6
:10B78000A3E0F9EAFEE439FFE518240FF51EE435DD
:10B7900019F51FE518240EF51CE43519F51DE518FB
:10B7A0002402F51AE43519F51BAA08AB091227C2C1
:10B7B000E964016018AA08AB091227C2E970539026
:10B7C0001560E065087004A3E065096045851C828A
:10B7D000851D83E0F50A780A1211D8E4F50AF50B05
:10B7E000780A1211D4780A1211D878081211D47577
:10B7F000088078081211D8AC1AAD1B851E82851FEF
:10B8000083E0F97A067B801220B474071211B1022A
:10B81000BB22850A82850B83A3A3A3A3E0F509E5D8
:10B820000A2405F50A5002050BE509602212C867D3
:10B83000121BE68A168B17EA45176013AC16AD1774
:10B84000AA0AAB0BA909122B588A0A8B0B80037525
:10B850000900850A82850B83E0F508A385820A85A5
:10B86000830B601E12C867121BE68A148B15EA450B
:10B8700015600FAC14AD15AA0AAB0BA908122B5812
:10B8800080037508009005018045E4F0A3F0AA0C40
:10B89000AB0D850E82850F83A3A312BB2712B4C8FC
:10B8A000F9121B5C850A82850B83E0C0E0A8137443
:10B8B000A128F582E43415F583D0E0F00513A20049
:10B8C0005007AA0AAB0B121BEC850E82850F83E092
:10B8D000F50EA3E0F50FE50E450F700302BA87855C
:10B8E0000E82850F83A3A312C329E8FAE9FB8A829B
:10B8F0008B83E0FC60D3850E82850F83A3A3A3A373
:10B90000A3A3A3A3E0A2E050C0850E82850F83A36A
:10B91000A312B4BCE5824583600FECFA7901122CC6
:10B92000EC8A0A8B0BD200800F8A828B83A3A3A39D
:10B93000A312C6DEF50BC200E50A450B6080850A3E
:10B9400082850B83A3E06E7003A3E06F600D74FF2C
:10B950006E700374FF6F600302B8BE850A82850BA8
:10B9600083A3A3A3A3A3A3A3120FAF850A82850B6E
:10B9700083A3A3A3A3A3A3E0FCAA16AB17A9091250
:10B98000200674021211B1E97038850A82850B8392
:10B99000A3A3A3A3A3A3A3A3A3A3120FAF850A8268
:10B9A000850B83A3A3A3A3A3A3A3A3A3E0FCAA142F
:10B9B000AB15A90812200674021211B1E970030236
:10B9C000B8BEE5082509C333240AFA7B00121B50D0
:10B9D0008A0C8B0DEA450D700302B8A48A828B8312
:10B9E00074D2F0851A82851B8312C3298A828B83C5
:10B9F000A3A3E8F0A3E912C6C6A3E50912C89FE510
:10BA000008F0EA2405F582E4350DF583E5096028A0
:10BA100012C689350D12C05C851610851711751276
:10BA20000078101211D0AC09EC2CFCE433FD121B91
:10BA30003274031211B18004E4F0A3F0E50C240881
:10BA4000F582E4350DF583E508700302B88AA8098C
:10BA5000E828F8E433F9E50C28F8E50D39F9E8129F
:10BA6000C68A3912C05C85141085151175120078CC
:10BA7000101211D0AC08EC2CFCE433FD121B327414
:10BA8000031211B102B88EE513602D851C82851D4D
:10BA900083E0F50878081211D87508A175091578A2
:10BAA000081211D4E513F50878081211D890156022
:10BAB000120FAF7508008033E51812C5EB3519F584
:10BAC00083E07044851C82851D83E0F508780812A8
:10BAD00011D87508A175091578081211D4750800D8
:10BAE00078081211D8901560120FAF78081211D88B
:10BAF000AC1AAD1B851E82851F83E0F97A067B8018
:10BB00001220B474071211B1E51645176007AA1682
:10BB1000AB17121BECE51445156007AA14AB151200
:10BB20001BEC7F18020F26E0F8A3E0F58388822241
:10BB300074EF120BD974F4121264EAFEEBFF8C0856
:10BB40008D09740B1214F57403F012123C121CD6FA
:10BB50001227448A0A8B0BAC0AAD0BEE240CF50AB3
:10BB6000E43FF50B740312123C121CD0E9601CE593
:10BB7000082413F50CE43509F50D850C82F583E0F6
:10BB8000FA74036A601074016A600B852182852251
:10BB900083748402BC9AE5082408F8E43509F9881E
:10BBA0000E890F8882F583E0F510602574FF65101B
:10BBB000601FE5082414F8E43509F9E8FCE9FD7490
:10BBC000036A70188C828D83E0F8600574FF6870DA
:10BBD0000B852182852283748202BC9AE5082409A0
:10BBE000F8E43509F9E8FAE9FBE508240BF5085013
:10BBF000020509850A82850B83E064217002A3E0B7
:10BC00007065852182852283748C12C309E0F5104A
:10BC100078101211D8AC08AD098A828B8312C057F4
:10BC2000850E82850F83E0F91224E074011211B1B0
:10BC3000E97068852182852283E4F0121FC4850C97
:10BC400082850D83E0640370527401121244AA08C5
:10BC5000AB091224FEE970437D007C007900AA083C
:10BC6000AB0912208480348C828D83E0F50C780C33
:10BC70001211D8AC08AD098A828B8312C057A91063
:10BC80001224E674011211B1E985218285228370A4
:10BC900007E4F0121FC480037488F012C2D7F508BD
:10BCA00078081211D87401121234880889097808AA
:10BCB0001211D4850A82850B8312C8804480F5094D
:10BCC00078081211D412C1D712207874051211B15C
:10BCD000740C1211B17F09020F26C082C08374F365
:10BCE000121264852182852283E4F0041214F51275
:10BCF000C05D74031214F5AA82AB83122294AA21A8
:10BD0000AB221222D0740D1211B102B2D2EE12C3C4
:10BD10001D3FF5832212BD1922EE2413F582E43F64
:10BD2000F5832212C672FBEA4B2274E8120BD97417
:10BD3000DB1212648A168B17751200751300750DCD
:10BD40000012C1CC351712C096799C122354901959
:10BD500097E06004640170147A0479001222EEEA1C
:10BD6000F50D852182852283E02A80088521828540
:10BD700022837401F0E0F8E50EC398400302BFEEA1
:10BD8000E0C3950EF509C394044003750903E50962
:10BD900075F01AA4FAABF0121BE68A128B13EA456F
:10BDA00013700302BFF1750C00AE12AF13850E08BD
:10BDB00002BE527C087D0079FFAA14AB15121B3E0F
:10BDC000E50A2404F8E4350BF9EE2416FAE43FFB07
:10BDD000EE2415FCE43FFDEE2414F514E43FF515C4
:10BDE00088828983E0702E850A82850B8312C2C8FF
:10BDF0008514828515837004E4F080087401F09046
:10BE00001723E01485108285118312C3097402126E
:10BE1000C636E48033901723E004851082851183B1
:10BE200012C67EC39403851482851583400302BE27
:10BE3000FB740212C67E6401700302BF078C828D00
:10BE400083740112C6367401F0EE241AFE50010FFD
:10BE5000050CE50CC39509400302BF6CE508C395CA
:10BE60000D400302BF0FAA087B001222F48A0A8B3E
:10BE70000B050890171012C079121CD6850A82850E
:10BE80000B8312C329EE2412F582E43FF583E8F018
:10BE9000A3E912C06BEE2418F510E43FF5118510EC
:10BEA00082F58374FF12C723A3A3A3A3A3A3A3A311
:10BEB000A3E0C0E012C047D0E0F074011214F5E432
:10BEC00012C669F8A3E0F974021214F512C065EE07
:10BED000240AF514E43FF515740112123C1222BE37
:10BEE000E96401600302BDB374041214F5AC82ADC1
:10BEF00083AA14AB15121CD602BDC0740112C67EF3
:10BF00006403600302BE3D8C828D83E402BE43E580
:10BF10000DC3950E40057508008058E50EC3950DBC
:10BF2000F508804F850A82850B83E412C309F090DF
:10BF30001723E0148A828B8312C06B741D1214F5D0
:10BF4000E0C0E012C047D0E0F0EE2414FAE43FFB7A
:10BF50008882898312C2C88A828B837003E480023C
:10BF60007401F0EE241AFE50010F050CE50CC39588
:10BF700009507E740E121244AA087B00798712239E
:10BF800054050874181214F512C079121CD67410D6
:10BF90001214F5AC82AD83EE12C68A3FFB121CD69A
:10BFA000EE2412F8E43FF9740E1214F512C057880B
:10BFB00082898312C05DEE2418FAE43FFBEE24165A
:10BFC000FCE43FFDEE2415F50AE43FF50B901997CC
:10BFD000E060076401600302BF24850A82850B8349
:10BFE000740212C3090412C63674FF02BF38750901
:10BFF00000750A00780A1211D878121211D4780943
:10C000001211D8E50EF50978091211D87405121429
:10C01000F5E0FD7C00E51612C5E13517FBE51612CB
:10C02000C3173517F583E0F91220C074051211B15A
:10C03000E51245136007AA12AB13121BEC7425120C
:10C0400011B17F10020F26EE2419F582E43FF5832B
:10C050002285218285228312C672FB22FBEAF0A38D
:10C06000EBF022A3A3E8F0A3E9F022F0EE2417F509
:10C0700082E43FF5837402F02212C32D8E828F83F7
:10C08000E8F0A3E9F07C247D17EE12C5E13FFB2226
:10C09000EE12C1D13F22F58312B4CEF50EAC21AD24
:10C0A000227A007B0022EE2402FAE43FFBEE240F0A
:10C0B000F582E43FF583E0F92274EF120BD974FEA8
:10C0C0001212648A0A8B0B750E00750F0012C1CC18
:10C0D000350BF58312B4CAF50DAC21AD227A007B85
:10C0E0000079A31224ECAA0D12C323C3EA98E499A1
:10C0F000501E852182852283E0C39AFEA3E094002E
:10C10000FFC3EE9404EF940040617E037F00805FE4
:10C110007E00750C00EEF975080078081211D878C9
:10C120000E1211D4E9F50878081211D8E50DF508BA
:10C1300078081211D874051214F5E0FDAC0CE50A6C
:10C1400012C5E1350BFBE50A12C317350BF583E089
:10C15000F91220C674051211B1E50E450F6007AA49
:10C160000EAB0F121BEC740202BCD2EE4F60A3EEBA
:10C17000FAEFFBEA75F015A4FAA8F075F015EBA438
:10C1800028FB121BE68A088B098A0E8B0FEA450FE3
:10C190006032750C00751000C3E5109EE49F4003EB
:10C1A00002C115AC08AD09A80DE51028FAE4340069
:10C1B000FB79A21224ECE5082415F50850020509C4
:10C1C000051080D4750CB5790002C11712C1D022B8
:10C1D000EA2413F582E422790112C1E1FAE43FFB7B
:10C1E00022EE2402FCE43FFDEE240F2274F4120B35
:10C1F000D974FA1212648A088B09EA12C6EE12C5C3
:10C20000E6FFEEFAEFFB12229AE960171227448A42
:10C210000A8B0BAC0AAD0BEEFAEFFB121CD0E964F3
:10C2200001700A74011214F5E4F0A380097401127C
:10C2300014F5EEF0A3EF12C6D3FEA2E65008740385
:10C240001214F57401F0EEA2E7500874041214F50C
:10C250007401F074051214F512C2CEF0F50A780AD2
:10C260001211D87401121234880A890B780A12113B
:10C27000D4750A34750B80780A1211D4790112C270
:10C28000E212207874051211B19083331214DE1279
:10C2900027687A007B001227747A007B0012276ED1
:10C2A000740112123C122342EEA2E7400D740112F7
:10C2B00014F512C2C87003122C4E74061211B1028A
:10C2C000B52C85218285228312C32DE84922E4F012
:10C2D00085218285228322EE240EF582E43FF583B8
:10C2E000E022E5082402FCE43509FDE508240FFA04
:10C2F000E43509FB2212C2FCFCA3E022F583E0F83E
:10C30000A3E0F988828983E022F08C828D83221257
:10C3100011B17F06020F26240FF582E422240EF5C8
:10C3200082E42285218285228312C32D22E0F8A394
:10C33000E0F922A3F0A3E912C33B22F0EE2402FEAF
:10C340002274F6120BD912C3D512C87EF509AC08B7
:10C35000FDEEFAEFFB121CD6850882850983A3A3A4
:10C36000A312C8A7A3A3F0E5082409F50850020505
:10C3700009F58212C8BCA3A312C06685088285098C
:10C3800083A3A3E0F812BD15E8F0E5082403F5083F
:10C3900050020509EE240BFAE43FFB740368702594
:10C3A000AC08AD09121CD6850882850983A3A3A316
:10C3B000A3A3A3A3A3E0C0E0EE2414F582E43FF519
:10C3C00083D0E0800C85088285098312C6F6F0A32D
:10C3D000E9F002B580ECFEEDFF12C1D03B2274F211
:10C3E000120BD9750A00EA241312C62DEA2410F59F
:10C3F00082E43BF583E0C3940C40128E828F83E08D
:10C40000F8A3E0C812C5EB38F583E0F50AA80AE8FE
:10C4100028F8E433F9E8240DFAE439FB121BE68A24
:10C42000088B09EA4509700302C4BA8E828F831211
:10C43000C6B7F88A828B8312C4C1707EEEFCEFFD12
:10C44000EA2403FAE43509FB121CD6EE2408FE5058
:10C45000010F12C70112C066E508240BF8E4350984
:10C46000F9E8FAE9FB8A828B83E4F0E50A604BE5A0
:10C4700008240DF8E43509F98E828F83A312C71CB6
:10C4800012C694C0E012C6ABD0E0F0EE2404FE5019
:10C49000010F850A0B8E828F83E0FCA3E0FBEC8802
:10C4A00082898312C05EE82402F8500109EE24025A
:10C4B000FE50010F150BE50B70DBAA08AB0902C398
:10C4C0001212C69FAE82AF832274F6120BD912C627
:10C4D00040600302C5DEE812C5E139FBEC2403FE2F
:10C4E000E43DFF8A828B83E05407F5088E828F83B8
:10C4F000E054F84508F50912C5F8A2E3E433F5085D
:10C50000A2E0E433333333F50874F7550945088E58
:10C51000828F8312C5F8A2E4E433FAA2E0E433C4C4
:10C52000FA8E828F83E054EF4AF0E82403FAE4396C
:10C53000FBEC24040EE43DFF8A828B83E054F8F583
:10C54000088E828F83E054074508F50812C5F85419
:10C5500007FA74F855084A8E828F8312C60E8C82B1
:10C560008D83A3A3A3A3A312C5FDA312C67712C6EE
:10C570001412C5F112C61412C67712C62512C5F1DF
:10C5800012C625A312C5F1A3A3A3A3A3A3A3A3A388
:10C59000F0E8240AF85001098882898312C5E6FB75
:10C5A000EEFAEC12C5EB3DF58312C05D88828983FB
:10C5B000A3A3E0C0E0EC240DF582E43DF583D0E0D8
:10C5C00012C5FDE0C0E0EC12C31D3DF583D0E012C2
:10C5D000C60EC0E0EC12C3173DF583D0E0F002B503
:10C5E000802402FAE422E0FEA3E022240BF582E498
:10C5F00022E08C828D83A32212C63AE02212C60169
:10C600002212C60522F088828983A3A3A32212C620
:10C6100001A3E02212C61822A3A3A3A3A3A312C6B8
:10C6200005A3A3A322A3A312C618A3A322F8E43B45
:10C63000F9E8FEE9FF2212C63A22F08A828B8322B1
:10C6400012C1D03B12C2FC8C828D83F08882898318
:10C65000A3A882A98312C5E6FBEE8C828D83A3F08A
:10C66000A3EBF08C828D83E022F0850A82850B8318
:10C67000E022E0FAA3E022A3E08C828D832212C69E
:10C680008222F088828983E022EA240AFAE42212D4
:10C69000C699A32212C699E02212C69FA3A322F034
:10C6A0008E828F83A3227F08020F26E508240CF5D3
:10C6B00082E43509F5832212C6BB22E0FEA3E0FF27
:10C6C0008E828F83E02212C6CA22F08A828B83A3D5
:10C6D000A3A32212C68FA3A3A3A3E022F583E0F5B0
:10C6E0000AA3E02212C6E82212C69FA3E02212C1CA
:10C6F000D13509F58322E0FCA3E0F9EC8A828B8333
:10C70000228E828F8312C672F9EA85088285098398
:10C71000A322E0FA850A82850B83A322A3E08A8202
:10C720008B8322F0850A82850B83A32274F0120B7F
:10C73000D9EAFEEBFF8C088D098E828F8312C678B2
:10C7400012C4C112C89112C33350010F12C88DA375
:10C75000A3A3F0A3E912C6E4C4540F8C828D83A373
:10C76000A3A3A3A312C694F50CEE2404FE50010F5C
:10C770008C828D83A3A3A3A3A3A3E50CF0EC2407D1
:10C78000F8E43509F9880A890BE50C604C12C86792
:10C79000121BE68A0E8B0FA80EA90F850A82850B45
:10C7A0008312C065E849700302C8327A0080248E83
:10C7B000828F83E0F50EA3E0FCE4CCFDE50E2CE4D3
:10C7C0003DF50F12C86EE50EF0A3E50F12C33B5006
:10C7D000010F0AEAC3950C40D68E828F83E0F50CD8
:10C7E000A3AE82AF83850882850983A3A3A3A3A3F5
:10C7F000A3A3A3A3F0606B12C867121BE68A0E8B7B
:10C800000FA80EA90F850882850983A3A3A3A3A35C
:10C81000A3A3A312C063E849701C850A82850B8319
:10C8200012BD23600D121BEC850A82850B83E4F098
:10C83000A3F07901802E7A0080228E828F8312C825
:10C8400080FCE4CCFDE5082CE43DF50912C86EE55A
:10C8500008F0A3E50912C33B50010F0AEAC3950C87
:10C8600040D8790002C6A625E0FAE433FB22EA2587
:10C87000E0FCE433FDE82CF582E93DF58322F58305
:10C88000E0F508A3E02212C32DE8FEE9228E828F94
:10C890008312C8998C828D832212C672F9EA221201
:10C8A000C6CAA3A3A3A32212C8ACA322A3A3A3A373
:10C8B000A3E08E828F83A3A3A3A3A322850983125F
:10C8C000C8998E828F83A3A3A3A3A3A3A32274F7E3
:10C8D000120BD9E9901589F09015687402F0901543
:10C8E0006074FEF0A304F0122744121FEE7A4D7B11
:10C8F00019122CD8121FCA121F1602CD5F74F7121C
:10C900000BD974F01212648908122126E508603AE6
:10C9100090172CE07034901976E06401702C90161A
:10C9200088E06026AC21AD227A627B0012218679F4
:10C9300000AA21AB221225E279001225E87C107DA5
:10C94000007900AA21AB22121B3E12DA3760219037
:10C95000158F12DA57FEA3E0FF90158F12D94912F6
:10C960001BECEEF8EFF990158F12DA44E84970DF0E
:10C97000741002CD5C74F2120BD9890AEAFEEBFF47
:10C980005480702DEEA2E050417901121FD07C0F2F
:10C990007B0F90158DE0FA901592E05407F9121F65
:10C9A000F4EE640102CA39121F0AAA08AB09121B6D
:10C9B00056901589E0F9121B688A088B09EA450927
:10C9C00070E5EEFAEF648002CA64EF5420603B9099
:10C9D000158CE0640C700D7902121FD0121FB290FA
:10C9E000196E800B790C121FD0121FB890196A12A1
:10C9F0000FAB7A007B20901589E0F9121CA074041B
:10CA00001211B1EEFAEF6420805AEE5410602E90AD
:10CA1000158CE0F912200090167AE06401701790EE
:10CA200082CB120FAB7A007B0890175DE0F9121CE5
:10CA3000A074041211B1EE6410FAEF8027EE5408CE
:10CA40006006EE6408FA8037EF5401601A901712FE
:10CA5000E0F874086860057404687003121EFEEE46
:10CA6000FAEF6401FB8018EE5404600A7A0379FF40
:10CA70001221C2121508EEFAEFFBA90A121EE07F7E
:10CA800006020F2674F7120BD9EAFEEBFFEE548074
:10CA90006019121F28121EF87901122BA07A017951
:10CAA00003122C00EE6480FAEF802BEF5402600A30
:10CAB000121F2EEEFAEF6402801CEF5408600A1277
:10CAC0002198EEFAEF6408800DEF5404600B1221F8
:10CAD0009EEEFAEF6404FB80047A007B0002CD5FD7
:10CAE00074F0120BD974F71212648A0A8B0B89093D
:10CAF0007508017E007F0090158CE08521828522DB
:10CB0000837008E4F0F91221B680037401F0AA21C1
:10CB1000AB2279521221DA121FD6901594E09016AA
:10CB2000FDF0901591E06404707DE4F012277A1214
:10CB300027801221AA74016508600302CC18121E16
:10CB4000F2121B4AEA547FF8E50A28F8E4350BF99B
:10CB5000E82464FEE439FF9016661214BA90158436
:10CB60001214C67A0279FF1221C290170374FEF0E4
:10CB7000A304F090170614F0A304F0901710F0A38C
:10CB8000F07C087D0079007A247B17121B3E790027
:10CB9000122792901997E064017050740165097032
:10CBA000347A007B008041121EECE9F50860030234
:10CBB000CB2C121F04E9F508750C018E0D8E0E8E1C
:10CBC0000F901705E0780C12111B901584780C1249
:10CBD000146402CB357C087D007900740112123C8C
:10CBE000121B3E740112123C1221A4750CEF750D3C
:10CBF00016780C1211D4750C6E750D00780C12118C
:10CC0000D47C007D007A217B00121C6A740412110E
:10CC1000B17A0279001221C2A908121ED474FF65EC
:10CC20000A700474FF650B601090158C7401F0128B
:10CC30001F4CEEFAEFFB121FA6901594E0F9122795
:10CC4000BCA90874091211B17F08020F2674F712EB
:10CC50000BD97E001221BCE9F8A2E150077E0179D0
:10CC600000122BA0EEF902CD5FC082C0839019970D
:10CC7000E0700E90158D7402F0901592E054F880DB
:10CC800036901592E054F8F8901997E0640170041A
:10CC900074018007E064027007740248901592F0F6
:10CCA0007AAA7B16122852E990158D7003E480074A
:10CCB0007403F090194C04F002D4F8C082C0839041
:10CCC000158CE06405702C121F467906121FD012D5
:10CCD0001FC4121F2E121FBE901594E0A2E350082D
:10CCE000901984E06401700E9019541214DE12271A
:10CCF000688003121FC402D4F8C082C083790F1267
:10CD0000278C7A0279001221C202D4F874F7120B30
:10CD1000D912277AE9FE7039122786E9602A12278C
:10CD20004A90156012DDF190156012DA3A700790A2
:10CD30001592E054F8F090158D7403F0901712E4FA
:10CD400012D58E121CD680027E099016E9E4F0A35B
:10CD5000F0EE700479008002790180031211B17F36
:10CD600001020F2674F6120BD98A828B83E01460BD
:10CD70001B14605324E8600A2447600B24D66079B2
:10CD800080741220D88072121F10806D90158CE074
:10CD900064027065901997E064016005E0640270B8
:10CDA00058122BFAE9600B122BEEE9604C122C3C66
:10CDB000804712268A8B09EA4509600479018002BE
:10CDC0007900122BE88032901997E064016005E049
:10CDD0006402702590050FE064076005E064087048
:10CDE0001090158AE0700A7A0190050FE0F9122C74
:10CDF00000121F228003121F1C802675088B7509E4
:10CE00001578081211D475080175090078081211F7
:10CE1000D47C007D007A857B00121C6A7404121198
:10CE2000B17F02020F2674F6120BD974EB12126452
:10CE3000EAFEEBFFEE240CF582E43F12CE98780870
:10CE4000120E9402002100220082CE008001805543
:10CE5000CE000094CE1220608A088B09AE08AF097C
:10CE6000EE4F60308E828F83E0700EEE2403FCE480
:10CE70003FFDA312D949122042EEFAEFFB121BEC40
:10CE80008012AC21AD2212205AAC21AD22EEFAEF75
:10CE9000FB12203C74158086F583E0F508A3E0F5CD
:10CEA0000922C082C0837A017B80901589E0F91243
:10CEB00020CC7A007B80901589E0F91220CC7A2171
:10CEC0007B00901589E0F91220CC7A227B00901526
:10CED00089E0F91220CC02D4F8C082C0838A828B08
:10CEE00083E024FC600624FC60148022901997E003
:10CEF00064016005E06402701512213280109019FF
:10CF000097E064016005E06402700312213802D4E6
:10CF1000F874F6120BD990158CE06403600FE0648E
:10CF20000A7062901592E054076401706F90158A40
:10CF3000E0704A7A107B00901589E0F9121B927913
:10CF400001121F3AE9700F12D08A12276879051270
:10CF50001FD07901802990158CE064037017121F8F
:10CF6000BE90050FE06402700C7901122BA07A01CB
:10CF70007902122C007906121FD002D08779001294
:10CF80002BD602D087E064046012E0640E600DE0EE
:10CF9000640F6008E0640D600302D07590158AE0AC
:10CFA000705E90158EE4F07901121F3AE970151247
:10CFB000D08A1227687905121FD07A107B27121F9A
:10CFC0004002D0877906121FD07A007B2090158905
:10CFD000E0F9121CAC901594E0A2E3501D90198466
:10CFE000E070179083331214DE1227687A007B00FA
:10CFF00012276E7A007B00122774121FBE02D087A0
:10D0000090158DE06401703790158EE004F0C394A4
:10D0100004501F901710E0F47003A3E0F4601B901D
:10D02000158D7403F09015697401F090194C740417
:10D03000801C9016B2E06401701590158D800EE092
:10D040006403700B9015697401F0901712E4F012EC
:10D0500027F8122312901594E0A2E3500890198447
:10D06000E06401702290158DE06403701A12D08A7A
:10D070001227688012E0600F121FBE7A107B0090AA
:10D080001589E0F9121B9202CE21901968E0F5088B
:10D09000A3E0AA08FBE4FCFD2274F1120BD974F49E
:10D0A0001212647E007508247509178E0A80010E1D
:10D0B000903357E493F8EEC398400302D175A8214A
:10D0C000A922880C890D780C1211D4750C0C750DE1
:10D0D00000780C1211D47C007D00EE2475FAE43443
:10D0E00000FB121C7074041211B174041214F5A91F
:10D0F00082AA83890C8A0D750E00780C1211D07CDF
:10D10000087D00A908AA09AB0A121B387403121182
:10D11000B1E970617C08790074041214F5AA82AB3D
:10D1200083121BC8E96088EEFF78081211D07C08D2
:10D130007D0074071214F5AA82AB83121B327403AC
:10D140001211B1852182852283E4F0A3F0A3F0A31C
:10D1500012D6121211D475080C7509007808121134
:10D16000D47C007D00EF2475FAE43400FB121C6AC5
:10D1700074041211B102D2BC74F1120BD974DF1213
:10D180001264740C12123C1225DC740C12123488D6
:10D1900008890978081211D47508157509007808EE
:10D1A0001211D47C007D007A827B00121C6A740408
:10D1B0001211B175080080020508AE087F00903397
:10D1C00057E493F8EEC398400302D257EE2475FE5D
:10D1D00050010FA821A922880A890B780A1211D4BC
:10D1E000750A0C750B00780A1211D47C007D00EED4
:10D1F000FAEFFB121C7074041211B174041214F5CE
:10D20000A982AA83890C8A0D750E00780C1211D0A0
:10D210007C087D0079247A177B00121B3874031276
:10D2200011B1E96093741D1214F51214BA852182AC
:10D230008522831214C6A821A922880889097808A2
:10D240001211D475080C75090078081211D47C00ED
:10D250007D00EEFAEF80457C087D0079FF740412B2
:10D2600014F5AA82AB83121B3E741D1214F512141E
:10D27000BA8521828522831214C6A821A922880892
:10D28000890978081211D475080C8F0978081211D1
:10D29000D47C007D00EE2474FAE43400FB121C6A96
:10D2A00074041211B19016E9E4F0A3F07C15FDF9B5
:10D2B000740C12123C121B3E74218002740C121169
:10D2C000B17F07020F2674F1120BD974F4121264A5
:10D2D0007508008054A821A922880A890B780A12AF
:10D2E00011D4750A0C750B00780A1211D47C007DDC
:10D2F00000EEFAEFFB121C7074041211B1740412E8
:10D3000014F5A982AA83890C8A0D750E00780C1277
:10D3100011D07C087D0079247A177B00121B3874A9
:10D32000031211B1E970250508E5082475FEE434FF
:10D3300000FF903357E493F8E508984098852182E0
:10D340008522831214BAE8494A4B605A901588E046
:10D3500070547401F09083A378081214828521829E
:10D36000852283780812135C85218285228312141A
:10D37000BA9016E11214C6A821A922880889097852
:10D38000081211D475080C75090078081211D47CA4
:10D39000007D00EEFAEFFB121C6A74041211B190CA
:10D3A00016E9E4F0A3F002D2BC74F5120BD974DBD9
:10D3B0001212647E00121F3474101212348808890D
:10D3C0000978081211D47508158E0978081211D43D
:10D3D0007C007D007A827B00121C7074041211B1F3
:10D3E000E970467C107D007900AA21AB22121B3E19
:10D3F000A821A922880889098E0A78081211D07CF0
:10D40000107D0074141214F5A982AA837B00121BEC
:10D410003874031211B1E970107E017C157D00791A
:10D4200000741012123C121B3EEEF974251211B159
:10D430007F03020F2674F4120BD98A088B097A0431
:10D440007B00901589E0F9121CB2EA4B4C4D701B21
:10D45000E4F50AF50B78081211CC7A047B009015DC
:10D4600089E0F9121CA074041211B180031211B1E9
:10D470007F04020F26C082C0837A047B0090158946
:10D48000E0F9121CAC7A047B00901589E0F9121BBC
:10D490009802D4F874F6120BD990158BE4F0750845
:10D4A0008B75091578081211D47C017D007A857B73
:10D4B00000121C5E74021211B1E97020780812117A
:10D4C000D475080175090078081211D47C007D001C
:10D4D0007A857B00121C7074041211B102CE217483
:10D4E000F6120BD9E9FE90158B7401F06E7003747F
:10D4F00003F002CDFB1211B1D083D08202117E74F1
:10D50000F6120BD9E9FE121F527A887B1312247A85
:10D5100074016E70249019601214BA901954121488
:10D52000C690196612D93F90169C12DA449019647D
:10D5300012D93F90169E12DA449083331214DE12F1
:10D5400027687A007B001227747A007B0012276E0E
:10D5500074016E702F90158C7402F090158D04F08C
:10D56000901569740112D58E121CD6901712740290
:10D57000F0122312121B4AEA547F2464FA7B001231
:10D580001FA680077A887B13121F4002CE21F07CF1
:10D59000247D177A6A7B152274F1120BD974F71265
:10D5A00012648A088B09ECFEEDFFEEFAEFFB122104
:10D5B0001AEEFAEFFB1220EA9005C612DA3A603250
:10D5C00074081214F57403F08E0C8F0D750E00782C
:10D5D0000C1211D07C087D00740312123C121B3215
:10D5E00074031211B1AA21AB229005C612DA4A12B5
:10D5F0002CEC7900AA08AB091223F6901710E0FC76
:10D60000A3E0FDAA08AB09122810121F9A740902A0
:10D61000D2BEF0A821A9228808890978082274EED0
:10D62000120BD9890F8A108B118C0A8D0BAE11EE5B
:10D63000FA7B00121B508A088B09EA45096035EE17
:10D640006020E50A450B601A850A0C850B0D750EE6
:10D6500000780C1211D0EEFC7D00121B3274031204
:10D6600011B1850882850983E510F0AA08AB09A9E4
:10D670000F121B5C7F0A020F26C082C08374FD124A
:10D680001264E9852182852283F090157612DA5C96
:10D690006009AA21AB22122CEC801774021214F537
:10D6A000E4F0041212447B027A01901589E0F91229
:10D6B0001F647900740302D4F574EE120BD9EAFEEC
:10D6C000EBFF90157812DA5C6006122CEC02D92B75
:10D6D00090175E12CE9A90175EE0F50AA3E0F50B64
:10D6E000EE2404F50EE43FF50FEE2402F50CE43FC2
:10D6F000F50D803E85088285098312D93F850C820D
:10D70000850D83E0687003A3E06970148508828545
:10D710000983A3A3E0F8850E82850F83E068607714
:10D7200085080A85090BE5082414F582E4350912F9
:10D73000CE98E508450970BC7A167B00121BE68A74
:10D74000088B09EA4509700302D92B7C167D007904
:10D7500000121B3E850882850983A3A3A3A3A3A36C
:10D76000A374FEF0A304F0850882850983A3A3A314
:10D77000A3A3A3A3A3A3A3F090175E12DA3A7005A4
:10D7800090175E800BE50A2414F582E4350BF583CF
:10D79000E508F0A3E509F08E828F83A3A3A3A3A3DA
:10D7A000A3A3A3A312D92EA3F0EE2408F8E43FF913
:10D7B0008882898312D92EF0850E82850F8312D933
:10D7C00035F0850C82850D8312D94985088285093B
:10D7D0008312DDF112DC99E0C0E0E5082413F58244
:10D7E000E43509F583D0E0F0E508240BFAE43509C7
:10D7F000FB88828983E06401600CEE240DFCE43F29
:10D80000FD121CD680097C087D0079FF121B3EEEBC
:10D81000240AF8E43FF9880A890B8882F583E0F846
:10D82000901898E0C398400302D92B8E828F83A36F
:10D83000A3A3A3A3E064016009122BFAE970030219
:10D84000D92BC2F0850A82850B83E0F50CE508240C
:10D8500009F8E43509F988828983E0F50DE50824A3
:10D860000AFAE43509FBEE240BFCE43FFDE50DC3A9
:10D87000950C500C8C828D83E0C394144019801950
:10D88000E50D650C70138A828B83E0F50C8C828D1C
:10D8900083E0C3950C5002D2F0EE2407F50CE43F70
:10D8A000F50D850C82F583E070198E828F83E0F58B
:10D8B0000EA3E0F50F901706E0650E7004A3E06577
:10D8C0000F704FA2F050358E828F83E0F50EA3E0EB
:10D8D000F50F850882850983A3A3A3A3A3A3A3E5CA
:10D8E0000EF0A3E50FF0850A82850B83E08882891C
:10D8F00083F08C828D83E08A828B83F0850C828515
:10D900000D83E0600D850882850983A3A3A3A3741A
:10D9100001F08E828F83A3A3A3A3A3A3E0600C8551
:10D920000882850983A3A3A37401F002D67412D9D7
:10D9300035A3A3A322E0850882850983A3A322122D
:10D94000D94322E0F8A3E0F922E0FAA3E0FB227435
:10D95000F4120BD974FB1212648908E990158AF04D
:10D96000707A1227F81228048A0A8B0BAE0AAF0BC2
:10D97000EE4F60547C177D007900121B3E90170615
:10D9800012D93F8E828F8312DA447C087D1712DA17
:10D99000A6121CD690171012DA2912DA4012DC8F68
:10D9A00074AAF090334DE49379002401F8500109F2
:10D9B0007A027B001208DDEE240DF582E43FF58348
:10D9C000E8F012DC857401F090158CE070057903A5
:10D9D000121FD09019541214DE12276890157A1273
:10D9E000DA3A6030852182852283E508F0901703BA
:10D9F00012D94974011214F512DDF190170612D9EB
:10DA00004974031214F512DDF1AA21AB2288828930
:10DA100083122CEC7C007D007B027A02901589E059
:10DA2000F9121F64740502D46D12D9438E828F835C
:10DA3000A3A3A3A3A3A32290158F12D943E849223D
:10DA4000A3A3A3A3E8F0A3E9F02212DA4E22E0F8A0
:10DA5000A3E0F58388822212DA4EE02212D94388AD
:10DA6000828983E58245832274F6120BD9EAFEEBA4
:10DA7000FF1227448A088B09AC08AD0912DAA612F6
:10DA80001CD0E96401701C90157C12DA5C600EEE0B
:10DA9000FAEFFB122CEC8B09EA4509700612DBD376
:10DAA000121F5802CE21EE2402FAE43FFB2274F446
:10DAB000120BD974F8121264EAFEEBFFEE240CF894
:10DAC000E43FF9880889098E828F83A3A3A3A3A3C7
:10DAD000A3A3A3A3A3E06401600302DB62740212A8
:10DAE00014F5E4F088828983E0702574011214F53E
:10DAF000E4F0FAFB1227747A007B0012276E85216E
:10DB000082852283E4F0122C4EAA21AB22122348F4
:10DB10009083331214DE122768850882850983E01A
:10DB20006401702774031214F5E4F0A3F074051275
:10DB300014F5E4F074061214F57401F0740712146D
:10DB4000F5E4F0740312123C122342850882850921
:10DB500083E0F9121F58740212123C79521221DA32
:10DB6000805D1227508A0A8B0B12DBD38E828F8343
:10DB700012D949E50A6A7003E50B6B7025740169D7
:10DB80006013901592E05407640270168508828530
:10DB900009837401F0850882850983E0F9121F5812
:10DBA000801D850882850983E0F50878081211D860
:10DBB000EE2402FCE43FFD121F5E74011211B190CD
:10DBC000157E12DA5C6007EEFAEFFB122CEC74089B
:10DBD00002D46D12DC7AF92274F7120BD9E9FE74C3
:10DBE000016E701990158EE070131227F8122BFA3F
:10DBF000E970077900122BD68003122C3C02CD5F0E
:10DC000002117EC082C08312274A02D4F8C082C0AB
:10DC1000837A007B01901589E0F9121CB2EA4B4C23
:10DC20004D7003121FC402D4F874F6120BD9EAFE29
:10DC3000EBFF12DC9912D93F5480703B12DC7A70F2
:10DC4000367413687001E9602EE8F508E94480F540
:10DC50000978081211D4E4F508F50978081211D4EE
:10DC600012DC85E0FD7C8412DAA612DC8FE0F9126A
:10DC700020BA74041211B102CE21EE240BF582E415
:10DC80003FF583E022EE240EF582E43FF58322EE99
:10DC9000240FF582E43FF58322EE240CF582E43F65
:10DCA000F5832274F4120BD9EA4B60218A088B09A0
:10DCB000E4F50AF50B78081211CC7A017B00901577
:10DCC00089E0F9121CA074041211B1800C7A017B56
:10DCD00000901589E0F9121B9202D47074F7120BB0
:10DCE000D9E9FE901594E0A2E1501A901974E06E03
:10DCF0006013901592E054F84402F0901594740C5F
:10DD0000F0F91227BC02CD5FC082C08390158CE071
:10DD100064016005E06402701190194B7401F07A9F
:10DD2000007B00121FA679018002790002D4F8C09E
:10DD300082C08390158CE06401600AE06402600593
:10DD4000E0640C700990194BE4F0790180027900CD
:10DD500002D4F874F6120BD974F81212647A007BAC
:10DD60000012247A1227448A088B09AE0812274A27
:10DD700075080078081211D8901594E0F9EEFCAD02
:10DD800009122C7274011211B17A007B0012247AEC
:10DD9000901984E064017027AA21AB221227561241
:10DDA000275090167FE0F50878081211D890198353
:10DDB000E0F974011212441227EC74011211B174CB
:10DDC0000802CE1EC082C0837A007B01901589E0D4
:10DDD000F9121B9202D4F8C082C0837A00EA25E0CF
:10DDE00012DDF7E4F0A3F00AEAC3940940EF02D48D
:10DDF000F8EAF0A3EBF022F8E433F9747228F58224
:10DE0000741539F5832274F7120BD9E9FE90158C3D
:10DE1000E06E600EEEF07A107B00901589E0F9124A
:10DE20001B9202CD5F74F4120BD9EA75F0E8A4CA14
:10DE3000A8F075F003A428F875F0E8EBA428FB120D
:10DE40001B2C02EFA574F6120BD974FD121264E9B3
:10DE5000FE121E6EE4F508F50978081211D4790453
:10DE60009083371214DE121E7474021211B17808F6
:10DE70001211D479029083371214DE121E747402C8
:10DE80001211B178081211D479039083371214DE7D
:10DE9000121E7474021211B1E490162CF07808125C
:10DEA00011D47C187D007A017B04121C5E7402126E
:10DEB00011B1E9FFF50878081211D47A927B80122B
:10DEC00016D074021211B174096F703C7508F875A0
:10DED000091878081211D475081875090078081205
:10DEE00011D47C007D007A017B04121C6A74041238
:10DEF00011B1E9F50878081211D47A4D7B81121618
:10DF0000D074021211B18030EF702D7ADD7B811256
:10DF100016D67508F875091878081211D4750818FE
:10DF200075090078081211D47C007D007A017B0409
:10DF3000121C7074041211B1EE90152AF07AE87B6D
:10DF400018901933E0F9121EB67A337B19122C7827
:10DF50007C387D2E903351E493FA901933E0F91216
:10DF60001D247C507D1E7A007B00901933E0F9124D
:10DF70001D2A7AE87B1890193FE0F9121EB67A3F05
:10DF80007B19122C787C047D32903362E493FA90F2
:10DF9000193FE0F9121D247C507D1E7A007B009011
:10DFA000193FE0F9121D2A90152AE0F9121D06907A
:10DFB000152AE0F9121B0E7A807B1E122B28438F44
:10DFC000017A0190152AE0F9121C8212178A9083B7
:10DFD000771214DE121E261216E890833B1214DE0E
:10DFE000121E2674011214F5E4F0A3F08521828537
:10DFF0002283F0AC21AD220412123C1216EEE9701D
:10E000001474011214F5E064607004A3E0640170FC
:10E010000474018001E4901534F090833B1214DE07
:10E02000121E267A687B1E121CDC9083A71214DE57
:10E03000121E269018F9E06004790180027900121E
:10E040001CE29018F9E090152CF090832F120FAB82
:10E050007A017B0090152AE0F9121CA674041211B3
:10E06000B190833F120FAB7A107B0090152AE0F934
:10E07000121CA674041211B17F7FEFF50878081204
:10E0800011D479049083371214DE121E74740212B4
:10E0900011B178081211D479029083371214DE126C
:10E0A0001E7474021211B178081211D4790390838E
:10E0B000371214DE121E7474021211B19082C7124C
:10E0C00014DE121E261FEFC3940250AE7F01EFF53F
:10E0D0000878081211D479049083371214DE121EC6
:10E0E0007474021211B178081211D4790290833736
:10E0F0001214DE121E7474021211B178081211D4B7
:10E1000079039083371214DE121E7474021211B157
:10E110009082CF1214DE121E260FEFC3947F40AE02
:10E12000E4F50878081211D479049083371214DECC
:10E13000121E7474021211B178081211D47902906F
:10E1400083371214DE121E7474021211B178081291
:10E1500011D479039083371214DE121E74740212E4
:10E1600011B190833B1214DE121E26D28190838F50
:10E170001214DE121E26C281740302E81E74F41209
:10E180000BD9EAFEEBFF54807058EEA2E040030288
:10E19000E23E7AEF7B811216D690152FE070249024
:10E1A0001530E02401F0A3E03400F0901530E06475
:10E1B0000A7002A3E07006740190152FF0740190AC
:10E1C0001532F0121E44EE640102E36E12F0B9E063
:10E1D000FAA3E0FBEA4B6003121BECAA08AB09129E
:10E1E0001B5690152AE0F9121B688A088B09EA452C
:10E1F0000960438A828B83E024CC60D0247470DB76
:10E20000A3A3A3E0F50B8A828B83A3A3E0F50A9076
:10E210001887E064017007AA0BA90A121730AA0B2D
:10E22000A90A1216C4E50AA2E650B074019015328C
:10E23000F0121E4480A5EEFAEF648002E3705402EF
:10E2400060107AB47B811216D6121E56EE6402025A
:10E25000E36E7A9D7B81EE5404600C1216D6121E7A
:10E260003EEE640402E36EEE540860591216D67A4C
:10E27000B57B18121628E970299018E57405F090FE
:10E2800018E3F0A3F09018E614F0A37401F07AB547
:10E290007B18791F12163A7AB57B1879011216404D
:10E2A0008003121E7A121CE8908343120FAB7A048B
:10E2B0007B0090152AE0F9121CA074041211B1EE33
:10E2C000640802E36EEE541060201216D690837735
:10E2D000120FAB7A087B0090152AE0F9121CA0748B
:10E2E000041211B1EE641002E36EEE542060681265
:10E2F00016D690152BE0F8740128F0E860481460F9
:10E300004014603814603014602814703E121EAA45
:10E3100090152BE0601790838F120FAB7A207B0053
:10E3200090152AE0F9121CA074041211B1EE6420B9
:10E33000803C121EA480D9121E9E80D4121E98808A
:10E34000CF121E9280CA121E8C80C5E4F090153246
:10E35000E060DAE4F080D6EE54406007C281EE64FB
:10E3600040800BEE5480600B121E86EE6480FAEF44
:10E37000FB80047A007B0002EFA574F0120BD97BBE
:10E38000007A007C0090152DE0F8A3E0F975831861
:10E390007582FAC3E098A3E099501C9018FCE0F84D
:10E3A000A3E0F975831575822DC3E098A3E0995019
:10E3B000047B0180027B0290192378081214827872
:10E3C00008120949A808A9099018FEC3E098A3E01B
:10E3D000995013A3E0FEA3E0FFC3E89EE99F500419
:10E3E0007A0180027A02901927780C12148290190F
:10E3F0000212E74A120B0D7808790C120DF940163B
:10E40000A312E74A120B0D780C7908120E4850043B
:10E410007C0180027C02EBFEC39A5002EAFEEEC34E
:10E420009C5002ECFE9018F8E0700302E5CA9018C8
:10E43000B4E06E700302E614E0703A7F01EFF50875
:10E4400075090078081211D479029083371214DE0E
:10E45000121E7474021211B19083471214DE121E40
:10E46000260FEFC3947F40D5E4F50878081211D445
:10E47000790402E5036401704E7F01EFF508750928
:10E480000078081211D479029083371214DE121E1C
:10E490007474021211B178081211D4790390833781
:10E4A0001214DE121E7474021211B19083471214FA
:10E4B000DE121E260FEFC3947F40C0E4F5087808F3
:10E4C0001211D47902803CE0640270457F01EFF5BF
:10E4D0000875090078081211D47903908337121453
:10E4E000DE121E7474021211B19083471214DE12F0
:10E4F0001E260FEFC3947F40D5E4F508780812116B
:10E50000D479039083371214DE121E747402121130
:10E51000B1EE9018B4F070327F7FEFF50875090006
:10E5200078081211D479029083371214DE121E7407
:10E5300074021211B19082FB1214DE121E261FEF1C
:10E54000C39402500302E61480D074016E70477FBA
:10E550007FEFF50875090078081211D479029083CD
:10E56000371214DE121E7474021211B178081211DF
:10E57000D479039083371214DE121E7474021211C0
:10E58000B19082FB1214DE121E261FEFC3940250BC
:10E590000302E61480BB74026E70797F7FEFF5088A
:10E5A00075090078081211D479039083371214DEAC
:10E5B000121E7474021211B19082FB1214DE121E2C
:10E5C000261FEFC39402404C80D3E4F508F5097888
:10E5D000081211D479049083371214DE121E747459
:10E5E000021211B178081211D479029083371214F3
:10E5F000DE121E7474021211B178081211D479035C
:10E600009083371214DE121E7474021211B1901826
:10E61000B47403F002E73C74F0120BD974FA1212CE
:10E62000647AB57B18121E5C7C057B807A047900C5
:10E63000121CF4901559EAF0A3EBF090190FE0FAD0
:10E640003395E0FB90155912E74A120B0D7808122A
:10E6500011CC90834B120FAB908333120FABEA2493
:10E66000F3F508EB341312E741120AF2780812119D
:10E67000CCEA24DEF508EB340312E741120AF2AAD1
:10E6800008AB09AC0AAD0B121CEE74101211B18A62
:10E69000088B098C0A8D0B9019237808121464904A
:10E6A0008333780C1214827808790C120DF9750CEA
:10E6B00000750D00750E005005750F3F8003750F36
:10E6C000BF7808790C1202377808120949E5091257
:10E6D000E743120AF2901923780812146490153453
:10E6E000E06054AA21AB22121706E9704A85218204
:10E6F000852283E060417401121244740412123CBA
:10E7000012170CE9701374041214F512E74A120B75
:10E710000D90192B7808121464740212123C12170F
:10E7200012E9701374021214F512E74A120B0D90DD
:10E730001927780812146474061211B17F08020FA9
:10E7400026F50912E9B52290152DE0F508A3E0F5AC
:10E7500009E4F50AF50B780822C082C08390158C75
:10E76000E064076005E064067009901532E060031C
:10E77000121E7A90153012EBEA497005E490152FBD
:10E78000F0908377120FAB7A208013C082C0837A17
:10E79000117B821216D6121EB0121E56800F7B00FD
:10E7A00090152AE0F9121CA074041211B1D083D084
:10E7B0008202117EC082C0837A007B821216D690BC
:10E7C00082D7120FAB7A027B0090152AE0F9121C57
:10E7D000A074041211B1790080D374F6120BD975AC
:10E7E00008F875091878081211D475081875090009
:10E7F00078081211D47C007D007A017B04121C6A17
:10E8000074041211B1E9F50878081211D47A097B61
:10E81000811216D074021211B1121E388003121127
:10E82000B17F02020F2674F0120BD974F412126435
:10E83000EAFCEBFDAA21AB227907121652E960032C
:10E8400002E98474081214F5120FAB74041214F563
:10E85000120FAB740C1214F5120FAB7A2C7B8112D1
:10E8600016D0740C1211B174081214F57808121431
:10E87000829082CB780C1214827808790C120A727A
:10E880007808120B0D90834F780C12148278087957
:10E890000C120637780812094990190C12EBEA7528
:10E8A000F064A4F8AAF075F06412E98E24BCF8E9CB
:10E8B0003402F990191A12E99C1214827808120B8A
:10E8C0000D901920E0F50C3395E0F50DF50EF50FE0
:10E8D000780C120AF2780C1211CC9083531214DEC9
:10E8E00012225874041211B18A0C8B0D8C0E8D0FEC
:10E8F0007808790C120637780812094990191E1207
:10E90000E9AA120AF2908353780C121482780879DB
:10E910000C1204517808120949901908780C121445
:10E9200082E508250CF8E509350DF990191CE8F089
:10E93000A3E9F074041214F57808121482901906F1
:10E9400012EBEA75F00AA4F8AAF075F00A12E98E43
:10E950002424F8E934FFF990191612E99C12148264
:10E960009082CB780C1214827808790C120B6A9082
:10E97000192112E9AA120AF29015397808121464C2
:10E9800079008005121E7A7901740C02E739E9A436
:10E990002AF9E50828F8E50939F9E822E8F0A3E9B9
:10E9A000F0852182852283780822E508F0A3E50915
:10E9B000F012E9B5223395E0F50AF50B78082274D8
:10E9C000EC120BD98A088B098C0A8D0B7414121463
:10E9D000F5780C1214829083577810121482780CF8
:10E9E0007910120E48403390835B781012148278AD
:10E9F0000C7910120DF94022751000751150751226
:10EA00007D7513447810790C12045178107908122E
:10EA10000637AA10AB11AC12AD137F0C020F26748F
:10EA2000EC120BD974FF121264E9FE7F0080267C81
:10EA3000017D00AA21AB22EEF912181485218285EE
:10EA40002283E0C0E0EFF8744A28F582E43415F53B
:10EA500083D0E0F00FEEF91218268B09EA45097011
:10EA6000CE90154CE0F890154AE064FE7058A3E093
:10EA700064047052744A28F8E43415F98882898352
:10EA8000A3E0FB88828983A3A3E0F8EBF990152D1E
:10EA9000E8F0A3E9F012E747120B0D85080C850991
:10EAA0000D850A0E850B0F90835F78101214827803
:10EAB0000C7910120451901910780C1214649015EE
:10EAC00035780812146412E747120B0D90190EE006
:10EAD000601E901539120FABAA08AB09AC0AAD0B3A
:10EAE000121E6274041211B18A088B098C0A8D0BF4
:10EAF00090835F780C1214827808790C120451907C
:10EB000019107808121464121E389018F9E0F89061
:10EB1000152CE068600DE8F060047901800279004E
:10EB2000121CE274011211B102EA1A43FD7053F192
:10EB3000BF43F10353FF3F43F37002117E74EC12A5
:10EB40000BD98A0C8B0D8C0E8D0FE9FB53E4FC90D6
:10EB50008363780C121159400B7510807511847500
:10EB6000121E80097510007511247512F4751300BA
:10EB70008A08850D098C0A8D0B78107908120B6AAA
:10EB8000A810A911E8F5DAE9F5DB74141214F512EE
:10EB9000EBEAFAE9F8EB14600B1460111460171437
:10EBA0006023803188DD8ADC75E61C802888DF8A56
:10EBB000DE75E71C801FE89062ADF0EA9062ACF071
:10EBC0009062A3800DE89062AFF0EA9062AEF090A0
:10EBD00062A4741CF0908363780C121159400543B1
:10EBE000E407800375E40302EA1AE0F8A3E0F9E819
:10EBF00022C082C083D281908367120FAB7A400219
:10EC0000E79E74F6120BD990155B12EBEA4990154A
:10EC1000336055E0600302ECDAE4F508F5097808A2
:10EC20001211D479049083371214DE121E74740208
:10EC30001211B178081211D479029083371214DEC0
:10EC4000121E7474021211B178081211D479039053
:10EC500083371214DE121E7474021211B174019003
:10EC60001533F0121E868072E0606F7A807B009010
:10EC7000152AE0F9121CAC7A807B0090152AE0F985
:10EC8000121B987401901532F09018B47403F0E4DC
:10EC9000901533F0F508F50978081211D47904902D
:10ECA00083371214DE121E7474021211B178081226
:10ECB00011D479029083371214DE121E747402127A
:10ECC00011B178081211D479039083371214DE122F
:10ECD0001E7474021211B1121E4402E82174F6125D
:10ECE0000BD97E7FEEF50875090078081211D479EA
:10ECF000049083371214DE121E7474021211B1785C
:10ED0000081211D479029083371214DE121E747423
:10ED1000021211B178081211D479039083371214BA
:10ED2000DE121E7474021211B190836B1214DE1283
:10ED30001E261EEEC3940250AB7E01EEF508780845
:10ED40001211D479049083371214DE121E747402E7
:10ED50001211B178081211D479029083371214DE9F
:10ED6000121E7474021211B178081211D479039032
:10ED700083371214DE121E7474021211B190836F65
:10ED80001214DE121E260EEEC3947F40AEE4F50888
:10ED900078081211D479049083371214DE121E748D
:10EDA00074021211B178081211D4790290833712CB
:10EDB00014DE121E7474021211B178081211D47983
:10EDC000039083371214DE121E7474021211B19074
:10EDD0008377120FAB7A807B0090152AE0F9121C22
:10EDE000A0740402E81E74F4120BD9901532E0608E
:10EDF0005B7A0B7B00121BE68A088B09EA450960E7
:10EE0000428A828B83740212EFAA7416F0A37419DB
:10EE100012EFB87406F0A3741912F1031211D87529
:10EE20000A01780A1211D8780A1211D8780812113A
:10EE3000D47C027D047A3E7B157901121D54740541
:10EE40001211B1AA08AB09121BEC80107C007D00E6
:10EE50007A027B04901933E0F912158602EFA5744B
:10EE6000F4120BD9901532E060667A0B7B00121B0E
:10EE7000E68A088B09EA4509604D8A828B83740211
:10EE8000F0A3E4F0A312EEE3742112EEE3A3741AEC
:10EE9000F0A3741912EFB8740CF0A3741912F103F3
:10EEA0001211D8750A01780A1211D8780A1211D8ED
:10EEB00078081211D47C057D047A3E7B1579011205
:10EEC0001D5474051211B1AA08AB09121BEC801075
:10EED0007C007D007A057B04901933E0F9121586D9
:10EEE00002EFA512EEE72212EEEB2212EEEF22F075
:10EEF0008A828B83A3A3A32274F4120BD9901532B8
:10EF0000E0700302EF957A157B00121BE68A088BEE
:10EF100009EA450960768A828B83740412EFAA7429
:10EF20001CF0A3741912F1A5E412EFBD741EF0A336
:10EF3000741912F0DC7414F0A3E412F0D0742812E7
:10EF4000F0CC7420F0A3741912F0C0741012F1D731
:10EF500012F0BC742BF0EA241312F0BC7408F0A376
:10EF6000741912F1031211D8750A01780A1211D816
:10EF7000780A1211D878081211D47C037D047A3EE5
:10EF80007B157901121D5474051211B1AA08AB0941
:10EF9000121BEC80107C007D007A037B04901933F7
:10EFA000E0F91215867F04020F26F0A3E4F0A31205
:10EFB000EEE7742912F0FE2212F1A9740212F1B5E3
:10EFC000742912F1B5A32274F4120BD9901532E012
:10EFD000700302F0A67A1F7B00121BE68A088B09D9
:10EFE000EA4509700302F09D8A828B83740612F051
:10EFF000F07410F0A3741912F2807402F0A312F1ED
:10F00000B1741012EFC274F9F0A3741812F0DC742A
:10F0100003F0A31412F0D0741012F0CC74F8F0A323
:10F02000741812F0C0740412F1C774FAF0A37418C3
:10F03000F0EA241512F0BC7405F0A37402F012F08B
:10F04000B97421F0EA241812F0BC74FCF0A374180F
:10F05000F0EA241A12F0BC7411F0A374F1F0EA245F
:10F060001C12F0BC7410F0EA241D12F0BC740EF0F7
:10F07000A3741912F1031211D8750A01780A12113A
:10F08000D8780A1211D878081211D47C0D7D047A30
:10F090003E7B157901121D5474051211B1AA08ABFB
:10F0A00009121BEC80107C007D007A0D7B04901906
:10F0B00033E0F912158602EFA5EA241712F0E822D0
:10F0C00012F0C422F0EA241012F0E82212F2982280
:10F0D00012F0D422F0EA240D12F0E82212F0E0221D
:10F0E000F0EA240B12F0E822F582E43509F58322D8
:10F0F000F0A3E4F0A312EEE7743912F0FE2212EE50
:10F10000EBA322F090153DE0F8740128F0E8F50A31
:10F11000780A2274F4120BD9901532E060777A15D0
:10F120007B00121BE68A088B09EA4509605E8A8229
:10F130008B83740412F0F07423F0A3741912F1A5F8
:10F14000740212F1B1742812EFC2740FF0A3741993
:10F1500012F28674FEF0A3741812F1C27400F0A3C8
:10F16000741912F1031211D8750A01780A1211D814
:10F17000780A1211D878081211D47C2B7D047A3EBB
:10F180007B157902121D5474051211B1AA08AB093E
:10F19000121BEC800D7C007D007A2B7B047902121F
:10F1A000158602EFA512F1A92212F1BB7410F0A38B
:10F1B0002212F1B52212F1BBA3A32212EEEFA3A3F8
:10F1C000A32212F0C4740512F1D712F0E87421F0F2
:10F1D000EA241312F0E822F0A37402F0EA241222C7
:10F1E00074F4120BD9901532E0700302F2707A15A4
:10F1F0007B00121BE68A088B09EA450960698A824E
:10F200008B837404F0A37455F0A3E412F0F5742713
:10F21000F0A3741912F2807485F0A3740112F1B195
:10F22000743912EFC2742BF0A3741912F2867402AF
:10F23000F0A3741912F1C27404F0A3741912F1034B
:10F240001211D8750A01780A1211D8780A1211D849
:10F2500078081211D47C0C7D007A3E7B157902125D
:10F260001D5474051211B1AA08AB09121BEC800DD4
:10F270007C557D007A0C7B00790212158602EFA581
:10F2800012F0FEA3A32212F0E07404F0A3740212A1
:10F29000F0D4742112F29822F0EA240E12F0E8223F
:10F2A00074F2120BD9EAFEEBFF8C0A8D0B7A0B7B02
:10F2B00000121BE68A088B09EA4509607490050173
:10F2C00012F34012FBB7900501EAF0A3EBF0EA2439
:10F2D00002F8E43509F9880C890D8882F583EEF08F
:10F2E000A3EF12F3DBA3E50AF012F449A374321280
:10F2F000F33A740112F33AA3F0740E1214F512F3F8
:10F3000040A3A3A3A3A3A3A3A3A312FBB7900501A8
:10F3100012FD7D90050512FBB7850C82850D8312C9
:10F32000FBDE122B40850C82850D8312FC16A3E9AF
:10F33000F0AA08AB097F06020F2612F450A3A322FD
:10F3400012FD818A828B832274F6120BD9EAFEEBBE
:10F35000FF8E828F83E0F9122CA88B09EA450960A1
:10F360000479028027E4F508F50978081211D47CA5
:10F37000007D00EEFAEFFB122CCC74021211B18B5F
:10F3800009EA4509700479108002790002FCC17F06
:10F3900001020F2674F2120BD989088A098B0A120E
:10F3A0002CA28A0C8B0DAE0CAF0DEE4F602A7A04A6
:10F3B0007B00121B50EA4B601F8A828B8374FDF026
:10F3C000A3E50A12F3E0E50812F3DBE509F08E820B
:10F3D0008F8312F45B121B5C02F33512F3E0A3225D
:10F3E000F08A828B83A3A32274F0120BD98A0BECD0
:10F3F000FEEDFF8B0C122CA28A088B09EA450960EE
:10F40000437A077B00121B50EA4B60388A828B8359
:10F4100074FEF074111214F5E08A828B83A312F348
:10F42000E0E50CF074101214F5E08A828B83A3A33C
:10F43000A312F3DB12F449EEF0A3EF12F87B12F4FF
:10F440005B121B5C7F08020F26A3E50B12F450220F
:10F45000F08A828B83A3A3A3A3A322A3A3E0F8A390
:10F46000E0F5838882E0F92274E0120BD974FE1271
:10F470001264852182852283ECF0A3EDF08A128B41
:10F4800013891C900501E0F50AA3E0F50B7EFEEA66
:10F490002402F516E43513F517EA2404F51EE435C5
:10F4A00013F51F8A828B83E0540C640C702179FE63
:10F4B00012FBD8122498E9FE74FE6E700302F674F3
:10F4C000122CA28A088B09EA4509705D02F6748540
:10F4D0001682851783E0F974FF697040E50A450BD1
:10F4E000700302F674850A82850B83A3A3E0F508F6
:10F4F000A3E0F50974221214F5E0F510A3E0F5116C
:10F5000074261214F5E0F51974271214F5780C120C
:10F510001482742B1214F5E0F518802D122CA28A97
:10F52000088B09A909EA4960CB850882850983E02F
:10F53000F9122CA88A0A8B0B80BA850A82850B8364
:10F54000A3A3E0F508A3E0F509E508450970030267
:10F55000F674800D8A828B83E0F9122CA88A0A8BBC
:10F560000B7514FE7515FF850A82850B83A3A3A373
:10F57000A312FBE4EC4D850882850983601A12FB17
:10F58000BD122CECEA4B601D8A828B83E0F514A33C
:10F59000E0F515121BEC800D12FBCC6008A3E0F522
:10F5A00014A3E0F515851282851383A3A3A3A312E8
:10F5B000FD79850882850983E0FAE514687003E522
:10F5C00015696013EA7006E849705C800A74FF6888
:10F5D000700374FF697050851682851783E0FFEA17
:10F5E000F0E518F51478141211D8780C1211CCE546
:10F5F00019F51478141211D8742A1214F5120FAFD9
:10F6000078101211D4740A1214F5120FAFA91CACA1
:10F6100008AD09AA12AB13122CB4740C1211B1EF7D
:10F62000851682851783F0851282851383E0540C3A
:10F63000640C7020EEF912FBD8122498E9FE74FED7
:10F640006E6031122CA28A088B09EA450960030218
:10F65000F5548020851682851783E0F47016850A9C
:10F6600082850B83E0F50AA3E0F50BE50A450B6004
:10F670000302F53A74021211B17F18020F2674ECDE
:10F68000120BD98A088B098C0C8D0D8910EA240E77
:10F69000F582E43509F583E0F50EA3E0F50FEA24E1
:10F6A00010F50AE43509F50B850A82F583E0242775
:10F6B000FA7B00121B508A128B13AE12AF13EE4F5F
:10F6C000700302F86C8E828F83741A12F87B12F822
:10F6D0008812F87112F888A3A312FBB774141214DD
:10F6E000F512FBE4EE2406FAE43FFB122C848508B5
:10F6F00082850983A3A3A3E0C0E0EE240FF582E492
:10F700003FF583D0E012FBA3C0E0EE2414F582E4C1
:10F710003FF583D0E0F0E508240CF582E43509F5E7
:10F7200083E0C0E0EE2415F582E43FF583D0E0F0FD
:10F7300074181214F512FCEBE0C0E0EE2416F5820A
:10F74000E43FF583D0E0F088828983A3E0C0E0EE57
:10F750002417F582E43FF583D0E0F088828983A303
:10F76000A3E0C0E0EE2418F582E43FF583D0E0F09A
:10F77000741A1214F5E0C0E0EE2419F582E43FF5A6
:10F7800083D0E0F0741B1214F51214BAEE241AF5AB
:10F7900082E43FF5831214C6EE241EF582E43FF5A1
:10F7A00083E510F0E5082415F582E43509F58312A8
:10F7B000F8832424F582E43FF58312F871A3A3A310
:10F7C000A3A3A3A3A312F883241212FBB1741612ED
:10F7D00014F512F883241012FBB1EE241FF582E415
:10F7E0003FF583E4F0EE2420F8E43FF9E8FCE9FD7E
:10F7F000850A82850B83E08C828D83F0A3E4F0740C
:10F800001F1214F5E0C0E0EE2426F582E43FF583F4
:10F81000D0E0F0EE2422F8E43FF98C828D8312FBD5
:10F82000DEEA4B602FEE2427FAE43FFB88828983CF
:10F83000EAF0A3EBF0850E08850F09750A00780839
:10F840001211D08C828D8312FBE4121B32740312CE
:10F8500011B1800888828983E4F0A3F0EEFAEFFB0F
:10F86000850C82850D8312F45B121B5C7F0C020FEA
:10F8700026E8F0A3E912F87BA3A322F0850882858D
:10F8800009832212FD81EE22A3A3A3A312FD818E80
:10F89000828F83A3A32274F0120BD974DF12126437
:10F8A000EAFEEBFF8C088D09890AEC45097003021A
:10F8B000F960EE2408F8E43FF9880C890D8882F598
:10F8C00083E0C0E074021214F5D0E0F0E50AA2E390
:10F8D000503388828983E06402600302F960122752
:10F8E0004A8A0E8B0F8E828F8312FBDEE50E6A70C2
:10F8F00003E50F6B600F7C037901122414E96005A6
:10F9000079CD02FB9B850C82850D83E0F87402683B
:10F910006005740F68703C8E828F8312FBDE1227A5
:10F92000C2E9850C82850D836022740FF0E0C0E08F
:10F93000740B1214F5D0E012FBA364037027EEFCE5
:10F94000EFFD740312123C121CD68028E0640F7085
:10F95000DC800D74036860D574016860D0E860CD08
:10F96000790202FB9B8E828F8312FD7D7403121439
:10F97000F512FBB7E50AA2E1741250091214F574EE
:10F98000FFF0A3806C1214F5E4F0A3F090050112CF
:10F99000FBC6604688828983A3A312FBDEE5086A62
:10F9A0007003E5096B8882898370E412FD79E8FCB5
:10F9B000E9FDEC4D602485088285098312FBBD12A8
:10F9C0002CECEA4B602C8A828B8312FD7D74121220
:10F9D00014F512FBB7121BEC801885088285098389
:10F9E00012FBCC600D12FD7C74121214F5E8F0A32A
:10F9F000E9F074181214F5E4F0A3F0E50AA2E4505B
:10FA00001C740B1214F5E0F8740F68601074016830
:10FA1000600B74181214F57404F0A3E4F0E50AA264
:10FA2000E7500974181214F5E04410F0E50AA2E654
:10FA3000501274181214F5E04401F074011214F518
:10FA40007401800674011214F5E4F0E50AA2E25094
:10FA50000974181214F5E04440F085218285228350
:10FA6000E4F0E50AA2E55009741B1214F574048051
:10FA70000D901878E0C0E0741B1214F5D0E0F0741B
:10FA8000371214F512FD7D880C890D8882F583E00C
:10FA9000C0E0741A1214F5D0E012FBACC0E0740C94
:10FAA0001214F5D0E0F08E828F83A3A3A3A3A3A3A7
:10FAB000A3A3A3E0C0E0740D1214F5D0E0F07431FC
:10FAC0001214F512FD7D74101214F512FBB7743385
:10FAD0001214F5E0FEA3E0FF74141214F5EEF0A387
:10FAE000EFF074351214F512FD7D74161214F51230
:10FAF000FBB774391214F5E0C0E0741C1214F5D091
:10FB0000E012FBACF9122CA88A828B83E582458334
:10FB10006012A3A3A3A3A312FBCC60087403121268
:10FB20003C122CECAA21AB22122C96E9C39EE49F36
:10FB300050199016BD12FBC6600D740312123C12D0
:10FB4000FC19122CEC800C7E02800A740312123C09
:10FB50001224D4E9FE740B1214F5E06402702E1224
:10FB6000274A8A0E8B0FA80EA90F74031214F5E012
:10FB7000687003A3E0697015EEFB850C82850D8328
:10FB8000E0FA850882850983E0F9122CC6EE700937
:10FB9000850C82850D83E004F0EEF974211211B119
:10FBA00002F444F0850C82850D83E02212F87BE09C
:10FBB00022F582E43FF583E8F0A3E9F022E0FA7948
:10FBC000028C828D832212FD81E84922A3A3A3A384
:10FBD00012FCEFE582458322851E82851F83E0FAB1
:10FBE000A3E0FB22E0FCA3E0FD22C082C0839005DD
:10FBF0000180048A828B8312FBDEEA4B600B8A82CF
:10FC00008B8312FC14E06970EAD083D08202117EEB
:10FC10008C828D83A3A3E0F8A3E0F583888222740D
:10FC2000F6120BD9122CA88A828B83E58245836059
:10FC300007A3A312FBDE80047A007B0002FCC174E0
:10FC4000F4120BD9EAFEEBFF8908122CA88A0A8B62
:10FC50000BAC0AAD0B7900EC4D60388C828D83A320
:10FC6000A3A3A312FCE1E58245836013AA0809124D
:10FC70002CEC8E828F83EAF0A3EBF07901801C12CA
:10FC8000FC10A3A3A3A312FBDE8E828F83EAF0A352
:10FC9000EB80078E828F83E4F0A3F002FD8774F778
:10FCA000120BD98A828B83E0640170047E08800283
:10FCB0007E00A3AA82AB831224DAE9C39EF902F381
:10FCC0008F7F02020F26C082C08390050112FCEBD9
:10FCD000790080040912FCE1E582458370F602FC9C
:10FCE00009E0FAA3E0FB8A828B832212FCEF22E078
:10FCF000F8A3E0F98882898322C082C0839005013D
:10FD0000801A12FC10E0F8E96003E8600BE88A82D0
:10FD10008B83F0A3AA82AB838C828D8312FBE4ECED
:10FD20004D70DF02FC0974F7120BD9EAFEEBFFEC11
:10FD30002408F8E43DF988828983E08E828F83A3CA
:10FD4000A3A3A3A3A3A3A3F088828983E064037081
:10FD500005121CD6800E8C828D8312FD7D8E828FC3
:10FD60008312FBB78E828F83A3A3A3A3A3A3A3A312
:10FD7000A3A3E4F0A3F002F38FA3A3A3A312FD8136
:10FD800022E0F8A3E0F9227F04020F2674F7120B99
:10FD9000D978007900802774002EF582E43406F5C6
:10FDA00083E08A828B83F0900680E00412FE61C3B8
:10FDB00094804005900680E4F008E8700109900600
:10FDC00080E0FEA3E06E6007C3E89CE99D40C8E8C0
:10FDD000FAE9FB02FFC174F7120BD9900705E0FEA8
:10FDE000F8900704E0FFEEC39FE05010C398F89529
:10FDF000E0F9E824FF18E934FFF9800DC398F8957D
:10FE0000E0F9E8247FF8500109C3E89CE99D500619
:10FE10007A007B00804878007900800BE004F04392
:10FE20009A0408E8700109C3E89CE99D502C8A8275
:10FE30008B83E0C0E0900705E0FE74842EF582E439
:10FE40003406F583D0E012FE61900706E4F09007D7
:10FE500005E0C3947F40C5E480C4E8FAE9FB02FFF3
:10FE6000C1F08A828B83A3AA82AB832274F6120B21
:10FE7000D9900707E0F8A3E0F9E8FEE9FFEE4F604C
:10FE80006C1218028A088B09A808A9097A00900642
:10FE900082E0FC6016A3E0FBE595C39BFBC39C904E
:10FEA00006825005E0C39B8001E4F0E595A3F0C312
:10FEB000E8947FE9940040047A018019C3E8943003
:10FEC000E9940040047A02800CE8496008900682B8
:10FED000E070027A04900706E06006E4F0EAD2E4FB
:10FEE000FAEA600979008E828F83122CEC7F02027D
:10FEF0000F26C082C083900681E0FD900680E0FC62
:10FF0000FAEDF8C39C4008E8C39AFA95E0800D74B6
:10FF100080C39AFA95E0FBEA2DFAE43BFBD083D04C
:10FF20008202117E53FF3F85FFFF53F1FE43F30C26
:10FF300053F2F375868075C48002117EC082C0833F
:10FF4000E97068EA241BF582E43BF583E0F8A3E05E
:10FF5000F9900707E8F0A3E9F08A828B83A3E0F821
:10FF6000740368600A740468600575C23B80037599
:10FF7000C2D8E0601314600B14600314700F75C5D1
:10FF80000A800D75C509800875C508800375C50B05
:10FF90008A828B83A3A3E0600875C44243F3308058
:10FFA0000375C402438640D2AAD2E9790002FF1D3C
:10FFB00074F7120BD9E970051217F080047A007BF0
:10FFC000007F01020F2674F7120BD9E97005121792
:10FFD000F680047A007B0080E8C082C0831217FCA0
:10FFE00002FF1D74F7120BD9E97005121802800484
:06FFF0007A007B0080CBCB
:020000040002F8
:1000000074F4120BD974F81212647508007F009012
:100010001504E4F07E79750A088F0B780A1211D462
:1000200074021212447A007B00EEF91217787402FF
:100030001211B1852182852283E0F47003A3E0F4DC
:100040007013901504E07004EEF080197A01EEF957
:10005000121BF8801074041214F5E0F47003A3E08E
:10006000F460028E080EEEC3947F40AAE508901556
:1000700004601FE0600FF9121C047A007B00A908DD
:10008000121C0A8014A908121C04E508901504F03B
:100090008007E06004F9121C047E79EFFC7A007B93
:1000A00000EEF9121BFE8B0BEA450B60047F017E0C
:1000B000780EEEC3947F40E3EFA2E050147E797C8B
:1000C000007A007B00EEF9121BFE0EEEC3947F4017
:1000D000EE901504E0703C7E007C00EC128118125A
:1000E000900074F86A700374076B7004ECFE80185B
:1000F000EE12811839F583C3E09AA3E09B5002EC1D
:10010000FE0CECC3940640D374792E901504F0F9DC
:10011000121C04790102895425E0F8E433F974F8DB
:1001200028F58274142274F7120BD974F812126431
:10013000EAFF852182852283E4F0A3F0EF60087452
:10014000021214F5E4800774021214F574FF12878A
:10015000927A007B00121C2E74081211B17F0102EA
:100160000F2674EE120BD974F8121264890C8A0EE1
:100170008B0F8C0D7E087F008F0A8F0B750808751A
:10018000090078081211D47402121244EEFAEFFB3F
:10019000A90C12177874021211B18521828522836D
:1001A000E0F47003A3E0F470030282EA7402121414
:1001B000F51285A040087508FC7509FF80081285B6
:1001C00095F508E9F5091285899508E99509501C06
:1001D000E50A2400E50B3408F50BC3E50A9EF50A91
:1001E000E50B9FF50B7E007F080282EAEE2408FEF5
:1001F000E43FFF852182852283128EB1E849700396
:100200000282C3E50E450F604AA80EE50F547FF940
:10021000852182852283E0687003A3E06960030280
:1002200082D674061214F5128EB1E50F5480700F49
:1002300074FF68700374FF6960030282D6800D74D6
:10024000FF68700374FF6970030282D6EEFAEFFB59
:10025000028301EEFAEFFBA90C121C288A108B1105
:10026000A810A91174041214F5E0687003A3E069E2
:10027000704674061214F5128EB1E50D602A74FFF3
:1002800068700374FF69704E852182852283E0FACD
:10029000A3E04480FB121C10EA4B603A7C019015ED
:1002A00005E0F9121C1C802E74FF68700374FF694E
:1002B00060247AFF7BFF80497C01EEFAEFFBA90CFA
:1002C000121C1CE5082408F8E43509F9E50A28F5AC
:1002D0000AE50B39F50BEE2508FEEF3509FFC3EEF5
:1002E00094F8EF9407500302817CA80C128305EE6A
:1002F000F0A3EF12833EE50AF0A3E50BF07A007B52
:100300000074088013E828F8E433F974FA28F582B9
:10031000741339F5832274041211B17F0A020F2677
:1003200074F7120BD9E9FE121784EE2E12830774AC
:1003300008F0A3E412833EE4F0A3F002815DF01222
:10034000834322740628F582741439F5832274EEEF
:10035000120BD974F712126489088A0A8B0B7E007B
:100360007F00750C01750D00780C1211D474021207
:100370001244EEFAEFFB901504E0F91217787402BC
:100380001211B1852182852283E0F4600D9015045D
:10039000E0F9121C0479000285840EEE70010FC38F
:1003A000EF940840BD7E087F007401F0901504E0D2
:1003B00025E0128307E0F50CA3E0F50D750E087536
:1003C0000F00780E1211D47403121244EEFAEFFBF0
:1003D000A90812177874021211B174011214F5E011
:1003E000F47003A3E0F4700302854474031214F55F
:1003F0001285A04008750EFC750FFF8008128595C8
:10040000F50EE9F50F128589950EE9950F50030257
:10041000854474F8C3950CF87407950DF9C3E895F5
:100420000EE9950F5003028557EE2408FEE43FFFC6
:1004300074011214F5128EB1E8497003028530740C
:10044000011214F5E0650A7004A3E0650B70030265
:100450008530EEFAEFFBA908121C288A108B11A830
:1004600010A91174051214F5E0687003A3E0696027
:100470000302853074071214F5E0F47003A3E0F46E
:10048000700B7C00EEFAEFFBA908121C1C7509002A
:1004900078091211D8E4F510F51178101211D474FE
:1004A000061214F5128EA274041214F51290039021
:1004B0001504E0F9121C4674031211B1E97003022D
:1004C0008557E50C2408F50CE4350DF50D780E1272
:1004D00011D4780C1211D4901504E0FCEEFAEFFB65
:1004E000A908121C4074041211B174031214F512FD
:1004F00085AB121C2874051214F5128EC07002EB25
:100500006D7054AA0CAB0D901504E0F9121C228AF0
:10051000108B11A810A91174051214F5E06870036E
:10052000A3E069703274011214F51285AB121C52EB
:10053000EE250EFEEF350FFFC3EE94F8EF94075053
:10054000030283AC852182852283E0701490150418
:10055000E0F9121C048025852182852283E4F08045
:10056000ECE50A450B70157A01901504E0F9121BB1
:10057000F8A908121C04E508901504F0852182856D
:100580002283E0F9740902831874F8C39EF8740793
:100590009FF9C3E822EC2403F8E43DF9E854FC2277
:1005A000128EA2C3EC94FCED94FF22128EA2AA0C30
:1005B000AB0D901504E0F92274F4120BD9EAFEEBAE
:1005C000800374804FFF7508797C00EEFAEFFBA979
:1005D00008121BFEEA4B6008E508901505F080152F
:1005E0000508E508C3947F40E0EF548060D490157F
:1005F00005E4F0FAFB02895974EE120BD974F61275
:10060000126489098A0C8B0DECFEEDFFC3EE94F4A5
:10061000EF94FF400E85218285228374FCF0A37441
:10062000FF8018EE2403F8E43FF9E854FC24085056
:100630000109852182852283F0A3E9F07508007CF9
:1006400006901504E004F50AE50AC3947F4003759B
:100650000A79901504E0650A60317487250A25E05F
:10066000F8E433F974EC28F5827414129000E4C3B2
:100670009AFA74089BFB74F828F582741439F58390
:10068000E02AFAA3E03B1287795009050A1CEC70B6
:10069000B7028772EC7003028772741C1214F5E0C3
:1006A000F50EA3E0F50FA80A128305128EB7FA74AF
:1006B0000899128779400302874E7510087511005A
:1006C00078101211D474041212447A007B00A90A23
:1006D00012177874021211B174061214F5E0F47056
:1006E00003A3E0F4700B12878B7A04FBA90A121C97
:1006F00034AA0CAB0DA90A121C0AE96075E509F5CC
:100700000B780B1211D8780E1211D4EEFCEFFDAA63
:100710000CAB0D901504E0F9121C4674031211B1D4
:10072000E96006901504E0F508E509700A850E8277
:10073000850F83E50A80147A01901504E0F9121BF5
:10074000F8A90A121C04E50A901504F08024E509B2
:10075000F50B780B1211D8780E1211D4EEFCAA0CFE
:10076000AB0DA90A121C4674031211B1E96003858E
:100770000A08A908740A028318FB8521828522834E
:10078000E0F8A3E0F9C3EA98EB992285218285225B
:1007900083E4F0A3F0AC21AD222274F4120BD974DF
:1007A000F8121264890AEAFEEBFF8C0BEE24F8FEC5
:1007B000EF34FFFF75080875090078081211D4742A
:1007C00002121244EEFAEFFB12177874021211B102
:1007D000E50B702074061214F5E4F0A3F074041213
:1007E00014F5AC82AD83EE2404FAE43FFBA90A12AF
:1007F0001C2E803974021214F5E02403F8A3E034AF
:1008000000F9E854FC2408F508E439F50912878B4F
:10081000EEFAEFFBA90A121C2EA80AE828F8E43326
:10082000F9128343E02508F0A3E03509F00289546A
:1008300074F4120BD974FE1212648521828522830E
:10084000ECF0A3EDF08908EAFEEBFFEE24FCFEEFEE
:1008500034FFFFAC21AD22EEFAEFFB121C34750A17
:1008600002750B00780A1211D47402121244EEFAC7
:10087000EFFBA90812177874021211B18521828545
:100880002283129003740202895674F0120BD974F9
:10089000FC121264890CEAFEEBFF8D0B75080075E3
:1008A0000900EC2403F50EE4350BF50F7402780E05
:1008B000121455850E0A850F0B12930E604E750E9D
:1008C00004750F00780E1211D47402121244EEFA5D
:1008D000EFFBA90C12177874021211B1EE2404FE7A
:1008E000E43FFF7800E8FA852182852283E5822AA9
:1008F000F582E43583F583E0FAE5082AF508E43566
:1009000009F50908E8C3940450AF80D9AA08AB09D7
:1009100074041211B17F08020F2674F4120BD9E986
:10092000FE75080175090078081211D48A088B0930
:1009300074027808121455EEF50A750B00740978E4
:100940000A12136FE5082400FAE509350BFB1217AC
:100950007E02888574081211B17F04020F2674F795
:10096000120BD974FC1212648C828D83E085218273
:10097000852283F08C828D83A3E0C0E07401121481
:10098000F5D0E0F074021214F574FFF07403121441
:10099000F574FFF0AC21AD22121C2E740402815AB2
:1009A00074EE120BD974FC121264890A8A088B093E
:1009B0008C0C8D0DEA5403F50B74161214F5E0FE41
:1009C000A3E0FFE50B605C74FC5508F508750E04A8
:1009D000750F00780E1211D47402121244AA081274
:1009E000177874021211B1E50C450D60268E828FC6
:1009F00083E0C0E0A80B128AE9D0E0128AFA050B66
:100A0000E50C24FFF50CE50D34FFF50DE50BC39463
:100A10000440D4AC21AD22AA08AB09A90A121C2EAD
:100A2000128C6AE50C5403F50B850C0E850D0F74C2
:100A300002780E121455850E0C850F0DE50C450D30
:100A40006051780C1211D4EEFCEFFD85080E85097B
:100A50000F7402780E121455E50AF5107511007422
:100A600009781012136FE50E2400FAE50F3511FB1B
:100A700012177E74021211B17402780C12136FA84F
:100A80000CA90DE50828F508E50939F509EE28FE59
:100A9000EF39FFE50B604F750C00750E04750F0004
:100AA000780E1211D47402121244AA08AB09A90AD2
:100AB00012177874021211B180138E828F83E0C0F6
:100AC000E0A80C128AE9D0E0128AFA050C850B0D19
:100AD00074FF250DF50B0470E1AC21AD22AA08AB23
:100AE00009A90A121C2E028316852182852283E51C
:100AF0008228F582E43583F58322F08E828F83A3EA
:100B0000AE82AF832274EE120BD974FC1212648988
:100B10000E8A0C8B0D8C0B74161214F5E0F508A3DD
:100B2000E0F509E5085403F50A74181214F5E0FE1F
:100B3000A3E0FFE50A6072F8C3E50898F508E50947
:100B40009400F50975100475110078101211D47411
:100B500002121244AA08AB09A90B121778740212E8
:100B600011B1EE4F603375100178101211D4A80A3C
:100B700074021214F5128C7612177874021211B1E5
:100B8000050CE50C7002050D050AEE24FF1EEF347E
:100B9000FFFFE50AC3940440C9AC21AD22AA08AB0B
:100BA00009A90B121C2E128C6AEE5403F50A8E1042
:100BB0008F1174027810121455AE10AF1180397570
:100BC000100475110078101211D47402121244AA84
:100BD0000CAB0DA90E12177874021211B1E50C249A
:100BE00004F50CE4350DF50DAC21AD22AA08AB09D6
:100BF000A90B121C2E128C6AEEF8EFF9E824FF1EE6
:100C0000E934FFFFE84970B7E50A605B7E007510C4
:100C1000048E1178101211D47402121244AA08AB77
:100C200009A90B12177874021211B18023751001F3
:100C300078101211D4EEF874021214F5128C761298
:100C4000177874021211B1050CE50C7002050D0E37
:100C5000AF0A74FF2FF50A0470D3AC21AD22AA08A5
:100C6000AB09A90B121C2E028316E5082404F50813
:100C7000E43509F50922E58228FCE43583FDAA0C58
:100C8000AB0DA90E2274EC120BD974F81212648900
:100C90000C8A0E8B0FECFEEDFFE929F508E433F525
:100CA0000974FA2508F51074133509F511851082B9
:100CB000F583E0F50AA3E0F50B750D00852182852B
:100CC0002283EAF0A3EBF074021214F5EEF0A3EF26
:100CD000F0AC21AD22AA0AAB0B121C2E75120875BE
:100CE000130078121211D47402121244AA0AAB0B28
:100CF000A90C12177874021211B174021214F512B1
:100D00008EB1852182852283E0650E7004A3E065A3
:100D10000F6003028E45EE687002EF696003028E79
:100D200045741E1214F5E07003028E20741C121418
:100D3000F5E0F50EA3E0F50F850E82F583EEF8EFF2
:100D4000F9E85403F508E58245837015E875F0FF6E
:100D5000A4F8AAF075F0FFE9A42AF9E8FAE9FB8003
:100D60001F7A007B008009E0FCEA2CFAE43BFBA33D
:100D7000E8FCE9FDEC24FF18ED34FFF9EC4D70E7D9
:100D8000E508601EF87404C398F895E0F9E875F07A
:100D9000FFA4F8ACF075F0FFE9A42CF9EA28FAEB0F
:100DA00039FB74041214F5EAF0A3EBF0E50A240809
:100DB000F50AE4350BF50BE50E450F6017780E12BA
:100DC00011D4EEFCEFFDAA0AAB0BA90C121C3A746D
:100DD000021211B1EEFCEFFDAA0AAB0BA90C121C1A
:100DE0002874041214F5128EC07002EB6D7034AAD0
:100DF0000AAB0BA90C121C228A088B09A808A909A6
:100E000074041214F5E0687003A3E069701585217D
:100E100082852283128EA2AA0AAB0BA90C121C5245
:100E2000750D0174021214F5128EB1C3E894F4E941
:100E300094FF40067EFC7FFF804FE82403500109A9
:100E4000128EA88044C3E894F4E994FF40067EFC27
:100E50007FFF8009E82403500109128EA8851082C3
:100E6000851183128EB7F8740899F9C3E89EE99F3B
:100E70005004E8FEE9FF74062508F582741435096C
:100E8000F583E02EF0A3E03FF0851082851183E02A
:100E90002EF0A3E03FF0A90D74081211B17F0C02EF
:100EA0000F26E0FCA3E0FD2254FC2408FEE439FFF9
:100EB00022E0F8A3E0F922E0F8A3E0F9E4C39822E5
:100EC000128EA2EA6C22C082C0837900E925E0FC80
:100ED000E433FD74872CF58274823DF583E06A70FB
:100EE00003A3E06B600709E9C3940340DFD083D01C
:100EF0008202117E74F6120BD9E9FE8A088B09EC86
:100F0000FAEDFB121C4CE9F8C39403500E128FF556
:100F1000EE129009E508F0A3E509F07F02020F2622
:100F2000C082C083121BF280C474F4120BD9EAFE93
:100F3000EBFF8C088D09121C4CE9C3940350061278
:100F40001B20E9603CEEFAEFFB121C10EA4B60102C
:100F5000EEFCEFFD901505E0F9121C52790080239C
:100F6000740C1214F5120FAFAC08AD09EEFAEFFBDA
:100F70007901121C1674021211B1E960047909801A
:100F800002790A02895974F6120BD974F8121264A4
:100F9000EAFEEBFF121C4CE9F8C394035042128F97
:100FA000F5E090150512900912900375080875096F
:100FB0000078081211D47402121244EA24F8FAEBF1
:100FC00034FFFB901505E0F912177874021211B185
:100FD00074021214F512900374081211B1028F1BDF
:100FE000EEFAEFFB121C108B09A909EA4970BC7AD2
:100FF000007B0080E3740629F582E43415F5832232
:1010000039F583E0FAA3E0FB22F0E812900F2229E1
:10101000F8E433F9740928F582741539F5832274DC
:10102000E2120BD974F71212648A168B178C0C8D8E
:101030000D751100121B20E9606974271214F5E088
:10104000F512A3E0F513E51245137003029302AA0B
:1010500016AB17121C108A188B19901505E0F510A5
:10106000EA451970057909029304750808750900A5
:1010700078081211D47403121244EA24F8FAEB34FB
:10108000FFFBA91012177874021211B17403121425
:10109000F5E50C2512F8E50D3513F9C3E098A3E04A
:1010A000995005790A029304E518250CFEE51935D7
:1010B0000DFF8E148F1574291214F5E0F51CA3E0B2
:1010C000F51D851C08F50985120A85130B750E00A0
:1010D000806B751A01751B00781A1211D4740212F4
:1010E0001244AA14AB15A91012177874021211B188
:1010F000852182852283E0F8850882850983E0685E
:101100006026750E0174051214F5C3E098F0A3E093
:101110009400F0850882850983E0F874051214F5BF
:10112000E028F0A3E03400F00514E5147002051582
:10113000850882850983A385820885830912930E19
:101140007090E50EA2E04003029302852182852281
:1011500083E4F0A821A9228808890978081211D40B
:1011600074051214F5128EA2AA16AB177900121C80
:101170001674021211B1E9F50A70030292A6740303
:101180001214F5128EB1C3E894FCE994FF4008757F
:1011900008FC7509FF800DE8240350010954FCF593
:1011A00008E9F509A80AE828F8E433F974FA28F5FB
:1011B0000E741339F50F850E82F583129329740787
:1011C0001214F5E0F47003A3E0F4700B7C00AA188D
:1011D000AB19A910121C1C780C1211D4781412111E
:1011E000D4AC0AAA18AB19A910121C40740412112D
:1011F000B1E514250CF514E515350DF515781C121F
:1012000011D4AC12AD13AA14AB15A90A121C3A746E
:10121000021211B174031214F5E0C3950CF8A3E0A7
:10122000950DF9E8C39512F50CE99513F50D780CB9
:101230001211D4E5142512F50CE5153513F50D78CA
:101240000C1211D4AC0AEE2512FAEF3513FBA910DB
:10125000121C4074041211B1850E82850F83129303
:101260002974031214F512931F121C28740512140A
:10127000F5128EC07002EB6D702CAA14AB15A90A82
:10128000121C228A088B09A808A90974051214F5F2
:10129000E0687003A3E069700D74011214F51293F5
:1012A0001F121C52800375110A852182852283E05A
:1012B000603465107010740A6511700A901504E0AE
:1012C000F9121C04803C7A01901504E0F9121BF815
:1012D000852182852283E0F9121C048521828522E2
:1012E00083E0901504F0852182852283E0651060FB
:1012F00011740A6511600B7C01AA18AB19A91012B0
:101300001C1CA91174091211B17F16020F26A80A1C
:10131000A90BE824FFF50AE934FFF50BE84922128E
:101320008EA2AA14AB15A90A22E0C39508F514A34E
:10133000E09509F5152274F0120BD9EAFEEBFF8C4B
:101340000A8D0B121C4CE9F874101214F5E0F50C20
:10135000A3E0F50D74121214F5E0F508A3E0F50909
:10136000E8C394035024E8FE780C1211D4AC08AD05
:1013700009EE12900FE0250AFAA3E0350BFB740684
:101380002EF582E43415F5838023EEFAEFFB121C70
:1013900010EA4B7004790A8020780C1211D4AC0842
:1013A000AD09EA250AFAEB350BFB901505E0F912B9
:1013B000177874021211B1790002891574F2120BB8
:1013C000D9EAFEEBFF8C0A8D0B121C108A088B09E0
:1013D000EA450970047909803DEEFAEFFB121C64BE
:1013E0008A0C8B0DE50A650C7004E50B650D600435
:1013F000790C80227C01AA08AB09901505E0F9124E
:101400001C1CEEFAEFFB121C108B09EA4509600464
:10141000790A800279007F06020F2674F6120BD932
:1014200074FF1212648A088B097E05852182852249
:1014300083E4F012169AE9F9704878081211D47C06
:10144000017D00740212123C79D012162E74021221
:1014500011B1E97032852182852283E064607027B2
:101460008508828509837460F0AA08AB0912164CBE
:10147000E9F97009AA08AB09121688E9F9EE7002B9
:1014800079FE7401029DC09083131214DE129499A8
:10149000122CEC1EEE60E980A1850882850983A3E9
:1014A000A3A3A3A3A3A3E0F8A3E0F58388822274F7
:1014B000F3120BD9890CEAFEEBFF8C0A8D0B740D2D
:1014C0001214F5E0F508A3E0F509AA08FB12169A34
:1014D000E9F9703E850882850983A3A3E064016071
:1014E00006E50CD2E7F50C780A1211D4EEFCEFFDFC
:1014F000AA0C850882850983A3E0F98508828509FD
:10150000831294A3122CEC74021211B1E9F9600257
:1015100079FC7F05020F2674F3120BD974EC1212BA
:1015200064EAFEEBFF8C088D09890CE9C3940B403B
:1015300003750C0A74211214F5E0F50AA3E0F50B0B
:10154000AA0AFB12169AE96003029628EE4F70036E
:10155000029628E50845097003029628E50C7003F9
:10156000029624850882850983E08521828522836D
:10157000F0850A82850B83A3A3E0640160137800E1
:101580008009E8FA129632C2E7F008E8C3950C40E9
:10159000F1E50CC3940240537C01ECFA25E0F8E439
:1015A00033F9852182852283E58228F8E58339F99C
:1015B000129632C0E0E824FFF582E934FFF583D0CB
:1015C000E0F0E5082AF582E43509F58312A4F1F08C
:1015D0000CECC3950C40C3A80CE828F8E433F9E8F8
:1015E00024FFF508E934FFF5098007E50CF50875D7
:1015F000090078081211D474021212448E828F836B
:10160000E0FA850A82850B83A3E0F9850A82850BBF
:10161000831294A1122CEC74021211B1E9F9600A40
:1016200079FC800679FD800279FF74141211B102F1
:101630009512EE2AF582E43FF583E02274F4120B52
:10164000D974FF1212648909EAFEEBFF12169AE9B7
:10165000F5087066EEFCEFFDAA21AB22121646E9F2
:10166000F5087013852182852283E0600EEEFAEF83
:10167000FB121676E9F508E508703FEE242EF50A10
:10168000E43FF50BAA097907121694E96012EEFC03
:10169000EFFDAA0AAB0BA909121664E9F508701A46
:1016A000AA097918121694E96010EEFCEFFDAA0A57
:1016B000AB0BA90912166AE9F508A9087401121101
:1016C000B17F04020F2674F6120BD974FD12126456
:1016D000E9FE8A088B0912169AE9F97071AC08AD17
:1016E00009740112123C121646E9F97011740112C4
:1016F00014F5E0600CAA08AB09121676E9F9E97056
:101700004D74021214F574F4F078081211D47C01AF
:101710007D00740212123C79F412162E740212111A
:10172000B1E9702974035EF8852182852283E05433
:10173000FC48F078081211D4790174021212447432
:101740000412123C12163474021211B1E9F9029D0E
:10175000BE74F6120BD9EAFEEBFF8C088D09AA08BD
:10176000AB0912169AE9F9702178081211D47C019C
:101770007D00EEFAEFFB79F412162E74021211B10D
:10178000E9F98E828F83E05403F0029DC374F61250
:101790000BD974FD1212648A088B0974021214F5B5
:1017A00074E0F0852182852283E4F07E0504121422
:1017B000F574B6F012169AE9F9706878081211D427
:1017C00079017403121244740412123C1216347418
:1017D000021211B1E9F9704B90830F1214DE1294CA
:1017E00099122CEC78081211D47C017D007402123D
:1017F000123C79F312162E74021211B1E9F9701627
:10180000EEF874FF28FE04600D852182852283E0B6
:10181000A2E040C4800D852182852283E0A2E050B1
:101820000279FA029DBE74F5120BD974EC1212649F
:10183000890AEAFEEBFF8C088D09908270AC21AD1D
:101840002274081210FA90822D7408121244740C3B
:101850001210FAAA08AB0912169AE97052EE4F60FC
:101860004E78081211D47C087D00740212123C7963
:10187000F712162E74021211B1E9F97034740812BD
:101880001244AA21AB22121658E5082409F5085083
:1018900002050978081211D4EEFCEFFD740A121249
:1018A0003CA90A12165E74021211B1E9F98002799C
:1018B000FF74141211B17F03020F2674F0120BD9BA
:1018C0008A828B83129985F50B740C780812111B90
:1018D000A312A2DA7404780C12111B7808790C1286
:1018E00013CE8A828B831299721213CE8C828D83CF
:1018F00078081214648A828B83129982740C780897
:1019000012111B8A828B83A3A3A3A3E0F50C74049A
:10191000780C12111B7808790C1213CE8A828B83F3
:10192000A3A3A31299721213CE8C828D83A3A3A3B7
:10193000A378081214648A828B83A3A3A3129982CA
:101940007408780812111B8A828B83A3A3A3A3A314
:10195000A3A3E0F50C7808790C1213CE8C828D834A
:10196000A3A3A3A3A3A3A3A378081214647F0802CC
:101970000F26A3A3E0C4540FF50CE4F50D78087905
:101980000C22A3A3A3E0F508E4F509F50A2274E00C
:10199000120BD9890B8A1C8B1D8C088D09750A00C6
:1019A000EA451D7003029B5DEC45097003029B5DD7
:1019B00074201214F5E0FEA3E0FFEE4F7003029BCB
:1019C0005DEC2404FCE43509FD8C828D83129B6759
:1019D000850882850983129B68E5082408F51EE4C2
:1019E0003509F51F851E82F583129B677407550B19
:1019F0007003029B238A828B83A3A3A3A378101274
:101A000014828E828F83E0F514A3E0F51585100C07
:101A100085110D85120E85130F7404780C12121B9C
:101A2000851418851519F51AF51B780C79181213F9
:101A30000C7403781012121BF516F51704781412A3
:101A4000111B7810791412130C8E828F8312A0C38D
:101A500078107914120A729082F77814121482782E
:101A6000107914120D26850C14850D15850E16851A
:101A70000F17780C7914120A729082DB7814121402
:101A800082780C7914120D268E828F8312A0C17871
:101A90000C7914120A7290839B7814121482780CB9
:101AA0007914120D267810790C12139585100C8577
:101AB000110D85120E85130FEE2421F582E43FF5FA
:101AC00083780C12146490831F7810121482780C9F
:101AD0007910120A72908387780C1213A89083836E
:101AE0007810121482780C7910120D269083737876
:101AF0000C1210B2400E750C60750DF0750EFF756E
:101B00000FFF8016908327780C1210B2500C750CC2
:101B100034750D21750E00750F008C828D83780C45
:101B2000121464E50BA2E05018EEFCEFFD12167CD7
:101B3000EAF8EBF9ECFAEDFB8508828509831214CB
:101B4000C6E50BA2E25019EEFCEFFDAA1CAB1D127C
:101B50001682851E82851F831214D28003750AFFA8
:101B6000A90A7F18020F26E4F0A3F0A3F0A3F02245
:101B700074F4120BD974FD121264E9FE8A088B0901
:101B80008C0A8D0B7F01A2E25073EF1214F574F2F0
:101B9000F08A828B83A3A3E05407C0E0740212147E
:101BA000F5D0E0F0780A1211D479017404121244CD
:101BB000740312123C12163474021211B1E9703C13
:101BC000EF1214F574F4F0780A1211D47C017D0040
:101BD000740212123C79F412162E74021211B1E939
:101BE000701A780A1211D479017402121244740323
:101BF00012123C12163474021211B1E9FF74035E22
:101C0000605D74011214F574F4F0780A1211D47C3A
:101C1000017D00740212123C79F412162E74021225
:101C200011B1E9F87037EEA2E05009850882850904
:101C300083129CF1EEA2E150098508828509831286
:101C40009CDE780A1211D4790174021212447403D2
:101C500012123C12163474021211B1E9F8E8FFEFC7
:101C6000F974030296BE74F5120BD974FE12126455
:101C7000890AEAFEEBFF8C088D0974011214F574D1
:101C8000F5F078081211D47C017D00740212123C28
:101C900079F512162E74021211B1E9F9703BE50ABA
:101CA000A2E3500A8E828F83A3A3A3129CF1E50ABC
:101CB000A2E4500A8E828F83A3A3A3129CDE78082D
:101CC0001211D479017402121244740312123C12DC
:101CD000163474021211B1E9F974020298B3A3E048
:101CE000C43354E0F8852182852283E0541F48F0F4
:101CF00022E0333354FC541CF8852182852283E092
:101D000054E348F02274F7120BD98A828B83E012D5
:101D10009D46A3A3F0EA2402F8129D36129D4DF0D1
:101D2000EA240308129D36A3A3A3129D4DA3A3A3E7
:101D3000F07F01020F26E43BF988828983E01313C8
:101D4000543F129D462254078C828D8322F0888254
:101D50008983E0C413129D46A32274F6120BD97432
:101D6000F71212648A088B0978081211D47C047D5A
:101D700000740712123C79F212162E74021211B17D
:101D8000E9F97036AC21AD22740512123C121670BE
:101D9000AA08AB0912164CE9F9701FAC08AD09AAE4
:101DA00021AB22791F121664E9700EAC08AD09AAA6
:101DB00021AB22791F12166AE9F9740980027403B3
:101DC0001211B17F02020F2674E4120BD912A2D0B5
:101DD000781012148290830F780812148278107988
:101DE00008120D2690831778101213A885101485F9
:101DF000111585121685131790830B78081214821B
:101E000078147908120D2685100885110985120AA3
:101E100085130B90830B780C1214827808790C12BE
:101E20000D2678147908120A7285140C85150D8513
:101E3000160E85170F9082F77808121482780C79A5
:101E400008120D26EC241012A0B3120A7285100895
:101E500085110985120A85130BEC240E12A2C8F510
:101E600018A3E0F5193395E0F51AF51B78087918F1
:101E7000120A727401780812111B780C7908121377
:101E80009590830B7808121482780C7908120D262D
:101E9000EC240C12A2E57410780812111B780C794E
:101EA000081213958C828D83A3A3A3A3A3A3A3A33A
:101EB000A3A312A2EB9082FF7818121482781479EF
:101EC00018120D2678087914120A729082FB781481
:101ED00012148278087914120D268C828D83A3A3A4
:101EE000A3A312A0C178147910120A7290830F78FC
:101EF0001012148278147910120D267808791412B1
:101F000013959082EF781012148278087910120DD0
:101F10002690829378081213A88C828D83A3A3A3A2
:101F2000A3A3A3E0F510A3E0F511E4F512F51378EF
:101F3000087910120A72908293781012148278082D
:101F40007910120D26850810850911850A12850B56
:101F500013E510451145124513700302A09A75143C
:101F6000007515007516107517008A828B8378141A
:101F700012124C9082DB7808121482780C790812C5
:101F80000D267814790C12130C908297780812148D
:101F90008278147908120A7290829B78141211596F
:101FA00040107401781412111B78147910120B6A06
:101FB000800E78147910120B6A7401781412111BB8
:101FC0008514108515118516128517137403781062
:101FD00012121BEC241612A2C8F508A3E085080C07
:101FE000F50D3395E0F50EF50F851008851109857F
:101FF000120A85130B78087910120A72740D78088A
:1020000012121B780C7908120A729082DB7808127F
:102010001482780C7908120D268514088515098517
:10202000160A85170B7402780812121BEC2414127E
:10203000A2C8F510A3E0F5113395E0F512F5137879
:10204000087910120A729082FF78101214827808B0
:102050007910120D26780C7908121395EC241212BF
:10206000A0B312139590832B7808121482780C7900
:1020700008120D267814790C12139590829F78140B
:1020800012115950159082A37814121159501775D6
:1020900014B07515AD751601800975143075157578
:1020A000751600751700AA14AB15AC16AD177F1482
:1020B000020F26F582E43DF58312A2EF780C790831
:1020C00022A3A3A3A3E0F514A3E0F5153395E0F54F
:1020D00016F5172274E8120BD912A2D0780C12143C
:1020E000829082A7780C1213A88A828B83A3A3A361
:1020F000A3A3A3A3A37810121482740E7810121154
:102100001BEC241C12A2E57414780812111B781021
:10211000790812130CEC241E12A2E57808790C122F
:102120000A727810790812130C90839B781012139E
:10213000A8908293780812148278107908120D26DC
:10214000850C08850D09850E0A850F0BEC242012DD
:10215000A2C8F5143395E0F515F516F5177808794A
:1021600014120A729082AB781412148278087914CF
:10217000120D26EC241B12A2C8F514E4F515F51671
:10218000F517780C7914120A729082F778141214E9
:1021900082780C7914120D26908293780C1213A871
:1021A0007808790C120A729082AB780C121482783B
:1021B00008790C120D269082AF78081213A8EC242F
:1021C0001912A2C8F50CA3E0F50D3395E0F50EF554
:1021D0000F7808790C120A729082FF78081213A8FF
:1021E00090839B780C1214827808790C120D267853
:1021F000107908120A7285100C85110D85120E8552
:10220000130F9082937808121482780C7908120DBB
:1022100026850C08850D09850E0A850F0B7808792F
:102220000C120A72908387780C1214827808790C49
:10223000120D26EC2418F582E43DF58312A2DA781B
:1022400008790C120A7290832B780C121482780889
:10225000790C120D267810790812130C90833378BC
:10226000101210B2404A75100075110075120075F9
:1022700013009082DB780812148278107908120D0E
:102280002685100885110985120A85130B9082B3E3
:102290007808121159500C750800750990750A01DB
:1022A000750B00AA08AB09AC0AAD0B7F10020F2614
:1022B0009082B778101210B250B875100075119056
:1022C00075120175130080B9F582E43DF583E022B3
:1022D000EC2421F582E43DF58322E0F50CE4F50DD4
:1022E000F50EF50F22F582E43DF58312A2EF22E010
:1022F000F508A3E0F5093395E0F50AF50B2274F62D
:10230000120BD974E61212648A088B09908183AC8F
:1023100021AD22741A1210FA78081211D47C1A7D99
:1023200000740212123C798812162E74021211B136
:10233000E9F9600302A3D7AC08AD09AA21AB2212C8
:10234000168E78081211D47C077D00740212123C9C
:1023500079E112162E74021211B1E9F97079E508CB
:102360002409FAE43509FB74011214F5E0FD852116
:1023700082852283E0FCEA12A4C8ECF0A3EDF0749D
:10238000021214F5E0C0E0EA241BF582E43BF58379
:10239000D0E0F074041214F5E0FE74031214F51288
:1023A000A3F212136FEE12A3E9241C12A3DC74052E
:1023B0001214F512A3F212136FEEC412A3E9241E35
:1023C00012A3DC74061214F5E0C0E0EA2420F582C2
:1023D000E43BF583D0E0F0741A029DC0F582E43B43
:1023E000F583ECF0A3E509F022540FFCE5084CFC62
:1023F000EA22E0F5083395E0F509740478082274C0
:10240000F7120BD9EC2409F8E43DF98A828B831288
:10241000A4E512A4F112A51412A4E612A4EFA3A33A
:1024200012A514A312A4E512A4ED12A52412A4E689
:10243000A3A312A4EDA3A312A524A3A312A505127E
:10244000A4F712A537240BF582E43BF58312A5050A
:10245000A3A312A4F7A3A312A537240D12A4DB246F
:102460000C12A4D1240C12A530240F12A4DB240ECC
:1024700012A4D1240E12A530241112A4DB241012B0
:10248000A4D1241012A530241312A4DB241212A408
:10249000D1241212A530241512A4DB241412A4D1C5
:1024A000241412A530241712A4DB241612A4D1245C
:1024B0001612A53012A4C8E0C0E0E82418F582E4A2
:1024C00039F583D0E0029D302419F582E43BF58391
:1024D00022F582E43BF583E0FCE822F582E43BF55B
:1024E00083E0FDEA22A3E0FD8A828B8322A3A3A3DB
:1024F000A3E08882898322E088828983A3A3A3A39F
:10250000A3A3A3A322E0FD8A828B83A3A3A3A3A3F7
:10251000A3A3A32212A51822F0A3EDF08A828B8335
:10252000A3A3A322A3A3A3A312A518A3A3A3A32297
:10253000F582E439F583ECF0A3EDF0EA22E97900C5
:102540005A6002790102117EC082C083EA4B601D8D
:102550008A828B8312A57C60148A828B8312A57A6F
:10256000600B8A828B83A3A312A57A700479FF8003
:10257000027900D083D08202117EA3A3A3A3A3E09B
:10258000F8A3E0F9E8492274F2120BD974F412129C
:10259000648A088B09ECFEEDFF890C7C0C7D0079C8
:1025A00000AA21AB22121B3E74091214F5E4F08E2E
:1025B000828F83A3A3A3A3A3A3A3A3E0C0E0740873
:1025C0001214F5D0E0F08E828F8312A73212B2E699
:1025D00090195AE024FFF50AA3E034FFF50B8508B3
:1025E00082850983E0850A82850B83F0750D1E784C
:1025F0000D1211D878081211D4780A1211D4E50CF2
:102600002401F508E43400F50978081211D4742186
:102610001214F5120FAF901629E0F97C4D7D197454
:102620000912123C122CAE74091211B1740C02A7DB
:102630008E74F5120BD9890990195A12B08889083D
:10264000740D1214F512B3F980178882898312AAC7
:10265000A212AAB4A882A9838E828F83A3AE82AF6E
:102660008385080A74FF250AF5080470DD740F12CB
:1026700014F5E0901629600474408001E4F0740BB6
:102680001214F5120FAFA90912207274021211B1BF
:10269000E9F9901629E4F07F03020F2674F6120B75
:1026A000D9E9FE12A7B1F0EEF50875090078081215
:1026B00011D4790202AAE274F4120BD974F712123F
:1026C00064EAFEEBFF890A8C0B90195AE0F508A327
:1026D000E0F509EEFCEFFD7A837B17121CD0E97060
:1026E0000A74081214F512A82C801274081214F53A
:1026F0007402F090156012A732E8F0A3E9F0EEFC46
:10270000EFFDAA08AB09121CD68A828B8312AEFE9B
:10271000E4F508F50978081211D4790A7402121246
:10272000447AD87B1512207274021211B174090216
:10273000AECC12B3FD8521828522832274F6120B62
:10274000D974F7121264E9FEECFF12B3F6740812A2
:1027500014F57402F0852182852283EAF0A3EBF060
:10276000EA88828983F0EB12A784F0EF888289835C
:10277000A3A3A3F075080175090078081211D47994
:102780000402A7BAA3F0EE88828983A3A3221211C0
:10279000B17F06020F2674F6120BD912A7B112AE42
:1027A0009875080475090078081211D4790302AAF3
:1027B000E212AEDEEC12AED8ED2274021212447AAE
:1027C000D87B1512207274021211B174091211B162
:1027D0007F02020F261211B17F07020F2674F61234
:1027E0000BD974F7121264E9FE74081214F512A8DA
:1027F0002712AE8CEA12AED4EBF090195AE0240204
:10280000FAA3E03400FB121CD612B402C8240AF565
:1028100082E438F583EEF075081375090078081224
:1028200011D4790B02A7BA12A82CF022740FF085EC
:10283000218285228374FDF0A374FF221211B17FDF
:102840000E020F2674ED120BD974F81212648A0A64
:102850008B0B7EFE7FFF750800750900EA240C12C1
:10286000AEB412AEC6EA4B70047C0880027C02E56E
:102870000A2413F582E4350BF58312AB4E2CF58256
:10288000E439F583E0F512E50A240BF510E4350B85
:10289000F511EA4B701A88088909AC08AD097A83EA
:1028A0007B17121CD0E9603C90156012B088802420
:1028B00088828983E0FAA3E0F8E4C8F9EA28FEE414
:1028C00039FF901560E06E7003A3E06F7016750815
:1028D0008375091774FE6E700374FF6F6006E50858
:1028E0004509700C851082851183E0600302A9AC54
:1028F00012A9B074FE6E700374FF6F6026E5084580
:10290000096020E5126006740165127005751200F9
:10291000803B751280851082851183E06401702DE3
:1029200002A9AC751281850C82850D8312AB4E49CC
:1029300070067EFF7FFF80157C087D0079FFAA214D
:10294000AB22121B3EA821A92288088909850E8284
:10295000850F83E512F0A385820E85830FAC08AD49
:1029600009AA0EAB0F121CD68A828B83EEF0EFA35E
:10297000F09016297410F0850C82850D83E0F5081F
:10298000A3E04480F50978081211D4790BE50A24F4
:1029900002FCE4350BFDE50A240FFAE4350BFB12CB
:1029A000207274021211B1901629E4F07408800BA1
:1029B00090195AE0F50EA3E0F50F221211B17F0B2A
:1029C000020F2674F6120BD990195AE0FEA3E012FA
:1029D000AB651214F512AAA8541F8E828F8312AA17
:1029E000B112AA8F12AAB112AAA112AABD12AA8F5D
:1029F00012AABD12AAA112AAC812AA8F12AAC8A30B
:102A000012AA9412AADC12AA94A3F0E82408FCE407
:102A100039FD8C828D83E0F508EE240BF582E43FCE
:102A2000F583E50812AD61E0C0E0EE240CF582E428
:102A30003FF583D0E012AADCA3A3A3E0C0E0EE241C
:102A40000DF582E43FF583D0E0F0E8240BF582E455
:102A500039F583E0C0E0EE240EF582E43FF583D043
:102A6000E0F0E8240CF582E439F583E0C0E0EE24E0
:102A70000FF582E43FF583D0E0F075080275098018
:102A800078081211D4791012AB3F50010B805B1201
:102A9000AAA2A32212AAA2A3A3A3A3A3A3A3A3A30C
:102AA00022A3E08E828F832212B3FD88828983E085
:102AB00022A3A3A312AAB82212AB5FA322A3A3A3AB
:102AC000A3A312AAB8A3A322A3A3A3A3A3A3A3125D
:102AD000AAD32212AB5FA3A3A3A3A32212AAD3A3B8
:102AE000A322EAFCEBFD7AD87B1512207274020255
:102AF000A7CD74F6120BD912AB4BFEE912AB6512DF
:102B000014F512AAA88E828F83A312AB58F508A3DE
:102B1000E0F509540FF9740C7808121455E508C44F
:102B2000498E828F83A3A3A3A3F075080375098040
:102B300078081211D4790512AB3F50010B80ABEA33
:102B40002402FCE43BFDEA240FFA2290195A12AB4E
:102B5000522212B405F9E822A3A312AB5FE022F0DF
:102B60008882898322FF8E828F83E4F0ECA3F0EDCC
:102B70008E828F83A3A3F0740A2274EC120BD912F5
:102B8000B3F4EC2409F508E43D85080CF50DEC24BC
:102B900006F508E43D85080EF50FEE7024EC4D6057
:102BA00020850C82850D83E0FF850E82850F83E0F2
:102BB0002FC333240CF50AC3944F4008791002AD9B
:102BC00019750A04EE88828983F0EA2413F508E473
:102BD0003BF509850882F583E0FFA3E0F5838F824A
:102BE00012AEF4A312AD56FFA3E0F5838F82A312B9
:102BF000AD50F0E82403F582E439F583E50AC39487
:102C000005500302ACFC74FC250AF08C828D831203
:102C1000AD5012AD5F85820885830912AEF412AD06
:102C200068F0EC2403F508E43DF509850882F58396
:102C300012AD5012AD6812AD5FA3A3A3A3E0540F71
:102C400088828983A3A3A3A3A3A3A3A3A3F0850E30
:102C500082850F8312AD50A3A3A3A3A3A3A3A3F0C4
:102C6000E8240BF8500109850E82850F83E0603857
:102C70007F00EC2407F508E43D850810F511801964
:102C8000EF25E0F508E433F50912AD3B12AEA612CC
:102C9000AD3B12AD2A5001090F850E82850F83E0EE
:102CA000F508EFC3950840D8850C82850D8312AED8
:102CB000A6A3A882A983850C82850D83E0603F7F4F
:102CC00000EC240AFC50010D8C088D09850C8285CE
:102CD0000D83E0FCEFC39C5025EF25E0FCE433FDC1
:102CE000850882850983E012AD1E12AEF412AD563E
:102CF00012AD1E12AD2A5001090F80D0E4F0750804
:102D00000475098078081211D4A90A12AB3F50014A
:102D10000B12207274021211B17F0C020F262CF5D7
:102D20000BA3E03D850B82F5832212AD2E22A3E09A
:102D300088828983A3F0E82402F822851082851115
:102D400083E02508F50BA3E03509850B82F5832286
:102D500012AEF8A3A322F0850882850983E022A39E
:102D6000A3F08C828D83A322A3A3A3A312AD791217
:102D7000AEF8A3A3A3A3A3A322A3F0850882850989
:102D800083A32274F1120BD974FF121264E9852116
:102D900082852283F08A0A8B0BECFEEDFF90195A94
:102DA00012AE9F7508047406650A70047480650B82
:102DB0007005750910800375090074101214F5125E
:102DC000AEC174111214F512AEAB74131214F5E007
:102DD000F98A828B83A3A3A3F0602C740429F508DD
:102DE00074141214F5E0F50CA3E0F50D750E0078DF
:102DF0000C1211D0E9FC7D00EA2404FA50010B12F8
:102E00001B3274031211B1E509901629F0780A12E9
:102E100011D4A908EEFCEFFD740212123C122072CC
:102E200074021211B1E9F9901629E4F00402A7D551
:102E300074F7120BD974FF121264E985218285227E
:102E400083F012AE8CECF0740A1214F512B3F99000
:102E5000195AE0FCA3E0F5838C82A3E812AE981225
:102E6000AE8CA3A3A3E4F0740C1214F5120FAF7987
:102E700004EAFCEBFD740212123C1220727402127E
:102E800011B174011211B17F01020F2690195AE09D
:102E9000F8A3E0F58388822212AED8A3E9F02212CB
:102EA000AB52FAE9FB2212AEF8F02212B23EA312A4
:102EB000B250F022F50CE4350BF50D850C82F5834C
:102EC0002212B1F6F022E0FAA3E0FB221211B17F48
:102ED00004020F2612AED822F012AEDEA322901901
:102EE0005AE0F8A3E0F58388822274011211B17FC1
:102EF0000D020F2612AEF822E08882898322E50AAD
:102F0000F0A3E50BF02274EB120BD974FF121264DC
:102F1000E9852182852283F08A128B138D1474181F
:102F20001214F512B088EC602612AE8CECF0750825
:102F30003175098078081211D47901AC12AD13747F
:102F40000212123C12207274021211B102B0747497
:102F5000171214F5E0F50E75F016A42404F50B1203
:102F6000B0A6121BE68A088B09EA4509700579109C
:102F700002B0748A828B83A385820C85830D850CB5
:102F800010850D11E4F0A3E514F074161214F51277
:102F9000B08EE50EF0E5102404F510500205117511
:102FA0000F0002B036EE2402FCE43FFDAA10AB1184
:102FB000121CD6EE240AFCE43FFDE5102408FAE4D6
:102FC0003511FB121CD6EE241212B1EA12B216F021
:102FD000EA2402F8E43BF912B1E012AEA6EE2415A1
:102FE000F582E43FF583E0333354FCFC8882898327
:102FF000E04CF0EE2416F582E43FF583E0C454F093
:10300000FC88828983E04CF0EE241712B077F0EE52
:103010002418F582E43FF58312B0AEEE241912B005
:1030200077A3A3F0EA2406F510E43BF511EE241A89
:10303000FE50010F050FE50FC3950E500302AFA51B
:1030400090195AE50CF0A3E50DF0750C31750D8063
:10305000780C1211D4A90BAC12AD13740212123CED
:1030600012207274021211B1E9FEAA08AB09121BF8
:10307000EC12B0B402AEEAF582E43FF58312B081FF
:103080002212B1F6A3A3A322E0FEA3E0FF2212B016
:103090009CF0851082851183A3A3A322E085108272
:1030A000851183A3A3222401FAE43400FB2212B089
:1030B00081A3F02290195A74DAF0A37415F0EEF996
:1030C0002274EA120BD974FF121264E985218285F9
:1030D0002283F08A128B138C0E8D0874181214F54B
:1030E000E0F50975F015A4240412B0A6121BE68AB7
:1030F0000A8B0BEA450B7005791002B1DB8A828BD3
:1031000083A385820C85830DAA0CAB0DE50EF0A37D
:10311000E508F074171214F512B1FCE50912B210AB
:1031200050010B750F0475100074191214F512B0CC
:10313000888016740E250FF50F12B229FA50010B74
:10314000EE2415FE50010F0510E510C395095057E8
:10315000EEFCEFFD121CD68E828F83A3A3A3A3A344
:10316000A3A3A312AEC1EE240912B1EAA312B216B0
:10317000A3F0EE2413F8E43FF98882898312B20D9C
:1031800050010BEE240BFCE43FFD88828983E06450
:103190000370A07415250FF50F121CD612B1E012A2
:1031A000B1F212B222809990195AE50CF0A3E50D04
:1031B000F0750C33750D80780C1211D4A90FAC1278
:1031C000AD13740212123C12207274021211B1E992
:1031D000FEAA0AAB0B121BEC12B0B4740102A83C9D
:1031E000EE2414F582E43FF58322F8E43FF9888267
:1031F000898312B1F622E08A828B832212B21DA348
:1032000012B20422F08A828B83A3A3A32212B0817C
:10321000F0EA2404FA2212AAB812B21D2212B1F660
:10322000A322F0A3AA82AB83228C828D8312B1F6F3
:10323000F08C828D83A312B21DF0EA24022212B414
:1032400005F9E88A828B8322E0F510A3E0F51122CC
:10325000F0E98A828B83A3A32274F2120BD9890A24
:103260008A088B0990162A12B088EEF8EF80288819
:10327000828983A3A3E0650A701288828983A3A34D
:10328000A3E065087004A3E065096051E8FEE9FF6A
:103290008882898312B405F9E84970D37A057B00E6
:1032A000121BE68A0C8B0DA80CA90DE84960328828
:1032B000828983A3A3E50A12AAC2E508F0A3E5095F
:1032C00012AB5FE4F0A3F090162A12AEC6EA4B6090
:1032D000068E828F83800390162A12B2E6790080D0
:1032E00002791002A791E8F0A3E9F02274ED120B25
:1032F000D98A088B09750E0090162A12B40AEA249E
:1033000010F50CE43509F50D02B3E6E508240CF5DB
:1033100082E43509F58312B3F9850A82850B83A30C
:10332000A3A312AEC6E86A7002E96B601B74FF6A61
:10333000700374FF6B600302B3DDE954807009749D
:10334000136849600302B3DD850C82850D83E02498
:1033500017FAE43400FB121B508A108B11AE10AF29
:1033600011EE4F60788508108509117512007810EC
:103370001211D07C177D00121B3274031211B1851B
:103380000C82850D83E0603AEE2417FAE43FFBEEF1
:103390002413F582E43FF583EAF0A3EBF0E508247B
:1033A00013F582E43509F58312B24878101211D072
:1033B000850C82850D83E0FC7D00121B32740312A4
:1033C00011B18E828F8374D3F0EEFAEFFB850A82FF
:1033D000850B83A3A3E0F9121B5C750E01850A829D
:1033E000850B8312B40AE50A450B600302B30BA9EF
:1033F0000E02A9BEE9FE90195A12B3FD2212B405BD
:10340000F92290195AE0F8A3E022E0F50AA3E0F5CA
:103410000B2274F6120BD974E91212647E00740A3E
:103420001214F5740212B54CA3A312B3F97402126C
:1034300014F512B2E6EA2415F582E43BF583E0C008
:10344000E0740B1214F5D0E012B54C12B3F9740C01
:103450001214F512B2E6EA2419F582E43BF583E092
:10346000C0E0740E1214F5D0E0F0EA2420F582E4F6
:103470003BF583E014C0E074101214F5D0E0F0EADC
:103480002422F8E43BF988828983E02401FCA3E04C
:103490003400FD74131214F5ECF0A3ED12AB5A12C4
:1034A000AE90E0C0E0740F1214F5D0E0F0EA241200
:1034B000F582E43BF58312B3F974111214F512B2DC
:1034C000E6EA2424F582E43BF58312B3F97415127D
:1034D00014F512B2E6AA21AB221220D2E9FC800137
:1034E0000EEEF5087509007402780812136F744423
:1034F0002508F874323509F988828983E493C0E09D
:10350000740193F583D082AA82AB8374FF6A70033F
:1035100074FF6B6028740C1214F5E06A7003A3E06A
:103520006B70BDAA21AB2288828983A3A3E493C0D8
:10353000E0740193F583D082122CEC800AEC7007C2
:10354000AA21AB22121FA0741702A7CD12B204A3A6
:1035500022C082C08390078AE4F0900798F0900719
:103560008EF0A3F090078912BDC990078BE4F0900C
:103570000799F090079AF090079B02BC4FC082C059
:1035800083906194740512BA3A75E9FBE8A2E79258
:10359000AF9061A3E0D2E202BC4FC082C083121A96
:1035A0007E90078AE4F0F9121A6002BC50C082C013
:1035B0008390079A7401F0900799E07008121A122C
:1035C00090079AE4F002BC50C082C0839061A4E0EE
:1035D000C2E0F09061947405F075E1ED75E1EDA83D
:1035E000A8C2AF759B0075E9FBE8A2E792AF12BADB
:1035F0004CF9E84960077A8E7B071228D690078C31
:10360000741EF0A3741AF0900789E0700690078B7F
:10361000E0600C900789E4F090078BF0121A4802E2
:10362000BC50C082C08390079AE0702190079974C3
:103630000112BDD712BA23122CEC900799E4F09036
:10364000079AE06008121A1290079AE4F002BC5040
:1036500074F1120BD974FE121264750A0090078976
:10366000E060031217549007897481F090079CE082
:10367000600D906193E0A2E74010E0A2E6400B905D
:103680000789E4F0121A4802BA011218D412BD7266
:1036900090078AE0900797F079047A907B071219D7
:1036A00064900790E0547F24FD900794F0C3947DCC
:1036B000400302B7D6900791E05407F8C394044042
:1036C0000302B7D6740268600302B76F900798E0F0
:1036D000600302B76F7902AA21AB22121964A2AF6C
:1036E000E433F508C2AF90079EE0648670799017C6
:1036F0009A12BA4FF9E849700312175412BDA18506
:103700002182852283E02824B7FE74011214F5E09B
:10371000547FFFFAEEF91219E290179A12BBA22415
:1037200015F582E438F583E912BA542416F582E4DB
:1037300038F583EF12BA542417F582E438F583EE96
:10374000F0E508A2E092AF74011214F5E0A2E75090
:1037500011900791E05410FA900793E0F9121AD8EB
:10376000807A121ADE8075E508A2E092AF806D9033
:10377000079EE064867003121ADE900797E0602FC0
:10378000900798E07029900797E06401700302B8F1
:1037900017900791E05407F8900797E064027005CE
:1037A000E87074800AE064037005740368706890C0
:1037B0000792E0F81313543F5403F508E8C41313B9
:1037C0005403F509900713E0701874016509600649
:1037D00074016508700C75E1ED75E1ED121A3C029B
:1037E000BA01A80912BA0BFAA80812BA0B2AFEE508
:1037F00009600A900791E0A2E650021E1E9007940D
:10380000E0FAEE79002402F8500109C3EA98E4993D
:10381000A2D265D0335006121A4E02BA01E0C39EFE
:1038200024FE90079612BA5C5003750A25900796FD
:10383000E0F8E50A28F8E43400F9E8243AFAE43933
:10384000FB1228D090078EEAF0A3EB12BA43F9E8F6
:1038500049700575E1E880BF7F00900791E0F8901E
:103860000798E0700774205890078BF090078BE062
:10387000604AA2AFE433F50AC2AF7407586403701C
:103880001D1228CAE9600302B9DF900709E070033E
:1038900002B9D6121844E964FE700302B9DF9061E0
:1038A0008AE0C2E212BA3A7591FEE8A2E792AF90BE
:1038B00061A4E0D2E0F0E50AA2E092AF90078EE0CA
:1038C000243AF8A3E03400F990078EE0FAA3E0F57B
:1038D000838A82A3A312BDB6243312BB93900796AA
:1038E000E0C0E012BA18D0E012BA43F5838882A390
:1038F000A3A3A3E0C0E090078F12BD7FD0E012BA6F
:103900005C503A12BA2B7403F0750C91750D077563
:103910000E00780C1211D012BA2BE0FC7D0012BC04
:1039200026121B3274031211B190078EE024331259
:10393000BD8E2435F582E43AF58312BC3712BB9F65
:10394000241BF582E438F583E50912BDBF2424F574
:1039500082E438F583E508F01219228A088B098C75
:103960000A8D0B12BB9F2425F582E438F583780875
:103970001214641219168A0812BD982429F582E4DB
:103980003AF583E508F0A3EBF0900791E05407C007
:10399000E012BA18A3D0E0F0900793E0C0E012BBA9
:1039A0009F2432F582E438F583D0E0F0900791E06F
:1039B0005478F8A3E0C4540F5403484FC0E012BB3E
:1039C000A6D0E0F0EE702390078C7430F0A3741A48
:1039D000F0121A2A802B1228C4E9700302B89E7FC5
:1039E0000490618AE0D2E202B8A490079512BA5C12
:1039F000900795E040011412BDD47424F0A3741A0A
:103A0000F074021211B17F07020F26743628F58276
:103A1000E43433F583E4932290078E12BA23A3A3F0
:103A2000A3A32212BA4FF58388822212BA3212BDA2
:103A3000852290078E12BA4FC822F0A8A8C2AF758F
:103A40009B002212BA4722F012BA4C2290078EE055
:103A5000F8A3E022F090179A12BA3522F09007915D
:103A6000E0A2E32274F6120BD974EC1212649007F0
:103A700095E07003121754900795E0F9AA21AB2244
:103A8000121964A821A92288088909AC08AD0990F7
:103A90000792E01313543F5403FE607090078EE0CA
:103AA000242DF8A3E03400F9852182852283E0FCEF
:103AB00074011214F5E0FBEC88828983F0A3EBF02B
:103AC0008882898312BA4F12BD97242B12BBB2246D
:103AD0001CFAA3E03400FB74036E7010740212141D
:103AE000F5AC82AD83121CD6740A801974021214CC
:103AF000F5E0FC74031214F5E0F9EC8A828B83F094
:103B0000A3E9F074041214F5AC82AD83900792E03F
:103B1000C413135403FA605812BBA6E0A2E6402770
:103B20008C828D83E0FEA3E0F9EEF890078EE0FB37
:103B3000A3E0CB242BF582E43BF583E8F0A3E9F086
:103B4000EC2402FC50010D74036A701190078EE0A2
:103B50002413FAA3E03400FB121CD680138C828D50
:103B600083E0FAA3E0F9EAF812BD98241312BB939C
:103B700012BB9F2410F582E438F583E412BDD7749C
:103B800030F0A3741AF0121A2A74141211B17F02C1
:103B9000020F26F582E43AF583E8F0A3E9F02290DB
:103BA000078E12BA352212BA322407F582E438F5AC
:103BB0008322F582E43AF583E8F0A3E9F090078EDA
:103BC000E022C082C083900796E0701090619474E8
:103BD0000112BDD77436F0A3741A8016C394105026
:103BE00006E090079580059007957410F0E014901A
:103BF0006194805BC082C083900795E0F912BC2677
:103C000012196490078EE02433F8A3E03400F99091
:103C1000079512BC37900795E0F8900796E0C39897
:103C2000F0121A2A802A12BA322433F582E438F5C7
:103C300083E0FAA3E0FB22E0FA88828983E02AFA93
:103C4000A3E03400FB88828983EAF0A3EBF022F042
:103C5000D083D08202117E74F6120BD97E007902D5
:103C60007A907B07121964900791E05480F50970EF
:103C70000B900798E06402600302BD5890078974B6
:103C800002F0121A8A12BDA1900790E02824B7F51D
:103C900008A3E0547FFFFAA9081219E212BB9F247F
:103CA0002FF582E438F583E912BDBF2431F582E4B3
:103CB00038F583E50812BDBF2430F582E438F5837A
:103CC000EF12BBBC243A12BD8E243312BBB22402C5
:103CD000F8A3E03400F9E8FAE9FB181812BD7FE018
:103CE000F890078EE0FCA3E0F5838C82A3A3A3A346
:103CF000E0FCE8C39CF895E0F98A828B83E028F821
:103D0000A3E039F98A828B8312BDB62407F582E4D9
:103D10003AF583E0A2E2501088828983E06404606F
:103D20000790618AE0C2E2F0900709E0600812188B
:103D30004AE960027E04E5094EF890078EE0F9A397
:103D4000E0C92407F582E439F583E04812BBBCFAE8
:103D5000A3E0FB1228DC800A12BD727A8E7B071268
:103D600028D690078EE4F0A3F012BDC4121A3C02CC
:103D7000BB8E9061A4E0C2E0F090078BE4F022E0FB
:103D8000C812BD85222435F582E438F58322F8A3D4
:103D9000E0340012BD9722F990078EE0FAA3E0CA42
:103DA00022900788E0540FF8743E28F582E43433FB
:103DB000F583E493F822E8F0A3E9F012BD9822120B
:103DC000BA47C822906194740512BDD7741EF0A33F
:103DD000741AF022906194F090078C22C082C08304
:103DE000906193E0A2E6500BE0A2E7400675E1ED9A
:103DF00075E1ED900789E4F090078BE07003121AEB
:103E00004802BC50C082C08390078BE4F0900789C1
:103E1000E07003121A4802BC50C082C083121A8A92
:103E20001219B2121AC602BC50C082C08390078C0D
:103E3000E0641E7004A3E0641A6003121754900734
:103E400094E07005121A3C801DC394105006E09057
:103E5000079580059007957410F0E01412BDD47496
:103E600054F0A3741AF002BC50C082C08374F012E4
:103E70001264900795E0F9AA21AB22121964900709
:103E800095E0F8900794E0C398F06011C394105047
:103E900012E0900795F014906194F0800612BDC472
:103EA000121A3C74101211B102BC50C082C083902F
:103EB000079BE004F0121A0C02BC5074F7120BD9E5
:103EC000E9FE900798F0700A906180E4F0E0440900
:103ED000801374026E600874016E600312175490B0
:103EE0006180E0C2E0F07F01020F26A3A312C0357B
:103EF0008882898322C082C08390050512C0311256
:103F0000C25090188DE0F4601B90050712C7AC609A
:103F10003612C1F4F890188DE068602212C2428017
:103F2000E812C24290050712C7AC601B12C33112DF
:103F3000BEEBE060ECC394F150E7A3E060E312C194
:103F4000FDFAA3E0FB80047A007B00800312C4DD4D
:103F5000D083D08202117E74F6120BD974F1121242
:103F600064852182852283E4F0A3F01220608A0810
:103F70008B09AE08AF09EE4F700302C02C122B6400
:103F80008E828F83A385820885830912C335122010
:103F90000C12C79B700302C025852182852283A352
:103FA000E0C812C1DCE0C39481407A8E828F83E046
:103FB000706985088285098312C03174031214F573
:103FC00012C25374021214F57404F0EE2403FCE4DC
:103FD0003FFD74051214F5AA82AB83122294740279
:103FE00012123C1222D0E9702012C03B121CAC7A93
:103FF000237B05122B2E7A007B40900504E0F912FA
:104000001CAC790C122B348023AC21AD22850882A4
:1040100085098312C5507901122B4C852182852296
:104020008312C1EEF0EEFAEFFB121BEC740F02C527
:104030005612C03522E0F8A3E0F922900503E4F01F
:104040007A40FB900504E0F92274EC120BD974F766
:1040500012126489088A108B118C0E8D0F9005073F
:1040600012C7AC700302C1D27E0012C1FDF50AA3D3
:10407000E0F50B74081214F57403F0E508600BAC5E
:1040800021AD22AA10AB111222A67F00E50A24045A
:10409000F50CE4350BF50D805775090178091211FF
:1040A000D8E508F50978091211D87402121234887B
:1040B00012891378121211D490052A120FAF9005AD
:1040C00023E0FD90052912C1E0A3A3A312C2281288
:1040D0002B3A74061211B1E9F50974B2650970033F
:1040E00002C168E970097E01E508700302C1710F21
:1040F00012C210A3A3A3E0F8EFC398409C74B2656A
:10410000096065EEA2E05004E508605C7F00800A6B
:10411000E970067E01E50860580F12C210E0F8EF62
:10412000C398504475090078091211D8E508F509BB
:1041300078091211D8740212123488128913781275
:104140001211D490052D120FAF900523E0FD9005BC
:104150002C12C1E012C228122B3A74061211B1E9D6
:10416000F50974B2650970A8EEA2E05014E5087074
:1041700010850E82850F8312C61A12C1DC748080EE
:1041800009850E82850F8312C1EEF074B265097045
:104190002012C03B121CAC7A237B05122B2E7A0016
:1041A0007B40900504E0F9121CAC790C122B348092
:1041B0002190188DE0F4701A800D12C1F46008C3CC
:1041C00094F1500302C06812C24290050712C7ACB6
:1041D00070E874091211B17F0C020F2612C79222E7
:1041E000E0FCEF25E0F8E433F98A828B832212C7E2
:1041F0008974FF2212C20AA3A312C77B229005076B
:1042000012C207A3A3E022E0F8A3E0F5838882228C
:10421000850C82850D8312C035E8FAE9FB8A828B12
:1042200083A3A3A3A3A3A322A3A3A3A3A3A3A3E0C2
:1042300028FAA3E0398A82F58312C437850B83E01C
:10424000F92290050712C77BF8A3E0F912C25022A9
:10425000900507E8F0A3E9F02274F7120BD974ED8A
:10426000121264EAFEEBFF852182852283E4F0A32B
:10427000F0750800122B6412C1FD12C32FA3E0A237
:10428000E0400302C325EE2413F582E43FF58312D8
:10429000BEEDA3E0FC88828983A3A3E0FBECFA7463
:1042A000021214F512C4DD740A1214F57402F07CC3
:1042B000237D05E82404FAE439FB12206C74021211
:1042C00014F512C33512200C12C79B6058740B12E0
:1042D000124485218285228312C33012C5501222D6
:1042E000A6E9600575080180188521828522831260
:1042F000C61A240DF582E438F5837423F0A37405FF
:10430000F0AC21AD2274021214F512C550A90812A6
:104310002B4C85218285228312C784F470077A236F
:104320007B05122B2E74131211B17F01020F26F898
:10433000A312C20A22E0FAA3E0FB900523E0F922CF
:1043400074F2120BD9750800EA2404F8E43BF9E88A
:10435000FEE9FF12C413750C62750D80780C121102
:10436000D47C1812C41D12200674021211B1E96423
:1043700001700375080212C413780C1211D47C1852
:10438000850A82898312C546850A828983A3A3A3ED
:10439000A3A3A3A3A3A3E0F912200674021211B1F0
:1043A000E964017006E508D2E0F50812C413750C43
:1043B00000750D80780C1211D47C3112C41D1220AE
:1043C0000674021211B1E964017006E508D2E0F545
:1043D000088E828F8312C031E8FEE9FF780C12113B
:1043E000D47C318E828F8312C5468E828F83A3A3A5
:1043F000A3A3A3A3A3A3A3E0F9122006740212119E
:10440000B1E964017006E508D2E1F508A9087F0664
:10441000020F268E828F8312C035880A22850A8277
:104420008983A3A3A3A3A3A3A312C4378983A3A3AC
:10443000A3A3A3A3E0F922E0FAA3E0FB850A82226A
:1044400074F4120BD974FE121264852182852283C2
:1044500012C4DD8908ECFFEDFE74131214F512C7C7
:104460006BE0FA122B10E97024A821A922880A898E
:104470000B780A1211D47C0174101214F512C55075
:10448000EFF912200674021211B1E9700479B180BB
:104490003F74121214F5E060359005C212C7AC608B
:1044A0002D780A1211D47D01EEFC74121214F5124B
:1044B000C550A9089005C2E012C32F122CEC74025B
:1044C0001211B18B0BEA450B700479B280027900AE
:1044D00074021211B17F04020F2690050BEAF0A3BB
:1044E000EBF02274F7120BD9E9901883F07A017976
:1044F00006122C0002C32A74F6120BD9EAFEEBFF57
:10450000EE2407F8E43FF9880889098882F58312C8
:10451000C550EA4B600D121BEC850882850983E4C7
:10452000F0A3F0EE240AF8E43FF9E8FEE9FF8E82FA
:104530008F8312C550EA4B600B121BEC8E828F8367
:10454000E4F0A3F08013A3A3A3A3A3A3A3A3A3A313
:10455000E0FAA3E0FB221211B17F02020F26C08213
:10456000C08390051F02BF4DC082C0839005210209
:10457000BF4D74F6120BD9EAFEEBFF7A007B409038
:104580000504E0F9121CACEEFCEFFD7A097B051284
:104590002B94EA4B605C8E828F8312BEED12C601B3
:1045A000F088828983E0FCA3E0FD8A828B83ECF0B3
:1045B000A3EDF088828983A312C601A3F08E828FB7
:1045C0008312C61A240AF582E438F58312C0318AB0
:1045D000828B83A3A3A3A3A3A3A3A3A3A312C253C6
:1045E00012C833E4F0EA240DF582E43BF583E4F0ED
:1045F000A3F07A007B40900504E0F9121B9202C5FB
:1046000059A3A3A3A3A3A3A3A3E08A828B83A3A3F9
:10461000A3A3A3A3A3A32290050BE0F8A3E0C822C1
:1046200074F0120BD974F712126490824FAC21AD62
:104630002274091210FA90050B12C7AC7020900575
:104640000912C550122B0A12C4DA90050B12C7AC1E
:10465000705290050912C7AC703C790B803A9005F6
:104660000BE0240CF8A3E03400F988828983E0A2EF
:10467000E75031547FC39404402A90050D12C7AC13
:10468000701C90050912C550122B0A12C4DA90054D
:104690000B12C7AC700E7900122B3402C761900563
:1046A0000B12C253901960780812148290831F78FD
:1046B0000C1214827808790C120A7278081211CC44
:1046C0007A007B40900504E0F9121CA074041211DA
:1046D000B190050FE0640890050B606812C777F889
:1046E000A312C76B12C25312C6172408F582E4380E
:1046F000F583E0C0E074081214F5D0E012C780041E
:1047000012C780A2E750127D007C00790012C774A6
:10471000FAA3E0FB12208A80317508007808121194
:10472000D812C6172409F582E438F583E0F912C7D8
:1047300074FCA3E0FD740112123C1220907401126B
:1047400011B1800612C784D2E6F012C617240FF505
:1047500082E438F58312C550122B0A90050D12C45D
:10476000DD74091211B17F08020F26E0F98521825C
:104770008522832290050B12C77B2212C207E022FA
:10478000F090050B12C789E022E0F8A3E0C812C739
:104790009222240CF582E438F58322852182852239
:1047A00083EAF0A3EBF085218285228312C035E8ED
:1047B000492274F7120BD9E978006023E825E0FC60
:1047C000E433FD74622CF58274803DF583E06A70F9
:1047D00003A3E06B602308E8C39418502780DDE84A
:1047E00025E0FCE433FD74002CF58274803DF583F4
:1047F000E06A7003A3E06B70047900800908E8C3E5
:10480000943140DB790102C32AC082C083800CEA64
:10481000240FF582E43BF58312C550EA4B600D127C
:10482000C833E0547FC3940450E580047A007B00D1
:1048300002BF50EA240CF582E43BF58322C082C01B
:10484000839005098009EC240FF582E43DF583E0AF
:10485000FCA3E0FDEC4D60248C828D83E06A700344
:10486000A3E06B70E18C828D83A3A3A3A3A3A3A376
:10487000A3A3E06970D0ECFAEDFB80047A007B0022
:1048800002BF5074F7120BD9EAFEEBFF7409121441
:10489000F512C8AE8E828F83800C1211E7F0E924E6
:1048A0000109E43AFAA312C8B770EF02CBF1E0F9BC
:1048B000A3E0FAA3E0FB22ECFEEDFFEE24FF1CEFE9
:1048C00034FFFDEE4F2274ED120BD9890C8A0D8B4B
:1048D0000E74131214F512CC57A3E0F50AECF8EDA0
:1048E000F9E824FF1CE934FFFDE8496037A90CAA68
:1048F0000DAB0EE92401F50CE43AF50D85081085A1
:104900000911850A12E5082401F508E43509F509BD
:104910001211E7F8A910AA11AB121211E76860BDD5
:104920007900800279017F0B020F2674F6120BD9F1
:10493000E9FE8C088D0978081211D4EEFC7D001276
:10494000225274021211B102CC5274F0120BD9E946
:10495000FE8A828B83E0F50CE4F50DF50EF50F74FD
:10496000026E700512C9DE804774036E701212C9A0
:10497000D812111B780C790812139512C9C980300E
:1049800074046E703712C9D812111B780C79081292
:10499000139512C9C9780812111B780C79081213E3
:1049A000958A828B83A3A3A3E0F508E4F50A741823
:1049B000780812111B780C7908121395AA0CAB0D0C
:1049C000AC0EAD0F7F08020F268A828B83A3A3E073
:1049D000F508E4F50974102212C9DE780822A3E074
:1049E000F508E4F509F50AF50B740822C082C083C6
:1049F000121B26807374F6120BD9EAFEEBFFEE4F02
:104A0000603DEE2405FAE43FFB121BE68A088B09A1
:104A1000A808A909E849602788828983E4F0A3F0FF
:104A200088828983A3A3EEF0A3EFF088828983A311
:104A3000A3A3A374FFF0E82405FAE439FB80047A09
:104A4000007B0002CC52C082C083EA4B700479051F
:104A5000801612CAE160047904800DEA24FBFAEBA7
:104A600034FFFB121BEC7900D083D08202117E74DC
:104A7000F7120BD97C00121B6202CBF574F7120BF4
:104A8000D9E9FEECFFEA4B60279083B8E0F8EEC36B
:104A9000984007121B5679038044EA24FBF582EB09
:104AA00012CCFA12CEC0700512CAE16007121B5672
:104AB0007905802AEEF074016F700DEAFCEBFD7A47
:104AC000D77B0C121B80800BEAFCEBFD7AD77B0CAA
:104AD000121B747A007B80EEF9121B92790002CBD4
:104AE000F5EA24FFF582EB34FFF583E0F42274F25B
:104AF000120BD9890C750A00750B007E007F00A28D
:104B0000AFE433F50DC2AF900CD78015EE4F7006B1
:104B100085080A85090BE50824FBF582E50912CC16
:104B2000FA12CC57E50845096023E50824FFF58211
:104B3000E50912CCFAE0650C70D2EE4F7006AE08B3
:104B4000AF0980D27A007B80121B92800B7A007BA7
:104B500080121B98EE4F6015780A1211D4EEFCEF0C
:104B6000FD7AD77B0C121B8674021211B1E50DA2DF
:104B7000E092AFEEFAEFFB7F06020F26C082C08301
:104B8000EAFCA2AFE433F8C2AF900CD78009EA2464
:104B9000FBF582EB12CCFA12C8B1EA4B6015EA249D
:104BA000FFF582EB12CCFAE06970E38A828B83E036
:104BB0006C70DBE8A2E092AF02CA68A2E092AF801C
:104BC0003474F7120BD9A2AFE433FEC2AF12CCF4A7
:104BD000E4F0A3F0800612CD44FAE9FB8A828B83CD
:104BE00012CEC070F18A828B83ECF0A3EDF0EE80E0
:104BF000CAAA82AB837F01020F2674F6120BD97802
:104C0000007900A2AFE433FEC2AF8A828B83E0FC5E
:104C1000A3E0FDEC4D6032ECF8EDF9E824FBFCE993
:104C200034FFFD8C828D8312CC578A828B83E508FA
:104C3000F0A3E509F08C828D83E4F0A3F0E824FF73
:104C4000F582E912CCFA74FFF0EEA2E092AFE8FA36
:104C5000E9FB7F02020F26E0F508A3E0F5092274C4
:104C6000F7120BD9A8A8C2AF8A828B83E0FEA3E01B
:104C7000FF12CCF4EEF0A3EFF08A828B83ECF0A36A
:104C8000EDF0E8A2E702CBBD74F5120BD9A2AFE4B8
:104C900033F50AC2AFEC24FBF8ED34FFF9E8FEE986
:104CA000FF8E828F83E0F8A3E0F98A828B8312CC97
:104CB00057EC65087003ED650970068A828B838066
:104CC00012740B1214F5E0FAA3E0CA24FBF582EA91
:104CD00012CCFAE8F0A3E9F08E828F83E4F0A3F01F
:104CE000EC24FF12CCF774FFF0E50AA2E092AF7F4C
:104CF00003020F26EC24FBF582ED34FFF5832274CA
:104D0000F7120BD9EAFEEBFF89087A00A2AFE43371
:104D1000FBC2AF12CEBC70068015E508601C1508FA
:104D200012CD44FEE9FF12CEBC70EFE508600B8E99
:104D3000828F83ECF0A3EDF07A01EBA2E092AFEA70
:104D4000F902CBF5E824FBF8E934FFF9E82274F71F
:104D5000120BD9E9FE9083B8E0F8EEC3985027AC67
:104D6000A8C2AFEE29F8E433F9900CD9E028FDA3EE
:104D7000E0398D82F583E04AF0A3E04BF0ECA2E746
:104D800092AF79008002790302CBF574F7120BD948
:104D9000E9FF9083B8E0F8EFC398501FAEA8C2AF08
:104DA000EAF4FCEBF4FDEF2912CEAAE05CF0A3E0FC
:104DB0005DF0EEA2E792AF79008002790302CBF5B5
:104DC000E9F874FF687006D2AF79008002790702B3
:104DD000117EE9F874FF687006C2AF79008002792D
:104DE0000702117EC082C083121BDA900CD7E4F058
:104DF000A3F0121C88121C7C121BCE121BE079003F
:104E000002CA68C082C083121BB680FB74F6120B04
:104E1000D9750800121BD4121772A808E82812CE00
:104E2000AA12CEC0700D05089083B8E0F8E508C35B
:104E30009840E79083B8E0F8E508C3985069ACA8BB
:104E4000C2AFAE08EE2EFEE433FF900CD9E02EF890
:104E5000A3E03FF98882898312C8B188828983E4FC
:104E6000F0A3F0ECA2E792AFE50890189AF0F9747D
:104E7000C92EF58274813FF583E0F8A3E0F58388BD
:104E800082122CEC90189A74FFF0A8A8C2AF900C74
:104E9000D9E02EF9A3E03F8982F583E04AF0A3E050
:104EA0004BF0E8A2E792AF02CC52F8E433F9900C51
:104EB000D9E028FAA3E0398A82F583228E828F8393
:104EC000E0F8A3E0F9E8492274F0120BD97410124B
:104ED00014F5780C12148212CF37850E0A850F0B49
:104EE0007410780812121B8A828B83A3A3E508F042
:104EF0007418780C12121B8A828B83A3A3A3E50C6F
:104F0000F0EA2404FA50010B02C9C474F0120BD960
:104F100074101214F5780C12148212CF37741078B2
:104F20000C12121B8A828B83A3A3E50CF0EA2403E4
:104F3000FA50010B02C9C4850C088A828B83E508EC
:104F4000F0850D09E509A3F02274F7120BD9E9FDEC
:104F5000EA4B60187800800108E8C39C5012E8FE14
:104F6000EA2EF582E43BF583E06D60EC7900800287
:104F7000790102CBF5C082C083906180E4F0E04407
:104F800009F0906189E0D2E5F0906182E0D2E0F032
:104F9000E0D2E1F0E0D2E2F09007097401F002D231
:104FA0008074E6120BD974F61212648A088B09EC2D
:104FB000FEEDFFEA4509601BEA2408F518E435090F
:104FC000F519851882F583E0F8740268600A7403A5
:104FD00068600579E802D201121850E9F460057999
:104FE0001E02D201851882851983E0F50A12185C29
:104FF0008A108B118C128D131218628A148B158CE7
:10500000168D1785100C85110D85120E85130F78DE
:105010000C79141213CE7402650A750A00703B8A6B
:105020000C8B0D8C0E8D0F74FE550A780C12121B12
:10503000E50CA2E0401985100C85110D85120E8536
:10504000130FE50A780C12121BE50CA2E05046057E
:105050000AE50AC39418503D80C5850C10850D11D2
:10506000850E12850F1375140375150075160075DE
:105070001700E50AC333781412111B781079141243
:105080001382E5104511451245136009050AE50A2A
:10509000C3940C40C57418650A7059851882851927
:1050A00083E06402605FE50AF50C750D00851882E7
:1050B000851983E06402705274061214F5EEF074E0
:1050C000071214F5EFF0850882850983E0C0E074CB
:1050D000081214F5D0E0F0850882850983A3E0C0AA
:1050E000E074091214F5D0E0F07904740612124449
:1050F0007402801E740C650A70AC85188285198351
:10510000E0640370A1791A02D2017908AC08AD09F4
:105110007403780C12136F250CFA7461350DFB12B1
:105120001952851882851983E064027903AC21AD98
:1051300022704E7A677B611219587903AA21AB223B
:10514000121B448A0C8B0D8C0E8D0F75100175117E
:1051500000751200751300E50A781012111B780C07
:1051600079101213CE780C1211CC740712123C1263
:105170001BC274041211B17903E91212447A6780D8
:105180006A7A647B611219587903AA21AB22121B37
:10519000448A0C8B0D8C0E8D0FE50AC333FA751003
:1051A00001751100751200751300781012111B782B
:1051B0000C79101213CE751001751100751200755F
:1051C000130074012A781012111B780C7910121335
:1051D000CE780C1211CC740712123C121BC274044C
:1051E0001211B17903E91212447A647B61121952E7
:1051F000851882851983E0FB7A01A90A121856796D
:1052000000740A1211B17F12020F2674F7120BD923
:10521000EA4B6021EA2408FEE43BFF8E828F83E0A4
:10522000F87402686005740368700A121850E9F98E
:1052300074FF69700479E8800D8E828F83E0FB7AB9
:105240000012185679007F01020F26C082C08374B5
:10525000016990070A700B7401F090618AE0D2E254
:105260008008E4F090618AE0C2E2F080137B611272
:1052700019587903AA21AB22121B4474031211B1ED
:10528000D083D08202117EC082C08390070AE0647E
:1052900001700479FE800279FF80E5C082C08390AE
:1052A000070AE0600479018009906163E0F87440C6
:1052B00058F980CC74E8120BD974F41212648A8203
:1052C0008B83A3A3A3A3A3A3A3A3E06402703FECD7
:1052D000852182852283F074011214F5EDF08A8213
:1052E0008B83E0C0E074021214F5D0E0F08A828B68
:1052F00083A3E0C0E074031214F5D0E0F0A821A964
:1053000022880E890F7E047F0112185C800B8A0EA2
:105310008B0F7E087F021218628A108B118C128DFF
:1053200013750B008510148511158512168513173A
:10533000E50B781412121BE514A2E05053EFF5F0C0
:10534000E50B84F50CEEF97404121244E50C89F0B7
:10535000A4FAA8F0E428FB74613BFB12195874040A
:1053600012123488088909750A0078081211D0EEE3
:10537000FC7D00850E82850F83A982AA837B0012A3
:105380001B3874031211B1E964017004A90C800C7C
:10539000EF250BF50BC39418408A79FF740C12119A
:1053A000B17F10020F2674EC120BD9E9FEEAFF8BD5
:1053B00008751001751100751200751300EEC333E6
:1053C000781012111B750C01F50DF50EF50FEE7826
:1053D0000C12111B046F702E7402650870141218E1
:1053E0005C8A108B118C128D137810790C1213CEED
:1053F00080311218628A0C8B0D8C0E8D0F780C790F
:10540000101213CE803D74026508702012185C8A59
:10541000108B118C128D13780C1214157810790CD6
:1054200012138278101211CC7A83801E1218628AAD
:105430000C8B0D8C0E8D0F7810121415780C7910C2
:10544000121382780C1211CC7A867B61121BC27403
:10545000041211B17F0C020F26C082C08374FD12AA
:1054600012647903AC21AD227A8302D26DC082C06E
:105470008374FD1212647903AC21AD227A8602D2C4
:105480006DE5A4852182852283F0E5A5C0E0740145
:105490001214F5D0E0F0E5A6C0E074021214F5D0C5
:1054A000E0F074031214F5E4F0E8A2E792AF85216E
:1054B000828522831214DE74041211B1D083D0824B
:1054C00002117EC082C08374E01212649061A974DC
:1054D00014F09061AB743FF0A37455F09061A87420
:1054E00085F0907803E0F87495686005743468700E
:1054F0000C906265740FF090619674F8F09061AE54
:10550000E4F09061B27415F0906182E4F09061B5BE
:105510007410F0A3740EF0A37403F09061FA740990
:10552000F09061E574FFF0439A01D2A843A90153BA
:10553000B9FE43A90453B9FB906249E0900713F008
:10554000A8A8C2AF75C30275A20075A328E8A2E798
:1055500092AFE59E70FC439403E594A2E250FA43B7
:10556000940AD2BA9061897448F0121A90906199A5
:10557000E0A2E050F8780079007A10E825E0F8E938
:1055800033F99061A7E0A2E0E433FCE84CF8DAEBF1
:10559000E849600A7480687003740369700478BE17
:1055A00079BAE8F5BCE9F5BC900722E0F8A3E0F988
:1055B000E8496042790078007A089061A7E0A2E0AB
:1055C000E433FBE8334BF8DAF1E9FA8521828522EE
:1055D00083E5822AF582E43583F583E8F009E9C39F
:1055E000942040D2AA21AB22900722E0F8A3E0F554
:1055F000838882122CEC121A969061897440F0E034
:10560000D2E5F0906164E4F0A3F0A3F0A3F0A3F07E
:10561000A3F0742002D4B9E5B454F34404F5B4E51E
:10562000BDF902117EE5B454F34404F5B4E5BDF9C7
:10563000E5BCFAE9FB02117EA9A8C2AF75C301A8B7
:10564000A3AAA2E9A2E792AFE8FB02117EC082C042
:105650008374FC121264A8A8C2AF75C300E5A2024D
:10566000D481C082C08374FC121264A8A8C2AF7532
:10567000C31002D48174F4120BD974FC1212641298
:10568000D7CC85218285228378081214829082F3F8
:1056900078081213BB12D74D600312175490071EDF
:1056A000C082C08312191C8A088B098C0A8D0BD00A
:1056B00083D08278081213A88521828522837808F6
:1056C00012124C90071E7808121464A8A8C2AF7575
:1056D000C300852182852283E0F5A474011214F5AC
:1056E000E0F5A574021214F5E0F5A6E8A2E702D7EA
:1056F000E074F4120BD974FC12126412D7BE1214A7
:10570000829082F378081213BB12D74D60031217F0
:1057100054A2AFE433F8C2AFE5A7A2E45005D2002B
:1057200053A7EF75C330852182852283E0F5A474E9
:10573000011214F5E0F5A574021214F5E0F5A67552
:10574000A1EFA200500343A710E802D7DEE5084509
:1057500009450A450B2274F4120BD974FC12126429
:1057600012D7BE1214829082F378081213BB12D79C
:105770004D6003121754A2AFE433FEC2AFE5A7A2F7
:10578000E35005D20053A7F775C3208521828522F7
:1057900083E0F5A474011214F5E0F5A57402121467
:1057A000F5E0F5A653A1F7A200500343A708852111
:1057B000828522831214DE1217EAEE02D7DE12D798
:1057C000CCC20085218285228378082285218285AA
:1057D0002283EAF0A3EBF0A3ECF0A3EDF022A2E029
:1057E00092AF74041211B17F04020F2674F4120BED
:1057F000D974FC121264852182852283E4F0A3F01F
:10580000A3F0A3F0A2AF33FEC2AF75C300E5A2E5DB
:10581000A4852182852283F0E5A5C0E074011214DD
:10582000F5D0E0F0E5A6C0E074021214F5D0E0F087
:1058300090071E78081214828521828522837808B9
:1058400012135C90071A780812148285218285222F
:10585000837808121425504190071E78081214828C
:1058600090071578081212CF702F12189E8A088B95
:10587000098C0A8D0B90071E780812135C12189E73
:105880008A088B098C0A8D0B8521828522837808F2
:1058900012135C9007197401F0852182852283120E
:1058A00014BA90071A1214C690071E1214BA900761
:1058B000151214C6EEA2E092AF85218285228312D2
:1058C00014DE02D7E2C082C0839007147480F043D4
:1058D000A70102D4BCC082C08353A7FE900714E086
:1058E000F902D4BC74F4120BD9A2AFE433FEC2AFF8
:1058F000900719E0701512189E8A088B098C0A8D82
:105900000B90071E780812135C8002E4F0EEA2E010
:1059100092AF02D7E774EC120BD974FC12126485B3
:105920002182852283EAF0A3EBF012DCC4E0F513B8
:10593000F874AB28F582E43432F583E493F5087407
:10594000021214F5E508F0A3E4F074021214F5E075
:10595000700302DCA2740D65137046740212123CCF
:10596000795312197674021214F5E064FE7003A3E1
:10597000E0F4700302DBED74021214F5E0F470033E
:10598000A3E0F4700302DBED12DCCCA3A3E0700310
:1059900002DBED852182852283E0FEA3E0FF02DBAE
:1059A0008C740565137015852182852283E0F812B9
:1059B000DCE179002421F8502E09802B740765134F
:1059C000703112DCCCE0700F74021214F5E0241B6D
:1059D000F0A3E03400801B85218285228312DCE164
:1059E00075F021A4F8A9F074021214F5E028F0A3D0
:1059F000E039F074021214F5E0FAA3E0FB121B5038
:105A00008A0A8B0BAE0AAF0BEE4F7044740C651311
:105A1000600302DCA212DCFC700302DCA2A2AFE491
:105A200033F50AC2AF122A0874021214F5E0FAA381
:105A3000E0FB121B508A0C8B0DAE0CAF0DEE4F70BD
:105A400009E50AA2E092AF02DCA2E50AA2E092AF69
:105A5000852182852283E0F50CA3E0F50D750E000B
:105A6000780C1211D0AC087D00EEFAEFFB121B325D
:105A700074031211B1EE2409F50AE43FF50BEE248C
:105A800008F50EE43FF50F74056513600302DB169D
:105A900012DCBAEE2403F50CE43FF50D850C82F51B
:105AA00083E0F510A3E0F51175120078101211D003
:105AB0007C217D00AA08AB09121B3274031211B1BC
:105AC000850C82850D83E508F0A3E509F0850A823F
:105AD000850B83E0F510A3E0F51178101211D08545
:105AE0000E82850F83E0FC7D00E5082421FAE43571
:105AF00009FB121B3274031211B1850C82850D83D0
:105B0000E02421F8A3E03400F9850A82850B83E8BC
:105B1000F0A3E9F0807674076513707090168F1209
:105B2000DCEE606890168FE0F50CA3E0F50D9016A2
:105B30008FE4F0A3F088108911F51212DCBA8E827E
:105B40008F83A3A3E0850A82850B837012E508F09A
:105B5000A3E509F078101211D07C1B7D00801AE5B6
:105B600008F0A3E509F078101211D0850E82850F98
:105B700083E075F021A4FCADF0AA08AB09121B323A
:105B800074031211B1AA0CAB0D121BEC90169212F9
:105B9000DCEE6012EEFAEFFBE0F5838882122CEC6B
:105BA000E9600302DC94740D6513600302DC4A12A1
:105BB000DCF5F988828983A3E0FA88828983E0F89A
:105BC000740358C394025025E81313543F540FF83C
:105BD000901700E068701674C05A701112DD16C874
:105BE000241BF582E438F583E064026007AA21AB48
:105BF0002202DC9FEE2413F8E43FF9E8241CFAE4C7
:105C000039FBE8241DF582E439F583E0F9122228F6
:105C100012DD16C8241CF582E438F583E0F4700325
:105C2000A3E0F4706312DCF5C82406F582E438F5CD
:105C300083E0C394024051EEFAEFFB122708E960BB
:105C400061AA21AB22122A088058740C6513705C7B
:105C500012DCC4A3E0641A602F8E828F83A3A3A3F7
:105C600012DCEE6023E8240EF582E439F583E0A22D
:105C7000E05015EE240CFAE43FFBEE240DF582E42F
:105C80003FF583E0F9122228EEFAEFFB90175DE072
:105C9000F9121B5C740C6513700812DCFC600312B3
:105CA0002A0874041211B17F0C020F2674116513B7
:105CB00070D68E828F83E4F080E8EE240BF508E442
:105CC0003FF5092212DD16F58388822212DCD022EC
:105CD000852182852283E0F8A3E0F5838882A3A34F
:105CE00022A3E0C82408F582E438F583E02212DD1F
:105CF0001CF9E8492212DCD012DD1C2285218285A4
:105D00002283E02403FAA3E03400FB8A828B83120F
:105D1000DD1CF9E84922852182852283E0F8A3E091
:105D200022790002117E80F974F6120BD9E9FEEA9D
:105D3000FCEBFD901691E060518C828D83E0F87948
:105D400000EEC3943250047E328008EEC3946F405C
:105D5000027E6E901691E06401701FEE24CEF5086D
:105D6000E434FFF509E88508F0A4C8AAF08509F035
:105D7000A42AF97A3C7B001208E5C3E994014004A7
:105D800074FF8001E88C828D83F07F02020F2674FD
:105D9000F0120BD974F112126474011214F5EAF0C6
:105DA000A3EBF0740D1214F5ECF0A3EDF0740712F0
:105DB00014F5E4F0A3801B741F1214F512E18C7427
:105DC0000D1214F512E192122CEC74071214F51254
:105DD000E1BEF074011214F512E19FF9740112147E
:105DE000F5E02401FAA3E03400FB74011214F5EA93
:105DF000F0A3EBF07425696015E970BB7407121409
:105E0000F512E18C740F1211B17F08020F267A008F
:105E10007B0074011214F512E16A1214F5E0FCA380
:105E2000E0F5838C82E02498600924FC70107B01EB
:105E3000EB80037A01EA1214F5E8F0A3E9F07401AB
:105E40001214F512E19F852182852283F0740112DC
:105E500014F512E16A1214F5E8F0A3E9F0EAA2E001
:105E600092F0EBA2E0B372F092F08521828522835A
:105E7000E024A8700302DF4A24F5601714700302BF
:105E8000DF2324F5607B24FC603424FB700302DFF5
:105E90004A801874211214F512E1A8852182852206
:105EA00083F012E1601214F512E176741F1214F5FA
:105EB00012E18C852182852283E0F902DDBF742105
:105EC0001214F512E1A8FEA3E0FF12E1601214F52E
:105ED00012E17FF08E828F83E0F9A3AE82AF8370F0
:105EE0000302DDD3741F1214F512E18C740D121429
:105EF000F512E192122CEC74071214F512E1BE8037
:105F0000D27E087F00A2F07403500A1214F5E4F068
:105F1000A3748080461214F5E4F0A3F0A3F0A374F8
:105F200040804A7E0A7F00A2F07403500B1214F5E1
:105F30007410F0A3742780231214F5E4F0A374CA3C
:105F4000F0A3749AF0A3743B80237E107F00A2F02C
:105F50007403500E1214F5E4F0A3EEF0A3E4F0A3E2
:105F6000800B1214F5E4F0A3F0A3F0A3EEF074217B
:105F70001214F512E19FFCA3E0FDEAA2E040030247
:105F8000E09F852182852283E06464600302E07DD6
:105F900012E1601214F512E1B5FAA3E0FB3395E0CB
:105FA000FC74091214F5EAF0A3EBF0A3ECF0A3F0F3
:105FB000908333780812148274091214F578081249
:105FC00012BA503774091214F5780812148278083E
:105FD0001212FB74091214F57808121464741F125B
:105FE00014F512E18C792D740D1214F512E1921250
:105FF0002CEC74071214F512E1BEF074031214F5C0
:10600000780812148274091214F5780812142550B5
:106010003874031214F5780C1214828E088F09E478
:10602000F50AF50B780C7908120B6A74031214F553
:10603000780C12146490830F78081214827403127F
:1060400014F5780812142550B274091214F5780C5E
:1060500012148274031214F57808121482780C79E1
:1060600008120B6AE50C2430F9C3943A4079852173
:1060700082852283E06478706A7427806812E16008
:106080001214F512E1B5F8A3E0F9E8FAE9FB740996
:106090001214F5EAF0A3EBF0A3E4F0A302DFFAEBAD
:1060A000A2E0502F8C828D831214BA74091214F559
:1060B0001214C6EC2404F8E43DF974211214F5120C
:1060C000E176852182852283E06464600302DFFB40
:1060D00002DFB0852182852283E06464700302DFE1
:1060E00090809A740729F9741F1214F512E18C74C8
:1060F0000D1214F512E192122CEC74071214F51221
:10610000E1BEF074091214F5780C121482740312B3
:1061100014F57808121482780C7908120B6A740945
:106120001214F5780812146474031214F5780C1222
:1061300014828E088F09E4F50AF50B780C790812A1
:106140000B6A74031214F5780C121464740312149D
:10615000F51214BAE8494A4B600302E04902DDD364
:10616000EC2402F8E43DF9742122E02401F8A3E0D4
:106170003400F974012212E17A2212E17FF022E068
:10618000FAA3E0F5838A82E8F0A3E922E0FAA3E02B
:10619000FB2212E19622E0F8A3E0F5838882221226
:1061A000E1A32212E196E02212E1A3FCA3E0FD8C20
:1061B000828D83E02212E17A8C828D83E022E024BA
:1061C00001F0A3E034002274F2120BD974FF121212
:1061D00064E9FE8A088B098C0A8D0B750C05EA456B
:1061E000096074EC450B606FEE852182852283F097
:1061F00080099082C71214DE12171EAF0C74FF2F95
:10620000F50C0460107C017D00AA21AB2279A61256
:106210001796E970DDE50C70107C017D00AA21ABBA
:106220002279A6121796E9702E750C0580099082C6
:10623000C71214DE12171E850C0D74FF250DF50C08
:10624000046014AC0AAD0BAA08AB0979A712179029
:10625000E970DB79008002790174011211B17F06C7
:10626000020F2674F5120BD974F0121264ECFEEDD5
:10627000FF750805EA4B6068EE4F606485218285F2
:106280002283E9F078007900EA28F582EB39F5837A
:10629000E0C0E0852182852283E58228F582E583BE
:1062A00039F583A3D0E0F008E8700109C39EE99FA7
:1062B00040D685080A74FF250AF508046022EE24FA
:1062C00001FCE43FFDAA21AB2279A6121796E970E2
:1062D000047900800D9082C71214DE12171E80D23E
:1062E000790174101211B17F03020F2674F6120B9C
:1062F000D974FD12126474011214F5E4F0A3F08550
:106300002182852283F07E0380099082CB1214DEE5
:1063100012171EEEFF74FF2FFE04600FAC21AD229A
:10632000740112123C1216EEE970DF74011214F5BA
:10633000E064607004A3E0640160047901804A7E37
:106340000380099082CB1214DE12171E74FF2EFEFA
:106350000460061216F4E970EA90838F1214DE12BC
:10636000171E7E0380099082CB1214DE12171E7452
:10637000FF2EFE04600879021216FAE970E8908296
:10638000CF1214DE12171E79007403805D74F612AA
:106390000BD974FE1212648A088B09ECFEEDFFEA39
:1063A0004509603EEE4F603A7C027D00AA21AB2297
:1063B00079001216DCE9702A852182852283E0FAB1
:1063C00074011214F5E0F9EA850882850983F0A3C7
:1063D000E9F07C017D00EEFAEFFB79011216DCE9B1
:1063E000600479018002790074021211B17F020207
:1063F0000F26C082C08374FF121264852182852219
:1064000083741112E4381216E2E960047901800203
:10641000790002E448C082C08374FF121264E985E7
:10642000218285228312E43E79101216E2E960048B
:10643000790180027900801012E43E791222F07C0A
:10644000017D00AA21AB222274011211B1D083D0A8
:106450008202117E7F08020F26C082C083EA4B6051
:106460000C7C017D0079201216DCE9600479018042
:1064700002790002E44D74F7120BD974FF12126412
:10648000EAFEEBFFEE4F600AAA21AB22121700E9E9
:10649000600479018017852182852283E0A2E15082
:1064A0000474018001E48E828F83F079007401808E
:1064B0000274021211B17F01020F2674F6120BD979
:1064C00074FE121264EAFEEBFF8C088D09EE4F6039
:1064D00027EC450960227C017D00EC12123C7921F9
:1064E0001216DCE9701274011214F512E560AA218B
:1064F000AB22121700E960047901800C12E50B85CC
:106500000882850983F0790002E3E88521828522EB
:1065100083E01313543F54032274F7120BD974FE13
:10652000121264EAFEEBFFEE4F60107C027D00AABF
:1065300021AB2279221216DCE960047901801085F2
:106540002182852283E0FA74011214F512E55202C9
:10655000E4B1E0F9EA8E828F83F0A3E9F0790022BA
:10656000E054078E828F83F0A3E4F02280200000A5
:10657000000000000000000000000000000000001B
:106580000000000000000000000000000000EAF829
:10659000EBF9E824FF1AE934FFFBE84970D0021157
:1065A0007E74F0120BD98A088B098C0A8D0B800738
:1065B0007AE87B0312171885080C85090D850A0EE9
:1065C000850B0F9082D378081213A8E50C450D4572
:1065D0000E450F70DB02E454C082C0839015181280
:1065E000E5E6F002E6E7E4F0A3F0A3F0A32274F0FE
:1065F000120BD98908EAFEEBFF121C9474101214D6
:10660000F5780C121482EA4B600D8A828B83A3A367
:10661000780C121464806A7A0D7B00121BE6EA4B38
:10662000605B8A828B83A3A3A3A3A3A3A3A3E50890
:1066300012E686EEF0A3EFF08A828B83A3A3780C98
:106640001214648A828B83E4F0A312E686A3A3A3C8
:1066500012E5E7F090151612E9C89015166017E0DC
:10666000FCA3E08003E8FCE9FD8C828D8312E9C87D
:1066700070F38C828D83EAF0A3EBF080047A007BC8
:10668000007F08020F26F08A828B83A3A3A3A3A313
:10669000A322C082C08390151680048C828D83E073
:1066A000FCA3E0FDEC4D60238C828D83A3A3A3A308
:1066B000A3A3E06A7003A3E06B70E08C828D83A3D8
:1066C000A3A3A3A3A3A3A3E06970D0ECFAEDFB807E
:1066D00016C082C083EA4B600E8A828B83A3A3A379
:1066E000A3A3A3E4F0A3F0D083D08202117E74F6BA
:1066F000120BD9AEA8C2AF740A1214F5120FAB1266
:106700001C8E74041211B18B09A909EEA2E792AF95
:10671000EA4960047900800279087F02020F26743A
:10672000F2120BD9A2AFE433FEC2AF740E1214F50D
:10673000780812148278081211CC121C8E7404127C
:1067400011B1EA4B60128A828B83A3A3A3A3A3A3F4
:10675000A3A3A37808121464EEA2E092AFEA4B6000
:10676000047900800279087F06020F2674F4120B68
:10677000D9A2AFE433F508C2AF121C948A0A8B0B7E
:10678000AE0AAF0BEE4F6003121C9AE508A2E0922E
:10679000AFEE4F60047900800279067F04020F2675
:1067A00074F2120BD9750800750900750A00750B93
:1067B00000A2AFE433FEC2AF121C948A828B83E541
:1067C0008245836007A3A37808121482EEA2E092A8
:1067D000AFAA08AB09AC0AAD0B808C74EA120BD9D6
:1067E00074FC121264852182852283EAF0A3EBF007
:1067F000A3ECF0A3EDF0A9A8C2AF85218285228386
:106800007808121482901518780812135CE9A2E730
:1068100092AF90151612E9C8700302E9B8901516E8
:10682000E0FEA3E0FF750C00750D00750A00750B06
:1068300000A2AFE433F50EC2AFEE2402F508E43F48
:10684000F50974021214F512E9C8702074011214CB
:10685000F5E07018852182852283E0F8850882851D
:106860000983E0C3984005E0C39880398508828594
:106870000983781012148285218285228378101270
:106880001425501885218285228378101214828560
:10689000088285098378101212E4800A85088285AF
:1068A000098312E5E6F0EE2406F514E43FF515EE53
:1068B0002404F510E43FF51112E9C27054851082EA
:1068C00085118312E9C8704EEE2409F512E43FF5F4
:1068D00013851282F5831214BAE8494A4B604D853C
:1068E0001482851583E0FAA3E0FBEA4B603E8E82BA
:1068F0008F83A3A3A3A3A3A3A3A3E0F9121B928551
:1069000012828513831214BA8508828509831214B2
:10691000C612E9C2700B85108285118312E9C86026
:106920000B85148285158312E9C870258E828F83AA
:10693000E0F8A3E0F9E50C450D700590151680060A
:10694000850C82850D83E8F0A3E9F08E0A8F0B8019
:10695000048E0C8F0D8E828F83E0FEA3E0FFE50E88
:10696000A2E092AFE50A450B6047850A82850B835A
:10697000A3A312E9C87033850A82850B83A3A3A35E
:10698000A312E9C87024850A82850B83A3A3A3A35D
:10699000A3A3E0FAA3E0FB850A82850B83A3A3A34C
:1069A000A3A3A3A3A3E0F9121B92AA0AAB0B121B89
:1069B000ECEE4F600302E82B74041211B17F0E025B
:1069C0000F26850882850983E0F8A3E0F9E84922CB
:1069D000C082C0839015181214DE02E6E774F0122C
:1069E0000BD974EA121264852182852283EAF0A30E
:1069F000EBF0A3ECF0A3EDF0C20074261214F578CE
:106A000008121482908333780C1214827808790C5F
:106A1000121009700B7A007B007C807D3F02EDAB89
:106A20008521828522837808121482908333780C22
:106A30001214827808790C121009700302EABF85DB
:106A400021828522837808121482EDC2E7F50B902B
:106A500019DD780C1214827808790C12100970155F
:106A60009016947422F0A3E4F0852182852283128B
:106A700014DE02EDAB74261214F57808121482901D
:106A800019DD780C1214827808790C121009701430
:106A90009016947422F0A3E4F07AFF7BFF7C7F7D54
:106AA0007F02EDAB74261214F57808121482901947
:106AB000E1780C1214827808790C121009700B7AA4
:106AC000007B007C007D0002EDAB85218285228366
:106AD0007808121482908333780C12148278087923
:106AE0000C120E48507174261214F5780812148294
:106AF00074261214F5780C121482780C1209497855
:106B00000C120AF27808790C1202129019E5780C2E
:106B10001214827808790C120DF9500B90169474A7
:106B200021F0A3E4F08098852182852283780812E1
:106B30001482EDC2E7F50B85218285228378081245
:106B4000146474261214F578081214827808120955
:106B500049E508A2E0920085218285228378081207
:106B60001482E50B5480443FF50BE50AC2E7F50AB1
:106B700074061214F5780812146485218285228324
:106B80007808121482E50A33E50B332482F50833C2
:106B900095E0F509F50AF50B7808120AF274261249
:106BA00014F5780C1214827808790C120637740EDA
:106BB0001214F57808121464740E1214F51214DE0F
:106BC0001222408521828522831214D2852182855A
:106BD0002283780812148278081209497404121466
:106BE000F5E508F0A3E509F074061214F51214DEB9
:106BF00012224C74121214F51214D274261214F5C7
:106C0000780812148274041214F5E0F50CA3E0F570
:106C10000D3395E0F50EF50F780C120AF27808792D
:106C20000C12021274121214F5780C1214827808E5
:106C3000790C120637C008C009C00AC00B740E12C6
:106C400014F57808121482852182852283780C122B
:106C500014827808790C1202129019E9780C121437
:106C6000827808790C120637D00FD00ED00DD00CD8
:106C7000780C7908120237AA0CAB0DAC0EAD0F12CE
:106C8000223A740A1214F51214D2852182852283C5
:106C9000E4F0A3F0A37480F0A3743FF07404121422
:106CA000F5E0FAA3E0FB122234EA4B702F02ED4824
:106CB00074061214F5780C12148274061214F57806
:106CC00008121482780C790812063774061214F52B
:106CD000780C121464EBC313FBEA13FAEAA2E05037
:106CE00027852182852283780C121482740612145F
:106CF000F57808121482780C7908120637852182FB
:106D0000852283780C12146474016A4B70A2740497
:106D10001214F5C3A3E09400A2D265D033502975B4
:106D20000800750900750A80750B3F852182852250
:106D300083780C1214827808790C12045185218210
:106D40008522837808121464740A1214F5780812E4
:106D5000148274041214F5E0F98521828522837867
:106D60000C121482E9A2E713F9E413250EF50EE9DB
:106D7000350FF50F7808790C120637740A1214F5DE
:106D80007808121464A200740A50101214F57808DE
:106D9000121482E50BB2E7F50B80081214F578089F
:106DA000121482AA08AB09AC0AAD0B74161211B109
:106DB0007F08020F26C082C08390079EE4F09007F0
:106DC000A5F002EF5F74F7120BD9E9FE90079EE081
:106DD000600312175490079E7401F0901897E060BA
:106DE00008791D121AE402EEC7EE90079FF06402C4
:106DF00070051218C2804AE0600764016003121730
:106E0000549007A2E4F090179AE0F8A3E0C8240E8B
:106E1000F582E438F583E05440600590075E800316
:106E2000900740E09007A012EF267012900727E02D
:106E3000600C9007A0E0C3940340037402F0121AA0
:106E4000AE9007A5E0705A90179AE0F8A3E0F9E831
:106E500049700312175412F130E0F8A3E0F9888268
:106E60008983E054209007A4F088828983A3A3E05B
:106E70009007A3F090179AE0FAA3E0F5838A82A323
:106E8000A3A3A3E0FAE824FFF582E934FFF58374B5
:106E9000022AF075E1EE74012AF9AA82AB83121975
:106EA0005EA2AFE433F8C2AF900789E0701190079B
:106EB0008BE0700B90079E12EF97121AB480089027
:106EC000079E740212EF9902F08974F6120BD91220
:106ED000198EE9F97508017509009007A0E0780896
:106EE00012136FE50814599007A112EF26700512CE
:106EF00018B680031218B07F02020F26C082C0832A
:106F00009061A4E0C2E0F090078BE412EF266402E7
:106F100070051218C8800DE0640370051218CE8049
:106F200003121ABA8039F090079FE022C082C08312
:106F300090079FE070141228E2E9F89007A1E0C3DF
:106F4000984007791C121AE480031218BC8010C004
:106F500082C0839007A5740112EF26F9121AA8D0F7
:106F600083D08202117EC082C083900789E07006C0
:106F700090078BE06003121754A2AFE433F8C2AF5E
:106F800090079EE06402700812EF97121AB4800511
:106F9000E8A2E092AF80C87483F0E8A2E092AF224A
:106FA000C082C08390079FE06007640160031217EE
:106FB0005490079E7404F0121A8A9007A2E004F01D
:106FC000F890073FE0C398500779E1121AE4803245
:106FD00090074BE0FA9007A0E079002401F85001F7
:106FE00009EAFCC3E89CE99400A2D265D0335004BE
:106FF000E0048001EAF0121AAE90079E7483F0124A
:107000001ABA02EF5F74F7120BD9A2AFE433FEC2D3
:10701000AF90079EE064837027900789E0600312B9
:107020001A0C9007A4E090079E700F7485F0EEA2F2
:10703000E092AF7900121AE4800B7486F01218DA2D
:10704000EEA2E092AF804274F7120BD9E9FF8A08F2
:10705000A2AFE433FEC2AF90079EE0648670257451
:1070600087F01218E0EEA2E092AF9007A3E06F70F5
:107070000CE5086004791B80067900800279E9122A
:107080001AE48005EEA2E092AF7F01020F2674F7AA
:10709000120BD9A2AFE433FEC2AF90079EE0648624
:1070A00070127487F01218E0EEA2E092AF79E91244
:1070B0001AE48005EEA2E092AF80CE74F7120BD9ED
:1070C000E9FE9007A5E4F090079EF0900760E0606D
:1070D00005900789E4F0121A8A1219B21219BEEE4D
:1070E000F912290080A374F4120BD990179AE0F8D2
:1070F000A3E0F9E84970031217541218808A088B2C
:10710000098C0A8D0B12F130A3A3A3780812146422
:107110001219168A0890179AE0FAA3E0CA2409F512
:1071200082E43AF583E508F0A3EBF07F04020F2632
:1071300090179AE0F8A3E0F5838882A3A32274F461
:10714000120BD98908EAFEEBFF90155FE0702175FC
:107150000AC2750B1E780A1211D47C147D007A00C5
:107160007B00121D1E74021211B190155F7401F0A4
:107170007A057B00121BE68A0A8B0BA80AA90BE88A
:107180004970047910804E88828983E4F0A3F088E6
:10719000828983A3A3E508F088828983A3A3A3EE51
:1071A000F0A3EFF090155DE0FAA3E0FBEA4B901539
:1071B0005D601BE0FCA3E08003EAFCEBFD8C828DAC
:1071C00083E0FAA3E0FBEA4B70EF8C828D83E8F05A
:1071D000A3E9F0790002F46B78081211D875080061
:1071E00078081211D87C037D00EEF9121D36740B5D
:1071F0001211B174021211B17F02020F2674F6123D
:107200000BD974FE121264E9FEEC8521828522837B
:10721000F074011214F512F2501211D475080275AF
:10722000090078081211D474111214F512F25D12CB
:1072300011D8E4F50878081211D474131214F51259
:10724000F25D1211D875080178081211D802F1D830
:10725000EDF0A821A92288088909780822E0F5081C
:1072600078082274F6120BD98A828B83A3A3E0FEDE
:107270005407640170658A828B83E0F8A3E0F98883
:10728000088909E82414F582E43509F583E0FC90C7
:10729000155D12F47D49604388828983A3A3E06C65
:1072A0008882898370ECA3A3A3E0FCA3E0FDEC4DEE
:1072B0006029850882850983A3A3A3A3E0F508A319
:1072C000E0F5097808120EE00000030CF3DFF20C81
:1072D000F30CF3D5F2121EC8E9803379018030EE49
:1072E000540870248A828B83A3A3A3A3A3A3A3E03F
:1072F000701A8C828D83E0F8A3E0F988828983E597
:107300008245836003122CEC740080027401F90240
:10731000F1F874F4120BD974FA1212648A088B090A
:107320008A828B83A3A3A3A3A3A3A3E0F88A828B5F
:1073300083A3A3E05408600302F417E870378A823D
:107340008B83A3A3A3A3A3A3A3A3E0FAA3E0FB853A
:107350000882850983E0F8A3E0C82414F582E438A4
:10736000F583E0F98A828B83E0FCA3E0FBECFA1260
:107370002C6C02F464740168600302F41A852182A3
:10738000852283E4F0A3F08A828B8312F47DFEE9E8
:10739000FFE4F50AF50B780A1211D47402121234C4
:1073A000880A890B780A1211D47C007D008E828FA6
:1073B00083A3A3A3A3E0FAA3E012F470121DBA748E
:1073C000041211B185218285228312F47D49700354
:1073D00002F464850882850983E0FEA3E0FF850846
:1073E00082850983A3A3A3A3A3A312F25D1211D8DC
:1073F00075080178081211D874021214F5E0FCA384
:10740000E0FDEE2406FAE43F12F470121EBC740292
:107410001211B179FF804FE86004790180488A82B7
:107420008B83E02406F8A3E03400F974021214F50B
:10743000E8F0A3E9F08A828B83A3A3A3A3A3A3A369
:10744000A312F47DFAE9FB8A828B83E0FCA3E0F9C6
:10745000ECF874041214F5E8F0A3E9F074021212C7
:107460003C122B1C790074061211B17F04020F2606
:10747000FBEE2414F582E43FF583E0F922E0F8A363
:10748000E0F9E82274F7120BD9122A8C1229BA7982
:10749000011221CEE9FE79FF121BA4EEF98065747A
:1074A000F7120BD974FF121264122A86E9FE8521A5
:1074B00082852283E4F0AA21AB22795612197C7AC4
:1074C000CD7B0C79E212197C12F5DF601290168FD9
:1074D000E0FAA3E0FB121BEC90168FE4F0A3F0EEB1
:1074E000F9801C74F7120BD9E9FE74E26E700B7C04
:1074F000CD7D0C121CD6790080031219768005749C
:10750000011211B17F01020F2674F7120BD98908FD
:10751000EAFEEBFF74E26508700BEEFCEFFD7ACD3E
:107520007B0C121CD6EEFAEFFBA90812197C80D452
:10753000C082C0838A828B83A3A3A3A3A3A3A3A394
:10754000E4F01229C002F71474F4120BD9EAFEEB2E
:10755000FF8E828F831214BA90168B1214C612F506
:10756000DF600479FC80418E828F83A3A3A3A3E014
:10757000FA74036A601D12F76D70307A1B7B00127B
:107580001BE612F5CC60417C1B7D007900121B3E8E
:1075900012F7918E828F83A3A3A3A3A3A3E4F0EE9B
:1075A000FAEFFB122AC8790002F7688E828F83A354
:1075B000A3A3A3A3A3A3E060DA75F021A4FAABF020
:1075C000121BE612F77A70CB791A80DC8A0A8B0BD1
:1075D000A80AA90B90168FE8F0A3E9F0E8492290D9
:1075E000168FE0F8A3E0F9E84922C082C083EA24BC
:1075F00013F582E43BF583E4F01229C602F7147414
:10760000ED120BD98A088B098C0A8D0BEA241EF81F
:10761000E43509F9880C890DEA241CF582E4350962
:10762000F583E0FBEA241BF582E43509F583E0FAF3
:1076300088828983E0F912292A8A0E8B0FAE0EAF59
:107640000FEE4F700302F70D8508108509117512B2
:107650000078101211D07C137D00EE2426FAE43F4E
:10766000FB121B3274031211B1EE2402F8E43FF94D
:10767000880E890FE508241FF582E43509F583E0BB
:10768000F510A3E0F51178101211D0850C82850D4C
:1076900083E0FC7D00850E828983E0FAA3E0FB1283
:1076A0001B3274031211B1E508241350020509F5C9
:1076B0001085091178101211D07C0B7D00EE241B6F
:1076C000FAE43FFB121B3274031211B1E50A450BB9
:1076D00060308E828F83A3A3A3A3E0F96024850E7C
:1076E00082850F83E0FAA3E0FBEA4B6015850A82EE
:1076F000850B83122CECE96009EEFAEFFB121B56A6
:10770000800BEEFAEFFB12292479008002791A7FB0
:107710000B020F267900D083D08202117E790002FD
:10772000F504C082C08312182C80E9C082C0831285
:10773000183280E2C082C08312183880D974F712E0
:107740000BD912183E80D6C082C08374FF12126417
:10775000E9852182852283F0AA21AB2279E01219E2
:107760007C74011211B180AE7F04020F26EE241644
:10777000F8E43FF988088909EA228A0A8B0BA80AEB
:10778000A90B850882850983E8F0A3E9F012F5D4F6
:107790002290168FE0240BF8A3E03400F9850882CC
:1077A000850983E8F0A3E9F022C082C083900784B2
:1077B000740BF090078374FFF0900782F0900785B8
:1077C0008018C082C0831219CA1219D6800DC082D7
:1077D000C08312190A8004F0EBA3F0D083D0820298
:1077E000117EC082C083906180E0F8E96004D2F02D
:1077F0008002C2F0A2F0E43333FA74FD584A80DA12
:10780000C082C083EA90617280CDC082C083EA905A
:10781000617480C3C082C083EAFCEBFD79087A6A98
:107820007B6112195280B474F7120BD9E9FE90787B
:1078300003E0F8749568600574346870059033400F
:10784000800390334AE493F8740193F98882898322
:10785000E493FAC39EA2D265D033400EA3E493FA18
:10786000EEC39AA2D265D0335002EAFEA2AFE4334F
:10787000FAC2AF88828983E4939E2402FCE82CF547
:1078800082E439F583E49390078512F91C6005744E
:1078900034687011900785E064FD90078670047469
:1078A000018001E4F0EAA2E092AF1219B2EE02F90F
:1078B00054C082C083A2AFE433F9C2AF900785E021
:1078C000F8900782E068604C90078BE07046900764
:1078D0009EE0A2E7403E900785E090078212F91CE7
:1078E00060057434687025900782E0906190F09094
:1078F0000786E09061AC600A74F5F0906191747451
:1079000080117455F090619174698007900782E04E
:10791000906190F0E9A2E092AF02F7DBF09078037B
:10792000E0F87495682274F7120BD9E9FF74F52911
:10793000C394134003121754A2AFE433FEC2AFEF57
:10794000900784F090079EE070031219BEEEA2E04B
:1079500092AF8001F97F01020F26C082C083900799
:107960009EE06003121754A2AFE433F8C2AF900751
:1079700084E0F9900783E0696026900784E090072F
:1079800083F0E8A2E092AF121A9675F00590078393
:10799000E0A424D490618FF0121A0C121A8480058E
:1079A000E8A2E092AF02F7DB74F7120BD9E9FE9080
:1079B0001897E0600312175490078AE060031217CB
:1079C00054EE700790078A7401802674036E700766
:1079D00090078A7403801A74016E600874026E60E6
:1079E0000312175490078A7402F090617274FFF0CA
:1079F000A3F002F955C082C08390078AE4F0900793
:107A000041E0906172F0900742E090617302F7DA12
:107A1000C082C08312194002F7DBC082C0831219F2
:107A200046E9FA900788E0540FF8743E28F582E49E
:107A30003433F583E4932924B7F91219DC02F7DB18
:107A400074F7120BD9E9FE90335FE49324A9F89000
:107A5000335EE493240AFCEEC398A2D265D033507F
:107A600003E8800BECC39EA2D265D0335002ECFE3B
:107A7000E8FA3395E0FBEEF83395E0F9E8C39AF8BD
:107A8000E99BF9E875F0FFA4F8ADF075F0FFE9A403
:107A90002DF9EC3395E0FDECC39AFAED9BFB12084F
:107AA000DDE802F95474F7120BD91219DC02F9550A
:107AB00074F4120BD974EE1212647E001221BCE928
:107AC000F8A2E050027E017508877509187808123F
:107AD00011D47C017D007A557B00121C5E74021269
:107AE00011B1E9700AEEA2E050057900122BA07ADC
:107AF000247B00121C648A088B097A357B00121CD7
:107B0000648B0BEA450B7072740265084509706A54
:107B1000A821A9228808890978081211D4750802B9
:107B200075090078081211D47C007D007A247B004E
:107B3000121C7074041211B1852182852283E0F831
:107B4000A3E0F9E8FAE9FB901960EAF0A3EBF0A3EF
:107B5000E4F0A3F075086075091978081211D47C57
:107B6000047D007A357B00121C5E74021211B17C18
:107B7000027D007A247B00121C767A727B1679E2F1
:107B80001221D4EEF91221B67C107D007900740226
:107B900012123C121B3E74021212348808890978B2
:107BA000081211D47C107D007A627B00121C5E7476
:107BB000021211B1E97025EEA2E0502078081211EE
:107BC000D475081075090078081211D47C007D0066
:107BD0007A627B00121C6A74041211B17C107D0061
:107BE0007900740212123C121B3EEEF9122192EE41
:107BF000A2E050077A0179001221C27900741212B2
:107C000011B17F04020F2674F2120BD9890D750C85
:107C1000009016897401F0801A1211D4780812119C
:107C2000D47C007D00EEFAEFFB121C70740412117C
:107C3000B1050CE50C75F006A4F8A9F074EE28F86F
:107C4000742C39F988828983E493FA740193FBEAEE
:107C50004B606EA3A3A3A3E493F50A740193F50B01
:107C600088828983A3A3E493C0E0740193F583D051
:107C70008285820885830988828983E493C0E074C1
:107C80000193F583D082AE82AF83780A1211D4AC0F
:107C900008AD09EEFAEFFB121C5E74021211B1E995
:107CA000708FE50D780A700302FC191211D4780860
:107CB0001211D47C007D00EEFAEFFB121C6A02FC6C
:107CC0002C7F06020F2674F6120BD974FF12126471
:107CD00012FD1B1211D47C017D007A037B00121C63
:107CE0005E74021211B1E9702078081211D475087F
:107CF0000175090078081211D47C007D007A037B9D
:107D000000121C7074041211B1852182852283E057
:107D1000F974011211B17F02020F2685218285229A
:107D200083E4F0A821A9228808890978082274F63A
:107D3000120BD974FF121264E9FEEAFF12FD1B1246
:107D400011D475080175090078081211D47C007DE2
:107D5000007A037B00121C7074041211B1E9F970EF
:107D60003E74FF6E700A852182852283E04F800C6D
:107D700074FF6FF8852182852283E05812FD22125C
:107D800011D475080175090078081211D47C007DA2
:107D9000007A037B00121C6A74041211B1E9F90223
:107DA000FD11C082C08390314A7C247D07745E122D
:107DB00010D812198EE990073DF012198EE990073C
:107DC00031F0D083D08202117EE9F874C029F9C362
:107DD000941E4010742028C3940F5006743E28F956
:107DE0008002792D02117E74F3120BD9EAFEEBFFAB
:107DF000121970E9F8742D68700479F4805385A81D
:107E00000BC2AFE8F5087509007402780812136F09
:107E100074082508FA742F3509FB8A828B83E49352
:107E2000F8742428F508E43407F509750A00780881
:107E30001211D08A828B83A3E493FC7D00EEFAEFCB
:107E4000FB121B3274031211B1E50BA2E792AF795A
:107E5000007F05020F2674F1120BD98908EAFEEBA8
:107E6000FF74F1650870248E828F83E064017902CB
:107E70007014121A78A908121970E9F8742D687034
:107E80002F79F402FFF2121A6C80EA74F065087020
:107E90000F8E828F83E0901822F0F912199480D50A
:107EA0007445650870CF900729EEF0A3EF02FFEF4D
:107EB000E8F50A750B007402780A12136F7408252E
:107EC0000AFA742F350BFBEA2402F8E43BF98882A6
:107ED0008983E493F509EA2403FCE43BFDE509709A
:107EE000088C828D83E49360538C828D83E4936548
:107EF00009700579FB02FFF274586508701A8E82CA
:107F00008F83E02471F50AA3E034FFF50BC3E50A83
:107F10009422E50B9464501F8E828F83E0F50988CC
:107F2000828983E493F8E509C398400B8C828D83A2
:107F3000E493C39509500579E802FFF285A809C2C8
:107F4000AF8E0C8F0D750E00780C1211D08A828BBB
:107F500083A3E493FC7D008A828B83E493F87424EA
:107F600028FAE43407FB121B3274031211B1E5093D
:107F7000A2E792AFE50824B0601A24FE60301460D6
:107F8000202473604E14603814603F24FD604E144A
:107F90006055805C900741E0FAA3E0FB12199A80DB
:107FA0004F900745E0FAA3E0FB1219A0804290072A
:107FB00044E079026005121A6C8035121A7880301C
:107FC000900754E0F91219B880267A557B071219E8
:107FD000A6801D900753E0F91219AC80138E828F92
:107FE00083E090076080088E828F83E0900761F0C5
:077FF00079007F07020F2654
:1080000074F0120BD974F8121264852182852283D0
:10801000EAF0A3EBF0A3ECF0A3ED1282CC121482F1
:10802000908333780C1214827808790C121009703E
:108030000B7A007B007C807D3F0282C28521828595
:1080400022837808121482EDC2E7F50B90199D780F
:108050000C1214827808790C120DF9504490169481
:108060007422F0A3E41282CC121482908333780C31
:108070001214827808790C120E48500E750800759B
:108080000900750A00750B00800C7508FF7509FF63
:10809000750A7F750B7FAA08AB09AC0AAD0B02828B
:1080A000C285218285228378081214829019A178D2
:1080B0000C1214827808790C1206378521828522E9
:1080C000837808121464852182852283780812142B
:1080D00082E50BC2E7F50B7808120949E508FA8535
:1080E0002182852283780C121482908333780812BF
:1080F0001482780C7908120E485039852182852225
:10810000837808121482EAF50C3395E0F50DF50E2C
:10811000F50F780C120AF27808790C12021290838B
:1081200033780C1214827808790C12100960010A55
:10813000EAF404FA852182852283780C121482EAFB
:10814000F5083395E0F509F50AF50B7808120AF2FF
:10815000780C790812021274041214F5780C1214B7
:108160006474041214F5780C1214829019A578081E
:10817000121482780C7908120E48502774041214D5
:10818000F5780C1214829019A57808121482780CD4
:10819000790812023774041214F5780C121464D2A0
:1081A000008002C20074041214F578081214829040
:1081B00019A9780C1214827808790C1206379019D4
:1081C000AD780C1214827808790C120237740412FC
:1081D00014F5780C1214827808790C12063790196D
:1081E000B1780C1214827808790C120237740412D8
:1081F00014F5780C1214827808790C12063790194D
:10820000B5780C1214827808790C120237740412B3
:1082100014F5780C1214827808790C12063790192C
:10822000B9780C1214827808790C1202377404128F
:1082300014F5780C1214827808790C12063790190C
:10824000BD780C1214827808790C1202377404126B
:1082500014F5780C1214827808790C1206379019EC
:10826000C1780C1214827808790C120237852182A9
:108270008522837808121464A20050258521828506
:108280002283780C1214829019C57808121482780F
:108290000C7908120637852182852283780C121406
:1082A00064EAF98521828522837808121482AA085B
:1082B000AB09AC0AAD0BE9A2E713F9E4132CFCE916
:1082C0003DFD74081211B17F08020F26F08521824E
:1082D000852283780822F075E1E275E1FF0283D7F9
:1082E000A9A8C2AF75C300AAA2A8A3E9A2E792AF4A
:1082F000E8F9EAF87A007B021208DDE8F902117E5B
:10830000C082C0839061A4E0A2E4500312175475A8
:108310009C019061E47401F075E1E275E1FFA8A8A9
:10832000C2AF759B007591EFE8A2E792AFA8A8C213
:10833000AF759B007591F7E8A2E792AF0283D7C0B3
:1083400082C0831218AA75E1BC75E1B875E10F759A
:10835000E1D075E1D075E1D075E1D0805FC082C019
:10836000831218AA75E1BC75E11775E18175E110FA
:1083700075E1D275E1818044C082C0839007A1E09D
:108380009061E2F075A1FDA2AFE433FAC2AF75C30C
:1083900000A8A2A9A3900713E094125008E8700562
:1083A000E97002780175C30388A289A3EAA2E0926A
:1083B000AF12843B121A9075E1E1801B75E11075D4
:1083C000E1D275E1D975E10175E10975E1BA75E1AF
:1083D0000175E1C575E1D2D083D08202117EC082E1
:1083E000C0831218AA75E1BC80D874F7120BD91299
:1083F000843BA2AFE433F508C2AF75C300E5A2AF7A
:10840000A4740F5FF8740F98FE9061E2F0121A7E68
:1084100090079C7401F075E1E175C300E5A2E5A445
:108420006F600DEEC39402400774FF2E9061E2F07E
:10843000E508A2E092AF7F01020F269061A4E0D28E
:10844000E4F0E0D2E3F022C082C0839007A1E09084
:1084500061E2F00283B1C082C0839061E4E07017F2
:108460009061A4E0A2E4500FE0C2E4F0E0A2E35087
:10847000031218E6121AD20283D774F4120BD990A1
:1084800061A4E0A2E450031217541218A4E9F508FD
:10849000900724E0FEC39415500312175474EC2582
:1084A000082EFE75F01484FF75F014A4CE9EFE0F06
:1084B0009061E47402F0EF9061E2F0EEC394154035
:1084C0000312175475A1FDA2AFE433FAC2AF75C30E
:1084D00003EEF50A750B007409780A12136FF8A9F8
:1084E0000B900713E0C394125006E970030879005B
:1084F000E8F5A2E9F5A3EAA2E092AF75E1E275E141
:10850000FFA8A8C2AF759B007591EFE8A2E792AFF4
:1085100075E1BC75E1B875E1D29061A4E0D2E4F0F8
:1085200075E1E11218A4E9C39508500A9061E2E0F0
:108530006F7003E014F07F04020F26C082C08390A6
:1085400061A4E0C2E40282D6C082C0839061A4E04C
:10855000C2E3F0121AEA0283D7C082C0839061A4FA
:10856000E0C2E4F09061E4E07005121AD28015E0F8
:1085700064017005121ACC800BE0640260031217CC
:1085800054121ADE0283D774F7120BD9E99005D082
:10859000F07AB27B16122B7C7ABE7B16122B2279D4
:1085A0001312221090162CE4F0790A122C607F012D
:1085B000020F26C082C08390188E7418F090188F16
:1085C0007410F0A37427F0A3E4F0A3F0801EC0821F
:1085D000C0831216A6908323120FAB7A017B009002
:1085E00005D0E0F9121CA074041211B1D083D0821E
:1085F00002117E74F0120BD98A828B83A3E0600A89
:1086000014601224FC601A02868E8A828B83E064D6
:108610000D707B80078A828B83E070721216AC80AB
:108620006D8A828B83E0640D70051216A6805F90C0
:10863000188EE090188F602E780812148278081235
:108640000B0D9082BB780C1214827808790C1206FC
:1086500037780812093E90188F7808121464901821
:108660008EE014F0801174A0F0A374BBF0A3740D1D
:10867000F0A3E4F01216A690188F120FAB7A027BCB
:10868000009005D0E0F9121CA074041211B17F080B
:10869000020F2674F4120BD9EAFEEBFF5480704AE5
:1086A000EE5402605D122C309082BF120FAB7A0143
:1086B0007B009005D0E0F9121CA074041211B1EEF9
:1086C000640280738A828B83E064347016EA241714
:1086D000F582E43509F583E0FAA3E0FBEA4B600399
:1086E000121BECAA08AB09121B569005D0E0F91238
:1086F0001B688A088B09EA450970C9EEFAEF6480A5
:108700008037EEA2E050046401803B5404602DD217
:10871000819082C3120FAB7A087B009005D0E0F9FC
:10872000121CA074041211B1790A122C6090153039
:10873000E4F0A3F0EE6404FAEFFB8011EE5408605D
:1087400008C281EE6408FA80047A007B007F04028C
:108750000F26C082C08374FC12126474021214F5D6
:10876000E4F0A3F0852182852283F0A3F0AC21AD53
:1087700022740212123C12159E0285E774F7120B46
:10878000D9E9FEA2E5500B90158CE0640A70031243
:108790002C30EEA2E6500E7A047B009005D0E0F972
:1087A000121CAC8021A2E2501D901887E070179037
:1087B00083A7120FAB7A047B009005D0E0F9121C5E
:1087C000A074041211B10285AEC082C0839014E778
:1087D000E4F0A3F09014E974E9F0A3740CF0900CA9
:1087E000E97470F0A37402F0900F59F0A37480F054
:1087F000A3748CF0A37405F0D083D08202117E7430
:10880000F6120BD97A017B00121BE68A088B09AE9F
:1088100008AF09EE4F700312175485A808C2AFEED7
:1088200024FEF8EF34FFF99014E9E8F0A3E9F0EE44
:10883000FAEFFB121BEC9014EB7401F0E508A2E7D1
:1088400092AF7F02020F2674F2120BD97C007D00DA
:108850007E00EA2402FAE43BFBA2AFE433FFC2AF9E
:108860009014EBE06008EA9411EB9400500A901425
:10887000E9E0F8A3E0F98004785B790F88828983C6
:10888000E0F508A3E0F509548060057E0002892424
:10889000EEA2E0507C8C828D83E0F50AA3E0F50B1C
:1088A0005480F50DE50A2508F508E50B3509547FD8
:1088B000F509E50D4509F5098C828D83E508F0A3DE
:1088C000E509F0547FF509C3E5089AE5099B405492
:1088D000ECF8EDF9E849700302899288828983E017
:1088E000FCA3E0547FFDECC39AFCED9BFDC3EC942C
:1088F00004ED9400405DE82AF582E93BF583ECF055
:10890000A3EDF0EB4480FB88828983EAF0A3EB803F
:108910004AE509547FFDC3E5089AED9B50B67E01F8
:10892000E8FCE9FD88828983E0F508A3E0547FF53F
:1089300009E82508F8E93509F988828983E0F5080E
:10894000A3E0F509E5084509600302887C78007911
:1089500000803F88828983A3E04480F09014EBE09C
:1089600060299014E9E0FAA3E0FBE86A7002E96B81
:10897000701988828983E0FAA3E0547FFBE82AFA21
:10898000E93BFB9014E9EAF0A3EBF0E82402F8508D
:108990000109EFA2E092AFE8FAE9FB7F06020F2699
:1089A00074F7120BD9EA24FEFEEB34FFFFEAF8EB72
:1089B000F9C3E894E9E9940C4009C3E894E9E9941F
:1089C0001440031217548E828F83A3E054807003E7
:1089D000121754A2AFE433FAC2AF8E828F83A3E0A2
:1089E000547FF09014E9E0F8A3E0F9EE98EF995085
:1089F0000CEEF8EFF99014E9E8F0A3E9F0EAA2E050
:108A000092AF7F01020F2674F6120BD974FE121278
:108A100064EAFEEBFF54106027D2817A007B40901D
:108A200005D1E0F9121CAC7A007B809005D1E0F909
:108A3000121CAC121EB0122C42EEFAEF64108075BC
:108A4000EF54206028128B961211D4750802750914
:108A50000078081211D47C007D007A027B00121C81
:108A60006A74041211B1EEFAEF64208048EF5440AA
:108A70006020D28190838F120FAB7A007B809005AB
:108A8000D1E0F9121CA074041211B1EEFAEF6440A7
:108A90008023EF54806021C2819083A7120FAB7AAC
:108AA000007B409005D1E0F9121CA074041211B1B2
:108AB000EEFAEF6480FB80047A007B0074021211EE
:108AC000B17F02020F2674F6120BD974FE121264E3
:108AD000E99005D1F0908323120FAB7A007B20122E
:108AE0001CA074041211B1128B961211D47C027D59
:108AF000007A027B00121C5E74021211B1E9702030
:108B000078081211D475080275090078081211D47A
:108B10007C007D007A027B00121C7074041211B17B
:108B2000852182852283E02401F0A3E03400F085D2
:108B30002182852283C3E09405A3E09400402C8524
:108B40002182852283E4F0A3F0FA7B209005D1E016
:108B5000F9121CAC90838B120FAB7A007B1090053E
:108B6000D1E0F9121CA074041211B1A821A9228825
:108B700008890978081211D4750802750900780867
:108B80001211D47C007D007A027B00121C6A7404EE
:108B90001211B1028ABC852182852283E4F0A3F000
:108BA000A821A9228808890978082274F4120BD90F
:108BB000E9A2E650287A007B109005D1E0F9121C5A
:108BC000AC7A007B409005D1E0F9121CAC7A007BB6
:108BD000809005D1E0F9121CACC281804BA2E2501A
:108BE00047901887E0600875082875092380067586
:108BF00008D0750907750A00750B0078081211CCAA
:108C00007A007B109005D1E0F9121CA074041211B7
:108C1000B19082D7120FAB7A007B409005D1E0F97A
:108C2000121CA074041211B17F04020F2674F012FA
:108C30000BD974F6121264852182852283EAF0A38F
:108C4000EBF0A3ECF0A3EDF0852182852283780878
:108C5000121482908313780C1214827808790C1203
:108C60000E48503385218285228378081214829021
:108C70008333780C1214827808790C12100990163C
:108C800094700A7422128E317DFF028E2774211295
:108C90008E317D7F028E2774041212348808890970
:108CA00078081211D474021214F51214DE1222463E
:108CB00074021211B18521828522831214D285217A
:108CC0008285228378081214829019C5780C1214B8
:108CD000827808790C120E485032852182852283D1
:108CE00078081214827401C31313250AF50AE435B7
:108CF0000BF50B8521828522837808121464740495
:108D00001214F5E024FFF0A3E034FFF08521828502
:108D1000228378081214829019CD780C121482786C
:108D200008790C120237C008C009C00AC00B85219F
:108D300082852283780C1214829019C1780812144B
:108D400082780C7908120237D00BD00AD009D008EB
:108D50007808790C120451852182852283780812C3
:108D600014648521828522837808121482852182E9
:108D7000852283780C1214827808790C12063774D5
:108D8000061214F5780812146474041214F5E0F550
:108D9000083395E0F509F50AF50B7808120AF29008
:108DA00019E9780C1214827808790C120637C00879
:108DB000C009C00AC00B74061214F5780812148298
:108DC0009019D1780C1214827808790C1206379019
:108DD00019D5780C1214827808790C1202377406AF
:108DE0001214F5780C1214827808790C1206379058
:108DF00019D9780C1214827808790C12023785215F
:108E000082852283780C1214827808790C12063736
:108E1000D00FD00ED00DD00C780C7908120237AAE2
:108E20000CAB0DAC0EAD0F740A1211B17F08020F1E
:108E300026F0A3E4F07AFF7BFF7C7F2279FF121BF0
:108E4000A453BEFBE59DA2E650FA0078F879010034
:108E5000E824FF18E934FFF9E84970F375C600E526
:108E60009E70FC43BE049062707408F043FE03439E
:108E7000FD801219F4C28143FD02C28443FD10C279
:108E80008543FD20C28643FD407E10794A12174873
:108E9000E960F81EEE70F47900121B081217667A6A
:108EA000007B00121C581221C812222E1221B0126F
:108EB0001BAA79FF121B9E7902121B08121BB07AA3
:108EC000007B0002117E74EE120BD974F81212644A
:108ED000908260AC21AD2274081210FA7508CD752D
:108EE000090CF50AA821A922880C890DF50EF510A8
:108EF000F51178101211D47C087D007A017B0012E4
:108F00001C5E74021211B1E970467510CD75110C1A
:108F100078101211D475100875110078101211D440
:108F20007C007D007A017B00121C7074041211B168
:108F3000E9701D780C1211D07C087D00A908AA09DF
:108F4000AB0A121B3874031211B1E9700302901BB3
:108F500075100878101211D47CCD7D0C7AE87B074F
:108F6000797F12177874021211B1780C1211D07C2B
:108F7000087D00A908AA09AB0A121B387403121154
:108F8000B1E96071780C1211D07C087D00790C7AFF
:108F9000787B00121B3874031211B1E9701D75083B
:108FA0000C75097878081211D07C087D007ACD7B89
:108FB0000C121B3274031211B1803A7E00121B4A4C
:108FC0008A08EEFA74CD2AF582E4340CF583E508BC
:108FD000F00EEEF812902EEBF00EEEC3940640DD8C
:108FE0000812902E7430F00874CD28F582E4340C09
:108FF000F58374F8F07508CD75090C78081211D452
:1090000075080875090078081211D47C007D007A73
:10901000017B00121C6A74041211B17ACD7B0C79A9
:10902000E21221DA74081211B17F0A020F2674CD00
:109030002EF582E4340CF58322C082C0837A207B33
:1090400000122288D083D08202117E74F6120BD9CE
:10905000121B4AEA9016EFF09017007402F0901677
:10906000F37414F0901717740FF0A3F090197CE0CC
:109070009016F6F090197BE09016F0F090197AE0D7
:109080009016F1F09016F7E4F0A3F09016FA04F0C1
:10909000901757F09016FB7405F0A37401F090152B
:1090A00094E09016FDF0901975E09016FEF0A3E4A0
:1090B000F0901978E0901701F0901979E09017027C
:1090C000129156A3E41291567C087D0079007A082B
:1090D0007B17121B3E90171074FEF0A304F07C72F5
:1090E0007D167A247B17121CD690172CE4F090176B
:1090F00051740FF0A37403F090167BE0901755F0B5
:1091000090167AE0901754F090197EE0901756F080
:10911000901753E4F075085875091778081211D4A0
:1091200075080275090078081211D47C007D007A58
:10913000897B00121C7074041211B1E9600790174A
:1091400058E4F0A3F0790012279290175AE4F0A3A4
:10915000F07F02020F26F0A374FEF0A304F02202B7
:10916000117E74F6120BD9E9FEEAF8EBF9EE241F32
:10917000600424F07013EC5430600E121B4AEA5461
:109180000779002402F8500109E8FAE9FB80C2746B
:10919000EC120BD9751000751100751200751300D3
:1091A000AEA8C2AF12193A8A088B098C0A8D0BEE51
:1091B000A2E792AF900CDB78081212CF70030292F4
:1091C000CA8A0C8B0D8C0E8D0F900CDB780C121252
:1091D0004C90830B780C12115940030292CA900CE8
:1091E000DB78081214648010908393780C1213A813
:1091F00090830378101213A8908307780C121159EA
:1092000040E675081975090078081211D4740378BE
:109210000C12111B900CDFE0F508A3E0F509E4F552
:109220000AF50B780C7908121395AA0CAB0DAC0E4D
:10923000AD0F120DA874021211B18A0C8B0D8C0E99
:109240008D0F7410780C12121B7810790C12139574
:10925000900CDFEAF0A3EBF0A2AFE433FEC2AF90D4
:109260000CE1781012135C9083A778081214829096
:109270000CE1780812142540417508E87509037857
:10928000081211D4900CE11214DE120DA87402120F
:1092900011B18A0C8B0D8A088B098C0A8D0B741006
:1092A000780812121B900CE5780812135CA80CA920
:1092B0000DE4FAFB900CE11214C6EEA2E092AFAA04
:1092C00010AB11AC12AD13121CB87F0C020F26C0EC
:1092D00082C08390079DE4F090079CF08004A2E098
:1092E00092AFD083D08202117E74F7120BD9E9FFBE
:1092F0007003121754AEA8C2AF90079DE04FF01252
:109300001A90EEA2E78003EEA2E092AF7F01020F77
:109310002674F7120BD9E9FE7003121754A8A8C2DD
:10932000AF90079DE04EF0E880D974F7120BD9E9B1
:10933000FE7003121754A8A8C2AF74FF6EF990070D
:109340009DE059F0E8A2E792AF121A8A80BEC0826F
:10935000C083A8A8C2AF90079DE4F090079C129329
:10936000F4E8A2E792AF121A0C0292E274F7120B21
:10937000D9A2AFE433FEC2AF90079DE06003121A9A
:1093800090808474F7120BD9A2AFE433FEC2AF9081
:10939000079DE07019900789E0A2E7401190078BC4
:1093A000E0700B90079EE0A2E74003121A9602932A
:1093B00007C082C083A2AFE433F8C2AF90079CE03D
:1093C00070067401F075E1E3E80292DEC082C083AA
:1093D000A2AFE433F9C2AF90079CE06013E41293AC
:1093E000F4A8A8C2AF759B0075E9FBE8A2E792AFAD
:1093F000E90292DEF075E1EF75E1ED75E1ED2274C1
:10940000F0120BD974F8121264852182852283EA46
:10941000F0A3EBF0A3ECF0A3EDF08521828522838D
:109420007808121482EDC2E7F50B9019C9780C1276
:1094300014827808790C120DF985218285228350D7
:10944000061214DE02951378081214829083337882
:109450000C1214827808790C120E4885218285221C
:109460008378081214824003029501EDC2E7F50BE0
:1094700085218285228378081214648521828522C1
:1094800083780812148278081209497808120AF2BF
:1094900074041214F57808121464852182852283DD
:1094A000780812148274041214F5780C121482785D
:1094B00008790C120212908333780C121482780807
:1094C000790C121009602374041214F57808121430
:1094D000829019C1780C1214827808790C12023724
:1094E00074041214F5780812146474041214F578D4
:1094F00008121482AA08AB09AC0AE50BB2E7FD809A
:109500001278081209497808120AF2AA08AB09ACC5
:109510000AAD0B74081211B17F08020F2674E41211
:109520000BD98A188B198C1A8D1B74201214F5789C
:109530001012148274241214F5780C1214827428F8
:109540001214F57814121482781479181202128504
:109550000C08850D09850E0A850F0B780879101205
:10956000021278147908120637741C1214F5780860
:1095700012148278087918120212781479081204E9
:10958000517814791012023778147910120E48505D
:109590000E85101885111985121A85131B800C85EC
:1095A000141885151985161A85171B780C79181249
:1095B0000E48500E850C08850D09850E0A850F0B87
:1095C000800C851808851909851A0A851B0BAA08BD
:1095D000AB09AC0AAD0B7F14020F2674ED120BD948
:1095E00089118A10EB8C12F9121742750C00750D57
:1095F00000750E00750F007E008018AA10A91112C8
:10960000173C8A088B09E4F50AF50B780C790812E7
:1096100013950EEEC3951240E2851208E4F509F5A4
:109620000AF50B780C7908120B6AAA0CAB0D7F0BAC
:10963000020F2674F7120BD9E97020900000E4F0B5
:1096400079FF121BA4E59D5418F86018740868602F
:1096500013741068600E12175480097A1A7B1B79F4
:10966000011217DE7F01020F26C082C083E9F89045
:109670001899E0F47006E8F0790180027900029709
:109680001074F6120BD9E9FEEAFF901899E0F46025
:109690002B7A047B00121B50EA4B601C8A828B835E
:1096A00074C0F0EFA3A3F0EE8A828B83A3A3A3F090
:1096B000901899E0F9121B5C7900800279017F0211
:1096C000020F2674F7120BD9E9A2E5E433FA121B54
:1096D00014809174F7120BD912174EE9F8C3945302
:1096E0005025E8C3944F40047E0180027E00900C18
:1096F000D5E0F8A3E0F9E849600AEEF9E0F58388DF
:1097000082122CECEE6004790180027900029664EA
:10971000D083D08202117EC082C0831219100297BA
:10972000108003000000EAF8EBF9E824FF1AE9349E
:10973000FFFBE84970ED02117E74F4120BD9890821
:10974000740F5508F50A750B00740B780A12136F25
:10975000EA2400F8EB3480F9E82400E9350BF985B8
:10976000C70AA2AFE433F509C2AFE508C4540FFA43
:10977000E5C754F84AF5C7740C1214F5E0FAA3E0F3
:10978000FB801C88828983E08C828D83F0888289AB
:1097900083A3A882A9838C828D83A3AC82AD83EA44
:1097A000FEEBFFEE24FF1AEF34FFFBEE4F70D48583
:1097B0000AC7E509A2E092AF7F04020F2674F612F1
:1097C0000BD9ECFEED9005D3F0EEA3F0A37462F09C
:1097D000A37473F0A3E0541FF0740A1214F5E0F5BB
:1097E00008A3E0F509E508333354FC9005D8F0747C
:1097F000067808121455E5089005D7F09005D9743D
:1098000012F0A37442F075D1FE75D601EA90627130
:10981000F0EBA3F0906270E0D2E1F0E0A2E740FB51
:109820007F02020F26C082C083E9C333906272F0C8
:10983000906270E0D2E0F0D083D08202117EC082CC
:10984000C0831298807020E8601D740268700E1248
:1098500098707003A3E069700E7901800C7403683E
:109860007005121CD080027900D083D08202117E54
:109870008A828B83E0F8A3E0F98C828D83E06822F2
:109880008A828B83A3A3A3A3A3A3A3A3E0F88C82C0
:109890008D83A3A3A3A3A3A3A3A3E06822C082C034
:1098A000838C828D83A3A3A3A3A3A3A3A3E0F88A9D
:1098B000828B83A3A3A3A3A3A3A3A3F074036870C1
:1098C00005121CD680128C828D83E0F8A3E0F98A01
:1098D000828B83E8F0A3E9F002986974F6120BD941
:1098E000750808EAFEEBFF8E828F83A3AA82AB8302
:1098F000ECF8EDF988828983A3AC82AD838E828FE8
:1099000083E0FE88828983E06E6004790080081518
:1099100008E50870CE79017F02020F2674F5120B5C
:10992000D98C088D09750A0078081211D07C087D41
:1099300000121B3274031211B17F03020F2674F65A
:10994000120BD97E009005FDE0146009146011240B
:10995000FE601A8025638C019005FEE05580800929
:10996000638C069005FEE05590700F800B638C08A9
:109970009005FEE055A070027E01EEF50875090025
:1099800078081211D49005FEE0F50878081211D479
:109990009005FDE0F50878081211D47ABB7B80129F
:1099A00016D074061211B1EEA2E0500478208002A5
:1099B00078409005FDE048FA9005FEE0F9121B148E
:1099C0007F02020F2653F5FE53FFFE02117EC08276
:1099D000C0839005FF7401F043AC01439A0253F732
:1099E000FE53F77F7A327B00121B2C438C08D08306
:1099F000D08202117E74F7120BD9E99005FDF014A4
:109A0000600914600A24FE600E8016E5898002E574
:109A10008A9005FEE48009E58BA2E0E4339005FE20
:109A2000F09082DF120FAB7A107B009005FBE0F91B
:109A3000121CA074041211B17F01020F26C082C053
:109A4000839005D27480F0D083D08202117E74F6A8
:109A5000120BD9E9FCEAFD7901ECC39408500E78A9
:109A6000008005E9C333F908E8C39C40F6E942F2F7
:109A7000ED14600814600914600A800C7800800AF4
:109A8000781080067820800278309005D2E0FAECD9
:109A9000484AF5B6E5B4A2E750FA74FF6952F2E518
:109AA000BAFAA9BBE9FBC39400A2D265D033500433
:109AB0007A007B00ED14600814600D1460128018A9
:109AC0008A088B09740880168A088B097406800E30
:109AD0008A088B09740480068A088B097402780846
:109AE000121405AA08AB097F02020F26C082C083A8
:109AF000E99005D2029A46E9F875B60FE5B4A2E7F7
:109B000050FAE8C395BB5004790180027900021134
:109B10007E75B60FE5B4A2E750FAE5BBF902117EF7
:109B2000C082C083EAC3940240027A00E9C454F0C0
:109B30004A900788F09007877404F0D083D082029F
:109B4000117EC082C0839061A5E0D2E2F0900787C9
:109B5000E064037011D287D2939061EB7468F09047
:109B6000624474FB8018E064049061EB7008129BFF
:109B7000C09062438006129BC090624774FCF090D4
:109B80000713E0C39412502D900741E0906172F0EA
:109B9000900742E0906173F0900745E0906174F0A7
:109BA000900746E0906175F079087C557D077A6AE8
:109BB0007B61121952906180E4F0E04409029B3A03
:109BC0007468F090624474FBF09061EC746AF02267
:109BD000C082C08374E3121264852182852283745B
:109BE00001F01214F5E4F074021214F5E4F07403B9
:109BF0001214F57430F0A3E4F0740A1214F574141E
:109C0000F0A3E4F074121214F57414F0A3E4F074E9
:109C1000051214F5740AF074161214F57401F07438
:109C20001B1214F5EAF0A3EBF0121808AA21AB22DC
:109C3000790012180E741D803374F7120BD9E97C69
:109C4000087D0060067AAB7B1880047AA37B1879C4
:109C50000012181A7F01020F26C082C0837C087D83
:109C6000007A9B7B18790012181A80031211B1D068
:109C700083D08202117ED083D08202117EC082C046
:109C8000838019198C828D83E08A828B83F0A3AA4A
:109C900082AB838C828D83A3AC82AD83E970E48038
:109CA000D5C082C083801D198A828B83E08C828D0F
:109CB00083F08A828B83A3AA82AB838C828D83A359
:109CC000AC82AD83E970E080AD74F7120BD9EAFE87
:109CD000EBFF8908E970031217548E828F83E0F539
:109CE000D9A3AE82AF831508E50870EE7F01020F9D
:109CF0002674F7120BD9EAFEEBFF8908E97003120C
:109D00001754E5D98E828F83F0A3AE82AF831508F6
:109D1000E50870EE80D6C082C083E99005FBF0D0E4
:109D200083D08202117EC082C08312173612175A66
:109D300012287C1218081217D880E474F6120BD976
:109D4000EAFEEBFF548060188003121B569005FB5F
:109D5000E0F9121B68EA4B70F1EEFAEF648080358F
:109D6000EE54206006EE6420FA8031EE5410602834
:109D70001217D29005FFE070179082CB120FAB7ACA
:109D8000107B009005FBE0F9121CA074041211B1C5
:109D9000EE6410FAEFFB80047A007B007F02020F72
:109DA00026C082C083121820029D1FC082C0831269
:109DB0001FDC121FE2802DC082C0839015927402B6
:109DC000F0A37440F0A37480F0A3E4F0A3F0A374B4
:109DD00050F0A374A0F0A3E4F090159C74A0F0A33D
:109DE000E4F0A3F0D083D08202117EC082C08390C1
:109DF00019601214BAE8494A4B90159F6008E05464
:109E0000F0F044018006E054F0F04402F0E0540F1A
:109E1000F0A3E4F090159FE04420F0A3748280C387
:109E2000C082C083901515E4F090150FF0A3F0D018
:109E300083D08202117E74F6120BD9E9FE9083B8AA
:109E4000E0F8EEC39840047903803CA2AFE433FB12
:109E5000C2AF750801750900EE780812136FAC08DF
:109E6000AD09EA7011ECF4F8EDF4F990150FE05833
:109E7000F0A3E059800990150FE04CF0A3E04DF0FD
:109E8000EBA2E092AF79007F02020F2674F0120B72
:109E9000D98A088B098C0A8D0B74101214F5E0F81E
:109EA000A3E0F9E8FAE9FB908333780C1214827886
:109EB00008790C121009700E8A828B83E4F0A3F0EB
:109EC000FAFBFCFD8022EC33ED332482F83395E07D
:109ED000F98A828B83E8F0A3E9F0AA08AB09ED5474
:109EE00080443FFDECC2E7FC7F08020F26C082C021
:109EF000831216CA7A147B00121BE6900CD9EAF082
:109F0000A3EBF07C147D007900121B3E790012292E
:109F1000F67901122630790212176079031224387B
:109F20007904121ECE7905121CFA7906122C7E795C
:109F300007121E2C79081216A0790912172AD0834D
:109F4000D08202117EEEC0E0E9FA7B00122CE9D04B
:109F5000E0FE02117E74F6120BD974FE12126474C4
:109F60000C121234852182852283E8F0A3E9F0A83F
:109F700021A9228808890978081211D4E4F508F586
:109F80000978081211D47C5E7D2212226A740412B0
:109F900011B174021211B17F02020F261211B17FAA
:109FA00002020F26790102117E74F6120BD974FE9B
:109FB000121264740C121234852182852283E8F017
:109FC000A3E9F0A821A9228808890978081211D4E8
:109FD00012226474021211B1740280C0C082C08364
:109FE000122264D083D08202117EC082C083901876
:109FF00097E06033E59E70FC439403E594A2E25041
:10A00000FAE0640270081219EE121A008011E0647E
:10A01000016003121754E59DA2E640031217549005
:10A020001897E4F0121A84D083D08202117EC08285
:10A03000C0839018F87401F0A3F0901906E4F0A31F
:10A04000F090190CF0A3F0901908F0A3F0A3F0A37E
:10A05000F090155BF0A3F0D083D08202117EC08215
:10A06000C083852182852283E0F8A3E0F9E8496076
:10A07000128A828B83ECF0A3E824FF18E934FFF9FD
:10A080004870F2D083D08202117EC3EB9400A2D23A
:10A0900065D0334005EAF8EB8006C3E49AF8E49B08
:10A0A000F9E8FAE9FB02117EC082C0837A007900E8
:10A0B0001219E8D2879061967406F0D083D082029C
:10A0C000117E7405F5D574D3F5D47405F5D374DB1E
:05A0D000F5D202117E33
:04000005000014459E
:00000001FF
