:020000040000FA
:0600000002144502088213
:030013000209D807
:03002B00021201BD
:0300330002108A2E
:03003B00020A2D89
:030053000207B7EA
:100083000208160100F0FF0700080000FFFF000050
:100093000504000000030001FF18102700000020E2
:1000A300FD000206FFFFFE0400000004E5C6FE0695
:1000B300001F0000AC03FE06001F00B4AC741E0357
:1000C300007701C617CC171A1E00000000000000BD
:1000D300000000000000000000000000000000001D
:1000E300000000000000000000000000000000000D
:1000F3000000003E1E0000000000000000000000A1
:100103000000000101E803D00732006400DC009422
:1001130002000000000000000000000000000000DA
:100123000000000000000000000000FF00000000CD
:1001330000000000000000000000000000000104B7
:10014300010C00020639820000000204010C0002C7
:10015300029F83000000010400008715000000E8EF
:10016300030000FFFFD81588130000E803000064B4
:10017300006400B801A0BB0D00A0BB0D0002020289
:100183000704010A1E02051E020A0A0101080801EA
:1001930003B80B02803E0102FEFFE8030A050001DB
:1001A300FFFF020A011401E00100B0423BAAB83F7D
:1001B3000000003F8C906339AA0CA33A00941E3CC4
:1001C3008042633DCFFE753E1572313F0000803F94
:1001D300F304353F8096184B000080BF2292D43E33
:1001E300DD9B2A3F04000040FFFF7F7FFFFF7FFF6F
:1001F300010080341872313F050301010F7A30008A
:10020300000000B02F00000000FF000000FF0012FC
:1002130014736046121491603DE9687008F618F68D
:1002230018F618F622748067F71202460909097452
:100233008067F722121491601D1214737005191947
:1002430019801A121320701F121334C37003E66748
:100253003319191940071818182208080874FFF6EB
:1002630018F618F618F622121334601712151170C7
:100273002192F01214FF7019501720F01408080887
:10028300090909E7F61819E7F61819E7F61819E73F
:10029300F6221214FF60E6E869701F0808E624805E
:1002A300F608E436F618547FB47F0CE654806007F2
:1002B300F6E418F618F622181822E9C6CC08C6CDBB
:1002C30008C6CE08C6CFC0E0E8C0E0EAC0E0EBC095
:1002D300E009E9F809E7FA09E7FBE6F918E6F8C3E4
:1002E300EC98ED99EE9AEBC2E7F5F0EFC2E795F0E3
:1002F300500E600CEBCFFBEACEFAE9CDF9E8CCF86F
:10030300EAA2E7D2E7FAEB33FB13F5F0EEA2E7D26A
:10031300E7FEEF33FFC5F013A2E730E601B313C5E1
:10032300F0C3C0E0C0F07F00C39BFB605E94186025
:100333000F401D14601AD0E023F9D0E0F80204182E
:100343008AF0E9486003D2F0E4AFF0FAF9F8803BB1
:10035300EB30E40D89F0EA6003D2F0E4AFF0F9CAC0
:10036300F8EB30E30D88F0EF6002D2F0AFF0E4CAAF
:10037300C9F8EB54076014FBC3EA13FAE913F9E86D
:1003830013F8EF135002D2E0FFDBEDD0E0C0E03012
:10039300E739C3E49FFFF5F0EC98FC42F0ED99FDDB
:1003A30042F0EE9AFE42F0D0E0F9D0E0F8E5F060DA
:1003B3007AE923F9EE20E742D8028067C3EF33FFDF
:1003C300EC33FCED33FDEE33FE80EAEC28FCED3933
:1003D300FDEE3AFED0E023F9D0E0F84002801BC3E3
:1003E300EE13FEED13FDEC13FCEF135002D2E0FF0E
:1003F30008B800067F7F74FF802EEF3350178CF010
:1004030020F00260100CBC000C0DBD00080EBE00F5
:100413000408E860DFE933E813FFEE2313FE4F4DD2
:100423004C8008E95480FFE4FEFDFCEE33EF33F427
:100433007004FCFD7E80D0E0FBD0E0FAD0E0F8D081
:10044300E0CFC618CEC618CDC618CCC6F9221214F2
:1004530091700418181822121473700D74FFF61893
:1004630019F61819F61819F622E7548066F61214CD
:10047300FF700F12151170F014F608F608F608F65F
:1004830080D1121511700CF608F608768008E64440
:100493007F80EC121337700C12132360BFE6548075
:1004A300F6E480BB121323700519191980A5E869B6
:1004B300700C763F18768018F618F6E8F922E6CD28
:1004C300C0E018ECC0E0E633CD33CDD313F6E71923
:1004D300FCE7191933CC33C3947F400ECD9D5024D0
:1004E30008E65480F6E418F6800FF4043D14501423
:1004F30008E6447FF6187680E418F618F6D0E0FC98
:10050300D0E0FD22CCD313CCFD18E4C6CBC0E01859
:10051300E4C6CAC0E00808ED08C633E613F618E4DB
:1005230033C675F003C3CA97CA09CB97CB199C404E
:10053300047D08802EBD00030205FA16B6FF0506EA
:1005430006081618C3CA33CACB33CB33CA27CA0922
:10055300CB37CB193CC37D08803E187D0820E75C70
:10056300C633C6CA33CACB33CB33DDF1D5F0EB3058
:10057300E77BCA97CA09CB974ACB199C406F4B704C
:1005830025E620E0218066187D08C3CA97CA09CBF7
:1005930097CB199CD3C633C6CA33CACB33CB33509C
:1005A300C9DDE7D5F0E1D3E4C636C608C636C608CA
:1005B300C636C608C636C61818188031C3CA97CAC5
:1005C30009CB97CB199CB34097C633C6CA33CACB62
:1005D30033CB33DD34D5F02EC6A2E0C640C8CA27DC
:1005E300CA09CB37194A70BECB3CB480B90808E6B8
:1005F3003308E633601F181818D0E0FAD0E0FBD0B8
:10060300E0FCD0E0FD22187D08CA27CA09CB37CB0E
:10061300193CD3808013F618E4B67F11F618B6FFA1
:100623000EF618C60470D20808768080CAF618F64B
:1006330018F680C500121491604F1214736012E70C
:10064300548066F61213207011121511703B0909BC
:1006530009F4F618F618F618F62212133470151268
:1006630014FF08080860EAE6447FF618768018E469
:10067300F618F6221214FF60161215117012E4F622
:1006830008F608F608E65480F6090909181818222E
:10069300EAC0E0EBC0E0ECC0E0EDC0E0E687F0A428
:1006A300FBACF008E687F0A42CFCE435F0FA18095B
:1006B300E687F0A42C4B60027401CA35F0FCE433E6
:1006C300FB09E687F0D2F7A42CCB35F0FC1908E63A
:1006D30087F0A42BCC35F0FBE433FD0819E687F053
:1006E300D2E7A42C4ACB35F0CD3400FC09E687F0E1
:1006F300D2E7A42DCC35F0FDE433FA0918E687F0F0
:10070300D2F7A42CCD35F0CA3400FC08E687F0D22A
:10071300E7D2F7A42ACC35F07A7E20E70B0ACB3355
:10072300CBCD33CDCC33CC33CB3350147004ED303D
:10073300E00ED2F1E4CD3DCDCC3CCC3B5005DA0507
:10074300C2F1EB547FC63308E63392F0FBE733097B
:10075300E733C39A502D2B70190C0D4C4D7015189F
:1007630006E608C333700D20F10AA2F013F6E4186D
:10077300800B4024E4F630F002768018F618F61861
:10078300F68024D33B14501074FFA2F013F61876AE
:1007930080E418F618F6800FA2F013F618E6330378
:1007A300F618ECF618EDF6D0E0FDD0E0FCD0E0FB57
:1007B300D0E0FA22C0E074F1120C45A2AFE433F5A5
:1007C30009D2AF85A708AFA1EF5508FE74105E608C
:1007D3000612189275A1EF74085E600812189875D6
:1007E300A1F78024EFA2E092F0E508A2E082F050A6
:1007F30017906198E0F8900714E0C398A2D265D0EF
:10080300335002E8F075A1FEE509A2E092AF7F0242
:10081300020CA4C0E074F2120C45A2AFE433FED282
:10082300AF9061A4E0F8759B00E591585408600807
:100833007591F71218E68023E591585410600875F6
:1008430091EF1218EC8014E591A2E092F0E8A2E097
:1008530082F05007E0C2E0F0121A369061A3E0F88C
:10086300E5E9585404600E121A0C75E9FB90619384
:10087300E0A2E640F2EEA2E092AF7F01020CA4C038
:10088300E074F2120C45A2AFE433FED2AF9061A53F
:10089300E0F8E5BF585404600675BFFB121A4E809A
:1008A300D4C3E498F8E499F91208E58026C3E49ADE
:1008B300FAE49BFBE920E7E91208E5E498F8E499F8
:1008C300F922C3E498F8E499F91208E5E498F8E406
:1008D30099F9C3E49AFAE49BFB22EB20E7CFE920E2
:1008E300E7E0B90010BB0008E88AF084F8AAF02218
:1008F300E4FBC8FA22EB70227B10C833C8C933C9A2
:10090300335007C39AC3DBF280069A50012ADBEA0D
:10091300C833F4C8C933F4C9FA2275F008E4C833FC
:10092300C8C933C933C99AC99B5004C92AC93BD51D
:10093300F0ECFBC833F4C8E4C9FA2212098930F099
:10094300391209CE803412098920F01430E72B7450
:10095300FFFCFBFA747F8022E4FCFBFA7480801AAC
:10096300B48008BC00F2BB00EF800F50EBF9E4C386
:100973009AFAE49BFBE49CFCE499C6CC18C6CB181A
:10098300C6CA18C6F922E4C9C608CAC608CBC6D364
:10099300330308CCC63392F0C3947F402E9418409F
:1009A30019C9B90704CACBCC225025C309CA33CA13
:1009B300CB33CBCC33CC33D9F422F4600DC9CCC3C5
:1009C30013CB13CBCA13CAD9F6CC22E4FCFBFA220D
:1009D30014FCFBFA22C0E0C0D0E8C0E0E9C0E0C0EC
:1009E30082C083A8C1E8C0E0900681E0F8740028C3
:1009F300F582E43406F583D0E0F0900680E0F8A3B6
:100A0300E0687006E595900683F0900681E004F0B7
:100A1300C394804002E4F0A374C6F0D083D082D0A4
:100A2300E0F9D0E0F8D0D0D0E032C0E0C0D0E8C0E8
:100A3300E0E9C0E0C082C083900704E0F8A3E06867
:100A43007008539AFBA374018022C2E9900704E063
:100A5300F8740128F0748428F582E43406F583E001
:100A6300F5C1900704E0C394804002E4F080AC0831
:100A73000808EAC0E0EBC0E086F0E7A4FA180986AC
:100A8300F0E7A42AFA180986F0E7A42AFA180986D7
:100A9300F0E7A42AFA1986F0E7A4FBE5F02AFA198D
:100AA3000886F0E7A42BFBE5F03AFA190886F0E78D
:100AB300A42BFBE5F03AFA18180986F0E7A4C5F071
:100AC3002BFBE43AFA1908E7C5F0C6A426F6E5F0CD
:100AD3003BFBE43AFA1886F0E7A4F6E5F00826F6BD
:100AE300E43B08F6E43A08F6D0E0FBD0E0FA22084B
:100AF3000808E630E7111212F8120B0A080808C6B4
:100B03004480C618181822181818E9799EC608CA0E
:100B1300C608CBC608CCC6C370207996CACBCC70A6
:100B230019798ECBCC70137986CC700EF9802ACAD2
:100B330033CACB33CBCC33CC331930E7F2CCCBCA6B
:100B43003350147004EA30E00DE4CA3ACACB3BCB0D
:100B5300CC3CCC500209C3E913C6CC182313C6CB33
:100B630018C6CA18C6F922E4CFC0E0E4CEC0E0E458
:100B7300CDC0E0E4CCC0E075F020E626F608E6330D
:100B8300F608E633F608E633F6181818EC33FCEDEE
:100B930033FDEE33FEEF33FFC3EC9709ED9709EE18
:100BA3009709EF97191919400FFFEC97FC09ED9777
:100BB300FD09EE97FE191906D5F0BFECF709EDF71D
:100BC30009EEF709EFF7191919D0E0FCD0E0FDD0D1
:100BD300E0FED0E0FF222521C582C0E0E52234FFFC
:100BE300C583C0E0E521C3958224F810AF0885834F
:100BF300228582218008858322858221D2AFCEF08F
:100C0300A3E520F0A37808E608F0A3DEFAEFF0A34B
:100C1300E58124FAF8E608F0A3E608F0A3E608F075
:100C2300A30808E608F0A3E608F0A315811581D010
:100C3300E0FED0E0F8158115811581E8C0E0EEC033
:100C4300E022C0D02521C582C0E0E52234FFC58360
:100C5300C0E0E521C3958224F310AF088583228584
:100C630082218008858322858221D2AFC8F0A3E93F
:100C7300F0A3EAF0A3EBF0A37908E709F0A3D8FA0D
:100C8300ECF0A3EDF0A3EEF0A3EFF0A3D0E0F0A31C
:100C9300D0E0F0A3D0E0F0A3E520F0A3E5F0F0A3CB
:100CA30022852283852182E0C0E0A3E0F9A3E0FA54
:100CB300A3E0FBA37808E0F608A3DFFAE0FCA3E0D7
:100CC300FDA3E0FEA3E0FFA3E0C0E0A3E0C0E0A338
:100CD300E0F5D0A3E0F520A3E0A3F5F010AF08857D
:100CE30083228582218008858322858221D2AFD009
:100CF30082D083D0E0F8D0E0321212FB1818181219
:100D03000B6A1213F4191919221213F41919190879
:100D13000808E618181820E7E0120B6A1212FB18ED
:100D2300181822090909E719191920E7DC08080826
:100D3300E618181820E703020B6A1212FB1818189A
:100D4300120B6A1212FB1818181213F4191919222C
:100D53001214EAB90003020D92E490050178767942
:100D6300148002F0A3D8FCD9FA7A767B1890008617
:100D7300788D79028015E493A3AD82AE838A828B4A
:100D830083F0A3AA82AB838D828E83D8E9D9E775DA
:100D9300822F75838E74051211787582D875832C12
:100DA300740012117875F0108E238F2485822885A4
:100DB3008327852182852283E0CEA3E0CF85288205
:100DC300852783EBC9EAC8EDCBECCAC3E833C8E98E
:100DD30033C9EA33CAEB33CBC3EA9EF526EB9FF55F
:100DE30025B35004AB25AA26EC33CCED33CDD5F097
:100DF300DAAE23AF2422121491601C12147360170D
:100E03001214FF70071215117001D322C0D01215EE
:100E1300117006D0D0B322C32233D0D0501430E0A7
:100E2300F6C3E7960809E7960809E7960809E796DF
:100E3300B32220E0D5E6970809E6970809E6970864
:100E430009E697B322121491601B121473601612F1
:100E530014FF7007121511600CB322C0D0121511C4
:100E63007005D0D022C32233D0D0501330E0EBC36F
:100E7300E7960809E7960809E7960809E796222006
:100E8300E0E4E6970809E6970809E6970809E69774
:100E930022D083D082ECC0E0EDC0E0E493A3FCE475
:100EA30093A3FDED4C600D120F6CEC24FFFCED34AD
:100EB300FFFD80EFE493A3FCE493A3FDED4C600DF1
:100EC300121035EC24FFFCED34FFFD80EFD0E0FD84
:100ED300D0E0FCE493A3C0E0E493C0E022D083D04D
:100EE30082E9C0E0E493A3C386F0C5F095F0F90866
:100EF300E493A386F0C5F095F0700BE493A3C39934
:100F03004005E9048002A3E475F002A42582F5827A
:100F1300E5F03583F583D0E0F9E493A3C0E0E493EF
:100F2300C0E022852283852182E0A3FEE0A3F52091
:100F33007808E0A3F608DFFAE0A3FFE0A3C0E0E04F
:100F4300A3C0E0E0A3C0E0E0A3C0E0E0A3C0E010E2
:100F5300AF088582218583228008858221858322AB
:100F6300D2AFD083D08202117EC0E0C3E49396084F
:100F73007401939618400FE4936670080874019304
:100F8300661870007019A3A3C3E4939608740193C1
:100F93009618A3A3400DD0E0D0E0D0E0020ED0A37A
:100FA300A3A3A3A3A3D0E02274048004740280004B
:100FB300CCC0E0EDC0E0E521C39CCCAD2250011DC7
:100FC30010AF068C218D2280068C218D22D2AF1288
:100FD30010FAD0E0FDD0E0FC2274028000CCC0E027
:100FE300EDC0E0E521C39CCCAD2250011D10AF063E
:100FF3008C218D2280068C218D22D2AF1210D8D065
:10100300E0FDD0E0FC2212149160251214736020DD
:101013001214FF7003021511080808E76670101810
:1010230019E766700A1819E76670041819E766224B
:10103300F422C0E0C0F088F0E493667008087401FD
:101043009366187000A8F0A3A3700BD0F0D0E0D083
:10105300E0D0E0020ED0A3A3D0F0D0E022D083D022
:1010630082CCC0E0E493A3600612113A1470FAE450
:1010730093A3600612127A1470FAD0E0FCE493A3EF
:10108300C0E0E493C0E022C0E074F2120C45A2AFCA
:10109300E433FED2AFE58BA2E0500579041217E4E6
:1010A300758B00C2E8EEA2E092AF7F01020CA4C0F0
:1010B30008C3E096F50808A3E096420808A3E09663
:1010C300420808A3E0964208A2D265D033E508702F
:1010D30001D3D00822CAC0E0E493A3C582CCC58261
:1010E300C583CDC583F0A3C582CCC582C583CDC5D9
:1010F30083DAE5D0E0CA22CAC0E0E0A3C582CCC54A
:1011030082C583CDC583F0A3C582CCC582C583CDFB
:10111300C583DAE6D0E0CA227009080808226016FF
:10112300181818C6C333C608C633C608C633C6085C
:10113300C633C6D5E0EA22C0E0E493A3D39C5010A3
:10114300E493A3C39C400AD0E0D0E0D0E002107D3A
:10115300A3A3A3D0E022C008C3E096F50808A3E048
:1011630096420808A3E096420808A3E09645087053
:1011730001D3D00822C09FF59FE473D09F22D08370
:10118300D082C09FE493C0E0740193C0E0740293E3
:10119300F59F222521F58210AF08F521400C152279
:1011A3008008F52140021522D2AF8522832200C098
:1011B300D0252110AF08F521500C05228008F52118
:1011C30050020522D2AFD0D0227404800A74038067
:1011D30006740280027401C0E0F404121196D0E098
:1011E3001214AD22BB0102E722C082C08389828A26
:1011F30083BB0003E08002E493D083D08222C0E06B
:10120300C0D0E8C0E0A8A8D2AFC2C7E8A2E792AFB7
:10121300D0E0F8D0D0D0E0326016080808C6C31377
:10122300C618C613C618C613C618C613C6D5E0EA31
:10123300222521F8E43522F9222521FAE43522FB7F
:10124300222521FCE43522FD22C3E0C696F608A33D
:10125300E0C696F608A3E0C696F608A3E0C696F69F
:1012630022252110AF08F521400C15228008F52115
:1012730040021522D2AF22C0E0E493A36C7009D0E0
:10128300E0D0E0D0E002107DA3A3D0E022C3E79634
:101293000809E7960809E7960809E796A2D265D0F8
:1012A3003322E76670100809E766700A0809E766E3
:1012B30070040809E76622C3E09608A3E09608A332
:1012C300E09608A3E096A2D265D03322E0667010C0
:1012D30008A3E066700A08A3E066700408A3E0664A
:1012E30022C3E096F008A3E096F008A3E096F00886
:1012F300A3E096F022181818E4C396F608E496F6CD
:1013030008E496F608E496F622C3E697F60809E69B
:1013130097F60809E697F60809E697F622181818CB
:10132300E60846087009E626087005E633F4220845
:1013330022191919E70947097009E727097005E711
:1013430033F4220922C3E493960874019396087434
:10135300029396087403939622E026F008A3E036DE
:10136300F008A3E036F008A3E036F0227004226010
:101373000D18C6C333C608C633C6D5E0F41822E633
:1013830057F60809E657F60809E657F60809E65737
:10139300F622E627F60809E637F60809E637F608DF
:1013A30009E637F622E026F608A3E036F608A3E0BE
:1013B30036F608A3E036F622E056F608A3E056F622
:1013C30008A3E056F608A3E056F622E647F6080916
:1013D300E647F60809E647F60809E647F622E05627
:1013E300F008A3E056F008A3E056F008A3E056F097
:1013F30022E4C397F709E497F709E497F709E49719
:10140300F722600D08C6A2E713C618C613C6D5E0B7
:10141300F322C6F4C608C6F4C608C6F4C608C6F462
:10142300C622C3E09608A3E09608A3E09608A3E0CB
:101433009622C3E7960809E7960809E7960809E79D
:10144300962275D00075813F752101752205000232
:101453000D53600C08C6C313C618C613C6D5E0F4F3
:1014630022E6F008A3E6F008A3E6F008A3E6F022DC
:10147300E7094709C3134709336002E733F422E05E
:10148300F608A3E0F608A3E0F608A3E0F622E608D0
:101493004608C3134608336002E633F42280010092
:1014A300E9F874FF28F90470F622CAC0E0E6F0A355
:1014B30008DAFAD0E0FA22E0F8A3E0F9A3E0FAA30D
:1014C300E0FB22E8F0A3E9F0A3EAF0A3EBF022EAC1
:1014D300F0A3EBF0A3ECF0A3EDF022E0FAA3E0FB22
:1014E300A3E0FCA3E0FD22E5C754F84401F5C77966
:1014F30001222521F582E43522F58322E6261846CA
:101503001846184622C2AF75D69F02000022E7276D
:1015130019471947194722121181A8E002121181B4
:1015230042E102121181B2E102121181E1E10212E0
:101533001181E7E20212118111E30212118165E3C5
:101543000212118139E40212118167E6021211813C
:1015530015E70212118182E90212118107EA0212D0
:1015630011810AED021211813EEF021211817AEF0D
:1015730002121181D3F002121181E6F002121181DD
:1015830023F102121181ECF2021211815570001243
:101593001181D17000121181047100121181327115
:1015A30000121181707100121181AD73001211814B
:1015B300CC7300121181117400121181A7740012EF
:1015C3001181F37400121181877500121181607605
:1015D30000121181BC76001211811A770012118159
:1015E3008D7700121181D1770012118129780012B1
:1015F30011814B7800121181DB78001211816C7913
:1016030000121181B87900121181E479001211815D
:10161300257A00121181BB7B00121181A77C001275
:101623001181827D001211811B9404121181AF94E8
:10163300041211811795041211813C960412118131
:10164300C696041211815197041211818D970412C9
:101653001181269804121181BB98041211818E996D
:1016630004121181709B04121181669C0412118172
:10167300059D041211815A9D04121181C89D041203
:101683001181D4A004121181FEA204121181FFA3BF
:10169300041211813DA50412118148A50412118180
:1016A3007A8505121181A68505121181C18505125E
:1016B3001181E68505121181868605121181458700
:1016C300051211816F8705121181B7FF0412118171
:1016D300BCFF04121181EFFF04121181B0E1041267
:1016E30011814CE204121181D5E20412118176E3D7
:1016F30004121181DBE304121181FEE30412118150
:1017030042E4041211815FE404121181A4E404127F
:10171300118102E50412118155E5041211818AE554
:1017230004121181FA8905121181B98A05121181F6
:101733009E8B05121181279A05121181389A051281
:101743001181D69A05121181E19A05121181FB9A32
:1017530005121181F97F00121181E79F0512118192
:10176300509C05121181609C05121181759C051214
:101773001181DB9C05121181239705121181A79713
:10178300051211810F9805121181ADFC011211810F
:10179300C1FC0112118137FD0112118186FD011275
:1017A3001181BBFD01121181E0FD0112118103FEC4
:1017B300011211813EFE011211816BFE0112118192
:1017C300B2FE01121181CCFE011211816BFF0112D5
:1017D3001181289905121181AF9905121181B899C8
:1017E30005121181DF9905121181BE7F001211814B
:1017F3008CFD03121181D6FD031211816CFE0312BD
:101803001181F2FE0312118124FF031211813CFFA7
:1018130003121181B0FF03121181C6FF031211815C
:10182300D9FF03121181E3FF0312118158CF041270
:10183300118184CF04121181EED1041211812ED2B1
:10184300041211816AD2041211817ED20412118111
:1018530097D20412118189D3041211813CD404124A
:10186300118150D4041211815C7E00121181807E9B
:1018730000121181997E00121181D77E001211810D
:10188300077F00121181347F001211819A7F0012A9
:1018930011819D7F00121181A77F00121181B47FF6
:1018A30000121181D38205121181F3820512118175
:1018B3003283051211815083051211816B83051246
:1018C3001181D18305121181DD83051211813A84BF
:1018D300051211814984051211816D84051211814C
:1018E3002E85051211813B85051211814C85051248
:1018F3001181B8FF02121181D0FF02121181FCFF86
:1019030002121181A6D40412118100D6041211818E
:101913000ED60412118121D60412118136D6041277
:1019230011814BD6041211815ED604121181DAD6CD
:10193300041211813FD704121181D5D704121181EA
:10194300AED804121181BED804121181CDD804126D
:101953001181B79B05121181DB9B05121181039C39
:10196300051211812B9C051211815AFD041211815C
:1019730081FD041211819FFD041211810EFE0412D8
:1019830011810080051211811980051211812580B2
:1019930005121181398005121181578005121181B9
:1019A3006180051211816B80051211817E80051201
:1019B3001181048105121181798105121181A88198
:1019C30005121181F68105121181458205121181DB
:1019D3006082051211816A82051211817B820512D0
:1019E3001181BE8205121181DE9E05121181E9BEAD
:1019F3000412118115BF0412118132BF0412118127
:101A030045BF0412118160BF04121181BABF0412D1
:101A13001181E8BF04121181F8C30412118156C564
:101A23000412118188C504121181EBC504121181BE
:101A330057C7041211817FC70412118194C704127E
:101A43001181A4C704121181E4C70412118126C8AD
:101A53000412118136C804121181B9920512118141
:101A6300D39205121181FB92051211811493051271
:101A730011813893051211815693051211816D93CB
:101A8300051211819B9305121181B69305121181E1
:101A9300299F051211819EED04121181AEED0412EE
:101AA3001181B3EE04121181E5EE0412118115EFD9
:101AB3000412118138EF041211814FEF04121181C6
:101AC30089EF04121181EEEF0412118130F0041238
:101AD300118177F004121181A4F004121181CFF067
:101AE3000412118123900512118135900512118181
:101AF3004991051211814C91051211811D96051210
:101B030011815396051211816B9605121181AD96C1
:101B130005121181BD9605121181019705121181DC
:101B23000B970512118166C804121181A9C804120A
:101B330011810EC9041211812DC904121181CFC95B
:101B430004121181D8C90412118129CA0412118106
:101B530052CA041211815FCA04121181D1CA04123C
:101B630011815FCB04121181A4CB04121181DDCB4F
:101B73000412118142CC041211816BCC0412118125
:101B8300E2CC0412118131CD041211816ECD041205
:101B93001181A3CD04121181B5CD04121181C7CDDA
:101BA30004121181E6CD04121181EFCD04121181CB
:101BB300ABCE04121181EECE041211812CCF04128C
:101BC3001181279E05121181799105121181BC871C
:101BD30005121181F287051211813A8805121181CC
:101BE3009389051211810080041211812681041248
:101BF30011816281041211812083041211814E83A9
:101C030004121181B88504121181F885041211811F
:101C13009A87041211813088041211818A88041270
:101C230011811A89041211815E8904121181A0891C
:101C330004121181058B04121181858C0412118108
:101C4300C68E04121181F48E04121181208F0412A6
:101C53001181298F04121181868F041211811F9023
:101C630004121181369304121181BC930412118161
:101C73005A9D05121181709D05121181C1E504124F
:101C83001181D7E5041211817BE604121181BAE6B2
:101C930004121181D7E60412118108E7041211819D
:101CA30055E70412118189E704121181C4E7041274
:101CB3001181B9E9041211812898051211818798BD
:101CC30005121181C598051211810699051211811A
:101CD3000A9B05121181739B05121181939B0512B7
:101CE3001181079505121181C59505121181008097
:101CF300021211810C80021211816E800212118175
:101D0300788002121181078102121181438102122C
:101D13001181358202121181928202121181208374
:101D230002121181718302121181F1830212118156
:101D3300B78502121181B18702121181B388021291
:101D43001181E589021211813B8C021211817D8D73
:101D530002121181238E02121181E192021211816A
:101D6300DE9302121181749402121181A49402125F
:101D730011814195021211815E95021211817E95A6
:101D830002121181EC95021211810996021211813E
:101D9300379602121181D19702121181F297021222
:101DA3001181989802121181E098021211813E99D3
:101DB30002121181DC9902121181419A02121181DE
:101DC300AA9A02121181E89A021211819A9B0212B5
:101DD3001181059C02121181419C02121181B29C56
:101DE30002121181FD9D021211818D9F0212118138
:101DF30026A00212118177A202121181DCA2021223
:101E030011810AA30212118150A80212118114AB8D
:101E13000212118114AC0212118125DE0312118109
:101E230045DE031211817DE1031211817AE303126E
:101E3300118117E60312118159E7031211818BE710
:101E430003121181B4E703121181DAE7031211813E
:101E530026E803121181BFE9031211811FEA03125D
:101E630011812BEB031211813DEB03121181F1EB75
:101E73000312118102EC03121181DDEC03121181B3
:101E8300E6ED031211815FEE03121181F8EE0312E6
:101E93001181C7EF0312118113F103121181E0F1D4
:101EA300031211816D9F0512118127F10412118113
:101EB300E6F1041211814CF204121181FBF20412B7
:101EC3001181CEC803121181FDC80312118175C996
:101ED3000312118184CA03121181E0CA0312118112
:101EE3004DCC0312118169CC03121181BBCC0312B7
:101EF3001181F9CC031211810CCD0312118164CD30
:101F03000312118126CE03121181A2CE0312118175
:101F1300D9CE0312118111CF0312118199D003126B
:101F2300118178D103121181C6D203121181A9D371
:101F33000312118135D40312118175D40312118157
:101F430094D403121181DFD403121181FFD403123D
:101F5300118198D5031211811ED60312118179D6EE
:101F630003121181B9D6031211814FD903121181C2
:101F730068DA03121181AEDA03121181D8DB03127E
:101F8300118100DC0312118103DC031211810DDCCA
:101F93000312118129DC03121181A3DC03121181C5
:101FA300DCDC0312118108DD031211812FDD031222
:101FB300118153DD03121181C4DD03121181D7DDB9
:101FC3000312118106DE03121181E59C05121181B2
:101FD300F19C05121181259D05121181F67F0012D6
:101FE3001181B6B203121181D9B2031211811EB449
:101FF3000312118167B403121181D3B40312118147
:1020030031B503121181A3BE0412118185B50312E8
:102013001181FAB5031211817FB60312118182B6C1
:102023000312118103B70312118164E002121181BB
:1020330030BB03121181DABC031211812ABD0312D2
:102043001181B9C003121181ECC10312118141C383
:1020530003121181DEC303121181C9C4031211815A
:102063002CC70312118187A50412118131A6041212
:1020730011819CA604121181B7A6041211813CA7F9
:102083000412118196A704121181DDA70412118194
:102093006EDE02121181C3A904121181F2AA041285
:1020A30011817AAB0412118183AD0412118130AE18
:1020B3000412118106AF04121181C1B004121181FF
:1020C30059B204121181ECB20412118112B4041238
:1020D3001181008003121181638003121181AB808F
:1020E30003121181EF80031211814A8103121181BE
:1020F300A78103121181E281031211816482031209
:102103001181BE82031211813C8403121181BC84AC
:102113000312118117850312118131850312118175
:10212300528503121181AC85031211812888031291
:1021330011814788031211813789031211816A8A39
:1021430003121181E98A03121181258B0312118174
:10215300948B03121181498C03121181218E031276
:102163001181288F03121181A0900312118196927D
:10217300031211810C9503121181E696031211814A
:10218300A797031211811F98031211813698031226
:1021930011812D9903121181219A03121181909AB1
:1021A3000312118192F704121181E9F804121181CB
:1021B300A8F90412118110FA041211816DF40412AA
:1021C300118188F404121181CCF404121181F2F408
:1021D3000412118119F50412118131F504121181D0
:1021E300D3F504121181E8F5041211810BF70412DF
:1021F300118114F7041211811DF70412118126F7BE
:102203000412118130F704121181FED804121181D6
:102213000ADD041211810FDD0412118111DD041294
:102223001181B08E05121181C99F0512118184FAA3
:1022330004121181E99305121181C69D05121181C2
:10224300208C051211819D9F05121181C6E904128C
:1022530011817F9E051211818F9E0512118178DDF8
:1022630004121181FDAF0212118130B002121181EB
:102273009CB00212118137B102121181D4B1021242
:10228300118119B2021211813BB20212118154B2AF
:10229300021211817AB2021211819CB202121181CF
:1022A300DAB2021211811EB30212118140B302127B
:1022B3001181A2B30212118169B40212118120B5F6
:1022C3000212118192B5021211815DB602121181BF
:1022D300B0B60212118116B70212118150B7021261
:1022E3001181A2B70212118110B8021211817BB8B9
:1022F300021211817EB802121181FFB802121181FC
:1023030096B90212118116BA0212118135BA02125C
:10231300118199BB02121181A6BB02121181B2BCB9
:1023230002121181BFBC02121181C8BC02121181B9
:10233300A0BE02121181BABF0212118133C0021270
:102343001181A5C002121181C7C0021211815BC1A4
:10235300021211812FC30212118106C702121181C9
:102363001AC7021211812AC70212118134C702123D
:1023730011813DC70212118146C70212118150C754
:10238300021211817DC702121181A6C702121181A7
:10239300B1C702121181D5C702121181F9C7021206
:1023A300118163C802121181A9C802121181C6C822
:1023B3000212118143C9021211817AC902121181D9
:1023C300B9C90212118106CA021211818CCA021202
:1023D30011815ACC02121181DDCC02121181C1CDBF
:1023E3000212118128D00212118181D002121181AF
:1023F300CBD00212118126D2021211815BD20212BA
:102403001181ADD20212118162D30212118111D452
:10241300021211814ED402121181E3D402121181EE
:102423004FD502121181BB8301121181ED83011279
:1024330011811B8401121181F18501121181D18651
:1024430001121181298701121181648801121181FE
:10245300B08801121181D98B01121181CC8E011226
:1024630011811C9001121181B29001121181BE9051
:1024730001121181F09001121181739201121181E5
:10248300249401121181B89401121181FB94011259
:102493001181799501121181969501121181C695C9
:1024A30001121181FB9501121181CB960112118149
:1024B300749701121181FA99011211811A9B011269
:1024C3001181059C01121181879C01121181BBA00E
:1024D30001121181F8A00112118150A10112118181
:1024E30083A101121181EDA10112118123A2011215
:1024F3001181AEA20112118106A301121181DDA384
:102503000112118196A40112118131A501121181C9
:1025130039A80112118155A901121181F8AC0112D8
:102523001181ECAD01121181EFAD011211811EAECB
:102533000112118124B001121181FDB00112118128
:1025430040B10112118196B201121181D5B201126B
:1025530011815EB30112118192B30112118157B43B
:10256300011211816FB601121181E0B601121181BE
:1025730020B701121181AEB701121181D0B8011237
:10258300118192B90112118199BB01121181B1BB61
:1025930001121181C5BB01121181FDBB0112118111
:1025A3002BBC01121181AABD01121181CFBE0112F0
:1025B30011812CBF01121181DEBF0112118105C0EF
:1025C30001121181CCC00112118164C10112118168
:1025D3008AC301121181BFC30112118122C40112E6
:1025E300118151C501121181F9C5011211812AC648
:1025F3000112118142C601121181D1C6011211814A
:1026030085C9011211815DCB0112118179CB0112B0
:10261300118195CB0112118163CC0112118156D026
:10262300011211815E330012118190330012118166
:102633007F3700121181CB3700121181113800123C
:102643001181B338001211810F39001211815439ED
:10265300001211819B3A00121181AF3B00121181CC
:102663009E3F001211812240001211812F4100125E
:1026730011818B41001211817B4300121181F043C0
:1026830000121181FA4300121181074400121181D3
:10269300324400121181194500121181C345001201
:1026A30011814146001211816146001211818A464F
:1026B30000121181AC46001211810C4900121181E4
:1026C300D24900121181174A00121181944A001253
:1026D3001181454B00121181774B00121181BD4BC3
:1026E30000121181F94B00121181494C0012118122
:1026F3009D4C00121181F34C001211813F4D0012C9
:102703001181AC4D00121181274E00121181F24F3D
:1027130000121181F250001211811752001211811F
:102723005655001211816958001211812659001261
:1027330011816A59001211811A5B001211812E5BFB
:1027430000121181385B00121181425B001211816A
:102753004E5B001211816A5B00121181155C00123D
:102763001181545C001211815E5C00121181685C5E
:1027730000121181D85C00121181235D00121181B6
:10278300385E00121181945E00121181155F0012F0
:102793001181D45F00121181DD6000121181116279
:1027A30000121181FF62001211811763001211815F
:1027B300726300121181906300121181D8630012B9
:1027C3001181FF63001211819A6400121181606507
:1027D30000121181F265001211816C6600121181E1
:1027E3008667001211813368001211815B69001240
:1027F3001181AB69001211810F6A00121181716A94
:10280300001211819F6A00121181C36A00121181A3
:10281300F86A00121181296B001211815C6B00129E
:1028230011817C6B00121181E46B00121181D86C51
:1028330000121181336D001211815C6D0012118140
:10284300E46D00121181676E00121181926E001205
:102853001181776F00121181A3F402121181DBF44D
:1028630002121181FCF4021211813EF50212118150
:10287300A0F502121181AAF502121181BAF5021212
:102883001181F5F502121181D5F902121181C2FBF2
:1028930002121181A8FD021211813FFE0212118161
:1028A300E1FE021211819CD1011211811AD201128F
:1028B300118176D201121181C1D201121181DCD2B0
:1028C3000112118107D30112118124D30112118145
:1028D30030D301121181C7D401121181E0D4011246
:1028E300118165D50112118178D50112118197D516
:1028F300011211813BD601121181BCD70112118142
:102903006FD90112118105DA0112118108DA01125E
:10291300118178DA0112118196DA011211812DDB0E
:102923000112118175DB0112118178DB0112118112
:102933003EDC01121181ABDC01121181D1DC0112E9
:1029430011815CDD011211817ADD01121181C0DD7B
:102953000112118174DE01121181BEDE0112118197
:10296300EDDE011211814ADF011211817FDF0112B5
:102973001181ABDF01121181B9DF0112118106E070
:102983000112118176E001121181BFE00112118160
:102993000BE10112118137E10112118142E10112B0
:1029A300118160E1011211814BE20112118155E2A3
:1029B3000112118190E201121181A0E20112118131
:1029C300A9E201121181FDE20112118111E3011249
:1029D300118140E40112118155E401121181E3E4F4
:1029E3000112118128E501121181B4E5011211814F
:1029F300BFE50112118101E7011211811CE70112E8
:102A0300118168E701121181D7E70112118110E8E2
:102A1300011211812AE8011211816CE8011211815E
:102A23003CEB01121181E9EB0112118156EC011209
:102A3300118196EE01121181AEEE01121181B1EEF8
:102A430001121181BDEE01121181D1EE011211812A
:102A5300D9EE011211810CEF011211810EF0011256
:102A6300118195F00112118105F10112118187F194
:102A73000112118148F20112118167F201121181D1
:102A830008F30112118165F30112118168F3011238
:102A93001181DCF3011211812BF50112118131F641
:102AA30001121181BCF601121181D7F701121181B4
:102AB3009FF801121181D0F801121181F3F801126C
:102AC3001181FCF8011211812BF901121181BBF95B
:102AD3000112118171FA01121181E6FA01121181B9
:102AE3008DFB0112118102FC0112118139FC0112CB
:102AF300118177FC0112118113E0021211816FBE63
:102B03000412118118BE0412118186BC04121181B2
:102B1300D8BB04121181CEBB04121181C4BB0412B1
:102B230011815DBB0412118149BB04121181A6BA44
:102B330004121181A6B904121181BFB804121181C4
:102B4300AFB60412118162DF0212118144B703127E
:102B53001181BDB5041211815BB5041211813EDEF2
:102B63000212118192DD02121181A2B203121181AC
:102B730098B2031211812DB20312118161B00312B5
:102B830011811FB00312118123AF03121181F7AE1C
:102B930003121181AEAE03121181EFAD0312118145
:102BA300F2AA03121181C7A8031211816EA803129E
:102BB300118101A803121181C0A703121181F9A683
:102BC3000312118193A60312118132A603121181FC
:102BD300D2A503121181A9A4031211813DA40312EA
:102BE300118195A30312118190A30312118184A370
:102BF30003121181B79F031211812BDB0212118182
:102C0300E2D70212118136D702121181A4D6021221
:102C130011815ED60212118129D602121181F6D5D5
:102C230002121181919F031211812F9F03121181AF
:102C3300D19E031211818F9E03121181E1D50212DD
:102C430011817C9E03121181719E03121181409E9A
:102C530003121181309C03121181CEDE0212118105
:102C6300A39B0312118144A8041211815F9B0312D9
:102C73001181339B0312118126FD03121181F9FC8B
:102C830003121181C6FC031211819EFC03121181F0
:102C93003FFC031211811FFC03121181EAFB031293
:102CA300118196F8031211817EF60312118168F4E3
:102CB30003121181E8F30312118194F303121181BA
:102CC300A0F203121181B6D50212118148F3031247
:102CD300118134B50300000080FB000022E4738FF0
:102CE3000001009719870001009519350004005E63
:102CF3001925000200621926000200641927000248
:102D03000066192800010070192900010071198457
:102D130000040064168600010084182A0001007272
:102D2300192B00010073192C00010077192D0008DD
:102D33000070162E00010078192F00010079193058
:102D43000001007A19310001007B1932000100787B
:102D530016330001007916340001007C1936000196
:102D6300007A16380001007D1939000100761983B5
:102D730000020093196300010086166400010074C9
:102D8300196500010075196D0001008716710008AF
:102D9300006816660001009219430001008319447C
:102DA30000020084194500010086194600020087CD
:102DB30019470008007E164800010089194B0001DD
:102DC300008A19040001009619A10001009A19371D
:102DD30000010099198800010098193C0001007B4B
:102DE300163D0001007E19490002008B196700019E
:102DF3000088164D0002008D194E0001008F194FF7
:102E030000020090193E0001008219510001007C6C
:102E1300165200010080195300010081195400016A
:102E2300007D16000000000000000000002001B536
:102E330083000001002001B783000002002001B9D4
:102E430083000003002001B6830000040042014513
:102E53008200000500420168810000060042012053
:102E630082000007003001BA830000004042018D58
:102E7300820000FEFF2101B38303000000212359D8
:102E8300150300FEFF2101B383020400002905148A
:102E93001902041002292304190304000029051A46
:102EA300190304100029051C190304140028011E2A
:102EB30019030410022B2306190504000021051829
:102EC300190504100229230A190D04000039050EFF
:102ED300190D0402021023F7180D0403021023F640
:102EE300180D0404022123F8180D0405022123FA06
:102EF300180D0411F110230C1900013636010100DD
:102F0300010201000103010001040106060502009C
:102F130000070100340801000F090401010D01003D
:102F2300FF0E08000017020000190100FF1A01003C
:102F3300011B0100FE1C0100081D0200001F01000F
:102F43000120010001210200002301000F240200DF
:102F5300002601000127010008280200FF2A0100C2
:102F6300072B0102402C0100002D0100012E01005E
:102F7300012F0100FF30010B1D310800003A010051
:102F8300083B01000F3C0100013D0100FF3E04002E
:102F93000042040000460400004A0400004E0400FE
:102FA3000052040000560400005A0400000103719B
:102FB30003010301030103010301032203020301CC
:102FC30003100300030003000300030003000300D6
:102FD3000342030003240306030003000304031254
:102FE300032503230325032303040304030003002E
:102FF30003000344030003000323030003650321C9
:1030030000350381030003050300030003000300ED
:1030130003250323030302710230016002110270CE
:10302300020102020202028002100261023A00411E
:103033000063027302720262024302000213023847
:103043000000020002040212020002000200020059
:103053000204020402370037003C02440200023932
:10306300000002000265020002350281020002052F
:10307300028202830200020300710030016000112A
:103083000070003102200350048000100061000032
:103093000014006300730072006200430000001319
:1030A3000006000000000004001200000000000001
:1030B30000000004000400370037003C0244000015
:1030C30000000000000000650000003500810000E2
:1030D30000050000008300000001017101010101EE
:1030E300011101010131010101010180011001619F
:1030F300013B00140063017301720162014301008B
:1031030001130106013D0135000401120100010014
:10311300010001000104010401330133013C0144B6
:103123000132013600000100016501000135008113
:10313300010001050182018301000136000100063F
:103143000000000F0000000000000000000000006D
:103153000003FFFF00000403FFFF0000FFFF0FF465
:10316300010005C4040320000100000B000000005F
:103173000000000003010F00000000000000000039
:10318300000000000000000000000000000000003C
:10319300000000000000000000D81D021EDE1D0C10
:1031A3001DE41D081EE41D141EEA1D0C1DE41D086C
:1031B3001EF01D0C1D00000000F61D0C1D0000007C
:1031C3000000000000FC1D0C1D00000000000000BA
:1031D30000000000000000000000000000000000EC
:1031E30000000000000000000000000000000000DC
:1031F30000000000002B040000390521192B0410E6
:103203000228230D192B0404022123FC182B040587
:10321300022123FE180C005500390525190C0085E1
:1032230001390529190C000402212300190C00059A
:1032330002212302190000662C0100662C0200D231
:103243002C0280002003000C2004001220048018AC
:103253002005001E2006004C2B31003C2033004289
:103263002034004820FFFF000007ECFDFDFDECDCEF
:10327300DCCCBCACAC9C9C8C7C7C6C6C5C5C5C4C9B
:103283004C3C3C2C2C1C1C03EAF5E5D5D5C5B5A557
:10329300959585857575656555554545353525255B
:1032A3001515050A9C26026626057226076C260C50
:1032B3004E260D5A26FF000000160F00000B150BBB
:1032C300020002220F3300000E0F5A696742656540
:1032D300416C6C69616E63653039D0D1D2D3D4D57A
:1032E300D6D7D8D9DADBDCDDDEDF30301718192189
:1032F300301B1D1F3000034D4C4651181A25050283
:103303000001191618161618230300303016181961
:1033130020231A1C1E30003C40423A3F3F392F47BE
:10332300300C0E020B040B0A0708000F0204020103
:10333300010101090200BE040AE8030000010003C1
:1033430000E8031A001E04091A0803101E030A0CDE
:10335300040A082802180A10150AFF74F7120BD979
:10336300E990175BF0901710E4F0121AE4901773CA
:10337300E4F0A3F090175CF0A3F01227EC121AEA22
:10338300901698E4F0A3F01221EC024CC474F012EE
:103393000BD974D31212641267205480606690179D
:1033A3005BE0F9121B5C8A088B09AF09EA4F604C9A
:1033B3007C0080010CEC75F003A4F8A9F074A62836
:1033C300F582743239F583E493F46029E493F88A3F
:1033D300828B83E06870DDEC75F003A4F874A72892
:1033E300F582743239F583E493C0E0740193F58375
:1033F300D082122CE0AA08EFFB121B4A126E526411
:103403008002375F852182852283A3E05420601FD9
:103413001227028A088B09AF09EA4F600A12265A5B
:10342300AA08EFFB121B4A126E52642002375F8513
:103433002182852283E0A2E05042901715E0640FB9
:10344300702E9009F0126E5D9009F0C3E094E9A329
:10345300E09403400A7A007B80901587124DA67989
:1034630000122630E9600990195E1214DE12264814
:10347300852182852283E06401023744542070034E
:103483000237497A207B0090175BE0F9121CA6EA09
:103493004B4C4D701A90176F1214BAE8494A4B708F
:1034A3000E750801750900750A00750B00806D75AE
:1034B3000C00750D00750E00750F00121CB28A0802
:1034C3008B098C0A8D0B90176F1214BAE8494A4B7B
:1034D300603190176F7808121159400E750CFF7503
:1034E3000DFF750EFF750F7F801985080C85090D7B
:1034F3008C0E8D0F90176F780C12124C7401780C90
:1035030012121B850C08850D09850E0A850F0BE524
:10351300084509450A450B70030236A37C0079046C
:103523007A007B001226D88A0C8B0DAE0CAF0D02ED
:1035330035E774021214F574FFF074031214F57472
:10354300FFF074041214F574FF124E191265DA7445
:1035530007121244126890E96401706A12376B44CF
:1035630080F8A3E0F974281214F5E8F0A3E9126BCC
:1035730024E0C0E0742A1214F5D0E0124E06540879
:10358300601674281214F5A3E04401123778C0E0E2
:10359300742C1214F5D0E0F01267636011E8240B69
:1035A300123F5EF874161214F5E8F0A3E4F090836A
:1035B30033120FAB7406121244740B12123C122313
:1035C3005474041211B18E828F83A3A3A3A3A3A364
:1035D300A3A3A37406123778F91226BA740512143A
:1035E300F51268E7EE4F70030236A37C007904EE10
:1035F300FAEFFB1226D874051214F5EAF0A3EB12C6
:103603004B30E0F50CA3E0F50DE4F50EF50F78086B
:10361300790C1214354023EE2404F8E43FF98508AD
:103623000C85090D8882F583C3E0950CF0A3E09522
:103633000D126F47E84970A4800C8E828F83A3A379
:10364300A3A3E4F0A3F08E828F83A3A3A3A3A3A3D6
:10365300A3A3A3A3E064018E828F83A3A3A3A3A345
:10366300A37020E0540460030235358E828F83A358
:10367300A3A3A3A3A3A3A3A37406F07AB712389EAC
:103683000235DFA3A3A3A3E060030235358E828F47
:1036930083A3A3A3A3A3A3A3A3A37401F00235DF6E
:1036A3001226A87C0079017A007B001226D8EA4B07
:1036B3006003124D9F7C0079047A007B001226D8A8
:1036C300EA4B701380448A828B83A3A3A3A312685B
:1036D300FFEE98EF99400B8A828B83A3A3A3A312D7
:1036E30068E77C0079041226D88B0BA90BEA497092
:1036F300D5C3E5089EE5099F500DC3EE9508FEEF7F
:103703009509FFEE4F700D124D9F90176F12377191
:10371300A3F08024EE2EFEEF338E08F509E4F50ABC
:10372300F50B78081211CC7A201239471211B11215
:103733001CB290176F1214D2852182852283E06414
:1037430020FAA3E08016A3E054046013125FB712BB
:103753002C307901124125126E526404FB80047AE5
:10376300007B00742D02673FEE12674DE022E4F008
:10377300A3F0A3F022124E0BA3A3E022C082C083C6
:1037830074EA1212647C167D007900AA21AB22121E
:103793001B3274081214F57402F09017041261F3CB
:1037A3001237BF74091214F512620B74131214F555
:1037B300E4125E8A1221E074160250D5E8F0A3E900
:1037C300F090170E1268CF2274F7120BD974DA1225
:1037D3001264EAFEEBFFEA4F602DAC21AD22122703
:1037E3002074061214F5E0601E74171214F5E0FD40
:1037F30074011214F5E0FCEEFAEFFB7900122606D1
:10380300E9600479A4800279007426024CC174F73C
:10381300120BD9EAFEEBFF8A82F583A3A3A3A3A32A
:10382300A3E0544060178A828B83126700124FE42F
:1038330060067AFF7BFF80151266FC8003901704F5
:103843001265DA74FE6A700374FF6B60411266FCE2
:103853001267261227B6E98E828F83600B1262E904
:10386300126F12E4F0A38003126F01F07C367D2601
:103873008E828F8312465AE9F5087015EE4F600960
:103883007901EEFAEFFB1226B4A908024CC47508BD
:10389300CDAA0812389EE960E380EE8E828F8312F0
:1038A30062ED240CF582E438F583E0F91226422216
:1038B30074F6120BD9E9FEEAFF7A0F7B00121B4460
:1038C300EA4B601A8A828B83740CF0EEA3A3F0EFA9
:1038D3008A828B83124A7F125EE87900802BEEF98D
:1038E3001226DE8B09A909EA49601C8A828B83A30D
:1038F300A3A3A3A3A3A3A3A37406124A88E0F91264
:1039030023F6EEF91226BA7910025CD374F4120B83
:10391300D98A088B098C0A8D0B901715E0640F70F8
:103923001EEA4B4C4D6018901710E064086005E0E8
:103933006404700B78081211CC1239451211B102CC
:103943003BAA7A017B0090175BE0F9121C94740484
:103953002274F4120BD974FC121264EAFEEBFF8A90
:1039630082F583A3A3E0F91226DE8A088B09EA4BCA
:103973007003023A8D8E828F83A3A882A983E0C04D
:10398300E0EA125EDED0E01248EE64F160288E8237
:103993008F83A3E064CD601E8E828F83A3E0641ABD
:1039A30060148E828F83A3E064E9600A8E828F8322
:1039B300A3E064E1703379001226B4E9602BE508D3
:1039C3002404F50AE43509F50B850882850983A3E8
:1039D300A3A3A3A3A31249C41248CC121AF6850ABF
:1039E30082850B8312672680708E828F83A3E0C04B
:1039F300E074021214F5D0E01250E312520612439F
:103A030074C0E074031214F5D0E0F0E508126BCF34
:103A130012401DE0AA21AB22700512234E8003122F
:103A2300279E74021214F5E064E9702D85088285DF
:103A33000983124183750A01780A1211D8750AE9BC
:103A4300780A1211D81248A0124341FCA3E0FD8A60
:103A5300828B8312436B1211B1850882850983A37C
:103A6300A3A3A3A3A3A3A3A3E06402701285088264
:103A7300850983A3A3A3A3A3A3A3A3A37406F08E7F
:103A8300828F83A3A3E0F91226BA1226A8901964A1
:103A9300123F8F7404023BA774F4120BD9EAFEEBB6
:103AA300FF7508008A82F583A3A3A3A3A3E060386C
:103AB3007508081265CD79FF122486EA4B601075EC
:103AC300082C8E828F83A3A3A3A3A3E0D2E0F08E5E
:103AD300828F83A3A3A3A3A3E0540364016003021F
:103AE3003B96430811023B96EA24181254CC6036E5
:103AF300EA241A1254CC6003F470131268AF7003F3
:103B0300A3E0696003023B96750822023B96EA2410
:103B13001B123B9A241A1254CCFAEE24191254CCD9
:103B2300F91223E4806D8A828B83A3A3A3A3A3A3A7
:103B3300A3A3A3123F7A70037508018E828F8312A9
:103B430068B37003A3E0697006E508D2E1F508E500
:103B53000860158E828F83A3A3E07006E508D2E583
:103B63008004E508D2E6F508124FD764017006E534
:103B730008D2E0F5088E828F83A3A3E06015EE24BC
:103B83001D1257EBF91227A4E964016006E508C288
:103B9300E0F508A9088010F582E43FF583126F6A07
:103BA300EA2274091211B17F04020F2674F0120B7A
:103BB300D974D7121264EAFEEBFF8A82F583A3A3BA
:103BC300A3A3E0600E90196212676A6006901962FF
:103BD300123F8F74031212448E828F83A3A3A31206
:103BE30060B61265D8122720E97003023D407801C0
:103BF30074051214F5E0C3940240027800740712AE
:103C030014F5E0C3940240027800740C1214F5E03A
:103C130064F87003A3E0F47003023D40740C1214C3
:103C2300F5E064F97003A3E0F47003023D40740C03
:103C33001214F5E064FA7003A3E0F47003023D404C
:103C4300740C1214F5E064FB7003A3E0F470030238
:103C53003D4074061214F5E0F99016FEE069600326
:103C6300023D40E8A2E04003023D4074271214F5F0
:103C7300E06003023D40EE24131268C5742212145F
:103C8300F51260C0241C1268C574101214F5126278
:103C93000B74091214F5E0601D741A1214F5E0FD9B
:103CA30074041214F5E0FC8E828F831265D87901B7
:103CB300122606E9703B740312123C122654E9F5EE
:103CC3000C74091214F5E0702C9016F8E060267459
:103CD30022596422601F7442596442701474201282
:103CE30014F5123F74600E74201214F5123F6D60C8
:103CF300047ACF804AE9A2E6504D74201214F512DB
:103D030057F124FD600F14600C24FD600824FD604E
:103D13000424FE702874201214F5123F66700E748A
:103D2300201214F5125E17A3E0640D601A740312D7
:103D3300123C1227CEE96401700D023F567AD37B01
:103D430000121FDC023F56EE242DF582E43FF5837B
:103D530012417A7003A3E069701D75080078081298
:103D630011D878081211D8EE242F1254CCF9123F2F
:103D73008012436B1211B174091214F5E07003023F
:103D83003E1E123F801265DA12281C8A0E8B0FEA40
:103D93004B7003023EAF74041214F5E0F88E828F69
:103DA30083A3A3E028F8A3E03400F9E8240D123F2D
:103DB3005EF88A828B83A3A3A3E068600EE88A82FD
:103DC3008B83A3A3A3124A781237727904E91214DE
:103DD300F51254EBA3E02AF8A3E034008882F583BC
:103DE300A3AA82AB83121B388A088B098C0A8D0B1A
:103DF300850E82850F83A3A3A3A3780812115940CC
:103E030003023F5690831378081213A8850E828508
:103E13000F83A3A3126F70A312520F901710E064C5
:103E2300046008E064096003023F56E50CA2E54024
:103E330003023EE9EE242F1254D4F0EE2430125440
:103E4300CCC0E074011214F5D0E0F0EE243112542A
:103E5300CCC0E074021214F5D0E0F074141214F51F
:103E6300E064017026740E1214F51248C72413126D
:103E730054CC687003A3E0697011740C1214F5122A
:103E83003F7A700774141214F5E4F0EE2425F582DA
:103E9300E43FF583120FAB74041212447407121239
:103EA3003C12235474041211B1023F56901755E08B
:103EB30064016003023E1E74201214F5123F7470F5
:103EC30009E50CA2E65003023E1E74101214F5E03D
:103ED300F47003A3E0F4607BEEFCEFFD74031212B5
:103EE3003C122660806DA2E6506974201214F5120C
:103EF30062F97016741A1214F5E0640270557403B3
:103F030012123C7900122798804974201214F5127A
:103F13003F6D7014741A1214F5E064047035740361
:103F230012123C12278C802B74201214F5123F6658
:103F3300700C7900740312123C1227DA8015742076
:103F43001214F5125E17E0640C7008740312123C2D
:103F53001227E6742902673FE82406F582E439F55F
:103F630083E022126706E0640322126706E0640717
:103F7300221257F5640622124FE8640222EE242B24
:103F8300F582E43F126F68EE124FBD22E0F508A3FD
:103F9300E0AA08FBE4FCFD1226482274F4120BD9B4
:103FA300EAFEEBFF8C088D09901678E0600F12682B
:103FB300AF7003A3E06970051223D2805379001216
:103FC30065CD1224028A828B83E5824583602CA30C
:103FD300A3A3A3A3A3E054186021E508241C124063
:103FE3001A120FAF124016120FAFEE2418124352DB
:103FF300125AB21268871211B1801579008E828F1E
:1040030083A3A3A31262DF125AB21265DA1223D872
:10401300023BAAE5082413F582E43509F5832274EB
:10402300F7120BD974F7121264EAFEEBFF90171024
:10403300E06403600DE064016008E064096003026A
:1040430041208A828B83A3E060030240EE7C007DE3
:10405300007A027B00121AF012692C8A821268C954
:1040630090170112620B79531221CE901710E0645E
:1040730009600990170E1265DA12281685218285C8
:1040830022837401125E2F9017107404F0740112CE
:10409300123C794A1221C874011212447A067B1722
:1040A300121CCA90158AE0640B70057406F0800533
:1040B30079001241259017011262E57A037B001201
:1040C3001AF09017041262E57A047B00121AF0903A
:1040D30016FBE0A2E35004D2F08002C2F0125E1C91
:1040E30090195E1214DE122648802FFC7D007A039D
:1040F3007B10121AF090158AE0640B7003740AF0B7
:1041030090167CE4F0FA7B40125C0C8E828F83A3C2
:10411300E0F9124125901710E4F012268A7409027F
:104123004CC190170E1265DE12236622C082C08333
:1041330090169812676A7017901710E024FB6005B9
:10414300146007800A90169E801F9016A0801AE8BC
:10415300496007123F5B6401700C8A828B83A3E082
:10416300F912235A800E90178A12676A6006125E4C
:1041730018122CE00259631268CF90170EE06822E0
:104183001268CFE8FAE9FB2274F5120BD974D8123E
:1041930012648A088B098A828B83A3A3A3A3A3A394
:1041A300A3A3E0C3940F500302433C8A828B83A3EF
:1041B300A3A31268E774151212448A828B83A3A304
:1041C300A3A3A3A3A3A3124341FAA3E0FB1226963E
:1041D30074151214F5E0702E850882850983A3A354
:1041E300A3A3A3A3A3A3E0C3940B401A8E828F833C
:1041F300A3A3A3A3A3A3A3A3E064027009EE240BC8
:104203001254CCF4600302433C74171214F5E060BB
:10421300076402600302433C901710E06402601CD1
:10422300E06406601790169812676A700302433CB5
:10423300123F5B6401600302433C80259016981291
:10424300676A701D75080078081211D87808121172
:10425300D8EE24101243528E828F8312436B1211B5
:10426300B18E828F83126F3F1248F71268CB7402AC
:104273001214F51260C012376CC0E074041214F506
:10428300D0E0124374F508A3E0F509740F7808121F
:10429300145574051214F5E508F074191214F5E0B9
:1042A300C0E074061214F5D0E0F0741B1214F5E0AC
:1042B300C0E074071214F5D0E0F074161214F5E0A0
:1042C300C0E074091214F5D0E0F074171214F5E08D
:1042D300C0E074081214F5D0E0F0EE24101254CCB0
:1042E300C0E0740A1214F5D0E0F0741A1214F5E069
:1042F300C0E0740B1214F5D0E0F074271214F5E04B
:10430300C0E0740C1214F5D0E0F0741C1214F5A97B
:1043130082AA8389088A09750A0078081211D07C59
:10432300087D0074101214F5AA82AB831254C312D1
:1043330011B1AA21AB221223607428024E1FE0F9A7
:104343008A828B83A3A3A3A3A3A3A3A3A3E022F59E
:1043530082E43FF583E0F98E828F83A3A3A3A3A313
:10436300A3A3A3A3126F6A221265DE122756740257
:1043730022F0EE125AB7E02274F2120BD974F8123B
:1043830012648A0A8B0B8C0C8D0D8908908258ACB1
:1043930021AD2274081210FAC200AC0AAD0BAA2197
:1043A300AB2212655B7002D20090175C8013AC0ADB
:1043B300AD0BEE240BFAE43FFB12655B701B124F4F
:1043C300AE124C41601EA20040E48E828F83E065F2
:1043D3000C7004A3E0650D70E58E828F83A3A3E0C8
:1043E300650870DAEEFAEFFB7408024904C082C074
:1043F3008390175C025960C082C08390175CE4F01D
:10440300A302465674F7120BD990175C126E5880AC
:104413000FEA2414F582E41268E4121BE0EEFAEFCB
:10442300FBEA4B70EC90175CE4F0A3F0024CC4740D
:10443300F2120BD98A0C8B0DEDFF890B8A828B83C9
:10444300E08C828D83F0A3A882A9838A828B831256
:1044530044FB124A72E0C454F0FA88828983E04A2A
:10446300F0EC2402F8E43FF9850C828B83A3A312BA
:1044730044FB12450EE0333354FC124502E0333360
:104483003354F8124502A3E0A2E0E4331313FA888D
:10449300828983E04AF0EC2403FE50010FE50C24EB
:1044A30007F508E4350DF509750A0078081211D0EF
:1044B3007C087D00EEFAEF1254C21211B1EE24080B
:1044C300FE50010FE50C240FF508E4350DF50978CE
:1044D300081211D07C037D00EEFAEF1254C21211C0
:1044E300B1E50BC3940F400DE50C2412F582E435BE
:1044F3000D125AC6F0024907A3E08882898322FA83
:1045030088828983E04A12450EA322F0850C828BB0
:1045130083A3A3A3A32274F2120BD9EBFF8C0C8DFC
:104523000D8A82F583E08C828D83126F29A3A88282
:10453300A983E012590B1248EDC4125905F0EA128F
:104543006F331259121248EBA2E2E4338C828D834B
:104553001248EA131313541F12590BA31248EAA269
:10456300E7E4338C828D83A3A3A3A3A3A3F0EA245C
:1045730003FE50010FF5088F09750A007808121120
:10458300D07C087D00E50C24071254BE1211B1EE55
:104593002408FE50010FF5088F0978081211D07C0A
:1045A300037D00E50C240F1254BE1211B18E828FCD
:1045B30083A3A3A3E0C0E0126F4FD0E0F00249074A
:1045C30074F6120BD9EAFEEBFF8A82F583A3858288
:1045D30008858309E0F912237E850882850983E033
:1045E30064EB601E8E828F83A3E064E160148E828D
:1045F3008F83A3E064F1600A8E828F83A3E0641A41
:1046030070078E828F83A3E4F090195E1214DE127A
:10461300264875080178081211D88E828F83A3E08B
:10462300F50878081211D8790090170E1262E590F8
:10463300170412436B1211B11226A8025CD3C08275
:10464300C083E990176E7003E4800274018004EA6A
:10465300F0A3EBF00259631265DE1221E62274F631
:10466300120BD990176EE0701B7C0079017A007BE6
:10467300001226D8EA4B600C8A828B8312676A6029
:104683000312263C025CD3C082C083124B2140102C
:1046930079FF1226D2E9F8903358E493C398500473
:1046A30079018002790002596374F2120BD98A0AE4
:1046B3008B0B8909C2008A828B83A3A3A3A3A3A321
:1046C300A3A3E0F91226DE8A0C8B0DAE0CAF0D7599
:1046D3000801EA4F600302478D850A82850B831226
:1046E30062DF850A82850B83A3A3A3A3A3A3A312DB
:1046F30048CC1226C68A0C8B0DAE0CAF0DEA4F7058
:10470300030248998A828B83A3A3A3A3E4F0A3F0B3
:10471300E50A240CFAE4350BFB8A82F583E0C0E05A
:104723001248A0D0E0F0E50A240D1248C0240D126F
:1047330062051227BC124FC6126726E50A2411121E
:1047430048C02411126205E50A24131268F6C0E07A
:10475300124FB8D0E0F0D200EE2406F8E43FF9128D
:1047630048B31248EE540460030247FF901970E007
:10477300F50A750B007407780A12136F8E828F8304
:10478300A3A3A3A3A3A31248AAF08E828F83A3A3F8
:10479300A3A3A3A3E0F50AA3E0F50B7407780A1219
:1047A3001455E50A5407FCE50960618E828F83A3E3
:1047B300A3A3A3A3A3A3A3A37402124E19124BB6DC
:1047C300600B9016FC12554CA3A312620BEC700302
:1047D300024870EE2406F8E43FF9E8FAE91248B318
:1047E300F0EC24FFF50AE434FFF50B7407780A12A2
:1047F300136F8A8289831248AAF080718E828F8315
:10480300A3A3A3A3A3A3E0448002478CEC70057584
:10481300080080598E828F83A3A3A3A3A3A3E0548C
:1048230020600C121B3EEA547F7900245F80198EAE
:10483300828F83A3A3A3A3A3A3E05410601A121B24
:104843003EEA540F7900240A5001098E828F83A314
:10485300A3A3A3F0A3E9800D8E828F83A3A3A3A3B5
:104863007401F0A3E41248F77404124B37A200500A
:10487300288E828F83A3A3A3A31265E4F9EEFAEF34
:10488300FB1226CCE9601212676360031248D9EE6B
:10489300FAEFFB121BE0750800A9088067EE240CF1
:1048A300F582E43FF58322E0450AF0A3E0450B22BD
:1048B3008882F583E0547FF0A3E054FC22F582E480
:1048C300350BF5831268CFEE22A3E0F9850A8285C2
:1048D3000B831265DE221248E0124D3622EE240FBE
:1048E300F582E43FF58322A3A3A3A31248F2221285
:1048F3006912E0221248FB22124E0FA3A3A32274D3
:10490300031211B17F06020F2674F4120BD974F748
:104913001212647E001226DEEA4B70030249BF8A3C
:10492300828B83A3A3A3A3A3A3A3A3A3E06406608F
:10493300030249BF8A828B83A3A3A3A3A3A3A3E0F8
:10494300FF8A828B83126EF1E0C0E074081214F5C3
:10495300D0E0124CE71261F812620B1226F0EF540A
:104963000860578521828522831262E57A007B00E5
:104973001226C0EA4B7043126F5A7C007D007A0006
:104983007B0080228E828F831257F1F47003A3E0A1
:10499300F4602790170E1249C4124CC9601C7C00A6
:1049A3007D00EEFAEFFB1226C08A0A8B0BAE0AAF2C
:1049B3000BEE4F70CF79001221FE7E01EEF9023B20
:1049C300A51249C822E0FCA3E0FD8E828F8322C09A
:1049D30082C0838A828B83E5824583700990177333
:1049E30080068A828B83A3A3124BEA60208A828B80
:1049F30083A3A3A3A3A3A3A3E0540860E5EC4D60A2
:104A030010124BF07003A3E06D70D780047A007B23
:104A13000002596374F2120BD98A088B09890AECD4
:104A2300FEEDFF7A147B00121BDAEA4B60378A82B1
:104A33008B83A3A3A3A3A3A3A3A3A3E4124A88E5FD
:104A43000A124CD3EEF0A3EF124A78124CEE124A3C
:104A53007F8A828B83126F72124A6B126661A31272
:104A63004A72F0A3F0024907EA240FF582E4221206
:104A73006F2DA3A322124CD9E4F0A322A3F0126E4C
:104A8300EA12666122124A8C22124CDDA3A3A3A36D
:104A93002274F5120BD9EAFEEBFF890A8C088D0903
:104AA300EA4F6075740169701279011226D2E9F830
:104AB30090335AE493C3985015800A7404697009BB
:104AC300124B21500979118052740269704B8E8206
:104AD3008F83A3A3A3A3A3A3A3A3A3E50A124B308A
:104AE3001252061267EBA3E4F0A3F0901773126758
:104AF3006A601880031268CB88828983A3A3124B50
:104B0300EA88828983A3A370EC8003901773EEF085
:104B1300A3EF124B377900800279C1024E22790448
:104B23001226D2E9F8903359E493C398221267EF1F
:104B3300A3A3A322F07A207B0090175BE0F9121B5A
:104B43008622C082C083E9F87900901773801D8A9A
:104B5300828B83A3A3A3A3A3A3A3A3A3E06860055A
:104B630074FF687001098A828B83A3A3124BEA70D6
:104B7300DE02596374F7120BD9EA4B700590177371
:104B830080068A828B83A3A3124BEA601F8A828BDF
:104B930083A3A3A3A3A3A3A3A3A3E06970E4EC60EB
:104BA3000F8A828B83124BB670D880047A007B0005
:104BB300024CC4126F0AE0540422C082C0839017CF
:104BC3007380068A828B83A3A3124BEA60128A82C4
:104BD3008B83A3A3A3A3A3A3A3A3E06970E580048A
:104BE3007A007B000259631265DEEA4B228A828BCC
:104BF300831257F56C2274F2120BD98A0A8B0B8C31
:104C03000C8D0D750800750900EA4B602A90177327
:104C130080068E828F83A3A3124C41601AAC0CAD25
:104C23000DEEFAEFFB850A82850B83122CE0E96413
:104C33000170DF8E088F09AA08AB09024907E0FE5D
:104C4300A3E0FFEE4F2274F7120BD990177312688B
:104C5300CB7C007D00800DE8FCE9FD88828983A37D
:104C6300A31268CBE8496030EA687002EB6970E729
:104C73009017731265DAE86A7002E96B8882898398
:104C8300A3A370081268CB90177380091268CB8CAA
:104C9300828D83A3A312620B802774F7120BD9EAC8
:104CA300FEEBFFEA4F60151226EA124D22126763EC
:104CB30060031248D9EEFAEFFB121BE080031211D6
:104CC300B17F01020F261265DE1221F2E9641A2276
:104CD300124CD9A3A322124CDD22F08A828B83A328
:104CE300A3A3A322126F2D1257F522124A8CA322DB
:104CF30074F6120BD99017731268E78014126904C3
:104D0300124D221248D9EEFAEFFB121BE0AE08AFA8
:104D130009EE4F70E8901773E4F0A3F0025CD38EB2
:104D2300828F83126EDEF583124D368E828F83124D
:104D33004D3622E0FAA3E0FB121BE022C082C083BF
:104D4300EAFCEBFDEA4D6017EA24FBF582EB34FF46
:104D53001267687007124D94E0F46007121B4A79DA
:104D630005802B90175BE0C0E0124D94D0E0F090EB
:104D73003351E493F97A757B17121B80E964017050
:104D83000B7A007B20124DA379008002790402592B
:104D930063EA24FFF582EB34FFF583227A207B005C
:104DA30090175BE0F9121B862274F4120BD9A2AFA1
:104DB300E433F508C2AF901775124C416038EE2406
:104DC300FBF582EF34FF1267687A007B2090175B54
:104DD3006005124DA68005E0F9121B8CE4F50AF577
:104DE3000B780A1211D4EEFCEFFD7A757B17121BB8
:104DF3007A74021211B1E508A2E092AFEEFAEFFB6A
:104E0300023BAA124E0BE022124E0F22124E19A39E
:104E1300A3A3A3A3A322F08E828F83221211B17FB7
:104E230003020F2674F2120BD974FA121264EAFE0B
:104E3300EBFF7508FE7509FF1226AEE960057911CF
:104E4300024FA91254C9603C90198AE0C43354E05C
:104E5300F8E0333354FC48C0E0EE125ED83FF583EC
:104E6300D0E0126926FAA3E0FB79FF122486EA4B0D
:104E730060127508FFEE240F1254CC4404F0125450
:104E8300C9D2E0F08E828F83124FE26006EE2412C5
:104E930012693EEE24131254CC700D90334FE493F9
:104EA300C0E0124FB8D0E0F08E828F83E0A2E750CB
:104EB3000454038019EE24141254CC70129016ED8E
:104EC300E0C0E0124FAED0E0F09016EDE004F0EE5B
:104ED30024111254CC64017016901974E0600D9083
:104EE30016F8E0700A8E828F83E0700312693B8E9E
:104EF300828F83E064017013EE240B1257EB64027C
:104F03007009EE240F1254CC4440F0AC21AD22EED4
:104F1300FAEFFB12271A8A0A8B0B74FE65087003DB
:104F230074FFF47003126904EA4B60768E828F83F8
:104F3300E0C0E074011214F5D0E0F074041214F52B
:104F4300EEF0A3EFF0EE241E1268C574021214F5FE
:104F530012620B7401121234880C890D780C121131
:104F6300D4EE2420124FCB1211D8124FC6120FAF1A
:104F7300EE240E124FCB1211D8901701120FAF74FB
:104F8300081214F5E0F9AC08AD09122714740812DD
:104F930011B1E9FE74106E700BAA0AAB0B121BE081
:104FA30080027E10EEF97406024904EE2414F582A1
:104FB300E43FF58322EE124FBD222413F582E43F32
:104FC300F58322EE1248E122F582E43FF583E0F512
:104FD3000C780C228E828F83A3A3A3A3A3A3A3A3E2
:104FE300A3124FE822E0FAA3E0FB1227B6E922C09E
:104FF30082C08374D71212649080E3740312124444
:1050030074261210FA8A828B83A3A3A3A31268CBFC
:10501300740E1214F51267701268CB740C1214F527
:105023001250EB240D1250DBC0E0741A1214F5D0A9
:10503300E0F01266671268C974201214F51250EB7F
:1050430024151250DBC0E074081214F5D0E0F0EA26
:10505300241CF582E43B1268C974121214F5125031
:10506300EB24111250DBC0E074091214F5D0E0F008
:10507300EA24121250DBC0E074071214F5D0E0F0FA
:10508300EA241EF582E43B1268C974241214F51253
:1050930050EB24201250DBC0E074261214F5D0E04C
:1050A3001250E374FFF074011214F574FFF07402EC
:1050B3001214F574FFF0908333120FAB74041212C1
:1050C30044740712123C12235474041211B1790070
:1050D30074291211B1025963F582E43BF583E0228E
:1050E300F085218285228322E8F0A3E9F0EA227485
:1050F300F4120BD974EC1212648A0A8B0B8C088D90
:1051030009E9FF7E107A217B00121BDA8521828553
:105113002283EAF0A3EB12677AE84970030251FF96
:105123007C217D007900852182852283E0FA121B90
:105133003290170E1265DA8521828522831262E985
:105143002409F582E438F58312672674201214F5D6
:105153001268CB74111214F5E812585A12672C38DE
:10516300F583740212585D126EF8740212584712D6
:10517300520612585D126ED5EFF074221214F51216
:105183005808F9A3E0C9126BCF39F583E812551D0E
:10519300A3E0C9241FF582E43912520D74231214BB
:1051A300F51265DA74061214F512672674081214E0
:1051B300F5E8F074261214F5126700C082C08374F8
:1051C3000C1214F5AC82AD83D083D0827405121017
:1051D300FA74251214F5E0C0E074131214F5D0E04C
:1051E300F07900AA21AB221226B4E9640170047E8F
:1051F3000080098521828522831248DCEEF974142C
:10520300023BA7E508F0A3E50922F583E50AF0A32D
:10521300E50BF02274F0120BD974FF121264EAFE4C
:10522300EBFF8C088D098A82F583A37408F0EA24C6
:10523300161254CC60088A828B83A37410F0EA247C
:10524300171254CC60098A828B83A3E02408F0EA06
:105253001254CA60088A828B83A3E004F08A828B8B
:1052630083A3A3A3A3A3A3E060198A828B83A3A32D
:10527300A3A3A3A3A3E0C3332402F88A828B83A34B
:10528300E028F0EA24111254D46004740E8001E47F
:10529300F0901982E0640170168A828B83E06401C6
:1052A300600D90167CE060071254B4740180041200
:1052B30054B4E412551D8A828B83A3E0F8EA1237B3
:1052C3006C28298C828D83F0EA24111254CC60055A
:1052D300125AF529F0850882850983E0C394754045
:1052E30009750C00750D000254ABE0FA7B00121B2C
:1052F300DA8A0C8B0DEA4B70030254AB8E828F83D8
:10530300E0FA9016FE1255167402780812136FEA2B
:105313004508FAAB09EE24121255107406780812E8
:10532300136FA808EA48FCEBFD1254C96004780126
:1053330080027800EE2416FAE43FFBE4C8F9ED4955
:10534300FDEE24111254CCF508880974097808126B
:10535300136FED4509FD8A828B83125516740B7802
:105363000812136FED4509FDEE2417125510740C46
:10537300780812136FED4509FD8E828F83A3A3A3D3
:10538300A3A3A3125516740A780812136FED4509E7
:10539300FDEE2423125510740D780812136FED459A
:1053A30009F9EC850C82850D83F0E9A3F0EE240264
:1053B3001254F3125532F0EE24041254F3A3A31241
:1053C3005532A3A3F0EE2413125503F0EE24141266
:1053D3005503A3F0750B088A828B83E0601512676F
:1053E300DC1262E5E50C2408FAE4350DFB121CCA55
:1053F300750B10EE24171254CC60191263681262F5
:10540300E5A80BE50C28FAE4350DFB121CCA740859
:10541300250BF50B8E828F83A3A3A3A3A3A3E06025
:105423004EEE2407F50EE43FF50F850E82F583E07B
:10543300C0E01254E2D0E0125522E0C0E00812545A
:10544300E4D0E0125522A31267561211D0850E82C2
:10545300850F83E01257BCA80BE50C281254BE122B
:1054630011B1850E82850F83E0C333250BF50B1233
:1054730054C96008C0E01254E2D0E0F0125AB212EC
:1054830067561211D012376BFC7D0074031214F5AA
:105493001254EBE0F8E50C28F8E4350DF9E82AFAA4
:1054A300E4391254C21211B1AA0CAB0D7401026794
:1054B3003FEA2423F582E43FF58322FAE4350DFB2A
:1054C300121B26740322EE2415F582E43FF583E0D4
:1054D30022F582E43FF583E085218285228322A899
:1054E3000BE50C281257CF22E0FA8E828F83A3227A
:1054F300F8E43FF98882F583E0850C82850D8322E9
:10550300F582E43FF58312553CA3A3A322F582E47D
:105513003FF583E0F50875090022126F1BF922F0AD
:10552300050B8E828F83A3A3A3A3A3A3A3A322A369
:10553300A3126912A312553C22E0850C82850D83C8
:10554300A3A3A3227403023BA71268CF8E828F8387
:10555300A3A32274F0120BD974FD121264126720F4
:1055630074021214F5E9F08C0C8D0D750B017C2679
:105573007D007900AA0CAB0D121B3274021214F5D4
:10558300E0C3940850030257451254FBF0AC0CAD32
:105593000D8521828522831257F1FA852182852286
:1055A30083125E17125AEEE96003750B00852182A0
:1055B300852283126700125812E0F9EA850C82856E
:1055C3000D83A3A3A3A3A3A3A3A3A3F0A3E91258A7
:1055D30047A3A3125812A3A3E0F9E50C12677FEACD
:1055E30012585A1262D5C0E0E50C2411126F53D041
:1055F300E012585D2407F582E438F583E0C0E01239
:105603006F4FD0E0126713740812583EA3E0602670
:10561300852182852283E02408F8A3E03400F9E59C
:105623000C2413F582E4350D126209850C82850D75
:1056330083A3E02408F0850C82850D83A3A3A3A391
:10564300A3A3A3A3E0602A850C82850D83A385828F
:105653000E85830F1257FFF8A3E03400F9E50C120F
:105663005ED8350D126209850E82850F83E024080A
:10567300F01257C3E4F01257D7E4F0A3126713A351
:10568300A3A3A3E06011125823850C82850D83A385
:10569300A3A3A3A312584FE50C1257E4E07003022F
:1056A3005731125823FA1257C3EA12584FF885217B
:1056B30082852283E028FBA3E034008B82F583E01C
:1056C300F8E50C241A126F53E812584FE8C39AE511
:1056D3000C50561257DFF8903352E493C39850049A
:1056E3007E0C8006E50C1257DFFE850C82850D8348
:1056F3001257FEF508A3E03400F509750A0078088F
:105703001211D0EE1257BC7A667B0B1254C31211DE
:10571300B11257D77466F0A3740BF0EEC333F88558
:105723000E82850F83E02880041257E4E4F0850C91
:1057330082850D83A3E0F8850C82850D83E0C398F1
:105743005004790080701257FEFAA3E03400FBE5A1
:105753000C126935126F56126726850C82850D83EC
:10576300E0C398C0E0E50C2417126F53D0E0125841
:105773003EE06040E50C2417FEE4350DFF8E82F514
:1057830083E024F2F0E50C241DF8E4350DF988825A
:10579300F583E0240EFAA3E03400FB8882898312A8
:1057A30067269016F9E0F912260CE9F88E828F83AA
:1057B300E0C398F0A90B02673D25E0FCE433FD222A
:1057C300E50C1257C92224191257CF22F582E4356A
:1057D3000DF58322E50C241B1257CF221257C9E083
:1057E3002212670D1257D222F582E43FF583125736
:1057F300F5221268D4F5838882E022A3125803228B
:105803001258082822E0F8852182852283E022A30A
:10581300A3E0FA852182852283126706A3A3A3222C
:10582300850C82850D83A385820E85830F12580311
:10583300FAA3E034008A82F583E022126717A3A358
:10584300A3A3A322125862F583888222F0850E82D5
:10585300850F83E004F022F0A3E9125862C82212F4
:105863006F1FF8A3E02274F4120BD98A088B09EA9C
:10587300125912A3A3F0EA1313543F125905A3F0CC
:10588300EAC4131312591212591C7409780A121418
:10589300551258FCA3A3A3A3A3A3F0EB1258FE1223
:1058A300591B740A780A121455E50A5401C0E0EC36
:1058B30012670D3DF583D0E0125920740B780A125C
:1058C30014551258FC125919740C780A12145512F3
:1058D30058FCA3125919740D780A121455E50A5489
:1058E30001C0E0EC2424F582E43DF583D0E0F074BC
:1058F3000E7808121455023B96E50A54018C828DEA
:10590300832212590BA3A322540F8C828D8322541A
:10591300038C828D8322A3A3A3A3A3A3A3F08A0A48
:105923008B0B22C082C08379008A828B83A3A3A3BB
:10593300A3A3A3E09016F8600EE0701F8A828B8306
:10594300A3A3E070168012E060111265CD901701D9
:10595300E06A7003A3E06B6002790180031265DAE9
:10596300D083D08202117E74F2120BD98A0A8B0B78
:10597300890CECFEEDFF8A828B83E0FA125AEE85E6
:105983000A82850B83A3A3125AE2E0F9EA8E828F7F
:1059930083A3A3A3A3A3A3A3A3A3125B07125AE204
:1059A300A3A3E0F9125AB2EA125B07A3A3E0C0E093
:1059B300EE2411F582E43FF583D0E0125B0EA3A33E
:1059C300A3E0C0E0EE2412F582E43FF583D0E012B9
:1059D30067EB7408124B30A3A3A3E06017E50A2416
:1059E30008F8E4350BF9124FB8E8F0A3E91267EBB6
:1059F300E02408F08E828F83A3A3A3A3A3A3A3A36E
:105A0300E060188E828F83A3125AD1EE241512629E
:105A130005850882850983E02408F08E828F83A39D
:105A2300A3A3A3A3E060248E828F83A3858208852A
:105A33008309E0F8E50A28F582E4350B125AC6A378
:105A4300A3F0850882850983E004F0EEFAEFFB12E8
:105A5300272CE9F50D70498E828F83A3A3A3A3A3FB
:105A6300A3125AC0A37014E0F8E50A28FAE4350B30
:105A7300FB125AA8126726E50C801A125AD1E824A1
:105A83000EF8500109EE241D126205125AF5F9E5CC
:105A93000CC39924F2C398C0E0EE12635FD0E0F028
:105AA300A90D024907EE241DF582E43FF58322EE9A
:105AB300125AB722240BF582E43FF58322E08E824B
:105AC3008F8322F583E08E828F83A3A3A322858213
:105AD30008858309E0F8E50A28F8E4350BF922E0A4
:105AE300FA850A82850B83A3A3A32212694712278F
:105AF30026229016F9E0F912260CE9F8850882852A
:105B03000983E022F0A3E9125B0E22F0850A828565
:105B13000B83A3A3A3A322C082C0837A817B1779BB
:105B2300E21221C87A817B17025963C082C0839035
:105B33001701025960C082C083901704025960C0E4
:105B430082C083794A1221C802596374F6120BD9B1
:105B5300901789E0FE04F0EEF91226DEEA4B70F0AE
:105B6300EE60EDF9025CD374F2120BD9EAFEEBFF9F
:105B73008C088D09890A12281C740E1214F5E0F999
:105B8300740F1214F5E0F8EA4B7012E8701BA90ABF
:105B9300AC08AD09EEFAEFFB12283A8065E860170E
:105BA300E970068A828B83E4F07401687054E9908B
:105BB300178C7024E4801EE97048EA24021250DB3B
:105BC300A80A28F8E4340013E813F070358A828BAE
:105BD30083A3A37401F0802AE004F0901971E0F824
:105BE30090178CE0C398401AE4F0901704E06E70AD
:105BF30003A3E06F700CEEFAEFFB79011223781226
:105C03005C080249077A017B0090175BE0F9121CDC
:105C1300A02274F4120BD98A088B098C0A8D0B907D
:105C2300831378081212CF70077A01124DA1801ED8
:105C330090195E7808121464EA4B4C4D600D780895
:105C43001211CC1239451211B18003125C08023BC8
:105C5300AAC082C083901962024652C082C0839058
:105C6300196402465274F6120BD97E007508ED755D
:105C7300091678081211D47C6E7D007A217B0012FC
:105C83001C5274021211B1E9640A70027E011222DD
:105C9300D6E9640A7004EED2E1FE9005C812676A81
:105CA300600F125E18122CE0E9640A7004EED2E36E
:105CB300FE122498E9640A7004EED2E4FE12214A2B
:105CC300E9640A7004EED2E5FEEEF980031211B125
:105CD3007F02020F2674F6120BD9121AEA7508ED29
:105CE30075091678081211D475086E7509007808BD
:105CF3001211D4125D151211B11222DC9005CA12D1
:105D0300676A6006125E18122CE012249E12215C50
:105D130080BE7C007D007A217B00121C5E7404220D
:105D230074F6120BD974FF1212647E007508ED75B8
:105D3300091678081211D47C6E7D007A217B00123B
:105D43001C5274021211B1E96003025DEF7808126C
:105D530011D475086E8E0978081211D47C007D0069
:105D63007A217B00121C6474041211B1E9707D90D6
:105D73001701E064FE7003A3E0F460707E019017E6
:105D830010E064086005E06404705C85218285226C
:105D930083EE125E2F7A187B1779431221CE7A1580
:105DA3007B1779471221CE7A067B17794A125E0A4E
:105DB3007A0E7B1779501221CE7A017B1779531211
:105DC30021CE7A167B1779541221CE7A037B177969
:105DD300E11221CE9016FBE0A2E35004D2F0800240
:105DE300C2F0125E1C8005121AEA7E001222CA90CB
:105DF30005CC12676A6006125E18122CE01224AA00
:105E0300EEF97401025CD01221CE7A047B17794B30
:105E13001221CE22A312670722A2F0E43385218246
:105E2300852283125E8E79521221CE22125E8E79E2
:105E3300421221CE2274F6120BD9E9FEA2E0501CC5
:105E43007508ED75091678081211D475086E750971
:105E53000078081211D4125D151211B1EEA2E350AD
:105E6300031222D0EEA2E2500E9005CE12676A60B2
:105E730006125E18122CE0025CD31226907A5E7B27
:105E83001779451221CE22125E8E22F0AA21AB226F
:105E93002274F7120BD974ED121264E9FE90175AAB
:105EA300F0AC21AD22125EC074121214F5EE125E34
:105EB300CDAA21AB22125E7D7413024CC19019EF5F
:105EC300E0F97A5E7B1712269622F09019EFE0F93B
:105ED3007C5E7D17222415F582E422126EEB3509D0
:105EE300F58322EFFB90175BE0F9121B5022EE249F
:105EF30016125EF822F582E43FF5837401F0221254
:105F03006EEA3FF583125F0C221268D4F98882F59A
:105F1300832274F4120BD98A088B097A007B04124A
:105F23005C0C125FB79017107409F012654F1240A2
:105F3300161265DA12655B640170677A0F7B0012D3
:105F43001B448A0A8B0BAF0BEA4F60568A828B8302
:105F53007402F0E5081269353509126953FC888229
:105F63008983A3A3E0FBEC8A828F83A3A312672711
:105F730088828983A3A3A3E08A828F83125FA8FA0E
:105F8300A3E0FB794A1221CE850882850983A3A366
:105F9300A3A3A3A3E0700690158A7405F0AA0A12BE
:105FA3005EE6023BAAA3F0E5082415F582E4350971
:105FB300F583E02290169A1268CF901964E8F0A353
:105FC300E9F090169C1268CF901962E8F0A3E9F00B
:105FD3002274F4120BD974FD1212648A088B0974AB
:105FE300011214F5740212680C70030260AF125FA1
:105FF300027404F0A3E41260CCE0640170088882A8
:106003008983A37420F0850882850983A3A3A3A3AE
:10601300A3E06401700988828983A3E0D2E6F08556
:106023000882850983A3A3A3A3A3A3E06401700A41
:1060330088828983A3E0D2E78006EA124FB974010C
:106043001260C7E064017020850882850983A3A3D9
:1060530012676A6004EA125EF2850882850983A3E7
:10606300A31268CBEA126203850882850983A3A37E
:10607300A3A3A3A3A3E064017009EA240F125EF4AF
:10608300A3E4F0850882850983124FE46009EE24B6
:106093000F1254CC4404F01260D88508828509831A
:1060A3001260B41260BE126918F9800279100255A9
:1060B30047E0F8A3E0F98E828F8322A3A3E8F0A33D
:1060C300E9F0EE221260CCA322F0850882850983D1
:1060D300A3A3A3A322EE12634D2274F5120BD9746A
:1060E300F3121264890AEAFEEBFF750800750900D2
:1060F3007C0D7D007900AA21AB22121B32125AA813
:106103001262F2741F58600C7AD37B00121FDC7981
:10611300000261EEE8A2E55008740C1214F5740154
:10612300F0E8A2E75008740B1214F57401F0E8A22A
:10613300E6740A50081214F57401F080081214F57D
:10614300E0640170138E828F83A3A3A3A3A3A3A3ED
:10615300E06036EE241380128E828F83A3A3A3A361
:10616300A3A3A3A3E06022EE2415F582E43FF58305
:1061730012690AE50845096010AC08AD09740212FA
:1061830014F5AA82AB83121CCA125AB21261F3121B
:10619300620B740A1214F5E064017046901995E0DD
:1061A30060476401700690197EE0603DEE240B1297
:1061B30068C5901704E0687003A3E069702B124F61
:1061C300D77026E508450960191227388A088B0914
:1061D300AC08AD0974021214F5AA82AB8312655B95
:1061E3006007AA21AB22122372A90A740D024E1F63
:1061F3001261F722E0F8A3E0F98521828522832248
:106203002418F582E43FF583E8F0A3E9F02274F75C
:10621300120BD974CD121264EAFEEBFF8A82F58366
:106223001262E91262D5A2E040030262D08A828B35
:1062330083125F08A3A3A3A3A3A3E054FE126BDC02
:10624300740D121244EA241E1250DB1268A4126564
:10625300DA122732E97076742A1214F51262F97091
:106263006C7C0D7D007900AA21AB22121B327416BF
:106273001214F51261F312620B742A1214F51262EE
:10628300F2A2E55008740B1214F57401F0E8A2E7CA
:106293005008740A1214F57401F0E8A2E65004746D
:1062A30020800274221214F51262E574021214F5AE
:1062B300AA82AB83121CCA8E828F83A3A3E0C0E0A1
:1062C300740C1214F5D0E0125E8A12236C7433023C
:1062D3004CC12406F582E438F583E022A3A3A3A3EB
:1062E300A3A3126F6A221262ED221268D4C822128B
:1062F3006704A3E0F8221257F5640422E9F8790051
:10630300740468600A740A6860057403687002792B
:106313000102117E74F6120BD98A828B837424F0E6
:10632300A3A37401F01222FA8A088B09AE08AF09FD
:10633300EA4F60078A828B83126345EEFAEFFB0212
:106343005CD37401F0EA12634D2212635F7401F0AF
:10635300122738126368EAF0A3EBF0222417F582C0
:10636300E43FF58322EE241AF582E43FF58322C04D
:1063730082C0839017777401F0E9A2E3500374039A
:10638300F0E9A2E15004E0D2E2F002596374F6129C
:106393000BD979007C008A088B097808120EE0F883
:1063A300FF07C563C363C363C363C363BB63BF63E4
:1063B300C563B7637C01800A7C0480067C0280028B
:1063C3007C08901777E05C600479028005EC60023A
:1063D3007901025CD374F6120BD98A828B83E07045
:1063E30014A3A3A312676A600C8A828B831265D7F6
:1063F3001224F880047A007B00025CD3C082C0833D
:106403007800E875F003A4FCA9F0E9FD12648E6A34
:106413007003A3E06B7018903349E493C0E0747881
:106423002CF582741739F583D0E0F079C5805908CB
:10643300E8C3940340CC7800E875F003A4FCADF006
:1064430012648E64FE7003A3E0F4601E08E8C39434
:106453000340E57800E875F003A4FCADF074782CF4
:10646300F58274173DF583E07015E81269881267A9
:1064730026903349E49388828983F0790080090860
:10648300E8C3940340CF79C702596374792CF5822A
:1064930074173DF583E02274F4120BD974F31212CE
:1064A30064EAFEEBFF8C088D09750A12EA4F70054A
:1064B300790002654A901701E06E7003A3E06F70E4
:1064C3001412654FAA08AB0912655B7005750A01C2
:1064D3008003750A00852182852283E4F004121467
:1064E300F5EEF0A3EF125E8A1222B2E9602974037B
:1064F3001214F5AA82AB8312228EE9640170187517
:106503000A0174031214F5AC82AD83AA08AB091215
:10651300655B6003750A00AC08AD09EEFAEFFB1288
:106523002822E9F8740A687005750A01801774A0B7
:10653300687012AC08AD09EEFAEFFB12282EEEFAE2
:10654300EFFB122840A90A740D023BA71227388AD1
:106553000A8B0BAC0AAD0B22121CC4E92274F7128E
:106563000BD9EAFEEBFF8A82F583A3A3A3A3A3A31C
:10657300A3A3E06019EA2415123B9A125AB31265D9
:10658300DA1227C8E964017005125AB2802D8E828F
:106593008F83A3A3A3A3A3A3A3E06029124FB812DD
:1065A30065E4FAA3E0FB1227C8E9640170178E8241
:1065B3008F83A3A3A3A3A3A3A3A3A31265DA122781
:1065C300C2790180027900024CC48A828B83A3A31F
:1065D300A3A3A3A3A3A3A31265DE22E0FAA3E0FB74
:1065E300221249C8A3A3A3A3A3A3A3A3A3E0227432
:1065F300F2120BD974FD1212648A088B09ECFEEDBA
:10660300FF890A750B0174011214F57404126920D1
:10661300604474111214F5E06015126802E4126804
:10662300ED8A828B83E0D2E7F0EA241412665E12CD
:106633006667125F067403F0A3E50AF0EE888289A9
:1066430083A3A3F0EF88828983A3A3126F28126F19
:106653007012691BF50BA90B024902F582E43BF5A5
:1066630083E4F022126EEA3B2274F4120BD9EAFEA1
:10667300EBFF8908EA125AA9126700A3E0FAEE2495
:10668300171254CC640460097AD37B00121FDC8098
:1066930063EA12106001000EA36600A0667508008D
:1066A300125AA8A3E0F9EE2409F50AE43FF50B8892
:1066B300828983A3A3E0FC88828983A3A312673022
:1066C300F9850A82850B831265DA12238A850A8289
:1066D300850B83124FE4601CEE24111254CCC39437
:1066E300024011125AB21268BC7003A3E06960043D
:1066F300A90880027900023BAA8E828F8312670465
:1067030022E0F8A3E0F5838882222418F582E422AC
:1067130012671722F0850C82850D83A322852182BF
:10672300852283EAF0A3EBF022126EEB22A3E0F8BA
:10673300E4C8F9EC28E439FDEA2274031211B17FAD
:1067430008020F26740202673FEE240DF582E43F30
:10675300F58322E0F508A3E0F509750A007808221D
:10676300EE124A6C3FF5831268CFE84922E8F0A3A2
:10677300E9126F2DA3A322125862F922126EEB12B3
:1067830057D22274F0120BD974FD1212648A088B4B
:10679300098C0E8D0F890A750B0174011214F5749F
:1067A300031267F4602E125F02740BF0A3E50AF084
:1067B30074131214F51267E4A3126347125EF11205
:1067C30067DCE50EF0A3E50F1267EBA31252061286
:1067D3006823F50BA90B02673DEE12670D3FF583A6
:1067E30022E088828983A3221267EF22124E19A323
:1067F3002212681A8A0C8B0DAE0CAF0DEA4F22EAF7
:106803002417F582E43BF5832212681A8A0A8B0B5C
:10681300AE0AAF0BEA4F22F0AA21AB221227AA221B
:10682300F0EE2413125EF8EEFAEFFB1222F4E922E3
:1068330074F6120BD91269343B12687CF98882F51D
:1068430083A3E0FA88828983E0702BEAA2E05026D2
:1068530090167CF075087C75091678081211D475AA
:10686300080175090078081211D47C007D007A5163
:10687300125D1B1211B1025CD3F583E02401F8A36E
:10688300E03400221265DE122414740422EA241E6A
:10689300F582E43BF583E01268A41265DE1227203B
:1068A30022F9EA241FF582E43BF583228A828B8353
:1068B300A3A3A3A3A3A3A3A3A31268CF901701E049
:1068C3006822F582E43FF5831268CF221268D4F977
:1068D30022E0F8A3E022903353E493F8E50AC39847
:1068E300223BF583E0FEA3E0FF22124CD9EEF0A396
:1068F300EFF022F582E4350BF583E0221268CFC373
:10690300228E828F83A3A3E0F508A3E0F50922F08A
:106913008882898322FAEFFB1222F4E92212681A91
:10692300EA4B221267EFA3E022EE2402FAE43FFBD4
:1069330022EA241DF582E422EE2411F582E43FF5D8
:1069430083E4F022A3E0F8E4C8F9EA28E439FB225F
:10695300F583125F0CA3E02274F7120BD97E00803B
:1069630005EE12699D0E1269F140F67E00EE126982
:106973008874FEF0A304126912E4F00EEEC39403CC
:1069830040EB024CC475F003A4F8A9F0747828F81E
:10699300741739F98882F583A32275F017A4F8A92F
:1069A300F01269E81228102274F7120BD97E0080C6
:1069B300010E1269F15027EE126D10E06A7003A305
:1069C300E06B70ED1269FB6C7003A3E06D600A74F9
:1069D300FF6C700374FF6D70D81269E880047A004D
:1069E3007B00024CC474F228FA740939FB229033F9
:1069F30053E493F8EEC398221269FF22126A04E06B
:106A03002274FC28F582740939F5832274F6120B7B
:106A1300D97CFF7DFF7AFE7BFF1227F2EA4B7040A1
:106A23007508008036E50875F017A4F8A9F074011D
:106A330028F582740A123F61600C740028F5827491
:106A43000A123F61701374F228FE740939FF8E82B3
:106A5300F583126BD5EEFAEFFB0508126A6640C5A3
:106A6300025CD3903353E493F8E508C39822C082C1
:106A7300C0837A007B007C008010126E3F7003A3FA
:106A8300E0F460050AEA70010B0C126A9540EB0210
:106A93005963903353E493F8ECC3982274F4120BC4
:106AA300D98A088B09ECFEEDFF800B122810EEFC4F
:106AB300EFFDAA08AB091227F2EA4B70EE023BAADC
:106AC30074F7120BD97D007C0080020D0C126A95BD
:106AD300501C126E3F7003A3E0F460F0EDF8EA6817
:106AE3004B70E8EC75F017A4F81269E880047A009B
:106AF3007B00024CC474F7120BD9EAFEEBFFEA4F9A
:106B0300600E126B1674FEF0A304126B24F0A3F054
:106B1300024CC47C177D007900121B328E828F8356
:106B2300221248FBA32274F7120BD9EAFEEBFF757E
:106B330008008018E50875F017A4F8A9F0126B5740
:106B43007003A3E06F60031269A40508126A66402C
:106B5300E3024CC41269FF6E2274F6120BD912279A
:106B6300F28B09A909EA496009EA240DFAE439FB21
:106B730080047A007B00025CD374F4120BD9EAFE22
:106B8300EBFF8C0A8D0B750800750900802BE50956
:106B930075F017A4F8A9F0126E26601BE509126EB2
:106BA300337003A3E06F700375080AAC0AAD0B12D0
:106BB3006D2660034308A00509903353E493F8E579
:106BC30009C3985004E50860C5023B96240CF5827E
:106BD300E4221265DE12241A221248F2FAA3E0FB21
:106BE3002274F0120BD98A0E8B0F8C0A8D0B750C45
:106BF30000780079017EFE7FFF74101214F512698C
:106C03000A8011121B3EE50CF5F0EA84E5F0F875F5
:106C13000C0079007C008007126CD01268E40C90A1
:106C23003353E493FAECC39A5077EC75F017A4FA54
:106C3300ADF0EDFB126CD01250DE64FE7003A3E0E6
:106C4300F460DB126CD01250DE650E7004A3E065B5
:106C53000F60CB126CD01250DE650A7004A3E0659E
:106C63000B60BB126CD01250DE65087004A3E065A4
:106C73000960AB74002AF582740A1250DE609FC368
:106C83009408509AE06407608FE9050C7090E50C56
:106C9300C398408AEDF9126CD039F583126E58808F
:106CA30022E50C6011E8700E7401650C6003026C40
:106CB300067801026C1274FE6E700374FF6F600637
:106CC300EEFAEFFB80047AFE7BFF02674274F22A3E
:106CD300F58274092274F5120BD9EAFEEBFF8C08D6
:106CE3008D09750A008002050A1268D9501CAC0888
:106CF300AD09E50A75F017A4F8A9F0126D2660E74F
:106D0300E50A126D10EEF0A3EFF0024E2275F017B4
:106D1300A4F8A9F0126D1B2274F228F582740939C4
:106D2300F5832274F428FA740939FB121CC4E9228E
:106D3300E9F87907C3940D400479018019E8C394F5
:106D43000740047903800FE8C39403400479058066
:106D530005E87002790002117E74F0120BD98A0ED5
:106D63008B0F8C0A8D0B8908126DB66043126B165C
:106D7300E50EF0A3E50F126B2412520FE50860072E
:106D8300124FC6E5088005124FC67401F0901755DF
:106D9300E064017006126DC4E48005126DC47407CB
:106DA300126DD45001097A027B001208DD126DCEF8
:106DB3000267421227F88A0C8B0DAE0CAF0DEA4F17
:106DC30022EE240EF582E43FF5832212674CE8F0AD
:106DD30022F0126DD922903350E49379002401F804
:106DE3002274F7120BD9EAFEEBFF750800802CE53D
:106DF30008126E337003A3E06F601474FF6E7003A8
:106E030074FF6F7014126E477003A3E0F4600A12EC
:106E13006E267005E50812699D0508126A6640CF63
:106E2300024CC474F428FA740939FB12228EE92245
:106E330075F017A4F8A9F0126E4D6E22EC75F017D9
:106E4300A4F8A9F0126E4D64FE22126D1BE0228598
:106E53002182852283E0FAA3E022E02401F0A3E06B
:106E63003400F022C082C08374F8121264908278D6
:106E7300AC21AD2274081210FAAC21AD2212655B6D
:106E83006401700479008002790174080250D5749A
:106E9300F6120BD9EAFEEBFF740C1214F51265DA45
:106EA300743A6A7001EB6006743B6A4B701F740A94
:106EB3001214F5120FAF8C088D0978081211D4EE55
:106EC300FCEFFD121C6474041211B18002790A02F2
:106ED3005CD3241EF582E438F58322E0F8A3E0C8EE
:106EE300241FF582E43822EA240BF582E42212629D
:106EF300ED126EF8222408F582E438F58322126F2E
:106F03000A7401F0A3E4221268D4C8126F12222477
:106F13000DF582E438F58322126F1F22F08521825A
:106F2300852283E022A3126F2D22F08A828B832293
:106F33002402F8E43FF98882F583E0221261F7E83E
:106F4300F0A3E9221248F2F8A3E0F922E50C241297
:106F5300F582E41257D22290170E126F6AAA21AB60
:106F6300221221F822F583E0FCA3E0FD22A3A31261
:106F73005206F02274F0120BD974FE1212641267D7
:106F8300208C0A8D0B750800852182852283E06C95
:106F93007003A3E06D6017852182852283E0FA12D6
:106FA3001C588A0C8B0DAE0CAF0DEA4F700675089A
:106FB30001027046AA0AAB0B121C588A0C8B0DAC4B
:106FC3000CAD0DEA4D6007AA0AAB0B121C6AE4F57F
:106FD3000CF50D780C1211D4EEFCEFFDAA0AAB0BE5
:106FE300121C5274021211B1E96058EEFAEFFB124F
:106FF300704B604C780E1211D48E0C8F0D780C12DE
:1070030011D47C007D0074041214F51265DA121C8D
:107013006474041211B1E9701B780E1211D4780C48
:107023001211D47C007D00AA0AAB0B125D1D121154
:10703300B1E96003750801AA0EAB0F121BE08003D0
:10704300750810A908026747121BDA8A0E8B0FEA2C
:107053004B2274F6120BD91273C190335CE493F58F
:1070630008EC8508F0A4FCA8F08508F0EDA428FD41
:1070730079FF7AC77B0B121B329005C274A4F0A36D
:107083007415F09005C47498F0A37415F09005C6B8
:1070930074C8F0A37415F09005C87404F0A37416B3
:1070A300F09005CA740AF0A37416F09005CC741C12
:1070B300F0A37416F09005CE7422F0A37416F0902A
:1070C30005C1E4F080031211B17F02020F26C082D2
:1070D300C0837A0080010A90335CE493F8EAC39892
:1070E300500CEA1270F870EEAA82AB8380047A0027
:1070F3007B0002778675F01AA4F8A9F01276A5F43E
:1071030022C082C0837A007B007C008014EC127062
:10711300F8600DA3A3A3A3A3E0F8EA28FAE43BFBDA
:107123000C90335CE493F8ECC39840E102778674E7
:10713300F7120BD97F007E008012EE75F01AA4F8C7
:1071430085F008A9081270FF60010F0E90335CE40C
:1071530093F8EEC39840E3E4938A828B83F0A3E42D
:10716300F0EF8C828D83F0A3E4F00274EE74E912E5
:107173000BD974F4121264890C8A0A8B0B8C0F8D51
:1071830008750E00EA2408F510E4350BF511851097
:1071930082F583E0F874016860057403687011E98F
:1071A300600E74FF650C6008740368700AEC700766
:1071B3007A007B0002737A8A148B15751600781493
:1071C3001211D07C097D00740312123C121B267429
:1071D300031211B174091214F5E50FF07E007F005C
:1071E3001215F2AA0AAB0B1215F88A0A8B0B85103B
:1071F30082851183E064017008750901750D0080B3
:1072030006750900850F0D74FE650A700474FF6529
:107213000B70030273767A0074231214F5E0F510F1
:10722300A3E0F51180010A90335CE493F8EAC39874
:1072330040030272C9EA12770370EBA3E065097099
:10724300E58E828F83A3A3E0650A7004A3E0650B38
:1072530070D48E828F83A3A3A3A3E0650D70C7753B
:107263000900802C850A82850B83127BA6740A127F
:1072730014F5127384600CAA21AB22E0F583888293
:10728300122CE0127C73A90C122C1E750E01050939
:10729300E509C39508400302736D127394FCA3E0E0
:1072A300FDEEFAEFFB1215B0E970E3850A82850B58
:1072B30083E0FCA3E0FDEEFAEFFB1215BCE970A43A
:1072C3007E007F0080C81215928A128B13AE12AF14
:1072D30013EE4F70030273768E828F83E50CF0A357
:1072E300E509F08E828F83A3A3E50AF0A3E50BF0F3
:1072F3008E828F83A3A3A3A3E50DF0903354E4936D
:10730300C395085004E493F508750900802A1273A5
:1073130094F8A3E0F9740A1214F5127384600CAAAA
:1073230021AB22E0F5838882122CE0127C73A90C36
:10733300122C1E750E010509E509C3950840CF8E71
:10734300828F83A3A3A3A3A3E508F075120078108B
:107353001211D0AC08EC2CFCE433FDEE2406FAE465
:107363003FFB121B2674031211B1E50EA2E050037A
:10737300122C12EEFAEFFB740C1211B17F0F020FF5
:1073830026E8F0A3E9F0900521E0F8A3E0F9E84945
:1073930022A809E828F8E433F9E51028F50AE511ED
:1073A30039F50B850A82F583E022C082C08312730C
:1073B300C179FF121B32122B647901027786903355
:1073C30046E493FC740193FD2274F7120BD9EA4B44
:1073D30060377E0080010E8A828B83A3A3A3A3A3BD
:1073E300E0F8EEC3985022EE25E0F8E433F9EA28FA
:1073F300F582EB39F583A3A3A3A3A3A3E06C7003E6
:10740300A3E06D70D17901800279000274EE74F209
:10741300120BD9750A00EA4B607CEA240512764107
:10742300F5086072EA240608E43BF985080C750B3D
:1074330000801488828983E508F0A3E509F0E82435
:1074430002F8500109050BE50BC3950C5036E50B0B
:1074530025E0F508E433F509EA2508F582EB35095B
:10746300F583A3A3A3A3A3A3E0F508A3E0F509EC85
:1074730065087003ED650970BA8E828F83E014F09E
:10748300050A70C1E50A6003122B648E828F83E0C4
:107493006004790180027900800574021211B17FC2
:1074A30006020F2674F7120BD9EA4B603CEA240557
:1074B300F8E43BF988828983E0FE903354E493FF38
:1074C300EEC39F5024EE2EFEE433FFEA2EF582EB4B
:1074D3003FF583A3A3A3A3A3A3ECF0A3EDF08882BA
:1074E3008983E004F07901800279007F01020F268D
:1074F30074F3120BD9890A8C0B127638700B8A82BB
:107503008B83E0FCA3E0FD800B1215E08A088B0956
:10751300AC08AD0974FE6C700374FF6D605D750893
:1075230000801574016509700D88828983E06C7091
:1075330003A3E06D6049050812762D503EE508125D
:107543007619E0650A70EFA3E0F509EA2402F8E48E
:107553003BF98E828F83E0640160C8E50970D788A8
:10756300828983E06C7003A3E06D70CA8A828B8387
:10757300A3A3A3A3E0650B70BD80047A007B007F07
:1075830005020F2674F4120BD9EA2408F8E43BF938
:10759300880889098882F583E06401700B8A828BED
:1075A30083E0FEA3E0FF800B1215E08A0A8B0BAE8B
:1075B3000AAF0B74FE6E700374FF6F6054750A009C
:1075C3008015EC701088828983E06E7003A3E06FEE
:1075D30070031215AA050A1276B1502EE50A127627
:1075E30019A3E0FCEA2402F8E43BF9850882850943
:1075F30083E0640170CC74016C70DA88828983E063
:107603006E7003A3E06F60CA80CBEEFAEFFB121536
:10761300DA7F04020F2675F01AA4F8A9F074C728BC
:10762300FA740B39FB8A828B832290335CE493F8E0
:10763300E508C39822EA2408127641640122F8E49B
:107643003BF9E8FEE9FF8E828F83E022EC75F01AA6
:10765300A4F8A9F074C728F8740B39F92274F4124A
:107663000BD9890B8A088B097E007F00750A00807D
:1076730025E50A75F01AA4F8A9F01276A5650B7032
:1076830013AC08AD09AA82AB831215B0E960050EED
:10769300EE70010F050A1276B140D6EEFAEFFB0247
:1076A300761474C728F582740B39F583E02290337E
:1076B3005CE493F8E50AC3982274F2120BD9890C9F
:1076C3008A088B098C0D750B00750A008004050B65
:1076D300050A1276B15022E50A12770370F2AC085C
:1076E300AD09EEFAEFFB1215B0E960E4E50BC395C3
:1076F3000D40DBEEFAEFFB80047A007B000274A2FC
:1077030075F01AA4F8A9F074C728FE740B39FF8E1C
:10771300828F83E0650C22C082C08374F3121264EB
:1077230074FE6A700374FF6B604A7C0080221276D9
:107733004F88828983A3E0FD74016D6012ED700FA1
:1077430088828983A3A3E06A7003A3E06B60250C9E
:1077530090335CE493F8ECC39840D3E4936C7014D7
:107763008521828522837404F0740B1214F5127838
:107773001F1222A68008740B1214F5127C7D740D5F
:107783001211B1D083D08202117EC082C08374F300
:107793001212641279556402700E1277C51214F531
:1077A30012794B1222B28017EAFCEBFD7403121418
:1077B300F5AA82AB83122288AA21AB221222B80235
:1077C30077798A828B83E0F8A3E0F974012274F756
:1077D300120BD974F3121264ECFEEDFF852182853E
:1077E30022837404F0740B1214F512781F1222BE54
:1077F300E9F508601D8E828F83A3A3A3A3A3A3A38C
:10780300A37403F01214F5AC82AD83EEFAEFFB120E
:107813001CCAA908740D1211B10274EEEAF0A3EBAD
:10782300F0AA21AB2222C082C08374F312126485B2
:1078330021828522837404F0740B1214F512781FCD
:107843001222BE740102777B74F6120BD974F31201
:1078530012649005C1E0707B8521828522837404C4
:10786300F09017011277C91214F5E8F0A3E9F012AA
:1078730027388A088B09AC08AD0974031214F5AADA
:1078830082AB83122288AA21AB221222C41227447C
:107893008A088B09A808A90974011214F5E0687015
:1078A30003A3E069602774FE68700374FF69601DB9
:1078B30074011214F5E8F0A3E9F074031214F5AAA5
:1078C30082AB8312274AAA21AB221222C49005C19C
:1078D3007401F0740D0270C9C082C08374F3121274
:1078E30064127955F874026870111277C51214F591
:1078F30012794B1222B2E9704C801F740368702313
:10790300EAFCEBFD74031214F5AA82AB83122288FE
:10791300AA21AB221222B8E9702BAA21AB22122290
:10792300C4802274016870128A828B83127BA674CE
:107933000B1214F5E8F0A3E9800A740B1214F57422
:10794300FEF0A304F0027779E8F0A3E9F0AA21ABF3
:1079530022228521828522837404F08A828B83A369
:10796300A3A3A3A3A3A3A3E02274F7120BD97800C4
:1079730079007C007D0080010D90335CE493FEED83
:10798300C39E502AED75F01AA4FE85F008AF087463
:10799300C72EF582740B3FF583E0F460DB8C08742B
:1079A300012CFCAE08EA6E4B70CEA882A983E8FADC
:1079B300E9FB0274EE74F6120BD9E4F508F50978C5
:1079C300081211D4127C83127BB2121C527402125D
:1079D30011B1E9FE74096E700312160AEEF9027012
:1079E300CC74F6120BD974FE12126485218285229F
:1079F30083E4F0A3F0A821A9228808890978081252
:107A030011D475080275090078081211D47C007D21
:107A1300007A417B00121C5E74041211B1740202DD
:107A230070C974F2120BD974E21212648A088B09BA
:107A3300ECFEEDFF750A007A417B00121C588A0C9C
:107A43008B0DAC0CAD0DEC4D600FEE6C7002EF6D59
:107A530060077A417B00121C6AE4F50CF50D780C83
:107A63001211D4EEFCEFFD7A417B00121C5274021A
:107A73001211B1E9640A7003027B9C74021212347E
:107A8300880C890D780C1211D4750C02750D0078D1
:107A93000C1211D47C007D007A007B03121C6474E9
:107AA300041211B1E96003027B9C85218285228344
:107AB300E4F0A3F07E00806A7404121234880C8907
:107AC3000D780C1211D4903346120FDCEEF8127DB0
:107AD3005C7A007B03121C6474041211B1E9600325
:107AE300027B9C74041214F5E0F4603574041212E2
:107AF30034880C890D780C1211D4903346120FDCA4
:107B030074041214F5127BA6127D68FA850CF0E951
:107B1300127BAC121C5E74041211B1E9707B127EED
:107B23004C0E852182852283C082C08390335CE41E
:107B330093F8D083D082C3E098A3E09400502185CA
:107B43002182852283C082C08374021214F5127BC2
:107B5300A6D083D082C3E098A3E0995003027ABBF6
:107B6300A821A922880C890D780C1211D4750C0256
:107B7300750D00780C1211D47C007D007A417B00D6
:107B8300121C5E74041211B1E9700EAC08AD097ACF
:107B9300007B03121C6AE96003750A01A90A741EBB
:107BA30002749FE0F8A3E0F922A42AF9E82402FC76
:107BB300E439FD7A417B002274F2120BD974FE1270
:107BC3001264750A00127C83F508E439F5097A41D9
:107BD3007B00121C588A0C8B0DAE0CAF0DA821A98B
:107BE30022880C890D780C1211D4750C02750D00C6
:107BF300780C1211D47C007D007A417B00121C6446
:107C030074041211B17A007B03121C588A0C8B0D79
:107C1300A80CA90DE849700CE5086E7003E5096F1F
:107C230070138047EE4F6031852182852283127C59
:107C33007DEA4B60247C007D037A417B001228524D
:107C4300E9F8880A7025EEFCEFFD7A417B00121CEF
:107C53006AE96009750A018012E8FEE9FFAC08AD24
:107C630009EEFAEFFB121610E9F50AA90A02749D50
:107C73007D017C00850A82850B83E0FAA3E0FB2269
:107C8300903346E493F8740193F990335CE493F5ED
:107C930008E88508F0A4F8AAF08508F0E9A42AF911
:107CA300E824022274F2120BD974FE1212648521A5
:107CB30082852283E4F0A3F0121616E96003027DA5
:107CC30050A821A9228808890978081211D47508B7
:107CD3000275090078081211D47C007D007A417B7B
:107CE30000121C6474041211B1E970617E007F00FC
:107CF3007508008043E50875F01AA4F8A9F074C765
:107D030028F50A740B39F50B780A1211D49033460F
:107D1300120FDCA808127D5C7A417B00121C64748C
:107D2300041211B1E9700F850A82850B83E0F460B8
:107D3300050EEE70010F050812762D501085218275
:107D4300852283127BA6C3EE98EF9940A8852182F2
:107D5300852283127C7D02749D127D68F9E82402DA
:107D6300FCE439FD22903346E493F50C740193F55A
:107D73000DE8850CF0A4C8AAF0850DF0A42A22749E
:107D8300F1120BD974E4121264852182852283E4F3
:107D9300F0A3F07E008075EE75F01AA4F8A9F074D4
:107DA300C728F508740B39F50985080CF50D750E10
:107DB30000780C1211D01273C1740512123C121BFD
:107DC3002674031211B17402121234880A890B78D3
:107DD3000A1211D4903346120FDCEEF8903346E4C6
:107DE30093F50A740193F50BE8850AF0A4C8AAF089
:107DF300850BF0127BAC121C5E74041211B1850862
:107E030082850983E0F46003127E4C0E90335CE4B8
:107E130093F8EEC3984080A821A92288088909789D
:107E2300081211D475080275090078081211D47C60
:107E3300007D007A417B00121C5E74041211B17440
:107E43001C1211B17F07020F26852182852283E050
:107E53002401F0A3E03400F022C082C08390833376
:107E63001214DE1219289082EB1214DE12187475A4
:107E7300A1F743A70875A1EF43A7108012C082C0E2
:107E83008353A7EF53A7F712186880031214DED0A9
:107E930083D08202117E74F0120BD98A088B098C6D
:107EA3000A8D0B12191C8A0C8B0D8C0E8D0F780802
:107EB300790C1214354003121754AEA8C2AF9007C1
:107EC3000B7808121464AA08AB09AC0AAD0B12199B
:107ED30034027F9074F4120BD9AEA8C2AF12191CEE
:107EE3008A088B098C0A8D0BEEA2E792AF90070BE1
:107EF300780812115950087A007B007C007D007FBE
:107F030004020F2674F4120BD9AEA8C2AF121922C1
:107F13008A088B098C0A8D0BEEA2E792AF90070BB0
:107F2300780812115950087A007B007C007D00808C
:107F3300CE74F0120BD98A088B098C0A8D0B90072B
:107F43000B78081211595003121754A2AFE433FEF1
:107F5300C2AF90070F7808121464AA08AB09AC0AE1
:107F6300AD0B12192E12191C8A0C8B0D8C0E8D0F52
:107F73007808790C1212A5700D75A1EFEEA2E092AC
:107F8300AF122ACE8005EEA2E092AF8005EEA2E703
:107F930092AF7F08020F2602117EC082C083122A8D
:107FA300CE027E92C082C08312194C122ADA027E5C
:107FB30092C082C08390070B027E8F74F4120BD998
:107FC3008A088B098C0A8D0B9082E3780812115969
:107FD300500C750896750951750A18750B00908237
:107FE300E778081213A890189178081214647F0494
:097FF300020F2602117E02117E2C
:1080000007000A000C000D000E000F001000110008
:1080100012001300140019001B00000101010002EE
:10802000010202040004010403040404050406041C
:1080300000050206030604060506060607060806EE
:1080400009060A060B060C060D060E060F0610069C
:1080500011061206130604070009000B010B020BA0
:10806000030B0500060008000900160002010202C9
:108070000302000301030105020500060106040BCB
:10808000140615061706000701070207030704096F
:108090000009526573746F72696E6720617474723F
:1080A0006962757465732066726F6D204E56207319
:1080B00074617475733D25640D0A00706F72744E9F
:1080C000756D3D307825582070696E4E756D3D3068
:1080D000782558206973507265737365643D256413
:1080E0000D0A000000000000000000000000000079
:1080F0000000000000000000000000000000000080
:10810000000000000000000000536176696E6720E7
:108110006174747269627574657320746F204E5651
:108120002077726974653D25640D0A0052656164AB
:10813000424D4532383020743D256C642C20703D12
:10814000256C642C20683D256C640D0A004E562079
:1081500077617320656D7074792C2077726974690A
:108160006E672025640D0A001A44495952755A5FFA
:1081700041697253656E73655F52656C6F616465CA
:10818000645F3200000000000000000000000000FA
:1081900000000000000000000000000000415050FE
:1081A0005F524541445F53454E534F52535F4556CE
:1081B000540D0A004150505F534156455F4154549D
:1081C00052535F4556540D0A00F0292A266C173287
:1081D00024CE1EF41CA02B261EB81624175265614F
:1081E00064696E672066726F6D204E560D0A0041FD
:1081F00050505F5245504F52545F4556540D0A003F
:10820000415554482043422063616C6C65640D0AFB
:10821000004261736963526573657443420D0A00DD
:108220000C323032363032313820363433000000F0
:108230000000000000000000000000030002040530
:108240000403040D04094566656B74614C616200AA
:108250000000000000000000FFFFFFFFFFFFFFFF26
:10826000FFFFFFFFFFFFFFFFFFFFFFFFFFFFFFFF1E
:1082700000000000000000000000000000000000FE
:108280000306030008007482003A003B0005342E08
:10829000302E3700800000350C00000000008030D8
:1082A000750000B1AD010000D4FEFF000400000025
:1082B00000200001900100010000199A99993F6087
:1082C000EA0000B03600000A00000064000000145C
:1082D000000000FFFFFFFFD00700000010000019A2
:1082E00000000097511800FEFFFFFF0000FF000094
:1082F000000400000000FF0008000008000000006B
:10830000200000F8FF0000E71F0300040000000247
:10831000000000010000000006FFFF000000000553
:108320000000001027000035210000100000009818
:108330003A00000000000048E80100F4010000A736
:10834000190000900100000600000000409C45005C
:1083500000803A000020410000FA43018089440077
:10836000247449018000001E000000030000000C7E
:1083700000000060F0FFFFC8000000010000800066
:108380004800000001000080000000881300003257
:1083900000000019E0FCFF0B000000004000002B73
:1083A000040C00E2040000E8030000E903000030D0
:1083B00000000002000101030A0404C082C083120D
:1083C000158C9016B3743EF0A37424F09016B57417
:1083D00044F0A37424F09016B7744AF0A37424F008
:1083E0009016B97450F0A37424F002B0F674F7122A
:1083F0000BD99016A7E4F0E99016A6F07C7E7D16C6
:108400007AA87B16121CCA901989E09016B0F090D9
:1084100016B17468F0A3741602938374F0120BD92A
:10842000EAFEEBFF5480700302858C9016A612942E
:10843000187003028585EA241B12AC83707CEA2441
:108440001F12AC8364137002A3E0706E8A828B8368
:108450001285DA9016C112A215750A00750B0080FC
:108460000D12925912C2F5121BE0AA0EAB0FEA4B85
:1084700060488A828B83E0650C7004A3E0650D7010
:108480002C8A828B83A3A3A3A3E0F50EA3E0F50FB0
:10849000E50A450B8A828B83A3A3A3A360C312952D
:1084A0005B850A82850B83A3A3A3A380B78A0A8B6B
:1084B0000B8A828B8312A21180B4E508242A12ACA5
:1084C00083FCE5082402F8E43509F9E8FAE9FB90B1
:1084D00016C11286C1A3A3E06402703C8A828B831A
:1084E00012A215800B88828983A3A3A3A312955B94
:1084F000E849601F88828983E06A7003A3E06B709B
:10850000E488828983A3A3E06C70DA90198F12AF9C
:10851000B3806BECF912247A850882850983E064C4
:1085200001704FE50824181285C31211D812B89DA6
:10853000120FABE50824121285C31211D8E50812F8
:10854000940C1211D4E508240B12B8A1120FAFE558
:108550000824171293A9E5082402FCE43509FDE577
:10856000082419FAE43509FB122CAE740A1211B171
:10857000800CE064027007AA08AB09122558AA080B
:10858000AB09121B4AEEFAEF6480802DEA540260B8
:108590000C9019EE7401F0EA6402FA8023EA5408A0
:1085A000601A122474EA4B700B9016C312B7787AD3
:1085B000081285D0EE6408FAEFFB80047A007B0095
:1085C00002BF27F582E43509F583E0F50A780A222F
:1085D000FB9016A6E0F9121CA022A3A3E0F50CA3C1
:1085E000E0F50D227B009016A6E0F9121C947404AD
:1085F0002274F4120BD98A088B098A828B83A3A375
:10860000A312A00D1293B438F583E02409FA12BE28
:10861000BF70030286B48A828B83740212A08285A3
:1086200008828509831286C1E8F0A3E912BB398A62
:10863000828B83A3A3A3A3A3A3A3A3F0E50824038E
:10864000F8E435091286B61293B43AF583E08E82C7
:108650008B83A3A3A3A3F0EE2409FAE43FFB8E824D
:108660008F83A3A312B265F5838882E0A2E58E8290
:108670008F83A3A3A3A3A3500474018001E4F0E5B6
:10868000082403F582898312A215EA12A7963BF506
:108690008312BE861211D01293B33B12B3578E824F
:1086A0008F83A3A312D0351211B1EEFAEFFB90160F
:1086B000A612BF0C8016F98882F583E0FAA3E0CAFF
:1086C0002212A3B2A3A32274021211B17F04020FDB
:1086D0002674F2120BD98A088B09ECFAEDFB740EA2
:1086E0001214F5E0FC1215C28A0C8B0DAE0CAF0D06
:1086F000EA4F6030AC08AD091215B0E96026AC084D
:10870000AD09EEFAEFFB1215B6E970148E828F8375
:10871000129548FAEFFB1215AAAA08AB091215DA4E
:108720007900800279B402A30174F0120BD974F6B7
:10873000121264EAFEEBFF8C088D09750FB38521D8
:1087400082852283E4F0750E008002050E90335C72
:10875000E493F8E50EC3984003028850AA0E7B000C
:108760001215FE8A0A8B0BEA4B60E08A828B83A388
:10877000A312885728F0F8C3EE98EF940050CC7CF1
:10878000157D007900AA08AB09121B32850A828583
:108790000B83A3A3A3A312C332E0F8EEC398292549
:1087A000E0F8E433F9E50A28F582E50B39F583A30F
:1087B000A3A3A3A3A31293BEA312ADDA8A0C8B0DBD
:1087C000AC0CAD0DAA08AB09121CCA850A82850B38
:1087D00083A3E06401700A12B89D74011293D080E3
:1087E000447401121244850A82850B8312A213126B
:1087F00015E6E9603D74091214F5E0C0E012B89D79
:10880000D0E0F074091214F5E064037013740112DF
:108810001244E508240BFAE43509FB121CCA801245
:1088200074011214F512955BE50812ADC0350912FA
:10883000C2F3850A82850B8312B8A91293D0A3A331
:10884000E0C0E0E508241412B8A1D0E0F0750F00F4
:10885000A90F740A02BF24A3A3A3E0F8852182858F
:108860002283E02274F7120BD9E9FE8A828B83A35C
:10887000A3A3A3A3A3E0540860338A828B83A3A39A
:10888000A3A3A3A3E0540260218A828B83A3A3A3A2
:10889000A3A3A3A3A3A3E06406600F74E96E600A18
:1088A00074CD6E600574F06E700312245C029C003F
:1088B00074F0120BD974EF121264740F1214F512C3
:1088C000B65C74081214F5E9F0ECFEEDFF740512C5
:1088D00014F51299C8129BECA3E0F91215CE740698
:1088E0001214F512B65C74061214F512A827700360
:1088F000028B6B1293F8E0FA74061214F5E0F91289
:10890000239C128BCBF8A3E0F9E8497003028B6B30
:10891000EE2403F50AE43FF50BEE2406F508E43FE8
:10892000F5097C00850882F58312A215850A8285E7
:108930000B83E0F91215D474031214F512B65C859A
:108940000A82850B83E0C0E0852182852283128B19
:10895000C4D0E012A93CF98521828522831292605D
:1089600012A48E12885AFAA3E0CA2407F582E43AC8
:10897000F583E8F0A3E412B6672406F582E438F53F
:1089800083E412C2FF12A0011211D0EE1293B43F81
:1089900012B35774031214F512A00D240912D02F2C
:1089A0001211B174291214F512C32C1286BB12A92C
:1089B0004F3A12C2F3742B1214F5E0C0E085218205
:1089C00085228312A7EED0E0F074021214F5E4F0D1
:1089D00074251214F57808121482028AC2740312E4
:1089E00014F512B31F8882F583128BB3A3A3A312CD
:1089F000ADE5FB1215EC850E82850F83A3EAF0A38B
:108A0000EBF074031214F5128BC4A3128BB312AFE4
:108A1000F4A2E6500F850E82850F83A3A3A3A3A320
:108A2000E0D2E1F074051214F5E0706B850E8285DA
:108A30000F83A312955B901701E0687003A3E069B0
:108A40007055850E82850F83A3A3A3129393750C93
:108A500000780C1211D878081211CC74291214F570
:108A6000E0F50C780C1211D874271214F5120FAF20
:108A700090170E120FAF790074191214F512A1E5B8
:108A80001225A0740A1211B1850E82850F83A3A34B
:108A9000A3A3A3E04405F074021214F5E004FC8ED5
:108AA000828F8312A20F8E828F83A3A3A3E0F91279
:108AB00015D474031214F512B65C74021214F5E0A6
:108AC00004F074031214F512A827606774021214DC
:108AD000F5E0FA74061214F512955BC3EA98E4996E
:108AE000505174021214F5128E9D852182852283C5
:108AF000E028F8A3E039F9E8240FF50EE439F50F82
:108B0000850E82F583E4F074031214F5128BBE64B3
:108B10000160030289DD74051214F5740112BF129D
:108B2000F074031214F512B0E6128EC0E8F0A3E957
:108B3000028A0185218285228312A2151223A28531
:108B40002182852283120FAF74261214F5E0FD7482
:108B5000251214F5E0FC740A1214F5E0F9EEFAEFB0
:108B6000FB12245674021211B180438E828F83A3AC
:108B7000A3A3E0C0E0740C1214F5D0E0F012BD7BAA
:108B8000E0C0E0740D1214F5D0E0F074061214F594
:108B900012A8277009740E1214F574B98007740EA8
:108BA0001214F57410F0740912123C12259A741103
:108BB00002BF24E0850E82850F83A3A3A322E012C7
:108BC000A914E022E012A914A3A322852182852200
:108BD00083EAF0A3EB12A8302274F0120BD974E1EF
:108BE00012126474041214F5E9F074031214F5EC13
:108BF000F074021214F5EDF08A0E8B0F742F12141C
:108C0000F51285DCAA0CFB12239074011214F5E90D
:108C1000F0AA0CAB0D12239674011214F5E0700348
:108C2000028E98852182852283E480158E828F832F
:108C3000A3A3A3A3A3E0D2E3F0852182852283E04E
:108C40000412BE6AF8852182852283E0C39840031E
:108C5000028E8F74011214F5E07003028E8F85214D
:108C600082852283128E9DE50C28F8E50D39F9E8FE
:108C7000240FFEE439FF8E82F583A3A3A3A3A3E010
:108C8000A2E040B5750800750A08750B0074021261
:108C900014F5E060037508207C087D0079007405F8
:108CA00012123C121B328E828F83E0603E9017516D
:108CB000E06401701AE508D2E3F508750B10128E16
:108CC000AD1214F5E8F0A3E912ACD874FF80764336
:108CD000080C750A0C8E828F83A3128EB812C2F50F
:108CE00074051214F574FFF0A3805A74041214F57D
:108CF000E06009E508D2E6F508750A0A8E828F83DE
:108D0000A3E064FE7003A3E0F4703074121214F553
:108D1000740412B8C7F8741D1214F5E812A0827416
:108D20001212123C1222BE7D007C007900741512D2
:108D300014F5AA82AB83122078800B128EAD121428
:108D4000F5E8F0A3E9F074071214F5E508F01293C2
:108D5000EFC0E074091214F5D0E0F0740A1214F5B3
:108D60007401F0740512123C12255E74111214F590
:108D7000E06003028E6D740D1214F512A9378E8215
:108D80008F83A3A3A3A3F0740D1214F512A050E5D2
:108D90000AF0A3E50BF074031214F5E0C0E0129F93
:108DA000E1D0E012AFF46011901751E0C0E0740D13
:108DB0001214F512A02BD0E0F0740D1214F51295D8
:108DC0005B850C82850D83A3A3A3A3A3128EA62487
:108DD0001C12B65612C30F128EA812AFA63912BDBE
:108DE0009AC0E0129FC8D0E012BE5FC0E0740D12BE
:108DF00014F5129B0ED0E012BB60C0E0740D12148B
:108E0000F5129B04D0E0F0740D1214F5128EB81216
:108E10008EA6242A12B656850E82850F83A3A3A39D
:108E2000A3A3A3A3A3E012B64F1293DEC0E0129A4D
:108E3000F0D0E0F0740D1214F512A215850E8285A3
:108E40000F8312BE752428F582E43B12C2F31293FD
:108E5000E712BE861211D012B350EA12B5E83B12E7
:108E6000D0331211B1740512123C1225648E828F18
:108E700083A3A3A3A3A3E0D2E0F074111214F5E03E
:108E80006003028C2C74011214F5E014028C387902
:108E900000AA0CAB0D122462741F02BF24E075F00F
:108EA00007A4F8A9F022A3A312A219E8228E828FA8
:108EB00083A312955F740522E0128EC0A3A3A322A0
:108EC000F8A3E0F9850E82850F83A32274F0120BBC
:108ED000D974E8121264E9852182852283F08A0E12
:108EE0008B0F8A828B83A3A3A3A3A3A3A3A3E0F9DD
:108EF0001223BA8A088B09EA4B7003028FA9E50E88
:108F000012A7AA12940712939E852182852283E0DC
:108F10006003028FAC7C04850E82850F83A3A3A31C
:108F2000A3A3A3A3A3E0F91223C0EE4F607B8E821C
:108F30008F83A3A3A3A312955B74071214F512B732
:108F40008D12955B74091214F512A0B2C0E0741171
:108F50001214F5D0E012BB3EA3A3A3A3A3A3A312B4
:108F6000955B740F1214F512C2F574121214F5E425
:108F700012BF1AC8241FF582E438F58312B31BC44C
:108F800013135403FC70027C048E828F83E0F97803
:108F9000081211D4742059FD744059F97403121247
:108FA0003C12245674021211B102BF227C08850EB5
:108FB00082850F83A3A3A3A3A3A3A3A3E0F91223F2
:108FC000C08B0BEA4B7003028F2AEE4F60DB8521CA
:108FD00082852283E0F50C780C1211D885088285F1
:108FE0000983A3A3A3A3A3A3A3E0F50C780C1211F8
:108FF000D88A828B83A3A3A3E0FB8A82850B83128A
:10900000CB528A82850B83E0FA8E828F83A3A3E002
:10901000F9122CB474021211B1028F2E74F7120BD4
:10902000D974FA121264E9FE780179017F00800395
:1090300079000F12A391E0FCEFC39C5026EF75F06E
:1090400007A4FC85F008AD08EA2CFCEB3DFD129965
:1090500080E0A2E050DA540C60D6E0A2E250D3786F
:109060000080CF8A828B83A3A3A3A3A3A3E0703D38
:10907000E9A2E0400574016E70338A828B83A3A35A
:10908000A3A3A3A37401129370E0C0E074031214AD
:10909000F5D0E01299DFE0C0E074041214F5D0E0DE
:1090A000F074051214F5E812B2BA12259A74060289
:1090B0009BFDC082C083790112246202B0F674F471
:1090C000120BD9EA4B9019EE6019E4F08A088B096B
:1090D000F50AF50B78081211CC7A021285E4121108
:1090E000B1800A7401F07A027B001285D10286CC2D
:1090F00074F0120BD974F312126474031214F5E4B1
:10910000F0A3F09016C112939E74011214F5E4F0CE
:10911000A312A08704F09016FBE0A2E35003029193
:10912000E312936474091214F51214C6740912142C
:10913000F578081214829016C3780812124C740540
:109140001214F5780812146412926774051214F55B
:10915000780812142550077A017B00029254740596
:109160001214F5780C12148290198EE0F509780C1F
:109170007908120B6AA80CA90D90198FE0C398E426
:10918000995003E08001E8852182852283F07409EB
:109190001214F57808121482C008C009C00AC00B66
:1091A00074051214F5780C121482129267780C79F7
:1091B00008120B6AE4F50AF50BD00FD00ED00DD0D3
:1091C0000C780C790812130C9016C3780C121464E6
:1091D000801112925912C2F5EEFAEFFB121BE0AEAB
:1091E00008AF09EE4F60658E828F83128857C3984F
:1091F000502DEE2403F8E43FF9E0FA88828983E0F9
:10920000C39AF0602374031214F51296C17401120C
:1092100014F5EEF0A3EF12B7A8FEA3E0FF80C48E12
:10922000828F83A3A3A3E4F08E828F8312CFEC748A
:10923000011214F512A8278E828F83A3A3A3A36023
:109240009112B7811214F51292608089740312147E
:10925000F512A215740D02BF2412955F9016C1225B
:1092600012B346A3A3A32290198D12CFF4E4F50AFA
:10927000F50B2274F0120BD98A088B09890A780041
:1092800079009016C112939EFBEE4B601E088E82F1
:109290008F83A3A3A3A312A1DF601008E8700109C4
:1092A0008E828F8312939AEA4F70E390199012A2E4
:1092B00015C3E89AE99B40030293577A0612935A22
:1092C000A80CA90DEA4970030293578A828B83E5A3
:1092D00008F0A3E509129379E50AF090198F12A31B
:1092E00099129370A3E4F0A3F09016C112A1DF606D
:1092F0000D8E828F83A3A3A3A312C2F580179016AD
:10930000C112C2F59016FBE0A2E3400912936490EB
:1093100016C31214C69016FBE0A2E3503A7A087BFB
:10932000009016A6E0F9121CA6EA4B4C4D7028904E
:10933000198DE0F508A3E085080CF50DE4F50EF5B0
:109340000F780C1211CC7A087B009016A6E0F91267
:109350001C9A74041211B102BF277B00121BDA8A17
:109360000C8B0D22121CB2EAF8EBF9ECFAEDFB22A1
:1093700012937422129379A322F08A828B83A3A37F
:1093800022E508F0029C00F08E828F83A3A3A3A3A2
:10939000A3A32212AC91A3A3F022A3A3A3A3E0FE54
:1093A000A3E0FF227F05020F26F582E43509F5834D
:1093B000E0F922EA1293B8222410F582E4221293F3
:1093C000C6A3A3A3A32212956385088285098322DD
:1093D0001293D422F0850A82850B83A3A322E50E83
:1093E0002411129404E022E50E240E12940422E5C6
:1093F0000E2410129404E0221293FC22EE1293B871
:109400003FF58322F582E4350FF58322240FF50A18
:10941000E43509F50B780A22E0F9121B5C8A088B07
:1094200009EA4B2274F2120BD9890B8A088B098A3C
:10943000828B8312A215122486EA4B600479B880CD
:109440006A122492E9F890334EE493F9E8C3994004
:109450000479B280567A1512935AAE0CAF0DEA4FCA
:109460007004791080458A828B83E4F0A31293798B
:10947000E50BF0750A0078081211D07C127D00EA25
:10948000240312BE311211B19016C712A82770081A
:109490009016C7800C12955B888289831294AE70F7
:1094A000F4EEF0A3EFF01224A4790002A30112A2BB
:1094B00019EA4B8882898322C082C0839016C780B4
:1094C000048C828D8312CB53EC4D60288C828D836B
:1094D000A3A3E069600574FF6970E68C828D83A3A5
:1094E000A3A3E06A7003A3E06B70D6EC2403FAE454
:1094F0003DFB80047A007B0002B0F674F7120BD9B2
:10950000E9FD74FE6D70047C0180027C009016C73A
:1095100080096D70027C018882898312A827601FF0
:1095200088828983A3A3A3E06A7003A3E06B70E73A
:10953000ECA2E088828983A3A3E050D6F980027967
:10954000FE029C00EEF9800CA3A312CFF4EE22746D
:10955000021211B17F02020F26F58312955F2212CB
:10956000956322E0F8A3E0F9221295638E828F833F
:10957000221211B17F03020F26C082C083790090AE
:1095800016C7800109E0FAA3E08A82F583E58245E7
:109590008370F102B0F674F6120BD9E4F508F50900
:1095A00078081211D490334EE49375F013A4A9F007
:1095B0001296B612C3531211B1E9FE74096E70030C
:1095C00012249E02954474F6120BD974FE12126492
:1095D000852182852283E4F0A3F0A821A9228808AE
:1095E000890978081211D4750802750900780812E3
:1095F00011D412BFC41211B102954F74F5120BD9D8
:1096000074EB121264852182852283E4F0A3F0902A
:1096100016C780748E828F83A3A3E0C0E074021209
:1096200014F5D0E012ACD8A982AA8389088A0975FA
:109630000A0078081211D07C127D0074061214F50D
:1096400012C3181211B174021212348808890978F1
:10965000081211D475081375090078081211D47412
:10966000041214F512A7CA75F013A4F8AAF075F045
:1096700013E91296B212BFCC1211B1852182852254
:10968000831296C18E828F8312939EEE4F7085A8AF
:1096900021A9228808890978081211D47508027551
:1096A000090078081211D412BFC41211B174150246
:1096B0009571A42AF9E82402FCE439FD7A427B0082
:1096C00022E02401F0A3E03400F02274F4120BD95C
:1096D00074EB1212647E007F00A821A922880889F9
:1096E0000978081211D47508028E0978081211D46D
:1096F0007C007D007A4212C35F1211B1E9706C8E5A
:109700000880567402121234880A890B780A1211E2
:10971000D4750A13750B00780A1211D4E50875F098
:1097200013A4F8AAF075F013E5091296B212C361FA
:109730001211B1E9701B74031214F5AA82AB837481
:10974000021214F5E0F9122480E970050EEE7001A2
:109750000F0508E50870020509852182852283121C
:10976000955BC3E50898E509994098EEFAEFFB741C
:10977000150286C974F6120BD98C828D83A3A312AD
:1097800099CDF0EA12B5EE3BF583E0C0E012998A7C
:10979000D0E0F0EA241DF582E43B12955912996E4F
:1097A0001299C8F0A3F0EA241FF582E43BF5831276
:1097B000939EEC1299613DF583EEF0A3EFF01299C0
:1097C000673BF583129998A3A3A3A3A3A3EEF0A3E9
:1097D000EF12B249FE8C828D831299D774035EFE1C
:1097E000C394034003029954EE600874026E600350
:1097F0000298798C828D83E0540CFE740C6E700399
:109800000298B8E0A2E4400D88828983E08C828DC2
:1098100083A31299ED74086E60030298B8129978C8
:109820007401F08A828B83A3A3A3A3A312AC9E70BE
:10983000148C828D83E0440C1299DFA3A3129998B3
:10984000EEF0A3EFF08C828D83E0A2E4402B8882BF
:109850001299A61299BB500109F5821299A6A3A3E9
:10986000A3A3A3A3F0A3EF1299E78C828D83A3A3F4
:10987000A3F0E82403F850010988828983E0C0E05E
:10988000EC2411F582E43DF583D0E01299D78C8267
:109890008D83E0A2E7507588828983E0FE8C828DFB
:1098A000831299ED74FC5E700C8C828D83A3E0545E
:1098B000036403701E029954129978E4F0740C6EDC
:1098C000600302982388821299AC1299BB50010957
:1098D0000298458C828D83A3E0540360328882898C
:1098E00083E0C0E0EC1299923DF583D0E01299EE4E
:1098F0008C828D83E054036402701488828983E033
:10990000C0E0129980D0E01299EE8003A3E4F0EC5D
:1099100012A7963D12C2F3EC2410FEE43DFFEA24A8
:109920001DF582E43BF583E0F5088E828F83E0C36A
:10993000982508F508F0EA2417F8E43BF98882F541
:1099400083E0C39508C0E012996ED0E012B249C31B
:109950009508500A12996EE4F012998AE4F0029583
:10996000542415F582E422EA240DF582E422EC2445
:109970000DF582E43DF58322EC12A94F3DF58322DB
:10998000EC2414F582E43DF58322EC1293B83DF506
:1099900083222413F582E422E0FEA3E0FF8C828D73
:1099A00083A3A3A3A3221299ACA3A3228983E0F5E6
:1099B00008A3E0FFE5088C828D8322A3A3A3A3F074
:1099C000A3EFF0E82402F8221299CDA322E4F08C50
:1099D000828D83A3A3A3221299F5A882A9832212C0
:1099E0009374A3A3A3A3221299F5A3E022A312992F
:1099F000F508A9832212B252A32274F4120BD9746F
:109A0000F31212648A0A8B0BECFEEDFF8C82F58355
:109A1000E0540CF508E0A2E75006E508D2E7F508A7
:109A2000E508D2E1F50812AC9E7006E508D2E4F52F
:109A300008E0A2E55006E508D2E5F5087C087D00BF
:109A40007900AA21AB22121B3274021214F5E50828
:109A500012C2F9C0E074031214F5D0E012A087E539
:109A60000AF0A3E50BF074051214F512BB6512148D
:109A7000F5E0707774081214F512A00D12B23B389D
:109A800012BB80C0E074081214F5129B0ED0E012D5
:109A9000BB60C0E074081214F5129B04D0E0F074AF
:109AA000081214F5129AFAE012A03512A0B612B6F6
:109AB0004FEE241112AC6AC0E0129AF0D0E0F0EE42
:109AC000241412AC6AC0E074081214F512A00D241C
:109AD00035F582E438F583D0E012A05AC0E074086E
:109AE0001214F512A011D0E012B8B9740D0286C993
:109AF000E82432F582E439F58322129569A3A3A301
:109B0000A3A3A32212A02112BD5F38F5832212A0C5
:109B1000212426F582E438F5832274F7120BD97ECE
:109B2000008A828B83A3A3A3A3A3A3A3A3A3E0641C
:109B3000046003029BDC12A947E06003029BDC1275
:109B4000A7A93B12A8257003029BDC88828983E0C9
:109B500054036003029BDCE812A94F39F583E0FA55
:109B60008C828D83A3A3E0FBA3E0CB2411F582E4D8
:109B70003BF583E06A706588828983A3A3A3A3A3CE
:109B8000A3A3A3A3129BE0E06A7003A3E06B704C55
:109B900088828983A3A3129BECE0FFA3E0CF240675
:109BA00012AC6A6A7003A3E06B703188828983A368
:109BB000A3E0F88C828D83A3A3E0F9A3E0F5838969
:109BC00082A3A3E06860138C828D83A3A3A3E0F536
:109BD000838982E0540C640470027E01EEF98020D7
:109BE000129BE42212A21D8C828D8322A3A3129BBE
:109BF000E4A3A322740C1214F5E0F9740D1211B150
:109C00007F01020F2674F6120BD974FC121264EA5B
:109C1000FEEBFFECFAEDFB8C82F583A3E0540360CE
:109C2000169016BD12A82760597900EEFCEFFD12C0
:109C3000B446122CE0804B852182852283EEF0A36E
:109C4000EFF074021214F512A07CAC21AD227ABCA4
:109C50007B241226E48A088B09A808A909EA49602E
:109C6000218A828B83A3A3A3A3A3A3A3A3A3740684
:109C7000F07A0088828B8312A00D12B60FE0F912E1
:109C80002642740402955174F2120BD974F3121225
:109C900064EAFEEBFF8A82F583A3A3A3A3A3A3A395
:109CA000A3A3A3E0F50A9019EEE0700579BA029F2C
:109CB000C5750801750900750C00750D007C087DDF
:109CC000007900AA21AB22121B3274051214F5741C
:109CD0000112A08F5404601274021214F5E0D2E64F
:109CE00012A08F54087003750803E05410600674C6
:109CF000404508F508E05408602274021214F5E0AB
:109D000044C012A08F5420600A74031214F5E0D2EC
:109D1000E0800874031214F5E0D2E1F0EE2415128D
:109D2000AC6A129FF57003740169700674084508E7
:109D3000F5088E828F83A3A3A3A3A3A3A3A3E0709C
:109D40001612273E85218285228312B65C74021288
:109D500014F5E0D2E28030640F701074021214F532
:109D600012A09774044508F508807F8E828F83A324
:109D7000A3A3A3A3A3A3A3E064028E828F83700A8C
:109D800012C32CE8F0A3E9F08060A3A3A3A3A3A3CC
:109D9000A3A3E06403700DAC21AD22EEFAEFFB1239
:109DA00024F280468E828F83A3A3A3A3A3A3A3A39D
:109DB000E064017035901751E0601074021214F5E0
:109DC00012A097750910750AFF801874021214F515
:109DD000E0440C12A08774FDF0A374FFF0740445F6
:109DE00008F5088E828F831285DCEE241512AC6A8A
:109DF000A2E0503F74021214F5E0540C701B8E82E6
:109E00008F8312A21512213EE9700579BB029FC50E
:109E100074021214F5E0D2E5F0EE241512AC6AA239
:109E2000E0501074021214F5E0540C64047004E065
:109E3000D2E5F0EE241112AC6AC0E074041214F5FD
:109E4000D0E012BB671214F5E06003029FBE7408F5
:109E50001214F512A050E508F0A3E509F0129FEBEB
:109E6000E0C0E0129FE1D0E0F0129FD2E0C0E074C9
:109E7000081214F512A00D12999238F583D0E01251
:109E8000A0B664017011901751E0C0E0740812147C
:109E9000F512A02BD0E0F074081214F512A04B12AA
:109EA0009FDCFAE8241CF582E439F583EA12A082EB
:109EB000EE2415FAE43FFB8A82F58312CB53E812B5
:109EC000AFA639F58312A07CEE241C12AC6AC0E068
:109ED000129FC8D0E012B0EC129FF57003740169B4
:109EE000701374081214F512A937FAEE241D12AC7F
:109EF0006AF91223C68E828F83A3A3A3A3A3A3A36D
:109F0000A3A3E0C0E074081214F5129B0ED0E0F099
:109F100074081214F5129B04E50AF074081214F583
:109F200012A7CA2428F582E439F583E50CF0A3E5ED
:109F30000D12A06212A03512ACE312B64FEE129FC2
:109F4000DCC0E0E82433F582E439F583D0E0F0EEBC
:109F5000241B12AC6AC0E074081214F512A011D0D0
:109F6000E0F0EE241A12AC6AC0E074081214F51284
:109F7000A00D2432F582E438F583D0E012A05A1205
:109F8000A0011211D012BD6512CB53740B1214F53F
:109F900012A00D242F12D02F1211B1EE241512ACE5
:109FA0006A544060129016DD12A827600AAA21ABFD
:109FB0002212B446122CE0AA21AB22122564740CA2
:109FC0001214F5E0F902A2FCE82420F582E439F548
:109FD0008322EE2419F582E43FF5832212BD74E05A
:109FE00022E82412F582E439F58322EE2418F58262
:109FF000E43FF583225480F8A3E05401F9748068AB
:10A0000022F508A3E0F509750A0078082212A021BC
:10A010002212A0212434F582E438F58322A3A3A3DD
:10A02000A312A02522E0F8A3E0C82212A0211299D1
:10A030006138F58322FAA3E0FBE8242AF582E439AB
:10A04000F583EAF0A3EB22A3A3A3A312955FEE226C
:10A0500012A7CE12A7AE39F58322F0EE241312AC6C
:10A06000EB22F0EE240D12ACEB22E0FC8A828B8313
:10A07000E02CFCA3E03400FD8A828B83ECF0A3ED9E
:10A08000F022F0A3E4F022F085218285228322F0E1
:10A09000EE241512ACEB22E0D2E3F012A09F228E48
:10A0A000828F83129563852182852283E8F0A3E95C
:10A0B000F022E8F0A3E912B7A2E02274F7120BD95C
:10A0C0008A828B83A3E0640170047E6380027E64D5
:10A0D0008A828B83E06008790512A0EF24F3FE905A
:10A0E00016F9E06007F912A0EF24F2FE029BDC12E1
:10A0F000260CE9F8EEC3982274F6120BD974FE12FE
:10A10000126485218285228312B65CE9FEECFAEDA9
:10A11000FB9005C212A8276032A821A922880889CD
:10A120000978081211D47D01740E1214F5E0FCEECA
:10A13000F99005C212B630122CE074021211B1EA85
:10A140004B60047900800679B2800279B602954F9F
:10A1500074F7120BD9E9FE9016B312A827601F748A
:10A16000091214F5E0F50878081211D8EEF99016E6
:10A17000B312B630122CE074011211B1800279B61C
:10A18000029C0074F7120BD98908ECFEEDFF79B53B
:10A19000E508245E602014600624F86034803D9059
:10A1A00005C412A1DF603512C370122CE08E828FBD
:10A1B0008312B65C80249016B512CB53EC4D601C14
:10A1C000EEFCEFFD9016B512B630122CE0E9F980E6
:10A1D0000B9016B112A1E5121CCA7900029C001264
:10A1E000A219EA4B2212CB57EEFAEFFB2274F712B8
:10A1F0000BD9E9FE79B574AB6E700B9016B112A253
:10A2000015121CCA7900029C008E828F83A3A3A31F
:10A21000A3A3A3A3A312A2192212A21D22E0FAA3B0
:10A22000E0FB2274F1120BD9EAFEEBFF8C0A8D0BD6
:10A23000750801901701E06E7003A3E06F700C12B7
:10A24000A2F0AA0AAB0B121CCA805E122744EE6A67
:10A250007002EF6B7009AA0AAB0B12274A804AAC56
:10A260000AAD0BEEFAEFFB12229AE9F50890199568
:10A27000E07036122BE8E97030E508702C9016D1AA
:10A28000E06E7003A3E06F7020EE4F601C750CC988
:10A29000750D16750E00780C1211D07C087D00AA81
:10A2A0000AAB0B12C31C1211B1A90802CC4F74F2F5
:10A2B000120BD9EAFEEBFF8C088D09750A0112A278
:10A2C000F0EEFAEFFB121CC4E96401701190170163
:10A2D00012955B85088285098312C2F5800EAC0851
:10A2E000AD09EEFAEFFB1222A0E9F50AA90A8011E6
:10A2F0001227388A0C8B0DAC0CAD0D22740D121187
:10A30000B17F06020F2674F6120BD9EAFEEBFF7A34
:10A310000D7B00121BDAEA4B6062EE242412BFF9B7
:10A32000F0EE242512BFF9A312A3BE12BFFFA3A310
:10A3300012BD9212A399F0EE12A37F12A3AEE8F021
:10A34000A3E912A3D512A3A612C2F5EE12A3881296
:10A35000BE55A3A3A3A3F0EE243312AC6AC0E0124F
:10A36000A391D0E012BB8412A3A6A3A3A3E8F0A3F9
:10A37000E912A3CDC0E012A947D0E0F00295542421
:10A380002AF582E43FF58322242EF582E43FF5830B
:10A3900022EA12ADC03BF5832212A39D22E08A82FD
:10A3A0008B83A3A3A32212BEB4A3A3A3A32212A3AD
:10A3B000B2221295638A828B83A3A3A3A322F012F5
:10A3C000A3C322EE2426F582E43FF58322F0EE2497
:10A3D0003212ACEB22F0EE242C12ACEB2274F4120D
:10A3E0000BD974FE121264ECFEEDFFEC241612ACD5
:10A3F0006A64057010EC2406FCE43FFD1224ECE9CD
:10A40000700302A489AC21AD2212C0AE1221448592
:10A41000218285228312A827606B8E828F83E0645D
:10A42000017058E875F009A4F8AAF075F009E9A4DC
:10A430002AF9742828F8740439F9E8FAE9FB8882C3
:10A44000F5837808121482EE12A52B1214254027EA
:10A4500085218285228312A04B12AC7812A48E78BB
:10A460000812148290831378081213A88A828B83AF
:10A470007808121464800A79A28010EE240F12C2A8
:10A48000EF7900800679A1800279C80286C712A000
:10A49000ACEE12BD802274F2120BD98A0C8B0DEC3B
:10A4A000FEEDFFEC12AC78E4F0A3F09082D37808D4
:10A4B000121482EC12A52B1212CF6067EC240E123C
:10A4C000AC71703478B39016F8E0702890172AE0D9
:10A4D00064017020EC241112AC6AF91225F48B0986
:10A4E000A909EE12A7AA3F12B65AEA4960047800F9
:10A4F000800278A18808802EE060046402700A124D
:10A5000024FEE9F5087007801DE064037010EEFC7E
:10A51000EFFDAA0CAB0D122168E9F508800875085B
:10A52000A180037508A3A90802A30112BD807808C1
:10A530002274F0120BD974F5121264EAFEEBFFEAF2
:10A54000240AFCE43F8C82F58312CFF012A7B47486
:10A55000031212448A828B8312B450E9700302A65C
:10A560001A7401121244740312123C122144740131
:10A570001214F512A827700302A61AE875F009A4B0
:10A58000F8AAF075F009E9A42AF9742428FC7404E7
:10A5900039FDE508240E12B8A1E4F0041214F512F6
:10A5A000955BE50812A7AA350912C2F38C828D8348
:10A5B0001214BAE508241212B8A11214C69083131B
:10A5C00078081214828C828D83780812135C8C8236
:10A5D0008D83780C1214829083A7780812148278E5
:10A5E0000C7908120B6AE5084509450A450B702AE3
:10A5F00074011214F512A7CA75F009A4F8AAF0752F
:10A60000F009E9A42AF9742C28F582740439F58339
:10A610007401F07A007B0812A7D78E828F83A3A3E0
:10A62000A3A3A3A3A3A3A3A3E02406FCA3E0340055
:10A63000FD8E828F8312B45012BB72603EEE240AEC
:10A6400012A79C12A050746812A082E812A7963933
:10A65000F5837402F09016E31214BA8C828D831283
:10A66000B64912B23B3CF5831214C69083137808A6
:10A670001214829016E3780812135C12A812705D0F
:10A680009016B112A7C2A3A3A3A3A3A3A3A3A3A39A
:10A6900012B271121CC4E9701012B22F9016B112CE
:10A6A000B241700512BB7260348E828F83A3A3A364
:10A6B000A3A3A3A3A3A3A312A7C212A21512216E40
:10A6C000E960118E828F83A3A3A3A3A3A312A7FE85
:10A6D000E4F0A3F08E828F8312A7E4E4F012A812B4
:10A6E000600302A7918E828F83A3A3A3A3A3A312C7
:10A6F000CFEC9016F8E0600302A78690172AE0647A
:10A7000001600302A786750A3A750B00780A1211D8
:10A71000D47402121234880A890B780A1211D412E6
:10A72000C5EB1211B1E9705BE508240E12B8A174F3
:10A730000112A82CC0E0E508241112B8A1D0E0F065
:10A74000E508240F12B8A1743A12A0829016DF1205
:10A7500014BAE508241212B8A11214C69083137813
:10A76000081214829016DF780812135C9083137815
:10A77000081214829016DF78081212CF700812A700
:10A78000D3800312A7B412A812700612B13274A1BA
:10A79000F0740B02BF24240EF582E422F8E43FF9A2
:10A7A000E8FCE9FD8882F58322EA12A7AE22240F95
:10A7B000F582E422E50812A7AE3509F583E4F0A39B
:10A7C000F02212CB578E828F832212A7CE221295AF
:10A7D00063E8227A007B02901587E0F9121B86223B
:10A7E0008A828B83A3A3A3A3A3A3A3A3A3A312A738
:10A7F000F22212A025240EF582E438F58322A3A3C9
:10A80000A3A312A8062212A025240FF582E438F58E
:10A8100083228E828F83A3A3A3A3A3A312A01D24AC
:10A820000FF582E438F58312A7CE492212A8302210
:10A83000F0852182852283E02274F6120BD9EAFE8C
:10A84000EBFF7A237B00121BDAEE240AF508E43FC3
:10A85000F50985088212B65A7C237D007900121B07
:10A860003285088285098312A827700302A8FAEEB0
:10A87000FAEFFB12250A12A81260748E828F8312DF
:10A88000A92D64018E828F83A3A3A3A3A3A3700722
:10A8900012A923740E802112A827701012BB7270A7
:10A8A0000B8E828F83A3A3E0A2E0500712A9197434
:10A8B0000D800512A919740512BB8454036401703C
:10A8C0000712A9017405800B9016F9E0C0E012A9E7
:10A8D00001D0E012A93CF583888212AC97850882EA
:10A8E00085098312A00D12B5EE38F583E9800E8537
:10A8F000088285098312B6D3800312B616F002953A
:10A90000548E828F83A3A3A3A3A3A3A3A3A3A31261
:10A91000A91322E012B635A3228E828F83A3A3A3AC
:10A92000A3A3A312A01D12B5F438F58322A3A3A3F9
:10A93000A3A3A3A3A3A3A312A7F2E02212A94022D8
:10A9400012C0C3F8A3E022EA12A94F3BF5832224E8
:10A950000CF582E42274F1120BD974E41212648AA9
:10A960000C8B0D8C088D097A237B00121BDA8A0A66
:10A970008B0BAE0AAF0BEA4F700302AC5212B5FA62
:10A98000E508241512AC83687003A3E0698E828FFA
:10A99000837004740280027401F0E508240DF8E469
:10A9A0003509F98882F583E0FAC3E49AFA95E0FB69
:10A9B00012AC7F2AFAA3E03BFB8E828F83A3A3A372
:10A9C000A312B2588E828F83A3A3F0EE2420F582C7
:10A9D000E43FF583E4F0EE2421F582E43FF583E4DF
:10A9E000F0EEFAEFFB1225BE85088285098312ACD2
:10A9F0009E70098E828F83A3740580069016F912CB
:10AA0000AC8CF0EE2417F50AE43FF50B8E828F83B1
:10AA100012AC97E9850A82850B83F0EE2416F8E4E0
:10AA20003FF9E508240EFAE43509FB888289831290
:10AA3000A06AE5082410FAE43509FB850A82850B33
:10AA400083E0FC88828983E0F88A828B83E0C39864
:10AA5000C39CF812ACD8F0EEFCEFFDAA0CAB0D12C3
:10AA60002504E9F50B8E828F83E06402700612B232
:10AA70002F12AC5CE50B600302AC49750C00750D40
:10AA800000901995E064016005E06402703F12AC2B
:10AA90006E6008EE242112AC7170328E828F83A317
:10AAA000A3A312B61C12ACA4EE241612AC6A12AC0C
:10AAB000CDFAE439FB12935CEA4B601112BE7E12B0
:10AAC00011D012ACB2AA0C12C31C1211B1EEFAEFE3
:10AAD000FB1225CAE9F50B901995E064016008E0C6
:10AAE0006402600302AC3CE9700302AC3CE50C4537
:10AAF0000D700302AC498003850E0B12AC6E600B27
:10AB0000EE242112AC71600302AC42850B0E850C61
:10AB100008850D09750A0078081211D012ACB28EA2
:10AB2000828F83A3A3A3A312D0351211B1EE2420E8
:10AB300012AC6A600D12AC77746812A082EE242009
:10AB40008015EE242112AC6A601512AC777403F004
:10AB5000A37401F0EE2421F582E43FF583E4F0EEE6
:10AB6000FAEFFB1225CAE9F50B70907C137D007992
:10AB700000740912123C121B32741A1214F574017B
:10AB800012ACE364687002A3E0704F8E828F831270
:10AB9000A7FEE06405600302AAF87C0879FF8E82B4
:10ABA0008F83A3A3A3A3E0242A12B274121BBCE9CF
:10ABB000700302AAF87C087D0079FF740112123C30
:10ABC000121B3274011212447A007B0079AB1224FA
:10ABD000E674191214F574FC801512AC77E0640366
:10ABE0007004A3E06401700874191214F574FFF086
:10ABF000E4F508F50978081211D4740212124474AD
:10AC0000131214F5AA82AB8312B7591211B1852120
:10AC100082852283E0602B74091212348808890926
:10AC200078081211D475081375090078081211D428
:10AC30007C007D0012BFCC1211B18006E50C450DE1
:10AC40006007AA0CAB0D121BE0EEFAEFFB121BE043
:10AC50008003750B10A90B741C02CC4CEE2406FA71
:10AC6000E43FFB121CCA22EE240C12ACEB22EE24B1
:10AC70002012ACEB640122EE12A7AE3FF58322E571
:10AC800008240EF582E43509F583E02212AC91A385
:10AC900022E08E828F8322A3E0F912260C22E05458
:10ACA0000364012212ACA822E0FAE82AF8E4340096
:10ACB000F9228E828F83A3A3A312B62012ACA8EE32
:10ACC000241612ACEB12ACCDFCE439FD22FAE82AD2
:10ACD000F8E439F9E824042212ACDC2212BB93A375
:10ACE000A3A322F012ACE822EE240FF582E43FF594
:10ACF00083E022790102117E74F4120BD9EAFEEB93
:10AD0000FF8A82F583A3A3A3A3A3A3A3A312A00DE9
:10AD10002424F582E438F58312AC9E702E8A828B4F
:10AD20008312A92D702512ADC6E06405701D12AD09
:10AD3000C6A3E0F87401686005740668700712A77E
:10AD4000E07402800512A7E07403F0EA240A12B648
:10AD5000C712B630E4F0EA2408F8E43F1286B624BD
:10AD600031F582E43AF583E0C0E012C367A3A3D0D3
:10AD7000E012ADE5CA242EF582E43AF583E0C0E0A6
:10AD800012C367A3A3A3D0E012B30BC812ADC0389F
:10AD900012955912C36712ADDA8A0A8B0BAC0AAD51
:10ADA0000B85088285098312B271121CCA8508823C
:10ADB00085098312A2151225CA12B6C2F00286CCEA
:10ADC000240BF582E4228A828B83A3A3A3A3A3A3EB
:10ADD000A3A312BB59F583888222A3A3A3A312A025
:10ADE000AC1227382212B24DFAA3E02202ACF3C013
:10ADF00082C0839016D37410F0A37425F09016D5FA
:10AE0000741CF0A37425F09016D77422F0A3742557
:10AE1000F09016D97416F0A37425F002B0F674F40D
:10AE2000120BD9EA2408FEE43BFF8E82F58312A7B9
:10AE3000CA12B606E0F50874035508F50912B26C9B
:10AE4000F8A3E08882F583E508F0A3A882A983E54A
:10AE500009600974026509600302AF0B740C5508A0
:10AE6000FC600A74086C600574046C7026740265DA
:10AE7000097006E508A2E4401A8A828B83A3A3A383
:10AE8000A3A3A3A3A312B01112BD5F3D12AFACA345
:10AE900008A983740C6C701C12B00D242812AFF931
:10AEA0002428F582E43DF583A312B98DF0E824024D
:10AEB000F8500109740265097006E508A2E4404BE8
:10AEC00012B00D242A12AFF9242AF582E43DF5834D
:10AED000A312AFBB12B01712B98D12B017A312AFE5
:10AEE000B3E82404F8500109EC600F74086C600AA0
:10AEF000740C6C600574046C701112B63D2426F558
:10AF000082E43C12AFACA3A882A9838A828B83A37C
:10AF1000A3A3A3A3A3A3A312AFDB54037014E50858
:10AF2000A2E1400E12B63D12AFA63CF583E054807C
:10AF3000600812AFC112AFAE80199016A7E0C0E052
:10AF400012AFC1D0E012AFEE8882898312AFEE0457
:10AF500012B252A3A882A983E508A2E750458E82C7
:10AF60008F8312AFDB8882898312AFF412AFE05473
:10AF700003603012B63D2434F582E43C12B98BF004
:10AF8000E508A2E1501D8A828B83A3A3A3A3A3A3F8
:10AF9000A3A31286BB2435F582E43A12B98BA3F041
:10AFA000E824030286CC241EF582E422F58312AF46
:10AFB000BBF02212AFBBA3A3A3F022E08882898357
:10AFC000228A828B83A3A3A3A3A3A3A3A3E0FCA3AE
:10AFD000E0CC2432F582E43CF58322E012AFE0229B
:10AFE000FCA3E0CC2425F582E43CF583E022F0903C
:10AFF00016A7E02212BB8FE022F582E43DF5831212
:10B00000AFBB12B0062212BB9312B011228E828FF8
:10B0100083E0FDA3E0CD22A312B006242CF582E448
:10B020003DF58322C082C0838A828B8312B0E6FC06
:10B0300074035CF98A828B83A3A37401F0E9600531
:10B040007402697061740C5CF8600A7408686005C9
:10B0500074046870137402697005ECA2E440098AF4
:10B06000828B83A3A37402F0740C68700A8A828BAB
:10B0700083A3A3E02402F07402697005ECA2E4400B
:10B08000258A828B83A3A3E02404F0E8600F740870
:10B0900068600A740C68600574046870098A828BA1
:10B0A00083A3A3E004F0ECA2E7502A8A828B83A357
:10B0B000A3E00412B0EC128BC5E0540360178A823F
:10B0C0008B83A3A3E004F0ECA2E150098A828B8376
:10B0D000A3A3E004F08A828B83A3A3E004F080168C
:10B0E00085218285228312A913A3E022F08A828B14
:10B0F00083E0221211B1D083D08202117EC082C0BF
:10B10000838A828B83A3A3A3A3A3A3A3A3A3A31232
:10B11000A82760098A828B83A3A312B11F80D7A3BB
:10B12000A3A3A3A3A3A3A312B12B2212A21D121B9C
:10B13000E02212B13622EE240CF582E43FF58322A0
:10B1400074F6120BD974F412126412B27BFCA3E0F1
:10B15000F5838C82A3E0C0E074021214F5D0E012F3
:10B16000B32912B31274041214F512C2F574021248
:10B1700014F5E06404701412B291241212B27474C3
:10B18000061214F512B258241A8035E064016005E5
:10B19000E064067039EA2402F8E43B1286B612B283
:10B1A0003B3AF583E0C0E074031214F5D0E012B22C
:10B1B00049241312B27474061214F512B258241BE7
:10B1C00012B31274081214F5E8F0A3E9802B740688
:10B1D0001214F5E4F0A312B28C241212B2747408A3
:10B1E0001214F512B265C8241AF582E438F583E02A
:10B1F000C0E0740A1214F5D0E0F074061214F512CF
:10B20000A827601F74061214F512A21512228EE9E7
:10B210006401700F12B22F74061214F512B2416459
:10B22000017007AA21AB221225A6740C02955112B7
:10B2300027388A088B09AC08AD09222412F582E46C
:10B240002212A219121CC4E92212B24D2212B252C9
:10B25000E022F0888289832212B25C22EAF0A3EB1A
:10B2600012B252E02212B25CF8A3E02212BBEDE06F
:10B2700022E02406FAA3E03400FB228A828B83A317
:10B28000A3A3A3A3A312C330E8F0A3E9F012B291E1
:10B290002212B33AE022C082C08374FD12126412FB
:10B2A000B2C0128BBFC0E074021214F5D0E012B22B
:10B2B000BA1225AC740302B0F3E4F0AA21AB222247
:10B2C0008A828B83A3A3A3A3A3A312A0A38A828BA6
:10B2D00083A3A3E022C082C08374FA12126412C353
:10B2E0002212B32FC0E074021214F5D0E012B30B97
:10B2F000F5838882A3A3E0C0E074051214F5D0E0C2
:10B3000012B2BA1225B2740602B0F312B24DF8A30B
:10B31000E022F8A3E03400F922A3A312B38D22E0C7
:10B320002402F8A3E03400F92212B24D24022212C2
:10B33000A0AC12B33A12B346E022EA2402F8E43B8E
:10B34000F98882F58322E0FAA3E0F5838A82A322BA
:10B35000E50E1293B8350FF583E0FC7D0022C08224
:10B36000C08312B381600A24FC600B24F9600C8056
:10B370000D1225408008122546800312254C02B08C
:10B38000F68A828B8312B38B24FB22A3A312B634DA
:10B39000E02274F6120BD974E4121264EAFEEBFF99
:10B3A00074011212448A828B83A3A3A3A3A3A312C2
:10B3B000B45074091212348808890978081211D41B
:10B3C0007402121244740312123C12B7591211B1D2
:10B3D000852182852283E06036741A1214F5E060BC
:10B3E000046401702A901688E070248E828F83A3F3
:10B3F000A3A3A3A3E070188E828F8312B44A603F88
:10B400008E828F83A3A3A312B446E0640760308EBC
:10B41000828F83A3A3A3A3A3A3A3A3E070148E820C
:10B420008F8312B319640560097A347B01121FDC23
:10B43000800DEEFAEFFB9016DB12B630122CE074A2
:10B440001C029551EEF912B6372212B38B64062214
:10B4500012A2191224EC2274F4120BD974FA1212EB
:10B4600064EAFEEBFF128BCB2408F582E43B12B6B4
:10B4700062240AF582E43812B66212B60F12B2B92B
:10B4800012253412B0E0F50812B5FA852182852222
:10B490008312C36DE0687003A3E069602EE508A223
:10B4A000E55028852182852283A3E0FB9016D312E4
:10B4B000B630122CE085218285228312A00D240A49
:10B4C00012A821700612B0E0C2E5F012AC6760036A
:10B4D00002B5E374031214F57436F074021214F515
:10B4E00012B61CA3A3E028C0E074041214F5D0E047
:10B4F00012ACD8A3A3E0C0E074051214F5D0E0129A
:10B50000B79BF8A3E0F9E849601BE812B5EE39F5FE
:10B5100083E0FAE812B5F439F583E02AF8740412EE
:10B5200014F5E028F0740312123C1222FA8A088BF8
:10B5300009A808A909EA49700302B5D88E828F8349
:10B5400012A21588828983A3A312B65CE812B23BCB
:10B550003912BB80C0E0E812B606D0E012BB60C072
:10B56000E0E82425F582E439F583D0E012B7A8C0DD
:10B57000E0E8242EF582E439F583D0E0F07402127D
:10B5800014F5E0FA12B26C2AFCA3E03400FDE812D4
:10B59000B5E839F58312A07CE82431F582E439F569
:10B5A00083EA12B79BFAA3E0FBEA4B6019E8242F69
:10B5B000FAE439FB8E828F83A3A312B64112B5F44D
:10B5C0003CF58312A06A8E828F83A3A3A3A3A3A3B7
:10B5D000A3A3E8F0A3E9800AEEFAEFFB12253A12E2
:10B5E000B616F074060286C9242FF582E4222417C9
:10B5F000F582E4222416F582E42212273E8A0A8B81
:10B600000BA80AA90B222424F582E439F58322121F
:10B61000A94F38F5832212B13674102212B62022B7
:10B62000E0F88E828F83A3A322EEFAEFFB9016D56B
:10B6300012B63422E0F8A3E0F5838882228A828B56
:10B6400083A3A3A3A3A3A3A3A3E0FCA3E0CC22FA18
:10B65000A3E0FBE8242CF582E439F583EAF0A3EBC0
:10B66000F022F583E4F0A312A830F8A3E0C8227416
:10B67000F6120BD9EAFEEBFFEA12AC68702812B69C
:10B68000B012A827600612B629122CE012AC67701F
:10B690000B12A2091222F412B6C28009EE2408127B
:10B6A000B6C712B6D3F0EEFAEFFB12253A02955464
:10B6B00012252E8E828F83A3A3A3A3A3A3A3A3A348
:10B6C000A32212B136E922F508E43FF50985088284
:10B6D000F5832212B12B850882850983E4F0A32229
:10B6E00074F4120BD98A088B09ECFEEDFF12B5FA3F
:10B6F000EE241512AC6A687003A3E069600EAA0814
:10B70000AB0912213EE9700479018011EEFCEFFDD6
:10B71000AA08AB099016D912B630122CE00286CCDA
:10B7200074F7120BD9EA4B701F7E007F0012B75FCF
:10B7300050247C107D00EE2404FAEF3401FB121C2F
:10B740006A0EEE70E80F80E57C107D008A828B83A4
:10B7500012B76F121C6A029C0012257674022290A6
:10B760003340E493F8740193F9C3EE98EF9922E023
:10B770002404FAE43401FB22E4F0A3F0A3F0A3F0E4
:10B780002212955F74012212A0AC74032212A0ACA5
:10B790008E828F83A3A3A3A3A3A32212B7A2A3A3E2
:10B7A000E022129387A3A32212ACDCA3E02274F060
:10B7B000120BD974ED1212648A0E8B0F8C0A8D0B4A
:10B7C0007EFF7FFF8C828D83E4F0EC4D6004EA4BBA
:10B7D00070077AFF7BFF02B88D750800750900803D
:10B7E0002474FF6E700374FF6F701274081214F5E6
:10B7F000AA82AB83122846E9700312B8920508E5C5
:10B800000870020509903342E493F8740193F9C378
:10B81000E50898E509995071A821A922880C890D9D
:10B82000780C1211D4750C13750D00780C1211D40C
:10B830007C007D00E5082411FAE5093401FB12C300
:10B84000611211B1AC0EAD0F74081214F5AA82ABDF
:10B8500083121CC4E964017088850A82850B837495
:10B8600001F074231214F512A1DF601AA821A92295
:10B87000880C890D750E00780C1211D07C137D0098
:10B8800012C31C1211B112B892EEFAEFFB7413023C
:10B89000BF24E5082411FEE5093401FF22E5082450
:10B8A00013F582E43509F58322E085088285098352
:10B8B000A3A3A3A3A3A3A3A322F0AA21AB2212258F
:10B8C00064221299F5E02212B8CB22129387E0226B
:10B8D00074F7120BD974F3121264EAFEEBFF740CC6
:10B8E0001214F5E4F07C08FDF9AA21AB2212B9820A
:10B8F000E06401600A8E828F83A3E0640470667442
:10B90000041214F57402F0740C1214F5E070538EE6
:10B91000828F83E085218285228312A082740212A5
:10B9200014F57421F074051214F512BB651214F5A8
:10B93000E0702F74081214F512BB50740812C3760D
:10B94000AA82AB8312B98D12B0EC6402700D12CBD7
:10B950004DE82402FAE439FB121CCAAA21AB2212D8
:10B960002564029BF48E828F83A3E06402700974C5
:10B97000041214F5740A808E740C1214F574B3F06A
:10B9800080E0121B328E828F83A322F58312AFBB1D
:10B99000A32274F4120BD974B61212648A088B09AC
:10B9A0008A828B83A3A3E06404600302BB1F901907
:10B9B00095E0700302BB1F12BB72600302BB1F74D1
:10B9C0000F1212447A007B0079AB1224E0850882C2
:10B9D00085098312CB53740F12123C122294E97022
:10B9E0000302BB1F7437121234880A890B780A12BB
:10B9F00011D4740212124485088285098312BB7720
:10BA00001211B1852182852283E0700302BB1F746D
:10BA1000471214F5E06401600302BB1F7427121281
:10BA200034880A890B780A1211D4750A10750B0034
:10BA3000780A1211D47C007D007A027B0112C36166
:10BA40001211B174011214F57403F0741712123448
:10BA5000880A890B780A1211D47429121234880AC0
:10BA6000890B780A1211D47C087D00740512123CEF
:10BA700012C2C61211B1740E1214F5E4F07C08FD66
:10BA8000F9740212123C121B3274021214F5E4F023
:10BA9000A3F074041214F57401F074071214F57411
:10BAA00001F074061214F5741AF0740212123C12AA
:10BAB000255E740E1214F5E07065740A1214F51206
:10BAC000BB26FEA3E0FF8E82F583740F12BB398E76
:10BAD000828F8312C37B1211D07C087D00741212F6
:10BAE000123C12C31C1211B1740F121244EE240244
:10BAF00012AC5F7417121234880889097808121181
:10BB0000D07C107D00EE240A12BE311211B17402F5
:10BB100012123C122564740E1214F5E0F9800279B9
:10BB2000C2744A0286C912BB2A2212BB2E2212A05C
:10BB30002512B5E838F583E02212BB3EE022F085FD
:10BB40000882850983A3A32212A2191227B6E9222B
:10BB500012BB59F98882F5832212BB2EF8A3E0228A
:10BB600012ACDCE0227401F0AA21AB2212255E7433
:10BB70000C2212258EE92212A219122576740222B5
:10BB8000F583740112BB882212BB93A3A3E0221297
:10BB9000BB9322F08E828F8322C082C08312BBAA05
:10BBA0007452F0A37425F002B0F61225289016DB2B
:10BBB00022C082C0837C0879FF9016B112A21512B0
:10BBC0001BBC02B0F674F7120BD9E9FE12A7A93B11
:10BBD00012A825601588828983A3E05403700BEEB8
:10BBE000FB12BBED12BC2212BBF7029C00E8240B37
:10BBF000F582E439F58322E0F9122CBA22C082C022
:10BC000083EAF8EBF98A82F583A3A3A3A3A3E0FB5D
:10BC10008A828983A3A3A3A312BC22A312BBF70227
:10BC2000B0F6E0FA88828983A3A32274F0120BD9BC
:10BC30008A0C8B0D8C0E8D0F890B1293B312C30AD5
:10BC40002430FA12BE3B700302BD5B8A828B837480
:10BC500001F0850C08850D09750A0078081211D0CD
:10BC60007C177D00EA241912BE311211B1850E082D
:10BC7000850F0978081211D07C097D00EE2402128C
:10BC8000BE311211B174101214F512A04B240B1214
:10BC9000C2EF74121214F512BD89C0E012AC77D055
:10BCA000E01299E7C0E012BD65D0E012B8C2C0E072
:10BCB0001293F8D0E0F074141214F5E0C0E012BD55
:10BCC0007BD0E012BD92E4F0A3F074151214F512CB
:10BCD00014BAEE1299923FF5831214C612BD6FE5A5
:10BCE0000B12BE5AA3A312A047240D12C2EF74195F
:10BCF0001214F5E0C0E0129FEBD0E012C33CE0600C
:10BD000029EE2430FAE43FFB12BD5E3F12BD9AF5E6
:10BD100008A3E0F50978081211D0E50C1293B435A8
:10BD20000D12B35712C31C1211B1EE241A12AC6AD1
:10BD30005403601D9016BF12A827600CEEFAEFFBAB
:10BD400012B446122CE08013EEFAEFFB121B4A806D
:10BD50000AEEFAEFFB9016A612BF0C02BF27EE24E4
:10BD600027F582E422EE2411F582E43FF58322EEEA
:10BD700012BD742212B5EE3FF58322EE12BD802271
:10BD80002412F582E43FF5832212955F8882F583C1
:10BD9000E022F012BD5E3FF58322F583EAF0A3EBCB
:10BDA000F0E50C240E12C345E02274F2120BD98A7E
:10BDB0000C8B0D7A2012BE3B606C8A828B837404DC
:10BDC00012BE9D12BE5512BE5F8A828B83A3A3A3AF
:10BDD000A3A312BE5A12BE861211D07C107D00EAB7
:10BDE000240612BE311211B1850C82850D83A3A3E6
:10BDF000A3A3A3A312CB51EE2416FAE43FFB122215
:10BE000088850C82850D83A3A3A3A3A3A3A3A3A3C7
:10BE1000A3E0C0E012BE29D0E012BE6AC0E012BEAC
:10BE20004BD0E012BE8F02A301EE12AFA63FF58306
:10BE300022FAE43FFB121B267403227B00121B44F0
:10BE40008A088B09AE08AF09EA4F22EE241FF5825B
:10BE5000E43FF5832212A39DA32212BE64A3221203
:10BE6000BE64E02212CFD5A3A322F0E50C12ADC030
:10BE700012C348E022A3A3A3A312955FEA228E82F5
:10BE80008F83A3A3A3A312CFF4750A00780822F02E
:10BE9000EEFAEFFB901587E0F9121B5022F0850CAB
:10BEA00082850D83E012BEB412A0AC850C82850D94
:10BEB00083A3A322F8A3E0F98A828B83A3A3227B26
:10BEC00000121B448A0A8B0BAE0AAF0BEA4F227496
:10BED000F6120BD9EAFEEBFF7A057B00121B44EA4F
:10BEE0004B601B8A828B83740812AFF412BF01125D
:10BEF000BB848A828B83A3A3A3A3F012BF090295FC
:10BF00005412BEB4E8F0A3E922901587E0F9121BA1
:10BF10005022F0850E82850F832212BF12E0F8A313
:10BF2000E02274181211B17F08020F2674F6120B6A
:10BF3000D974EC121264EAFEEBFF8A82F58312BB1D
:10BF400048707C12BB72600280758E828F83A3A3BF
:10BF5000E070658E828F83A3A3A3A3A3E064047023
:10BF60005774011212348808890978081211D474A0
:10BF7000021212449016B112BB771211B1852182C0
:10BF8000852283E0603274111214F5E06401702898
:10BF900012BFD21211D47508017509007808121168
:10BFA000D47C107D007A117B0112BFCC1211B179C3
:10BFB00000122C487A0180027A007901122BF47465
:10BFC000140295517C007D007A427B00121C5E7445
:10BFD00004227402F0858208858309780822C082D1
:10BFE000C0839016E974FAF0A37425F09016EB74F0
:10BFF000EEF0A37425F002B0F6F582E43FF583E09D
:10C000008A828B832274F5120BD912C2CC850882E6
:10C01000F583E054078A828B83A312C0BF131313E6
:10C02000541F5403C0E0EA12C0B6D0E012C0BFC42F
:10C03000135407F50A7904A3AA82AB83121B38EACA
:10C04000F8EBF9ECFAEDFB12BD7B1214C612C0A698
:10C050007405F0E50AA2E05017E5082405FCE43574
:10C0600009FD12AC5CEE241612AC6A2408F0800CB8
:10C070007C087D00790012C0AE121B32EE240E1235
:10C08000AC71701FEE2416F8E43FF98882F583E066
:10C09000FAE5082A12AC83C0E012BD65D0E012B206
:10C0A0004904F0029574EE12B5F43FF58322EE24B4
:10C0B00006FAE43FFB22240EF582E43FF5832212C8
:10C0C000C0C322F0850882850983E02274F2120B36
:10C0D000D98A088B09EA241612AC83640D700575A1
:10C0E0000A018003750A008A828B8312C2E212C998
:10C0F0007CE50AC43354E0F9EA12AC81333333549B
:10C10000F8F88A828B83A3E048498E828F83F0A35C
:10C11000AE82AF83EA241212B8A1120FAB12C15A39
:10C120001211B18A0C8B0DAE0CAF0DE50AA2E050D6
:10C1300013E5082406FCE43509FD121CCAEE2408A8
:10C14000FE50010F12AC7F6401700CE5082411123F
:10C15000AC838E828F83F002A301EEFAEFFB121BF9
:10C16000B074042274F4120BD974C712126412C290
:10C17000CC8A828B83E070051225C4800CA3E0F882
:10C18000850882850983E048F012BD7B120FAB74ED
:10C1900030121244850882850983E0F912C0AE127C
:10C1A00025E874041211B18E828F83A3A3E0C0E04E
:10C1B00074011214F5D0E0F0EE241612AC6AC0E05F
:10C1C00074021214F5D0E012BB60C0E074031214C4
:10C1D000F5D0E012C2F9C0E074041214F5D0E012F8
:10C1E000ACE364017004A3E064017018740C1212D3
:10C1F00044EE242212AC6AF9EE2418FAE43FFB1252
:10C200002132800E740C12124412AC7712A2151255
:10C21000217A740C121234740A1214F5E8F0A3E9AE
:10C2200012A08774FF12C2FF640270098521828503
:10C230002283E4800DE0640370418521828522839E
:10C240007402F0741C121234880A890B780A1211D5
:10C25000D4740E121234880A890B780A1211D47C15
:10C26000087D00740412123C12C2C61211B1741C73
:10C27000121234740A1214F512C2F58E828F83A33F
:10C28000A3A3A3120FAF742E121244740312123C14
:10C290008E828F83E0F912260074021211B1E9FE3A
:10C2A00085088285098312C971741C12123C121B05
:10C2B000327C107D007900740C12123C121B32EE9D
:10C2C000F974390286C9122612740422EAFEEBFFC1
:10C2D0008A82F58312C2E2E028F508A3E03400F573
:10C2E0000922A3A3E0F88A828B83A3A3A3A322F548
:10C2F00082E43FF58312A0AC2212BB8FA3E022F0B0
:10C30000EE240E12ACEB22F582E412C348E022E5E3
:10C310000C12A94F12C34822AA82AB83121B2674A7
:10C3200003228A828B83A3A3A3A3A3A312C33022D5
:10C33000E0F8A3E0F985218285228322F0E50C2430
:10C340001012C34522F582E4350DF583221226181A
:10C35000740422121C527402227C007D007A3A7B03
:10C3600000121C64740422850882850983E0FAA304
:10C37000E0F5838A822212BB8FA322A3F012273812
:10C380008A088B09750A0078082274F4120BD98A7E
:10C39000088B0978081211D4750A11750B00780AF8
:10C3A0001211D412C3591211B1E970109016DF1294
:10C3B00014BAE508241112B8A11214C60286CC746E
:10C3C000F5120BD974EF121264E98521828522835C
:10C3D000F08A088B09750A0078081211D07C107D4C
:10C3E0000074041214F512C3181211B1A821A92265
:10C3F0008808890978081211D47508117509007820
:10C40000081211D47C007D007A3B12BFCA1211B110
:10C410007C117D007900AA21AB22121B327411021B
:10C42000957174F0120BD974EB121264E9FE7A1153
:10C4300012C545700302C54078081211D4750A115F
:10C44000750B00780A1211D47C007D007A3B12C370
:10C450005F1211B1E9600302C52C8508828509834A
:10C46000E06E600302C52C7A117B00121BDA8A0A87
:10C470008B0BEA4B700302C52C780A1211D4750C91
:10C4800011750D00780C1211D412C3591211B1E9B3
:10C49000600302C51878081211D4780C1211D47CEC
:10C4A000007D007A3A12BFCA1211B190172A7401A6
:10C4B000F090837B780C1214829016DF780C1214A3
:10C4C0002540069016DF12B77885080C85090D7592
:10C4D0000E00780C1211D07C117D00740312123CF6
:10C4E00012C31C1211B19016DF1214BA7411121477
:10C4F000F51214C6A821A922880C890D780C1211F6
:10C50000D4750C15750D00780C1211D47C007D00CB
:10C510007A8212BFCA1211B17C117D007900AA0A79
:10C52000AB0B121B32AA0AAB0B121BE07C117D0075
:10C530007900AA08AB09121B32AA08AB09121BE04A
:10C54000741502BF247B00121BDA8A088B09EA4BA0
:10C550002274F3120BD974FF1212648A098B08EB50
:10C56000C43354E0F8EA33333354F849488C828DAD
:10C5700083F0A3AE82AF83740E1214F5120FAB12C8
:10C58000C15A1211B18A0A8B0BAE0AAF0BE50860D3
:10C59000191227388A0A8B0BAC0AAD0BEEFAEFFBA7
:10C5A000121CCAEE2408FE50010F74016509703395
:10C5B000750A3A750B00780A1211D47402121234FB
:10C5C000880A890B780A1211D412C5EB1211B1E94D
:10C5D000700B85218285228312AC9180058E828F1B
:10C5E00083E4F074011211B10293A47C017D007AFE
:10C5F000007B0012284C74042274F7120BD98908AE
:10C60000ECFEEDFFEAFCEBFDEEFAEFFB121CCA7448
:10C61000091214F5120FABEE2408FAE43F12C15DC3
:10C620001211B18A828B83029381E9F87402045853
:10C63000F97402B900028004C333D9FC541CF90216
:10C64000117E74F4120BD974FE1212648908750AF3
:10C650003A750B00780A1211D47403121234880A46
:10C66000890B780A1211D412C5EB1211B1E9705678
:10C6700074011214F5E065086044750A3B750B00FF
:10C68000780A1211D47402121234880A890B780ABB
:10C690001211D412C5EB1211B1E9702E85218285D9
:10C6A0002283E06508701FE0F874011214F5E0C3FE
:10C6B00098500F852182852283E0F91225DC7E3A8D
:10C6C00080067E3B80027E007F00EEFAEFFB028652
:10C6D000C774F0120BD974D212126474031214F5D9
:10C6E000E9F074011214F512B65CEC852182852202
:10C6F00083F074041214F5EDF074061214F5740E40
:10C7000012A82CC0E074051214F5D0E0F0740412E5
:10C7100014F5E0C0E074071214F5D0E0F09016F9BB
:10C72000E0C0E074081214F5D0E0F074091214F5BA
:10C730007401F074031214F5E0600302C80E75086A
:10C740003A75090078081211D4741212123488084C
:10C75000890978081211D47C1112C5ED1211B1E9C2
:10C76000600302C80274111214F5A882A983740E22
:10C770001214F512C2F59016DF780812148285089B
:10C780000C85090D850A0E850B0F908313780C120A
:10C7900013A89016DF780C12146478081211CC7468
:10C7A000041214F5E0F874051214F5E028FCA3E077
:10C7B0003400FD7B017A01740C1214F5E0F91225A6
:10C7C000E274041211B112B22F742112123C121C25
:10C7D000CA9016E71296C19016E712926A90333CFF
:10C7E0007808121348401590831378081214829029
:10C7F00016DF78081212CF600302C89112A7D30285
:10C80000C891740E1214F5E4F0A3F002C8918521CA
:10C8100082852283E0F874011214F5E02812B31225
:10C82000E812996839F583E0F91225F48A08A80816
:10C83000743A684B600302C8E375083A75090078DA
:10C84000081211D474121212348808890978081257
:10C8500011D47C1112C5ED1211B1E9700302C91394
:10C86000740E1214F5E4F0A312A82CF8740112143B
:10C87000F512C97C74081214F5E0F88E828F83E0FB
:10C8800048F0EE2405FCE43FFD742112123C121C1A
:10C89000CA852182852283E0F874011214F512C939
:10C8A0007C8E82F583A3A982AA8389088A09750AE6
:10C8B0000078081211D07C047D00742C1214F5123B
:10C8C000C3181211B18E828F83E0C0E0742D121450
:10C8D000F5D0E0F0740E1214F512A827704A79A171
:10C8E00002C96C743B684B600302C86075083B75F5
:10C8F000090078081211D4741212123488088909B8
:10C9000078081211D47C1112C5ED1211B1E960033F
:10C9100002C86074111214F5A882A983740E12144F
:10C92000F5E8F0A3E902C86874011214F5120FAF1C
:10C930007423121244740712123C74051214F5E0A9
:10C94000F912260074021211B1E9FE8521828522B6
:10C9500083E0F874011214F512D01712C971741122
:10C960001214F5AA82AB83121B32EEF9742E02BFA9
:10C9700024E054F8F07C107D00790022E028FEA32A
:10C98000E03400FF2274F0120BD974E812126474C0
:10C99000031214F5E9F074041214F512A07CEAFEF7
:10C9A000EBFF7508007509008A82F583A3A3A3A392
:10C9B000A3A3A3A3A312B7811214F512C2F57401A5
:10C9C0001214F512A21512287690178D747CF0A31C
:10C9D000742812C2F9F88E828F83E028F50BA3A386
:10C9E000A3E0C394048E828F83A3A3E05009250B98
:10C9F000F50B750A008002F50A8E828F83A3A312BD
:10CA0000AC97E9852182852283F074281214F5E021
:10CA1000F50EA3E0F50FAA0AA80BE50E28F8E435F9
:10CA20000FF9E82AF8E439F974061214F512B787F9
:10CA30001214F512AC8CA3A3600302CAD2E0C39413
:10CA40000440037509017408121234880C890D78AA
:10CA50000C1211D474031214F5120FAFE50BF50C80
:10CA6000750D00780C1211D4780E1211D4EAF50C61
:10CA7000780C1211D412CB3E1211D47B0274101216
:10CA800014F512CB53740C1214F5E0FAA90912280C
:10CA90009A740C1211B1E9F9600302CB3B7800855E
:10CAA0002182852283E0FAE8C39A400302CB3BE867
:10CAB000FA74081214F512CC54E0C0E07406121493
:10CAC000F5E02AFCA3E034008C82F583D0E0F00886
:10CAD00080CDE0C394044003750801740812123439
:10CAE000880C890D780C1211D474031214F5120FEE
:10CAF000AFE50BF50C750D00780C1211D4780E1201
:10CB000011D474081214F5E0FAE50A2AF50CE4349D
:10CB100000F50D780C1211D412CB3E1211D47B0209
:10CB200074101214F512CB53740C1214F5E0FAA918
:10CB3000081228A0740C1211B1E9F902BF22A80B47
:10CB4000E50E28F50AE4350FF50B780A228E828F60
:10CB500083A3A312CB5722E0FCA3E0FD2274F712BB
:10CB60000BD9E9FE9016E912A827600812B4441206
:10CB70002CE080027901029C0074F7120BD9E9FEC7
:10CB80009016EB12A827600812B444122CE0800221
:10CB90007900029C0074F1120BD974E012126478CF
:10CBA00000742F1214F512939EEE2812AC6A6436AC
:10CBB000C0E0852182852283E58228F582E43583E1
:10CBC000F583D0E012D04140E074311214F512D058
:10CBD000291211D48C0A8D0B780A1211D4EAFCEBBD
:10CBE000FD7901740412123C12C34D1211B1850873
:10CBF0000C85090D750E00780C1211D07C107D008B
:10CC0000741312123C12C31C1211B17800E8FAEE30
:10CC10002A12AC6A645CC0E085218285228312CC32
:10CC200054D0E012D04140E578081211D475088044
:10CC300075090078081211D4741412124479017421
:10CC40000412123C12C34D1211B174201211B17FA3
:10CC500007020F2612CC5822E5822AF582E435839A
:10CC6000F5832274F0120BD974DF121264E9852166
:10CC700082852283F08A0C8B0D8C0E8D0F743112FD
:10CC800014F512CFF074037808121455AA0874042E
:10CC90007808121455AE08AF09EA540FF50B7C1052
:10CCA0007D00790074331214F512CFFC8521828542
:10CCB0002283E0606074331214F512BE861211D024
:10CCC0007C107D00740412123C12C31C1211B18539
:10CCD0000C08850D0978081211D07C107D0074367F
:10CCE0001214F512D0351211B174331214F512D09A
:10CCF0002312123C12CFDEE8FAE50C2A12C307FC1D
:10CD000074331214F512D03E40ED74311214F5E074
:10CD100024801296C4850E0C850F0DEEF8EFF9E80D
:10CD200024FF1EE934FFFFE849606674331214F5EE
:10CD300012BE861211D07C107D00740412123C12B7
:10CD4000C31C1211B1850C08850D0978081211D089
:10CD50007C107D0074361214F512D0351211B174A6
:10CD6000331214F512D02312123C12CFDE850C823E
:10CD7000850D83E0FCE8FA74331214F512D04812E2
:10CD8000CFD585820C85830D08E8C39410508C8024
:10CD9000DCE50B600302CE2B74331214F512BE8651
:10CDA0001211D07C107D00740412123C12C31C12AC
:10CDB00011B17C0E7D00790074331214F512CFFC92
:10CDC00074331214F512B6307480F074311214F505
:10CDD000A3E0C0E074331214F512A7EED0E0F074B3
:10CDE000311214F5E0C0E074331214F512A802D029
:10CDF000E0F078081211D07C107D00741412123CFF
:10CE000012C31C1211B174331214F512D023121272
:10CE10003C12CFDEE8FA74111214F512CFE41214AA
:10CE2000F512D03E400302CFD080E9C3940E743394
:10CE3000500302CF331214F512BE861211D07C10AB
:10CE40007D00740412123C12C31C1211B17C107DBF
:10CE500000790074331214F512D0071211D0AC0B04
:10CE60007D0074361214F512D0351211B1A80B746E
:10CE7000331214F512D01078081211D07C107D00F6
:10CE8000741412123C12C31C1211B174331214F533
:10CE900012D02312123C12CFDEE8FA74111214F5EC
:10CEA00012CFE41214F512D03E40EE74331214F592
:10CEB00012D0291211D07C107D00740412123C1281
:10CEC000C31C1211B17C0E7D00790074331214F56D
:10CED00012CFFC74311214F5A3E0C0E074331214C5
:10CEE000F512A7EED0E0F074311214F5E0C0E07452
:10CEF000331214F512A802D0E0F078081211D07C99
:10CF0000107D00741412123C12C31C1211B1743340
:10CF10001214F512D02312123C12CFDEE8FA74116B
:10CF20001214F512CFE41214F512D03E400302CFD2
:10CF3000D080E91214F512BE861211D07C107D004B
:10CF4000740412123C12C31C1211B17C0E7D0079C4
:10CF50000074331214F512D0071211D0AC0B7D00FF
:10CF600074361214F512D0351211B1A80B743312A5
:10CF700014F512D01074311214F5A3E0C0E074332C
:10CF80001214F512A7EED0E0F074311214F5E0C0DF
:10CF9000E074331214F512A802D0E0F078081211F0
:10CFA000D07C107D00741412123C12C31C1211B1FB
:10CFB00074331214F512D02312123C12CFDEE8FAA9
:10CFC00074111214F512CFE41214F512D03E40EE93
:10CFD000742102BF24F0850C82850D83A3221226C2
:10CFE0001E78002212CC58E0FC743322A3A3A3A322
:10CFF00012CFF422E0F508A3E0F5092212D00022B6
:10D0000012A21D121B322212D000750E00780C22C3
:10D0100012D0177480F022E028FAA3E034008A824C
:10D02000F5832212CB5774012212CFF4780822F52F
:10D0300082E438F58312A219121B2674032212D03F
:10D0400048F008E8C3941022E02AF9A3E0340089EC
:10D0500082F583E06C2274F6120BD912D064122888
:10D060007C029554EAFEEBFF8C088D09122876AC01
:10D0700008AD09EEFAEFFB22E4F0A3F0A3F0A3223F
:10D0800012D078F02212D08922E0F508E4F509F5F3
:10D090000AF50B22E82411F582E439F583E022E059
:10D0A000F508A3E0F50922122AE674041211B17FF3
:10D0B00008020F2674091211B17F04020F26EA2418
:10D0C00013FAE43FFB122A14E9227905122A20748C
:10D0D0000622E024F5C3941322122AF290074C1280
:10D0E000F7D27A147B0022F583E08882898322EAD2
:10D0F00012D0F42212E43A3FF583222411F582E49F
:10D100003FF583E02212E240A322EEFAEFFB122A5F
:10D110001A740222EE24FFF582EF34FFF58322EE2B
:10D1200012EAF83FF58322E0FEA3E0FFEE4F2274FF
:10D13000021211B17F06020F26E50812EB12350923
:10D14000F583E022AA82AB83121CCA8E828F83A34E
:10D15000A312D9EBE0227A8F7B17121B7A7402227A
:10D16000EE12D0FB22E508A2E092AF02DF7A740350
:10D170001211B102DF7A12D11FE064012212E22BF8
:10D18000A3A322EAF0A3EBF0EA4922FAE43FFB79F9
:10D19000E112197C22EE240812F51F22C082C083FE
:10D1A00074FE1212649017A274E8F0A37428F09031
:10D1B00017A474E2F0A37428F080077A8F7B17120B
:10D1C000D1F890178F12E2F770F190179112E2F7F1
:10D1D00060097A917B1712D1F880EF90178FE4F0F5
:10D1E000A3F0901795F0A3F0A3F09017B07424F07B
:10D1F000A37429F07402801C121B6E852182852283
:10D2000083EAF0A3EB12D20C1229FC22F0AA21AB84
:10D21000222274111211B102DA8F74F6120BD9E9BD
:10D22000FF741929F582E43433F583E493FEFA7B25
:10D2300000121B44EA4B6007EA2E12D26880267A5D
:10D24000027B00121B44EA4B601774ED2FF582E459
:10D250003432F583E4938A828B83F0A3741A12D656
:10D26000317A007B0002F18212DB5EE812F0FCA34F
:10D27000A3A3A3E4F022E9FC740629F8EAA2E05093
:10D280001EE875F00A84E5F0F96014740A28C39961
:10D29000F8E9C394054004740A28F8740B28F8ECE4
:10D2A000C394134004791480027906E82979002494
:10D2B00009F85001097A0A7B001208DDE8F9021129
:10D2C0007EC082C0839017FCE05402600A122210D4
:10D2D000E9600479018002790002DA8FC082C0839C
:10D2E0009017FCE054026014901795E0700A12E267
:10D2F000F4600912D301500479018002790002DA46
:10D300008F12D094A2E722C082C083908282E0F87C
:10D31000901797E0C3985005121B4480047A007B55
:10D320000002DA8FC082C0831229FC790002DA8FF2
:10D33000C082C08374FE121264852182852283EA32
:10D34000F0A3EB12D49AA3A3A3A3A3E0600A1460F2
:10D350005724FE605A02D40A90072CE0640F601232
:10D360001229D2E9700C12D91590179E12D9E71222
:10D370002CE0900754E0C0E085218285228312E2F0
:10D380000ED0E012D49A741412EB2CFCA3E0FD7AB8
:10D39000917B17121B68A8A8C2AF90179712D4BE32
:10D3A00079201229C602D1F412D768741580D912D7
:10D3B000D768A3A3A3A3E0605112D76812D14FC0CE
:10D3C000E0852182852283E02406F582E43BF58313
:10D3D000D0E012EB2C2402F8A3E03400F98882F5A7
:10D3E00083E02401FAA3E03400FB88828983EAF019
:10D3F000A3EB12EB2C12D7A8852182852283601320
:10D4000012D46F600512D4814048AA21AB221229A0
:10D41000FC809212D46F60F212D481502112D48E0B
:10D42000FA852182852283A3E0C8240612D764F8F6
:10D43000742E12E42C3433F583E4936A601485214E
:10D440008285228312D46F640870BF12D48E640860
:10D4500070B812D48E1412D4A2240AC0E08521829E
:10D4600085228312D9E7D0E012D4A20402D3881215
:10D47000D4732212D96AC82406F582E438F583E011
:10D480002285218285228312D473C3940A228521A6
:10D490008285228312D105A3E02212D4ACF58388C1
:10D4A000822212D4ACC8240612D79222F08521829F
:10D4B00085228312D96A22A8A8C2AF901796E004E9
:10D4C000F0E8A2E792AF22C082C0839017A612E2D2
:10D4D000F7600812D76F122CE08002790002DA8F11
:10D4E00074F7120BD9EAFEEBFFEA12D12074011295
:10D4F000DB1DF8A3E0F912D0EF12DB6FEA2435123E
:10D50000DE6CC0E0EA2413F582E43FF583D0E0F05E
:10D51000EA243612DE6CC0E0EA2414F582E43FF51A
:10D5200083D0E0F0EA243812DE6CC0E0EA2418F57B
:10D5300082E43FF583D0E0F0EA242FF582E43FF562
:10D5400083120FAF12EFE2EA243112DE6CF912D12E
:10D550000E1211B1E9F5087007EEFAEFFB1229007F
:10D56000A90802DF7AC082C0831229D2E960047957
:10D57000208002790102DA8FC082C083EA2411126E
:10D58000D589D2E0800DEA240DF582E43BF583E0F5
:10D5900022F0A3F002DA8FC082C08312D586640124
:10D5A000701112D62B400C8A828B83A3E0F91229CA
:10D5B000CC806612D61CA2E650128A828B83A3E02E
:10D5C000F99017A012D9E7122CE0804D12D586648D
:10D5D00001700D12D62B50088A828B8374308036EE
:10D5E0008A828B83A3E0641B8A828B8370047422FB
:10D5F0008024A3E0700D12D586F8740E12E42C344A
:10D6000033800B12D586F874ED12E42C3432F58396
:10D61000E4938A828B8312D63102DA8F12D62022CB
:10D62000EA2410F582E43BF583E02212D620A2E33F
:10D6300022F09017F7E0F9121B502274F7120BD961
:10D64000E9FE12E2F4700302D761EE6014741B6EFF
:10D65000701AE812EAF839F583E06405700302D71E
:10D660003990179912D76FA3E402D74074E96E700E
:10D6700068E82412F582E439F583E0700B12221673
:10D68000E9600512D7B2606179EE1218FE90179822
:10D6900012D789901798603A12D7B5901798700BE7
:10D6A00012D78914F0121AB402D76112D7A7C2E7B1
:10D6B00012D950240D12D7646403700912D7821254
:10D6C000D906D2E2F079ED1218FE12D79A122CE0A8
:10D6D000807812D77574E9806774E16E703E12220B
:10D6E00016E9605512D7B2705090074EE0C0E012B4
:10D6F000D7822412F582E438F583D0E0F090073D1C
:10D70000E0C0E090179812D77E12D77ED0E0F0905C
:10D71000073DE004F07901121A9C8045741C6E707C
:10D720001890179812D91B9017A812D9E7122CE05D
:10D73000901798E4F0A3F0802890179812D775EE10
:10D74000F090179812D91B1228EE12D931E05480AC
:10D75000600312F2F1901798E4F0A3F07910122907
:10D76000C602DF7A12D79222852182852283A3E026
:10D77000F58388822212D7792212D9EFA32212E2EE
:10D780003C2290179812E21D2212E21D241212D799
:10D790009222F582E438F583E02290179812D91F7F
:10D7A00090179C12D9EB22E0F8A3E0C8241012D7FE
:10D7B000922290179812D938E054042274F4120B74
:10D7C000D9750A00750B00A2AFE433FEC2AF12E2B6
:10D7D000F4600302D8AF12D9E4122CE0E94410F847
:10D7E00090178F800985080A85090B12D8F912D97C
:10D7F0000D700302D8AF12D139586870E8780A1258
:10D8000011D4AC08AD0912D1561211B1901798E598
:10D8100008F0A3E50912D95012D906A2E750030275
:10D82000D8B6901796E014F0EEA2E092AF90179859
:10D83000E0240EF8A3E03400F9E8FEE9FF8882F561
:10D840008312D91B90179812D494F91228B2E99038
:10D85000179312EE868E828F83E05480601812D761
:10D8600082241312D764F91219B812D78224141221
:10D87000D764F91219AC12D931A3E05401605F905A
:10D88000179312E2F7604512D947604012D947F862
:10D89000790090179312D91B1208E5E8C0E012D95D
:10D8A00025D0E012D955C3941340117402800FEEB5
:10D8B000A2E092AF803790179502D8257400C0E09F
:10D8C000901799E0C812D8F0D0E0800D12D92574D5
:10D8D0000112D95012D8F07401F07903800C90171E
:10D8E0009812D7A7A2E1B3E433F9121A9C02D0B977
:10D8F000241AF582E438F58322E50824FBF582E555
:10D900000934FFF5832212EB1212D7952212D09F11
:10D91000E50845092285218285228312D91F22E04C
:10D92000FAA3E0FB2212E21A2419F582E438F58307
:10D930002290179812D9382212D96AC812D94022D7
:10D9400012E43A38F5832212E21A241812D79222EE
:10D9500012D962C82212D962F5838882A3A3A3A335
:10D96000E022F090179812D96A22E0F8A3E022741E
:10D97000F7120BD9EAFEEBFF1229F612DE69A2E3D9
:10D98000400A12D17670059082808003908281E0F7
:10D99000F9EEFCEFFD7A8F7B17121B80E96038EE01
:10D9A000FAEFFB9017A212D9E7122CE0EE240E1228
:10D9B000DE6C5404701212D4B7EE12D0F0A3E0540F
:10D9C00001701E1228FA8019EEFAEFFB90179A12D6
:10D9D000D9E7122CE0800A8E828F83A374F112D9CA
:10D9E000F802DF7A9017A412D9EB2212D9EF22E0C5
:10D9F000F8A3E0F58388822212D9FF1228EE22F0E4
:10DA0000EEFAEFFB2202DA8874F7120BD9EAFEEB8A
:10DA1000FF79009017FCE05402700CEA243312DE08
:10DA20006C5404600279E89017FCE05460700CEAD2
:10DA3000243312DE6C5402600279E88A828B83A35D
:10DA4000A3A3A3E0F8908286E0C398500279E8EAA5
:10DA5000243112DE6C700CEA242E12DE6C70047914
:10DA6000F5800BE970051228DCE9F9E96007EEFAA8
:10DA7000EFFB1229CC02DF7AC082C0838A828B83BB
:10DA8000740DF012220A8007C082C0831228FAD0D7
:10DA900083D08202117E74F4120BD9EAFEEBFF8A66
:10DAA00082F583E4F0A312DB1D540490828070128F
:10DAB000E0F8901796E0C398401279F11229CC0251
:10DAC000D0B9E0F8901795E0C39850EE12DB23A38D
:10DAD000E054016037EA243712DE6CC3940540330A
:10DAE000EA243312DE6C540570297AAA7B17122AB5
:10DAF000F2EE2437F582E43FF58312D085780812E0
:10DB000011CC7AAA7B1712DB171211B1EEFA12E5CB
:10DB10001D80AC79E880A5122AE6740422F012DB9D
:10DB200023E022EA2433F582E43FF5832274F612DF
:10DB30000BD9E9FE2451FAE43400FB121B44EA4BF2
:10DB40006015EE8A828B83A3A3A3A3F0EA2451126B
:10DB5000DB5E12DB6F80047A007B0002F182F8E466
:10DB60003BF98A828B83A3A32212F7D2901874E820
:10DB7000F0A3E9F02202DA88C082C0839017B37460
:10DB80004EF0A37429F0A3747EF0A37429F0A3745B
:10DB900054F0A37429F0A3745AF0A37429F0A37469
:10DBA00078F0A37429F0A3746CF0A37429F0A37423
:10DBB00066F0A37429F0A37484F0A37429F0A3740D
:10DBC0008AF0A37429F0A37490F0A37429F0A374CD
:10DBD0009CF0A37429F0A37460F0A37429F0A374DB
:10DBE00048F0A37429F0A37442F0A37429F09017AD
:10DBF000CF7472F0A37429F0A37496F0A37429F083
:10DC0000A374AAF0A3742AF0A374A2F0A37429F059
:10DC1000A374A8F0A37429F09017F3E4F09017F61A
:10DC2000F09017DF12DC357402F09017E812DC3543
:10DC3000740102D59374C6F0A37429F0A32274F57D
:10DC4000120BD974F1121264852182852283740229
:10DC5000F074011214F5E9F060047AFF7BFF74029E
:10DC60001214F512E6DB7508EB750917750A0078D2
:10DC7000081211D07C0B7D0074071214F5AA82AB38
:10DC80008312DCA51211B1AA21AB2212220A740F51
:10DC9000800312DCA51211B17F03020F267C0B7DDD
:10DCA000007AEB7B17121B2674032274F7120BD930
:10DCB00074FD121264852182852283740AF0740136
:10DCC0001214F5E9F074021214F5EA12F24102D1CD
:10DCD0006E74F6120BD974F7121264EAFEEBFFEAC7
:10DCE00012DD2312DD537402F0EA2428FCE43FFD28
:10DCF000AA21AB22121CBEEE243112DD29243312DC
:10DD0000EC471211D4740212124479831A1A12D1F8
:10DD10000C1211B1E9F5087007EEFAEFFB122900B9
:10DD200002F17B12D0F4740122F582E43FF58312F4
:10DD3000D09F12E1F3F58312DD41E8F0A3E9F0EEA4
:10DD40002212DD498A828B8322E024FFF8A3E0348B
:10DD5000FFF922F0A3E4F0EA12D1202274F0120BB2
:10DD6000D912F6B01214827808790C120A72780867
:10DD70001211CC7AE27B1702D0A774F4120BD9747B
:10DD8000C612126490072CE0640F600D8521828515
:10DD90002283742E12E6FA80227AD97B1712D0D908
:10DDA0001208E588088909E4F50AF50B78081211CC
:10DDB000CC7AD97B1712DB171211B1743A02D0B6A4
:10DDC00074F5120BD9EAFEEBFF8A82F583A3E0F823
:10DDD0007078EA243012DE6C64026007E06403604D
:10DDE0000278E8EA2426F582E43FF58312D0D24097
:10DDF0000478E88058E87052EA242612D18BEE2489
:10DE00003112DE5E243012DE6C6402700EEE2428C5
:10DE100012F7C890073B12DB6F801790073B74FE28
:10DE2000F0A304F0EE2428FCE43FFD7A327B0712D5
:10DE30001CCAEE241B12D1981211D012DC9D1211B3
:10DE4000B1EEFAEFFB12293CE9F8E8600EE88E82A9
:10DE50008F83A312EFEA741712F08E02DC98FAE4B3
:10DE60003FFB795012197CEE22EE2410F582E43F3C
:10DE7000F583E02274F6120BD974F712126490172E
:10DE8000F6E070377401F0F9121A66AA21AB22127B
:10DE90002A087508EB75091778081211D47508015E
:10DEA00075090078081211D4900741120FAF74065B
:10DEB0001212447A0312D0CA1211B102F17D74F722
:10DEC000120BD912E09A7004A374EBF09017F6E0ED
:10DED000A2E25003C2E2F0E0A2E1500512E0AB8002
:10DEE000098E828F83742A12F08E02DF7A74F41204
:10DEF0000BD974FE12126412DFA012E1E6EC852148
:10DF00008285228312E235E0F50B7015AA21AB223F
:10DF1000795312197CEE2413FAE43FFB794A121963
:10DF20007C12D1951211D012DC9D1211B112D915AB
:10DF3000A90B1229309017F6E0A2E1500312E0B2CB
:10DF40009017F6E4F0740202D0B674F7120BD9EA17
:10DF5000FEEBFF8A82F583A374EBF09017F6E0A244
:10DF6000E150077A0079EB122936EEFAEFFB12291D
:10DF70006C8007EEFAEFFB122A687F01020F26740D
:10DF8000F7120BD912DFA09017F3E4F09017F6F018
:10DF90007AFF7BFF8E828F83A3E0F912293080DA2B
:10DFA00012E0EB7AE27B17122AF22274F7120BD9F5
:10DFB000EAFEEBFF12296680BA74F7120BD912E160
:10DFC00028A3A3A3E060047400800274EB12DFF9BD
:10DFD0005003C2E2F0E0A2E1500512E0FC8011A281
:10DFE000E0500D8E828F83742AF0A374EB12F08EB2
:10DFF000EEFAEFFB12291280818E828F83A3F090BC
:10E0000017F6E0A2E22274F6120BD9EAFEEBFF90BB
:10E0100017F6E0D2E1F07901121A668E828F83A39F
:10E02000E07038122A0EE9FAEE240DF508E43FF507
:10E030000978081211D475080175090078081211C1
:10E04000D412E06C120FAFEE2402FCE43FFD12D0BC
:10E05000CA1211B1E98E828F83A3F08E828F83A3BF
:10E06000E060067A00F912293602F182EE240BF5FF
:10E0700082E43FF5832274F7120BD912E09A700400
:10E08000A374EBF09017F6E0A2E25003C2E2F0E0D6
:10E09000A2E1500312E0AB02DF7AEAFEEBFF790166
:10E0A000121A6C8E828F83E0642022C2E1F012E0AB
:10E0B000B2227A008E828F83A3E0F912293622746D
:10E0C000F7120BD912E0EB8E828F83A3A3A3A3E0F8
:10E0D00060047400800274EB12DFF95003C2E2F0B6
:10E0E000E0A2E1500312E0FC02DFF0EAFEEBFF7970
:10E0F00001121A6C7AD97B17122AF222C2E112F5A8
:10E1000012E0A2E4E433FA12E0B42274F7120BD95D
:10E1100012E12874EB12DFFE5003C2E2F0E0A2E14C
:10E12000500312E0AB02DF7AEAFEEBFF7901121A2C
:10E130006C8E828F83A32274F7120BD912E14D02E9
:10E14000DF7374F7120BD912E14D02DF7AEAFEEBAE
:10E15000FF7AD97B17122AF2EEFAEFFB12299022EE
:10E1600074F7120BD974EF121264EAFEEBFFEA1295
:10E17000EFD67A327B07121CB8E96056852182857A
:10E1800022837409F074011214F574EFF012E1E6C1
:10E1900074021214F5EC12E235A3A3E0C0E074049B
:10E1A0001214F5D0E012E222640870158E828F837B
:10E1B000A3A312E20EE0C0E074051214F5D0E080D3
:10E1C0000674051214F5E412EE7374061214F512B7
:10E1D000E1D7741102D170AA82AB83122A32AA212C
:10E1E000AB2212220A2212E1F3F58312E205FCA30C
:10E1F000E0F922EE12E1FBFB8882222402F8E43FE0
:10E20000F9E8FAE92212D96A8882F583E02212E25B
:10E210001D2407F582E438F5832290179812D96AF5
:10E22000C82212E2262212E22BE022F08E828F8395
:10E23000A3A3A3A32212F0FC12E23C2212E240228A
:10E24000E0F8A3E0F5838882A3A322C082C08312F2
:10E250002A7402DA8FC082C08390181374B3F0A3BB
:10E260007417F0A374CFF0A37417F09019F274DC54
:10E27000F0A37430F0A37418F0A37430F09017FF7B
:10E28000742AF0A37429F09017FCE0440102D5939E
:10E29000C082C083EAFCEBFD79021229E402DA8F26
:10E2A000C082C083790602F30274F6120BD974FEA1
:10E2B0001212649017F812E2F760077AF87B1712CF
:10E2C00029FC9017FEE4F0900CD712E2F760208052
:10E2D00007AA21AB221229FC9017F7E0F9121B5C68
:10E2E0008B09A90985218285228312D18370E2746A
:10E2F0000202F17F90179812F7D2E8492274F712C0
:10E300000BD9E9FA7B009017F7E0F9121B8602DFC0
:10E310007A74F7120BD974F0121264EAFCEBFDE97F
:10E32000FE8A828B83E0F8742412E42C3433F58364
:10E33000E493C0E074011214F5D0E0F0640B700DAA
:10E34000E98A828B83A3F0122A5602E427E0700345
:10E3500002E427640C600302E418741A6E700B74F4
:10E36000041214F5E4F0A302E41774041214F51275
:10E37000E6DBEA243212EADCC0E074031214F5D0C2
:10E38000E012F4FD1214BA74061214F51214C68CBD
:10E39000828D83A3A3A3A3A3A3A3A3A312F7CE74E5
:10E3A0000A1214F5E8F0A3E912E431E05410600910
:10E3B000852182852283E48013EC241212EADCF8A2
:10E3C00090074EE0C398852182852283F0E0C0E06B
:10E3D000740C1214F5D0E0F0EC241512EADCC0E065
:10E3E000740D1214F5D0E0F0EC241612EADCC0E053
:10E3F000740E1214F5D0E0F0EC241712EADCC0E041
:10E40000740F1214F5D0E012E431A3E05401600857
:10E4100074011214F57411F074021214F5EEF07414
:10E420000112123C12220A741002D17028F582E403
:10E4300022F0EC12E43A3DF58322240EF582E42228
:10E44000C082C0839017FEE06403700479018002EB
:10E45000790002DA8F74F7120BD99017FEE012E4FC
:10E46000D074F028F582741939F58312E863C2E795
:10E47000F012E4D7A3E493FE25E0FCE433FD74F04E
:10E480002CF58274193D12EBE1EC4D6005EE90170E
:10E49000FEF08A828B83E025E0FCE433FDE82CF576
:10E4A00082E93DF583E493FCC4540F25E0F8740D34
:10E4B00012E42C3418F58312E2F77005122A448016
:10E4C0000CEC540F12E4D712D9E7122CE002DF7AD9
:10E4D00025E0F8E433F92225E0FCE82CF582E43964
:10E4E000F5832274F2120BD974FE121264890B8A1E
:10E4F000088B0912E58212E573601A12EE80F50AA4
:10E5000078081211D012E58F240212EBD71211B144
:10E5100012E51B800312E5A102D12FAA0CEFFB909C
:10E5200017F7E0F9121B502274F0120BD974FE1287
:10E530001264890B8A0E8B0F12E582F50812E573BF
:10E54000602712EE80A808EA2812D268850E088596
:10E550000F09F50A78081211D012E58F12EBD512C7
:10E5600011B112E51B7900800512E5A1791A740238
:10E5700002D0ACFA7B00121B448A0C8B0DAF0DEA63
:10E580004F2274F829F582E43432F583E49322A80B
:10E590000B740312E42C3433F583E493FC7D00EA1E
:10E5A00022852182852283E50BF0791AAA21AB22EC
:10E5B0001229CC22C082C083E99017F702D5937448
:10E5C000F6120BD974FE121264EAFEEBFFEA542035
:10E5D00070308039A8A8C2AF901797E01412D4C049
:10E5E0008A828B8312E6C89017FA12E6DB1229D8CA
:10E5F000852182852283E0641560077AFA7B1712F1
:10E6000029FC7A917B17121B6EEA4B70C7EF54807E
:10E61000700C80169017FAEAF0A3EB12E6EE901752
:10E62000F7E0F9121B5CEA4B70EAEE5410600B85C0
:10E630002182852283742D12E6FAEEA2E0500B852A
:10E640002182852283742412E6FAEE5402600B853F
:10E650002182852283742512E6FAEE5404600B852C
:10E660002182852283742612E6FAEE5408600B8517
:10E670002182852283742812E6FAEE5440600D74DC
:10E68000011214F512E6E1742C12E6FAEE548060E1
:10E690000D74011214F512E6E1742F12E6FA9017C8
:10E6A000F812E2F7601BA8A8C2AF9017F812D91BA6
:10E6B0009017F8E4F0A312D4C0A3EAF0A3E912E69D
:10E6C000EE7A007B0002E2EF12E6CC22E0852182A6
:10E6D000852283F022A3A3A3A3A3A3EAF0A3EBF0D4
:10E6E00022E412E6E622F085218285228322F012BE
:10E6F00029D87AFA7B171229FC2212D20C1229D8B7
:10E7000022C082C0839017FA12F23C687002EB6953
:10E7100070079017FAE4F0A3F002DA8F74F7120B87
:10E72000D9EAFEEBFFEA4F7003121754A2AFE433AD
:10E73000F508C2AF8E828F8312E2F76028E824FBCF
:10E74000FAE934FFFB9017FA12EBE3E86C7002E988
:10E750006D70079017FAE4F0A3F08E828F83E4F0D7
:10E76000A3F0121BE002D165C082C083901821740F
:10E7700038F0A3742AF0A3744AF0A3742AF0A374A7
:10E7800050F0A3742AF0A3740CF0A37429F0A374BE
:10E7900056F0A3742AF0A37406F0A37429F0A374AE
:10E7A00012F0A37429F090182F7486F0A3742AF045
:10E7B000A3745CF0A3742AF0A37462F0A3742AF02B
:10E7C000A3746EF0A3742AF0A37468F0A3742AF003
:10E7D000901820E402D593C082C08390073BE06488
:10E7E000FE7003A3E0F470097C327D07121CBE802A
:10E7F0001C8A828B83A3A3A3A3A3A3A3A37402F065
:10E8000090073B12F7CE8A828B8312DB6F02DA8F7E
:10E81000C082C083900745C3E094FEA3E094FF400C
:10E820000479038002790202DA8FC082C0838A826F
:10E830008B83A3A3A3A3A3A3A3A3E0640270169056
:10E84000073B12E863687003A3E0697004790180F4
:10E850000F7900800BEAFCEBFD7A327B07121CB8C3
:10E8600002DA8F12F7D28A828B83E02274F0120BC5
:10E87000D974FC121264E9852182852283F0740226
:10E880001214F5ECF0A3EDF08A0A8B0B75080074F6
:10E89000021214F5E0240812EADCC0E0740112143C
:10E8A000F5D0E012EB2CA2E75008750EFF750FFFB4
:10E8B000800A900741E0F50EA3E0F50F85218285DF
:10E8C0002283E0C2E712EB315420600712EAFE74A3
:10E8D00008800412EAFEE412EB315404600712EBE4
:10E8E000097480800512EB09741012EB315410602A
:10E8F0000612EAE4E4800B90074EE0C0E012EAE47E
:10E90000D0E012EB31A2E0500375082054086006F5
:10E9100074104508F5088A828B83A3A3E024FFFEC8
:10E92000A3E034FFFFEA12EAEFC39402E0400F6471
:10E930000B6009E0148E828F8312EB22740345086A
:10E94000F508750900900761E0640170118A828BF7
:10E9500083A3A3A3A3E0C394674003750910852193
:10E9600082852283E0F50C750D00740E780C12136D
:10E970006FE50D4509F509E06402701B900746E05C
:10E980008E828F83F0900745E0C0E012D114D0E072
:10E99000F0EE24FEFE801CE06403701DEE24F9FE00
:10E9A000EF34FFFF7C557D07EEFAEFFB121CCAEE39
:10E9B00024FF1EEF34FFFF8003E0602F7401121468
:10E9C000F5E0601874141214F5E0650E7004A3E00D
:10E9D000650F700874404508F508800F8E828F839C
:10E9E000E50FF012D114E50E12EB1874011214F5B4
:10E9F000E0F50C750D00740A780C12136FE50D45E7
:10EA000009F509E06402702374021214F512F2375A
:10EA10008E828F83F074021214F512D151C0E0126D
:10EA2000D114D0E0F0EE24FEFE8020E064037021DB
:10EA3000EE24F9FEEF34FFFF74021214F512EBE33B
:10EA4000EEFAEFFB121CCAEE24FF1EEF34FFFF802C
:10EA500003E0601C74141214F5A3E08E828F83F01F
:10EA600074141214F5E0C0E012D114D0E012EB18C7
:10EA7000EEF8EFF9E824FF1EE934FFFFE50A12EA99
:10EA8000EF7005900731800390073DE0FA04F0EA4B
:10EA90008882898312EFEAE50912EB228E82F583E0
:10EAA000E508F0E50A2404F8E4350BF9E50A240248
:10EAB000FAE4350BFBEEFC8A828B83E0F508888252
:10EAC0008983E02508C39C12F0FFEEF0A3EFF085E8
:10EAD0000A82850B83A3E4F0F902D0AAF582E43D13
:10EAE000F583E022EA2412F582E4350BF583221245
:10EAF000EAF8350BF583E022240DF582E422EA24BE
:10EB000010F582E4350BF58322EA12EB12350BF592
:10EB100083222411F582E422F0EE24FEFEEF34FF7E
:10EB2000FF22F0EE24FF1EEF34FFFF2212E6E6E0A4
:10EB300022F0EA12E43A350BF583E02274F1120B6D
:10EB4000D974FE121264852182852283ECF0A3ED34
:10EB5000F0890B8A0E750A1A74151214F512FA61EF
:10EB60001228AC8A0C8B0DAE0CAF0DEA4F605A74B4
:10EB7000131214F512F23C12EC42F0A3E912DD5626
:10EB8000E50BF0750A0078081211D07C0B7D00EAC5
:10EB900012EBD51211B174111214F5120FAF7402E9
:10EBA0001214F512EBE3A90E12D10A1211B1E9F514
:10EBB0000A7016E50B24F9600314700612D160D2B6
:10EBC000E5F0EEFAEFFB122900A90A74021211B166
:10EBD0007F07020F26241BFAE43FFB121B26740357
:10EBE00022F583E0FCA3E0FD2274F6120BD974F742
:10EBF000121264EAFEEBFF7801EA243212DE6C6046
:10EC0000027805EA12EC4212DD53740412EFDDAA19
:10EC100021AB22121CBEEE242F12DD29243112EC6E
:10EC2000471211D4740212124479031A1A12D10C29
:10EC30001211B1E9F5087007EEFAEFFB1229000294
:10EC4000F17B12D0F4E822F582E43F12D0E712E221
:10EC50002604F078082274F2120BD98A088B09EC8A
:10EC6000FEEDFF8A828B837405F0EC12F07612F3CE
:10EC7000C4F0EA2403F50AE43509F50B850A82F5A8
:10EC800083E0F50CA3E0F50DEC2425F582E43FF5D7
:10EC9000831214BAE50C12EB12350DF5831214C66B
:10ECA000EC12EFD6AA0CAB0D121CBE850A82850BA6
:10ECB0008312FAE112EE3C12EE5F12E6D5EE242F3B
:10ECC00012DE6CC0E012EE45D0E012EE8B2415F59A
:10ECD00082E438F583E412EE8B12D940E412EE732D
:10ECE000850A82850B83E02416FAA3E03400FB1228
:10ECF0002A328E828F83A3A3A3A3A3A3A3E0C0E0A1
:10ED0000850A82850B8312D78512EAF838F583D0FD
:10ED1000E012EE6AFAA3E0FB850A82850B8312F704
:10ED2000CEE8240BFCE439FD8A828B83E08C828D53
:10ED30008312EE868A828B83A3E0F50B8C828D830F
:10ED4000A3E0450B12F0F7A3E0FCEA2403FA50011C
:10ED50000BECA2E7E433C0E0E8240FF582E439F5D8
:10ED600083D0E0F074075C6004780180027800755D
:10ED7000F00374075CA428F8EA28FAE43BFBE508F2
:10ED80002405F8E43509F98A828B8312D0E912F060
:10ED9000F7AA82AB8385088285098312E6D588822B
:10EDA0008983E0F50A25E0540EFCE50AC4540FF50A
:10EDB0000A750B007403780A12136FE50A5438F8C9
:10EDC000EC28F8EA28F8E43BF9850882850983A352
:10EDD000A3A3A3A3A3A3A3A3E8F0A3E912E222FAA7
:10EDE0008E828F83A3A3E02AFAA3E03400FBC3EA58
:10EDF00098EB9940288E828F83A3A3E0F885088240
:10EE0000850983A3A3A3A3A3A3A3A3A312EE53C320
:10EE10009A28850882850983A3A3A3801685088282
:10EE2000850983A3A3A3A3A3A3A3A3E4F0850882D6
:10EE3000850983A3A3A3A3A3F002D134242BF582D5
:10EE4000E43FF5832212EE4922E82410F582E439EA
:10EE5000F58322E0FA8E828F83A3A3A3A3E022127C
:10EE6000D91F88828983A3A3A322F08E828F83A3D4
:10EE7000A3E02212EE7722F0EE2408FCE43FFD220C
:10EE80008A828B83E50BF0A3E4F022F0850A828569
:10EE90000B8312E21D2274F5120BD98C088D0975B3
:10EEA0000A0078081211D07C0B7D0002DC9202115E
:10EEB0007EC082C08379181229CC02DA8FC082C04A
:10EEC000838A828B83E0C3940B5003122A3E02DABA
:10EED0008FC082C083791980DE74F7120BD9EAFEE5
:10EEE000EBFF9017F812E2F760109017F812D91B99
:10EEF000122A4A7AF87B171229FCEEFAEFFB122944
:10EF0000F69017F8EEF0A3EFF002DF7A74F7120B29
:10EF1000D974DE121264EAFEEBFF8A82F583E024E4
:10EF2000FD601124FE601524ED600924FA600D14C3
:10EF3000600A803C74161214F5E4800774161214EB
:10EF4000F5740112EFDD740B1214F5AA82AB831273
:10EF50001CCA74131214F512EFF61214F512DB6FBB
:10EF6000740A1214F512F0021214F512DB6F8042CB
:10EF700074161214F57402F0EA12EFD6740B121420
:10EF8000F5AA82AB83121CCA74131214F512EFF6A1
:10EF90001214F512DB6F740A1214F512F002121437
:10EFA000F5E8F0A3E912EFF01214F5AA82AB831290
:10EFB0002A32852182852283740B12EFEAA3E0C0F6
:10EFC000E074011214F5D0E012EFF01214F512E122
:10EFD000D7742202D1702413FCE43FFD22F012EF1B
:10EFE000E222EA2426FCE43FFD22F08E828F832277
:10EFF00012EE777417227403F090074512F7D2745B
:10F0000002227402F090074112F7D274142274F7AE
:10F01000120BD9EAFEEBFF8A82F583A3E0F50870B4
:10F020002CEA242F12F07F7003A3E06960037508B7
:10F03000E8EA242612D0C1602AEE12F076E4F0E568
:10F0400008700AEEFAEFFB122A26E9F508E50860D7
:10F050000F8E828F83A3E50812EFEA741912F08EE7
:10F0600002DF7AEE243212DE6C60D490181FE0705A
:10F07000CE7508E880DB2432F582E43FF58322F583
:10F0800082E43FF58312F7D2900741E0682212D95B
:10F09000FF1229D822C082C08374F1121264740254
:10F0A0001214F5740412F0F7E0C0E074031214F5C2
:10F0B000D0E0F0EA242FF582E43B12F7CC740D1275
:10F0C00014F512DB6FEA2426FCE43BFD74041214F1
:10F0D000F5AA82AB83121CBE74041214F5AA82AB8B
:10F0E00083122A14E9600312F160740212123C12B6
:10F0F000220A740F02D21412F0FFA322F0A3E9F047
:10F100008A828B832274F6120BD974E8121264EA95
:10F11000FEEBFF74021214F57403F0EA2413F508F1
:10F12000E43FF509AC08FD74041214F512D144C093
:10F13000E0740C1214F5D0E012EE73740D1214F595
:10F14000AA82AB83122A32AA08AB09122A14E960F8
:10F150000312F160740212123C12220A7418801F0A
:10F1600085218285228374FFF0A312D20C79531279
:10F17000197C90073B74FFF0A3F022A908740912D0
:10F1800011B17F02020F2674F6120BD974D4121239
:10F1900064EAFEEBFF8A82F583A3A312F237A2E6AC
:10F1A000501C90074112F23C242B12DE6C68700355
:10F1B000A3E0697009901820E06042122A74740B71
:10F1C00012123474031214F512DD3AFCEFFDAA2179
:10F1D000AB22122A2C852182852283742B12E6FA17
:10F1E000900726E0600874081214F5E0600B852192
:10F1F00082852283740512F241742C808290074A22
:10F20000E060BB12D0BE70B6EE2408F508E43FF50E
:10F210000978081211D475080175090078081211CF
:10F22000D4900741120FAF7C327D077A0379061222
:10F23000D0CC1211B180C212D779E02212F7D2EAF3
:10F240002212D20C12220A22C082C08374EF121240
:10F25000648521828522837409F074011214F57487
:10F26000EE12F24102D21274F7120BD9A2AFE433BC
:10F27000FFC2AFE9600312196A1218F812F2CC7ECD
:10F280000012F2BD12E2F7600912F2BD12D9E712C4
:10F290002CE00EEEC3940740E8122AC21229C09057
:10F2A0001839E4F01228A6122A027A447B07795210
:10F2B00012197CEFA2E092AF790002DF7AEE12E43D
:10F2C000D074FF28F582741739F5832212F2F19079
:10F2D0001820E0F912199490074112D91F12199AB7
:10F2E00090074512D91F1219A07A557B071219A64B
:10F2F00022900754E0F91219B8900753E0F9121957
:10F30000AC221229DE02DA8FC082C08390183A74D0
:10F3100092F0A3742AF0A374B0F0A3742AF0A3743B
:10F32000B6F0A3742AF0A37498F0A3742AF0A3741F
:10F33000A4F0A3742AF0A3749EF0A3742AF090188A
:10F340000D7421F0A37418F0A3742FF0A37418F0B7
:10F35000A3743AF0A37418F09017FCE4F0A3F01231
:10F3600018F202DA8F02117E74F7120BD9EAFEEB63
:10F37000FF8A82F583740712F3CC12F3C412F3CC24
:10F38000A3A312F3C4A312F3D6A3A31214BA8E82BA
:10F390008F83A3A3A3A31214C68E828F83A3A3A3D8
:10F3A000A3A3A3A3A3E4F0EC2418F582E43D12F791
:10F3B000CC8E828F83A3A3A3A3A3A3A3A3A312DBB7
:10F3C0006F02DF7AE08A828B83A3A32212F3D6A393
:10F3D000A3A3A3A3A322F08C828D832274F4120B27
:10F3E000D9EAFEEBFF901847E412F4FDA3E0C394C2
:10F3F00006400690184774E8F08A828B83A3A3A383
:10F40000A3A3A3A3E0C3940F40158A828B83A3A375
:10F41000A3A3A3A3E06403601590184774E8F08ADF
:10F42000828B83A3A3A3A3A3A3E06403700E90170E
:10F43000FCE0A2E0400690184774E8F0EAFCEBFD1F
:10F440007A467B18122A8C8E828F83A3A3780812A7
:10F450001482740A780812121B90185A7808121431
:10F46000648E828F83A3A3A3A3A3A3A3E090185EBB
:10F4700012F50CE090185F12F50CA3E0901860F004
:10F48000EE240B12DE6C901861F0EE240C12DE6C90
:10F49000901862F0A3740AF0900754E0901864F09A
:10F4A00090185712DC35740412F5171211D07C0B2A
:10F4B0007D007A657B1812DCA51211B1901847E027
:10F4C000702A8E828F83A3E07022901848E0600635
:10F4D00090184774EAF0901848E0F91219C48E8227
:10F4E0008F837426F07904121A6080078E828F83CE
:10F4F0007429F0EEFAEFFB1229D802D0B912F50107
:10F5000022F08A828B83A3A3A3A3A32212F512A3C2
:10F51000A32212D17DA322F0EE240D12F51F22F5B5
:10F5200008E43FF509750A0078082274F4120BD933
:10F5300074F7121264EAFEEBFF901848E070309006
:10F540001863E0640A60281219D6E9C0E0901863D5
:10F55000E0F890184FE028F8A3E03400F9E824F52B
:10F56000F582E912D11AD0E0F090184EE004F09044
:10F57000185A78081214827401780812121B901815
:10F580005A7808121464901863E004F0E508A2E0C9
:10F590004006E0C3941E40D7E0641E700302F625C7
:10F5A0007A637B1879E112197C74081214F57402DD
:10F5B00012E6E274FFF0A3F0901848E060046402E1
:10F5C0007009EEFAEFFB122A9E8063E06401700678
:10F5D00079087A80800479077A8375086575091837
:10F5E00078081211D4E4F508F50978081211D475D9
:10F5F00008FF7509FF78081211D47406121244121C
:10F60000D0CC1211B1E9F874DB68601474E568605D
:10F610000F74F368600A74DF68600574E868700E40
:10F62000E9901847F08E828F83742912F08E02D0F1
:10F63000B474F0120BD9750801750900750A0075CC
:10F640000B00901863E0780812111B78081214154B
:10F6500090184A78081213E1901848E06403700F7C
:10F6600012F6B01214827808790C120A728035757D
:10F670000801750900750A00750B0090185EE078A6
:10F680000812111B90831378081213A89083AF7887
:10F690000C1214827808790C120A72901848E070E3
:10F6A000031219D078081211CC7A517B1802D0A716
:10F6B00090074F12D0899083AF780C2274F1120B0F
:10F6C000D974D41212648A088B09901848E0640235
:10F6D000600DE064016008E06405600302F7BD901E
:10F6E0001847E4F0740B12123474031214F512DB91
:10F6F0006FAC08AD09AA21AB22122A2C90185FE04A
:10F70000F890184EE0C398507812FB8690184EE09F
:10F71000F50A80368E828F83A3A3A3A3A3A3A3A3FA
:10F72000A312F7CE74141214F5E0687003A3E06915
:10F73000700F740B121244EEFAEFFB121CB8E97052
:10F7400040150AEE2421FE50010FE50A70C6740B25
:10F75000121234880C890D750E00780C1211D07CB1
:10F76000217D0090184EE08CF0A4F8A9F0A3E028C9
:10F77000FAA3E039FB12DCA51211B190184EE00497
:10F78000F0900726E0600E74081214F5E070069001
:10F79000185FE07007AA21AB2212220A90185FE0DE
:10F7A000602190184EE0F890185FE06870158508A9
:10F7B000828509837429F0AA08AB09800312F87ABC
:10F7C0001229D8742C02EBCDF582E43FF58312F7B1
:10F7D000D22212D96AF92274F6120BD974FE1212CF
:10F7E000648A088B09EA241BF582E43509F583E075
:10F7F0006403707DEA2424F582E43509F583E0642E
:10F8000003706EEA2413FAE43509FB794A12197C75
:10F81000850882850983A312FB868E82F58312F800
:10F820008650010FAA21AB22795012197C8E828F4B
:10F830008312F88650010FAA21AB22794B12197C52
:10F84000EEFAEFFB79E112197C8E828F83A312F816
:10F850009212DB70AA21AB22795312197C901847BF
:10F86000E4F08508828509837429F0AA08AB098031
:10F870000312F87A1229D802E2EF90184774E812BE
:10F88000F0FF7429F02212F892F0A3E9F0EE2402BE
:10F89000FE22E0FAA3E0F9EA85218285228322C0D4
:10F8A00082C0837A517B18122AF21219CA79041283
:10F8B0001A6C901848E064037006901847E06009DD
:10F8C0007A647B1879E112197C7A467B1802DA8314
:10F8D000C082C08374F5121264EAFCEBFDAA21AB6E
:10F8E00022122A8C74011214F574FC12F241740B6A
:10F8F00002D214C082C083790702F302C082C0839F
:10F90000901870E4F0A3F0901872F0A3F09019FA38
:10F91000F0A3F0A374FF12EE869019FEF0A3F0A3FB
:10F9200074FF12EE8690187402D59174F4120BD9FC
:10F93000901874E4F0A3F090187012E2F76027902A
:10F9400019FA780812148212FA681212BA501712B1
:10F95000FA4F12FA681212BA500612FA68121464B8
:10F9600090187012DB6990187212E2F790187460A8
:10F970001E12E2F7601112FA5B12148290187212D2
:10F98000FA6B1212BA500D90187212DB69800512D0
:10F99000E2F760219019FA78081214829018741214
:10F9A000FA6B1212BA500E90187412D77E1214DE2F
:10F9B000121886800312188C02D0B974F4120BD975
:10F9C000A2AFE433FEC2AF90187412E2F76078126F
:10F9D000FA5B1214829019FA78081212BA500B12BC
:10F9E000175490187412E2F7605D12FA4F90187471
:10F9F00012FA6B121159504F908333780812148207
:10FA000090187412FA6B1212BA500312175490180D
:10FA10007412FA61122AF2850882850983A3A3A3CE
:10FA2000A3A3A3A3A3E0F9850882850983A3A3A3C5
:10FA3000A3A3A312FC6EEEA2E092AF122CE0A2AF41
:10FA4000E433FEC2AF809BEEA2E092AF02D0B912C7
:10FA5000187A8A088B098C0A8D0B2212E2437808E7
:10FA60002212D09FAA08FB2290187012E23C78085C
:10FA70002274F0120BD98A088B098C0A8D0B741032
:10FA80001214F5801C908333780C1214828E828FAE
:10FA900083A3A3780C1212BA50031217548E828FCC
:10FAA0008312D12760358E828F83A3A37808121327
:10FAB0005C12FADE687002EF6970CA908333780CCA
:10FAC0001214828E828F83A3A3780C1212BA50B5BF
:10FAD0008E828F83A3A312D08080C202D0AF9018F1
:10FAE0007412F7D2EE2274F3120BD9A2AFE433F5FD
:10FAF0000CC2AF90187212FB87901870120FAF9063
:10FB000019FA780812148278081212FBAA08AB09B5
:10FB1000AC0AAD0B122AD474021211B1802F9019C5
:10FB2000FA78081214828E828F83A3A378081212A7
:10FB3000BA40139019FA78081214828E828F83A328
:10FB4000A378081212E48E828F8312FB87EE4F7027
:10FB5000CD9019FE78081214829019FA78081212C2
:10FB6000CF60159019FE1214BA9019FA1214C690AB
:10FB700019FA1214DE121874122AC8E50CA2E092C7
:10FB8000AF7F05020F26A3E0FEA3E0FF2274F01270
:10FB90000BD9A2AFE433FEC2AFED8C0CF50D8C8215
:10FBA0008D83800C850E0C850F0D850E82850F834D
:10FBB000E0F50EA3E0F50FE50E450F601A850E8205
:10FBC000850F83A3A378081214828A828B83A3A350
:10FBD00078081212BA50CD850C82850D8312E6DBAF
:10FBE0008A828B83E50EF0A3E50F12F3D612F23C66
:10FBF000687002EB697003122AC8EEA2E092AF02AD
:10FC0000D0AF74F4120BD9EAFEEBFF740C1214F5AA
:10FC1000C082C08312FA4FD083D08278081213A812
:10FC20008E828F83A3A378081214647C707D18EEF3
:10FC3000FAEFFB122AE002D0B974F7120BD9EAFEF0
:10FC40008C828D83A882A98312FC6EE58245836035
:10FC500018EE65827003EB658370E912D91B888208
:10FC6000898312E6DB79018002790002DF7AE0FA0B
:10FC7000A3E08A82F5832274F7120BD9EAFEEBFF28
:10FC8000A2AFE433F508C2AF7C707D18122AECE90C
:10FC9000700B7C727D18EEFAEFFB122AEC12FADE82
:10FCA000687002EF697003122AC802D165C082C071
:10FCB000839005FCE070037401F0D083D0820211C0
:10FCC0007E74F1120BD98A0A8B0B8C088D09EC45D6
:10FCD00009605D1217C0750C00750D00801C1217AD
:10FCE000A853FE7F1217BAE98E828F83F079001233
:10FCF00017A2050CE50C7002050DE50A250CFEE5C2
:10FD00000B350DFFE50824FFF8E50934FFF9C3E5DD
:10FD10000C98E50D99790040C51217A853FE7F1283
:10FD200017BAE98E828F83F079011217A21217B4E5
:10FD300079007F07020F2674F2120BD98A088B090B
:10FD4000ECFEEDFF1217C0750C03EE4F6031750A23
:10FD500000750B00E508250AF582E509350BF583EA
:10FD6000E0F912179C4006150CE50C70E7050AE552
:10FD70000A7002050BC39EE50B9F40D81217B47999
:10FD8000007F06020F2674F7120BD9E9FF7E087474
:10FD9000805FF91217A2EFC333FFDEF37900121769
:10FDA000A812FE651217A879011214A0A297B380B9
:10FDB0000579011214A07F01020F2674F7120BD9E6
:10FDC000E9FE79001217A879011214A0EE6005531C
:10FDD000FE7F800543FE80C29779011217A880D16B
:10FDE00074F7120BD9E9601453FEBF7E0AA2964045
:10FDF00010EE600D79011214A01E80F143FE40C286
:10FE00009680AE74F7120BD979011217A87E03A25F
:10FE100096400979011214A01EEE70F379001217B2
:10FE2000A812FE651217A879011214A043FE80C221
:10FE30009779011214A079001217A802FDB6C082AA
:10FE4000C08379001217A843FE80C297790112146B
:10FE5000A079011217A812FE651214A053FE7F5359
:10FE6000FEBF02FCBA53FE7F79012274F6120BD951
:10FE70007E007F0779001217A879011214A079017A
:10FE80001217A879011214A0A297501175080175D4
:10FE90000900EF780812136FE508CE4EFE74FF2FAD
:10FEA0001FC39400A2D265D03350C9EEF97F02027D
:10FEB0000F2674F7120BD9E9FF7E031217AEEFF984
:10FEC00012179C40041EEE70F202FDB674F1120B84
:10FED000D9890E8A0BECFEEDFF750C00750D0074D0
:10FEE0000F1214F512FFD860371217AEE50EC333A8
:10FEF000F50AF912179C5004D2F08002C2F0A2F069
:10FF0000501EA90B12179C50171217AE7401450A08
:10FF1000F912179C5004D2F08002C2F0A2F0400403
:10FF20007901804479001217A853FE7F1217BAEEA8
:10FF3000250CF582EF350DF583E9F0C3E508940251
:10FF4000E5099400400579001217A2050CE50C7034
:10FF500002050D12FFE470CC79001217A812FE659D
:10FF60001217A21217B4790002FD3274F2120BD9E3
:10FF7000890D8A0CECFEEDFF750A00750B00740EFE
:10FF80001214F512FFD860371217AEE50DC333F91E
:10FF900012179C5004D2F08002C2F0A2F05020A9A7
:10FFA0000C12179C501979001217A853FE7FEE25EA
:10FFB0000AF582EF350BF583E0F912179C400479BE
:10FFC000018012050AE50A7002050B12FFE470D6E3
:10FFD0001217B4790002FD81E0F508A3E0F509E508
:10FFE00008450922E50824FFF508E50934FFF5096D
:05FFF000E508450922AF
:020000040001F9
:10000000C082C083E990151AF002822E74F4120B9C
:10001000D98A088B09EB5480604D800EEEFAEFFB15
:10002000121D54EEFAEFFB121B4A90151AE0F9125A
:100030001B5C8A0A8B0BAE0AAF0BEE4F60208E82E0
:100040008F83E0641A60D5EEFAEFFB121D06E9F922
:1000500074FF6960CEEEFAEFFB121B5080CCAA0849
:10006000E5096480FB80047A007B000283EC74F76E
:10007000120BD97AFF02946C74F6120BD9E9FEEADE
:10008000FF7A047B00121BDAEA4B6035EF8A828B21
:1000900083A3A3A3F0EE8A828B83A3A31280FEF036
:1000A0009015261299CE7009901526EAF0A3EB80E0
:1000B00047E0F988828983A3A3A3E06F7007121B2E
:1000C000E079008036E8FCE9FD888289831299CEC8
:1000D00070E174FF6F700D8C828D83EAF0A3EB12D8
:1000E00080FE801490152612A7849015261292C2C5
:1000F0008A828B83E8F0A3E9F07901029579F08A8E
:10010000828B83E4F0A322C082C083EA12A75E3B05
:10011000F583E0FA9015268004888289831299CEAF
:10012000601C88828983A3A3A3E0FBEA6B6005744B
:10013000FF6B70E588828983A3A3E0F9800279FFD1
:1001400002822E74F2120BD98A088B098A828B8361
:1001500012AAA2121D06E9F50A74FF650A700302CD
:1001600082297A197B00121B448A0C8B0DAE0CAFCE
:100170000DEE4F70030282298E828F837434129F9A
:1001800085A3A3EE2402FCE43FFD74061210FA8559
:100190000882850983128E04A3A3A3A3129B70A3D4
:1001A000A3A3A3EAF0A3EB12835AA3EE240AFCE470
:1001B0003FFD740C1210FA12A78DC812A75E38F515
:1001C00083E0C0E0EE2416F582E43FF583D0E0F052
:1001D000E508240CF8E43509F98882898312AAA27B
:1001E000EE2417F582E43FF583EAF0A3EB12859D38
:1001F000A3A3A3E0FA74066A7009EEFAEFFB122CCF
:1002000000800C74086A7010EEFAEFFB122BFAEE05
:10021000FAEFFB121B4A801188828983E4F0A3F075
:10022000EEFAEFFBA90A121B507901029AE3D08380
:10023000D08202117E74F4120BD98A088B09ECFE6D
:10024000EDFF7A087B00121BDA8A0A8B0BA80AA939
:100250000BE849700479108036128311A31282FBD7
:10026000740C1214F512AF96A3A3A3A31292C0901C
:10027000151E12949E90151E6012E0FCA3E08003F0
:10028000EAFCEB12949970F88C828D831282ED0255
:1002900083EC74F4120BD989088A09ECFEEDFF7A1D
:1002A0000A7B00121BDA8A0A8B0BA80AA90BE84901
:1002B000700479108034128306E4F0A31282F5E50D
:1002C000091282F5A3EEF0A3EFF090152012949E90
:1002D0009015206012E0FCA3E08003EAFCEB12948E
:1002E0009970F88C828D831282ED0283ECE8F0A382
:1002F000E9F079002212835EA3A322E50912836349
:10030000EEF0A3EFF02212831188828983A3A3A3C6
:100310002288828983E4F0A312836AA3E508F0228D
:1003200074F2120BD9EAFEEBFF8C088D09121D66E0
:100330008A0C8B0DA80CA90DE84960198882898365
:10034000A3A3A3EEF0A3EF12835AE508F0A3E509F7
:10035000F0790080027901029AE312835E2212830F
:1003600063A32212836AA3A3A322F088828983A3B2
:100370002274F4120BD974F7121264E9FEECFF85B3
:1003800021828522837401F0EF7006EDC39406404C
:100390005074036A4B604A7401121234880A890B44
:1003A000780A1211D47C127D007A007B00EEF912DB
:1003B0001D6C74021211B1E9601CE4F50AF50B78AA
:1003C0000A1211D47403121244740212123C121D48
:1003D000A874021211B1852182852283E064017024
:1003E0000479018002790074091211B17F04020FAF
:1003F0002674E8120BD974FA12126489088A0A8BDF
:100400000B8C0E8D0F122C968A0C8B0DAE0CAF0D33
:10041000EE4F70057902028593AA0EAB0FA9081260
:100420001D84E9F509A2E6401C9015241299CE60BE
:1004300014E82419F582E439F583E064017006E5D7
:1004400009D2E6F5097C067D007900AA21AB2212CB
:100450001B32741F1214F5128E116009E054FCF067
:10046000E044018003E054FC12859D1299CE602C7B
:10047000741E1214F5E0F50C88828983A3120FAF65
:10048000AD0C74021214F5E05403FCAA0EAB0FA9D4
:1004900008121D2474021211B1E970057901028558
:1004A0009374221214F51299CE601285218285224E
:1004B00083E04404F074021214F51292CF742012F7
:1004C00014F5128E116005E044088003E054F7F043
:1004D00074211214F5128E116005E044108003E0BF
:1004E00054EFF074241214F5E0C0E074041214F513
:1004F000D0E0F074051214F5E50CF0780385218244
:10050000852283E054046002780574251214F512E4
:100510009AA2E8250CF516E4350DF517AA16FB127C
:100520001BDA8A148B15EA45156064AC14AD15AA64
:1005300021AB22121D6074271214F512AC0B12119C
:10054000D0AC0CAD0D121B2674031211B19018B172
:10055000E0F50C780C1211D8750CA7750D16780CF7
:100560001211D478141211D478161211D4780E12F4
:1005700011D4A909EEFCEFFDAA0AAB0B122CA27450
:10058000091211B1E9FEAA14AB15121BE080027E1C
:1005900010EEF974061211B17F10020F261297B3F4
:1005A000A3A3A3A322EEF97F0C020F26E50C28F5E6
:1005B00082E50D128D372274EA120BD974FE1212E5
:1005C0006489098A0C8B0DECFEEDFF751000751126
:1005D0000075080074181214F51299C1801512875D
:1005E00099121DB48B0FE5102AF510E511350FF5A2
:1005F00011050812878C5046E50875F006A4F8A985
:10060000F0E50A28F582E50B1285B3E5102403F521
:1006100010E43511F511A3A3E070D60510E51070B4
:1006200002051188828983A3A3A3A312949E8882C2
:10063000898360AAA3A3A3E0F9121DA280A6AA1031
:10064000AB11121BDA8A0E8B0F8A128B13EA451339
:10065000700302876F7508008036A821A9228814CC
:10066000891578141211D4780E1211D48A828B83D2
:10067000128799121DBA74041211B1852182852244
:100680008312A784E50E28F50EE50F39F50F05084E
:1006900012878C5078E50875F006A4F8A9F0E50AF1
:1006A00028F582E50B12A73D12877F8A828B83A3F0
:1006B000128776F0129452128776A3F0E50E240387
:1006C000F50E5002050F88828983E070C1EA240389
:1006D00008E43BF9881489158882F58312877FA383
:1006E00085820E85830F8A828B83A3A31299CC7097
:1006F0000302865AAC0EAD0FE8FAE9FB8514828539
:100700001583E0F9121D908A0E8B0F8081781212EA
:1007100011D478101211D474201214F5128E1912FB
:1007200011D8E4F50AF50B780A1211D474221214C8
:10073000F5128E191211D874221214F5128E191294
:1007400011D875080078081211D8750801780812B8
:1007500011D8EEFCEFFDAA0CAB0DA909121D2A74ED
:100760000B1211B1E9FEAA12AB13121BE080027E3C
:1007700010EEF90287A712877A22128784A3221229
:100780008784F022E0850E82850F8322850A828588
:100790000B83E0F8E508C3982212AFEFEEFAEFFB07
:1007A000A90922EEF9800574021211B17F0E020F21
:1007B0002674EC120BD9890EEAFEEBFF8C088D092A
:1007C00074141214F51288A675F003A4F512E5F05E
:1007D000F513AA12FB121BDA8A0A8B0B8A108B11F3
:1007E000EA451170030288997A00802FEA75F003B8
:1007F000A4F8A9F0E50C28F8E50D391289C8E82419
:1008000002F85001098882898312889E1289D3F0E8
:10081000E50A2403F50A5002050B0A850C82850DB2
:1008200083E0F8EAC39840C4740168700AA3E070DA
:100830000675120175130078101211D47812121176
:10084000D4741C1214F5128C1D1211D8E4F50AF59B
:100850000B780A1211D4741E1214F5128C1D121189
:10086000D8741E1214F5128C1D1211D8750A007856
:100870000A1211D8750A04780A1211D8AC08AD0909
:10088000EEFAEFFBA90E121D2A740B1211B1E9FE4C
:10089000AA10AB11121BE080027E100285A5E08534
:1008A0000A82850B832212A788880C890D8882F51D
:1008B00083E02274EA120BD9890EEAFEEBFF8C0862
:1008C0008D0974161214F51288A6F50A750B0074BA
:1008D00002780A12136F850A12850B13AA12AB1342
:1008E000121BDA8A0A8B0B8A108B11EA45117003EE
:1008F0000289B67A008041EAF51475150074027811
:100900001412136FE50C2514F8E50D35151289C87E
:1009100088828983A3A31289BBF0E82403F85001DD
:1009200009888289831289BB1289D3A3F0E50A243E
:1009300004F50A5002050B0A850C82850D83E0F848
:10094000EAC39840B2740168700AA3E07006751299
:100950000175130078101211D478121211D4741E7C
:100960001214F5128C1D1211D8E4F50AF50B780A51
:100970001211D474201214F5128C1D1211D8742087
:100980001214F5128C1D1211D8750A00780A121172
:10099000D8750A07780A1211D8AC08AD09EEFAEF3B
:1009A000FBA90E121D2A740B1211B1E9FEAA10AB9D
:1009B00011121BE080027E100287A31289BF22E081
:1009C000850A82850B83A322F988828983A31288F2
:1009D0009EF0221289DF850A82850B83A3A322A3BE
:1009E00012836AE02274E6120BD9890B8A128B13E8
:1009F0008C0E8D0F7E007F00750A00741A1214F59C
:100A0000129AA28009EE2402FEE43FFF050A850C3B
:100A100082850D83E0F8E50AC3985046E50A75F033
:100A20000DA4F8A9F01285ACEE2404FEE43FFFE02B
:100A300070DAA3E070CFEE2405FEE43FFFE8240463
:100A4000F508E439F509850882F583E0F9121D9669
:100A5000E960B9850882850983E0F9121D9CEE29B9
:100A600080A6EEFAEFFB121BDA8A088B09EA450929
:100A70007003028BFF8A168B17750A00801EE5141F
:100A80002409FCE43515FD8C828D83128C128C8236
:100A90008D83A31297B988168917050A850C82855C
:100AA0000D83E0F8E50AC3984003028B99E50A75C7
:100AB000F00DA4F8A9F0E50C28F582E50D12A75475
:100AC000128C12851482851583A3AC82AD83128C9F
:100AD00005F0E5142402F8E43515F98882898312BB
:100AE0008C0A128C23F0E5162404F5165002051723
:100AF000851482851583E070A1E5162402F8E4359B
:100B000017F9851682851783A3AA82AB838C828D01
:100B100083E06003028A7EE5142404F510E43515B1
:100B2000F511851082F583128C12E5142405FCE47E
:100B30003515FD8C828D831297B98C828D83A3E04D
:100B400088828983F0E5142407F8E43515F9888252
:100B50008983128C05128C23A3F0E5162405F51663
:100B600050020517851082851183E0F9121D96E960
:100B70007003028A9AAC16AD17E514240BF582E4D3
:100B80003515F58312AAA2851082851183E0F9122A
:100B90001D908A168B17028A9A78081211D48E0C2F
:100BA0008F0D780C1211D474221214F5128C1D12B0
:100BB00011D8E4F50CF50D780C1211D4742412142C
:100BC000F5128C1D1211D874241214F5128C1D12FA
:100BD00011D8750A00780A1211D8750A09780A1214
:100BE00011D8AC0EAD0FAA12AB13A90B121D2A74AB
:100BF0000B1211B1E9FEAA08AB09121BE080027EBC
:100C000010EEF98031128C0AA322E0851682851736
:100C10008322128C0AF022A3A3A3A3A3A3E0F50AC4
:100C2000780A22A31289DF851682851783A3A3A3DE
:100C300022740A1211B17F12020F2674EA120BD924
:100C4000890CEAFEEBFF8C0A8D0B75120075130000
:100C5000750D0074161214F5129B928009128D19ED
:100C6000121DA2128CFC128D0C40F2AA12AB1312B0
:100C70001BDA8A0E8B0F8A148B15EA45156078757E
:100C80000D00800C128D3F121D908A0E8B0F050DEA
:100C9000128D0C40EF78141211D478121211D47402
:100CA0001E1214F5128E191211D8E4F508F5097800
:100CB000081211D474201214F5128E191211D8745E
:100CC000201214F5128E191211D875080078081226
:100CD00011D875080A78081211D8AC0AAD0BEEFAD3
:100CE000EFFBA90C121D2A740B1211B1E9FEAA1414
:100CF000AB15121BE080027E100287A38B0FEA2443
:100D000003F8E4350FF912AF5E050D2285088285E0
:100D10000983E0F8E50DC39822128D27A3A3A3123F
:100D2000AF9AA3A3E0F922E50D75F005A4F8A9F0A8
:100D3000E50828F582E50912AF85A882A983221269
:100D40008D271287841289E0850E82850F83A3F098
:100D5000E82402FAE439FB8A108B118A82F58312A7
:100D6000877AA3F0E50E2403FCE4350FFD88828921
:100D70008312AAA7851082851183E0F92274F612E6
:100D80000BD974FE121264E9FE740C1214F5128E63
:100D900004128E11128E1FC0E074011214F5D0E0FF
:100DA000F0A821A9228808890978081211D47508A9
:100DB0000275090078081211D474161214F5128EF7
:100DC000191211D874151214F5120FAF74161214EB
:100DD000F5128E191211D874161214F5128E1912FA
:100DE00011D875080078081211D875080B78081208
:100DF00011D8EEF9121D2A740B1211B174021211DE
:100E0000B1029579128E082212A793F988828983FC
:100E100022E085218285228322E0F50878082212CB
:100E200089E02274F1120BD974EB121264EAFEEB22
:100E3000FFC200EE2420F8E43FF98808890988827F
:100E4000F583C3E09403A3E0940050057901029276
:100E50006C901524EEF0A3EFF074021214F5EEF08E
:100E6000A3EFF0740E1214F5E4F0A3F0740A121458
:100E7000F5E4F0A3F0740C1214F5E4F0A3F0EE2402
:100E800022F8E43FF9880A890B8882F58312AAD1F7
:100E900074041214F5AA82AB83121D5A8A0C8B0DAE
:100EA000A80CA90D740A1214F5E8129F7E12AAA2CA
:100EB000EAC398F8EB99F9850A82850B83E028F854
:100EC000A3E039F9740C1214F51292CF74081214BD
:100ED000F5E090151DF0EE2414F508E43FF50985C2
:100EE0000882F583E0F9122C968A828B83E582458D
:100EF00083700C901524E4F0A3F0790202926C1236
:100F000092B4602BEE2404F50AE43FF50BA3120F14
:100F1000AF740B1214F5E0FD74061214F5E05403DF
:100F2000FC1292A2121D2474021211B1E9700C90ED
:100F30001524E4F0A3F0790302926C1292A2121D20
:100F400084E9F50E850A82850B8312AAA2EAFCEBDE
:100F5000FD90151E8004888289831299CE70030249
:100F6000905188828983129AA0C3EC950CED950D5F
:100F700040E488828983A3A3A3A3C3E09CA3E09D4C
:100F800040D4E8FCE9FD74041214F5E05407700D38
:100F900074091214F5E0640B7003029055E50EA27B
:100FA000E64003029055EE2419F582E43FF583E014
:100FB000600302905574021214F512928B600302C2
:100FC000904574021214F51299C970797C00850855
:100FD00082850983E0F9121D8A74011214F57401E7
:100FE000F074091214F51292741214F5E0F50C78ED
:100FF0000C1211D874071214F5120FAF750C01788A
:101000000C1211D874081214F512A798F50C780C6C
:101010001211D87405121234880C890D780C121133
:10102000D474091214F51292991214F512927F12C7
:1010300014F512AAE4121D4E74071211B17C0112AC
:1010400092A2121D8A901524E4F0A3F07905029271
:101050006C7C007D0074041214F5E0F85403600306
:10106000029183E8540460057E840291C1740912E0
:1010700014F5E0F8C39417400302917FE8F50A7570
:101080000B007402780A12136F749C250AF582749F
:1010900031350BF583E493F8740193F9E849700353
:1010A00002917F850882850983E0C0E074101214E4
:1010B000F5D0E0F0740C1214F512AAA274111214F7
:1010C000F51292C2740A1214F512AAA27413121421
:1010D000F51292C2741012123C88828983122CE09D
:1010E0008A088B09A808A909740E1214F51292CF68
:1010F000E849604C74091214F5E0F50875090074AC
:1011000002780812136F749E2508F5827431350930
:10111000F583E493F8740193F988828983E5824525
:10112000836012740212123C122CE0740E1214F539
:101130001299CE600B740E1214F512AAA2121BE0C3
:1011400074091214F5E0F86058740268605374036F
:1011500068604E7405686049740668604474086885
:10116000603F740C68603A7411686035741368608D
:1011700030741568602B740B6860267E0080427E98
:1011800082803EEC4D602A8C828D83A3A31292B4A0
:10119000601F740212123C122CE0E9FE74FF6E70A4
:1011A0000B901524E4F0A3F0F902926C74016E70B8
:1011B0001074041214F5E0540460047E8380027EEF
:1011C0008174021214F512928B707A74021214F563
:1011D0001299C9707074041214F5E0FA5410706515
:1011E00074011214F5EEF074091214F512927412CF
:1011F00014F5128E191211D874071214F5120FAFCC
:1012000075080178081211D8EA131313541F6401EA
:101210005401F50878081211D874051212348808A0
:10122000890978081211D474091214F512929912CE
:1012300014F512927F1214F512AAE4121D4E7407CF
:101240001211B1D200901524E4F0A3F0EE700479ED
:1012500000801974846EA200700A50047907800C13
:1012600079068008500479098002790874151211F2
:10127000B1029A9BE0852182852283F0740822E0E6
:101280002406FAA3E03400FB74092212A793C824B1
:1012900015F582E438F583E0221299D412AFEB748D
:1012A0000922850A82850B8312AAAA8508828509EC
:1012B00083E0F922A3A3A3A3128E08E5824583222B
:1012C000A3A3EAF0A3EBF0221292D5A3A3A3A3E871
:1012D000F0A3E9F022E0F8A3E0F9850A82850B8308
:1012E0002274F4120BD98A088B09ECFEEDFF7C0600
:1012F0007D007900121B32850882850983E054FC49
:10130000F8A3E0F98E828F83E05403FAE84A850857
:1013100082850983F0A3E91293CCA2E25004D2F0B3
:101320008002C2F0850882850983E054FBF0A2F0B8
:10133000E433F50A750B007402780A12136FE04566
:101340000A1293CCA2E3850882850983E050044405
:1013500008800254F71293CCA2E45004D2F0800229
:10136000C2F0850882850983E054EFF0A2F0E433EF
:10137000F50A7404780A12136FE0450A129DEE858F
:101380000882850983E0540460091293BB1293D349
:1013900050010F8E828F83E0850882850983A3A385
:1013A000A3A31297C1850882850983A3A3A3A3A33E
:1013B000F0EE2402FAE43FFB0283EC8E828F83E09E
:1013C000FAA3E0F9EA850882850983221297B3E03F
:1013D00022A3A3A3A3F0A3E9F0EE2402FE2274F754
:1013E000120BD98A828B83E054038C828D831294F2
:1013F00065540412945E540812945E5410F88C8262
:101400008D83E048F0A3AC82AD838A828B83E05465
:10141000046018129452E08C828D83128E1F8C828D
:101420008D83A3F0EC2402FC50010D8A828B83A3F0
:10143000A3A3A3E08C828D83F08A828B83A3A3A3D2
:10144000A3A3E08C828D83A3F0EC2402FAE43DFB9D
:10145000801DEA2402F8E43BF98882898322F88C13
:10146000828D83E048F08A828B83E022121D007F08
:1014700001020F26C082C08390152080048A828BCF
:101480008312949E600C8A828B83A3A3E06970ED23
:1014900080047A007B0002822EFD8C828D8312AA4A
:1014A000AAEA4B2274F0120BD98A088B09ECFEEDE4
:1014B000FF121D668A0C8B0DEA450D60787C00805A
:1014C000010C850C82850D83A3A3A3A3A3A3A3E092
:1014D000F8ECC398505FECF50E750F007403780EAE
:1014E00012136F850C82850D83A3A3A3A3A3A3A3CB
:1014F000A3E0250EF8A3E0350FF988828983E493F1
:10150000FA740193FBE5086A7003E5096B70B2A3F6
:10151000A3E493FA740193FBEE6A7002EF6B70A17F
:1015200074101214F512AAD18983888274081210DB
:10153000D879018002790080031211B17F08020F6F
:101540002674F6120BD9121D668A828B83E58245BA
:1015500083600512AA9F80047A007B00801B74F6CA
:10156000120BD9121D668A828B83E5824583600542
:1015700012AA9D80047A007B007F02020F2674F776
:10158000120BD9901522E0FEA3E0800A8E828F8391
:1015900012AAD1ECFEEDFFEE4F604A8E828F83A33C
:1015A000A3E06970E778008001088E828F83A3A38F
:1015B000A3E0FCE8C39C50D4E875F003A4FC85F0DC
:1015C00008AD088E828F83A3A3A3A3E02CFCA3E025
:1015D0003DFD8C828D83E06A7003A3E06B70CAECE2
:1015E000FAEDFB80047A007B0002946F74F6120B14
:1015F000D9121D7E8A828B83E58245836006A3A370
:10160000E0F98002790002957974F6120BD9ECFFAB
:10161000121D7E8A088B09A808A909E8496015E807
:101620002402F582E439F583EF6005E0D2E6800319
:10163000E0C2E6F002957974F0120BD9EAFEEBFFF6
:10164000ECFAEDFBEE4F70030297B0EA2402F508C6
:10165000E43BF5098A828B83A3AC82AD838E0C8F29
:101660000D750E00E91210600441427B9743448DD2
:1016700097E0E24697E8E9F9962508EB9609F9968E
:101680000A08970B469710EB9618EB9619F9961ADD
:1016900008971B46971C57971D60971E69971F72E6
:1016A0009720EB9621F9962208972346972457977F
:1016B00025609726699727729728EB9629F9962A2D
:1016C00008972B46972C57972D60972E69972F7266
:1016D0009730EB9631F99638F9963946973A7297E2
:1016E000EA4697F07297F19F97B0978E828F831298
:1016F00097B9ECFAEDFB0297B01297BE8C828D83FE
:10170000F00A0AAB090297B08E828F83780C12140C
:10171000828A828B83E50C1297B3780C121482E5CF
:101720000D8C828D831297B3780C1214827410780A
:101730000C12121B850882850983E50CF0EA24034C
:10174000FA506D0B806A8E828F83120FAB121BB022
:1017500074041211B18059780C1211D07C058046A6
:10176000780C1211D07C06803D780C1211D07C07C9
:101770008034780C1211D07C08802B780C1211D098
:101780008E828F83E02401FCE43400800F780C12F9
:1017900011D08E828F831298D7FCE439FD800978AE
:1017A0000C1211D07C107D00121B2674031211B193
:1017B00002953CF08E828F83221297CBF0221297F3
:1017C000C71297B3A3E0228E828F83E08A828B8335
:1017D00022C082C083E912106003202FE997383AB3
:1017E000E997E0E2E99700ED97790180027900023C
:1017F000822EE924F8607814607914607A14607B92
:1018000024FB606B24F860671460681460691460DE
:101810006A24FB605A14605B14605C14605D1460A1
:101820005E14605F14606014606114604214604371
:1018300014604414604514604614604714604814F2
:10184000604914602A14602B24F9602714602C145A
:101850006039245A602514602214601F24FA601332
:1018600014601014601524FA602114602280247919
:101870000180227902801E7903801A79048016790A
:101880000580127906800E7907800A79088006792A
:10189000108002790002117E74F7120BD9E9FE74F0
:1018A000446E600574436E700C8A828B831298D7E5
:1018B000FAE439801574426E600574416E700E8AC8
:1018C000828B83E02401FAE43400FB8007121D9C24
:1018D000E9FA7B0002946FE0FCA3E0F9EC24022219
:1018E00074F1120BD9EAFEEBFFEC2406F8E43DF9A3
:1018F000880889098882F58312949E700479018092
:101900003A8C828D83A3A3A3A3E0F9121DA28A0AB5
:101910008B0B129B7C1211D0AC0AAD0BEEFAEFFBD5
:10192000121B2674031211B1740F1214F51292B81F
:101930006007E50AF0A3E50BF07900029A9B74F0CA
:10194000120BD974F8121264890C8A088B09ECFE08
:10195000EDFFA821A922880A890B780A1211D4A9BF
:101960000C121D6C74021211B1E970047901804CE3
:1019700074181214F512A7AD741A1214F51299C145
:1019800074061214F51299CE780A60161211D474E6
:1019900002121244AA0EAB0F121DA874021211B14A
:1019A000801A1211D4780E1211D4EEFCEFFDAA08A1
:1019B000AB09A90C121DBA74041211B17408029576
:1019C00039E0F50AA3E0F50B221299D4A3A312A7DC
:1019D00088E8492212A793F58388822274F0120BBB
:1019E000D974FE1212648A0A8B0BECFEEDFF85217E
:1019F00082852283E4F0A3F0121D728A088B09EA23
:101A00004509602FA821A922880E890F780E12118E
:101A1000D4E4F50EF50F780E1211D47900EEFCEF38
:101A2000FDAA0AAB0B850882850983122CE0740499
:101A30001211B185218285228312AAA27402029515
:101A40003974F1120BD98A088B09ECFEEDFF121DD7
:101A5000728A0A8B0B74111214F5129AA2E50C45C6
:101A60000D600A850C82850D83E4F0A3F0EA450B36
:101A70006027780C1211D474111214F5120FAF797B
:101A800001EEFCEFFDAA08AB09850A82850B8312E3
:101A90002CE074041211B1800279C17F07020F2675
:101AA000A3A3E0F50CA3E0F50D2274F2120BD9EA22
:101AB000FEEBFF8C088D098C828D83A3A3A3A3A3C7
:101AC000E0A2E4501C121D788A828B83E582458354
:101AD000600F7901AC08AD09EEFAEFFB122CE08043
:101AE0000279007F06020F2674F1120BD9ECFEED8D
:101AF000FF8E828F83A3A3A3A3A3E0A2E150691268
:101B00001DD2E9F50A7064740F1214F5129B9290BD
:101B1000151B1299CE6013AC08AD09EEFAEFFBE08D
:101B2000F5838882122CE0E96039E5082403F8E4A3
:101B30003509F9880889098882F583129B70E0F9D4
:101B4000121DA28A0C8B0DAC0CAD0D129B7C1211D8
:101B5000D08E828F83A312AA9D121B2674031211AA
:101B6000B18008750A878003750A88A90A029A9BC2
:101B700012AAAA8E828F83A3A3A3A322850882859B
:101B80000983E0F508A3E085080CF50D750E0078D3
:101B90000C22E0F508A3E0F5092274F2120BD989B2
:101BA00008ECFEEDFF8E828F83A3A3A3A3A3E0A284
:101BB000E1504D121DD2E9F97048A908121D728A30
:101BC0000A8B0BEA450B6034E4F50CF50D780C122A
:101BD00011D474101214F5120FAF79028E828F8314
:101BE00012AACF8E828F8312AAA2850A82850B83C6
:101BF000122CE074041211B1E9F9800679C1800257
:101C00007988029AE374F2120BD9EAFEEBFF8C0892
:101C10008D098C828D83A3A3A3A3A3E0A2E5501C0E
:101C2000121D788A828B83E5824583600F7902AC2E
:101C300008AD09EEFAEFFB122CE080027900029A5F
:101C4000E374F4120BD912A2FB8A828B83A38582E0
:101C50000885830912A000121BDAEA4B604A12A71A
:101C60008DC313E8138A828B83F07C00802F8E82D1
:101C70008F83E0F508A3E0F8E4C8F9E50828E43923
:101C8000F509EC129CABEA28F582EB12AF85E5086A
:101C9000F0A3E509F0EE2402FE50010F0C8A828BBE
:101CA00083E0F8ECC39840C60283EC25E0F8E43307
:101CB000F92274EB120BD9129F2212AADC751300C1
:101CC000750E00750F00804905138E828F83A3A3C4
:101CD000E0F8EE2403FE50010FE870358E828F830A
:101CE000E0F9A3AE82AF83EEFAEFFB121DA28A08E1
:101CF0008B09EE2AFEEF3509FFEAA2E0500705083E
:101D00000470020509E50E2508F50EE50F3509F505
:101D10000F129F67EE98EF9940AE75F006E513A499
:101D200004F508129F1A121BDA8A0A8B0BEA450B7C
:101D30007003029DE5850C82850D8312AADEA8083A
:101D4000EA28129F3E029DDBE51475F006129F34CF
:101D50008E828F83129F5A1292D08E828F83A3A37A
:101D6000E0F8850E82850F83A3A3F0EE2403FE50D6
:101D7000010FE870648E828F83129F4FA3129DEE35
:101D8000EEFAEFFB121DA28A088B098E108F1175D7
:101D9000120078101211D0AC08AD09AA0CAB0D12CC
:101DA0001B2674031211B1850E82850F83A3A3A392
:101DB000A3E50CF0A3E50DF0EE2508FEEF3509FFD5
:101DC000E508A2E0500705080470020509E50C25A6
:101DD00008F50CE50D3509F50D0514E514C395134B
:101DE0005003029D48AA0AAB0B7F0D020F26129DDD
:101DF000F222F08E828F83A3AE82AF832274EB1225
:101E00000BD9129F22F583129B92751300750E0059
:101E1000750F0080420513850882850983A3A3E01E
:101E2000F9E5082403F50850020509FAAB09121D6B
:101E3000A28A108B11AE10AF11E5082AF508E5094A
:101E40003FF509EEA2E050050E0470010FE50E2EDD
:101E5000F50EE50F3FF50F129F67E50898E5099924
:101E600040B375F005E513A404FE129F1A121BDAA5
:101E70008A0A8B0BEA450B7003029F17850C82853B
:101E80000D83129B92EA2E129F3E029F0DE5147560
:101E9000F005129F34850882850983129F5A129F8C
:101EA0007EA3A3129F4FF0E5082403F50850020516
:101EB00009FAAB09121DA28A108B11AE10AF118561
:101EC000081085091175120078101211D0EEFCEF80
:101ED000FDAA0CAB0D121B2674031211B1850E82E4
:101EE000850F83A3A3A3E50CF0A3E50DF0E5082E71
:101EF000F508E5093FF509EEA2E050050E04700172
:101F00000FE50C2EF50CE50D3FF50D0514E514C39A
:101F100095135003029E8D029DE5250EFAE4350FC0
:101F2000FB228A0A8B0BEA2403F50CE4350BF50D32
:101F3000850C822212A24085820E85830F22F50C29
:101F4000E43BF50D8A828B83E513F075140022E0E3
:101F5000F9850E82850F83A3A322E0FAA3E0F9EAB4
:101F6000850E82850F8322850A82850B83A312AB9F
:101F700009129F7522E028F8A3E039F9C322F0A3E3
:101F8000E9129F8522F08508828509832274F01268
:101F90000BD9EA2403F8E43B12AAD5750C008A8217
:101FA0008B83A385820A85830B12A000121BDAEAB9
:101FB0004B604A850A82850B83E064017002A3E0CE
:101FC00070291297C7A3F0750C01802AE50C12A0A6
:101FD0000AF50EA3E0FDE50E88828983A3A3F0A392
:101FE000EDF0050CEE2402FE50010F850A82850BF0
:101FF0008312A26640D68A828B83E50CF002953C60
:10200000E02401FAA3E03400FB2275F003A4F8A950
:10201000F0EA28F8EB39F98E828F83E08882898391
:10202000A3129DF2E02274EA120BD974FE1212641C
:102030008A0A8B0BEA2403F8E4350B12AAD5750E35
:1020400000750C00750D008007EE2405FE50010F91
:10205000850A82850B83A312A2665039050E8E82F3
:102060008F83E070E4A3A3A3E0F50FEE2408FE50F5
:10207000010FA90F121D96E96010A90F121D9C12E5
:10208000A24F50010812A25B80C68E828F83A3AE3E
:1020900082AF8380BB75F00CE50EA404F50F250C10
:1020A000FAE4350DFB121BDA8A0A8B0BEA450B703A
:1020B0000302A23985088285098312AADEA80FEAE5
:1020C00028F50CE43BF50D8A828B83E50EF0750F45
:1020D00000801E88828983E0F9EC85088285098367
:1020E000A3A3A3A3A3A3A3A31292D00E0EEBFF0559
:1020F0000FE50FC3950E400302A239E50F75F00CF2
:1021000012A2408582088583097C0C7D007900AA93
:1021100008AB09121B328E828F83E0FD8508828511
:10212000098312A0211293C01293D450010F2402EC
:10213000FAE43FFB8E828F83A3A882A9838E828FCD
:1021400083E0FCED708DE5082403F510E43509F516
:1021500011EC851082851183F00EE9FF8E828F834A
:10216000E0F5128A828B83E0F9E512850882850901
:10217000831293D150010F1293BBA3A31293D1509A
:10218000010FECF9121D96E9700302A0EF8E128F79
:1021900013AA0CAB0D851082851183E0F9121DA2E4
:1021A0008521828522837401F0A3E4F08521828554
:1021B0002283E0600C7514017515007800790080A9
:1021C0003A7514FF7515FFEA24FFF8EB34FF802AF7
:1021D000851282851383E0C0E0E50C28F582E50DC9
:1021E00039F583D0E0F0851282851383A3858212AE
:1021F000858313E82514F8E93515F9EAFCEBFDECC5
:1022000024FF1AED34FFFBEC4D70C585088285096B
:1022100083A3A3A3A3A3A3A3A3A3A3E50CF0A3E574
:102220000DF0851082851183E0F9121D9C12A24FDA
:1022300050010812A25B02A0EFAA0AAB0B0287A70B
:10224000A4F8A9F0E50A28F582E50B12AF8522E98A
:10225000F8EE29FEE43FFFE8A2E022E50C28F50CA9
:10226000E4350DF50D2212A78885088285098312B1
:102270009F75EE98EF992274F4120BD98A828B83A2
:10228000A3A3A312AADE8A828B83A312A7847A0354
:102290007B001208E5E8F50875F00312A733121B5E
:1022A000DAEA4B60348A828B83E508F07508008097
:1022B0001FE50812A00AF50AA3E0FDE50A88828955
:1022C00083A3A3F0A3EDF0EE2402FE50010F050856
:1022D0008A828B8312879240D80283EC74F6120BA9
:1022E000D912A2FB7A027B00121BDAEA4B600912B8
:1022F00097BE8A828B83A3F00295798A828B83A30F
:10230000A3A312A788E8FEE9FF2274E2120BD97496
:10231000F01212648A088B09EA240CF582E435096C
:10232000F58312A7ADEA2406F51CE43509F51DEA8C
:102330002402F51AE43509F51B850E82850F83E02A
:10234000F8C39406E875F006400302A3DE12A73333
:10235000121BDA8A128B13EA4513700302A6341299
:10236000A771800A850C82850D837486F00E850E18
:1023700082850F83E0F8EEC398400302A51212A7EE
:10238000FF1211D412A7E3121D6C74021211B1E9ED
:10239000640170D074051214F5E0A2E6400F12A794
:1023A000B51214F5E0A2E720F001B350B7A2E05057
:1023B0002312A7C1121DC0E9F8850C82850D83F098
:1023C00070AB74061214F51292C874041214F5124C
:1023D000A7A78098850C82850D83748F808EA4A911
:1023E000F02401F50AE439F50B7E00807885088237
:1023F00085098312A784880C890D74081212348809
:1024000010891178101211D4EE129CABE50E28F54C
:1024100082E50F39F58312AAD0850C82850D8312CF
:10242000AA9EE50C12A75E350DF583E0F9121D6C2E
:1024300074021211B1E96021740E1214F512949E07
:102440006017740C1214F5E0F9121DA28B0DE50A49
:102450002AF50AE50B350DF50BE50A2403F50AE428
:10246000350BF50B0E850E82850F83E0F8EEC398D1
:10247000500302A3EDC3E50A946FE50B9400E84016
:102480000302A57212A730121BDA8A128B13EA45D7
:1024900013700302A63412A771800A850C82850D81
:1024A000837486F00E850E82850F83E0F8EEC39864
:1024B000506012A7FF1211D412A7E3121D6C740210
:1024C0001211B1E9640170D374051214F5E0A2E6AB
:1024D000400F12A7B51214F5E0A2E720F001B350A7
:1024E000BAA2E0502312A7C1121DC0E9F8850C82E0
:1024F000850D83F070AE74061214F51292C8740440
:102500001214F512A7A7809B850C82850D83748F0A
:10251000809185088285098312AAC1851C82851D48
:1025200083128E191211D875080178081211D885F6
:102530001A82851B8312A798F50878081211D8789B
:10254000121211D485108285118312AACDE51012C2
:10255000AF593511FBE51012A75E3511F583E0F98F
:10256000121D3074051211B1AA12AB13121BE00236
:10257000A72479002403F85001097A047B0012088B
:10258000DDE8F50D7E00805E850882850983E0F533
:1025900012A3E0F513851C82851D83128C1D121178
:1025A000D8750A01780A1211D8851A82851B831200
:1025B000AAF01211D878101211D4851282851383D3
:1025C00012AACDE51212AF593513FBE51212A75E20
:1025D0003513F583E0F9121D3074051211B1AA10FC
:1025E000AB11121BE00EEEC3950D400302A724EEC3
:1025F000333354FCF50A850E82850F83E0FA7900A7
:10260000E50A2404F8500109EAFCC3E89CE99400B7
:10261000A2D265D0335005E8F50B80028A0BE50B9A
:10262000C3950AF50C12A730121BDA8A108B11EA37
:1026300045117005790002A7268A828B83E50CF08C
:102640007F00800A8516828517837486F00FEFC39A
:10265000950C400302A588E50A2FFAEF75F00612E3
:10266000A749EA2AF8E433F9E50E28F582E50F12C6
:10267000A73D12AFB21292CFE5142402F516E4354D
:1026800015F517850882850983E0F512A3E0F51397
:1026900074081212348818891978181211D48A8291
:1026A0008B8312AFD3121D6C74021211B1E9640155
:1026B0007092740D1214F5E0A2E6401A851A828514
:1026C0001B8312AAB0740D1214F5E0A2E720F001EA
:1026D000B3400302A644A2E0503F850882850983E7
:1026E00012A784740812124412A768121DC0E9F8D8
:1026F000851682851783F0600302A64D740E1214AE
:10270000F512AFB21292CB740C1214F5E08514825C
:10271000851583A3A3A302A64C851682851783740F
:102720008F02A64C790174101211B17F16020F2688
:1027300075F006A4A9F02401FAE439FB2212A7419E
:102740002212AF85AA82AB8322A4F8A9F0E5102853
:10275000F582E51112AF858582148583152212A7B3
:1027600062222414F582E42212AF5839FB12A7D753
:1027700022850E82850F831297CBF07E0022850C76
:1027800082850D8312A7882212A793F922850882D9
:10279000850983E0F8A3E02212A79C22E01313131B
:1027A000541F64015401221289BFA3A322E0F50E35
:1027B000A3E0F50F22851A82851B8312AAB4740543
:1027C0002285088285098312A788AC21AD2212AF29
:1027D0005839FB12A7D722E82414F582E439F5838F
:1027E000E0F9228A828B8312AFEF851082851183F4
:1027F00012AAA6E51012A7623511F583E0F922EEC0
:10280000F875F006A4FAABF0E5122AF582E5133B61
:10281000F583A385820A85830BE828F8E433F9E57C
:102820000E28F582E50F12A7411292D5E8F0A3E930
:10283000F0E50A2402F50CE4350BF50D85088285D8
:10284000098312AAC5A821A92288148915781422FF
:1028500074E6120BD974F61212648A0A8B0BC2004A
:102860007E00EA240CF582E4350B12AABF8A828B23
:1028700083A3A3A3A3A3A3A3E06402701C85108277
:1028800085118312AFA4121BDA8A088B09EA450965
:102890007005790002A9A8D2007F00E50A2402F59C
:1028A00012E4350BF5138010A200500B850E8285C3
:1028B0000F83748612AAF80F851082851183E0F8C1
:1028C000EFC398400302A95512AF72858216858323
:1028D00017EE75F003A4F8A9F0E50828F582E509DC
:1028E00039F583E5822402F50CE43583F50DA385E3
:1028F000820E85830F850A82850B8312A784881434
:10290000891574021212348818891978181211D492
:1029100085168285178312AAD185148285158312A4
:10292000AA9E12AA91121D6C74021211B1E97003D1
:1029300002A8A885128285138312AAB07407121404
:10294000F5E0A2E720F001B34061850E82850F8398
:10295000748612AAF8A200504DEE8508828509837C
:10296000F0700312AFF5850A82850B8312AADE850B
:102970000A82850B83128C171211D8750A01780A06
:102980001211D885128285138312AAF01211D878F9
:10299000081211D412AFBC121D3674051211B1AA5F
:1029A00008AB09121BE07901028C3185168285176C
:1029B00083A3A3E0F874061214F5E068600302AA8A
:1029C00077850A82850B83E0F514A3E0F51574087A
:1029D0001214F51299CE606D851482851583A3A318
:1029E000A3A3E064037002A3E070488516828517F4
:1029F000831299CE703D851682851783A3129AA003
:102A0000750E00780C1211D07C027D007403121236
:102A10003C121B2674031211B1850A82850B83E0D8
:102A2000F812AAE485218285228312AAA2122C60C0
:102A300002A8B778161211D4740412124412AA898B
:102A4000121DC68017851682851783A3A3A3120FB4
:102A5000AF740412124412AA89121DCC740212110E
:102A6000B1E9A200400302A8B7700302A8B7850E1F
:102A700082850F8302A8B4A200400302A8B7850E86
:102A800082850F83748D02A8B4E51412AF593515F1
:102A9000FBE51412A7623515F583E0F922A3A3A381
:102AA000A3A312AAAA22A3A3A3A3E0FAA3E0FB2252
:102AB00012AAB422E0131313541FA2E092F022F5DD
:102AC0008312AAC522E0F510A3E0F51122A3A3A367
:102AD000A312AFEF22F9880889098882F583E0FE06
:102AE000A3E0FF22A3E0C812A76238F583E0F92231
:102AF00012A79CF50A780A22F085168285178312A0
:102B0000AB09E8F0A3E9F00E2212A793F9850C8235
:102B1000850D832274EC120BD974F8121264EAFE4C
:102B2000EBFF8C0E8D0F750C00741C1214F5129BAC
:102B30009280328E828F831299C18A108B11781005
:102B40001211D47402121244E50A12AF59350BFB6C
:102B5000E50A12A75E350BF583E0F9121DCC74026D
:102B60001211B1050CC3E50C9508E4950940030268
:102B7000AC03E50C75F005A4F8A9F0E50E28F50AFC
:102B8000E50F39F50B8E828F8312A7848810891187
:102B9000A821A9228812891378121211D4850A82D9
:102BA000850B8312A7E7121D6C74021211B1E96044
:102BB00052E50A2403F8E4350BF98810891188825C
:102BC000F58312AAA274061214F51299C1E50A45FA
:102BD0000B700302AB3374041214F5E0F9121DA25A
:102BE0008A128B13AC12AD1385108285118312AC3F
:102BF0000B1211D0AA0AAB0B121B2674031211B1CF
:102C000002AB6374081211B10285A712AAC575122E
:102C10000078102274E6120BD974F61212648A0C32
:102C20008B0D750E00750F007E00EA240CF582E412
:102C3000350D12AABF851082F58312AFA4121BDADC
:102C40008A088B09EA4509700302AD177F008042AC
:102C500012A77E850A82850B8312AAD18882898376
:102C600012AA9E12A76D121DB4852182852283129D
:102C700092C2852182852283E0A2E0500312AF69CF
:102C8000852182852283E0250EF50EA3E0350FF520
:102C90000F0F851082851183E0F8EFC39850501212
:102CA000AF7285820A85830B12A77E8812891374FE
:102CB000021212348814891578141211D4850A82EC
:102CC000850B8312AFD3121D6C74021211B1E9701F
:102CD0004B850882850983A37486F0850A82850B5B
:102CE0008312A7848508828509831292CD7E01EE26
:102CF000850882850983F0600302AF1175F005A491
:102D0000FF129F1A121BDA8A0A8B0BEA450B705CC2
:102D1000AA08AB09121BE0790002AF557406121421
:102D2000F51292D8A3A3E069600B85088285098318
:102D3000A3748D80A574071214F5E0A2E1400B8501
:102D40000882850983A374888090A2E5500B8508CA
:102D500082850983A3747E808174081214F512940D
:102D60009E700302AC50121DA202AC69EA2FF5124C
:102D7000E43BF5137F00801B852182852283E0A23E
:102D8000E0500312AF6985218285228312A7841245
:102D9000AF5E0F851082851183E0F8EFC398400382
:102DA00002AEFDEF75F00512A749E50A28F50EE51C
:102DB0000B39F50F12A77E88168917740212123488
:102DC0008818891978181211D485148285158312F0
:102DD000AAD185168285178312AA9EE51612A75ED0
:102DE0003517F583E0F9121D6C74021211B1E97008
:102DF0000302AEFD85148285158312A784850E8299
:102E0000850F831292CF850E82850F83A3A3A3E53E
:102E100012F0A3E513F074081214F51299CE604174
:102E2000A821A922880E890F780E1211D4740412D9
:102E30001244AA12AB13121DA874021211B1850C10
:102E400082850D8312A7AD78141211D47404121266
:102E500044E50E12AF59350FFB12AF8A121DC68022
:102E60005012A77E880E890FA821A92288168917DB
:102E700078161211D478121211D485148285158314
:102E800012AAD1850E82850F8312AA9E12AF8A12D2
:102E90001DBA74041211B1850C82850D8312AFB274
:102EA000A3A3A3120FAF740412124412A768121D39
:102EB000CC74021211B1E9FAEA700302AD78EE7532
:102EC000F003A4F8A9F0E50828F8E50939F9EA883B
:102ED000828983A3F085148285158312AF9612929E
:102EE000C00EEFF50E750F00780E1211D4AC0AADBE
:102EF0000BAA0CAB0D121E0E74021211B1EE850856
:102F000082850983F0700312AFF5AA0AAB0B121B7E
:102F1000E0850C82850D8312AADE850C82850D83E7
:102F2000128C171211D8750A01780A1211D8850C63
:102F300082850D83A3A312AAF01211D8780812116A
:102F4000D412AFBC121D3674051211B1AA08AB0918
:102F5000121BE07901028C31E82406FAE422E51222
:102F600028F512E51339F513222401F0A3E034000B
:102F7000F022EF75F005A4F8A9F0E51028F582E538
:102F80001112AF852239F583A322E50E12A762350F
:102F90000FF583E0F92212AF9A22E0FAA3E0FB8852
:102FA00082898322E075F003A4A9F02401FAE439B0
:102FB000FB2212A788851482851583228E828F8337
:102FC00012AFEBEE12AF593FFBEE12A7623FF58353
:102FD000E0F92212AFEF85128285138312AAA6E5CB
:102FE0001212A7623513F583E0F922A3A3A3A3E08D
:102FF000FCA3E0FD22A3E4129F8504F022C082C05E
:10300000837900EA12C8553BF583C082C0839016CD
:103010009412CD91D083D082C3E09CA3E09D500D4B
:1030200012D1E0FAA3E012B1166002790102C723BF
:1030300074F7120BD9890812CA0112B398ACF07553
:10304000F00BE9A42CF9901696E028FEA3E039FFD6
:103050007401650860067402650870228A828B8399
:1030600012B57974026508701DEA2403FA50010B49
:1030700012228EE970108E828F83E4F08008EA12AB
:10308000B6523B12B0908E828F8312B10B02C715DD
:10309000FDEE2403FAE43FFB1222882274F4120BA3
:1030A000D98A088B09EA12B4538A828B83E0604D77
:1030B0007E007F00804212B113703812B4E8F50A26
:1030C000A3E039F50B850882850983E0850A8285AE
:1030D0000B8312B9F712B510F012B650350912B1C0
:1030E0000012228812B44A850A82850B8312B10B22
:1030F00012B5050EEE70010F12B43E40B902B9913F
:10310000FDE50A2403FAE4350BFB22E0D2E7F012D6
:103110001F8E22EEFAEFFBEA75F00BA4FAA8F07509
:10312000F00BEBA428FB901696E02AF8A3E03B886E
:1031300082F583E0540F2274F5120BD98A088B09AB
:10314000750A01740B1214F512B50AEC4D6016ECF9
:1031500012C8553D12C93712B1CA790112226AEE5E
:103160004F6064801FEE4F603A12B58212B1CAEE12
:103170002403FAE43F12B5717019AA08AB091222B0
:1031800070E9F50A8E828F8312D5427902EEFAEF4A
:10319000FB800B12B565702F7903AA08AB091222C8
:1031A0006A80248A828B83A3E064FE7003A3E0F428
:1031B0007006EA12B567700CAA08AB09122270E912
:1031C000F50A8003750A0002B7F7EA12C8593509F3
:1031D00012B9842274F7120BD990169412C09FEA88
:1031E0004B602CEA75F00BA4FAA8F075F00BEBA479
:1031F00028FBEAFEEBFF121BDA90169612C09FF92D
:10320000EA496012EEFCEFFD7900121B3280079054
:103210001696E4F0A3F002C715C082C083901696FC
:1032200012C93D601390169612CFEE901694E4F0FA
:10323000A3F0901696F0A3F002C723C082C083ECDF
:103240004D6005121CCA80097C087D007900121BA4
:103250003202C723C082C0837900EA4B601978002C
:10326000E8FCEA2CF582E412CDB760047901780815
:1032700008E8C3940840E902C723C082C0837901EB
:10328000EC6A7002ED6B6011EA4B600BEC4D60076D
:10329000121CC4E9F98002790002C72374F7120BEB
:1032A000D974F3121264ECFEEDFF8521828522832E
:1032B000E4F0041214F512C09FAA21AB221222B22C
:1032C00074031214F5AC82AD83EEFAEFFB12228880
:1032D000EEFAEFFB12228E02C71074F7120BD974AC
:1032E000F3121264ECFEEDFF852182852283E4F067
:1032F000EAFCEBFD74031214F512B64174011214CA
:10330000F512C9398E828F8312C93274FE68700338
:1033100074FF69600479018002790002C71074F7B4
:10332000120BD9EAFEEBFF12B379701112B383F4DA
:10333000FA88828983E05A4480F0121F8E02B8E82E
:1033400074F7120BD9EAFEEBFF7508008A82F58349
:10335000E0602312B379701E12B383FA88828983E6
:10336000E05A70128E828F83E04480FA88828983CB
:10337000E04AF0121F8E02B8E8122264E9F50874E0
:1033800001692212C6E9F812B39812B4F6F8A3E064
:1033900039F98E828F83E022A3E0F9E875F00BA45F
:1033A000F82274F4120BD98A088B097C007D00EA9C
:1033B00012B433E50812B453850882850983A3E06B
:1033C00064FE7003A3E0F460677E007F00805C12FF
:1033D000B1136052EEFAEFFBEA75F00BA4FAA8F015
:1033E00075F00BEBA428FB901696E02AF50AA3E0F3
:1033F0003BF50B85088285098312D256850A8285A2
:103400000B83A3E06A7003A3E06B701AE50A12B4A1
:10341000E1700DE50A12B652350BFDE50812B43322
:1034200012B44A12B5050EEE70010F12B43E409F61
:1034300002B9912403FAE43509FB1222882290167E
:103440009412CCCFC3EE9AEF9B2212B45FEEF0A39E
:10345000EFF02212B46174FEF0A304F0790022E5CB
:103460000812C85D3509F5832274F2120BD98A0A55
:103470008B0B8A828B8312D542EA12CC4C12D54335
:10348000750800EA12B4E170537E007F0080481294
:10349000B4E8FAA3E0398A82F583E0540F6033126E
:1034A000B4E8F50CA3E039F50DE50C12B652350D74
:1034B00012B100121CC4E964017017850C82850DDD
:1034C0008312B51012CC49EEF0A3EFF0750801128B
:1034D000B5070EEE70010F12B70A40B3A90802BB80
:1034E0009412B10312B57222EEF8EFF912B4F02281
:1034F000E875F00BA4F8AAF075F00BE9A42AF9908E
:103500001696E028227901901694E0FEA3E0FF22AF
:10351000A312B58C850A82850B83A3E8F0A3E92268
:1035200074F5120BD9EAFEEBFF8A82F58312D542BD
:103530007C007D00EA12B092EEFAEFFB122264E901
:10354000F50A740169701B12B58212B6A58508824E
:10355000F58312B57912B565700812B650350912A7
:10356000B09002B7F7E5082403FAE4350912B57103
:1035700022FB12228EE9640122A312CDA812B98681
:1035800022F0EE12C6F712B58A22F583E0F8A3E026
:10359000F92274F2120BD974E6121264EAFEEBFF00
:1035A00012B8ED12D543750801750A00750B007548
:1035B0000C00750D00852182852283E4F0EA12B6A5
:1035C000523FFD74031214F512B641E964017022F2
:1035D000740B1214F512D1B912B97C74011214F5DE
:1035E00012CDA27003A3E0696049A821A922880A2C
:1035F000890B740D1214F512B65712C939740E12D4
:1036000014F512C932740D12123C1222B2E964018F
:103610007009740D121234880C890D780C1211D4B3
:10362000AC0AAD0BEEFAEFFB12227674021211B166
:10363000E9F508EEFAEFFB1222ACA908741A02BBF6
:1036400091AA82AB83122288AA21AB221222B8222D
:10365000E5082403FCE422E412C329A32274F61231
:103660000BD97E007F008035EEF8EFF912B6A57811
:10367000081211D475080B75090078081211D4EEE0
:10368000FCEFFDEC75F00BA4FC75F00BEDA42AFD2E
:103690007A2312B8691211B10EEE70010F12B70A37
:1036A00040C602B7F212B4F0F508A3E039F50922DA
:1036B00074F6120BD97E007F00804712B4E8F8A39D
:1036C000E0398882F583E0A2E75032C2E7F08582D4
:1036D0000885830978081211D475080B75090078DC
:1036E000081211D4EEFCEFFDEC75F00BA4FC75F0A4
:1036F0000BEDA42AFD7A2312B85C1211B10EEE7004
:10370000010F12B70A40B402B7F290169412B58CAA
:10371000C3EE98EF992274F6120BD9E4F508F50977
:1037200078081211D490169412B86475F00BA4FCAA
:10373000A8F075F00BEDA428FD7A2312B8481211F9
:10374000B1E9FE74096E70031222DCEEF902B7F2E1
:1037500074F6120BD974FF1212647E007F00803859
:10376000852182852283E412B8501211D475080194
:1037700075090078081211D4EEFCEFFDEC75F00B22
:10378000A4FCA8F075F00BEDA428FD7A2312B85C18
:103790001211B10EEE70010F12B70A40C37401028C
:1037A000B7EF74F7120BD9E9FCEAFD7B007A0080D1
:1037B00010EA12B8439C4008E0F8EDC39840010BB2
:1037C0000A12CFBC40EBEBFA7B0002C71575F01C68
:1037D000A4F8A9F074A828F582740739F583E022CB
:1037E000EA2413F582E42212B58C8A828B8322129A
:1037F00011B17F02020F26A90A7F03020F26903320
:103800005BE493F8ECC39822E0F50AA3E0F50B2201
:10381000C082C0837C008009EA24FF1AEB34FFFBDE
:103820000C12B7FE5016EC12B843940550F2EA4B56
:1038300070E674A428FA740739FB80047A007B00D0
:1038400002C72312B7CDC3227B00121C527402227E
:10385000F0A821A922880889097808227B00121C77
:103860005E74042212D448EC227B00121C6474049F
:1038700022E50A2402FCE4350BFD2202117E74F7D6
:10388000120BD9EAFEEBFF901710E06408601AE013
:10389000640460158A828B83E054036401703F12D4
:1038A000B8ED12CCC8640670358A828B83A3A3E07E
:1038B00064FE7003A3E0F460258A828B83A3A312C5
:1038C000CFF57003A3E0697008EA241512CD766085
:1038D00005122708800312270EE9F50880037508F2
:1038E000C2EEFAEFFB121BE0A90802C715EA12B8F4
:1038F000F22212B8F622240BF582E43FF5832274FB
:10390000F4120BD98A088B0912D1B5FAE82AFAE425
:103910003400FB121BDA8A0A8B0BAE0AAF0BEA4F9C
:103920006054850882850983E0FC7D007900121BC4
:10393000328E828F83A312D54212273E8E828F83CE
:1039400012C09B850882850983E0F8EE28F8E43FE1
:1039500012B97C850882850983A3E0C0E012CFB24A
:10396000D0E0F012275012CFA8E912D1BEE0C0E09B
:1039700012BE5CD0E0F0EEFAEFFB8015F912C6F64D
:1039800012B98422F583E8F0A3E9F0227418121129
:10399000B17F04020F2674F4120BD974E81212647A
:1039A0008A088B098C0A8D0BE9FE901710E06404DD
:1039B0006005E06408700479C2803AA378081214A4
:1039C00064E990171712BA07852182852283780847
:1039D00012146474051214F5EEF074041214F574E4
:1039E00001F074071214F5E4F09017107402F090CF
:1039F000167C12B9FF8095F085088285098322E440
:103A000012C1551221DA22F07C187D007900AA211A
:103A1000AB22121B3222C082C08390169812C93D7D
:103A2000600D90169812CFEE901698E4F0A3F01265
:103A3000268A02C72374F0120BD974E81212648A22
:103A40000A8B0B8C088D09890C7E007F00742F1265
:103A500014F5E0602674301214F512C939800B1287
:103A60001B3E8A0E8B0FA80EA90FC3E894F8E994A9
:103A7000FF50ECE84960E8E8FEE9FF742C1214F509
:103A8000E0FC742D1214F5E0FD740F6C7005740FDA
:103A90006D601290197BE064026005ECC39D5005D7
:103AA00079C102BB8C74281214F51214BA90171144
:103AB0001214C6E50C901717F0EC901715F0EDA353
:103AC000F0742E1214F5E0901718F074FF650A7068
:103AD0000474FF650B7024901993E0F47003A3E065
:103AE000F4700C121B3E90170EEAF0A3EB801590B9
:103AF000199312D20CE8F0A3E9800990170EE50A99
:103B0000F0A3E50BF0E50845096017AA08AB091218
:103B10002846E96401700BAC08AD097A227B1712C4
:103B20001CCA7A227B17122846E970097A227B1771
:103B300079E21221C8901701EEF0A3EFF09017047C
:103B4000E4F0A3F0901721F090197BE06402700874
:103B5000901715740FF0A3F0901710740512BA07A0
:103B600074041214F5E4F09017111214BA8521822E
:103B70008522831214C6901717E0C0E07405121452
:103B8000F5D0E0F074071214F512B9FF741802CCE6
:103B9000D51211B17F06020F26C082C08390171084
:103BA0007401F002C72374F0120BD974E31212648B
:103BB00074011214F512C09FA3ECF0A3EDF0E9FF1D
:103BC0007E00750C018E0D8E0E8E0F9017107401F5
:103BD000F07C187D007900740512123C121B3274BF
:103BE000011214F51214BA74051214F51214C674E5
:103BF0000A1214F5EFF074091214F57403F0740C42
:103C00001214F5E4F074011214F5850C08850D0901
:103C1000850E0A850F0B78081213BBE50845094588
:103C20000A450B60010E7401780C12111B12D1EDC4
:103C300070D3AA21AB22795A1221C885218285220C
:103C400083E0F508E4F509F50AF50B8E0CF50DF5A2
:103C50000EF50F7808790C120A7290837F780C1297
:103C600014827808790C120A729083A7780C1214C7
:103C7000827808790C120B6A12BE8712BC967808FB
:103C80001211CC12BCA31211B1740512123C1221F4
:103C9000DA741D02CCD57A007B0490175BE0F91230
:103CA0001CA0227A007B0490175BE0F9121C94742C
:103CB000042274F7120BD97C0112232A02C715744F
:103CC000F7120BD97C0080F174F2120BD974FD123B
:103CD0001264EAFEEBFF890C8C0D12CD8E12267851
:103CE0008A088B09EA4B700579CA02BE578A828B13
:103CF00083A3A3A3A3A3A3A3E064FE7003A3E0F4A0
:103D0000700579C302BE5712273E8A0A8B0BA80A98
:103D1000A90B850882850983A3A3A3A3A3A3A3E07A
:103D2000687003A3E069700579C202BE5790170E50
:103D300012C939850882850983E0687003A3E069A8
:103D4000600985088285098312BFB390170E12D2CD
:103D500057122816850882850983A3A3A3A3A3A3CA
:103D6000A3A3A3A3E00490172112BF9C7401121413
:103D7000F5740212CC2CAE0AAF0BEA4F700302BEF0
:103D80004EEA12B5838882F5837406F09016FBE044
:103D900088828983A3F012CC213F12BE6EEE241AD2
:103DA000F582E43FF58312C09F12BE66740112C60D
:103DB000CE7440F0A3E412BE7712BE8012BE5CE562
:103DC0000DF0EEFAEFFB1222F4E9FE600302BE50A2
:103DD000901710740912BE7712BFA9901703E065FF
:103DE0000C6003E50CF07A047B17794B1221CE7A34
:103DF0000E7B1779501221CE7A037B1779E11221BD
:103E0000CE7A017B1779531221CE12BE87901966A4
:103E100012D25712276890196212D25712276212D3
:103E2000D406E4F50AF50B78081211CC7A0112D207
:103E3000191211B112BC9612D4067402780812112C
:103E40001B78081211CC12BCA31211B180027E1093
:103E5000901567E4F0EEF9740302BB91EE2411F5BE
:103E600082E43FF58322EE12B7E13FF58322F5832A
:103E70007401F01227382212D1C2A3A3A3A3A32254
:103E800012CFDC12B9862290196412B58C90169A62
:103E900012B98690196212B58C90169C12B98622BE
:103EA00074F6120BD974E512126412BF8C89089053
:103EB0001710E064046005E06408700579C202BF71
:103EC0008774261214F5E064FE7003A3E0F4700515
:103ED00079C302BF877C197D007900740212123CFD
:103EE000121B32901710740312C15179501221CE57
:103EF000742612123C794B1221CE852182852283B1
:103F000012BFB3E508901703F074261214F512BF20
:103F1000A974251214F5E0F5099016FB12BF9C74E4
:103F2000CE55094480C0E0741A1214F5D0E0F07444
:103F3000171214F57402F074261214F512C93974AC
:103F40000F1214F512D01512C93974181214F51283
:103F5000C932740D1214F5E508F0740A1214F5E470
:103F6000F0901716740FF07A167B1779541221CE41
:103F7000901715740FF07A157B1779471221CE74BC
:103F80000212123C1221D4741B02B7EF85218285E4
:103F90002283ECF0A3EDF0EAFEEBFF22F0EEFCEF63
:103FA000FD7A227B17121CCA2212B58C90170412BC
:103FB000B9862212D21012B9862274F7120BD97464
:103FC000F81212647E008A828B83A3A3A3E0C0E070
:103FD00074041214F5D0E012C02DE0C0E074061293
:103FE00014F5D0E0F090197FE0C0E074071214F5EA
:103FF000D0E012CFE812C93D600D8A828B8312D2C5
:104000005712228EE9701F74051214F5E412BE7265
:1040100074021214F5EAF0A3EB12D01974FDF0A3A8
:1040200074FF12C093FEEEF9740802C71212CFE8B3
:10403000A3A32274F7120BD974F8121264EAFEEBF0
:10404000FF7900901710E064086005E06404704197
:1040500085218285228374FDF0A374FF12BE7274E1
:10406000021214F512C09F74051214F512B657E02F
:10407000C0E074041214F5D0E012C329E0C0E0746B
:10408000061214F5D0E0F074071214F5E412C09390
:10409000F9809512C155122792E922A3A3A3A3EA9E
:1040A000F0A3EBF02274F7120BD979011221C2E9C7
:1040B000FE1222821226F612268A90175BE0F9126F
:1040C0002624EEF902C71574F2120BD9ECFEEDFFAF
:1040D000750800E92479602624FC605924F3600FF8
:1040E00024FC601014604E147043901710804E90A2
:1040F00016FE80491227FEEA8E828F83804475085F
:10410000C112280A8B0DA90DEA4960378A088B096C
:10411000750A0078081211D07C177D00EEFAEFFBCB
:10412000121B2674031211B17508008016747F29C2
:10413000C3945840057508C9800912C146E08C82B5
:104140008D83F002B4DC746C29F582E43416F583B7
:104150002212C15522F0AA21AB222274F5120BD9EA
:104160008A088B098A828B8312B50AEE4F7003028C
:10417000C3039016B712C93D60178A828B83A3A32D
:10418000E0F9EEFAEFFB9016B8E0F5838882122C86
:10419000E08E828F83A3A3A3A3A3A3A3A3A3E0641E
:1041A00002600302C2718E828F83A3A3A3A3A3A381
:1041B000E05402700302C295850882850983A3A397
:1041C000E064E9700302C295850882850983A3A390
:1041D000E064CD700302C295850882850983A3A39C
:1041E000E064F0700302C295EE240D12C6A56024AF
:1041F000EE241312CD76601C8E828F83A3A3A3A31B
:10420000A3A3A3A3A3A312C317701D7A307B01122B
:104210001FDC8014901983E0048E828F83A3A3A3F4
:10422000A3A3A3A3A3A3A3F0850882850983A3A3C3
:10423000E0701F750A0080097A367B01121FDC05C9
:104240000A850882850983A3A3A3E0F8E50AC39839
:1042500040E6EE240A12CD7614F0C0E012BE66D01D
:10426000E012C6BF7404F090198412CFD6E812C3CE
:10427000068E828F83A3A3A3A3A3A3A3A3A3E06417
:104280000260128E828F83A3A3A3A3A3A3A3A3A3DD
:10429000E06406706E8E828F83A3A3A3A3A3A3E022
:1042A000A2E0505F850882850983A3A3E0F9EEFAB6
:1042B000EFFB1225948E828F83A3A3A3A3A3A3E075
:1042C00054FE12C317850882850983A3A3702AE0D0
:1042D00070237A2F7B01121FDC7E008508828509FE
:1042E00083A3A3A3E0F8EEC39850187A367B01129B
:1042F0001FDC0E80E67A318005E070077A2D7B01A5
:10430000121FDC02B7F9F0A3E9F07A207B009017C6
:104310005BE0F9121B862212C32912D24512CCCFC0
:1043200012C324221227B6E922F08E828F832274D0
:10433000F0120BD974BB12126412BF8C750E00758B
:104340000F0074021212441224B0740F1214F5E01C
:10435000700874121214F5E0601674021214F5E07D
:10436000A2E650118E828F8312D24E12C3246005B2
:104370007A3502C48874021214F5E0540C64047097
:1043800004D2008002C200E0A2E55036750F01A2FF
:1043900000402F12C6D97003A3E069700512C6A2AF
:1043A000706B12C6D97003A3E069601612C6A270C2
:1043B0001112C6EF740212124412256AE960030258
:1043C000C48612C6A2702A74021214F5E0A2E65046
:1043D0002074031214F5E05403701674021214F5DD
:1043E000E0540C640C600AE0540C64086003750E21
:1043F0000174021214F5E05403F874026870227418
:104400000212124412C6EF1224C202C6918E828F8B
:104410008312D24E12B58274171214F512C932806B
:10442000937401687045E50EA2E0500D12C6A270AB
:1044300008740212124412C6FC7402121234741C64
:104440001214F5E8F0A3E912B58174191214F5E815
:10445000F0A3E912C6BAC0E0741B1214F5D0E0F064
:10446000741912123C12243802C691E8600302C685
:10447000919016F8E0640170178E828F83A3A3A336
:10448000A3A3A3E0700A7A347B01121FDC02C69159
:1044900074441214F5740212B581743C1214F512AE
:1044A000C6AFF583E05480700302C5AE74261214C3
:1044B000F5740212C6BF12C939741E1214F512C95E
:1044C0003274051214F5E0C0E074271214F5D0E040
:1044D000F074041214F5E0C0E074281214F5D0E072
:1044E000F090170E12C93974291214F512C93274DA
:1044F000081214F512C939742B1214F512C932744A
:104500000A1214F512C939742D1214F512C9327435
:10451000121214F5E0F8742F1214F5E8F0A3E4F089
:1045200074101214F512C93974311214F512C6AF91
:1045300012C93774331214F512C6CAE0C0E07435DC
:104540001214F5D0E012B658A3A3A3E0C0E074366D
:104550001214F5D0E0F012CD73C0E074371214F5E8
:10456000D0E0F074131214F5E0C0E074381214F5C2
:10457000D0E0F074151214F5E0C0E074391214F5AF
:10458000D0E0F0EE242312CD76C0E0743A1214F598
:10459000D0E0F0EE242512CD76C0E0743B1214F585
:1045A000D0E0F0741E12123C1224C802C691745559
:1045B0001214F57808121482A200400302C645EED8
:1045C000240F12CD76C0E074141214F5D0E0F090F0
:1045D00016B912C93D700302C69112D004743C1280
:1045E00014F5E0687003A3E069600302C691EE244D
:1045F0002312C6961211D8EE2421F582E43FF583EA
:10460000120FAF78081211CCE50FF50878081211D7
:10461000D88E828F83A3A3A3A3E0F5087808121194
:10462000D874091214F5120FAFA90E740D121244AA
:10463000744712123C9016B912C7A2122CE0740BE8
:104640001211B1804CE50EA2E0500874021212441F
:1046500012C6FCEE241112C6961211D87808121157
:10466000CCE50FF50878081211D874061214F5126B
:104670000FAF90170E120FAFEE241212CD76F97411
:1046800046121244740C12123C1225A0740A121124
:10469000B1744502CCD5F582E43FF583E0F50C78A2
:1046A0000C22EE2421F582E43FF583E054802212AF
:1046B000B986EE2421F582E43F2212CD7EE022125B
:1046C000C6C32212CD82A3A3A322E8F0A3E9F0EE91
:1046D000240FF582E43FF5832212273E8A088B09D6
:1046E000A808A90912C6E96822EE12B8F6E022125B
:1046F000C6F612CCCD22EE12C85D3F2212C6F612CB
:10470000CCCD1224B62274F7120BD9121F5E80058D
:10471000740D1211B17F01020F26C082C083121FD7
:10472000648000D083D08202117E74F7120BD912FC
:104730001F6A80E1C082C083121F7080E6C082C001
:1047400083121F7680DD74F7120BD9121F7C80C58F
:1047500074F7120BD9E9FE9016FBE0A2E340169025
:1047600016C31214BAE8494A4B600A7A087B0090D3
:1047700016A612C311EEF9121F8202C71574F712A2
:104780000BD9EAFEEBFF740169701479001223EA79
:10479000903348E493FC7900EEFAEFFB1223CC024D
:1047A000C71512D2452274F7120BD9121F8802C7FF
:1047B0001574F7120BD99019ECE0F97800800B1200
:1047C000CA4C540D64017001190812CA655003E9FE
:1047D00070ED02C71574F7120BD99019EDE0F97856
:1047E00000800B12CA4C548D64817001190812CAE2
:1047F000655003E970ED02C71574F2120BD9890AEE
:10480000E975F007A4A9F0240FFEE439FFEE2AFAB7
:10481000E43FFB12C84B602CEEFCEFFD7900121B4D
:1048200032E50812C85512CA88E50AF0E5082EF8E4
:10483000E5093FF9850882850983A3A3A3A3A3A360
:10484000A312C930AA08AB0902BB94121BDA8A086A
:104850008B09EA4B2212C8592212C85D22240BF59B
:1048600082E42274F6120BD98A088B091223A8E974
:10487000F89019EBE0F9E8C39940099016A212D21A
:10488000571223AEE5082402FEE43509FF9016A472
:1048900012CFFEF09016A4E004F0AA08AB09122390
:1048A000B48E828F83E002B74CC082C083790090BF
:1048B00016A2800109E0FAA3E08A82F583E5824529
:1048C0008370F102C72374F7120BD9EAFEEBFFEAFB
:1048D0004F605A9016A212C93D6052888289837A2D
:1048E000007B00EE65827003EF65836013AA82ABE4
:1048F0008312D1B98882F583E5824583602F80E3F6
:104900009016A2E0F8EE687002EF698E828F8370D5
:104910000812C9399016A2800312B7E712C932EE05
:10492000FAEFFB122468EEFAEFFB121BE002C71548
:10493000A3A312B9862239F58312B58C2212B58C45
:10494000E84922C082C0839016A2800488828983AD
:1049500012C93D600A8882898312B8644D70ED8A5D
:10496000828B83E4F0A3F0E8496006888289838023
:10497000039016A212C09F02C72374F7120BD9E945
:10498000FD9016A280048A828B8312C9B3601D7CBD
:104990000080010C12CA01ECC39850EAEC75F007D4
:1049A000A4F8A9F012C9F86D70E980047A007B00C0
:1049B00002C71512CCCFEA4B2274F7120BD9E9FECD
:1049C0007D0080010D12CA01EDC3985024ED75F0F1
:1049D00007A4F8AFF0EFF912C9F86E70E7ED75F0C3
:1049E00007A4F812CA774CF0E8240FFAE439FB80E8
:1049F000047A007B0002C71512CA6F241312CA8002
:104A00002212D1E4F82274F6120BD9E9FEEAFF1261
:104A100023BA8A088B09A808A909EA49602B7C00F7
:104A2000801AEC75F007A4FAABF0E82AFAE93BFB30
:104A300012B7E012CDB76E7002EFF00CE812C85555
:104A400012D1F6FAECC39A40D902B7F2E875F00732
:104A5000A4FCADF0EA2CFCEB3DFDEC2414F582E463
:104A60003DF583E02212D1E4FCE8C39C22EFF9EA91
:104A700028F8EB39F9E82212CA6D241412CA8022F0
:104A8000F582E439F583E02212B4642274F1120B4A
:104A9000D974F5121264EAFEEBFF89088C09E9A2C9
:104AA000E050117EFC7FFFA2E15005D2E402CB3042
:104AB000D2E3807C12CCB77003A3E069600EAC082F
:104AC0007902EEFAEFFB122408E97005790002CCB6
:104AD0000EE508F50A780A1211D8790212CC1312E1
:104AE00011B1E9600302CC0CE508C2E5F508A2E6C5
:104AF00040407403121244EEFAEFFB12229AE9705E
:104B00002B12CD8EEEFAEFFB1227F28A0A8B0BEAFC
:104B10004B601FEA2402FAE4350BFB12228EE96097
:104B20001112B871740312123C121CCAE508D2E5C6
:104B3000F5089016A5E0F50E90170112B808780A4E
:104B40001211D47D017C009016A5E0F9AA0AAB0BE6
:104B50001223F074021211B1E9F89016A5E004F0E6
:104B6000E9600302CC0CE508A2E55004740E800253
:104B70007406C0E074011214F5D0E012CC2CEA4B9C
:104B8000700302CC0812CC21350B12BE6EE50A244C
:104B90001A12CC52EAF0A3EB12CC4912C93988821E
:104BA000F5837401F074785508A312D54AE50EF028
:104BB000EE88828983A3A3A3F0EF12CC37E4F0E55B
:104BC00008A2E5500F7403121244E82406FAE439EF
:104BD000FB121CCA850A82850B83A3A374FDF0A374
:104BE00074FFF0E509601690334FE493F8E509C3CC
:104BF00098500AE50A241312CC52E509F0AA0AAB30
:104C00000B1222F4E9F980067910800279C7740B3F
:104C100002CCAF7CFE7DFFEEFAEFFB1223DE7401C7
:104C200022EA12CC26222417F582E42212C1551260
:104C300027AA8A0A8B0B2288828983A3A3A3A312A3
:104C4000CC432212D1AAA3A322F0E50A240B12CC52
:104C50005222F582E4350BF5832274F4120BD97AD3
:104C6000007B1012CD95600890176D7401F0803CA8
:104C700090167AE0640190197C7006E0FC7901805E
:104C800004E0FC79037A007B001223CC903344E4E7
:104C900093F508740193F509E4F50AF50B78081209
:104CA00011CC7A007B1012BCA71211B102B991127B
:104CB00011B17F07020F2612240E8A0A8B0BA80A55
:104CC000A90B901701E0682212D245E022F583E09B
:104CD000FAA3E0FB221211B17F08020F2674F4122E
:104CE0000BD98A088B09ECFEEDFF750A01901701BC
:104CF000E06A7003A3E06B6013750A00780A121172
:104D0000D81227D474011211B1E9F50A7900AA0862
:104D1000AB0912CD627003A3E06970417900EEFA2D
:104D2000EFFB122402EA4B602B8A828B83A3A3A39E
:104D3000A3A3A3E05418601C7508FE7509FF78084A
:104D40001211D48A828B83A3A3120FAF12D4331211
:104D500011B180097901EEFAEFFB122384A90A024E
:104D6000B99112240E8A088B09A808A90990170185
:104D7000E06822EE2411F582E43FF583E02212CDB3
:104D80008222F08E828F83A3A3A3A3A3A3229017D2
:104D90000E12D4482290175BE0F9121CA6EA4B4C85
:104DA0004D2212CDA8E0682212CDAC22E0F8A3E09B
:104DB000F98E828F83A3223BF583E0223B12CCCD78
:104DC0002274F2120BD9EAFEEBFF8C088D09890BD5
:104DD00074FC6E700374FF6F700302CF9179001240
:104DE000240E8A0C8B0DAE0CAF0D740E1214F5E070
:104DF000F50A901701E06E7003A3E06F7009E50AF1
:104E0000A2E6400302CF91A90A12CF96703B790027
:104E10007AFE7BFF12CF9670307418550A70030229
:104E2000CEBE7A0080010A90335612CFBF400302F3
:104E3000CEBEEA75F007A4F8A9F012D35754187043
:104E4000E5744E28F8740A39F988828983EEF0A354
:104E5000EFF074FE6508700474FF6509600D8882C8
:104E60008983A3A3E508F0A3E509F088828983A3D9
:104E7000A3A3A3A3A3E50AF0A2E0500D888289832F
:104E8000A3A3A3A3A3A3D2E2F07401650B88828934
:104E900083A3A3A3A3A37031740112D1B0E054186B
:104EA000602190335DE49388828983A3A3A3A3F058
:104EB00012CFE1EA4B600302CF917D008036790288
:104EC00002CF93901700E080DEE06401700302CF10
:104ED0009188828983A3A3A3A3A3A3E054186007A6
:104EE00090335DE49380049016FFE012CC37E50B1D
:104EF00002CF900D903353E493F8EDC39840030232
:104F0000CF917C00802DEC75F007A4F8A9F07450C7
:104F100028F582740A12C936ED75F017A4FAABF0C1
:104F200074F22AF582740912CDB7687003A3E069A0
:104F300060C10C90335612B80140CBE4936C70B34F
:104F4000ED75F017A4F8A9F074F228FE740939FF82
:104F50007C177D007900EEFAEFFB121B328E828FF8
:104F600083E508F0A3E509F090170E12CFD6A3A3AE
:104F7000A3A3A3A312C6CA74AAF012CFA8740112E5
:104F8000CFC65001097A027B001208DD12CFB2E8C9
:104F9000F0790002BB9412CFA0A80CA90DEA492217
:104FA0001224028A0C8B0D22EE240EF582E43FF5CA
:104FB0008322EE240DF582E43FF5832290335BE4F7
:104FC00093F8EAC39822F012CFCB22903350E493A7
:104FD00079002401F82212CFDCA3A32212CDACA3C6
:104FE0002212D1D312281C22F08A828B832212CC67
:104FF000CF121BE02212B58C901701E06822E08EE0
:10500000828F832212273E8A0C8B0DA80CA90D22B9
:1050100012B464E022E8F0A3E9F0852182852283BE
:1050200022F088828983A32274F3120BD989088A1B
:1050300009ECFEEDFF90335212D07A5033750C001C
:105040008002050CE50CC39508501B12273EA80CE6
:10505000E828F8E433F9EE28F582EF12D1F66A7009
:1050600003A3E06B70DCE509650C70047901800234
:1050700079007F05020F26903355E493F8E9C39831
:105080002274F6120BD9E9FE790012240EEEF91201
:1050900024028B09A909EA49601D8A828B8312D5F3
:1050A000438A828B83A3A31412D0C0E412D0BC1213
:1050B000D0BCA3F0F98002790402B7F212D1C82261
:1050C000F0A30412CFE8A3A3A3A32274F0120BD978
:1050D0008A0C8B0DE9FE8C08EDFF1223FCE9F974B4
:1050E000101214F5E0F50EA3E0F50F12D07750433F
:1050F000E9F50A750B007403780A12136F7484259E
:105100000AF582740B12CC55E0F8E508C398501FDD
:10511000EF6074E9F50A750B007403780A12136FD7
:1051200012D18CA3A3A3A3A3E50812D19C80577925
:1051300003805679007AFE7BFF1223FCE9F9903355
:1051400055E4936970047902803FEF603AE9F50A0B
:10515000750B007403780A12136F12D18CE50CF0F2
:10516000A3E50D12D19C12D1B0E50812CC3F74FF1B
:10517000F0EE88828983F09016FFE088828983A30D
:10518000A3A3A3A3A3A3F0790002CCD8747E250A1D
:10519000F8740B350BF98882F583A32212D1A6E5AA
:1051A0000EF0A3E50F2212D1AA2212D021A3A3222E
:1051B00012CC43A3228A828B83E0F8A3E02212D18F
:1051C000C22212B9F7A3A322F08A828B83A3A3A3DE
:1051D000A3A32290170EE0FCA3E0FDAA08AB0922CE
:1051E00012D1E422EA12C85D3BF583E022E50C45CA
:1051F0000D450E450F2212CA8322E8FA12D201E0B1
:105200002274BE2AF582E4340BF5832212D21022D6
:10521000E0F8A3E0F990170E227B0090175BE0F90D
:10522000121C9A740422C082C08378008001089006
:10523000334AE493FAE8C39A500812D1FA6970EE3F
:10524000E4F002C723E0F8A3E0F583888222A3A359
:10525000A3A3A3A3A3A3A312CCCF2274F6120BD9AA
:10526000E9FC790080010912D0775039E9F5087519
:1052700009007403780812136F747F12D2A8740B9C
:1052800012D0106A7003A3E06B70DBE9F5087509B2
:10529000007403780812136F747E12D2A8740B1274
:1052A000D0106C70C102B7F22508F5822274F71293
:1052B0000BD989085308407E00802EEE75F007A4B4
:1052C000F8A9F0744E28F582740A12D1F66A7003B8
:1052D000A3E06B701374FE6A700374FF6B60581266
:1052E000D35754406508604F0E90335612D3504048
:1052F000CAE4936E705374FE6A700374FF6B704956
:105300007E0080010E90335612D350503CEE75F063
:1053100007A4F8A9F0745228F582740A12D1F67025
:10532000E3A908EE75F007A4ABF0744E28F582747B
:105330000A12CDBC1223EAEE75F007A4F8A9F074A6
:105340004E28FA740A39FB80047A007B0002C715E4
:10535000E493F8EEC39822745428F582740A12CAB2
:10536000832274F4120BD9EAFEEBFF890B8C0A74CA
:105370000169700C90334DE493F9122420E97064B4
:105380007900EEFAEFFB12240EA90A1224028B090F
:10539000A9097401650B6014EA4960568A828B83FF
:1053A000A3A3A3A3A3E0650B70488038EA49601962
:1053B0008A828B83A3A3A3A3A3E06401700B8A82D8
:1053C0008B83A3A312D409800AE50AA2E640238EA8
:1053D000088F0974FE6508700474FF650960131274
:1053E000D3F760047900800CEE65087003EF65095F
:1053F00070DD790102B99190334DE493F9AA08ABBD
:1054000009122420E922901966E0F508A3E0F509C5
:105410002274F6120BD9E9A2E6501579FF12248600
:10542000EA4B600890170112D25780047AFE7BFF86
:1054300002B7F2790090170112D4488A828B831246
:10544000CCCF122414740422E0FCA3E0FD2274F1FA
:10545000120BD9EAFEEBFF8C088D09E9600C750A86
:1054600000780A1211D8790B806E7900AA08AB096E
:105470001224028A0A8B0BEA4B60658A828B83A313
:10548000A3A3A3A3A3E0A2E050568E0C8F0D780C2B
:105490001211D474111214F512CD9174131214F563
:1054A00012D25712282874021211B18A0C8B0DA83F
:1054B0000CA90D74FE68700374FF696023850A826D
:1054C000850B8312C09D750A00780A1211D8790CD9
:1054D000EEFCEFFDAA08AB091227D474011211B13A
:1054E00002CCB2C082C083784E790A7C00804588A5
:1054F000828983A3A3A3A3A3A3E0A2E0402E888272
:105500008983A3A3E06A7003A3E06B701F8882897C
:1055100083A3A3A3A3A3E06401701188828983A35A
:10552000A3A3A3A3740312D54A12D5430CE82407FE
:10553000F8500109903356E493FDECC39D40B0024E
:10554000C723A374FEF0A304F02212D021A3227477
:10555000F4120BD9890812D5A2603B8A828B83A3EF
:10556000A312D59BF98E828F83A3E06029E9602680
:105570009016FAE06401700D8E828F83A3E0C399C8
:105580005003E980068E828F83A3E0F8E508C39874
:10559000400479018002790002B991E0F9122834BF
:1055A000E92290170E12D44812281C8A0A8B0BAEDF
:1055B0000AAF0BEA4F22C082C0839005B6E4F0A385
:1055C000F09005C004F09005B9E4F0A3F09005BB9D
:1055D000F09005BEF0A3F09005BDF09005B502E196
:1055E000AAC082C0839005C0E4F012154A12154487
:1055F00012153202E1AB74F7120BD98C08EDFE9054
:1056000005B5E0602112202AE9F974FF696017747A
:105610000165087006EEFD7C008004EEFD7C017AD9
:10562000007B00122AF802E05FC082C0837A807B90
:1056300000900504E0F9121CA6EA4B4C4D701C7A50
:10564000807B00900504E0F9121CA09005B6E4F000
:10565000A3F09005B874FFF012156802E1AB74F482
:10566000120BD97A807B00900504E0F9121CA68BFE
:10567000098C0A8D0BEA4509450A450B601E900509
:10568000B6120FAF122C0C74021211B18A088B09DA
:105690001215747901AA08AB0912151A122C187F79
:1056A00004020F2674E8120BD98A108B118C128D0C
:1056B00013750C00750D00750E00750F007418122F
:1056C00014F512EF6E781412148278087914120A05
:1056D0007278107908121435401385080C85090D6D
:1056E000850A0E850B0F780C791012130C850C08A7
:1056F000850D09850E0A850F0B9083A7781012146B
:105700008278087910120B6AAC08AD099083A778EB
:1057100008121482780C7908120B6AE508450945CD
:105720000A450B6008EC2401FAE43D8003ECFAED35
:10573000FB7F10020F2674F7120BD979009005B683
:1057400012E30712151A7EFF7CFF7DFF7F00801891
:1057500012F48DEAC398F8EB99F9C3E89CE99D50DF
:1057600006EFFEE8FCE9FD0F9005B5E0F8EFC39801
:105770005019EF12E13750EF12E19E60EA74FF6AB0
:10578000700374FF6B60E0EC4D70C574FF6E604F8A
:10579000EE12DFCD88828983A3A3A3A3A3A3C08233
:1057A000C08312F48DD083D082E0C398F8A3E0992F
:1057B000F9E84960099005B6E8F0A3E9801DEE908C
:1057C00005B8F079FF12155C7DFF7CFF7A007B0045
:1057D000EEF9122AF89005B6E4F0A3F0121568026B
:1057E000E05F74E2120BD974F81212648A148B15FC
:1057F000EA2416F516E43515F517851682F583E0CB
:10580000F912157A8B09EA4509603BE5142417F56E
:1058100082E43515F583E0F518A3E0F519851882C3
:10582000F583E06021F50875090074027808121309
:105830006FE5082401FAE43509FB121BDA8A0A8BAA
:105840000BEA450B7005790002DB15121574121571
:1058500056E96009AA0AAB0B121BE080E975080043
:10586000750E00750900E5142408F51AE43515F5E0
:105870001B803D798DE50EF51075110074027810CE
:1058800012136FE50A2510FAE50B3511FBE98A8240
:105890008B83A3F0850C82850D83E08A828B83A3A2
:1058A000A3F08E828F8312DFEF12ED01050E050942
:1058B000851882851983E0F8E509C398400302DA68
:1058C00064E50975F00CA4F8A9F0E51828F582E55F
:1058D0001939F583A385820C85830DA3AE82AF832E
:1058E00012ECE5121538E9F50FA821A922881089D4
:1058F0001178101211D48E828F8312ECE5121D6C78
:1059000074021211B1E9F874FF650F6003E87005C5
:10591000798702D875850C82850D83E07090E50C3F
:105920002403F510E4350DF511851082F583E0F8B8
:1059300074041214F5E068600302D873740512143D
:10594000F5E0A2E2400302DA5FE50F75F015A4FE70
:10595000AFF012DB1F2405F8E43BF9850C82850DBE
:1059600083A3A3A3A3E0F512A3E0F513E50C24069B
:10597000FCE4350DFD74FF6512700474FF6513704F
:105980006C8C828D83E0F51CA3E0F51DE51C451DA4
:10599000705B7508018A828B83A3A3A3A3A3A3A32F
:1059A000A3A312ECC588828983ECF0A3EDF012E288
:1059B000B912ECFA7C047D007900EA240DFA50015A
:1059C0000B121B3212DB1F2411F510E43BF511758D
:1059D000120078101211D07C047D00EA240DFA50D8
:1059E000010B121B2674031211B102D8AE75080107
:1059F00088828983E512F0A3E513F08C828D8312EF
:105A0000ECFA851082851183E0F9121D96E9700386
:105A100002D8AE7C047D00790012DB1F240DFA5001
:105A2000010B121B32851082851183E0F9121D9C37
:105A3000E9F9850C82850D83A3A3A3A3A3A3A3A344
:105A4000A3A312ECCF1211D0E9FC7D009005B9E0C0
:105A50002EF8A3E03FF9E8240DFAE439FB808379BE
:105A60008C02D875E50860409005B9120FAF12E7B7
:105A700005121C5274021211B1E970299005B91275
:105A80000FAF9005BBE075F015A4F508E5F0F5093A
:105A900078081211D47C007D007A567B00121C5EBF
:105AA00074041211B112156E850A82850B83E50EFE
:105AB000F0700BA3E4F0850A82850B8304F0851453
:105AC00082851583A3A3A3A3A3A3E0F508780812F6
:105AD00011D875080178081211D878081211D878F1
:105AE0000A1211D4851A82851B8312ECC5E5142491
:105AF0000AFAE43515FB851682851783E0F9121D35
:105B00003C74051211B1AA0AAB0B121BE01215323C
:105B1000122C18790174081211B17F16020F269009
:105B200005B9E02EFAA3E03FFBEA2274E4120BD998
:105B300074F81212648A0C8B0D750800EA2416F5AD
:105B400016E4350DF517851682F583E0F912157AFE
:105B50008A0A8B0BAE0AAF0BEE4F700302DBF6E541
:105B60000C2417F582E4350DF58312EC96750A00C6
:105B7000E50C2408F514E4350DF515805AA821A983
:105B800022880E890F780E1211D4E50A75F003A44D
:105B9000F8A9F0E51028F582E51139F583A3A312E1
:105BA000DD7D12DD8AE0F9121D6C74021211B1E97B
:105BB000602374041214F5E0F9121D96E96016745E
:105BC000041214F5E0F9121D9CE9F8A2E050010856
:105BD000E82508F508050A12ECD840A175F00DE893
:105BE000A404AA082AFAE43400FB121BDA8A088B00
:105BF00009EA45097005790002DD73121556E9605E
:105C000009AA08AB09121BE080EC8508828509838C
:105C1000E4F0750A00802C750B868E828F83E50B6D
:105C2000F0851882851983A3E08E828F83A3F08587
:105C30000E82850F8312F4998E828F83A3A312DEC6
:105C4000C4050A851682851783E0F98514828515B7
:105C50008312E30712ECD8400302DD2CAC0AEC758A
:105C6000F00DA4FEAFF0E5082EF582E5093FF583BF
:105C7000A3AE82AF83750B00EC75F003A4FCADF00E
:105C8000E5102CF518E5113DF519E5182402F50E7F
:105C9000E43519F50F850E82F58312ECC51215381F
:105CA000E9F512A821A922881A891B781A1211D4A1
:105CB000850E82850F8312DD7D12ECEE121D6C7451
:105CC000021211B1E9F874FF6512700302DC17E8E3
:105CD000700302DC1774051214F5E0A2E250477459
:105CE000041214F5E08E828F83A3A3A3A3F0E51220
:105CF00075F015A4F8A9F09005B9E028F8A3E039EB
:105D0000F988828983A3A312DD87A3A3A312DF529C
:105D100012DD8712DF45E8240DF850010912F470F6
:105D200012ED0402DC1A750B8C02DC1A850C8285DC
:105D30000D83A3A3A3A3A3A3E0F50A780A1211D8A5
:105D4000750A01780A1211D8780A1211D878081247
:105D500011D4EAFCEBFDE50C240AFAE4350DFB1244
:105D60001D4274051211B1AA08AB09121BE01215ED
:105D700032790174081211B17F14020F2612ECC996
:105D800085148285158322A3A3A312E30B8E828F31
:105D9000832274F0120BD9750C00750D008011E090
:105DA000A2E0500A7DFF7C0112DE2C122C1E050D94
:105DB0009005B5E0F8E50DC3985041E50D12DFE11F
:105DC000A3858208858309EE2402F8E43FF9880A56
:105DD000890B7C008882F58312DE321215D48B0F7A
:105DE000EA450F8E828F8360B6E0A2E0400A7DFF15
:105DF0007C0012DE2C122C1E050C80B27A807B00F7
:105E0000900504E0F9121CA6EA4B4C4D6012E50C1B
:105E100070157A807B00900504E0F9121CA08007C1
:105E2000E50C6003122C187F08020F26850A828574
:105E30000B8312E30B850882850983E0F922C08277
:105E4000C0837C00ECF8EA28F8E43BF98882898377
:105E5000A3A3E412F2E6A3A3A3A3A3A3F00CECC3B1
:105E6000940440E08A828B83E4F0A302E1AA74F4F4
:105E7000120BD98A088B09ECFEEDFF7A047B001225
:105E80001BDA8A0A8B0BA80AA90BE849700479016E
:105E9000801C88828983EEF0A3EFF0850882850953
:105EA00083A3AA82AB8312DEB112DEC4790002D6CC
:105EB0009F12ECC988828983A3A3ECF0A3EDF08A3A
:105EC000828B8322E8F0A3E912EC9E04F02274F79F
:105ED000120BD9E9FF9005B5E0C3940A400479019B
:105EE000805412DF39F8740539F9EF8882898312FA
:105EF000F2E512DF52ECF0A3EDF074091214F51282
:105F0000F0C012DF46740B1214F512E30712DF40E3
:105F1000E8240AF85001098882898312F2E2F0909D
:105F200005B512DF39F582740539F583E4F0900583
:105F3000B5E004F0790002E05F12E6137433282222
:105F400088828983A3A3A3A3A3A3A3A3EAF0A3EBBB
:105F5000F022A3A3EAF0A3EBF088828983A3A3A392
:105F6000A32274F6120BD98A09E912DFCDE8FAE907
:105F7000FBE50912DFE112DFED12ED028E828F8365
:105F8000A3E08A828B83A312E009A3A312E2C312C7
:105F9000DFFD12DFEF12DFFDA3A312DFEDA312EC92
:105FA000FDEE240AF8E43FF988828983EA240AFC9A
:105FB000E43BFD74031210FA8E828F83E08A828B99
:105FC0008312F2E612F2E2F07F02020F2612DFD114
:105FD0002275F00DA4F8A9F0743328F8740539F986
:105FE0002212DFD1E8FEE9FF8E828F8322A3A31263
:105FF000DFF322E0F8A3E0F98A828B8322A3A3A334
:10600000A3E8F0A3E912E00922F08E828F83A3A314
:10601000A3A32274F7120BD9E9FF9005B5E0F8EFBE
:10602000C398400479018037EF12DFCD12DF40744E
:10603000FF6C601274016C888289837005E0D2E085
:106040008003E0C2E0F074FF6D601274016D88821D
:1060500089837005E0D2E18003E0C2E1F079007F3E
:1060600001020F2674F7120BD9E9FF79FF7800803F
:1060700001089005B5E0FCE8C39C502AE875F00DD6
:10608000A4FCADF074332CFC74053DFD8C828D8333
:10609000A3E06F70DC8C828D83A3A3E06A7003A3FE
:1060A000E06B70CDE8F980B774F2120BD9890D75E9
:1060B0000C00801E8E828F83E02AFCA3E03BFD8EC5
:1060C000828F83ECF0A3EDF088828983E0C2E1F057
:1060D000050C9005B5E0F8E50CC3985055E50C1299
:1060E000E13750ECE50D6005E0A2E140DBE8240675
:1060F000FCE439FD8C828D8312E2DF60CB74FF6596
:1061000008700474FF650960BFE82408FEE439FFE5
:106110008E828F83E02AF50AA3E03BF50BC3E508E6
:10612000950AE509950B508C8C828D83E0FCA3E0E9
:10613000808C7F06020F2612DFD188828983E0A23D
:10614000E022C082C0838A828B8380058A828B830F
:10615000A312E1A360428A828B8312E972E0FC857C
:106160002182852283E06C70E388828983A3A3A3C4
:1061700012ECC574031214F5E06C7003A3E06D70AB
:10618000CB8882898312F49874011214F5E0687048
:1061900003A3E06970B680047A007B00800DA3A39E
:1061A000A3A3A3A312E30BEA4B22F0D083D0820275
:1061B000117E74F7120BD9E960229005BCF075F0DE
:1061C00015A4FAABF0121BDA9005B912DF4C90055A
:1061D000BBE4F012E35C700479018002790002E014
:1061E0005F74F5120BD9E9FE8A088B0912E35C6033
:1061F0000D9005BCE0F89005BBE0C398400579011F
:1062000002E2B412E2C98A82F583EEF09005BB1275
:10621000E2D1F8A3E039F9E8FAE9FB8A828B83A39B
:10622000E508F0A3E50912E97AA3ECF0A3EDF07418
:106230000B1214F512DFEF12ECFF740D1214F512AD
:10624000ECFA740F1214F512E2DF601B750A007885
:10625000081211D07C047D00EA240DFA50010B12C3
:106260001B2674031211B19005BB12E2C9FB741115
:106270001214F512E2C312ECFD74131214F512F4A9
:106280009912E2B912ED0474151214F512E2DF60EE
:106290001B750A0078081211D07C047D00EA2411D5
:1062A000FA50010B121B2674031211B19005BBE0CA
:1062B00004F079007F03020F26EA240BF582E43B09
:1062C000F5832212DFF3A3A32212E2D1FAA3E0396D
:1062D00022E075F015A4F8A9F09005B9E028221283
:1062E000F2B7E508450922C082C08312E35C60145E
:1062F0009005B912E307121BE09005BBE4F090058E
:10630000B9F0A3F002E1AB12E30B22E0FAA3E0FB49
:106310002274F7120BD9890812E35C603A79008085
:1063200001099005BBE0F8E9C398502BE975F01519
:10633000A4FEAFF012E429650870E6A3E06A7003DA
:10634000A3E06B70DC8E828F83A3A3A3E06C700349
:10635000A3E06D70CC800279FF02E05F9005B91276
:10636000F49DE8492274F1120BD9890E8C828D8339
:1063700074FFF0A3F0740F1214F512E97274FFF0B9
:10638000A3F0750A009005B912E94C700302E41EEF
:10639000750B008077E50B75F015A4FE85F008AF4E
:1063A0000812E429650E7062A3E06A7003A3E06B33
:1063B0007058050A8E828F83A3A3A3A3A3E0F50CD4
:1063C000A3E0F50D8C828D8312F2B3C3E50C950822
:1063D000E50D9509500B8C828D83E50CF0A3E50D3E
:1063E000F08E828F83A3A3A3A3A3A3A312F2B388E7
:1063F00082898312E61DC3E5089EE5099F500B883C
:10640000828983E508F0A3E509F0050B9005BBE060
:10641000FEE50BC39E500302E395E50A7004790183
:10642000800279007F07020F269005B9E02EFEA3B7
:10643000E03FFF8E828F83E02274EC120BD974F65A
:1064400012126474021214F574FFF0A3F085218215
:10645000852283F0A3F075130012E35C70057901C7
:1064600002E60E750E0002E545A821A922880C89D6
:106470000D780C1211D47404121244EEFAEFFBA939
:106480000812153E74021211B1E9600302E543E4FB
:10649000F50CF50D780C1211D474021214F5120FCC
:1064A000AF74061214F512E629122C5A7404121154
:1064B000B1E9600302E6097A0A7B00121BDA8A0C52
:1064C0008B0DEA450D700302E609122B5E12E633CE
:1064D0001211D07C047D00E50C2406FAE4350DFB96
:1064E000121B2674031211B17404121234880A8923
:1064F0000B780A1211D412E62312158074021211BD
:10650000B1E96401702074081214F512F2D012116E
:10651000D07C047D00E50C2402FAE4350DFB121B4F
:106520002674031211B1AC0CAD0D9005B512E61333
:10653000743028FA740539FB122090E96401700365
:1065400002E609050E9005BBE0F8E50EC39840038E
:1065500002E60CE50E75F015A4F50AE5F0F50B1250
:10656000E656E0F50812E61CEEFAEFFBA908122049
:106570002AE9F50F74FF650F700302E4697A0A7B5C
:1065800000121BDA8A0C8B0DEA450D607C122B5E23
:1065900012E6331211D07C047D00E50C2406FAE4E7
:1065A000350DFB121B2674031211B1740412123440
:1065B000880A890B780A1211D412E6231215807406
:1065C000021211B1E96401702074081214F512F27C
:1065D000D01211D07C047D00E50C2402FAE4350DC4
:1065E000FB121B2674031211B1AC0CAD0DE50F7537
:1065F000F00DA4F8A9F0743D28FA740539FB1220B7
:1066000090E96401600302E543751302A913740A5B
:1066100002EF36E075F00DA4F8A9F022A3E0FEA386
:10662000E0FF22850C82850D8312ECC9EEFAEFFBA8
:10663000A9082212E656A3A3A312E30B850C8285B8
:106640000D83EAF0A3EBF0E8240DF510E439F51121
:106650007512007810229005B9E0250AF8A3E035FC
:106660000BF9888289832274F6120BD91215509087
:1066700005B9120FAF12E705121C5274021211B1C4
:10668000E9F8740A68607B740968606E1215327AE2
:10669000567B00121C58EAF8EBF97A157B001208B9
:1066A000E5E8FEF9121526E9640160569005B91275
:1066B0000FAFEE75F015A4F508E5F0F509780812AE
:1066C00011D47C007D007A567B00121C6474041285
:1066D00011B1EE9005BBF080218A828B8312F49772
:1066E0009005BE12F0C8FEA3E0FF121BE09005BDAE
:1066F000E014F0EEFAEFFB121BE09005BE12E1A4ED
:1067000070D702DFC89005BBE075F015A4FCADF0B2
:106710007A567B002274EA120BD974EF12126412BB
:10672000E35C600312153275080090050180618EEC
:10673000828F83A3A312E968121D66EA4B604D8A1B
:10674000828B83A3A3A3A3A3A3A3E0F9603E750A4E
:1067500000E50AF50C750D007403780C12136F8AAE
:10676000828B83A3A3A3A3A3A3A3A3E0250CF8A3D5
:10677000E0350D8882F583A3A3A3A3A3E493A2E24B
:1067800050020508050AE50AC39940C58E828F8329
:1067900012E94C709AA908121526E9F9600302E97A
:1067A0004290050180048E828F8312E94C700302AF
:1067B000E940EE240212ECA712E968121D668A0A6B
:1067C0008B0BA80AA90BE84960DCE82407F50EE466
:1067D00039F50F850E82F583E060CB750A00E82459
:1067E00008F50CE439F50D807D12E972A3A3A3A38B
:1067F000A3E0F512A3E0F51388828983A3A3A3A3E2
:10680000A3A3A3E0F514A3E0F515850C82850D8301
:1068100012F2A2FBE82409F510E439F51178101200
:1068200011D478141211D478121211D478101211D4
:10683000D478141211D478121211D48A828B83A3C3
:10684000A3E493FC740193FD8A828B83E493FA742E
:106850000193FB85088285098312E96812152C745F
:106860000C1211B1050A850E82850F8312ECDE40F1
:106870000302E7A6E50AF5127513007403781212F5
:10688000136F85121085131112E9548A828B83A32A
:10689000A3A3A3A3E493A2E250CA12F47AE0C0E057
:1068A00074041214F5D0E012DEBE12F29A740512CE
:1068B00014F5E8F0A3E912E97A12F29A74071214B7
:1068C000F512ED0474041214F5740D120FB37ABDB1
:1068D0007B05121520740D1211B18A828B83E5821B
:1068E0004583600302E7E990831BAC21AD22740469
:1068F0001210FA12E954A821A922881089117810DF
:106900001211D47510FF7511FF78101211D4751083
:106910000A75110078101211D474061212348810FE
:10692000891178101211D47510FF7511FF781012AB
:1069300011D475100A75110078101211D402E83BB9
:10694000790074111211B17F0E020F26E0FEA3E050
:10695000FFEE4F22850C82850D83E02510F8A3E021
:106960003511F9E8FAE9FB2212E96C2212F484E00D
:10697000F92212F49D8882898322F08A828B83A374
:10698000A32274F6120BD99005BBE0600812E35CF9
:1069900070031215329005B9120FAF12E705121CE1
:1069A0005274021211B1E9F8740A6860057409683A
:1069B00070047901804E7A567B00121C58EAF8EB7D
:1069C000F97A157B001208E5E8FEF9121526E9644C
:1069D0000170047902802D9005B9120FAFEE75F0A9
:1069E00015A4F508E5F0F50978081211D47C007DAE
:1069F000007A567B00121C6474041211B1EE9005EB
:106A0000BBF0790002DFC874E4120BD974EE1212E5
:106A100064890B7E007F0074FF650B70109005B5D4
:106A2000E0F89005B8E0C3985013E08001E975F0F4
:106A30000DA4F8A9F0743328FE740539FF8E828FF7
:106A400083A3A3A3A3A3A3E0F47003A3E0F47003C0
:106A500002EC91EE240A12ECA7E0700302EC9174B0
:106A60000E1214F5E4F074061214F512F2D9A3858F
:106A70008216858317E0C0E0740F1214F5D0E0F0A1
:106A800090170E12F49974101214F512ED04850883
:106A900082850983E075F005A4A9F02401FAE439A0
:106AA000FB121BDA8A0C8B0D850882850983E0F5C1
:106AB0000E750F007402780E12136FAA0EAB0F1230
:106AC0001BDA8A0E8B0F8A148B15E50C450D7003AB
:106AD00002EC84EA4515700302EC7D850882850985
:106AE00083E0850C82850D83F0750A00EE2402F5A3
:106AF00018E43FF51902EBD612E61C7800EE4F7051
:106B00000302EBD4E8C3950A50088E828F83A31248
:106B1000E61C08EAC39850E5EE4F700302EBD48EF2
:106B2000828F8312F499E8FAE9FB8A828B8312F24E
:106B3000BF12ED04A821A922881A891B781A121104
:106B4000D412ECC185188285198312ECEE121580DF
:106B500074021211B1E96401707A74021214F5E042
:106B6000851282851383F0851082851183E50EF0EE
:106B7000A3E50FF074041214F512ECCF1211D07CBF
:106B8000047D00AA0EAB0F121B2674031211B18AEA
:106B90000E8B0F74021214F5E0F9121D96E96034A1
:106BA0007C047D00790012ECB3121B3274021214C3
:106BB000F5E0F9121D9CE9F974041214F512EC9633
:106BC00078101211D0E9FC7D0012ECB3121B267470
:106BD000031211B1050A85088285098312ECDE5083
:106BE0005EAA0AEA75F005A4F8A9F0E50C28F8E514
:106BF0000D39F988828983A3AC82AD8374FFF0A339
:106C0000F0E82403F512E439F513851282F5837454
:106C1000FFF0E82404F510E439F511851082F583BE
:106C2000E4F0A312EC9E24FFF8E434FFF9C3E89AE1
:106C3000E99400A2D265D033400302EAF8809512AD
:106C40002B6AE9F50878081211D87508007808123F
:106C500011D875080178081211D8780C1211D48552
:106C6000188285198312ECC5740B12123C851682AA
:106C7000851783E0F9121D4874051211B1AA0CABF7
:106C80000D121BE0E51445156007AA14AB15121B85
:106C9000E0741202DD75E0F510A3E0F51122F08535
:106CA0000882850983E022F508E43FF5098508821A
:106CB000F583228E828F83E02402FAA3E03400FB66
:106CC000228A828B8312ECC922E0FCA3E0FD22120F
:106CD000EC96751200781022851082851183E0F8F9
:106CE000E50AC3982212ECC9851A82851B8312E338
:106CF0000B851682851783E0F92212DFF3A3A3A385
:106D0000A3A3A3A3E8F0A3E9F02274EC120BD9E942
:106D1000FF7E0074141214F512E972EF24E060355E
:106D200014605414606F14700302EDB724FB7003F9
:106D300002EDF914700302EE2F14700302EE5614E4
:106D4000700302EE5624F2700302EE9814700302F0
:106D5000EEC802EF0C12EF10AA09A808E8C39509C3
:106D60004005E8C39A8003EAC398F895E0F9C3E8C0
:106D70009CE9940002EE4F12EF234008E8C39AF812
:106D8000E99B8006EAC398F8EB99F9C3E89508E90E
:106D9000950902EE9478081214828A828B83780C0B
:106DA0001214828C828D83781012148278107908E4
:106DB0001214354033802078081214828A828B8323
:106DC000780C1214828C828D8378101214827810C1
:106DD000790812143540117808791012130C780CC8
:106DE000790812143502EE947810790812130C7891
:106DF0000C791012143502EE9412EF103395E0FD69
:106E0000E509FA3395E0FBE508F83395E0F9E8C3C6
:106E10009509A2D265D0334008E8C39AF8E99B806F
:106E200006EAC398F8EB99F9C3E89CE99D80201223
:106E3000EF23A2D265D0334008E8C39AF8E99B80DB
:106E400006EAC398F8EB99F9C3E89508E99509A211
:106E5000D265D033803E78081214828A828B837880
:106E60000C1214828C828D8378101214827810791F
:106E70000812129040107808791012130C780C79CF
:106E800008121290800E7810790812130C780C7981
:106E9000101212904076807278081214828A828BC7
:106EA00083780C1214828C828D837810121482786D
:106EB000087910120DF94030781079081202127812
:106EC00010790C120DF9802E78081214828A828BA8
:106ED00083780C1214828C828D837810121482783D
:106EE000087910120DF950127808791012021278F0
:106EF00008790C120DF950148010781079081202DC
:106F0000127810790C120DF950027E01EEF98029E9
:106F1000E0F5088A828B83E0F88C828D83E0F509A6
:106F2000E8FC2212DFF312F2B78C828D8312E30B9E
:106F3000C3E89AE99B221211B17F0C020F2674F06C
:106F4000120BD99005B612EF6E780C1214827808E5
:106F5000790C120A7278081211CC7A807B009005A5
:106F600004E0F9121C9474041211B102DE2712F22B
:106F7000B7E4F50AF50B9083A72274F3120BD97AC4
:106F8000807B00900504E0F9121CA09005B5E0F5A7
:106F90000BF5087509007402780812136FAA08AB84
:106FA00009121BDA8A088B09AE08AF09EE4F70038D
:106FB00002F0BB750A00803FAA0A8A0875090074AE
:106FC00002780812136FEE2508F8EF3509F9EA7513
:106FD000F00DA4FAABF074332AFA74053BFB8A82F5
:106FE0008B83A3E088828983A312E97A12DEB1E061
:106FF00088828983F0050AE50AC3950B40BA90059B
:10700000B5E06051F50C750A00803E8A828B8312D0
:10701000F49790053E12F0C8F508A3E0F509121B9D
:10702000E090053DE014F0AA08AB09121BE09005C2
:107030003E12E1A470D59005B5E014FA7900122B48
:10704000469005B5E014F0050AE50AC3950C500515
:10705000E070DB80F2121544750A008050E50AF5F5
:10706000087509007402780812136FEE2508F8EF0E
:107070003509F9880889098882F583A3A312F0C02D
:10708000A3E0F912202AE9F874FF68601E850882DF
:10709000850983E0C0E0E875F00DA4F8A9F0743329
:1070A00028F582740539F583D0E0F0050AE50AC3B6
:1070B000950B40A9EEFAEFFB121BE07F05020F26AD
:1070C00012E30B8882898322E8F0A3E9F08A828B9D
:1070D00083E022C082C0837A807B00900504E0F9BF
:1070E000121CA002E1ABC082C083900505E0FCA3A6
:1070F000E08003EAFCEBFD8C828D83A3A312E307FF
:107100008A828B83E06960148C828D8312E307127C
:10711000ECC1EC4D70DD7A007B008004AA82AB8369
:1071200002E1AB74EA120BD974FE121264890CEA04
:10713000FEEBFF8C0A8D0B7C047D0079007A2F7B9F
:1071400005121B3290050112F2AB80098508828579
:10715000098312F2B3E5084509700302F29185082C
:107160008285098312F2C770E3121D668A0E8B0FA7
:10717000A80EA90FE84960D488828983A3A3A3A39A
:10718000A3A3A3E0F51260C4E82408500109FCE9B8
:10719000FD8C828D8312E1A460B2750D0080020522
:1071A0000DE50DC3951250A4E50DF50E750F007495
:1071B00003780E12136F850E10850F11EA2510F853
:1071C000EB3511F9880E890F888212F298EE6870FB
:1071D00002EF6970CAA3A3E493C0E0740193F5833E
:1071E000D082858214858315E50A65147004E50B49
:1071F000651570AB74181214F512F2AB8882F58322
:10720000E514F0A3E515F0E82402F8E43509F98562
:107210000E82850F83A3A3A3A3E49388828983F0BE
:107220008C828D8312F2A28A82F583A3A3A3A3A3E7
:10723000E493850882850983A3A312F2E5E0F9129D
:107240001D9CE9852182852283F0A3E4F0A821A971
:1072500022880A890B780A1211D4750A2F750B053A
:10726000780A1211D485088285098312ECC5EEFADA
:10727000EFFBA90C121DAE74041211B185088285B2
:107280000983A3A3A3A3742FF0A37405F07901804D
:10729000027900740202E944F583E493F8740193DF
:1072A000F922E02510FAA3E035112212F49D880896
:1072B00089092212F2B722E0F508A3E0F5092212AB
:1072C000F49D8C828D8322A3A312E96CE50C6922C4
:1072D00012F2B7750A00780822E4F0A3F08E828FCC
:1072E0008322A3E4F0A3F0888289832274EC120B3A
:1072F000D974F0121264890B8A0C8B0D8C0E8D0FD1
:1073000012202AE9F50A74FF650A700302F398E96E
:1073100075F00DA4F8A9F0743328FE740539FF8EBA
:10732000828F83E0A2E0400302F444A3A3A3A3A3BB
:10733000A3E0F47003A3E0F4700302F444740612B3
:1073400014F5E50EF0A3E50FF012F4708002A3A38C
:1073500012E2DF604312F47A12F49974061214F503
:10736000E0687003A3E06985088285098370DF12F5
:10737000E35F6024A821A9228810891178101211D6
:10738000D4AC0EAD0FAA0CAB0DA90B121580740274
:107390001211B1E9640160077902741002EF367AC4
:1073A000807B00900504E0F9121CA68B118C128DD5
:1073B00013750C00750D00C200EA45114512451306
:1073C00060149005B6120FAF122C0C74021211B19A
:1073D0008A0C8B0DD2008E828F83A3A3A3A312E30A
:1073E0005F601C8E828F83A3A3A3A3A3A3A3A3E0A8
:1073F000250CFAA3E0350DFBC3E89AE99B504574D0
:10740000021214F5E0F9121D96E9603D85088285A7
:10741000098312E307EA2402F508E43BF50978083A
:107420001211D474061214F512ECC5EA2406FA50AF
:10743000010B74041214F5E0F912156274021211B2
:10744000B1E97005790002F39A121574A90A1215B0
:107450005CA20050097900AA0CAB0D12151A7DFF31
:107460007CFF7A007B00A90A122AF8122C1880D41B
:10747000EE240BF582E43FF583228508828509839B
:1074800012F48422E0F8A3E0F583888222888289BE
:1074900083A3A3A3A3A3A3A3A312F49D22E0F8A311
:1074A000E0F922C082C0839005DD7470F0A374B14E
:1074B000F0A3E0541FF09005E1741DF0A37442F0B6
:1074C000A37470F0A374B2F09005E7E0541FF0903D
:1074D00005E9741EF0A37412F08040C082C08312CC
:1074E000F52200E5D6A2E150F9E5B354F84406F5DB
:1074F000B343B301E5B3A2E350FA801FC082C08357
:1075000012F52200E5D6A2E150F9E5B354F844049F
:10751000F5B343B301E5B3A2E350FAD083D08202BE
:10752000117EEB9005DBF0EAA3F09005E07410F01B
:107530009005DFE054E0F075D1FD75D6022274F7B6
:10754000120BD974091214F512F9589005DBF0E802
:10755000A3F0740B1214F512F958F9E89005E0F055
:10756000E9F89005DFE054E048F0EB9005E5F0EA3B
:10757000A3F0EC9005E8F0EDFC9005E7E054E04C5A
:10758000F075D1FD75D60200E5D6A2E150F975D1AE
:10759000FB75D60400E5D6A2E250F97F01020F2662
:1075A000C082C08312285802F51BC082C08353B327
:1075B0008F43B34012286402F51B74F4120BD98C6C
:1075C000088D09750A10750B00780A1211D4780815
:1075D0001211D412F5E71211B112FB91E5D1A2E21A
:1075E00050FA7F04020F267C107D00AA08AB091216
:1075F000286A74042274F0120BD974E912126474AC
:10760000041214F5E9F074051214F5ECF0A3EDF092
:1076100074041214F5E0700302F93C74311214F58D
:10762000E014C0E074071214F5D0E0F0742B1214CB
:10763000F5E0F50EA3E0F50FE50E450F60097407C0
:107640001214F5E0D2E6F074041214F5E024FE33CF
:107650003354FCF874071214F5E04812FD9D121122
:10766000D07C0D7D00740B1214F512FD931211B134
:1076700074271214F5A3E0C0E074151214F5D0E0DD
:10768000F074271214F5E0C0E074161214F5D0E07F
:10769000F07C107D007900742F1214F512F95D75DD
:1076A0000C20750D00C3E50E940FE50F9400401DEE
:1076B000E50E24F2F8E50F34FFF9E854F02420F544
:1076C0000CE439F50DE8540F600312F94C742712DD
:1076D00014F5E054F0F8A3E0F9E50C28F50CE50DFD
:1076E00039F50D74271214F5E0540F600312F94CAC
:1076F000AA0CAB0D121BDA74021214F5EAF0A3EB1C
:10770000F074021214F512F958F9E849700579106D
:1077100002F93E7407121234880889097808121198
:10772000D07C107D0074051214F512FBB31211B158
:1077300074021214F512F958C82410F582E438F5D1
:1077400083E50FF074021214F512F958C82411F5EC
:1077500082E438F583E50EF074021214F5E0241289
:1077600012F9BE401174291214F512FBA91211D09E
:107770007C0E7D00801E7C0E7D0079008521828537
:10778000228312F95D74291214F512FBA91211D08B
:10779000AC0EAD0F74031214F512FBB31211B185C8
:1077A0002182852283E0240E12F9BE500302F834B0
:1077B000E50E24F2F50EE50F34FFF50F850E08F502
:1077C0000974047808121455AE08AF09E50E12F9D1
:1077D0004312136F85080E74291214F5E0240EF578
:1077E00008A3E03400F50978081211D0AC0EAD0FF3
:1077F00074031214F512FBB31211B112F9A1603423
:1078000012F96A12136F74291214F5E02508F8A30F
:10781000E03509F9E8240EF508E439F5097808128D
:1078200011D0AC0B7D0074031214F512FBB31211CE
:10783000B112F98274271214F512FB9874047808B7
:10784000121455AE08AF0974271214F5E012F9436B
:1078500012136F85080E85090F74051214F512FBBB
:10786000A91211D0AC0EAD0F74031214F512FBB3B4
:107870001211B112F9A1602D12F96A12136F740579
:107880001214F5E02508F508A3E03509F509780894
:107890001211D0AC0B7D0074031214F512FBB3125D
:1078A00011B112F982852182852283C082C083743E
:1078B000021214F512F958F9D083D082E0C398F877
:1078C000A3E099F9E8650C7003E9650D60031217F0
:1078D0005453B38F43B350742F1214F512FBBC12E0
:1078E000285E780C1211D474041214F5120FAF7CB8
:1078F000107D0074331214F512FBA01211B153B3B2
:10790000F87404780C121455E50C24FFFEE50D34D0
:10791000FFFF12FB82600B43B301E5B3A2E340F229
:1079200080F853B38F85B3B343B301E5D1A2E250DE
:10793000FA74021214F512FBBC121BE079007417E2
:1079400002F9CD540FF50B7404780822E50C2410CD
:10795000F50CE4350DF50D22E0F8A3E02212F961F3
:1079600022E0FAA3E0FB121B32227C107D0079009A
:1079700085218285228312F9618E088F097404782B
:107980000822852182852283E0241012F98F22F8B3
:10799000A3E03400F9852182852283E8F0A3E9F091
:1079A00022852182852283E0250EF8A3E0350FF998
:1079B000852182852283E8F0A3E9F0E50B2212F904
:1079C0008FC3E50E940FE50F94002274021211B1DB
:1079D0007F08020F2674F0120BD974DD121264E9CD
:1079E000852182852283F074011214F5ECF0A3ED59
:1079F000F0EAFEEBFF750E00750F0074371214F5F8
:107A000012FB98750A0078081211D074031214F54D
:107A1000E0FC7D00741612123C12FD971211B17435
:107A2000391214F5E014C0E074031214F5D0E0F03C
:107A30008E088F0978081211D07C0D7D0074071212
:107A400014F512FD931211B174121214F5E4F074CE
:107A5000111214F5E4F074331214F5E0F50CA3E000
:107A6000F50D850C08F50974047808121455AE0854
:107A7000AF09E50C540FF50B60050EEE70010FE534
:107A80000C450D60508E088F097404780812136F2E
:107A9000AA08AB09121BDA8A0E8B0FEA4B70057924
:107AA0001002FB7D74011214F512FBA91211D0AC67
:107AB0000CAD0D12FD971211B1E50B6018F87410A2
:107AC000C398FC95E0FD7900E50E250CFAE50F352D
:107AD0000DFB121B3253B38F43B320740312123CBD
:107AE00012FD871211D4741512123488088909788E
:107AF000081211D47C107D00743B1214F512FBA007
:107B00001211B112FB91E5D1A2E250FAEE4F60449E
:107B100053B38F43B33074121214F57401F074032D
:107B200012123C12FD7B12136FAC08AD09780812DB
:107B300011D4780E1211D4AA0EAB0F12F5EF121158
:107B4000B153B3F812FB82600B43B301E5B3A2E378
:107B500040F280F8E50E450F6021850E08850F097B
:107B600078081211D0AC0CAD0D74041214F512FB90
:107B7000B31211B1AA0EAB0F121BE07900742302ED
:107B8000F9CDEEF8EFF9E824FF1EE934FFFFE849EC
:107B90002253B3F843B30122E0F508A3E0F509222C
:107BA00012FBBC12286A740422E0F508A3E0F50970
:107BB00078082212FBBC121B26740322E0FAA3E011
:107BC000FB2274F1120BD974DE12126485218285B6
:107BD0002283ECF0A3EDF0890E74371214F5E01453
:107BE000C0E074021214F5D0E012FD9D1211D07C99
:107BF0000D7D0074061214F512FD931211B174116B
:107C00001214F5E4F074101214F5E4F07431121447
:107C1000F5E0C3950EF50BC4540FFE7F00740F55AD
:107C20000B60050EEE70010F7C107D007900741260
:107C300012123C121B32A80B852182852283E02878
:107C4000F508A3E03400F50978081211D0AC0E7DD8
:107C500000741512123C12FD971211B153B38F43E9
:107C6000B320740212123C12FD871211D474141244
:107C700012348808890978081211D47C107D0074A8
:107C8000391214F512FBA01211B112FB91E5D1A229
:107C9000E250FA8E088F097404780812136FAA084C
:107CA000AB09121BDA8A0C8B0DEA4B7005791002B6
:107CB000FD718E088F097404780812136FAC08AD3B
:107CC00009F9121B3285218285228312FBA9121128
:107CD000D0AC0B7D00AA0CAB0D12FD971211B1EECA
:107CE000604853B38F43B33074111214F57401F02C
:107CF0000412123C12FD7B12136FAC08AD09780818
:107D00001211D4780C1211D4AA0CAB0D12F5EF128B
:107D100011B1E5B354F84402F5B312FB82600B4392
:107D2000B301E5B3A2E340F280F8850C08850D09A4
:107D300078081211D0AC0B7D0074031214F512FBFD
:107D4000B31211B1AA0CAB0D121BE074351214F56D
:107D500012FBA91211D0AC0E7D00A80B74031214F3
:107D6000F5E028FAA3E03400FB12FD971211B17977
:107D70000074221211B17F07020F2612285E8E08AE
:107D80008F09740478082212285E7508107509009E
:107D9000780822AA82AB83121B26740322F08A0879
:107DA0008B09750A0078082274F2120BD9E9FF8C4E
:107DB0000C8D0D7005790002FE3A740E1214F5E078
:107DC000C39FFE74161214F512FB9874181214F562
:107DD000E0F50A780A1211D878081211D474171233
:107DE00014F5120FAF74171214F5120FAF741712A7
:107DF00014F5120FAFEEF50A750B00780A1211D4C4
:107E0000122882740B1211B1E9F8702E78008001EB
:107E100008E8C39F5024EEFD74012DFEE8FAE50842
:107E20002AF582E43509F583E0FCE50C2DF582E4C2
:107E3000350DF583E06C60D879017F06020F26745A
:107E4000F0120BD974FE12126412FFA61214F5E0A0
:107E5000FEA3E0FF741A1214F512FF891214F51232
:107E6000FF931211D8780C1211D4850E0A850F0BCE
:107E7000780A1211D4741D1214F5120FAF741D126A
:107E800014F5120FAF8E0A8F0B780A1211D4741DDD
:107E90001214F512FF83740B1214F512FFA01228AE
:107EA00082740B1211B1E9F97034E509F50A780A08
:107EB0001211D8780C1211D4780E1211D48E0A78BF
:107EC0000A1211D474191214F512FF8374071214D4
:107ED000F512FFA012288874071211B1E9F902F90E
:107EE000CB74F0120BD974FE12126412FFA6121496
:107EF000F5E0FEA3E0FF741A1214F512FF891214C4
:107F0000F512FF931211D8780C1211D4850E0A8540
:107F10000F0B780A1211D48E0A8F0B780A1211D423
:107F200074191214F512FF8374071214F512FFA0CE
:107F300012288E74071211B1E9F97044E509F50AA7
:107F4000780A1211D8780C1211D4780E1211D47448
:107F50001D1214F5120FAF741D1214F5120FAF8E0F
:107F60000A780A1211D4741D1214F512FF83740BCF
:107F70001214F512FFA0122894740B1211B1E9F932
:107F800002F9CBE0FCA3E0FD22E0F50EA3E0F50F43
:107F9000741C22E0F50CA3E0F50DEBF50A780A223B
:107FA00012FBBCA90822852182852283ECF0A3ED77
:107FB000F08A088B09741422C082C083121904123B
:107FC0001982121A5A1219EE121A9612186880257E
:107FD000C082C083A2AF5003121754901895E0706E
:107FE000061219FA12198812186E121A9090076068
:0F7FF0007401F08000D083D08202117E02117ED6
:1080000074F7120BD974F3121264852182852283CE
:108010007402F0141214F51284EC1214F5AA82AB57
:108020008312228874161214F51280491222C4E9B0
:108030006401700A740B1214F51281398008740BF4
:108040001214F512805402881E1281A0FEE9FFAAC4
:1080500021AB22221288128E828F83E8F0A3E9F0EE
:1080600079C82274F7120BD974F3121264ECFEED86
:10807000FF8521828522837402F0EAFCEBFD740304
:108080001214F5AA82AB83122288AA21AB221222F3
:10809000B8E96401700A740B1214F5128139800872
:1080A000740B1214F512805402881E74F7120BD947
:1080B00074F1121264AC21AD221220D8E9FE7028AE
:1080C00074021214F57402F0852182852283128FC6
:1080D00024740D1214F512854C740212123C1222F3
:1080E000A6E9640160027E01EEF9740F0288207433
:1080F000F7120BD9E9FE90162B12880D70327A0F09
:108100007B00121BDA90162BEAF0A3EB128197602A
:10811000257800790012823E74FEF0A30412850ACD
:10812000A3A3E4F0A3F008E870010912818D40E5F3
:10813000EE7003122156028823E0F8A3E0F98E8244
:108140008F83E8F0A3E9F079002274F7120BD98C41
:10815000828D831281946030780079001282A3FEB0
:10816000A3E03FFF8E828F83E06A7003A3E06B7011
:108170000DEEF8EFF98C828D83128142800C08E8B5
:1081800070010912818D40D479C8028823C39403F9
:10819000E9940022E4F0A3F090162B1281A049226A
:1081A000E0F8A3E0F9E82274F7120BD974FE12127A
:1081B00064ECFEEDFF8E828F83E4F0A3F07508C8B7
:1081C000AC21AD221220D8E97013EEFCEFFD852121
:1081D000828522831285041220EAE9F508A90802A3
:1081E00084DF74F7120BD974FE121264ECFEEDFFFB
:1081F000AC21AD221220D8E9703F90162B12880DC9
:1082000060377800790012823E1284AE8521828523
:108210002283E06C7003A3E06D70148E828F831252
:108220008818740B1214F5128A5D128142800C08B2
:10823000E870010912818D40CD79C80284DF128275
:10824000468A828B8322E8FAE9FBEA75F005A4FAF4
:10825000ACF075F005EBA42CFB90162BE02AFAA3EA
:10826000E03BFB2274F7120BD990162B12880D609D
:108270002D780079001282A3F508A3E03F850882DB
:10828000F583E06A7003A3E06B70098C828D831222
:108290008142800C08E870010912818D40D779C8AD
:1082A000028823E8FEE9FFEE75F005A4FE85F008DC
:1082B00075F005EFA42508FF90162BE02E2274F030
:1082C000120BD974FC121264EAFEEBFF7402121254
:1082D000448E828F831285041220FCE9F50A7A18F5
:1082E0007B00121BDA8A0C8B0DEA450D60417C186D
:1082F0007D007900121B321284B4780C1211D475EF
:108300000E18750F00780E1211D47C007D008508C0
:10831000828983128504121C5E74041211B18508CF
:1083200082850983E4F0A3F0AA0CAB0D121BE08E4A
:10833000828F8374FEF0A304128543A3A3A3A3E456
:10834000F0E50A600302843274021214F512850407
:10835000EAFEEBFFEE75F005A4FEA8F075F005EF60
:10836000A428FF90162B12880D603E90162BE02E4D
:10837000F508A3E03FF50978081211D475080575D2
:10838000090078081211D4EA75F005A4FAA8F0756E
:10839000F005EBA428FBEA2402FCE43BFD7A4C7BCD
:1083A00000121C5E74041211B1A821A92288088948
:1083B0000978081211D4750802750900780812119D
:1083C000D47C007D007A4C7B00121C647404121172
:1083D000B1E9705E90162BE02EF8A3E03F8882F59D
:1083E00083E064FE7003A3E0F4852182852283701C
:1083F0001512880D6014852182852283E024FFF008
:10840000A3E034FF8003128C40F0A821A922880841
:10841000890978081211D4750802750900780812C4
:1084200011D47C007D007A4C7B00121C5E74041217
:1084300011B174041211B17F08020F2674F7120BE8
:10844000D98A828B83128194605F7C007D00ECF876
:10845000EDF9E875F005A4F8AEF075F005E9A42E85
:10846000F990162BE028FEA3E039FF8E828F83E07F
:1084700064FE7003A3E0F47023EEFCEFFD8A828BB0
:1084800083ECF0A3EDF090162BE028FAA3E0398AF4
:1084900082F583A3A3A3A3E4F0F9800F0CEC700191
:1084A0000DC39403ED940040A579C8028823E0FC35
:1084B000A3E0FD221284E4880889092274F7120BD4
:1084C000D974FE121264AC21AD221220F0E9FE70C4
:1084D0000C852182852283128504122102EEF97413
:1084E00002028820EE2402F8E43FF9221288187470
:1084F00003221284F622E0F8A3E0F5838882221298
:1085000084F6A3A3E0FAA3E0FB22F08A828B832205
:10851000D083D08202117EC082C08390158AE0642D
:1085200005700C7A807B00901587E0F9121B86801D
:10853000DF74F7120BD91220E41225B81225880235
:108540008823E4F08E828F8322128A61E8F0A3E907
:10855000F02274F6120BD974F1121264EAFEEBFFEA
:1085600074021214F5E4F0EEFCEFFD74051214F53C
:10857000AA82AB83121CCA12258EE9702A740212D9
:10858000123C1222B8E96401601DA821A9228808C2
:10859000890978081211D4EEFCEFFD7A007B0012F5
:1085A00020D274021211B1740F02883F74F2120BC0
:1085B000D974D8121264EAFEEBFFEE2416F50AE431
:1085C0003FF50BAA0AFB122198901995E06401600F
:1085D00005E064027020780A1211D4750808750944
:1085E0000078081211D47C087D007A117B01121CDE
:1085F0005E74041211B1AA0AAB0B1221208E828F75
:1086000083A3A3A3A3E0F8EE2406F508E43FF5094D
:10861000740168600574066870727800E8FAEE2AE2
:10862000F582E43FF583A3A3A3A3A3A3E070070807
:10863000E8C3941040E6741068703190172AE07017
:108640004574181212447A627B0012217A79007400
:108650001812123C1225D679001225DC7C107D0000
:108660007900741812123C121B32801A1287F6F924
:10867000AA08AB091225D690172AE070098E828FBE
:1086800083E0F91225DC1221140287EC740468607F
:108690000302876A7405121234880C890D780C1253
:1086A00011D47402121244AA0AAB0B12257674027A
:1086B0001211B18A0A8B0BAE0AAF0B85218285227B
:1086C00083E070030287EC74151214F5E0700C74EB
:1086D000171214F5AA82AB8312257074151214F5C3
:1086E0007401F074161214F5E4F074091214F51202
:1086F00095061214F512909B74171214F5E4F07499
:1087000005121234880A890B780A1211D4750A13DB
:10871000750B00780A1211D47C007D00EEFAEFFB95
:10872000121C5E74041211B178081211D47C107DF1
:10873000007A027B01121C5274021211B1E97020FE
:1087400078081211D475081075090078081211D430
:108750007C007D007A027B01121C5E74041211B150
:108760007A037901122BAC0287EC740368707D7474
:1087700003121244AA0AAB0B1220D8E9602B74032F
:10878000121234880C890D780C1211D4AC0AAD0B7E
:108790007AFE7BFF1220D274021211B17D007C00A0
:1087A0007900AA0AAB0B12207874011212447403E8
:1087B0001214F51285041220EA74011214F51288BD
:1087C0000D701B740112123C122108E97010740321
:1087D0001214F5128F2474011214F5128549AC0895
:1087E000AD09AA0AAB0B12213812215074281211BC
:1087F000B17F06020F26EE2405F8E43FF9E8FEE912
:10880000FF8E828F83E0228521828522831281A0C0
:108810004922E0F8A3E0F922EAF0A3EBF022740D7C
:108820001211B17F01020F26C082C0838A828B831E
:10883000A3A3A3A3E0F91225DC121FB8028510122E
:1088400011B17F02020F2674ED120BD974F01212CF
:10885000648A088B09890AECFEEDFFEE4F70030273
:10886000892DEA4509700302892DA821A922880CC7
:10887000890D780C1211D4750C10750D00780C123E
:1088800011D47C007D007A017B01121C64740412F7
:1088900011B1E50AF50C852182852283E582250C3C
:1088A000F510E43583F51175120078101211D074AB
:1088B00010C3950CFC95E0FDEEFAEFFB121B26743D
:1088C000031211B1A821A922881089117810121160
:1088D000D0AC0A7D00C3E4950CF895E0F9EE28F8D9
:1088E000EF39F9E82410FAE439FB121B267403125D
:1088F00011B17C00ECFAE5082AF8E43509F9EE2A12
:10890000FAE43FFB88828983E0FD8A828B83E06DF5
:10891000F088828983E0F88A828B83A3A3A3A3A330
:10892000A3A3A3E068F00CECC3940840C774101232
:1089300011B17F0B020F2674F2120BD974FC1212C4
:1089400064ECFEEDFF74021212348808890978087D
:108950001211D474021212441220F674021211B1D0
:10896000E9F50B6003028A5674021214F5E0240143
:10897000F8A3E03402F9852182852283128A5DA35F
:10898000A312854C7A187B00121BDA8A0C8B0DEA35
:10899000450D7003028A56780C1211D475081875AB
:1089A000090078081211D47C007D0074041214F5BB
:1089B0001284FF121C6474041211B18E088F0975A1
:1089C0000A0078081211D07C107D00AA0CAB0D12A1
:1089D0001B2674031211B1E50C2414129094E50CBB
:1089E0002410129094780C1211D47508187509008F
:1089F00078081211D47C007D0074041214F51284DE
:108A0000FF121C5E74041211B17C187D007900AA5B
:108A10000CAB0D121B32AA0CAB0D121BE085218290
:108A20008522831284F2128F22E875F009A4F8AA35
:108A3000F075F009E9A42AF9742D28F8741639F9AB
:108A4000E824F7F582E934ED129099E824FBF582E9
:108A5000E934ED129099A90B74040287EE128A6131
:108A600022E0FAA3E0F5838A822274F6120BD9740D
:108A7000F4121264EAFEEBFF74041212447A007BD3
:108A80000079AB1224E01227388A088B09AC08ADB4
:108A900009740412123C121CC4E9603B74041212E3
:108AA00044EEFAEFFB12229AE96015AC21AD227474
:108AB0000412123C1220F0E9700D128ADBE07017EC
:108AC0007900740C02883F7402121244740412126A
:108AD0003C1220D8E970E9790180E785218285225E
:108AE000831284F6A3A3A3A32274F7120BD974FEF6
:108AF000121264ECFEEDFFAC21AD221220F0E9F978
:108B000070138521828522831284FF8E828F83EAEF
:108B1000F0A3EB80078E828F83E4F0A3F00284DF62
:108B20007F07020F2674F6120BD974FE121264E44A
:108B3000F508F50978081211D47C117D007A4C7B78
:108B400000121C5274021211B1E9FE74096E7021F8
:108B5000128F0D1211D475080275090078081211D0
:108B6000D47C007D007A4C7B00121C5E74041211D0
:108B7000B175086875091678081211D47C087D0053
:108B80007A717B00121C5274021211B1E94EF97411
:108B90000202883F74F4120BD974FE12126485210C
:108BA0008285228312819460657E007F008E088F0B
:108BB00009E50875F005A4F508A8F075F005E509C4
:108BC000A428F50990162BE02508F50AA3E035093D
:108BD000F50B780A1211D4750A05750B00780A1284
:108BE00011D4128EEA121C5E74041211B1128E0D91
:108BF000E064FE7003A3E0F4600A8521828522838D
:108C0000128C40F00EEE70010F128EE3409FA821EF
:108C1000A9228808890978081211D47508027509F3
:108C20000078081211D47C007D007A4C7B00121C65
:108C30005E74041211B174021211B17F04020F2686
:108C4000E02401F0A3E034002274EC120BD974FE8E
:108C5000121264A821A9228808890978081211D45F
:108C600075080275090078081211D47C007D007A1D
:108C70004C7B00121C6474041211B1E96003028D74
:108C8000DD1288077003028DDD852182852283C372
:108C9000E09404A3E094004003028DDD7A187B0089
:108CA000121BDA8A0C8B0D7E00EA2410F50AE435DB
:108CB0000DF50BEE75F005A4F508E5F0F509901635
:108CC0002BE02508F50EA3E03509F50F780E1211FB
:108CD000D4750E05750F00780E1211D4EE75F005DF
:108CE000A4A9F0128F02121C6474041211B1E9607D
:108CF00003028DC6128E15F9E8FAE9FB8A828B838E
:108D0000E064FE7003A3E0F47003028DC6E50C4539
:108D10000D7003028DC6780C1211D4750E18780EE2
:108D20001211D47C007D008A828B83128502121C72
:108D30006474041211B19083AB7810121482850A06
:108D400082850B83781012135C128E0DA3A3E0F5BD
:108D500008A3E0F509E50875F009A4F8AAF075F094
:108D600009E509A42AF9742D28FC741639FD850A31
:108D700082850B831214BAEC24F7F582ED34EDF5FD
:108D8000831214C6E50C2414F582E4350DF5831224
:108D900014BAEC24FBF582ED34EDF5831214C67899
:108DA0000C1211D4780E1211D47C007D00AA08ABED
:108DB00009121C5E74041211B17C187D007900AA9E
:108DC0000CAB0D121B320EEEC394035003028CB396
:108DD000E50C450D6007AA0CAB0D121BE075086889
:108DE00075091678081211D47508087509007808F5
:108DF0001211D47C007D007A717B00121C64740413
:108E00001211B174021211B17F0C020F26128E15CD
:108E10008882F5832290162BE02508F8A3E0350917
:108E20002274F4120BD974F9121264128F0D1211FC
:108E3000D475080275090078081211D47C007D00F1
:108E40007A4C7B00121C5E74041211B17C057D000B
:108E50007900740212123C121B327E007F007402F1
:108E60001212348808890978081211D4750805751A
:108E7000090078081211D4128EEA121C5E740412D2
:108E800011B10EEE70010F128EE340D27A187B0002
:108E9000121BDA8A088B09EA450960427C187D00BA
:108EA0007900121B327E007F0078081211D4750AF7
:108EB00018750B00780A1211D47C007D00EE240195
:108EC000FAEF3402FB121C5E74041211B10EEE7044
:108ED000010F128EE340D2AA08AB09121BE07407FF
:108EE000028C38C39403EF940022EEF8EFF9E87592
:108EF000F005A4F8AAF075F005E9A42AF9E8128FA4
:108F000002222402FCE439FD7A4C7B002285218276
:108F1000852283E4F0A3F0A821A922880889097892
:108F20000822A3A31288122274EC120BD974ED123A
:108F30001264890C7C137D007900AA21AB22121BDC
:108F40003274101214F574FFF07E007F00EE2411CD
:108F5000F50AEF3401F50BA821A9228808890978C0
:108F6000081211D47C137D00AA0AAB0B121C527498
:108F7000021211B1E96003029077EEF8EFF9E8759B
:108F8000F009A4F8AAF075F009E9A42AF9744828B0
:108F9000F508741639F509E5082404F50EE43509D9
:108FA000F50FE50CA821A9228810891178106036E8
:108FB0001211D475101375110078101211D47C00A1
:108FC0007D00AA0AAB0B121C5E74041211B1850855
:108FD0008285098312909B850E82850F83F0A3F012
:108FE000A3F0A30290761211D475101375110078B6
:108FF000101211D47C007D00AA0AAB0B121C647401
:10900000041211B190839778101214828521828501
:109010002283781012135CA821A922881089117864
:10902000101211D475101375110078101211D47C20
:10903000007D00AA0AAB0B121C5E74041211B185EC
:1090400021828522831214BA85088285098312142D
:10905000C674041214F51214BA850E82850F831299
:1090600014C67C137D007900AA21AB22121B327436
:10907000101214F574FFF00EEE70010F128EE35013
:1090800003028F4DE50C60077A007B001225707497
:1090900013028E05F582E4350DF583E41294FE2269
:1090A00074F0120BD974E41212648A0C8B0D8C08C4
:1090B0008D09750AA1852182852283E4F0EC2406BE
:1090C000FEE43509FFEEFAEFFB12228EE9700BEE9B
:1090D000FCEFFDAA0CAB0D1224EC740912123488BB
:1090E0000C890D780C1211D47402121244EEFAEFAE
:1090F000FB12257674021211B18A0C8B0DA80CA9F3
:109100000D901995E064016005E06402703F8521CF
:1091100082852283E070367C087D0079007401121C
:10912000123C121B327409121234880C890D780C0F
:109130001211D47402121244740312123C122576D6
:1091400074021211B18A0C8B0DA80CA90DE508242C
:109150000FFAE43509FBEAFEEBFF852182852283C5
:10916000E07003029275750A00E5082420FAE435E0
:1091700009FB74191214F5E0604514600E14606C5C
:109180002405606824FE601602928F901995E064B1
:10919000017003029238E06402700B029238901959
:1091A00095E064016005E0640270078A828B837435
:1091B00001F08E828F837403F0A3740102924174D4
:1091C0001B1214F51294EF8E828F8312854C901629
:1091D00063E08A828B83F0901663E0C0E0E50824A8
:1091E00021F582E43509F583D0E08055E875F00972
:1091F000A4F8AAF075F009E9A42AF974B328F87460
:109200000C39F9E8FAE9FB1294D4780C1214828A2A
:10921000828B83780C1211595056908313780C125C
:1092200013A88A828B83780C121464901995E064D9
:10923000016005E06402700C8E828F837402F0A3DB
:1092400014F0804B74111214F5A982AA83890C8A38
:109250000D750E00780C1211D07C087D00E50824F5
:1092600018FAE43509FB121B2674031211B1801F92
:10927000750AA2801A901995E07014122BE8E97013
:109280000E8E828F837403F0A37401F0750A00A917
:109290000A741C02843474ED120BD974DF12126448
:1092A0008C088D097EA174141214F5E4F074151263
:1092B00014F5128818EC2406F50AE43509F50BAA12
:1092C0000AFB12228EE970030294B8740112123460
:1092D000880C890D780C1211D47402121244AA0A57
:1092E000AB0B12257674021211B18A0E8B0FE508B2
:1092F000240FF50CE43509F50D74FF650E70047448
:10930000FF650F70030294A71294E0AAF075F009AC
:10931000E9A42AF9744828FE741639FF852182854C
:109320002283E070030293AE74111214F5E0602101
:1093300014600E1460302405601424FE6010029442
:1093400040901995E06401602AE06402602502946F
:109350003374131214F51294EF850C82850D83E893
:10936000F0A3E902943F901995E064016005E06480
:1093700002700E850C82850D837402F0A314029492
:109380003F74091214F5A982AA83890C8A0D750EFF
:1093900000780C1211D07C087D00E5082418FAE44E
:1093A0003509FB121B2674031211B1029440850A81
:1093B00010850B1175120078101211D07C087D00F9
:1093C000740C1214F5AA82AB83121B2674031211BB
:1093D000B174111214F574FFF074121214F57401C3
:1093E000F0121B3EEA540FC0E074131214F5D0E0E3
:1093F000F074011214F51295061214F51294F81275
:109400001234880A890B780A1211D4750A13750B65
:1094100000780A1211D47C007D00AA0EAB0F121C3A
:109420005E74041211B17C097D007900EEFAEFFB45
:10943000121B32850C82850D837403F0A37401F036
:10944000E508240EF582E43509F5831285421214ED
:10945000BA1294D41214C690831378081214828E10
:10946000828F83780812135C8E828F83780812149F
:10947000829082C7780C1214827808790C120B6AD9
:10948000E50C450D450E450F702A8E828F83A3A3F0
:10949000A3A3A3A3A3A37401F07A007B0490158770
:1094A000E0F9121B86800D850C82850D837403F014
:1094B000A37401F07E008015741412123C1222B2C3
:1094C000E964017008741412123C1222A6EEF974B9
:1094D0002102892FE5082412F582E43509F583225B
:1094E000EA24EFF8EB34FEF9E875F009A4F822E07D
:1094F0002404F8E43401F9221294FD0422E4F0A3D8
:10950000F0A3F0A3F0221294FD74052274F4120B60
:10951000D974CE1212648909C2007C0C7D007900D6
:10952000AA21AB22121B321221B0E9F8A2E75002A5
:10953000D200750800804DEE2475FE50010FA82161
:10954000A922880A890B780A1211D47C0C7D00EEBE
:10955000FAEFFB121C5274021211B1E97024A2003E
:109560005020780A1211D4750A0C750B00780A1273
:1095700011D47C007D00EEFAEFFB121C5E74041225
:1095800011B10508AE087F00903357E493F8EEC39D
:109590009840A47C087D0079FF74041214F5AA8217
:1095A000AB83121B32EE2474FE50010FA821A922B6
:1095B000880A890B780A1211D47C0C7D00EEFAEF30
:1095C000FB121C5274021211B1E97024A200502047
:1095D000780A1211D4750A0C750B00780A1211D48E
:1095E0007C007D00EEFAEFFB121C5E74041211B1D8
:1095F0007C157D007900741D12123C121B32741D03
:10960000121234880A890B780A1211D47C157D0055
:109610007A827B00121C5274021211B1E970267416
:109620000165097020780A1211D4750A15750B00AE
:10963000780A1211D47C007D007A827B00121C5EB5
:1096400074041211B17C117D007900740C12123C6B
:10965000121B32740C121234880A890B780A121108
:10966000D47C117D007A3A7B00121C5274021211D4
:10967000B1E97026740165097020780A1211D47559
:109680000A11750B00780A1211D47C007D007A3A19
:109690007B00121C5E74041211B1740C1212348817
:1096A0000A890B780A1211D47C117D007A3B7B0069
:1096B000121C5274021211B1E9702674016509700E
:1096C00020780A1211D4750A11750B00780A12114C
:1096D000D47C007D007A3B7B00121C5E7404121166
:1096E000B17432028C3874F1120BD98C088D097464
:1096F0003A6A7001EB6006743B6A4B701578081289
:1097000011D475081075090078081211D47C010273
:10971000979674036A700374016B7008750CCD75AD
:109720000D32801974686A4B702F901995E06401AE
:109730006005E06402706B750CDD750D32750E808E
:10974000780C1211D07C107D00AA08AB09121B26E0
:1097500074031211B17900804B74026A70037401B2
:109760006B602174626A4B601BEA24FCF8EB34FEE8
:10977000F9E849600FEA24FFF8EB34FDF9C3E81279
:10978000818E501E78081211D47508107509007862
:10979000081211D47C007D00121C6474041211B1F3
:1097A0008002790A028B2074F4120BD974E8121229
:1097B0006489097C187D007900AA21AB22121B3232
:1097C000750800E5082401FEE43402FFA821A9225F
:1097D000880A890B780A1211D47C187D00EEFAEF02
:1097E000FB121C5274021211B1E970267401650952
:1097F0007020780A1211D4750A18750B00780A12B5
:1098000011D47C007D00EEFAEFFB121C5E74041292
:1098100011B10508EEC3940340A97418028C387482
:10982000F7120BD9E9FE122174EEF9122180EEF93C
:1098300012216202882374EE120BD97A187B00126F
:109840001BDA8A0E8B0FEA450F7003029928750800
:1098500000750900E50875F009A4F8AAF075F0098B
:10986000E509A42AF9742D28F50A7416129A0A60DB
:10987000030298FBE5082401FEE5093402FF780E97
:109880001211D475101875110078101211D47C00C3
:109890007D00EEFAEFFB121C6474041211B1E97042
:1098A0005A850A82850B831214BAE50E2410F582BC
:1098B000E4350FF5831214C6850A82850B83A3A3B2
:1098C000A3A31214BAE50E2414F582E4350FF58330
:1098D0001214C6780E1211D4750A18750B00780A86
:1098E0001211D47C007D00EEFAEFFB121C5E7404B2
:1098F0001211B1850C82850D83E4F00508E508702E
:10990000020509C39403E5099400A2D265D033503F
:10991000030298547C187D007900AA0EAB0F121B2D
:1099200032AA0EAB0F121BE07F0A020F2674EE1252
:109930000BD97A137B00121BDA8A0E8B0FEA450FC4
:109940007003029A07750800750900E50875F009AB
:10995000A4F8AAF075F009E509A42AF9744828F5D5
:109960000A7416129A0A60030299ECE5082411FEA3
:10997000E5093401FF780E1211D47510137511002A
:1099800078101211D47C007D00EEFAEFFB121C64FB
:1099900074041211B1E97054850A82850B83121484
:1099A000BA850E82850F831214C6850A82850B83C1
:1099B000A3A3A3A31214BA850E82850F83A3A3A326
:1099C000A31214C6780E1211D4750A13750B007801
:1099D0000A1211D47C007D00EEFAEFFB121C5E74BB
:1099E000041211B1850C82850D83E4F00508E508A9
:1099F00070020509C39403E5099400500302994BD2
:109A0000AA0EAB0F121BE002992839F50BE50A24C8
:109A100008F50CE4350BF50D850C82F583E0640147
:109A20002274F6120BD974F8121264908268AC2179
:109A3000AD2274081210FAEA4B6006EAFEEBFF80D2
:109A40000CA821A92288088909AE08AF09EEFCEF0D
:109A5000FD7A007B0079AB1224E6EEFCEFFD7A681C
:109A60007B16121CCA75086875091678081211D47D
:109A700075080875090078081211D47C007D007AF9
:109A8000717B00121C5E74041211B1740802883FCD
:109A900074F6120BD974DA1212647C157D00790009
:109AA000741112123C121B3274111212348808897C
:109AB0000978081211D47508157509007808121173
:109AC000D47C007D007A827B00121C5E740412112B
:109AD000B17C117D007900AA21AB22121B32A82192
:109AE000A9228808890978081211D4750811750906
:109AF0000078081211D47C007D007A3A7B00121C99
:109B00005E74041211B1A821A92288088909780875
:109B10001211D475081175090078081211D47C004F
:109B20007D007A3B7B00121C5E74041211B1742616
:109B300002883F74F7120BD9E9FE900504F0122C4D
:109B4000C67A027B80EEF91220C07A017B80EEF9A2
:109B50001220C07A047B80EEF91220C002A37F7429
:109B6000F6120BD9EAFEEBFF7A077B00121BDAEA4A
:109B70004B60238E828F83E08A828B83F0A3A37451
:109B80001AF0A37415129B99EEF0A3EF129B99A300
:109B9000A3E4F0122CCC02AEA9F08A828B83A3A39B
:109BA000A3A32274F4120BD974F8121264EAFEEB28
:109BB000FF8908A821A922880A890B780A1211D4E2
:109BC0007C007D007A037B00A908121D6C740212D0
:109BD00011B1E9605674061214F512AABDE06E7058
:109BE00003A3E06F6045EE4F88828983601EEEF02C
:109BF000A3EFF09083A7120FAB7A007B20900504AF
:109C0000E0F9121C9474041211B1800FE4F0A3F077
:109C1000FA7B20900504E0F9121CA090051F12AAFF
:109C2000DC6008A90812AAA4122CE0740802A8BFDC
:109C300074F4120BD974EC12126489085308CE9094
:109C40001882E070127A047B00900504E0F9121C7F
:109C5000A6EA4B4C4D602F901882E0A2E55003021B
:109C60009E3B901885E06010E508A2E1500A7A0159
:109C70007904122BF4630802743F5508F890188297
:109C8000E048F0029E3B743F5508FE901882E04E7B
:109C9000F0900513E06003029E177401F0121EE0BD
:109CA000E96401701A7A567B00121C588A0A8B0BE1
:109CB000AC0AAD0BEC4D60077A567B00121C6A12A1
:109CC0002C3C750A85750B18780A1211D4750A0197
:109CD000750B00780A1211D47C007D007A557B0048
:109CE000121C6474041211B1901885E064016003C1
:109CF000029E17901995E064016008E06402600319
:109D0000029DEB7C0879009016B112B011121BBCB9
:109D1000E96003029DEB12258EE96003029DEBA82A
:109D200021A922880A890B780A1211D4750A0175B3
:109D30000B00780A1211D47C107D007A117B01127D
:109D40001C6474041211B190162AE07003029DEB9A
:109D5000852182852283E064FD7003029DEBE0642F
:109D6000027003029DEB7C137D00790074011212D6
:109D70003C121B3274111214F574FFF074011212AC
:109D800034880A890B780A1211D4750A13750B00EE
:109D9000780A1211D47C007D007A117B01121C5EBE
:109DA00074041211B1901648E4F0A3F0A3F0A3F0EC
:109DB000A3F0A3F0A3F0A3F0901885F0750A8575C1
:109DC0000B18780A1211D4750A01750B00780A1263
:109DD00011D47C007D007A557B00121C5E74041245
:109DE00011B17A0379FF1221B6804090050F7407F4
:109DF000F074104EF8901882E048F079007A007BF9
:109E000000121EDAE97005122B64802F7900122BE4
:109E1000947A007907800F901882E0700E90050FF9
:109E20007407F07A00F9122BF4801090050FE4F01B
:109E30007A04FB900504E0F9121B86741402A8BF93
:109E400074F6120BD974FD12126474011214F5E940
:109E500012A68912A3731211D47C037B007A0A9094
:109E60000504E0F9122B7674021211B1740302AEEC
:109E7000A6C082C083E9901886029F89C082C083F1
:109E80007900122B947A0379FF1221B6029F8AC0BF
:109E900082C08374FB121264901885E060219018D0
:109EA00082E0A2E540197C057D007900AA21AB2261
:109EB000121B32122C42AA21AB22122336800A1224
:109EC0002C427AF47B01121F3474051211B1029FE7
:109ED0008AC082C08374FF121264800612B00E1210
:109EE0002BC490051412AADC70F212268A90050F7A
:109EF000E064086010E0640170067A00790180284F
:109F0000E0900512F090050F7408F0122312790A00
:109F1000121FC4852182852283E4F0AA21AB227915
:109F2000521221CE7A007908122BF47401809CC061
:109F300082C0837A0090050FE064067046900509A0
:109F400012B008ECF8ED801AE8240CF582E439F53B
:109F500083E0A2E65005C2E6F07A0112AFF0E0F825
:109F6000A3E0F9E84970E1EAA2E050179083A71254
:109F70000FAB7A007B40900504E0F9121C94740446
:109F80001211B18005EAF0A3EBF0D083D082021168
:109F90007EC082C083901885E0601890050FE06451
:109FA00008701079007A007B00121EDAE9700479DB
:109FB000008002790180D374F6120BD974FC12125E
:109FC00064E9FEEAFF90050FE06E6013E06408604C
:109FD0000302A36E900512E06406600302A36EEE16
:109FE00014700302A0AD14700302A2521460211475
:109FF000700302A13414700302A16914700302A15A
:10A00000A414700302A28D14700302A2F502A343EC
:10A01000901995E064016008E06402600302A343C4
:10A0200090838F120FAB7A047B00900504E0F91245
:10A030001C9474041211B1EF602290050F7401F0AA
:10A04000800612B00E122BC490051412AADC70F216
:10A050009083A71214DE12275C02A36E74031214FD
:10A06000F5E4F09083A71214DE12275C9018817437
:10A0700002F0141214F57401F090050FE4F090183A
:10A0800082E0C2E1F0740312123C79521221CE1226
:10A090002C421223427900121FC490051412AADC2C
:10A0A000700302A34312B00E122BC480ED901995D9
:10A0B000E064016008E06402600302A343EF603BD8
:10A0C0007A0379001221B690050F740412ADEA12DA
:10A0D0000FAB7A047B00900504E0F9121C94740421
:10A0E0001211B19083A71214DE12275C7A007B1044
:10A0F000900504E0F9121CA002A36E74011214F57D
:10A100007401F09018817407F07A007B10900504B8
:10A11000E0F9121CA0901882E4F090838B120FAB30
:10A120007A027B00900504E0F9121C947404121169
:10A13000B102A34374011214F57401F0EF600A90A8
:10A140001881E4F07906121FC412ADE6120FAB7A43
:10A15000047B00900504E0F9121C9474041211B100
:10A16000901882E0C2E102A2F274011214F57402A6
:10A17000F0EF901881600AE4F07A03F91221B680BA
:10A18000037408F012ADE6120FAB7A047B00900561
:10A1900004E0F9121C9474041211B1901882E0C208
:10A1A000E202A2F274011214F57403F0901881E037
:10A1B00070069005187401F0900503E0600302A397
:10A1C0006E90050912B011122AFE8B09EA4509604A
:10A1D0000302A36E7A007B40900504E0F9121CA6EE
:10A1E000EA4B4C4D600302A36E90050BE4F0A3F024
:10A1F00090050DF0A3F07A097B05122B827A007B83
:10A2000040900504E0F9121CA0900518E0600A9047
:10A210001881E0640B7002E4F0900518E4F09005FA
:10A220000FE06406701912ADE9120FAB7A047B00DF
:10A23000900504E0F9121C9474041211B1800A9084
:10A240000512E064067002E4F0901882E0C2E302B6
:10A25000A2F279001226A274011214F57404F0EF30
:10A26000600C901881E4F0A3F07906121FC412ADBF
:10A27000E6120FAB7A047B00900504E0F9121C94FF
:10A2800074041211B1901882E0C2E080657401126A
:10A2900014F5E4F0EF60359083A71214DE12275C0A
:10A2A0007904121FC4121F28901881740DF09005B4
:10A2B0000FE4F0908377120FAB7A047B00900504D3
:10A2C000E0F9121C9474041211B18020901885E0FA
:10A2D000601474011214F57405F0901882E0D2E550
:10A2E000F0790A121FC49018817402F0901882E06D
:10A2F000C2E4F0804E74011214F57405F0EF602D85
:10A30000900512E090050FF0900512E4F09083A7FD
:10A310001214DE12275C901882E0C2E5F0901881DA
:10A32000740DF07904121FC4122C2A801690188222
:10A33000E0D2E5F09018817402F09083331214DEBD
:10A3400012275C90051912AADC6023901881E08521
:10A35000218285228312A3731211D47C037B007A9D
:10A360000A900504E0F9122B7674021211B17404FC
:10A3700002AEA6F0A821A922880889097808227FC0
:10A3800001020F26C082C083901885E0F9029F8ADF
:10A39000790002117E74F6120BD974FF1212647EDA
:10A3A000009016EDE004F07508ED750916780812B6
:10A3B00011D47508018E0978081211D47C007D0033
:10A3C0007A217B00121C5E74041211B17900121FF5
:10A3D0002EE96401700479048002790E121FC49082
:10A3E0001701E064FE7003A3E0F470027E01901791
:10A3F0000EE0F47003A3E0F470047E01803AEEA254
:10A40000E040358521828522837401F0AA21AB22A8
:10A4100079521221CE7901121F2EE964019017039F
:10A42000700BE0F97A687B1512231E8009E0F97A37
:10A43000687B15122324E9FEEEF902AEA474F6122D
:10A440000BD974FF121264E9FE852182852283E410
:10A45000F0EE6022A821A922880889097808121143
:10A46000D47C017B007A03900504E0F9122B76740A
:10A47000021211B1803090188AE060239018771290
:10A4800014BAE8494A4B601790188AE4F09018779C
:10A490001214DE122BB87A327B00121F9A80077AD0
:10A4A000007903122BF402AEA474F5120BD97508CF
:10A4B0000075090012267E90051412B2B01226848F
:10A4C0009005148005050812A5CA12B002EE4F705F
:10A4D000F490051412AADC700302A5C590051D12A4
:10A4E000AADC600EA90812B00E90051E12AAA412D2
:10A4F0002CE090051412B002EE4F700302A5B9755E
:10A500000A0002A58D901993E0F47003A3E0F460B3
:10A51000138E828F8312AAE2901993E0687003A3CE
:10A52000E069705890170412AAE28E828F83A3A369
:10A53000A3A3A3A3A3E0687003A3E069700A74FE59
:10A5400068700374FF69700B8E828F83A3A3A3A32B
:10A55000E060298E828F83A3A3A3A3A3E0F89016C3
:10A56000FEE06870208E828F83A3A3A3A3A3A3E041
:10A57000F8901972E068600DE5097009EEFAEFFBDA
:10A58000122BC41508050A12A5CA12B002E50AC3A7
:10A59000950850257A687B15122846E96401600306
:10A5A00002A505EE240BFCE43FFD7A687B15121C26
:10A5B000C4E9600302A52480C30509E509C3940228
:10A5C000500302A4F27F03020F26EE12A6EB3FF522
:10A5D000832274F6120BD974FF12126490051412C0
:10A5E000AADC900511601712A626122BBEE9603373
:10A5F00085218285228312A626122BC48005E412AF
:10A60000AAEAF0A821A9228808890978081211D499
:10A610007C017B017A03900504E0F9122B76740229
:10A620001211B102AEA47401F0900514E0FAA3E097
:10A63000FB2274F6120BD974FF121264E9FE901813
:10A6400081740312A689F0EE60047B00801A9005E5
:10A6500017E0C394035004E004800A12B00E122BDA
:10A66000C4900517E4F07B01A821A9228808890974
:10A6700078081211D47C017A03900504E0F9122BBA
:10A680007674021211B102AEA4F085218285228374
:10A69000740122C082C0839005148007E8FCE9FDA4
:10A6A00012A6F112AADC603EEA687002EB6970EC57
:10A6B00012B00EE86A7002E96B7010E0CA12A6EBE5
:10A6C0003AF58312B011900514800D12A6F112B064
:10A6D00011EC12A6EB3DF58312B2B0E8FAE9FB12D9
:10A6E0001BE0790080027902029F8A2414F582E43B
:10A6F00022E812A6EB39F5832274F6120BD9EAFE92
:10A70000EBFF7903121FC48E828F83A3A3A3A3A39D
:10A71000A3E0F9121FA08E828F83A3A3A3A3A3A3F8
:10A72000A3A3A3A3E0F50878081211D88E828F8323
:10A73000A3A3A3A3A3A3A3120FAF901592E0F508C0
:10A7400078081211D88E828F83A3A3E0F98E828FAE
:10A750008312B008EE240BFAE43FFB12233074049A
:10A760001211B1E9FE7054901592E0A2E3502990C5
:10A770001995E0600A64016006901982E0703C90CF
:10A7800083331214DE12275C7A007B001227627A70
:10A79000007B00122768802390158BE0701D9019B4
:10A7A0005E1214BA9019521214C6901966E0F50898
:10A7B000A3E0AA08FBE4FCFD12275CEEF902AEA9B7
:10A7C00074F4120BD98A088B098C0A8D0B901664CD
:10A7D000780812146490158278081214647508645D
:10A7E00075091678081211D47508047509007808DF
:10A7F0001211D47C007D007A847B00121C5E02A8BA
:10A80000BD74F4120BD9E9FE90188AE0601C901810
:10A810007B7808121482E5084509450A450B600A51
:10A82000AA08AB09AC0AAD0B800B90188AE4F09033
:10A8300018771214DE122BB89016641214BAE84975
:10A840004A4B601A901995E064017007EE70047924
:10A8500001800279007A647B00121EDA800EEE7AA3
:10A86000006004790380027905122BF4805474F49B
:10A87000120BD974FF121264E9FF7E00EA900510F2
:10A88000F0EF60137A007B10900504E0F9121CA031
:10A89000901887E4F080027E01A821A922880A8905
:10A8A0000B780A1211D47C01EEFB7A01900504E0CA
:10A8B000F9122B7674021211B17401800274041221
:10A8C00011B17F04020F2674F6120BD974F512121F
:10A8D00064901882E0A2E5500302AA9CA2E15050C5
:10A8E00090050F7404F0901883E0A2E0503F901898
:10A8F00085E060097A017904122BF4803090199573
:10A90000E064016005E06402702390188A7401F02D
:10A910007C047D0079007A0F7B05121B3290050FB5
:10A920007403F07901122BB27901122C4E02AA9C09
:10A93000A2E2500F90050F7405F07A00F9122BF483
:10A9400002AA9CA2E3400302AA9C90050F7406F0A1
:10A95000901885E0700302AA55122B588A088B09BB
:10A96000AE08AF09EE4F700302AA5512AAAAF8A3C7
:10A9700012AAA4A3E0A2E1400302AA3074031212B7
:10A98000348808890978081211D47C007D007A0384
:10A990007B008E828F83E0F9121D6C74021211B15C
:10A9A000E9700302AA2674091214F512AABDC3E0C5
:10A9B00094B5A3E0940050408882898374B4F0A3D6
:10A9C000E4F09083A7120FAB7A007B20900504E09F
:10A9D000F9121C9474041211B190051F12AADC60C4
:10A9E0001790188BE0F4700479FF80068E828F83B5
:10A9F000E0F912AAA1122CE012AAC540047909803C
:10AA00002C74011214F512AAE8740912A37312111E
:10AA1000D47C037B007A0A900504E0F9122B76744B
:10AA2000021211B1800A12AAC54005790E122B2814
:10AA300012AAAA2401F8A3E03400F988828983E0ED
:10AA4000A2E050589005C212B01770108882898316
:10AA5000E0A2E14047790E122B2880409005037454
:10AA60000CF090832F120FAB7A407B00900504E02E
:10AA7000F9121C9474041211B174011214F512AA83
:10AA8000E8740A12A3731211D47C037B007A0A9033
:10AA90000504E0F9122B7674021211B1740B02AEA8
:10AAA000A6900520E0F58388822212AAAE229005A6
:10AAB00007E0F8A3E0F5838882A3A3E02212AAE2CC
:10AAC000888289832212AAAEF8A3E0F5838882A344
:10AAD000E0A2E022EAFEEBFF8E828F8312AAE2E878
:10AAE0004922E0F8A3E0F9227403F085218285224F
:10AAF000832274F0120BD974F3121264EAFEEBFF96
:10AB0000EE5404604F90050FE0600D14600F24FDBB
:10AB1000601424FE60198036122BA680317A0179E8
:10AB200001122BAC80287A017904122BF4801F903B
:10AB30001881E4F090050F12ADEA120FAB7A047B96
:10AB400000900504E0F9121C9474041211B1EE6433
:10AB50000402ACEBEF5480706EEF5410700302AC43
:10AB60003C901995E064016008E06402600302AC67
:10AB70003490050FE014700302AC2C24FE60030235
:10AB8000AC34900511E06402600302AC347401F04F
:10AB90007900122BCA02AC34740A687023901882B0
:10ABA000E08A828B83A3A3A3A3F090051912AADCE9
:10ABB000600EEA2402FAE43509FB12AAA4122CE082
:10ABC000AA08AB09121B4A900504E0F9121B5C8A23
:10ABD000088B09EA4509604C8A828B83E0F874D3BC
:10ABE000687032EA240CF582E43509F583E0F50A51
:10ABF000A3E0F50B780A120EE0018003C0AB10ACA5
:10AC000006ACC0AB0BAC122B9A80B5122B3A80B0BD
:10AC1000122B5280AB90050FE068600302AB9812D4
:10AC20002B7C809CEEFAEF648002ADCDA3E0FA7934
:10AC300000122BACEEFAEF641002ADCDEE54806042
:10AC400009122C06EE648002ACEBEE5402603A90DE
:10AC50001995E064016005E0640270287C057D00C0
:10AC60007900AA21AB22121B327900122B94AA215F
:10AC7000AB22122336E9600C7A027B00900504E0D7
:10AC8000F9121B86EE64028062EF54086006EF64DE
:10AC90000802ADCDEE54406057122B588B09EA459F
:10ACA00009603A900503E014F060387A007B409028
:10ACB0000504E0F9121CA6EA4B4C4D7009900509F9
:10ACC00012B011122AFE90832F120FAB7A407B0034
:10ACD000900504E0F9121C9474041211B19005035C
:10ACE000E07005790B122B28EE6440FAEF02ADCD2F
:10ACF000EF5420700302ADC090050512ADDE750C57
:10AD0000008024901881E4F090051F12AADC600EE8
:10AD1000850A82850B83E0F912AAA1122CE085082E
:10AD20008285098312ADDEE50845096063850882E6
:10AD3000850983A3A312AABD85820A85830BE060DF
:10AD4000DDC394F150D87405121234880E890F783F
:10AD50000E1211D47C007D007A037B00850A828567
:10AD60000B83E0F9121D6C74021211B1E960AF742B
:10AD70000B1214F512AABD12B0176087EA24FF1A4D
:10AD8000EB34FFFB8882898312B2B0750C01808E90
:10AD9000E50C60199083A7120FAB7A007B20900519
:10ADA00004E0F9121C9474041211B1800C7A007B37
:10ADB00020900504E0F9121CA0EEFAEF6420800D4B
:10ADC000EF5440600B122B0AEEFAEF6440FB800454
:10ADD0007A007B00740D1211B17F08020F2612AAAF
:10ADE000E2880889092290050FE4F090838F22748D
:10ADF000F6120BD974DD121264EAFEEBFF90162AEC
:10AE0000E0700302AEA090050FE06401600302AEA3
:10AE1000A012258EE9600302AEA08E828F83A3A3C9
:10AE200012AADC707B7A007B10900504E0F9121CFA
:10AE3000A07413121244EEFAEFFB12205A741E1281
:10AE400014F5E0F508A3E0F5097409780812145523
:10AE5000C3E508941595E0C365D03340097A0279BB
:10AE600001122BAC803A74101214F574FDF0858237
:10AE70000885830978081211D475080175090078CE
:10AE8000081211D47C107D007A117B01121C5E74B3
:10AE9000041211B17900122C487A017901122BF4B5
:10AEA0007423800274011211B17F02020F2674F61E
:10AEB000120BD9E9FE901885E06E7006900513E03C
:10AEC0007033EE7005901882E4F0EE901885F075FE
:10AED000088575091878081211D4750801750900DC
:10AEE00078081211D47C007D007A557B00121C5E1C
:10AEF00074041211B180B274F6120BD912AAD47074
:10AF00001F7A117B00121BDA8A088B09A808A9098D
:10AF10008E828F83E8F0A3E9F0E849600312AFE87E
:10AF200002AEA974F6120BD912AAD47006122B8E97
:10AF300002AFDEEC4D606DE8FAE9FB8C828D831286
:10AF4000B0088A828B83A3A3A3A3A3A3A3A3A3E094
:10AF5000FE8C828D83A3A3A3A3A3A3A3A3A3E06ECC
:10AF600070348A828B83A3A3A3A3A3A3A3A3A3A3C5
:10AF700012AFFAA3A3A3A3A3A3A3A3A3A3E06E70FA
:10AF800003A3E06F70108A828B8312AFFAE06E70B9
:10AF900003A3E06F603FEA240FF582E43BF58312E0
:10AFA000B017709EE8240FFEE4398008E8240F50A3
:10AFB0000109FEE912AAD770F37A117B00121BDA9D
:10AFC0008A088B09A808A9098E828F83E8F0A3E973
:10AFD000F0E84970067A007B00800A12AFE88E82A2
:10AFE0008F8312B01102AEA912AFF0E4F0A3F022E9
:10AFF000E8240FF582E439F5832212B0028C828DA9
:10B000008322E0FEA3E0FF22E0FCA3E0FD22900506
:10B0100014E0FAA3E0FB22E0FAA3E0FBEA4B22747F
:10B02000F4120BD912AAD460358E088F09801CEA5D
:10B03000240FF50AE43BF50B121BE0850882850915
:10B0400083E4F0A3F0850A08850B09850882850949
:10B050008312B01770D98E828F83E4F0A3F002A818
:10B06000C274F6120BD974E61212648A828B83E0E2
:10B0700014700302B11024FE600302B228901995E7
:10B08000E064016008E06402600302B2288A828BF7
:10B0900083A3A3E0600614601802B2288A828B831F
:10B0A000A3E07005122BD680617900122BDC02B26E
:10B0B000288A828B83A3E070099005117402F00244
:10B0C000B21112273E8A088B0974FE650870047459
:10B0D000FF6509700D901701E064FE7003A3E0F4B2
:10B0E000601D74071214F574FEF0A304F0901701AC
:10B0F00014F0A304F0740712123C79531221CE12FB
:10B1000027EC122306901710E4F0122BD002B2287D
:10B11000901995E064016008E06402600302B228BF
:10B120008A828B83A3E06011901887E004F0F8A373
:10B13000E0C39850047A008071900510E014600C10
:10B1400014606E14700302B1D802B22890162AE07F
:10B15000605112258EE97047901889E0702D74199E
:10B160001214F57402F074111214F5E4F0A3F0F562
:10B170000878081211D879027C007D00741212122E
:10B180003C12207274011211B1807A90051B12AA30
:10B19000DC700302B22812AAA4122CE002B22879B1
:10B1A0000180027900122C487A017901122BF48077
:10B1B0007774031214F5E4F074041214F57404F0B7
:10B1C0001412123C12257C7A007B10900504E0F9E1
:10B1D000121CA090195A803C74091212447A007B08
:10B1E0000079AB1224E07409121234852182852281
:10B1F00083E8F0A3E9F074021214F57404F0AA21B4
:10B20000AB221225827A007B10900504E0F9121C13
:10B21000A090838B120FAB7A007B10900504E0F9AD
:10B22000121C9474041211B1741A02AEA674EE12B8
:10B230000BD9890B8A0D8B0E8C0CEC605674121294
:10B2400014F5E0F508A3E0F509E508450960447444
:10B25000022CFA7B00121B448A108B11AE10AF1126
:10B26000EE4F602F750A0078081211D0AC0C7D00EB
:10B27000EE2402FAE43FFB121B2674031211B18E76
:10B28000828F83E50DF0A3E50EF0EEFAEFFBA90B3C
:10B29000121B507F0A020F26C082C083900519023C
:10B2A0009F85C082C083900516E004F0F9029F8A52
:10B2B000EAF0A3EBF022C082C0839015D3E4F0A3A0
:10B2C000F07CA87D167A687B15121CCA12242612FF
:10B2D00022EED083D08202117E74F2120BD974FE5A
:10B2E000121264E9FEEAFF8B088C0974016E600893
:10B2F00074026E600302B402EF600874036F6003AF
:10B3000002B39B12258EE9605374036F604E121BCB
:10B310003E8A0A8B0B780A1211D4750A01780A1238
:10B3200011D8750A00780A1211D8E509F50A780AC9
:10B330001211D8E508F50A780A1211D89015821270
:10B340000FAB901884E0F97C7E7D1690199312C0A3
:10B350005712230C740A1211B102B3FD7902121FA5
:10B36000C4901884E0F99015821214DE122300E9CB
:10B37000F874036F600302B3FF9015D5E0F9740110
:10B3800029F0E9C394054077901582E4F0A374F89E
:10B39000F0A374FFF0A37407F0806474016F70620F
:10B3A00074016E790A702E121FC47A007B04901704
:10B3B0005BE0F9121CA0AA21AB2279501221C8121D
:10B3C000C32390170E12C065790090170E12C05754
:10B3D0001223668044121FC490196C120FAB7A00BE
:10B3E0007B20901587E0F9121C9474041211B1901F
:10B3F0001884E0F99015821214DE122318E9F8E897
:10B4000060179083A7120FAB7A017B00901587E03D
:10B41000F9121C9474041211B1740202C30F74F671
:10B42000120BD9E9FFEAFE7AD1F9121B628A828BEC
:10B4300083E5824583702A7A027B00121B44EA4B23
:10B44000700E7A107B00901587E0F9121B8680142D
:10B450008A828B8374D1F0EFA3F0EEF9121B508037
:10B4600003EFA3F002B58074F7120BD98908900599
:10B470000112C5E6801A8E828F8312B4BCE0600987
:10B4800012B4C8FAA908121FEE8E828F8312C886E2
:10B49000FFEE4F70E1901956E0F47003A3E0F46002
:10B4A0000A901956E0FAA908121FEE12273E9015CD
:10B4B0005E12C05D1227387F01020F26A3A3E0F8B9
:10B4C000A3E0F98882898322A3A312B4CE2212BBFF
:10B4D00027E02274F4120BD9890B7D00740C12142E
:10B4E000F512C32980010DEDC3950B503D750A007F
:10B4F0008002050AE50AC39C50ECED25E0FEE4332A
:10B50000FFEA2EF582EB3F12C87EF509AE0AEE2E59
:10B51000FEE433FFE82EF582E912C2DD650870040F
:10B52000A3E0650970CC7901800279007F04020FE5
:10B530002602117E74F6120BD912B5D77003A3E060
:10B540006D701775089075091578081211D4EEFA08
:10B5500012209674021211B1801F750802750980BD
:10B5600078081211D48C088D0978081211D412B5FC
:10B57000CC1220AE74041211B1800574021211B104
:10B580007F02020F2674F6120BD912B5D77003A3EF
:10B59000E06D701775089D75091578081211D4EEC5
:10B5A000FA12209C74021211B1801F7508037509EC
:10B5B0008078081211D48C088D0978081211D412E1
:10B5C000B5CC1220AE74041211B180B412BD0DE0DE
:10B5D000FD7C8012C0A622EAFEEBFFEE12C1D13F35
:10B5E00012C2FC12B5F128FCE439FD90155EE06C46
:10B5F00022FAA3E0F8E4C8F9EA2274F6120BD9742F
:10B60000FE121264EAFEEBFF852182852283E4F0BC
:10B61000A3F012C09012C2F5FBECFA88828983A3D2
:10B62000A3E0F9750900750800600574FF697005ED
:10B63000750882802490155EE06A7003A3E06B7049
:10B6400015AA21AB22122C90E9FA12C2C27003751E
:10B6500008838A098003750880852182852283E01A
:10B66000FCA3E0FDA908EEFAEFFB1220A2E50960B9
:10B670000B12C2C2600612C051121BE002B57B025F
:10B68000117E74F2120BD9EAFEEBFF750900750802
:10B690000012B6F3F50AE439F50B12273EEA650A03
:10B6A0007003EB650B7012122C84E914F509790113
:10B6B0007A9F7B15122C7E800375088012C2D7F505
:10B6C0000C780C1211D8750C9F750D15780C121191
:10B6D000D478091211D8780A1211D478081211D826
:10B6E00012C1E112C2DAF97A057B801220A8740730
:10B6F00002C30F12BD1912C32D88828983E012B5CF
:10B70000F1282274F6120BD9780080308A828B835C
:10B7100012C880FEE4CEFFE5082EE43FF509E825D7
:10B72000E0FEE433FFEC2EF582ED3FF583E508F013
:10B73000A3E509F0EA2402FA50010B08E8C3994096
:10B74000CB02B58074E0120BD98A188B19751300DF
:10B7500075160075170075140075150012C1CC35EB
:10B760001912C6DCF50B850A82F58312B6FDF508C1
:10B77000E439F509850A82850B83A3A312C712A3B6
:10B78000A3E0F9EAFEE439FFE518240FF51EE435DD
:10B7900019F51FE518240EF51CE43519F51DE518FB
:10B7A0002402F51AE43519F51BAA08AB091227B6CD
:10B7B000E964016018AA08AB091227B6E970539032
:10B7C000155EE065087004A3E065096045851C828C
:10B7D000851D83E0F50A780A1211D8E4F50AF50B05
:10B7E000780A1211D4780A1211D878081211D47577
:10B7F000088078081211D8AC1AAD1B851E82851FEF
:10B8000083E0F97A067B801220A874071211B10236
:10B81000BB22850A82850B83A3A3A3A3E0F509E5D8
:10B820000A2405F50A5002050BE509602212C867D3
:10B83000121BDA8A168B17EA45176013AC16AD1780
:10B84000AA0AAB0BA9091220248A0A8B0B80037564
:10B850000900850A82850B83E0F508A385820A85A5
:10B86000830B601E12C867121BDA8A148B15EA4517
:10B8700015600FAC14AD15AA0AAB0BA90812202451
:10B8800080037508009005018045E4F0A3F0AA0C40
:10B89000AB0D850E82850F83A3A312BB2712B4C8FC
:10B8A000F9121B50850A82850B83E0C0E0A813744F
:10B8B0009F28F582E43415F583D0E0F00513A2004B
:10B8C0005007AA0AAB0B121BE0850E82850F83E09E
:10B8D000F50EA3E0F50FE50E450F700302BA87855C
:10B8E0000E82850F83A3A312C329E8FAE9FB8A829B
:10B8F0008B83E0FC60D3850E82850F83A3A3A3A373
:10B90000A3A3A3A3E0A2E050C0850E82850F83A36A
:10B91000A312B4BCE5824583600FECFA7901122CC6
:10B92000E08A0A8B0BD200800F8A828B83A3A3A3A9
:10B93000A312C6DEF50BC200E50A450B6080850A3E
:10B9400082850B83A3E06E7003A3E06F600D74FF2C
:10B950006E700374FF6F600302B8BE850A82850BA8
:10B9600083A3A3A3A3A3A3A3120FAF850A82850B6E
:10B9700083A3A3A3A3A3A3E0FCAA16AB17A9091250
:10B980001FFA74021211B1E97038850A82850B839F
:10B99000A3A3A3A3A3A3A3A3A3A3120FAF850A8268
:10B9A000850B83A3A3A3A3A3A3A3A3A3E0FCAA142F
:10B9B000AB15A908121FFA74021211B1E970030243
:10B9C000B8BEE5082509C333240AFA7B00121B44DC
:10B9D0008A0C8B0DEA450D700302B8A48A828B8312
:10B9E00074D2F0851A82851B8312C3298A828B83C5
:10B9F000A3A3E8F0A3E912C6C6A3E50912C89FE510
:10BA000008F0EA2405F582E4350DF583E5096028A0
:10BA100012C689350D12C05C851610851711751276
:10BA20000078101211D0AC09EC2CFCE433FD121B91
:10BA30002674031211B18004E4F0A3F0E50C24088D
:10BA4000F582E4350DF583E508700302B88AA8098C
:10BA5000E828F8E433F9E50C28F8E50D39F9E8129F
:10BA6000C68A3912C05C85141085151175120078CC
:10BA7000101211D0AC08EC2CFCE433FD121B267420
:10BA8000031211B102B88EE513602D851C82851D4D
:10BA900083E0F50878081211D875089F75091578A4
:10BAA000081211D4E513F50878081211D890155E24
:10BAB000120FAF7508008033E51812C5EB3519F584
:10BAC00083E07044851C82851D83E0F508780812A8
:10BAD00011D875089F75091578081211D4750800DA
:10BAE00078081211D890155E120FAF78081211D88D
:10BAF000AC1AAD1B851E82851F83E0F97A067B8018
:10BB00001220A874071211B1E51645176007AA168E
:10BB1000AB17121BE0E51445156007AA14AB15120C
:10BB20001BE07F18020F26E0F8A3E0F5838882224D
:10BB300074EF120BD974F4121264EAFEEBFF8C0856
:10BB40008D09740B1214F57403F012123C121CCA06
:10BB50001227388A0A8B0BAC0AAD0BEE240CF50ABF
:10BB6000E43FF50B740312123C121CC4E9601CE59F
:10BB7000082413F50CE43509F50D850C82F583E0F6
:10BB8000FA74036A601074016A600B852182852251
:10BB900083748402BC9AE5082408F8E43509F9881E
:10BBA0000E890F8882F583E0F510602574FF65101B
:10BBB000601FE5082414F8E43509F9E8FCE9FD7490
:10BBC000036A70188C828D83E0F8600574FF6870DA
:10BBD0000B852182852283748202BC9AE5082409A0
:10BBE000F8E43509F9E8FAE9FBE508240BF5085013
:10BBF000020509850A82850B83E064217002A3E0B7
:10BC00007065852182852283748C12C309E0F5104A
:10BC100078101211D8AC08AD098A828B8312C057F4
:10BC2000850E82850F83E0F91224D474011211B1BC
:10BC3000E97068852182852283E4F0121FB8850CA3
:10BC400082850D83E0640370527401121244AA08C5
:10BC5000AB091224F2E970437D007C007900AA0848
:10BC6000AB0912207880348C828D83E0F50C780C3F
:10BC70001211D8AC08AD098A828B8312C057A91063
:10BC80001224DA74011211B1E985218285228370B0
:10BC900007E4F0121FB880037488F012C2D7F508C9
:10BCA00078081211D87401121234880889097808AA
:10BCB0001211D4850A82850B8312C8804480F5094D
:10BCC00078081211D412C1D712206C74051211B168
:10BCD000740C1211B17F09020F26C082C08374F365
:10BCE000121264852182852283E4F0041214F51275
:10BCF000C05D74031214F5AA82AB83122288AA21B4
:10BD0000AB221222C4740D1211B102B2D2EE12C3D0
:10BD10001D3FF5832212BD1922EE2413F582E43F64
:10BD2000F5832212C672FBEA4B2274E8120BD97417
:10BD3000DB1212648A168B17751200751300750DCD
:10BD40000012C1CC351712C096799C122348901965
:10BD500095E06004640170147A0479001222E2EA2A
:10BD6000F50D852182852283E02A80088521828540
:10BD700022837401F0E0F8E50EC398400302BFEEA1
:10BD8000E0C3950EF509C394044003750903E50962
:10BD900075F01AA4FAABF0121BDA8A128B13EA457B
:10BDA00013700302BFF1750C00AE12AF13850E08BD
:10BDB00002BE527C087D0079FFAA14AB15121B321B
:10BDC000E50A2404F8E4350BF9EE2416FAE43FFB07
:10BDD000EE2415FCE43FFDEE2414F514E43FF515C4
:10BDE00088828983E0702E850A82850B8312C2C8FF
:10BDF0008514828515837004E4F080087401F09046
:10BE00001721E01485108285118312C30974021270
:10BE1000C636E48033901721E004851082851183B3
:10BE200012C67EC39403851482851583400302BE27
:10BE3000FB740212C67E6401700302BF078C828D00
:10BE400083740112C6367401F0EE241AFE50010FFD
:10BE5000050CE50CC39509400302BF6CE508C395CA
:10BE60000D400302BF0FAA087B001222E88A0A8B4A
:10BE70000B050890170E12C079121CCA850A82851C
:10BE80000B8312C329EE2412F582E43FF583E8F018
:10BE9000A3E912C06BEE2418F510E43FF5118510EC
:10BEA00082F58374FF12C723A3A3A3A3A3A3A3A311
:10BEB000A3E0C0E012C047D0E0F074011214F5E432
:10BEC00012C669F8A3E0F974021214F512C065EE07
:10BED000240AF514E43FF515740112123C1222B243
:10BEE000E96401600302BDB374041214F5AC82ADC1
:10BEF00083AA14AB15121CCA02BDC0740112C67EFF
:10BF00006403600302BE3D8C828D83E402BE43E580
:10BF10000DC3950E40057508008058E50EC3950DBC
:10BF2000F508804F850A82850B83E412C309F090DF
:10BF30001721E0148A828B8312C06B741D1214F5D2
:10BF4000E0C0E012C047D0E0F0EE2414FAE43FFB7A
:10BF50008882898312C2C88A828B837003E480023C
:10BF60007401F0EE241AFE50010F050CE50CC39588
:10BF700009507E740E121244AA087B00798712239E
:10BF800048050874181214F512C079121CCA7410EE
:10BF90001214F5AC82AD83EE12C68A3FFB121CCAA6
:10BFA000EE2412F8E43FF9740E1214F512C057880B
:10BFB00082898312C05DEE2418FAE43FFBEE24165A
:10BFC000FCE43FFDEE2415F50AE43FF50B901995CE
:10BFD000E060076401600302BF24850A82850B8349
:10BFE000740212C3090412C63674FF02BF38750901
:10BFF00000750A00780A1211D878121211D4780943
:10C000001211D8E50EF50978091211D87405121429
:10C01000F5E0FD7C00E51612C5E13517FBE51612CB
:10C02000C3173517F583E0F91220B474051211B166
:10C03000E51245136007AA12AB13121BE074251218
:10C0400011B17F10020F26EE2419F582E43FF5832B
:10C050002285218285228312C672FB22FBEAF0A38D
:10C06000EBF022A3A3E8F0A3E9F022F0EE2417F509
:10C0700082E43FF5837402F02212C32D8E828F83F7
:10C08000E8F0A3E9F07C227D17EE12C5E13FFB2228
:10C09000EE12C1D13F22F58312B4CEF50EAC21AD24
:10C0A000227A007B0022EE2402FAE43FFBEE240F0A
:10C0B000F582E43FF583E0F92274EF120BD974FEA8
:10C0C0001212648A0A8B0B750E00750F0012C1CC18
:10C0D000350BF58312B4CAF50DAC21AD227A007B85
:10C0E0000079A31224E0AA0D12C323C3EA98E499AD
:10C0F000501E852182852283E0C39AFEA3E094002E
:10C10000FFC3EE9404EF940040617E037F00805FE4
:10C110007E00750C00EEF975080078081211D878C9
:10C120000E1211D4E9F50878081211D8E50DF508BA
:10C1300078081211D874051214F5E0FDAC0CE50A6C
:10C1400012C5E1350BFBE50A12C317350BF583E089
:10C15000F91220BA74051211B1E50E450F6007AA55
:10C160000EAB0F121BE0740202BCD2EE4F60A3EEC6
:10C17000FAEFFBEA75F015A4FAA8F075F015EBA438
:10C1800028FB121BDA8A088B098A0E8B0FEA450FEF
:10C190006032750C00751000C3E5109EE49F4003EB
:10C1A00002C115AC08AD09A80DE51028FAE4340069
:10C1B000FB79A21224E0E5082415F50850020509D0
:10C1C000051080D4750CB5790002C11712C1D022B8
:10C1D000EA2413F582E422790112C1E1FAE43FFB7B
:10C1E00022EE2402FCE43FFDEE240F2274F4120B35
:10C1F000D974FA1212648A088B09EA12C6EE12C5C3
:10C20000E6FFEEFAEFFB12228EE960171227388A5A
:10C210000A8B0BAC0AAD0BEEFAEFFB121CC4E964FF
:10C2200001700A74011214F5E4F0A380097401127C
:10C2300014F5EEF0A3EF12C6D3FEA2E65008740385
:10C240001214F57401F0EEA2E7500874041214F50C
:10C250007401F074051214F512C2CEF0F50A780AD2
:10C260001211D87401121234880A890B780A12113B
:10C27000D4750A34750B80780A1211D4790112C270
:10C28000E212206C74051211B19083331214DE1285
:10C29000275C7A007B001227687A007B00122762F5
:10C2A000740112123C122336EEA2E7400D74011203
:10C2B00014F512C2C87003122C4274061211B10296
:10C2C000B52C85218285228312C32DE84922E4F012
:10C2D00085218285228322EE240EF582E43FF583B8
:10C2E000E022E5082402FCE43509FDE508240FFA04
:10C2F000E43509FB2212C2FCFCA3E022F583E0F83E
:10C30000A3E0F988828983E022F08C828D83221257
:10C3100011B17F06020F26240FF582E422240EF5C8
:10C3200082E42285218285228312C32D22E0F8A394
:10C33000E0F922A3F0A3E912C33B22F0EE2402FEAF
:10C340002274F6120BD912C3D512C87EF509AC08B7
:10C35000FDEEFAEFFB121CCA850882850983A3A3B0
:10C36000A312C8A7A3A3F0E5082409F50850020505
:10C3700009F58212C8BCA3A312C06685088285098C
:10C3800083A3A3E0F812BD15E8F0E5082403F5083F
:10C3900050020509EE240BFAE43FFB740368702594
:10C3A000AC08AD09121CCA850882850983A3A3A322
:10C3B000A3A3A3A3A3E0C0E0EE2414F582E43FF519
:10C3C00083D0E0800C85088285098312C6F6F0A32D
:10C3D000E9F002B580ECFEEDFF12C1D03B2274F211
:10C3E000120BD9750A00EA241312C62DEA2410F59F
:10C3F00082E43BF583E0C3940C40128E828F83E08D
:10C40000F8A3E0C812C5EB38F583E0F50AA80AE8FE
:10C4100028F8E433F9E8240DFAE439FB121BDA8A30
:10C42000088B09EA4509700302C4BA8E828F831211
:10C43000C6B7F88A828B8312C4C1707EEEFCEFFD12
:10C44000EA2403FAE43509FB121CCAEE2408FE5064
:10C45000010F12C70112C066E508240BF8E4350984
:10C46000F9E8FAE9FB8A828B83E4F0E50A604BE5A0
:10C4700008240DF8E43509F98E828F83A312C71CB6
:10C4800012C694C0E012C6ABD0E0F0EE2404FE5019
:10C49000010F850A0B8E828F83E0FCA3E0FBEC8802
:10C4A00082898312C05EE82402F8500109EE24025A
:10C4B000FE50010F150BE50B70DBAA08AB0902C398
:10C4C0001212C69FAE82AF832274F6120BD912C627
:10C4D00040600302C5DEE812C5E139FBEC2403FE2F
:10C4E000E43DFF8A828B83E05407F5088E828F83B8
:10C4F000E054F84508F50912C5F8A2E3E433F5085D
:10C50000A2E0E433333333F50874F7550945088E58
:10C51000828F8312C5F8A2E4E433FAA2E0E433C4C4
:10C52000FA8E828F83E054EF4AF0E82403FAE4396C
:10C53000FBEC24040EE43DFF8A828B83E054F8F583
:10C54000088E828F83E054074508F50812C5F85419
:10C5500007FA74F855084A8E828F8312C60E8C82B1
:10C560008D83A3A3A3A3A312C5FDA312C67712C6EE
:10C570001412C5F112C61412C67712C62512C5F1DF
:10C5800012C625A312C5F1A3A3A3A3A3A3A3A3A388
:10C59000F0E8240AF85001098882898312C5E6FB75
:10C5A000EEFAEC12C5EB3DF58312C05D88828983FB
:10C5B000A3A3E0C0E0EC240DF582E43DF583D0E0D8
:10C5C00012C5FDE0C0E0EC12C31D3DF583D0E012C2
:10C5D000C60EC0E0EC12C3173DF583D0E0F002B503
:10C5E000802402FAE422E0FEA3E022240BF582E498
:10C5F00022E08C828D83A32212C63AE02212C60169
:10C600002212C60522F088828983A3A3A32212C620
:10C6100001A3E02212C61822A3A3A3A3A3A312C6B8
:10C6200005A3A3A322A3A312C618A3A322F8E43B45
:10C63000F9E8FEE9FF2212C63A22F08A828B8322B1
:10C6400012C1D03B12C2FC8C828D83F08882898318
:10C65000A3A882A98312C5E6FBEE8C828D83A3F08A
:10C66000A3EBF08C828D83E022F0850A82850B8318
:10C67000E022E0FAA3E022A3E08C828D832212C69E
:10C680008222F088828983E022EA240AFAE42212D4
:10C69000C699A32212C699E02212C69FA3A322F034
:10C6A0008E828F83A3227F08020F26E508240CF5D3
:10C6B00082E43509F5832212C6BB22E0FEA3E0FF27
:10C6C0008E828F83E02212C6CA22F08A828B83A3D5
:10C6D000A3A32212C68FA3A3A3A3E022F583E0F5B0
:10C6E0000AA3E02212C6E82212C69FA3E02212C1CA
:10C6F000D13509F58322E0FCA3E0F9EC8A828B8333
:10C70000228E828F8312C672F9EA85088285098398
:10C71000A322E0FA850A82850B83A322A3E08A8202
:10C720008B8322F0850A82850B83A32274F0120B7F
:10C73000D9EAFEEBFF8C088D098E828F8312C678B2
:10C7400012C4C112C89112C33350010F12C88DA375
:10C75000A3A3F0A3E912C6E4C4540F8C828D83A373
:10C76000A3A3A3A312C694F50CEE2404FE50010F5C
:10C770008C828D83A3A3A3A3A3A3E50CF0EC2407D1
:10C78000F8E43509F9880A890BE50C604C12C86792
:10C79000121BDA8A0E8B0FA80EA90F850A82850B51
:10C7A0008312C065E849700302C8327A0080248E83
:10C7B000828F83E0F50EA3E0FCE4CCFDE50E2CE4D3
:10C7C0003DF50F12C86EE50EF0A3E50F12C33B5006
:10C7D000010F0AEAC3950C40D68E828F83E0F50CD8
:10C7E000A3AE82AF83850882850983A3A3A3A3A3F5
:10C7F000A3A3A3A3F0606B12C867121BDA8A0E8B87
:10C800000FA80EA90F850882850983A3A3A3A3A35C
:10C81000A3A3A312C063E849701C850A82850B8319
:10C8200012BD23600D121BE0850A82850B83E4F0A4
:10C83000A3F07901802E7A0080228E828F8312C825
:10C8400080FCE4CCFDE5082CE43DF50912C86EE55A
:10C8500008F0A3E50912C33B50010F0AEAC3950C87
:10C8600040D8790002C6A625E0FAE433FB22EA2587
:10C87000E0FCE433FDE82CF582E93DF58322F58305
:10C88000E0F508A3E02212C32DE8FEE9228E828F94
:10C890008312C8998C828D832212C672F9EA221201
:10C8A000C6CAA3A3A3A32212C8ACA322A3A3A3A373
:10C8B000A3E08E828F83A3A3A3A3A322850983125F
:10C8C000C8998E828F83A3A3A3A3A3A3A32274F7E3
:10C8D000120BD9E9901587F09015667402F0901547
:10C8E0005E74FEF0A304F0122738121FE27A4B7B2D
:10C8F00019122CCC121FBE121F0A02CD5F74F71240
:10C900000BD974F0121264890812211AE508603AF2
:10C9100090172AE07034901974E06401702C90161E
:10C9200086E06026AC21AD227A627B0012217A7902
:10C9300000AA21AB221225D679001225DC7C107DBD
:10C94000007900AA21AB22121B3212DA3760219043
:10C95000158D12DA57FEA3E0FF90158D12D94912FA
:10C960001BE0EEF8EFF990158D12DA44E84970DF1C
:10C97000741002CD5C74F2120BD9890AEAFEEBFF47
:10C980005480702DEEA2E050417901121FC47C0F3B
:10C990007B0F90158BE0FA901590E05407F9121F69
:10C9A000E8EE640102CA39121EFEAA08AB09121B86
:10C9B0004A901587E0F9121B5C8A088B09EA450941
:10C9C00070E5EEFAEF648002CA64EF5420603B9099
:10C9D000158AE0640C700D7902121FC4121FA69014
:10C9E000196C800B790C121FC4121FAC90196812BD
:10C9F0000FAB7A007B20901587E0F9121C94740429
:10CA00001211B1EEFAEF6420805AEE5410602E90AD
:10CA1000158AE0F9121FF4901678E06401701790FF
:10CA200082CB120FAB7A007B0890175BE0F9121CE7
:10CA30009474041211B1EE6410FAEF8027EE5408DA
:10CA40006006EE6408FA8037EF5401601A90171000
:10CA5000E0F874086860057404687003121EF2EE52
:10CA6000FAEF6401FB8018EE5404600A7A0379FF40
:10CA70001221B6121508EEFAEFFBA90A121ED47F96
:10CA800006020F2674F7120BD9EAFEEBFFEE548074
:10CA90006019121F1C121EEC7901122B947A017975
:10CAA00003122BF4EE6480FAEF802BEF5402600A3D
:10CAB000121F22EEFAEF6402801CEF5408600A1283
:10CAC000218CEEFAEF6408800DEF5404600B122104
:10CAD00092EEFAEF6404FB80047A007B0002CD5FE3
:10CAE00074F0120BD974F71212648A0A8B0B89093D
:10CAF0007508017E007F0090158AE08521828522DD
:10CB0000837008E4F0F91221AA80037401F0AA21CD
:10CB1000AB2279521221CE121FCA901592E09016C4
:10CB2000FBF090158FE06404707DE4F012276E1224
:10CB3000277412219E74016508600302CC18121E2E
:10CB4000E6121B3EEA547FF8E50A28F8E4350BF9B3
:10CB5000E82464FEE439FF9016641214BA9015823A
:10CB60001214C67A0279FF1221B690170174FEF0F2
:10CB7000A304F090170414F0A304F090170EF0A390
:10CB8000F07C087D0079007A227B17121B32790035
:10CB9000122786901995E064017050740165097040
:10CBA000347A007B008041121EE0E9F50860030240
:10CBB000CB2C121EF8E9F508750C018E0D8E0E8E29
:10CBC0000F901703E0780C12111B901582780C124D
:10CBD000146402CB357C087D007900740112123C8C
:10CBE000121B32740112123C122198750CED750D56
:10CBF00016780C1211D4750C6E750D00780C12118C
:10CC0000D47C007D007A217B00121C5E740412111A
:10CC1000B17A0279001221B6A908121EC874FF6504
:10CC20000A700474FF650B601090158A7401F0128D
:10CC30001F40EEFAEFFB121F9A901592E0F91227AF
:10CC4000B0A90874091211B17F08020F2674F712F7
:10CC50000BD97E001221B0E9F8A2E150077E0179DC
:10CC600000122B94EEF902CD5FC082C0839019951B
:10CC7000E0700E90158B7402F0901590E054F880DF
:10CC800036901590E054F8F8901995E0640170041E
:10CC900074018007E064027007740248901590F0F8
:10CCA0007AA87B16122846E990158B7003E480075A
:10CCB0007403F090194A04F002D4F8C082C0839043
:10CCC000158AE06405702C121F3A7906121FC412EF
:10CCD0001FB8121F22121FB2901592E0A2E3500853
:10CCE000901982E06401700E9019521214DE12271E
:10CCF0005C8003121FB802D4F8C082C083790F127F
:10CD000027807A0279001221B602D4F874F7120B48
:10CD1000D912276EE9FE703912277AE9602A1227A4
:10CD20003E90155E12DDF190155E12DA3A700790B2
:10CD30001590E054F8F090158B7403F0901710E400
:10CD400012D58E121CCA80027E099016E7E4F0A369
:10CD5000F0EE700479008002790180031211B17F36
:10CD600001020F2674F6120BD98A828B83E01460BD
:10CD70001B14605324E8600A2447600B24D66079B2
:10CD800080741220CC8072121F04806D90158AE08E
:10CD900064027065901995E064016005E0640270BA
:10CDA00058122BEEE9600B122BE2E9604C122C308A
:10CDB000804712267E8B09EA4509600479018002CA
:10CDC0007900122BDC8032901995E064016005E057
:10CDD0006402702590050FE064076005E064087048
:10CDE00010901588E0700A7A0190050FE0F9122B77
:10CDF000F4121F168003121F10802675088975090A
:10CE00001578081211D475080175090078081211F7
:10CE1000D47C007D007A857B00121C5E74041211A4
:10CE2000B17F02020F2674F6120BD974EB12126452
:10CE3000EAFEEBFFEE240CF582E43F12CE98780870
:10CE4000120E9402002100220082CE008001805543
:10CE5000CE000094CE1220548A088B09AE08AF0988
:10CE6000EE4F60308E828F83E0700EEE2403FCE480
:10CE70003FFDA312D949122036EEFAEFFB121BE058
:10CE80008012AC21AD2212204EAC21AD22EEFAEF81
:10CE9000FB12203074158086F583E0F508A3E0F5D9
:10CEA0000922C082C0837A017B80901587E0F91245
:10CEB00020C07A007B80901587E0F91220C07A218B
:10CEC0007B00901587E0F91220C07A227B00901534
:10CED00087E0F91220C002D4F8C082C0838A828B16
:10CEE00083E024FC600624FC60148022901995E005
:10CEF00064016005E064027015122126801090190B
:10CF000095E064016005E06402700312212C02D4F4
:10CF1000F874F6120BD990158AE06403600FE06490
:10CF20000A7062901590E054076401706F90158844
:10CF3000E0704A7A107B00901587E0F9121B867921
:10CF400001121F2EE9700F12D08A12275C79051288
:10CF50001FC47901802990158AE064037017121F9D
:10CF6000B290050FE06402700C7901122B947A01E3
:10CF70007902122BF47906121FC402D087790012AD
:10CF80002BCA02D087E064046012E0640E600DE0FA
:10CF9000640F6008E0640D600302D075901588E0AE
:10CFA000705E90158CE4F07901121F2EE970151255
:10CFB000D08A12275C7905121FC47A107B27121FB2
:10CFC0003402D0877906121FC47A007B209015871F
:10CFD000E0F9121CA0901592E0A2E3501D90198276
:10CFE000E070179083331214DE12275C7A007B0006
:10CFF0001227627A007B00122768121FB202D087C4
:10D0000090158BE06401703790158CE004F0C394A8
:10D0100004501F90170EE0F47003A3E0F4601B901F
:10D02000158B7403F09015677401F090194A74041D
:10D03000801C9016B0E06401701590158B800EE096
:10D040006403700B9015677401F0901710E4F012F0
:10D0500027EC122306901592E0A2E3500890198263
:10D06000E06401702290158BE06403701A12D08A7C
:10D0700012275C8012E0600F121FB27A107B0090C2
:10D080001587E0F9121B8602CE21901966E0F5089B
:10D09000A3E0AA08FBE4FCFD2274F1120BD974F49E
:10D0A0001212647E007508227509178E0A80010E1F
:10D0B000903357E493F8EEC398400302D175A8214A
:10D0C000A922880C890D780C1211D4750C0C750DE1
:10D0D00000780C1211D47C007D00EE2475FAE43443
:10D0E00000FB121C6474041211B174041214F5A92B
:10D0F00082AA83890C8A0D750E00780C1211D07CDF
:10D10000087D00A908AA09AB0A121B2C740312118E
:10D11000B1E970617C08790074041214F5AA82AB3D
:10D1200083121BBCE96088EEFF78081211D07C08DE
:10D130007D0074071214F5AA82AB83121B267403B8
:10D140001211B1852182852283E4F0A3F0A3F0A31C
:10D1500012D6121211D475080C7509007808121134
:10D16000D47C007D00EF2475FAE43400FB121C5ED1
:10D1700074041211B102D2BC74F1120BD974DF1213
:10D180001264740C12123C1225D0740C12123488E2
:10D1900008890978081211D47508157509007808EE
:10D1A0001211D47C007D007A827B00121C5E740414
:10D1B0001211B175080080020508AE087F00903397
:10D1C00057E493F8EEC398400302D257EE2475FE5D
:10D1D00050010FA821A922880A890B780A1211D4BC
:10D1E000750A0C750B00780A1211D47C007D00EED4
:10D1F000FAEFFB121C6474041211B174041214F5DA
:10D20000A982AA83890C8A0D750E00780C1211D0A0
:10D210007C087D0079227A177B00121B2C74031284
:10D2200011B1E96093741D1214F51214BA852182AC
:10D230008522831214C6A821A922880889097808A2
:10D240001211D475080C75090078081211D47C00ED
:10D250007D00EEFAEF80457C087D0079FF740412B2
:10D2600014F5AA82AB83121B32741D1214F512142A
:10D27000BA8521828522831214C6A821A922880892
:10D28000890978081211D475080C8F0978081211D1
:10D29000D47C007D00EE2474FAE43400FB121C5EA2
:10D2A00074041211B19016E7E4F0A3F07C15FDF9B7
:10D2B000740C12123C121B3274218002740C121175
:10D2C000B17F07020F2674F1120BD974F4121264A5
:10D2D0007508008054A821A922880A890B780A12AF
:10D2E00011D4750A0C750B00780A1211D47C007DDC
:10D2F00000EEFAEFFB121C6474041211B1740412F4
:10D3000014F5A982AA83890C8A0D750E00780C1277
:10D3100011D07C087D0079227A177B00121B2C74B7
:10D32000031211B1E970250508E5082475FEE434FF
:10D3300000FF903357E493F8E508984098852182E0
:10D340008522831214BAE8494A4B605A901586E048
:10D3500070547401F09083A378081214828521829E
:10D36000852283780812135C85218285228312141A
:10D37000BA9016DF1214C6A821A922880889097854
:10D38000081211D475080C75090078081211D47CA4
:10D39000007D00EEFAEFFB121C5E74041211B190D6
:10D3A00016E7E4F0A3F002D2BC74F5120BD974DBDB
:10D3B0001212647E00121F28741012123488088919
:10D3C0000978081211D47508158E0978081211D43D
:10D3D0007C007D007A827B00121C6474041211B1FF
:10D3E000E970467C107D007900AA21AB22121B3225
:10D3F000A821A922880889098E0A78081211D07CF0
:10D40000107D0074141214F5A982AA837B00121BEC
:10D410002C74031211B1E970107E017C157D007926
:10D4200000741012123C121B32EEF974251211B165
:10D430007F03020F2674F4120BD98A088B097A0431
:10D440007B00901587E0F9121CA6EA4B4C4D701B2F
:10D45000E4F50AF50B78081211CC7A047B009015DC
:10D4600087E0F9121C9474041211B180031211B1F7
:10D470007F04020F26C082C0837A047B0090158748
:10D48000E0F9121CA07A047B00901587E0F9121BCA
:10D490008C02D4F874F6120BD9901589E4F0750853
:10D4A0008975091578081211D47C017D007A857B75
:10D4B00000121C5274021211B1E970207808121186
:10D4C000D475080175090078081211D47C007D001C
:10D4D0007A857B00121C6474041211B102CE21748F
:10D4E000F6120BD9E9FE9015897401F06E70037481
:10D4F00003F002CDFB1211B1D083D08202117E74F1
:10D50000F6120BD9E9FE121F467A887B1312246E9D
:10D5100074016E702490195E1214BA90195212148C
:10D52000C690196412D93F90169A12DA4490196283
:10D5300012D93F90169C12DA449083331214DE12F3
:10D54000275C7A007B001227687A007B0012276232
:10D5500074016E702F90158A7402F090158B04F090
:10D56000901567740112D58E121CCA9017107402A0
:10D57000F0122306121B3EEA547F2464FA7B001249
:10D580001F9A80077A887B13121F3402CE21F07C09
:10D59000227D177A687B152274F1120BD974F71269
:10D5A00012648A088B09ECFEEDFFEEFAEFFB122104
:10D5B0000EEEFAEFFB1220DE9005C612DA3A603268
:10D5C00074081214F57403F08E0C8F0D750E00782C
:10D5D0000C1211D07C087D00740312123C121B2621
:10D5E00074031211B1AA21AB229005C612DA4A12B5
:10D5F0002CE07900AA08AB091223EA90170EE0FC90
:10D60000A3E0FDAA08AB09122804121F8E740902B8
:10D61000D2BEF0A821A9228808890978082274EED0
:10D62000120BD9890F8A108B118C0A8D0BAE11EE5B
:10D63000FA7B00121B448A088B09EA45096035EE23
:10D640006020E50A450B601A850A0C850B0D750EE6
:10D6500000780C1211D0EEFC7D00121B2674031210
:10D6600011B1850882850983E510F0AA08AB09A9E4
:10D670000F121B507F0A020F26C082C08374FD1256
:10D680001264E9852182852283F090157412DA5C98
:10D690006009AA21AB22122CE0801774021214F543
:10D6A000E4F0041212447B027A01901587E0F9122B
:10D6B0001F587900740302D4F574EE120BD9EAFEF8
:10D6C000EBFF90157612DA5C6006122CE002D92B83
:10D6D00090175C12CE9A90175CE0F50AA3E0F50B68
:10D6E000EE2404F50EE43FF50FEE2402F50CE43FC2
:10D6F000F50D803E85088285098312D93F850C820D
:10D70000850D83E0687003A3E06970148508828545
:10D710000983A3A3E0F8850E82850F83E068607714
:10D7200085080A85090BE5082414F582E4350912F9
:10D73000CE98E508450970BC7A167B00121BDA8A80
:10D74000088B09EA4509700302D92B7C167D007904
:10D7500000121B32850882850983A3A3A3A3A3A378
:10D76000A374FEF0A304F0850882850983A3A3A314
:10D77000A3A3A3A3A3A3A3F090175C12DA3A7005A6
:10D7800090175C800BE50A2414F582E4350BF583D1
:10D79000E508F0A3E509F08E828F83A3A3A3A3A3DA
:10D7A000A3A3A3A312D92EA3F0EE2408F8E43FF913
:10D7B0008882898312D92EF0850E82850F8312D933
:10D7C00035F0850C82850D8312D94985088285093B
:10D7D0008312DDF112DC99E0C0E0E5082413F58244
:10D7E000E43509F583D0E0F0E508240BFAE43509C7
:10D7F000FB88828983E06401600CEE240DFCE43F29
:10D80000FD121CCA80097C087D0079FF121B32EED4
:10D81000240AF8E43FF9880A890B8882F583E0F846
:10D82000901896E0C398400302D92B8E828F83A371
:10D83000A3A3A3A3E064016009122BEEE970030225
:10D84000D92BC2F0850A82850B83E0F50CE508240C
:10D8500009F8E43509F988828983E0F50DE50824A3
:10D860000AFAE43509FBEE240BFCE43FFDE50DC3A9
:10D87000950C500C8C828D83E0C394144019801950
:10D88000E50D650C70138A828B83E0F50C8C828D1C
:10D8900083E0C3950C5002D2F0EE2407F50CE43F70
:10D8A000F50D850C82F583E070198E828F83E0F58B
:10D8B0000EA3E0F50F901704E0650E7004A3E06579
:10D8C0000F704FA2F050358E828F83E0F50EA3E0EB
:10D8D000F50F850882850983A3A3A3A3A3A3A3E5CA
:10D8E0000EF0A3E50FF0850A82850B83E08882891C
:10D8F00083F08C828D83E08A828B83F0850C828515
:10D900000D83E0600D850882850983A3A3A3A3741A
:10D9100001F08E828F83A3A3A3A3A3A3E0600C8551
:10D920000882850983A3A3A37401F002D67412D9D7
:10D9300035A3A3A322E0850882850983A3A322122D
:10D94000D94322E0F8A3E0F922E0FAA3E0FB227435
:10D95000F4120BD974FB1212648908E9901588F04F
:10D96000707A1227EC1227F88A0A8B0BAE0AAF0BDB
:10D97000EE4F60547C177D007900121B3290170423
:10D9800012D93F8E828F8312DA447C067D1712DA19
:10D99000A6121CCA90170E12DA2912DA4012DC8F76
:10D9A00074AAF0903350E49379002401F8500109EF
:10D9B0007A027B001208DDEE240DF582E43FF58348
:10D9C000E8F012DC857401F090158AE070057903A7
:10D9D000121FC49019521214DE12275C901578128F
:10D9E000DA3A6030852182852283E508F0901701BC
:10D9F00012D94974011214F512DDF190170412D9ED
:10DA00004974031214F512DDF1AA21AB2288828930
:10DA100083122CE07C007D007B027A02901587E067
:10DA2000F9121F58740502D46D12D9438E828F8368
:10DA3000A3A3A3A3A3A32290158D12D943E849223F
:10DA4000A3A3A3A3E8F0A3E9F02212DA4E22E0F8A0
:10DA5000A3E0F58388822212DA4EE02212D94388AD
:10DA6000828983E58245832274F6120BD9EAFEEBA4
:10DA7000FF1227388A088B09AC08AD0912DAA61202
:10DA80001CC4E96401701C90157A12DA5C600EEE19
:10DA9000FAEFFB122CE08B09EA4509700612DBD382
:10DAA000121F4C02CE21EE2402FAE43FFB2274F452
:10DAB000120BD974F8121264EAFEEBFFEE240CF894
:10DAC000E43FF9880889098E828F83A3A3A3A3A3C7
:10DAD000A3A3A3A3A3E06401600302DB62740212A8
:10DAE00014F5E4F088828983E0702574011214F53E
:10DAF000E4F0FAFB1227687A007B00122762852186
:10DB000082852283E4F0122C42AA21AB2212233C0C
:10DB10009083331214DE12275C850882850983E026
:10DB20006401702774031214F5E4F0A3F074051275
:10DB300014F5E4F074061214F57401F0740712146D
:10DB4000F5E4F0740312123C12233685088285092D
:10DB500083E0F9121F4C740212123C79521221CE4A
:10DB6000805D1227448A0A8B0B12DBD38E828F834F
:10DB700012D949E50A6A7003E50B6B7025740169D7
:10DB80006013901590E05407640270168508828532
:10DB900009837401F0850882850983E0F9121F4C1E
:10DBA000801D850882850983E0F50878081211D860
:10DBB000EE2402FCE43FFD121F5274011211B190D9
:10DBC000157C12DA5C6007EEFAEFFB122CE07408A9
:10DBD00002D46D12DC7AF92274F7120BD9E9FE74C3
:10DBE000016E701990158CE070131227EC122BEE59
:10DBF000E970077900122BCA8003122C3002CD5F26
:10DC000002117EC082C08312273E02D4F8C082C0B7
:10DC1000837A007B01901587E0F9121CA6EA4B4C31
:10DC20004D7003121FB802D4F874F6120BD9EAFE35
:10DC3000EBFF12DC9912D93F5480703B12DC7A70F2
:10DC4000367413687001E9602EE8F508E94480F540
:10DC50000978081211D4E4F508F50978081211D4EE
:10DC600012DC85E0FD7C8412DAA612DC8FE0F9126A
:10DC700020AE74041211B102CE21EE240BF582E421
:10DC80003FF583E022EE240EF582E43FF58322EE99
:10DC9000240FF582E43FF58322EE240CF582E43F65
:10DCA000F5832274F4120BD9EA4B60218A088B09A0
:10DCB000E4F50AF50B78081211CC7A017B00901577
:10DCC00087E0F9121C9474041211B1800C7A017B64
:10DCD00000901587E0F9121B8602D47074F7120BBE
:10DCE000D9E9FE901592E0A2E1501A901972E06E07
:10DCF0006013901590E054F84402F0901592740C63
:10DD0000F0F91227B002CD5FC082C08390158AE07F
:10DD100064016005E0640270119019497401F07AA1
:10DD2000007B00121F9A79018002790002D4F8C0AA
:10DD300082C08390158AE06401600AE06402600595
:10DD4000E0640C7009901949E4F0790180027900CF
:10DD500002D4F874F6120BD974F81212647A007BAC
:10DD60000012246E1227388A088B09AE0812273E4B
:10DD700075080078081211D8901592E0F9EEFCAD04
:10DD80000912208A74011211B17A007B0012246EEC
:10DD9000901982E064017027AA21AB2212274A124F
:10DDA000274490167DE0F50878081211D890198163
:10DDB000E0F974011212441227E074011211B174D7
:10DDC0000802CE1EC082C0837A007B01901587E0D6
:10DDD000F9121B8602D4F8C082C0837A00EA25E0DB
:10DDE00012DDF7E4F0A3F00AEAC3940940EF02D48D
:10DDF000F8EAF0A3EBF022F8E433F9747028F58226
:10DE0000741539F5832274F7120BD9E9FE90158A3F
:10DE1000E06E600EEEF07A107B00901587E0F9124C
:10DE20001B8602CD5F74F4120BD9EA75F0E8A4CA20
:10DE3000A8F075F003A428F875F0E8EBA428FB120D
:10DE40001B2002EFA574F6120BD974FD121264E9BF
:10DE5000FE121E62E4F508F50978081211D479045F
:10DE60009083371214DE121E6874021211B1780802
:10DE70001211D479029083371214DE121E687402D4
:10DE80001211B178081211D479039083371214DE7D
:10DE9000121E6874021211B1E490162AF07808126A
:10DEA00011D47C187D007A017B04121C527402127A
:10DEB00011B1E9FFF50878081211D47A927B80122B
:10DEC00016D074021211B174096F703C7508F675A2
:10DED000091878081211D475081875090078081205
:10DEE00011D47C007D007A017B04121C5E74041244
:10DEF00011B1E9F50878081211D47A4D7B81121618
:10DF0000D074021211B18030EF702D7ADD7B811256
:10DF100016D67508F675091878081211D475081800
:10DF200075090078081211D47C007D007A017B0409
:10DF3000121C6474041211B1EE901528F07AE67B7D
:10DF400018901931E0F9121EAA7A317B19122C6C43
:10DF50007C2C7D2E90334BE493FA901931E0F9122A
:10DF60001D187C447D1E7A007B00901931E0F91267
:10DF70001D1E7AE67B1890193DE0F9121EAA7A3D23
:10DF80007B19122C6C7CF87D3190334CE493FA9021
:10DF9000193DE0F9121D187C447D1E7A007B00902B
:10DFA000193DE0F9121D1E901528E0F9121CFA9097
:10DFB0001528E0F9121B027A747B1E122B1C438F6A
:10DFC000017A01901528E0F9121C7612178A9083C5
:10DFD000771214DE121E1A1216E890833B1214DE1A
:10DFE000121E1A74011214F5E4F0A3F08521828543
:10DFF0002283F0AC21AD220412123C1216EEE9701D
:10E000001474011214F5E064607004A3E0640170FC
:10E010000474018001E4901532F090833B1214DE09
:10E02000121E1A7A5C7B1E121CD09083A71214DE7B
:10E03000121E1A9018F7E06004790180027900122C
:10E040001CD69018F7E090152AF090832F120FAB92
:10E050007A017B00901528E0F9121C9A74041211C1
:10E06000B190833F120FAB7A107B00901528E0F936
:10E07000121C9A74041211B17F7FEFF50878081210
:10E0800011D479049083371214DE121E68740212C0
:10E0900011B178081211D479029083371214DE126C
:10E0A0001E6874021211B178081211D4790390839A
:10E0B000371214DE121E6874021211B19082C71258
:10E0C00014DE121E1A1FEFC3940250AE7F01EFF54B
:10E0D0000878081211D479049083371214DE121EC6
:10E0E0006874021211B178081211D4790290833742
:10E0F0001214DE121E6874021211B178081211D4C3
:10E1000079039083371214DE121E6874021211B163
:10E110009082CF1214DE121E1A0FEFC3947F40AE0E
:10E12000E4F50878081211D479049083371214DECC
:10E13000121E6874021211B178081211D47902907B
:10E1400083371214DE121E6874021211B17808129D
:10E1500011D479039083371214DE121E68740212F0
:10E1600011B190833B1214DE121E1AD28190838F5C
:10E170001214DE121E1AC281740302E81E74F41215
:10E180000BD9EAFEEBFF54807058EEA2E040030288
:10E19000E23E7AEF7B811216D690152DE070249026
:10E1A000152EE02401F0A3E03400F090152EE06479
:10E1B0000A7002A3E07006740190152DF0740190AE
:10E1C0001530F0121E38EE640102E36E12F0B9E071
:10E1D000FAA3E0FBEA4B6003121BE0AA08AB0912AA
:10E1E0001B4A901528E0F9121B5C8A088B09EA4546
:10E1F0000960438A828B83E024CC60D0247470DB76
:10E20000A3A3A3E0F50B8A828B83A3A3E0F50A9076
:10E210001885E064017007AA0BA90A121730AA0B2F
:10E22000A90A1216C4E50AA2E650B074019015308E
:10E23000F0121E3880A5EEFAEF648002E3705402FB
:10E2400060107AB47B811216D6121E4AEE64020266
:10E25000E36E7A9D7B81EE5404600C1216D6121E7A
:10E2600032EE640402E36EEE540860591216D67A58
:10E27000B37B18121628E970299018E37405F09002
:10E2800018E1F0A3F09018E414F0A37401F07AB34D
:10E290007B18791F12163A7AB37B1879011216404F
:10E2A0008003121E6E121CDC908343120FAB7A04A3
:10E2B0007B00901528E0F9121C9474041211B1EE41
:10E2C000640802E36EEE541060201216D690837735
:10E2D000120FAB7A087B00901528E0F9121C947499
:10E2E000041211B1EE641002E36EEE542060681265
:10E2F00016D6901529E0F8740128F0E860481460FB
:10E300004014603814603014602814703E121E9E51
:10E31000901529E0601790838F120FAB7A207B0055
:10E32000901528E0F9121C9474041211B1EE6420C7
:10E33000803C121E9880D9121E9280D4121E8C80AE
:10E34000CF121E8680CA121E8080C5E4F090153060
:10E35000E060DAE4F080D6EE54406007C281EE64FB
:10E3600040800BEE5480600B121E7AEE6480FAEF50
:10E37000FB80047A007B0002EFA574F0120BD97BBE
:10E38000007A007C0090152BE0F8A3E0F975831863
:10E390007582F8C3E098A3E099501C9018FAE0F851
:10E3A000A3E0F975831575822BC3E098A3E099501B
:10E3B000047B0180027B0290192178081214827874
:10E3C00008120949A808A9099018FCC3E098A3E01D
:10E3D000995013A3E0FEA3E0FFC3E89EE99F500419
:10E3E0007A0180027A02901925780C121482901911
:10E3F0000012E74A120B0D7808790C120DF940163D
:10E40000A312E74A120B0D780C7908120E4850043B
:10E410007C0180027C02EBFEC39A5002EAFEEEC34E
:10E420009C5002ECFE9018F6E0700302E5CA9018CA
:10E43000B2E06E700302E614E0703A7F01EFF50877
:10E4400075090078081211D479029083371214DE0E
:10E45000121E6874021211B19083471214DE121E4C
:10E460001A0FEFC3947F40D5E4F50878081211D451
:10E47000790402E5036401704E7F01EFF508750928
:10E480000078081211D479029083371214DE121E1C
:10E490006874021211B178081211D479039083378D
:10E4A0001214DE121E6874021211B1908347121406
:10E4B000DE121E1A0FEFC3947F40C0E4F5087808FF
:10E4C0001211D47902803CE0640270457F01EFF5BF
:10E4D0000875090078081211D47903908337121453
:10E4E000DE121E6874021211B19083471214DE12FC
:10E4F0001E1A0FEFC3947F40D5E4F5087808121177
:10E50000D479039083371214DE121E68740212113C
:10E51000B1EE9018B2F070327F7FEFF50875090008
:10E5200078081211D479029083371214DE121E6813
:10E5300074021211B19082FB1214DE121E1A1FEF28
:10E54000C39402500302E61480D074016E70477FBA
:10E550007FEFF50875090078081211D479029083CD
:10E56000371214DE121E6874021211B178081211EB
:10E57000D479039083371214DE121E6874021211CC
:10E58000B19082FB1214DE121E1A1FEFC3940250C8
:10E590000302E61480BB74026E70797F7FEFF5088A
:10E5A00075090078081211D479039083371214DEAC
:10E5B000121E6874021211B19082FB1214DE121E38
:10E5C0001A1FEFC39402404C80D3E4F508F5097894
:10E5D000081211D479049083371214DE121E687465
:10E5E000021211B178081211D479029083371214F3
:10E5F000DE121E6874021211B178081211D4790368
:10E600009083371214DE121E6874021211B1901832
:10E61000B27403F002E73C74F0120BD974FA1212D0
:10E62000647AB37B18121E507C057B807A047900D3
:10E63000121CE8901557EAF0A3EBF090190DE0FAE0
:10E640003395E0FB90155712E74A120B0D7808122C
:10E6500011CC90834B120FAB908333120FABEA2493
:10E66000F3F508EB341312E741120AF2780812119D
:10E67000CCEA24DEF508EB340312E741120AF2AAD1
:10E6800008AB09AC0AAD0B121CE274101211B18A6E
:10E69000088B098C0A8D0B9019217808121464904C
:10E6A0008333780C1214827808790C120DF9750CEA
:10E6B00000750D00750E005005750F3F8003750F36
:10E6C000BF7808790C1202377808120949E5091257
:10E6D000E743120AF2901921780812146490153257
:10E6E000E06054AA21AB22121706E9704A85218204
:10E6F000852283E060417401121244740412123CBA
:10E7000012170CE9701374041214F512E74A120B75
:10E710000D9019297808121464740212123C121711
:10E7200012E9701374021214F512E74A120B0D90DD
:10E730001925780812146474061211B17F08020FAB
:10E7400026F50912E9B52290152BE0F508A3E0F5AE
:10E7500009E4F50AF50B780822C082C08390158A77
:10E76000E064076005E064067009901530E060031E
:10E77000121E6E90152E12EBEA497005E490152DCD
:10E78000F0908377120FAB7A208013C082C0837A17
:10E79000117B821216D6121EA4121E4A800F7B0015
:10E7A000901528E0F9121C9474041211B1D083D092
:10E7B0008202117EC082C0837A007B821216D690BC
:10E7C00082D7120FAB7A027B00901528E0F9121C59
:10E7D0009474041211B1790080D374F6120BD975B8
:10E7E00008F675091878081211D47508187509000B
:10E7F00078081211D47C007D007A017B04121C5E23
:10E8000074041211B1E9F50878081211D47A097B61
:10E81000811216D074021211B1121E2C8003121133
:10E82000B17F02020F2674F0120BD974F412126435
:10E83000EAFCEBFDAA21AB227907121652E960032C
:10E8400002E98474081214F5120FAB74041214F563
:10E85000120FAB740C1214F5120FAB7A2C7B8112D1
:10E8600016D0740C1211B174081214F57808121431
:10E87000829082CB780C1214827808790C120A727A
:10E880007808120B0D90834F780C12148278087957
:10E890000C120637780812094990190A12EBEA752A
:10E8A000F064A4F8AAF075F06412E98E24BCF8E9CB
:10E8B0003402F990191812E99C1214827808120B8C
:10E8C0000D90191EE0F50C3395E0F50DF50EF50FE2
:10E8D000780C120AF2780C1211CC9083531214DEC9
:10E8E00012224C74041211B18A0C8B0D8C0E8D0FF8
:10E8F0007808790C120637780812094990191C1209
:10E90000E9AA120AF2908353780C121482780879DB
:10E910000C1204517808120949901906780C121447
:10E9200082E508250CF8E509350DF990191AE8F08B
:10E93000A3E9F074041214F57808121482901904F3
:10E9400012EBEA75F00AA4F8AAF075F00A12E98E43
:10E950002424F8E934FFF990191412E99C12148266
:10E960009082CB780C1214827808790C120B6A9082
:10E97000191F12E9AA120AF29015377808121464C6
:10E9800079008005121E6E7901740C02E739E9A442
:10E990002AF9E50828F8E50939F9E822E8F0A3E9B9
:10E9A000F0852182852283780822E508F0A3E50915
:10E9B000F012E9B5223395E0F50AF50B78082274D8
:10E9C000EC120BD98A088B098C0A8D0B7414121463
:10E9D000F5780C1214829083577810121482780CF8
:10E9E0007910120E48403390835B781012148278AD
:10E9F0000C7910120DF94022751000751150751226
:10EA00007D7513447810790C12045178107908122E
:10EA10000637AA10AB11AC12AD137F0C020F26748F
:10EA2000EC120BD974FF121264E9FE7F0080267C81
:10EA3000017D00AA21AB22EEF912181485218285EE
:10EA40002283E0C0E0EFF8744828F582E43415F53D
:10EA500083D0E0F00FEEF91218268B09EA45097011
:10EA6000CE90154AE0F8901548E064FE7058A3E097
:10EA700064047052744828F8E43415F98882898354
:10EA8000A3E0FB88828983A3A3E0F8EBF990152B20
:10EA9000E8F0A3E9F012E747120B0D85080C850991
:10EAA0000D850A0E850B0F90835F78101214827803
:10EAB0000C791012045190190E780C1214649015F0
:10EAC00033780812146412E747120B0D90190CE00A
:10EAD000601E901537120FABAA08AB09AC0AAD0B3C
:10EAE000121E5674041211B18A088B098C0A8D0B00
:10EAF00090835F780C1214827808790C120451907C
:10EB0000190E7808121464121E2C9018F7E0F89071
:10EB1000152AE068600DE8F0600479018002790050
:10EB2000121CD674011211B102EA1A43FD7053F19E
:10EB3000BF43F10353FF3F43F37002117E74EC12A5
:10EB40000BD98A0C8B0D8C0E8D0FE9FB53E4FC90D6
:10EB50008363780C121159400B7510807511847500
:10EB6000121E80097510007511247512F4751300BA
:10EB70008A08850D098C0A8D0B78107908120B6AAA
:10EB8000A810A911E8F5DAE9F5DB74141214F512EE
:10EB9000EBEAFAE9F8EB14600B1460111460171437
:10EBA0006023803188DD8ADC75E61C802888DF8A56
:10EBB000DE75E71C801FE89062ADF0EA9062ACF071
:10EBC0009062A3800DE89062AFF0EA9062AEF090A0
:10EBD00062A4741CF0908363780C121159400543B1
:10EBE000E407800375E40302EA1AE0F8A3E0F9E819
:10EBF00022C082C083D281908367120FAB7A400219
:10EC0000E79E74F6120BD990155912EBEA4990154C
:10EC1000316055E0600302ECDAE4F508F5097808A4
:10EC20001211D479049083371214DE121E68740214
:10EC30001211B178081211D479029083371214DEC0
:10EC4000121E6874021211B178081211D47903905F
:10EC500083371214DE121E6874021211B17401900F
:10EC60001531F0121E7A8072E0606F7A807B00901E
:10EC70001528E0F9121CA07A807B00901528E0F995
:10EC8000121B8C7401901530F09018B27403F0E4EC
:10EC9000901531F0F508F50978081211D47904902F
:10ECA00083371214DE121E6874021211B178081232
:10ECB00011D479029083371214DE121E6874021286
:10ECC00011B178081211D479039083371214DE122F
:10ECD0001E6874021211B1121E3802E82174F61275
:10ECE0000BD97E7FEEF50875090078081211D479EA
:10ECF000049083371214DE121E6874021211B17868
:10ED0000081211D479029083371214DE121E68742F
:10ED1000021211B178081211D479039083371214BA
:10ED2000DE121E6874021211B190836B1214DE128F
:10ED30001E1A1EEEC3940250AB7E01EEF508780851
:10ED40001211D479049083371214DE121E687402F3
:10ED50001211B178081211D479029083371214DE9F
:10ED6000121E6874021211B178081211D47903903E
:10ED700083371214DE121E6874021211B190836F71
:10ED80001214DE121E1A0EEEC3947F40AEE4F50894
:10ED900078081211D479049083371214DE121E6899
:10EDA00074021211B178081211D4790290833712CB
:10EDB00014DE121E6874021211B178081211D4798F
:10EDC000039083371214DE121E6874021211B19080
:10EDD0008377120FAB7A807B00901528E0F9121C24
:10EDE00094740402E81E74F4120BD9901530E0609C
:10EDF0005B7A0B7B00121BDA8A088B09EA450960F3
:10EE0000428A828B83740212EFAA7414F0A37419DD
:10EE100012EFB87404F0A3741912F1031211D8752B
:10EE20000A01780A1211D8780A1211D8780812113A
:10EE3000D47C027D047A3C7B157901121D4874054F
:10EE40001211B1AA08AB09121BE080107C007D00F2
:10EE50007A027B04901931E0F912158602EFA5744D
:10EE6000F4120BD9901530E060667A0B7B00121B10
:10EE7000DA8A088B09EA4509604D8A828B8374021D
:10EE8000F0A3E4F0A312EEE3742112EEE3A37418EE
:10EE9000F0A3741912EFB8740AF0A3741912F103F5
:10EEA0001211D8750A01780A1211D8780A1211D8ED
:10EEB00078081211D47C057D047A3C7B1579011207
:10EEC0001D4874051211B1AA08AB09121BE080108D
:10EED0007C007D007A057B04901931E0F9121586DB
:10EEE00002EFA512EEE72212EEEB2212EEEF22F075
:10EEF0008A828B83A3A3A32274F4120BD9901530BA
:10EF0000E0700302EF957A157B00121BDA8A088BFA
:10EF100009EA450960768A828B83740412EFAA7429
:10EF20001AF0A3741912F1A5E412EFBD741CF0A33A
:10EF3000741912F0DC7414F0A3E412F0D0742812E7
:10EF4000F0CC741EF0A3741912F0C0741012F1D733
:10EF500012F0BC742BF0EA241312F0BC7406F0A378
:10EF6000741912F1031211D8750A01780A1211D816
:10EF7000780A1211D878081211D47C037D047A3CE7
:10EF80007B157901121D4874051211B1AA08AB094D
:10EF9000121BE080107C007D007A037B0490193105
:10EFA000E0F91215867F04020F26F0A3E4F0A31205
:10EFB000EEE7742912F0FE2212F1A9740212F1B5E3
:10EFC000742912F1B5A32274F4120BD9901530E014
:10EFD000700302F0A67A1F7B00121BDA8A088B09E5
:10EFE000EA4509700302F09D8A828B83740612F051
:10EFF000F0740EF0A3741912F2807402F0A312F1EF
:10F00000B1741012EFC274F7F0A3741812F0DC742C
:10F0100003F0A31412F0D0741012F0CC74F6F0A325
:10F02000741812F0C0740412F1C774F8F0A37418C5
:10F03000F0EA241512F0BC7405F0A37402F012F08B
:10F04000B97421F0EA241812F0BC74FAF0A3741811
:10F05000F0EA241A12F0BC7411F0A374F1F0EA245F
:10F060001C12F0BC7410F0EA241D12F0BC740CF0F9
:10F07000A3741912F1031211D8750A01780A12113A
:10F08000D8780A1211D878081211D47C0D7D047A30
:10F090003C7B157901121D4874051211B1AA08AB09
:10F0A00009121BE080107C007D007A0D7B04901912
:10F0B00031E0F912158602EFA5EA241712F0E822D2
:10F0C00012F0C422F0EA241012F0E82212F2982280
:10F0D00012F0D422F0EA240D12F0E82212F0E0221D
:10F0E000F0EA240B12F0E822F582E43509F58322D8
:10F0F000F0A3E4F0A312EEE7743912F0FE2212EE50
:10F10000EBA322F090153BE0F8740128F0E8F50A33
:10F11000780A2274F4120BD9901530E060777A15D2
:10F120007B00121BDA8A088B09EA4509605E8A8235
:10F130008B83740412F0F07421F0A3741912F1A5FA
:10F14000740212F1B1742812EFC2740DF0A3741995
:10F1500012F28674FCF0A3741812F1C274FEF0A3CC
:10F16000741812F1031211D8750A01780A1211D815
:10F17000780A1211D878081211D47C2B7D047A3CBD
:10F180007B157902121D4874051211B1AA08AB094A
:10F19000121BE0800D7C007D007A2B7B047902122B
:10F1A000158602EFA512F1A92212F1BB7410F0A38B
:10F1B0002212F1B52212F1BBA3A32212EEEFA3A3F8
:10F1C000A32212F0C4740512F1D712F0E87421F0F2
:10F1D000EA241312F0E822F0A37402F0EA241222C7
:10F1E00074F4120BD9901530E0700302F2707A15A6
:10F1F0007B00121BDA8A088B09EA450960698A825A
:10F200008B837404F0A37455F0A3E412F0F5742515
:10F21000F0A3741912F2807485F0A3740112F1B195
:10F22000743912EFC27429F0A3741912F2867400B3
:10F23000F0A3741912F1C27402F0A3741912F1034D
:10F240001211D8750A01780A1211D8780A1211D849
:10F2500078081211D47C0C7D007A3C7B157902125F
:10F260001D4874051211B1AA08AB09121BE0800DEC
:10F270007C557D007A0C7B00790212158602EFA581
:10F2800012F0FEA3A32212F0E07404F0A3740212A1
:10F29000F0D4742112F29822F0EA240E12F0E8223F
:10F2A00074F2120BD9EAFEEBFF8C0A8D0B7A0B7B02
:10F2B00000121BDA8A088B09EA450960749005017F
:10F2C00012F34012FBB7900501EAF0A3EBF0EA2439
:10F2D00002F8E43509F9880C890D8882F583EEF08F
:10F2E000A3EF12F3DBA3E50AF012F449A374321280
:10F2F000F33A740112F33AA3F0740E1214F512F3F8
:10F3000040A3A3A3A3A3A3A3A3A312FBB7900501A8
:10F3100012FD7D90050512FBB7850C82850D8312C9
:10F32000FBDE122B34850C82850D8312FC16A3E9BB
:10F33000F0AA08AB097F06020F2612F450A3A322FD
:10F3400012FD818A828B832274F6120BD9EAFEEBBE
:10F35000FF8E828F83E0F9122C9C8B09EA450960AD
:10F360000479028027E4F508F50978081211D47CA5
:10F37000007D00EEFAEFFB122CC074021211B18B6B
:10F3800009EA4509700479108002790002FCC17F06
:10F3900001020F2674F2120BD989088A098B0A120E
:10F3A0002C968A0C8B0DAE0CAF0DEE4F602A7A04B2
:10F3B0007B00121B44EA4B601F8A828B8374FDF032
:10F3C000A3E50A12F3E0E50812F3DBE509F08E820B
:10F3D0008F8312F45B121B5002F33512F3E0A32269
:10F3E000F08A828B83A3A32274F0120BD98A0BECD0
:10F3F000FEEDFF8B0C122C968A088B09EA450960FA
:10F40000437A077B00121B44EA4B60388A828B8365
:10F4100074FEF074111214F5E08A828B83A312F348
:10F42000E0E50CF074101214F5E08A828B83A3A33C
:10F43000A312F3DB12F449EEF0A3EF12F87B12F4FF
:10F440005B121B507F08020F26A3E50B12F450221B
:10F45000F08A828B83A3A3A3A3A322A3A3E0F8A390
:10F46000E0F5838882E0F92274E0120BD974FE1271
:10F470001264852182852283ECF0A3EDF08A128B41
:10F4800013891C900501E0F50AA3E0F50B7EFEEA66
:10F490002402F516E43513F517EA2404F51EE435C5
:10F4A00013F51F8A828B83E0540C640C702179FE63
:10F4B00012FBD812248CE9FE74FE6E700302F674FF
:10F4C000122C968A088B09EA4509705D02F674854C
:10F4D0001682851783E0F974FF697040E50A450BD1
:10F4E000700302F674850A82850B83A3A3E0F508F6
:10F4F000A3E0F50974221214F5E0F510A3E0F5116C
:10F5000074261214F5E0F51974271214F5780C120C
:10F510001482742B1214F5E0F518802D122C968AA3
:10F52000088B09A909EA4960CB850882850983E02F
:10F53000F9122C9C8A0A8B0B80BA850A82850B8370
:10F54000A3A3E0F508A3E0F509E508450970030267
:10F55000F674800D8A828B83E0F9122C9C8A0A8BC8
:10F560000B7514FE7515FF850A82850B83A3A3A373
:10F57000A312FBE4EC4D850882850983601A12FB17
:10F58000BD122CE0EA4B601D8A828B83E0F514A348
:10F59000E0F515121BE0800D12FBCC6008A3E0F52E
:10F5A00014A3E0F515851282851383A3A3A3A312E8
:10F5B000FD79850882850983E0FAE514687003E522
:10F5C00015696013EA7006E849705C800A74FF6888
:10F5D000700374FF697050851682851783E0FFEA17
:10F5E000F0E518F51478141211D8780C1211CCE546
:10F5F00019F51478141211D8742A1214F5120FAFD9
:10F6000078101211D4740A1214F5120FAFA91CACA1
:10F6100008AD09AA12AB13122CA8740C1211B1EF89
:10F62000851682851783F0851282851383E0540C3A
:10F63000640C7020EEF912FBD812248CE9FE74FEE3
:10F640006E6031122C968A088B09EA450960030224
:10F65000F5548020851682851783E0F47016850A9C
:10F6600082850B83E0F50AA3E0F50BE50A450B6004
:10F670000302F53A74021211B17F18020F2674ECDE
:10F68000120BD98A088B098C0C8D0D8910EA240E77
:10F69000F582E43509F583E0F50EA3E0F50FEA24E1
:10F6A00010F50AE43509F50B850A82F583E0242775
:10F6B000FA7B00121B448A128B13AE12AF13EE4F6B
:10F6C000700302F86C8E828F83741A12F87B12F822
:10F6D0008812F87112F888A3A312FBB774141214DD
:10F6E000F512FBE4EE2406FAE43FFB122C788508C1
:10F6F00082850983A3A3A3E0C0E0EE240FF582E492
:10F700003FF583D0E012FBA3C0E0EE2414F582E4C1
:10F710003FF583D0E0F0E508240CF582E43509F5E7
:10F7200083E0C0E0EE2415F582E43FF583D0E0F0FD
:10F7300074181214F512FCEBE0C0E0EE2416F5820A
:10F74000E43FF583D0E0F088828983A3E0C0E0EE57
:10F750002417F582E43FF583D0E0F088828983A303
:10F76000A3E0C0E0EE2418F582E43FF583D0E0F09A
:10F77000741A1214F5E0C0E0EE2419F582E43FF5A6
:10F7800083D0E0F0741B1214F51214BAEE241AF5AB
:10F7900082E43FF5831214C6EE241EF582E43FF5A1
:10F7A00083E510F0E5082415F582E43509F58312A8
:10F7B000F8832424F582E43FF58312F871A3A3A310
:10F7C000A3A3A3A3A312F883241212FBB1741612ED
:10F7D00014F512F883241012FBB1EE241FF582E415
:10F7E0003FF583E4F0EE2420F8E43FF9E8FCE9FD7E
:10F7F000850A82850B83E08C828D83F0A3E4F0740C
:10F800001F1214F5E0C0E0EE2426F582E43FF583F4
:10F81000D0E0F0EE2422F8E43FF98C828D8312FBD5
:10F82000DEEA4B602FEE2427FAE43FFB88828983CF
:10F83000EAF0A3EBF0850E08850F09750A00780839
:10F840001211D08C828D8312FBE4121B26740312DA
:10F8500011B1800888828983E4F0A3F0EEFAEFFB0F
:10F86000850C82850D8312F45B121B507F0C020FF6
:10F8700026E8F0A3E912F87BA3A322F0850882858D
:10F8800009832212FD81EE22A3A3A3A312FD818E80
:10F89000828F83A3A32274F0120BD974DF12126437
:10F8A000EAFEEBFF8C088D09890AEC45097003021A
:10F8B000F960EE2408F8E43FF9880C890D8882F598
:10F8C00083E0C0E074021214F5D0E0F0E50AA2E390
:10F8D000503388828983E06402600302F960122752
:10F8E0003E8A0E8B0F8E828F8312FBDEE50E6A70CE
:10F8F00003E50F6B600F7C037901122408E96005B2
:10F9000079CD02FB9B850C82850D83E0F87402683B
:10F910006005740F68703C8E828F8312FBDE1227A5
:10F92000B6E9850C82850D836022740FF0E0C0E09B
:10F93000740B1214F5D0E012FBA364037027EEFCE5
:10F94000EFFD740312123C121CCA8028E0640F7091
:10F95000DC800D74036860D574016860D0E860CD08
:10F96000790202FB9B8E828F8312FD7D7403121439
:10F97000F512FBB7E50AA2E1741250091214F574EE
:10F98000FFF0A3806C1214F5E4F0A3F090050112CF
:10F99000FBC6604688828983A3A312FBDEE5086A62
:10F9A0007003E5096B8882898370E412FD79E8FCB5
:10F9B000E9FDEC4D602485088285098312FBBD12A8
:10F9C0002CE0EA4B602C8A828B8312FD7D7412122C
:10F9D00014F512FBB7121BE0801885088285098395
:10F9E00012FBCC600D12FD7C74121214F5E8F0A32A
:10F9F000E9F074181214F5E4F0A3F0E50AA2E4505B
:10FA00001C740B1214F5E0F8740F68601074016830
:10FA1000600B74181214F57404F0A3E4F0E50AA264
:10FA2000E7500974181214F5E04410F0E50AA2E654
:10FA3000501274181214F5E04401F074011214F518
:10FA40007401800674011214F5E4F0E50AA2E25094
:10FA50000974181214F5E04440F085218285228350
:10FA6000E4F0E50AA2E55009741B1214F574048051
:10FA70000D901876E0C0E0741B1214F5D0E0F0741D
:10FA8000371214F512FD7D880C890D8882F583E00C
:10FA9000C0E0741A1214F5D0E012FBACC0E0740C94
:10FAA0001214F5D0E0F08E828F83A3A3A3A3A3A3A7
:10FAB000A3A3A3E0C0E0740D1214F5D0E0F07431FC
:10FAC0001214F512FD7D74101214F512FBB7743385
:10FAD0001214F5E0FEA3E0FF74141214F5EEF0A387
:10FAE000EFF074351214F512FD7D74161214F51230
:10FAF000FBB774391214F5E0C0E0741C1214F5D091
:10FB0000E012FBACF9122C9C8A828B83E582458340
:10FB10006012A3A3A3A3A312FBCC60087403121268
:10FB20003C122CE0AA21AB22122C8AE9C39EE49F4E
:10FB300050199016BB12FBC6600D740312123C12D2
:10FB4000FC19122CE0800C7E02800A740312123C15
:10FB50001224C8E9FE740B1214F5E06402702E1230
:10FB6000273E8A0E8B0FA80EA90F74031214F5E01E
:10FB7000687003A3E0697015EEFB850C82850D8328
:10FB8000E0FA850882850983E0F9122CBAEE700943
:10FB9000850C82850D83E004F0EEF974211211B119
:10FBA00002F444F0850C82850D83E02212F87BE09C
:10FBB00022F582E43FF583E8F0A3E9F022E0FA7948
:10FBC000028C828D832212FD81E84922A3A3A3A384
:10FBD00012FCEFE582458322851E82851F83E0FAB1
:10FBE000A3E0FB22E0FCA3E0FD22C082C0839005DD
:10FBF0000180048A828B8312FBDEEA4B600B8A82CF
:10FC00008B8312FC14E06970EAD083D08202117EEB
:10FC10008C828D83A3A3E0F8A3E0F583888222740D
:10FC2000F6120BD9122C9C8A828B83E58245836065
:10FC300007A3A312FBDE80047A007B0002FCC174E0
:10FC4000F4120BD9EAFEEBFF8908122C9C8A0A8B6E
:10FC50000BAC0AAD0B7900EC4D60388C828D83A320
:10FC6000A3A3A312FCE1E58245836013AA0809124D
:10FC70002CE08E828F83EAF0A3EBF07901801C12D6
:10FC8000FC10A3A3A3A312FBDE8E828F83EAF0A352
:10FC9000EB80078E828F83E4F0A3F002FD8774F778
:10FCA000120BD98A828B83E0640170047E08800283
:10FCB0007E00A3AA82AB831224CEE9C39EF902F38D
:10FCC0008F7F02020F26C082C08390050112FCEBD9
:10FCD000790080040912FCE1E582458370F602FC9C
:10FCE00009E0FAA3E0FB8A828B832212FCEF22E078
:10FCF000F8A3E0F98882898322C082C0839005013D
:10FD0000801A12FC10E0F8E96003E8600BE88A82D0
:10FD10008B83F0A3AA82AB838C828D8312FBE4ECED
:10FD20004D70DF02FC0974F7120BD9EAFEEBFFEC11
:10FD30002408F8E43DF988828983E08E828F83A3CA
:10FD4000A3A3A3A3A3A3A3F088828983E064037081
:10FD500005121CCA800E8C828D8312FD7D8E828FCF
:10FD60008312FBB78E828F83A3A3A3A3A3A3A3A312
:10FD7000A3A3E4F0A3F002F38FA3A3A3A312FD8136
:10FD800022E0F8A3E0F9227F04020F2674F7120B99
:10FD9000D978007900802774002EF582E43406F5C6
:10FDA00083E08A828B83F0900680E00412FE61C3B8
:10FDB00094804005900680E4F008E8700109900600
:10FDC00080E0FEA3E06E6007C3E89CE99D40C8E8C0
:10FDD000FAE9FB02FFC174F7120BD9900705E0FEA8
:10FDE000F8900704E0FFEEC39FE05010C398F89529
:10FDF000E0F9E824FF18E934FFF9800DC398F8957D
:10FE0000E0F9E8247FF8500109C3E89CE99D500619
:10FE10007A007B00804878007900800BE004F04392
:10FE20009A0408E8700109C3E89CE99D502C8A8275
:10FE30008B83E0C0E0900705E0FE74842EF582E439
:10FE40003406F583D0E012FE61900706E4F09007D7
:10FE500005E0C3947F40C5E480C4E8FAE9FB02FFF3
:10FE6000C1F08A828B83A3AA82AB832274F6120B21
:10FE7000D9900707E0F8A3E0F9E8FEE9FFEE4F604C
:10FE80006C1218028A088B09A808A9097A00900642
:10FE900082E0FC6016A3E0FBE595C39BFBC39C904E
:10FEA00006825005E0C39B8001E4F0E595A3F0C312
:10FEB000E8947FE9940040047A018019C3E8943003
:10FEC000E9940040047A02800CE8496008900682B8
:10FED000E070027A04900706E06006E4F0EAD2E4FB
:10FEE000FAEA600979008E828F83122CE07F020289
:10FEF0000F26C082C083900681E0FD900680E0FC62
:10FF0000FAEDF8C39C4008E8C39AFA95E0800D74B6
:10FF100080C39AFA95E0FBEA2DFAE43BFBD083D04C
:10FF20008202117E53FF3F85FFFF53F1FE43F30C26
:10FF300053F2F375868075C48002117EC082C0833F
:10FF4000E97068EA241BF582E43BF583E0F8A3E05E
:10FF5000F9900707E8F0A3E9F08A828B83A3E0F821
:10FF6000740368600A740468600575C23B80037599
:10FF7000C2D8E0601314600B14600314700F75C5D1
:10FF80000A800D75C509800875C508800375C50B05
:10FF90008A828B83A3A3E0600875C44243F3308058
:10FFA0000375C402438640D2AAD2E9790002FF1D3C
:10FFB00074F7120BD9E970051217F080047A007BF0
:10FFC000007F01020F2674F7120BD9E97005121792
:10FFD000F680047A007B0080E8C082C0831217FCA0
:10FFE00002FF1D74F7120BD9E97005121802800484
:06FFF0007A007B0080CBCB
:020000040002F8
:1000000074F4120BD974F81212647508007F009012
:100010001502E4F07E79750A088F0B780A1211D464
:1000200074021212447A007B00EEF91217787402FF
:100030001211B1852182852283E0F47003A3E0F4DC
:100040007013901502E07004EEF080197A01EEF959
:10005000121BEC801074041214F5E0F47003A3E09A
:10006000F460028E080EEEC3947F40AAE508901556
:1000700002601FE0600FF9121BF87A007B00A908EC
:10008000121BFE8014A908121BF8E508901502F057
:100090008007E06004F9121BF87E79EFFC7A007BA0
:1000A00000EEF9121BF28B0BEA450B60047F017E18
:1000B000780EEEC3947F40E3EFA2E050147E797C8B
:1000C000007A007B00EEF9121BF20EEEC3947F4023
:1000D000EE901502E0703C7E007C00EC128118125C
:1000E000900074F86A700374076B7004ECFE80185B
:1000F000EE12811839F583C3E09AA3E09B5002EC1D
:10010000FE0CECC3940640D374792E901502F0F9DE
:10011000121BF8790102895425E0F8E433F974F6EA
:1001200028F58274142274F7120BD974F812126431
:10013000EAFF852182852283E4F0A3F0EF60087452
:10014000021214F5E4800774021214F574FF12878A
:10015000927A007B00121C2274081211B17F0102F6
:100160000F2674EE120BD974F8121264890C8A0EE1
:100170008B0F8C0D7E087F008F0A8F0B750808751A
:10018000090078081211D47402121244EEFAEFFB3F
:10019000A90C12177874021211B18521828522836D
:1001A000E0F47003A3E0F470030282EA7402121414
:1001B000F51285A040087508FC7509FF80081285B6
:1001C00095F508E9F5091285899508E99509501C06
:1001D000E50A2400E50B3408F50BC3E50A9EF50A91
:1001E000E50B9FF50B7E007F080282EAEE2408FEF5
:1001F000E43FFF852182852283128EB1E849700396
:100200000282C3E50E450F604AA80EE50F547FF940
:10021000852182852283E0687003A3E06960030280
:1002200082D674061214F5128EB1E50F5480700F49
:1002300074FF68700374FF6960030282D6800D74D6
:10024000FF68700374FF6970030282D6EEFAEFFB59
:10025000028301EEFAEFFBA90C121C1C8A108B1111
:10026000A810A91174041214F5E0687003A3E069E2
:10027000704674061214F5128EB1E50D602A74FFF3
:1002800068700374FF69704E852182852283E0FACD
:10029000A3E04480FB121C04EA4B603A7C019015F9
:1002A00003E0F9121C10802E74FF68700374FF695C
:1002B00060247AFF7BFF80497C01EEFAEFFBA90CFA
:1002C000121C10E5082408F8E43509F9E50A28F5B8
:1002D0000AE50B39F50BEE2508FEEF3509FFC3EEF5
:1002E00094F8EF9407500302817CA80C128305EE6A
:1002F000F0A3EF12833EE50AF0A3E50BF07A007B52
:100300000074088013E828F8E433F974F828F582BB
:10031000741339F5832274041211B17F0A020F2677
:1003200074F7120BD9E9FE121784EE2E12830774AC
:1003300008F0A3E412833EE4F0A3F002815DF01222
:10034000834322740428F582741439F5832274EEF1
:10035000120BD974F712126489088A0A8B0B7E007B
:100360007F00750C01750D00780C1211D474021207
:100370001244EEFAEFFB901502E0F91217787402BE
:100380001211B1852182852283E0F4600D9015025F
:10039000E0F9121BF879000285840EEE70010FC39C
:1003A000EF940840BD7E087F007401F0901502E0D4
:1003B00025E0128307E0F50CA3E0F50D750E087536
:1003C0000F00780E1211D47403121244EEFAEFFBF0
:1003D000A90812177874021211B174011214F5E011
:1003E000F47003A3E0F4700302854474031214F55F
:1003F0001285A04008750EFC750FFF8008128595C8
:10040000F50EE9F50F128589950EE9950F50030257
:10041000854474F8C3950CF87407950DF9C3E895F5
:100420000EE9950F5003028557EE2408FEE43FFFC6
:1004300074011214F5128EB1E8497003028530740C
:10044000011214F5E0650A7004A3E0650B70030265
:100450008530EEFAEFFBA908121C1C8A108B11A83C
:1004600010A91174051214F5E0687003A3E0696027
:100470000302853074071214F5E0F47003A3E0F46E
:10048000700B7C00EEFAEFFBA908121C1075090036
:1004900078091211D8E4F510F51178101211D474FE
:1004A000061214F5128EA274041214F51290039021
:1004B0001502E0F9121C3A74031211B1E97003023B
:1004C0008557E50C2408F50CE4350DF50D780E1272
:1004D00011D4780C1211D4901502E0FCEEFAEFFB67
:1004E000A908121C3474041211B174031214F51209
:1004F00085AB121C1C74051214F5128EC07002EB31
:100500006D7054AA0CAB0D901502E0F9121C168AFE
:10051000108B11A810A91174051214F5E06870036E
:10052000A3E069703274011214F51285AB121C46F7
:10053000EE250EFEEF350FFFC3EE94F8EF94075053
:10054000030283AC852182852283E070149015021A
:10055000E0F9121BF88025852182852283E4F08052
:10056000ECE50A450B70157A01901502E0F9121BB3
:10057000ECA908121BF8E508901502F08521828588
:100580002283E0F9740902831874F8C39EF8740793
:100590009FF9C3E822EC2403F8E43DF9E854FC2277
:1005A000128EA2C3EC94FCED94FF22128EA2AA0C30
:1005B000AB0D901502E0F92274F4120BD9EAFEEBB0
:1005C000800374804FFF7508797C00EEFAEFFBA979
:1005D00008121BF2EA4B6008E508901503F080153D
:1005E0000508E508C3947F40E0EF548060D490157F
:1005F00003E4F0FAFB02895974EE120BD974F61277
:10060000126489098A0C8B0DECFEEDFFC3EE94F4A5
:10061000EF94FF400E85218285228374FCF0A37441
:10062000FF8018EE2403F8E43FF9E854FC24085056
:100630000109852182852283F0A3E9F07508007CF9
:1006400006901502E004F50AE50AC3947F4003759D
:100650000A79901502E0650A60317487250A25E061
:10066000F8E433F974EA28F5827414129000E4C3B4
:100670009AFA74089BFB74F628F582741439F58392
:10068000E02AFAA3E03B1287795009050A1CEC70B6
:10069000B7028772EC7003028772741C1214F5E0C3
:1006A000F50EA3E0F50FA80A128305128EB7FA74AF
:1006B0000899128779400302874E7510087511005A
:1006C00078101211D474041212447A007B00A90A23
:1006D00012177874021211B174061214F5E0F47056
:1006E00003A3E0F4700B12878B7A04FBA90A121C97
:1006F00028AA0CAB0DA90A121BFEE96075E509F5E5
:100700000B780B1211D8780E1211D4EEFCEFFDAA63
:100710000CAB0D901502E0F9121C3A74031211B1E2
:10072000E96006901502E0F508E509700A850E8279
:10073000850F83E50A80147A01901502E0F9121BF7
:10074000ECA90A121BF8E50A901502F08024E509CD
:10075000F50B780B1211D8780E1211D4EEFCAA0CFE
:10076000AB0DA90A121C3A74031211B1E96003859A
:100770000A08A908740A028318FB8521828522834E
:10078000E0F8A3E0F9C3EA98EB992285218285225B
:1007900083E4F0A3F0AC21AD222274F4120BD974DF
:1007A000F8121264890AEAFEEBFF8C0BEE24F8FEC5
:1007B000EF34FFFF75080875090078081211D4742A
:1007C00002121244EEFAEFFB12177874021211B102
:1007D000E50B702074061214F5E4F0A3F074041213
:1007E00014F5AC82AD83EE2404FAE43FFBA90A12AF
:1007F0001C22803974021214F5E02403F8A3E034BB
:1008000000F9E854FC2408F508E439F50912878B4F
:10081000EEFAEFFBA90A121C22A80AE828F8E43332
:10082000F9128343E02508F0A3E03509F00289546A
:1008300074F4120BD974FE1212648521828522830E
:10084000ECF0A3EDF08908EAFEEBFFEE24FCFEEFEE
:1008500034FFFFAC21AD22EEFAEFFB121C28750A23
:1008600002750B00780A1211D47402121244EEFAC7
:10087000EFFBA90812177874021211B18521828545
:100880002283129003740202895674F0120BD974F9
:10089000FC121264890CEAFEEBFF8D0B75080075E3
:1008A0000900EC2403F50EE4350BF50F7402780E05
:1008B000121455850E0A850F0B12930E604E750E9D
:1008C00004750F00780E1211D47402121244EEFA5D
:1008D000EFFBA90C12177874021211B1EE2404FE7A
:1008E000E43FFF7800E8FA852182852283E5822AA9
:1008F000F582E43583F583E0FAE5082AF508E43566
:1009000009F50908E8C3940450AF80D9AA08AB09D7
:1009100074041211B17F08020F2674F4120BD9E986
:10092000FE75080175090078081211D48A088B0930
:1009300074027808121455EEF50A750B00740978E4
:100940000A12136FE5082400FAE509350BFB1217AC
:100950007E02888574081211B17F04020F2674F795
:10096000120BD974FC1212648C828D83E085218273
:10097000852283F08C828D83A3E0C0E07401121481
:10098000F5D0E0F074021214F574FFF07403121441
:10099000F574FFF0AC21AD22121C22740402815ABE
:1009A00074EE120BD974FC121264890A8A088B093E
:1009B0008C0C8D0DEA5403F50B74161214F5E0FE41
:1009C000A3E0FFE50B605C74FC5508F508750E04A8
:1009D000750F00780E1211D47402121244AA081274
:1009E000177874021211B1E50C450D60268E828FC6
:1009F00083E0C0E0A80B128AE9D0E0128AFA050B66
:100A0000E50C24FFF50CE50D34FFF50DE50BC39463
:100A10000440D4AC21AD22AA08AB09A90A121C22B9
:100A2000128C6AE50C5403F50B850C0E850D0F74C2
:100A300002780E121455850E0C850F0DE50C450D30
:100A40006051780C1211D4EEFCEFFD85080E85097B
:100A50000F7402780E121455E50AF5107511007422
:100A600009781012136FE50E2400FAE50F3511FB1B
:100A700012177E74021211B17402780C12136FA84F
:100A80000CA90DE50828F508E50939F509EE28FE59
:100A9000EF39FFE50B604F750C00750E04750F0004
:100AA000780E1211D47402121244AA08AB09A90AD2
:100AB00012177874021211B180138E828F83E0C0F6
:100AC000E0A80C128AE9D0E0128AFA050C850B0D19
:100AD00074FF250DF50B0470E1AC21AD22AA08AB23
:100AE00009A90A121C22028316852182852283E528
:100AF0008228F582E43583F58322F08E828F83A3EA
:100B0000AE82AF832274EE120BD974FC1212648988
:100B10000E8A0C8B0D8C0B74161214F5E0F508A3DD
:100B2000E0F509E5085403F50A74181214F5E0FE1F
:100B3000A3E0FFE50A6072F8C3E50898F508E50947
:100B40009400F50975100475110078101211D47411
:100B500002121244AA08AB09A90B121778740212E8
:100B600011B1EE4F603375100178101211D4A80A3C
:100B700074021214F5128C7612177874021211B1E5
:100B8000050CE50C7002050D050AEE24FF1EEF347E
:100B9000FFFFE50AC3940440C9AC21AD22AA08AB0B
:100BA00009A90B121C22128C6AEE5403F50A8E104E
:100BB0008F1174027810121455AE10AF1180397570
:100BC000100475110078101211D47402121244AA84
:100BD0000CAB0DA90E12177874021211B1E50C249A
:100BE00004F50CE4350DF50DAC21AD22AA08AB09D6
:100BF000A90B121C22128C6AEEF8EFF9E824FF1EF2
:100C0000E934FFFFE84970B7E50A605B7E007510C4
:100C1000048E1178101211D47402121244AA08AB77
:100C200009A90B12177874021211B18023751001F3
:100C300078101211D4EEF874021214F5128C761298
:100C4000177874021211B1050CE50C7002050D0E37
:100C5000AF0A74FF2FF50A0470D3AC21AD22AA08A5
:100C6000AB09A90B121C22028316E5082404F5081F
:100C7000E43509F50922E58228FCE43583FDAA0C58
:100C8000AB0DA90E2274EC120BD974F81212648900
:100C90000C8A0E8B0FECFEEDFFE929F508E433F525
:100CA0000974F82508F51074133509F511851082BB
:100CB000F583E0F50AA3E0F50B750D00852182852B
:100CC0002283EAF0A3EBF074021214F5EEF0A3EF26
:100CD000F0AC21AD22AA0AAB0B121C2275120875CA
:100CE000130078121211D47402121244AA0AAB0B28
:100CF000A90C12177874021211B174021214F512B1
:100D00008EB1852182852283E0650E7004A3E065A3
:100D10000F6003028E45EE687002EF696003028E79
:100D200045741E1214F5E07003028E20741C121418
:100D3000F5E0F50EA3E0F50F850E82F583EEF8EFF2
:100D4000F9E85403F508E58245837015E875F0FF6E
:100D5000A4F8AAF075F0FFE9A42AF9E8FAE9FB8003
:100D60001F7A007B008009E0FCEA2CFAE43BFBA33D
:100D7000E8FCE9FDEC24FF18ED34FFF9EC4D70E7D9
:100D8000E508601EF87404C398F895E0F9E875F07A
:100D9000FFA4F8ACF075F0FFE9A42CF9EA28FAEB0F
:100DA00039FB74041214F5EAF0A3EBF0E50A240809
:100DB000F50AE4350BF50BE50E450F6017780E12BA
:100DC00011D4EEFCEFFDAA0AAB0BA90C121C2E7479
:100DD000021211B1EEFCEFFDAA0AAB0BA90C121C1A
:100DE0001C74041214F5128EC07002EB6D7034AADC
:100DF0000AAB0BA90C121C168A088B09A808A909B2
:100E000074041214F5E0687003A3E069701585217D
:100E100082852283128EA2AA0AAB0BA90C121C4651
:100E2000750D0174021214F5128EB1C3E894F4E941
:100E300094FF40067EFC7FFF804FE82403500109A9
:100E4000128EA88044C3E894F4E994FF40067EFC27
:100E50007FFF8009E82403500109128EA8851082C3
:100E6000851183128EB7F8740899F9C3E89EE99F3B
:100E70005004E8FEE9FF74042508F582741435096E
:100E8000F583E02EF0A3E03FF0851082851183E02A
:100E90002EF0A3E03FF0A90D74081211B17F0C02EF
:100EA0000F26E0FCA3E0FD2254FC2408FEE439FFF9
:100EB00022E0F8A3E0F922E0F8A3E0F9E4C39822E5
:100EC000128EA2EA6C22C082C0837900E925E0FC80
:100ED000E433FD74872CF58274823DF583E06A70FB
:100EE00003A3E06B600709E9C3940340DFD083D01C
:100EF0008202117E74F6120BD9E9FE8A088B09EC86
:100F0000FAEDFB121C40E9F8C39403500E128FF562
:100F1000EE129009E508F0A3E509F07F02020F2622
:100F2000C082C083121BE680C474F4120BD9EAFE9F
:100F3000EBFF8C088D09121C40E9C3940350061284
:100F40001B14E9603CEEFAEFFB121C04EA4B601044
:100F5000EEFCEFFD901503E0F9121C4679008023AA
:100F6000740C1214F5120FAFAC08AD09EEFAEFFBDA
:100F70007901121C0A74021211B1E9600479098026
:100F800002790A02895974F6120BD974F8121264A4
:100F9000EAFEEBFF121C40E9F8C394035042128FA3
:100FA000F5E0901503129009129003750808750971
:100FB0000078081211D47402121244EA24F8FAEBF1
:100FC00034FFFB901503E0F912177874021211B187
:100FD00074021214F512900374081211B1028F1BDF
:100FE000EEFAEFFB121C048B09A909EA4970BC7ADE
:100FF000007B0080E3740429F582E43415F5832234
:1010000039F583E0FAA3E0FB22F0E812900F2229E1
:10101000F8E433F9740728F582741539F5832274DE
:10102000E2120BD974F71212648A168B178C0C8D8E
:101030000D751100121B14E9606974271214F5E094
:10104000F512A3E0F513E51245137003029302AA0B
:1010500016AB17121C048A188B19901503E0F510B3
:10106000EA451970057909029304750808750900A5
:1010700078081211D47403121244EA24F8FAEB34FB
:10108000FFFBA91012177874021211B17403121425
:10109000F5E50C2512F8E50D3513F9C3E098A3E04A
:1010A000995005790A029304E518250CFEE51935D7
:1010B0000DFF8E148F1574291214F5E0F51CA3E0B2
:1010C000F51D851C08F50985120A85130B750E00A0
:1010D000806B751A01751B00781A1211D4740212F4
:1010E0001244AA14AB15A91012177874021211B188
:1010F000852182852283E0F8850882850983E0685E
:101100006026750E0174051214F5C3E098F0A3E093
:101110009400F0850882850983E0F874051214F5BF
:10112000E028F0A3E03400F00514E5147002051582
:10113000850882850983A385820885830912930E19
:101140007090E50EA2E04003029302852182852281
:1011500083E4F0A821A9228808890978081211D40B
:1011600074051214F5128EA2AA16AB177900121C80
:101170000A74021211B1E9F50A70030292A674030F
:101180001214F5128EB1C3E894FCE994FF4008757F
:1011900008FC7509FF800DE8240350010954FCF593
:1011A00008E9F509A80AE828F8E433F974F828F5FD
:1011B0000E741339F50F850E82F583129329740787
:1011C0001214F5E0F47003A3E0F4700B7C00AA188D
:1011D000AB19A910121C10780C1211D4781412112A
:1011E000D4AC0AAA18AB19A910121C347404121139
:1011F000B1E514250CF514E515350DF515781C121F
:1012000011D4AC12AD13AA14AB15A90A121C2E747A
:10121000021211B174031214F5E0C3950CF8A3E0A7
:10122000950DF9E8C39512F50CE99513F50D780CB9
:101230001211D4E5142512F50CE5153513F50D78CA
:101240000C1211D4AC0AEE2512FAEF3513FBA910DB
:10125000121C3474041211B1850E82850F8312930F
:101260002974031214F512931F121C1C7405121416
:10127000F5128EC07002EB6D702CAA14AB15A90A82
:10128000121C168A088B09A808A90974051214F5FE
:10129000E0687003A3E069700D74011214F51293F5
:1012A0001F121C46800375110A852182852283E066
:1012B000603465107010740A6511700A901502E0B0
:1012C000F9121BF8803C7A01901502E0F9121BEC30
:1012D000852182852283E0F9121BF88521828522EF
:1012E00083E0901502F0852182852283E0651060FD
:1012F00011740A6511600B7C01AA18AB19A91012B0
:101300001C10A91174091211B17F16020F26A80A28
:10131000A90BE824FFF50AE934FFF50BE84922128E
:101320008EA2AA14AB15A90A22E0C39508F514A34E
:10133000E09509F5152274F0120BD9EAFEEBFF8C4B
:101340000A8D0B121C40E9F874101214F5E0F50C2C
:10135000A3E0F50D74121214F5E0F508A3E0F50909
:10136000E8C394035024E8FE780C1211D4AC08AD05
:1013700009EE12900FE0250AFAA3E0350BFB740486
:101380002EF582E43415F5838023EEFAEFFB121C70
:1013900004EA4B7004790A8020780C1211D4AC084E
:1013A000AD09EA250AFAEB350BFB901503E0F912BB
:1013B000177874021211B1790002891574F2120BB8
:1013C000D9EAFEEBFF8C0A8D0B121C048A088B09EC
:1013D000EA450970047909803DEEFAEFFB121C58CA
:1013E0008A0C8B0DE50A650C7004E50B650D600435
:1013F000790C80227C01AA08AB09901503E0F91250
:101400001C10EEFAEFFB121C048B09EA450960047C
:10141000790A800279007F06020F2674F6120BD932
:1014200074FF1212648A088B097E05852182852249
:1014300083E4F012169AE9F9704878081211D47C06
:10144000017D00740212123C79D012162E74021221
:1014500011B1E97032852182852283E064607027B2
:101460008508828509837460F0AA08AB0912164CBE
:10147000E9F97009AA08AB09121688E9F9EE7002B9
:1014800079FE7401029DC09083131214DE129499A8
:10149000122CE01EEE60E980A1850882850983A3F5
:1014A000A3A3A3A3A3A3E0F8A3E0F58388822274F7
:1014B000F3120BD9890CEAFEEBFF8C0A8D0B740D2D
:1014C0001214F5E0F508A3E0F509AA08FB12169A34
:1014D000E9F9703E850882850983A3A3E064016071
:1014E00006E50CD2E7F50C780A1211D4EEFCEFFDFC
:1014F000AA0C850882850983A3E0F98508828509FD
:10150000831294A3122CE074021211B1E9F9600263
:1015100079FC7F05020F2674F3120BD974EC1212BA
:1015200064EAFEEBFF8C088D09890CE9C3940B403B
:1015300003750C0A74211214F5E0F50AA3E0F50B0B
:10154000AA0AFB12169AE96003029628EE4F70036E
:10155000029628E50845097003029628E50C7003F9
:10156000029624850882850983E08521828522836D
:10157000F0850A82850B83A3A3E0640160137800E1
:101580008009E8FA129632C2E7F008E8C3950C40E9
:10159000F1E50CC3940240537C01ECFA25E0F8E439
:1015A00033F9852182852283E58228F8E58339F99C
:1015B000129632C0E0E824FFF582E934FFF583D0CB
:1015C000E0F0E5082AF582E43509F58312A4F1F08C
:1015D0000CECC3950C40C3A80CE828F8E433F9E8F8
:1015E00024FFF508E934FFF5098007E50CF50875D7
:1015F000090078081211D474021212448E828F836B
:10160000E0FA850A82850B83A3E0F9850A82850BBF
:10161000831294A1122CE074021211B1E9F9600A4C
:1016200079FC800679FD800279FF74141211B102F1
:101630009512EE2AF582E43FF583E02274F4120B52
:10164000D974FF1212648909EAFEEBFF12169AE9B7
:10165000F5087066EEFCEFFDAA21AB22121646E9F2
:10166000F5087013852182852283E0600EEEFAEF83
:10167000FB121676E9F508E508703FEE242EF50A10
:10168000E43FF50BAA097907121694E96012EEFC03
:10169000EFFDAA0AAB0BA909121664E9F508701A46
:1016A000AA097918121694E96010EEFCEFFDAA0A57
:1016B000AB0BA90912166AE9F508A9087401121101
:1016C000B17F04020F2674F6120BD974FD12126456
:1016D000E9FE8A088B0912169AE9F97071AC08AD17
:1016E00009740112123C121646E9F97011740112C4
:1016F00014F5E0600CAA08AB09121676E9F9E97056
:101700004D74021214F574F4F078081211D47C01AF
:101710007D00740212123C79F412162E740212111A
:10172000B1E9702974035EF8852182852283E05433
:10173000FC48F078081211D4790174021212447432
:101740000412123C12163474021211B1E9F9029D0E
:10175000BE74F6120BD9EAFEEBFF8C088D09AA08BD
:10176000AB0912169AE9F9702178081211D47C019C
:101770007D00EEFAEFFB79F412162E74021211B10D
:10178000E9F98E828F83E05403F0029DC374F61250
:101790000BD974FD1212648A088B0974021214F5B5
:1017A00074E0F0852182852283E4F07E0504121422
:1017B000F574B6F012169AE9F9706878081211D427
:1017C00079017403121244740412123C1216347418
:1017D000021211B1E9F9704B90830F1214DE1294CA
:1017E00099122CE078081211D47C017D0074021249
:1017F000123C79F312162E74021211B1E9F9701627
:10180000EEF874FF28FE04600D852182852283E0B6
:10181000A2E040C4800D852182852283E0A2E050B1
:101820000279FA029DBE74F5120BD974EC1212649F
:10183000890AEAFEEBFF8C088D09908270AC21AD1D
:101840002274081210FA90822D7408121244740C3B
:101850001210FAAA08AB0912169AE97052EE4F60FC
:101860004E78081211D47C087D00740212123C7963
:10187000F712162E74021211B1E9F97034740812BD
:101880001244AA21AB22121658E5082409F5085083
:1018900002050978081211D4EEFCEFFD740A121249
:1018A0003CA90A12165E74021211B1E9F98002799C
:1018B000FF74141211B17F03020F2674F0120BD9BA
:1018C0008A828B83129985F50B740C780812111B90
:1018D000A312A2DA7404780C12111B7808790C1286
:1018E00013CE8A828B831299721213CE8C828D83CF
:1018F00078081214648A828B83129982740C780897
:1019000012111B8A828B83A3A3A3A3E0F50C74049A
:10191000780C12111B7808790C1213CE8A828B83F3
:10192000A3A3A31299721213CE8C828D83A3A3A3B7
:10193000A378081214648A828B83A3A3A3129982CA
:101940007408780812111B8A828B83A3A3A3A3A314
:10195000A3A3E0F50C7808790C1213CE8C828D834A
:10196000A3A3A3A3A3A3A3A378081214647F0802CC
:101970000F26A3A3E0C4540FF50CE4F50D78087905
:101980000C22A3A3A3E0F508E4F509F50A2274E00C
:10199000120BD9890B8A1C8B1D8C088D09750A00C6
:1019A000EA451D7003029B5DEC45097003029B5DD7
:1019B00074201214F5E0FEA3E0FFEE4F7003029BCB
:1019C0005DEC2404FCE43509FD8C828D83129B6759
:1019D000850882850983129B68E5082408F51EE4C2
:1019E0003509F51F851E82F583129B677407550B19
:1019F0007003029B238A828B83A3A3A3A378101274
:101A000014828E828F83E0F514A3E0F51585100C07
:101A100085110D85120E85130F7404780C12121B9C
:101A2000851418851519F51AF51B780C79181213F9
:101A30000C7403781012121BF516F51704781412A3
:101A4000111B7810791412130C8E828F8312A0C38D
:101A500078107914120A729082F77814121482782E
:101A6000107914120D26850C14850D15850E16851A
:101A70000F17780C7914120A729082DB7814121402
:101A800082780C7914120D268E828F8312A0C17871
:101A90000C7914120A7290839B7814121482780CB9
:101AA0007914120D267810790C12139585100C8577
:101AB000110D85120E85130FEE2421F582E43FF5FA
:101AC00083780C12146490831F7810121482780C9F
:101AD0007910120A72908387780C1213A89083836E
:101AE0007810121482780C7910120D269083737876
:101AF0000C1210B2400E750C60750DF0750EFF756E
:101B00000FFF8016908327780C1210B2500C750CC2
:101B100034750D21750E00750F008C828D83780C45
:101B2000121464E50BA2E05018EEFCEFFD12167CD7
:101B3000EAF8EBF9ECFAEDFB8508828509831214CB
:101B4000C6E50BA2E25019EEFCEFFDAA1CAB1D127C
:101B50001682851E82851F831214D28003750AFFA8
:101B6000A90A7F18020F26E4F0A3F0A3F0A3F02245
:101B700074F4120BD974FD121264E9FE8A088B0901
:101B80008C0A8D0B7F01A2E25073EF1214F574F2F0
:101B9000F08A828B83A3A3E05407C0E0740212147E
:101BA000F5D0E0F0780A1211D479017404121244CD
:101BB000740312123C12163474021211B1E9703C13
:101BC000EF1214F574F4F0780A1211D47C017D0040
:101BD000740212123C79F412162E74021211B1E939
:101BE000701A780A1211D479017402121244740323
:101BF00012123C12163474021211B1E9FF74035E22
:101C0000605D74011214F574F4F0780A1211D47C3A
:101C1000017D00740212123C79F412162E74021225
:101C200011B1E9F87037EEA2E05009850882850904
:101C300083129CF1EEA2E150098508828509831286
:101C40009CDE780A1211D4790174021212447403D2
:101C500012123C12163474021211B1E9F8E8FFEFC7
:101C6000F974030296BE74F5120BD974FE12126455
:101C7000890AEAFEEBFF8C088D0974011214F574D1
:101C8000F5F078081211D47C017D00740212123C28
:101C900079F512162E74021211B1E9F9703BE50ABA
:101CA000A2E3500A8E828F83A3A3A3129CF1E50ABC
:101CB000A2E4500A8E828F83A3A3A3129CDE78082D
:101CC0001211D479017402121244740312123C12DC
:101CD000163474021211B1E9F974020298B3A3E048
:101CE000C43354E0F8852182852283E0541F48F0F4
:101CF00022E0333354FC541CF8852182852283E092
:101D000054E348F02274F7120BD98A828B83E012D5
:101D10009D46A3A3F0EA2402F8129D36129D4DF0D1
:101D2000EA240308129D36A3A3A3129D4DA3A3A3E7
:101D3000F07F01020F26E43BF988828983E01313C8
:101D4000543F129D462254078C828D8322F0888254
:101D50008983E0C413129D46A32274F6120BD97432
:101D6000F71212648A088B0978081211D47C047D5A
:101D700000740712123C79F212162E74021211B17D
:101D8000E9F97036AC21AD22740512123C121670BE
:101D9000AA08AB0912164CE9F9701FAC08AD09AAE4
:101DA00021AB22791F121664E9700EAC08AD09AAA6
:101DB00021AB22791F12166AE9F9740980027403B3
:101DC0001211B17F02020F2674E4120BD912A2D0B5
:101DD000781012148290830F780812148278107988
:101DE00008120D2690831778101213A885101485F9
:101DF000111585121685131790830B78081214821B
:101E000078147908120D2685100885110985120AA3
:101E100085130B90830B780C1214827808790C12BE
:101E20000D2678147908120A7285140C85150D8513
:101E3000160E85170F9082F77808121482780C79A5
:101E400008120D26EC241012A0B3120A7285100895
:101E500085110985120A85130BEC240E12A2C8F510
:101E600018A3E0F5193395E0F51AF51B78087918F1
:101E7000120A727401780812111B780C7908121377
:101E80009590830B7808121482780C7908120D262D
:101E9000EC240C12A2E57410780812111B780C794E
:101EA000081213958C828D83A3A3A3A3A3A3A3A33A
:101EB000A3A312A2EB9082FF7818121482781479EF
:101EC00018120D2678087914120A729082FB781481
:101ED00012148278087914120D268C828D83A3A3A4
:101EE000A3A312A0C178147910120A7290830F78FC
:101EF0001012148278147910120D267808791412B1
:101F000013959082EF781012148278087910120DD0
:101F10002690829378081213A88C828D83A3A3A3A2
:101F2000A3A3A3E0F510A3E0F511E4F512F51378EF
:101F3000087910120A72908293781012148278082D
:101F40007910120D26850810850911850A12850B56
:101F500013E510451145124513700302A09A75143C
:101F6000007515007516107517008A828B8378141A
:101F700012124C9082DB7808121482780C790812C5
:101F80000D267814790C12130C908297780812148D
:101F90008278147908120A7290829B78141211596F
:101FA00040107401781412111B78147910120B6A06
:101FB000800E78147910120B6A7401781412111BB8
:101FC0008514108515118516128517137403781062
:101FD00012121BEC241612A2C8F508A3E085080C07
:101FE000F50D3395E0F50EF50F851008851109857F
:101FF000120A85130B78087910120A72740D78088A
:1020000012121B780C7908120A729082DB7808127F
:102010001482780C7908120D268514088515098517
:10202000160A85170B7402780812121BEC2414127E
:10203000A2C8F510A3E0F5113395E0F512F5137879
:10204000087910120A729082FF78101214827808B0
:102050007910120D26780C7908121395EC241212BF
:10206000A0B312139590832B7808121482780C7900
:1020700008120D267814790C12139590829F78140B
:1020800012115950159082A37814121159501775D6
:1020900014B07515AD751601800975143075157578
:1020A000751600751700AA14AB15AC16AD177F1482
:1020B000020F26F582E43DF58312A2EF780C790831
:1020C00022A3A3A3A3E0F514A3E0F5153395E0F54F
:1020D00016F5172274E8120BD912A2D0780C12143C
:1020E000829082A7780C1213A88A828B83A3A3A361
:1020F000A3A3A3A3A37810121482740E7810121154
:102100001BEC241C12A2E57414780812111B781021
:10211000790812130CEC241E12A2E57808790C122F
:102120000A727810790812130C90839B781012139E
:10213000A8908293780812148278107908120D26DC
:10214000850C08850D09850E0A850F0BEC242012DD
:10215000A2C8F5143395E0F515F516F5177808794A
:1021600014120A729082AB781412148278087914CF
:10217000120D26EC241B12A2C8F514E4F515F51671
:10218000F517780C7914120A729082F778141214E9
:1021900082780C7914120D26908293780C1213A871
:1021A0007808790C120A729082AB780C121482783B
:1021B00008790C120D269082AF78081213A8EC242F
:1021C0001912A2C8F50CA3E0F50D3395E0F50EF554
:1021D0000F7808790C120A729082FF78081213A8FF
:1021E00090839B780C1214827808790C120D267853
:1021F000107908120A7285100C85110D85120E8552
:10220000130F9082937808121482780C7908120DBB
:1022100026850C08850D09850E0A850F0B7808792F
:102220000C120A72908387780C1214827808790C49
:10223000120D26EC2418F582E43DF58312A2DA781B
:1022400008790C120A7290832B780C121482780889
:10225000790C120D267810790812130C90833378BC
:10226000101210B2404A75100075110075120075F9
:1022700013009082DB780812148278107908120D0E
:102280002685100885110985120A85130B9082B3E3
:102290007808121159500C750800750990750A01DB
:1022A000750B00AA08AB09AC0AAD0B7F10020F2614
:1022B0009082B778101210B250B875100075119056
:1022C00075120175130080B9F582E43DF583E022B3
:1022D000EC2421F582E43DF58322E0F50CE4F50DD4
:1022E000F50EF50F22F582E43DF58312A2EF22E010
:1022F000F508A3E0F5093395E0F50AF50B2274F62D
:10230000120BD974E61212648A088B09908183AC8F
:1023100021AD22741A1210FA78081211D47C1A7D99
:1023200000740212123C798812162E74021211B136
:10233000E9F9600302A3D7AC08AD09AA21AB2212C8
:10234000168E78081211D47C077D00740212123C9C
:1023500079E112162E74021211B1E9F97079E508CB
:102360002409FAE43509FB74011214F5E0FD852116
:1023700082852283E0FCEA12A4C8ECF0A3EDF0749D
:10238000021214F5E0C0E0EA241BF582E43BF58379
:10239000D0E0F074041214F5E0FE74031214F51288
:1023A000A3F212136FEE12A3E9241C12A3DC74052E
:1023B0001214F512A3F212136FEEC412A3E9241E35
:1023C00012A3DC74061214F5E0C0E0EA2420F582C2
:1023D000E43BF583D0E0F0741A029DC0F582E43B43
:1023E000F583ECF0A3E509F022540FFCE5084CFC62
:1023F000EA22E0F5083395E0F509740478082274C0
:10240000F7120BD9EC2409F8E43DF98A828B831288
:10241000A4E512A4F112A51412A4E612A4EFA3A33A
:1024200012A514A312A4E512A4ED12A52412A4E689
:10243000A3A312A4EDA3A312A524A3A312A505127E
:10244000A4F712A537240BF582E43BF58312A5050A
:10245000A3A312A4F7A3A312A537240D12A4DB246F
:102460000C12A4D1240C12A530240F12A4DB240ECC
:1024700012A4D1240E12A530241112A4DB241012B0
:10248000A4D1241012A530241312A4DB241212A408
:10249000D1241212A530241512A4DB241412A4D1C5
:1024A000241412A530241712A4DB241612A4D1245C
:1024B0001612A53012A4C8E0C0E0E82418F582E4A2
:1024C00039F583D0E0029D302419F582E43BF58391
:1024D00022F582E43BF583E0FCE822F582E43BF55B
:1024E00083E0FDEA22A3E0FD8A828B8322A3A3A3DB
:1024F000A3E08882898322E088828983A3A3A3A39F
:10250000A3A3A3A322E0FD8A828B83A3A3A3A3A3F7
:10251000A3A3A32212A51822F0A3EDF08A828B8335
:10252000A3A3A322A3A3A3A312A518A3A3A3A32297
:10253000F582E439F583ECF0A3EDF0EA22E97900C5
:102540005A6002790102117EC082C083EA4B601D8D
:102550008A828B8312A57C60148A828B8312A57A6F
:10256000600B8A828B83A3A312A57A700479FF8003
:10257000027900D083D08202117EA3A3A3A3A3E09B
:10258000F8A3E0F9E8492274F2120BD974F412129C
:10259000648A088B09ECFEEDFF890C7C0C7D0079C8
:1025A00000AA21AB22121B3274091214F5E4F08E3A
:1025B000828F83A3A3A3A3A3A3A3A3E0C0E0740873
:1025C0001214F5D0E0F08E828F8312A73212B2E699
:1025D000901958E024FFF50AA3E034FFF50B8508B5
:1025E00082850983E0850A82850B83F0750D1E784C
:1025F0000D1211D878081211D4780A1211D4E50CF2
:102600002401F508E43400F50978081211D4742186
:102610001214F5120FAF901627E0F97C4B7D197458
:102620000912123C122CA274091211B1740C02A7E7
:102630008E74F5120BD9890990195812B08889083F
:10264000740D1214F512B3F980178882898312AAC7
:10265000A212AAB4A882A9838E828F83A3AE82AF6E
:102660008385080A74FF250AF5080470DD740F12CB
:1026700014F5E0901627600474408001E4F0740BB8
:102680001214F5120FAFA90912206674021211B1CB
:10269000E9F9901627E4F07F03020F2674F6120B77
:1026A000D9E9FE12A7B1F0EEF50875090078081215
:1026B00011D4790202AAE274F4120BD974F712123F
:1026C00064EAFEEBFF890A8C0B901958E0F508A329
:1026D000E0F509EEFCEFFD7A817B17121CC4E9706E
:1026E0000A74081214F512A82C801274081214F53A
:1026F0007402F090155E12A732E8F0A3E9F0EEFC48
:10270000EFFDAA08AB09121CCA8A828B8312AEFEA7
:10271000E4F508F50978081211D4790A7402121246
:10272000447AD67B1512206674021211B174090224
:10273000AECC12B3FD8521828522832274F6120B62
:10274000D974F7121264E9FEECFF12B3F6740812A2
:1027500014F57402F0852182852283EAF0A3EBF060
:10276000EA88828983F0EB12A784F0EF888289835C
:10277000A3A3A3F075080175090078081211D47994
:102780000402A7BAA3F0EE88828983A3A3221211C0
:10279000B17F06020F2674F6120BD912A7B112AE42
:1027A0009875080475090078081211D4790302AAF3
:1027B000E212AEDEEC12AED8ED2274021212447AAE
:1027C000D67B1512206674021211B174091211B170
:1027D0007F02020F261211B17F07020F2674F61234
:1027E0000BD974F7121264E9FE74081214F512A8DA
:1027F0002712AE8CEA12AED4EBF0901958E0240206
:10280000FAA3E03400FB121CCA12B402C8240AF571
:1028100082E438F583EEF075081375090078081224
:1028200011D4790B02A7BA12A82CF022740FF085EC
:10283000218285228374FDF0A374FF221211B17FDF
:102840000E020F2674ED120BD974F81212648A0A64
:102850008B0B7EFE7FFF750800750900EA240C12C1
:10286000AEB412AEC6EA4B70047C0880027C02E56E
:102870000A2413F582E4350BF58312AB4E2CF58256
:10288000E439F583E0F512E50A240BF510E4350B85
:10289000F511EA4B701A88088909AC08AD097A81EC
:1028A0007B17121CC4E9603C90155E12B08880242E
:1028B00088828983E0FAA3E0F8E4C8F9EA28FEE414
:1028C00039FF90155EE06E7003A3E06F7016750817
:1028D0008175091774FE6E700374FF6F6006E5085A
:1028E0004509700C851082851183E0600302A9AC54
:1028F00012A9B074FE6E700374FF6F6026E5084580
:10290000096020E5126006740165127005751200F9
:10291000803B751280851082851183E06401702DE3
:1029200002A9AC751281850C82850D8312AB4E49CC
:1029300070067EFF7FFF80157C087D0079FFAA214D
:10294000AB22121B32A821A92288088909850E8290
:10295000850F83E512F0A385820E85830FAC08AD49
:1029600009AA0EAB0F121CCA8A828B83EEF0EFA36A
:10297000F09016277410F0850C82850D83E0F50821
:10298000A3E04480F50978081211D4790BE50A24F4
:1029900002FCE4350BFDE50A240FFAE4350BFB12CB
:1029A000206674021211B1901627E4F07408800BAF
:1029B000901958E0F50EA3E0F50F221211B17F0B2C
:1029C000020F2674F6120BD9901958E0FEA3E012FC
:1029D000AB651214F512AAA8541F8E828F8312AA17
:1029E000B112AA8F12AAB112AAA112AABD12AA8F5D
:1029F00012AABD12AAA112AAC812AA8F12AAC8A30B
:102A000012AA9412AADC12AA94A3F0E82408FCE407
:102A100039FD8C828D83E0F508EE240BF582E43FCE
:102A2000F583E50812AD61E0C0E0EE240CF582E428
:102A30003FF583D0E012AADCA3A3A3E0C0E0EE241C
:102A40000DF582E43FF583D0E0F0E8240BF582E455
:102A500039F583E0C0E0EE240EF582E43FF583D043
:102A6000E0F0E8240CF582E439F583E0C0E0EE24E0
:102A70000FF582E43FF583D0E0F075080275098018
:102A800078081211D4791012AB3F50010B805B1201
:102A9000AAA2A32212AAA2A3A3A3A3A3A3A3A3A30C
:102AA00022A3E08E828F832212B3FD88828983E085
:102AB00022A3A3A312AAB82212AB5FA322A3A3A3AB
:102AC000A3A312AAB8A3A322A3A3A3A3A3A3A3125D
:102AD000AAD32212AB5FA3A3A3A3A32212AAD3A3B8
:102AE000A322EAFCEBFD7AD67B1512206674020263
:102AF000A7CD74F6120BD912AB4BFEE912AB6512DF
:102B000014F512AAA88E828F83A312AB58F508A3DE
:102B1000E0F509540FF9740C7808121455E508C44F
:102B2000498E828F83A3A3A3A3F075080375098040
:102B300078081211D4790512AB3F50010B80ABEA33
:102B40002402FCE43BFDEA240FFA2290195812AB50
:102B5000522212B405F9E822A3A312AB5FE022F0DF
:102B60008882898322FF8E828F83E4F0ECA3F0EDCC
:102B70008E828F83A3A3F0740A2274EC120BD912F5
:102B8000B3F4EC2409F508E43D85080CF50DEC24BC
:102B900006F508E43D85080EF50FEE7024EC4D6057
:102BA00020850C82850D83E0FF850E82850F83E0F2
:102BB0002FC333240CF50AC3944F4008791002AD9B
:102BC00019750A04EE88828983F0EA2413F508E473
:102BD0003BF509850882F583E0FFA3E0F5838F824A
:102BE00012AEF4A312AD56FFA3E0F5838F82A312B9
:102BF000AD50F0E82403F582E439F583E50AC39487
:102C000005500302ACFC74FC250AF08C828D831203
:102C1000AD5012AD5F85820885830912AEF412AD06
:102C200068F0EC2403F508E43DF509850882F58396
:102C300012AD5012AD6812AD5FA3A3A3A3E0540F71
:102C400088828983A3A3A3A3A3A3A3A3A3F0850E30
:102C500082850F8312AD50A3A3A3A3A3A3A3A3F0C4
:102C6000E8240BF8500109850E82850F83E0603857
:102C70007F00EC2407F508E43D850810F511801964
:102C8000EF25E0F508E433F50912AD3B12AEA612CC
:102C9000AD3B12AD2A5001090F850E82850F83E0EE
:102CA000F508EFC3950840D8850C82850D8312AED8
:102CB000A6A3A882A983850C82850D83E0603F7F4F
:102CC00000EC240AFC50010D8C088D09850C8285CE
:102CD0000D83E0FCEFC39C5025EF25E0FCE433FDC1
:102CE000850882850983E012AD1E12AEF412AD563E
:102CF00012AD1E12AD2A5001090F80D0E4F0750804
:102D00000475098078081211D4A90A12AB3F50014A
:102D10000B12206674021211B17F0C020F262CF5E3
:102D20000BA3E03D850B82F5832212AD2E22A3E09A
:102D300088828983A3F0E82402F822851082851115
:102D400083E02508F50BA3E03509850B82F5832286
:102D500012AEF8A3A322F0850882850983E022A39E
:102D6000A3F08C828D83A322A3A3A3A312AD791217
:102D7000AEF8A3A3A3A3A3A322A3F0850882850989
:102D800083A32274F1120BD974FF121264E9852116
:102D900082852283F08A0A8B0BECFEEDFF90195896
:102DA00012AE9F7508047406650A70047480650B82
:102DB0007005750910800375090074101214F5125E
:102DC000AEC174111214F512AEAB74131214F5E007
:102DD000F98A828B83A3A3A3F0602C740429F508DD
:102DE00074141214F5E0F50CA3E0F50D750E0078DF
:102DF0000C1211D0E9FC7D00EA2404FA50010B12F8
:102E00001B2674031211B1E509901627F0780A12F7
:102E100011D4A908EEFCEFFD740212123C122066D8
:102E200074021211B1E9F9901627E4F00402A7D553
:102E300074F7120BD974FF121264E985218285227E
:102E400083F012AE8CECF0740A1214F512B3F99000
:102E50001958E0FCA3E0F5838C82A3E812AE981227
:102E6000AE8CA3A3A3E4F0740C1214F5120FAF7987
:102E700004EAFCEBFD740212123C1220667402128A
:102E800011B174011211B17F01020F26901958E09F
:102E9000F8A3E0F58388822212AED8A3E9F02212CB
:102EA000AB52FAE9FB2212AEF8F02212B23EA312A4
:102EB000B250F022F50CE4350BF50D850C82F5834C
:102EC0002212B1F6F022E0FAA3E0FB221211B17F48
:102ED00004020F2612AED822F012AEDEA322901901
:102EE00058E0F8A3E0F58388822274011211B17FC3
:102EF0000D020F2612AEF822E08882898322E50AAD
:102F0000F0A3E50BF02274EB120BD974FF121264DC
:102F1000E9852182852283F08A128B138D1474181F
:102F20001214F512B088EC602612AE8CECF0750825
:102F30003175098078081211D47901AC12AD13747F
:102F40000212123C12206674021211B102B07474A3
:102F5000171214F5E0F50E75F016A42404F50B1203
:102F6000B0A6121BDA8A088B09EA450970057910A8
:102F700002B0748A828B83A385820C85830D850CB5
:102F800010850D11E4F0A3E514F074161214F51277
:102F9000B08EE50EF0E5102404F510500205117511
:102FA0000F0002B036EE2402FCE43FFDAA10AB1184
:102FB000121CCAEE240AFCE43FFDE5102408FAE4E2
:102FC0003511FB121CCAEE241212B1EA12B216F02D
:102FD000EA2402F8E43BF912B1E012AEA6EE2415A1
:102FE000F582E43FF583E0333354FCFC8882898327
:102FF000E04CF0EE2416F582E43FF583E0C454F093
:10300000FC88828983E04CF0EE241712B077F0EE52
:103010002418F582E43FF58312B0AEEE241912B005
:1030200077A3A3F0EA2406F510E43BF511EE241A89
:10303000FE50010F050FE50FC3950E500302AFA51B
:10304000901958E50CF0A3E50DF0750C31750D8065
:10305000780C1211D4A90BAC12AD13740212123CED
:1030600012206674021211B1E9FEAA08AB09121B04
:10307000E012B0B402AEEAF582E43FF58312B0810B
:103080002212B1F6A3A3A322E0FEA3E0FF2212B016
:103090009CF0851082851183A3A3A322E085108272
:1030A000851183A3A3222401FAE43400FB2212B089
:1030B00081A3F02290195874D8F0A37415F0EEF99A
:1030C0002274EA120BD974FF121264E985218285F9
:1030D0002283F08A128B138C0E8D0874181214F54B
:1030E000E0F50975F015A4240412B0A6121BDA8AC3
:1030F0000A8B0BEA450B7005791002B1DB8A828BD3
:1031000083A385820C85830DAA0CAB0DE50EF0A37D
:10311000E508F074171214F512B1FCE50912B210AB
:1031200050010B750F0475100074191214F512B0CC
:10313000888016740E250FF50F12B229FA50010B74
:10314000EE2415FE50010F0510E510C395095057E8
:10315000EEFCEFFD121CCA8E828F83A3A3A3A3A350
:10316000A3A3A312AEC1EE240912B1EAA312B216B0
:10317000A3F0EE2413F8E43FF98882898312B20D9C
:1031800050010BEE240BFCE43FFD88828983E06450
:103190000370A07415250FF50F121CCA12B1E012AE
:1031A000B1F212B2228099901958E50CF0A3E50D06
:1031B000F0750C33750D80780C1211D4A90FAC1278
:1031C000AD13740212123C12206674021211B1E99E
:1031D000FEAA0AAB0B121BE012B0B4740102A83CA9
:1031E000EE2414F582E43FF58322F8E43FF9888267
:1031F000898312B1F622E08A828B832212B21DA348
:1032000012B20422F08A828B83A3A3A32212B0817C
:10321000F0EA2404FA2212AAB812B21D2212B1F660
:10322000A322F0A3AA82AB83228C828D8312B1F6F3
:10323000F08C828D83A312B21DF0EA24022212B414
:1032400005F9E88A828B8322E0F510A3E0F51122CC
:10325000F0E98A828B83A3A32274F2120BD9890A24
:103260008A088B0990162812B088EEF8EF8028881B
:10327000828983A3A3E0650A701288828983A3A34D
:10328000A3E065087004A3E065096051E8FEE9FF6A
:103290008882898312B405F9E84970D37A057B00E6
:1032A000121BDA8A0C8B0DA80CA90DE84960328834
:1032B000828983A3A3E50A12AAC2E508F0A3E5095F
:1032C00012AB5FE4F0A3F090162812AEC6EA4B6092
:1032D000068E828F83800390162812B2E6790080D2
:1032E00002791002A791E8F0A3E9F02274ED120B25
:1032F000D98A088B09750E0090162812B40AEA24A0
:1033000010F50CE43509F50D02B3E6E508240CF5DB
:1033100082E43509F58312B3F9850A82850B83A30C
:10332000A3A312AEC6E86A7002E96B601B74FF6A61
:10333000700374FF6B600302B3DDE954807009749D
:10334000136849600302B3DD850C82850D83E02498
:1033500017FAE43400FB121B448A108B11AE10AF35
:1033600011EE4F60788508108509117512007810EC
:103370001211D07C177D00121B2674031211B18527
:103380000C82850D83E0603AEE2417FAE43FFBEEF1
:103390002413F582E43FF583EAF0A3EBF0E508247B
:1033A00013F582E43509F58312B24878101211D072
:1033B000850C82850D83E0FC7D00121B26740312B0
:1033C00011B18E828F8374D3F0EEFAEFFB850A82FF
:1033D000850B83A3A3E0F9121B50750E01850A82A9
:1033E000850B8312B40AE50A450B600302B30BA9EF
:1033F0000E02A9BEE9FE90195812B3FD2212B405BF
:10340000F922901958E0F8A3E022E0F50AA3E0F5CC
:103410000B2274F6120BD974E91212647E00740A3E
:103420001214F5740212B54CA3A312B3F97402126C
:1034300014F512B2E6EA2415F582E43BF583E0C008
:10344000E0740B1214F5D0E012B54C12B3F9740C01
:103450001214F512B2E6EA2419F582E43BF583E092
:10346000C0E0740E1214F5D0E0F0EA2420F582E4F6
:103470003BF583E014C0E074101214F5D0E0F0EADC
:103480002422F8E43BF988828983E02401FCA3E04C
:103490003400FD74131214F5ECF0A3ED12AB5A12C4
:1034A000AE90E0C0E0740F1214F5D0E0F0EA241200
:1034B000F582E43BF58312B3F974111214F512B2DC
:1034C000E6EA2424F582E43BF58312B3F97415127D
:1034D00014F512B2E6AA21AB221220C6E9FC800143
:1034E0000EEEF5087509007402780812136F74382F
:1034F0002508F874323509F988828983E493C0E09D
:10350000740193F583D082AA82AB8374FF6A70033F
:1035100074FF6B6028740C1214F5E06A7003A3E06A
:103520006B70BDAA21AB2288828983A3A3E493C0D8
:10353000E0740193F583D082122CE0800AEC7007CE
:10354000AA21AB22121F94741702A7CD12B204A3B2
:1035500022A3A312B69B8882898322C082C0839053
:10356000050512B69712B8B690188BE0F4601B9060
:10357000050712BE12603612B85AF890188BE06830
:10358000602212B8A880E812B8A890050712BE12EF
:10359000601B12B99712B551E060ECC394F150E78B
:1035A000A3E060E312B863FAA3E0FB80047A007B37
:1035B00000800312BB43D083D08202117E74F612C6
:1035C0000BD974F1121264852182852283E4F0A361
:1035D000F01220548A088B09AE08AF09EE4F700331
:1035E00002B692122B588E828F83A3858208858320
:1035F0000912B99B12200612BE01700302B68B8518
:103600002182852283A3E0C812B842E0C39481409E
:103610007A8E828F83E0706985088285098312B66D
:103620009774031214F512B8B974021214F57404E5
:10363000F0EE2403FCE43FFD74051214F5AA82ABFE
:1036400083122288740212123C1222C4E9702012E2
:10365000B6A1121CA07A237B05122B227A007B4094
:10366000900504E0F9121CA0790C122B288023ACE1
:1036700021AD2285088285098312BBB67901122B00
:103680004085218285228312B854F0EEFAEFFB12B6
:103690001BE0740F02BBBC12B69B22E0F8A3E0F95A
:1036A00022900503E4F07A40FB900504E0F92274CF
:1036B000EC120BD974F712126489088A108B118CE2
:1036C0000E8D0F90050712BE12700302B8387E00EF
:1036D00012B863F50AA3E0F50B74081214F574032D
:1036E000F0E508600BAC21AD22AA10AB1112229AB2
:1036F0007F00E50A2404F50CE4350BF50D805775C1
:10370000090178091211D8E508F50978091211D8CC
:1037100074021212348812891378121211D490058F
:103720002A120FAF900523E0FD90052912B846A399
:10373000A3A312B88E122B2E74061211B1E9F5094B
:1037400074B26509700302B7CEE970097E01E5081D
:10375000700302B7D70F12B876A3A3A3E0F8EFC3A4
:1037600098409C74B265096065EEA2E05004E508DB
:10377000605C7F00800AE970067E01E50860580FF2
:1037800012B876E0F8EFC398504475090078091232
:1037900011D8E508F50978091211D874021212340B
:1037A0008812891378121211D490052D120FAF9040
:1037B0000523E0FD90052C12B84612B88E122B2E70
:1037C00074061211B1E9F50974B2650970A8EEA288
:1037D000E05014E5087010850E82850F8312BC80BE
:1037E00012B84274808009850E82850F8312B85406
:1037F000F074B26509702012B6A1121CA07A237B66
:1038000005122B227A007B40900504E0F9121CA0DF
:10381000790C122B28802190188BE0F4701A800DFF
:1038200012B85A6008C394F1500302B6CE12B8A879
:1038300090050712BE1270E874091211B17F0C02D4
:103840000F2612BDF822E0FCEF25E0F8E433F98AF8
:10385000828B832212BDEF74FF2212B870A3A312D1
:10386000BDE12290050712B86DA3A3E022E0F8A302
:10387000E0F583888222850C82850D8312B69BE851
:10388000FAE9FB8A828B83A3A3A3A3A3A322A3A306
:10389000A3A3A3A3A3E028FAA3E0398A82F58312A5
:1038A000BA9D850B83E0F92290050712BDE1F8A3CC
:1038B000E0F912B8B622900507E8F0A3E9F0227407
:1038C000F7120BD974ED121264EAFEEBFF85218228
:1038D000852283E4F0A3F0750800122B5812B86318
:1038E00012B995A3E0A2E0400302B98BEE2413F5D0
:1038F00082E43FF58312B553A3E0FC88828983A359
:10390000A3E0FBECFA74021214F512BB43740A1222
:1039100014F57402F07C237D05E82404FAE439FBF5
:1039200012206074021214F512B99B12200612BE06
:10393000016058740B12124485218285228312B9CA
:103940009612BBB612229AE96005750801801885A7
:10395000218285228312BC80240DF582E438F58310
:103960007423F0A37405F0AC21AD2274021214F597
:1039700012BBB6A908122B4085218285228312BD75
:10398000EAF470077A237B05122B2274131211B10B
:103990007F01020F26F8A312B87022E0FAA3E0FB21
:1039A000900523E0F92274F2120BD9750800EA247D
:1039B00004F8E43BF9E8FEE9FF12BA79750C627588
:1039C0000D80780C1211D47C1812BA83121FFA746D
:1039D000021211B1E96401700375080212BA797814
:1039E0000C1211D47C18850A82898312BBAC850A1B
:1039F000828983A3A3A3A3A3A3A3A3A3E0F9121F74
:103A0000FA74021211B1E964017006E508D2E0F51A
:103A10000812BA79750C00750D80780C1211D47CDF
:103A20003112BA83121FFA74021211B1E9640170E3
:103A300006E508D2E0F5088E828F8312B697E8FE7D
:103A4000E9FF780C1211D47C318E828F8312BBACCB
:103A50008E828F83A3A3A3A3A3A3A3A3A3E0F9129E
:103A60001FFA74021211B1E964017006E508D2E18F
:103A7000F508A9087F06020F268E828F8312B69B57
:103A8000880A22850A828983A3A3A3A3A3A3A312DE
:103A9000BA9D8983A3A3A3A3A3A3E0F922E0FAA379
:103AA000E0FB850A822274F4120BD974FE121264B0
:103AB00085218285228312BB438908ECFFEDFE74C9
:103AC000131214F512BDD1E0FA122B04E97024A8E8
:103AD00021A922880A890B780A1211D47C0174105A
:103AE0001214F512BBB6EFF9121FFA74021211B1DB
:103AF000E9700479B1803F74121214F5E0603590DA
:103B000005C212BE12602D780A1211D47D01EEFC9E
:103B100074121214F512BBB6A9089005C2E012B9CE
:103B200095122CE074021211B18B0BEA450B700454
:103B300079B28002790074021211B17F04020F265B
:103B400090050BEAF0A3EBF02274F7120BD9E99081
:103B50001881F07A017906122BF402B99074F612EA
:103B60000BD9EAFEEBFFEE2407F8E43FF988088959
:103B7000098882F58312BBB6EA4B600D121BE08503
:103B80000882850983E4F0A3F0EE240AF8E43FF903
:103B9000E8FEE9FF8E828F8312BBB6EA4B600B1200
:103BA0001BE08E828F83E4F0A3F08013A3A3A3A372
:103BB000A3A3A3A3A3A3E0FAA3E0FB221211B17F66
:103BC00002020F26C082C08390051F02B5B3C082D7
:103BD000C08390052102B5B374F6120BD9EAFEEB4F
:103BE000FF7A007B40900504E0F9121CA0EEFCEF88
:103BF000FD7A097B05122B88EA4B605C8E828F83ED
:103C000012B55312BC67F088828983E0FCA3E0FD03
:103C10008A828B83ECF0A3EDF088828983A312BCA7
:103C200067A3F08E828F8312BC80240AF582E43869
:103C3000F58312B6978A828B83A3A3A3A3A3A3A31E
:103C4000A3A3A312B8B912BE99E4F0EA240DF58239
:103C5000E43BF583E4F0A3F07A007B40900504E0B8
:103C6000F9121B8602BBBFA3A3A3A3A3A3A3A3E034
:103C70008A828B83A3A3A3A3A3A3A3A32290050B50
:103C8000E0F8A3E0C82274F0120BD974F7121264A2
:103C900090824FAC21AD2274091210FA90050B12DC
:103CA000BE12702090050912BBB6122AFE12BB404C
:103CB00090050B12BE12705290050912BE12703C94
:103CC000790B803A90050BE0240CF8A3E03400F95E
:103CD00088828983E0A2E75031547FC39404402A4C
:103CE00090050D12BE12701C90050912BBB6122A67
:103CF000FE12BB4090050B12BE12700E7900122B03
:103D00002802BDC790050B12B8B990195E78081249
:103D1000148290831F780C1214827808790C120A8E
:103D20007278081211CC7A007B40900504E0F912F9
:103D30001C9474041211B190050FE0640890050BF7
:103D4000606812BDDDF8A312BDD112B8B912BC7DF6
:103D50002408F582E438F583E0C0E074081214F515
:103D6000D0E012BDE60412BDE6A2E750127D007C51
:103D700000790012BDDAFAA3E0FB12207E803175D3
:103D8000080078081211D812BC7D2409F582E438A5
:103D9000F583E0F912BDDAFCA3E0FD740112123CD8
:103DA00012208474011211B1800612BDEAD2E6F02D
:103DB00012BC7D240FF582E438F58312BBB6122ABB
:103DC000FE90050D12BB4374091211B17F08020F5A
:103DD00026E0F98521828522832290050B12BDE120
:103DE0002212B86DE022F090050B12BDEFE022E048
:103DF000F8A3E0C812BDF822240CF582E438F5835C
:103E000022852182852283EAF0A3EBF08521828539
:103E1000228312B69BE8492274F7120BD9E9780085
:103E20006023E825E0FCE433FD74622CF5827480A5
:103E30003DF583E06A7003A3E06B602308E8C39458
:103E400018502780DDE825E0FCE433FD74002CF5F4
:103E50008274803DF583E06A7003A3E06B7004799F
:103E600000800908E8C3943140DB790102B990C0B1
:103E700082C083800CEA240FF582E43BF58312BBF9
:103E8000B6EA4B600D12BE99E0547FC3940450E52E
:103E900080047A007B0002B5B6EA240CF582E43B8C
:103EA000F58322C082C0839005098009EC240FF5B8
:103EB00082E43DF583E0FCA3E0FDEC4D60248C82C0
:103EC0008D83E06A7003A3E06B70E18C828D83A325
:103ED000A3A3A3A3A3A3A3A3E06970D0ECFAEDFB73
:103EE00080047A007B0002B5B6C082C08390078848
:103EF000E4F0900796F090078CF0A3F090078712FB
:103F0000C744900789E4F0900797F0900798F090E5
:103F1000079902C5E3C082C083906194740512C3FF
:103F2000CE75E9FBE8A2E792AF9061A3E0D2E2028E
:103F3000C5E3C082C083121A72900788E4F0F912B8
:103F40001A5402C5E4C082C0839007987401F090AF
:103F50000797E07008121A06900798E4F002C5E48B
:103F6000C082C0839061A4E0C2E0F09061947405C7
:103F7000F075E1ED75E1EDA8A8C2AF759B0075E99C
:103F8000FBE8A2E792AF12C3E0F9E84960077A8C38
:103F90007B071228CA90078A7412F0A3741AF09053
:103FA0000787E07006900789E0600C900787E4F0CF
:103FB000900789F0121A3C02C5E4C082C0839007C2
:103FC00098E07021900797740112C75212C3B7127C
:103FD0002CE0900797E4F0900798E06008121A062A
:103FE000900798E4F002C5E474F1120BD974FE1244
:103FF0001264750A00900787E06003121754900757
:10400000877481F090079AE0600D906193E0A2E7D9
:104010004010E0A2E6400B900787E4F0121A3C0241
:10402000C3951218D412C702900788E0900795F044
:1040300079047A8E7B0712196490078EE0547F24EE
:10404000FD900792F0C3947D400302C16A90078FF0
:10405000E05407F8C39404400302C16A7402686024
:104060000302C103900796E0600302C1037902AA2C
:1040700021AB22121964A2AFE433F508C2AF900756
:104080009CE06486707590179812C3E3F9E8497054
:1040900003121754852182852283E024B7FE740120
:1040A0001214F5E0547FFFFAEEF91219E290179816
:1040B00012C5362415F582E438F583E912C3E824E5
:1040C00016F582E438F583EF12C3E82417F582E48D
:1040D00038F583EEF0E508A2E092AF74011214F512
:1040E000E0A2E7501190078FE05410FA900791E09A
:1040F000F9121ACC807A121AD28075E508A2E092E1
:10410000AF806D90079CE064867003121AD290070E
:1041100095E0602F900796E07029900795E0640184
:10412000700302C1AB90078FE05407F8900795E049
:1041300064027005E87074800AE06403700574031B
:10414000687068900790E0F81313543F5403F50823
:10415000E8C413135403F509900713E070187401B1
:104160006509600674016508700C75E1ED75E1ED97
:10417000121A3002C395A80912C39FFAA80812C3E5
:104180009F2AFEE509600A90078FE0A2E650021E12
:104190001E900792E0FAEE79002402F8500109C35C
:1041A000EA98E499A2D265D0335006121A4202C3AB
:1041B00095E0C39E24FE90079412C3F05003750A45
:1041C00025900794E0F8E50A28F8E43400F9E8249B
:1041D0003AFAE439FB1228C490078CEAF0A3EB12F8
:1041E000C3D7F9E849700575E1E880BF7F00900703
:1041F0008FE0F8900796E07007742058900789F0D8
:10420000900789E0604AA2AFE433F50AC2AF7407B1
:10421000586403701D1228BEE9600302C37390073F
:1042200009E0700302C36A121844E964FE700302D5
:10423000C37390618AE0C2E212C3CE7591FEE8A218
:10424000E792AF9061A4E0D2E0F0E50AA2E092AF7D
:1042500090078CE0243AF8A3E03400F990078CE052
:10426000FAA3E0F5838A82A3A312C731243312C5CF
:1042700027900794E0C0E012C3ACD0E012C3D7F59A
:10428000838882A3A3A3A3E0C0E090078D12C70F89
:10429000D0E012C3F0503A12C3BF7403F0750C8F14
:1042A000750D07750E00780C1211D012C3BFE0FC1B
:1042B0007D0012C5BA121B2674031211B190078C2F
:1042C000E0243312C71E2435F582E43AF58312C583
:1042D000CB12C533241BF582E438F583E50912C7F8
:1042E0003A2424F582E438F583E508F01219228A8D
:1042F000088B098C0A8D0B12C5332425F582E4380E
:10430000F58378081214641219168A0812C7282433
:1043100029F582E43AF583E508F0A3EBF090078FE6
:10432000E05407C0E012C3ACA3D0E0F0900791E0E6
:10433000C0E012C5332432F582E438F583D0E0F0D2
:1043400090078FE05478F8A3E0C4540F5403484F0B
:10435000C0E012C53AD0E0F0EE702390078A7424D2
:10436000F0A3741AF0121A1E802B1228B8E97003F9
:1043700002C2327F0490618AE0D2E202C238900722
:104380009312C3F0900793E040011412C74F7418C2
:10439000F0A3741AF074021211B17F07020F267491
:1043A0003828F582E43433F583E4932290078C12A5
:1043B000C3B7A3A3A3A32212C3E3F5838882221267
:1043C000C3C612C7152290078C12C3E3C822F0A8F7
:1043D000A8C2AF759B002212C3DB22F012C3E022F9
:1043E00090078CE0F8A3E022F090179812C3C9223E
:1043F000F090078FE0A2E32274F6120BD974EC124E
:104400001264900793E07003121754900793E0F939
:10441000AA21AB22121964A821A92288088909AC13
:1044200008AD09900790E01313543F5403FE6070E9
:1044300090078CE0242DF8A3E03400F985218285D3
:104440002283E0FC74011214F5E0FBEC888289837E
:10445000F0A3EBF08882898312C3E312C727242BD1
:1044600012C546241CFAA3E03400FB74036E7010DE
:1044700074021214F5AC82AD83121CCA740A80193E
:1044800074021214F5E0FC74031214F5E0F9EC8ADE
:10449000828B83F0A3E9F074041214F5AC82AD832F
:1044A000900790E0C413135403FA605812C53AE021
:1044B000A2E640278C828D83E0FEA3E0F9EEF8901F
:1044C000078CE0FBA3E0CB242BF582E43BF583E8EB
:1044D000F0A3E9F0EC2402FC50010D74036A7011A2
:1044E00090078CE02413FAA3E03400FB121CCA806E
:1044F000138C828D83E0FAA3E0F9EAF812C728242E
:104500001312C52712C5332410F582E438F583E46D
:1045100012C7527424F0A3741AF0121A1E741412E3
:1045200011B17F02020F26F582E43AF583E8F0A389
:10453000E9F02290078C12C3C92212C3C62407F5E2
:1045400082E438F58322F582E43AF583E8F0A3E9C2
:10455000F090078CE022C082C083900794E0701036
:10456000906194740112C752742AF0A3741A8016D1
:10457000C394105006E09007938005900793741041
:10458000F0E014906194805BC082C083900793E058
:10459000F912C5BA12196490078CE02433F8A3E02D
:1045A0003400F990079312C5CB900793E0F8900779
:1045B00094E0C398F0121A1E802A12C3C62433F561
:1045C00082E438F583E0FAA3E0FB22E0FA888289EE
:1045D00083E02AFAA3E03400FB88828983EAF0A30F
:1045E000EBF022F0D083D08202117E74F6120BD948
:1045F0007E0079027A8E7B0712196490078FE0544F
:1046000080F509700B900796E06402600302C6E82B
:104610009007877402F0121A7E90078EE024B7F597
:1046200008A3E0547FFFFAA9081219E212C5332447
:104630002FF582E438F583E912C73A2431F582E494
:1046400038F583E50812C73A2430F582E438F5835B
:10465000EF12C550243A12C71E243312C546240255
:10466000F8A3E03400F9E8FAE9FB181812C70FE0E4
:10467000F890078CE0FCA3E0F5838C82A3A3A3A3AE
:10468000E0FCE8C39CF895E0F98A828B83E028F887
:10469000A3E039F98A828B8312C7312407F582E4BB
:1046A0003AF583E0A2E2501088828983E0640460D6
:1046B0000790618AE0C2E2F0900709E060081218F2
:1046C0004AE960027E04E5094EF890078CE0F9A300
:1046D000E0C92407F582E439F583E04812C550FAB1
:1046E000A3E0FB1228D0800A12C7027A8C7B071243
:1046F00028CA90078CE4F0A3F012C73F121A3002C8
:10470000C5229061A4E0C2E0F0900789E4F022E0C5
:10471000C812C715222435F582E438F58322F8A3A0
:10472000E0340012C72722F990078CE0FAA3E0CA10
:1047300022E8F0A3E9F012C7282212C3DBC82290B6
:104740006194740512C7527412F0A3741AF0229087
:104750006194F090078A22C082C083906193E0A2A6
:10476000E6500BE0A2E7400675E1ED75E1ED90073C
:1047700087E4F0900789E07003121A3C02C5E4C098
:1047800082C083900789E4F0900787E07003121AD3
:104790003C02C5E4C082C083121A7E1219B2121AFA
:1047A000BA02C5E4C082C08390078AE06412700434
:1047B000A3E0641A6003121754900792E070051288
:1047C0001A30801DC394105006E090079380059026
:1047D00007937410F0E01412C74F7448F0A3741AD2
:1047E000F002C5E4C082C08374F012126490079393
:1047F000E0F9AA21AB22121964900793E0F8900720
:1048000092E0C398F06011C394105012E0900793A7
:10481000F014906194F0800612C73F121A307410A1
:104820001211B102C5E4C082C083900799E004F080
:10483000121A0002C5E474F7120BD9E9FE9007962C
:10484000F0700A906180E4F0E04409801374026E15
:10485000600874016E6003121754906180E0C2E03A
:10486000F07F01020F2674F7120BD9EAFEEBFF74FA
:10487000091214F512C8918E828F83800C1211E7F1
:10488000F0E9240109E43AFAA312C89A70EF02CBC6
:10489000D4E0F9A3E0FAA3E0FB22ECFEEDFFEE2466
:1048A000FF1CEF34FFFDEE4F2274ED120BD9890C83
:1048B0008A0D8B0E74131214F512CC3AA3E0F50A8C
:1048C000ECF8EDF9E824FF1CE934FFFDE849603716
:1048D000A90CAA0DAB0EE92401F50CE43AF50D85FF
:1048E0000810850911850A12E5082401F508E43548
:1048F00009F5091211E7F8A910AA11AB121211E774
:104900006860BD7900800279017F0B020F2674F682
:10491000120BD9E9FE8C088D0978081211D4EEFC2F
:104920007D0012224674021211B102CC3574F012CD
:104930000BD9E9FE8A828B83E0F50CE4F50DF50EC8
:10494000F50F74026E700512C9C1804774036E7052
:104950001212C9BB12111B780C790812139512C9D7
:10496000AC803074046E703712C9BB12111B780C06
:10497000790812139512C9AC780812111B780C79BA
:10498000081213958A828B83A3A3A3E0F508E4F5AC
:104990000A7418780812111B780C7908121395AA5A
:1049A0000CAB0DAC0EAD0F7F08020F268A828B83F5
:1049B000A3A3E0F508E4F50974102212C9C1780830
:1049C00022A3E0F508E4F509F50AF50B740822C006
:1049D00082C083121B1A807374F6120BD9EAFEEBA5
:1049E000FFEE4F603DEE2405FAE43FFB121BDA8A2E
:1049F000088B09A808A909E849602788828983E407
:104A0000F0A3F088828983A3A3EEF0A3EFF088825D
:104A10008983A3A3A3A374FFF0E82405FAE439FB78
:104A200080047A007B0002CC35C082C083EA4B70E0
:104A3000047905801612CAC460047904800DEA2442
:104A4000FBFAEB34FFFB121BE07900D083D082022B
:104A5000117E74F7120BD97C00121B5602CBD8744E
:104A6000F7120BD9E9FEECFFEA4B60279083B8E020
:104A7000F8EEC3984007121B4A79038044EA24FBEE
:104A8000F582EB12CCDD12CEA3700512CAC460070A
:104A9000121B4A7905802AEEF074016F700DEAFC52
:104AA000EBFD7AD57B0C121B74800BEAFCEBFD7AD4
:104AB000D57B0C121B687A007B80EEF9121B86797D
:104AC0000002CBD8EA24FFF582EB34FFF583E0F453
:104AD0002274F2120BD9890C750A00750B007E0046
:104AE0007F00A2AFE433F50DC2AF900CD58015EE78
:104AF0004F700685080A85090BE50824FBF582E559
:104B00000912CCDD12CC3AE50845096023E50824FA
:104B1000FFF582E50912CCDDE0650C70D2EE4F7036
:104B200006AE08AF0980D27A007B80121B86800B0C
:104B30007A007B80121B8CEE4F6015780A1211D41C
:104B4000EEFCEFFD7AD57B0C121B7A74021211B1C8
:104B5000E50DA2E092AFEEFAEFFB7F06020F26C052
:104B600082C083EAFCA2AFE433F8C2AF900CD580D8
:104B700009EA24FBF582EB12CCDD12C894EA4B6003
:104B800015EA24FFF582EB12CCDDE06970E38A823E
:104B90008B83E06C70DBE8A2E092AF02CA4BA2E02C
:104BA00092AF803474F7120BD9A2AFE433FEC2AFD8
:104BB00012CCD7E4F0A3F0800612CD27FAE9FB8AE5
:104BC000828B8312CEA370F18A828B83ECF0A3EDEB
:104BD000F0EE80CAAA82AB837F01020F2674F61220
:104BE0000BD978007900A2AFE433FEC2AF8A828B82
:104BF00083E0FCA3E0FDEC4D6032ECF8EDF9E82435
:104C0000FBFCE934FFFD8C828D8312CC3A8A828BC7
:104C100083E508F0A3E509F08C828D83E4F0A3F02E
:104C2000E824FFF582E912CCDD74FFF0EEA2E092F9
:104C3000AFE8FAE9FB7F02020F26E0F508A3E0F5F2
:104C4000092274F7120BD9A8A8C2AF8A828B83E01D
:104C5000FEA3E0FF12CCD7EEF0A3EFF08A828B83A5
:104C6000ECF0A3EDF0E8A2E702CBA074F5120BD9AB
:104C7000A2AFE433F50AC2AFEC24FBF8ED34FFF940
:104C8000E8FEE9FF8E828F83E0F8A3E0F98A828B49
:104C90008312CC3AEC65087003ED650970068A82D0
:104CA0008B838012740B1214F5E0FAA3E0CA24FB84
:104CB000F582EA12CCDDE8F0A3E9F08E828F83E47E
:104CC000F0A3F0EC24FF12CCDA74FFF0E50AA2E0C6
:104CD00092AF7F03020F26EC24FBF582ED34FFF543
:104CE000832274F7120BD9EAFEEBFF89087A00A23F
:104CF000AFE433FBC2AF12CE9F70068015E50860AB
:104D00001C150812CD27FEE9FF12CE9F70EFE508B3
:104D1000600B8E828F83ECF0A3EDF07A01EBA2E0C2
:104D200092AFEAF902CBD8E824FBF8E934FFF9E8BE
:104D30002274F7120BD9E9FE9083B8E0F8EEC3981D
:104D40005027ACA8C2AFEE29F8E433F9900CD7E0B5
:104D500028FDA3E0398D82F583E04AF0A3E04BF013
:104D6000ECA2E792AF79008002790302CBD874F706
:104D7000120BD9E9FF9083B8E0F8EFC398501FAE4B
:104D8000A8C2AFEAF4FCEBF4FDEF2912CE8DE05C93
:104D9000F0A3E05DF0EEA2E792AF79008002790324
:104DA00002CBD8E9F874FF687006D2AF79008002B0
:104DB000790702117EE9F874FF687006C2AF7900C6
:104DC0008002790702117EC082C083121BCE900C34
:104DD000D5E4F0A3F0121C7C121C70121BC2121B33
:104DE000D4790002CA4BC082C083121BAA80FB7414
:104DF000F6120BD9750800121BC8121772A808E822
:104E00002812CE8D12CEA3700D05089083B8E0F85D
:104E1000E508C39840E79083B8E0F8E508C39850E8
:104E200069ACA8C2AFAE08EE2EFEE433FF900CD7FB
:104E3000E02EF8A3E03FF98882898312C894888223
:104E40008983E4F0A3F0ECA2E792AFE5089018980C
:104E5000F0F974C92EF58274813FF583E0F8A3E080
:104E6000F5838882122CE090189874FFF0A8A8C2ED
:104E7000AF900CD7E02EF9A3E03F8982F583E04A9A
:104E8000F0A3E04BF0E8A2E792AF02CC35F8E433B0
:104E9000F9900CD7E028FAA3E0398A82F583228EB4
:104EA000828F83E0F8A3E0F9E8492274F0120BD96D
:104EB00074101214F5780C12148212CF1A850E0A8F
:104EC000850F0B7410780812121B8A828B83A3A3A0
:104ED000E508F07418780C12121B8A828B83A3A346
:104EE000A3E50CF0EA2404FA50010B02C9A774F000
:104EF000120BD974101214F5780C12148212CF1AF6
:104F00007410780C12121B8A828B83A3A3E50CF019
:104F1000EA2403FA50010B02C9A7850C088A828B88
:104F200083E508F0850D09E509A3F02274F7120B5B
:104F3000D9E9FDEA4B60187800800108E8C39C506D
:104F400012E8FEEA2EF582E43BF583E06D60EC7931
:104F5000008002790102CBD8C082C083906180E4D6
:104F6000F0E04409F0906189E0D2E5F0906182E0E0
:104F7000D2E0F0E0D2E1F0E0D2E2F0900709740173
:104F8000F002D26374E6120BD974F61212648A0826
:104F90008B09ECFEEDFFEA4509601BEA2408F518D1
:104FA000E43509F519851882F583E0F87402686024
:104FB0000A740368600579E802D1E4121850E9F434
:104FC0006005791E02D1E4851882851983E0F50A0F
:104FD00012185C8A108B118C128D131218628A14AD
:104FE0008B158C168D1785100C85110D85120E856D
:104FF000130F780C79141213CE7402650A750A0027
:10500000703B8A0C8B0D8C0E8D0F74FE550A780C3C
:1050100012121BE50CA2E0401985100C85110D85BC
:10502000120E85130FE50A780C12121BE50CA2E094
:105030005046050AE50AC39418503D80C5850C10FA
:10504000850D11850E12850F1375140375150075E6
:105050001600751700E50AC333781412111B781077
:105060007914121382E510451145124513600905A4
:105070000AE50AC3940C40C57418650A705985186E
:1050800082851983E06402605FE50AF50C750D0006
:10509000851882851983E06402705274061214F533
:1050A000EEF074071214F5EFF0850882850983E0AD
:1050B000C0E074081214F5D0E0F0850882850983F9
:1050C000A3E0C0E074091214F5D0E0F0790474068E
:1050D0001212447402801E740C650A70AC8518822A
:1050E000851983E0640370A1791A02D1E47908ACD0
:1050F00008AD097403780C12136F250CFA7461352E
:105100000DFB121952851882851983E06402790318
:10511000AC21AD22704E7A677B611219587903AACF
:1051200021AB22121B388A0C8B0D8C0E8D0F751043
:1051300001751100751200751300E50A781012113F
:105140001B780C79101213CE780C1211CC74071244
:10515000123C121BB674041211B17903E912124405
:105160007A67806A7A647B611219587903AA21AB45
:1051700022121B388A0C8B0D8C0E8D0FE50AC3335F
:10518000FA75100175110075120075130078101270
:10519000111B780C79101213CE7510017511007562
:1051A000120075130074012A781012111B780C7903
:1051B000101213CE780C1211CC740712123C121B71
:1051C000B674041211B17903E91212447A647B6156
:1051D000121952851882851983E0FB7A01A90A12F7
:1051E00018567900740A1211B17F12020F2674F753
:1051F000120BD9EA4B6021EA2408FEE43BFF8E82C1
:105200008F83E0F87402686005740368700A1218EE
:1052100050E9F974FF69700479E8800D8E828F83FC
:10522000E0FB7A0012185679007F01020F26C08237
:10523000C08374016990070A700B7401F090618A51
:10524000E0D2E28008E4F090618AE0C2E2F08013EC
:105250007B611219587903AA21AB22121B387403FF
:105260001211B1D083D08202117EC082C083900718
:105270000AE06401700479FE800279FF80E5C08253
:10528000C08390070AE0600479018009906163E0BF
:10529000F8744058F980CC74E8120BD974F41212E7
:1052A000648A828B83A3A3A3A3A3A3A3A3E0640222
:1052B000703FEC852182852283F074011214F5ED94
:1052C000F08A828B83E0C0E074021214F5D0E0F023
:1052D0008A828B83A3E0C0E074031214F5D0E0F05F
:1052E000A821A922880E890F7E047F0112185C80F4
:1052F0000B8A0E8B0F7E087F021218628A108B11A8
:105300008C128D13750B00851014851115851216DE
:10531000851317E50B781412121BE514A2E0505305
:10532000EFF5F0E50B84F50CEEF97404121244E588
:105330000C89F0A4FAA8F0E428FB74613BFB121975
:1053400058740412123488088909750A0078081202
:1053500011D0EEFC7D00850E82850F83A982AA8381
:105360007B00121B2C74031211B1E964017004A9B3
:105370000C800CEF250BF50BC39418408A79FF7451
:105380000C1211B17F10020F2674EC120BD9E9FE3A
:10539000EAFF8B0875100175110075120075130076
:1053A000EEC333781012111B750C01F50DF50EF5D7
:1053B0000FEE780C12111B046F702E7402650870CA
:1053C0001412185C8A108B118C128D137810790CC2
:1053D0001213CE80311218628A0C8B0D8C0E8D0F39
:1053E000780C79101213CE803D740265087020127B
:1053F000185C8A108B118C128D13780C121415788E
:1054000010790C12138278101211CC7A83801E123C
:1054100018628A0C8B0D8C0E8D0F78101214157873
:105420000C7910121382780C1211CC7A867B6112DF
:105430001BB674041211B17F0C020F26C082C08308
:1054400074FD1212647903AC21AD227A8302D2502A
:10545000C082C08374FD1212647903AC21AD227A3C
:105460008602D250E5A4852182852283F0E5A5C07D
:10547000E074011214F5D0E0F0E5A6C0E074021269
:1054800014F5D0E0F074031214F5E4F0E8A2E7920A
:10549000AF8521828522831214DE74041211B1D0EB
:1054A00083D08202117EC082C08374E012126490A5
:1054B00061A97414F09061AB743FF0A37455F0903F
:1054C000619674FCF09061A87485F0907803E0F820
:1054D0007495686005743468700C906265740FF0A0
:1054E00090619674F8F09061AEE4F09061B274153A
:1054F000F0906182E4F09061B57410F0A3740EF046
:10550000A37403F09061FA7409F09061E574FFF000
:10551000439A01D2A843A90153B9FE43A90453B940
:10552000FB906249E0900713F0A8A8C2AF75C302D0
:1055300075A20075A328E8A2E792AFE59E70FC4330
:105540009403E594A2E250FA43940AD2BA90618996
:105550007448F0121A84906199E0A2E050F8780043
:1055600079007A10E825E0F8E933F99061A7E0A224
:10557000E0E433FCE84CF8DAEBE849600A74806850
:105580007003740369700478BE79BAE8F5BCE9F574
:10559000BC900722E0F8A3E0F9E84960427900787E
:1055A000007A089061A7E0A2E0E433FBE8334BF80F
:1055B000DAF1E9FA852182852283E5822AF582E4FF
:1055C0003583F583E8F009E9C3942040D2AA21ABE2
:1055D00022900722E0F8A3E0F5838882122CE012E3
:1055E0001A8A9061897440F0E0D2E5F0906164E439
:1055F000F0A3F0A3F0A3F0A3F0A3F0742002D49CD6
:10560000E5B454F34404F5B4E5BDF902117EE5B404
:1056100054F34404F5B4E5BDF9E5BCFAE9FB021125
:105620007EA9A8C2AF75C301A8A3AAA2E9A2E79266
:10563000AFE8FB02117EC082C08374FC121264A822
:10564000A8C2AF75C300E5A202D464C082C083744F
:10565000FC121264A8A8C2AF75C31002D46474F41B
:10566000120BD974FC12126412D7B58521828522DF
:105670008378081214829082F378081213BB12D731
:1056800036600312175490071EC082C08312191C83
:105690008A088B098C0A8D0BD083D082780812136C
:1056A000A8852182852283780812124C90071E78E3
:1056B00008121464A8A8C2AF75C300852182852290
:1056C00083E0F5A474011214F5E0F5A57402121438
:1056D000F5E0F5A6E8A2E702D7C974F4120BD97475
:1056E000FC12126412D7A71214829082F378081267
:1056F00013BB12D7366003121754A2AFE433F8C2BB
:10570000AFE5A7A2E45005D20053A7EF75C33085DB
:105710002182852283E0F5A474011214F5E0F5A539
:1057200074021214F5E0F5A675A1EFA20050034330
:10573000A710E802D7C7E5084509450A450B2274BA
:10574000F4120BD974FC12126412D7A712148290AF
:1057500082F378081213BB12D7366003121754A2D3
:10576000AFE433FEC2AFE5A7A2E35005D20053A7D2
:10577000F775C320852182852283E0F5A474011288
:1057800014F5E0F5A574021214F5E0F5A653A1F79F
:10579000A200500343A7088521828522831214DECC
:1057A0001217EAEE02D7C712D7B5C200852182854B
:1057B0002283780822852182852283EAF0A3EBF0F8
:1057C000A3ECF0A3EDF022A2E092AF74041211B1A9
:1057D0007F04020F2674F4120BD974FC1212648534
:1057E0002182852283E4F0A3F0A3F0A3F0A2AF33DB
:1057F000FEC2AF75C300E5A2E5A4852182852283A0
:10580000F0E5A5C0E074011214F5D0E0F0E5A6C003
:10581000E074021214F5D0E0F090071E780812141C
:1058200082852182852283780812135C90071A787A
:10583000081214828521828522837808121425504B
:105840004190071E780812148290071578081212EA
:10585000CF702F12189E8A088B098C0A8D0B900727
:105860001E780812135C12189E8A088B098C0A8D08
:105870000B852182852283780812135C90071974A6
:1058800001F08521828522831214BA90071A12141E
:10589000C690071E1214BA9007151214C6EEA2E0A5
:1058A00092AF8521828522831214DE02D7CBC0827B
:1058B000C0839007147480F043A70102D49FC08274
:1058C000C08353A7FE900714E0F902D49F74F4122A
:1058D0000BD9A2AFE433FEC2AF900719E0701512E6
:1058E000189E8A088B098C0A8D0B90071E78081267
:1058F000135C8002E4F0EEA2E092AF02D7D074EC29
:10590000120BD974FC121264852182852283EAF07D
:10591000A3EBF012DCADE0F513F874BB28F582E4DC
:105920003432F583E493F50874021214F5E508F0B7
:10593000A3E4F074021214F5E0700302DC8B740D22
:1059400065137046740212123C7953121976740270
:105950001214F5E064FE7003A3E0F4700302DBD6DA
:1059600074021214F5E0F47003A3E0F4700302DB98
:10597000D612DCB5A3A3E0700302DBD685218285B5
:105980002283E0FEA3E0FF02DB757405651370154A
:10599000852182852283E0F812DCCA79002421F86F
:1059A000502E09802B74076513703112DCB5E0703E
:1059B0000F74021214F5E0241BF0A3E03400801BE6
:1059C00085218285228312DCCA75F021A4F8A9F012
:1059D00074021214F5E028F0A3E039F074021214F6
:1059E000F5E0FAA3E0FB121B448A0A8B0BAE0AAF68
:1059F0000BEE4F7044740C6513600302DC8B12DCF9
:105A0000E5700302DC8BA2AFE433F50AC2AF1229C2
:105A1000FC74021214F5E0FAA3E0FB121B448A0C9A
:105A20008B0DAE0CAF0DEE4F7009E50AA2E092AF00
:105A300002DC8BE50AA2E092AF852182852283E019
:105A4000F50CA3E0F50D750E00780C1211D0AC0822
:105A50007D00EEFAEFFB121B2674031211B1EE2447
:105A600009F50AE43FF50BEE2408F50EE43FF50FC7
:105A700074056513600302DAFF12DCA3EE2403F55C
:105A80000CE43FF50D850C82F583E0F510A3E0F5FD
:105A90001175120078101211D07C217D00AA08AB7C
:105AA00009121B2674031211B1850C82850D83E542
:105AB00008F0A3E509F0850A82850B83E0F510A3C1
:105AC000E0F51178101211D0850E82850F83E0FC6D
:105AD0007D00E5082421FAE43509FB121B26740336
:105AE0001211B1850C82850D83E02421F8A3E034E6
:105AF00000F9850A82850B83E8F0A3E9F0807674CB
:105B0000076513707090168D12DCD7606890168D43
:105B1000E0F50CA3E0F50D90168DE4F0A3F08810ED
:105B20008911F51212DCA38E828F83A3A3E0850A6C
:105B300082850B837012E508F0A3E509F078101256
:105B400011D07C1B7D00801AE508F0A3E509F078F0
:105B5000101211D0850E82850F83E075F021A4FC10
:105B6000ADF0AA08AB09121B2674031211B1AA0CDE
:105B7000AB0D121BE090169012DCD76012EEFAEF1C
:105B8000FBE0F5838882122CE0E9600302DC7D747F
:105B90000D6513600302DC3312DCDEF98882898331
:105BA000A3E0FA88828983E0F8740358C394025012
:105BB00025E81313543F540FF89016FEE068701652
:105BC00074C05A701112DCFFC8241BF582E438F54A
:105BD00083E064026007AA21AB2202DC88EE241372
:105BE000F8E43FF9E8241CFAE439FBE8241DF582C7
:105BF000E439F583E0F912221C12DCFFC8241CF5FD
:105C000082E438F583E0F47003A3E0F4706312DCFF
:105C1000DEC82406F582E438F583E0C394024051DF
:105C2000EEFAEFFB1226FCE96061AA21AB221229F1
:105C3000FC8058740C6513705C12DCADA3E0641A30
:105C4000602F8E828F83A3A3A312DCD76023E82466
:105C50000EF582E439F583E0A2E05015EE240CFA4B
:105C6000E43FFBEE240DF582E43FF583E0F91222D8
:105C70001CEEFAEFFB90175BE0F9121B50740C65F9
:105C800013700812DCE560031229FC74041211B1D0
:105C90007F0C020F267411651370D68E828F83E4F9
:105CA000F080E8EE240BF508E43FF5092212DCFF52
:105CB000F58388822212DCB922852182852283E045
:105CC000F8A3E0F5838882A3A322A3E0C82408F503
:105CD00082E438F583E02212DD05F9E8492212DC7E
:105CE000B912DD0522852182852283E02403FAA3EF
:105CF000E03400FB8A828B8312DD05F9E8492285B6
:105D00002182852283E0F8A3E022790002117E80BF
:105D1000F974F6120BD9E9FEEAFCEBFD90168FE060
:105D200060518C828D83E0F87900EEC39432500488
:105D30007E328008EEC3946F40027E6E90168FE034
:105D40006401701FEE24CEF508E434FFF509E88500
:105D500008F0A4C8AAF08509F0A42AF97A3C7B00CF
:105D60001208E5C3E99401400474FF8001E88C82C5
:105D70008D83F07F02020F2674F0120BD974F1129A
:105D8000126474011214F5EAF0A3EBF0740D12140E
:105D9000F5ECF0A3EDF074071214F5E4F0A3801B0A
:105DA000741F1214F512E175740D1214F512E17BD3
:105DB000122CE074071214F512E1A7F0740112140A
:105DC000F512E188F974011214F5E02401FAA3E058
:105DD0003400FB74011214F5EAF0A3EBF0742569AA
:105DE0006015E970BB74071214F512E175740F1297
:105DF00011B17F08020F267A007B0074011214F59E
:105E000012E1531214F5E0FCA3E0F5838C82E02448
:105E100098600924FC70107B01EB80037A01EA1280
:105E200014F5E8F0A3E9F074011214F512E1888585
:105E30002182852283F074011214F512E1531214A9
:105E4000F5E8F0A3E9F0EAA2E092F0EBA2E0B37289
:105E5000F092F0852182852283E024A8700302DF7E
:105E60003324F5601714700302DF0C24F5607B24E3
:105E7000FC603424FB700302DF3380187421121499
:105E8000F512E191852182852283F012E1491214F5
:105E9000F512E15F741F1214F512E17585218285F8
:105EA0002283E0F902DDA874211214F512E191FEBB
:105EB000A3E0FF12E1491214F512E168F08E828F1F
:105EC00083E0F9A3AE82AF83700302DDBC741F12BE
:105ED00014F512E175740D1214F512E17B122CE029
:105EE00074071214F512E1A780D27E087F00A2F099
:105EF0007403500A1214F5E4F0A37480804612145F
:105F0000F5E4F0A3F0A3F0A37440804A7E0A7F007A
:105F1000A2F07403500B1214F57410F0A3742780D0
:105F2000231214F5E4F0A374CAF0A3749AF0A374D6
:105F30003B80237E107F00A2F07403500E1214F5F4
:105F4000E4F0A3EEF0A3E4F0A3800B1214F5E4F068
:105F5000A3F0A3F0A3EEF074211214F512E188FC73
:105F6000A3E0FDEAA2E0400302E0888521828522C9
:105F700083E06464600302E06612E1491214F512E2
:105F8000E19EFAA3E0FB3395E0FC74091214F5EAF4
:105F9000F0A3EBF0A3ECF0A3F09083337808121495
:105FA0008274091214F578081212BA503774091263
:105FB00014F5780812148278081212FB740912146E
:105FC000F57808121464741F1214F512E175792D16
:105FD000740D1214F512E17B122CE074071214F503
:105FE00012E1A7F074031214F578081214827409F0
:105FF0001214F57808121425503874031214F57829
:106000000C1214828E088F09E4F50AF50B780C79CE
:1060100008120B6A74031214F5780C12146490833E
:106020000F780812148274031214F57808121425DC
:1060300050B274091214F5780C12148274031214FD
:10604000F57808121482780C7908120B6AE50C2492
:1060500030F9C3943A4079852182852283E06478BF
:10606000706A7427806812E1491214F512E19EF8F3
:10607000A3E0F9E8FAE9FB74091214F5EAF0A3EBDE
:10608000F0A3E4F0A302DFE3EBA2E0502F8C828DBB
:10609000831214BA74091214F51214C6EC2404F80D
:1060A000E43DF974211214F512E15F852182852205
:1060B00083E06464600302DFE402DF998521828566
:1060C0002283E06464700302DF79809A740729F9FF
:1060D000741F1214F512E175740D1214F512E17BA0
:1060E000122CE074071214F512E1A7F074091214CF
:1060F000F5780C12148274031214F57808121482C5
:10610000780C7908120B6A74091214F578081214C5
:106110006474031214F5780C1214828E088F09E44B
:10612000F50AF50B780C7908120B6A74031214F552
:10613000780C12146474031214F51214BAE8494A64
:106140004B600302E03202DDBCEC2402F8E43DF9CE
:10615000742122E02401F8A3E03400F97401221232
:10616000E1632212E168F022E0FAA3E0F5838A827B
:10617000E8F0A3E922E0FAA3E0FB2212E17F22E0AB
:10618000F8A3E0F58388822212E18C2212E17FE0FD
:106190002212E18CFCA3E0FD8C828D83E02212E1CF
:1061A000638C828D83E022E02401F0A3E03400229E
:1061B00074F2120BD974FF121264E9FE8A088B097B
:1061C0008C0A8D0B750C05EA45096074EC450B6073
:1061D0006FEE852182852283F080099082C7121498
:1061E000DE12171EAF0C74FF2FF50C0460107C013B
:1061F0007D00AA21AB2279A6121796E970DDE50C85
:1062000070107C017D00AA21AB2279A6121796E9B5
:10621000702E750C0580099082C71214DE12171EAD
:10622000850C0D74FF250DF50C046014AC0AAD0B44
:10623000AA08AB0979A7121790E970DB79008002F0
:10624000790174011211B17F06020F2674F5120B49
:10625000D974F0121264ECFEEDFF750805EA4B608C
:1062600068EE4F6064852182852283E9F0780079A9
:1062700000EA28F582EB39F583E0C0E085218285CC
:106280002283E58228F582E58339F583A3D0E0F007
:1062900008E8700109C39EE99F40D685080A74FF8B
:1062A000250AF508046022EE2401FCE43FFDAA2142
:1062B000AB2279A6121796E970047900800D9082BE
:1062C000C71214DE12171E80D2790174101211B198
:1062D0007F03020F2674F6120BD974FD1212647438
:1062E000011214F5E4F0A3F0852182852283F07E6B
:1062F0000380099082CB1214DE12171EEEFF74FF8A
:106300002FFE04600FAC21AD22740112123C121654
:10631000EEE970DF74011214F5E064607004A3E02C
:10632000640160047901804A7E0380099082CB1267
:1063300014DE12171E74FF2EFE0460061216F4E916
:1063400070EA90838F1214DE12171E7E038009906C
:1063500082CB1214DE12171E74FF2EFE0460087921
:10636000021216FAE970E89082CF1214DE12171E9C
:1063700079007403805D74F6120BD974FE121264F6
:106380008A088B09ECFEEDFFEA4509603EEE4F609E
:106390003A7C027D00AA21AB2279001216DCE9705A
:1063A0002A852182852283E0FA74011214F5E0F92E
:1063B000EA850882850983F0A3E9F07C017D00EE7F
:1063C000FAEFFB79011216DCE960047901800279A9
:1063D0000074021211B17F02020F26C082C08374C2
:1063E000FF121264852182852283741112E4211226
:1063F00016E2E9600479018002790002E431C0828A
:10640000C08374FF121264E985218285228312E41D
:106410002779101216E2E960047901800279008080
:106420001012E427791222F07C017D00AA21AB2210
:106430002274011211B1D083D08202117E7F080232
:106440000F26C082C083EA4B600C7C017D0079205E
:106450001216DCE9600479018002790002E43674E6
:10646000F7120BD974FF121264EAFEEBFFEE4F60D5
:106470000AAA21AB22121700E9600479018017856E
:106480002182852283E0A2E1500474018001E48E20
:10649000828F83F079007401800274021211B17F3F
:1064A00001020F2674F6120BD974FE121264EAFE72
:1064B000EBFF8C088D09EE4F6027EC450960227CCC
:1064C000017D00EC12123C79211216DCE970127485
:1064D000011214F512E549AA21AB22121700E96056
:1064E000047901800C12E4F4850882850983F0792F
:1064F0000002E3D1852182852283E01313543F54A7
:10650000032274F7120BD974FE121264EAFEEBFF39
:10651000EE4F60107C027D00AA21AB227922121678
:10652000DCE9600479018010852182852283E0FA0C
:1065300074011214F512E53B02E49AE0F9EA8E8246
:106540008F83F0A3E9F0790022E054078E828F83D5
:10655000F0A3E4F022802000000000000000000012
:10656000000000000000000000000000000000002B
:1065700000000000000000EAF8EBF9E824FF1AE947
:1065800034FFFBE84970D002117E74F0120BD98AF7
:10659000088B098C0A8D0B80077AE87B0312171889
:1065A00085080C85090D850A0E850B0F9082D3781E
:1065B000081213A8E50C450D450E450F70DB02E4EB
:1065C0003DC082C08390151612E5CFF002E6D0E4FC
:1065D000F0A3F0A3F0A32274F0120BD98908EAFE0D
:1065E000EBFF121C8874101214F5780C121482EA56
:1065F0004B600D8A828B83A3A3780C121464806A8B
:106600007A0D7B00121BDAEA4B605B8A828B83A3D4
:10661000A3A3A3A3A3A3A3E50812E66FEEF0A3EF41
:10662000F08A828B83A3A3780C1214648A828B83F2
:10663000E4F0A312E66FA3A3A312E5D0F090151423
:1066400012E9B19015146017E0FCA3E08003E8FCA8
:10665000E9FD8C828D8312E9B170F38C828D83EA1F
:10666000F0A3EBF080047A007B007F08020F26F095
:106670008A828B83A3A3A3A3A3A322C082C08390F7
:10668000151480048C828D83E0FCA3E0FDEC4D604A
:10669000238C828D83A3A3A3A3A3A3E06A7003A387
:1066A000E06B70E08C828D83A3A3A3A3A3A3A3A319
:1066B000E06970D0ECFAEDFB8016C082C083EA4B33
:1066C000600E8A828B83A3A3A3A3A3A3E4F0A3F009
:1066D000D083D08202117E74F6120BD9AEA8C2AF5D
:1066E000740A1214F5120FAB121C8274041211B149
:1066F0008B09A909EEA2E792AFEA4960047900800C
:106700000279087F02020F2674F2120BD9A2AFE4BD
:1067100033FEC2AF740E1214F57808121482780892
:106720001211CC121C8274041211B1EA4B60128A4D
:10673000828B83A3A3A3A3A3A3A3A3A37808121468
:1067400064EEA2E092AFEA4B60047900800279081F
:106750007F06020F2674F4120BD9A2AFE433F508BA
:10676000C2AF121C888A0A8B0BAE0AAF0BEE4F60C9
:1067700003121C8EE508A2E092AFEE4F6004790090
:10678000800279067F04020F2674F2120BD9750875
:1067900000750900750A00750B00A2AFE433FEC254
:1067A000AF121C888A828B83E58245836007A3A38E
:1067B0007808121482EEA2E092AFAA08AB09AC0AE4
:1067C000AD0B808C74EA120BD974FC121264852113
:1067D00082852283EAF0A3EBF0A3ECF0A3EDF0A90D
:1067E000A8C2AF8521828522837808121482901571
:1067F00016780812135CE9A2E792AF90151412E91B
:10680000B1700302E9A1901514E0FEA3E0FF750C3E
:1068100000750D00750A00750B00A2AFE433F50E8C
:10682000C2AFEE2402F508E43FF50974021214F534
:1068300012E9B1702074011214F5E07018852182FC
:10684000852283E0F8850882850983E0C3984005A6
:10685000E0C39880398508828509837810121482F4
:106860008521828522837810121425501885218273
:106870008522837810121482850882850983781016
:106880001212E4800A85088285098312E5CFF0EEB2
:106890002406F514E43FF515EE2404F510E43FF565
:1068A0001112E9AB705485108285118312E9B17021
:1068B0004EEE2409F512E43FF513851282F583129A
:1068C00014BAE8494A4B604D851482851583E0FA75
:1068D000A3E0FBEA4B603E8E828F83A3A3A3A3A316
:1068E000A3A3A3E0F9121B868512828513831214D9
:1068F000BA8508828509831214C612E9AB700B852C
:10690000108285118312E9B1600B8514828515838D
:1069100012E9B170258E828F83E0F8A3E0F9E50CCF
:10692000450D70059015148006850C82850D83E851
:10693000F0A3E9F08E0A8F0B80048E0C8F0D8E82EF
:106940008F83E0FEA3E0FFE50EA2E092AFE50A45EB
:106950000B6047850A82850B83A3A312E9B17033CC
:10696000850A82850B83A3A3A3A312E9B1702485B2
:106970000A82850B83A3A3A3A3A3A3E0FAA3E0FB4E
:10698000850A82850B83A3A3A3A3A3A3A3A3E0F9F2
:10699000121B86AA0AAB0B121BE0EE4F600302E843
:1069A0001474041211B17F0E020F26850882850926
:1069B00083E0F8A3E0F9E84922C082C0839015166D
:1069C0001214DE02E6D074F0120BD974EA121264CB
:1069D000852182852283EAF0A3EBF0A3ECF0A3EDFE
:1069E000F0C20074261214F57808121482908333D2
:1069F000780C1214827808790C121009700B7A0046
:106A00007B007C807D3F02ED948521828522837806
:106A100008121482908333780C1214827808790C4F
:106A2000121009700302EAA8852182852283780862
:106A3000121482EDC2E7F50B9019DB780C12148268
:106A40007808790C12100970159016927422F0A330
:106A5000E4F08521828522831214DE02ED947426EF
:106A60001214F578081214829019DB780C12148233
:106A70007808790C12100970149016927422F0A301
:106A8000E4F07AFF7BFF7C7F7D7F02ED9474261219
:106A900014F578081214829019DF780C1214827899
:106AA00008790C121009700B7A007B007C007D00C5
:106AB00002ED9485218285228378081214829083C6
:106AC00033780C1214827808790C120E48507174C5
:106AD000261214F5780812148274261214F5780C14
:106AE000121482780C120949780C120AF27808798B
:106AF0000C1202129019E3780C1214827808790CA7
:106B0000120DF9500B9016927421F0A3E4F08098C6
:106B10008521828522837808121482EDC2E7F50B65
:106B2000852182852283780812146474261214F554
:106B300078081214827808120949E508A2E0920048
:106B40008521828522837808121482E50B548044C3
:106B50003FF50BE50AC2E7F50A74061214F578084A
:106B60001214648521828522837808121482E50A32
:106B700033E50B332482F5083395E0F509F50AF582
:106B80000B7808120AF274261214F5780C1214828B
:106B90007808790C120637740E1214F5780812145E
:106BA00064740E1214F51214DE12223485218285CB
:106BB00022831214D28521828522837808121482BE
:106BC000780812094974041214F5E508F0A3E509E0
:106BD000F074061214F51214DE122240741212140C
:106BE000F51214D274261214F57808121482740463
:106BF0001214F5E0F50CA3E0F50D3395E0F50EF574
:106C00000F780C120AF27808790C12021274121220
:106C100014F5780C1214827808790C120637C00823
:106C2000C009C00AC00B740E1214F5780812148241
:106C3000852182852283780C1214827808790C12BF
:106C400002129019E7780C1214827808790C120657
:106C500037D00FD00ED00DD00C780C790812023737
:106C6000AA0CAB0DAC0EAD0F12222E740A1214F545
:106C70001214D2852182852283E4F0A3F0A37480CC
:106C8000F0A3743FF074041214F5E0FAA3E0FB12D1
:106C90002228EA4B702F02ED3174061214F5780C9D
:106CA00012148274061214F57808121482780C7982
:106CB0000812063774061214F5780C121464EBC32C
:106CC00013FBEA13FAEAA2E050278521828522838A
:106CD000780C12148274061214F578081214827853
:106CE0000C7908120637852182852283780C1214CC
:106CF0006474016A4B70A274041214F5C3A3E09487
:106D000000A2D265D0335029750800750900750AB4
:106D100080750B3F852182852283780C121482783E
:106D200008790C1204518521828522837808121477
:106D300064740A1214F5780812148274041214F59B
:106D4000E0F9852182852283780C121482E9A2E77A
:106D500013F9E413250EF50EE9350FF50F780879D0
:106D60000C120637740A1214F57808121464A20083
:106D7000740A50101214F57808121482E50BB2E769
:106D8000F50B80081214F57808121482AA08AB09D2
:106D9000AC0AAD0B74161211B17F08020F26C08227
:106DA000C08390079CE4F09007A3F002EF4874F7CB
:106DB000120BD9E9FE90079CE0600312175490076C
:106DC0009C7401F0901895E06008791D121AD802A1
:106DD000EEB0EE90079DF0640270051218C2804A72
:106DE000E06007640160031217549007A0E4F0907C
:106DF0001798E0F8A3E0C8240EF582E438F583E0A4
:106E00005440600590075E8003900740E090079E25
:106E100012EF0F7012900727E0600C90079EE0C3FE
:106E2000940340037402F0121AA29007A3E0705A70
:106E3000901798E0F8A3E0F9E8497003121754128C
:106E4000F119E0F8A3E0F988828983E054209007E3
:106E5000A2F088828983A3A3E09007A1F0901798FD
:106E6000E0FAA3E0F5838A82A3A3A3A3E0FAE824CF
:106E7000FFF582E934FFF58374022AF075E1EE74C0
:106E8000012AF9AA82AB8312195EA2AFE433F8C2D9
:106E9000AF900787E07011900789E0700B90079C16
:106EA00012EF80121AA8800890079C740212EF82D9
:106EB00002F07274F6120BD912198EE9F9750801F5
:106EC00075090090079EE0780812136FE5081459C1
:106ED00090079F12EF0F70051218B680031218B0BA
:106EE0007F02020F26C082C0839061A4E0C2E0F05E
:106EF000900789E412EF0F640270051218C8800D24
:106F0000E0640370051218CE8003121AAE8039F0C7
:106F100090079DE022C082C08390079DE07014120C
:106F200028D6E9F890079FE0C3984007791C121A09
:106F3000D880031218BC8010C082C0839007A3744D
:106F40000112EF0FF9121A9CD083D08202117EC079
:106F500082C083900787E07006900789E060031283
:106F60001754A2AFE433F8C2AF90079CE0640270FC
:106F70000812EF80121AA88005E8A2E092AF80C83C
:106F80007483F0E8A2E092AF22C082C08390079D94
:106F9000E060076401600312175490079C7404F0CA
:106FA000121A7E9007A0E004F0F890073FE0C39823
:106FB000500779E1121AD8803290074BE0FA900717
:106FC0009EE079002401F8500109EAFCC3E89CE93D
:106FD0009400A2D265D0335004E0048001EAF0129C
:106FE0001AA290079C7483F0121AAE02EF4874F74D
:106FF000120BD9A2AFE433FEC2AF90079CE06483CA
:107000007027900787E06003121A009007A2E090B3
:10701000079C700F7485F0EEA2E092AF7900121A0F
:10702000D8800B7486F01218DAEEA2E092AF80429C
:1070300074F7120BD9E9FF8A08A2AFE433FEC2AF9E
:1070400090079CE0648670257487F01218E0EEA229
:10705000E092AF9007A1E06F700CE5086004791B27
:1070600080067900800279E9121AD88005EEA2E044
:1070700092AF7F01020F2674F7120BD9A2AFE4334F
:10708000FEC2AF90079CE0648670127487F01218FD
:10709000E0EEA2E092AF79E9121AD88005EEA2E004
:1070A00092AF80CE74F7120BD9E9FE9007A3E4F0FB
:1070B00090079CF0900760E06005900787E4F0126D
:1070C0001A7E1219B21219BEEEF91228F480A374B6
:1070D000F4120BD9901798E0F8A3E0F9E84970038F
:1070E0001217541218808A088B098C0A8D0B12F122
:1070F00019A3A3A378081214641219168A0890170A
:1071000098E0FAA3E0CA2409F582E43AF583E50899
:10711000F0A3EBF07F04020F26901798E0F8A3E0AD
:10712000F5838882A3A32274F4120BD98908EAFE9E
:10713000EBFF90155DE07021750AB6750B1E780A9D
:107140001211D47C147D007A007B00121D1274028F
:107150001211B190155D7401F07A057B00121BDAF3
:107160008A0A8B0BA80AA90BE84970047910804E93
:1071700088828983E4F0A3F088828983A3A3E50849
:10718000F088828983A3A3A3EEF0A3EFF090155BB0
:10719000E0FAA3E0FBEA4B90155B601BE0FCA3E088
:1071A0008003EAFCEBFD8C828D83E0FAA3E0FBEA2E
:1071B0004B70EF8C828D83E8F0A3E9F0790002F444
:1071C0005478081211D875080078081211D87C0379
:1071D0007D00EEF9121D2A740B1211B17402121106
:1071E000B17F02020F2674F6120BD974FE121264DC
:1071F000E9FEEC852182852283F074011214F512D8
:10720000F2391211D475080275090078081211D4E8
:1072100074111214F512F2461211D8E4F508780828
:107220001211D474131214F512F2461211D8750803
:107230000178081211D802F1C1EDF0A821A9228825
:10724000088909780822E0F50878082274F6120BFC
:10725000D98A828B83A3A3E0FE5407640170658AF8
:10726000828B83E0F8A3E0F988088909E82414F503
:1072700082E43509F583E0FC90155B12F466496001
:107280004388828983A3A3E06C8882898370ECA3FE
:10729000A3A3E0FCA3E0FDEC4D60298508828509ED
:1072A00083A3A3A3A3E0F508A3E0F5097808120ED1
:1072B000E0000003F5F2C8F2F5F2F5F2BEF2121E9C
:1072C000BCE9803379018030EE540870248A828BC7
:1072D00083A3A3A3A3A3A3A3E0701A8C828D83E04E
:1072E000F8A3E0F988828983E58245836003122C44
:1072F000E0740080027401F902F1E174F4120BD918
:1073000074FA1212648A088B098A828B83A3A3A35E
:10731000A3A3A3A3E0F88A828B83A3A3E05408600D
:107320000302F400E870378A828B83A3A3A3A3A38C
:10733000A3A3A3E0FAA3E0FB850882850983E0F814
:10734000A3E0C82414F582E438F583E0F98A828B3F
:1073500083E0FCA3E0FBECFA122C6002F44D740114
:1073600068600302F403852182852283E4F0A3F0A0
:107370008A828B8312F466FEE9FFE4F50AF50B7846
:107380000A1211D47402121234880A890B780A1274
:1073900011D47C007D008E828F83A3A3A3A3E0FA87
:1073A000A3E012F459121DAE74041211B1852182AA
:1073B00085228312F46649700302F44D85088285A4
:1073C0000983E0FEA3E0FF850882850983A3A3A3C8
:1073D000A3A3A312F2461211D8750801780812115E
:1073E000D874021214F5E0FCA3E0FDEE2406FAE4E2
:1073F0003F12F459121EB074021211B179FF804F7E
:10740000E86004790180488A828B83E02406F8A32F
:10741000E03400F974021214F5E8F0A3E9F08A826E
:107420008B83A3A3A3A3A3A3A3A312F466FAE9FBEC
:107430008A828B83E0FCA3E0F9ECF874041214F563
:10744000E8F0A3E9F0740212123C122B10790074D8
:10745000061211B17F04020F26FBEE2414F582E41C
:107460003FF583E0F922E0F8A3E0F9E82274F7128F
:107470000BD9122A801229AE79011221C2E9FE79B4
:10748000FF121B98EEF9806574F7120BD974FF1286
:107490001264122A7AE9FE852182852283E4F0AA09
:1074A00021AB22795612197C7ACB7B0C79E2121926
:1074B0007C12F5C8601290168DE0FAA3E0FB121B57
:1074C000E090168DE4F0A3F0EEF9801C74F7120B37
:1074D000D9E9FE74E26E700B7CCB7D0C121CCA796C
:1074E000008003121976800574011211B17F010228
:1074F0000F2674F7120BD98908EAFEEBFF74E265D8
:1075000008700BEEFCEFFD7ACB7B0C121CCAEEFA76
:10751000EFFBA90812197C80D4C082C0838A828BB9
:1075200083A3A3A3A3A3A3A3A3E4F01229B402F605
:10753000FD74F4120BD9EAFEEBFF8E828F831214D6
:10754000BA9016891214C612F5C8600479FC8041FD
:107550008E828F83A3A3A3A3E0FA74036A601D1233
:10756000F75670307A1B7B00121BDA12F5B56041BA
:107570007C1B7D007900121B3212F77A8E828F837A
:10758000A3A3A3A3A3A3E4F0EEFAEFFB122ABC7912
:107590000002F7518E828F83A3A3A3A3A3A3A3E02A
:1075A00060DA75F021A4FAABF0121BDA12F76370FF
:1075B000CB791A80DC8A0A8B0BA80AA90B90168D4E
:1075C000E8F0A3E9F0E8492290168DE0F8A3E0F98D
:1075D000E84922C082C083EA2413F582E43BF583A4
:1075E000E4F01229BA02F6FD74ED120BD98A088B69
:1075F000098C0A8D0BEA241EF8E43509F9880C89F8
:107600000DEA241CF582E43509F583E0FBEA241B2E
:10761000F582E43509F583E0FA88828983E0F9127E
:10762000291E8A0E8B0FAE0EAF0FEE4F700302F6BF
:10763000F685081085091175120078101211D07C9A
:10764000137D00EE2426FAE43FFB121B267403127E
:1076500011B1EE2402F8E43FF9880E890FE5082401
:107660001FF582E43509F583E0F510A3E0F5117804
:10767000101211D0850C82850D83E0FC7D00850EF3
:10768000828983E0FAA3E0FB121B2674031211B176
:10769000E508241350020509F51085091178101228
:1076A00011D07C0B7D00EE241BFAE43FFB121B265D
:1076B00074031211B1E50A450B60308E828F83A3EB
:1076C000A3A3A3E0F96024850E82850F83E0FAA3CB
:1076D000E0FBEA4B6015850A82850B83122CE0E9FA
:1076E0006009EEFAEFFB121B4A800BEEFAEFFB1279
:1076F000291879008002791A7F0B020F267900D0B1
:1077000083D08202117E790002F4EDC082C0831220
:10771000182C80E9C082C08312183280E2C082C077
:107720008312183880D974F7120BD912183E80D6FC
:10773000C082C08374FF121264E98521828522838E
:10774000F0AA21AB2279E012197C74011211B180E8
:10775000AE7F04020F26EE2416F8E43FF98808896C
:1077600009EA228A0A8B0BA80AA90B8508828509D7
:1077700083E8F0A3E9F012F5BD2290168DE0240B0A
:10778000F8A3E03400F9850882850983E8F0A3E9CD
:10779000F02274F4120BD974EE1212647E001221DE
:1077A000B0E9F8A2E050027E0175088575091878E5
:1077B000081211D47C017D007A557B00121C527492
:1077C000021211B1E9700AEEA2E050057900122B05
:1077D000947A247B00121C588A088B097A357B0026
:1077E000121C588B0BEA450B707274026508450930
:1077F000706AA821A9228808890978081211D4750D
:10780000080275090078081211D47C007D007A24E2
:107810007B00121C6474041211B1852182852283BD
:10782000E0F8A3E0F9E8FAE9FB90195EEAF0A3EBCF
:10783000F0A3E4F0A3F075085E7509197808121139
:10784000D47C047D007A357B00121C527402121124
:10785000B17C027D007A247B00121C6A7A707B1650
:1078600079E21221C8EEF91221AA7C107D0079007C
:10787000740212123C121B327402121234880889EC
:107880000978081211D47C107D007A627B00121CEA
:107890005274021211B1E97025EEA2E0502078086E
:1078A0001211D475081075090078081211D47C00E3
:1078B0007D007A627B00121C5E74041211B17C1090
:1078C0007D007900740212123C121B32EEF9122173
:1078D00086EEA2E050077A0179001221B679007491
:1078E000121211B17F04020F2674F2120BD9890D06
:1078F000750C009016877401F0801A1211D4780864
:107900001211D47C007D00EEFAEFFB121C647404AB
:107910001211B1050CE50C75F006A4F8A9F074E29B
:1079200028F8742C39F988828983E493FA740193D6
:10793000FBEA4B606EA3A3A3A3E493F50A7401933F
:10794000F50B88828983A3A3E493C0E0740193F5C7
:1079500083D08285820885830988828983E493C0E5
:10796000E0740193F583D082AE82AF83780A12115E
:10797000D4AC08AD09EEFAEFFB121C5274021211DE
:10798000B1E9708FE50D780A700302F8FB1211D48B
:1079900078081211D47C007D00EEFAEFFB121C5E19
:1079A00002F90E7F06020F2674F6120BD974FF122D
:1079B000126412F9FD1211D47C017D007A037B0060
:1079C000121C5274021211B1E9702078081211D4FD
:1079D00075080175090078081211D47C007D007AC1
:1079E000037B00121C6474041211B185218285226C
:1079F00083E0F974011211B17F02020F2685218202
:107A0000852283E4F0A821A9228808890978082220
:107A100074F6120BD974FF121264E9FEEAFF12F930
:107A2000FD1211D475080175090078081211D47C73
:107A3000007D007A037B00121C6474041211B1E90A
:107A4000F9703E74FF6E700A852182852283E04FB3
:107A5000800C74FF6FF8852182852283E05812FA2A
:107A6000041211D475080175090078081211D47C2C
:107A7000007D007A037B00121C5E74041211B1E9D0
:107A8000F902F9F374F0120BD974F812126485211B
:107A900082852283EAF0A3EBF0A3ECF0A3ED12FDC4
:107AA00050121482908333780C1214827808790C67
:107AB000121009700B7A007B007C807D3F02FD462E
:107AC0008521828522837808121482EDC2E7F50BA6
:107AD00090199B780C1214827808790C120DF950C9
:107AE000449016927422F0A3E412FD501214829076
:107AF0008333780C1214827808790C120E48500ED9
:107B0000750800750900750A00750B00800C750872
:107B1000FF7509FF750A7F750B7FAA08AB09AC0AD0
:107B2000AD0B02FD468521828522837808121482DE
:107B300090199F780C1214827808790C12063785F8
:107B4000218285228378081214648521828522830C
:107B50007808121482E50BC2E7F50B780812094980
:107B6000E508FA852182852283780C12148290839D
:107B7000337808121482780C7908120E485039852F
:107B800021828522837808121482EAF50C3395E06D
:107B9000F50DF50EF50F780C120AF27808790C1233
:107BA0000212908333780C1214827808790C121028
:107BB0000960010AEAF404FA852182852283780C9F
:107BC000121482EAF5083395E0F509F50AF50B7809
:107BD00008120AF2780C790812021274041214F5D1
:107BE000780C12146474041214F5780C1214829038
:107BF00019A37808121482780C7908120E485027BD
:107C000074041214F5780C1214829019A3780812D7
:107C10001482780C790812023774041214F5780C67
:107C2000121464D2008002C20074041214F57808A1
:107C30001214829019A7780C1214827808790C1209
:107C400006379019AB780C1214827808790C12025E
:107C50003774041214F5780C1214827808790C1217
:107C600006379019AF780C1214827808790C12023A
:107C70003774041214F5780C1214827808790C12F7
:107C800006379019B3780C1214827808790C120216
:107C90003774041214F5780C1214827808790C12D7
:107CA00006379019B7780C1214827808790C1202F2
:107CB0003774041214F5780C1214827808790C12B7
:107CC00006379019BB780C1214827808790C1202CE
:107CD0003774041214F5780C1214827808790C1297
:107CE00006379019BF780C1214827808790C1202AA
:107CF000378521828522837808121464A2005025DA
:107D0000852182852283780C1214829019C3780809
:107D1000121482780C790812063785218285228315
:107D2000780C121464EAF98521828522837808127E
:107D30001482AA08AB09AC0AAD0BE9A2E713F9E477
:107D4000132CFCE93DFD74081211B17F08020F26C7
:107D5000F0852182852283780822C082C0839031F9
:107D60003E7C247D07745E1210D812198EE99007AC
:107D70003DF012198EE9900731F0D083D0820211C4
:107D80007EE9F874C029F9C3941E4010742028C3FA
:107D9000940F5006743E28F98002792D02117E74EA
:107DA000F3120BD9EAFEEBFF121970E9F8742D6893
:107DB000700479F4805385A80BC2AFE8F508750903
:107DC000007402780812136F74FC2508FA742E35BB
:107DD00009FB8A828B83E493F8742428F508E43441
:107DE00007F509750A0078081211D08A828B83A3DF
:107DF000E493FC7D00EEFAEFFB121B2674031211D4
:107E0000B1E50BA2E792AF79007F05020F2674F16E
:107E1000120BD98908EAFEEBFF74F1650870248E15
:107E2000828F83E0640179027014121A6CA908121F
:107E30001970E9F8742D68702F79F402FFAA121AEC
:107E40006080EA74F06508700F8E828F83E090186E
:107E500020F0F912199480D57445650870CF900709
:107E600029EEF0A3EF02FFA7E8F50A750B007402F4
:107E7000780A12136F74FC250AFA742E350BFBEA8C
:107E80002402F8E43BF988828983E493F509EA2423
:107E900003FCE43BFDE50970088C828D83E493606C
:107EA000538C828D83E4936509700579FB02FFAAE8
:107EB00074586508701A8E828F83E02471F50AA3C6
:107EC000E034FFF50BC3E50A9422E50B9464501FE0
:107ED0008E828F83E0F50988828983E493F8E5092F
:107EE000C398400B8C828D83E493C3950950057928
:107EF000E802FFAA85A809C2AF8E0C8F0D750E008F
:107F0000780C1211D08A828B83A3E493FC7D008AC3
:107F1000828B83E493F8742428FAE43407FB121B61
:107F20002674031211B1E509A2E792AFE50824B067
:107F3000601A24FE60301460202473604E14603890
:107F400014603F24FD604E146055805C900741E052
:107F5000FAA3E0FB12199A804F900745E0FAA3E0DC
:107F6000FB1219A08042900744E079026005121AC2
:107F7000608035121A6C8030900754E0F91219B8FD
:107F800080267A557B071219A6801D900753E0F9C9
:107F90001219AC80138E828F83E090076080088E68
:107FA000828F83E0900761F079007F07020F26122D
:107FB00011B17F02020F26790102117E74F6120BB5
:107FC000D974FE121264740C121234852182852237
:107FD00083E8F0A3E9F0A821A92288088909780894
:107FE0001211D412225874021211B1740280C0C04E
:0D7FF00082C083122258D083D08202117EFD
:10800000C082C083900784740BF090078374FFF0E4
:10801000900782F09007858018C082C0831219CA29
:108020001219D6800DC082C08312190A8004F0EBA9
:10803000A3F0D083D08202117EC082C08390618081
:10804000E0F8E96004D2F08002C2F0A2F0E4333339
:10805000FA74FD584A80DAC082C083EA9061728067
:10806000CDC082C083EA90617480C3C082C083EABD
:10807000FCEBFD79087A6A7B6112195280B474F7BF
:10808000120BD9E9FE907803E0F8749568600574E6
:10809000346870067A6C7B3280047A8A7B328A82FA
:1080A0008B83E493F8C39EA2D265D033400EA3E441
:1080B00093F8EEC398A2D265D0335002E8FEA2AF87
:1080C000E433F9C2AF8A828B83E4939E2402FCEAF4
:1080D0002CF582E43BF583E49390078512816F6071
:1080E000057434687011900785E064FD9007867010
:1080F0000474018001E4F0E9A2E092AF1219B2EE3B
:10810000F9028240C082C083A2AFE433F9C2AF90CB
:108110000785E0F8900782E068604C900789E0707E
:108120004690079CE0A2E7403E900785E0900782DA
:1081300012816F60057434687025900782E0906149
:1081400090F0900786E09061AC600A74F5F0906161
:1081500091747480117455F09061917469800790E6
:108160000782E0906190F0E9A2E092AF028032F0E5
:10817000907803E0F87495682274F7120BD9E9FF40
:1081800074F529C394134003121754A2AFE433FECD
:10819000C2AFEF900784F090079CE070031219BE05
:1081A000EEA2E092AF028240C082C08390079CE0C2
:1081B0006003121754A2AFE433F8C2AF900784E013
:1081C000F9900783E0696026900784E0900783F0C8
:1081D000E8A2E092AF121A8A75F005900783E0A436
:1081E00024D490618FF0121A00121A788005E8A248
:1081F000E092AF02803274F7120BD9E9FE90189525
:10820000E06003121754900788E06003121754EEE1
:1082100070079007887401802674036E70079007BA
:10822000887403801A74016E600874026E60031211
:1082300017549007887402F090617274FFF0A3F0F5
:108240007F01020F26C082C083900788E4F0900768
:1082500041E0906172F0900742E0906173028031DA
:10826000C082C083121940028032C082C0831219BA
:1082700046E924B7F91219DC028032E9FCC394A95B
:10828000A2D265D03350047CA9800DECC3940BA21C
:10829000D265D03340027C0AECF83395E0F9E8244B
:1082A0005750010975F0FFA4F8AAF075F0FFE9A492
:1082B0002AF97A617B001208DDE8F902117E74F771
:1082C000120BD91219DC028240F075E1E275E1FF70
:1082D0000283CAA9A8C2AF75C300AAA2A8A3E9A233
:1082E000E792AFE8F9EAF87A007B021208DDE8F9D4
:1082F00002117EC082C0839061A4E0A2E450031208
:108300001754759C019061E47401F075E1E275E128
:10831000FFA8A8C2AF759B007591EFE8A2E792AFE6
:10832000A8A8C2AF759B007591F7E8A2E792AF02CB
:1083300083CAC082C0831218AA75E1BC75E1B87502
:10834000E10F75E1D075E1D075E1D075E1D0805FC6
:10835000C082C0831218AA75E1BC75E11775E1816E
:1083600075E11075E1D275E1818044C082C08390CF
:10837000079FE09061E2F075A1FDA2AFE433FAC27D
:10838000AF75C300A8A2A9A3900713E094125008E8
:10839000E87005E97002780175C30388A289A3EA31
:1083A000A2E092AF12842E121A8475E1E1801B754F
:1083B000E11075E1D275E1D975E10175E10975E169
:1083C000BA75E10175E1C575E1D2D083D0820211A1
:1083D0007EC082C0831218AA75E1BC80D874F712DF
:1083E0000BD912842EA2AFE433F508C2AF75C300D7
:1083F000E5A2AFA4740F5FF8740F98FE9061E2F0ED
:10840000121A7290079A7401F075E1E175C300E5E4
:10841000A2E5A46F600DEEC39402400774FF2E9096
:1084200061E2F0E508A2E092AF7F01020F269061C1
:10843000A4E0D2E4F0E0D2E3F022C082C08390074F
:108440009FE09061E2F00283A4C082C0839061E467
:10845000E070179061A4E0A2E4500FE0C2E4F0E005
:10846000A2E350031218E6121AC60283CA74F41269
:108470000BD99061A4E0A2E450031217541218A47F
:10848000E9F508900724E0FEC39415500312175431
:1084900074EC25082EFE75F01484FF75F014A4CE3C
:1084A0009EFE0F9061E47402F0EF9061E2F0EEC383
:1084B0009415400312175475A1FDA2AFE433FAC21C
:1084C000AF75C303EEF50A750B007409780A121331
:1084D0006FF8A90B900713E0C394125006E97003DC
:1084E000087900E8F5A2E9F5A3EAA2E092AF75E108
:1084F000E275E1FFA8A8C2AF759B007591EFE8A2F5
:10850000E792AF75E1BC75E1B875E1D29061A4E086
:10851000D2E4F075E1E11218A4E9C39508500A907D
:1085200061E2E06F7003E014F07F04020F26C08266
:10853000C0839061A4E0C2E40282C9C082C083907B
:1085400061A4E0C2E3F0121ADE0283CAC082C083D3
:108550009061A4E0C2E4F09061E4E07005121AC6F4
:108560008015E064017005121AC0800BE06402609F
:1085700003121754121AD20283CA74F7120BD9E9E4
:108580009005D0F07AB27B16122B707ABE7B161251
:108590002B16790412220490162AE4F0790A122C80
:1085A000547F01020F26C082C08390188C7418F08B
:1085B00090188D7410F0A37427F0A3E4F0A3F0805A
:1085C0001EC082C0831216A6908323120FAB7A01BD
:1085D0007B009005D0E0F9121C9474041211B1D004
:1085E00083D08202117E74F0120BD98A828B83A30E
:1085F000E0600A14601224FC601A0286818A828B71
:1086000083E0640D707B80078A828B83E070721236
:1086100016AC806D8A828B83E0640D70051216A6FD
:10862000805F90188CE090188D602E78081214826C
:108630007808120B0D9082BB780C1214827808799E
:108640000C120637780812093E90188D780812141B
:108650006490188CE014F0801174A0F0A374BBF047
:10866000A3740DF0A3E4F01216A690188D120FABB0
:108670007A027B009005D0E0F9121C947404121168
:10868000B17F08020F2674F4120BD9EAFEEBFF54F7
:1086900080704AEE5402605D122C249082BF120F4B
:1086A000AB7A017B009005D0E0F9121C947404129F
:1086B00011B1EE640280738A828B83E06434701699
:1086C000EA2417F582E43509F583E0FAA3E0FBEA32
:1086D0004B6003121BE0AA08AB09121B4A9005D09D
:1086E000E0F9121B5C8A088B09EA450970C9EEFAA9
:1086F000EF64808037EEA2E050046401803B5404B4
:10870000602DD2819082C3120FAB7A087B00900556
:10871000D0E0F9121C9474041211B1790A122C548D
:1087200090152EE4F0A3F0EE6404FAEFFB8011EE56
:1087300054086008C281EE6408FA80047A007B0065
:108740007F04020F26C082C08374FC12126474027C
:108750001214F5E4F0A3F0852182852283F0A3F0C2
:10876000AC21AD22740212123C12159E0285DA74FD
:10877000F7120BD9E9FEA2E5500B90158AE0640AC6
:108780007003122C24EEA2E6500E7A047B009005B2
:10879000D0E0F9121CA08021A2E2501D901885E0C3
:1087A00070179083A7120FAB7A047B009005D0E07E
:1087B000F9121C9474041211B10285A1C082C08305
:1087C0009014E5E4F0A3F09014E774E7F0A3740CC0
:1087D000F0900CE77470F0A37402F0900F57F0A3C0
:1087E0007480F0A3748CF0A37405F0D083D082025F
:1087F000117E74F6120BD97A017B00121BDA8A08FB
:108800008B09AE08AF09EE4F700312175485A80804
:10881000C2AFEE24FEF8EF34FFF99014E7E8F0A3BE
:10882000E9F0EEFAEFFB121BE09014E97401F0E5B9
:1088300008A2E792AF7F02020F2674F2120BD97CD6
:10884000007D007E00EA2402FAE43BFBA2AFE433A1
:10885000FFC2AF9014E9E06008EA9411EB94005075
:108860000A9014E7E0F8A3E0F980047859790F88BA
:10887000828983E0F508A3E0F509548060057E0055
:10888000028917EEA2E0507C8C828D83E0F50AA36A
:10889000E0F50B5480F50DE50A2508F508E50B35E4
:1088A00009547FF509E50D4509F5098C828D83E5AD
:1088B00008F0A3E509F0547FF509C3E5089AE50936
:1088C0009B4054ECF8EDF9E84970030289858882F1
:1088D0008983E0FCA3E0547FFDECC39AFCED9BFD93
:1088E000C3EC9404ED9400405DE82AF582E93BF581
:1088F00083ECF0A3EDF0EB4480FB88828983EAF0FF
:10890000A3EB804AE509547FFDC3E5089AED9B502F
:10891000B67E01E8FCE9FD88828983E0F508A3E0E2
:10892000547FF509E82508F8E93509F98882898333
:10893000E0F508A3E0F509E5084509600302886F42
:1089400078007900803F88828983A3E04480F0909A
:1089500014E9E060299014E7E0FAA3E0FBE86A700C
:1089600002E96B701988828983E0FAA3E0547FFBE7
:10897000E82AFAE93BFB9014E7EAF0A3EBF0E824DD
:1089800002F8500109EFA2E092AFE8FAE9FB7F0696
:10899000020F2674F7120BD9EA24FEFEEB34FFFF18
:1089A000EAF8EBF9C3E894E7E9940C4009C3E894CA
:1089B000E7E9941440031217548E828F83A3E05486
:1089C000807003121754A2AFE433FAC2AF8E828FC5
:1089D00083A3E0547FF09014E7E0F8A3E0F9EE9869
:1089E000EF99500CEEF8EFF99014E7E8F0A3E9F0F6
:1089F000EAA2E092AF7F01020F2674F6120BD9743F
:108A0000FE121264EAFEEBFF54106027D2817A0056
:108A10007B409005D1E0F9121CA07A007B80900584
:108A2000D1E0F9121CA0121EA4122C36EEFAEF644B
:108A3000108075EF54206028128B891211D47508AC
:108A40000275090078081211D47C007D007A027B3F
:108A500000121C5E74041211B1EEFAEF642080481B
:108A6000EF54406020D28190838F120FAB7A007B4D
:108A7000809005D1E0F9121C9474041211B1EEFA41
:108A8000EF64408023EF54806021C2819083A7125D
:108A90000FAB7A007B409005D1E0F9121C9474046E
:108AA0001211B1EEFAEF6480FB80047A007B00744F
:108AB000021211B17F02020F2674F6120BD974FE56
:108AC000121264E99005D1F0908323120FAB7A0063
:108AD0007B20121C9474041211B1128B891211D4D0
:108AE0007C027D007A027B00121C5274021211B1CA
:108AF000E9702078081211D4750802750900780809
:108B00001211D47C007D007A027B00121C64740474
:108B10001211B1852182852283E02401F0A3E03483
:108B200000F0852182852283C3E09405A3E09400B0
:108B3000402C852182852283E4F0A3F0FA7B2090EB
:108B400005D1E0F9121CA090838B120FAB7A007B49
:108B5000109005D1E0F9121C9474041211B1A821EF
:108B6000A9228808890978081211D47508027509A4
:108B70000078081211D47C007D007A027B00121C60
:108B80005E74041211B1028AAF852182852283E4CA
:108B9000F0A3F0A821A9228808890978082274F492
:108BA000120BD9E9A2E650287A007B109005D1E09B
:108BB000F9121CA07A007B409005D1E0F9121CA0AC
:108BC0007A007B809005D1E0F9121CA0C281804B15
:108BD000A2E25047901885E06008750828750923BF
:108BE00080067508D0750907750A00750B007808AE
:108BF0001211CC7A007B109005D1E0F9121C94740C
:108C0000041211B19082D7120FAB7A007B4090050D
:108C1000D1E0F9121C9474041211B17F04020F26E2
:108C200074F0120BD974F6121264852182852283A6
:108C3000EAF0A3EBF0A3ECF0A3EDF085218285220E
:108C4000837808121482908313780C1214827808A7
:108C5000790C120E485033852182852283780812C0
:108C60001482908333780C1214827808790C1210D5
:108C700009901692700A7422128E247DFF028E1AB9
:108C80007421128E247D7F028E1A7404121234888D
:108C900008890978081211D474021214F51214DE2E
:108CA00012223A74021211B1852182852283121494
:108CB000D285218285228378081214829019C37884
:108CC0000C1214827808790C120E485032852182D9
:108CD00085228378081214827401C31313250AF5C0
:108CE0000AE4350BF50B852182852283780812145E
:108CF0006474041214F5E024FFF0A3E034FFF0855F
:108D0000218285228378081214829019CB780C1264
:108D100014827808790C120237C008C009C00AC052
:108D20000B852182852283780C1214829019BF78DA
:108D300008121482780C7908120237D00BD00AD0AE
:108D400009D0087808790C12045185218285228384
:108D5000780812146485218285228378081214828F
:108D6000852182852283780C1214827808790C126E
:108D7000063774061214F578081214647404121479
:108D8000F5E0F5083395E0F509F50AF50B780812DA
:108D90000AF29019E7780C1214827808790C1206FE
:108DA00037C008C009C00AC00B74061214F5780851
:108DB0001214829019CF780C1214827808790C1250
:108DC00006379019D3780C1214827808790C1202A5
:108DD0003774061214F5780C1214827808790C1284
:108DE00006379019D7780C1214827808790C120281
:108DF00037852182852283780C1214827808790CB9
:108E0000120637D00FD00ED00DD00C780C79081286
:108E10000237AA0CAB0DAC0EAD0F740A1211B17F64
:108E200008020F26F0A3E4F07AFF7BFF7C7F227913
:108E3000FF121B9853BEFBE59DA2E650FA0078F89E
:108E4000790100E824FF18E934FFF9E84970F37567
:108E5000C600E59E70FC43BE049062707408F0C2C8
:108E60008143FD02C28443FD10C28543FD20C286BA
:108E700043FD407E10794A121748E960F81EEE70F3
:108E8000F47900121AFC1217667A007B00121C4C4F
:108E90001221BC1222221221A4121B9E79FF121B46
:108EA000927902121AFC121BA47A007B0002117E36
:108EB00074EE120BD974F8121264908260AC21AD7A
:108EC0002274081210FA7508CB75090CF50AA8214E
:108ED000A922880C890DF50EF510F51178101211E4
:108EE000D47C087D007A017B00121C52740212119E
:108EF000B1E970467510CB75110C78101211D4754C
:108F0000100875110078101211D47C007D007A01D0
:108F10007B00121C6474041211B1E9701D780C12EC
:108F200011D07C087D00A908AA09AB0A121B2C7479
:108F3000031211B1E9700302900575100878101240
:108F400011D47CCB7D0C7AE87B07797F121778747B
:108F5000021211B1780C1211D07C087D00A908AA68
:108F600009AB0A121B2C74031211B1E96071780C61
:108F70001211D07C087D00790C7A787B00121B2CB2
:108F800074031211B1E9701D75080C750978780821
:108F90001211D07C087D007ACB7B0C121B26740347
:108FA0001211B1803A7E00121B3E8A08EEFA74CB91
:108FB0002AF582E4340CF583E508F00EEEF8129001
:108FC00018EBF00EEEC3940640DD081290187430D2
:108FD000F00874CB28F582E4340CF58374F8F0754E
:108FE00008CB75090C78081211D4750808750900AA
:108FF00078081211D47C007D007A017B00121C5E7F
:1090000074041211B17ACB7B0C79E21221CE740870
:109010001211B17F0A020F2674CB2EF582E4340CB4
:10902000F58322C082C0837A207B0012227CD08309
:10903000D08202117E74F6120BD9121B3EEA9016F2
:10904000EDF09016FE7402F09016F17414F0901783
:1090500015740FF0A3F090197AE09016F4F09019BF
:1090600079E09016EEF0901978E09016EFF09016F7
:10907000F5E4F0A3F09016F804F0901755F0901670
:10908000F97405F0A37401F0901592E09016FBF0CE
:10909000901973E09016FCF0A3E4F0901976E0903C
:1090A00016FFF0901977E0901700129140A3E41298
:1090B00091407C087D0079007A067B17121B329064
:1090C000170E74FEF0A304F07C707D167A227B17D5
:1090D000121CCA90172AE4F090174F740FF0A37473
:1090E00003F0901679E0901753F0901678E09017FF
:1090F00052F090197CE0901754F0901751E4F075FD
:10910000085675091778081211D4750802750900F8
:1091100078081211D47C007D007A897B00121C64CF
:1091200074041211B1E96007901756E4F0A3F079C6
:1091300000122786901758E4F0A3F07F02020F2652
:10914000F0A374FEF0A304F02202117E74F6120B59
:10915000D9E9FEEAF8EBF9EE241F600424F070135D
:10916000EC5430600E121B3EEA540779002402F8DA
:10917000500109E8FAE9FB80C274EC120BD97510B2
:1091800000751100751200751300AEA8C2AF121958
:109190003A8A088B098C0A8D0BEEA2E792AF900CED
:1091A000D978081212CF70030292B48A0C8B0D8CFE
:1091B0000E8D0F900CD9780C12124C90830B780CFA
:1091C00012115940030292B4900CD9780812146419
:1091D0008010908393780C1213A890830378101258
:1091E00013A8908307780C12115940E67508197579
:1091F000090078081211D47403780C12111B900C1A
:10920000DDE0F508A3E0F509E4F50AF50B780C7943
:1092100008121395AA0CAB0DAC0EAD0F120DA8746D
:10922000021211B18A0C8B0D8C0E8D0F7410780CFC
:1092300012121B7810790C121395900CDDEAF0A332
:10924000EBF0A2AFE433FEC2AF900CDF7810121344
:109250005C9083A77808121482900CDF78081214AF
:109260002540417508E875090378081211D4900C5F
:10927000DF1214DE120DA874021211B18A0C8B0DCC
:109280008A088B098C0A8D0B7410780812121B90B7
:109290000CE3780812135CA80CA90DE4FAFB900CFF
:1092A000DF1214C6EEA2E092AFAA10AB11AC12AD61
:1092B00013121CAC7F0C020F26C082C08390079B48
:1092C000E4F090079AF08004A2E092AFD083D082BD
:1092D00002117E74F7120BD9E9FF7003121754AE16
:1092E000A8C2AF90079BE04FF0121A84EEA2E7806D
:1092F00003EEA2E092AF7F01020F2674F7120BD9A2
:10930000E9FE7003121754A8A8C2AF90079BE04E65
:10931000F0E880D974F7120BD9E9FE7003121754E4
:10932000A8A8C2AF74FF6EF990079BE059F0E8A2BD
:10933000E792AF121A7E80BEC082C083A8A8C2AFD7
:1093400090079BE4F090079A1293DEE8A2E792AFB1
:10935000121A000292CC74F7120BD9A2AFE433FEBA
:10936000C2AF90079BE06003121A84808474F712E6
:109370000BD9A2AFE433FEC2AF90079BE070199007
:109380000787E0A2E74011900789E0700B90079CE7
:10939000E0A2E74003121A8A0292F1C082C083A2BF
:1093A000AFE433F8C2AF90079AE070067401F0752D
:1093B000E1E3E80292C8C082C083A2AFE433F9C2FD
:1093C000AF90079AE06013E41293DEA8A8C2AF75CD
:1093D0009B0075E9FBE8A2E792AFE90292C8F0753D
:1093E000E1EF75E1ED75E1ED2274F0120BD974F83F
:1093F000121264852182852283EAF0A3EBF0A3ECAC
:10940000F0A3EDF08521828522837808121482ED85
:10941000C2E7F50B9019C7780C1214827808790C02
:10942000120DF985218285228350061214DE0294E2
:10943000FD7808121482908333780C121482780815
:10944000790C120E488521828522837808121482B5
:1094500040030294EBEDC2E7F50B85218285228360
:109460007808121464852182852283780812148278
:1094700078081209497808120AF274041214F5786F
:10948000081214648521828522837808121482745C
:10949000041214F5780C1214827808790C12021256
:1094A000908333780C1214827808790C12100960BA
:1094B0002374041214F578081214829019BF780CE2
:1094C0001214827808790C12023774041214F57899
:1094D0000812146474041214F57808121482AA088D
:1094E000AB09AC0AE50BB2E7FD8012780812094916
:1094F0007808120AF2AA08AB09AC0AAD0B7408127C
:1095000011B17F08020F2674E4120BD98A188B1947
:109510008C1A8D1B74201214F57810121482742486
:109520001214F5780C12148274281214F57814129F
:10953000148278147918120212850C08850D098599
:109540000E0A850F0B780879101202127814790828
:10955000120637741C1214F57808121482780879F0
:109560001812021278147908120451781479101222
:10957000023778147910120E48500E851018851194
:109580001985121A85131B800C85141885151985E9
:10959000161A85171B780C7918120E48500E850C78
:1095A00008850D09850E0A850F0B800C8518088526
:1095B0001909851A0A851B0BAA08AB09AC0AAD0B61
:1095C0007F14020F2674ED120BD989118A10EB8CCF
:1095D00012F9121742750C00750D00750E00750F0B
:1095E000007E008018AA10A91112173C8A088B0966
:1095F000E4F50AF50B780C79081213950EEEC39575
:109600001240E2851208E4F509F50AF50B780C79A9
:1096100008120B6AAA0CAB0D7F0B020F2674F7120F
:109620000BD9E97020900000E4F079FF121B98E557
:109630009D5418F860187408686013741068600E00
:1096400012175480097A0E7B1B79011217DE7F01F5
:10965000020F26C082C083E9F8901897E0F47006E4
:10966000E8F07901800279000296FA74F6120BD9BB
:10967000E9FEEAFF901897E0F4602B7A047B001271
:109680001B44EA4B601C8A828B8374C0F0EFA3A357
:10969000F0EE8A828B83A3A3A3F0901897E0F912CF
:1096A0001B507900800279017F02020F2674F712A5
:1096B0000BD9E9A2E5E433FA121B08809174F71282
:1096C0000BD912174EE9F8C394535025E8C3944FB1
:1096D00040047E0180027E00900CD3E0F8A3E0F904
:1096E000E849600AEEF9E0F5838882122CE0EE602A
:1096F0000479018002790002964ED083D082021153
:109700007EC082C0831219100296FA800300000006
:10971000EAF8EBF9E824FF1AE934FFFBE84970EDB9
:1097200002117E74F4120BD98908740F5508F50ADA
:10973000750B00740B780A12136FEA2400F8EB34EF
:1097400080F9E82400E9350BF985C70AA2AFE433B4
:10975000F509C2AFE508C4540FFAE5C754F84AF555
:10976000C7740C1214F5E0FAA3E0FB801C88828910
:1097700083E08C828D83F088828983A3A882A98369
:109780008C828D83A3AC82AD83EAFEEBFFEE24FFD7
:109790001AEF34FFFBEE4F70D4850AC7E509A2E04B
:1097A00092AF7F04020F2674F6120BD9ECFEED90F7
:1097B00005D3F0EEA3F0A37462F0A37473F0A3E0FA
:1097C000541FF0740A1214F5E0F508A3E0F509E55A
:1097D00008333354FC9005D8F074067808121455F9
:1097E000E5089005D7F09005D97412F0A37442F003
:1097F00075D1FE75D601EA906271F0EBA3F090622C
:1098000070E0D2E1F0E0A2E740FB7F02020F26C049
:1098100082C083E9C333906272F0906270E0D2E05C
:10982000F0D083D08202117EC082C08312986A7009
:1098300020E8601D740268700E12985A7003A3E04D
:1098400069700E7901800C7403687005121CC48065
:10985000027900D083D08202117E8A828B83E0F865
:10986000A3E0F98C828D83E068228A828B83A3A394
:10987000A3A3A3A3A3A3E0F88C828D83A3A3A3A394
:10988000A3A3A3A3E06822C082C0838C828D83A39C
:10989000A3A3A3A3A3A3A3E0F88A828B83A3A3A378
:1098A000A3A3A3A3A3F07403687005121CCA8012BB
:1098B0008C828D83E0F8A3E0F98A828B83E8F0A3A1
:1098C000E9F002985374F6120BD9750808EAFEEB1A
:1098D000FF8E828F83A3AA82AB83ECF8EDF9888296
:1098E0008983A3AC82AD838E828F83E0FE888289D8
:1098F00083E06E6004790080081508E50870CE7971
:10990000017F02020F2674F5120BD98C088D0975A0
:109910000A0078081211D07C087D00121B267403FF
:109920001211B17F03020F2674F6120BD97E00903C
:1099300005FDE014600914601124FE601A8025639F
:109940008C019005FEE055808009638C069005FE31
:10995000E05590700F800B638C089005FEE055A0D9
:1099600070027E01EEF50875090078081211D49096
:1099700005FEE0F50878081211D49005FDE0F50821
:1099800078081211D47ABB7B801216D0740612119B
:10999000B1EEA2E050047820800278409005FDE00E
:1099A00048FA9005FEE0F9121B087F02020F2653C9
:1099B000F5FE53FFFE02117EC082C0839005FF7446
:1099C00001F043AC01439A0253F7FE53F77F7A321A
:1099D0007B00121B20438C08D083D08202117E743E
:1099E000F7120BD9E99005FDF014600914600A2400
:1099F000FE600E8016E5898002E58A9005FEE4800F
:109A000009E58BA2E0E4339005FEF09082DF120FAF
:109A1000AB7A107B009005FBE0F9121C94740412E1
:109A200011B17F01020F26C082C0839005D27480DD
:109A3000F0D083D08202117E74F6120BD9E9FCEAD1
:109A4000FD7901ECC39408500E78008005E9C3331A
:109A5000F908E8C39C40F6E942F2ED14600814608E
:109A60000914600A800C7800800A7810800678203B
:109A7000800278309005D2E0FAEC484AF5B6E5B4B9
:109A8000A2E750FA74FF6952F2E5BAFAA9BBE9FB02
:109A9000C39400A2D265D03350047A007B00ED1449
:109AA000600814600D14601280188A088B0974080D
:109AB00080168A088B097406800E8A088B09740444
:109AC00080068A088B0974027808121405AA08AB6C
:109AD000097F02020F26C082C083E99005D2029A54
:109AE00030E9F875B60FE5B4A2E750FAE8C395BBC4
:109AF000500479018002790002117E75B60FE5B439
:109B0000A2E750FAE5BBF902117EC082C08374E37C
:109B10001212648521828522837401F01214F5E407
:109B2000F074021214F5E4F074031214F57430F0BA
:109B3000A3E4F0740A1214F57414F0A3E4F07412A0
:109B40001214F57414F0A3E4F074051214F5740AF9
:109B5000F074161214F57401F0741B1214F5EAF087
:109B6000A3EBF0121808AA21AB22790012180E7488
:109B70001D803374F7120BD9E97C087D0060067AEA
:109B8000A97B1880047AA17B18790012181A7F012A
:109B9000020F26C082C0837C087D007A997B1879E9
:109BA0000012181A80031211B1D083D08202117EE4
:109BB000D083D08202117EC082C0838019198C822A
:109BC0008D83E08A828B83F0A3AA82AB838C828D03
:109BD00083A3AC82AD83E970E480D5C082C083806A
:109BE0001D198A828B83E08C828D83F08A828B831D
:109BF000A3AA82AB838C828D83A3AC82AD83E970F0
:109C0000E080AD74F7120BD9EAFEEBFF8908E9702A
:109C1000031217548E828F83E0F5D9A3AE82AF83EF
:109C20001508E50870EE7F01020F2674F7120BD9B4
:109C3000EAFEEBFF8908E97003121754E5D98E821A
:109C40008F83F0A3AE82AF831508E50870EE80D64F
:109C5000C082C083E99005FBF0D083D08202117EE0
:109C6000C082C08312173612175A122870121808B1
:109C70001217D880E474F6120BD9EAFEEBFF548079
:109C800060188003121B4A9005FBE0F9121B5CEA86
:109C90004B70F1EEFAEF64808035EE54206006EEF2
:109CA0006420FA8031EE541060281217D29005FF1C
:109CB000E070179082CB120FAB7A107B009005FBFF
:109CC000E0F9121C9474041211B1EE6410FAEFFB67
:109CD00080047A007B007F02020F26C082C08312BC
:109CE0001820029C59C082C083121FD0121FD68038
:109CF0002DC082C0839015907402F0A37440F0A32D
:109D00007480F0A3E4F0A3F0A37450F0A374A0F067
:109D1000A3E4F090159A74A0F0A3E4F0A3F0D0832C
:109D2000D08202117EC082C08390195E1214BAE8FC
:109D3000494A4B90159D6008E054F0F044018006BC
:109D4000E054F0F04402F0E0540FF0A3E4F090157A
:109D50009DE04420F0A3748280C3C082C08390152C
:109D600013E4F090150DF0A3F0D083D08202117EA1
:109D700074F6120BD9E9FE9083B8E0F8EEC3984070
:109D8000047903803CA2AFE433FBC2AF75080175D0
:109D90000900EE780812136FAC08AD09EA7011ECF7
:109DA000F4F8EDF4F990150DE058F0A3E0598009AE
:109DB00090150DE04CF0A3E04DF0EBA2E092AF79EE
:109DC000007F02020F2674F0120BD98A088B098CCF
:109DD0000A8D0B74101214F5E0F8A3E0F9E8FAE923
:109DE000FB908333780C1214827808790C121009D6
:109DF000700E8A828B83E4F0A3F0FAFBFCFD8022D4
:109E0000EC33ED332482F83395E0F98A828B83E8D2
:109E1000F0A3E9F0AA08AB09ED5480443FFDECC281
:109E2000E7FC7F08020F26C082C0831216CA7A148C
:109E30007B00121BDA900CD7EAF0A3EBF07C147DC8
:109E4000007900121B3279001229EA7901122624C6
:109E50007902121760790312242C7904121EC27938
:109E600005121CEE7906122C727907121E20790851
:109E70001216A0790912172AD083D08202117EEE21
:109E8000C0E0E9FA7B00122CDDD0E0FE02117E7406
:109E9000F6120BD974FE121264740C12123485215E
:109EA00082852283E8F0A3E9F0A821A92288088905
:109EB0000978081211D4E4F508F50978081211D4CC
:109EC0007C527D2212225E74041211B174021211AE
:109ED000B17F02020F26F0D083D08202117EC082B1
:109EE000C0839061A5E0D2E2F0900713E0C3941222
:109EF000502D900741E0906172F0900742E0906130
:109F000073F0900745E0906174F0900746E090612F
:109F100075F079087C557D077A6A7B611219529039
:109F20006180E4F0E0440980ADC082C08390189560
:109F3000E06033E59E70FC439403E594A2E250FA9E
:109F4000E0640270081219E81219F48011E064014B
:109F50006003121754E59DA2E640031217549018AF
:109F600095E4F0121A78D083D08202117EC082C0AC
:109F7000839018F67401F0A3F0901904E4F0A3F0B4
:109F800090190AF0A3F0901906F0A3F0A3F0A3F043
:109F9000901559F0A3F0D083D08202117EC082C008
:109FA00083852182852283E0F8A3E0F9E8496012E5
:109FB0008A828B83ECF0A3E824FF18E934FFF94888
:109FC00070F2D083D08202117EC3EB9400A2D265DE
:109FD000D0334005EAF8EB8006C3E49AF8E49BF935
:109FE000E8FAE9FB02117E7405F5D574D3F5D47453
:0A9FF00005F5D374DBF5D202117EF3
:04000005000014459E
:00000001FF
