:020000040000FA
:060000000214A80208D260
:03001300020A28B6
:03002B0002123787
:030033000210DADE
:03003B00020A7D39
:0300530002080799
:100083000208660100F0FF0700080000FFFF000000
:100093000704000000030001FF18102700000020E0
:1000A300FD000206FFFFFE0400000004E5C6FE0695
:1000B300001F0000AC03FE06001F00B4AC741E0357
:1000C3000077011D182318771E00000000000000B0
:1000D300000000000000000000000000000000001D
:1000E300000000000000000000000000000000000D
:1000F3000000009B1E000000000000000000000044
:100103000000000101E803D00732006400DC009422
:1001130002000000000000000000000000000000DA
:100123000000000000000000000000FF00000000CD
:1001330000000000000000000000000000000104B7
:10014300010C0002067E820000000204010C000282
:1001530002E88300000001040000B115000000E87C
:10016300030000FFFF0E1688130000E8030000647D
:10017300006400B801A0BB0D00A0BB0D0002020289
:10018300070401010A1E02051E020A0A01010108F1
:1001930009080103B80B02803E0102FEFFE8030ACF
:1001A300050001FFFF010A011401E00100B0423B19
:1001B300AAB83F0000003F8C906339AA0CA33A0011
:1001C300941E3C8042633DCFFE753E1572313F0065
:1001D30000803FF304353F8096184B30313233347F
:1001E300353637383941424344454600286E756CED
:1001F3006C20706F696E746572290030313233344C
:100203003536373839616263646566003F3F3F00C6
:100213000000807FF9021550B743BA5100E7DB2E87
:100223000000A040000080BF2292D43EDD9B2A3F05
:1002330004000040FFFF7F7FFFFF7FFF010080344A
:100243001872313F01050301010F10FEFFF735005E
:10025300000000693400000000FF000000FF0012EE
:1002630014D660461214F4603DE9687008F618F677
:1002730018F618F622748067F712029609090974B2
:100283008067F7221214F4601D1214D67005191931
:1002930019801A121384701F121334C37003E66794
:1002A3003319191940071818182208080874FFF69B
:1002B30018F618F618F62212133460171215747014
:1002C3002192F01215627019501720F014080808D3
:1002D300090909E7F61819E7F61819E7F61819E7EF
:1002E300F62212156260E6E869701F0808E62480AA
:1002F300F608E436F618547FB47F0CE654806007A2
:10030300F6E418F618F622181822E9C6CC08C6CD6A
:1003130008C6CE08C6CFC0E0E8C0E0EAC0E0EBC044
:10032300E009E9F809E7FA09E7FBE6F918E6F8C393
:10033300EC98ED99EE9AEBC2E7F5F0EFC2E795F092
:10034300500E600CEBCFFBEACEFAE9CDF9E8CCF81E
:10035300EAA2E7D2E7FAEB33FB13F5F0EEA2E7D21A
:10036300E7FEEF33FFC5F013A2E730E601B313C591
:10037300F0C3C0E0C0F07F00C39BFB605E941860D5
:100383000F401D14601AD0E023F9D0E0F80204688E
:100393008AF0E9486003D2F0E4AFF0FAF9F8803B61
:1003A300EB30E40D89F0EA6003D2F0E4AFF0F9CA70
:1003B300F8EB30E30D88F0EF6002D2F0AFF0E4CA5F
:1003C300C9F8EB54076014FBC3EA13FAE913F9E81D
:1003D30013F8EF135002D2E0FFDBEDD0E0C0E030C2
:1003E300E739C3E49FFFF5F0EC98FC42F0ED99FD8B
:1003F30042F0EE9AFE42F0D0E0F9D0E0F8E5F0608A
:100403007AE923F9EE20E742D8028067C3EF33FF8E
:10041300EC33FCED33FDEE33FE80EAEC28FCED39E2
:10042300FDEE3AFED0E023F9D0E0F84002801BC392
:10043300EE13FEED13FDEC13FCEF135002D2E0FFBD
:1004430008B800067F7F74FF802EEF3350178CF0BF
:1004530020F00260100CBC000C0DBD00080EBE00A5
:100463000408E860DFE933E813FFEE2313FE4F4D82
:100473004C8008E95480FFE4FEFDFCEE33EF33F4D7
:100483007004FCFD7E80D0E0FBD0E0FAD0E0F8D031
:10049300E0CFC618CEC618CDC618CCC6F9221214A2
:1004A300F47004181818221214D6700D74FFF6187D
:1004B30019F61819F61819F622E7548066F612157C
:1004C30062700F12157470F014F608F608F608F649
:1004D30080D1121574700CF608F608768008E6448D
:1004E3007F80EC121337700C12138760BFE65480C1
:1004F300F6E480BB121387700519191980A5E86902
:10050300700C763F18768018F618F6E8F922E6CDD7
:10051300C0E018ECC0E0E633CD33CDD313F6E719D2
:10052300FCE7191933CC33C3947F400ECD9D50247F
:1005330008E65480F6E418F6800FF4043D145014D2
:1005430008E6447FF6187680E418F618F6D0E0FC47
:10055300D0E0FD22CCD313CCFD18E4C6CBC0E01809
:10056300E4C6CAC0E00808ED08C633E613F618E48B
:1005730033C675F003C3CA97CA09CB97CB199C40FE
:10058300047D08802EBD000302064A16B6FF050649
:1005930006081618C3CA33CACB33CB33CA27CA09D2
:1005A300CB37CB193CC37D08803E187D0820E75C20
:1005B300C633C6CA33CACB33CB33DDF1D5F0EB3008
:1005C300E77BCA97CA09CB974ACB199C406F4B70FC
:1005D30025E620E0218066187D08C3CA97CA09CBA7
:1005E30097CB199CD3C633C6CA33CACB33CB33504C
:1005F300C9DDE7D5F0E1D3E4C636C608C636C6087A
:10060300C636C608C636C61818188031C3CA97CA74
:1006130009CB97CB199CB34097C633C6CA33CACB11
:1006230033CB33DD34D5F02EC6A2E0C640C8CA278B
:10063300CA09CB37194A70BECB3CB480B90808E667
:100643003308E633601F181818D0E0FAD0E0FBD067
:10065300E0FCD0E0FD22187D08CA27CA09CB37CBBE
:10066300193CD3808013F618E4B67F11F618B6FF51
:100673000EF618C60470D20808768080CAF618F6FB
:1006830018F680C5001214F4604F1214D66012E7F6
:10069300548066F61213847011121574703B0909A5
:1006A30009F4F618F618F618F62212133470151218
:1006B300156208080860EAE6447FF618768018E4B5
:1006C300F618F62212156260161215747012E4F60B
:1006D30008F608F608E65480F609090918181822DE
:1006E300EAC0E0EBC0E0ECC0E0EDC0E0E687F0A4D8
:1006F300FBACF008E687F0A42CFCE435F0FA18090B
:10070300E687F0A42C4B60027401CA35F0FCE43395
:10071300FB09E687F0D2F7A42CCB35F0FC1908E6E9
:1007230087F0A42BCC35F0FBE433FD0819E687F002
:10073300D2E7A42C4ACB35F0CD3400FC09E687F090
:10074300D2E7A42DCC35F0FDE433FA0918E687F09F
:10075300D2F7A42CCD35F0CA3400FC08E687F0D2DA
:10076300E7D2F7A42ACC35F07A7E20E70B0ACB3305
:10077300CBCD33CDCC33CC33CB3350147004ED30ED
:10078300E00ED2F1E4CD3DCDCC3CCC3B5005DA05B7
:10079300C2F1EB547FC63308E63392F0FBE733092B
:1007A300E733C39A502D2B70190C0D4C4D7015184F
:1007B30006E608C333700D20F10AA2F013F6E4181D
:1007C300800B4024E4F630F002768018F618F61811
:1007D300F68024D33B14501074FFA2F013F618765E
:1007E30080E418F618F6800FA2F013F618E6330328
:1007F300F618ECF618EDF6D0E0FDD0E0FCD0E0FB07
:10080300D0E0FA22C0E074F1120C95A2AFE433F504
:1008130009D2AF85A708AFA1EF5508FE74105E603B
:10082300061218E975A1EF74085E60081218EF75D7
:10083300A1F78024EFA2E092F0E508A2E082F05055
:1008430017906198E0F8900564E0C398A2D265D050
:10085300335002E8F075A1FEE509A2E092AF7F02F2
:10086300020CF4C0E074F2120C95A2AFE433FED292
:10087300AF9061A4E0F8759B00E5915854086008B7
:100883007591F712193D8023E5915854106008754E
:1008930091EF1219438014E591A2E092F0E8A2E0EF
:1008A30082F05007E0C2E0F0121A8D9061A3E0F8E5
:1008B300E5E9585404600E121A6375E9FB906193DD
:1008C300E0A2E640F2EEA2E092AF7F01020CF4C098
:1008D300E074F2120C95A2AFE433FED2AF9061A59F
:1008E300E0F8E5BF585404600675BFFB121AA580F3
:1008F300D412093F30F039120984803412093F20A1
:10090300F01430E72B74FFFCFBFA747F8022E4FCC5
:10091300FBFA7480801AB48008BC00F2BB00EF803D
:100923000F50EBF9E4C39AFAE49BFBE49CFCE499D3
:10093300C6CC18C6CB18C6CA18C6F922E4C9C6085D
:10094300CAC608CBC6D3330308CCC63392F0C394CC
:100953007F402E94184019C9B90704CACBCC225042
:1009630025C309CA33CACB33CBCC33CC33D9F42216
:10097300F4600DC9CCC313CB13CBCA13CAD9F6CCBD
:1009830022E4FCFBFA2214FCFBFA22C3E498F8E409
:1009930099F91209CF8026C3E49AFAE49BFBE92074
:1009A300E7E91209CFE498F8E499F922C3E498F847
:1009B300E499F91209CFE498F8E499F9C3E49AFAAF
:1009C300E49BFB22EB20E7CFE920E7E0B90010BB73
:1009D3000008E88AF084F8AAF022E4FBC8FA22EBC4
:1009E30070227B10C833C8C933C9335007C39AC3B5
:1009F300DBF280069A50012ADBEAC833F4C8C93314
:100A0300F4C9FA2275F008E4C833C8C933C933C935
:100A13009AC99B5004C92AC93BD5F0ECFBC833F4EF
:100A2300C8E4C9FA22C0E0C0D0E8C0E0E9C0E0C031
:100A330082C083A8C1E8C0E09004D1E0F8745028D4
:100A4300F582E43404F583D0E0F09004D0E0F8A319
:100A5300E0687006E5959004D3F09004D1E004F0CB
:100A6300C394804002E4F0A374C6F0D083D082D054
:100A7300E0F9D0E0F8D0D0D0E032C0E0C0D0E8C098
:100A8300E0E9C0E0C082C083900554E0F8A3E068C9
:100A93007008539AFBA374018022C2E9900554E0C5
:100AA300F8740128F074D428F582E43404F583E063
:100AB300F5C1900554E0C394804002E4F080AC0893
:100AC3000808EAC0E0EBC0E086F0E7A4FA1809865C
:100AD300F0E7A42AFA180986F0E7A42AFA18098687
:100AE300F0E7A42AFA1986F0E7A4FBE5F02AFA193D
:100AF3000886F0E7A42BFBE5F03AFA190886F0E73D
:100B0300A42BFBE5F03AFA18180986F0E7A4C5F020
:100B13002BFBE43AFA1908E7C5F0C6A426F6E5F07C
:100B23003BFBE43AFA1886F0E7A4F6E5F00826F66C
:100B3300E43B08F6E43A08F6D0E0FBD0E0FA2208FA
:100B43000808E630E711121348120B5A080808C6C2
:100B53004480C618181822181818E9799EC608CABE
:100B6300C608CBC608CCC6C370207996CACBCC7056
:100B730019798ECBCC70137986CC700EF9802ACA82
:100B830033CACB33CBCC33CC331930E7F2CCCBCA1B
:100B93003350147004EA30E00DE4CA3ACACB3BCBBD
:100BA300CC3CCC500209C3E913C6CC182313C6CBE3
:100BB30018C6CA18C6F922E4CFC0E0E4CEC0E0E408
:100BC300CDC0E0E4CCC0E075F020E626F608E633BD
:100BD300F608E633F608E633F6181818EC33FCED9E
:100BE30033FDEE33FEEF33FFC3EC9709ED9709EEC8
:100BF3009709EF97191919400FFFEC97FC09ED9727
:100C0300FD09EE97FE191906D5F0BFECF709EDF7CC
:100C130009EEF709EFF7191919D0E0FCD0E0FDD080
:100C2300E0FED0E0FF222521C582C0E0E52234FFAB
:100C3300C583C0E0E521C3958224F810AF088583FE
:100C4300228582218008858322858221D2AFCEF03E
:100C5300A3E520F0A37808E608F0A3DEFAEFF0A3FB
:100C6300E58124FAF8E608F0A3E608F0A3E608F025
:100C7300A30808E608F0A3E608F0A315811581D0C0
:100C8300E0FED0E0F8158115811581E8C0E0EEC0E3
:100C9300E022C0D02521C582C0E0E52234FFC58310
:100CA300C0E0E521C3958224F310AF088583228534
:100CB30082218008858322858221D2AFC8F0A3E9EF
:100CC300F0A3EAF0A3EBF0A37908E709F0A3D8FABD
:100CD300ECF0A3EDF0A3EEF0A3EFF0A3D0E0F0A3CC
:100CE300D0E0F0A3D0E0F0A3E520F0A3E5F0F0A37B
:100CF30022852283852182E0C0E0A3E0F9A3E0FA04
:100D0300A3E0FBA37808E0F608A3DFFAE0FCA3E086
:100D1300FDA3E0FEA3E0FFA3E0C0E0A3E0C0E0A3E7
:100D2300E0F5D0A3E0F520A3E0A3F5F010AF08852C
:100D330083228582218008858322858221D2AFD0B8
:100D430082D083D0E0F8D0E03212134B1818181277
:100D53000BBA121457191919221214571919190811
:100D63000808E618181820E7E0120BBA12134B18FC
:100D7300181822090909E719191920E7DC080808D6
:100D8300E618181820E703020BBA12134B181818A9
:100D9300120BBA12134B18181812145719191922D7
:100DA30012154DB90003020DE2E490035178BA79AC
:100DB300168002F0A3D8FCD9FA7A0A7B1990008630
:100DC30078DD79028015E493A3AD82AE838A828BAA
:100DD30083F0A3AA82AB838D828E83D8E9D9E7758A
:100DE30082057583FE74041211C87582917583316F
:100DF30074001211C875F0108E238F248582288504
:100E03008327852182852283E0CEA3E0CF852882B4
:100E1300852783EBC9EAC8EDCBECCAC3E833C8E93D
:100E230033C9EA33CAEB33CBC3EA9EF526EB9FF50E
:100E330025B35004AB25AA26EC33CCED33CDD5F046
:100E4300DAAE23AF24221214F4601C1214D66017F6
:100E530012156270071215747001D322C0D01215D7
:100E6300747006D0D0B322C32233D0D0501430E0F4
:100E7300F6C3E7960809E7960809E7960809E7968F
:100E8300B32220E0D5E6970809E6970809E6970814
:100E930009E697B3221214F4601B1214D6601612DB
:100EA30015627007121574600CB322C0D01215744A
:100EB3007005D0D022C32233D0D0501330E0EBC31F
:100EC300E7960809E7960809E7960809E7962220B6
:100ED300E0E4E6970809E6970809E6970809E69724
:100EE30022D083D082ECC0E0EDC0E0E493A3FCE425
:100EF30093A3FDED4C600D120FBCEC24FFFCED340D
:100F0300FFFD80EFE493A3FCE493A3FDED4C600DA0
:100F1300121085EC24FFFCED34FFFD80EFD0E0FDE3
:100F2300D0E0FCE493A3C0E0E493C0E022852283F5
:100F3300852182E0A3FEE0A3F5207808E0A3F6086C
:100F4300DFFAE0A3FFE0A3C0E0E0A3C0E0E0A3C0BA
:100F5300E0E0A3C0E0E0A3C0E010AF0885822185F4
:100F630083228008858221858322D2AFD083D082D9
:100F73000211CED083D082E9C0E0E493A3C386F00C
:100F8300C5F095F0F908E493A386F0C5F095F070E9
:100F93000BE493A3C3994005E9048002A3E475F02D
:100FA30002A42582F582E5F03583F583D0E0F9E4E8
:100FB30093A3C0E0E493C0E022C0E0C3E4939608A7
:100FC3007401939618400FE49366700808740193B4
:100FD300661870007019A3A3C3E493960874019371
:100FE3009618A3A3400DD0E0D0E0D0E0020F20A3D9
:100FF300A3A3A3A3A3D0E0227404800474028000FB
:10100300CCC0E0EDC0E0E521C39CCCAD2250011D76
:1010130010AF068C218D2280068C218D22D2AF1237
:10102300114AD0E0FDD0E0FC2274028000CCC0E085
:10103300EDC0E0E521C39CCCAD2250011D10AF06ED
:101043008C218D2280068C218D22D2AF121128D0C3
:10105300E0FDD0E0FC221214F460251214D66020C7
:101063001215627003021574080808E766701018F9
:1010730019E766700A1819E76670041819E76622FB
:10108300F422C0E0C0F088F0E493667008087401AD
:101093009366187000A8F0A3A3700BD0F0D0E0D033
:1010A300E0D0E0020F20A3A3D0F0D0E022D083D081
:1010B30082CCC0E0E493A3600612116B1470FAE4CF
:1010C30093A360061212CA1470FAD0E0FCE493A34F
:1010D300C0E0E493C0E022C0E074F2120C95A2AF2A
:1010E300E433FED2AFE58BA2E05005790412183B3E
:1010F300758B00C2E8EEA2E092AF7F01020CF4C050
:1011030008C3E096F50808A3E096420808A3E09612
:10111300420808A3E0964208A2D265D033E50870DE
:1011230001D3D00822CAC0E0E493A3C582CCC58210
:10113300C583CDC583F0A3C582CCC582C583CDC588
:1011430083DAE5D0E0CA22CAC0E0E0A3C582CCC5F9
:1011530082C583CDC583F0A3C582CCC582C583CDAB
:10116300C583DAE6D0E0CA22C0E0E493A3D39C505F
:1011730010E493A3C39C400AD0E0D0E0D0E0021077
:10118300CDA3A3A3D0E02270090808082260161893
:101193001818C6C333C608C633C608C633C608C63E
:1011A30033C6D5E0EA22C008C3E096F50808A3E0F9
:1011B30096420808A3E096420808A3E09645087003
:1011C30001D3D00822C09FF59FE473D09F22D08320
:1011D300D082C09FE493C0E0740193C0E074029393
:1011E300F59F222521F58210AF08F521400C152229
:1011F3008008F52140021522D2AF8522832200C048
:10120300D0252110AF08F521500C05228008F521C7
:1012130050020522D2AFD0D0227404800A74038016
:1012230006740280027401C0E0F4041211E6D0E0F7
:1012330012151022C0E0C0D0E8C0E0A8A8D2AFC207
:10124300C7E8A2E792AFD0E0F8D0D0D0E032BB013C
:1012530002E722C082C08389828A83BB0003E080C5
:1012630002E493D083D082226016080808C6C31311
:10127300C618C613C618C613C618C613C6D5E0EAE1
:10128300222521F8E43522F9222521FAE43522FB2F
:10129300222521FCE43522FD22C3E0C696F608A3ED
:1012A300E0C696F608A3E0C696F608A3E0C696F64F
:1012B30022252110AF08F521400C15228008F521C5
:1012C30040021522D2AF22C0E0E493A36C7009D090
:1012D300E0D0E0D0E00210CDA3A3D0E022C3E79694
:1012E3000809E7960809E7960809E796A2D265D0A8
:1012F3003322E76670100809E766700A0809E76693
:1013030070040809E76622C3E09608A3E09608A3E1
:10131300E09608A3E096A2D265D03322E06670106F
:1013230008A3E066700A08A3E066700408A3E066F9
:1013330022191919E70947097009E727097005E711
:1013430033F4220922181818E4C396F608E496F633
:1013530008E496F608E496F622C3E096F008A3E0C4
:1013630096F008A3E096F008A3E096F022C3E69770
:10137300F60809E697F60809E697F60809E697F6E8
:1013830022181818E60846087009E626087005E6CC
:1013930033F4220822C3E4939608740193960874E5
:1013A300029396087403939622E026F608A3E03688
:1013B300F608A3E036F608A3E036F622E627F60899
:1013C30009E637F60809E637F60809E637F6227024
:1013D3000422600D18C6C333C608C633C6D5E0F46D
:1013E3001822E657F60809E657F60809E657F608FD
:1013F30009E657F622E056F608A3E056F608A3E0FE
:1014030056F608A3E056F622E026F008A3E036F0ED
:1014130008A3E036F008A3E036F022E056F008A374
:10142300E056F008A3E056F008A3E056F022E49358
:10143300F608740193F608740293F608740393F69E
:1014430022E647F60809E647F60809E647F60809DB
:10145300E647F622E4C397F709E497F709E497F719
:1014630009E497F722600D08C6A2E713C618C6134E
:10147300C6D5E0F322C6F4C608C6F4C608C6F4C649
:1014830008C6F4C622C3E09608A3E09608A3E09634
:1014930008A3E09622C3E7960809E7960809E796AA
:1014A3000809E7962275D00075813F752151752291
:1014B3000300020DA3600C08C6C313C618C613C6E7
:1014C300D5E0F422E6F008A3E6F008A3E6F008A3CB
:1014D300E6F022E7094709C3134709336002E733FC
:1014E300F422E0F608A3E0F608A3E0F608A3E0F68A
:1014F30022E6084608C3134608336002E633F422A3
:10150300800100E9F874FF28F90470F622CAC0E0EC
:10151300E6F0A308DAFAD0E0FA22E0F8A3E0F9A3B0
:10152300E0FAA3E0FB22E8F0A3E9F0A3EAF0A3EBDF
:10153300F022EAF0A3EBF0A3ECF0A3EDF022E0FA43
:10154300A3E0FBA3E0FCA3E0FD22E5C754F84401BC
:10155300F5C77901222521F582E43522F58322E6B8
:101563002618461846184622C2AF75D69F020000B9
:1015730022E727194719471947221211D15BE103C3
:101583001211D18AE1031211D190E2031211D1BADF
:10159300E2031211D10EE3031211D1E2E30312119C
:1015A300D110E6031211D1BEE6031211D12BE903C8
:1015B3001211D1B0E9031211D1B3EC031211D1E727
:1015C300EE031211D123EF031211D17CF003121198
:1015D300D18FF0031211D1CCF0031211D195F20384
:1015E3001211D161DC051211D1DDDC051211D1100C
:1015F300DD051211D13EDD051211D17CDD0512117D
:10160300D1B9DF051211D1D8DF051211D11DE005C3
:101613001211D1B3E0051211D1FFE0051211D193DC
:10162300E1051211D16CE2051211D1C8E2051211C4
:10163300D126E3051211D199E3051211D1DDE3059A
:101643001211D135E4051211D157E4051211D1E776
:10165300E4051211D178E5051211D1C4E505121183
:10166300D1F0E5051211D131E6051211D1C7E70515
:101673001211D1B3E8051211D18EE9051211D10C63
:10168300BB051211D1A0BB051211D108BC05121163
:10169300D12DBD051211D1B7BD051211D142BE0521
:1016A3001211D17EBE051211D117BF051211D1AC93
:1016B300BF051211D17FC0051211D161C2051211EC
:1016C300D157C3051211D1F6C3051211D14BC4056D
:1016D3001211D1B9C4051211D1C5C7051211D1EF29
:1016E300C9051211D1F0CA051211D12ECC05121160
:1016F300D139CC051211D1C3B1061211D1EFB10604
:101703001211D10AB2061211D12FB2061211D1CF82
:10171300B2061211D175B3061211D19FB30612117D
:10172300D106C3061211D10BC3061211D13EC30653
:101733001211D19CFB021211D138FC021211D1C13A
:10174300FC021211D162FD021211D1C7FD02121166
:10175300D1EAFD021211D12EFE021211D14BFE026B
:101763001211D190FE021211D1EEFE021211D141DB
:10177300FF021211D176FF021211D1CBFD03121118
:10178300D18AFE031211D16FFF031211D1BABE0623
:101793001211D1CBBE061211D169BF061211D17439
:1017A300BF061211D18EBF061211D1F1FF03121120
:1017B300D1EC7F001211D1E3C0061211D1F3C006A0
:1017C3001211D108C1061211D16EC1061211D1B680
:1017D300BB061211D13ABC061211D1A2BC061211DA
:1017E300D1E89B061211D1FC9B061211D1729C0603
:1017F3001211D1C19C061211D1F69C061211D11BF4
:101803009D061211D13E9D061211D1799D0612112A
:10181300D1A69D061211D1ED9D061211D1079E0688
:101823001211D1A69E061211D1BBBD061211D142CF
:10183300BE061211D14BBE061211D172BE06121191
:10184300D11DC4061211D1C6AA061211D110AB06BE
:101853001211D1A6AB061211D12CAC061211D15E16
:10186300AC061211D176AC061211D1EAAC061211F4
:10187300D100AD061211D113AD061211D11DAD0663
:101883001211D1D7FA051211D103FB051211D16D33
:10189300FD051211D1ADFD051211D1E9FD0512119E
:1018A300D1FDFD051211D116FE051211D108FF0558
:1018B3001211D1BBFF051211D1CFFF051211D1EACD
:1018C300B5061211D10EB6061211D127B6061211A2
:1018D300D165B6061211D195B6061211D1C2B6065C
:1018E3001211D128B7061211D12BB7061211D13517
:1018F300B7061211D142B7061211D11FA806121151
:10190300D13FA8061211D17EA8061211D19CA806B8
:101913001211D1B7A8061211D11DA9061211D1298E
:10192300A9061211D186A9061211D195A906121181
:10193300D1B9A9061211D17AAA061211D187AA0622
:101943001211D198AA061211D14CC3061211D164F7
:10195300C3061211D190C3061211D1FA84061211D3
:10196300D15486061211D16286061211D1758606EC
:101973001211D18A86061211D19F86061211D1B295
:1019830086061211D12E87061211D19387061211E2
:10199300D12988061211D10289061211D1128906A2
:1019A3001211D12189061211D14AC0061211D16E2A
:1019B300C0061211D196C0061211D1BEC006121173
:1019C300D130AD061211D157AD061211D175AD0646
:1019D3001211D1E4AD061211D14CA5061211D16535
:1019E300A5061211D171A5061211D185A5061211F2
:1019F300D1A3A5061211D1ADA5061211D1B7A50623
:101A03001211D1CAA5061211D150A6061211D1C5C1
:101A1300A6061211D1F4A6061211D142A70612117D
:101A2300D191A7061211D1ACA7061211D1B6A70600
:101A33001211D1C7A7061211D10AA8061211D1B5E6
:101A4300FF021211D168EA051211D194EA051211AD
:101A5300D1B1EA051211D1C4EA051211D1DFEA05A9
:101A63001211D139EB051211D167EB051211D177A0
:101A7300EF051211D1D5F0051211D107F10512119D
:101A8300D16AF1051211D1D6F2051211D1FEF20578
:101A93001211D113F3051211D123F3051211D163DE
:101AA300F3051211D1A5F3051211D1B5F3051211E6
:101AB300D14CB7061211D166B7061211D18EB706F3
:101AC3001211D1A7B7061211D1CBB7061211D1E962
:101AD300B7061211D100B8061211D12EB806121191
:101AE300D149B8061211D1D9C3061211D1149506E2
:101AF3001211D12495061211D12996061211D15B28
:101B030096061211D18B96061211D1AE96061211BA
:101B1300D1C596061211D1FF96061211D16497060C
:101B23001211D1A697061211D1ED97061211D11AEF
:101B330098061211D14598061211D167FE011211B0
:101B4300D187FE011211D19BFF011211D19EFF011A
:101B53001211D1B0BA061211D1E6BA061211D1FE92
:101B6300BA061211D140BB061211D150BB06121195
:101B7300D194BB061211D19EBB061211D1E5F30518
:101B83001211D128F4051211D18DF4051211D1AC23
:101B9300F4051211D14EF5051211D157F5051211A5
:101BA300D1A8F5051211D1D1F5051211D1DEF50534
:101BB3001211D150F6051211D1DEF6051211D123FF
:101BC300F7051211D15CF7051211D1C1F7051211F6
:101BD300D1EAF7051211D161F8051211D1B0F80558
:101BE3001211D1EDF8051211D122F9051211D134D8
:101BF300F9051211D146F9051211D165F905121132
:101C0300D16EF9051211D12AFA051211D16DFA0517
:101C13001211D1ABFA051211D14FC2061211D1AC78
:101C23007E001211D185AF061211D1BBAF0612117E
:101C3300D103B0061211D15CB1061211D17B940508
:101C43001211D1A195051211D1DD95051211D19B68
:101C530097051211D1C997051211D1339A051211A3
:101C6300D1739A051211D1159C051211D1AB9C05A4
:101C73001211D1059D051211D1959D051211D1D9CE
:101C83009D051211D11B9E051211D1809F051211C2
:101C9300D100A1051211D141A3051211D16FA305E2
:101CA3001211D19BA3051211D1A4A3051211D101C5
:101CB300A4051211D19AA4051211D1B1A7051211CD
:101CC300D137A8051211D178C1061211D18EC106E0
:101CD3001211D198C1061211D15289061211D1687D
:101CE30089061211D10C8A061211D14B8A061211E0
:101CF300D1688A061211D1998A061211D1E68A0691
:101D03001211D11A8B061211D1558B061211D14A19
:101D13008D061211D1BBBC061211D11ABD061211C8
:101D2300D158BD061211D199BD061211D19DBF061E
:101D33001211D106C0061211D126C0061211D19A72
:101D4300B9061211D158BA061211D100800412112A
:101D5300D10C80041211D16E80041211D178800449
:101D63001211D10781041211D14381041211D1350B
:101D730082041211D19282041211D1208304121110
:101D8300D17183041211D1F183041211D1B78504E7
:101D93001211D1B187041211D1B388041211D1E504
:101DA30089041211D13B8C041211D17D8D041211BF
:101DB300D1238E041211D1E192041211D1DE9304C6
:101DC3001211D17494041211D1A494041211D141AB
:101DD30095041211D15E95041211D17E950412114E
:101DE300D1EC95041211D10996041211D13796043E
:101DF3001211D1D197041211D1F297041211D19873
:101E030098041211D1E098041211D13E99041211D1
:101E1300D1DC99041211D1419A041211D1AA9A0466
:101E23001211D1E89A041211D19A9B041211D1050F
:101E33009C041211D1419C041211D1B29C041211C1
:101E4300D1FD9D041211D18D9F041211D126A0043E
:101E53001211D177A2041211D1DCA2041211D10AFA
:101E6300A3041211D150A8041211D114AB041211FE
:101E7300D114AC041211D10080051211D1208005B8
:101E83001211D15883051211D15585051211D1F2C2
:101E930087051211D13489051211D16689051211F2
:101EA300D18F89051211D1B589051211D1018A0586
:101EB3001211D19A8B051211D1FA8B051211D10689
:101EC3008D051211D1188D051211D1CC8D0512116A
:101ED300D1DD8D051211D1B88E051211D1C18F0537
:101EE3001211D13A90051211D1D390051211D1A23A
:101EF30091051211D1EE92051211D1BB9305121166
:101F0300D1CBFF011211D1309F061211D1EF9F06E1
:101F13001211D155A0061211D104A1061211D1CC70
:101F2300CB041211D1FBCB041211D17FCC041211BB
:101F3300D1E2CD041211D1CCCE041211D188D00438
:101F43001211D1ADD0041211D1FFD0041211D191CD
:101F5300D1041211D1DDD1041211D1F0D104121127
:101F6300D14DD2041211D11AD3041211D18CD3043E
:101F73001211D1C3D3041211D10CD4041211D1B450
:101F8300D5041211D193D6041211D1E1D704121141
:101F9300D1C4D8041211D150D9041211D189D90452
:101FA3001211D1A8D9041211D1F3D9041211D113EA
:101FB300DA041211D1D0DA041211D1F3DB041211B5
:101FC300D14EDC041211D194DC041211D19CDD0436
:101FD3001211D137E0041211D15DE0041211D1D8EE
:101FE300E0041211D1FDE0041211D171E1041211C8
:101FF300D14FE2041211D18DE2041211D117E3047F
:102003001211D130E4041211D133E4041211D13D81
:10201300E4041211D147E4041211D163E404121150
:10202300D1D5E4041211D10EE5041211D13AE5041D
:102033001211D161E5041211D185E5041211D1C049
:10204300E5041211D133E6041211D167E60412112B
:10205300D171E6041211D1ADE6041211D1E2E60406
:102063001211D101E7041211D193C3061211D1AB9E
:10207300C3061211D1FBFF011211D1FDAF041211DE
:10208300D120B0041211D17EB1041211D1C7B10411
:102093001211D133B2041211D191B2041211D1949D
:1020A300B2041211D1E5B2041211D15AB3041211C0
:1020B300D1EAB3041211D1EDB3041211D16EB404F9
:1020C3001211D1AFB4041211D1D4B8041211D17EBC
:1020D300BA041211D1D2BA041211D161BE04121181
:1020E300D199BF041211D16DC0041211D1D7C0040C
:1020F3001211D101C1041211D1BAC2041211D19D1E
:10210300C4041211D14CC5041211D1E9C504121132
:10211300D1D4C6041211D13CC9041211D196CA04F8
:102123001211D104CB041211D196A8051211D1407A
:10213300A9051211D1ABA9051211D1C6A905121116
:10214300D147AA051211D1A1AA051211D1E8AA05F6
:102153001211D147AB051211D159AC051211D1821D
:10216300AF051211D1B2B0051211D13AB105121156
:10217300D143B3051211D1F5B3051211D1C1B40581
:102183001211D17CB6051211D11AB8051211D1A7BB
:10219300B8051211D1CDB9051211D104D90212110A
:1021A300D167D9021211D1AFD9021211D1F3D902D9
:1021B3001211D14EDA021211D1ABDA021211D1E6A9
:1021C300DA021211D168DB021211D1C2DB02121141
:1021D300D140DD021211D1B8DD021211D1D5DE02D8
:1021E3001211D1FDDE021211D150E0021211D161A0
:1021F300E0021211D179E0021211D182E10212112F
:10220300D15FE2021211D15CE3021211D180E30229
:102213001211D197E3021211D1B8E3021211D1DAEC
:10222300E3021211D1F9E3021211D1D1E402121126
:10223300D12BE5021211D1C2E7021211D11BE80220
:102243001211D13AE8021211D12AE9021211D16016
:10225300E9021211D193EA021211D112EB02121107
:10226300D14EEB021211D188EB021211D1F7EB021E
:102273001211D1ACEC021211D184EE021211D191E0
:10228300EF021211D109F1021211D1FFF202121160
:10229300D18AD5031211D14FF7021211D110F802CE
:1022A3001211D188F8021211D19FF8021211D1969E
:1022B300F9021211D1EBE0031211D1F9FA02121152
:1022C300D19D98061211D14D9A061211D10C9B067D
:1022D3001211D1749B061211D1578D061211D175AB
:1022E3008D061211D1B98D061211D1DF8D0612118F
:1022F300D1068E061211D11E8E061211D1368E060C
:102303001211D1D88E061211D11A8F061211D13D96
:1023130090061211D14690061211D14F9006121158
:10232300D10BDF031211D16290061211D1839006F3
:102333001211D10080061211D13E84061211D14C24
:1023430084061211D15184061211D186FE04121192
:10235300D181C4061211D176A2061211D17CB8061E
:102363001211D1EEC1061211D178CC051211D18709
:10237300D1051211D1DBB3061211D155C4061211C6
:10238300D13C91061211D1A7C2061211D1B7C206D0
:102393001211D10080021211D13280021211D19E8A
:1023A30080021211D13981021211D1D88102121186
:1023B300D11D82021211D13F82021211D158820221
:1023C3001211D17E82021211D1A082021211D1DE2A
:1023D30082021211D12283021211D14483021211FB
:1023E300D1A683021211D16D84021211D124850268
:1023F3001211D19685021211D16886021211D1B23F
:1024030086021211D10587021211D16B87021211B4
:10241300D1A587021211D1F787021211D1138802B5
:102423001211D13E88021211D1458A021211D1999B
:102433008B021211D1BB8B021211D1EF8B0212113D
:10244300D1108C021211D11F8C021211D12A8C02CD
:102453001211D1DA8C021211D1438D021211D1F073
:102463008D021211D1288E021211D1EE8E02121199
:10247300D1FB8F021211D14590021211D1D49002D7
:102483001211D13891021211D17391021211D1DFBD
:1024930093021211D13395021211D16C98021211C9
:1024A300D13999021211D1C799021211D1F09902AF
:1024B3001211D1629A021211D1F69A021211D15459
:1024C3009B021211D1469C021211D1689C02121177
:1024D300D1C49D021211D1DD9D021211D1F09D02D2
:1024E3001211D15F9E021211D16B9F021211D1788A
:1024F3009F021211D1819F021211D159A10212110F
:10250300D17FA2021211D18FA2021211D191A30283
:102513001211D108A4021211D137A4021211D14C05
:10252300A5021211D118A7021211D1F0AA02121199
:10253300D1FAAA021211D10EAB021211D118AB02B9
:102543001211D122AB021211D12CAB021211D145BF
:10255300AB021211D14FAB021211D1C3AB02121154
:10256300D1CEAB021211D1F3AB021211D1FEAB02E9
:102573001211D14CAC021211D156AC021211D1611D
:10258300AC021211D185AC021211D1A9AC02121105
:10259300D105AD021211D14BAD021211D168AD02BA
:1025A3001211D1E5AD021211D11CAE021211D15B91
:1025B300AE021211D1A8AE021211D12AAF0212112A
:1025C300D1C3AF021211D193B1021211D1F1B102F1
:1025D3001211D10DB3021211D133B3021211D17200
:1025E300B4021211D198B7021211D1D9B902121142
:1025F300D1B5BB021211D14BBC021211D172BE0272
:102603001211D11EBF021211D153BF021211D1B840
:10261300BF021211D1C2BF021211D1ECC1021211B9
:10262300D113C3021211D153C3021211D1F9C30240
:102633001211D18AC5021211D113C7021211D1335B
:10264300C7021211D18CC7021211D18EC802121106
:10265300D1D8C8021211D128C9021211D112CA024B
:102663001211D187CA021211D1A1CB021211D11CAE
:10267300CC021211D121CD021211D1CCCF021211F1
:10268300D1EBCF021211D14CD1021211D10ED302D0
:102693001211D162D3021211D11AD4021211D1C96B
:1026A300D4021211D11FD5021211D1D5D5021211A4
:1026B300D16AD6021211D1D6D6021211D110D70285
:1026C3001211D141D7021211D19DD8021211D1009A
:1026D30080031211D13280031211D16980031211C8
:1026E300D15282031211D13583031211D18D830389
:1026F3001211D1C884031211D11485031211D13CD4
:1027030088031211D19E8B031211D1EB8C0312118A
:10271300D1818D031211D18D8D031211D1BF8D0380
:102723001211D1418F031211D1DC90031211D18404
:1027330091031211D1C791031211D12D92031211DA
:10274300D14A92031211D17A92031211D1AF92039B
:102753001211D17F93031211D12894031211D1AC1A
:1027630096031211D1CC97031211D1B5980312110C
:10277300D13799031211D1569D031211D1939D03A1
:102783001211D1EB9D031211D11E9E031211D19F81
:102793009E031211D1EC9E031211D1779F031211E4
:1027A300D1C99F031211D1A0A0031211D159A103C2
:1027B3001211D1F4A1031211D10DA5031211D12DC0
:1027C300A6031211D1DAA9031211D1F8AA03121127
:1027D300D1FBAA031211D12AAB031211D130AD03DD
:1027E3001211D109AE031211D13EAE031211D1461B
:1027F300AF031211D1FCAF031211D19DB10312111A
:10280300D1C2B1031211D101B2031211D173B203B8
:102813001211D157B3031211D124B4031211D15A97
:10282300B6031211D1CBB6031211D10BB703121198
:10283300D16CB7031211D12FBB031211D11EBC03EC
:102843001211D105BD031211D17DBD031211D13F68
:10285300BE031211D13DC0031211D155C003121191
:10286300D169C0031211D1A1C0031211D1CFC0038A
:102873001211D156C2031211D161C3031211D1B384
:10288300C3031211D114C4031211D1C6C40312110C
:10289300D1EDC4031211D1D1C5031211D182C603E4
:1028A3001211D171C8031211D1A6C8031211D10E8E
:1028B300C9031211D13DCA031211D1EFCA03121178
:1028C300D120CB031211D138CB031211D1C7CB03C3
:1028D3001211D17BCE031211D153D0031211D16F38
:1028E300D0031211D18BD0031211D159D10312117C
:1028F300D13DD5031211D11484011211D14C84019D
:102903001211D12A89011211D17089011211D1BD7D
:102913008A011211D1288B011211D1B18C0112112C
:10292300D1C18F011211D1DC90011211D1EE9A01A4
:102933001211D1819B011211D1D39E011211D1CF5A
:102943009F011211D12AA0011211D174A1011211F8
:10295300D162A2011211D1FEA4011211D172A601FA
:102963001211D1F5A6011211D1F8A6011211D16DE0
:10297300A7011211D177A7011211D184A701121156
:10298300D1AFA7011211D15FA8011211D158A9012A
:102993001211D103AA011211D121AA011211D13AA4
:1029A300AA011211D163AA011211D185AA01121130
:1029B300D1DAAC011211D19FAD011211D1E4AD01F5
:1029C3001211D163AE011211D10FAF011211D14116
:1029D300AF011211D195AF011211D1D0AF01121174
:1029E300D117B0011211D167B0011211D16CB0012E
:1029F3001211D1C0B0011211D1ECB0011211D1D515
:102A0300B1011211D126B2011211D186B2011211F4
:102A1300D1E0B2011211D17BB3011211D1BAB601C7
:102A23001211D1CCB7011211D146B9011211D156ED
:102A3300BC011211D1F4BC011211D1EABF01121170
:102A4300D1A9C0011211D1EDC0011211D198C20157
:102A53001211D1ACC2011211D1B6C2011211D1C0EF
:102A6300C2011211D1CCC2011211D1F1C201121152
:102A7300D1CAC4011211D11FC5011211D129C50137
:102A83001211D133C5011211D1A8C5011211D1F709
:102A9300C5011211D108C7011211D155C701121175
:102AA300D162C8011211D1A6C8011211D14CC901BA
:102AB3001211D13FCA011211D105CB011211D12834
:102AC300CC011211D146CD011211D12ECE0112111A
:102AD300D146CE011211D19DCE011211D1A7CE0143
:102AE3001211D1B2CE011211D1D0CE011211D118CF
:102AF300CF011211D17ACF011211D1A1CF0112113D
:102B0300D1B3CF011211D14ED0011211D183D00113
:102B13001211D16AD1011211D1AFD1011211D19584
:102B2300D2011211D1BCD2011211D13FD301121122
:102B3300D1B0D3011211D139D5011211D165D6010A
:102B43001211D128D7011211D1F0D7011211D17A64
:102B5300D8011211D1A2D9011211D144DA011211F3
:102B6300D1BFDA011211D17BDB011211D1C5DB0117
:102B73001211D11FDC011211D1F7DC011211D11A8C
:102B8300DD011211D1CDDD011211D1EFDD011211E1
:102B9300D158DE011211D16EE0011211D166E101AB
:102BA3001211D12AE2011211D15CE4011211D1A652
:102BB300E4011211D1F6E4011211D15AE501121107
:102BC300D1BCE5011211D1EAE5011211D10EE601E2
:102BD3001211D143E6011211D174E6011211D1A7EA
:102BE300E6011211D1F7E6011211D14AE7011211E0
:102BF300D16FE8011211D10FEA011211D16AEA0172
:102C03001211D193EA011211D120EB011211D18ECD
:102C1300EB011211D19CEB011211D1C0EB01121186
:102C2300D115EC011211D130EC011211D1E2EC01FA
:102C33001211D11AED011211D15DED011211D1C0A2
:102C4300ED011211D1C2EF011211D1ECEF011211FA
:102C5300D1E3F0011211D1EDF1011211D19DF20175
:102C63001211D19773001211D1CF73001211D1F049
:102C730073001211D13274001211D1947400121125
:102C8300D19E74001211D1AE74001211D1E97400F7
:102C93001211D1C978001211D1B67A001211D19C48
:102CA3007C001211D1337D001211D1D57D00121198
:102CB300D18839001211D1333A001211D1E13A000F
:102CC3001211D1E73B001211D1073C001211D13090
:102CD3003D001211D1EB3E001211D15E3F001211E3
:102CE300D10240001211D10E41001211D1794100DD
:102CF3001211D1B541001211D1F841001211D13393
:102D030042001211D17542001211D10A430012116F
:102D1300D18643001211D15044001211D12D450028
:102D23001211D1C545001211D1DF45001211D10F87
:102D330046001211D14046001211D106470012116C
:102D4300D11647001211D16547001211D172470005
:102D53001211D17B47001211D1F947001211D1553D
:102D630048001211D1A048001211D1BB4800121122
:102D7300D1E648001211D10349001211D10F4900C5
:102D83001211D1A64A001211D1BF4A001211D14427
:102D93004B001211D1574B001211D1764B00121177
:102DA300D11A4C001211D19B4D001211D14E4F007C
:102DB3001211D1E44F001211D1E74F001211D15774
:102DC30050001211D17550001211D10C5100121183
:102DD300D15451001211D15751001211D11D52007B
:102DE3001211D18A52001211D1B052001211D13BEB
:102DF30053001211D15953001211D19F53001211D4
:102E0300D15354001211D19D54001211D1CC54004E
:102E13001211D12955001211D15E55001211D18A18
:102E230055001211D19855001211D1E55500121118
:102E3300D15556001211D19E56001211D1EA5600F7
:102E43001211D11657001211D12157001211D13F7F
:102E530057001211D12A58001211D13458001211FF
:102E6300D16F58001211D17F58001211D1D35800DD
:102E73001211D1E758001211D1165A001211D12B99
:102E83005A001211D1B95A001211D1FE5A0012116F
:102E9300D18A5B001211D1955B001211D1D75C006E
:102EA3001211D1F25C001211D13E5D001211D1ADAD
:102EB3005D001211D1E65D001211D1005E00121106
:102EC300D1605E001211D1FF5E001211D14A5F0082
:102ED3001211D11A62001211D1CC62001211D13930
:102EE30063001211D17965001211D191650012119D
:102EF300D19465001211D1A065001211D1B46500FF
:102F03001211D1BC65001211D1EF65001211D1F27B
:102F130066001211D17F67001211D1EF6700121101
:102F2300D17168001211D13269001211D1516900B7
:102F33001211D1F269001211D14F6A001211D1524C
:102F43006A001211D1C66A001211D1156C00121158
:102F5300D11B6D001211D1A66D001211D1C16E00EB
:102F63001211D1896F001211D1BA6F001211D1DD84
:102F73006F001211D1E66F001211D11570001211FA
:102F8300D1A570001211D15B71001211D1D0710063
:102F93001211D17772001211D1EC72001211D123E8
:102FA30073001211D16173001211D151E003121198
:102FB300D15FD5031211D185FD031211D151FD0348
:102FC3001211D1FAFC031211D183FB031211D1D5D3
:102FD300FA031211D1CBFA031211D1C1FA03121160
:102FE300D15AFA031211D13FFA031211D19CF903FA
:102FF3001211D19CF8031211D10DE0031211D18AE1
:10300300FA021211D1BAF7031211D1AAF503121160
:10301300D177DE031211D117DE031211D1B8F403F5
:103023001211D156F4031211D1F1FD041211D1E79B
:10303300FD041211D17CFD041211D1B0FB04121155
:10304300D16EFB041211D17AFA041211D14EFA0493
:103053001211D105FA041211D146F9041211D13516
:10306300F6041211D1EDF3041211D19DF3041211E0
:10307300D137F3041211D1F6F2041211D128F2045C
:103083001211D1C2F1041211D161F1041211D10153
:10309300F1041211D19FEF041211D133EF04121175
:1030A300D187EE041211D182EE041211D1E7DD03B0
:1030B3001211D176EE041211D13BDD031211D1D4DA
:1030C300DA031211D18BD7031211D1DFD6031211F8
:1030D300D14DD6031211D107D6031211D141EE04FB
:1030E3001211D1D3EA041211D1D0EA041211D183FF
:1030F300EA041211D1D2D5031211D171EA041211CB
:10310300D167EA041211D136EA041211D131E8046D
:103113001211D1BCDF031211D1A4E7041211D1584B
:1031230090061211D160E7041211D134E704121191
:10313300D101FE011211D1D4FD011211D1A1FD0162
:103143001211D179FD011211D11AFD011211D1FA17
:10315300FC011211D1C5FC011211D171F901121137
:10316300D159F7011211D143F5011211D1C3F40161
:103173001211D16FF4011211D17BF3011211D19FFE
:10318300D5031211D123F4011211D175F5020000F8
:103193000080FB000022E4738F0001002E1A8700D9
:1031A30001002C1A35000400F21925000200F6195B
:1031B30026000200F81927000200FA19280001006E
:1031C300041A29000100051A840004009C168600D5
:1031D300010018192A000100061A2B000100071A22
:1031E3002C0001000C1A2D000800AA162E00010065
:1031F3000D1A2F0001000E1A300001000F1A3100C2
:103203000100101A32000100B21633000100B31698
:1032130034000100111A36000100B4163800010011
:10322300121A390001000B1A830002002A1A6300E4
:103233000100BF1664000100081A65000100091AA5
:103243006D000100C01671000800A216660001009F
:10325300291A430001001A1A440002001B1A4500F0
:1032630001001D1A460002001E1A47000800B71687
:1032730048000100201A4B000100211A040001003C
:103283002D1AA1000100311A37000100301A8800FD
:1032930001002F1A3C000100B5163D000100131A6E
:1032A30049000200221A67000100C1164D00020006
:1032B300241A4E000100261A4F000200271A3E006E
:1032C3000100191A51000100151A52000100161AC3
:1032D30053000100181A54000100B6160000000044
:1032E30000000000000020010E8400000100200106
:1032F300108400000200200112840000030020015A
:103303000F84000004004201968200000500420180
:103313008E81000006004201718200000700300127
:103323001384000000404201D8820000FEFF210107
:103333000C8403000000212383150300FEFF2101F9
:103343000C84020400002905A81902041002292391
:103353009819030400002905AE1903041000290578
:10336300B019030414002801B219030410022B231B
:103373009A19050400002105AC190504100229233C
:103383009E190D0400003905A2190D040202102331
:103393008B190D04030210238A190D04040221233F
:1033A3008C190D04050221238E190D0411F110232C
:1033B300A0190001363601010001020100010301D9
:1033C300000104010606050200000701003408019C
:1033D300000F090401010D0100FF0E080000170290
:1033E3000000190100FF1A0100011B0100FE1C016E
:1033F30000081D0200001F0100012001000121023D
:1034030000002301000F2402000026010001270110
:103413000008280200FF2A0100072B0102402C01AB
:1034230000002D0100012E0100012F0100FF3001DA
:103433000B1D310800003A0100083B01000F3C015D
:1034430000013D0100FF3E04000042040000460469
:1034530000004A0400004E04000052040000560419
:1034630000005A0400000103710301030103010377
:1034730001030103220302030103100300030003FA
:1034830000030003000300030003420300032403BB
:103493000603000300030403120325032303250388
:1034A3002303040304030003000300034403000392
:1034B3000003230300036503210035038103000395
:1034C3000503000300030003000325032303030292
:1034D3007102300160021102700201020202020253
:1034E3008002100261023A00410063027302720219
:1034F30062024302000213023800000200020402C7
:103503001202000200020002000204020402370059
:1035130037003C0244020002390000020002650247
:1035230000023502810200020502820283020002C8
:10353300030471040204600411047004020402040D
:1035430001040204100461040004140463047304FA
:103553007204620443040004130406040004000418
:103563000404120400040004000400045104640071
:1035730000040004000444040004000400040004E4
:103583006504000435048104640005040004830415
:103593000004010171010101010111010101310166
:1035A300010101018001100161013B00140063016D
:1035B30073017201620143010001130106013D0120
:1035C30035000401120100010001000100010401A2
:1035D3000401330133013C0144013201360000018F
:1035E300000165010001350081010001050182012F
:1035F30083010001030071003001600011007000BD
:103603003102200350048000100061000000140008
:1036130063007300720062004300000013000600A1
:103623000000000004001200000000000000000081
:1036330004000400370037003C024400000000008F
:103643000000000065000000350081000000050057
:1036530000008300000036000100060000000F0098
:1036630000000000000000000000000003FFFF0056
:10367300000403FFFF0000FFFF0FF4010005C40473
:103683000320000100000B00000000000000000305
:10369300010F000000000000000000000000000017
:1036A3000000000000000000000000000000000017
:1036B30000000000351E5F1E3B1E691D411E651E76
:1036C300411E711E471E691D411E651E4D1E691D4B
:1036D30000000000531E691D0000000000000000F0
:1036E300591E691D000000000000000000000000DA
:1036F30000000000000000000000000000000000C7
:1037030000000000000000000000000000000000B6
:103713001300F3201F00F9201F80FF200000592110
:103723000100592102009F20028099200300A52057
:103733000400AB200480B1200500B7200600C3209D
:103743003100D5203300DB203400E1203600E720B0
:10375300FFFF00002B0400003905B5192B041002EC
:103763002823A1192B040402212390192B040502F9
:10377300212392190C0055003905B9190C00850154
:103783003905BD190C000402212394190C0005020C
:10379300212396190A000000020000000400000023
:1037A300080000001000000020000000400000009E
:1037B300800000000001000000020000000400007F
:1037C300000800000010000000200000004000007E
:1037D300013329066329085D290B812910812602FB
:1037E3003929055129073F290C1B290D27296477FE
:1037F30024FF000007ECFDFDFDECDCDCCCBCACAC35
:103803009C9C8C7C7C6C6C5C5C5C4C4C3C3C2C2CA5
:103813001C1C03EAF5E5D5D5C5B5A5959585857534
:103823007565655555454535352525151505001629
:103833000F00000B150B020002220F3300000E0FC6
:10384300D0D1D2D3D4D5D6D7D8D9DADBDCDDDEDFFD
:103853005A6967426565416C6C69616E63653039AD
:103863000000000000000000000000000000000055
:1038730000034D4C4651181A25050230301718190C
:1038830021301B1D1F3000011916181616182303AB
:1038930000003C40423A3F3F392F47303030161842
:1038A3001920231A1C1E300C0E020B040B0A0708E6
:1038B300000F02040201010101090200BE040AE82B
:1038C3000300000000010003007F0000001A00E86D
:1038D300030A0A09100800030A0C101A08081E1E1E
:1038E3000C2800FF030215033C180A10150405E415
:1038F300F0A3F0A3F0A3221238F2F02290180A12D8
:103903004EFE122D1D2212390D22E0F508E4F509B1
:10391300F50AF50B22E824FBF582E934FFF583224F
:10392300E82411F582E439F583E022F58312393472
:1039330022E0F508A3E0F50922122F99740412126C
:10394300017F08020F307401F090057CE0640F22C0
:1039530074091212017F04020F30EA2413FAE43FC0
:10396300FB122EC7E9227905122ED3740622A3A3D4
:10397300E024F5C3941322122FA590059C126EBC6C
:103983007A147B0022C082C0839017E97411F0A3DC
:10399300742DF0A37423F0A3742DF09017ED74F934
:1039A300F0A3742CF0A374F3F0A3742CF0A3742F7E
:1039B300F0A3742DF0A37435F0A3742DF0A3742930
:1039C300F0A3742DF0A374E1F0A3742CF09017F915
:1039D3007405F0A3742DF0A3740BF0A3742DF0A35E
:1039E30074FFF0A3742CF0A3743BF0A3742DF09038
:1039F300180A1258CD600990180A124EFA121C3791
:103A03009018071252147408126569A3F09018B342
:103A1300F090180CF07C0BFDF97A0D7B18121B89C2
:103A23007C0B7D0079007A187B18121B8902506E7B
:103A330074F7120C2974F71212B4EAFEEBFF123A70
:103A4300C674051253327403F0123BDD125314246F
:103A530030FCE43FFD8C82123ABE123AD260081267
:103A630042EB74FFF0A3F0EE242EE43F1C1CFD8C0C
:103A730082F583A3E0C0E08A828B83124FC6D0E035
:103A8300123AD2888289831258012403F0EE12423B
:103A9300F51215587403F0900591120FFF7402127A
:103AA3001294123EBF121201E9F5087007EEFAEF05
:103AB300FB122DADA9087409024304F583E0888243
:103AC300898322EA123ACB22125A103FF58322123B
:103AD30067E9125320E8F0A3E9126AC0E02274F008
:103AE300120C29EAFEEBFF8C0C8D0D890B123BDDCA
:103AF300F5831253287410121558E0F508A3123AEF
:103B0300C0F0E824FFF582E9123ED1E508F0E8248D
:103B1300FEF582E9123ED1E50BF0900596E0C0E098
:103B2300E824FDF582E9123ED1D0E0F0900595E05E
:103B3300C0E0E824FCF582E9123ED1D0E0F0741233
:103B4300121558123930123918E509F0E824FAF839
:103B5300E934FFF98882F583E508F0EE2404FCE4F8
:103B63003FFD88088A828B83E0F50E8C828D83E08B
:103B7300250EC395081267E912514E850C82850DF7
:103B830083A3A3A3A3A3A3A3A3E064037009EE12D7
:103B93005302F0A3E48003123ED6123EDE7409F012
:103BA30075080D750918750A00780812122012623B
:103BB300B31212017508FF7509FF7808121224ACBD
:103BC3000CAD0D123EBF121201E9F5087007EEFAB3
:103BD300EFFB122DADA908023944EA2402FAE43FAF
:103BE300FB8A8222C082C083901829E0C3940840D4
:103BF3000474078001E08A828B83F033333354F8F3
:103C0300F902506E74F0120C298A088B09890A8C08
:103C13000E8D0F750C00A2AFE433F50BC2AF9018F5
:103C2300238045123D09503D123D2364037036E560
:103C33000824F9F508E50934FFF5098E828F83A37B
:103C4300A3E02405FCA3E03400FDAA08AB09121D80
:103C530027E50824FFF508E50934FFF50974102565
:103C63000CF50C150A1240F8127271E50A6004EEA5
:103C73004F70B0E50BA2E092AFA2AFE433F50BC2F5
:103C8300AF901823803E1257DA8882F583124A4E8A
:103C9300850882850983F08A828983123D1AA3A34A
:103CA300E0C0E0E50824FFF582E509123ED1D0E04B
:103CB300F0E50824FEF508E50934FFF509050C15C0
:103CC3000A1240F8123F4C6021123D23640270F146
:103CD300123D09EE40B0125449A2E550E4850E822C
:103CE300850F837401F0E50A70D7E50BA2E092AF6C
:103CF300850882850983E50CF0E50824FFFAE509C8
:103D030034FFFB023944123D0FA2E622EE2411F5E3
:103D130082E43FF583E022123D1E2212581FA322A4
:103D23008E828F83A3A3124FCA125EF62274F012FF
:103D33000C2974F31212B47403121558E9F07402C7
:103D4300121558EAF08B0B852182852283E4F00457
:103D530012128C122CC3E9F890057BE0292437F565
:103D630008FA7B00121B9B8A0C8B0DAE0CAF0DEA7D
:103D73004F7003023EB6EA2402F50EE43FF50FA8A6
:103D830008EA28F8E43BF9850E82850F8312484A36
:103D930090057BE0F9FAC3E49AFA95E0FB850E827D
:103DA300850F83E02AF50CA3E03BF50D900579120E
:103DB3003930750A007808121220E9FC7D00AA0C3C
:103DC300AB0D125284121201AC21AD2274011215F3
:103DD30058E0F9E50C24FFFAE50D34FFFB122CC97A
:103DE3008A828B83E4F0E50BC454F0F99018B4E0B5
:103DF300C4333354C0F8900575E0A2E0E4331313E1
:103E03004849440FC0E0EA24FFF582EB123ED1D0CB
:103E1300E0F0EA24FEF50CEB34FFF50D7403121504
:103E230058E0F87402121558E0C454F048850C8227
:103E3300850D83F0A80C850E82850F831265362AC3
:103E4300C3988E828F83A3A3A3A3F0850E82850FCD
:103E530083E8F0A3E50DF0123ED6123EDEE4F074E3
:103E63000C121558E4F07508187509187808121221
:103E7300201262B3121201852182852283E0600938
:103E8300EE240E12544B4408F0122EB5E9F9E4F572
:103E930008F50978081212247406121294123EC10E
:103EA300121201E97006EEFAEFFB800BEEFAEFFB5C
:103EB300121BA17A007B00740D0239417903EEFADB
:103EC300EFFB122ECD740222EE24FFF582EF34FFB6
:103ED300F58322EE123ACBE4F0A322F0123EE32262
:103EE300EE1261D63FF5832274F2120C298A0C8BF1
:103EF3000DA2AFE433F50AC2AF750800750900904F
:103F03001823802C1241085024850C82850D83A32D
:103F1300A31262C68E828F83A3A3124EFA122EBB04
:103F2300E9600A124103C2E6F08E088F091240F8D5
:103F3300123F4C70CFE50845096006123FE5D2E613
:103F4300F0E50AA2E092AF800DE0FEA3E0FFEE4FA2
:103F53002274021212017F06020F3074F0120C2930
:103F63008A0E8B0F8C0C8D0D750A00A2AFE433F50E
:103F73000BC2AF7E007F009018238010AE08AF09FC
:103F8300123FDD125449D2E7F0124ED8124EEC60C4
:103F930034123FE5A2E750F1850882850983A3A384
:103FA300120FFFAC0CAD0DAA0EAB0F122EC1740293
:103FB300121201E960D3EE4F60C212437F70061202
:103FC3003FF7D2E4F0E50BA2E092AFEE4F600612AA
:103FD3002DA7750A01A90A023944123D0FD2E4F054
:103FE300EE22E5081261F03509F583E022AA82ABDF
:103FF30083121D278E828F83A3A3124FCAE02274DC
:10400300F2120C2974FE1212B4750C00750D0085A2
:104013002182852283E4F0A3F0A2AF33F50AC2AF75
:10402300901823127271802BEE24FBF582EF34FF7C
:1040330012392E780C1212241240E6121201EEFCF1
:10404300EFFDAA21AB22121BBFAE08AF09901829BE
:10405300E014F0EE4F602B124108501DEE240BF8D4
:10406300E43FF98882F583E024FFF0A3E034FFF016
:10407300888289831258CD60AF8E0C8F0D1240F861
:1040830080A1E50AA2E092AF901829E0602C900588
:104093007CE0640F60069018B3E0701E7A017B1811
:1040A300122FA5908408120FFB7A017B181250F689
:1040B300121201800574F0124FD7AA21AB22121BF2
:1040C300C58A088B09AE08AF09EA4F6013122CD5D5
:1040D300124103A2E28E828F83A350D974E980D761
:1040E300023F54EEFCEFFD7A237B18121BD17402BE
:1040F300228E0A8F0BEE24FBF582EF34FFF5832229
:10410300EE123D1022123D0FA2E72274F7120C2982
:10411300EAFEEBFF122CD5124FC3123199E9640169
:10412300900598700AE02401F8A3E034008003129C
:104133004F49F912564B12514E901829E0701F90B7
:10414300057CE0640F70177A017B18122FA5908409
:1041530008120FFB7A017B181250F6121201A8A85D
:10416300C2AF901829E004F0E8A2E78004E508A2B2
:10417300E092AF02555974F7120C29EAFEEBFFEAFD
:104183001241AFF0122CD5EEFCEFFD7A237B18120F
:104193001BCBA8A8C2AF901829124A9D90057CE0BA
:1041A300640F70057908122E6D025559123D10C225
:1041B300E42274F7120C2974EA1212B4EAFEEBFF3C
:1041C300900575E0602A8521828522837401F012AF
:1041D3001558E412426A121558123FF0C0E0740AEF
:1041E300121558D0E0126556740B1215581257B6B3
:1041F300741602430474F7120C29EAFEEBFF122C27
:10420300B7E9F974DC69601E74DD69601974E469E7
:10421300601474F369600F74DE69600A74DF6960A7
:104223000574DB697007EEFAEFFB122E7302555922
:1042330074F7120C2974EB1212B4EAFEEBFF85211A
:1042430082852283740612426A121558AA82AB83AE
:10425300121D27EE2408FCE43FFD740A12155812C0
:1042630057B67415024304F0EA2413FCE43FFD74CB
:10427300022274F7120C2974F71212B4EAFEEBFF50
:10428300EA243012544B605DEA1242F51215587459
:1042930003F0900591120FFF1242EB120FFF9005EE
:1042A300A4E0F97404121294EEFAEFFB122CBD741D
:1042B30004121201E9F974DC69602374DD69601E7C
:1042C30074E469601974F369601474DE69600F74CF
:1042D300DF69600A74E869600574DB697007EEFAE8
:1042E300EFFB122E73023AB9EE242EF582E43FF56A
:1042F30083221266C7AA21AB22121D2774082274D7
:104303000312120102555974F2120C298A0C8B0DF7
:10431300750A00750B007508E7A2AFE433F509C20F
:10432300AF90182380031240F4123F4C60251241D2
:104333000850F312437F70EEEE2432124516E06804
:1043430070E4780A1212241240E61212019018291E
:10435300E014F0E509A2E092AFEE4F6013EEFAEF3E
:10436300FB122CD579F0EEFAEFFB122E73750800D1
:10437300A908AA0CAB0D122E73023F59123EE3E0BB
:1043830064012274F4120C2974F71212B4EAFEEBDE
:10439300FF8A82F583A3E064F370030244248A82D4
:1043A3008B83A3E064DF60798A828B83A3E064E874
:1043B300606F8A828B83A3E064DB6065122D17E94B
:1043C300F5087055EE240E12544B604D12442E60C6
:1043D30048740812155812443D120FFF7508FF75F3
:1043E30009FF78081212248E828F83A3A3A3A3A3A9
:1043F300A3A3A3E0F97404121294122CBD74041243
:104403001201E9F50874F369600F74DF69600A74D7
:10441300E869600574DB69700F8E828F83A3E508FA
:10442300F0EEFAEFFB122D23023953EE240FFAE4D8
:104433003FFB7909122D59EA4B227402125CBC74BA
:10444300FFF0A312444A2212580AA3A32274F112C2
:104453000C29EAFEEBFF7508008A82F583A3A3A368
:10446300A3A3A312397140037508E88A828B83A33F
:10447300A3A3A3A3A3A3A3A3A3E0C394104005757D
:1044830008E880138A828B83A3A3A3A3A3A3A3A374
:10449300A3A3E0640F600B901890E05408700375B9
:1044A30008E8EA240B124516A3A3A3A3A3A3A3A37B
:1044B300E0C398500DEA240B12544B640F6003754C
:1044C30008E8900595E0F47003A3E0F47003750821
:1044D300EC7A237B00121C318B0BA90B90180A1268
:1044E300452560278E828F83A3A3A982AA83890C83
:1044F3008A0D750E00780C1212207C237D00901813
:104503000AE0FA125284121201800375081AA908EC
:104513000262AEF582E43FF583E0F88A828B83A3DF
:10452300A322EAF0A3EBF0EA492274F5120C29EA7C
:10453300FEEBFF8A82F583A3A3A3A3A3A3A3A3E014
:1045430090057C1245BDE0900597F0EA240B1254C8
:104553004B9005771245BDA3E09018B4F0F91219FA
:10456300EB9018B4E0600BEE240412543D240612C1
:1045730045B39018B3123949600474018002740082
:1045830090180C126C011212207C0B7D007A0D7BAB
:1045930018125284121201EE2418F508E43FF509AB
:1045A30078081212207C0B7D007A187B1802527156
:1045B300FAE43FFB79E11219D322126BEBA3A3A315
:1045C300A32274F7120C29EAFEEBFF8A82F583A378
:1045D300E070031238FF12677202555974F7120C18
:1045E30029EAFEEBFF90180A1258CD601090180AC2
:1045F300124EFA90180AE4F0A3F0121C378E828F41
:10460300837408124FDE12233302555974F6120CC9
:10461300299018B3E0601090180CE0700A12462D30
:10462300EA4B6003122DAD02686C900577E0FB90B6
:104633000597E0FA90057CE0F9122CCF2274F4126E
:104643000C2974E71212B4EAFEEBFF750B018A82A0
:10465300F583A3A3A3A3A3A3A3E0A2E25069EA243F
:104663002BF582E43F1262C4EA2413FAE43FFB12FF
:104673002CDBE970529082D6E064017005750B0063
:1046830080451246FF1212207C0B7D00741112121A
:104693008C125284121201122EB5E9FA740E121200
:1046A300848808890978081212247508307509006E
:1046B3007808121224EE12651F120FFF1266B979E1
:1046C3000112396B1212018521828522837410F045
:1046D3001266B97402121558AA82AB83121D1BEE1F
:1046E300242B126EB2740B12155812514E740D1204
:1046F3001558E50B12692B7419023955EE2408126B
:104703006C0922C082C0839018B4E06003122F2783
:1047130002506EC082C0839018AB74E9F0A3741783
:10472300F0A374EDF0A37417F0A374F9F0A3741756
:10473300F0901ADC7433F0A37435F090189574B1CB
:10474300F0A3742CF090182E74E7F0A3742CF0905F
:10475300183074EDF0A3742CF0901890E04402022A
:104763004B72C082C083EAFCEBFD7903025879C027
:1047730082C08379080269ECC082C08374FE12127E
:10478300B49018367495F0A3742DF0901838748F84
:10479300F0A3742DF080077A237B181247D7901863
:1047A300231258CD70F19018251258CD60097A253F
:1047B3007B181247D780EF901823E4F0A3F09018EA
:1047C30029F0A3F0A3F090184474D1F0A3742DF052
:1047D3007402801C121BC5852182852283EAF0A303
:1047E300EB1247EB122EA322F0AA21AB2222741163
:1047F30012120102506E74F6120C29E9FF74942907
:10480300F582E43438F583E493FEFA7B00121B9BB4
:10481300EA4B6007EA2E12484780267A027B001291
:104823001B9BEA4B6017747E2FF582E43438F583C3
:10483300E4938A828B83F0A3741A124C107A007B60
:104843000002686C12513DE81267E6A3A3A3A3E438
:10485300F022E9FC740629F8EAA2E0501EE875F09C
:104863000A84E5F0F96014740A28C399F8E9C3943B
:10487300054004740A28F8740B28F8ECC394134019
:1048830004791480027906E82979002409F8500193
:10489300097A0A7B001209C7E8F90211CEC082C067
:1048A30083901890E05402600A122339E960047976
:1048B300018002790002506EC082C083901890E09C
:1048C30054026014901829E0700A1258CA60091241
:1048D30048E0500479018002790002506E123923B6
:1048E300A2E722C082C0839082D3E0F890182BE025
:1048F300C3985005121B9B80047A007B0002506E04
:10490300C082C083122EA3790002506EC082C0837E
:1049130074FE1212B4852182852283EAF0A3EB127E
:104923004A79A3A3A3A3A3E0600A14605724FE60FB
:104933005A0249E990057CE0640F6012122E79E96E
:10494300700C124EF4901832124FC6123199900522
:10495300A4E0C0E08521828522831257EDD0E012C6
:104963004A79741412620AFCA3E0FD7A257B1812BB
:104973001BBFA8A8C2AF90182B124A9D7920122EF4
:104983006D0247D3124D47741580D9124D47A3A327
:10499300A3A3E06051124D47123FFBC0E085218283
:1049A300852283E02406F582E43BF583D0E012629E
:1049B3000A2402F8A3E03400F98882F583E0240195
:1049C300FAA3E03400FB88828983EAF0A3EB126246
:1049D3000A124D878521828522836013124A4E6015
:1049E30005124A604048AA21AB22122EA3809212DC
:1049F3004A4E60F2124A605021124A6DFA852182B2
:104A0300852283A3E0C82406124D43F874B4125AD6
:104A1300023438F583E4936A601485218285228306
:104A2300124A4E640870BF124A6D640870B8124A85
:104A33006D14124A81240AC0E085218285228312E3
:104A43004FC6D0E0124A8104024967124A52221229
:104A53004F49C82406F582E438F583E02285218294
:104A6300852283124A52C3940A2285218285228396
:104A7300123D1EA3E022124A8BF583888222124A3A
:104A83008BC82406124D7122F08521828522831260
:104A93004F4922A8A8C2AF90182AE004F0E8A2E781
:104AA30092AF22C082C08390183A1258CD60081288
:104AB3004D4E1231998002790002506E74F7120C38
:104AC30029EAFEEBFFEA123EE474011250FCF8A35C
:104AD300E0F9123AC612514EEA243512544BC0E0A3
:104AE300EA2413F582E43FF583D0E0F0EA2436129A
:104AF300544BC0E0EA2414F582E43FF583D0E0F0A0
:104B0300EA243812544BC0E0EA2418F582E43FF556
:104B130083D0E0F0EA242FF582E43FF583120FFF00
:104B23001266C6EA243112544BF9123EC512120121
:104B3300E9F5087007EEFAEFFB122DADA90802554F
:104B430059C082C083122E79E960047920800279EA
:104B53000102506EC082C083EA2411124B68D2E076
:104B6300800DEA240DF582E43BF583E022F0A3F007
:104B730002506EC082C083124B6564017011124CE7
:104B83000A400C8A828B83A3E0F9122E738066128B
:104B93004BFBA2E650128A828B83A3E0F990183470
:104BA300124FC6123199804D124B656401700D127C
:104BB3004C0A50088A828B83743080368A828B83B6
:104BC300A3E0641B8A828B83700474228024A3E095
:104BD300700D124B65F8749F125A023438800B1211
:104BE3004B65F8747E125A023438F583E4938A8253
:104BF3008B83124C1002506E124BFF22EA2410F5E5
:104C030082E43BF583E022124BFFA2E322F09018EB
:104C13008BE0F9121BA72274F7120C29E9FE125834
:104C2300CA7003024D40EE6014741B6E701AE812D2
:104C330061D639F583E064057003024D1890182D91
:104C4300124D4EA3E4024D1F74E96E7068E82412FE
:104C5300F582E439F583E0700B12233FE960051216
:104C63004D91606179EE12195590182C124D689090
:104C7300182C603A124D9490182C700B124D681436
:104C8300F0121B0B024D40124D86C2E7124F2F2428
:104C93000D124D4364037009124D61124EE5D2E2C9
:104CA300F079ED121955124D791231998078124D20
:104CB3005474E9806774E16E703E12233FE96055D6
:104CC300124D91705090059EE0C0E0124D61241288
:104CD300F582E438F583D0E0F090058DE0C0E090F4
:104CE300182C124D5D124D5DD0E0F090058DE0045F
:104CF300F07901121AF38045741C6E701890182C09
:104D0300124EFA90183C124FC612319990182CE4A7
:104D1300F0A3F0802890182C124D54EEF090182C2C
:104D2300124EFA122D9B124F10E054806003126949
:104D3300DB90182CE4F0A3F07910122E6D02555974
:104D4300124D7122852182852283A3E0F583888217
:104D530022124D5822124FCEA32212581B22901812
:104D63002C1257FC221257FC2412124D7122F58289
:104D7300E438F583E02290182C124EFE901830127E
:104D83004FCA22E0F8A3E0C82410124D71229018F4
:104D93002C124F17E054042274F4120C29750A00E4
:104DA300750B00A2AFE433FEC2AF1258CA60030210
:104DB3004E8E124FC3123199E94410F89018238094
:104DC3000985080A85090B124ED8124EEC700302AE
:104DD3004E8E123FE5586870E8780A121224AC0828
:104DE300AD091240EA12120190182CE508F0A3E570
:104DF30009124F2F124EE5A2E75003024E95901869
:104E03002AE014F0EEA2E092AF90182CE0240EF802
:104E1300A3E03400F9E8FEE9FF8882F583124EFA35
:104E230090182C124A73F9122D5FE9901827126516
:104E3300698E828F83E054806018124D61241312AF
:104E43004D43F9121A0F124D612414124D43F912F6
:104E53001A03124F10A3E05401605F9018271258F1
:104E6300CD6045124F266040124F26F87900901806
:104E730027124EFA1209CFE8C0E0124F04D0E01215
:104E83004F34C3941340117402800FEEA2E092AF2B
:104E93008037901829024E047400C0E090182DE06A
:104EA300C8124ECFD0E0800D124F047401124F2F61
:104EB300124ECF7401F07903800C90182C124D869A
:104EC300A2E1B3E433F9121AF3023958241AF58232
:104ED300E438F58322E50824FBF582E50934FFF580
:104EE30083221261F0124D7422123934E508450908
:104EF30022852182852283124EFE22E0FAA3E0FB63
:104F0300221257F92419F582E438F5832290182CDC
:104F1300124F1722124F49C8124F1F22125A10382C
:104F2300F583221257F92418124D7122124F41C8EA
:104F330022124F41F5838882A3A3A3A3E022F0901A
:104F4300182C124F4922E0F8A3E02274F7120C291F
:104F5300EAFEEBFF122E9D125448A2E3400A1243CD
:104F63007F70059082D180039082D2E0F9EEFCEF4E
:104F7300FD7A237B18121BD7E96038EEFAEFFB901A
:104F83001836124FC6123199EE240E12544B5404A4
:104F93007012124A96EE123AC7A3E05401701E1221
:104FA3002DA78019EEFAEFFB90182E124FC612317F
:104FB30099800A8E828F83A374F1124FD7025559B9
:104FC300901838124FCA22124FCE22E0F8A3E0F510
:104FD30083888222124FDE122D9B22F0EEFAEFFB22
:104FE3002202506774F7120C29EAFEEBFF79009056
:104FF3001890E05402700CEA243312544B540460AA
:105003000279E8901890E05460700CEA243312544B
:105013004B5402600279E88A828B83A3A3A3A3E0A3
:10502300F89082D7E0C398500279E8EA2431125409
:105033004B700CEA242E12544B700479F5800BE963
:105043007005122D89E9F9E96007EEFAEFFB122EDC
:1050530073025559C082C0838A828B83740DF01208
:1050630023338007C082C083122DA7D083D082024E
:1050730011CE74F4120C29EAFEEBFF8A82F583E465
:10508300F0A31250FC54049082D17012E0F89018EF
:105093002AE0C398401279F1122E73023958E0F8CE
:1050A300901829E0C39850EE125102A3E054016016
:1050B30037EA243712544BC394054033EA2433129E
:1050C300544B540570297A3E7B18122FA5EE2437D2
:1050D300F582E43FF583123909780812121C7A3EEF
:1050E3007B181250F6121201EEFA125AF380AC79C1
:1050F300E880A5122F99740422F0125102E022EAEB
:105103002433F582E43FF5832274F6120C29E9FE79
:105113002451FAE43400FB121B9BEA4B6015EE8A20
:10512300828B83A3A3A3A3F0EA245112513D12510E
:105133004E80047A007B0002686CF8E43BF98A82B3
:105143008B83A3A322126EBC901908E8F0A3E9F0A5
:1051530022025067C082C08390184774FBF0A37487
:105163002DF0A3742BF0A3742EF0A37401F0A37499
:105173002EF0A37407F0A3742EF0A37425F0A37488
:105183002EF0A37419F0A3742EF0A37413F0A37478
:105193002EF0A37431F0A3742EF0A37437F0A3742C
:1051A3002EF0A3743DF0A3742EF0A37449F0A374FE
:1051B3002EF0A3740DF0A3742EF0A374F5F0A37472
:1051C3002DF0A374EFF0A3742DF0901863741FF007
:1051D300A3742EF0A37443F0A3742EF0A3745DF0B4
:1051E300A3742FF0A3744FF0A3742EF0A37455F09F
:1051F300A3742EF0901887E4F090188AF090187337
:105203001252147402F090187C1252147401024B5F
:1052130072746DF0A3742EF0A32274F5120C29742A
:10522300F11212B48521828522837402F074011273
:105233001558E9F060047AFF7BFF740212155812C7
:105243005CB175087F750918750A00780812122079
:105253007C0B7D007407121558AA82AB831252840B
:10526300121201AA21AB22122333740F80031252AC
:10527300841212017F03020F307C0B7D007A7F7B47
:1052830018121B7D74032274F7120C2974FD121279
:10529300B4852182852283740AF07401121558E9BA
:1052A300F07402121558EA12692B02430274F612C3
:1052B3000C2974F71212B4EAFEEBFFEA125302123E
:1052C30053327402F0EA2428FCE43FFDAA21AB2206
:1052D300121D1BEE2431125308243312632A1212B7
:1052E30024740212129479831A1A123EC312120101
:1052F300E9F5087007EEFAEFFB122DAD02686512AF
:105303003ACB740122F582E43FF583123934125704
:10531300D2F583125320E8F0A3E9F0EE22125328CA
:105323008A828B8322E024FFF8A3E034FFF922F082
:10533300A3E4F0EA123EE42274F0120C29126D9AEF
:105343001214E57808790C120AC2780812121C7A32
:10535300767B1802393C74F4120C2974C61212B409
:1053630090057CE0640F600D852182852283742E75
:10537300125CD080227A6D7B1812397A1209CF8899
:10538300088909E4F50AF50B780812121C7A6D7B7B
:10539300181250F6121201743A02395574F5120CB0
:1053A30029EAFEEBFF8A82F583A3E0F87078EA240A
:1053B3003012544B64026007E06403600278E8EA49
:1053C3002426F582E43FF583123973400478E8809C
:1053D30058E87052EA24261245B3EE243112543DA4
:1053E300243012544B6402700EEE2428126EB290D5
:1053F300058B12514E801790058B74FEF0A304F0B9
:10540300EE2428FCE43FFD7A827B05121D27EE245F
:105413001B12470212122012527C121201EEFAEFF3
:10542300FB122DE9E9F8E8600EE88E828F83A31260
:1054330066CE7417126778025277FAE43FFB79500D
:105443001219D3EE22EE2410F582E43FF583E02215
:1054530074F6120C2974F71212B490188AE070379C
:105463007401F0F9121ABDAA21AB22122EAF7508EE
:105473007F750918780812122475080175090078D8
:1054830008121224900591120FFF74061212947AD7
:105493000312396912120102686774F7120C291298
:1054A30056797004A374EBF090188AE0A2E25003DB
:1054B300C2E2F0E0A2E1500512568A80098E828F83
:1054C30083742A12677802555974F4120C2974FEF6
:1054D3001212B412557F1257C5EC8521828522839F
:1054E300125814E0F50B7015AA21AB227953121947
:1054F300D3EE2413FAE43FFB794A1219D31246FF81
:1055030012122012527C121201124EF4A90B122D08
:10551300DD90188AE0A2E1500312569190188AE4B4
:10552300F0740202395574F7120C29EAFEEBFF8A74
:1055330082F583A374EBF090188AE0A2E150077A16
:105543000079EB122DE3EEFAEFFB122E198007EE32
:10555300FAEFFB122F1B7F01020F3074F7120C2995
:1055630012557F901887E4F090188AF07AFF7BFF3A
:105573008E828F83A3E0F9122DDD80DA1256CA7A68
:10558300767B18122FA52274F7120C29EAFEEBFF83
:10559300122E1380BA74F7120C29125707A3A3A370
:1055A300E060047400800274EB1255D85003C2E229
:1055B300F0E0A2E150051256DB8011A2E0500D8EFF
:1055C300828F83742AF0A374EB126778EEFAEFFBF1
:1055D300122DBF80818E828F83A3F090188AE0A260
:1055E300E22274F6120C29EAFEEBFF90188AE0D24D
:1055F300E1F07901121ABD8E828F83A3E070381215
:105603002EB5E9FAEE240DF508E43FF50978081202
:105613001224750801750900780812122412564BDA
:10562300120FFFEE2402FCE43FFD1239691212014E
:10563300E98E828F83A3F08E828F83A3E060067A44
:1056430000F9122DE302686CEE240BF582E43FF5BA
:10565300832274F7120C291256797004A374EBF0A9
:1056630090188AE0A2E25003C2E2F0E0A2E1500304
:1056730012568A025559EAFEEBFF7901121AC38EBC
:10568300828F83E0642022C2E1F0125691227A00D5
:105693008E828F83A3E0F9122DE32274F7120C2973
:1056A3001256CA8E828F83A3A3A3A3E0600474005F
:1056B300800274EB1255D85003C2E2F0E0A2E1502D
:1056C300031256DB0255CFEAFEEBFF7901121AC330
:1056D3007A6D7B18122FA522C2E1126BFCE0A2E4C3
:1056E300E433FA1256932274F7120C2912570774F3
:1056F300EB1255DD5003C2E2F0E0A2E15003125673
:105703008A025559EAFEEBFF7901121AC38E828F82
:1057130083A32274F7120C2912572C02555274F7E3
:10572300120C2912572C025559EAFEEBFF7A6D7BB6
:1057330018122FA5EEFAEFFB122E3D2274F7120C6E
:105743002974EF1212B4EAFEEBFFEA1266BA7A8208
:105753007B05121D15E96056852182852283740914
:10576300F0740112155874EFF01257C57402121534
:1057730058EC125814A3A3E0C0E07404121558D0D7
:10578300E0125801640870158E828F83A3A3125709
:10579300EDE0C0E07405121558D0E08006740512E0
:1057A3001558E412655674061215581257B674113B
:1057B300024304AA82AB83122EE5AA21AB22122351
:1057C30033221257D2F5831257E4FCA3E0F922EEF9
:1057D3001257DAFB8882222402F8E43FF9E8FAE957
:1057E30022124F498882F583E0221257FC2407F5E1
:1057F30082E438F5832290182C124F49C82212589C
:10580300052212580AE022F08E828F83A3A3A3A35A
:10581300221267E612581B2212581F22E0F8A3E057
:10582300F5838882A3A322C082C083122F2702504C
:105833006EC082C0839018A77447F0A37418F0A3B6
:105843007463F0A37418F0901AD67495F0A37435AA
:10585300F0A374D1F0A37434F090189374D7F0A329
:10586300742DF0901890E04401024B72C082C08303
:10587300EAFCEBFD7902122E8B02506E74F6120CC9
:105883002974FE1212B490188C1258CD60077A8CCA
:105893007B18122EA3901892E4F0900D011258CDAC
:1058A30060208007AA21AB22122EA390188BE0F967
:1058B300121BB38B09A909852182852283124525F1
:1058C30070E2740202686990182C126EBCE84922D7
:1058D30074F7120C29E9FA7B0090188BE0F9121B7C
:1058E300DD02555974F7120C2974F01212B4EAFC54
:1058F300EBFDE9FE8A828B83E0F874AA125A023424
:1059030038F583E493C0E07401121558D0E0F064D5
:105913000B700DE98A828B83A3F0122F090259FDC4
:10592300E070030259FD640C60030259EE741A6EB1
:10593300700B7404121558E4F0A30259ED740412A9
:105943001558125CB1EA24321261BAC0E074031232
:105953001558D0E0126BE712151D74061215581274
:1059630015298C828D83A3A3A3A3A3A3A3A3A3120B
:105973006EB8740A121558E8F0A3E9125A07E054F6
:10598300106009852182852283E48013EC2412129E
:1059930061BAF890059EE0C398852182852283F041
:1059A300E0C0E0740C121558D0E0F0EC241512613D
:1059B300BAC0E0740D121558D0E0F0EC2416126151
:1059C300BAC0E0740E121558D0E0F0EC241712613F
:1059D300BAC0E0740F121558D0E0125A07A3E0546E
:1059E30001600874011215587411F07402121558ED
:1059F300EEF0740112128C12233374100243042844
:105A0300F582E422F0EC125A103DF58322240EF5C0
:105A130082E422C082C083901892E0640370047908
:105A2300018002790002506E74F7120C29901892CB
:105A3300E0125AA674D428F582741A39F583125FDA
:105A430038C2E7F0125AADA3E493FE25E0FCE43339
:105A5300FD74D42CF582741A3D1262C4EC4D6005BA
:105A6300EE901892F08A828B83E025E0FCE433FD0C
:105A7300E82CF582E93DF583E493FCC4540F25E05B
:105A8300F874A1125A023418F5831258CD70051216
:105A93002EF7800CEC540F125AAD124FC6123199E7
:105AA30002555925E0F8E433F92225E0FCE82CF50A
:105AB30082E439F5832274F2120C2974FE1212B4B3
:105AC300890B8A088B09125B58125B49601A1265AD
:105AD30063F50A7808121220125B6524021262BA77
:105AE300121201125AF18003125B77023F54AA0C7F
:105AF300EFFB90188BE0F9121BA72274F0120C290C
:105B030074FE1212B4890B8A0E8B0F125B58F508C0
:105B1300125B496027126563A808EA281248478583
:105B23000E08850F09F50A7808121220125B651218
:105B330062B8121201125AF179008005125B77796B
:105B43001A7402023941FA7B00121B9B8A0C8B0DDB
:105B5300AF0DEA4F22747329F582E43438F583E4F8
:105B63009322A80B7489125A023438F583E493FC08
:105B73007D00EA22852182852283E50BF0791AAA2A
:105B830021AB22122E7322C082C083E990188B02AC
:105B93004B7274F6120C2974FE1212B4EAFEEBFF78
:105BA300EA542070308039A8A8C2AF90182BE014B3
:105BB300124A9F8A828B83125C9E90188E125CB16C
:105BC300122E7F852182852283E0641560077A8EF9
:105BD3007B18122EA37A257B18121BC5EA4B70C7BC
:105BE300EF5480700C801690188EEAF0A3EB125CD1
:105BF300C490188BE0F9121BB3EA4B70EAEE541011
:105C0300600B852182852283742D125CD0EEA2E085
:105C1300500B8521828522837424125CD0EE5402BA
:105C2300600B8521828522837425125CD0EE540497
:105C3300600B8521828522837426125CD0EE540882
:105C4300600B8521828522837428125CD0EE544038
:105C5300600D7401121558125CB7742C125CD0EEEF
:105C63005480600D7401121558125CB7742F125CC6
:105C7300D090188C1258CD601BA8A8C2AF90188C76
:105C8300124EFA90188CE4F0A3124A9FA3EAF0A3F1
:105C9300E9125CC47A007B000258C5125CA222E0C0
:105CA300852182852283F022A3A3A3A3A3A3EAF0E1
:105CB300A3EBF022E4125CBC22F0852182852283CF
:105CC30022F0122E7F7A8E7B18122EA3221247EB1C
:105CD300122E7F22C082C08390188E1269266870AC
:105CE30002EB69700790188EE4F0A3F002506E7413
:105CF300F7120C29EAFEEBFFEA4F70031217ABA26F
:105D0300AFE433F508C2AF8E828F831258CD60287B
:105D1300E824FBFAE934FFFB90188E1262C6E86CA4
:105D23007002E96D700790188EE4F0A3F08E828FF5
:105D330083E4F0A3F0121C37024170C082C0839049
:105D430018B574EBF0A3742EF0A374FDF0A3742EB6
:105D5300F0A37403F0A3742FF0A374B9F0A3742D0C
:105D6300F0A37409F0A3742FF0A374B3F0A3742DFC
:105D7300F0A374BFF0A3742DF09018C37439F0A38B
:105D8300742FF0A3740FF0A3742FF0A37415F0A372
:105D9300742FF0A37421F0A3742FF0A3741BF0A34A
:105DA300742FF09018B4E4024B72C082C083900544
:105DB3008BE064FE7003A3E0F470097C827D05121E
:105DC3001D1B801C8A828B83A3A3A3A3A3A3A3A3CA
:105DD3007402F090058B126EB88A828B8312514E37
:105DE30002506EC082C083900595C3E094FEA3E089
:105DF30094FF400479038002790202506EC082C08E
:105E030083125F418C828D83125EF668703974024F
:105E130068701C8A828B83125E4FE06870298A82C5
:105E23008B83A3125E4FA3E068701C7901801A7400
:105E330003687013EC2405FC50010DEA2405FA50A5
:105E4300010B121D218002790002506EA3A3A3A3AC
:105E5300A3E0F88C828D83A3A3A3A3A32274F612D9
:105E63000C297E00740A121558E0125EEAFF8A823A
:105E73008B83A3A3A3A3A3A3A3A3E06F7064740260
:105E83006F704E8A828B83C082C08388828983A38A
:105E9300A3A3A3A3E0F50888828983A3A3A3A3A351
:105EA300A3E0FBAA08D083D082E06A7003A3E06B6F
:105EB300703088828983A3A3A3E0FA88828983A3AD
:105EC300A3A3A3E0F9EA6C7002E96D70157E01806B
:105ED3001174036F700CE82405FCE439FD121D21D5
:105EE300E9FEEEF902686CF8A3E0F98882F5831203
:105EF3005EF622A3E01313543F540322C082C083EF
:105F03008A828B83A3A3A3A3A3A3A3A3E0640270A6
:105F13001690058B125F38687003A3E069700479EB
:105F230001800F7900800BEAFCEBFD7A827B05127E
:105F33001D1502506E126EBC8A828B83E0228A8208
:105F43008B83125EF6F82274F0120C2974FC121281
:105F5300B4E9852182852283F07402121558ECF08E
:105F6300A3EDF08A0A8B0B7508007402121558E032
:105F730024081261BAC0E07401121558D0E012620D
:105F83000AA2E75008750EFF750FFF800A9005916E
:105F9300E0F50EA3E0F50F852182852283E0C2E7B9
:105FA30012620F542060071261DC740880041261CE
:105FB300DCE412620F540460071261E77480800509
:105FC3001261E7741012620F541060061261C2E48A
:105FD300800B90059EE0C0E01261C2D0E012620F18
:105FE300A2E050037508205408600674104508F5B4
:105FF300088A828B83A3A3E024FFFEA3E034FFFF80
:10600300EA1261CDC39402E0400F640B6009E0140F
:106013008E828F8312620074034508F508750900A8
:106023009005B1E0640170118A828B83A3A3A3A3BB
:10603300E0C394674003750910852182852283E0BC
:10604300F50C750D00740E780C1213D2E50D45098D
:10605300F509E06402701B900596E08E828F83F051
:10606300900595E0C0E0123ECBD0E0F0EE24FEFEBA
:10607300801CE06403701DEE24F9FEEF34FFFF7C07
:10608300A57D05EEFAEFFB121D27EE24FF1EEF346C
:10609300FFFF8003E0602F7401121558E06018744D
:1060A30014121558E0650E7004A3E0650F700874B0
:1060B300404508F508800F8E828F83E50FF0123E6E
:1060C300CBE50E1261F67401121558E0F50C750D4F
:1060D30000740A780C1213D2E50D4509F509E06442
:1060E30002702374021215581269218E828F83F075
:1060F3007402121558123FFDC0E0123ECBD0E0F0FF
:10610300EE24FEFE8020E064037021EE24F9FEEF0E
:1061130034FFFF74021215581262C6EEFAEFFB1237
:106123001D27EE24FF1EEF34FFFF8003E0601C7485
:1061330014121558A3E08E828F83F074141215582D
:10614300E0C0E0123ECBD0E01261F6EEF8EFF9E8E2
:1061530024FF1EE934FFFFE50A1261CD70059005A7
:1061630081800390058DE0FA04F0EA888289831226
:1061730066CEE5091262008E82F583E508F0E50A32
:106183002404F8E4350BF9E50A2402FAE4350BFBA1
:10619300EEFC8A828B83E0F50888828983E02508F8
:1061A300C39C1267E9EEF0A3EFF0850A82850B83A7
:1061B300A3E4F0F902393FF582E43DF583E022EAF6
:1061C3002412F582E4350BF583221261D6350BF5E3
:1061D30083E022240DF582E422EA2410F582E435DB
:1061E3000BF58322EA1261F0350BF583222411F5B6
:1061F30082E422F0EE24FEFEEF34FFFF22F0EE24D1
:10620300FF1EEF34FFFF22125CBCE022F0EA125AB9
:1062130010350BF583E02274F1120C2974FE12126F
:10622300B4852182852283ECF0A3EDF0890B8A0EDD
:10623300750A1A741512155812714B122D598A0CBE
:106243008B0DAE0CAF0DEA4F605A74131215581232
:106253006926126325F0A3E9125335E50BF0750A9D
:106263000078081212207C0B7D00EA1262B8121229
:10627300017411121558120FFF740212155812628D
:10628300C6A90E123EC1121201E9F50A7016E50BFA
:1062930024F96003147006124103D2E5F0EEFAEF1D
:1062A300FB122DADA90A74021212017F07020F30EF
:1062B3007C0B7D00EE241BFAE43FFB121B7D740371
:1062C30022F583E0FCA3E0FD2274F6120C2974F797
:1062D3001212B4EAFEEBFF7801EA243212544B6047
:1062E300027805EA12632512533274041266C1AAB6
:1062F30021AB22121D1BEE242F12530824311263EB
:106303002A121224740212129479031A1A123EC327
:10631300121201E9F5087007EEFAEFFB122DAD0238
:106323006865123ACBE822F582E43F123ABE12586E
:106333000504F078082274F2120C298A088B09EC00
:10634300FEEDFF8A828B837405F0EC12675A126AA2
:10635300AEF0EA2403F50AE43509F50B850A82F564
:1063630083E0F50CA3E0F50DEC2425F582E43FF57D
:106373008312151DE50C1261F0350DF583121529F5
:10638300EC1266BAAA0CAB0D121D1B850A82850B93
:10639300831271CB12651F126542125CABEE242F80
:1063A30012544BC0E0126528D0E012656E2415F537
:1063B30082E438F583E412656E124F1FE4126556CA
:1063C300850A82850B83E02416FAA3E03400FB12CE
:1063D3002EE58E828F83A3A3A3A3A3A3A3E0C0E090
:1063E300850A82850B83124D641261D638F583D0FA
:1063F300E012654DFAA3E0FB850A82850B83126EDA
:10640300B8E8240BFCE439FD8A828B83E08C828D0F
:10641300831265698A828B83A3E0F50B8C828D835B
:10642300A3E0450B1267E1A3E0FCEA2403FA500161
:106433000BECA2E7E433C0E0E8240FF582E439F57E
:1064430083D0E0F074075C60047801800278007503
:10645300F00374075CA428F8EA28FAE43BFBE50898
:106463002405F8E43509F98A828B83123AC012674E
:10647300E1AA82AB83850882850983125CAB88829B
:106483008983E0F50A25E0540EFCE50AC4540FF5B0
:106493000A750B007403780A1213D2E50A5438F80C
:1064A300EC28F8EA28F8E43BF9850882850983A3F8
:1064B300A3A3A3A3A3A3A3A3E8F0A3E9125801FAF8
:1064C3008E828F83A3A3E02AFAA3E03400FBC3EAFE
:1064D30098EB9940288E828F83A3A3E0F8850882E6
:1064E300850983A3A3A3A3A3A3A3A3A3126536C36D
:1064F3009A28850882850983A3A3A3801685088229
:10650300850983A3A3A3A3A3A3A3A3E4F08508827C
:10651300850983A3A3A3A3A3F0023F59242BF582E8
:10652300E43FF5832212652C22E82410F582E43936
:10653300F58322E0FA8E828F83A3A3A3A3E0221222
:106543004EFE88828983A3A3A322F08E828F83A326
:10655300A3E02212655A22F0EE2408FCE43FFD2258
:106563008A828B83E50BF0A3E4F022F0850A82850F
:106573000B831257FC2274F5120C298C088D0975B4
:106583000A0078081212207C0B7D0002527102115E
:10659300CEC082C0837918122E7302506EC082C09F
:1065A300838A828B83E0C3940B5003122EF1025033
:1065B3006EC082C083791980DE74F7120C29EAFE5B
:1065C300EBFF90188C1258CD601090188C124EFA75
:1065D300122EFD7A8C7B18122EA3EEFAEFFB122EED
:1065E3009D90188CEEF0A3EFF002555974F7120C3E
:1065F3002974DE1212B4EAFEEBFF8A82F583E024EB
:10660300FD601124FE601524ED600924FA600D1469
:10661300600A803C7416121558E48007741612152C
:106623005874011266C1740B121558AA82AB8312F7
:106633001D2774131215581266DA12155812514E8B
:10664300740A1215581266E612155812514E8042FA
:1066530074161215587402F0EA1266BA740B121506
:1066630058AA82AB83121D2774131215581266DAC7
:1066730012155812514E740A1215581266E6121565
:1066830058E8F0A3E91266D4121558AA82AB831214
:106693002EE5852182852283740B1266CEA3E0C08A
:1066A300E07401121558D0E01266D412155812572F
:1066B300B67422024304EE2413FCE43FFD22F012DD
:1066C30066C622EA2426FCE43FFD22F08E828F83F5
:1066D3002212655A7417227403F0900595126EBC4A
:1066E3007402227402F0900591126EBC7414227429
:1066F300F7120C29EAFEEBFF8A82F583A3E0F50883
:10670300702CEA242F1267637003A3E0696003759A
:1067130008E8EA2426123960602AEE12675AE4F088
:10672300E508700AEEFAEFFB122ED9E9F508E50841
:10673300600F8E828F83A3E5081266CE74191267E9
:1067430078025559EE243212544B60D49018B3E0BA
:1067530070CE7508E880DB2432F582E43FF58322AE
:10676300F582E43FF583126EBC900591E068228EBA
:10677300828F83742C124FDE122E7F22C082C0833D
:1067830074F11212B4740212155874041267E1E022
:10679300C0E07403121558D0E0F0EA242FF582E428
:1067A3003B126EB6740D12155812514EEA2426FC94
:1067B300E43BFD7404121558AA82AB83121D1B74AB
:1067C30004121558AA82AB83122EC7E9600312681C
:1067D3004A740212128C122333740F0247F31267A6
:1067E300E9A322F0A3E9F08A828B832274F6120CC8
:1067F3002974E81212B4EAFEEBFF740212155874FE
:1068030003F0EA2413F508E43FF509AC08FD74042A
:10681300121558123FF0C0E0740C121558D0E01254
:106823006556740D121558AA82AB83122EE5AA0879
:10683300AB09122EC7E9600312684A740212128C64
:106843001223337418801F85218285228374FFF0FD
:10685300A31247EB79531219D390058B74FFF0A35E
:10686300F022A90874091212017F02020F3074F694
:10687300120C2974D41212B4EAFEEBFF8A82F58358
:10688300A3A3126921A2E6501C9005911269262444
:106893002B12544B687003A3E06970099018B4E09D
:1068A3006042122F27740B121284740312155812AC
:1068B3005319FCEFFDAA21AB22122EDF852182851D
:1068C3002283742B125CD0900576E0600874081262
:1068D3001558E0600B852182852283740512692B8C
:1068E300742C808290059AE060BB12395D70B6EE1D
:1068F3002408F508E43FF509780812122475080105
:106903007509007808121224900591120FFF7C82FA
:106913007D057A03790612396B12120180C2124D7A
:1069230058E022126EBCEA221247EB12233322C034
:1069330082C08374EF1212B4852182852283740985
:10694300F0740112155874EE12692B0247F174F7B3
:10695300120C29A2AFE433FFC2AFE960031219C1DD
:1069630012194F1269B67E001269A71258CD600939
:106973001269A7124FC61231990EEEC3940740E86D
:10698300122F75122E679018CDE4F0122D53122E8C
:10699300A97A947B0579521219D3EFA2E092AF79C9
:1069A30000025559EE125AA6749328F582741839C9
:1069B300F583221269DB9018B4E0F91219EB900504
:1069C30091124EFE1219F1900595124EFE1219F70F
:1069D3007AA57B051219FD229005A4E0F9121A0F7E
:1069E3009005A3E0F9121A0322122E8502506EC0FD
:1069F30082C0839018CE7445F0A3742FF0A3746300
:106A0300F0A3742FF0A37469F0A3742FF0A3744B55
:106A1300F0A3742FF0A37457F0A3742FF0A3745151
:106A2300F0A3742FF09018A174B5F0A37418F0A319
:106A330074C3F0A37418F0A374CEF0A37418F09089
:106A43001890E4F0A3F012194902506E0211CE74AB
:106A5300F7120C29EAFEEBFF8A82F5837407126AA8
:106A6300B6126AAE126AB6A3A3126AAEA3126AC0C2
:106A7300A3A312151D8E828F83A3A3A3A31215298B
:106A83008E828F83A3A3A3A3A3A3A3A3E4F0EC24E5
:106A930018F582E43D126EB68E828F83A3A3A3A35F
:106AA300A3A3A3A3A312514E025559E08A828B8359
:106AB300A3A322126AC0A3A3A3A3A3A322F08C823D
:106AC3008D832274F4120C29EAFEEBFF9018DBE4A9
:106AD300126BE7A3E0C3940640069018DB74E8F05A
:106AE3008A828B83A3A3A3A3A3A3A3E0C3940F408E
:106AF300158A828B83A3A3A3A3A3A3E064036015D6
:106B03009018DB74E8F08A828B83A3A3A3A3A3A3C7
:106B1300E06403700E901890E0A2E040069018DB4A
:106B230074E8F0EAFCEBFD7ADA7B18122F3F8E82D1
:106B33008F83A3A378081214E5740A780812126BE2
:106B43009018EE78081214C78E828F83A3A3A3A391
:106B5300A3A3A3E09018F2126BF6E09018F3126B64
:106B6300F6A3E09018F4F0EE240B12544B9018F5B2
:106B7300F0EE240C12544B9018F6F0A3740AF09024
:106B830005A4E09018F8F09018EB12521474041254
:106B93006C011212207C0B7D007AF97B181252844F
:106BA3001212019018DBE0702A8E828F83A3E070AB
:106BB300229018DCE060069018DB74EAF09018DC91
:106BC300E0F9121A1B8E828F837426F07904121A4D
:106BD300B780078E828F837429F0EEFAEFFB122EB3
:106BE3007F023958126BEB22F08A828B83A3A3A313
:106BF300A3A322126BFCA3A32212444AA322F0EE06
:106C0300240D126C0922F508E43FF509750A007892
:106C1300082274F4120C2974F71212B4EAFEEBFF83
:106C23009018DCE070309018F7E0640A6028121ABC
:106C33002DE9C0E09018F7E0F89018E3E028F8A3F6
:106C4300E03400F9E824F5F582E9123ED1D0E0F012
:106C53009018E2E004F09018EE78081214E574013D
:106C6300780812126B9018EE78081214C79018F770
:106C7300E004F0E508A2E04006E0C3941E40D7E03C
:106C8300641E7003026D0F7AF77B1879E11219D332
:106C930074081215587402125CB874FFF0A3F090D4
:106CA30018DCE0600464027009EEFAEFFB122F5166
:106CB3008063E06401700679087A80800479077A3A
:106CC300837508F97509187808121224E4F508F594
:106CD3000978081212247508FF7509FF7808121243
:106CE30024740612129412396B121201E9F874DB40
:106CF30068601474E568600F74F368600A74DF6891
:106D0300600574E868700EE99018DBF08E828F835B
:106D1300742912677802395374F0120C297508012B
:106D2300750900750A00750B009018F7E0780812D2
:106D3300118A78081214789018DE780812141E90BD
:106D430018DCE06403700F126D9A1214E578087969
:106D53000C120AC28035750801750900750A0075A1
:106D63000B009018F2E0780812118A9083BC78081F
:106D73001213AC908408780C1214E57808790C127D
:106D83000AC29018DCE07003121A27780812121C4A
:106D93007AE57B1802393C90059F12390D908408DF
:106DA300780C2274F1120C2974D41212B48A088B51
:106DB300099018DCE06402600DE064016008E0649F
:106DC300056003026EA79018DBE4F0740B121284C3
:106DD300740312155812514EAC08AD09AA21AB2207
:106DE300122EDF9018F3E0F89018E2E0C398507881
:106DF3001272709018E2E0F50A80368E828F83A3B8
:106E0300A3A3A3A3A3A3A3A3126EB8741412155828
:106E1300E0687003A3E069700F740B121294EEFA2A
:106E2300EFFB121D15E97040150AEE2421FE5001F7
:106E33000FE50A70C6740B121284880C890D750E47
:106E430000780C1212207C217D009018E2E08CF077
:106E5300A4F8A9F0A3E028FAA3E039FB12528412A4
:106E630012019018E2E004F0900576E0600E7408D9
:106E7300121558E070069018F3E07007AA21AB22B0
:106E83001223339018F3E060219018E2E0F8901891
:106E9300F3E06870158508828509837429F0AA08D0
:106EA300AB098003126F64122E7F742C0262ABF560
:106EB30082E43FF583126EBC22124F49F92274F625
:106EC300120C2974FE1212B48A088B09EA241BF5EA
:106ED30082E43509F583E06403707DEA2424F582B6
:106EE300E43509F583E06403706EEA2413FAE435AC
:106EF30009FB794A1219D3850882850983A3127283
:106F0300708E82F583126F7050010FAA21AB227924
:106F1300501219D38E828F83126F7050010FAA21E2
:106F2300AB22794B1219D3EEFAEFFB79E11219D3A5
:106F33008E828F83A3126F7C12514FAA21AB2279C9
:106F4300531219D39018DBE4F08508828509837402
:106F530029F0AA08AB098003126F64122E7F02582E
:106F6300C59018DB74E81267E97429F022126F7C6C
:106F7300F0A3E9F0EE2402FE22E0FAA3E0F9EA85A9
:106F8300218285228322C082C0837AE57B18122F57
:106F9300A5121A217904121AC39018DCE064037055
:106FA300069018DBE060097AF87B1879E11219D3AF
:106FB3007ADA7B18025062C082C08374F51212B46D
:106FC300EAFCEBFDAA21AB22122F3F7401121558E4
:106FD30074FC12692B740B0247F3C082C0837907D8
:106FE3000269ECC082C083901904E4F0A3F0901905
:106FF30006F0A3F0901ADEF0A3F0A374FF12656904
:10700300901AE2F0A3F0A374FF12656990190802C5
:107013004B7074F4120C29901908E4F0A3F0901942
:10702300041258CD6027901ADE78081214E5127105
:107033005212130A501712713912715212130A5055
:10704300061271521214C79019041251489019066E
:107053001258CD901908601E1258CD601112714557
:107063001214E590190612715512130A500D901956
:107073000612514880051258CD6021901ADE780817
:107083001214E590190812715512130A500E901933
:1070930008124D5D1215411218DD80031218E30228
:1070A300395874F4120C29A2AFE433FEC2AF90191D
:1070B300081258CD60781271451214E5901ADE78E3
:1070C3000812130A500B1217AB9019081258CD600F
:1070D3005D1271399019081271551211A9504F9010
:1070E30083D878081214E590190812715512130AFF
:1070F30050031217AB90190812714B122FA5850874
:1071030082850983A3A3A3A3A3A3A3A3E0F985086B
:1071130082850983A3A3A3A3A3A3127358EEA2E0BA
:1071230092AF123199A2AFE433FEC2AF809BEEA2BD
:10713300E092AF0239581218D18A088B098C0A8D54
:107143000B22125822780822123934AA08FB229003
:10715300190412581B78082274F0120C298A088B20
:10716300098C0A8D0B7410121558801C9083D878E3
:107173000C1214E58E828F83A3A3780C12130A508A
:10718300031217AB8E828F83123F4C60358E828F32
:1071930083A3A3780812140B1271C8687002EF69F5
:1071A30070CA9083D8780C1214E58E828F83A3A3C0
:1071B300780C12130A50B58E828F83A3A31238FA68
:1071C30080C2023944901908126EBCEE2274F31285
:1071D3000C29A2AFE433F50CC2AF901906127271F9
:1071E300901904120FFF901ADE78081214E578083C
:1071F30012134BAA08AB09AC0AAD0B122F8774020A
:10720300121201802F901ADE78081214E58E828FF5
:1072130083A3A3780812130A4013901ADE78081286
:1072230014E58E828F83A3A3780812135C8E828F5A
:1072330083127271EE4F70CD901AE278081214E542
:10724300901ADE780812131F6015901AE212151DAA
:10725300901ADE121529901ADE1215411218CB125C
:107263002F7BE50CA2E092AF7F05020F30A3E0FE77
:10727300A3E0FF2274F0120C29A2AFE433FEC2AFE5
:10728300ED8C0CF50D8C828D83800C850E0C850F97
:107293000D850E82850F83E0F50EA3E0F50FE50E55
:1072A300450F601A850E82850F83A3A378081214F5
:1072B300E58A828B83A3A3780812130A50CD850C29
:1072C30082850D83125CB18A828B83E50EF0A3E580
:1072D3000F126AC0126926687002EB697003122FDD
:1072E3007BEEA2E092AF02394474F4120C29EAFE59
:1072F300EBFF740C121558C082C083127139D0830E
:10730300D08278081213AC8E828F83A3A3780812DD
:1073130014C77C047D19EEFAEFFB122F9302395840
:1073230074F7120C29EAFE8C828D83A882A983123A
:107333007358E58245836018EE65827003EB6583BD
:1073430070E9124EFA88828983125CB17901800256
:107353007900025559E0FAA3E08A82F5832274F793
:10736300120C29EAFEEBFFA2AFE433F508C2AF7CAF
:10737300047D19122F9FE9700B7C067D19EEFAEF3D
:10738300FB122F9F1271C8687002EF697003122FEE
:107393007B024170C082C08390042D7470F0A3748B
:1073A300B1F0A3E0541FF0900431741DF0A37442B4
:1073B300F0A37470F0A374B2F0900437E0541FF09C
:1073C300900439741EF0A37412F08040C082C0830D
:1073D30012741600E5D6A2E150F9E5B354F8440659
:1073E300F5B343B301E5B3A2E350FA801FC082C0F3
:1073F3008312741600E5D6A2E150F9E5B354F844BC
:1074030004F5B343B301E5B3A2E350FAD083D082CA
:107413000211CEEB90042BF0EAA3F0900430741029
:10742300F090042FE054E0F075D1FD75D60222747C
:10743300F7120C29740912155812784C90042BF08A
:10744300E8A3F0740B12155812784CF9E890043045
:10745300F0E9F890042FE054E048F0EB900435F0A5
:10746300EAA3F0EC900438F0EDFC900437E054E02C
:107473004CF075D1FD75D60200E5D6A2E150F97541
:10748300D1FB75D60400E5D6A2E250F97F01020FC5
:1074930030C082C083122C6302740FC082C0835336
:1074A300B38F43B340122C6F02740F74F4120C2980
:1074B3008C088D09750A10750B00780A121224784E
:1074C300081212241274DB121201127A85E5D1A27A
:1074D300E250FA7F04020F307C107D00AA08AB094A
:1074E300122C7574042274F0120C2974E91212B46C
:1074F3007404121558E9F07405121558ECF0A3ED55
:10750300F07404121558E0700302783074311215C8
:1075130058E014C0E07407121558D0E0F0742B1231
:107523001558E0F50EA3E0F50FE50E450F6009745D
:1075330007121558E0D2E6F07404121558E024FE41
:10754300333354FCF87407121558E048127C911237
:1075530012207C0D7D00740B121558127C871212B9
:10756300017427121558A3E0C0E07415121558D002
:10757300E0F07427121558E0C0E07416121558D0C5
:10758300E0F07C107D007900742F121558127851A9
:10759300750C20750D00C3E50E940FE50F940040A4
:1075A3001DE50E24F2F8E50F34FFF9E854F024202A
:1075B300F50CE439F50DE8540F6003127840742795
:1075C300121558E054F0F8A3E0F9E50C28F50CE5A2
:1075D3000D39F50D7427121558E0540F6003127816
:1075E30040AA0CAB0D121C317402121558EAF0A319
:1075F300EBF0740212155812784CF9E849700579CA
:1076030010027832740712128488088909780812E4
:1076130012207C107D007405121558127AA71212DD
:1076230001740212155812784CC82410F582E438FC
:10763300F583E50FF0740212155812784CC8241123
:10764300F582E438F583E50EF07402121558E02450
:10765300121278B240117429121558127A9D12121F
:10766300207C0E7D00801E7C0E7D007900852182AA
:107673008522831278517429121558127A9D121299
:1076830020AC0EAD0F7403121558127AA712120113
:10769300852182852283E0240E1278B2500302777B
:1076A30028E50E24F2F50EE50F34FFF50F850E08DD
:1076B300F509740478081214B8AE08AF09E50E1280
:1076C30078371213D285080E7429121558E0240E48
:1076D300F508A3E03400F5097808121220AC0EADCA
:1076E3000F7403121558127AA712120112789560BB
:1076F3003412785E1213D27429121558E02508F853
:10770300A3E03509F9E8240EF508E439F50978080A
:10771300121220AC0B7D007403121558127AA712B3
:1077230012011278767427121558127A8C74047821
:10773300081214B8AE08AF097427121558E012786E
:10774300371213D285080E85090F740512155812C6
:107753007A9D121220AC0EAD0F7403121558127AD3
:10776300A7121201127895602D12785E1213D2744B
:1077730005121558E02508F508A3E03509F5097841
:1077830008121220AC0B7D007403121558127AA74D
:10779300121201127876852182852283C082C083EA
:1077A300740212155812784CF9D083D082E0C39832
:1077B300F8A3E099F9E8650C7003E9650D6003121D
:1077C30017AB53B38F43B350742F121558127AB0BB
:1077D300122C69780C1212247404121558120FFF1C
:1077E3007C107D007433121558127A9412120153CF
:1077F300B3F87404780C1214B8E50C24FFFEE50DFD
:1078030034FFFF127A76600B43B301E5B3A2E34082
:10781300F280F853B38F85B3B343B301E5D1A2E24A
:1078230050FA7402121558127AB0121C3779007488
:10783300170278C1540FF50B7404780822E50C2461
:1078430010F50CE4350DF50D22E0F8A3E0221278D3
:107853005522E0FAA3E0FB121B89227C107D0079FC
:10786300008521828522831278558E088F0974043E
:10787300780822852182852283E0241012788322CE
:10788300F8A3E03400F9852182852283E8F0A3E997
:10789300F022852182852283E0250EF8A3E0350FAF
:1078A300F9852182852283E8F0A3E9F0E50B221212
:1078B3007883C3E50E940FE50F940022740212122D
:1078C300017F08020F3074F0120C2974DD1212B418
:1078D300E9852182852283F07401121558ECF0A307
:1078E300EDF0EAFEEBFF750E00750F00743712150D
:1078F30058127A8C750A0078081212207403121534
:1079030058E0FC7D00741612128C127C8B1212014B
:107913007439121558E014C0E07403121558D0E0FE
:10792300F08E088F0978081212207C0D7D007407F1
:10793300121558127C871212017412121558E4F0B2
:107943007411121558E4F07433121558E0F50CA3B2
:10795300E0F50D850C08F509740478081214B8AE27
:1079630008AF09E50C540FF50B60050EEE70010F1F
:10797300E50C450D60508E088F09740478081213C6
:10798300D2AA08AB09121C318A0E8B0FEA4B700581
:107993007910027A717401121558127A9D1212200D
:1079A300AC0CAD0D127C8B121201E50B6018F87450
:1079B30010C398FC95E0FD7900E50E250CFAE50F60
:1079C300350DFB121B8953B38F43B320740312127B
:1079D3008C127C7B12122474151212848808890974
:1079E30078081212247C107D00743B121558127A09
:1079F30094121201127A85E5D1A2E250FAEE4F6099
:107A03004453B38F43B33074121215587401F07496
:107A13000312128C127C6F1213D2AC08AD097808D2
:107A2300121224780E121224AA0EAB0F1274E31250
:107A3300120153B3F8127A76600B43B301E5B3A294
:107A4300E340F280F8E50E450F6021850E08850FAF
:107A5300097808121220AC0CAD0D740412155812DB
:107A63007AA7121201AA0EAB0F121C3779007423E6
:107A73000278C1EEF8EFF9E824FF1EE934FFFFE8CE
:107A8300492253B3F843B30122E0F508A3E0F50913
:107A930022127AB0122C75740422E0F508A3E0F5E3
:107AA30009780822127AB0121B7D740322E0FAA32C
:107AB300E0FB2274F1120C2974DE1212B4852182C8
:107AC300852283ECF0A3EDF0890E7437121558E08C
:107AD30014C0E07402121558D0E0127C91121220E7
:107AE3007C0D7D007406121558127C8712120174E6
:107AF30011121558E4F07410121558E4F074311291
:107B03001558E0C3950EF50BC4540FFE7F00740F98
:107B1300550B60050EEE70010F7C107D007900742B
:107B23001212128C121B89A80B852182852283E0F5
:107B330028F508A3E03400F5097808121220AC0EEA
:107B43007D00741512128C127C8B12120153B38FA9
:107B530043B320740212128C127C7B12122474140D
:107B63001212848808890978081212247C107D0077
:107B73007439121558127A94121201127A85E5D1CA
:107B8300A2E250FA8E088F09740478081213D2AA5D
:107B930008AB09121C318A0C8B0DEA4B7005791066
:107BA300027C658E088F09740478081213D2AC081E
:107BB300AD09F9121B89852182852283127A9D12D0
:107BC3001220AC0B7D00AA0CAB0D127C8B121201A0
:107BD300EE604853B38F43B33074111215587401D8
:107BE300F00412128C127C6F1213D2AC08AD097818
:107BF30008121224780C121224AA0CAB0D1274E38F
:107C0300121201E5B354F84402F5B3127A76600B0D
:107C130043B301E5B3A2E340F280F8850C08850D78
:107C2300097808121220AC0B7D0074031215581248
:107C33007AA7121201AA0CAB0D121C377435121558
:107C430058127A9D121220AC0E7D00A80B740312F9
:107C53001558E028FAA3E03400FB127C8B121201C2
:107C6300790074221212017F07020F30122C698EE1
:107C7300088F097404780822122C69750810750995
:107C830000780822AA82AB83121B7D740322F08A38
:107C9300088B09750A0078082274F2120C29E9FF8F
:107CA3008C0C8D0D70057900027D2E740E12155803
:107CB300E0C39FFE7416121558127A8C74181215AD
:107CC30058E0F50A780A1212287808121224741759
:107CD300121558120FFF7417121558120FFF74174D
:107CE300121558120FFFEEF50A750B00780A1212DF
:107CF30024122C8D740B121201E9F8702E78008077
:107D03000108E8C39F5024EEFD74012DFEE8FAE557
:107D1300082AF582E43509F583E0FCE50C2DF582AC
:107D2300E4350DF583E06C60D879017F06020F30EE
:107D330074F0120C2974FE1212B4127E9A121558A2
:107D4300E0FEA3E0FF741A121558127E7D12155837
:107D5300127E87121228780C121224850E0A850FC0
:107D63000B780A121224741D121558120FFF741D7A
:107D7300121558120FFF8E0A8F0B780A12122474F1
:107D83001D121558127E77740B121558127E941219
:107D93002C8D740B121201E9F97034E509F50A7898
:107DA3000A121228780C121224780E1212248E0A48
:107DB300780A1212247419121558127E7774071256
:107DC3001558127E94122C937407121201E9F902CA
:107DD30078BF74F0120C2974FE1212B4127E9A1238
:107DE3001558E0FEA3E0FF741A121558127E7D1297
:107DF3001558127E87121228780C121224850E0A47
:107E0300850F0B780A1212248E0A8F0B780A12122E
:107E1300247419121558127E777407121558127E9E
:107E230094122C997407121201E9F97044E509F5CB
:107E33000A780A121228780C121224780E121224CD
:107E4300741D121558120FFF741D121558120FFFCF
:107E53008E0A780A121224741D121558127E777432
:107E63000B121558127E94122C9F740B121201E9F7
:107E7300F90278BFE0FCA3E0FD22E0F50EA3E0F5F4
:107E83000F741C22E0F50CA3E0F50DEBF50A780A5C
:107E930022127AB0A90822852182852283ECF0A3DD
:107EA300EDF08A088B0974142274EC120C297510F6
:107EB30000751100751200751300AEA8C2AF121938
:107EC300918A088B098C0A8D0BEEA2E792AF900D75
:107ED30003780812131F7003027FE78A0C8B0D8C43
:107EE3000E8D0F900D03780C12129C908340780C2A
:107EF3001211A94003027FE7900D0378081214C7FB
:107F03008010908344780C1213AC9083487810123D
:107F130013AC90834C780C1211A940E675081975BF
:107F2300090078081212247403780C12118A900D38
:107F330007E0F508A3E0F509E4F50AF50B780C79F9
:107F4300081213BFAA0CAB0DAC0EAD0F120DF874D3
:107F5300021212018A0C8B0D8C0E8D0F7410780C8B
:107F630012126B7810790C1213BF900D07EAF0A36D
:107F7300EBF0A2AFE433FEC2AF900D0978101214F8
:107F83000B90840078081214E5900D0978081214F8
:107F93008840417508E87509037808121224900D8A
:107FA30009121541120DF874021212018A0C8B0D7D
:107FB3008A088B098C0A8D0B7410780812126B9047
:107FC3000D0D780812140BA80CA90DE4FAFB900D03
:107FD30009121529EEA2E092AFAA10AB11AC12ADB3
:107FE30013121D097F0C020F307404F5D57423F5A9
:0C7FF300D47404F5D3742BF5D20211CE27
:1080000007000A000C000D000E000F001000110008
:1080100012001300140019001B00000101010002EE
:10802000010202040004010403040404050406041C
:1080300000050206030604060506060607060806EE
:1080400009060A060B060C060D060E060F0610069C
:1080500011061206130604070009000B010B020BA0
:10806000030BFFFFFFFFFFFFFFFFFFFF00FFFFFF0F
:10807000FFFFFFFFFFFFFFFFFFFFFFFFFFFFFFFF10
:10808000FFFFFFFF000000000000000000000000F4
:1080900000000000000000000000000000000000E0
:1080A0000000000500060008000900160002010299
:1080B0000203020003010301050205000601060494
:1080C0000B1406150617060007010702070307042D
:1080D000090009526573746F72696E672061747468
:1080E000726962757465732066726F6D204E5620DA
:1080F0007374617475733D25640D0A00706F72743A
:108100004E756D3D307825582070696E4E756D3D09
:1081100030782558206973507265737365643D2506
:10812000640D0A00000000000000000000000000D4
:10813000000000000000000000000000000000003F
:1081400000000000000000000000536176696E67C7
:10815000206174747269627574657320746F204E47
:10816000562077726974653D25640D0A0052656179
:1081700064424D4532383020743D256C642C2070AB
:108180003D256C642C20683D256C640D0A001A4462
:10819000495952755A5F41697253656E73655F52F2
:1081A000656C6F616465645F324E56207761732041
:1081B000656D7074792C2077726974696E672025FB
:1081C000640D0A0000000000000000000000000034
:1081D000000000000000000000000000000041500E
:1081E000505F524541445F53454E534F52535F4594
:1081F00056540D0A004150505F534156455F41545B
:108200005452535F4556540D0A00972EFD28C3174C
:10821000DB262B1F511D5F30831E0F177B17526506
:108220006164696E672066726F6D204E560D0A009C
:108230004150505F5245504F52545F4556540D0ABD
:1082400000415554482043422063616C6C65640DC5
:108250000A00000000000000000000000000000014
:1082600000004261736963526573657443420D0A8D
:10827000000C3230323630323138203634330000A0
:1082800003000204050403040D04000000000000C4
:10829000000000000000094566656B74614C616276
:1082A00000000000000000000000000000000000CE
:1082B000000000000000000000FFFFFFFFFFFFFFC5
:1082C000FFFFFFFFFFFFFFFFFFFFFFFFFFFFFFFFBE
:1082D000FF0508050008017405342E302E37820092
:1082E0003A003B000000008030750000B1AD010095
:1082F00000D4FEFF000400000000200001900100F7
:10830000010000199A99993FB03600000A00000058
:108310006400000014000000350C0000D0070000CD
:10832000000004001900000097511800FEFFFFFF35
:108330000000FF0008000000000000FF0020000017
:108340000400000019E0FCFFF8FF0000E71F030035
:108350003C000000FFFFFFFF0006FFFF352100008B
:1083600060F0FFFF00010000800000000500000039
:1083700000400000001000000008000002000000A3
:1083800048E80100F4010000A71900009001000076
:108390000600000000409C450000803A000020419B
:1083A0000000FA43018089440024744901800000E0
:1083B0001E000000030000000C000000010000008F
:1083C00000000000010000800048000010270000AD
:1083D00010000000983A000000000000008000003B
:1083E0000B000000C80000002B040C0088130000E4
:1083F00032000000E204000058020000AC0D000052
:10840000E8030000E9030000300000000200010161
:10841000030A040474F7120C29E99017A0F09017CE
:1084200055E4F0121B3B9017B8E4F0A3F09017A1AD
:10843000F0A3F0122BAF1224171225BB121B419090
:1084400016D4E4F0A3F012230F02B0E774F0120C7C
:108450002974D31212B412D64F548060669017A0BC
:10846000E0F9121BB38A088B09AF09EA4F604C7C14
:108470000080010CEC75F003A4F8A9F074D328F582
:1084800082743739F583E493F46029E493F88A829F
:108490008B83E06870DDEC75F003A4F874D428F5E4
:1084A00082743739F583E493C0E0740193F583D087
:1084B00082123199AA08EFFB121BA112EF7F648090
:1084C0000288E9852182852283A3E05420601F125F
:1084D0002A0B8A088B09AF09EA4F600A122927AADA
:1084E00008EFFB121BA112EF7F64200288E98521AF
:1084F00082852283E0542070030287B07A207B00BB
:1085000012A4D1701A9017B412151DE8494A4B7085
:108510000E750801750900750A00750B00806D75F0
:108520000C00750D00750E00750F00121D0F8A08E6
:108530008B098C0A8D0B9017B412151DE8494A4B14
:1085400060319017B478081211A9400E750CFF75B0
:108550000DFF750EFF750F7F801985080C85090DBD
:108560008C0E8D0F9017B4780C12129C7401780C3D
:1085700012126B850C08850D09850E0A850F0BE517
:10858000084509450A450B700302870D7C007904F4
:108590007A007B001229CF8A0C8B0DAE0CAF0D0236
:1085A0008653740212155874FFF074031215587430
:1085B000FFF0740412155874FF12A16FFAA3E0FBC8
:1085C0007407121294128FADE9640170681288F575
:1085D0004480F8A3E0F97428121558E8F0A3E912D2
:1085E000E66FE0C0E0742A121558D0E012B35E5472
:1085F0000860167428121558A3E04401128917C0A8
:10860000E0742C121558D0E0F012CC016011E8246F
:108610000B1288FFF87416121558E8F0A3E4F090D6
:1086200083D8120FFB7406121294740B12128C1260
:108630009A4E1212018E828F83A3A3A3A3A3A3A396
:10864000A3A37406128917F91229B17405121558DB
:1086500012DDBEEE4F700302870D7C007904EEFA46
:10866000EFFB1229CF740512155812D6558E828F42
:1086700083A3A3A3A3128C78E4F50EF50F780879F1
:108680000C1214984021EE2404F8E43FF985080CFC
:1086900085090D8882F583C3E0950CF0A3E0950D64
:1086A00012ECDB70A6800C8E828F83A3A3A3A3E4BD
:1086B000F0A3F08E828F83A3A3A3A3A3A3A3A3A35A
:1086C000A3E064018E828F83A3A3A3A3A3A370203E
:1086D000E0540460030285A28E828F83A3A3A3A328
:1086E000A3A3A3A3A37406F07AB712890702864B4B
:1086F000A3A3A3A3E060030285A28E828F83A3A31A
:10870000A3A3A3A3A3A3A37401F002864B12299FE2
:108710007C0079017A007B001229CFEA4B600312BA
:10872000C5127C0079047A007B001229CFEA4B70D5
:108730001480458A828B83A3A3A3A312CBF1C3EE3B
:1087400098EF99400B8A828B83A3A3A3A312DDBE6B
:108750007C0079041229CF8B0BA90BEA4970D4C392
:10876000E5089EE5099F500DC3EE9508FEEF9509BB
:10877000FFEE4F700C12C5129017B412A66AF0806B
:1087800024EE2EFEEF338E08F509E4F50AF50B789A
:108790000812121C7A20128B1B121201121D0F904C
:1087A00017B4121535852182852283E06420803735
:1087B000E05410600E1225F7852182852283E06443
:1087C000108024E05440600E1226698521828522A3
:1087D00083E064408011E0548060121224D7852128
:1087E00082852283E06480FAA3E00288E9A3E05452
:1087F00001600B122B8512EF7F64010288E985214D
:1088000082852283A3E0540860401225C79016B2E7
:10881000E06401702D9016B3E06027F508E4F509D7
:10882000F50AF50B908400780C1214E57808790CA1
:10883000120AC2780812121C7A007B0812DE4D124E
:10884000120112EF7F64080288E985218285228364
:10885000A3E0541060139017B2E06005E4F0122515
:10886000C712EF7F64100288E9852182852283A3E5
:10887000E05440603A9017D912CC08602B901A1936
:10888000E0640170239017DA12C4BE123199901778
:10889000DF12CC08600612C4BE1231999084001217
:1088A0000FFB12DE4912120112EF7F6440803A85FD
:1088B0002182852283A3E05402600A122B7F12EFEB
:1088C0007F64028024852182852283A3E054046092
:1088D0001B12CAE6901A2CE0640270031230E97988
:1088E00001129FC812EF7F6404FB80047A007B00B2
:1088F000742D02D65DEE240D129AE622E82406F5C8
:1089000082E439F583E0228E828F8312D99112EFAF
:1089100050E0F912290F2212B363A3A3E022E8F07A
:10892000A3E9F090175312B7C32274F7120C2974FD
:10893000DA1212B4EAFEEBFFEA4F602DAC21AD2251
:10894000122A357406121558E0601E741712155855
:10895000E0FD7401121558E0FCEEFAEFFB7900120D
:1089600028D9E9600479A480027900742602B0E471
:1089700074F4120C298A088B098A828B83A3A3A31F
:10898000A3A3A3E0544060498A828B83128F806046
:10899000067AFF7BFF8016850882850983128AB5D7
:1089A00074FE6A700374FF6B7003028A6685088226
:1089B00085098312BF7C12D655122AE9E9850882FF
:1089C0008509837003028A7812AF83E4F0A3028AD8
:1089D0007C901740E0A2E14003028A668A828B8382
:1089E00012DAAF12CA21A3A3128AACA3A312D51123
:1089F0008508828B83A3A3A3A3A3A3A3E054106041
:108A000004794080027900750AFE750BFF780A121E
:108A10001224128AA2120FFFEAFCEFFD8508828B56
:108A200083128AB51225CD7404121201EE6A700207
:108A3000EF6B600F128AA2E06A7003A3E06B600321
:108A40000289A0750A00780A121228790285088224
:108A500085098312B351FCA3E0FDEEFAEFFB122B64
:108A60002B74011212017ECDEEFA850882850983EE
:108A700012890BE96018802512EF98E4F07C037DE1
:108A80002985088285098312AA33E9FE70DAE50890
:108A9000450960097901AA08AB091229ABEEF90270
:108AA000A85AE50812C2403509F58322A3A3E0FACB
:108AB000888289832212B355FAA3E0FB2274F6124E
:108AC0000C29E9FEEAFF7A0F7B00121B9BEA4B6040
:108AD0001A8A828B83740CF0EEA3A3F0EF8A828B48
:108AE0008312AE4E12C9437900802BEEF91229D5BC
:108AF0008B09A909EA49601C8A828B83A3A3A3A3DB
:108B0000A3A3A3A3A3740612AE57E0F912267BEE2B
:108B1000F91229B1791002C2EC7A017B009017A0FA
:108B2000E0F9121CF174042274F2120C29EAFEEB33
:108B3000FF8C088D09890A740E121558128C7885DD
:108B40000C82F583E4F0A3F0EA128CA0601E8E8202
:108B50008F83128C9170158E828F83A3A3A3A3A3FE
:108B6000A3A3A3A312D7E612CA3B8003750A00EEA3
:108B7000241D12B34B14602E146043146060146003
:108B800068146048147003028C0C24FE7003028C7D
:108B900029147003028C32147003028C4514700384
:108BA000028C53028C69780C121224AC08AD09EEC9
:108BB000FAEFFB1225DF7402121201028C4EAC0890
:108BC000AD09EEFAEFFB1225E5028C73128C806082
:108BD00003028C69EEFAEFFB12262D028C73A90AB0
:108BE000EEFAEFFB122B318065EE241712B670649B
:108BF000027076E50A700A12DCE17003A3E0697086
:108C000072EEFAEFFBA90A122ABF804212DCE17071
:108C100003A3E0697053EE241712B6706402704922
:108C2000EEFAEFFB122AA7804AEEFAEFFB122BA313
:108C3000804112DCE17003A3E069702DEEFAEFFBD6
:108C4000122B3D802EEEFAEFFBA90A122B49E9F513
:108C50000A8020901A19E064017009EEFAEFFB1205
:108C60002B4F800F750A00800A750A007AD37B00AB
:108C7000122075A90A02A953E0F50CA3E0F50D2214
:108C80008E828F83A3A3A3A3A3A3A3A3A3128F87DF
:108C900022A3A3A3A3A3A3A3A3A3128F8764022247
:108CA000241DF582E43FF58312B355F9122ACBE96E
:108CB0002274F4120C2974D61212B48A088B098A11
:108CC000828B83A3A3E0F91229D58A0A8B0BAE0A03
:108CD000AF0BEA4F7003028DCB850882850983A311
:108CE000A882A983E0C0E0EA12BBE3D0E012ACD5D1
:108CF00064F16033850882850983A3E064CD602731
:108D0000850882850983A3E0641A601B8508828533
:108D10000983A3E064E9600F850882850983A3E0E5
:108D200064E16003028E938A828B83A3A3A3A3A32F
:108D3000A3A3E054087003028DD38A828B83A3A37C
:108D4000A3A3A3A3A3A3A3740512CC0EE064E960BC
:108D50004B9017D512CC08600612C4BE1231999000
:108D600017D712CC086035901740E0A2E1502D8E45
:108D7000828F8312CE25A3A3A312B685888289830E
:108D800012D50D122BDFEA4B60128508828509830C
:108D9000A3E0F99017D712BF7C1231998E828F838E
:108DA000A3A3A3A3A3A3A3A3A3E0640270108E8232
:108DB0008F83A3A3A3A3A3A3A3A3A37406F08508EF
:108DC00082850983A3A3E0F91229B112299F742A8D
:108DD00002A85779001229ABE97003028E9390170D
:108DE00040E0A2E1507E8E828F8312DAAF12CC0671
:108DF00060728E828F8312D50D7404121294128FBA
:108E0000AD850882850983A3E064E9701B128F6B2E
:108E1000121228850882850983A3E0F50A780A12D0
:108E20001228128F90121201740D12155812CBF5E0
:108E300012EC0D12CA3B7409121558E06004794017
:108E400080027900740F12155812B685740D121530
:108E500058129A67600E8E828F83A3A3A3A3A3A345
:108E6000E04420F0EE2404F50AE43FF50B8E828FF7
:108E700083A3A3A3A3A3A312B68585088285098330
:108E800012ACB5121B4D850A82850B83EAF0A3EB69
:108E9000028D49850882850983A3E0C0E07402122F
:108EA0001558D0E012F282F012C937E0C0E0740326
:108EB000121558D0E012E449E0AA21AB227020122A
:108EC000251F7402121558E07018128F7C703190B3
:108ED00017D512CC08602912C4BE12319980031232
:108EE0002AC57402121558E064E97014128F6B12CF
:108EF0001228750AE9780A121228128F90121201AC
:108F0000901740E0A2E14003028D9C8E828F83A3E4
:108F1000A3A3A3A3A3A3A3A3E0640270358E828FAF
:108F200083A3A3A3A3A3A3E054046026128F7C8E83
:108F3000828F83700F12BF7C74FFF0A312A4F374AE
:108F400005028DBDA3A3A3A3A3A3A3A3A37403029C
:108F50008DBD850882850983A3E064E96003028DE5
:108F60009CEEFAEFFB122B5B028D9C8E828F83129C
:108F7000B7C3E8FAE9FB750A01780A228E828F836B
:108F800012BF80128F872212EF89FB122AE9E92291
:108F9000E50812E4563509F58312B19CA3A3A3A3F7
:108FA000A312D4F812AFCB122A6B740222EA241E49
:108FB000F582E43BF583E012CE0112AFCB122A35E5
:108FC0002274F2120C29EAFEEBFF750A0075080004
:108FD0008A82F583A3A3A3A3A3E06038750A0812CD
:108FE000D50079FF12272FEA4B6010750A2C8E826C
:108FF0008F83A3A3A3A3A3E0D2E0F08E828F83A3E9
:10900000A3A3A3A3E05403640160030290BC430A3A
:10901000110290BCEA241812B6706047EA241A12B2
:10902000B6706003F4701E8A828B8312DCE57003D5
:10903000A3E0697006750A220290BC901755E0649F
:109040000470798019EA241B1290D1241A12B67088
:10905000FAEE241912B670F912263FE9705E75080F
:109060000180598A828B83128C917003750A0112D8
:10907000DCE17003A3E0697006E50AD2E1F50AE5D8
:109080000A60158E828F83A3A3E07006E50AD2E5FD
:109090008004E50AD2E6F50A128C8064017006E5C8
:1090A0000AD2E0F50A8E828F83A3A3E0600EEE124F
:1090B0008CA064016006E50AC2E0F50AE50AA2E1B7
:1090C000400CE508A2E04006E50AD2E7F50A028C6A
:1090D00073F582E43FF58312B689EA2274F0120C2C
:1090E0002974C11212B4EAFEEBFF85218285228326
:1090F00074FEF0A304F07402121558E4F0A3F075A6
:109100000D0074071212948A828B83A3A3A3A31267
:10911000B1A412D50B122A35E9700302936A7801C3
:109120007409121558E0C3940240027800740B12BF
:109130001558E0C39402400278007410121558E0EC
:1091400064F87003A3E0F4700302936A74101215BC
:1091500058E064F97003A3E0F4700302936A74109A
:10916000121558E064FA7003A3E0F4700302936AE6
:109170007410121558E064FB7003A3E0F47003024E
:10918000936A740A121558E0F9901743E069600376
:1091900002936AE8A2E0400302936A12CBE87426C5
:1091A00012155812B6B5241C12CBEB7414121558B4
:1091B00012CA3B740D121558E0601D741E1215582A
:1091C000E0FD7408121558E0FC8E828F8312D50BD7
:1091D00079011228D9E9703B740712128C122921E7
:1091E000E9F50C740D121558E0702D90173DE060F4
:1091F00027742259642260207442596442701474A6
:1092000024121558129A7B600F7424121558129A62
:109210006060057ACF02936CE9A2E6505F90174038
:10922000E0A2E17424501112155812B3511210B07B
:1092300001010B5492006A9312155812B35124FD88
:10924000601214600F24FD600B24FD600724FE6093
:109250000302936A7424121558129AAC700E742487
:1092600012155812C4BDA3E0640D601074071212E9
:109270008C122B25E964017003029A34129A44126D
:10928000A1667003A3E069701F75080078081212C8
:10929000287808121228EE242F12B670F9129AB309
:1092A000122A6B7402121201740D121558E0700329
:1092B00002934D129AB3122BDF8A0E8B0FEA4B707A
:1092C000030293747408121558E0F88E828F83A3FA
:1092D000A3E028F8A3E03400F9E8240D1288FFF891
:1092E0008A828B83A3A3A3E0686010E88A828B83C1
:1092F000A3A3A312AE47F0A3F0A3F079047408125D
:10930000155812A4CCE02AF8A3E034008882F58333
:10931000A3AA82AB83121B8F8A088B098C0A8D0B40
:10932000850E82850F83A3A3A3A378081211A940F9
:1093300003029A349083BC78081213AC850E8285A0
:109340000F8312EFB6A3E50AF0A3E50BF0901740E8
:10935000E0A2E14003029A34742B121558E06057E2
:109360007412121558129A8F703F7AD37B00122014
:1093700075029A3490179AE0640170D17424121522
:1093800058129A7B7006E50CA2E640C174141215BF
:1093900058E0F47003A3E0F4600CEEFCEFFD7407FA
:1093A00012128C12292D029A348E828F83A3A3125B
:1093B000BF7CA3E0C2E5F07418121558E0601712E4
:1093C0009A5412EBFF1412F0C2129A39F874181260
:1093D0001558E8F07006E50CC2E7F50CE50CA2E3C1
:1093E000506B7402121558E4F0A37410F0E50CA24F
:1093F000E25018740C121558E054E3F0740C121576
:1094000058E0131313541FF8E0802CA2E4502A7480
:109410000C121558E01313543F5407F860097407F1
:1094200068600B18E87007C3E50CC2E7F50CE83379
:109430003354FCF8E054E348F0740C121558E0C0C3
:10944000E08E828F83A3A312AD93D0E0F0901755E6
:10945000E064046008E0640960030295217410125E
:10946000155812DCEE7003A3E06960197410121530
:1094700058128C9A600F740C121558E05403640152
:109480006003029A347409121558E0703FEE242FDD
:1094900012B670C0E07404121558D0E0129ADEC003
:1094A000E07405121558D0E0129AD6C0E074061286
:1094B0001558D0E0129ACB120FFB74081212947454
:1094C0000B12128C129A4E12120180527424121531
:1094D0005812CE1F7016741E121558E06402703EAA
:1094E000740712128C7900122ABF8032742412156C
:1094F00058129A607014741E121558E06404701E9D
:10950000740712128C122AB3801474241215581284
:109510009AAC700A7900740712128C122B31029ADD
:10952000347461550C7003029631E50CA2E050755D
:1095300012B67C740712128C12266FE97064122A1C
:1095400065E9F50D7418121558E0701574121215AE
:109550005812ACB0241312B670687003A3E06960AF
:1095600044A90D12B67C740712128C122675E9609C
:1095700026E50CA2E3500C85218285228374FFF03E
:10958000A38008741012155812F0BAF07402121564
:1095900058E04404F0800EE50CC2E5F50C750D00B2
:1095A0008003530C9FE50CA2E5503DEE242F12B62C
:1095B00070C0E07404121558D0E0129ADEC0E07456
:1095C00005121558D0E0129AD6C0E074061215584C
:1095D000D0E0129ACB120FFB7408121294740B1283
:1095E000128C129A4E121201E50CA2E64003029868
:1095F000E2A821A922880889097808121224A90D55
:10960000129A7112128C1229157402121201E9F5C4
:109610000D70030298E2742412155812B3516401BC
:1096200060030298E27402121558E04410F00298A8
:10963000E27409121558E064017059742412155827
:1096400012B3516405701EA821A9228808890978DF
:1096500008121224129A6F12128C12291574021217
:109660001201029A347424121558129AAC7025749F
:1096700010121558129A8F601BA821A922880889F8
:10968000097808121224129A6F12128C122915747A
:10969000021212017418121558E07025740912157F
:1096A00058E06401700C7424121558E0F8129AAC5A
:1096B000600CEEFCEFFD740712128C12292D029A39
:1096C000341229A5E96003029A34741F121558E078
:1096D000700302976E742212155812B68574211207
:1096E0001558E0FA7420121558E0F912263FE96087
:1096F000707421121558E0701B7410121558129ACC
:109700008112BCE4FAA3E0FB122441EA4B6003029D
:1097100098DC8042742212155812D50D742112154E
:1097200058E0F912263912D64F7808740F121558DE
:10973000E060027810740E121558E0600474082876
:10974000F8740C121558E0600108088E828F83A30C
:10975000A312BFAC14F07402121558E044400298F2
:10976000DB7508007808121228790B02989674109D
:1097700012155812CA30740B121558E06003029883
:10978000B1E50CA2E350030298B17409121558E038
:10979000640160687900852182852283129B7A8B1F
:1097A00009A909EA49601C8A828B83A3A3A3A3A306
:1097B000E0640160478A828B83A3A3A3A3A3E06430
:1097C000026039129A4412B931FB122BDF8A828B64
:1097D00083E58245836010129AA3600BC3940895B9
:1097E000E0C365D03340157412121558129A8F7069
:1097F0000302988C740B1215587404F07400F50869
:1098000078081212287420121558AC82AD83741196
:1098100012155812D50D740C121558E0F91226A520
:109820007401121201E960137402121558E0442009
:1098300012B6A2F812C4BDE0543FF0741F121558BE
:10984000E06020741012155812B685742012155855
:10985000AA82AB83122A2F12D64F7402121558E037
:109860004440F07409121558E064016015790074E1
:109870001212155812B685741012155812D50D1201
:109880002645E50CA2E3503779408035750800780D
:10989000081212287902741112155812B685741321
:1098A00012155812D50D122B2B7401121201029AA7
:1098B00034E50CA2E340030297FC74400297FE7962
:1098C00000741212155812B6857410121558129A97
:1098D0006760097402121558E04420F0122A65E905
:1098E000F50D852182852283E064FE7003A3E0F4F8
:1098F0007003750D009016B5E0640160030299874E
:10990000EE241312B670F47003A3E0F460797410BF
:10991000121558C3E094F9A3E094FF506A12CBE803
:109920007412121558E0687003A3E069605974124C
:1099300012155812A84E8B09A909EA4960498A8272
:109940008B83A3A3A3A3E06401600D8A828B83A30E
:10995000A3A3A3E06402702F74321215587401128D
:10996000B7BA743D12155812CA3B743212128C12D7
:1099700023EDE960127435121558AA82AB831224C4
:1099800053E96003122045E50CA2E74003029A3434
:10999000E50D7003029A348E828F83A3A3A3A312D2
:1099A000BBFF8A0E8B0FEA4B7003029A348E828FB4
:1099B00083A312D7D01212208E828F83A3A3A3A3D6
:1099C000E0FC7D0012A92A1212017409121558E058
:1099D000C0E0742D121558D0E0F07430121558E420
:1099E000F0A3F0742D1212848808890978081212E5
:1099F0002475080078081212287405121558120FE1
:109A0000FFE50DF508780812122812AC85120FFF39
:109A10008E828F83A3A3A3A3E0F9740812155812B2
:109A2000C4C2122A237408121201E96007AA0EABFD
:109A30000F121C37743F02D65DC82406F582E43845
:109A4000F583E022EE242DF582E43FF583221225F2
:109A500025740422EE2402F8E43FF98882F583227B
:109A600012BF82E064072212AFCB1225D9E9227916
:109A700000EE12AC8A12B68974092212B35564063C
:109A800022129A852212B7C785218285228322124B
:109A9000AFCB122435E9228A828B83A3A3A3A3A38D
:109AA000A3A3A3A3A3E0F9122BFDE92212BF82E036
:109AB000640322EE242BF582E43F129AC412AC8A8E
:109AC00012AFCB22F58312B68DEE22F0EE2425F5EF
:109AD00082E43FF58322F0EE2431129AE622F0EE82
:109AE0002430129AE622F582E43FF583E02274F4F2
:109AF000120C29EAFEEBFF8C088D099016B2E0608B
:109B0000138A828B8312DCE57003A3E0697005126F
:109B100025C7806379008A828B83A3A3A3A3A3A311
:109B2000A3A3A3129B7A8A828B83E5824583602C50
:109B3000A3A3A3A3A3A3E054186021E508241C1247
:109B4000C92F120FFF12C92B120FFFEE241812A4F7
:109B5000DE12BBE212D520121201801B79008E8228
:109B60008F83A3A3A3A3A3A3A3A3A312B69312BB00
:109B7000E312D50D1225F102A85A12AFCB1226938B
:109B80002274F0120C2974E51212B48A0E8B0FEABB
:109B90002402F50AE4350FF50B0A0AFB1224478A62
:109BA000088B09AE08AF09750901850E82850F8300
:109BB000A3E0F50C750801AC0AAD0B741012155832
:109BC000AA82AB83121D27741812155874FEF0A3D5
:109BD00004F0741A1215587402F0740D121558E43A
:109BE000F09016D3E0700EEE4F700AE50C7006751B
:109BF00009C3029DC3901755E0640860067509C249
:109C0000029DBF850E82850F83A3A3A3A3A3A3A355
:109C1000A3A3A3E0A2E1500EA2E3500575080480BF
:109C20000C7508038007A2E35003750802EE4F701D
:109C300003029CBE8E828F83A3A3A3A3E06404606F
:109C40000D8E828F83A3A3A3A3E06403700C74041E
:109C50006508602C7403650860268E828F83A3A339
:109C6000A3A3E06402600D8E828F83A3A3A3A3E06D
:109C70006401703374026508600674016508701A27
:109C80008E828F83129ECB70358E828F8312CBF1A2
:109C9000741812155812CA3B80248E828F83A3A396
:109CA000A3A3E06402600D8E828F83A3A3A3A3E02D
:109CB0006401700312CF6F129EBE7E007F00741885
:109CC000121558E064FE7003A3E0F470441223F907
:109CD000E9703EE50C6019901AD2129ECB7011907B
:109CE0001AD212CBF17418121558E8F0A3E98020AB
:109CF000850E82850F83A3A3A3A3A3A3A3A3A3A3DA
:109D0000E05402F91226037418121558EAF0A3EB76
:109D1000F07418121558E064FE7003A3E0F47006A6
:109D20007509C7029DBFE50CF50A780A121228854D
:109D30000E82850F83A3A3A3A3A3A3A3A3A3A3E03E
:109D4000F9E50E2402FCE4350FFD741912155812C2
:109D5000D50D1225497401121201E970629017E3C2
:109D600012CC086011741812155812D50D9017E412
:109D700012C4BE123199A908E50E2402FCE4350F85
:109D8000FD7418121558129FC18A0A8B0BAE0AAFC8
:109D90000BEA4F601F7402650C700D8A828B83A3DF
:109DA000A3A3A3A3E0D2E3F0741A121558E4F0754C
:109DB0000900800B741812155874FEF0A304F0E526
:109DC0000C700A740512128C1222F78062901A2C01
:109DD000E070507401650C704A9016A0E07044E584
:109DE0000E2402F8E4350F12CA347402121558E436
:109DF000F09016A1E0C0E07403121558D0E0F074A2
:109E000004121558E4F0741A121558E4F07C01A9F4
:109E100008740512128C122AADAA21AB2212250752
:109E2000029EB9AC0CA908740512128C122AADE975
:109E3000F8EE4F6053E50C60208E828F83A3A3A3BE
:109E4000A3A3E0D2E6F07402650C700D8E828F83BE
:109E5000A3A3A3A3A3E0D2E5F0850E82850F83A37D
:109E6000A3A3A3A3A3A3A3A3A3E0A2E6500D8E8262
:109E70008F83A3A3A3A3A3E0D2E7F08E828F83A353
:109E8000A3A3A3A3A3E004F0E5097005E8602A609A
:109E90000AFC7D007A017B10121B47EE4F60031213
:109EA0009EBE7418121558E064FE7003A3E0F460BF
:109EB00008741812155812CF73741B02D65DE50E84
:109EC0002402FAE4350FFB1224532212AFCB122BDB
:109ED00007E92274F7120C2974F71212B4EAFEEBA8
:109EE000FF901755E06403600DE064016008E064D2
:109EF000096003029FB48A828B83A3E06003029F00
:109F0000907C007D007A027B00121B47129FB98A69
:109F10008212CBEF90174612CA3B79531222EB9074
:109F20001755E06409600312A6EE8521828522831D
:109F3000740112C6FF9017557404F0740112128C4C
:109F4000794A1222E574011212947A4B7B17121D82
:109F5000279015B4E0640B70057406F08005790055
:109F6000129FC8901749E064FE7003A3E0F4600DEF
:109F700079007401121294901749129FC1901740F2
:109F8000E0A2E35004D2F08002C2F012C6EC8021BD
:109F90008A828B83A3AE82AF83FC7D007A037B1021
:109FA000121B478E828F83E0F9129FC8901755E4E9
:109FB000F012297B740902B0E4EE2402FAE43FFBBC
:109FC0002212AFCB1224232212AFC812254322C083
:109FD00082C0839016D412CC087017901755E024D5
:109FE000FB6005146007800A9016DB802F9016DD59
:109FF000802AE84960071288FC6401700C8A828B11
:10A0000083A3E0F912252B801E9016D4E01288FD60
:10A0100064027005122B73800E9017D312CC086067
:10A020000612C4BE12319902C0E674F0120C2974F3
:10A03000E81212B4EAFCEBFD8A82F583A3A3A3A382
:10A0400078081214E57808121478901756780812D8
:10A05000141E75097F75087F7900901756780C12C9
:10A0600014E5E9780C12126BE50CA2E0502478009C
:10A070009017A1800E8E828F83A3A3E069700108E0
:10A0800012B65E12B05F70EDE8C3950950048809FE
:10A09000890809E9C3941B40C18A828B83A3A3A3C7
:10A0A000A312151DE8494A4B6070EC2404FEE43D00
:10A0B000FF8E82F58312151D9017561215297C18F4
:10A0C0007D007900AA21AB2212E66712151D8521B9
:10A0D0008285228312152974041215587401F09098
:10A0E000175CE0C0E07405121558D0E0F074071258
:10A0F000155812A25A806A90175312D50D12257363
:10A100008A0A8B0BA80AA90B901753EAF0A3EB124B
:10A11000A16F687003A3E06960269017A112B05F79
:10A12000601E8E828F8312A1667003A3E069700B9C
:10A130008E828F83A3A3E0650860BC12B65E80DDCB
:10A14000E508901748F0122957E96015901755E473
:10A15000F09016DF12CC08600879C412C4BE123128
:10A1600099741802D65D12B7C3901753E068221293
:10A17000B6ADE02274F4120C2974E81212B48A828B
:10A180008B83A3A3A3A3A3A3A3A3A312CBF1E8FA56
:10A19000E9FB790090175678081214E5E97808125F
:10A1A000126BE508A2E05032E9FCEA2CF582E412D9
:10A1B000CE13F8901AD1E0C398501F7508017509A5
:10A1C00000750A00750B00E9780812118A780812E8
:10A1D0001478901756780812141E09E9C3941B408E
:10A1E000B390175612151DE8494A4B604A7C187DFA
:10A1F000007900AA21AB22121B8990175612151D57
:10A200008521828522831215297404121558740140
:10A21000F074071215587401F090175CE0C0E074F8
:10A2200005121558D0E0F0740712155812A25A9072
:10A2300017557406F0801E901755E4F0FCFD7A0463
:10A240007B10121B479016DF12CC08600879C412ED
:10A25000C4BE123199741802A857E412C85C1222C5
:10A26000FD2274F5120C2974D11212B48A088B09DC
:10A270008A828B83A3A3A3A3A3A3A3A3E0C3940F66
:10A28000500302A4C78A828B83A3A3A312DDBE74EA
:10A290001C1212948A828B83A3A3A3A3A3A3A31249
:10A2A000B19712D50812298D741C121558E0702E22
:10A2B000850882850983A3A3A3A3A3A3A3A3E0C3C3
:10A2C000940B401A8E828F83A3A3A3A3A3A3A3A35B
:10A2D000E064027009EE240B12B670F4600302A46D
:10A2E000C7741E121558E060076402600302A4C719
:10A2F000901755E06402700302A3B8E0640670038F
:10A3000002A3B89016D412CC08600A1288FC64012B
:10A31000700302A3E2901755E064086008E064044B
:10A32000600302A4C7741E12155812A4CCA3A3A3E1
:10A33000A3A3A3A312DDBE9016D4E0496007128840
:10A34000FC64026069901753E06E7003A3E06F60D5
:10A350000302A4C774016A60117423121558AC82F9
:10A36000AD8312ED11600302A4C77A007B0212A430
:10A37000D1600302A4C790175612151D852182854E
:10A38000228312152990175CE0C0E074041215585E
:10A39000D0E0F074051215587401F07406121558C7
:10A3A000740212C8581224BFE9600302A4C4EEFA72
:10A3B000EFFB122B6D02A4C79016D412CC087022AA
:10A3C00075080078081212287808121228EE241056
:10A3D00012A4DE8E828F8312D50D122A6B740212A4
:10A3E00012018E828F8312CBF17407121558E8F098
:10A3F000A3E912A4F312CBF1740912155812B6B5E1
:10A400001288F6C0E0740B121558D0E0F0EE240B61
:10A4100012E158740F78081214B8740C121558E52C
:10A4200008F07420121558E0C0E0740D121558D0D1
:10A43000E0F07422121558E0C0E0740E121558D0E6
:10A44000E0F0741D121558E0C0E07410121558D0D9
:10A45000E0F0741E121558E0C0E0740F121558D0C9
:10A46000E0F0EE241012B670C0E07411121558D04E
:10A47000E0F07421121558E0C0E07412121558D0A3
:10A48000E0F0742E121558E0C0E07413121558D085
:10A49000E0F07423121558A982AA8389088A0975E5
:10A4A0000A0078081212207C087D007417121558D3
:10A4B000AA82AB8312A92A121201740712128C12FB
:10A4C000253D80031224C5742F02B37312BBDAA397
:10A4D000229017A0E0F9121D03EA4B4C4D22129A6C
:10A4E000E6F98E828F83A3A3A3A3A3A3A3A3A3129E
:10A4F000B6892212A4F72212B367A3A3A322C082B3
:10A50000C08374C91212B4122B8B901755E06408E3
:10A5100060259038EFE493901737F09038EFE4938C
:10A52000901735F090175E7401F0A312A66A04F03C
:10A53000A3E4F0A3F0A3F07C237D0079007414124F
:10A54000128C121B89901766E07009741E12155840
:10A5500074018006741E121558E412D996740FF017
:10A56000901AD012C85879461222EB74011215586D
:10A57000E4F0901A06E0C0E07402121558D0E0F042
:10A58000901743E0C0E07403121558D0E0F0740453
:10A59000121558E4F07405121558E4F074071215FA
:10A5A00058E4F0901766E0C3940F500CE0C0E074DC
:10A5B00006121558D0E080077406121558740FF073
:10A5C0007C677D177408121558AA82AB83121D2769
:10A5D0007C037D0079FF7410121558AA82AB831298
:10A5E0001B8990179FE0C0E07413121558D0E01239
:10A5F000C89B740112128C12C82D122A9B90175AF4
:10A60000E0C0E0741C121558D0E0F090175BE0C079
:10A61000E0741D121558D0E0F0901748E0C0E074C7
:10A620001A121558D0E0128922741812155812CA3D
:10A630003B7420121558E4F090175DE0C0E0741FE1
:10A64000121558D0E0F07434121558E4F074291241
:10A650001558E4F07A467B17795312C6DF7414124A
:10A66000128C122303743702B7A1E4F0A3F0A3F015
:10A67000A322C082C0838A828B83A3E09017556097
:10A6800004E4F080667408F0901766E0702290167B
:10A69000DF12CC086008790012C4BE1231999017FD
:10A6A0005312B6857A057B00121B4712A6EE801F57
:10A6B000790012253790174612B6857A067B00126C
:10A6C0001B4790174912B6857A047B00121B4790EE
:10A6D00017D912CC086014901A19E06401700C901C
:10A6E0008400120FFB12DE4912120102C0E612AF03
:10A6F000C8122BD9220211CE74F2120C2974F8124E
:10A7000012B48A0A8B0B8C0C8D0D89089082C1AC17
:10A7100021AD22740812114AC200AC0AAD0BAA2165
:10A72000AB2212ED157002D2009017A18013AC0A73
:10A73000AD0BEE240BFAE43FFB12ED15701B12B6C5
:10A740005E12B05F601EA20040E48E828F83E065DF
:10A750000C7004A3E0650D70E58E828F83A3A3E0E7
:10A76000650870DAEEFAEFFB740802A950C082C0E7
:10A77000839017A102C0E3C082C0839017A1E4F0C8
:10A78000A302AA1874F7120C299017A112EF858062
:10A790000FEA2414F582E412DDBB121C37EEFAEF47
:10A7A000FBEA4B70EC9017A1E4F0A3F002B0E77461
:10A7B000F4120C298A088B09EA12C92DE06403708F
:10A7C0000DEA240BFAE43509FB122447800DE064FE
:10A7D00002707212A847350912A84C8A0A8B0BAE78
:10A7E0000AAF0BEE4F605E850882850983A3E07097
:10A7F0000D8E828F83A3A3A3A3A3A3E4804664F159
:10A80000600C850882850983A3E064E1701E8E8256
:10A810008F83A3A3A3A3A3A3E06401700F12CF6F40
:10A82000E508240BFAE43509FB1224538E828F834A
:10A83000A3A3A3A3A3A3E0600C8E828F83A3A3A3EF
:10A84000A3A3A314F08013EA12E41922F58312AF34
:10A85000CB1224412274091212017F04020F3074BA
:10A86000F2120C298A0C8B0DEDFF890B8A828B83E7
:10A87000E08C828D83F0A3A882A9838A828B8312C5
:10A88000A93012AE41E0C454F0FA88828983E04ACC
:10A89000F0EC2402F8E43FF9850C828B83A3A31229
:10A8A000A93012A943E0333354FC12A937E0333303
:10A8B0003354F812A937A3E0A2E0E4331313FA8863
:10A8C000828983E04AF0EC2403FE50010FE50C245A
:10A8D00007F508E4350DF509750A0078081212200D
:10A8E0007C087D00EEFAEF12A929121201EE24086D
:10A8F000FE50010FE50C240FF508E4350DF509783D
:10A90000081212207C037D00EEFAEF12A929121220
:10A9100001E50BC3940F400BE50C12B7A8350D12DF
:10A92000C246F0802EFAE4350DFB121B7D74032223
:10A93000A3E08882898322FA88828983E04A12A967
:10A9400043A322F0850C828B83A3A3A3A3227403C9
:10A950001212017F06020F3074F2120C29EBFF8CE9
:10A960000C8D0D8A82F583E08C828D8312CA2CA314
:10A97000A882A983E012C08512ACD4C412C07FF0B3
:10A98000EA129A55E012C08C12ACD2A2E2E4338CE7
:10A99000828D8312ACD1131313541F12C085A312DE
:10A9A000ACD1A2E7E4338C828D83A3A3A3A3A3A39A
:10A9B000F0EA2403FE50010FF5088F09750A0078AC
:10A9C000081212207C087D00E50C240712A925122C
:10A9D0001201EE2408FE50010FF5088F09780812C5
:10A9E00012207C037D00E50C240F12A92512120110
:10A9F0008E828F83A3A3A3E0C0E012F1CDD0E0F05C
:10AA000002A953C082C083E99017B37003E48002A7
:10AA100074018004EAF0A3EBF002C0E6E0F902C0A2
:10AA2000E6C082C0837C037D298A828B8312AA338D
:10AA300002C0E612AFCB1223092274F6120C299041
:10AA400017B3E0701B7C0079017A007B001229CFDC
:10AA5000EA4B600C8A828B8312CC086003122909AE
:10AA600002C2ECC082C08312AEF2401079FF1229FC
:10AA7000C9E9F89038ECE493C39850047901800256
:10AA8000790002C0E674F2120C298A0A8B0B89093C
:10AA9000C2008A828B83A3A3A3A3A3A3A3A3E0F9E9
:10AAA0001229D58A0C8B0DAE0CAF0D750801EA4F3B
:10AAB000600302AB6E850A82850B83A3A3A3A3A3C5
:10AAC000A312B685850A82850B83A3A3A3A3A3A3A0
:10AAD000A312ACB51229BD8A0C8B0DAE0CAF0DEADA
:10AAE0004F700302AC7D8A828B83A3A3A3A3E4F0FF
:10AAF000A3F0E50A240CFAE4350BFB8A82F583E027
:10AB0000C0E012D15FD0E0F0E50A240D12ACA9122A
:10AB1000D7C312CA3B122AF512B66812D655E50AF7
:10AB2000241112ACA912C23912CA3BE50A2413122D
:10AB3000E04CC0E012AC85D0E0F0D200EE2406F884
:10AB4000E43FF912AC9C12ACD55404600302ABE3B1
:10AB5000901A04E0F50A750B007407780A1213D2F4
:10AB60008E828F83A3A3A3A3A3A312AC93F08E82A0
:10AB70008F83A3A3A3A3A3A3E0F50AA3E0F50B741B
:10AB800007780A1214B8E50A5407FCE50960648ED8
:10AB9000828F83A3A3A3A3A3A3A3A3A3740212A13D
:10ABA0006F12AF88E05404600B90174112BCDEA313
:10ABB000A312CA3BEC700302AC54EE2406F8E43F47
:10ABC000F9E8FAE912AC9CF0EC24FFF50AE434FF52
:10ABD000F50B7407780A1213D28A82898312AC9318
:10ABE000F080718E828F83A3A3A3A3A3A3E04480EC
:10ABF00002AB6DEC700575080080598E828F83A3BF
:10AC0000A3A3A3A3A3E05420600C121B95EA547FD6
:10AC10007900245F80198E828F83A3A3A3A3A3A3AB
:10AC2000E05410601A121B95EA540F7900240A5060
:10AC300001098E828F83A3A3A3A3F0A3E9800D8EC5
:10AC4000828F83A3A3A3A37401F0A3E412A4F374DB
:10AC50000412AF01A20050288E828F83A3A3A3A366
:10AC600012D329F9EEFAEFFB1229C3E9601212CCD4
:10AC700001600312ACC2EEFAEFFB121C377508003C
:10AC8000A90802A953EE12AC8A222413F582E43FEC
:10AC9000F58322E0450AF0A3E0450B228882F58384
:10ACA000E0547FF0A3E054FC22F582E4350BF583F9
:10ACB00012B7C3EE22A3E0F9850A82850B8312AF97
:10ACC000CB2212ACC912B21E22EE12E0463FF5832F
:10ACD00022A3A3A3A312E146E02274F4120C297468
:10ACE000F71212B47E001229D5EA4B700302AD8E22
:10ACF0008A828B83A3A3A3A3A3A3A3A3A3E0640635
:10AD0000600302AD8E8A828B83A3A3A3A3A3A3A314
:10AD1000E0FF8A828B8312AD93E0C0E074081215C5
:10AD200058D0E012B1C912CA311229F3EF540860A9
:10AD30005B85218285228312B6857A007B001229E9
:10AD4000B7EA4B704712F1D87C007D007A007B0097
:10AD500080268E828F8312B351F47003A3E0F460D7
:10AD60002B90175312B6858E828F8312B1AB601C65
:10AD70007C007D00EEFAEFFB1229B78A0A8B0BAE3E
:10AD80000AAF0BEE4F70CB790012311F7E01EEF946
:10AD900002A85512D9912408F582E438F58322C01F
:10ADA00082C0838A828B83E582458370099017B8BD
:10ADB00080068A828B83A3A312AFC260208A828B13
:10ADC00083A3A3A3A3A3A3A3E0540860E5EC4D6071
:10ADD0001012B00E7003A3E06D70D780047A007B70
:10ADE0000002C0E674F2120C298A088B09890AEC69
:10ADF000FEEDFF7A147B00121C31EA4B60378A8229
:10AE00008B83A3A3A3A3A3A3A3A3A3E412AE57E599
:10AE10000A12B1B5EEF0A3EF12AE4712B1D012AEE6
:10AE20004E8A828B8312EFBAEA240F12AE38A31235
:10AE3000AE41F0A3F002A953F582E43BF583E4F0C0
:10AE40002212EFA8A3A32212B1BBE4F0A322A3F025
:10AE500012E41812AE3B2212AE5B2212B1BFA3A3C2
:10AE6000A3A32274F5120C29EAFEEBFF890A8C08D1
:10AE70008D09EA4F6077740169701279011229C94E
:10AE8000E9F89038EEE493C3985015800A74046989
:10AE9000700912AEF2500979118054740269704D34
:10AEA0008E828F83A3A3A3A3A3A3A3A3A3E50A12C4
:10AEB000B6AD12EFB68E828F83A3A3E4F0A3F09019
:10AEC00017B812CC086018800312CBF188828983EE
:10AED000A3A312AFC288828983A3A370EC800390DE
:10AEE00017B8EEF0A3EF12AF017900800279C1022A
:10AEF000B37679041229C9E9F89038EDE493C39840
:10AF000022F07A207B009017A0E0F9121BDD22C00E
:10AF100082C083E9F879009017B8801D8A828B83FC
:10AF2000A3A3A3A3A3A3A3A3A3E068600574FF68DE
:10AF30007001098A828B83A3A312AFC270DE02C0A4
:10AF4000E674F7120C29EA4B70059017B880068A50
:10AF5000828B83A3A312AFC260228A828B83A3A3B6
:10AF6000A3A3A3A3A3A3A3E06970E4EC60128A8265
:10AF70008B8312AF83E0540470D580047A007B0089
:10AF800002B0E712AF8722E0F8A3E0C8240DF582F3
:10AF9000E438F58322C082C0839017B880068A8285
:10AFA0008B83A3A312AFC260128A828B83A3A3A355
:10AFB000A3A3A3A3A3E06970E580047A007B000249
:10AFC000C0E612AFCBEA4B2290175312EF89FB2257
:10AFD00074F7120C29EAFCEBFD9017B880068A8200
:10AFE0008B83A3A312AFC2601E12B00E7003A3E046
:10AFF0006D70EB8A828B8312DAB512EF75A3E0A233
:10B00000E0E43370D980047A007B0002B0E78A82E2
:10B010008B8312B3556C2274F2120C298A0A8B0BA3
:10B020008C0C8D0D750800750900EA4B602A90178D
:10B03000B880068E828F83A3A312B05F601AAC0C17
:10B04000AD0DEEFAEFFB850A82850B83123199E98B
:10B05000640170DF8E088F09AA08AB0902A953E0CA
:10B06000FEA3E0FFEE4F2279000211CE74F7120C1E
:10B07000299017B812CBF17C007D00800DE8FCE927
:10B08000FD88828983A3A312CBF1E8496030EA6886
:10B090007002EB6970E79017B812D50DE86A70027C
:10B0A000E96B88828983A3A3700812CBF19017B84B
:10B0B000800912CBF18C828D83A3A312CA3B802717
:10B0C00074F7120C29EAFEEBFFEA4F60151229ED26
:10B0D00012B20A12CC01600312ACC2EEFAEFFB12FC
:10B0E0001C3780031212017F01020F3074F6120C1C
:10B0F000298A828B8312BF7C12E15E9017B812CB33
:10B10000F17D007C00803488828983A3A3A3A3A35C
:10B11000A3A3A3A3E0640570190C88828983E0FED1
:10B12000A3E0F5838E82E065087004A3E0650970F2
:10B13000010D88828983A3A312CBF1E84970C890DE
:10B1400038EAE493F8EDC39850089038E912E5E343
:10B15000400F8A828B83A3A3A3A37401F0A3E4808E
:10B160000C901741E0F812B197E8F0A3E912B1D0C2
:10B17000740512B1B5A3E0440812B1C9F47003A379
:10B18000E0F4600B90175312D4F412B1AB70057950
:10B190000112311F02C2ECA312B19C2212B1A4A36E
:10B1A000A3A3A322E0F98A828B832212AFCB1223BE
:10B1B00015E9641A2212B1BBA3A32212B1BF22F077
:10B1C0008A828B83A3A3A3A32212EFA812B35522D2
:10B1D00012AE5BA32274F6120C299017B812DDBED2
:10B1E000801A8E828F83A3A312E15E12B20A12AC80
:10B1F000C2EEFAEFFB121C37AE08AF09EE4F70E259
:10B200009017B8E4F0A3F002C2EC8E828F8312DABA
:10B21000B3F58312B21E8E828F8312B21E2212EFFA
:10B2200089FB121C3722C082C083EAFCEBFDEA4D89
:10B230006017EA24FBF582EB34FF12CC067007128C
:10B24000B27BE0F46007121BA17905802B9017A058
:10B25000E0C0E012B27BD0E0F09038DBE493F97A02
:10B26000BA7B17121BD7E96401700B7A007B20129E
:10B27000C51679008002790402C0E6EA24FFF5824F
:10B28000EB34FFF5832274F4120C29A2AFE433F5FA
:10B2900008C2AF9017BA12B05F6038EE24FBF58297
:10B2A000EF34FF12CC067A007B209017A0600512C5
:10B2B000C5198005E0F9121BE3E4F50AF50B780ADD
:10B2C000121224EEFCEFFD7ABA7B17121BD1740226
:10B2D000121201E508A2E092AFEEFAEFFB02A85AC3
:10B2E00074F5120C298A088B09750A009017B8802A
:10B2F000518E828F8312B35165087004A3E06509F3
:10B30000703A8E828F83A3A3A3A3E4F0A312B35E4B
:10B31000540460118E828F83A3A3A3A3A3A3A3A32A
:10B32000E0F912267B8E828F83A3A3A3A3A3A3A3FA
:10B33000A3A37406F07AF0128907050A8E828F8320
:10B34000A3A312B05F70AAA90A802BF582E43FF58F
:10B350008312B3552212F0CFF5838882E02212B314
:10B3600063E02212B36722F08E828F83A3A3A3A38C
:10B37000A3A3221212017F03020F3074F0120C29D2
:10B3800074D41212B4EAFEEBFF750A00750B007557
:10B3900008FE7509FF1229A5E9600302B651EE24E3
:10B3A0001512B670603E901A21E0C43354E0F8E004
:10B3B000333354FC48C0E012C22FD0E012B6A2FAD8
:10B3C000A3E0FB79FF12272FEA4B6015750A017580
:10B3D00008FF12B66D4404F0EE241512B670D2E0E8
:10B3E000F0750B408E828F83128C8B6006EE2412D8
:10B3F00012CA14EE241312B670700D9038E1E49363
:10B40000C0E012AC85D0E0F08E828F83E0A2E750DE
:10B410000454038019EE241412B67070129017327F
:10B42000E0C0E012B65ED0E0F0901732E004F01217
:10B43000EF6C7016901A08E0600D90173DE0700AEE
:10B440008E828F83E0700312CA11901740E0A2E150
:10B450005039E50AA2E040188E828F83128C8B60EF
:10B460002A8E828F83E06008EE240B128CA2601B70
:10B4700012B66D5440700302B602EE241312EF6F41
:10B48000600302B60212B66D54FBF08E828F83E029
:10B4900064017010EE240B12B34B6402700612B6F6
:10B4A0006D4440F012B66D5440600302B561E50A88
:10B4B000A2E0500302B561901740E0A2E140030210
:10B4C000B561E50BF50A780A121228EE2406FCE4B1
:10B4D0003FFD8E828F8312D50BEE241212B670F9C7
:10B4E0001226A57401121201E9600CEE241212CA90
:10B4F0001412B66D4420F08E828F83A3A3A3A3A35E
:10B50000A3E06037EE240212BBEA12B6932407FAD6
:10B51000E43FFB122A2F8A088B09850E82850F8350
:10B52000E06A7003A3E06B700C8E828F83A3A3A3E9
:10B53000A3A3A3E4F012B66D4440F08E828F83E0A3
:10B5400064016008A90B12B697122645A90B8E82DA
:10B550008F8312B6971225D9E9600612B66D442082
:10B56000F0AC21AD22EEFAEFFB122A298A0A8B0BEE
:10B5700074FE6508700474FF650970098E828F83FC
:10B58000A3A312E15EEA4B700302B6558E828F834D
:10B59000E0C0E07401121558D0E0F07404121558A0
:10B5A000EEF0A3EFF0EE241E12CBEB74021215584E
:10B5B00012CA3B7401121284880C890D780C121285
:10B5C00024EE242012B67412122812B668120FFF4D
:10B5D000EE240E12B674121228901746120FFF7442
:10B5E00008121558E0F9AC08AD09122A23740812A4
:10B5F0001201E9FE74106E705EAA0AAB0B121C37C2
:10B600008055EE241312B670C0E07417121558D08E
:10B61000E012EFAE740F12155812B6B5240412EFF3
:10B620006112CBEF741112155812B6B5241412B66C
:10B6300070C0E07418121558D0E012E44412B1A49E
:10B6400012B685740612128C122675E9600302B4D4
:10B650008B791180047E10EEF9742C02D65DEE24F5
:10B6600014F582E43FF58322EE12ACCA22EE240FD9
:10B67000129AE622129AE6F50C780C22EE2413F5C3
:10B6800082E43FF58312B6892212B68D22E0FCA334
:10B69000E0FD22129AC622A3A3A3A312D33512AFB0
:10B6A000CB2212B6A62212B6ADA3A3E022F08E8260
:10B6B0008F8322A3A312CAFFEE22C082C08374D755
:10B6C0001212B49081247403121294742612114A37
:10B6D0008A828B83A3A3A3A312CBF1740E121558F5
:10B6E000E8F0A3E912B7BA740C12155812B7B524D2
:10B6F0000DF582E412CE13C0E0741A121558D0E092
:10B70000F012D3AB12CBEF742012155812B7B5124A
:10B71000D97D12CE13C0E07408121558D0E0F0EABB
:10B72000241CF582E43B12CBEF741212155812B7A9
:10B73000B512C24012CE13C0E07409121558D0E001
:10B74000F012B7A712CE13C0E07407121558D0E05C
:10B75000F012B7AE3B12CBEF742412155812B7B5E6
:10B760002420F582E412CE13C0E07426121558D0BE
:10B77000E012D99674FFF0740112155874FFF0743A
:10B780000212155874FFF09083D8120FFB74041244
:10B790001294740712128C129A4E121201790074CC
:10B7A0002912120102C0E6EA2412F582E422EA24F8
:10B7B0001EF582E42212CAFFEA2212EFA8A3A31206
:10B7C000B7C32212B7C72212F0CFF92274F0120CBD
:10B7D0002974EC1212B48A0E8B0F8C088D09890C17
:10B7E0007F107A217B00121C31852182852283EA19
:10B7F000F0A3EB12D7DEE849700302B92A7E007C81
:10B80000217D007900852182852283E0FA121B893F
:10B81000AA08AB09122441742712155812CBF1EA79
:10B820004B60238A828B83A3A3A3A3E06401600DF2
:10B830008A828B83A3A3A3A3E064037009E8544026
:10B840007004740449F9E9540460027E01901753AE
:10B8500012B93112EF57ECF0A3EDF0742412155821
:10B8600012D50D7411121558EAF0A3EB12B93E125D
:10B87000A8483AF583740212B93E2408F582E43AE6
:10B88000F583740212D1A6FAA3E0F5838A82E50853
:10B89000F0A3E50912B93E12B7AF3AF583E50CF013
:10B8A0007426121558E0F50812EF7FCA12E4563AD2
:10B8B000F583E50812B93E241FF582E43A12D862F6
:10B8C000740612155812CA3B7408121558E508F090
:10B8D000742A12155812BF7CC082C083740C1215D2
:10B8E00058AC82AD83D083D082740512114A74297A
:10B8F000121558E0C0E07413121558D0E0F0EEF9BC
:10B90000AA21AB221229ABE964017015EEA2E05026
:10B910000CA9081229D5EA4B60031229F97F00808F
:10B920000985218285228312ACC5EFF9741402D6F1
:10B930005D12B68985218285228312EF892212D178
:10B94000AAFAA3E0CA2274F0120C2974FF1212B4EE
:10B95000EAFEEBFF8C088D098A82F583A37408F058
:10B96000EA241612B67060088A828B83A37410F0E2
:10B97000EA241712B67060098A828B83A3E0240838
:10B98000F0EA241512B67060088A828B83A3E00463
:10B99000F08A828B83A3A3A3A3A3A3E060198A8266
:10B9A0008B83A3A3A3A3A3A3A3E0C3332402F88A96
:10B9B000828B83A3E028F0EA241112B670852182DD
:10B9C0008522836004740E8001E4F0EA2423F5826A
:10B9D000E43FF58312D1A5F98A828B83A3E0F8EACC
:10B9E0001288F628298C828D83F0EA241112B67011
:10B9F000601390173EE0F91228DFE9F88508828588
:10BA00000983E029F0850882850983E0C3947540A5
:10BA100009750C00750D0002BBD112BBFF8A0C8B9F
:10BA20000DEA4B700302BBD18E828F83E0FA901730
:10BA30004312BC2A740278081213D2EA4508FAAB02
:10BA400009EE241212BC24740678081213D2A80836
:10BA5000EA48FCEBFDEE241512B670600478018014
:10BA6000027800EE2416FAE43FFBE4C8F9ED49FD44
:10BA7000EE241112B670F5088809740978081213BB
:10BA8000D2ED4509FD8A828B8312BC2A740B78089B
:10BA90001213D2ED4509FDEE241712BC24740C7864
:10BAA000081213D2ED4509FD8E828F83A3A3A3A3B1
:10BAB000A3A312BC2A740A78081213D2ED4509FD1B
:10BAC000EE242312BC24740D78081213D2ED45091C
:10BAD000F9EC850C82850D83F0E9A3F0EE240212C7
:10BAE000BC0712BC41F0EE240412BC07A3A312BC95
:10BAF00041A3A3F0EE241312BC17F0EE241412BCE1
:10BB000017A3F0750B088A828B83E06015EE24186A
:10BB100012B67FE50C2408FAE4350DFB121D2775DB
:10BB20000B10EE241712B6706019EE241A12B67FAD
:10BB3000A80BE50C28FAE4350DFB121D2774082527
:10BB40000BF50B8E828F83A3A3A3A3A3A3E0604571
:10BB5000EE240712BBEAE0C0E012BBF6D0E012BC54
:10BB600031E0C0E00812BBF8D0E012BC3112D7D0EF
:10BB7000121220850E82850F83E012BF49A80BE5C3
:10BB80000C2812A925121201850E82850F83E0C3AD
:10BB900033250BF50BEE241512B6706008C0E012C9
:10BBA000BBF6D0E0F012BBE212D7D11212201288FD
:10BBB000F5FC7D00740312155812BBDAE0F8E50CB1
:10BBC00028F8E4350DF9E82AFAE43912A929121205
:10BBD00001AA0CAB0D740102D65DE0FA8E828F8350
:10BBE000A322EE12E4193FF58322F50EE43FF50F90
:10BBF000850E82F58322A80BE50C2812BF6822E08F
:10BC0000FA7B00121C3122F8E43FF98882F583E0C8
:10BC1000850C82850D8322F582E43FF58312BC4BAF
:10BC2000A3A3A322F582E43FF583E0F5087509009C
:10BC300022F0050B8E828F83A3A3A3A3A3A3A3A3A8
:10BC400022A3A312E146A312BC4B22E0850C8285FD
:10BC50000D83A3A3A32274F4120C2974FD1212B451
:10BC6000EAFEEBFF8C088D097401121284880A89A0
:10BC70000B780A1212247402121294AA08AB091249
:10BC800026217402121201E9704B852182852283DC
:10BC900012C24FF0740112155812BCDE12BCE460DF
:10BCA00027148E828F83A312D1A612D7117401128A
:10BCB0001558E028F8A3E039F9E824FEF582E934C4
:10BCC000FFF58312D50D80118E828F83A3E4F0AA35
:10BCD00008AB0980047AFE7BFF740302A85712CBDD
:10BCE000F9A3A322E812BCE92212CB0085218285A8
:10BCF0002283E02274F0120C2974FD1212B412D6C1
:10BD00004F7402121558E9F08C0C8D0D750B017CE7
:10BD1000267D007900AA0CAB0D121B897402121546
:10BD200058E0C39408500302BEDC12BC0FF0AC0C08
:10BD3000AD0D85218285228312B351FA852182853A
:10BD4000228312C4BD12C272E96003750B00852103
:10BD50008285228312BF7C12BF90E0F9EA850C82B3
:10BD6000850D83A3A3A3A3A3A3A3A3A312BFD8F565
:10BD7000838882A3A312BF90A3A3E0F912D4EBEAB5
:10BD800012BFD8129A39C0E012D4E2D0E012D1A684
:10BD9000F8A3E0C82407F582E438F583E0C0E01298
:10BDA000F1CDD0E012BFC2740812BFCFA3E0602073
:10BDB000852182852283E02408F8A3E03400F9E598
:10BDC0000C241312F1D1E8F0A3E912D64A2408F0AA
:10BDD000850C82850D83A3A3A3A3A3A3A3A3E060E3
:10BDE0002A850C82850D83A385820E85830F12BF61
:10BDF0008AF8A3E03400F9E50C241512F1D112CA37
:10BE00003B850E82850F83E02408F012BF50E4F0DA
:10BE100012BF60E4F0A312BFC2A3A3A3A3E060110A
:10BE200012BF9C850C82850D83A3A3A3A3A312BF7D
:10BE3000DFE50C12BF70E0700302BEC812BF9CFAAF
:10BE400012BF50EA12BFDFF8852182852283E028E5
:10BE5000FBA3E034008B82F583E0F8E50C241A1292
:10BE6000F1D1E812BFDFE8C39AE50C505612BF7754
:10BE7000F89038DCE493C39850047E0C8006E50CFF
:10BE800012BF77FE850C82850D8312BF89F508A34A
:10BE9000E03400F509750A007808121220EE12BF8E
:10BEA000497A107B0B12A92A12120112BF6074107A
:10BEB000F0A3740BF0EEC333F8850E82850F83E098
:10BEC00028800412BF70E4F0850C82850D83A3E006
:10BED000F8850C82850D83E0C39850047900806654
:10BEE00012BF89FAA3E03400FBE50C12D4DC12F196
:10BEF000D412D655850C82850D83E0C398C0E0121C
:10BF0000D4D3D0E012BFCFE0603AE50C2417FEE4B2
:10BF1000350DFF8E82F583E024F2F0E50C241DF848
:10BF2000E4350DF98882F583E0240EFAA3E03400AD
:10BF3000FB88828983EAF0A3EB12C2798E828F8319
:10BF4000E0C398F0A90B02D65B25E0FCE433FD22A8
:10BF5000E50C12BF56222419F582E4350DF5832233
:10BF6000E50C241B12BF6822F582E4350DF583220F
:10BF700012C9F212BF6B2212BF56E02212BF8022FA
:10BF8000E0F8A3E0F583888222A312BFB9E028225B
:10BF9000A3A312C4B412BF82A3A3A322850C8285DB
:10BFA0000D83A385820E85830F12BFB9E028FAA303
:10BFB000E034008A82F583E022E0F8852182852240
:10BFC000832212BFC622F0850C82850D83A3221224
:10BFD000BFC6A3A3A3A3A32212BCE9F8A3E022F047
:10BFE000850E82850F83E004F02274F4120C298AF6
:10BFF000088B09EA12C08CA3A3F0EA1313543F1272
:10C00000C07FA3F0EAC4131312C08C12C09F74093E
:10C01000780A1214B812C093A3A3A3A3A3A3F0EBAE
:10C0200012C09512C09E740A780A1214B8E50A5418
:10C0300001C0E0EC12C9F23DF583D0E012C0A37458
:10C040000B780A1214B812C09312C09C740C780AB0
:10C050001214B812C093A312C09C740D780A121463
:10C06000B8E50A5401C0E0EC2424F582E43DF583F0
:10C07000D0E0F0740E78081214B8A90802A85A1279
:10C08000C085A3A322540F8C828D832254038C82FB
:10C090008D8322E50A54018C828D8322A3A3A3A35E
:10C0A000A3A3A3F08A0A8B0B22C082C08379008AE3
:10C0B000828B83A3A3A3A3A3A3E090173D600EE00C
:10C0C000701F8A828B83A3A3E070168012E0601138
:10C0D00012D500901746E06A7003A3E06B60027906
:10C0E00001800312D50DD083D0820211CE74F212DA
:10C0F0000C298A0A8B0B890CECFEEDFF8A828B835C
:10C10000E0FA12C272850A82850B83A3A312C2666B
:10C11000E0F9EA8E828F83A3A3A3A3A3A3A3A3A37F
:10C1200012C28512C266A3A3E0F912BBE2EA12C2F0
:10C1300085A3A3E0C0E0EE12C239D0E012C28CA306
:10C14000A3A3E0C0E0EE12B7A83FF583D0E012E26F
:10C150001F740812E21FA3A3A3A3A3A3E06017E523
:10C160000A2408F8E4350BF912AC85E8F0A3E912CB
:10C17000E21FE02408F08E828F83A3A3A3A3A3A3CE
:10C18000A3A3E060188E828F83A312C25512C22F20
:10C1900012CA3B850882850983E02408F08E828FCD
:10C1A00083A3A3A3A3A3E060248E828F83A38582AD
:10C1B00008858309E0F8E50A28F582E4350B12C208
:10C1C00046A3A3F0850882850983E004F0EEFAEF28
:10C1D000FB122A41E9F50D70518E828F83A3A3A330
:10C1E000A3A3A312C24FA37014E0F8E50A28FAE44F
:10C1F000350BFB12CD3C12D655E50C802212C255F0
:10C20000E8240EF850010912CD3CE8F0A3E912C26F
:10C2100079850882850983E0F9E50CC39924F2C386
:10C2200098C0E0EE12CE94D0E0F0A90D02A953EE32
:10C230002415F582E43FF5832212C2403FF58322A4
:10C240002411F582E42212C24DA3A3A322F583E0B8
:10C250008E828F8322858208858309E0F8E50A288B
:10C26000F8E4350BF922E0FA850A82850B83A3A353
:10C27000A32212E42E122A3B22F090173EE0F9127C
:10C2800028DFE9F822F0A3E912C28C22F0850A82A5
:10C29000850B83A3A3A3A322C082C0837AC87B1784
:10C2A00079E21222E57AC87B1702C0E6C082C08319
:10C2B00090174602C0E3C082C08390174902C0E3D2
:10C2C000C082C083794A1222E502C0E674F6120CDD
:10C2D000299017D0E0FE04F0EEF91229D5EA4B7050
:10C2E000F0EE60EDF9800574011212017F02020F79
:10C2F0003074F0120C2974FD1212B4740112155826
:10C30000ECF0A3EDF0E9852182852283F08A0E8B83
:10C310000F7E008E08740112155812B685122BDF9D
:10C320008A0A8B0B7413121558E0F50C741412154D
:10C3300058E0F8EA4B701CE8600302C420852182B3
:10C34000852283E0F9740112155812C4C2122C031D
:10C3500002C4B1E8700302C3DB9017D512CC0860A9
:10C360000612C4BE123199E50C700B850A82850B4A
:10C3700083E4F002C41B901740E0A2E1400302C432
:10C38000389017D712CC08600CA90CAA0AAB0B1274
:10C39000C4BE123199850A82850B83E0FA12E41F2C
:10C3A000500109C3EA98E499A2D265D033500985B7
:10C3B0000A82850B83E004F0850A82850B83E0F80E
:10C3C0009038DAE4936870700EAA0EAB0F1226B1A3
:10C3D000850A82850B83A3E4F0805DE50C702BEA6F
:10C3E0002402F8E4350BF98882F58312C4B4E0FC2A
:10C3F000EA2CFAE4340013EA1388828983F0700A85
:10C40000850A828B83A3A37401F0850A828B83A3A0
:10C41000A3E0F890192AE0C398501D750801801810
:10C420007401687013E50C600F901740E0A2E150B2
:10C4300007AA0EAB0F1226B1E508A2E092F0EEA219
:10C44000E072F0506C901740E0A2E1502EAA0EABC3
:10C450000F12E6ED6025E508A2E0500D8A828B837D
:10C46000A3A3A3A3A3E0C2E0F0EEA2E050438A821C
:10C470008B83A3A3A3A3A3E0D2E0F0EEA2E050310C
:10C48000901740E0A2E15012AA0EAB0F12242FE940
:10C490006008AA0EAB0F79008014901749E0650E72
:10C4A0007004A3E0650F7009AA0EAB0F7901122585
:10C4B0005B02D65BE0FA85218285228322A312BF2C
:10C4C000832212B689AA0EAB0F2274F4120C298AA9
:10C4D000088B098C0A8D0B9083BC780812131F708F
:10C4E000077A0112C51480279019F278081214C730
:10C4F000EA4B4C4D600D780812121C128B19121267
:10C5000001800C7A017B009017A0E0F9121CFD025B
:10C51000A85A7A207B009017A0E0F9121BDD22C0F8
:10C5200082C0839019F602AA14C082C0839019F8C1
:10C5300002AA1474F6120C297E00750832750917C8
:10C5400078081212247C6E7D007A217B00121CA9CF
:10C550007402121201E9640A70027E0112240BE9CE
:10C56000640A7004EED2E1FE12247DE9640A7004CC
:10C57000EED2E2FE90041812CC08600F12C4BE1274
:10C580003199E9640A7004EED2E3FE122741E964AE
:10C590000A7004EED2E4FE122267E9640A7004EE27
:10C5A000D2E5FEEEF902C2EC74F6120C29121B4120
:10C5B000750832750917780812122475086E750906
:10C5C00000780812122412C5E91212011224111265
:10C5D000248390041A12CC08600612C4BE1231994A
:10C5E00012274712227902C2EC7C007D007A217B5F
:10C5F00000121CB574042274F6120C2974FF121276
:10C60000B47E0075083275091778081212247C6E02
:10C610007D007A217B00121CA97402121201E960CC
:10C620000302C6C3780812122475086E8E097808B2
:10C630001212247C007D007A217B00121CBB740442
:10C64000121201E9707D901746E064FE7003A3E0CA
:10C65000F460707E01901755E064086005E06404A2
:10C66000705C852182852283EE12C6FF7A5D7B177E
:10C6700079431222EB7A5A7B1779471222EB7A4BD5
:10C680007B17794A12C6DF7A537B1779501222EB57
:10C690007A467B1779531222EB7A5B7B1779541217
:10C6A00022EB7A487B1779E11222EB901740E0A247
:10C6B000E35004D2F08002C2F012C6EC8005121BD7
:10C6C000417E001223FF12249590041C12CC0860B6
:10C6D0000612C4BE123199122753EEF902C2E712B4
:10C6E00022EB7A497B17794B1222EB22A2F0E4333A
:10C6F00085218285228312C85C79521222EB221294
:10C70000C85C79421222EB2274F6120C29E9FEA2CF
:10C71000E0501C7508327509177808121224750844
:10C720006E750900780812122412C5E9121201EE82
:10C73000A2E35003122405EEA2E1500312249BEE63
:10C74000A2E2500E90041E12CC08600612C4BE1263
:10C75000319902C2EC74F6120C2974EC1212B47402
:10C760000112129412C88E7405121558E4F0740761
:10C77000121558E4F07A04F912241D8A089038EF53
:10C78000E493FAC3E5089AEB940050441223F9E9C4
:10C79000703E9038CE12C83A600F7A04790312C8FE
:10C7A000239038CE12C844500874051215587401ED
:10C7B000F09038C612C83A600F7A02790112C82385
:10C7C0009038C612C844500874071215587401F006
:10C7D000901AD0E0F97CA37D17740112128C12C854
:10C7E0002D7407121558E070117405121558E07079
:10C7F00009852182852283E4800885218285228320
:10C800007401F0901ACBE0F89016D3E058F8852127
:10C8100082852283E05812C85879411222EB7414A1
:10C8200002C2E912241D9038EFE493FC22122987FA
:10C830007AA37B1779451222EB22E493F8740193D3
:10C84000F9E84922E493F8740193F9ECC398F8E409
:10C8500099F9C3EA98EB992212C85C22F0AA21AB9D
:10C86000222274F7120C2974ED1212B4E9FE90170B
:10C870009FF0AC21AD2212C88E7412121558EE1220
:10C88000C89BAA21AB2212C82D741302B0E4901ADF
:10C89000D0E0F97AA37B1712298D22F0901AD0E00C
:10C8A000F97CA37D172274F4120C298A088B099055
:10C8B0001AD2E064FE7003A3E0F4706C7A167B0079
:10C8C000121B9B8A0A8B0BAE0AAF0BEA4F60598A88
:10C8D000828B83740112CC1BA3E08A828B83A360BA
:10C8E00004740280027401F0EA240AF8E43FF9E5D6
:10C8F00008241D12C92F12EC0D12A930F0A2E3403A
:10C900000912C93712D50D122A11E50812D97D3541
:10C910000912E43AEE241312CA14EEFA12C94112B3
:10C92000C93712D16312CA3B02A85AE5082413F58D
:10C9300082E43509F58322E50812E4193509F58307
:10C9400022EFFB9017A0E0F9121BA72274F2120C41
:10C950002974FD1212B48A088B09890A8C0B7401A0
:10C96000121558740412D86C607212CA1D7407F044
:10C97000E5082413FAE43509FB8A82F58312A9310C
:10C9800012CA2BA312D85B12CAD788828983A3A3A9
:10C99000A3F012CA00E508240BF8E43509F912C91E
:10C9A000EA12CA3B12CC23EE241312DA0C650A6099
:10C9B000067401650A700712C9F87404800412C96C
:10C9C000F8E4F0901AD212BCDE12CA3B7401650B77
:10C9D000700312CA11EE12E20DF980027910901A5A
:10C9E000D274FEF0A304F002A94EEE12C9F23FF594
:10C9F00083222418F582E42212ACC97440F0A322E9
:10CA0000EE241612CA0722F582E43FF5837401F082
:10CA100022EE2411F582E43FF583E4F02212E418BB
:10CA20003FF58312B7C38882F58322A312EFA822B1
:10CA3000E0F8A3E0F985218285228312CAFF2274DF
:10CA4000F4120C298A088B097A007B049017A0E065
:10CA5000F9121CFD12CAE69017557409F012D2891A
:10CA600012C92B12D50D12ED15640170677A0F7B78
:10CA700000121B9B8A0A8B0BAF0BEA4F60568A820F
:10CA80008B837402F0E50812D4DC350912D529FC39
:10CA900088828983A3A3E0FBEC8A828F83A3A312FD
:10CAA000D65688828983A3A3A3E08A828F8312CA81
:10CAB000D7FAA3E0FB794A1222EB85088285098325
:10CAC000A3A3A3A3A3A3E070069015B47405F0AAD2
:10CAD0000A12C94102A85AA3F0E5082415F582E418
:10CAE0003509F583E0229016D612B7C39019F812D3
:10CAF000CAFF9016D812B7C39019F612CAFF22E8DF
:10CB0000F0A3E9F02274F4120C2974FD1212B48A15
:10CB1000088B097401121558740212DA127003029C
:10CB2000CBE312CA1D7404F0A3E412CC0EA3A3A39A
:10CB3000E06401700888828983A37420F0850882EC
:10CB4000850983A3A3A3A3A3E06401700988828954
:10CB500083A3E0D2E6F0850882850983A3A3A3A37B
:10CB6000A3A3E06401700A88828983A3E0D2E780EE
:10CB700006EA12AC86740112CC1BE06401702385B6
:10CB80000882850983A3A312CC086004EA12CA01B3
:10CB9000850882850983A3A312CBF1EA12C9EB129F
:10CBA000CA3B850882850983A3A3A3A3A3A3A3E00B
:10CBB00064017009EA240F12CA03A3E4F085088215
:10CBC000850983128C8D600612B66D4404F012CC78
:10CBD0002385088285098312CBF512B6B312E20DC4
:10CBE000F98002791002BCD9EE2413F582E43FF5F6
:10CBF0008312B7C32212CBF92212B7C78E828F835A
:10CC000022EE12E0463FF58312B7C3E8492212CC68
:10CC10001222F0850882850983A32212CC12A3A3D5
:10CC2000A3A322EE12CE7C2274F5120C2974F31207
:10CC300012B4890AEAFEEBFF7508007509007C0D45
:10CC40007D007900AA21AB22121B8912CD3C12CEA5
:10CC500018741F58600C7AD37B001220757900027B
:10CC6000CD37E8A2E55008740C1215587401F0E8AD
:10CC7000A2E75008740B1215587401F0E8A2E6748C
:10CC80000A50081215587401F08008121558E06413
:10CC90000170138E828F83A3A3A3A3A3A3A3E06039
:10CCA00030EE241380128E828F83A3A3A3A3A3A3A9
:10CCB000A3A3E0601CEE241512E158E508450960C5
:10CCC00010AC08AD097402121558AA82AB83121D6C
:10CCD0002712BBE212CA30740A121558E0640170C0
:10CCE0004D901A2CE0604E64017008901A13E070A9
:10CCF000198042E064027012EE240B12CBEB901705
:10CD000049E0687003A3E069702B128C807026E5FF
:10CD10000845096019122A4D8A088B09AC08AD092B
:10CD20007402121558AA82AB8312ED156007AA216E
:10CD3000AB22122555A90A740D02B373EE241DF51A
:10CD400082E43FF5832274F7120C2974CD1212B4D9
:10CD5000EAFEEBFF8A82F58312D98D129A3AA2E09D
:10CD6000400302CDFC8A828B8312CE25E054FE1252
:10CD7000E868740D12129412B7AE12CE1312CE01DF
:10CD800012D50D122A47E97073742A12155812CE63
:10CD90001F70697C0D7D007900AA21AB22121B89CE
:10CDA000741612155812CA30742A12155812CE1859
:10CDB000A2E55008740B1215587401F0E8A2E75070
:10CDC00008740A1215587401F0E8A2E650047420A1
:10CDD0008002742212155812B6857402121558AAD0
:10CDE00082AB83121D278E828F83A3A3E0C0E074E1
:10CDF0000C121558D0E012C85812254F743302B0E7
:10CE0000E4F9EA241FF582E43BF5832274402AF515
:10CE10008274083BF583E02212BF80A3E0F822125F
:10CE2000B35564042212D530A3A3A3A3A322E9F827
:10CE30007900740468600A740A6860057403687095
:10CE40000279010211CE74F6120C298A828B837446
:10CE500024F0A3A37401F01224B38A088B09AE084E
:10CE6000AF09EA4F60078A828B8312CE74EEFAEF25
:10CE7000FB02C2EC7401F0EA12CE7C2212CE947452
:10CE800001F0122A4DEE241AF582E43FF583EAF010
:10CE9000A3EBF0222417F582E43FF58322C082C081
:10CEA00083901AD102AA1CC082C083E9901AD102D1
:10CEB000AA18C082C0839017BC7401F0E9A2E350A5
:10CEC000037403F0E9A2E15004E0D2E2F002C0E60C
:10CED00074F6120C2979007C008A088B09780812F4
:10CEE0000F76F8FF0705CF03CF03CF03CF03CFFBA8
:10CEF000CEFFCE05CFF7CE7C01800A7C0480067C75
:10CF00000280027C089017BCE05C60047902800516
:10CF1000EC6002790102C2EC74F4120C29EAFEEB17
:10CF2000FF89081224478B0BA90BEA49603E8A82CD
:10CF30008B83A3A3A3A3E06033C39405502E740195
:10CF40006508601A8A828B83A3A3A3A3E0640160AF
:10CF50000D8A828B83A3A3A3A3E0640270078A8255
:10CF60008B8312CF73EEFAEFFB12245302A85A8E72
:10CF7000828F8312AFCB12260F2274F6120C298AED
:10CF8000828B83E07014A3A3A312CC08600C8A8266
:10CF90008B8312D50A1227A180047A007B0002C27B
:10CFA000ECC082C083901755E064087003122B0D0B
:10CFB00002C0E6C082C0837800E875F003A4FCA933
:10CFC000F0E9FD12D0426A7003A3E06B701890384C
:10CFD000F0E493C0E074BF2CF582741739F583D068
:10CFE000E0F079C5805908E8C3940340CC7800E8A4
:10CFF00075F003A4FCADF012D04264FE7003A3E010
:10D00000F4601E08E8C3940340E57800E875F00377
:10D01000A4FCADF074BF2CF58274173DF583E0706D
:10D0200015E812E4D312D6559038F0E4938882893B
:10D0300083F07900800908E8C3940340CF79C702E0
:10D04000C0E674C02CF58274173DF583E022C082DF
:10D05000C0837C00EC75F003A4F8A9F074C028F537
:10D060008274171289026A7003A3E06B700912E8D8
:10D07000466004790180090CECC3940340D6790022
:10D0800002C0E674F2120C2974DD1212B48A088B05
:10D0900009750A00901746E06A7003A3E06B7010F0
:10D0A000EA4B700302D14B750A01122B1302D158BF
:10D0B0001224418A0C8B0DAE0CAF0DEA4F700302A7
:10D0C000D14B8A828B83A3A3A3A3E06401600D8A62
:10D0D000828B83A3A3A3A3E06402706F8521828562
:10D0E0002283E412B7BA740B121558E8F0A3E912C0
:10D0F000C8581223EDE960538E828F8312D16312D8
:10D10000CA3B7403121558AC82AD837418121558BB
:10D11000AA82AB83121D27790012260374201215F0
:10D120005812D6557422121558E4F07C028E828F64
:10D1300083A3A3A3A3E0F9740D12128C122AAD7578
:10D140000A0112D15F12A66AF0800D90175312B631
:10D1500085AA08AB09122BC7A90A742302A9501289
:10D16000E44E2212B7C3901AD222C082C08374FE4A
:10D170001212B47901122609852182852283EAF0F0
:10D18000A3EB12D1A690174612D656AA21AB22794C
:10D19000531222EB85218285228312D50D121FE5C1
:10D1A000740202B7A1E412D1AA2212D99AE0227421
:10D1B000F4120C2974F31212B4EAFEEBFF8C088D02
:10D1C00009750A12EA4F7005790002D28490174659
:10D1D000E06E7003A3E06F701412D289AA08AB0945
:10D1E00012ED157005750A018003750A008521820C
:10D1F000852283E4F004121558EEF0A3EF12C8580C
:10D200001223E1E960287403121558AA82AB831235
:10D2100023BDE964017017750A017403121558AC37
:10D2200082AD83AA08AB0912ED157016801774122F
:10D23000650A7011AC08AD09EEFAEFFB122429E97A
:10D240006003750A00AC08AD09EEFAEFFB122BE59E
:10D25000E9F8740A687005750A01801D74A0687089
:10D2600012AC08AD09EEFAEFFB122BF7EEFAEFFB6A
:10D27000122C097401650A70097900EEFAEFFB12AD
:10D280002B1FA90A740D02A857122A4D8A0A8B0B6C
:10D29000AC0AAD0B2274F6120C29EAFEEBFF8908EA
:10D2A000122B0DE508F5097809121228790DEEFC0C
:10D2B000EFFD7AFD7BFF122B2B02C2E774F7120CF5
:10D2C00029EAFEEBFF8A82F583A3A3A3A3A3A3A36A
:10D2D000A3E06019EA24151290D112BBE312D50D18
:10D2E000122B19E96401700512BBE2802D8E828F2A
:10D2F00083A3A3A3A3A3A3A3E0602912AC8512D3A5
:10D3000029FAA3E0FB122B19E9640170178E828FB2
:10D3100083A3A3A3A3A3A3A3A3A312D50D122B019D
:10D3200079018002790002B0E712D335A3A3A3A349
:10D33000A3A3A3E02212B68D8E828F83A3A32274AF
:10D34000F2120C2974FD1212B48A088B09ECFEED5E
:10D35000FF890A750B017401121558740412E22436
:10D3600060447411121558E0601512D983E412DD7F
:10D37000C48A828B83E0D2E7F0EA241412AE38121A
:10D38000D3AB12CA217403F0A3E50AF0EE888289B8
:10D3900083A3A3F0EF88828983A3A312CA2B12EF81
:10D3A000B812E210F50BA90B02A94E12E4183B22A9
:10D3B00074F1120C298A0C8B0D890875090112D49D
:10D3C000DB350D12D529F50E88828983128AAC12BD
:10D3D000D51112D4D3E06404600A7AD37B00122002
:10D3E0007502D4CCE50E1210B0020002FED3030B7E
:10D3F00084D4030C74D40D56D40E84D481D49017E5
:10D4000040E0A2E1507E7900EFFB122693EA4B60E8
:10D410003A8A828B83A3A3A3A3A3A3E05418602B0F
:10D4200012D4EB120FFF8A828B83A3A3120FFF7912
:10D4300000850C82850D83A3A3A3A3A3A3A3A3A309
:10D4400012D4F412D52012120180247901EEFAEFE1
:10D45000FB122561802E901740E0A2E15026E9FBE7
:10D46000122AFBEEFAEFFB122B01E964C570157569
:10D4700009008010901740E0A2E1500812200980B6
:10D4800003750800E50C2409F50AE4350DF50BEEEB
:10D49000FCEFFDA90E850A82850B8312D50D12259E
:10D4A00079850A82850B83128C8D602012D4E2E08C
:10D4B000C39402401712D4EB12DCEE7003A3E069B0
:10D4C000600AE509A2E05004A908800279007F07FC
:10D4D000020F30E50C241712BF6822EA241DF582E2
:10D4E000E422E50C12C24012BF6B22E50C12E419D3
:10D4F00012BF6B2212D4F82212B68D8A828B83223D
:10D500008A828B83A3A3A3A3A3A3A3A3A312AFCBBA
:10D5100022A3A3A3E0F8E4C8F9EA28FEE439FF2235
:10D5200012AFCB1226AB740422F58312D530E02261
:10D5300012B7C78882F583A32274F0120C2974F302
:10D540001212B47403121558ECF0A3EDF08A0E8B8E
:10D550000F890B7E01EE121558740AF0741D121516
:10D5600058E0F50AE9700FE50AC333240AC0E0EE7B
:10D57000121558D0E0F0AA21AB22122AD18A088BCA
:10D5800009EA4B700302D64412A847350912DDBCE4
:10D590008E82F5837409F0E50BC43354E0450AA389
:10D5A000F0EE2402FE50010F740312155812B693C8
:10D5B000FAEFFB12D72050010FE50B70357800749D
:10D5C0001E12155812D50D8023E812BF49EA2CF51A
:10D5D0000CEB3DF50D850C8212C24D12D64A8E829F
:10D5E0008F83A3F0EE2402FE50010F08E8C3950AD2
:10D5F00040D7E508241712C92F7401F0122A4DE50F
:10D6000008241A12C92F12D6557405121294AA0EA4
:10D61000AB0F1223C9E96019E508241612C92F744B
:10D6200001F07405121284E508241812C92F12CAD9
:10D630003B850882850983A3A312D864AA08AB0995
:10D6400012E210FEEEF9740D801312BFC6E02285BF
:10D650002182852283EAF0A3EBF0227403121201E7
:10D660007F08020F3074F0120C2974F81212B48A79
:10D670000E8B0F12D4DB350F12D84BF8741F58F5F0
:10D680000A880BA3AE82AF8312D71850010F12ED98
:10D690000D607974E0550B706CAA0AEA2AFA7B00D7
:10D6A00012DCD060677A00802B8E828F83E0FCA32F
:10D6B000E0F8E4C8F9EC28E439FDEA12D711E508EE
:10D6C00028F582EB39F583ECF0A3EDF0EE2402FEB1
:10D6D00050010F0AEAC3950A40CF78081212247845
:10D6E0000A12122874031212947900E50E12A84847
:10D6F000350FF58312DCDA7403121201AA08AB09A4
:10D70000121C3780077AD37B00122075740802D66A
:10D710005D25E0F8E433F922EEFCEFFDAA21AB220F
:10D72000121D27EE2408FE2274F0120C2974FE123A
:10D7300012B412D64F890C8C0E8D0F9015CF12CCCF
:10D7400008607A7412121558E0F50B12D711E8240C
:10D750000EFAE439FB121B9B8A088B09AE08AF094D
:10D76000EA4F60598A828B8374D412D7DE8A828B07
:10D7700083A3A312EFA0A3A3A3A3E50CF0AC0EAD6B
:10D780000FEA2405FAE43FFB121D2712D7C2E50B6E
:10D79000F0741312155812D7D1121220AC0BEC2CC6
:10D7A000FCE433FDEE240EFAE43F12A92912120123
:10D7B000EEFAEFFB9015CF12BF7C12319974020282
:10D7C000D65DEE12D7C722240DF582E43FF5832201
:10D7D000A3E0F508A3E0F509750A0078082212D144
:10D7E000AAF8A3E0F92212B7C3850C82850D832223
:10D7F00074F6120C2974F81212B4890812D4DB3BA7
:10D8000012D84BF9741F59F88909A3AE82AF8374FB
:10D810000168702912D71850010F12ED0D602574A0
:10D82000E0550970188E828F83A312BBDA12E42AA6
:10D830008E828F83E0F9122B67A90880097AD37B47
:10D84000001220757900740802C2E9F583E0240112
:10D85000FEA3E034008E82F583E022E08882898393
:10D86000A322F583E50EF0A3E50FF02212DA208A59
:10D870000C8B0DAE0CAF0DEA4F2274F0120C297414
:10D88000FD1212B47401121558EAF0A3EB12D996E6
:10D89000E4F00412155812D98D12D4DC3812DA399A
:10D8A000888212DDBC740112155812D98D12D97DEF
:10D8B00038F58312D50D122447EA4B700302D97A4A
:10D8C0008A828B83A3A3A3A3E0700302D97AC394B3
:10D8D00003400302D97AEEC3940F5003EF600B8527
:10D8E00021828522837401F0807512B7A712AE3BA6
:10D8F000EE7022903797780812143112D983780885
:10D900001214C7903797780812143112E21578086C
:10D910001214C7803BF508750900740278081213C9
:10D92000D274972508F582743712C932780C121414
:10D930003190835078081214E5780C7908120AC2E5
:10D9400012D983780C1214C712E215780C1214C77E
:10D95000EA241BF582E43BF5837401F01220459024
:10D960001A15E0FC852182852283E0F974011215E5
:10D970005812EF8E12D50D122B5502D65B2415F5D9
:10D9800082E422EA2417F582E43BF5832212D9913E
:10D990002212F0CFC82212D99A22F0852182852244
:10D9A000832274F0120C2974F51212B48A0E8B0FB4
:10D9B00089098C08750C017401121558740312DA68
:10D9C00012604212CA1D740C12EFBC88828983A3B4
:10D9D000A3E50812CE767403121294AA0EAB0F12AE
:10D9E00023C9E9600FEE241612DA0C12128412C950
:10D9F000EA12CA3B8E828F83A3A3E50EF0A3E50F44
:10DA000012DA29F50CA90C740B02D65D12CA077440
:10DA1000032212DA208A0A8B0BAE0AAF0BEA4F22DE
:10DA2000F0AA21AB22122AD122F0EE241312CA0747
:10DA3000EEFAEFFB1224ADE922F583E02401F8A30E
:10DA4000E034002274F6120C2974DA1212B4EAFEE1
:10DA5000EBFF8A82F58312DAAF12CC06604C8A8221
:10DA60008B8312D50DAC21AD22128FAD7409121526
:10DA70005812DCEE7003A3E069602F8E828F831250
:10DA8000BF7C120FFF7508FE7509FF78081212247B
:10DA9000741C121558E0F9740D12155812B68574DD
:10DAA0000F12155812D520121201742602C2E91263
:10DAB000DAB322E0F8A3E0C8241FF582E438227428
:10DAC000F7120C29E9FD7A007B007C00800B12DB49
:10DAD00068E02AFAA3E03BFB0C9038EF12E5E35034
:10DAE00030EC75F01CA4F8AEF0EEF974F828F5826D
:10DAF0007405128902F460E0740428F58274063912
:10DB000012CC0660D3ED60C612DB68E4F0A3F080AF
:10DB1000C77C00800B12DB55E02AFAA3E03BFB0C2C
:10DB200012E5E0502DEC75F017A4F8AEF0EEF91206
:10DB3000EB837003A3E0F460E6745528F582740863
:10DB40003912CC0660D9ED60CC12DB55E4F0A3F0BD
:10DB500080CD02B0E7EC75F017A4F8EEF974552803
:10DB6000F582740839F58322EC75F01CA4F8EEF9FF
:10DB7000740428F582740639F5832274F0120C2996
:10DB8000E9FE8A088B0990179FE0C39E5034122A41
:10DB9000A19017D112EFBA901739E0F50CE4F50D0A
:10DBA000F50EF50F90831078081214E5780C7908BB
:10DBB000120AC2780C12121C7A007B02128B1D1200
:10DBC000120102D66074F6120C29EAFEEBFF9017E0
:10DBD000BD801388828983E06E7003A3E06F603C90
:10DBE00088828983A3A312CC0870E87A047B001290
:10DBF0001C318A088B09A808A909EA49601E8A8293
:10DC00008B83EEF0A3EFF09017BD12D50D888289BB
:10DC100083A3A312D6559017BD12CA3B02C2EC745F
:10DC2000F4120C297E009017BD80070E888289832C
:10DC3000A3A312CC0870F4EE25E0FAE433FB12DC67
:10DC4000D0700302DCCA7C009017BD802A888289CC
:10DC500083E0F50AA3E0F50BEC25E0FAE433FBE5FD
:10DC6000082AF582E5093BF583E50AF0A3E50BF008
:10DC70000C88828983A3A312CC0870D190179B12C1
:10DC8000DCEE7003A3E06978087019121224EEF537
:10DC90000A780A1212287C677D17790090179B1268
:10DCA000DCDA801A121224EEF50A780A1212287CA5
:10DCB000677D17790090179B12D50D122B377403CF
:10DCC000121201AA08AB09121C371224C502A85A65
:10DCD000121C318A088B09EA4B2212AFCB122B435C
:10DCE000228E828F83A3A3A3A3A3A3A3A3A312B76C
:10DCF000C3901746E06822C082C08380128A828B5C
:10DD000083A3A312CBF19017BD12CA3B121C37900C
:10DD100017BD12AFC270E602C0E674F5120C29906E
:10DD2000175312E15E9017D112CBF190175312CA1C
:10DD30003B7AD17B1779501222EB9017D112DDBEBE
:10DD4000750A00800F12E6A27003A3E06F60031251
:10DD5000E4EF050A12DDB05020E50A75F017A4F8CB
:10DD6000A9F012E54665087004A3E0650970D612B3
:10DD7000E54FEEF0A3EFF080D99017D112DDBE9001
:10DD800015D112CC0860267A067B00121B9BEA4B49
:10DD9000601B8A828B8374D5F0A3A3E412AE41A3E7
:10DDA0000412DDC49015D112BF7C12319902B376F2
:10DDB0009038DDE493F8E50AC398223BF583E0FE52
:10DDC000A3E0FF2212B1BBEEF0A3EFF022C082C0AD
:10DDD00083901746E064FE7003A3E0F4600E901792
:10DDE00040E0A2E15006122BEB122B9102C0E67428
:10DDF000F0120C29901794E0604CF50CE4F50DF549
:10DE00000EF50F90840078081214E5780C7908124A
:10DE10000AC2121B958A088B09A808A9099038CC58
:10DE2000E49358F508A3E49359F509E4F50AF50BD2
:10DE3000780C79081213BF780C12121C7A007B013F
:10DE400012DE4D12120102D6607A007B409017A0BC
:10DE5000E0F9121CF774042274F0120C2974FE12FB
:10DE600012B47E007F008E0E8E0F122465750A009C
:10DE70008026AA0A7B0012245F8B09A909EA49605F
:10DE8000158A828B83A3A3A3A3E0600464047006B5
:10DE9000129A9760010F050A9038EF12DDB340D255
:10DEA000122BC112D64F750800801BAA087B0012E6
:10DEB0002BCD8B0BA90BEA49600AEA12E83F129AB4
:10DEC000A560010E050812E05E40E0EF2EFE700333
:10DED00002DFB5F508750900740278081213D2AA9A
:10DEE00008AB0912F371700302DFB3750B00EEF596
:10DEF00008750900740278081213D2AC08AD0979CC
:10DF0000FF121B89750A008052AA0A7B0012245F47
:10DF10008A0C8B0DEA4B60418A828B83A3A3A3A357
:10DF2000E0600464047032129A97F9602C050B8546
:10DF30000E08850F097808121224EEFD850C8285E3
:10DF40000D83A3A3A3A3A3A3A3A3A3E0FC850C8297
:10DF5000850D8312E055121201050A9038EF12DD8B
:10DF6000B35006E50BC39F40A075080012E05E5059
:10DF700044AA087B00122BCD8A0A8B0BEA4B602F38
:10DF8000EA12E046350BF583129AA5F96021850E59
:10DF90000C850F0D780C121224EEFDE50A240E12EA
:10DFA000E04CFC850A82850B8312E05512120105B4
:10DFB0000880B97E007F6290173EE0600BF912285E
:10DFC000DFE9F87454C398FF75F003EF84F5089403
:10DFD00020400375081F850E0A850F0B750C00EF96
:10DFE0006005750C207F00E508C39E500585080973
:10DFF00080088E09E50CD2E6F50CAC0AAD0BAA0C34
:10E00000A909122B9DE9F50DE50CA2E6401D1509A5
:10E010007800800BE50A2404F50A5002050B08E895
:10E02000C3950940EFE509CEC39EFEE97006E50CF5
:10E03000A2E650A8E50E450F6007AA0EAB0F121C12
:10E0400037A90D02D7BD240FF582E422F582E4350D
:10E050000BF583E02212AFCB122B9774022285219D
:10E060008285228312B7C3C3E50898E4992274F22B
:10E07000120C29E9FE750A00750B00740E12155872
:10E0800012E15E7F00801185080A85090BE50824EE
:10E0900004F508500205090FEFC39D400302E14358
:10E0A000850882850983E0F47003A3E0F46076E5D7
:10E0B0000A450B600E850A82850B83C3E09AA3E0B4
:10E0C0009B50C485088285098312ECD4EB9950B724
:10E0D000A808A90988828983E0F47003A3E0F460AA
:10E0E0000DE82404F85001090FEFC39D40E6880AAB
:10E0F000890BE824FCF8E934FFF98882F583128C57
:10E1000078850A82850B83E50CF0A3E50D12E146C4
:10E1100012E14C12E146A312E14CA3F0C3E50898CA
:10E12000E5099940C985088285098312D655EC8591
:10E130000882850983A3A3F0EE850882850983A35D
:10E14000A3A3F002A953F08882898322A3A3E085C8
:10E150000A82850B83A3A322F582E43FF583E0F5D1
:10E1600008A3E0F5092274F3120C2974FD1212B40D
:10E1700089088A09ECFEEDFF750C0175F003E9A42E
:10E180002402C0E07401121558D0E012E22460713C
:10E1900012D3AB12CA217408F0741F55084509A3A5
:10E1A000F0E82402F85001097C0080378E828F83CA
:10E1B00012A93112E21F12D85B12B6A2C454F05455
:10E1C00070FD8E828F83A3A3A3E054074D888289BC
:10E1D00083A3A3F0E82403F8500109EE2404FE50C1
:10E1E000010F0CECC3950840C38A828B83A3A374F0
:10E1F000FCF0A374FFF012E2157401F012E210F5C6
:10E200000CA90C74031212017F05020F30FAEFFB08
:10E210001224ADE922EA2413F582E43BF5832212AD
:10E22000B6ADA32212DA20EA4B2274F1120C298A2D
:10E230000A8B0B7508007AFE7BFF7CFE7DFFE50AEA
:10E2400012D4DC350B12D529FE741F5EF509E824C3
:10E2500002F50CE439F50DEEA2E74074E50A241747
:10E2600012E04CF875F003E509A42402687061E53A
:10E2700009600B850C82850D83E0FA12E42A7F0089
:10E280008029850C82850D83A3A3E05407F50EE554
:10E290000C2403F50C5002050DE8FC901746E068CD
:10E2A0007003A3E0697003850E080FEFC395095052
:10E2B00029850C82850D8312F0CFFCE4CCFDE82C7F
:10E2C000E43DF9850C82850D83A3A3E0548860B2F8
:10E2D0007AD37B0012207502E40BE508700BEEF98F
:10E2E000122BA9E9700302E40BE50A12A848350BCA
:10E2F00012A84C8A0C8B0DAE0CAF0DEA4F605A8AF7
:10E30000828B83A3A3A3A3A3A3A3E4F09038DA93FF
:10E31000F88A828B83A3A3A3A3A3A3A3A3E0C39898
:10E32000402412E41F5001097A027B001209C7E859
:10E330008E828F83A3A3A3A3A3A3A3A3F0E508C303
:10E340009407500205088E828F83A3A3A3A3A3A3DF
:10E35000A3A3A3E508F002E40B7CFF7DFF12E40E0B
:10E3600012D50D122BB58A0C8B0DAE0CAF0DEA4FEA
:10E37000704512EAF1700302E40B7C177D0079000E
:10E38000121B8912E40E12CBF512891E8E828F8326
:10E39000A3A3A3A3A3A3A3A312B6B312B66974AA9B
:10E3A00012EB145001097A027B001209C712D7C27E
:10E3B000E812E4447401F09038DAE493F81288F536
:10E3C000C398401912E41F5001097A027B00120918
:10E3D000C712EB0DE508C394075002050812EAFFC7
:10E3E000E50812E449E4F0129FB91223BDE9701B5D
:10E3F000850A82850B83A3A3A3A3A3A3A3A3E060A1
:10E400000AE50A12D97D350B12E43A02D4CEE50AA8
:10E4100012E419350BF58322EA240BF582E42290ED
:10E4200038DAE49379002401F82212E42E22A3E0E2
:10E43000F8E4C8F9EA28E439FB22129AC4129FBA18
:10E44000121D2722F012EB0322F012E44E22EE12EC
:10E45000E4563FF58322240CF582E42274F7120C73
:10E4600029E9FE74FE6A700374FF6B603574605EA8
:10E470006460602EE9A2E5401CA2E6901746500DAC
:10E48000C3E09AA3E09B501A790002B0E7C3E09A78
:10E49000A3E09B40F390174612CBF1C3EC98ED99A3
:10E4A00040E6790180E474F7120C297E008005EEC5
:10E4B00012E4E80E12E53C40F67E00EE12E4D3745E
:10E4C000FEF0A30412E146E4F00EEEC3940340EB29
:10E4D00002B0E775F003A4F8A9F074BF28F8741728
:10E4E00039F98882F583A32275F017A4F8A9F012F0
:10E4F000E533122BD32274F7120C297E0080010E13
:10E5000012E53C5027EE12EA47E06A7003A3E06B85
:10E5100070ED12E5466C7003A3E06D600A74FF6C49
:10E52000700374FF6D70D812E53380047A007B00AD
:10E5300002B0E7744028FA740839FB229038DDE411
:10E5400093F8EEC3982212E54A2212E54FE02274B6
:10E550004A28F582740839F5832274F6120C297C56
:10E56000FF7DFF7AFE7BFF122BB5EA4B70407508EA
:10E57000008036E50875F017A4F8A9F0744F28F567
:10E58000827408128902600C744E28F58274081295
:10E5900089027013744028FE740839FF8E82F58357
:10E5A00012E852EEFAEFFB050812E5B140C502C2CF
:10E5B000EC9038DDE493F8E508C39822C082C0836C
:10E5C0007A007B007C00801012EB7B7003A3E0F4E8
:10E5D00060050AEA70010B0C12E5E040EB02C0E6B0
:10E5E0009038DDE493F8ECC3982274F4120C298A75
:10E5F000088B09ECFEEDFF800B122BD3EEFCEFFD38
:10E60000AA08AB09122BB5EA4B70EE02A85A74F7B0
:10E61000120C297D007C0080020D0C12E5E0501CDC
:10E6200012EB7B7003A3E0F460F0EDF8EA684B7046
:10E63000E8EC75F017A4F812E53380047A007B004B
:10E6400002B0E774F7120C29EAFEEBFFEA4F600E06
:10E6500012E66174FEF0A30412E66FF0A3F002B0BC
:10E66000E77C177D007900121B898E828F8322122E
:10E67000A4F7A32274F7120C29EAFEEBFF75080039
:10E680008018E50875F017A4F8A9F012E6A2700347
:10E69000A3E06F600312E4EF050812E5B140E30266
:10E6A000B0E712E54A6E2274F4120C298A088B092D
:10E6B000ECFEEDFF901753E06E7003A3E06F700A5D
:10E6C00012E6ED6005EA24088016EEFCEFFDAA08CC
:10E6D000AB09122BB58B09A909EA496009EA240D97
:10E6E000FAE439FB80047A007B0002A85A12244124
:10E6F0008B0BA90BEA492274F4120C29EAFEEBFFFA
:10E700008C0A8D0B750800750900802BE50975F0E2
:10E7100017A4F8A9F012EB62601BE50912EB6F7009
:10E7200003A3E06F700375080AAC0AAD0B12EA5D33
:10E7300060034308A005099038DDE493F8E509C3B8
:10E74000985004E50860C502C07A74F4120C29746C
:10E75000F81212B4750800806BAA087B0012245FBF
:10E760008A0A8B0BAE0AAF0BEA4F60568A828B8304
:10E77000A3A3A3A3E0640160498A828B83A3A3A31C
:10E78000A3E06402603CEA2407F582E43F12E85902
:10E7900050308A828B83A3A3A3A3A3A3A3A3A3A381
:10E7A000E412B1D012CA2C12E852AC21AD228E82F2
:10E7B0008F8312D50D1223C9AA21AB221224531222
:10E7C000204505089038EF12E5B4408D7E00804D5D
:10E7D000EE75F017A4F8AAF0EAF912EB837003A320
:10E7E000E0F46038744028F8740839F9E812E45607
:10E7F0003912E8595026EE75F017A4F8EAF974407A
:10E8000028F8740839F9E812E83FE4F0E8240EF536
:10E8100082E439F583E412E8681226B10E12E53C71
:10E8200040AE7A00EA75F003A4F8A9F012E8466059
:10E830000214F00AEAC3940340EA740802A85712CB
:10E84000E04639F5832274BF28F582741739F583C1
:10E85000E02212AFCB1226B122F583E0F874012832
:10E86000F0901795E0C3982212E14612AFCB2274C4
:10E87000F0120C298A0E8B0F8C0A8D0B750C007808
:10E880000079017EFE7FFF741012155812E15E8040
:10E8900011121B95E50CF5F0EA84E5F0F8750C0013
:10E8A00079007C00800B74402AF582740812DDBB6D
:10E8B0000C9038DDE493FAECC39A506AEC75F017CB
:10E8C000A4FAADF0EDFB12CE0C64FE7003A3E0F4ED
:10E8D00060DE12CE0C650E7004A3E0650F60D112ED
:10E8E000CE0C650A7004A3E0650B60C412CE0C6503
:10E8F000087004A3E0650960B7744E2AF5827408B5
:10E9000012CE1360ABC3940850A6E064076097E989
:10E91000050C709CE50CC3984096EDF974402AF5FF
:10E9200082740802E9D37C00800712EA0712DDBB7B
:10E930000C9038EFE493FAECC39A400302E9DBEC65
:10E9400075F01CA4FAADF0EDFB12EA0712CE1364C9
:10E95000FE7003A3E0F460D812EA0712CE13650E2E
:10E960007004A3E0650F60C812EA0712CE13650AAF
:10E970007004A3E0650B60B812EA0712CE136508B5
:10E980007004A3E0650960A874FD2AF5827405127D
:10E99000CE13609CC39408509774F82AF5827405CE
:10E9A00012CE1364016089E06402608474FD2AF56C
:10E9B00082740512CE136407700302E92AE9050C7C
:10E9C000600302E930E50CC398500302E930EDF929
:10E9D00012EA0739F58312EF858022E50C6011E811
:10E9E000700E7401650C600302E891780102E89DE5
:10E9F00074FE6E700374FF6F6006EEFAEFFB800426
:10EA00007AFE7BFF02D66074F42AF58274052274C4
:10EA1000F5120C29EAFEEBFF8C088D09750A0080BF
:10EA200002050A12DDB0501CAC08AD09E50A75F00C
:10EA300017A4F8A9F012EA5D60E7E50A12EA47EECA
:10EA4000F0A3EFF002B37675F017A4F8A9F012EA7C
:10EA50005222744028F582740839F58322744228C2
:10EA6000FA740839FB121D21E922E9F87907C394E9
:10EA70000D400479018019E8C394074004790380AC
:10EA80000FE8C39403400479058005E8700279001B
:10EA90000211CE74F0120C298A0E8B0F8C0A8D0B8A
:10EAA000890812EAF1604712E661E50EF0A3E50F6E
:10EAB00012E66FE50AF0A3E50BF0E508600712B671
:10EAC00068E508800512B6687401F090179AE06452
:10EAD00001700612EAFFE4800512EAFF740712EBE8
:10EAE000145001097A027B001209C712EB0D02D6FD
:10EAF00060122BBB8A0C8B0DAE0CAF0DEA4F2212AD
:10EB0000EB0322EE240EF582E43FF58322EE12D7CA
:10EB1000C7E8F022F09038DAE49379002401F82273
:10EB200074F7120C29EAFEEBFF750800802CE5084B
:10EB300012EB6F7003A3E06F601474FF6E700374C8
:10EB4000FF6F701412EB837003A3E0F4600A12EB02
:10EB5000627005E50812E4E8050812E5B140CF024D
:10EB6000B0E7744228FA740839FB1223BDE9227514
:10EB7000F017A4F8A9F012EB896E22EC75F017A437
:10EB8000F8A9F012EB8964FE2212EA52E022C08258
:10EB9000C0837AFF7BFF122C0902C0E6C082C083CB
:10EBA0009017D3741BF0A3742CF09017D57421F038
:10EBB000A3742CF09017D77427F0A3742C02AA1812
:10EBC00074F7120C29EAF8EBF99016D412EBFF70E7
:10EBD0002B88828B83A3A3A3A3A3A3A3A3A3120F16
:10EBE000FF9016D412EC0D12154188828983A3E0A0
:10EBF000F912256D74021212011224C502B0E71237
:10EC0000EF89CA2406F582E43AF583E02212EF89FF
:10EC1000F5838A8222C082C08390179D12ECCBF0CC
:10EC200090179D12CC0870057901122B6102C0E685
:10EC300074F6120C2974FC1212B4E9FE9038E5E463
:10EC400093700574E16E707EEA2408F8E43BF9885D
:10EC500082F58312ECCB12ECDB700E90179DE4F082
:10EC6000A3F07901122B61805D901A2FE06057FAB2
:10EC700090179D12ECD4E499504C7900122B618AC4
:10EC8000088B09EA75F064A4F8AAF075F064EBA4A7
:10EC90002AF990179D12D50D1209CFE8941AE9941C
:10ECA0000040239015C912CC08601B90179D12CA12
:10ECB00030740212155812EFBAAA21AB229015C96E
:10ECC00012BF7C123199740402C2E9E02401F0A35E
:10ECD000E034002212B7C3C3EA982212F0C6F9E862
:10ECE0004922C082C08374F81212B49082B1AC2160
:10ECF000AD22740812114AAC21AD2212ED15640147
:10ED00007004790080027901740802B7A1AC21ADCA
:10ED1000227A677B17121D21E92274F6120C29EA68
:10ED2000FEEBFF740C12155812D50D743A6A70017F
:10ED3000EB6006743B6A4B701F740A121558120F71
:10ED4000FF8C088D097808121224EEFCEFFD121CCE
:10ED5000BB74041212018002790A02C2ECC082C0A4
:10ED6000839017D9746BF0A37424F09017DB74713F
:10ED7000F0A37424F0901A15E0A2E050329017DD51
:10ED80007445F0A3742CF09017DF744BF0A3742C2F
:10ED9000F09017E17451F0A3742CF09017E37457BE
:10EDA000F0A3742CF09017E5743FF0A3742CF0904E
:10EDB00017DD12CC08600612C4BE12319902C0E6FB
:10EDC00074F4120C2974E61212B48A088B097404C4
:10EDD0001215587402F00412128C122AD18A0A8B6E
:10EDE0000BAE0AAF0BEA4F700302EF4B12A8473F7E
:10EDF00012EF757404F0A37460F0EA12AC8612CEC0
:10EE0000748E828F8312EFB8EE241412B6707012D3
:10EE1000901732E0C0E012B65ED0E0F0901732E01A
:10EE200004F012EF6C7016901A08E0600D90173D18
:10EE3000E0700A8E828F83E0700312CA11AC21AD9C
:10EE400022EEFAEFFB122A298A088B09EA4B70039B
:10EE500002EF447A217B00121C31740612155812FD
:10EE6000D655740612155812CC08700302EF3D7C7B
:10EE7000217D0079007406121558E0FA121B89747E
:10EE80000112128C79501222E5740112155812CB1E
:10EE9000F1740612155812EF8512EF5712CA3B9003
:10EEA000174612CBF1741712155812CA3B7406128A
:10EEB000155812EF8E7402F0740612155812AD93A5
:10EEC000740212EFAE740612155812EC0D12CA3B02
:10EED000740612155812EF9812D1A5C0E0740612EC
:10EEE000155812D98D12B7AF38F583D0E0F0EE2463
:10EEF0000E12EF61F583E0C0E0740612155812D9C6
:10EF00008D12EF50D0E0F0740612155812DAAFF5FA
:10EF10008312EFBAEE240F12CBEB740C12155812B9
:10EF2000EFA0E0C0E0740E121558D0E0F0740612A5
:10EF3000128C122999740612155812ACC5AA08AB86
:10EF400009121C37EEFAEFFB121C37741A02A8578D
:10EF500012E45638F58322CA2409F582E43AF5838F
:10EF600022F8E43FF9E8FAE9FB888222EE24111244
:10EF70009AE6640122F58312F0CF8882F583228518
:10EF8000218285228312EF8922E0FAA3E02212D99E
:10EF90009112E41938F5832212AF877401F0A3228D
:10EFA000E8F0A3E912EFA822F08A828B832212B63E
:10EFB000A6F8A3E0F922A3A3A3A3E508F0A3E5091B
:10EFC000F02274F6120C297E0080167C047D0079F4
:10EFD000FFEEF5088D09740278081213D212F2744C
:10EFE0000E9038F112E53F40E202C2EC74F4120CCC
:10EFF0002974F71212B47508008048E508F50A75FF
:10F000000B007402780A1213D212F0AD129A54E077
:10F0100024FFF0A3E034FF12F0C2F97A0A7B001259
:10F0200009CFEA4B701B740812155812F0D4121352
:10F03000D274DD250AF582740B350B12F0B812F18B
:10F04000E605089038F112E5B4505FE508F50A7559
:10F050000B007402780A1213D274DD250AF582744B
:10F060000B12E04FF47003A3E0F460D5E508F50A55
:10F07000750B007402780A1213D212F1C212CC0678
:10F08000600302EFFB740812155812F0D41213D269
:10F0900012F0AD8E8212F0B812F28A7C047D0079F3
:10F0A000FFEEFAEFFB121B89809702A85574DD254D
:10F0B0000AFE740B350BFF22F583129A85E8F0A344
:10F0C000E92212F0C622F08882898312F0CF22E072
:10F0D000F8A3E0227402F0E508F50A750B0074024B
:10F0E000780A2274F0120C2974F71212B48A0E8B6B
:10F0F0000F7EFF7408121558740212D996EAF0A315
:10F10000EB12F1E6E9641A700302F1BE790074199A
:10F1100012155878081214E5800874FF6E7002E921
:10F12000FE099038F1E493F8E9C3985058E9F50CDA
:10F13000750D007402780C1213D274DD250CF58263
:10F14000740B12F1D4E0F47003A3E0F460CCE9F5A1
:10F150000C750D007402780C1213D274DD250CF5B9
:10F1600082740B12F1D4E0650E7004A3E0650F7099
:10F17000B0E9F50A750B007402780A1213D212F185
:10F18000C2F583802CE49369702A74FF6E602CEEC4
:10F19000F50C750D007402780C1213D274DD250C79
:10F1A000F8740B350DF9888212D86288828983A39E
:10F1B000A312EFBA7901740902D65D12F1D8790071
:10F1C00080F474DF250AF582740B350B22E50C24DC
:10F1D00012F582E412BF6B2290175312B689AA214E
:10F1E000AB2212231B2212F2911223152274F61263
:10F1F0000C2974F71212B4EAFEEBFF7A0080010AC0
:10F200009038F1E493F8EAC3985064EAF508750978
:10F2100000740278081213D274DD2508F582740B8D
:10F2200012C932E0F47003A3E0F460D3EAF5087584
:10F230000900740278081213D274DD2508F582746F
:10F240000B12C932E06E7003A3E06F70B27C047DD4
:10F250000079FFEAF5088D09740278081213D212BA
:10F26000F2747408121558740212F28212F28A743F
:10F270000902C2E974DD2508FA740B3509FB121B7B
:10F28000892212D99AEEF0A3EF2212F29112231BD7
:10F2900022F090175312B68DAA21AB222274F012DD
:10F2A0000C2974FE1212B412D64F8C0A8D0B7508FD
:10F2B00000852182852283E06C7003A3E06D6017D6
:10F2C000852182852283E0FA121CAF8A0C8B0DAE59
:10F2D0000CAF0DEA4F700675080102F36CAA0AAB79
:10F2E0000B121CAF8A0C8B0DAC0CAD0DEA4D6007F8
:10F2F000AA0AAB0B121CC1E4F50CF50D780C121226
:10F3000024EEFCEFFDAA0AAB0B121CA97402121228
:10F3100001E96058EEFAEFFB12F371604C780E12BF
:10F3200012248E0C8F0D780C1212247C007D007438
:10F330000412155812D50D121CBB7404121201E9E7
:10F34000701B780E121224780C1212247C007D009F
:10F35000AA0AAB0B12C5F1121201E960037508018C
:10F36000AA0EAB0F121C378003750810A90802D72C
:10F37000BD121C318A0E8B0FEA4B2274F2120C293B
:10F38000EAFEEBFF8C0A8D0B7A0B7B00121C318A94
:10F39000088B09EA4509607490035112F41B12FCB2
:10F3A00092900351EAF0A3EBF0EA2402F8E4350965
:10F3B000F9880C890D8882F583EEF0A3EF12F4B67C
:10F3C000A3E50AF012F524A3743212F415740112A5
:10F3D000F415A3F0740E12155812F41BA3A3A3A3E3
:10F3E000A3A3A3A3A312FC9290035112FE5890036F
:10F3F0005512FC92850C82850D8312FCB9122FF3F5
:10F40000850C82850D8312FCF1A3E9F0AA08AB09F3
:10F410007F06020F3012F52BA3A32212FE5C8A8214
:10F420008B832274F6120C29EAFEEBFF8E828F8307
:10F43000E0F91231558B09EA450960047902802709
:10F44000E4F508F50978081212247C007D00EEFA34
:10F45000EFFB12317974021212018B09EA4509702F
:10F460000479108002790002FD9C7F01020F307444
:10F47000F2120C2989088A098B0A12314F8A0C8BE7
:10F480000DAE0CAF0DEE4F602A7A047B00121B9B71
:10F49000EA4B601F8A828B8374FDF0A3E50A12F4A5
:10F4A000BBE50812F4B6E509F08E828F8312F536BB
:10F4B000121BA702F41012F4BBA322F08A828B83E2
:10F4C000A3A32274F0120C298A0BECFEEDFF8B0C27
:10F4D00012314F8A088B09EA450960437A077B009D
:10F4E000121B9BEA4B60388A828B8374FEF0741186
:10F4F000121558E08A828B83A312F4BBE50CF074DA
:10F5000010121558E08A828B83A3A3A312F4B612BB
:10F51000F524EEF0A3EF12F95612F536121BA77F71
:10F5200008020F30A3E50B12F52B22F08A828B83A1
:10F53000A3A3A3A3A322A3A3E0F8A3E0F583888257
:10F54000E0F92274E0120C2974FE1212B4852182B3
:10F55000852283ECF0A3EDF08A128B13891C9003B3
:10F5600051E0F50AA3E0F50B7EFEEA2402F516E46D
:10F570003513F517EA2404F51EE43513F51F8A82C6
:10F580008B83E0540C640C702179FE12FCB31227BB
:10F5900035E9FE74FE6E700302F74F12314F8A0890
:10F5A0008B09EA4509705D02F74F8516828517833E
:10F5B000E0F974FF697040E50A450B700302F74FEC
:10F5C000850A82850B83A3A3E0F508A3E0F50974FF
:10F5D00022121558E0F510A3E0F511742612155803
:10F5E000E0F5197427121558780C1214E5742B12D3
:10F5F0001558E0F518802D12314F8A088B09A9099A
:10F60000EA4960CB850882850983E0F91231558A81
:10F610000A8B0B80BA850A82850B83A3A3E0F508C9
:10F62000A3E0F509E5084509700302F74F800D8A4C
:10F63000828B83E0F91231558A0A8B0B7514FE75A3
:10F6400015FF850A82850B83A3A3A3A312FCBFEC3D
:10F650004D850882850983601A12FC98123199EA57
:10F660004B601D8A828B83E0F514A3E0F515121C14
:10F6700037800D12FCA76008A3E0F514A3E0F51590
:10F68000851282851383A3A3A3A312FE5485088247
:10F69000850983E0FAE514687003E515696013EAEB
:10F6A0007006E849705C800A74FF68700374FF6933
:10F6B0007050851682851783E0FFEAF0E518F5148F
:10F6C0007814121228780C12121CE519F51478140B
:10F6D000121228742A121558120FFF7810121224D1
:10F6E000740A121558120FFFA91CAC08AD09AA1212
:10F6F000AB13123161740C121201EF85168285175B
:10F7000083F0851282851383E0540C640C7020EE24
:10F71000F912FCB3122735E9FE74FE6E6031123126
:10F720004F8A088B09EA4509600302F62F8020857D
:10F730001682851783E0F47016850A82850B83E0B4
:10F74000F50AA3E0F50BE50A450B600302F6157414
:10F75000021212017F18020F3074EC120C298A0871
:10F760008B098C0C8D0D8910EA240EF582E4350985
:10F77000F583E0F50EA3E0F50FEA2410F50AE43571
:10F7800009F50B850A82F583E02427FA7B00121B1A
:10F790009B8A128B13AE12AF13EE4F700302F94720
:10F7A0008E828F83741A12F95612F96312F94C1271
:10F7B000F963A3A312FC92741412155812FCBFEE45
:10F7C0002406FAE43FFB123131850882850983A3C0
:10F7D000A3A3E0C0E0EE240FF582E43FF583D0E080
:10F7E00012FC7EC0E0EE2414F582E43FF583D0E005
:10F7F000F0E508240CF582E43509F583E0C0E0EE7D
:10F800002415F582E43FF583D0E0F0741812155802
:10F8100012FDC6E0C0E0EE2416F582E43FF583D089
:10F82000E0F088828983A3E0C0E0EE2417F582E44B
:10F830003FF583D0E0F088828983A3A3E0C0E0EEA7
:10F840002418F582E43FF583D0E0F0741A121558BD
:10F85000E0C0E0EE2419F582E43FF583D0E0F074D7
:10F860001B12155812151DEE241AF582E43FF5837C
:10F87000121529EE241EF582E43FF583E510F0E52C
:10F88000082415F582E43509F58312F95E2424F580
:10F8900082E43FF58312F94CA3A3A3A3A3A3A3A3DC
:10F8A00012F95E241212FC8C741612155812F95EAD
:10F8B000241012FC8CEE241FF582E43FF583E4F063
:10F8C000EE2420F8E43FF9E8FCE9FD850A82850B87
:10F8D00083E08C828D83F0A3E4F0741F121558E04E
:10F8E000C0E0EE2426F582E43FF583D0E0F0EE247C
:10F8F00022F8E43FF98C828D8312FCB9EA4B602F29
:10F90000EE2427FAE43FFB88828983EAF0A3EBF038
:10F91000850E08850F09750A0078081212208C825E
:10F920008D8312FCBF121B7D7403121201800888A4
:10F93000828983E4F0A3F0EEFAEFFB850C82850D5B
:10F940008312F536121BA77F0C020F30E8F0A3E9F3
:10F9500012F956A3A322F08508828509832212FE9C
:10F960005CEE22A3A3A3A312FE5C8E828F83A3A3CB
:10F970002274F0120C2974DF1212B4EAFEEBFF8C31
:10F98000088D09890AEC4509700302FA3BEE240848
:10F99000F8E43FF9880C890D8882F583E0C0E074B3
:10F9A00002121558D0E0F0E50AA2E35033888289AC
:10F9B00083E06402600302FA3B122A538A0E8B0F23
:10F9C0008E828F8312FCB9E50E6A7003E50F6B60BF
:10F9D0000F7C037901122699E9600579CD02FC7646
:10F9E000850C82850D83E0F87402686005740F68E9
:10F9F000703C8E828F8312FCB9122AE9E9850C8251
:10FA0000850D836022740FF0E0C0E0740B1215586E
:10FA1000D0E012FC7E64037027EEFCEFFD7403124D
:10FA2000128C121D278028E0640F70DC800D740397
:10FA30006860D574016860D0E860CD790202FC7618
:10FA40008E828F8312FE58740312155812FC92E5B1
:10FA50000AA2E17412500912155874FFF0A3806CC9
:10FA6000121558E4F0A3F090035112FCA1604688EF
:10FA7000828983A3A312FCB9E5086A7003E5096BC8
:10FA80008882898370E412FE54E8FCE9FDEC4D6045
:10FA90002485088285098312FC98123199EA4B600B
:10FAA0002C8A828B8312FE58741212155812FC9203
:10FAB000121C37801885088285098312FCA7600D07
:10FAC00012FE577412121558E8F0A3E9F0741812D8
:10FAD0001558E4F0A3F0E50AA2E4501C740B1215CB
:10FAE00058E0F8740F686010740168600B741812A5
:10FAF00015587404F0A3E4F0E50AA2E7500974185D
:10FB0000121558E04410F0E50AA2E65012741812DB
:10FB10001558E04401F07401121558740180067400
:10FB200001121558E4F0E50AA2E250097418121502
:10FB300058E04440F0852182852283E4F0E50AA262
:10FB4000E55009741B1215587404800D90190AE0D1
:10FB5000C0E0741B121558D0E0F07437121558121B
:10FB6000FE58880C890D8882F583E0C0E0741A1273
:10FB70001558D0E012FC87C0E0740C121558D0E084
:10FB8000F08E828F83A3A3A3A3A3A3A3A3A3E0C008
:10FB9000E0740D121558D0E0F0743112155812FEB1
:10FBA00058741012155812FC927433121558E0FE56
:10FBB000A3E0FF7414121558EEF0A3EFF0743512A1
:10FBC000155812FE58741612155812FC92743912F8
:10FBD0001558E0C0E0741C121558D0E012FC87F9EB
:10FBE0001231558A828B83E58245836012A3A3A3D9
:10FBF000A3A312FCA76008740312128C123199AAF5
:10FC000021AB22123143E9C39EE49F50199016FFA5
:10FC100012FCA1600D740312128C12FCF4123199C3
:10FC2000800C7E02800A740312128C122771E9FE86
:10FC3000740B121558E06402702E122A538A0E8B30
:10FC40000FA80EA90F7403121558E0687003A3E003
:10FC5000697015EEFB850C82850D83E0FA850882BC
:10FC6000850983E0F9123173EE7009850C82850DE8
:10FC700083E004F0EEF9742112120102F51FF08501
:10FC80000C82850D83E02212F956E022F582E43FD2
:10FC9000F583E8F0A3E9F022E0FA79028C828D8303
:10FCA0002212FE5CE84922A3A3A3A312FDCAE582A7
:10FCB000458322851E82851F83E0FAA3E0FB22E0B4
:10FCC000FCA3E0FD22C082C08390035180048A829D
:10FCD0008B8312FCB9EA4B600B8A828B8312FCEF98
:10FCE000E06970EAD083D0820211CE8C828D83A32A
:10FCF000A3E0F8A3E0F58388822274F6120C29129F
:10FD000031558A828B83E58245836007A3A312FC69
:10FD1000B980047A007B0002FD9C74F4120C29EA7D
:10FD2000FEEBFF89081231558A0A8B0BAC0AAD0B2A
:10FD30007900EC4D60388C828D83A3A3A3A312FDC0
:10FD4000BCE58245836013AA08091231998E828F1F
:10FD500083EAF0A3EBF07901801C12FCEBA3A3A3D0
:10FD6000A312FCB98E828F83EAF0A3EB80078E8208
:10FD70008F83E4F0A3F002FE6274F7120C298A82EA
:10FD80008B83E0640170047E0880027E00A3AA8257
:10FD9000AB83122777E9C39EF902F46A7F02020F50
:10FDA00030C082C08390035112FDC67900800409DF
:10FDB00012FDBCE582458370F602FCE4E0FAA3E0A4
:10FDC000FB8A828B832212FDCA22E0F8A3E0F98825
:10FDD00082898322C082C083900351801A12FCEB77
:10FDE000E0F8E96003E8600BE88A828B83F0A3AA5D
:10FDF00082AB838C828D8312FCBFEC4D70DF02FCE2
:10FE0000E474F7120C29EAFEEBFFEC2408F8E43D59
:10FE1000F988828983E08E828F83A3A3A3A3A3A3FF
:10FE2000A3A3F088828983E064037005121D2780F4
:10FE30000E8C828D8312FE588E828F8312FC928EDE
:10FE4000828F83A3A3A3A3A3A3A3A3A3A3E4F0A349
:10FE5000F002F46AA3A3A3A312FE5C22E0F8A3E0DD
:10FE6000F9227F04020F30C082C0837A207B001207
:10FE700023AB122C15901A19E064017003122C396F
:10FE8000D083D0820211CE74F6120C29121B95EA8F
:10FE9000901732F09017437402F09017367414F0F4
:10FEA00090175A740FF0A3F0901A0FE0901739F0E2
:10FEB000901A0EE0901733F0901A0DE0901734F07E
:10FEC00090173AE4F0A3F090173D04F090179AF0E1
:10FED00090173E7405F0A37401F09015BCE09017E4
:10FEE00040F0901A07E0901741F0A3E4F0901A0B4D
:10FEF000E0901744F0901A0CE090174512FF92A37F
:10FF0000E412FF927C087D0079007A4B7B17121B6C
:10FF10008990175374FEF0A304F07CAA7D167A67CB
:10FF20007B17121D2790176FE4F0901794740FF051
:10FF3000A37403F09016B3E0901798F09016B2E017
:10FF4000901797F0901A11E0901799F0901796E497
:10FF5000F075089B75091778081212247508027548
:10FF6000090078081212247C007D007A897B001237
:10FF70001CBB7404121201E9600790179BE4F0A304
:10FF8000F07900122AA190179DE4F0A3F07F0202FD
:10FF90000F30F0A374FEF0A304F0220211CE74F629
:10FFA000120C29E9FEEAF8EBF9EE241F600424F0B4
:10FFB0007013EC5430600E121B95EA54077900243C
:10FFC00002F8500109E8FAE9FB80C2C082C08390C0
:10FFD000198A7401F0A3F0901998E4F0A3F0901935
:10FFE0009EF0A3F090199AF0A3F0A3F0A3F090155F
:0EFFF00083F0A3F0D083D0820211CE0211CE96
:020000040001F9
:10000000C082C083790012BBA63BF583C082C08347
:100010009016CF12BE5FD083D082C3E09CA3E09D38
:10002000500D12CD14FAA3E012811860027901027A
:100030009E5874F7120C29890812AEA312839CAC47
:10004000F075F00BE9A42CF99016D1E028FEA3E09E
:1000500039FF7401650860067402650870228A829F
:100060008B8312857D74026508701DEA2403FA50A3
:10007000010B1223BDE970108E828F83E4F080089B
:10008000EA1286593B1280928E828F8312810D0272
:10009000AB09FDEE2403FAE43FFB1223B72274F40C
:1000A000120C298A088B09EA1284578A828B83E012
:1000B000604D7E007F00804212811570381284EC02
:1000C000F50AA3E039F50B850882850983E0850AE6
:1000D00082850B83129C25128514F01286573509F0
:1000E0001281021223B712844E850A82850B831275
:1000F000810D1285090EEE70010F12844240B90283
:10010000B1ECFDE50A2403FAE4350BFB22E0D2E76B
:10011000F012201522EEFAEFFBEA75F00BA4FAA814
:10012000F075F00BEBA428FB9016D1E02AF8A3E0C1
:100130003B8882F583E0540F2274F5120C298A085B
:100140008B09750A01740B12155812850EEC4D605F
:1001500018EC12BBA73DF58312AACB1281CE790110
:10016000122399EE4F6064801FEE4F603A1285862D
:100170001281CEEE2403FAE43F1285757019AA08A5
:10018000AB0912239FE9F50A8E828F8312D6C979B3
:1001900002EEFAEFFB800B128569702F7903AA0833
:1001A000AB0912239980248A828B83A3E064FE70BA
:1001B00003A3E0F47006EA12856B700CAA08AB0981
:1001C00012239FE9F50A8003750A00028CD3EA1214
:1001D000BBAB3509129AEE2274F7120C299016CF98
:1001E00012A402EA4B602CEA75F00BA4FAA8F07591
:1001F000F00BEBA428FBEAFEEBFF121C319016D1AA
:1002000012A402F9EA496012EEFCEFFD7900121B1C
:100210008980079016D1E4F0A3F002AB09C082C038
:10022000839016D112ADDF60139016D112C2D39015
:1002300016CFE4F0A3F09016D1F0A3F0029E58C0C0
:1002400082C083EC4D6005121D2780097C087D006B
:100250007900121B89029E58C082C0837900EA4B44
:1002600060197800E8FCEA2CF582E412BF146004FF
:100270007901780808E8C3940840E9029E58C082D2
:10028000C0837901EC6A7002ED6B6011EA4B600B80
:10029000EC4D6007121D21E9F980027900029E5899
:1002A00074F7120C2974F31212B4ECFEEDFF8521E1
:1002B00082852283E4F00412155812A402AA21AB0D
:1002C000221223E17403121558AC82AD83EEFAEFCB
:1002D000FB1223B7EEFAEFFB1223BD02AB0474F757
:1002E000120C2974F31212B4ECFEEDFF8521828505
:1002F0002283E4F0EAFCEBFD7403121558128648E1
:10030000740112155812AACB8E828F8312AA8E7492
:10031000FE68700374FF696004790180027900024D
:10032000AB0474F7120C29EAFEEBFF12837D701107
:10033000128387F4FA88828983E05A4480F012207D
:1003400015029A5D74F7120C29EAFEEBFF7508009E
:100350008A82F583E0602312837D701E128387FA00
:1003600088828983E05A70128E828F83E04480FAFB
:1003700088828983E04AF0122015029A5D12239345
:10038000E9F5087401692212ABB8F812839C128453
:10039000FAF8A3E039F98E828F83E022A3E0F9E82E
:1003A00075F00BA4F82274F4120C298A088B097CCE
:1003B000007D00EA128437E508128457850882859B
:1003C0000983A3E064FE7003A3E0F460677E007F0E
:1003D00000805C1281156052EEFAEFFBEA75F00BBB
:1003E000A4FAA8F075F00BEBA428FB9016D1E02A34
:1003F000F50AA3E03BF50B85088285098312D12419
:10040000850A82850B83A3E06A7003A3E06B701AF0
:10041000E50A1284E5700DE50A128659350BFDE5F3
:100420000812843712844E1285090EEE70010F12E5
:100430008442409F02B1EC2403FAE43509FB122305
:10044000B7229016CF12B77AC3EE9AEF9B2212848E
:1004500063EEF0A3EFF02212846574FEF0A304F0C3
:10046000790022E50812BBAF3509F5832274F21238
:100470000C298A0A8B0B8A828B8312D6C9EA12B1A5
:100480008512D6CA750800EA1284E570537E007F93
:100490000080481284ECFAA3E0398A82F583E054A4
:1004A0000F60331284ECF50CA3E039F50DE50C1266
:1004B0008659350D128102121D21E96401701785DC
:1004C0000C82850D8312851412B182EEF0A3EFF039
:1004D00075080112850B0EEE70010F12875F40B395
:1004E000A908029E5012810512857622EEF8EFF9D6
:1004F0001284F422E875F00BA4F8AAF075F00BE969
:10050000A42AF99016D1E0282279019016CFE0FEB6
:10051000A3E0FF22A3128590850A82850B83A3E8BE
:10052000F0A3E92274F5120C29EAFEEBFF8A82F5AA
:100530008312D6C97C007D00EA128094EEFAEFFBAC
:10054000122393E9F50A740169701B1285861286DD
:10055000FA850882F58312857D12856970081286F6
:10056000573509128092028CD3E5082403FAE4354A
:100570000912857522FB1223BDE9640122A312BF73
:1005800005129AF022F0EE129AE912858E22F58376
:10059000E0F8A3E0F92274F2120C2974E61212B406
:1005A000EAFEEBFF12BBA63FF58312D6CA7508011F
:1005B000750A00750B00750C00750D00852182858C
:1005C0002283E4F0EA1286593FFD74031215581293
:1005D0008648E964017022740B12155812CA8212FF
:1005E0009AE0740112155812BEFF7003A3E069600F
:1005F00049A821A922880A890B740D121558128660
:100600005E12AACB740E12155812AA8E740D121215
:100610008C1223E1E964017009740D121284880CB4
:10062000890D780C121224AC0AAD0BEEFAEFFB1216
:1006300023A57402121201E9F508EEFAEFFB12236A
:10064000DBA908741A029E4DAA82AB831223B7AAB3
:1006500021AB221223E722E5082403FCE422E41262
:1006600086632212A3F8A322C082C0837800790097
:10067000800508E87001099016CF12D125C3E89AC9
:10068000E99B5029E8FAE9FBEA75F00BA4FAACF013
:1006900075F00BEBA42CFB9016D1E02AFCA3E03BF9
:1006A0008C82F583E0540F70C979008002790102D1
:1006B0009E5874F6120C297E007F008035EEF8EF0C
:1006C000F91286FA780812122475080B7509007859
:1006D00008121224EEFCEFFDEC75F00BA4FC75F093
:1006E0000BEDA42AFD7A231297CE1212010EEE70A2
:1006F000010F12875F40C6028BEA1284F4F508A34B
:10070000E039F5092274F6120C297E007F0080473B
:100710001284ECF8A3E0398882F583E0A2E7503236
:10072000C2E7F085820885830978081212247508CB
:100730000B7509007808121224EEFCEFFDEC75F041
:100740000BA4FC75F00BEDA42AFD7A231293C212C0
:1007500012010EEE70010F12875F40B4028BEA9017
:1007600016CF128590C3EE98EF992274F6120C29D9
:10077000E4F508F50978081212249016CF1293CAEE
:1007800075F00BA4FCA8F075F00BEDA428FD7A23FE
:10079000129130121201E9FE74096E7003122411D5
:1007A000EEF9028BEA74F6120C2974FF1212B47E71
:1007B000007F008038852182852283E412916712B0
:1007C00012247508017509007808121224EEFCEF56
:1007D000FDEC75F00BA4FCA8F075F00BEDA428FD62
:1007E0007A231293C21212010EEE70010F12875F6C
:1007F00040C37401028BE7C082C0839038EFE4935A
:1008000075F01CA4FCADF079FF7AF47B05121B890E
:10081000029E5874F7120C29E9FCEAFD7B007A006D
:100820008010EA128E239C4008E0F8EDC398400146
:100830000B0A12C1C040EBEBFA7B0002AB0974F06B
:10084000120C2974F21212B4E9852182852283F0F8
:100850008A088B098C0A8D0BEC4D6016AA0AAB0B2B
:100860001224478A0C8B0DAE0CAF0DEA4F600302C9
:10087000892B7A0080010A12C1C0500A128A2C709A
:10088000F512984880047E007F00EE4F70030289C5
:10089000E59038CE128A0E601F852182852283E082
:1008A00064036005E06404700F7A047903128A041B
:1008B0009038CE128A1850279038C6128A0E6026B9
:1008C000852182852283E064016005E06402701660
:1008D0007A027901128A049038C6128A1840077A7F
:1008E000007B000289F674011215587401F004129D
:1008F0001558E508F0A3E509F0AC0AAD0B74041235
:100900001558AA82AB831223B7740112128C1223DA
:10091000F3740C12155812A1398E828F83A3A3A3EE
:10092000A3A3A3E4F012CD03122BC7780085218284
:10093000852283E06007C39405500278048E828F7D
:1009400083E508F0A3E50912C6F812B2FCE88E822E
:100950008F83A3A3A3A3A312C1CA5001097A027B68
:10096000001209C71297FBA312BE3D1298518521B0
:1009700082852283E06067C394035062901A16E078
:10098000702190379778081214311297D61214C735
:100990009037977808121431EE24131297D9121455
:1009A000C78031F508750900740278081213D21255
:1009B0008FE512143190835078081214E5780C7981
:1009C00008120AC2128A00780C1214C712A11F78EA
:1009D0000C1214C71289F93FF58374018006128A3C
:1009E000001297E2F01297B14005901ACBE4F01292
:1009F0002A9BEEFAEFFB02B9CFEE241BF582E4222C
:100A00001298272212241D9038EFE493FC22E493DD
:100A1000F8740193F9E84922E493F8740193F9EC2E
:100A2000C398F8E499F9C3EA98EB9922EA128A325A
:100A3000F42275F01CA4F8A9F074F828F582740566
:100A400039F583E02274F0120C2974EF1212B412FB
:100A50008B75121558ECF0A3EDF07E0074021215A0
:100A60005812D125122447EA4B7003028B588A8210
:100A70008B8312A42DE0687003A3E0697003028BDE
:100A8000588A828B83A3A3A3A3E0C39405400302E7
:100A90008B58128B8312D2C1E060708A828B83A341
:100AA000A3A3A3E0C394035062901A16E0702290AF
:100AB00037977808121431128B6D78081214C7908A
:100AC00037977808121431128B5F78081214C78098
:100AD00030F5088E09740278081213D2128FE512CD
:100AE000143190835078081214E5780C7908120AB2
:100AF000C2128B6D780C1214C7128B5F780C121413
:100B0000C7EA1289FA3BF583E4800DEA2417128BB9
:100B100091F0EA2413128B91F0EA240CF582E43B65
:100B2000F583E4F0A3F0A3F0A3F0740412155812B7
:100B3000AAC2740512155812AA8E74021215581200
:100B4000BE5F7407121558AA82AB831223B77404D0
:100B500012128C1223F37E01EEF9741102B9D11234
:100B60008B663BF58322EA2413F582E422EA12B174
:100B70005D3BF58322852182852283EAF0A3EBF099
:100B80007402228521828522831285908A828B833A
:100B900022F582E43B1297EF2274F6120C29128B95
:100BA000DD60148A828B83A3A3A3A3E06009C394AE
:100BB000055004790180027900802F74F6120C2907
:100BC000128BDD60148A828B83A3A3A3A3E0600948
:100BD000C394035004790180027900800D122441EE
:100BE0008B09A909EA49221212017F02020F30740F
:100BF000F6120C291224418A828B83E58245836098
:100C00000BA3A3A3A3E0700479018002790080DA2A
:100C1000C082C083EAFCEBFD7A007B00029E55C0D7
:100C200082C0837C007D00029E5574F5120C2974ED
:100C3000F31212B48A088B09ECFEEDFFC3EC94F8B2
:100C4000ED94FF4004EA4B6066750A00801774FF5C
:100C50006E700374FF6F600B12D8836E7003A3E095
:100C60006F6039050A9038EFE493F8E50AC39850AD
:100C70003EE50A128A2D60EBE508450960D0128C2A
:100C8000BA121558128ED760DA7403121558AC8256
:100C9000AD83AA08AB09121D21E960C7E50A75F00A
:100CA0001CA4F8A9F074F428FA740539FB80047ABE
:100CB000007B00740D121201801B85218285228326
:100CC0007401F074F628F582740539F58312859065
:100CD000740B22A90A7F03020F3074F4120C2974DA
:100CE000F31212B47508001224478A0A8B0BAF0B5B
:100CF000EA4F6027852182852283740112A38B121B
:100D00008CCD12155812A5421223D57C1C7D00797A
:100D1000FFAA0AEFFB121B897508017A04790012F9
:100D2000241D8A0A9038EFE493FAC3E50A9AEB94FB
:100D3000005009901ACB7401F0122A9BA908740D77
:100D400002B1E974F4120C29EAFEEBFF7508007A8F
:100D5000007B007C00800EEC128DDB6007C39403E7
:100D6000500205080C128DD140EDE508605625E0D3
:100D7000FAE433FB121C31EA4B6049EAF8EBF97CE8
:100D8000009038EFE493FDECC39D503BEC75F01CF4
:100D9000A4F50AE5F0F50B74F8250AF5827405123E
:100DA000B18EE0601CC39403501774F4250AF582D9
:100DB0007405350B128DE68882898312C55950015E
:100DC000090C80BD7508008E828F83E508F002B1A2
:100DD000EC9038EFE493F8ECC3982275F01CA4F87B
:100DE000A9F0128A3922F583E0F50AA3E0F50B2277
:100DF000C082C0837C008009EA24FF1AEB34FFFB29
:100E00000C128DD15016EC128E23940550F2EA4B41
:100E100070E674F428FA740539FB80047A007B00CC
:100E2000029E58128A32C32274F7120C2974F312EC
:100E300012B47E00807FEF75F017A4F8A9F012D8E5
:100E40004E12AACBEE75F01CA4FAABF074F42AF59E
:100E500082740512BF14687003A3E0696037EF75F0
:100E6000F017A4F8AAF0EA128EE3121558E06870A1
:100E700003A3E069601FEF75F017A4F8EAF9744264
:100E800028FC740839FD7403121558AA82AB83122A
:100E90001D21E96013EF75F017A4F8A9F07440283C
:100EA000FA740839FB122BD30F9038DDE493F8EF76
:100EB000C39840820E12D405501A12D87BF47003E6
:100EC000A3E0F460EF128CBA121558128ED760E4CA
:100ED0007F0080D502AB04129AF0AA21AB22122324
:100EE000EDE922F912D8463912858E74012274F088
:100EF000120C2974F31212B47E00803890832C787F
:100F0000081214E5EE75F01CA4F8A9F0740728F592
:100F100082740639F583780812131F601690835483
:100F200078081214E5EE75F01CA4F8128FF078081A
:100F300012140B0E12D4054003028FE0EE128DDB6B
:100F400060F1C3940350EC128FF012151DE8494A6A
:100F50004B70A9901A15E0A2E050579017E112AD1E
:100F6000DF604F901A17E0700A903797780C1214D0
:100F7000318021F508750900740278081213D21225
:100F80008FE512143190835078081214E5780C79AB
:100F900008120AC2780C12121CEE75F01CA4F8A9F3
:100FA000F012D86639F5831290CA1231997404127E
:100FB0001201EE75F01CA4F8A9F0128CC31215589A
:100FC00012C6F4740112A5461223EDE97003028FD4
:100FD000337403121558AA82AB83122453028F3341
:100FE000740D02B9D112D35B7437128468780C2265
:100FF000740B28F582740639F5832274F6120C29D5
:101000001224418A088B09AC08AD09EA4D60318A87
:10101000828B83A3A3A3A3E06022C39403501D1279
:101020008B663DF58312151DEC12B1593DF5831207
:101030001529EC1289FA3DF5837401F079018002DB
:101040007900028BEA74F0120C29EAFEEBFF90178C
:10105000DB12ADDF606B9017E112ADDF60639017BC
:10106000E512ADDF605B12D13C123199E97052900C
:101070001A17E0700A903797780C1214318021F516
:1010800008750900740278081213D2128FE5121441
:101090003190835078081214E5780C7908120AC24E
:1010A000780C12121C1290C412319974041212019D
:1010B000E96401700C8E828F83A3A312D1291231AF
:1010C0009902B9D48E828F83A3A312B77A9017E1C5
:1010D00012D1332274F6120C29E4F508F5097808C8
:1010E0001212249038EFE493F50874037808121371
:1010F000D2E5082402FCE43509FD12912E121201FA
:10110000E9FE740A6E6021E4F508F5097808121208
:10111000249038EFE49375F005A4FCADF07A3F120B
:101120009130121201EE60031224830287A07A220A
:101130007B00121CA974022274F6120C2974FE1290
:1011400012B4852182852283E4F0A31291671212E2
:101150002475080275090078081212241293BC1233
:1011600012017402028BE7F0A821A92288088909DC
:1011700078082274F0120C2974DC1212B47406126E
:10118000155812A4028C0E8D0F7508007A22129544
:1011900029AE0AAF0B129527EE4F6015E50E6E7063
:1011A00003E50F6F600BEEFCEFFD7A227B00121C53
:1011B000C1743612155812850EE50A450B6015EEFE
:1011C000650A7003EF650B600BAC0AAD0B7A3F7BD1
:1011D00000121CC1E4F50AF50B780A121224AC0EB9
:1011E000AD0F12912E121201E9640A70030293B23C
:1011F000780A121224EEFCEFFD7A3F12913012129F
:1012000001E9640A70030293B27404121284880A1A
:10121000890B780A121224750A02750B00780A12DB
:1012200012247C007D007A017B031297D0121201F8
:10123000E960030293B2852182852283E4F0A3F062
:101240007E0002932F7408121284880A890B780A90
:10125000121224750A08750B00780A121224EEF592
:101260000A7403780A1213D212992F7A017B03129F
:1012700097D0121201E960030293B2740A12155852
:10128000E0F47003A3E0F4700302932E74081212CA
:1012900084880A890B780A121224750A08750B00D3
:1012A000780A1212247404121558128DE874037807
:1012B0000A1213D2129922121201E960030293B2A8
:1012C0007402121284880A890B780A121224750A91
:1012D00005750B00780A121224EE75F005A4FCAD1A
:1012E000F07A027B031297D0121201E9703D74026A
:1012F000121284880A890B780A121224750A05755D
:101300000B00780A12122474041215581293CA752D
:10131000F005A4FCA8F075F005EDA428FD7A3F12B5
:1013200093C2121201E960030293B21293CF0E85A9
:101330002182852283C082C0839038EFE493F8D065
:1013400083D082C3E098A3E0940050218521828558
:101350002283C082C083740412155812AACBD08392
:10136000D082C3E098A3E0995003029245A821A936
:1013700022880A890B780A121224750A02750B005A
:10138000780A1212241293BC121201E97024740616
:1013900012155812BE5F7A017B03121CC1E970124C
:1013A000743412155812BE5F7A027B03121CC1E915
:1013B0006003750801A908742402B9D17C007D007E
:1013C0007A227B00121CB574042212D5CFEC228540
:1013D0002182852283E02401F0A3E03400F022740E
:1013E000F1120C2974FA1212B4750E00740412155D
:1013F00058E4F0A3F09038EF93FAF50875090074FB
:101400000378081213D2E5082402FEE43509FFEA46
:1014100075F005A4FA7402121558EAF0A3E5F0F08D
:101420007A227B00121CAF8A088B0912952774045C
:10143000121284880C890D780C121224750C027516
:101440000D00780C1212241297C81212017A017B37
:1014500003121CAF85218285228312A4027A027BAB
:1014600003121CAF8A0C8B0DA80CA90D8521828557
:10147000228312AE55700AEE65087003EF6509709D
:101480002BE84970107402121558E0650A7004A325
:10149000E0650B7017EA4B7003029520E5084509DB
:1014A000604D740412155812AE5560437C017D03E3
:1014B0007A227B00122C5DE9F8F50E70637C027DC8
:1014C000037A3F7B00122C5DE9F8F50E7052AC08F0
:1014D000AD097A227B00121CC1E9700EAC0AAD0B7B
:1014E0007A3F7B00121CC1E96016750E01803185C0
:1014F000218285228312D4C1E8496004880A890BBD
:101500007402121558120FFF780A121224EEFCEF23
:10151000FDAA08AB091224897404121201E9F50E20
:10152000A90E740602B3057A3F7B00121CAF8A0A2B
:101530008B0B2274F0120C2974CD1212B4740112A8
:101540001558E4F0A3F012248FE960030297A57404
:101550000112128488088909780812122475080279
:1015600075090078081212241297C8121201E96056
:10157000030297A59038EFE493FA740112155812FC
:10158000AACBC3EA98E49950030297A574031215F5
:1015900058E4F0A312C6F8803912983C740612156C
:1015A0005878081214E51297D61214C7EE241312B5
:1015B00097D91214C71289F93FF583E4F01297B155
:1015C0004005901ACBE4F0122A9B85218285228364
:1015D000E004F09038EFE493F8852182852283E0DF
:1015E000C39840030297A57403121558C082C083A4
:1015F000740112155812AACBD083D082C3E098A3ED
:10160000E09940030297A57417121284880889098B
:101610007808121224750808750900780812122437
:101620007404121558E0F508740378081213D2E513
:10163000082402FCE43509FD1297CC121201E9706E
:10164000897419121558E0F47003A3E0F4700302D2
:1016500095CA74031215581293D5740A121558744A
:1016600001F0741912155812AACB741512155812DC
:10167000AA8E740A12128C1223EDE970030295CA25
:1016800012BE5C741712155812D125122BC7852172
:101690008285228312983C74171212848808890963
:1016A000750A0078081212207C087D00EEFAEFFB24
:1016B000121B7D740312120112C1CF5001097A026C
:1016C0007B001209C71297FB1298517405121284FD
:1016D00088088909780812122475080575090078A8
:1016E000081212247404121558E075F005A4FCAD1C
:1016F000F07A3F1297CE121201E960030295BD9075
:10170000835478081214E5740612155878081213D9
:101710001F8521828522836003029599129835AA3C
:10172000F0EAF9128DE26074C39403506F901A16B8
:10173000E0701B129848903797780812143112976E
:10174000D61214C790379778081214318035F508EF
:10175000750900740278081213D212D35B74371221
:10176000AFBF7808121431908350780C1214E578CA
:1017700008790C120AC212982FEAF91298207808F8
:101780001214C7EE24131297D91214C712982FA956
:10179000F0740F28F5827406390295B91298201258
:1017A00097E20295BC7401121558E0F9743302B93E
:1017B000D17A04790012241D8A089038EFE493FA54
:1017C000C3E5089AEB9400227C007D007A227B001E
:1017D000121CBB740422EE2417F582E43FF58378D3
:1017E00008221297F1F0EE128B673F1297EF22F565
:1017F0008374FEF0A304F0A3F0A322E88E828F830B
:10180000A3A3A3A3A3A3A3A312AAAC740112AAAC7B
:10181000A374AAF0EE2410F582E43FF583E4F022ED
:1018200012984812982722EE12B15D3FF583228567
:101830002182852283E075F01CA4F822E075F01C5B
:10184000A4F8A9F01298482274F428FE740539FF10
:1018500022A3F0129AE8F583E4F0EE240CF582E47A
:101860003FF583E4F0A3F0A3F0A3F02274F2120C8E
:101870002974FE1212B4852182852283E4F0A3F03C
:101880007508008072E50875F01CA4F8A9F074F4DE
:1018900028F50C740539F50DAE08780C1212247574
:1018A0000A08750B00780A1212248E0A7403780A4B
:1018B0001213D2129922121201E50C2412F50AE435
:1018C000350DF50B780A121224750A05750B007890
:1018D0000A121224EE75F005A4FCADF07A3F1293C3
:1018E000C2121201850C82850D83A3A3A3A3E0F489
:1018F00060031293CF05089038EF12BE124086A8FD
:1019000021A922880889097808121224750802750D
:10191000090078081212241293BC121201740202F8
:101920009E4D12992F7A227B00121CB5740422E579
:101930000A2402FCE4350BFD2274F2120C2974F324
:101940001212B4EAFEEBFF7A02790112241DEA8E2C
:10195000828F83F06062F5087509007403780812BD
:1019600013D2AA08AB0912ACFB6053AE08AF0975DD
:101970000A009038EFE493F8E50AC3985040E50A6E
:1019800075F01CA4F8A9F012D8756005E064027027
:1019900023128CBA121558128ED7601874031215C0
:1019A00058AC82AD83EEFAEFFB121D278A0C8B0D2B
:1019B000AE0CAF0D050A80BA750800750900AA08BB
:1019C000AB09740D029E4DC082C0839016DF743146
:1019D000F0A37425F01299DB029E589016DB744B2D
:1019E000F0A37429F09016DD7445F0A37429F02259
:1019F00074F7120C29EAFEEBFF901755E0640860BB
:101A00001DE0640460188A828B83E05403640170D3
:101A100042EA12ABB4F812B756E0640670358A8217
:101A20008B83A3A3E064FE7003A3E0F460258A82A5
:101A30008B83A3A312C5707003A3E0697008EA2426
:101A40001512BE316005122A178003122A1DE9F50E
:101A50000880037508C2EEFAEFFB121C37A90802D2
:101A6000AB0974F4120C298A088B0912CA7EFAE8B1
:101A70002AFAE43400FB121C318A0A8B0BAE0AAF3F
:101A80000BEA4F6054850882850983E0FC7D00796C
:101A900000121B898E828F83A312D6C9122A538EFD
:101AA000828F8312A3FE850882850983E0F8EE28E1
:101AB000F8E43F129AE0850882850983A3E0C0E03C
:101AC00012C1B6D0E0F0122A6512C1ACE912CB8483
:101AD000E0C0E012A115D0E0F0EEFAEFFB02B1ECAD
:101AE000F9129AE8129AEE22EE12BBAF3F22F5836A
:101AF000E8F0A3E9F02274F4120C2974E81212B48D
:101B00008A088B098C0A8D0BE9FE901755E0640456
:101B10006005E06408700479C28036A37808121466
:101B2000C7E990175C129C3785218285228378084B
:101B30001214C77405121558EEF074041215587477
:101B400001F07407121558E4F09017557402129CB6
:101B50002E02B1E774F4120C2974E81212B4EAFEF2
:101B6000EBFF9016D412ADDF6003029C207A077B56
:101B700000121C319016D412A402F9EA4970030233
:101B80009C1C8E828F8312151D9016D412D2FA12CD
:101B90001529EE2404F50AE43FF50B850A82F58346
:101BA000E0C0E09016D412AC48A3A3A3A3D0E0F009
:101BB000EE2405F508E43FF509850882F583E0C0C9
:101BC000E09016D412B764D0E012AA92C0E090164A
:101BD000D412CA82C82406F582E438F583D0E01214
:101BE0009C378E828F8312151D8521828522831258
:101BF0001529850A82850B83E0C0E074051215580B
:101C0000D0E0129C25E0C0E07404121558D0E0F03A
:101C10007407121558129C2DE9F98006791080027C
:101C2000790102B1E7F085088285098322E4F0AAF0
:101C300021AB221222FD22F07C187D007900AA211E
:101C4000AB22121B8922C082C0839016D412ADDF52
:101C5000600D9016D412C2D39016D4E4F0A3F01203
:101C6000297B122B79029E5874F0120C2974E81209
:101C700012B48A0A8B0B8C088D09890C7E007F00B8
:101C8000742F121558E06026743012155812AACB22
:101C9000800B121B958A0E8B0FA80EA90FC3E89418
:101CA000F8E994FF50ECE84960E8E8FEE9FF742C9D
:101CB000121558E0FC742D121558E0FD740F6C706D
:101CC00005740F6D6012901A10E064026005ECC399
:101CD0009D500579C1029DBF742812155812151D1B
:101CE000901756121529E50C90175CF0EC90175AD6
:101CF000F0EDA3F0742E121558E090175DF074FF0C
:101D0000650A700474FF650B7024901A2AE0F47061
:101D100003A3E0F4700C121B95901753EAF0A3EBA9
:101D20008015901A2A12CFA1E8F0A3E98009901734
:101D300053E50AF0A3E50BF0E50845096017AA088A
:101D4000AB09122C2DE96401700BAC08AD097A6760
:101D50007B17121D277A677B17122C2DE970097AE1
:101D6000677B1779E21222E5901746EEF0A3EFF0B9
:101D7000901749E4F0A3F0901766F0901A10E06411
:101D800002700890175A740FF0A3F090175574055D
:101D9000129C377404121558E4F090175612151D52
:101DA00085218285228312152990175CE0C0E0749A
:101DB00005121558D0E0F07407121558129C2D74B6
:101DC0001802B9D174F7120C29E99016DAF07A806A
:101DD0007B00129F531224DD790002AB09C082C040
:101DE000839016DAE070031220ED1224DD029E5873
:101DF00074F0120C299016DAE09016D37008E4F013
:101E0000F9121FDF803B7401F09016DAE0F9121F1F
:101E1000DF9016DAE0F46029E0F50CE4F50DF50E3C
:101E2000F50FF090840078081214E5780C79081208
:101E30000AC2780C12121C7A807B00129F60121268
:101E4000017AD37B1679411222EB02B9D412120126
:101E50007F06020F3012244DD083D0820211CE743F
:101E6000F0120C2974E31212B4740112155812A462
:101E700002A3ECF0A3EDF0E9FF7E00750C018E0DDE
:101E80008E0E8E0F9017557401F07C187D0079002E
:101E9000740512128C121B89740112155812151D2B
:101EA0007405121558121529740A121558EFF0749A
:101EB000091215587403F0740C121558E4F07401EB
:101EC000121558850C08850D09850E0A850F0B78AB
:101ED000081213F8E5084509450A450B60010E7420
:101EE00001780C12118A12CF7370D3AA21AB227918
:101EF0005A1222E5852182852283E0F508E4F5095E
:101F0000F50AF50B8E0CF50DF50EF50F7808790C2A
:101F1000120AC29083C8780C1214E57808790C1262
:101F20000AC2908400780C1214E57808790C120B20
:101F3000BA12A140129F4F780812121C129F5C1215
:101F40001201740512128C1222FD741D02B9D17A8D
:101F5000007B049017A0E0F9121CFD227A007B049C
:101F60009017A0E0F9121CF174042274F7120C29E6
:101F70007C011224F502AB0974F7120C297C008055
:101F8000F174F2120C2974FD1212B4EAFEEBFF890F
:101F90000C8C0D12BE5C1229698A088B09EA4B7001
:101FA0000579CA02A1108A828B83A3A3A3A3A3A34A
:101FB000A3E064FE7003A3E0F4700579C302A110EE
:101FC000122A538A0A8B0BA80AA90B850882850955
:101FD00083A3A3A3A3A3A3A3E0687003A3E06970F2
:101FE0000579C202A11090175312AACB85088285E9
:101FF0000983E0687003A3E06960098508828509A8
:102000008312A27890175312D125122BD9850882FA
:10201000850983A3A3A3A3A3A3A3A3A3A3E00490DD
:10202000176612A2617401121558740212B163AEE0
:102030000AAF0BEA4F700302A107EA128587888274
:10204000F5837406F0901740E088828983A3F0122C
:10205000B1583F12A127EE241AF582E43FF583120E
:10206000A40212A11F740112AAB77440F0A3E412D3
:10207000A13012A13912A115E50DF0EEFAEFFB1215
:1020800024ADE9FE600302A109901755740912A15D
:102090003012A26E901748E0650C6003E50CF07AF0
:1020A000497B17794B1222EB7A537B177950122216
:1020B000EB7A487B1779E11222EB7A467B1779534A
:1020C0001222EB12A1409019FA12D125122A7D900A
:1020D00019F612D125122A7712D4BEE4F50AF50BAF
:1020E000780812121C7A0112CFBF121201129F4FF0
:1020F00012D4BE7402780812118A780812121C12C7
:102100009F5C12120180027E10901591E4F0EEF9AE
:102110007403029E4DEE2411F582E43FF58322EE16
:10212000128B673FF58322F5837401F0122A4D224A
:1021300012CB88A3A3A3A3A32212C1E0129AF02278
:102140009019F81285909016D6129AF09019F612FE
:1021500085909016D8129AF02274F6120C2974E524
:102160001212B412A2518908901755E06404600558
:10217000E06408700579C202A24C7426121558E07A
:1021800064FE7003A3E0F4700579C302A24C7C19CD
:102190007D007900740212128C121B8990175574FD
:1021A0000312A54679501222EB742612128C794B39
:1021B0001222EB85218285228312A278E5089017EE
:1021C00048F0742612155812A26E7425121558E0A4
:1021D000F50990174012A26174CE55094480C0E001
:1021E000741A121558D0E0F07428121558E00490B3
:1021F0001766F074171215587402F07426121558E9
:1022000012AACB740F121558E8F0A3E912AAC474ED
:102210001812155812AA8E740D121558E508F0748C
:102220000A121558E4F090175B740FF07A5B7B1775
:1022300079541222EB90175A740FF07A5A7B17795F
:10224000471222EB740212128C1222F1741B028BC1
:10225000E7852182852283ECF0A3EDF0EAFEEBFF17
:1022600022F0EEFCEFFD7A677B17121D2722128504
:1022700090901749129AF02212CFA5129AF0227468
:10228000F7120C29EB90175DF012295702AB097475
:10229000F7120C2974E91212B4EAFEEBFF7508007C
:1022A0008A82F583A3A3A3E0C0E07406121558D078
:1022B000E012A38BE0C0E07408121558D0E0F09053
:1022C0001A14E0C0E07409121558D0E012C2BC1212
:1022D000ADDF600D8A828B8312D1251223BDE97098
:1022E0001C7407121558E412A12B7404121558120D
:1022F0008B7B12155874FDF0A374FF8039AC21ADAF
:10230000228E828F8312D1251223CF8E828F83A3B8
:10231000A3A3A3E0702E740712155812AAC2740268
:1023200012155812AA8E8E828F8312AACB740412B1
:102330001558E8F0A3E9F0740212128C122AB9E9D8
:10234000F508804012AAC5740A12155812AA8E7494
:1023500014121558740112AA86E0C0E07415121503
:1023600058D0E0F07416121558E412A3F812BE5FAC
:10237000740C121558AA82AB83121D27740A12120C
:102380008C121FF7A908741702AB0612C2BCA3A3D4
:102390002274F7120C2974F81212B4EAFEEBFF79DA
:1023A00000901755E064086005E0640470458521DD
:1023B0008285228374FDF0A374FF12A12B74021294
:1023C000155812A402740512155812865EE0C0E07A
:1023D0007404121558D0E012A3F8E0C0E07406129D
:1023E0001558D0E0F07407121558E412A546122AC9
:1023F000B9E9F9740802AB06F08E828F8322A3A399
:10240000A3A3EAF0A3EBF02274F7120C29790112CE
:1024100022DFE9FE1224171223B11229FF12297BB1
:102420009017A0E0F91228F7EEF902AB0912859097
:102430008521828522832274F2120C29ECFEEDFFA5
:102440007C00750800E92479602C24FC607624F374
:10245000601324FC601514603E14600302A51D90F7
:10246000175502A53490174302A534122BC1EA8EEA
:10247000828F8302A5397508C1122BCD8B0DA90D52
:10248000EA49700302A53A8A088B09750A007808A0
:102490001212207C17807378B079097A008017882F
:1024A000828983E064FE7003A3E0F460010CE824F9
:1024B00007F85001090A9038E4E493FBEAC39B4013
:1024C000DEEC80717508C178B079097D0080090C57
:1024D000E82407F85001090D9038E4E493F509ED7C
:1024E000C39509505588828983E064FE7003A3E098
:1024F000F460DDECF50CEA650C4B70D388088909B3
:10250000750A0078081212207C077D00EEFAEFFBB6
:10251000121B7D7403121201750800801D747F293F
:10252000C3945840057508C9801074B129F582E438
:102530003416F583E08E828D83F00284E074070206
:10254000B1E9E8F0A3E9F0AA21AB222274F5120C5C
:10255000298A088B098A828B8312850EEE4F7003BD
:1025600002A6F29016F912ADDF60158A828B83A362
:10257000A3E0F9EEFAEFFB9016FA12B75712319971
:102580008E828F83A3A3A3A3A3A3A3A3A3E0640228
:10259000600302A6608E828F83A3A3A3A3A3A3E0FC
:1025A0005402700302A684850882850983A3A3E0F0
:1025B00064E9700302A684850882850983A3A3E0E9
:1025C00064CD700302A684850882850983A3A3E0F5
:1025D00064F0700302A684EE240D12AA806024EE3B
:1025E000241312BE31601C8E828F83A3A3A3A3A3E6
:1025F000A3A3A3A3A312A706701D7A307B01122008
:10260000758014901A1AE0048E828F83A3A3A3A36B
:10261000A3A3A3A3A3A3F0850882850983A3A3E0B2
:10262000701F750A0080097A367B01122075050A31
:10263000850882850983A3A3A3E0F8E50AC398402F
:10264000E6EE240A12BE3114F0C0E012A11FD0E061
:1026500012AAA87404F0901A1B12C1DAE812A6F5A7
:102660008E828F83A3A3A3A3A3A3A3A3A3E0640247
:1026700060128E828F83A3A3A3A3A3A3A3A3A3E02B
:102680006406706E8E828F83A3A3A3A3A3A3E0A28C
:10269000E0505F850882850983A3A3E0F9EEFAEF95
:1026A000FB1228618E828F83A3A3A3A3A3A3E0546C
:1026B000FE12A706850882850983A3A3702AE0700D
:1026C000237A2F7B011220757E008508828509837D
:1026D000A3A3A3E0F8EEC39850187A367B0112202A
:1026E000750E80E67A318005E070077A2D7B011245
:1026F0002075028CD5F0A3E9F07A207B009017A01A
:10270000E0F9121BDD2212A3F812D13312B77A12AC
:10271000A71322122AE9E92274F0120C2974BB12C1
:1027200012B412A251750E00750F007402121294A9
:10273000122759740F121558E070087412121558A8
:10274000E060167402121558E0A2E650118E828FD6
:102750008312D11C12A71360057A3502A871740286
:10276000121558E0540C64047004D2008002C200B8
:10277000E0A2E55036750F01A200402F12AACF70DB
:1027800003A3E069700512AA7D706B12AACF7003D3
:10279000A3E069601612AA7D701112AADF740212FA
:1027A0001294122825E9600302A86F12AA7D702AEC
:1027B0007402121558E0A2E650207403121558E076
:1027C000540370167402121558E0540C640C600A1D
:1027D000E0540C64086003750E017402121558E091
:1027E0005403F87402687022740212129412AADF61
:1027F00012276B02AA708E828F8312D11C128586DB
:10280000741712155812AA8E80937401687045E5EA
:102810000EA2E0500D12AA7D7008740212129412DA
:10282000AAE67402121284741C121558E8F0A3E987
:102830001285857419121558E8F0A3E912AA92C0FE
:10284000E0741B121558D0E0F0741912128C122685
:10285000E102AA70E8600302AA7090173DE06401EB
:1028600070178E828F83A3A3A3A3A3A3E0700A7A19
:10287000347B0112207502AA707444121558740238
:10288000128585743C12155812AA97E05480700383
:1028900002A9937426121558740212AAA812AACB80
:1028A000741E12155812AA8E7405121558E0C0E055
:1028B0007427121558D0E0F07404121558E0C0E0E7
:1028C0007428121558D0E0F090175312AACB74292F
:1028D00012155812AA8E740812155812AACB742B0E
:1028E00012155812AA8E740A12155812AACB742DFA
:1028F00012155812AA8E7412121558E0F8742F127D
:102900001558E8F0A3E4F0741012155812AACB740D
:102910003112155812AA9712AACB743312155812F5
:10292000AAB3E0C0E07435121558D0E012AA86A30D
:10293000E0C0E07436121558D0E0F012BE2EC0E0B0
:102940007437121558D0E0F07413121558E0C0E037
:102950007438121558D0E0F07415121558E0C0E024
:102960007439121558D0E0F0EE242312BE31C0E0C5
:10297000743A121558D0E0F0EE242512BE31C0E0B2
:10298000743B121558D0E0F0741E12128C1227718D
:1029900002AA70745512155878081214E5A2004066
:1029A0000302AA24EE240F12BE31C0E074141215E3
:1029B00058D0E0F09016FB12ADDF700302AA70123F
:1029C000C6DC743C121558E0687003A3E06960032C
:1029D00002AA70EE242312AA7512122812AA9E12BD
:1029E0000FFF780812121CE50FF50878081212285C
:1029F0008E828F83A3A3A3A3E0F508780812122880
:102A00007409121558120FFFA90E740D1212947446
:102A10004712128C9016FB12AC48123199740B12AB
:102A20001201804CE50EA2E05008740212129412BA
:102A3000AAE6EE241112AA75121228780812121CA6
:102A4000E50FF50878081212287406121558120FAF
:102A5000FF901753120FFFEE241212BE31F9744685
:102A6000121294740C12128C12286D740A12120134
:102A7000744502B9D112ABBBF50C780C22EE2421BF
:102A800012ABBB548022128663A3A322A3A3129A83
:102A9000F02212BE41E022129AF012AA9E22EE24E7
:102AA00021F582E43FF5832212AAAC2212BE45A38F
:102AB000A3A322E8F0A3E9F0EE240FF582E43FF5AA
:102AC00083227401F085218285228312859022124F
:102AD0002A538A088B09A808A90912ABB8682212E0
:102AE0009AE812B77822129AE812B77812275F2272
:102AF00074F7120C29121FC1800F74F7120C2912DF
:102B00001FC78005740D1212017F01020F3074F788
:102B1000120C29121FD380F1C082C083121FCD0274
:102B20009E5874F7120C29121FD980DD74F7120C0D
:102B3000297409121558E0F5087808121228121F96
:102B4000EB740180C1C082C083121FF7029E5874CB
:102B5000F6120C29EAFEEBFF901740E0A2E1504A82
:102B60008A828B83A3A3A3A3A3A3A3A3A3A3E064A9
:102B7000016037122A598A088B09A808A9098E8290
:102B80008F83E0687003A3E069601FEE12ABB4644A
:102B90000160178E828F8312D125122435E9600AD5
:102BA0008E828F8312D125122A11EEFAEFFB121FAB
:102BB000FD028BEA12ABB922EE240BF582E43FF55D
:102BC00083E02274F7120C2912200302AB0974F778
:102BD000120C29EAFEEBFF740169701479001226C9
:102BE0004B9038E2E493FC7900EEFAEFFB1225C13A
:102BF00002AB0974F7120C29121FF102AB0974F42D
:102C0000120C2974F91212B4E9FE8A088B098C0A95
:102C10008D0B9015CD12ADDF602BEE8521828522C4
:102C200083F0740112155878081214C77413121522
:102C30005812AACB740512155812A5429015CD1240
:102C4000AC4812319902A53D12D13322C082C08313
:102C500012204B029E5874F7120C2912200F02AB5F
:102C60000974F7120C29901ACDE0F97800800B1244
:102C7000AEEE540D64017001190812AF075003E95C
:102C800070ED02AB0974F7120C29901ACEE0F978B6
:102C900000800B12AEEE548D64817001190812AFE2
:102CA000075003E970ED02AB0974F2120C29890A8E
:102CB000E975F007A4A9F0240FFEE439FFEE2AFA23
:102CC000E43FFB12ACFB602CEEFCEFFD7900121B25
:102CD00089E50812BBA712AFBFE50AF0E5082EF898
:102CE000E5093FF9850882850983A3A3A3A3A3A3CC
:102CF000A312AA8CAA08AB09029E50121C318A08A2
:102D00008B09EA4B2274F6120C298A088B091225CA
:102D100097E9F8901ACCE0F9E8C39940099016E1D8
:102D200012D12512259DE5082402FEE43509FF9005
:102D300016E312C6D6F09016E3E004F0AA08AB0939
:102D40001225A38E828F83E00287A1C082C083797F
:102D5000009016E1800109E0FAA3E08A82F583E59C
:102D600082458370F1029E5874F7120C29EAFEEB3B
:102D7000FFEA4F605A9016E112ADDF6052888289F7
:102D8000837A007B00EE65827003EF65836013AA8F
:102D900082AB8312CA828882F583E5824583602FE5
:102DA00080E39016E1E0F8EE687002EF698E828FA2
:102DB00083700812AACB9016E18003128B8912AAA5
:102DC0008EEEFAEFFB122711EEFAEFFB121C370220
:102DD000AB09EE75F006A4F8AAF012C308F5831249
:102DE0008590E84922C082C0839016E180048882E1
:102DF000898312ADDF600A888289831293CA4D707D
:102E0000ED8A828B83E4F0A3F0E84960068882892A
:102E10008380039016E112A402029E5874F7120CEC
:102E200029E9FD9016E180048A828B8312AE5560F9
:102E30001D7C0080010C12AEA3ECC39850EAEC7527
:102E4000F007A4F8A9F012AE9A6D70E980047A0038
:102E50007B0002AB0912B77AEA4B2274F7120C29F5
:102E6000E9FE7D0080010D12AEA3EDC3985024ED64
:102E700075F007A4F8AFF0EFF912AE9A6E70E7EDB7
:102E800075F007A4F812AF194CF0E8240FFAE439F2
:102E9000FB80047A007B0002AB0912AF11241312ED
:102EA000AF222212CD18F82274F6120C29E9FEEA9C
:102EB000FF1225A98A088B09A808A909EA49602BED
:102EC0007C00801AEC75F007A4FAABF0E82AFAE966
:102ED0003BFB128B6612BF146E7002EFF00CE8120F
:102EE000BBA712CF8BFAECC39A40D9028BEAE875E4
:102EF000F007A4FCADF0EA2CFCEB3DFDEC2414F54E
:102F000082E43DF583E02212CD18FCE8C39C22EF59
:102F1000F9EA28F8EB39F9E82212AF0F241412AFBE
:102F20002222F582E439F583E02274F6120C29128C
:102F300026B77A00801AEA75F006A4F8A9F012C242
:102F4000C212BE51A3E412C3E0F0A312BE56F00AAF
:102F50009038E312C1C340DE7A00801CEAF50875A0
:102F60000900740378081213D212BE1A74FEF0A37B
:102F70000412CA0DA3E4F00A9038E012C1C340DC89
:102F80007900801BE9F508750900740378081213AD
:102F9000D2746812D35D740B12AFBF12D6CA0990F7
:102FA00038D612C78540DD9038EBE4939016E5F0F3
:102FB000908400120FFB12CFBD028BE7F582E41262
:102FC00084682274F1120C2974F51212B4EAFEEB33
:102FD000FF89088C09E9A2E050117EFC7FFFA2E185
:102FE0005005D2E402B067D2E3807C12B45470037F
:102FF000A3E069600EAC087902EEFAEFFB122699A5
:10300000E97005790002B145E508F50A780A12125F
:1030100028790212B14A121201E9600302B143E5B4
:1030200008C2E5F508A2E640407403121294EEFAD5
:10303000EFFB1223C9E9702B12BE5CEEFAEFFB1214
:103040002BB58A0A8B0BEA4B601FEA2402FAE4359F
:103050000BFB1223BDE9601112992F740312128C1D
:10306000121D27E508D2E5F5089016E4E0F50E906C
:103070001746128DE8780A1212247D017C00901602
:10308000E4E0F9AA0AAB0B1226577402121201E906
:10309000F89016E4E004F0E9600302B143E508A209
:1030A000E55004740E80027406C0E07401121558D5
:1030B000D0E012B163EA4B700302B13F12B1583550
:1030C0000B12A127E50A241A12B18BEAF0A3EB1226
:1030D000B18212AACB8882F5837401F07478550806
:1030E000A312D6D1E50EF0EE88828983A3A3A3F0C4
:1030F000EF12B170E4F0E508A2E5500F740312126C
:1031000094E82406FAE439FB121D27850A82850B10
:1031100083A3A374FDF0A374FFF0E5096016903853
:10312000E1E493F8E509C398500AE50A241312B1C3
:103130008BE509F0AA0AAB0B1224ADE9F9800679F8
:1031400010800279C7740B02B3057CFE7DFFEEFA96
:10315000EFFB122615740122EA12B15D222417F545
:1031600082E422F0AA21AB22122AD18A0A8B0B22F6
:1031700088828983A3A3A3A312B17C2212CA07A3C6
:10318000A322F0E50A240B12B18B22F582E4350B61
:10319000F5832274F4120C297A007B1012BE65604C
:1031A000089017B27401F0803C9016B4E06401906E
:1031B0001A117006E0FC79018004E0FC79037A00C2
:1031C0007B001225C19038D2E493F508740193F581
:1031D00009E4F50AF50B780812121C7A007B10122C
:1031E0009F60121201800574181212017F04020FF1
:1031F0003074F1120C298A088B098C0A8D0B890E08
:1032000012A71360057AFF02B2CF901A10E0640291
:10321000600302B2F312D4AF600302B2ED7900AAE8
:1032200008AB0912269FA90E12C1A4AE0CAF0DEA7D
:103230004F700302B2F38A828B83A3A3A3A3A312CA
:10324000C91E707312D1258E828F83A3A3A3A3A35B
:10325000A3E05418604F9038E6E4938E828F83A3E6
:10326000A3A3A3F0740F12155812BE5F74111215A8
:103270005812AACBEA650A7003EB650B6010EA6C82
:103280007002EB6D6008EA687002EB69701D880CD3
:10329000890D780C121224AA0AAB0B122BF17402BE
:1032A000121201800690174512B2FC74FE6A700378
:1032B00074FF6B601E8043A3A3A3E0640360228AB3
:1032C000828B83A3A3A3A3A3E0640470067AFE7B8E
:1032D000FF80278E828F83A3A3A3A3A3E064026051
:1032E000127907AA08AB091226C9E96006AA08AB39
:1032F000098007AA08AB091225D3800C12C6D6A3F1
:10330000A3A3A3F0221212017F07020F3074F71259
:103310000C29EAFEEBFF12242FE9700AEEFAEFFB0C
:1033200012243BE96006EEFAEFFB80047AFE7BFF95
:1033300002AB0974F0120C2974FF1212B4E9852152
:1033400082852283F08A088B098C0E8D0F7E0012F5
:10335000A7137900600302B44F12C87B8A0A8B0B53
:10336000EA4B60658A828B83A3A3A3A3A3E06403D3
:1033700060238A828B83A3A3A3A3A3E064016003D9
:1033800002B44D79078A828B8312D1231226C9E9B0
:10339000600302B44D7F02850A82850B83A3A3A339
:1033A000A3A3A3E0541870617900AA0EAB0F12B466
:1033B000547003A3E069707D9038E2E493FC12B48A
:1033C000651225C17E0102B44DAA08AB091225D3AE
:1033D00012D51560788A828B83A3A3A3A3A3E0A24E
:1033E000E0506A7F01A2E150127901AC08AD09AA50
:1033F0000EAB0F1225F1E970AF80528A828B83A346
:10340000A3A3A3A3D2E1F0809F7E01850A82850B4E
:1034100083A3A3120FFF750AFE750BFF780A121221
:10342000247900AC08AD09AA0EAB0F1226AB7404C8
:103430001212018018EFF9AC08AD09AA0EAB0F12F9
:1034400025F1E970087E0112B46512264BEEF9747D
:103450000102B9D112269F8A0A8B0BA80AA90B90E8
:103460001746E06822852182852283E0F9AA08AB0D
:10347000092274F0120C2974EC1212B48A0E8B0F0C
:103480008C088D097402121558E4F0A3F0750B0630
:1034900012C1E57402121558128B7B12155812AD29
:1034A000DF600F740212155812B756A3E0700302C2
:1034B000B61BE50E241DF50CE4350FF50D850C82C9
:1034C00012B9ACC0E07401121558D0E012D6D1A3E5
:1034D000E0FA88828983A3A3A3A3E0F8E4C8F9EA09
:1034E00028FEE439FFAA08AB09122651E9F9850C38
:1034F00082850D8312B764E029852182852283F0BD
:10350000E50AA2E55003750B0E7487550A700D7419
:1035100018550A6418600512B991600A7AD37B00C5
:1035200012207502B61B530A7878081212247D0007
:103530007402121558E0FC740312155812B78D125C
:103540001201E9F8740368700302B61BE960030214
:10355000B60B7418550A700302B620E50AD2E0F5DE
:103560000AA2E45004D2E1F50AA90A12B76D1226A4
:1035700093EA4B60538A828B83A3A3A3A3A3A3E004
:10358000541860448A828B83A3A3A3A3A3E064019D
:103590007036740212155812ADDF602C12BE5C8AB0
:1035A000828B8312D123122BDFEA4B601B8A828B22
:1035B00083A3E06013740212155812C567F88A825B
:1035C0008B83A3E0C3984053E50AF50B780B1212E6
:1035D0002812B780121201E970317C007D0074243A
:1035E00012155812B75B850E82850F83A3A3A3A380
:1035F000A3A3A3A3E0600612B74A12BE5F8521828F
:10360000852283E0F912B76D1225677424121558CC
:1036100012BEFAF47003A3E0F46036790002B745F5
:1036200090173FE0600FE50AF50B780B1212281295
:10363000B780121201E50AF50B780B1212287900F7
:1036400012B14A121201E970C2742412155812B74D
:103650005B78081212247D017402121558E0FC7484
:103660000312155812B78D121201A90AEEFAEFFBD8
:1036700012BC3A7003A3E069600302B72EEEFAEFC2
:10368000FB128BDD60288A828B83A3A3A3A3E06453
:1036900001600D8A828B83A3A3A3A3E06402700E52
:1036A0007404121294EEFAEFFB1223C98013122A4B
:1036B0004D8A088B09AC08AD09740412128C121DD6
:1036C00027850E82850F83A3A3A3A3A3A3A3A3E0AF
:1036D0006401700E12B74A12BE5F740C12128C1283
:1036E0001D2712B97A12C5654430F5087808121200
:1036F0002874051212848808890978081212247423
:103700000F1212848808890978081212247406128C
:103710001558E0F50878081212287900EEFCEFFD44
:1037200012B76D1225EB740612120102B61B852129
:1037300082852283E0C0E012B97AF58312B764D0A3
:10374000E0F0122A65741402B9D1E50E2415F58251
:10375000E4350FF58322A312D1362212D13374FF40
:10376000F0A3F02212D133A3A3A3A3A32212B77113
:1037700022E50E12BBAF350FF583E0FAA3E0FB2282
:103780007901AC08AD0912B77112B15222E0F912F9
:10379000B77112265774022274F0120C2974EE12BB
:1037A00012B48A0E8B0FECFAEDFB750B0812BE5C9F
:1037B000122BDF8A088B09AC08AD09EA4D601F8A1D
:1037C000828B83A3E0701712C1CF5001097A027B6C
:1037D000001209C7E88C828D83F0A37407F012B938
:1037E0007A12B9ACC0E07401121558D0E012BE567E
:1037F00012B99EE0FAE4CAFBEC2AF508E43BF509AD
:1038000088828983A3A312B99EA3A3E0FBECFEE404
:103810003BFF88828983A3A3A3A3A3A3A3E085215D
:1038200082852283F0E50AA2E45003750B10A2E51D
:1038300050067408250BF50B748F550A700512B9E4
:1038400091600A7AD37B0012207502B976530A7010
:103850007800E50AA2E4501B12B9842408FCA3E016
:103860003400FD740A12128C121D277808E50AC272
:10387000E4F50AE50AA2E5501F12B98428F8A3E08E
:103880003400F9E82408FCE439FD740212128C12A9
:103890001D27E50AC2E5F50A740112155812B46B2A
:1038A00012268DE9F912C782504AE9F50C750D0010
:1038B0007403780C1213D2742D250CF582740B123C
:1038C000D2BCE0F8852182852283E0C3985022E0B3
:1038D000C0E0E9F50C750D007403780C1213D27476
:1038E0002D250CF582740B12D2BCD0E0F07800804C
:1038F0000502B9767804901746E065087004A3E0E5
:1039000065096063E87014E50AF50B780B1212285C
:1039100012B9BF121201E9705D8005740468705617
:10392000780A1212287403121284880A890B780A02
:10393000121224740D121284880A890B780A12124A
:10394000247406121558E0F50A780A121228740633
:10395000121558E0F9EEFCEFFDAA08AB091225EBB1
:103960007406121201800FE50AF508780812122871
:1039700012B9BF12120174128057E50E241DF58290
:10398000E4350F22E50E241DF582E4350FF583E0C2
:1039900022E50E12B15D350FF583E0650B22A3A37E
:1039A000A3E0FC88828983A3A3A3A32212858E8827
:1039B00082F583A3E0F50A88828983A3A3E02279B4
:1039C00001E50E12BBAB350F12D5CD12B14E2274EC
:1039D0000E1212017F08020F3074F0120C2974F4D9
:1039E0001212B4E985218285228312A25B8C088D94
:1039F00009741C121558E0F912268DE9F89038E088
:103A000012CF845021E8F50A750B007403780A126E
:103A100013D2742B250AF582740B12B18EE0F50EC9
:103A2000A3E0F50F8006750EFE750FFF74021215E8
:103A3000587408F07421121558E0A2E4500874027A
:103A40001215587410F07421121558E0A2E55009AF
:103A50007402121558E02408F0740112128C122A14
:103A6000D18A0C8B0DEA4B700302BB9812B158350A
:103A70000D12A127E50C241A12D2B912A402740463
:103A8000121294AA0EAB0F1223C9E9600D12D2B51F
:103A90007401F0740412128480227421121558E00B
:103AA000A2E45022E50E6E7003E50F6F701812D27B
:103AB000B57401F0741D12155812AACBE50C241828
:103AC00012D2B912AA8EE50C12BBA7350D128DE6E3
:103AD000850A82F5837402F0742112155812BB9D79
:103AE000F0741C12155812BB9DA3F0EE850A828556
:103AF0000B83A3A3A3F0EF850A82850B83A3A3A363
:103B0000A3F0850A82850B83A3A3A3A3A3E508F0F2
:103B1000E509850A82850B83A3A3A3A3A3A3F0AA27
:103B20000EAB0F122651852182852283E029850A5A
:103B300082850B83A3A3A3A3A3A3A3F0780074217E
:103B4000121558E0A2E45016741D12155812BE5FEB
:103B5000E50A2408FAE4350BFB121D2778087421C6
:103B6000121558E0A2E5501A741F12155812BE5FC4
:103B7000E50A28F8E4350BF9E82408FAE439FB12E1
:103B80001D27850C82850D83A3A3E50EF0A3E50F09
:103B9000F0AA0CAB0D1224AD740C02B9D1E0850A69
:103BA00082850B83A322EA12BBAB2212BBAF222475
:103BB0000BF582E42274F4120C298A088B09ECFEBE
:103BC000EDFF750A01901746E06A7003A3E06B6091
:103BD00013750A00780A121228122B2B7401121284
:103BE00001E9F50A7900AA08AB0912BC3A7003A3EF
:103BF000E06970417900EEFAEFFB122693EA4B6020
:103C00002B8A828B83A3A3A3A3A3A3E05418601CD5
:103C10007508FE7509FF78081212248A828B83A327
:103C2000A3120FFF12D5B812120180097901EEFA22
:103C3000EFFB122561A90A02B1EC12269F8A088BBC
:103C400009A808A909901746E0682274F2120C2905
:103C50007EB07F097A1012BE63700C908400120F40
:103C6000FB12CFBD1212019016E5E014F0600302C2
:103C7000BD189038EBE4939016E5F07C0079057A56
:103C8000007B001229CF8A088B0902BD0F7C0079C6
:103C900005AA08AB091229CF8A0A8B0B85088285F1
:103CA0000983A3A3A3A312ADDF605EE5082404F893
:103CB000E43509F98882F583E024FFF0A3E034FFBE
:103CC00012BE5612ADDF7041850882850983A3A319
:103CD000A3A3A3A3E054046013850882850983A3EA
:103CE000A3A3A3A3A3A3A3E0F912267B850882853F
:103CF0000983A3A3A3A3A3A3A3A3A37406F07AF0A9
:103D000085088285098312CA6C850A08850B09E536
:103D1000084509600302BC8D75080080658E828F9E
:103D200083A3A3A3A3E06051F4604EEE240412BE6B
:103D30003114F070448E828F83A3A3A3A3A3E06405
:103D400003701379028E828F8312BE5F8E828F83FF
:103D500012D1231225F18E828F83A3A3A3A3A3E004
:103D6000640160158E828F8374FE12BE351412BEFC
:103D700035A3A3A3E412BE3DF00508EE2407FE50D0
:103D8000010F9038E412BE1240937E00803B12294E
:103D9000F3EEF508750900740378081213D274283D
:103DA0002508FC740B3509FD7AFD7B251229E1EA13
:103DB0004B70DBEEF508750900740378081213D216
:103DC00012BE1A12BE51E4F00E9038E012D4085020
:103DD0001FEEF508750900740378081213D212BE9D
:103DE00023E82407F582E412CF8B14F070DA80A167
:103DF0007A008010EA75F006A4F8A9F012C3E56015
:103E00000214F00A9038E312C1C340E8029E5090B9
:103E100038E3E493F8E508C3982212BE238882F5BC
:103E200083A32274282508F8740B3509F922EE249F
:103E30001112ABBB22F0A304128663A32212BE416F
:103E40002212BE4522F08E828F83A3A3A3A3A3A335
:103E50002274FEF0A304F088828983229017531203
:103E6000D5CF227B009017A0E0F9121D03EA4B4C3E
:103E70004D2274F7120C2974DA1212B4ECFEEDFF25
:103E8000750800EC4F606C12CA7EC8241FF582E4EE
:103E90003812ADDD605D8A828B8312D125AC21ADF5
:103EA00022EA241EF582E412BF14F9EA241FF582E7
:103EB000E412BF19122A35740B12155812BEFF7086
:103EC00003A3E069702D7402121558E06401702399
:103ED000741D12155812BEFA64017017741D121564
:103EE0005812B756A3A3E0F88E828F83E068700360
:103EF000750801A908742602AB0612D133E022121C
:103F0000BF05E0682212BF0922E0F8A3E0F98E8223
:103F10008F83A3223BF583E0223B12B7782274F40F
:103F2000120C29E97016790012BF4774FE6E7003F7
:103F300074FF6F700C9038D9E4936005790112BF5B
:103F400047122A9B029AD91226098A0A8B0BAE0ABB
:103F5000AF0B2274F6120C2974F31212B4121B95D3
:103F60008A088B09AE08AF09901746E06E7003A36C
:103F7000E06F60E9122A59EA6E7002EB6F60DEEEC4
:103F8000FAEFFB12A71370D5EE4F60D18521828521
:103F90002283E4F004121558EEF0A3EF12A54612A6
:103FA00023E1E970B874FE6E700374FF6F60AEEECB
:103FB000FAEFFB740D028BE7C082C083122A9B02CA
:103FC0009E5874F2120C29EAFEEBFF8C088D0989C9
:103FD0000B74FC6E700374FF6F700302C19579005F
:103FE00012269F8A0C8B0DAE0CAF0D740E12155855
:103FF000E0F50A901746E06E7003A3E06F7009E5E4
:104000000AA2E6400302C195A90A12C19A703B793F
:10401000007AFE7BFF12C19A70307418550A700343
:1040200002C0BF7A0080010A9038E412C1C3400385
:1040300002C0BFEA75F007A4F8A9F012D40F541813
:1040400070E574B028F8740939F988828983EEF034
:10405000A3EFF074FE6508700474FF6509600D88B5
:10406000828983A3A3E508F0A3E509F08882898308
:10407000A3A3A3A3A3A3E50AF0A2E0500D8882891D
:1040800083A3A3A3A3A3A3D2E2F07401650B888248
:104090008983A3A3A3A3A37031740112CA0DE054B2
:1040A0001860219038E6E49388828983A3A3A3A3B0
:1040B000F012C1E5EA4B600302C1957D00803679BC
:1040C0000202C197901745E080DEE06401700302B0
:1040D000C19588828983A3A3A3A3A3A3E0541860F6
:1040E000079038E6E4938004901744E012B170E53D
:1040F0000B02C1940D9038DDE493F8EDC3984003B2
:1041000002C1957C008030EC75F007A4F8A9F0742A
:10411000B228F582740939F58312AACBED75F01730
:10412000A4FAABF074402AF582740812BF146870C8
:1041300003A3E06960BE0C9038E4128DD440C8E45B
:10414000936C70B0ED75F017A4F8A9F0744028FED8
:10415000740839FF7C177D007900EEFAEFFB121B23
:10416000898E828F83E508F0A3E509F0901753123A
:10417000C1DAA3A3A3A3A3A312AAB374AAF012C182
:10418000AC740112C1CA5001097A027B001209C73E
:1041900012C1B6E8F07900029E5012C1A4A80CA981
:1041A0000DEA49221226938A0C8B0D22EE240EF57D
:1041B00082E43FF58322EE240DF582E43FF583226D
:1041C0009038EFE493F8EAC39822F012C1CF22901E
:1041D00038DAE49379002401F82212C1E0A3A32283
:1041E00012BF09A32212CD07122BDF2274F2120C88
:1041F000298A088B09E9FF8C0C8D0D9038DC12C7D9
:10420000854005790502C2B9122051AA08AB0912EE
:10421000C2F070097AFE7BFF122627E9FE9038E390
:1042200012D408400302C2B712ADD2600CEE75F092
:1042300006A4F812C30812C2D1EF602112C2DAEE4E
:1042400075F006A4F8A9F074C828F8740A398882B1
:10425000F58312A3FEEA4B70157901805CEE75F0D0
:1042600006A4F8A9F012C30AF583E4F0A3F0EE75F2
:10427000F006A4F812C2C2E508F0A3E50912BE5682
:10428000A3AA82AB83EFF0901A12E088828983128E
:10429000C2BCE0601E12ADD26019850C08850D0904
:1042A000750A00780812122012C2E3EAF912C2FC61
:1042B000121201790080027907029E50F08A828BE7
:1042C000832274C828F8740A39F98882F583A3A375
:1042D00022F58312B77A121C37222FFAE433FB122D
:1042E0001C3122EF2FFCE433FDEE75F006A4F8221A
:1042F000122627E9FE9038E3E4936E2212C30A12D5
:10430000B778121B7D740322EAF974CC28F5827405
:104310000A392274F7120C29ECFEEDFF12CF7C5003
:104320002DE875F006A4F8A9F012C3F08882F58391
:10433000A312C700A3A3A312AACB7409121558E0B5
:10434000FAA3E0F5838A8212AA8E790080027904AA
:1043500002AB0974F7120C29750800801DE5087579
:10436000F006A4F8A9F074CA28F582740A12CF8B5B
:104370006A7003A3E06B6062050812BE0F40DEE4C2
:10438000936508705574FE6A700374FF6B704B750B
:1043900008008002050812BE0F503FE50875F006C0
:1043A000A4F8AAF0EAF912C3E570E912C3F0A3A3D6
:1043B00074FE12C3DD12ADDF6020E50875F006A4BF
:1043C000F8EAF912C3F0E82404FEE439FF8E821201
:1043D000C2D18E828F83E4F0A3F0029A5DF0A30431
:1043E00012CA03A32274C828F582740A12AF2522C8
:1043F00074C828F8740A39F92274F1120C298A0851
:104400008B09EA241DF582E4350912C565FE605169
:10441000EA241D12C6EC2402F8A3E03400F9903817
:10442000DCE493FAEEC39A400302C5567A00802C6E
:1044300088828983E0F50AA3E0FCE4CCFDE50A2C40
:10444000E43DF50BEA25E0FCE433FD74102CF58225
:10445000740B3DF58312C5595001090AEAC39E4009
:10446000CF8508828B83A3A3A3A3A3A3A3A3A31293
:10447000C5707003A3E069700912C57912261B028A
:10448000C55612C6E8700302C5567B00EEFF7A00DF
:1044900080010AEAC39E501CEA25E0F8E433F9746F
:1044A0001028F582740B12C56D7003A3E06970E2E9
:1044B000EAFF7B018B0E790012D11612C1A4EA4BE0
:1044C00060478A828B83A3A3A3A3A3E0640170390E
:1044D0008A828B83A3A3A3A3A3A3E05418602A8A90
:1044E000828B83A3A312BE5F7A107B0BEEF9122698
:1044F000BDE97006E50EA2E0500F12C5791226C381
:10450000850C82850D8312A40012C6E8F974FF2978
:10451000F0750A01780A121228750A10750B0B78CB
:104520000A121224EFF50A780A121228E50824125A
:1045300012C6ECF50A780A121228E508241512AF03
:10454000BC120FFF12C70EFCA3E0FD12D1161226FB
:1045500033740712120102B308E50AF0A3E50BF069
:10456000E82402F822F58312D133A3E02239F5833F
:10457000128590901746E068227C107D0BEEF9E5DD
:104580000812BBAB350912B7782274F0120C2974EB
:10459000FC1212B4E9852182852283F08A0E8B0FEA
:1045A000ECFEEDFF7417121558E0F50A741A121597
:1045B00058E0F50B6008E50AC33324048002740256
:1045C000C0E07402121558D0E0F0740112128C127F
:1045D0002AD18A088B09EA4B700302C6D18A828BE2
:1045E00083A3A3E50EF0A3E50F12A38BA3A3EEF024
:1045F000A3EF12C6F8E0C0E0EA241312AFBCD0E08B
:10460000F07416121558E0C0E0EA241412AFBCD0C2
:10461000E0F0EA241712C6EC6401703612C6DC859D
:104620000882850983A3A3A3A3E0687003A3E069BC
:104630006020741412155812ADDF600DE508241ABD
:1046400012AFBCE8F0A3E98008E508241712AFBC5C
:10465000E4F012C70EFEA3E0FF8E82F5837405F02E
:10466000E50B7009A3E50AF0EE2402805D740125D4
:104670000AA3F0EE2402FE50010F7A0074181215FE
:104680005812AACB801B8882898312C70012C6D613
:10469000A3F0E82402F8500109EE2402FE50010FB5
:1046A0000AEAC3950A40DF8E0A8F0B850A82850BC2
:1046B00083A3AE82AF83122A53EA850A82850B83D5
:1046C000F0122A53EB8E828F83F0AA08AB091224D2
:1046D000AD740402B9D1E08E828F8322122A538AEC
:1046E0000C8B0DA80CA90D22E5082411F582E4120B
:1046F0008468E022E8F0A3E9F08521828522832204
:1047000012C6D612C70722F088828983A322128498
:1047100063E022C082C083E929FCE433FDEA2CFA7D
:10472000EB3DFBEA24FEF582EB34FFF58312D12545
:10473000029E5874F3120C2989088A09ECFEEDFFD9
:104740009038DC12C7855033750C008002050CE5EB
:104750000CC39508501B122A53A80CE828F8E43320
:10476000F9EE28F582EF12CF8B6A7003A3E06B702D
:10477000DCE509650C70047901800279007F05028F
:104780000F309038E0E493F8E9C3982274F0120CEB
:104790002974F21212B4E9852182852283F08A08F5
:1047A0008B09ECFEEDFF750A0012A7137900600378
:1047B00002C87812C87B8A0E8B0FEA4B700302C8BE
:1047C000768A828B83A3A3A3A3A3A3E0A2E24003E0
:1047D00002C876122A53EA6E7002EB6F7008780AEC
:1047E000121228E48036EEFAEFFB122435E9640158
:1047F000706174011215587404F07402121558EEA9
:10480000F0A3EFF0740112128C1223E1E96401703D
:1048100042750A01780A121228E4F50AF50B780AA3
:10482000121224780A121228780A12122874091215
:10483000155885820A85830B780A1212249038E174
:10484000E493F9EEFCEFFDAA08AB091226337407D6
:10485000121201850E82850F83A3A3A3A3A3A3E055
:10486000A2E1400F850E82850F83A3A3A3A3A3A378
:10487000C2E2F0750A01A90A02B9CFAA08AB09126F
:10488000269F852182852283E0F91226932274F6E1
:10489000120C29E9FE790012269FEEF91226938B5D
:1048A00009A909EA49601D8A828B8312D6CA8A82C5
:1048B0008B83A3A31412C8CDE412C8C912C8C9A31C
:1048C000F0F980027904028BEA12CB9622F0A3045D
:1048D00012C2BCA3A3A3A32274F4120C2975080767
:1048E00090173AE0703312D8F0602E90173F12C93B
:1048F0001E701A12D8E9F88E828F83A3E0C39850F5
:10490000048908800D8E828F83A3E0800312D8E98A
:10491000F508E5087003750807A90802B1ECE06422
:10492000018A828B83A3A32274F0120C298A0C8B38
:104930000DE9FE8C08EDFF12268DE9F974101215B1
:1049400058E0F50EA3E0F50F12C7825043E9F50ACF
:10495000750B007403780A1213D2742E250AF5829F
:10496000740B12B18EE0F8E508C398501FEF607425
:10497000E9F50A750B007403780A1213D212C9E91B
:10498000A3A3A3A3A3E50812C9F98057790380560E
:1049900079007AFE7BFF12268DE9F99038E0E493E6
:1049A0006970047902803FEF603AE9F50A750B00FF
:1049B0007403780A1213D212C9E9E50CF0A3E50DCD
:1049C00012C9F912CA0DE50812B17874FFF0EE8829
:1049D000828983F0901744E088828983A3A3A3A3EC
:1049E000A3A3A3F0790002B9D47428250AF8740BA4
:1049F000350BF98882F583A32212CA03E50EF0A3D2
:104A0000E50F2212CA072212C707A3A32212B17C04
:104A1000A322C082C0838A828B83A3A3A3A3A3E41F
:104A2000F078008001089038D612CF84501D12CF44
:104A30008FF98C828D83A3A3A3A3A3A3A3A3E0696F
:104A400070E3ECFAEDFB1229F9801EE4936870190B
:104A50008C828D83A3A3A3A3A3A3A3A3A37406F013
:104A60007A008C828D8312CA6C029E5812CA82C848
:104A7000240CF582E438F583E0F912290F228A82AA
:104A80008B83E0F8A3E02274F4120C298A088B09C6
:104A90008A828B8312CB8EE0F91229D58A0A8B0B7E
:104AA000AE0AAF0BEA4F700302CB818508828509FD
:104AB00083A3A3E070348A828B83A3A3A3A3A3A3BD
:104AC000A3A3A3E064028A828B83A3A3A3A3A3A3CB
:104AD000A3A3A3600F7406F07AF08E828B8312CAB0
:104AE0006C02CB817406F002CB8185088285098334
:104AF000A3A3A3A3A3A3E0606B850882850983A376
:104B0000A3A3A3E0607BE508240312C6EC14F070B5
:104B100070901733E0850882850983A3A3A312CB85
:104B20008412CB8EA3A3A3A3E064037054850882F0
:104B3000850983A3A3A3A3E0603C8A828B83A3A3FC
:104B4000A3A3A3A3A3A3A37404F0121B95EA540F79
:104B5000790024015001098E828F83A3A3A3A3129D
:104B6000A6F5801D8A828B83A3A3A3A3A3A3A3A3DB
:104B7000A3E06403700BEAFCEBFDAA08AB09122664
:104B80005D02B1EC12CB8822129C25A3A322A3A321
:104B9000E01412CB9622F08A828B83A3A3A3A3A353
:104BA0002274F6120C2979007E008026EEF5087535
:104BB0000900740378081213D274682508FA740B7C
:104BC0003509FB8A82F583A3A3E060051226637989
:104BD000010E9038D612D40840D2E9A2E07A407B88
:104BE000009017A0E0F95019121D03EA4B4C4D70CC
:104BF00028908310120FFB7A4012CFBF121201804F
:104C000018121CFD9016C2E06401700DE4F09016BD
:104C1000C3E0F91228AF122045028BEA74F4120C9B
:104C2000298C088D097E687F0B7C00803C8E828FEA
:104C300083A3A3A3A3A3A3A3E0F8EA2412F582E429
:104C400012BF1468701B8E828F8312AACB12CD14F0
:104C5000687003A3E06970098E828F83A3A3E0705C
:104C60001A0CEE2408FE50010F9038D6128DD44055
:104C7000BCE4936C7005790002CD008E828F83A313
:104C8000A3A3A3A3A3E0607612CD03122BB5EA4B36
:104C9000600D8E828F83A3A3A3A3A3A3E014F07A55
:104CA0000080010A12C1C0501F128A2C60F512D870
:104CB0008365087004A3E0650970E88E828F83A382
:104CC000A3A3A3A3A3E014F09038DDE493F89038F5
:104CD000EFE493FAE82AF8E43400F98E828F83A394
:104CE000A3A3A3A3A3E0FAE89AE99400C365D03391
:104CF000500C8E828F83A3A3A3A3A3A3E4F0790116
:104D000002B1EC12CD0722901753E0FCA3E0FDAAFC
:104D100008AB092212CD1822EA12BBAF3BF583E0A3
:104D20002274F0120C2974FD1212B4740112155879
:104D3000ECF0A3EDF0E985218285228312A25B7C51
:104D4000687D0B750801750900750A00750B0090E8
:104D500038DDE493780812118AF50CF50DF50EF59F
:104D60000F780080118C828D83A3A3E0601A08EC79
:104D70002408FC50010D9038D612CF8440E7E4930C
:104D8000687005790002CF6E8C828D83A3A3A3A3E4
:104D9000A3A3E4F07A00802E64016005E064037050
:104DA0001D8E828F83A3A3A3A3A3A3A3A3A3E0F435
:104DB0007003A3E0F47007780C79081214440A74A5
:104DC00001780812118A9038EF12C1C4504EEA756A
:104DD000F01CA4F8ABF012D864128EE7121558E05C
:104DE000687003A3E06960D6EA75F01CA4F812D8D5
:104DF0006412C56D7003A3E06960C3EA75F01CA47A
:104E0000F8EBF9128DE264046003E0708B8C828D04
:104E100083A3A3A3A3A3A3E004F080A27A008067E6
:104E2000EA75F017A4F8ABF0EB128EE3121558E018
:104E3000687003A3E069604EEA75F017A4F8EBF917
:104E400012D86E7003A3E0F4603C744A28F58274B3
:104E50000839F58312CFA1E0687003A3E0697026DA
:104E6000EA75F017A4F8EBF912D8596019744F28B5
:104E7000F582740812CF8B600D8C828D83A3A3A35F
:104E8000A3A3A3E004F00A9038DD12C1C340918CC3
:104E9000828D83A3A3A3A3A3A3E0F89038D8E493BF
:104EA000C398500DE4938C828D83A3A3A3A3A3A3E3
:104EB000F08C828D83A3A3A3A3A3A3E0600712BEFB
:104EC0002E6401700B8C828D83A3A3A3A3E4800DB9
:104ED000901734E0048C828D83A3A3A3A3F09017D2
:104EE00039E08C828D83A3A3F090173312CFB412D4
:104EF00085858C828D8312C6F412CFAEF0EE24121B
:104F0000F582E43FF58312CFAEA3A3F012CF736016
:104F10004678008001089038D612CF84503912CFDD
:104F20008F600BF9852182852283E06970E7E8F5BF
:104F300008750900852182852283E0C0E012CF96A2
:104F4000D0E0F0740278081213D274B912D35D74F1
:104F50000B128FEA1214C77A4012BE63700E908350
:104F600010120FFB7A4012CFBF12120179017403A5
:104F700002B9D1E50C450D450E450F22122627E951
:104F8000F89038E3E493F9E8C3992212AF2522E8B8
:104F9000FA12CF96E02274B02AF582E4340BF5833E
:104FA0002212CFA522E0F8A3E0F99017532212CFE6
:104FB000B4A3A322E08C828D83A3A3A3227A107BC7
:104FC000009017A0E0F9121CF7740422C082C0837D
:104FD00078008001089038D6E493FAE8C39A500824
:104FE00012CF8F6970EEE4F0029E5874F0120C2913
:104FF000EAFEEBFF8A82F583A3A3A3A3A3A3A3A343
:10500000A3A3E06402600302D113EA240D12BE31AF
:10501000600302D0D49017DB12ADDF700302D0C45E
:105020009017E112ADDF700302D0C49017E512AD06
:10503000DF700302D0C49017E312ADDF700302D01B
:10504000C4901A19E06401707B901A15E0A2E05038
:105050007312D13C123199E9706A901A17E0700A04
:10506000903797780C1214318021F5087509007477
:105070000278081213D2128FE512143190835078FF
:10508000081214E5780C7908120AC2780C12121C66
:105090001290C41231997404121201E96401707300
:1050A000EE2402E43F0E0EFF8E82F58312D1291208
:1050B00031998E828F8312D1259017E312AC48125A
:1050C0003199804F7C0179018E828F8312D1231216
:1050D0002687803F9017D912ADDF6037901A19E00C
:1050E0006401702F901A15E0A2E050277A047B002B
:1050F000121B9BEA4B601C8A828B837464F0A3743E
:105100000112865FA3128B8912AA8C9017A0E0F976
:10511000121BA702B9D4850882850983A3A3A3A380
:10512000A3A3A3A3A312B77A2212B77A9017E5120A
:10513000D13322E0F8A3E0F5838882228A828B8330
:10514000A3A312B77A9017DB12D1332274F0120C9A
:105150002974FD1212B4128B75121558E9F0ECFF88
:1051600085218285228312D1251229DBEA4B600337
:1051700002D2777402121558E0700302D28D7508BE
:1051800000750900750A00750B00750C01750D009E
:10519000750E00750F009038DDE493780C12118ABB
:1051A00079008008097401780C12118A9038EF1286
:1051B000C7865020E912D2D860EA12D2CD12D303AA
:1051C0006C7003A3E06D70DC850C08850D09850EFD
:1051D0000A850F0B7E0080057A007B000E9038D682
:1051E00012D408400302D27712D2EC60EFEEF50C35
:1051F000750D007402780C1213D274B9250CF58267
:10520000740B12D2BC85080C85090D850A0E850B1E
:105210000F780C1213F812CF7360C112D2ECF9128E
:1052200029D5EA4B60B28A828B83A3A3A3A3A3A34D
:10523000A3A3A3E0640570A085080C85090D850A69
:105240000E850B0F780C121478C00CC00DEEF50C07
:10525000750D007402780C1213D274B9250CF58206
:10526000740B12D2BCD00DD00C780C12141E9038D6
:10527000D6E493FE02D1DCEA4B60128A828B83A3D0
:10528000A3A3A3A3A3A3A3A3E064056012EF6022DA
:1052900090175312D303FAA3E0FB12232D801312AD
:1052A0008B8312D2FA12D2C1A3A3A3A3A3740112B7
:1052B000A6F802CF6EE50C2416F582E4350DF583D1
:1052C00022129AF08A828B83A3A3A3A32274F42CC4
:1052D000F58274053DF5832275F01CA4FCADF074D5
:1052E000F82CF58274053DF583E0F422EEF874B0F5
:1052F00028F582E4340BF583E022E0FCA3E0F5839B
:105300008C822212D5CF852182852283E02274F6F9
:10531000120C29E9FC790080010912C7825039E991
:10532000F508750900740378081213D2742912D392
:105330005D740B12C6EF6A7003A3E06B70DBE9F5D6
:1053400008750900740378081213D2742812D35D0B
:10535000740B12C6EF6C70C1028BEA74972508F5C6
:10536000822274F7120C2989085308407E00802E8F
:10537000EE75F007A4F8A9F074B028F5827409124C
:10538000CF8B6A7003A3E06B701374FE6A700374B2
:10539000FF6B605812D40F54406508604F0E903870
:1053A000E412D40840CAE4936E705374FE6A70032A
:1053B00074FF6B70497E0080010E9038E412D408AF
:1053C000503CEE75F007A4F8A9F074B428F5827487
:1053D0000912CF8B70E3A908EE75F007A4ABF07447
:1053E000B028F582740912BF1912264BEE75F0072A
:1053F000A4F8A9F074B028FA740939FB80047A0083
:105400007B0002AB099038EFE493F8EEC398227466
:10541000B628F582740912AF252274F4120C29EA19
:10542000FEEBFF890B8C0A740169700C9038E7E47D
:1054300093F91226C9E970647900EEFAEFFB12269F
:105440009FA90A1226938B09A9097401650B6014A0
:10545000EA4960568A828B83A3A3A3A3A3E0650BCA
:1054600070488038EA4960198A828B83A3A3A3A37A
:10547000A3E06401700B8A828B83A3A312D4C18042
:105480000AE50AA2E640238E088F0974FE650870BB
:105490000474FF6509601312D4AF60047900800CB6
:1054A000EE65087003EF650970DD790102B1EC90DB
:1054B00038E7E493F9AA08AB091226C9E922901942
:1054C000FAE0F508A3E0F5092274F4120C29EAFECB
:1054D000EBFFE9A2E6500F79FF12272FEA4B702568
:1054E0007AFE7BFF802C12D51560238A828B83A3E2
:1054F000A3A3A3E06401600D8A828B83A3A3A3A36B
:10550000E064027009901746E0FAA3E08003EEFA27
:10551000EFFB02B1EC1224418B0BA90BEA49227478
:10552000F4120C29EAFEEBFF8C0A8D0B740C121599
:1055300058E0F5097402696031740469600574010A
:10554000697022AC097901122699E96018E50A45CB
:105550000B6017EEFAEFFB12CF7C500E850A8285A6
:105560000B837401F0790002B1EC7900EEFAEFFBE5
:10557000122693EA4B602D8A828B83A3A3A3A3A355
:10558000A3E05418601E750AFE750BFF780A12120C
:10559000248A828B83A3A3120FFF12D5B8121201A3
:1055A000790180C39038E2E493FCA909EEFAEFFB9D
:1055B0001225C1E970AF80E8790090174612D5CF67
:1055C0008A828B8312B77A1226AB740422F583E0A9
:1055D000FCA3E0FD2274F1120C29EAFEEBFF8C081B
:1055E0008D09E9600C750A00780A121228790B807F
:1055F0006E7900AA08AB091226938A0A8B0BEA4B34
:1056000060658A828B83A3A3A3A3A3A3E0A2E05037
:10561000568E0C8F0D780C1212247411121558121C
:10562000BE5F741312155812D125122BF174021299
:1056300012018A0C8B0DA80CA90D74FE68700374FE
:10564000FF696023850A82850B8312A400750A0016
:10565000780A121228790CEEFCEFFDAA08AB0912A9
:105660002B2B740112120102B308C082C08378B0E0
:1056700079097C00804588828983A3A3A3A3A3A37F
:10568000E0A2E0402E88828983A3A3E06A7003A38E
:10569000E06B701F88828983A3A3A3A3A3E06401A6
:1056A000701188828983A3A3A3A3A3740312D6D104
:1056B00012D6CA0CE82407F85001099038E4E493A4
:1056C000FDECC39D40B0029E58A374FEF0A304F00D
:1056D0002212C707A322C082C08378B079097A005A
:1056E00080208882898374FEF0A30412D6D114121C
:1056F000C3DDE412B17812CA0DF00AE82407F850AD
:1057000001099038E4E493FBEAC39B40D5029E581C
:1057100074F7120C29E9FF7E0080010EEEC39F5042
:105720001BEE25E0F8E433F9EA28F582EB12CF8B83
:105730006C7003A3E06D70E379018002790002AB25
:105740000974F0120C298A0E8B0F890A8C0C8D0DAE
:105750007F007508007509018011121B95EFF5F0A7
:10576000EA84E5F0F5087F007509007E0080010EEF
:105770009038DD12D408504CEE75F017A4F8A9F05B
:1057800012D86E7003A3E0F460E512D84EE0650E07
:105790007004A3E0650F60D712D84612D88E70CF80
:1057A000EE75F017A4F8A9F012D85960C2C3940797
:1057B00050BD0FE509A2E040B6EFC3950840B01216
:1057C000D846805E7E0080010E12D405505C12D84F
:1057D0007B64FE7003A3E0F460EE12D883650E7064
:1057E00004A3E0650F60E112D86612D88E70D9EE7E
:1057F00075F01CA4F8A9F074FD28F582740512CF89
:105800008B60C5C3940750C012D87560BBE06402BA
:1058100060B60FE509A2E040AFEFC3950840A912BA
:10582000D86639F58312D1258019EF6012E508702A
:105830000E74016F600302D75A75080102D7667AA9
:10584000FE7BFF02B9D4744028F58274082212D876
:10585000522212D84639F58322744E28F5827408F4
:1058600012AF2522EBF974F428F58274052212D8C0
:1058700052E064FE22128A39640122EE75F01CA403
:10588000F8A9F074F428F582740512AF25223912B4
:10589000D5CDAA0CAB0DA90A1226BDE92274F412CB
:1058A0000C29890812D8F0603B8A828B83A3A3124B
:1058B000D8E9F98E828F83A3E06029E960269017EA
:1058C0003FE06401700D8E828F83A3E0C399500383
:1058D000E980068E828F83A3E0F8E508C398400430
:1058E00079018002790002B1ECE0F9122BFDE92286
:1058F00090175312D5CF122BDF8A0A8B0BAE0AAF4B
:105900000BEA4F2274F7120C2974F31212B485219A
:10591000828522837402F01412155812E04A12157F
:1059200058AA82AB831223B7741612155812D94D98
:105930001223F3E96401700A740B12155812DA3D50
:105940008008740B12155812D95802E81112DAA403
:10595000FEE9FFAA21AB222212E7BC8E828F83E8E8
:10596000F0A3E9F079C82274F7120C2974F312122B
:10597000B4ECFEEDFF8521828522837402F0EAFCFF
:10598000EBFD7403121558AA82AB831223B7AA2128
:10599000AB221223E7E96401700A740B1215581246
:1059A000DA3D8008740B12155812D95802E81174A8
:1059B000F7120C2974F11212B4AC21AD221221A1FC
:1059C000E9FE702874021215587402F08521828550
:1059D000228312EF87740D12155812E4C674021256
:1059E000128C1223D5E9640160027E01EEF9740F76
:1059F00002E81374F7120C29E9FE90166112E7A071
:105A000070327A0F7B00121C31901661EAF0A3EB22
:105A100012DA9B60257800790012DB4274FEF0A355
:105A20000412E356A3A3E4F0A3F008E870010912FE
:105A3000DA9140E5EE700312227302E816E0F8A353
:105A4000E0F98E828F83E8F0A3E9F079002274F701
:105A5000120C298C828D8312DA98603078007900DC
:105A600012DBA7FEA3E03FFF8E828F83E06A700304
:105A7000A3E06B700DEEF8EFF98C828D8312DA469D
:105A8000800C08E870010912DA9140D479C802E864
:105A900016C39403E9940022E4F0A3F09016611277
:105AA000DAA44922E0F8A3E0F9E82274F7120C29FD
:105AB00074FE1212B4ECFEEDFF8E828F83E4F0A32D
:105AC000F07508C8AC21AD221221A1E97013EEFCDB
:105AD000EFFD85218285228312E2591221B3E9F577
:105AE00008A90802DEF874F7120C2974FE1212B429
:105AF000ECFEEDFFAC21AD221221A1E9703F901622
:105B00006112E7A060377800790012DB4212DDB243
:105B1000852182852283E06C7003A3E06D70148E72
:105B2000828F8312E80B740B12155812EA8612DA70
:105B300046800C08E870010912DA9140CD79C8025C
:105B4000DEF812DB4A8A828B8322E8FAE9FBEA75E7
:105B5000F005A4FAACF075F005EBA42CFB901661EF
:105B6000E02AFAA3E03BFB2274F7120C299016619D
:105B700012E7A0602D7800790012DBA7F508A3E0FA
:105B80003F850882F583E06A7003A3E06B70098C9F
:105B9000828D8312DA46800C08E870010912DA91CE
:105BA00040D779C802E816E8FEE9FFEE75F005A4D3
:105BB000FE85F00875F005EFA42508FF901661E05A
:105BC0002E2274F0120C2974FC1212B4EAFEEBFFC0
:105BD00074021212948E828F8312E2591221C5E947
:105BE000F50A7A187B00121C318A0C8B0DEA450DE0
:105BF00060417C187D007900121B8912DEC7780C89
:105C0000121224750E18750F00780E1212247C00E3
:105C10007D00850882898312E259121CB574041232
:105C20001201850882850983E4F0A3F0AA0CAB0D6C
:105C3000121C378E828F8374FEF0A30412E4BDA37E
:105C4000A3A3A3E4F0E50A600302DD367402121593
:105C50005812E259EAFEEBFFEE75F005A4FEA8F03B
:105C600075F005EFA428FF90166112E7A0603E9042
:105C70001661E02EF508A3E03FF50978081212241A
:105C80007508057509007808121224EA75F005A454
:105C9000FAA8F075F005EBA428FBEA2402FCE43B2B
:105CA000FD7A4C7B00121CB57404121201A821A9C4
:105CB00022880889097808121224750802750900DB
:105CC00078081212247C007D007A4C7B00121CBBE9
:105CD0007404121201E9705E901661E02EF8A3E0E0
:105CE0003F8882F583E064FE7003A3E0F48521829F
:105CF000852283701512E7A0601485218285228396
:105D0000E024FFF0A3E034FF800312ECA3F0A8210D
:105D1000A9228808890978081212247508027509D1
:105D20000078081212247C007D007A4C7B00121C43
:105D3000B5740412120174041212017F08020F30AC
:105D400074F7120C298A828B8312DA98605F7C00C8
:105D50007D00ECF8EDF9E875F005A4F8AEF075F00B
:105D600005E9A42EF9901661E028FEA3E039FF8E24
:105D7000828F83E064FE7003A3E0F47023EEFCEFF7
:105D8000FD8A828B83ECF0A3EDF0901661E028FA97
:105D9000A3E0398A82F583A3A3A3A3E4F0F9800FDB
:105DA0000CEC70010DC39403ED940040A579C8027A
:105DB000E816E0FCA3E0FD2274F4120C2974DE1254
:105DC00012B4EAFEEBFF8E828F8312EF8774041207
:105DD000155812E4C612DEC78882F58312EF877465
:105DE0000A12155812E4C674061215587401F0759B
:105DF0000A3A750B00780A1212247413121284885E
:105E00000A890B780A1212247C117D007A007B002B
:105E1000122C337404121201E9600D7C117D00799B
:105E200000EC12128C121B897411121558E0C0E09C
:105E30007407121558D0E0F07412121558A882A9F0
:105E400083740812155812E4C6740D1215587401A3
:105E5000F0122A53EE2404F8E43FF988828983E0A3
:105E60006A7003A3E06B7011740E121558E4F0749D
:105E70000F121558E4F0A3802F740E1215587401F8
:105E8000F0740F121558E521F0A3E52212E04185C8
:105E9000218285228312E4C685088285098312DE69
:105EA000CF121558E8F0A3E9F0740412128C1228EE
:105EB00031E9FE7C117D007900EC12128C121B89F5
:105EC000EEF9742202EC9B12E03188088909221253
:105ED000E7BC74022274F7120C2974FE1212B4ACDF
:105EE00021AD221221B9E9FE700C85218285228321
:105EF00012E2591221CBEEF9740202E81374F61281
:105F00000C2974ED1212B4EAFEEBFF122A538A0830
:105F10008B098E828F83A3A312E25712E031E5082A
:105F20006A7003E5096B600302DFC088828983120F
:105F3000E259740112155812E04A121558E4F0742F
:105F400004121558E4F08882898312E2591224471A
:105F50008A088B09A808A909E849603088828983E2
:105F6000A3A3A3A3E06025C394055020888289835E
:105F7000A3A3A3A3A3E0A2E374055006121558E45B
:105F800080051215587401F07401802C122A538A6E
:105F9000088B09A808A9098E828F83E0687003A383
:105FA000E069600302E02C7401121558E4F0A3F0DC
:105FB0007405121558E4F00412128C122507806C37
:105FC0007406121558EAF0A3EB12E041740812159A
:105FD0005812E0391212947A007B0079AB122789AB
:105FE000E4F508F509780812122474021212947468
:105FF0000D12128C1228377402121201901A29E025
:1060000064017018852182852283E0700F740A1262
:106010001558E4F0740612128C122843740A1215F3
:10602000587401F0740612128C122843741302E89B
:1060300032EE2402F8E43FF922E8F0A3E9F0740B11
:1060400022F08882898312E7BC2212E80B740322B3
:10605000C082C0837900901A09E0700279C802E317
:10606000B1C082C083901663E0640170071221E919
:10607000E9F9800279C802E3B174F0120C2974F2D4
:106080001212B4EAFEEBFF75080012E031880A89AB
:106090000BEE2406F8E43FF9880C890D8882F5831D
:1060A000E070081221EFE9F5087058A821A92288AC
:1060B0000E890F780E121224850A82850B8312DD59
:1060C000B28E828F8312E25912219B740212120146
:1060D0008E828F83A3A3A3A3A3A3A3E0A2E2502352
:1060E000850C82850D83E0701AEEFAEFFB1221D742
:1060F000E9F508601B850A82850B8312E25912219B
:10610000A78004E5086009EEFAEFFB1221E3805E48
:106110009015AA12E7A060568E828F8312DECF12EE
:10612000155812E4C6850A82850B83E0F50CA3E0BE
:10613000F50D750E00780C1212207C087D00740796
:10614000121558AA82AB83121B7D74031212018EA2
:10615000828F83A3A312EF85740C12155812E4C624
:10616000740212128C9015AA12E175123199A908C5
:10617000740E02DD3812E17922E0F8A3E0F583889D
:10618000822274F4120C2974EC1212B4EAFEEBFFB2
:106190008E828F83A3A3A3A3A3A3E0600302E234B0
:1061A0007401121284880889097808121224740272
:1061B0001212948E828F8312E257122837740212C1
:1061C0001201852182852283E064017067741112B7
:1061D0001558E06402705D74FFF07413121558E0F6
:1061E00004540FF0740512155812F5611215581267
:1061F000F10412F549ACF075F009E9A42CF97480AA
:1062000028F8741639F988828983A3A3A3A312F10D
:10621000048882898312F105780812122475081304
:1062200075090078081212247C007D00121CB574D8
:1062300004121201EEFAEFFB1221F5E9F508700DD8
:106240008E828F8312E25912244112220DA9087402
:106250001402EC9B12E179A3A3E0FAA3E0FB227401
:10626000F6120C2974EF1212B47401121558E4F0EE
:10627000A312E35612EF87740312155812E7AF7496
:106280000512155812E4C6EA2407F582E43BF583AB
:10629000E0A2E7502EA2E650218A828B83A3A3A31B
:1062A000A3A3A3E064017009740712155874048055
:1062B0003D7407121558740780347407121558740A
:1062C00005802BA2E650208A828B83A3A3A3A3A3DD
:1062D000A3E0640170087407121558E48010740775
:1062E000121558740380077407121558740112E3CD
:1062F0005612E25912244112220D74091212947A94
:10630000007B0079AB122789E4F508F509780812BB
:1063100012247402121294740B12128C1228377405
:1063200002121201901A29E06401701785218285FA
:106330002283E0700E7408121558E4F00412128CD7
:1063400012283D74081215587401F012128C12288C
:106350003D741102E832F08A828B832274F7120CAA
:1063600029EAFEEBFF12285BE96009EEFAEFFB1267
:1063700021FB8007EEFAEFFB122201E9F902E81691
:10638000C082C083EA4B600D8A828B83A3A3A3A340
:10639000A3E0D2E3F0801AC082C0839015B4E06419
:1063A00005700C7A807B009015B1E0F9121BDD803E
:1063B00000D083D0820211CE74F7120C291221ADC5
:1063C00012285BE9600B9016637401F0901664E488
:1063D000F012288B12285502E816C082C083E9F813
:1063E000901664E4F0E890166360087401F090166B
:1063F000648001E4F0790180B874F4120C2974EB24
:106400001212B47508001224418A0A8B0BAE0AAF2F
:106410000BEE4F700302E4B57508019016BFE064FF
:1064200001700312220D740812155812E4BC12EF09
:1064300085741312155812E4C6740812128C1223B4
:10644000ED8E828F8312E7A512E039121558A882CB
:10645000A983740212155812E4C6122A5374041246
:10646000155812E80B12E7895460646070097406CD
:10647000121558740180067406121558E412E4BD12
:10648000E0C0E07407121558D0E012EF8B1222071B
:10649000E9700A8E828F83E0C2E2F08018740B12DA
:1064A0001558AA82AB831221A7740B121558AA8221
:1064B000AB83122453A908741502EC9BE4F08E827E
:1064C0008F832212EA8AE8F0A3E9F022740802E836
:1064D0001374F6120C2974F11212B4EAFEEBFF7475
:1064E00002121558E4F0EEFCEFFD7405121558AADF
:1064F00082AB83121D2712285BE9702A74021212E4
:106500008C1223E7E96401601DA821A9228808896B
:10651000097808121224EEFCEFFD7A007B001221AC
:106520009B7402121201740F02E83274F2120C29E9
:1065300074D81212B4EAFEEBFFEE2416F50AE43F1B
:10654000F50BAA0AFB122FFF901A2CE064016005DC
:10655000E064027020780A12122475080875090098
:1065600078081212247C087D007A117B01121CB578
:1065700074041212017C0879FFAA0AAB0B121C13D7
:10658000E960069016637401F0AA0AAB0B12222B85
:106590008E828F83A3A3A3A3E0F8EE2406F508E47C
:1065A0003FF509740168600574066870727800E848
:1065B000FAEE2AF582E43FF583A3A3A3A3A3A3E005
:1065C000700708E8C3941040E674106870319017A3
:1065D0006FE0704574181212947A627B0012229751
:1065E0007900741812128C1228A979001228AF7C35
:1065F000107D007900741812128C121B89801A12F7
:10660000E789F9AA08AB091228A990176FE0700969
:106610008E828F83E0F91228AF12221302E77F7473
:106620000468600302E6FD7405121284880C890D6B
:10663000780C1212247402121294AA0AAB0B1228BC
:106640003774021212018A0A8B0BAE0AAF0B852136
:1066500082852283E0700302E77F7415121558E0EB
:10666000700C7417121558AA82AB8312282B74155C
:106670001215587401F07416121558E4F0740912CA
:10668000155812F56F12155812F104741712155897
:10669000E4F07405121284880A890B780A12122415
:1066A000750A13750B00780A1212247C007D00EE27
:1066B000FAEFFB121CB574041212017808121224AE
:1066C0007C107D007A027B01121CA9740212120157
:1066D000E9702078081212247508107509007808EE
:1066E0001212247C007D007A027B01121CB5740416
:1066F0001212017A03790112306B02E77F7403688A
:10670000707D7403121294AA0AAB0B1221A1E960E6
:106710002B7403121284880C890D780C121224AC8D
:106720000AAD0B7AFE7BFF12219B74021212017DCF
:10673000007C007900AA0AAB0B12213B74011212F3
:1067400094740312155812E2591221B374011215F0
:106750005812E7A0701B740112128C1221D1E9703B
:1067600010740312155812EF87740112155812E4B1
:10677000C3AC08AD09AA0AAB0B12224F12226D74EA
:10678000281212017F06020F30EE2405F8E43FF9CB
:10679000E8FEE9FF8E828F83E022852182852283B5
:1067A00012DAA4492212E7BC85218285228322E8DD
:1067B000F0A3E912E356A3A312E7BC22E0F8A3E09A
:1067C000F92274F7120C2974F81212B48A828B839E
:1067D000A3A312E7A07031EA2404FEE43BFFAC213E
:1067E000AD22EEFAEFFB12279BE96401701A122A20
:1067F00053740412155812E80B7402121558EEF077
:10680000A3EF12EF8B1221E302E4CCEAF0A3EBF04A
:1068100022740D1212017F01020F30C082C0838AE0
:10682000828B83A3A3A3A3E0F91228AF1220450211
:10683000E3B11212017F02020F3074ED120C2974C1
:10684000F01212B48A088B09890AECFEEDFFEE4FB4
:10685000700302E920EA4509700302E920A821A992
:1068600022880C890D780C121224750C10750D00FD
:10687000780C1212247C007D007A017B01121CBB73
:106880007404121201E50AF50C852182852283E544
:1068900082250CF510E43583F5117512007810127D
:1068A00012207410C3950CFC95E0FDEEFAEFFB127C
:1068B0001B7D7403121201A821A922881089117866
:1068C00010121220AC0A7D00C3E4950CF895E0F993
:1068D000EE28F8EF39F9E82410FAE439FB121B7DB1
:1068E00074031212017C00ECFAE5082AF8E4350979
:1068F000F9EE2AFAE43FFB88828983E0FD8A828BE5
:1069000083E06DF088828983E0F88A828B83A3A379
:10691000A3A3A3A3A3A3E068F00CECC3940840C70F
:1069200074101212017F0B020F3074F4120C29EA5A
:10693000FEEBFF750800121B958A0A8B0BAA08EA6A
:106940002AFAE433FBEE2AF582EF3BF583E50AF001
:10695000A3E50BF00508E508C3940840D902EC9EB6
:1069600074F2120C2974FC1212B4ECFEEDFF7402E6
:1069700012128488088909780812122474021212EB
:10698000941221BF7402121201E9F50B600302EAAE
:106990007F7402121558E02401F8A3E03402F9854F
:1069A000218285228312EA86A3A312E4C67A187B89
:1069B00000121C318A0C8B0DEA450D700302EA7F30
:1069C000780C121224750818750900780812122420
:1069D0007C007D00740412155812E254121CBB7422
:1069E000041212018E088F09750A0078081212200D
:1069F0007C107D00AA0CAB0D121B7D7403121201DA
:106A0000E50C241412F0FDE50C241012F0FD780CB6
:106A100012122475081875090078081212247C00D7
:106A20007D00740412155812E254121CB57404123D
:106A300012017C187D007900AA0CAB0D121B89AAEB
:106A40000CAB0D121C3785218285228312E1751251
:106A5000EF85E875F009A4F8AAF075F009E9A42A11
:106A6000F9746528F8741639F9E824F7F582E934E1
:106A7000ED12F102E824FBF582E934ED12F102A9EE
:106A80000B740402E78112EA8A22E0FAA3E0F5839C
:106A90008A822274F6120C2974F41212B4EAFEEB04
:106AA000FF74041212947A007B0079AB12278912CA
:106AB0002A4D8A088B09AC08AD09740412128C1295
:106AC0001D21E9603B7404121294EEFAEFFB1223CD
:106AD000C9E96015AC21AD22740412128C1221B9DF
:106AE000E9700D12EB04E070177900740C02E832C3
:106AF0007402121294740412128C1221A1E970E92A
:106B0000790180E785218285228312E179A3A3A3FD
:106B1000A32274F7120C2974FE1212B4ECFEEDFFDE
:106B2000AC21AD221221B9E9F970138521828522A9
:106B30008312E2548E828F83EAF0A3EB80078E8269
:106B40008F83E4F0A3F002DEF87F07020F3074F6C3
:106B5000120C298A828B8312E7A070278A828B838A
:106B6000A3A3E0F8740168600574066870118A8256
:106B70008B83A3A3A3A312E25712244712220D79F9
:106B8000018002790002E83574F6120C2974FE12B5
:106B900012B4E4F508F50978081212247C117D007E
:106BA0007A4C7B00121CA97402121201E9FE7409CE
:106BB0006E702112EF7012122475080275090078A8
:106BC000081212247C007D007A4C7B00121CB574E4
:106BD000041212017508A275091678081212247C95
:106BE000087D007A717B00121CA97402121201E95F
:106BF0004EF9740202E83274F4120C2974FE121277
:106C0000B485218285228312DA9860657E007F0038
:106C10008E088F09E50875F005A4F508A8F075F051
:106C200005E509A428F509901661E02508F50AA3F1
:106C3000E03509F50B780A121224750A05750B0068
:106C4000780A12122412EF4D121CB57404121201AC
:106C500012EE70E064FE7003A3E0F4600A85218206
:106C600085228312ECA3F00EEE70010F12EF464066
:106C70009FA821A92288088909780812122475087A
:106C80000275090078081212247C007D007A4C7B82
:106C900000121CB5740412120174021212017F0456
:106CA000020F30E02401F0A3E034002274EC120C57
:106CB0002974FE1212B4A821A9228808890978082B
:106CC00012122475080275090078081212247C003B
:106CD0007D007A4C7B00121CBB7404121201E96027
:106CE0000302EE4012E79A700302EE40852182858E
:106CF0002283C3E09404A3E09400400302EE407AB0
:106D0000187B00121C318A0C8B0D7E00EA2410F5D2
:106D10000AE4350DF50BEE75F005A4F508E5F0F580
:106D200009901661E02508F50EA3E03509F50F7806
:106D30000E121224750E05750F00780E121224EE35
:106D400075F005A4A9F012EF65121CBB74041212B1
:106D500001E9600302EE2912EE78F9E8FAE9FB8A0C
:106D6000828B83E064FE7003A3E0F4700302EE29DB
:106D7000E50C450D700302EE29780C121224750EF5
:106D800018780E1212247C007D008A828B8312E216
:106D900057121CBB74041212019084047810121450
:106DA000E5850A82850B83781012140B12EE70A30E
:106DB000A3E0F508A3E0F509E50875F009A4F8AA31
:106DC000F075F009E509A42AF9746528FC741639F0
:106DD000FD850A82850B8312151DEC24F7F582EDE3
:106DE00034EDF583121529E50C2414F582E4350DF4
:106DF000F58312151DEC24FBF582ED34EDF58312BD
:106E00001529780C121224780E1212247C007D00B1
:106E1000AA08AB09121CB574041212017C187D007B
:106E20007900AA0CAB0D121B890EEEC3940350031C
:106E300002ED16E50C450D6007AA0CAB0D121C37D0
:106E40007508A275091678081212247508087509C4
:106E50000078081212247C007D007A717B00121CDD
:106E6000BB740412120174021212017F0C020F3063
:106E700012EE788882F58322901661E02508F8A347
:106E8000E035092274F4120C2974F91212B412EFCD
:106E90007012122475080275090078081212247CF9
:106EA000007D007A4C7B00121CB574041212017C28
:106EB000057D007900740212128C121B897E007FFE
:106EC0000074021212848808890978081212247545
:106ED0000805750900780812122412EF4D121CB52E
:106EE00074041212010EEE70010F12EF4640D27AB6
:106EF000187B00121C318A088B09EA450960427C24
:106F0000187D007900121B897E007F00780812121C
:106F100024750A18750B00780A1212247C007D0073
:106F2000EE2401FAEF3402FB121CB57404121201B4
:106F30000EEE70010F12EF4640D2AA08AB09121CE8
:106F400037740702EC9BC39403EF940022EEF8EF32
:106F5000F9E875F005A4F8AAF075F005E9A42AF996
:106F6000E812EF65222402FCE439FD7A4C7B002212
:106F7000852182852283E4F0A3F0A821A922880834
:106F80008909780822A3A312E7BC22F0AA21AB2228
:106F90002274EC120C2974ED1212B4890C7C137D4E
:106FA000007900AA21AB22121B89741012155874A3
:106FB000FFF07E007F00EE2411F50AEF3401F50B9F
:106FC000A821A9228808890978081212247C137D37
:106FD00000AA0AAB0B121CA97402121201E9600389
:106FE00002F0E0EEF8EFF9E875F009A4F8AAF07500
:106FF000F009E9A42AF9748028F508741639F5090E
:10700000E5082404F50EE43509F50FE50CA821A9DF
:1070100022881089117810603612122475101375A9
:10702000110078101212247C007D00AA0AAB0B120A
:107030001CB5740412120185088285098312F104BB
:10704000850E82850F83F0A3F0A3F0A302F0DF1278
:10705000122475101375110078101212247C007D13
:1070600000AA0AAB0B121CBB74041212019083E03D
:1070700078101214E5852182852283781012140B72
:10708000A821A922881089117810121224751013D2
:1070900075110078101212247C007D00AA0AAB0B37
:1070A000121CB574041212018521828522831215E7
:1070B0001D8508828509831215297404121558123A
:1070C000151D850E82850F831215297C137D00798D
:1070D00000AA21AB22121B89741012155874FFF0FC
:1070E0000EEE70010F12EF46500302EFB6E50C6092
:1070F000077A007B0012282B741302EE68F582E4F5
:10710000350DF583E412F5672274F0120C2974E44E
:107110001212B48A0C8B0D8C088D09750AA1852179
:1071200082852283E4F0EC2406FEE43509FFEEFAC2
:10713000EFFB1223BDE9700BEEFCEFFDAA0CAB0DCB
:107140001227957409121284880C890D780C12127A
:10715000247402121294EEFAEFFB12283774021212
:1071600012018A0C8B0DA80CA90D901A2CE0640159
:107170006005E06402703F852182852283E07036DD
:107180007C087D007900740112128C121B8974092D
:10719000121284880C890D780C12122474021212B7
:1071A00094740312128C12283774021212018A0C82
:1071B0008B0DA80CA90DE508240FFAE43509FBEAAC
:1071C000FEEBFF852182852283E0700302F2DE75EB
:1071D0000A00E5082420FAE43509FB741912155851
:1071E000E0604514600E14606C2405606824FE6045
:1071F0001602F2F8901A2CE06401700302F2A1E08A
:107200006402700B02F2A1901A2CE064016005E0A8
:10721000640270078A828B837401F08E828F83747C
:1072200003F0A3740102F2AA741B12155812F55848
:107230008E828F8312E4C690169BE08A828B83F045
:1072400090169BE0C0E0E5082421F582E43509F5BD
:1072500083D0E08055E875F009A4F8AAF075F0092C
:10726000E9A42AF974EB28F8740C39F9E8FAE9FB77
:1072700012F53D780C1214E58A828B83780C12117A
:10728000A950569083BC780C1213AC8A828B8378F9
:107290000C1214C7901A2CE064016005E0640270BF
:1072A0000C8E828F837402F0A314F0804B74111241
:1072B0001558A982AA83890C8A0D750E00780C12C4
:1072C00012207C087D00E5082418FAE43509FB1239
:1072D0001B7D7403121201801F750AA2801A901A76
:1072E0002CE070141230A7E9700E8E828F83740325
:1072F000F0A37401F0750A00A90A741C02DD387449
:10730000ED120C2974DF1212B48C088D097EA17461
:1073100014121558E4F0741512155812E80BEC24E9
:1073200006F50AE43509F50BAA0AFB1223BDE9703C
:107330000302F5217401121284880C890D780C1255
:1073400012247402121294AA0AAB0B122837740288
:107350001212018A0E8B0FE508240FF50CE4350993
:10736000F50D74FF650E700474FF650F700302F570
:107370001012F549AAF075F009E9A42AF9748028D9
:10738000FE741639FF852182852283E0700302F4A2
:10739000177411121558E0602114600E1460302427
:1073A00005601424FE601002F4A9901A2CE0640118
:1073B000602AE06402602502F49C741312155812CE
:1073C000F558850C82850D83E8F0A3E902F4A890B6
:1073D0001A2CE064016005E06402700E850C828561
:1073E0000D837402F0A31402F4A87409121558A9AD
:1073F00082AA83890C8A0D750E00780C1212207CEB
:10740000087D00E5082418FAE43509FB121B7D7499
:107410000312120102F4A9850A10850B11751200DE
:1074200078101212207C087D00740C121558AA8264
:10743000AB83121B7D740312120174111215587460
:10744000FFF074121215587401F0121B95EA540FD4
:10745000C0E07413121558D0E0F0740112155812E0
:10746000F56F12155812F561121284880A890B788B
:107470000A121224750A13750B00780A1212247C62
:10748000007D00AA0EAB0F121CB574041212017C11
:10749000097D007900EEFAEFFB121B89850C8285CD
:1074A0000D837403F0A37401F0E508240EF582E463
:1074B0003509F58312E4BC12151D12F53D1215298C
:1074C0009083BC78081214E58E828F83780812149A
:1074D0000B8E828F8378081214E590830C780C123F
:1074E00014E57808790C120BBAE50C450D450E45EC
:1074F0000F702A8E828F83A3A3A3A3A3A3A3A37435
:1075000001F07A007B049015B1E0F9121BDD800DCB
:10751000850C82850D837403F0A37401F07E0080D6
:1075200015741412128C1223E1E9640170087414AA
:1075300012128C1223D5EEF9742102E922E50824F7
:1075400012F582E43509F58322EA24EFF8EB34FEE4
:10755000F9E875F009A4F822E02404F8E43401F90C
:107560002212F5660422E4F0A3F0A3F0A3F02212A5
:10757000F56674052274F4120C2974CE1212B489C3
:1075800009C2007C0C7D007900AA21AB22121B8964
:107590001222CDE9F8A2E75002D200750800804D12
:1075A000EE2475FE50010FA821A922880A890B78C4
:1075B0000A1212247C0C7D00EEFAEFFB121CA97457
:1075C00002121201E97024A2005020780A1212243B
:1075D000750A0C750B00780A1212247C007D00EEEF
:1075E000FAEFFB121CB574041212010508AE087FF5
:1075F000009038E8E493F8EEC39840A47C087D003E
:1076000079FF7404121558AA82AB83121B89EE24E9
:1076100074FE50010FA821A922880A890B780A124A
:1076200012247C0C7D00EEFAEFFB121CA9740212EE
:107630001201E97024A2005020780A121224750A5F
:107640000C750B00780A1212247C007D00EEFAEF14
:10765000FB121CB574041212017C157D00790074B4
:107660001D12128C121B89741D121284880A890B38
:10767000780A1212247C157D007A827B00121CA9E4
:107680007402121201E97026740165097020780AEB
:10769000121224750A15750B00780A1212247C0048
:1076A0007D007A827B00121CB574041212017C11D9
:1076B0007D007900740C12128C121B89740C12124A
:1076C00084880A890B780A1212247C117D007A3A88
:1076D0007B00121CA97402121201E9702674016564
:1076E000097020780A121224750A11750B00780AA5
:1076F0001212247C007D007A3A7B00121CB57404BF
:10770000121201740C121284880A890B780A121260
:10771000247C117D007A3B7B00121CA9740212129A
:1077200001E97026740165097020780A1212247527
:107730000A11750B00780A1212247C007D007A3B36
:107740007B00121CB57404121201743202EC9B749B
:10775000F1120C298C088D09743A6A7001EB6006ED
:10776000743B6A4B7015780812122475081075095D
:107770000078081212247C0102F7FF74036A700378
:1077800074016B7008750C53750D38801974686A34
:107790004B702F901A2CE064016005E06402706B5E
:1077A000750C43750D38750E80780C1212207C1004
:1077B0007D00AA08AB09121B7D7403121201790027
:1077C000804B74026A700374016B602174626A4BAF
:1077D000601BEA24FCF8EB34FEF9E849600FEA2468
:1077E000FFF8EB34FDF9C3E812DA92501E78081264
:1077F000122475081075090078081212247C007D87
:1078000000121CBB74041212018002790A02EB49B7
:1078100074F4120C2974E81212B489097C187D00E2
:107820007900AA21AB22121B89750800E508240102
:10783000FEE43402FFA821A922880A890B780A12E3
:1078400012247C187D00EEFAEFFB121CA9740212C0
:107850001201E97026740165097020780A12122459
:10786000750A18750B00780A1212247C007D00EE50
:10787000FAEFFB121CB574041212010508EEC39452
:107880000340A9741802EC9B74F7120C29E9FE124C
:10789000318BEEF912229DEEF912227F02E8167466
:1078A000EE120C297A187B00121C318A0E8B0FEA1B
:1078B000450F700302F991750800750900E5087518
:1078C000F009A4F8AAF075F009E509A42AF974658D
:1078D00028F50A741612FA73600302F964E50824A5
:1078E00001FEE5093402FF780E1212247510187596
:1078F000110078101212247C007D00EEFAEFFB12CA
:107900001CBB7404121201E9705A850A82850B832C
:1079100012151DE50E2410F582E4350FF5831215BE
:1079200029850A82850B83A3A3A3A312151DE50E47
:107930002414F582E4350FF583121529780E1212FE
:1079400024750A18750B00780A1212247C007D0039
:10795000EEFAEFFB121CB57404121201850C82853D
:107960000D83E4F00508E50870020509C39403E5FA
:10797000099400A2D265D033500302F8BD7C187D73
:10798000007900AA0EAB0F121B89AA0EAB0F121CB6
:10799000377F0A020F3074EE120C297A137B001223
:1079A0001C318A0E8B0FEA450F700302FA707508BE
:1079B00000750900E50875F009A4F8AAF075F0094A
:1079C000E509A42AF9748028F50A741612FA73607E
:1079D0000302FA55E5082411FEE5093401FF780E8B
:1079E00012122475101375110078101212247C00E5
:1079F0007D00EEFAEFFB121CBB7404121201E97059
:107A000054850A82850B8312151D850E82850F838E
:107A1000121529850A82850B83A3A3A3A312151D22
:107A2000850E82850F83A3A3A3A3121529780E12B6
:107A30001224750A13750B00780A1212247C007D3B
:107A400000EEFAEFFB121CB57404121201850C82D1
:107A5000850D83E4F00508E50870020509C3940369
:107A6000E5099400500302F9B4AA0EAB0F121C37BB
:107A700002F99139F50BE50A2408F50CE4350BF50C
:107A80000D850C82F583E064012274F6120C2974D2
:107A9000F81212B49082C9AC21AD22740812114AB6
:107AA000EA4B6006EAFEEBFF800CA821A9228808B9
:107AB0008909AE08AF09EEFCEFFD7A007B0079ABD7
:107AC00012278FEEFCEFFD7AA27B16121D27750898
:107AD000A27509167808121224750808750900782D
:107AE000081212247C007D007A717B00121CB57490
:107AF00004121201740802E83274F6120C2974DAC6
:107B00001212B47C157D007900741112128C121BB4
:107B10008974111212848808890978081212247550
:107B2000081575090078081212247C007D007A82FD
:107B30007B00121CB574041212017C117D007900C7
:107B4000AA21AB22121B89A821A9228808890978B9
:107B50000812122475081175090078081212247C85
:107B6000007D007A3A7B00121CB57404121201A841
:107B700021A922880889097808121224750811752C
:107B8000090078081212247C007D007A3B7B0012E9
:107B90001CB57404121201742602E83274F2120C3D
:107BA0002974FF1212B4E9FE8A088B098C0A8D0B26
:107BB000750C05EA45096074EC450B606FEE852194
:107BC00082852283F0800990830C1215411217756B
:107BD000AF0C74FF2FF50C0460107C017D00AA210E
:107BE000AB2279A61217EDE970DDE50C70107C016F
:107BF0007D00AA21AB2279A61217EDE9702E750C33
:107C000005800990830C121541121775850C0D74AF
:107C1000FF250DF50C046014AC0AAD0BAA08AB09E6
:107C200079A71217E7E970DB790080027901740106
:107C30001212017F06020F3074F5120C2974F01233
:107C400012B4ECFEEDFF750805EA4B6068EE4F607C
:107C500064852182852283E9F078007900EA28F59D
:107C600082EB39F583E0C0E0852182852283E582BD
:107C700028F582E58339F583A3D0E0F008E87001A8
:107C800009C39EE99F40D685080A74FF250AF508B6
:107C9000046022EE2401FCE43FFDAA21AB2279A678
:107CA0001217EDE970047900800D90830C121541D4
:107CB00012177580D2790174101212017F03020F1E
:107CC0003074F6120C2974FD1212B4740112155896
:107CD000E4F0A3F0852182852283F07E0380099061
:107CE0008310121541121775EEFF74FF2FFE04600A
:107CF0000FAC21AD22740112128C121745E970DF0E
:107D00007401121558E064607004A3E0640160041B
:107D10007901804A7E038009908310121541121761
:107D20007574FF2EFE04600612174BE970EA90830B
:107D3000F01215411217757E0380099083101215F9
:107D40004112177574FF2EFE046008790212175154
:107D5000E970E890831412154112177579007403C5
:107D6000805D74F6120C2974FE1212B48A088B0915
:107D7000ECFEEDFFEA4509603EEE4F603A7C027D85
:107D800000AA21AB227900121733E9702A852182DB
:107D9000852283E0FA7401121558E0F9EA85088219
:107DA000850983F0A3E9F07C017D00EEFAEFFB7911
:107DB00001121733E960047901800279007402121C
:107DC00012017F02020F30C082C08374FF1212B40E
:107DD000852182852283741112FE0D121739E96004
:107DE0000479018002790002FE1DC082C08374FF05
:107DF0001212B4E985218285228312FE13791012B2
:107E00001739E96004790180027900801012FE13AD
:107E1000791222F07C017D00AA21AB22227401128A
:107E20001201D083D0820211CE7F08020F30C082AF
:107E3000C083EA4B600C7C017D007920121733E986
:107E4000600479018002790002FE2274F7120C2985
:107E500074FF1212B4EAFEEBFFEE4F600AAA21ABE8
:107E600022121757E9600479018017852182852243
:107E700083E0A2E1500474018001E48E828F83F0DC
:107E800079007401800274021212017F01020F3026
:107E900074F6120C2974FE1212B4EAFEEBFF8C0881
:107EA0008D09EE4F6027EC450960227C017D00ECD6
:107EB00012128C7921121733E970127401121558BD
:107EC00012FF35AA21AB22121757E960047901800D
:107ED0000C12FEE0850882850983F0790002FDBD61
:107EE000852182852283E01313543F54032274F7C3
:107EF000120C2974FE1212B4EAFEEBFFEE4F601072
:107F00007C027D00AA21AB227922121733E960049A
:107F100079018010852182852283E0FA740112158F
:107F20005812FF2702FE86E0F9EA8E828F83F0A3C3
:107F3000E9F0790022E054078E828F83F0A3E4F009
:107F4000228020000000000000000000000000006F
:107F50000000000000000000000000000000000021
:107F6000000000EAF8EBF9E824FF1AE934FFFBE827
:107F70004970D00211CE74F0120C298A088B098C3A
:107F80000A8D0B80077AE87B0312176F85080C8532
:107F9000090D850A0E850B0F90835478081213ACD7
:107FA000E50C450D450E450F70DB02FE29F0D08330
:107FB000D0820211CEC082C0839061A5E0D2E2F0EF
:107FC000900563E0C39412502D900591E09061728A
:107FD000F0900592E0906173F0900595E0906174E7
:107FE000F0900596E0906175F079087CA57D057AA2
:107FF0006A7B611219A9906180E4F0E0440980ADC8
:10800000C082C0831215E39016F574E7F0A37426BE
:10801000F09016F774EDF0A37426F09016F974F34F
:10802000F0A37426F09016FB74F9F0A37426F00206
:10803000AE0274F7120C299016E7E4F0E99016E608
:10804000F0901A1E129ECB12BAF27CB77D167AEA15
:108050007B16121D27901A20E09016F2F09016F36E
:1080600074A2F0A3741602905174F0120C29EAFE67
:10807000EBFF548070030281D69016E61290D07008
:10808000030281CFEA241B12A95B707CEA241F1231
:10809000A95B64137002A3E0706E8A828B831282E4
:1080A0003B901705129EDE750A00750B00800D12BD
:1080B0008F2812BAF2121C37AA0EAB0FEA4B604897
:1080C0008A828B83E0650C7004A3E0650D702C8AB6
:1080D000828B83A3A3A3A3E0F50EA3E0F50FE50A2B
:1080E000450B8A828B83A3A3A3A360C312916C85E3
:1080F0000A82850B83A3A3A3A380B78A0A8B0B8A6A
:10810000828B83129EDA80B4E508242A12A95BFCD4
:10811000E5082402F8E43509F9E8FAE9FB901705C7
:10812000128325A3A3E0640270388A828B83129E97
:10813000DE800788828983129168E849601F8882FF
:108140008983E06A7003A3E06B70E888828983A367
:10815000A3E06C70DE901A2612ACBF806BECF912B3
:108160002723850882850983E06401704FE5082490
:108170001812822412122812A47E120FFBE5082482
:1081800012128224121228E5081290C4121224E559
:1081900008240B12A482120FFFE508241712906B1B
:1081A000E5082402FCE43509FDE5082419FAE43564
:1081B00009FB123167740A121201800CE06402702C
:1081C00007AA08AB09122813AA08AB09121BA1EED3
:1081D000FAEF64808044EAA2E050139016FD12A4E6
:1081E000FB600612C23A123199EE6401802A5402F1
:1081F000600C901ACF7401F0EA6402FA8023EA540A
:1082000008601A12271DEA4B700B90170712B7630C
:108210007A08128231EE6408FAEFFB80047A007B60
:108220000002C40FF582E43509F583E0F50A780A07
:1082300022FB9016E6E0F9121CFD22A3A3E0F50C48
:10824000A3E0F50D227B009016E6E0F9121CF17414
:10825000042274F4120C298A088B098A828B83A366
:10826000A3A3129CB212907638F583E02409FA1287
:10827000C38C70030283158A828B837402129D2C37
:10828000850882850983128325E8F0A3E912BFE6F9
:108290008A828B83A3A3A3A3A3A3A3A3F0E50824AB
:1082A00003F8E4350912831A1290763AF583E08ECA
:1082B000828B83A3A3A3A3F0EE2409FAE43FFB8EF1
:1082C000828F83A3A312B191F5838882E0A2E58E09
:1082D000828F83A3A3A3A3A3500474018001E4F0BD
:1082E000E5082403F5828983129EDEEA12A45C3B32
:1082F000F58312AFEA1212201290753B12AF388E3E
:10830000828F83A3A3128B95121201EEFAEFFB90DA
:1083100016E612C3F48019F8E43FF98882F583E089
:10832000FAA3E0CA2212A075A3A3227402121201BA
:108330007F04020F3074F2120C298A088B09ECFAC0
:10834000EDFB740E121558E0FC1216198A0C8B0DF9
:10835000AE0CAF0DEA4F6030AC08AD09121607E95C
:108360006026AC08AD09EEFAEFFB12160DE97014A9
:108370008E828F83129214FAEFFB121601AA08ABB9
:10838000091216317900800279B4029FC474F01288
:108390000C2974F61212B4EAFEEBFF8C088D0975F5
:1083A0000FB3852182852283E4F0750E00800205DB
:1083B0000E9038D4E493F8E50EC39840030284B4D9
:1083C000AA0E7B001216558A0A8B0BEA4B60E08AD4
:1083D000828B83A3A31284BB28F0F8C3EE98EF949A
:1083E0000050CC7C157D007900AA08AB09121B89CE
:1083F000850A82850B83A3A3A3A312C822E0F8EE0B
:10840000C3982925E0F8E433F9E50A28F582E50B5D
:1084100039F583A3A3A3A3A3A3129080A312AAE672
:108420008A0C8B0DAC0CAD0DAA08AB09121D27856B
:108430000A82850B83A3E06401700A12A47E740192
:1084400012908880447401121294850A82850B83ED
:10845000129EDC12163DE9603D7409121558E0C009
:10846000E012A47ED0E0F07409121558E0640370A5
:10847000137401121294E508240BFAE43509FB1277
:108480001D278012740112155812916CE50812AA6A
:10849000A0350912BAF0850A82850B8312BCD81266
:1084A0009088A3A3E0C0E0E508241412A482D0E0E1
:1084B000F0750F00A90F740A02C40CA3A3A3E0F87F
:1084C000852182852283E02274F7120C29E9FE8A35
:1084D000828B83A3A3A3A3A3A3E0540860338A825F
:1084E0008B83A3A3A3A3A3A3E0540260218A828B5E
:1084F00083A3A3A3A3A3A3A3A3A3E06406600F7411
:10850000E96E600A74CD6E600574F06E7003122718
:10851000050298B074F0120C2974EF1212B4740FA3
:1085200012155812B6377408121558E9F0ECFEED22
:10853000FF740512155812967A12989CA3E0F9124E
:108540001625740612155812B637740612155812ED
:10855000A4FB70030287CE1290B0E0FA74061215E5
:1085600058E0F912258B12882EF8A3E0F9E849703B
:10857000030287CEEE2403F50AE43FF50BEE240652
:10858000F508E43FF5097C00850882F583129EDE3C
:10859000850A82850B83E0F912162B740312155895
:1085A00012B637850A82850B83E0C0E0852182857B
:1085B0002283128827D0E012A614F9852182852211
:1085C00083128F2F12A1511284BEFAA3E0CA24078E
:1085D000F582E43AF583E8F0A3E412B6482406F500
:1085E00082E438F583E412C7EF129CA6121220EE43
:1085F0001290763F12AF387403121558129CB224B1
:1086000009128B8F121201742912155812C81812F0
:10861000831F12A6273A12BAF0742B121558E0C025
:10862000E085218285228312A4C4D0E0F074021276
:108630001558E4F0742512155878081214E50287CD
:1086400025740312155812B2498882F583128816D0
:10865000A3A3A312AAF1FB121643850E82850F83F2
:10866000A3EAF0A3EBF07403121558128827A312A3
:10867000881612AD00A2E6500F850E82850F83A3E7
:10868000A3A3A3A3E0D2E1F07405121558E0706A29
:10869000850E82850F8312916B901746E0687003F8
:1086A000A3E0697055850E82850F83A3A3A3129062
:1086B00055750C00780C121228780812121C7429B7
:1086C000121558E0F50C780C121228742712155860
:1086D000120FFF901753120FFF79007419121558DB
:1086E000129E9712286D740A121201850E82850F50
:1086F00083A3A3A3A3A3E04405F07402121558E0DA
:1087000004FC8E828F83129ED88E828F83A3A3A3B4
:10871000E0F912162B740312155812B637740212B0
:108720001558E004F0740312155812A4FB60677426
:1087300002121558E0FA740612155812916CC3EA29
:1087400098E49950517402121558128B6685218253
:10875000852283E028F8A3E039F9E8240FF50EE438
:1087600039F50F850E82F583E4F074031215581263
:108770008821640160030286417405121558740152
:1087800012C3FAF0740312155812ADF2128B7EE880
:10879000F0A3E9028665852182852283129EDE127E
:1087A0002591852182852283120FFF742612155888
:1087B000E0FD7425121558E0FC740A121558E0F912
:1087C000EEFAEFFB1226FF740212120180438E8232
:1087D0008F83A3A3A3E0C0E0740C121558D0E0F07F
:1087E00012C223E0C0E0740D121558D0E0F07406F8
:1087F00012155812A4FB7009740E12155874B98022
:1088000007740E1215587410F0740912128C122885
:1088100067741102C40CE0850E82850F83A3A3A3A5
:1088200022E012A5E8E022E012A5E8A3A322852118
:1088300082852283EAF0A3EB12A5042274F0120CC5
:108840002974E01212B47405121558E9F074041278
:108850001558ECF07403121558EDF08A0E8B0F7456
:108860003012155812823DAA0CFB12257F7401129A
:108870001558E9F0AA0CAB0D122585740212155893
:10888000E9F07401121558E07003028B61852182B2
:10889000852283E480158E828F83A3A3A3A3A3E004
:1088A000D2E3F0852182852283E00412C31DF8857E
:1088B0002182852283E0C3984003028B5874011201
:1088C0001558E07003028B58852182852283128B14
:1088D00066E50C28F8E50D39F9E8240FFEE439FFC8
:1088E0008E82F583A3A3A3A3A3E0A2E040B5C200B8
:1088F0008E828F83E07042129EDD1224418B09A983
:1089000009EA4960348A828B83A3A3A3A3E06401AC
:10891000600D8A828B83A3A3A3A3E06403701A8EE5
:10892000828F83A3A3A3A3A3E0D2E7F0D2007402B3
:10893000121558E070030288A3750800750A0875BF
:108940000B007403121558E060037508207C087D45
:10895000007900740612128C121B898E828F83E0BC
:108960006040901796E06401701CE508D2E3F508BA
:10897000750B108E828F8312916B7406121558122C
:10898000B17974FF807C43080C750A0C8E828F834A
:10899000A3128B7612BAF2740612155874FFF0A364
:1089A00080607405121558E06009E508D2E6F50804
:1089B000750A0A8E828F83A3E064FE7003A3E0F43D
:1089C00070307413121558740412BCF6F8741E1229
:1089D0001558E8129D2C741312128C1223ED7D0091
:1089E0007C0079007416121558AA82AB8312213BC1
:1089F00080118E828F8312916B7406121558E8F0E5
:108A0000A3E9F07408121558E508F01290A7C0E029
:108A1000740A121558D0E0F0740B1215587401F056
:108A2000740612128C1228197412121558E0600381
:108A3000028B2A740E12155812A60F8E828F83A3F2
:108A4000A3A3A3F0740E121558129CF5E50AF0A327
:108A5000E50BF07404121558E0C0E0129C88D0E0D9
:108A600012AD006011901796E0C0E0740E12155818
:108A7000129CD0D0E0F0740E12155812916C850C37
:108A800082850D83A3A3A3A3A3128B6F241C12B60C
:108A90003112C7FF128B7112ACB23912C246C0E05C
:108AA000129C6FD0E012C312C0E0740E121558125F
:108AB00097B6D0E012C005C0E0740E121558129798
:108AC000ACD0E0F0740E121558128B76128B6F2416
:108AD0002A12B631850E82850F83A3A3A3A3A3A375
:108AE000A3A3E012B62A129096C0E01297A2D0E09B
:108AF000F0740E121558129EDE850E82850F8312B9
:108B0000C3282428F582E43B12BAF012909F12AFDA
:108B1000EA12122012AF31EA12B5B23B128B931255
:108B20001201740612128C12281F8E828F83A3A347
:108B3000A3A3A3E0D2E0F07412121558E060030280
:108B40008896A20050087402121558E014F07401BF
:108B5000121558E0140288A27900AA0CAB0D122756
:108B60000B742002C40CE075F007A4F8A9F022A34E
:108B7000A3129EE2E822E0128B7EA3A3A322F8A315
:108B8000E0F9850E82850F83A322129CC6242FF55F
:108B900082E438F583129EE2121B7D74032274F086
:108BA000120C2974E81212B4E9852182852283F01F
:108BB0008A0E8B0F8A828B83A3A3A3A3A3A3A3A351
:108BC000E0F91225A98A088B09EA4B7003028C711F
:108BD000E50E12A4741290BF129060852182852246
:108BE00083E06003028C747C04850E82850F83A36E
:108BF000A3A3A3A3A3A3A3E0F91225AFEE4F607133
:108C00008E828F83129168740712155812BB0F124F
:108C1000916C740912155812AFF3C0E0741112155B
:108C200058D0E012BFEBA3129166740F12155812C0
:108C3000BAF27412121558E412C402C8241FF58245
:108C4000E438F583128CE4C413135403FC70027CE3
:108C5000048E828F83E0F97808121224742059FD63
:108C6000744059F9740312128C1226FF7402121206
:108C70000102C40A7C08850E82850F83A3A3A3A3E7
:108C8000A3A3A3A3E0F91225AF8B0BEA4B70030259
:108C90008BFCEE4F60DB852182852283E0F50C782A
:108CA0000C121228850882850983A3A3A3A3A3A37A
:108CB000A3E0F50C780C1212288A828B83A3A3A35D
:108CC000E0FB8A82850B8312D0488A82850B83E081
:108CD000FA8E828F83A3A3E0F912316D740212120F
:108CE00001028C00E0F812B611E02274F7120C2990
:108CF00074FA1212B4E9FE780179017F00800379D9
:108D0000000F12A054E0FCEFC39C5026EF75F00753
:108D1000A4FC85F008AD08EA2CFCEB3DFD12963270
:108D2000E0A2E050DA540C60D6E0A2E250D3780022
:108D300080CF8A828B83A3A3A3A3A3A3E0703DE982
:108D4000A2E0400574016E70338A828B83A3A3A3D3
:108D5000A3A3A3740112903EE0C0E074031215585F
:108D6000D0E0129691E0C0E07404121558D0E0F003
:108D70007405121558E812B1E612286774060298B5
:108D8000ADC082C083790112270B02AE0274F412C7
:108D90000C29EA4B901ACF6019E4F08A088B09F588
:108DA0000AF50B780812121C7A021282451212017F
:108DB000800A7401F07A027B0012823202833074DE
:108DC000F0120C2974F31212B47403121558E4F063
:108DD000A3F09017051290607401121558E4F0A3E7
:108DE000129D3104F0901740E0A2E35003028EB2CE
:108DF0001290327409121558121529740912155857
:108E000078081214E5901707780812129C7405125E
:108E1000155878081214C7128F3574051215587832
:108E20000812148850077A017B00028F2374051200
:108E30001558780C1214E5901A25E0F509780C798C
:108E400008120BBAA80CA90D901A26E0C398E49951
:108E50005003E08001E8852182852283F0740912A5
:108E6000155878081214E5C008C009C00AC00B7470
:108E700005121558780C1214E5128F35780C790804
:108E8000120BBAE4F50AF50BD00FD00ED00DD00CB2
:108E9000780C7908121370901707780C1214C78099
:108EA00011128F2812BAF2EEFAEFFB121C37AE083D
:108EB000AF09EE4F60658E828F831284BBC39850DA
:108EC0002DEE2403F8E43FF9E0FA88828983E0C3B9
:108ED0009AF06023740312155812937574011215D9
:108EE00058EEF0A3EF12B650FEA3E0FF80C48E82CE
:108EF0008F83A3A3A3E4F08E828F8312D4E2740144
:108F000012155812A4FB8E828F83A3A3A3A3609192
:108F100012BAD7121558128F2F8089740312155860
:108F2000129EDE740D02C40C12917090170522126D
:108F3000AAB0A3A322901A2412D4EAE4F50AF50BEE
:108F40002274F0120C298A088B09890A78007900AA
:108F5000901705129060FBEE4B601E088E828F8387
:108F6000A3A3A3A3129E91601008E87001098E824A
:108F70008F8312905CEA4F70E3901A27129EDEC333
:108F8000E89AE99B40030290257A06129028A80CE3
:108F9000A90DEA4970030290258A828B83E508F0C7
:108FA000A3E509129047E50AF0901A2612A05C1278
:108FB000903EA3E4F0A3F0901705129E91600D8EF1
:108FC000828F83A3A3A3A312BAF28017901705126E
:108FD000BAF2901740E0A2E34009129032901707CE
:108FE000121529901740E0A2E3503A7A087B0090CE
:108FF00016E6E0F9121D03EA4B4C4D7028901A2436
:10900000E0F508A3E085080CF50DE4F50EF50F7802
:109010000C12121C7A087B009016E6E0F9121CF77D
:10902000740412120102C40F7B00121C318A0C8BD3
:109030000D22121D0FEAF8EBF9ECFAEDFB2212906B
:109040004222129047A322F08A828B83A3A322E5B7
:1090500008F00298B012A969A3A3F022A3A3A3A3C6
:10906000E0FEA3E0FF227F05020F30F582E4350920
:10907000F583E0F922EA12907A222410F582E422A4
:1090800012AAC8A3A3A3A32212908C22F0850A825D
:10909000850B83A3A322E50E24111290BCE022E5E8
:1090A0000E240E1290BC22E50E24101290BCE02279
:1090B0001290B422EE12907A3FF58322F582E435C5
:1090C0000FF58322240FF50AE43509F50B780A22FF
:1090D000E0F9121BB38A088B09EA4B2274F2120CD6
:1090E00029890B8A088B098A828B83129EDE1227BC
:1090F0002FEA4B600479B8806A12273BE9F8903870
:10910000D7E493F9E8C399400479B280567A1512EE
:109110009028AE0CAF0DEA4F7004791080458A821A
:109120008B83E4F0A3129047E50BF0750A007808F2
:109130001212207C127D00EA240312C2E4121201F2
:1091400090170B12A4FB700890170B800C12916CF7
:109150008882898312917A70F4EEF0A3EFF01227DF
:109160004D7900029FC4A3A3A3A3A3A312917022CD
:1091700012917422E0F8A3E0F922129EE2EA4B88F1
:1091800082898322C082C08390170B80048C828DD9
:109190008312D049EC4D60288C828D83A3A3E069B3
:1091A000600574FF6970E68C828D83A3A3A3E06AD7
:1091B0007003A3E06B70D6EC2403FAE43DFB80045B
:1091C0007A007B0002AE0274F7120C29E9FD74FEEE
:1091D0006D70047C0180027C0090170B80096D701B
:1091E000027C018882898312A4FB601F88828983A4
:1091F000A3A3A3E06A7003A3E06B70E7ECA2E0888E
:10920000828983A3A3E050D6F9800279FE0298B048
:10921000EEF9800CA3A312D4EAEE2274021212011A
:109220007F02020F301291748E828F8322C082C01F
:1092300083790090170B800109E0FAA3E08A82F598
:1092400083E582458370F102AE0274F6120C29E4C4
:10925000F508F50978081212249038D7E49375F0D0
:1092600013A4A9F012936A12C843121201E9FE7402
:10927000096E700312274702921074F6120C2974BB
:10928000FE1212B4852182852283E4F0A3F0A82186
:10929000A92288088909780812122475080275091C
:1092A00000780812122412C4AC12120102921B742C
:1092B000F5120C2974EB1212B4852182852283E405
:1092C000F0A3F090170B80748E828F83A3A3E0C06D
:1092D000E07402121558D0E012A9B0A982AA8389BD
:1092E000088A09750A0078081212207C127D007421
:1092F0000612155812C8081212017402121284883C
:10930000088909780812122475081375090078086D
:10931000121224740412155812A4AD75F013A4F897
:10932000AAF075F013E912936612C4B41212018503
:1093300021828522831293758E828F83129060EE34
:109340004F7085A821A9228808890978081212245B
:10935000750802750900780812122412C4AC1212A2
:1093600001741502C906A42AF9E82402FCE439FDB7
:109370007A427B0022E02401F0A3E03400F0227462
:10938000F4120C2974EB1212B47E007F00A821A9FC
:10939000228808890978081212247508028E097833
:1093A000081212247C007D007A4212C84F1212016A
:1093B000E9706C8E0880567402121284880A890B38
:1093C000780A121224750A13750B00780A121224F7
:1093D000E50875F013A4F8AAF075F013E5091293E7
:1093E0006612C851121201E9701B7403121558AAB3
:1093F00082AB837402121558E0F9122729E970052F
:109400000EEE70010F0508E508700205098521823E
:1094100085228312916CC3E50898E509994098EE7E
:10942000FAEFFB741502832D74F6120C298C828DD1
:1094300083A3A312967FF0EA12B5B83BF583E0C090
:10944000E012963CD0E0F012960F12916C1296202A
:1094500012967AF0A3F0EA241FF582E43BF583121A
:109460009060EC1296093DF583EEF0A3EFF01296B2
:10947000193BF58312964AA3A3A3A3A3A3EEF0A3DB
:10948000EF12B16AFE8C828D8312968974035EFEA0
:10949000C3940340030295FCEE600874026E6003FF
:1094A0000295298C828D83E0540CFE740C6E70033F
:1094B000029566E0A2E4400D88828983E08C828D6B
:1094C00083A312969F74086E600302956612962A13
:1094D0007401F08A828B83A3A3A3A3A312A976703D
:1094E000148C828D83E0440C129691A3A312964AA9
:1094F000EEF0A3EFF08C828D83E0A2E4402B888213
:1095000012965812966D500109F582129658A3A32F
:10951000A3A3A3A3F0A3EF1296998C828D83A3A398
:10952000A3F0E82403F850010988828983E0C0E0B1
:10953000EC12C2113DF583D0E01296898C828D83A6
:10954000E0A2E7507588828983E0FE8C828D8312C9
:10955000969F74FC5E700C8C828D83A3E054036430
:1095600003701E0295FC12962AE4F0740C6E6003E0
:109570000294D3888212965E12966D50010902946D
:10958000F58C828D83A3E05403603288828983E066
:10959000C0E0EC1296443DF583D0E01296A08C8298
:1095A0008D83E054036402701488828983E0C0E0F4
:1095B000129632D0E01296A08003A3E4F0EC12A43D
:1095C0005C3D12BAF0EC2410FEE43DFF12960FE071
:1095D000F5088E828F83E0C3982508F508F0EA2409
:1095E00017F8E43BF98882F583E0C39508C0E012E0
:1095F0009620D0E012B16AC39508500A129620E472
:10960000F012963CE4F00292202415F582E422EA5E
:10961000241DF582E43BF58322EA240DF582E42241
:10962000EC240DF582E43DF58322EC12A6273DF5EE
:109630008322EC2414F582E43DF58322EC12907A27
:109640003DF583222413F582E422E0FEA3E0FF8CA3
:10965000828D83A3A3A3A32212965EA3A322898350
:10966000E0F508A3E0FFE5088C828D8322A3A3A385
:10967000A3F0A3EFF0E82402F82212967FA322E4DD
:10968000F08C828D83A3A3A3221296A7A882A9831C
:1096900022129042A3A3A3A3221296A7A3E022A37F
:1096A0001296A708A9832212B173A32274F4120C94
:1096B0002974F31212B48A0A8B0BECFEEDFF8C8234
:1096C000F583E0540CF508E0A2E75006E508D2E780
:1096D000F508E508D2E1F50812A9767006E508D28A
:1096E000E4F508E0A2E55006E508D2E5F5087C08B7
:1096F0007D007900AA21AB22121B89740212155831
:10970000E50812C7EAC0E07403121558D0E0129DB4
:1097100031E50AF0A3E50BF0740512155812C00AE2
:10972000121558E070777408121558129CB212B1D5
:10973000583812C02FC0E074081215581297B6D0CE
:10974000E012C005C0E074081215581297ACD0E0C2
:10975000F074081215581297C2E0129CDA12AFF793
:1097600012B62AEE241112A946C0E01297A2D0E048
:10977000F0EE241412A946C0E07408121558129C89
:10978000B22435F582E438F583D0E0129CFFC0E0C6
:109790007408121558129CB6D0E012BCE8740D0281
:1097A000832DE82432F582E439F58322129CC61217
:1097B000C20338F58322129CC62426F582E438F5CC
:1097C0008322129225A3A3A3A3A3A32274F7120CAE
:1097D000297E008A828B83A3A3A3A3A3A3A3A3A30D
:1097E000E06404600302988C12A61FE060030298F4
:1097F0008C12A4733B12A4F9700302988C8882899E
:1098000083E05403600302988CE812A62739F5839D
:10981000E0FA8C828D83A3A3E0FBA3E0CB12C211FC
:109820003BF583E06A706588828983A3A3A3A3A321
:10983000A3A3A3A3129890E06A7003A3E06B704CFB
:1098400088828983A3A312989CE0FFA3E0CF24061B
:1098500012A9466A7003A3E06B703188828983A3E2
:10986000A3E0F88C828D83A3A3E0F9A3E0F58389BC
:1098700082A3A3E06860138C828D83A3A3A3E0F589
:10988000838982E0540C640470027E01EEF980202A
:1098900012989422129EE68C828D8322A3A31298A2
:1098A00094A3A322740C121558E0F9740D1212013E
:1098B0007F01020F3074F6120C2974FC1212B4EA04
:1098C000FEEBFFECFAEDFB8C82F583A3E054036022
:1098D0001690170112A4FB60597900EEFCEFFD12FF
:1098E000C23A123199804B852182852283EEF0A302
:1098F000EFF07402121558129D21AC21AD227A6549
:109900007B271229E18A088B09A808A909EA49607E
:10991000218A828B83A3A3A3A3A3A3A3A3A37406D7
:10992000F07A0088828B83129CB212B5D9E0F912CA
:10993000290F740402921D74F2120C2974F312128E
:10994000B4EAFEEBFF8A82F583A3A3A3A3A3A3A398
:10995000A3A3A3E0F50A901ACFE0700579BA029CA0
:109960006C750801750900750C00750D007C087D8B
:10997000007900AA21AB22121B89740512155874B4
:1099800001129D39540460127402121558E0D2E697
:10999000129D3954087003750803E0541060067472
:1099A000404508F508E0540860227402121558E09A
:1099B00044C0129D395420600A7403121558E0D235
:1099C000E080087403121558E0D2E1F0EE2415127D
:1099D000A946129C9A7003740169700674084508C0
:1099E000F5088E828F83A3A3A3A3A3A3A3A3E070F0
:1099F00016122A5385218285228312B637740212E9
:109A00001558E0D2E2802C640F70107402121558C1
:109A1000129D4174044508F508807B8E828F83A3D4
:109A2000A3A3A3A3A3A3A3E064028E828F837006E3
:109A300012AFDAF08060A3A3A3A3A3A3A3A3E0645F
:109A400003700DAC21AD22EEFAEFFB12279B80468E
:109A50008E828F83A3A3A3A3A3A3A3A3E064017017
:109A600035901796E060107402121558129D4175DA
:109A70000910750AFF80187402121558E0440C1280
:109A80009D3174FDF0A374FFF074044508F5088E51
:109A9000828F8312823DEE241512A946A2E0503F28
:109AA0007402121558E0540C701B8E828F83129E24
:109AB000DE122255E9700579BB029C6C7402121506
:109AC00058E0D2E5F0EE241512A946A2E050107439
:109AD00002121558E0540C64047004E0D2E5F0EE74
:109AE000241112A946C0E07404121558D0E012C027
:109AF0000C121558E06003029C6574081215581288
:109B00009CF5E508F0A3E509F0129C90E0C0E01296
:109B10009C88D0E0F0129C79E0C0E07408121558DF
:109B2000129CB212964438F583D0E012AFF764016C
:109B30007011901796E0C0E07408121558129CD06E
:109B4000D0E0F07408121558129CF0129C83FAE8C9
:109B5000241CF582E439F583EA129D2CEE2415FAD3
:109B6000E43FFB8A82F58312D049E812ACB239F5A2
:109B700083129D21EE241C12A946C0E0129C6FD0D6
:109B8000E012ADF8129C9A700374016970137408A6
:109B900012155812A60FFAEE241D12A946F9122525
:109BA000B58E828F83A3A3A3A3A3A3A3A3A3E0C083
:109BB000E074081215581297B6D0E0F07408121528
:109BC000581297ACE50AF0740812155812A4AD2487
:109BD00028F582E439F583E50CF0A3E50D129D0725
:109BE000129CDA12A9C512B62AEE129C83C0E0E8D4
:109BF0002433F582E439F583D0E0F0EE241B12A97A
:109C000046C0E07408121558129CB6D0E0F0EE245D
:109C10001A12A946C0E07408121558129CB22432D8
:109C2000F582E438F583D0E0129CFF129CA6121254
:109C30002012C20912D049740B121558128B8A12C5
:109C40001201EE241512A9465440601290172112F9
:109C5000A4FB600AAA21AB2212C23A123199AA21AE
:109C6000AB2212281F740C121558E0F9029FBFE8AE
:109C70002420F582E439F58322EE2419F582E43FAD
:109C8000F5832212C21CE022E812B15C39F583226E
:109C9000EE2418F582E43FF583225480F8A3E054C3
:109CA00001F974806822F508A3E0F509750A0078C7
:109CB0000822129CC622129CC62434F582E438F590
:109CC0008322A3A3A3A3129CCA22E0F8A3E0C82284
:109CD000129CC612960938F58322FAA3E0FBE82409
:109CE0002AF582E439F583EAF0A3EB22A3A3A3A328
:109CF000129170EE2212A4B112A47839F58322F0E9
:109D0000EE241312A9CD22F0EE240D12A9CD22E0EB
:109D1000FC8A828B83E02CFCA3E03400FD8A828BDA
:109D200083ECF0A3EDF02212A4DA7404F0A3E4F0C3
:109D300022F085218285228322F0EE241512A9CDFE
:109D400022E0D2E3F0129D49228E828F8312C82036
:109D5000E8F0A3E9F02274F7120C298A828B83A31E
:109D6000E0640170047E6380027E648A828B83E0FB
:109D700060087905129D8A24F3FE90173EE0600783
:109D8000F9129D8A24F2FE02988C1228DFE9F8EE7F
:109D9000C3982274F6120C2974FE1212B485218223
:109DA00085228312B637E9FEECFAEDFB900412121D
:109DB000A4FB6032A821A922880889097808121218
:109DC000247D01740E121558E0FCEEF99004121275
:109DD000B60B1231997402121201EA4B6004790039
:109DE000800679B2800279B602921B74F7120C29B0
:109DF000E9FE9016F512A4FB601F7409121558E0D5
:109E0000F5087808121228EEF99016F512B60B1222
:109E100031997401121201800279B60298B074F778
:109E2000120C298908ECFEEDFF79B5E508245F6086
:109E30000C14603414601624F8604880519016E8C1
:109E400012916C8C828D83E8F0A3E9801890041441
:109E5000129E916039E0F5838A821231998E828F49
:109E600083EAF0A3EBF080249016F712D049EC4D72
:109E7000601CEEFCEFFD9016F712B60B123199E95B
:109E8000F9800B9016F3129E97121D277900029805
:109E9000B0129EE2EA4B2212D04DEEFAEFFB227492
:109EA000F7120C29E979B5245F600624F6600E806C
:109EB000178C828D83129ECB12BAF280099016F312
:109EC000129EDE121D2779000298B0129170901632
:109ED000E8228E828F83A3A3A3A3A3A3A3A3129E8E
:109EE000E222129EE622E0FAA3E0FB2274F1120CB9
:109EF00029EAFEEBFF8C0A8D0B750801901746E0EE
:109F00006E7003A3E06F700C129FB3AA0AAB0B1222
:109F10001D27805E122A59EE6A7002EF6B7009AA43
:109F20000AAB0B122A5F804AAC0AAD0BEEFAEFFBCC
:109F30001223C9E9F508901A2CE070361230A7E90F
:109F40007030E508702C901715E06E7003A3E06F79
:109F50007020EE4F601C750C0D750D17750E007896
:109F60000C1212207C087D00AA0AAB0B12C80C123E
:109F70001201A90802D14574F2120C29EAFEEBFF86
:109F80008C088D09750A01129FB3EEFAEFFB121DC2
:109F900021E96401700B90174612AAC412BAF2802C
:109FA0000EAC08AD09EEFAEFFB1223CFE9F50AA9D2
:109FB0000A8011122A4D8A0C8B0DAC0CAD0D227447
:109FC0000D1212017F06020F3074F6120C29EAFE00
:109FD000EBFF7A0D7B00121C31EA4B6062EE242409
:109FE00012C4E1F0EE242512C4E1A312A08112C430
:109FF000E7A3A312C23E12A05CF0EE12A04212A090
:10A0000071E8F0A3E912A09812A06912BAF2EE1258
:10A01000A04B12C308A3A3A3A3F0EE243312A946B6
:10A02000C0E012A054D0E012C03312A069A3A3A3D1
:10A03000E8F0A3E912A090C0E012A61FD0E0F00261
:10A040009220242AF582E43FF58322242EF582E42F
:10A050003FF58322EA12AAA03BF5832212A06022D8
:10A06000E08A828B83A3A3A32212C356A3A3A3A334
:10A070002212A075221291748A828B83A3A3A3A3B8
:10A0800022F012A08622EE2426F582E43FF58322F8
:10A09000F0EE243212A9CD22F0EE242C12A9CD220A
:10A0A00074F4120C2974FE1212B4ECFEEDFFEC24D1
:10A0B0001612A94664057010EC2406FCE43FFD125C
:10A0C0002795E9700302A14CAC21AD2212C596126E
:10A0D000225B85218285228312A4FB606B8E828F96
:10A0E00083E064017058E875F009A4F8AAF075F0EF
:10A0F00009E9A42AF9746028F8740439F9E8FAE93E
:10A10000FB8882F58378081214E5EE12A1EE121492
:10A11000884027852182852283129CF012A954123F
:10A12000A15178081214E59083BC78081213AC8A08
:10A13000828B8378081214C7800A79A28010EE24DB
:10A140000F12BAEC7900800679A1800279C80283E7
:10A150002B129D50EE12C2282274F2120C298A0C86
:10A160008B0DECFEEDFFEC12A954E4F0A3F090830C
:10A170005478081214E5EC12A1EE12131F6067EC7C
:10A18000240E12A94D703478B390173DE0702890DA
:10A19000176FE064017020EC241112A946F912280F
:10A1A000C78B09A909EE12A4743F12B635EA4960BB
:10A1B000047800800278A18808802EE060046402A0
:10A1C000700A1227A7E9F5087007801DE064037084
:10A1D00010EEFCEFFDAA0CAB0D122285E9F508800C
:10A1E000087508A180037508A3A908029FC412C2BC
:10A1F0002878082274F0120C2974F51212B4EAFEC1
:10A20000EBFFEA240AFCE43F8C82F58312D4E612C9
:10A21000A48A74031212948A828B8312B41DE9708B
:10A220000302A2DD7401121294740312128C122222
:10A230005B740112155812A4FB700302A2DDE875CD
:10A24000F009A4F8AAF075F009E9A42AF9745C28C9
:10A25000FC740439FDE508240E12A482E4F0041213
:10A26000155812916CE50812A474350912BAF08CD5
:10A27000828D8312151DE508241212A4821215295D
:10A280009083BC78081214E58C828D8378081214B0
:10A290000B8C828D83780C1214E590840078081260
:10A2A00014E5780C7908120BBAE5084509450A450A
:10A2B0000B702A740112155812A4AD75F009A4F898
:10A2C000AAF075F009E9A42AF9746428F5827404E7
:10A2D00039F5837401F07A007B0812A4A48E828F72
:10A2E00083A3A3A3A3A3A3A3A3A3A3E02406FCA3E4
:10A2F000E03400FD8E828F8312B41D12C017603EC1
:10A30000EE240A12A466129CF57468129D2CE812C1
:10A31000A45C39F5837402F090172712151D8C8206
:10A320008D8312B62412B1583CF5831215299083FF
:10A33000BC78081214E5901727780812140B12A4A1
:10A34000E670609016F312A498A3A3A3A3A3A3A3FB
:10A35000A3A3A3E0240612AABD121D21E9701012C6
:10A36000B14C9016F312B162700512C01760348EB2
:10A37000828F83A3A3A3A3A3A3A3A3A3A312A4989D
:10A38000129EDE12228BE960118E828F83A3A3A31B
:10A39000A3A3A312A4D2E4F0A3F08E828F8312A40D
:10A3A000BAE4F012A4E6600302A4578E828F83A35E
:10A3B000A3A3A3A3A312D4E290173DE0600302A4D9
:10A3C0004C90176FE06401600302A44C750A3A7563
:10A3D0000B00780A1212247402121284880A890B64
:10A3E000780A12122412CAE1121201E9705BE50820
:10A3F000240E12A482740112A500C0E0E508241105
:10A4000012A482D0E0F0E508240F12A482743A125C
:10A410009D2C90172312151DE508241212A48212F8
:10A4200015299083BC78081214E590172378081238
:10A43000140B9083BC78081214E590172378081247
:10A44000131F700812A4A0800312A48A12A4E6703D
:10A450000612AF2374A1F0740B02C40C12A4602284
:10A46000240EF582E422F8E43FF9E8FCE9FD888255
:10A47000F58322EA12A47822240FF582E422E5086B
:10A480002413F582E43509F58322E50812A4783512
:10A4900009F583E4F0A3F02212D04D8E828F83223F
:10A4A0007A007B029015B1E0F9121BDD2212A4B1F3
:10A4B00022129174E8228A828B83A3A3A3A3A3A36D
:10A4C000A3A3A3A312A4C822129CCA12A46038F5A5
:10A4D0008322A3A3A3A312A4DA22129CCA240FF5F9
:10A4E00082E438F583228E828F83A3A3A3A3A3A340
:10A4F000129CC2240FF582E438F58312A4B14922DC
:10A5000012A50422F0852182852283E02274F612AE
:10A510000C29EAFEEBFF7A237B00121C31EE240AA1
:10A52000F508E43FF50985088212B6357C237D00E5
:10A530007900121B8985088285098312A4FB7003A8
:10A5400002A5CEEEFAEFFB1227B312A4E660748EDA
:10A55000828F8312A60564018E828F83A3A3A3A397
:10A56000A3A3700712A5FB740E802112A4FB701028
:10A5700012C017700B8E828F83A3A3E0A2E0500756
:10A5800012A5F1740D800512A5F1740512C03354A3
:10A59000036401700712A5D57405800B90173EE087
:10A5A000C0E012A5D5D0E012A614F583888212A9C6
:10A5B0006F850882850983129CB212B5B838F5837D
:10A5C000E9800E85088285098312B6BE800312B524
:10A5D000E0F00292208E828F83A3A3A3A3A3A3A360
:10A5E000A3A3A312A5E722E0F8A3E0F5838882A342
:10A5F000228E828F83A3A3A3A3A3A3129CC212B50E
:10A60000BE38F58322A3A3A3A3A3A3A3A3A3A3124A
:10A61000A4C8E02212A6182212C5C8F8A3E022EAB4
:10A6200012A6273BF58322240CF582E42274F11252
:10A630000C2974E41212B48A0C8B0D8C088D097AE3
:10A64000237B00121C318A0A8B0BAE0AAF0BEA4F38
:10A65000700302A92E12B5C4E508241512A95B687F
:10A660007003A3E0698E828F837004740280027489
:10A6700001F0E508240DF8E43509F98882F583E056
:10A68000FAC3E49AFA95E0FBE508240E12A95B2AC6
:10A69000FAA3E03BFB8E828F83A3A3A3A312B18412
:10A6A0008E828F83A3A3F0EE2420F582E43FF5830E
:10A6B000E4F0EE2421F582E43FF583E4F0EEFAEFD6
:10A6C000FB12289185088285098312A97670098E6C
:10A6D000828F83A37405800690173E12A964F0EE62
:10A6E0002417F50AE43FF50B8E828F8312A96FE9D8
:10A6F000850A82850B83F0EE2416F8E43FF9E5081D
:10A70000240EFAE43509FB88828983129D0FE5083F
:10A710002410FAE43509FB850A82850B83E0FC8866
:10A72000828983E0F88A828B83E0C398C39CF81205
:10A73000A9B0F0EEFCEFFDAA0CAB0D1227ADE9F5C8
:10A740000B8E828F83E06402700612B14C12A9381E
:10A75000E50B600302A925750C00750D00901A2CFD
:10A76000E064016005E06402703F12A94A6008EEEF
:10A77000242112A94D70328E828F83A3A3A312B518
:10A78000E612A97CEE241612A94612A9A5FAE4390C
:10A79000FB12902AEA4B601112AFE212122012A9AA
:10A7A0008AAA0C12C80C121201EEFAEFFB12289DB5
:10A7B000E9F50B901A2CE064016008E06402600384
:10A7C00002A918E9700302A918E50C450D700302EF
:10A7D000A9258003850E0B12A94A600BEE242112D5
:10A7E000A94D600302A91E850B0E850C08850D0975
:10A7F000750A00780812122012A98A8E828F83A30C
:10A80000A3A3A3128B95121201EE242012A9466075
:10A810000D12A9537468129D2CEE24208015EE248D
:10A820002112A946601512A9537403F0A37401F014
:10A83000EE2421F582E43FF583E4F0EEFAEFFB121B
:10A84000289DE9F50B70907C137D00790074091246
:10A85000128C121B89741A121558740112A9C5643E
:10A86000687002A3E0704F8E828F8312A4D2E064DE
:10A8700005600302A7D47C0879FF8E828F83A3A38F
:10A88000A3A3E0242A12AABD121C13E9700302A795
:10A89000D47C087D0079FF740112128C121B89741C
:10A8A000011212947A007B0079AB12278F7419126F
:10A8B000155874FC801512A953E064037004A3E0DA
:10A8C00064017008741912155874FFF0E4F508F566
:10A8D0000978081212247402121294741312155873
:10A8E000AA82AB8312B7441212018521828522838A
:10A8F000E0602B7409121284880889097808121202
:10A900002475081375090078081212247C007D0054
:10A9100012C4B41212018006E50C450D6007AA0CA2
:10A92000AB0D121C37EEFAEFFB121C378003750BD0
:10A9300010A90B741C02D142EE2406FAE43FFB126C
:10A940001D2722EE240C12A9CD22EE242012A9CD1F
:10A95000640122EE12A4783FF58322F582E43509E2
:10A96000F583E02212A969A322E08E828F8322A3BD
:10A97000E0F91228DF22E0540364012212A98022A8
:10A98000E0FAE82AF8E43400F9228E828F83A3A348
:10A99000A312B5EA12A980EE241612A9CD12A9A518
:10A9A000FCE439FD22FAE82AF8E439F9E824042223
:10A9B00012A9B42212A9B82212A9BC22F08E828F49
:10A9C00083A3A3A322F012A9CA22EE240FF582E4E6
:10A9D0003FF583E02279010211CE74F4120C29EACA
:10A9E000FEEBFF8A82F583A3A3A3A3A3A3A3A312D1
:10A9F0009CB22424F582E438F58312A976702E8A5D
:10AA0000828B8312A605702512AAD2E06405701D00
:10AA100012AAD2A3E0F87401686005740668700792
:10AA200012A4B67402800512A4B67403F0EA240AD4
:10AA300012B6B212B60BE4F0EA24081283172431DE
:10AA4000F582E43AF583E0C0E012AAA6D0E012AAAB
:10AA5000F1CA242EF582E43AF583E0C0E012AAA6FA
:10AA6000A3D0E012B23BC812AAA038F58312AAC440
:10AA700012B5F312AAE68A0A8B0BAC0AAD0B850855
:10AA800082850983E0240612AABD121D278508824B
:10AA9000850983129EDE12289D12B6ADF002833026
:10AAA000240BF582E42285088285098312AAB0224C
:10AAB00012B5FBA3A322EE12BCCDE02412FAA3E050
:10AAC0003400FB2212AAC8221291748508828509DB
:10AAD00083228A828B83A3A3A3A3A3A3A3A312BFCE
:10AAE000FEF583888222A3A3A3A3129D50122A4DB0
:10AAF0002212B16EFAA3E02202A9D5C082C08390CF
:10AB0000171774B9F0A37427F090171974C5F0A340
:10AB10007427F090171B74CBF0A37427F090171DC7
:10AB200074BFF0A37427F002AE0274F4120C29EA89
:10AB30002408FEE43BFF8E82F58312A4AD12B5D04B
:10AB4000E0F50874035508F50912B198F8A3E088F8
:10AB500082F583E508F0A3A882A983E5096009745A
:10AB6000026509600302AC17740C5508FC600A7496
:10AB7000086C600574046C7026740265097006E543
:10AB800008A2E4401A8A828B83A3A3A3A3A3A3A34E
:10AB9000A312AD1D12C2033D12ACB8A308A9837461
:10ABA0000C6C701C12AD19242812AD072428F582F4
:10ABB000E43DF583A312BE3AF0E82402F8500109FF
:10ABC000740265097006E508A2E4404B12AD192431
:10ABD0002A12AD07242AF582E43DF583A312ACC7FF
:10ABE00012AD2312BE3A12AD23A312ACBFE8240467
:10ABF000F8500109EC600F74086C600A740C6C600A
:10AC00000574046C701112B6182426F582E43C1207
:10AC1000ACB8A3A882A9838A828B83A3A3A3A3A38E
:10AC2000A3A3A312ACE754037014E508A2E1400EFD
:10AC300012B61812ACB23CF583E05480600812AC36
:10AC4000CD12ACBA80199016E7E0C0E012ACCDD0BE
:10AC5000E012ACFA8882898312ACFA0412B173A3B1
:10AC6000A882A983E508A2E750458E828F8312ACA3
:10AC7000E78882898312AD0012ACEC540360301275
:10AC8000B6182434F582E43C12BE38F0E508A2E19F
:10AC9000501D8A828B83A3A3A3A3A3A3A3A3128380
:10ACA0001F2435F582E43A12BE38A3F0E8240302EB
:10ACB0008330241EF582E422F58312ACC7F0221201
:10ACC000ACC7A3A3A3F022E088828983228A828B67
:10ACD00083A3A3A3A3A3A3A3A3E0FCA3E0CC243258
:10ACE000F582E43CF58322E012ACEC22FCA3E0CC3C
:10ACF0002425F582E43CF583E022F09016E7E0227B
:10AD0000F08E828F83E022F582E43DF58312ACC79A
:10AD100012AD1422F012AD19228E828F83E0FDA3B2
:10AD2000E0CD22A312AD14242CF582E43DF583225C
:10AD3000C082C0838A828B8312ADF2FC74035CF9FB
:10AD40008A828B83A3A37401F0E9600574026970A1
:10AD500061740C5CF8600A740868600574046870BB
:10AD6000137402697005ECA2E440098A828B83A304
:10AD7000A37402F0740C68700A8A828B83A3A3E028
:10AD80002402F07402697005ECA2E440258A828BEB
:10AD900083A3A3E02404F0E8600F740868600A74D9
:10ADA0000C68600574046870098A828B83A3A3E031
:10ADB00004F0ECA2E7502A8A828B83A3A3E004125A
:10ADC000ADF8128828E0540360178A828B83A3A30E
:10ADD000E004F0ECA2E150098A828B83A3A3E00493
:10ADE000F08A828B83A3A3E004F0801685218285FC
:10ADF000228312A5E7A3E022F08A828B83E022124D
:10AE00001201D083D0820211CEC082C0838A828B8D
:10AE100083A3A3A3A3A3A3A3A3A3A312A4FB600937
:10AE20008A828B83A3A312AE2B80D7A3A3A3A3A351
:10AE3000A3A3A312AE3722129EE6121C372274F28D
:10AE4000120C2974F31212B4EAFEEBFF740C121503
:10AE5000587401F012B69B12A4FB600612B60412DD
:10AE6000319912A943600302AEF37C087D0079009A
:10AE7000AA21AB22121B897402121558740112AF59
:10AE80003F12C81812AFF3F8A3E0C812961A38F5AB
:10AE900083E02409C0E07404121558D0E0F0740572
:10AEA00012155812C00A121558E07047740812158E
:10AEB0005812BADD740E12AF3F12D047850C82854E
:10AEC0000D83A3AA82AB83121D27129ED212A05417
:10AED00012AFEA1212201296193B12AF38E50C2479
:10AEE00009FAE4350DFB12C80C121201AA21AB229B
:10AEF00012281F8E828F83A3A3A3A3A3A3A3A312AD
:10AF0000A4FB60078E828F8312AE2BEEFAEFFB124A
:10AF100027E3740C121558E0C0E012AF23D0E0F024
:10AF2000029FBF12AF2722EE240CF582E43FF58387
:10AF300022E50E12907A350FF583E0FC7D00221297
:10AF4000BCFA12B6102274F5120C2974F31212B462
:10AF5000EAFEEBFF7C087D007900AA21AB2212BA41
:10AF6000B4A3A3A3A312AFDA12B650C0E0740412C4
:10AF70001558D0E0F07402121558740112AFF7C0E2
:10AF8000E07405121558D0E012B63D6401700974E2
:10AF900002121558E0D2E5F0AA21AB22122819744A
:10AFA0000C121558E070278E828F8312AFE81212B0
:10AFB000208E828F83A3A3A3A312AF3A740B121522
:10AFC00058128B8A121201AA21AB2212281F740C6C
:10AFD000121558E0F9740D02C90612C81CE8F0A356
:10AFE000E9228E828F83A3A3A3A312D4EA750A0059
:10AFF000780822E8F0A3E912BB29E02274F6120CCB
:10B000002974F21212B4EAFEEBFF8A82F58312C8A9
:10B010001212BAF2EA12BCC912B5F3A3E0C0E0748E
:10B0200002121558D0E012B25312B2427404121533
:10B030005812BAF27402121558E06404700F12AA82
:10B04000B6740612155812B184241A8032E06401D5
:10B050006005E064067036EE240212831712B158C0
:10B060003AF583E0C0E07403121558D0E012B16ADB
:10B07000241312AABD740612155812B184241B128F
:10B08000B2427408121558E8F0A3E980277406123A
:10B090001558E4F0A3F012AAB6740812155812B1AC
:10B0A00091C8241AF582E438F583E0C0E0740A12EE
:10B0B0001558D0E0F0740612155812A4FB601F74E6
:10B0C00006121558129EDE1223BDE96401700F129C
:10B0D000B14C740612155812B16264017009AA21AC
:10B0E000AB221228738060AA21AB22122261E9648C
:10B0F000017054740C1212947406121558129EDECC
:10B1000012279BE96401703F740C1215581297C204
:10B1100012B179A3A3E4F09016BFE0601512B41346
:10B1200070108E828F83A3A3A3A3A3A3A3A37401F0
:10B13000800D8E828F83A3A3A3A3A3A3A3A3E4F074
:10B14000EEFAEFFB1227EF740E02921D122A4D8ABF
:10B15000088B09AC08AD092212B15C222412F582D9
:10B16000E422129EE2121D21E92212B16E2212B1D6
:10B1700073E022F08882898322129D508E828F8311
:10B18000A3A3A32212B18822EAF0A3EB12B173E0C9
:10B190002212B188F8A3E02212C091E022C082C03E
:10B1A0008374FC1212B412B1EC240112B242740284
:10B1B000121558E8F0A3E912B1E6122879740402D6
:10B1C000ADFFC082C08374FD1212B412B1EC1288BC
:10B1D00022C0E07402121558D0E012B1E612287FA6
:10B1E000740302ADFFE4F0AA21AB22228A828B8392
:10B1F000A3A3A3A3A3A3129D4D8A828B83A3A3E041
:10B2000022C082C08374FA1212B48A828B8312C85D
:10B210001212B265C0E07402121558D0E012B23BAF
:10B22000F5838882A3A3E0C0E07405121558D0E02E
:10B2300012B1E6122885740602ADFF12B16EF8A3B2
:10B24000E022F8A3E03400F922E02402F8A3E0347D
:10B2500000F92212B16E240222E8F0A3E9F0EA24F8
:10B2600002F8E43B2212B259F98882F58312B5F74D
:10B27000A3E02274F4120C2974FB1212B4EAFEEB60
:10B28000FF8A82F58312B351601624FE601824FEF3
:10B29000601A24FB601C24FE700302B34002B34317
:10B2A0001227F502B3431227FB02B343122801020F
:10B2B000B3438A828B83A3A3A3E08882F583E582CC
:10B2C0002409F508E43583F5097403121294A3AA3E
:10B2D00082AB8312279BE9640170688521828522F5
:10B2E00083743612B65024F7C0E07401121558D09A
:10B2F000E0F0740212155812B1E51224B38A0A8BD9
:10B300000BAE0AAF0BEA4F603A7403121558E01205
:10B31000C3E512C5C4C0E0EA12B348D0E0F0750A34
:10B320000078081212201296193F12AF38EA12BAAA
:10B33000BA128B93121201EEFAEFFB1224AD8003C6
:10B34000122807740502832D2424F582E43FF58337
:10B350002212B40724FB2274F6120C2974E4121290
:10B36000B4EAFEEBFF74011212948A828B83A3A3CA
:10B37000A3A3A3A312B41D74091212848808890917
:10B3800078081212247402121294740312128C128E
:10B39000B744121201852182852283E06034741A39
:10B3A000121558E06004640170289016C1E0702204
:10B3B0008E828F83A3A3A3A3A3E070168E828F83B4
:10B3C00012B40160378E828F83A3A3128CE66407C8
:10B3D000602A8E828F83A3A3A3A3A3A3A3A3E07059
:10B3E0000E12B41360097A347B01122075800DEEC1
:10B3F000FAEFFB90171F12B60B123199741C0292D0
:10B400001D12B407640622A3A3E0F8A3E0F5838825
:10B4100082E0228E828F8312B407640522129EE29C
:10B420001227952274F4120C2974FA1212B4EAFE4F
:10B43000EBFF12882E2408F582E43B12B643240A5F
:10B44000F582E43812B64312B5D912B1E51227DD00
:10B4500012ADECF50812B5C485218285228312B5A0
:10B46000F3E0687003A3E069602EE508A2E55028C8
:10B47000852182852283A3E0FB90171712B60B1259
:10B480003199852182852283129CB2240A12A4F567
:10B49000700612ADECC2E5F012A943600302B5AD2F
:10B4A00074031215587436F0740212155812B5E66A
:10B4B000A3A3E028C0E07404121558D0E012B63DF2
:10B4C000C0E07405121558D0E012BB22F8A3E0F9D1
:10B4D000E849601BE812B5B839F583E0FAE812B51F
:10B4E000BE39F583E02AF87404121558E028F07488
:10B4F0000312128C1224B38A088B09A808A909EA3E
:10B5000049700302B5A28E828F83129EDE888289E3
:10B5100083A3A312B637E812B1583912C02FC0E086
:10B52000E812B5D0D0E012C005C0E0E82425F582CD
:10B53000E439F583D0E012B650C0E0E8242EF5825D
:10B54000E439F583D0E0F07402121558E0FA12B134
:10B55000982AFCA3E03400FDE812B5B239F5831255
:10B560009D21E82431F582E439F583EA12BB22FA01
:10B57000A3E0FBEA4B6019E8242FFAE439FB8E8242
:10B580008F83A3A312B61C12B5BE3CF583129D0F88
:10B590008E828F83A3A3A3A3A3A3A3A3E8F0A3E90D
:10B5A000800AEEFAEFFB1227E312B5E0F074060210
:10B5B000832D242FF582E4222417F582E422241619
:10B5C000F582E422122A538A0A8B0BA80AA90B22BD
:10B5D0002424F582E439F5832212A62738F5832244
:10B5E00012AF2774102212B5EA22E0F88E828F8300
:10B5F000A3A32212B5F72212B5FB22E0FAA3E0F5CD
:10B60000838A8222EEFAEFFB901719E012B610221D
:10B61000F8A3E0F5838882228A828B83A3A3A3A365
:10B62000A3A3A3A3E0FCA3E0CC22FAA3E0FBE824BD
:10B630002CF582E439F583EAF0A3EBF02212B6553B
:10B64000A3E022F583E4F0A312A504F8A3E0C82246
:10B6500012B655E02212A9B8A32274F6120C29EAF8
:10B66000FEEBFFEA12A944702812B69B12A4FB60FD
:10B670000612B60412319912A943700B129ED2120F
:10B6800024AD12B6AD8009EE240812B6B212B6BED1
:10B69000F0EEFAEFFB1227E30292201227D78E82F8
:10B6A0008F83A3A3A3A3A3A3A3A3A3A32212AF2720
:10B6B000E922F508E43FF509850882F5832212AEF8
:10B6C00037850882850983E4F0A32274F4120C29DB
:10B6D0008A088B09ECFEEDFF12B5C4EE241512A901
:10B6E00046687003A3E069600EAA08AB09122255F0
:10B6F000E9700479018011EEFCEFFDAA08AB099016
:10B70000171D12B60B12319902833074F7120C29EF
:10B71000EA4B701F7E007F0012B74A50247C107DD8
:10B7200000EE2404FAEF3401FB121CC10EEE70E8A7
:10B730000F80E57C107D008A828B8312B75A121C21
:10B74000C10298B01228377402229038C8E493F8E6
:10B75000740193F9C3EE98EF9922E02404FAE434DB
:10B7600001FB22E4F0A3F0A3F0A3F02274F1120C89
:10B770002974DF1212B4EAFEEBFF740D1215581291
:10B78000BAF612128C12BAB4E06404600302B83044
:10B7900074051215587422F0740D121558E06003E8
:10B7A00002BA8812BAD312155812BB09121558746E
:10B7B0000112BB22C0E07406121558D0E0F012BA94
:10B7C000B9F58312916C740712155812BB0FA3A31D
:10B7D000A3E0640170097403121558E0D2E5F07417
:10B7E0000112128C122819740D121558E060030210
:10B7F000BA88740912155812BADD740512C033855F
:10B800000C82850D83A312B650F8A3E0F9E84970C5
:10B810000302B8E512AFE21212207C107D00E50CA5
:10B820002402FAE4350DFB12C80C12120102B8F71B
:10B830008E828F83A3A3E06401600B8E828F83A32B
:10B84000A3E064067074901A2CE070641230A7E9CB
:10B8500070278E828F83A3A312AFE61212207C087A
:10B860007D007A0D7B1712C80C1212018E828F8315
:10B8700012916C90171512BAF2901A0AE0640270D5
:10B880002F740E1212848808890978081212247401
:10B890000212129412C01C121201741E121558E0EA
:10B8A0007009852182852283E0700579B102BAAFE3
:10B8B0007405121558742302B7978E828F83A3A341
:10B8C000E06402600B8E828F83A3A3E06403700A9E
:10B8D0007405121558741B02B797740D121558741D
:10B8E000B3F002BA887C107D007900E50C2402FADE
:10B8F000E4350DFB121B89E50C2412F50C500205F2
:10B900000D8E828F83A3A3E06401600B8E828F83F0
:10B91000A3A3E06406700E8E828F8312BABFA38544
:10B92000820C85830D8E828F83A3A3A3A312D0479D
:10B93000AA0CAB0D1223B7E50C2408F50C50020538
:10B940000D8E828F83A3A3E0640460168E828F83A2
:10B95000A3A3E06401600B8E828F83A3A3E064063F
:10B96000700FAC0CAD0D7A007B0079AB122789808B
:10B970000C8E828F83A3A3A3A3A312BABF8E828F40
:10B980008312BACB60087409121558129D27740DE2
:10B99000121558E0600302BA888E828F83A3A3E059
:10B9A0006404600302BA6E740E1212848808890956
:10B9B0007808121224740212129412C01C1212017E
:10B9C0008A088B09852182852283E0700D74FF6AC5
:10B9D000700374FF6B700302BA8812BAB912A4F92B
:10B9E000600A740112128C1227E980087401121285
:10B9F0008C12281F8E828F83A3A3A3A312823B7570
:10BA00000E00780C1212207C087D00741912155853
:10BA100012C808121201741E121558E0700C74201E
:10BA2000121558AA82AB8312282B741E1215587453
:10BA300001F0741F121558E4F0741212155812BA5E
:10BA4000FE12155812BAFE121284880A890B780A5F
:10BA5000121224750A13750B00780A1212247C0046
:10BA60007D00AA08AB0912C4B4121201801A12BADE
:10BA7000B912A4F9600A740112128C1227E9800825
:10BA8000740112128C12281F901A2CE0701A1230B6
:10BA9000A7E970147C087D0079007A0D7B17121BD2
:10BAA00089901715E4F0A3F0740D121558E0F9749D
:10BAB0002102D14212BE2FA322EE12AAA03F22A33E
:10BAC000A3A3E0850C82850D83F022129EE2122A48
:10BAD000E9E9228E828F8312917074012212BFD7FE
:10BAE000F50CA3E0F50D850C82F58322F582E43F89
:10BAF000F583129D5022E4F07C08FDF90422E4F065
:10BB0000A3F0A3F0A3F0740E22129D50740322E858
:10BB1000F0A3E912BB172212BB1B2212A9BCA3A3DC
:10BB2000A32212BB29A3A3E02212BB1BA3A322744E
:10BB3000F0120C2974ED1212B48A0E8B0F8C0A8D40
:10BB40000B7EFF7FFF8C828D83E4F0EC4D6004EA76
:10BB50004B70077AFF7BFF02BC0E75080075090069
:10BB6000802474FF6E700374FF6F701274081215D6
:10BB700058AA82AB83122C2DE9700312BC1305085E
:10BB8000E508700205099038CAE493F8740193F946
:10BB9000C3E50898E509995071A821A922880C8964
:10BBA0000D780C121224750C13750D00780C1212FE
:10BBB000247C007D00E5082411FAE5093401FB121C
:10BBC000C851121201AC0EAD0F7408121558AA829A
:10BBD000AB83121D21E964017088850A82850B837D
:10BBE0007401F07423121558129E91601AA821A9AD
:10BBF00022880C890D750E00780C1212207C137DA2
:10BC00000012C80C12120112BC13EEFAEFFB7413EF
:10BC100002C40CE5082411FEE5093401FF2274F684
:10BC2000120C2974F31212B412BD66121558740C5A
:10BC3000F07405121558740112BCFF6009740212E9
:10BC40001558742180077402121558740112C00C23
:10BC5000121558E07056740812155812BFD3F50823
:10BC6000A3E0F509850882F583740612B650FCA39B
:10BC7000E0FD850882850983A3AA82AB83121D2774
:10BC8000EE12BCC912BCD8A312BCF185088285098A
:10BC900083A3A3A3A3A3A3A3A3A3A312BCF6C0E05F
:10BCA000E508240B12A482D0E012BCE88E828F83B8
:10BCB000A3A3A3A3A3A3E0700479008007740C12CC
:10BCC0001558E0F9740D02921D12BCCD222402F821
:10BCD000E43FF98882F58322E0850882850983A301
:10BCE000A3A3A3A3A3A3A322F0AA21AB2212281FDC
:10BCF000221296A7E02212BCFA2212BB1BE02212EB
:10BD0000BB17A3E02274F7120C2974F31212B412B9
:10BD1000BD661215587409F0740512155874011295
:10BD2000B6506401700974021215587421800774AA
:10BD300002121558740112C00C121558E0702474C8
:10BD40000812155812BFF5740712C033FCA3E0FDAA
:10BD500088828983A3AA82AB83121D27AA21AB22E2
:10BD600012281F0298A4EAFEEBFF7C087D007900F0
:10BD7000AA21AB22121B89129D4974042274F71266
:10BD80000C2974F31212B4EAFEEBFF740C1215586E
:10BD9000E4F07C08FDF9AA21AB2212BE2FE0640179
:10BDA000600A8E828F83A3E06404706674041215A7
:10BDB000587402F0740C121558E070538E828F8301
:10BDC000E0852182852283129D2C740212155874FD
:10BDD00021F0740512155812C00A121558E0702F80
:10BDE000740812155812BFF5740812C857AA82AB0E
:10BDF0008312BE3A12ADF86402700D12D043E824EB
:10BE000002FAE439FB121D27AA21AB2212281F02D5
:10BE100098A48E828F83A3E06402700974041215C3
:10BE200058740A808E740C12155874B3F080E012A6
:10BE30001B898E828F83A322F58312ACC7A3227441
:10BE4000F4120C2974B61212B48A088B098A828BF8
:10BE500083A3A3E06404600302BFCC901A2CE070BB
:10BE60000302BFCC12C017600302BFCC740F1212C2
:10BE7000947A007B0079AB12278985088285098333
:10BE800012D049740F12128C1223C3E9700302BF3F
:10BE9000CC7437121284880A890B780A121224741F
:10BEA0000212129485088285098312C0261212019B
:10BEB000852182852283E0700302BFCC744712156E
:10BEC00058E06401600302BFCC7427121284880A10
:10BED000890B780A121224750A10750B00780A1261
:10BEE00012247C007D007A027B0112C851121201DB
:10BEF00074011215587403F07417121284880A8999
:10BF00000B780A1212247429121284880A890B7879
:10BF10000A1212247C087D00740512128C12C7E4E8
:10BF2000121201740E121558E4F07C08FDF9740227
:10BF300012128C121B897402121558E4F0A3F074CB
:10BF4000041215587401F074071215587401F07436
:10BF500006121558741AF0740212128C12281974F1
:10BF60000E121558E07065740A12155812BFD3FEF0
:10BF7000A3E0FF8E82F583740F12BFE68E828F835B
:10BF800012C8621212207C087D00741212128C12E8
:10BF9000C80C121201740F121294EE240212A93B63
:10BFA00074171212848808890978081212207C10EC
:10BFB0007D00EE240A12C2E4121201740212128CE5
:10BFC00012281F740E121558E0F9800279C2744AC3
:10BFD00002832D12BFD72212BFDB22129CCA12B5D8
:10BFE000B238F583E02212BFEBE022F085088285AB
:10BFF0000983A3A32212BFFEF98882F5832212BF10
:10C00000DBF8A3E02212A9B4E0227401F0AA21AB6C
:10C0100022122819740C2212285BE9228E828F8347
:10C02000A3A3A3A3A3A3129EE2122837740222F5AE
:10C0300083740112C0372212C85BA3E022C082C001
:10C040008312C04E740DF0A37428F002AE021227C2
:10C05000D190171F22C082C0837C0879FF9016F30D
:10C06000129EDE121C1302AE0274F7120C29E9FEB6
:10C0700012A4733B12A4F9601588828983A3E0544B
:10C0800003700BEEFB12C09112C0C612C09B029847
:10C09000B0E8240BF582E439F58322E0F91231731C
:10C0A00022C082C083EAF8EBF98A82F583A3A3A3B6
:10C0B000A3A3E0FB8A828983A3A3A3A312C0C6A380
:10C0C00012C09B02AE02E0FA88828983A3A3227485
:10C0D000F0120C298A0C8B0D8C0E8D0F890B12908F
:10C0E0007512C7FA2430FA12C2EE700302C1FF8A39
:10C0F000828B837401F0850C08850D09750A007820
:10C10000081212207C177D00EA241912C2E41212D0
:10C1100001850E08850F0978081212207C097D0020
:10C12000EE240212C2E41212017410121558129C6D
:10C13000F0240B12BAEC741212155812C22FC0E080
:10C1400012A953D0E0129699C0E012C209D0E012B1
:10C15000BCF1C0E01290B0D0E0F07414121558E0B9
:10C16000C0E012C223D0E012C23EE4F0A3F0741586
:10C1700012155812151DEE1296443FF5831215291B
:10C1800012C217E50B12C30DA3A3129CEC240D12CF
:10C19000BAEC7419121558E0C0E0129C90D0E0126D
:10C1A000C82CE06029EE2430FAE43FFB12C2023FC3
:10C1B00012C246F508A3E0F5097808121220E50C32
:10C1C000129076350D12AF3812C80C121201EE24FF
:10C1D0001A12A9465403601D90170312A4FB600CA9
:10C1E000EEFAEFFB12C23A1231998013EEFAEFFB2E
:10C1F000121BA1800AEEFAEFFB9016E612C3F402BE
:10C20000C40FEE2427F582E422EE12C2113FF5831B
:10C21000222411F582E422EE12C21C2212B5B83F8C
:10C22000F58322EE12C2282212B15C3FF58322125E
:10C2300091708882F583E022EEF912B61222F01294
:10C24000C2023FF58322F583EAF0A3EBF0E50C246C
:10C250000E12C835E02274F2120C298A0C8B0D7A6A
:10C260002012C2EE606C8A828B83740412C33F1268
:10C27000C30812C3128A828B83A3A3A3A3A312C3EE
:10C280000D12AFEA1212207C107D00EA240612C2C1
:10C29000E4121201850C82850D83A3A3A3A3A3A39B
:10C2A00012D047EE2416FAE43FFB1223B7850C8226
:10C2B000850D83A3A3A3A3A3A3A3A3A3A3E0C0E08B
:10C2C00012C2D5D0E012C31DC0E012C2FED0E012EF
:10C2D000C331029FC4EE12ACB23FF583227C087DCD
:10C2E00000EA2404FAE43FFB121B7D7403227B0066
:10C2F000121B9B8A088B09AE08AF09EA4F22EE2475
:10C300001FF582E43FF5832212A060A32212C31717
:10C31000A32212C317E02212D4CBA3A322F0E50C70
:10C3200012AAA012C838E022A3A3A3A3129170EA14
:10C3300022F0EEFAEFFB9015B1E0F9121BA722F004
:10C34000850C82850D83E012C356129D50850C82A8
:10C35000850D83A3A322F8A3E0F98A828B83A3A38C
:10C360002274F4120C298A088B097A0C12C38C608F
:10C37000188A828B83740612C39C129CA612122008
:10C3800012C2DD12120112C3ED0283307B00121BB8
:10C390009B8A0A8B0BAE0AAF0BEA4F2212A618F942
:10C3A0008A828B83A3A3129D50850882850983A36B
:10C3B000A3E02274F6120C29EAFEEBFF7A057B005B
:10C3C000121B9BEA4B601B8A828B83740812AD00A0
:10C3D00012C3E512C0338A828B83A3A3A3A3F012F6
:10C3E000C3F102922012C356E8F0A3E922EEFAEF5D
:10C3F000FB9015B1E0F9121BA722F0850E82850F84
:10C40000832212C3FAE0F8A3E02274181212017F0B
:10C4100008020F3074F6120C2974EC1212B4EAFE02
:10C42000EBFF8A82F58312BACB707C12C0176002D0
:10C4300080758E828F83A3A3E070658E828F83A325
:10C44000A3A3A3A3E06404705774011212848808A4
:10C450008909780812122474021212949016F312A9
:10C46000C026121201852182852283E06032741178
:10C47000121558E06401702812C4BA12122475080B
:10C480000175090078081212247C107D007A117B56
:10C490000112C4B412120179001231017A01800232
:10C4A0007A0079011230E3741402921D7C007D0041
:10C4B0007A427B00121CB57404227402F085820853
:10C4C000858309780822C082C08390172D74CDF02F
:10C4D000A37428F090172F74C1F0A37428F002AE53
:10C4E00002F582E43FF583E08A828B832274F512A1
:10C4F0000C2912C5A5850882F583E054078A828B32
:10C5000083A312C5C4131313541F5403C0E0EA12CB
:10C51000C59ED0E012C5C4C4135407F50A7904A31C
:10C52000AA82AB83121B8FEAF8EBF9ECFAEDFB124F
:10C53000C22312152912C58E7405F0E50AA2E05037
:10C5400017E5082405FCE43509FD12A938EE241688
:10C5500012A9462408F0800C7C087D00790012C5E1
:10C5600096121B89EE240E12A94D701FEE2416F8A8
:10C57000E43FF98882F583E0FAE5082A12A95BC056
:10C58000E012C209D0E012B16A04F002C909EE1249
:10C59000B5BE3FF58322EE2406FAE43FFB2212A447
:10C5A000603FF58322EAFEEBFF8A82F583A3A3E0D6
:10C5B000F88A828B83A3A3A3A3E028F508A3E03421
:10C5C00000F5092212C5C822F0850882850983E09A
:10C5D0002274F2120C298A0A8B0BEA241612C6590D
:10C5E000640D70047E0180027E008A828B8312C5F6
:10C5F000ADEEC43354E0F9EA12C67133333354F864
:10C60000F88A828B83A3E04849850882850983F0F4
:10C61000A3858208858309EA12C67A120FFBAA084D
:10C62000AB0912CADB1212018A088B09EEA2E05094
:10C6300016E50A2406FCE4350BFD121D27E5082447
:10C6400008F50850020509E50A12C6716401700672
:10C65000E50A12C662F0029FC4F582E4350BF58349
:10C66000E02212C211350BF583E08508828509832B
:10C670002212A460350BF583E02212B15C350BF574
:10C68000832274F4120C2974C71212B412C5A58A3D
:10C69000828B83E07005122897800CA3E0F8850850
:10C6A00082850983E048F012C223120FFB74301216
:10C6B0001294850882850983E0F912C5961228BB79
:10C6C00074041212018E828F83A3A3E0C0E0740170
:10C6D000121558D0E0F0EE241612A946C0E07402FC
:10C6E000121558D0E012C005C0E07403121558D0DE
:10C6F000E012C7EAC0E07404121558D0E012A9C5D0
:10C7000064017004A3E064017018740C121294EEBA
:10C71000242212A946F9EE2418FAE43FFB12224320
:10C72000800E740C12129412A953129EDE122297DC
:10C73000740C121284740A121558E8F0A3E9129DC1
:10C740003174FF12C7EF640270098521828522834C
:10C75000E4800DE0640370418521828522837402A8
:10C76000F0741C121284880A890B780A121224743D
:10C770000E121284880A890B780A1212247C087D12
:10C7800000740412128C12C7E4121201741C1212EB
:10C7900084740A12155812BAF28E828F83A3A3A34F
:10C7A000A3120FFF742E121294740312128C8E8235
:10C7B0008F83E0F91228D37402121201E9FE850872
:10C7C0008285098312CE70741C12128C121B897C14
:10C7D000107D007900740C12128C121B89EEF97412
:10C7E0003902832D1228E574042212C85BE022F07E
:10C7F000EE240E12A9CD22F582E412C838E022E51B
:10C800000C12A62712C83822AA82AB83121B7D7491
:10C810000322A3A3A3A3A3A312C81C2212C82022ED
:10C82000E0F8A3E0F985218285228322F0E50C243B
:10C830001012C83522F582E4350DF583221228EB5B
:10C84000740422121CA97402227C007D007A3A7BB7
:10C8500000121CBB74042212C85B22F08E828F83EC
:10C86000A322A3F0122A4D8A088B09750A007808C2
:10C870002274F4120C298A088B0978081212247584
:10C880000A11750B00780A12122412C849121201FB
:10C89000E9701090172312151DE508241112A482C7
:10C8A00012152902833074F5120C2974EF1212B498
:10C8B000E9852182852283F08A088B09750A007830
:10C8C000081212207C107D00740412155812C8083A
:10C8D000121201A821A922880889097808121224B5
:10C8E00075081175090078081212247C007D007A01
:10C8F0003B12C4B21212017C117D007900AA21AB57
:10C9000022121B8974111212017F03020F3074F07E
:10C91000120C2974EB1212B4E9FE7A1112CA3170AA
:10C920000302CA2C7808121224750A11750B0078BC
:10C930000A1212247C007D007A3B12C84F121201A9
:10C94000E9600302CA18850882850983E06E6003E6
:10C9500002CA187A117B00121C318A0A8B0BEA4B2F
:10C96000700302CA18780A121224750C11750D0092
:10C97000780C12122412C849121201E9600302CA8B
:10C98000047808121224780C1212247C007D007A9C
:10C990003A12C4B212120190176F7401F09083C45E
:10C9A000780C1214E5901723780C12148840069026
:10C9B000172312B76385080C85090D750E00780CD6
:10C9C0001212207C117D00740312128C12C80C12FA
:10C9D000120190172312151D7411121558121529E2
:10C9E000A821A922880C890D780C121224750C1527
:10C9F000750D00780C1212247C007D007A8212C41E
:10CA0000B21212017C117D007900AA0AAB0B121B35
:10CA100089AA0AAB0B121C377C117D007900AA0889
:10CA2000AB09121B89AA08AB09121C37741502C482
:10CA30000C7B00121C318A088B09EA4B2274F3121A
:10CA40000C2974FF1212B48A098B08EBC43354E02A
:10CA5000F8EA33333354F849488C828D83F0A3AE1F
:10CA600082AF83740E121558120FFBEEFAEF12CA42
:10CA7000DA1212018A0A8B0BAE0AAF0BE5086019B5
:10CA8000122A4D8A0A8B0BAC0AAD0BEEFAEFFB12A1
:10CA90001D27EE2408FE50010F74016509703375DF
:10CAA0000A3A750B00780A12122474021212848852
:10CAB0000A890B780A12122412CAE1121201E970D3
:10CAC0000B85218285228312A96980058E828F833E
:10CAD000E4F07401121201029066FB121C07740448
:10CAE000227C017D007A007B00122C3374042274B6
:10CAF000F7120C298908ECFEEDFFEAFCEBFDEEFADB
:10CB0000EFFB121D277409121558120FFBEE2408B3
:10CB1000FAE43F12CADA1212018A828B8302904F22
:10CB2000E9F874020458F97402B900028004C333AE
:10CB3000D9FC541CF90211CE74F4120C2974FE12A3
:10CB400012B48908750A3A750B00780A1212247417
:10CB500003121284880A890B780A12122412CAE17D
:10CB6000121201E970567401121558E0650860440C
:10CB7000750A3B750B00780A121224740212128493
:10CB8000880A890B780A12122412CAE1121201E9EA
:10CB9000702E852182852283E06508701FE0F8747D
:10CBA00001121558E0C398500F852182852283E039
:10CBB000F91228AF7E3A80067E3B80027E007F001D
:10CBC000EEFAEFFB02832B74F0120C2974D21212CE
:10CBD000B47403121558E9F0740112155812B637DF
:10CBE000EC852182852283F07404121558EDF074CF
:10CBF00006121558740E12A500C0E07405121558DF
:10CC0000D0E0F07404121558E0C0E0740712155813
:10CC1000D0E0F090173EE0C0E07408121558D0E064
:10CC2000F074091215587401F07403121558E0607D
:10CC30000302CD0475083A750900780812122474AD
:10CC4000121212848808890978081212247C1112A1
:10CC5000CAE3121201E9600302CCF87411121558EC
:10CC6000A882A983740E12155812BAF2901723786D
:10CC7000081214E585080C85090D850A0E850B0F31
:10CC80009083BC780C1213AC901723780C1214C745
:10CC9000780812121C7404121558E0F87405121565
:10CCA00058E028FCA3E03400FD7B017A01740C12EB
:10CCB0001558E0F91228B5740412120112B14C741F
:10CCC0002112128C121D2790172B12937590172B7F
:10CCD000128F389038C2780812139840159083BC90
:10CCE00078081214E5901723780812131F600302C6
:10CCF000CD8712A4A002CD87740E121558E4F0A3BC
:10CD0000F002CD87852182852283E0F87401121517
:10CD100058E02812B242E812961A39F583E0F91267
:10CD200028C78A08A808743A684B600302CDD975F1
:10CD3000083A7509007808121224741212128488B5
:10CD400008890978081212247C1112CAE312120110
:10CD5000E9700302CE09740E121558E4F0A312A56F
:10CD600000F8740112155812CE677408121558E0B5
:10CD7000F88E828F83E048F0EE2405FCE43FFD74DA
:10CD80002112128C121D27852182852283E0F874DE
:10CD90000112155812CE678E82F583A3A982AA8349
:10CDA00089088A09750A0078081212207C047D001F
:10CDB000742C12155812C8081212018E828F83E04B
:10CDC000C0E0742D121558D0E0F0740E12155812F0
:10CDD000A4FB704A79A102CE62743B684B600302E7
:10CDE000CD5675083B75090078081212247412128A
:10CDF00012848808890978081212247C1112CAE367
:10CE0000121201E9600302CD567411121558A8825E
:10CE1000A983740E121558E8F0A3E902CD5E7401DF
:10CE2000121558120FFF7423121294740712128CE9
:10CE30007405121558E0F91228D37402121201E990
:10CE4000FE852182852283E0F8740112155812D5DF
:10CE50000D12CE707411121558AA82AB83121B8961
:10CE6000EEF9742E02C40CE028FEA3E03400FF2289
:10CE7000E054F8F07C107D0079002274F0120C2947
:10CE800074E81212B47403121558E9F07404121500
:10CE900058129D21EAFEEBFF7508007509008A8291
:10CEA000F583A3A3A3A3A3A3A3A3A312BAD7121585
:10CEB0005812BAF27401121558129EDE122C81908B
:10CEC00017E77487F0A3742C12C7EAF88E828F8359
:10CED000E028F50BA3A3A3E0C394048E828F83A361
:10CEE000A3E05009250BF50B750A008002F50A8EA8
:10CEF000828F83A3A312A96FE9852182852283F003
:10CF00007428121558E0F50EA3E0F50FAA0AA80B35
:10CF1000E50E28F8E4350FF9E82AF8E439F9740643
:10CF200012155812BB0912155812A964A3A3600365
:10CF300002CFC8E0C39404400375090174081212BB
:10CF400084880C890D780C1212247403121558125F
:10CF50000FFFE50BF50C750D00780C121224780EFE
:10CF6000121224EAF50C780C12122412D034121288
:10CF7000247B02741012155812D049740C121558E3
:10CF8000E0FAA909122CA5740C121201E9F9600348
:10CF900002D0317800852182852283E0FAE8C39AA5
:10CFA000400302D031E8FA740812155812D14AE051
:10CFB000C0E07406121558E02AFCA3E034008C820D
:10CFC000F583D0E0F00880CDE0C3940440037508F9
:10CFD000017408121284880C890D780C12122474C2
:10CFE00003121558120FFFE50BF50C750D00780CA8
:10CFF000121224780E1212247408121558E0FAE561
:10D000000A2AF50CE43400F50D780C12122412D023
:10D01000341212247B02741012155812D049740C69
:10D02000121558E0FAA908122CAB740C121201E97F
:10D03000F902C40AA80BE50E28F50AE4350FF50B32
:10D04000780A228E828F83A3A312D04D22E0FCA304
:10D05000E0FD2274F7120C29E9FE90172D12A4FBB3
:10D06000600812C238123199800279010298B074B6
:10D07000F7120C29E9FE90172F12A4FB600812C2C8
:10D0800038123199800279000298B074F1120C299B
:10D0900074E01212B47800742F121558129060EEDA
:10D0A0002812A9466436C0E0852182852283E58264
:10D0B00028F582E43583F583D0E012D52840E0746A
:10D0C0003112155812D51F1212248C0A8D0B780AB2
:10D0D000121224EAFCEBFD7901740412128C12C8BE
:10D0E0003D12120185080C85090D750E00780C1291
:10D0F00012207C107D00741312128C12C80C1212B4
:10D10000017800E8FAEE2A12A946645CC0E08521A5
:10D110008285228312D14AD0E012D52840E57808D2
:10D1200012122475088075090078081212247414EC
:10D130001212947901740412128C12C83D12120159
:10D1400074201212017F07020F3012D14E22E582A5
:10D150002AF582E43583F5832274F0120C2974DFFA
:10D160001212B4E9852182852283F08A0C8B0D8C02
:10D170000E8D0F743112155812D4E674037808120C
:10D1800014B8AA08740478081214B8AE08AF09EAF3
:10D19000540FF50B7C107D00790074331215581272
:10D1A000D4F2852182852283E060607433121558A1
:10D1B00012AFEA1212207C107D00740412128C123D
:10D1C000C80C121201850C08850D0978081212206E
:10D1D0007C107D007436121558128B951212017452
:10D1E0003312155812D51912128C12D4D4E8FAE55C
:10D1F0000C2A12C7F7FC743312155812D52540EDCE
:10D200007431121558E02480129378850E0C850F26
:10D210000DEEF8EFF9E824FF1EE934FFFFE849605E
:10D2200066743312155812AFEA1212207C107D007A
:10D23000740412128C12C80C121201850C08850D90
:10D240000978081212207C107D00743612155812CD
:10D250008B95121201743312155812D51912128CB3
:10D2600012D4D4850C82850D83E0FCE8FA74331265
:10D27000155812D52F12D4CB85820C85830D08E862
:10D28000C39410508C80DCE50B600302D32174330F
:10D2900012155812AFEA1212207C107D007404128D
:10D2A000128C12C80C1212017C0E7D0079007433AE
:10D2B00012155812D4F2743312155812B60B74802A
:10D2C000F07431121558A3E0C0E0743312155812EF
:10D2D000A4C4D0E0F07431121558E0C0E0743312E9
:10D2E000155812A4D6D0E0F078081212207C107DD8
:10D2F00000741412128C12C80C121201743312151D
:10D300005812D51912128C12D4D4E8FA74111215CD
:10D310005812D4DA12155812D525400302D4C6800B
:10D32000E9C3940E7433500302D42912155812AF76
:10D33000EA1212207C107D00740412128C12C80CA8
:10D340001212017C107D007900743312155812D42A
:10D35000FD121220AC0B7D007436121558128B95FD
:10D36000121201A80B743312155812D50678081240
:10D3700012207C107D00741412128C12C80C121230
:10D3800001743312155812D51912128C12D4D4E824
:10D39000FA741112155812D4DA12155812D5254004
:10D3A000EE743312155812D51F1212207C107D0016
:10D3B000740412128C12C80C1212017C0E7D0079BA
:10D3C00000743312155812D4F27431121558A3E0B8
:10D3D000C0E0743312155812A4C4D0E0F0743112B6
:10D3E0001558E0C0E0743312155812A4D6D0E0F0FE
:10D3F00078081212207C107D00741412128C12C84E
:10D400000C121201743312155812D51912128C1203
:10D41000D4D4E8FA741112155812D4DA121558122D
:10D42000D525400302D4C680E912155812AFEA127E
:10D4300012207C107D00740412128C12C80C12127F
:10D44000017C0E7D007900743312155812D4FD1240
:10D450001220AC0B7D007436121558128B951212E7
:10D4600001A80B743312155812D5067431121558D1
:10D47000A3E0C0E0743312155812A4C4D0E0F074D5
:10D4800031121558E0C0E0743312155812A4D6D0EA
:10D49000E0F078081212207C107D00741412128CB7
:10D4A00012C80C121201743312155812D519121227
:10D4B0008C12D4D4E8FA741112155812D4DA121559
:10D4C0005812D52540EE742102C40CF0850C8285DB
:10D4D0000D83A3221228F178002212D14EE0FC74B1
:10D4E0003322A3A3A3A312D4EA22E0F508A3E0F514
:10D4F000092212D4F622129EE6121B892212D4F6B9
:10D50000750E00780C2212D50D7480F022E028FAF6
:10D51000A3E034008A82F5832212D04D74012212D6
:10D52000D4EA78082212D52FF008E8C3941022E03C
:10D530002AF9A3E034008982F583E06C2274F612A4
:10D540000C2912D54B122C87029220EAFEEBFF8C9D
:10D55000088D09122C81AC08AD09EEFAEFFB22C050
:10D5600082C083900406E4F0A3F090041004F090CD
:10D570000409E4F0A3F090040BF090040EF0A3F083
:10D5800090040DF090040502E153C082C083900422
:10D5900010E4F01215A112159B12158902E15474C2
:10D5A000F7120C298C08EDFE900405E06021122F83
:10D5B000F9E9F974FF696017740165087006EEFDFA
:10D5C0007C008004EEFD7C017A007B0012311302A6
:10D5D000E008C082C0837A807B00900354E0F91297
:10D5E0001D03EA4B4C4D701C7A807B00900354E085
:10D5F000F9121CFD900406E4F0A3F090040874FFF7
:10D60000F01215BF02E15474F4120C297A807B00E9
:10D61000900354E0F9121D038B098C0A8D0BEA4527
:10D6200009450A450B601E900406120FFF1230D107
:10D6300074021212018A088B091215CB7901AA080B
:10D64000AB09122FAB1230F57F04020F3074E812D1
:10D650000C298A108B118C128D13750C00750D001E
:10D66000750E00750F00741812155812EF17781404
:10D670001214E578087914120AC278107908121485
:10D6800098401385080C85090D850A0E850B0F78C7
:10D690000C7910121370850C08850D09850E0A850A
:10D6A0000F0B90840078101214E578087910120B93
:10D6B000BAAC08AD0990840078081214E5780C79AA
:10D6C00008120BBAE5084509450A450B6008EC2429
:10D6D00001FAE43D8003ECFAEDFB7F10020F307499
:10D6E000F7120C29790090040612E2B0122FAB7EDB
:10D6F000FF7CFF7DFF7F00801812F436EAC398F8A4
:10D70000EB99F9C3E89CE99D5006EFFEE8FCE9FDC2
:10D710000F900405E0F8EFC3985019EF12E0E050C5
:10D72000EF12E14760EA74FF6A700374FF6B60E018
:10D73000EC4D70C574FF6E604FEE12DF7688828903
:10D7400083A3A3A3A3A3A3C082C08312F436D08370
:10D75000D082E0C398F8A3E099F9E8496009900401
:10D7600006E8F0A3E9801DEE900408F079FF121599
:10D77000B37DFF7CFF7A007B00EEF9123113900439
:10D7800006E4F0A3F01215BF02E00874E2120C29BF
:10D7900074F81212B48A148B15EA2416F516E435BF
:10D7A00015F517851682F583E0F91215D18B09EA74
:10D7B0004509603BE5142417F582E43515F583E04F
:10D7C000F518A3E0F519851882F583E06021F508C6
:10D7D000750900740278081213D2E5082401FAE4EE
:10D7E0003509FB121C318A0A8B0BEA450B7005794F
:10D7F0000002DABE1215CB1215ADE96009AA0AAB18
:10D800000B121C3780E9750800750E00750900E5DC
:10D81000142408F51AE43515F51B803D798DE50EC5
:10D82000F510751100740278101213D2E50A251054
:10D83000FAE50B3511FBE98A828B83A3F0850C8214
:10D84000850D83E08A828B83A3A3F08E828F83125F
:10D85000DF9812ECAA050E0509851882851983E068
:10D86000F8E509C398400302DA0DE50975F00CA448
:10D87000F8A9F0E51828F582E51939F583A3858222
:10D880000C85830DA3AE82AF8312EC8E12158FE947
:10D89000F50FA821A9228810891178101212248E60
:10D8A000828F8312EC8E121DC97402121201E9F8E4
:10D8B00074FF650F6003E87005798702D81E850C38
:10D8C00082850D83E07090E50C2403F510E4350D9E
:10D8D000F511851082F583E0F87404121558E0689C
:10D8E000600302D81C7405121558E0A2E24003023E
:10D8F000DA08E50F75F015A4FEAFF012DAC82405BA
:10D90000F8E43BF9850C82850D83A3A3A3A3E0F57E
:10D9100012A3E0F513E50C2406FCE4350DFD74FFBD
:10D920006512700474FF6513706C8C828D83E0F552
:10D930001CA3E0F51DE51C451D705B7508018A827E
:10D940008B83A3A3A3A3A3A3A3A3A312EC6E888298
:10D950008983ECF0A3EDF012E26212ECA37C047D6B
:10D96000007900EA240DFA50010B121B8912DAC863
:10D970002411F510E43BF5117512007810121220F5
:10D980007C047D00EA240DFA50010B121B7D740308
:10D9900012120102D85775080188828983E512F0B6
:10D9A000A3E513F08C828D8312ECA3851082851180
:10D9B00083E0F9121DF3E9700302D8577C047D005F
:10D9C000790012DAC8240DFA50010B121B89851058
:10D9D00082851183E0F9121DF9E9F9850C82850D24
:10D9E00083A3A3A3A3A3A3A3A3A3A312EC781212BC
:10D9F00020E9FC7D00900409E02EF8A3E03FF9E85F
:10DA0000240DFAE439FB8083798C02D81EE5086086
:10DA100040900409120FFF12E6AE121CA974021204
:10DA20001201E97029900409120FFF90040BE075B0
:10DA3000F015A4F508E5F0F50978081212247C0029
:10DA40007D007A567B00121CB57404121201121567
:10DA5000C5850A82850B83E50EF0700BA3E4F08583
:10DA60000A82850B8304F0851482851583A3A3A302
:10DA7000A3A3A3E0F5087808121228750801780816
:10DA80001212287808121228780A121224851A8293
:10DA9000851B8312EC6EE514240AFAE43515FB8528
:10DAA0001682851783E0F9121D997405121201AAD6
:10DAB0000AAB0B121C371215891230F57901740864
:10DAC0001212017F16020F30900409E02EFAA3E033
:10DAD0003FFBEA2274E4120C2974F81212B48A0C87
:10DAE0008B0D750800EA2416F516E4350DF517853B
:10DAF0001682F583E0F91215D18A0A8B0BAE0AAFB4
:10DB00000BEE4F700302DB9FE50C2417F582E43522
:10DB10000DF58312EC3F750A00E50C2408F514E4BA
:10DB2000350DF515805AA821A922880E890F780E87
:10DB3000121224E50A75F003A4F8A9F0E51028F5FF
:10DB400082E51139F583A3A312DD2612DD33E0F956
:10DB5000121DC97402121201E960237404121558CF
:10DB6000E0F9121DF3E960167404121558E0F91279
:10DB70001DF9E9F8A2E0500108E82508F508050AB2
:10DB800012EC8140A175F00DE8A404AA082AFAE479
:10DB90003400FB121C318A088B09EA4509700579AB
:10DBA0000002DD1C1215ADE96009AA08AB09121CC0
:10DBB0003780EC850882850983E4F0750A00802CA3
:10DBC000750B868E828F83E50BF08518828519830D
:10DBD000A3E08E828F83A3F0850E82850F8312F4DB
:10DBE000428E828F83A3A312DE6D050A851682857D
:10DBF0001783E0F985148285158312E2B012EC8157
:10DC0000400302DCD5AC0AEC75F00DA4FEAFF0E5E4
:10DC1000082EF582E5093FF583A3AE82AF83750B2D
:10DC200000EC75F003A4FCADF0E5102CF518E5113F
:10DC30003DF519E5182402F50EE43519F50F850EAA
:10DC400082F58312EC6E12158FE9F512A821A92234
:10DC5000881A891B781A121224850E82850F831266
:10DC6000DD2612EC97121DC97402121201E9F87434
:10DC7000FF6512700302DBC0E8700302DBC07405AD
:10DC8000121558E0A2E250477404121558E08E8233
:10DC90008F83A3A3A3A3F0E51275F015A4F8A9F050
:10DCA000900409E028F8A3E039F988828983A3A3C6
:10DCB00012DD30A3A3A312DEFB12DD3012DEEEE88C
:10DCC000240DF850010912F41912ECAD02DBC375F2
:10DCD0000B8C02DBC3850C82850D83A3A3A3A3A3B6
:10DCE000A3E0F50A780A121228750A01780A1212BE
:10DCF00028780A1212287808121224EAFCEBFDE5B3
:10DD00000C240AFAE4350DFB121D9F740512120152
:10DD1000AA08AB09121C371215897901740812126E
:10DD2000017F14020F3012EC728514828515832254
:10DD3000A3A3A312E2B48E828F832274F0120C2963
:10DD4000750C00750D008011E0A2E0500A7DFF7C8B
:10DD50000112DDD512317F050D900405E0F8E50DC7
:10DD6000C3985041E50D12DF8AA385820885830997
:10DD7000EE2402F8E43FF9880A890B7C008882F5DA
:10DD80008312DDDB12162B8B0FEA450F8E828F83F9
:10DD900060B6E0A2E0400A7DFF7C0012DDD51231C2
:10DDA0007F050C80B27A807B00900354E0F9121D4D
:10DDB00003EA4B4C4D6012E50C70157A807B0090A5
:10DDC0000354E0F9121CFD8007E50C60031230F5E6
:10DDD0007F08020F30850A82850B8312E2B4850822
:10DDE00082850983E0F922C082C0837C00ECF8EAD6
:10DDF00028F8E43BF988828983A3A3E412F28FA375
:10DE0000A3A3A3A3A3F00CECC3940440E08A828BE9
:10DE100083E4F0A302E15374F4120C298A088B09FD
:10DE2000ECFEEDFF7A047B00121C318A0A8B0BA8F2
:10DE30000AA90BE84970047901801C88828983EE65
:10DE4000F0A3EFF0850882850983A3AA82AB831231
:10DE5000DE5A12DE6D790002D64812EC7288828991
:10DE600083A3A3ECF0A3EDF08A828B8322E8F0A3D6
:10DE7000E912EC4704F02274F7120C29E9FF900430
:10DE800005E0C3940A40047901805412DEE2F8747C
:10DE90000339F9EF8882898312F28E12DEFBECF0EF
:10DEA000A3EDF0740912155812F06912DEEF740B2D
:10DEB00012155812E2B012DEE9E8240AF8500109FE
:10DEC0008882898312F28BF090040512DEE2F582DB
:10DED000740339F583E4F0900405E004F07900025E
:10DEE000E00812E5BC7483282288828983A3A3A357
:10DEF000A3A3A3A3A3EAF0A3EBF022A3A3EAF0A3B6
:10DF0000EBF088828983A3A3A3A32274F6120C29C1
:10DF10008A09E912DF76E8FAE9FBE50912DF8A12DD
:10DF2000DF9612ECAB8E828F83A3E08A828B83A371
:10DF300012DFB2A3A312E26C12DFA612DF9812DF87
:10DF4000A6A3A312DF96A312ECA6EE240AF8E43FE0
:10DF5000F988828983EA240AFCE43BFD74031211E8
:10DF60004A8E828F83E08A828B8312F28F12F28B29
:10DF7000F07F02020F3012DF7A2275F00DA4F8A9AB
:10DF8000F0748328F8740339F92212DF7AE8FEE985
:10DF9000FF8E828F8322A3A312DF9C22E0F8A3E0EE
:10DFA000F98A828B8322A3A3A3A3E8F0A3E912DF5B
:10DFB000B222F08E828F83A3A3A3A32274F7120C44
:10DFC00029E9FF900405E0F8EFC398400479018047
:10DFD00037EF12DF7612DEE974FF6C601274016CA9
:10DFE000888289837005E0D2E08003E0C2E0F074AB
:10DFF000FF6D601274016D888289837005E0D2E143
:10E000008003E0C2E1F079007F01020F3074F71263
:10E010000C29E9FF79FF7800800108900405E0FCF5
:10E02000E8C39C502AE875F00DA4FCADF074832C75
:10E03000FC74033DFD8C828D83A3E06F70DC8C82C9
:10E040008D83A3A3E06A7003A3E06B70CDE8F98031
:10E05000B774F2120C29890D750C00801E8E828F08
:10E0600083E02AFCA3E03BFD8E828F83ECF0A3EDDE
:10E07000F088828983E0C2E1F0050C900405E0F8A5
:10E08000E50CC3985055E50C12E0E050ECE50D604E
:10E0900005E0A2E140DBE82406FCE439FD8C828D3A
:10E0A0008312E28860CB74FF6508700474FF650911
:10E0B00060BFE82408FEE439FF8E828F83E02AF5F2
:10E0C0000AA3E03BF50BC3E508950AE509950B505B
:10E0D0008C8C828D83E0FCA3E0808C7F06020F3065
:10E0E00012DF7A88828983E0A2E022C082C0838A1C
:10E0F000828B8380058A828B83A312E14C60428AE3
:10E10000828B8312E91BE0FC852182852283E06CEF
:10E1100070E388828983A3A3A312EC6E74031215A3
:10E1200058E06C7003A3E06D70CB8882898312F491
:10E13000417401121558E0687003A3E06970B6805D
:10E14000047A007B00800DA3A3A3A3A3A312E2B4CF
:10E15000EA4B22F0D083D0820211CE74F7120C2940
:10E16000E9602290040CF075F015A4FAABF0121CD3
:10E170003190040912DEF590040BE4F012E305700F
:10E180000479018002790002E00874F5120C29E993
:10E19000FE8A088B0912E305600D90040CE0F890EC
:10E1A000040BE0C3984005790102E25D12E2728A35
:10E1B00082F583EEF090040B12E27AF8A3E039F9CD
:10E1C000E8FAE9FB8A828B83A3E508F0A3E509124C
:10E1D000E923A3ECF0A3EDF0740B12155812DF98AD
:10E1E00012ECA8740D12155812ECA3740F121558E6
:10E1F00012E288601B750A0078081212207C047DE8
:10E2000000EA240DFA50010B121B7D740312120157
:10E2100090040B12E272FB741112155812E26C1288
:10E22000ECA6741312155812F44212E26212ECAD0D
:10E23000741512155812E288601B750A00780812CE
:10E2400012207C047D00EA2411FA50010B121B7D80
:10E25000740312120190040BE004F079007F0302B2
:10E260000F30EA240BF582E43BF5832212DF9CA3F6
:10E27000A32212E27AFAA3E03922E075F015A4F89D
:10E28000A9F0900409E0282212F260E5084509226D
:10E29000C082C08312E305601490040912E2B01238
:10E2A0001C3790040BE4F0900409F0A3F002E15451
:10E2B00012E2B422E0FAA3E0FB2274F7120C2989DF
:10E2C0000812E305603A790080010990040BE0F838
:10E2D000E9C398502BE975F015A4FEAFF012E3D214
:10E2E000650870E6A3E06A7003A3E06B70DC8E82C1
:10E2F0008F83A3A3A3E06C7003A3E06D70CC8002B6
:10E3000079FF02E00890040912F446E8492274F10A
:10E31000120C29890E8C828D8374FFF0A3F0740F88
:10E3200012155812E91B74FFF0A3F0750A0090044F
:10E330000912E8F5700302E3C7750B008077E50B5F
:10E3400075F015A4FE85F008AF0812E3D2650E70D3
:10E3500062A3E06A7003A3E06B7058050A8E828F97
:10E3600083A3A3A3A3A3E0F50CA3E0F50D8C828DFA
:10E370008312F25CC3E50C9508E50D9509500B8CF2
:10E38000828D83E50CF0A3E50DF08E828F83A3A32D
:10E39000A3A3A3A3A312F25C8882898312E5C6C358
:10E3A000E5089EE5099F500B88828983E508F0A364
:10E3B000E509F0050B90040BE0FEE50BC39E50034E
:10E3C00002E33EE50A70047901800279007F0702CA
:10E3D0000F30900409E02EFEA3E03FFF8E828F8372
:10E3E000E02274EC120C2974F61212B474021215A5
:10E3F0005874FFF0A3F0852182852283F0A3F07585
:10E40000130012E3057005790102E5B7750E0002ED
:10E41000E4EEA821A922880C890D780C121224742C
:10E4200004121294EEFAEFFBA90812159574021269
:10E430001201E9600302E4ECE4F50CF50D780C122E
:10E4400012247402121558120FFF74061215581276
:10E45000E5D21230117404121201E9600302E5B230
:10E460007A0A7B00121C318A0C8B0DEA450D700371
:10E4700002E5B21230AD12E5DC1212207C047D0000
:10E48000E50C2406FAE4350DFB121B7D7403121211
:10E49000017404121284880A890B780A1212241259
:10E4A000E5CC1215D77402121201E96401702074D0
:10E4B0000812155812F2791212207C047D00E50C26
:10E4C0002402FAE4350DFB121B7D7403121201AC19
:10E4D0000CAD0D90040512E5BC748028FA74033964
:10E4E000FB123017E96401700302E5B2050E9004D7
:10E4F0000BE0F8E50EC398400302E5B5E50E75F0B4
:10E5000015A4F50AE5F0F50B12E5FFE0F50812E5B4
:10E51000C5EEFAEFFBA908122FF9E9F50F74FF65B4
:10E520000F700302E4127A0A7B00121C318A0C8BF2
:10E530000DEA450D607C1230AD12E5DC1212207C34
:10E54000047D00E50C2406FAE4350DFB121B7D74F6
:10E55000031212017404121284880A890B780A12B9
:10E56000122412E5CC1215D77402121201E96401CB
:10E570007020740812155812F2791212207C047D52
:10E5800000E50C2402FAE4350DFB121B7D74031226
:10E590001201AC0CAD0DE50F75F00DA4F8A9F074E7
:10E5A0008D28FA740339FB123017E9640160030205
:10E5B000E4EC751302A913740A02EEDFE075F00DA6
:10E5C000A4F8A9F022A3E0FEA3E0FF22850C828537
:10E5D0000D8312EC72EEFAEFFBA9082212E5FFA3FD
:10E5E000A3A312E2B4850C82850D83EAF0A3EBF0BD
:10E5F000E8240DF510E439F5117512007810229019
:10E600000409E0250AF8A3E0350BF9888289832202
:10E6100074F6120C291215A7900409120FFF12E6C6
:10E62000AE121CA97402121201E9F8740A68607B28
:10E63000740968606E1215897A567B00121CAFEA65
:10E64000F8EBF97A157B001209CFE8FEF912157D77
:10E65000E964016056900409120FFFEE75F015A4ED
:10E66000F508E5F0F50978081212247C007D007A9F
:10E67000567B00121CBB7404121201EE90040BF0C6
:10E6800080218A828B8312F44090040E12F071FE76
:10E69000A3E0FF121C3790040DE014F0EEFAEFFB3C
:10E6A000121C3790040E12E14D70D702DF719004F6
:10E6B0000BE075F015A4FCADF07A567B002274EAED
:10E6C000120C2974EF1212B412E3056003121589BB
:10E6D00075080090035180618E828F83A3A312E995
:10E6E00011121DC3EA4B604D8A828B83A3A3A3A39F
:10E6F000A3A3A3E0F9603E750A00E50AF50C750DC9
:10E70000007403780C1213D28A828B83A3A3A3A371
:10E71000A3A3A3A3E0250CF8A3E0350D8882F5831D
:10E72000A3A3A3A3A3E493A2E250020508050AE56C
:10E730000AC39940C58E828F8312E8F5709AA908A2
:10E7400012157DE9F9600302E8EB90035180048E15
:10E75000828F8312E8F5700302E8E9EE240212ECDE
:10E760005012E911121DC38A0A8B0BA80AA90BE8E3
:10E770004960DCE82407F50EE439F50F850E82F5D3
:10E7800083E060CB750A00E82408F50CE439F50D48
:10E79000807D12E91BA3A3A3A3A3E0F512A3E0F5D8
:10E7A0001388828983A3A3A3A3A3A3A3E0F514A33F
:10E7B000E0F515850C82850D8312F24BFBE82409E8
:10E7C000F510E439F511781012122478141212247D
:10E7D000781212122478101212247814121224784B
:10E7E000121212248A828B83A3A3E493FC740193F4
:10E7F000FD8A828B83E493FA740193FB85088285FA
:10E80000098312E911121583740C121201050A858D
:10E810000E82850F8312EC87400302E74FE50AF56D
:10E8200012751300740378121213D2851210851317
:10E830001112E8FD8A828B83A3A3A3A3A3E493A26E
:10E84000E250CA12F423E0C0E07404121558D0E07C
:10E8500012DE6712F2437405121558E8F0A3E912AC
:10E86000E92312F243740712155812ECAD74041226
:10E870001558740D1210037A0D7B041222B5740D15
:10E880001212018A828B83E5824583600302E7923C
:10E890009083C0AC21AD22740412114A12E8FDA885
:10E8A00021A9228810891178101212247510FF7581
:10E8B00011FF781012122475100A751100781012C9
:10E8C00012247406121284881089117810121224EE
:10E8D0007510FF7511FF781012122475100A75114A
:10E8E00000781012122402E7E47900741112120168
:10E8F0007F0E020F30E0FEA3E0FFEE4F22850C8278
:10E90000850D83E02510F8A3E03511F9E8FAE9FB5D
:10E910002212E9152212F42DE0F92212F44688821F
:10E92000898322F08A828B83A3A32274F6120C2996
:10E9300090040BE0600812E305700312158990043F
:10E9400009120FFF12E6AE121CA97402121201E99D
:10E95000F8740A68600574096870047901804E7A59
:10E96000567B00121CAFEAF8EBF97A157B0012090E
:10E97000CFE8FEF912157DE9640170047902802D5B
:10E98000900409120FFFEE75F015A4F508E5F0F5F7
:10E990000978081212247C007D007A567B00121C34
:10E9A000BB7404121201EE90040BF0790002DF71C7
:10E9B00074E4120C2974EE1212B4890B7E007F00ED
:10E9C00074FF650B7010900405E0F8900408E0C334
:10E9D000985013E08001E975F00DA4F8A9F0748354
:10E9E00028FE740339FF8E828F83A3A3A3A3A3A35E
:10E9F000E0F47003A3E0F4700302EC3AEE240A1290
:10EA0000EC50E0700302EC3A740E121558E4F07406
:10EA10000612155812F282A3858216858317E0C06C
:10EA2000E0740F121558D0E0F090175312F44274AE
:10EA30001012155812ECAD850882850983E075F037
:10EA400005A4A9F02401FAE439FB121C318A0C8BCD
:10EA50000D850882850983E0F50E750F0074027834
:10EA60000E1213D2AA0EAB0F121C318A0E8B0F8A14
:10EA7000148B15E50C450D700302EC2DEA4515705D
:10EA80000302EC26850882850983E0850C82850DCA
:10EA900083F0750A00EE2402F518E43FF51902EB45
:10EAA0007F12E5C57800EE4F700302EB7DE8C39559
:10EAB0000A50088E828F83A312E5C508EAC39850D6
:10EAC000E5EE4F700302EB7D8E828F8312F442E8F5
:10EAD000FAE9FB8A828B8312F26812ECADA821A9B5
:10EAE00022881A891B781A12122412EC6A8518825D
:10EAF00085198312EC971215D77402121201E9647A
:10EB000001707A7402121558E0851282851383F021
:10EB1000851082851183E50EF0A3E50FF0740412D1
:10EB2000155812EC781212207C047D00AA0EAB0F4F
:10EB3000121B7D74031212018A0E8B0F74021215C0
:10EB400058E0F9121DF3E960347C047D007900126D
:10EB5000EC5C121B897402121558E0F9121DF9E9D8
:10EB6000F9740412155812EC3F7810121220E9FCC7
:10EB70007D0012EC5C121B7D7403121201050A85E4
:10EB8000088285098312EC87505EAA0AEA75F005AF
:10EB9000A4F8A9F0E50C28F8E50D39F988828983F5
:10EBA000A3AC82AD8374FFF0A3F0E82403F512E474
:10EBB00039F513851282F58374FFF0E82404F5100B
:10EBC000E439F511851082F583E4F0A312EC4724B3
:10EBD000FFF8E434FFF9C3E89AE99400A2D265D0C3
:10EBE00033400302EAA18095123029E9F50878083C
:10EBF0001212287508007808121228750801780882
:10EC0000121228780C12122485188285198312ECAE
:10EC10006E740B12128C851682851783E0F9121D13
:10EC2000A57405121201AA0CAB0D121C37E5144590
:10EC3000156007AA14AB15121C37741202DD1EE012
:10EC4000F510A3E0F51122F0850882850983E02202
:10EC5000F508E43FF509850882F583228E828F83CB
:10EC6000E02402FAA3E03400FB228A828B8312ECB8
:10EC70007222E0FCA3E0FD2212EC3F751200781036
:10EC800022851082851183E0F8E50AC3982212ECF0
:10EC900072851A82851B8312E2B4851682851783DA
:10ECA000E0F92212DF9CA3A3A3A3A3A3A3E8F0A3EC
:10ECB000E9F02274EC120C29E9FF7E00741412159D
:10ECC0005812E91BEF24E0603514605414606F148F
:10ECD000700302ED6024FB700302EDA214700302C6
:10ECE000EDD814700302EDFF14700302EDFF24F25F
:10ECF000700302EE4114700302EE7102EEB512EEE3
:10ED0000B9AA09A808E8C395094005E8C39A800391
:10ED1000EAC398F895E0F9C3E89CE9940002EDF89D
:10ED200012EECC4008E8C39AF8E99B8006EAC39843
:10ED3000F8EB99F9C3E89508E9950902EE3D7808E2
:10ED40001214E58A828B83780C1214E58C828D83F1
:10ED500078101214E5781079081214984033802046
:10ED600078081214E58A828B83780C1214E58C8261
:10ED70008D8378101214E5781079081214984011D8
:10ED800078087910121370780C790812149802EE32
:10ED90003D78107908121370780C791012149802CB
:10EDA000EE3D12EEB93395E0FDE509FA3395E0FB4F
:10EDB000E508F83395E0F9E8C39509A2D265D033A8
:10EDC0004008E8C39AF8E99B8006EAC398F8EB99F3
:10EDD000F9C3E89CE99D802012EECCA2D265D03325
:10EDE0004008E8C39AF8E99B8006EAC398F8EB99D3
:10EDF000F9C3E89508E99509A2D265D033803E7839
:10EE0000081214E58A828B83780C1214E58C828DAB
:10EE10008378101214E5781079081212E040107807
:10EE2000087910121370780C79081212E0800E78AD
:10EE3000107908121370780C79101212E040768065
:10EE40007278081214E58A828B83780C1214E58C90
:10EE5000828D8378101214E578087910120E4940DB
:10EE600030781079081202627810790C120E4980FD
:10EE70002E78081214E58A828B83780C1214E58CA4
:10EE8000828D8378101214E578087910120E49509B
:10EE900012780879101202627808790C120E495023
:10EEA000148010781079081202627810790C120E12
:10EEB0004950027E01EEF98029E0F5088A828B83B1
:10EEC000E0F88C828D83E0F509E8FC2212DF9C12C9
:10EED000F2608C828D8312E2B4C3E89AE99B22121D
:10EEE00012017F0C020F3074F0120C2990040612EC
:10EEF000EF17780C1214E57808790C120AC278081A
:10EF000012121C7A807B00900354E0F9121CF174F9
:10EF10000412120102DDD012F260E4F50AF50B9042
:10EF200084002274F3120C297A807B00900354E051
:10EF3000F9121CFD900405E0F50BF5087509007445
:10EF40000278081213D2AA08AB09121C318A088B66
:10EF500009AE08AF09EE4F700302F064750A008035
:10EF60003FAA0A8A08750900740278081213D2EEC3
:10EF70002508F8EF3509F9EA75F00DA4FAABF0743D
:10EF8000832AFA74033BFB8A828B83A3E0888289FD
:10EF900083A312E92312DE5AE088828983F0050AEE
:10EFA000E50AC3950B40BA900405E06051F50C7575
:10EFB0000A00803E8A828B8312F44090038E12F006
:10EFC00071F508A3E0F509121C3790038DE014F0E9
:10EFD000AA08AB09121C3790038E12E14D70D59030
:10EFE0000405E014FA7900122321900405E014F0DE
:10EFF000050AE50AC3950C5005E070DB80F2121596
:10F000009B750A008050E50AF508750900740278BE
:10F01000081213D2EE2508F8EF3509F98808890996
:10F020008882F583A3A312F069A3E0F9122FF9E90E
:10F03000F874FF68601E850882850983E0C0E0E8F7
:10F0400075F00DA4F8A9F0748328F582740339F5DE
:10F0500083D0E0F0050AE50AC3950B40A9EEFAEF6C
:10F06000FB121C377F05020F3012E2B488828983BD
:10F0700022E8F0A3E9F08A828B83E022C082C08379
:10F080007A807B00900354E0F9121CFD02E154C029
:10F0900082C083900355E0FCA3E08003EAFCEBFD13
:10F0A0008C828D83A3A312E2B08A828B83E0696095
:10F0B000148C828D8312E2B012EC6AEC4D70DD7A12
:10F0C000007B008004AA82AB8302E15474EA120C34
:10F0D0002974FE1212B4890CEAFEEBFF8C0A8D0B28
:10F0E0007C047D0079007A7F7B03121B8990035199
:10F0F00012F254800985088285098312F25CE508C2
:10F100004509700302F23A85088285098312F2707C
:10F1100070E3121DC38A0E8B0FA80EA90FE8496079
:10F12000D488828983A3A3A3A3A3A3A3E0F5126039
:10F13000C4E82408500109FCE9FD8C828D8312E1AA
:10F140004D60B2750D008002050DE50DC39512509E
:10F15000A4E50DF50E750F007403780E1213D28519
:10F160000E10850F11EA2510F8EB3511F9880E897C
:10F170000F888212F241EE687002EF6970CAA3A391
:10F18000E493C0E0740193F583D082858214858373
:10F1900015E50A65147004E50B651570AB7418125B
:10F1A000155812F2548882F583E514F0A3E515F0A2
:10F1B000E82402F8E43509F9850E82850F83A3A3BC
:10F1C000A3A3E49388828983F08C828D8312F24B0F
:10F1D0008A82F583A3A3A3A3A3E493850882850968
:10F1E00083A3A312F28EE0F9121DF9E9852182852D
:10F1F0002283F0A3E4F0A821A922880A890B780AC7
:10F20000121224750A7F750B03780A1212248508DE
:10F210008285098312EC6EEEFAEFFBA90C121E0B2D
:10F220007404121201850882850983A3A3A3A37421
:10F230007FF0A37403F0790180027900740202E880
:10F24000EDF583E493F8740193F922E02510FAA315
:10F25000E035112212F446880889092212F2602250
:10F26000E0F508A3E0F5092212F4468C828D832292
:10F27000A3A312E915E50C692212F260750A007861
:10F280000822E4F0A3F08E828F8322A3E4F0A3F09F
:10F29000888289832274EC120C2974F01212B489CA
:10F2A0000B8A0C8B0D8C0E8D0F122FF9E9F50A7459
:10F2B000FF650A700302F341E975F00DA4F8A9F0A7
:10F2C000748328FE740339FF8E828F83E0A2E040AE
:10F2D0000302F3EDA3A3A3A3A3A3E0F47003A3E0AD
:10F2E000F4700302F3ED7406121558E50EF0A3E571
:10F2F0000FF012F4198002A3A312E288604312F403
:10F300002312F4427406121558E0687003A3E069F2
:10F3100085088285098370DF12E3086024A821A98B
:10F3200022881089117810121224AC0EAD0FAA0C8D
:10F33000AB0DA90B1215D77402121201E96401601A
:10F34000077902741002EEDF7A807B00900354E0AC
:10F35000F9121D038B118C128D13750C00750D00A5
:10F36000C200EA4511451245136014900406120FBD
:10F37000FF1230D174021212018A0C8B0DD2008E52
:10F38000828F83A3A3A3A312E308601C8E828F83C2
:10F39000A3A3A3A3A3A3A3A3E0250CFAA3E0350D85
:10F3A000FBC3E89AE99B50457402121558E0F91224
:10F3B0001DF3E9603D85088285098312E2B0EA24E5
:10F3C00002F508E43BF509780812122474061215B8
:10F3D0005812EC6EEA2406FA50010B740412155808
:10F3E000E0F91215B97402121201E97005790002F0
:10F3F000F3431215CBA90A1215B3A20050097900E4
:10F40000AA0CAB0D122FAB7DFF7CFF7A007B00A90D
:10F410000A1231131230F580D4EE240BF582E43F4A
:10F42000F5832285088285098312F42D22E0F8A352
:10F43000E0F58388822288828983A3A3A3A3A3A360
:10F44000A3A312F44622E0F8A3E0F922A3A312F545
:10F45000968882898322C082C08390035512F592D8
:10F4600012F7B190191FE0F4601B90035712FCF4DF
:10F47000603612F755F890191FE068602212F7A362
:10F4800080E812F7A390035712FCF4601B12F88D6A
:10F4900012F44CE060ECC394F150E7A3E060E31297
:10F4A000F75EFAA3E0FB80047A007B00800312FA87
:10F4B00039D083D0820211CE74F6120C2974F11265
:10F4C00012B4852182852283E4F0A3F012210B8AF5
:10F4D000088B09AE08AF09EE4F700302F58D1230AC
:10F4E000238E828F83A385820885830912F8911267
:10F4F0002FB712FCE3700302F586852182852283F3
:10F50000A3E0C812F73DE0C39481407A8E828F83D6
:10F51000E0706985088285098312F59274031215DB
:10F520005812F7B474021215587404F0EE2403FC58
:10F53000E43FFD7405121558AA82AB831223B774F9
:10F540000212128C1223F3E9702012F59C121CFD9A
:10F550007A737B03122FE17A007B40900354E0F929
:10F56000121CFD790C122FE78023AC21AD228508F7
:10F570008285098312FAB3790112300B85218285C5
:10F58000228312F74FF0EEFAEFFB121C37740F02D2
:10F59000FAB912F59622E0F8A3E0F922900353E4B9
:10F5A000F07A40FB900354E0F92274EC120C2974B9
:10F5B000F71212B489088A108B118C0E8D0F9003EC
:10F5C0005712FCF4700302F7337E0012F75EF50A5F
:10F5D000A3E0F50B74081215587403F0E508600BEE
:10F5E000AC21AD22AA10AB111223C97F00E50A2479
:10F5F00004F50CE4350BF50D8057750901780912F7
:10F600001228E508F50978091212287402121284EA
:10F6100088128913781212122490037A120FFF9025
:10F620000373E0FD90037912F741A3A3A312F789B6
:10F63000122FED7406121201E9F50974B265097012
:10F640000302F6C9E970097E01E508700302F6D2EB
:10F650000F12F771A3A3A3E0F8EFC398409C74B214
:10F6600065096065EEA2E05004E508605C7F0080FB
:10F670000AE970067E01E50860580F12F771E0F89C
:10F68000EFC39850447509007809121228E508F56F
:10F6900009780912122874021212848812891378C8
:10F6A0001212122490037D120FFF900373E0FD905D
:10F6B000037C12F74112F789122FED740612120122
:10F6C000E9F50974B2650970A8EEA2E05014E508E6
:10F6D0007010850E82850F8312FB7D12F73D7480BA
:10F6E0008009850E82850F8312F74FF074B2650989
:10F6F000702012F59C121CFD7A737B03122FE17AA5
:10F70000007B40900354E0F9121CFD790C122FE7A6
:10F71000802190191FE0F4701A800D12F7556008CF
:10F72000C394F1500302F5C912F7A390035712FCDA
:10F73000F470E874091212017F0C020F3012FCDA27
:10F7400022E0FCEF25E0F8E433F98A828B83221271
:10F75000FCD174FF2212F76BA3A312FCC322900307
:10F760005712F768A3A3E022E0F8A3E0F5838882AC
:10F7700022850C82850D8312F596E8FAE9FB8A82D0
:10F780008B83A3A3A3A3A3A322A3A3A3A3A3A3A302
:10F79000E028FAA3E0398A82F58312F993850B8376
:10F7A000E0F92290035712FCC3F8A3E0F912F7B175
:10F7B00022900357E8F0A3E9F02274F7120C2974A1
:10F7C000ED1212B4EAFEEBFF852182852283E4F07C
:10F7D000A3F075080012302312F75E12F88BA3E035
:10F7E000A2E0400302F886EE2413F582E43FF5839D
:10F7F00012F44EA3E0FC88828983A3A3E0FBECFA19
:10F80000740212155812FA39740A1215587402F05B
:10F810007C737D03E82404FAE439FB122117740297
:10F8200012155812F891122FB712FCE36058740B9E
:10F8300012129485218285228312F88C12FAB31257
:10F8400023C9E96005750801801885218285228316
:10F8500012FB7D240DF582E438F5837473F0A374F4
:10F8600003F0AC21AD22740212155812FAB3A908A4
:10F8700012300B85218285228312FCCCF470077A2A
:10F88000737B03122FE1741302FA52F8A312F76B81
:10F8900022E0FAA3E0FB900373E0F92274F2120C69
:10F8A00029750800EA2404F8E43BF9E8FEE9FF12B0
:10F8B000F96F750CA3750D80780C1212247C181248
:10F8C000F9791220937402121201E9640170037530
:10F8D000080212F96F780C1212247C18850A8289AA
:10F8E0008312FAA9850A828983A3A3A3A3A3A3A34E
:10F8F000A3A3E0F91220937402121201E9640170CB
:10F9000006E508D2E0F50812F96F750C00750D8058
:10F91000780C1212247C3112F9791220937402129D
:10F920001201E964017006E508D2E0F5088E828FC5
:10F930008312F592E8FEE9FF780C1212247C318ED6
:10F94000828F8312FAA98E828F83A3A3A3A3A3A37A
:10F95000A3A3A3E0F91220937402121201E9640137
:10F960007006E508D2E1F508A9087F06020F308E7F
:10F97000828F8312F596880A22850A828983A3A33F
:10F98000A3A3A3A3A312F9938983A3A3A3A3A3A3CC
:10F99000E0F922E0FAA3E0FB850A822274F4120C5B
:10F9A0002974FE1212B485218285228312FA3989C4
:10F9B00008ECFFEDFE741312155812FCB3E0FA12B6
:10F9C0002FC3E97024A821A922880A890B780A127A
:10F9D00012247C01741012155812FAB3EFF9122098
:10F9E000937402121201E9700479B1803F7412120B
:10F9F0001558E0603590041212FCF4602D780A125C
:10FA000012247D01EEFC741212155812FAB3A908E3
:10FA1000900412E012F88B12319974021212018BC9
:10FA20000BEA450B700479B280027900740212125D
:10FA3000017F04020F3090035BEAF0A3EBF0227425
:10FA4000F7120C29E9901915F07A0179061230E3C2
:10FA500080031212017F01020F3074F6120C29EAA2
:10FA6000FEEBFFEE2407F8E43FF988088909888255
:10FA7000F58312FAB3EA4B600D121C3785088285B4
:10FA80000983E4F0A3F0EE240AF8E43FF9E8FEE984
:10FA9000FF8E828F8312FAB3EA4B600B121C378EF3
:10FAA000828F83E4F0A3F08013A3A3A3A3A3A3A353
:10FAB000A3A3A3E0FAA3E0FB221212017F02020F2C
:10FAC00030C082C08390036F02F4AEC082C08390C6
:10FAD000037102F4AE74F6120C29EAFEEBFF7A0011
:10FAE0007B40900354E0F9121CFDEEFCEFFD7A59C7
:10FAF0007B03123047EA4B605C8E828F8312F44E98
:10FB000012FB64F088828983E0FCA3E0FD8A828B8B
:10FB100083ECF0A3EDF088828983A312FB64A3F049
:10FB20008E828F8312FB7D240AF582E438F58312DE
:10FB3000F5928A828B83A3A3A3A3A3A3A3A3A3A3C6
:10FB400012F7B412FD7BE4F0EA240DF582E43BF5F4
:10FB500083E4F0A3F07A007B40900354E0F9121B99
:10FB6000DD02FABCA3A3A3A3A3A3A3A3E08A828B71
:10FB700083A3A3A3A3A3A3A3A32290035BE0F8A35F
:10FB8000E0C82274F7120C2974F71212B49082A004
:10FB9000AC21AD22740912114A90035B12FCF4707F
:10FBA0002090035912FAB3122FBD12FA3690035B5C
:10FBB00012FCF4705290035912FCF4703C790B80E3
:10FBC0003A90035BE0240CF8A3E03400F9888289C2
:10FBD00083E0A2E75031547FC39404402A90035D30
:10FBE00012FCF4701C90035912FAB3122FBD12FAD2
:10FBF0003690035B12FCF4700E7900122FE702FCC2
:10FC0000AE90035B12F7B49083CC120FFB7A007BAB
:10FC100040900354E0F9121CF17404121201900395
:10FC20005FE0640890035B606812FCBFF8A312FCFD
:10FC3000B312F7B412FB7A2408F582E438F583E0B6
:10FC4000C0E07408121558D0E012FCC80412FCC8B9
:10FC5000A2E750127D007C00790012FCBCFAA3E000
:10FC6000FB1221418031750800780812122812FB1E
:10FC70007A2409F582E438F583E0F912FCBCFCA390
:10FC8000E0FD740112128C122147740112120180DE
:10FC90000612FCCCD2E6F012FB7A240FF582E4388F
:10FCA000F58312FAB3122FBD90035D12FA3974096D
:10FCB00002FA52E0F98521828522832290035B12A9
:10FCC000FCC32212F768E022F090035B12FCD1E043
:10FCD00022E0F8A3E0C812FCDA22240CF582E43812
:10FCE000F58322852182852283EAF0A3EBF085212A
:10FCF0008285228312F596E8492274F7120C29E9CD
:10FD000078006023E825E0FCE433FD74A32CF58241
:10FD100074803DF583E06A7003A3E06B602308E81C
:10FD2000C39418502780DDE825E0FCE433FD74001F
:10FD30002CF58274803DF583E06A7003A3E06B705C
:10FD4000047900800908E8C3943140DB790102FAA4
:10FD500055C082C083800CEA240FF582E43BF58312
:10FD600012FAB3EA4B600D12FD7BE0547FC394049A
:10FD700050E580047A007B0002F4B1EA240CF5829D
:10FD8000E43BF58322C082C0839003598009EC24B0
:10FD90000FF582E43DF583E0FCA3E0FDEC4D60242B
:10FDA0008C828D83E06A7003A3E06B70E18C828D9E
:10FDB00083A3A3A3A3A3A3A3A3A3E06970D0ECFA96
:10FDC000EDFB80047A007B0002F4B174F6120C297A
:10FDD00074FE1212B4EAFEEBFF54106027D2817A4F
:10FDE000007B40900421E0F9121CFD7A007B80909A
:10FDF0000421E0F9121CFD121F011230EFEEFAEFA0
:10FE000064108075EF5420602812FF5A1212247576
:10FE1000080275090078081212247C007D007A021D
:10FE20007B00121CB57404121201EEFAEF642080FC
:10FE300048EF54406020D2819083F0120FFB7A008B
:10FE40007B80900421E0F9121CF17404121201EE7F
:10FE5000FAEF64408023EF54806021C281908400D7
:10FE6000120FFB7A007B40900421E0F9121CF17420
:10FE700004121201EEFAEF6480FB80047A007B002A
:10FE800074021212017F02020F3074F6120C2974F0
:10FE9000FE1212B4E9900421F09083CC120FFB7A89
:10FEA000007B20121CF1740412120112FF5A12126C
:10FEB000247C027D007A027B00121CA974021212BB
:10FEC00001E970207808121224750802750900787B
:10FED000081212247C007D007A027B00121CBB7485
:10FEE00004121201852182852283E02401F0A3E01F
:10FEF0003400F0852182852283C3E09405A3E09439
:10FF000000402C852182852283E4F0A3F0FA7B2037
:10FF1000900421E0F9121CFD9083EC120FFB7A0093
:10FF20007B10900421E0F9121CF17404121201A854
:10FF300021A92288088909780812122475080275F7
:10FF4000090078081212247C007D007A027B0012DE
:10FF50001CB5740412120102FE8085218285228361
:10FF6000E4F0A3F0A821A92288088909780822745E
:10FF7000F4120C29E9A2E650287A007B10900421A3
:10FF8000E0F9121CFD7A007B40900421E0F9121C7C
:10FF9000FD7A007B80900421E0F9121CFDC2818073
:10FFA0004BA2E25047901919E060087508287509BE
:10FFB0002380067508D0750907750A00750B00784F
:10FFC0000812121C7A007B10900421E0F9121CF137
:10FFD000740412120190831C120FFB7A007B409074
:10FFE0000421E0F9121CF174041212017F04020FC3
:04FFF000300211CEFC
:020000040002F8
:10000000C082C083E9901544F002822E74F4120C71
:10001000298A088B09EB5480604D800EEEFAEFFBC5
:10002000121DB1EEFAEFFB121BA1901544E0F9127C
:100030001BB38A0A8B0BAE0AAF0BEE4F60208E8289
:100040008F83E0641A60D5EEFAEFFB121D63E9F9C5
:1000500074FF6960CEEEFAEFFB121BA780CCAA08F2
:10006000E5096480FB80047A007B000283EC74F76E
:10007000120C297AFF02946C74F6120C29E9FEEA3C
:10008000FF7A047B00121C31EA4B6035EF8A828BC9
:1000900083A3A3A3F0EE8A828B83A3A31280FEF036
:1000A0009015501299CE7009901550EAF0A3EB808C
:1000B00047E0F988828983A3A3A3E06F7007121C2D
:1000C0003779008036E8FCE9FD888289831299CE71
:1000D00070E174FF6F700D8C828D83EAF0A3EB12D8
:1000E00080FE801490155012A7849015501292C271
:1000F0008A828B83E8F0A3E9F07901029579F08A8E
:10010000828B83E4F0A322C082C083EA12A75E3B05
:10011000F583E0FA9015508004888289831299CE85
:10012000601C88828983A3A3A3E0FBEA6B6005744B
:10013000FF6B70E588828983A3A3E0F9800279FFD1
:1001400002822E74F2120C298A088B098A828B8310
:1001500012AAA2121D63E9F50A74FF650A70030270
:1001600082297A197B00121B9B8A0C8B0DAE0CAF77
:100170000DEE4F70030282298E828F837434129F9A
:1001800085A3A3EE2402FCE43FFD740612114A8508
:100190000882850983128E04A3A3A3A3129B70A3D4
:1001A000A3A3A3EAF0A3EB12835AA3EE240AFCE470
:1001B0003FFD740C12114A12A78DC812A75E38F5C4
:1001C00083E0C0E0EE2416F582E43FF583D0E0F052
:1001D000E508240CF8E43509F98882898312AAA27B
:1001E000EE2417F582E43FF583EAF0A3EB12859D38
:1001F000A3A3A3E0FA74066A7009EEFAEFFB1230CB
:10020000C5800C74086A7010EEFAEFFB1230BFEE76
:10021000FAEFFB121BA1801188828983E4F0A3F01E
:10022000EEFAEFFBA90A121BA77901029AE3D08329
:10023000D0820211CE74F4120C298A088B09ECFECC
:10024000EDFF7A087B00121C318A0A8B0BA80AA9E1
:100250000BE849700479108036128311A31282FBD7
:10026000740C12155812AF96A3A3A3A31292C090B8
:10027000154812949E9015486012E0FCA3E080039C
:10028000EAFCEB12949970F88C828D831282ED0255
:1002900083EC74F4120C2989088A09ECFEEDFF7ACC
:1002A0000A7B00121C318A0A8B0BA80AA90BE849A9
:1002B000700479108034128306E4F0A31282F5E50D
:1002C000091282F5A3EEF0A3EFF090154A12949E66
:1002D00090154A6012E0FCA3E08003EAFCEB129464
:1002E0009970F88C828D831282ED0283ECE8F0A382
:1002F000E9F079002212835EA3A322E50912836349
:10030000EEF0A3EFF02212831188828983A3A3A3C6
:100310002288828983E4F0A312836AA3E508F0228D
:1003200074F2120C29EAFEEBFF8C088D09121DC332
:100330008A0C8B0DA80CA90DE84960198882898365
:10034000A3A3A3EEF0A3EF12835AE508F0A3E509F7
:10035000F0790080027901029AE312835E2212830F
:1003600063A32212836AA3A3A322F088828983A3B2
:100370002274F4120C2974F71212B4E9FEECFF8512
:1003800021828522837401F0EF7006EDC39406404C
:100390005074036A4B604A7401121284880A890BF4
:1003A000780A1212247C127D007A007B00EEF9128A
:1003B0001DC97402121201E9601CE4F50AF50B78FC
:1003C0000A1212247403121294740212128C121E56
:1003D000057402121201852182852283E064017076
:1003E0000479018002790074091212017F04020F5E
:1003F0003074E8120C2974FA1212B489088A0A8B34
:100400000B8C0E8D0F12314F8A0C8B0DAE0CAF0D75
:10041000EE4F70057902028593AA0EAB0FA9081260
:100420001DE1E9F509A2E6401C90154E1299CE6037
:1004300014E82419F582E439F583E064017006E5D7
:1004400009D2E6F5097C067D007900AA21AB2212CB
:100450001B89741F121558128E116009E054FCF0AC
:10046000E044018003E054FC12859D1299CE602C7B
:10047000741E121558E0F50C88828983A3120FFFB1
:10048000AD0C7402121558E05403FCAA0EAB0FA970
:1004900008121D817402121201E9700579010285AA
:1004A0009374221215581299CE60128521828522EA
:1004B00083E04404F074021215581292CF74201293
:1004C0001558128E116005E044088003E054F7F0DF
:1004D0007421121558128E116005E044108003E05B
:1004E00054EFF07424121558E0C0E074041215584B
:1004F000D0E0F07405121558E50CF07803852182E0
:10050000852283E054046002780574251215581280
:100510009AA2E8250CF516E4350DF517AA16FB127C
:100520001C318A148B15EA45156064AC14AD15AA0C
:1005300021AB22121DBD742712155812AC0B1212DA
:1005400020AC0CAD0D121B7D7403121201901945E5
:10055000E0F50C780C121228750CE7750D16780C66
:1005600012122478141212247816121224780E1201
:100570001224A909EEFCEFFDAA0AAB0B12315B7441
:1005800009121201E9FEAA14AB15121C3780027E73
:1005900010EEF974061212017F10020F301297B399
:1005A000A3A3A3A322EEF97F0C020F30E50C28F5DC
:1005B00082E50D128D372274EA120C2974FE121294
:1005C000B489098A0C8B0DECFEEDFF7510007511D6
:1005D0000075080074181215581299C180151287F9
:1005E00099121E118B0FE5102AF510E511350FF544
:1005F00011050812878C5046E50875F006A4F8A985
:10060000F0E50A28F582E50B1285B3E5102403F521
:1006100010E43511F511A3A3E070D60510E51070B4
:1006200002051188828983A3A3A3A312949E8882C2
:10063000898360AAA3A3A3E0F9121DFF80A6AA10D4
:10064000AB11121C318A0E8B0F8A128B13EA4513E1
:10065000700302876F7508008036A821A9228814CC
:1006600089157814121224780E1212248A828B8330
:10067000128799121E177404121201852182852295
:100680008312A784E50E28F50EE50F39F50F05084E
:1006900012878C5078E50875F006A4F8A9F0E50AF1
:1006A00028F582E50B12A73D12877F8A828B83A3F0
:1006B000128776F0129452128776A3F0E50E240387
:1006C000F50E5002050F88828983E070C1EA240389
:1006D00008E43BF9881489158882F58312877FA383
:1006E00085820E85830F8A828B83A3A31299CC7097
:1006F0000302865AAC0EAD0FE8FAE9FB8514828539
:100700001583E0F9121DED8A0E8B0F80817812128D
:10071000122478101212247420121558128E1912F5
:100720001228E4F50AF50B780A1212247422121525
:1007300058128E191212287422121558128E19127C
:100740001228750800780812122875080178081216
:100750001228EEFCEFFDAA0CAB0DA909121D87743F
:100760000B121201E9FEAA12AB13121C3780027E93
:1007700010EEF90287A712877A22128784A3221229
:100780008784F022E0850E82850F8322850A828588
:100790000B83E0F8E508C3982212AFEFEEFAEFFB07
:1007A000A90922EEF9800574021212017F0E020FD0
:1007B0003074EC120C29890EEAFEEBFF8C088D09CF
:1007C00074141215581288A675F003A4F512E5F0FA
:1007D000F513AA12FB121C318A0A8B0B8A108B119B
:1007E000EA451170030288997A00802FEA75F003B8
:1007F000A4F8A9F0E50C28F8E50D391289C8E82419
:1008000002F85001098882898312889E1289D3F0E8
:10081000E50A2403F50A5002050B0A850C82850DB2
:1008200083E0F8EAC39840C4740168700AA3E070DA
:100830000675120175130078101212247812121224
:1008400024741C121558128C1D121228E4F50AF596
:100850000B780A121224741E121558128C1D1212D3
:1008600028741E121558128C1D121228750A007851
:100870000A121228750A04780A121228AC08AD0967
:10088000EEFAEFFBA90E121D87740B121201E9FE9E
:10089000AA10AB11121C3780027E100285A5E085DC
:1008A0000A82850B832212A788880C890D8882F51D
:1008B00083E02274EA120C29890EEAFEEBFF8C0811
:1008C0008D0974161215581288A6F50A750B007456
:1008D00002780A1213D2850A12850B13AA12AB13DF
:1008E000121C318A0A8B0B8A108B11EA4511700396
:1008F0000289B67A008041EAF51475150074027811
:10090000141213D2E50C2514F8E50D35151289C81B
:1009100088828983A3A31289BBF0E82403F85001DD
:1009200009888289831289BB1289D3A3F0E50A243E
:1009300004F50A5002050B0A850C82850D83E0F848
:10094000EAC39840B2740168700AA3E07006751299
:100950000175130078101212247812121224741EDA
:10096000121558128C1D121228E4F50AF50B780A9C
:100970001212247420121558128C1D121228742081
:10098000121558128C1D121228750A00780A1212BC
:1009900028750A07780A121228AC08AD09EEFAEF9A
:1009A000FBA90E121D87740B121201E9FEAA10ABEF
:1009B00011121C3780027E100287A31289BF22E029
:1009C000850A82850B83A322F988828983A31288F2
:1009D0009EF0221289DF850A82850B83A3A322A3BE
:1009E00012836AE02274E6120C29890B8A128B1397
:1009F0008C0E8D0F7E007F00750A00741A12155838
:100A0000129AA28009EE2402FEE43FFF050A850C3B
:100A100082850D83E0F8E50AC3985046E50A75F033
:100A20000DA4F8A9F01285ACEE2404FEE43FFFE02B
:100A300070DAA3E070CFEE2405FEE43FFFE8240463
:100A4000F508E439F509850882F583E0F9121DF30C
:100A5000E960B9850882850983E0F9121DF9EE295C
:100A600080A6EEFAEFFB121C318A088B09EA4509D1
:100A70007003028BFF8A168B17750A00801EE5141F
:100A80002409FCE43515FD8C828D83128C128C8236
:100A90008D83A31297B988168917050A850C82855C
:100AA0000D83E0F8E50AC3984003028B99E50A75C7
:100AB000F00DA4F8A9F0E50C28F582E50D12A75475
:100AC000128C12851482851583A3AC82AD83128C9F
:100AD00005F0E5142402F8E43515F98882898312BB
:100AE0008C0A128C23F0E5162404F5165002051723
:100AF000851482851583E070A1E5162402F8E4359B
:100B000017F9851682851783A3AA82AB838C828D01
:100B100083E06003028A7EE5142404F510E43515B1
:100B2000F511851082F583128C12E5142405FCE47E
:100B30003515FD8C828D831297B98C828D83A3E04D
:100B400088828983F0E5142407F8E43515F9888252
:100B50008983128C05128C23A3F0E5162405F51663
:100B600050020517851082851183E0F9121DF3E903
:100B70007003028A9AAC16AD17E514240BF582E4D3
:100B80003515F58312AAA2851082851183E0F9122A
:100B90001DED8A168B17028A9A78081212248E0C81
:100BA0008F0D780C1212247422121558128C1D12FB
:100BB0001228E4F50CF50D780C1212247424121589
:100BC00058128C1D1212287424121558128C1D12E2
:100BD0001228750A00780A121228750A09780A1272
:100BE0001228AC0EAD0FAA12AB13A90B121D8774FD
:100BF0000B121201E9FEAA08AB09121C3780027E13
:100C000010EEF98031128C0AA322E0851682851736
:100C10008322128C0AF022A3A3A3A3A3A3E0F50AC4
:100C2000780A22A31289DF851682851783A3A3A3DE
:100C300022740A1212017F12020F3074EA120C2978
:100C4000890CEAFEEBFF8C0A8D0B75120075130000
:100C5000750D007416121558129B928009128D1989
:100C6000121DFF128CFC128D0C40F2AA12AB131253
:100C70001C318A0E8B0F8A148B15EA451560787526
:100C80000D00800C128D3F121DED8A0E8B0F050D8D
:100C9000128D0C40EF781412122478121212247460
:100CA0001E121558128E19121228E4F508F509784B
:100CB000081212247420121558128E191212287458
:100CC00020121558128E1912122875080078081271
:100CD000122875080A7808121228AC0AAD0BEEFA31
:100CE000EFFBA90C121D87740B121201E9FEAA1466
:100CF000AB15121C3780027E100287A38B0FEA24EB
:100D000003F8E4350FF912AF5E050D2285088285E0
:100D10000983E0F8E50DC39822128D27A3A3A3123F
:100D2000AF9AA3A3E0F922E50D75F005A4F8A9F0A8
:100D3000E50828F582E50912AF85A882A983221269
:100D40008D271287841289E0850E82850F83A3F098
:100D5000E82402FAE439FB8A108B118A82F58312A7
:100D6000877AA3F0E50E2403FCE4350FFD88828921
:100D70008312AAA7851082851183E0F92274F612E6
:100D80000C2974FE1212B4E9FE740C121558128E5E
:100D900004128E11128E1FC0E07401121558D0E09B
:100DA000F0A821A922880889097808121224750858
:100DB0000275090078081212247416121558128E42
:100DC000191212287415121558120FFF74161215E5
:100DD00058128E191212287416121558128E1912E2
:100DE0001228750800780812122875080B78081266
:100DF0001228EEF9121D87740B12120174021212DE
:100E000001029579128E082212A793F988828983AC
:100E100022E085218285228322E0F50878082212CB
:100E200089E02274F1120C2974EB1212B4EAFEEB81
:100E3000FFC200EE2420F8E43FF98808890988827F
:100E4000F583C3E09403A3E0940050057901029276
:100E50006C90154EEEF0A3EFF07402121558EEF000
:100E6000A3EFF0740E121558E4F0A3F0740A1215F3
:100E700058E4F0A3F0740C121558E4F0A3F0EE243B
:100E800022F8E43FF9880A890B8882F58312AAD1F7
:100E90007404121558AA82AB83121DB78A0C8B0DED
:100EA000A80CA90D740A121558E8129F7E12AAA266
:100EB000EAC398F8EB99F9850A82850B83E028F854
:100EC000A3E039F9740C1215581292CF7408121558
:100ED00058E0901547F0EE2414F508E43FF5098535
:100EE0000882F583E0F912314F8A828B83E58245CF
:100EF00083700C90154EE4F0A3F0790202926C120C
:100F000092B4602BEE2404F50AE43FF50BA3120F14
:100F1000FF740B121558E0FD7406121558E05403C7
:100F2000FC1292A2121D817402121201E9700C903F
:100F3000154EE4F0A3F0790302926C1292A2121DF6
:100F4000E1E9F50E850A82850B8312AAA2EAFCEB81
:100F5000FD9015488004888289831299CE7003021F
:100F6000905188828983129AA0C3EC950CED950D5F
:100F700040E488828983A3A3A3A3C3E09CA3E09D4C
:100F800040D4E8FCE9FD7404121558E05407700DD4
:100F90007409121558E0640B7003029055E50EA217
:100FA000E64003029055EE2419F582E43FF583E014
:100FB0006003029055740212155812928B6003025E
:100FC000904574021215581299C970797C008508F1
:100FD00082850983E0F9121DE77401121558740126
:100FE000F07409121558129274121558E0F50C7825
:100FF0000C1212287407121558120FFF750C017885
:101000000C121228740812155812A798F50C780CB7
:101010001212287405121284880C890D780C121291
:1010200024740912155812929912155812927F12AF
:10103000155812AAE4121DAB74071212017C01129A
:1010400092A2121DE790154EE4F0A3F079050292EA
:101050006C7C007D007404121558E0F854036003A2
:10106000029183E8540460057E840291C1740912E0
:101070001558E0F8C39417400302917FE8F50A750C
:101080000B007402780A1213D274B7250AF5827421
:1010900036350BF583E493F8740193F9E84970034E
:1010A00002917F850882850983E0C0E074101215E3
:1010B00058D0E0F0740C12155812AAA2741112152F
:1010C000581292C2740A12155812AAA27413121559
:1010D000581292C2741012128C888289831231992C
:1010E0008A088B09A808A909740E1215581292CF04
:1010F000E849604C7409121558E0F5087509007448
:101100000278081213D274B92508F58274363509AD
:10111000F583E493F8740193F988828983E5824525
:10112000836012740212128C123199740E121558C7
:101130001299CE600B740E12155812AAA2121C3707
:101140007409121558E0F86058740268605374030B
:1011500068604E7405686049740668604474086885
:10116000603F740C68603A7411686035741368608D
:1011700030741568602B740B6860267E0080427E98
:1011800082803EEC4D602A8C828D83A3A31292B4A0
:10119000601F740212128C123199E9FE74FF6E7096
:1011A0000B90154EE4F0A3F0F902926C74016E708E
:1011B000107404121558E0540460047E8380027E8B
:1011C00081740212155812928B707A74021215589B
:1011D0001299C970707404121558E0FA54107065B1
:1011E0007401121558EEF074091215581292741207
:1011F0001558128E191212287407121558120FFF63
:101200007508017808121228EA131313541F640199
:101210005401F508780812122874051212848808FF
:101220008909780812122474091215581292991219
:10123000155812927F12155812AAE4121DAB7407AA
:10124000121201D20090154EE4F0A3F0EE70047972
:1012500000801974846EA200700A50047907800C13
:1012600079068008500479098002790874151212F1
:1012700001029A9BE0852182852283F0740822E096
:101280002406FAA3E03400FB74092212A793C824B1
:1012900015F582E438F583E0221299D412AFEB748D
:1012A0000922850A82850B8312AAAA8508828509EC
:1012B00083E0F922A3A3A3A3128E08E5824583222B
:1012C000A3A3EAF0A3EBF0221292D5A3A3A3A3E871
:1012D000F0A3E9F022E0F8A3E0F9850A82850B8308
:1012E0002274F4120C298A088B09ECFEEDFF7C06AF
:1012F0007D007900121B89850882850983E054FCF2
:10130000F8A3E0F98E828F83E05403FAE84A850857
:1013100082850983F0A3E91293CCA2E25004D2F0B3
:101320008002C2F0850882850983E054FBF0A2F0B8
:10133000E433F50A750B007402780A1213D2E04503
:101340000A1293CCA2E3850882850983E050044405
:1013500008800254F71293CCA2E45004D2F0800229
:10136000C2F0850882850983E054EFF0A2F0E433EF
:10137000F50A7404780A1213D2E0450A129DEE852C
:101380000882850983E0540460091293BB1293D349
:1013900050010F8E828F83E0850882850983A3A385
:1013A000A3A31297C1850882850983A3A3A3A3A33E
:1013B000F0EE2402FAE43FFB0283EC8E828F83E09E
:1013C000FAA3E0F9EA850882850983221297B3E03F
:1013D00022A3A3A3A3F0A3E9F0EE2402FE2274F754
:1013E000120C298A828B83E054038C828D831294A1
:1013F00065540412945E540812945E5410F88C8262
:101400008D83E048F0A3AC82AD838A828B83E05465
:10141000046018129452E08C828D83128E1F8C828D
:101420008D83A3F0EC2402FC50010D8A828B83A3F0
:10143000A3A3A3E08C828D83F08A828B83A3A3A3D2
:10144000A3A3E08C828D83A3F0EC2402FAE43DFB9D
:10145000801DEA2402F8E43BF98882898322F88C13
:10146000828D83E048F08A828B83E022121D5D7FAB
:1014700001020F30C082C08390154A80048A828B9B
:101480008312949E600C8A828B83A3A3E06970ED23
:1014900080047A007B0002822EFD8C828D8312AA4A
:1014A000AAEA4B2274F0120C298A088B09ECFEED93
:1014B000FF121DC38A0C8B0DEA450D60787C0080FD
:1014C000010C850C82850D83A3A3A3A3A3A3A3E092
:1014D000F8ECC398505FECF50E750F007403780EAE
:1014E0001213D2850C82850D83A3A3A3A3A3A3A368
:1014F000A3E0250EF8A3E0350FF988828983E493F1
:10150000FA740193FBE5086A7003E5096B70B2A3F6
:10151000A3E493FA740193FBEE6A7002EF6B70A17F
:10152000741012155812AAD1898388827408121176
:101530002879018002790080031212017F08020FCE
:101540003074F6120C29121DC38A828B83E5824502
:1015500083600512AA9F80047A007B00801B74F6CA
:10156000120C29121DC38A828B83E5824583600594
:1015700012AA9D80047A007B007F02020F3074F76C
:10158000120C2990154CE0FEA3E0800A8E828F8316
:1015900012AAD1ECFEEDFFEE4F604A8E828F83A33C
:1015A000A3E06970E778008001088E828F83A3A38F
:1015B000A3E0FCE8C39C50D4E875F003A4FC85F0DC
:1015C00008AD088E828F83A3A3A3A3E02CFCA3E025
:1015D0003DFD8C828D83E06A7003A3E06B70CAECE2
:1015E000FAEDFB80047A007B0002946F74F6120C13
:1015F00029121DDB8A828B83E58245836006A3A3C3
:10160000E0F98002790002957974F6120C29ECFF5A
:10161000121DDB8A088B09A808A909E8496015E8AA
:101620002402F582E439F583EF6005E0D2E6800319
:10163000E0C2E6F002957974F0120C29EAFEEBFFA5
:10164000ECFAEDFBEE4F70030297B0EA2402F508C6
:10165000E43BF5098A828B83A3AC82AD838E0C8F29
:101660000D750E00E91210B00441427B9743448D82
:1016700097E0E24697E8E9F9962508EB9609F9968E
:101680000A08970B469710EB9618EB9619F9961ADD
:1016900008971B46971C57971D60971E69971F72E6
:1016A0009720EB9621F9962208972346972457977F
:1016B00025609726699727729728EB9629F9962A2D
:1016C00008972B46972C57972D60972E69972F7266
:1016D0009730EB9631F99638F9963946973A7297E2
:1016E000EA4697F07297F19F97B0978E828F831298
:1016F00097B9ECFAEDFB0297B01297BE8C828D83FE
:10170000F00A0AAB090297B08E828F83780C12140C
:10171000E58A828B83E50C1297B3780C1214E5E509
:101720000D8C828D831297B3780C1214E5741078A7
:101730000C12126B850882850983E50CF0EA2403FC
:10174000FA506D0B806A8E828F83120FFB121C077A
:1017500074041212018059780C1212207C05804604
:10176000780C1212207C06803D780C1212207C0727
:101770008034780C1212207C08802B780C121220F6
:101780008E828F83E02401FCE43400800F780C12F9
:1017900012208E828F831298D7FCE439FD8009785D
:1017A0000C1212207C107D00121B7D74031212019A
:1017B00002953CF08E828F83221297CBF0221297F3
:1017C000C71297B3A3E0228E828F83E08A828B8335
:1017D00022C082C083E91210B003202FE997383A63
:1017E000E997E0E2E99700ED97790180027900023C
:1017F000822EE924F8607814607914607A14607B92
:1018000024FB606B24F860671460681460691460DE
:101810006A24FB605A14605B14605C14605D1460A1
:101820005E14605F14606014606114604214604371
:1018300014604414604514604614604714604814F2
:10184000604914602A14602B24F9602714602C145A
:101850006039245A602514602214601F24FA601332
:1018600014601014601524FA602114602280247919
:101870000180227902801E7903801A79048016790A
:101880000580127906800E7907800A79088006792A
:1018900010800279000211CE74F7120C29E9FE744F
:1018A000446E600574436E700C8A828B831298D7E5
:1018B000FAE439801574426E600574416E700E8AC8
:1018C000828B83E02401FAE43400FB8007121DF9C7
:1018D000E9FA7B0002946FE0FCA3E0F9EC24022219
:1018E00074F1120C29EAFEEBFFEC2406F8E43DF952
:1018F000880889098882F58312949E700479018092
:101900003A8C828D83A3A3A3A3E0F9121DFF8A0A58
:101910008B0B129B7C121220AC0AAD0BEEFAEFFB84
:10192000121B7D7403121201740F1215581292B813
:101930006007E50AF0A3E50BF07900029A9B74F0CA
:10194000120C2974F81212B4890C8A088B09ECFE67
:10195000EDFFA821A922880A890B780A121224A96E
:101960000C121DC97402121201E970047901804C35
:10197000741812155812A7AD741A1215581299C17D
:1019800074061215581299CE780A60161212247431
:1019900002121294AA0EAB0F121E0574021212014B
:1019A000801A121224780E121224EEFCEFFDAA08FF
:1019B000AB09A90C121E17740412120174080295C7
:1019C00039E0F50AA3E0F50B221299D4A3A312A7DC
:1019D00088E8492212A793F58388822274F0120CBA
:1019E0002974FE1212B48A0A8B0BECFEEDFF8521DE
:1019F00082852283E4F0A3F0121DCF8A088B09EAC6
:101A00004509602FA821A922880E890F780E12128D
:101A100024E4F50EF50F780E1212247900EEFCEF97
:101A2000FDAA0AAB0B8508828509831231997404DB
:101A300012120185218285228312AAA274020295C4
:101A40003974F1120C298A088B09ECFEEDFF121D86
:101A5000CF8A0A8B0B7411121558129AA2E50C4505
:101A60000D600A850C82850D83E4F0A3F0EA450B36
:101A70006027780C1212247411121558120FFF7976
:101A800001EEFCEFFDAA08AB09850A82850B8312E3
:101A900031997404121201800279C17F07020F305C
:101AA000A3A3E0F50CA3E0F50D2274F2120C29EAD1
:101AB000FEEBFF8C088D098C828D83A3A3A3A3A3C7
:101AC000E0A2E4501C121DD58A828B83E5824583F7
:101AD000600F7901AC08AD09EEFAEFFB1231998085
:101AE0000279007F06020F3074F1120C29ECFEED32
:101AF000FF8E828F83A3A3A3A3A3E0A2E150691268
:101B00001E2FE9F50A7064740F121558129B9290FB
:101B100015451299CE6013AC08AD09EEFAEFFBE063
:101B2000F5838882123199E96039E5082403F8E4E5
:101B30003509F9880889098882F583129B70E0F9D4
:101B4000121DFF8A0C8B0DAC0CAD0D129B7C12127A
:101B5000208E828F83A312AA9D121B7D7403121202
:101B6000018008750A878003750A88A90A029A9B72
:101B700012AAAA8E828F83A3A3A3A322850882859B
:101B80000983E0F508A3E085080CF50D750E0078D3
:101B90000C22E0F508A3E0F5092274F2120C298961
:101BA00008ECFEEDFF8E828F83A3A3A3A3A3E0A284
:101BB000E1504D121E2FE9F97048A908121DCF8A75
:101BC0000A8B0BEA450B6034E4F50CF50D780C122A
:101BD00012247410121558120FFF79028E828F830F
:101BE00012AACF8E828F8312AAA2850A82850B83C6
:101BF0001231997404121201E9F9800679C1800248
:101C00007988029AE374F2120C29EAFEEBFF8C0841
:101C10008D098C828D83A3A3A3A3A3E0A2E5501C0E
:101C2000121DD58A828B83E5824583600F7902ACD1
:101C300008AD09EEFAEFFB12319980027900029AA1
:101C4000E374F4120C2912A2FB8A828B83A385828F
:101C50000885830912A000121C31EA4B604A12A7C2
:101C60008DC313E8138A828B83F07C00802F8E82D1
:101C70008F83E0F508A3E0F8E4C8F9E50828E43923
:101C8000F509EC129CABEA28F582EB12AF85E5086A
:101C9000F0A3E509F0EE2402FE50010F0C8A828BBE
:101CA00083E0F8ECC39840C60283EC25E0F8E43307
:101CB000F92274EB120C29129F2212AADC75130070
:101CC000750E00750F00804905138E828F83A3A3C4
:101CD000E0F8EE2403FE50010FE870358E828F830A
:101CE000E0F9A3AE82AF83EEFAEFFB121DFF8A0884
:101CF0008B09EE2AFEEF3509FFEAA2E0500705083E
:101D00000470020509E50E2508F50EE50F3509F505
:101D10000F129F67EE98EF9940AE75F006E513A499
:101D200004F508129F1A121C318A0A8B0BEA450B24
:101D30007003029DE5850C82850D8312AADEA8083A
:101D4000EA28129F3E029DDBE51475F006129F34CF
:101D50008E828F83129F5A1292D08E828F83A3A37A
:101D6000E0F8850E82850F83A3A3F0EE2403FE50D6
:101D7000010FE870648E828F83129F4FA3129DEE35
:101D8000EEFAEFFB121DFF8A088B098E108F11757A
:101D900012007810121220AC08AD09AA0CAB0D127B
:101DA0001B7D7403121201850E82850F83A3A3A3EA
:101DB000A3E50CF0A3E50DF0EE2508FEEF3509FFD5
:101DC000E508A2E0500705080470020509E50C25A6
:101DD00008F50CE50D3509F50D0514E514C395134B
:101DE0005003029D48AA0AAB0B7F0D020F30129DD3
:101DF000F222F08E828F83A3AE82AF832274EB1225
:101E00000C29129F22F583129B92751300750E0008
:101E1000750F0080420513850882850983A3A3E01E
:101E2000F9E5082403F50850020509FAAB09121D6B
:101E3000FF8A108B11AE10AF11E5082AF508E509ED
:101E40003FF509EEA2E050050E0470010FE50E2EDD
:101E5000F50EE50F3FF50F129F67E50898E5099924
:101E600040B375F005E513A404FE129F1A121C314D
:101E70008A0A8B0BEA450B7003029F17850C82853B
:101E80000D83129B92EA2E129F3E029F0DE5147560
:101E9000F005129F34850882850983129F5A129F8C
:101EA0007EA3A3129F4FF0E5082403F50850020516
:101EB00009FAAB09121DFF8A108B11AE10AF118504
:101EC00008108509117512007810121220EEFCEF2F
:101ED000FDAA0CAB0D121B7D7403121201850E823C
:101EE000850F83A3A3A3E50CF0A3E50DF0E5082E71
:101EF000F508E5093FF509EEA2E050050E04700172
:101F00000FE50C2EF50CE50D3FF50D0514E514C39A
:101F100095135003029E8D029DE5250EFAE4350FC0
:101F2000FB228A0A8B0BEA2403F50CE4350BF50D32
:101F3000850C822212A24085820E85830F22F50C29
:101F4000E43BF50D8A828B83E513F075140022E0E3
:101F5000F9850E82850F83A3A322E0FAA3E0F9EAB4
:101F6000850E82850F8322850A82850B83A312AB9F
:101F700009129F7522E028F8A3E039F9C322F0A3E3
:101F8000E9129F8522F08508828509832274F01268
:101F90000C29EA2403F8E43B12AAD5750C008A82C6
:101FA0008B83A385820A85830B12A000121C31EA61
:101FB0004B604A850A82850B83E064017002A3E0CE
:101FC00070291297C7A3F0750C01802AE50C12A0A6
:101FD0000AF50EA3E0FDE50E88828983A3A3F0A392
:101FE000EDF0050CEE2402FE50010F850A82850BF0
:101FF0008312A26640D68A828B83E50CF002953C60
:10200000E02401FAA3E03400FB2275F003A4F8A950
:10201000F0EA28F8EB39F98E828F83E08882898391
:10202000A3129DF2E02274EA120C2974FE1212B47B
:102030008A0A8B0BEA2403F8E4350B12AAD5750E35
:1020400000750C00750D008007EE2405FE50010F91
:10205000850A82850B83A312A2665039050E8E82F3
:102060008F83E070E4A3A3A3E0F50FEE2408FE50F5
:10207000010FA90F121DF3E96010A90F121DF9122B
:10208000A24F50010812A25B80C68E828F83A3AE3E
:1020900082AF8380BB75F00CE50EA404F50F250C10
:1020A000FAE4350DFB121C318A0A8B0BEA450B70E2
:1020B0000302A23985088285098312AADEA80FEAE5
:1020C00028F50CE43BF50D8A828B83E50EF0750F45
:1020D00000801E88828983E0F9EC85088285098367
:1020E000A3A3A3A3A3A3A3A31292D00E0EEBFF0559
:1020F0000FE50FC3950E400302A239E50F75F00CF2
:1021000012A2408582088583097C0C7D007900AA93
:1021100008AB09121B898E828F83E0FD85088285BA
:10212000098312A0211293C01293D450010F2402EC
:10213000FAE43FFB8E828F83A3A882A9838E828FCD
:1021400083E0FCED708DE5082403F510E43509F516
:1021500011EC851082851183F00EE9FF8E828F834A
:10216000E0F5128A828B83E0F9E512850882850901
:10217000831293D150010F1293BBA3A31293D1509A
:10218000010FECF9121DF3E9700302A0EF8E128F1C
:1021900013AA0CAB0D851082851183E0F9121DFF87
:1021A0008521828522837401F0A3E4F08521828554
:1021B0002283E0600C7514017515007800790080A9
:1021C0003A7514FF7515FFEA24FFF8EB34FF802AF7
:1021D000851282851383E0C0E0E50C28F582E50DC9
:1021E00039F583D0E0F0851282851383A3858212AE
:1021F000858313E82514F8E93515F9EAFCEBFDECC5
:1022000024FF1AED34FFFBEC4D70C585088285096B
:1022100083A3A3A3A3A3A3A3A3A3A3E50CF0A3E574
:102220000DF0851082851183E0F9121DF912A24F7D
:1022300050010812A25B02A0EFAA0AAB0B0287A70B
:10224000A4F8A9F0E50A28F582E50B12AF8522E98A
:10225000F8EE29FEE43FFFE8A2E022E50C28F50CA9
:10226000E4350DF50D2212A78885088285098312B1
:102270009F75EE98EF992274F4120C298A828B8351
:10228000A3A3A312AADE8A828B83A312A7847A0354
:102290007B001209CFE8F50875F00312A733121C72
:1022A00031EA4B60348A828B83E508F07508008040
:1022B0001FE50812A00AF50AA3E0FDE50A88828955
:1022C00083A3A3F0A3EDF0EE2402FE50010F050856
:1022D0008A828B8312879240D80283EC74F6120CA8
:1022E0002912A2FB7A027B00121C31EA4B60091210
:1022F00097BE8A828B83A3F00295798A828B83A30F
:10230000A3A312A788E8FEE9FF2274E2120C297445
:10231000F01212B48A088B09EA240CF582E435091C
:10232000F58312A7ADEA2406F51CE43509F51DEA8C
:102330002402F51AE43509F51B850E82850F83E02A
:10234000F8C39406E875F006400302A3DE12A73333
:10235000121C318A128B13EA4513700302A6341241
:10236000A771800A850C82850D837486F00E850E18
:1023700082850F83E0F8EEC398400302A51212A7EE
:10238000FF12122412A7E3121DC97402121201E9EE
:10239000640170D07405121558E0A2E6400F12A730
:1023A000B5121558E0A2E720F001B350B7A2E050F3
:1023B0002312A7C1121E1DE9F8850C82850D83F03A
:1023C00070AB74061215581292C874041215581284
:1023D000A7A78098850C82850D83748F808EA4A911
:1023E000F02401F50AE439F50B7E00807885088237
:1023F00085098312A784880C890D740812128488B9
:102400001089117810121224EE129CABE50E28F5FB
:1024100082E50F39F58312AAD0850C82850D8312CF
:10242000AA9EE50C12A75E350DF583E0F9121DC9D1
:102430007402121201E96021740E12155812949E52
:102440006017740C121558E0F9121DFF8B0DE50A88
:102450002AF50AE50B350DF50BE50A2403F50AE428
:10246000350BF50B0E850E82850F83E0F8EEC398D1
:10247000500302A3EDC3E50A946FE50B9400E84016
:102480000302A57212A730121C318A128B13EA457F
:1024900013700302A63412A771800A850C82850D81
:1024A000837486F00E850E82850F83E0F8EEC39864
:1024B000506012A7FF12122412A7E3121DC9740262
:1024C000121201E9640170D37405121558E0A2E6F6
:1024D000400F12A7B5121558E0A2E720F001B35043
:1024E000BAA2E0502312A7C1121E1DE9F8850C8282
:1024F000850D83F070AE74061215581292C87404DC
:1025000012155812A7A7809B850C82850D83748FA6
:10251000809185088285098312AAC1851C82851D48
:1025200083128E1912122875080178081212288554
:102530001A82851B8312A798F5087808121228784A
:102540001212122485108285118312AACDE5101271
:10255000AF593511FBE51012A75E3511F583E0F98F
:10256000121D8D7405121201AA12AB13121C370230
:10257000A72479002403F85001097A047B0012098A
:10258000C7E8F50D7E00805E850882850983E0F549
:1025900012A3E0F513851C82851D83128C1D121277
:1025A00028750A01780A121228851A82851B83125F
:1025B000AAF0121228781012122485128285138331
:1025C00012AACDE51212AF593513FBE51212A75E20
:1025D0003513F583E0F9121D8D7405121201AA104E
:1025E000AB11121C370EEEC3950D400302A724EE6B
:1025F000333354FCF50A850E82850F83E0FA7900A7
:10260000E50A2404F8500109EAFCC3E89CE99400B7
:10261000A2D265D0335005E8F50B80028A0BE50B9A
:10262000C3950AF50C12A730121C318A108B11EADF
:1026300045117005790002A7268A828B83E50CF08C
:102640007F00800A8516828517837486F00FEFC39A
:10265000950C400302A588E50A2FFAEF75F00612E3
:10266000A749EA2AF8E433F9E50E28F582E50F12C6
:10267000A73D12AFB21292CFE5142402F516E4354D
:1026800015F517850882850983E0F512A3E0F51397
:1026900074081212848818891978181212248A82F0
:1026A0008B8312AFD3121DC97402121201E96401A7
:1026B0007092740D121558E0A2E6401A851A8285B0
:1026C0001B8312AAB0740D121558E0A2E720F00186
:1026D000B3400302A644A2E0503F850882850983E7
:1026E00012A784740812129412A768121E1DE9F82A
:1026F000851682851783F0600302A64D740E1215AD
:102700005812AFB21292CB740C121558E085148295
:10271000851583A3A3A302A64C851682851783740F
:102720008F02A64C790174101212017F16020F302D
:1027300075F006A4A9F02401FAE439FB2212A7419E
:102740002212AF85AA82AB8322A4F8A9F0E5102853
:10275000F582E51112AF858582148583152212A7B3
:1027600062222414F582E42212AF5839FB12A7D753
:1027700022850E82850F831297CBF07E0022850C76
:1027800082850D8312A7882212A793F922850882D9
:10279000850983E0F8A3E02212A79C22E01313131B
:1027A000541F64015401221289BFA3A322E0F50E35
:1027B000A3E0F50F22851A82851B8312AAB4740543
:1027C0002285088285098312A788AC21AD2212AF29
:1027D0005839FB12A7D722E82414F582E439F5838F
:1027E000E0F9228A828B8312AFEF851082851183F4
:1027F00012AAA6E51012A7623511F583E0F922EEC0
:10280000F875F006A4FAABF0E5122AF582E5133B61
:10281000F583A385820A85830BE828F8E433F9E57C
:102820000E28F582E50F12A7411292D5E8F0A3E930
:10283000F0E50A2402F50CE4350BF50D85088285D8
:10284000098312AAC5A821A92288148915781422FF
:1028500074E6120C2974F61212B48A0A8B0BC200A9
:102860007E00EA240CF582E4350B12AABF8A828B23
:1028700083A3A3A3A3A3A3A3E06402701C85108277
:1028800085118312AFA4121C318A088B09EA45090D
:102890007005790002A9A8D2007F00E50A2402F59C
:1028A00012E4350BF5138010A200500B850E8285C3
:1028B0000F83748612AAF80F851082851183E0F8C1
:1028C000EFC398400302A95512AF72858216858323
:1028D00017EE75F003A4F8A9F0E50828F582E509DC
:1028E00039F583E5822402F50CE43583F50DA385E3
:1028F000820E85830F850A82850B8312A784881434
:1029000089157402121284881889197818121224F1
:1029100085168285178312AAD185148285158312A4
:10292000AA9E12AA91121DC97402121201E9700323
:1029300002A8A885128285138312AAB07407121503
:1029400058E0A2E720F001B34061850E82850F8335
:10295000748612AAF8A200504DEE8508828509837C
:10296000F0700312AFF5850A82850B8312AADE850B
:102970000A82850B83128C17121228750A01780AB5
:1029800012122885128285138312AAF01212287857
:102990000812122412AFBC121D937405121201AA60
:1029A00008AB09121C377901028C31851682851714
:1029B00083A3A3E0F87406121558E068600302AA26
:1029C00077850A82850B83E0F514A3E0F51574087A
:1029D0001215581299CE606D851482851583A3A3B4
:1029E000A3A3E064037002A3E070488516828517F4
:1029F000831299CE703D851682851783A3129AA003
:102A0000750E00780C1212207C027D0074031212E5
:102A10008C121B7D7403121201850A82850B83E0E0
:102A2000F812AAE485218285228312AAA212311902
:102A300002A8B77816121224740412129412AA89EA
:102A4000121E238017851682851783A3A3A3120F56
:102A5000FF740412129412AA89121E29740212120F
:102A600001E9A200400302A8B7700302A8B7850ECF
:102A700082850F8302A8B4A200400302A8B7850E86
:102A800082850F83748D02A8B4E51412AF593515F1
:102A9000FBE51412A7623515F583E0F922A3A3A381
:102AA000A3A312AAAA22A3A3A3A3E0FAA3E0FB2252
:102AB00012AAB422E0131313541FA2E092F022F5DD
:102AC0008312AAC522E0F510A3E0F51122A3A3A367
:102AD000A312AFEF22F9880889098882F583E0FE06
:102AE000A3E0FF22A3E0C812A76238F583E0F92231
:102AF00012A79CF50A780A22F085168285178312A0
:102B0000AB09E8F0A3E9F00E2212A793F9850C8235
:102B1000850D832274EC120C2974F81212B4EAFEAB
:102B2000EBFF8C0E8D0F750C00741C121558129B48
:102B30009280328E828F831299C18A108B11781005
:102B40001212247402121294E50A12AF59350BFBCB
:102B5000E50A12A75E350BF583E0F9121E2974020F
:102B6000121201050CC3E50C9508E4950940030217
:102B7000AC03E50C75F005A4F8A9F0E50E28F50AFC
:102B8000E50F39F50B8E828F8312A7848810891187
:102B9000A821A922881289137812121224850A8288
:102BA000850B8312A7E7121DC97402121201E96096
:102BB00052E50A2403F8E4350BF98810891188825C
:102BC000F58312AAA274061215581299C1E50A4596
:102BD0000B700302AB337404121558E0F9121DFF99
:102BE0008A128B13AC12AD1385108285118312AC3F
:102BF0000B121220AA0AAB0B121B7D7403121201D6
:102C000002AB6374081212010285A712AAC57512DD
:102C10000078102274E6120C2974F61212B48A0C91
:102C20008B0D750E00750F007E00EA240CF582E412
:102C3000350D12AABF851082F58312AFA4121C3184
:102C40008A088B09EA4509700302AD177F008042AC
:102C500012A77E850A82850B8312AAD18882898376
:102C600012AA9E12A76D121E11852182852283123F
:102C700092C2852182852283E0A2E0500312AF69CF
:102C8000852182852283E0250EF50EA3E0350FF520
:102C90000F0F851082851183E0F8EFC39850501212
:102CA000AF7285820A85830B12A77E8812891374FE
:102CB00002121284881489157814121224850A824B
:102CC000850B8312AFD3121DC97402121201E97071
:102CD0004B850882850983A37486F0850A82850B5B
:102CE0008312A7848508828509831292CD7E01EE26
:102CF000850882850983F0600302AF1175F005A491
:102D0000FF129F1A121C318A0A8B0BEA450B705C6A
:102D1000AA08AB09121C37790002AF5574061215C8
:102D2000581292D8A3A3E069600B850882850983B5
:102D3000A3748D80A57407121558E0A2E1400B859D
:102D40000882850983A374888090A2E5500B8508CA
:102D500082850983A3747E808174081215581294A9
:102D60009E700302AC50121DFF02AC69EA2FF512EF
:102D7000E43BF5137F00801B852182852283E0A23E
:102D8000E0500312AF6985218285228312A7841245
:102D9000AF5E0F851082851183E0F8EFC398400382
:102DA00002AEFDEF75F00512A749E50A28F50EE51C
:102DB0000B39F50F12A77E88168917740212128438
:102DC000881889197818121224851482851583129F
:102DD000AAD185168285178312AA9EE51612A75ED0
:102DE0003517F583E0F9121DC97402121201E9705A
:102DF0000302AEFD85148285158312A784850E8299
:102E0000850F831292CF850E82850F83A3A3A3E53E
:102E100012F0A3E513F074081215581299CE604110
:102E2000A821A922880E890F780E12122474041288
:102E30001294AA12AB13121E057402121201850C11
:102E400082850D8312A7AD78141212247404121215
:102E500094E50E12AF59350FFB12AF8A121E238074
:102E60005012A77E880E890FA821A92288168917DB
:102E70007816121224781212122485148285158372
:102E800012AAD1850E82850F8312AA9E12AF8A12D2
:102E90001E177404121201850C82850D8312AFB2C5
:102EA000A3A3A3120FFF740412129412A768121E98
:102EB000297402121201E9FAEA700302AD78EE7584
:102EC000F003A4F8A9F0E50828F8E50939F9EA883B
:102ED000828983A3F085148285158312AF9612929E
:102EE000C00EEFF50E750F00780E121224AC0AAD6D
:102EF0000BAA0CAB0D121E6B7402121201EE8508A8
:102F000082850983F0700312AFF5AA0AAB0B121C7D
:102F100037850C82850D8312AADE850C82850D8390
:102F2000128C17121228750A01780A121228850CC1
:102F300082850D83A3A312AAF01212287808121218
:102F40002412AFBC121D937405121201AA08AB091A
:102F5000121C377901028C31E82406FAE422E512CA
:102F600028F512E51339F513222401F0A3E034000B
:102F7000F022EF75F005A4F8A9F0E51028F582E538
:102F80001112AF852239F583A322E50E12A762350F
:102F90000FF583E0F92212AF9A22E0FAA3E0FB8852
:102FA00082898322E075F003A4A9F02401FAE439B0
:102FB000FB2212A788851482851583228E828F8337
:102FC00012AFEBEE12AF593FFBEE12A7623FF58353
:102FD000E0F92212AFEF85128285138312AAA6E5CB
:102FE0001212A7623513F583E0F922A3A3A3A3E08D
:102FF000FCA3E0FD22A3E4129F8504F022C082C05E
:1030000083901607E4F0A3F07CEA7D167A927B1594
:10301000121D271226CF1224A7D083D0820211CEF0
:1030200074F2120C2974FE1212B4E9FEEAFF8B0846
:103030008C0974016E600874026E600302B150EF77
:10304000600874036F600302B0E912285BE9605303
:1030500074036F604E121B958A0A8B0B780A12124A
:1030600024750A01780A121228750A00780A1212C9
:1030700028E509F50A780A121228E508F50A780AFF
:103080001212289015AC120FFB901918E0F97CB7BA
:103090007D16901A2A12BDFF1224CB740A12120157
:1030A00002B14B790212205D901918E0F99015AC2D
:1030B0001215411224B9E9F89015BCE0A2E34010C2
:1030C000E8700D901609E004F06404700312B16C0E
:1030D00074036F707890160AE0F9740129F0E9C35F
:1030E0009405406912B16C806474016F7062740160
:1030F0006E790A702E12205D7A007B049017A0E092
:10310000F9121CFDAA21AB2279501222E512C52E1C
:1031100090175312BE0D790090175312BDFF122560
:1031200043804412205D901A00120FFB7A007B202E
:103130009015B1E0F9121CF17404121201901918E3
:10314000E0F99015AC1215411224E3E9F8E8601794
:10315000908400120FFB7A017B009015B1E0F91208
:103160001CF17404121201740202C51A9015ACE429
:10317000F0A374F8F0A374FFF0A37407F02274F6C0
:10318000120C29E9FFEAFE7AD1F9121BB98A828B67
:1031900083E5824583702A7A027B00121B9BEA4BEF
:1031A000700E7A107B009015B1E0F9121BDD8014CF
:1031B0008A828B8374D1F0EFA3F0EEF9121BA78003
:1031C00003EFA3F002B2E074F7120C298908900310
:1031D0005112C7F6801A8E828F8312B21CE06009EA
:1031E00012B228FAA9081220878E828F8312CACFC2
:1031F000FFEE4F70E19019EAE0F47003A3E0F46091
:103200000A9019EAE0FAA908122087122A539015A9
:103210008812BE05122A4D7F01020F30A3A3E0F8E9
:10322000A3E0F98882898322A3A312B22E2212B8C6
:10323000BAE02274F4120C29890B7D00740C12156B
:103240005812C53480010DEDC3950B503D750A0031
:103250008002050AE50AC39C50ECED25E0FEE4334C
:10326000FFEA2EF582EB3F12CA8EF509AE0AEE2E6A
:10327000FEE433FFE82EF582E912C2B5650870045A
:10328000A3E0650970CC7901800279007F04020F08
:10329000300211CE74F6120C2912B3377003A3E07A
:1032A0006D70177508BA7509157808121224EEFAB0
:1032B00012215F7402121201801F750802750980C5
:1032C00078081212248C088D09780812122412B37F
:1032D0002C1221777404121201800574021212015B
:1032E0007F02020F3074F6120C2912B3377003A359
:1032F000E06D70177508C77509157808121224EE6D
:10330000FA1221657402121201801F7508037509F3
:103310008078081212248C088D0978081212241261
:10332000B32C122177740412120180B412BAB1E0E6
:10333000FD7C8012BE4E22EAFEEBFFEE12BF793F0B
:1033400012C0F412B35128FCE439FD901588E06CEA
:1033500022FAA3E0F8E4C8F9EA2274F6120C297400
:10336000FE1212B4EAFEEBFF852182852283E4F08F
:10337000A3F012BE3812C0EDFBECFA88828983A359
:10338000A3E0F9750900750800600574FF69700510
:10339000750882802F901588E06A7003A3E06B7037
:1033A00015AA21AB22123149E9FA12C058700375EF
:1033B00008838A09800E12242FE960057508898028
:1033C00003750881852182852283E0FCA3E0FDA9A5
:1033D00008EEFAEFFB12216BE509600B12C0586092
:1033E0000612BDF9121C3702B2DB0211CE74F212C2
:1033F0000C29EAFEEBFF75090075080012B45EF5B2
:103400000AE439F50B122A53EA650A7003EB650BDF
:10341000701212313DE914F50979017AD37B151246
:103420003137800375088112C2AFF50C780C121287
:1034300028750CD3750D15780C1212247809121208
:1034400028780A121224780812122812BF8E12C28B
:10345000B2F97A057B80122171740702C51A12BA7B
:10346000C112C53888828983E012B351282274F6CC
:10347000120C29780080308A828B8312CA90FEE475
:10348000CEFFE5082EE43FF509E825E0FEE433FF32
:10349000EC2EF582ED3FF583E508F0A3E509F0EAAF
:1034A0002402FA50010B08E8C39940CB02B2E07441
:1034B000E0120C298A1A8B1B7513007516007517FC
:1034C0000075140075150012BF74351B12C8ECF599
:1034D0000B850A82F58312B468F508E439F509858D
:1034E0000A82850B83A3A312C922A3A3E0F9EAFEF3
:1034F000E439FFE51A240FF51EE4351BF51FE51A24
:103500002402F518E4351BF519E51A240EF51CE420
:10351000351BF51DAA08AB09122AE9E964017038C8
:10352000851C82851D83E0F50A780A121228E4F5CD
:103530000AF50B780A121224780A12122878081257
:103540001224750880780812122812B8C31221714B
:10355000740712120102B8B5AA08AB09122AE9E9E8
:103560007050901588E065087004A3E0650960421A
:10357000901A2CE0600464017035851C82851D83DF
:10358000E0F50A780A121228E4F50AF50B780A1217
:103590001224780A121228780812122475088178E9
:1035A0000812122812B8C3122171740712120102F4
:1035B000B8B5850A82850B83A3A3A3A3E0F509E52B
:1035C0000A2405F50A5002050BE509602212CA77A4
:1035D000121C318A168B17EA45176013AC16AD170B
:1035E000AA0AAB0BA9091220BD8A0A8B0B800375AE
:1035F0000900850A82850B83E0F508A385820A8588
:10360000830B601E12CA77121C318A148B15EA458F
:1036100015600FAC14AD15AA0AAB0BA9081220BD9A
:1036200080037508009003518045E4F0A3F0AA0CD4
:10363000AB0D850E82850F83A3A312B8BA12B228F0
:10364000F9121BA7850A82850B83E0C0E0A81374DA
:10365000D328F582E43415F583D0E0F00513A200F9
:103660005007AA0AAB0B121C37850E82850F83E028
:10367000F50EA3E0F50FE50E450F700302B82785A0
:103680000E82850F83A3A312C534E8FAE9FB8A8270
:103690008B83E0FC60D3850E82850F83A3A3A3A355
:1036A000A3A3A3A3E0A2E050C0850E82850F83A34D
:1036B000A312B21CE5824583600FECFA7901123146
:1036C000998A0A8B0BD200800F8A828B83A3A3A3D3
:1036D000A312C8EEF50BC200E50A450B6080850A0F
:1036E00082850B83A3E06E7003A3E06F600D74FF0F
:1036F0006E700374FF6F600302B65E850A82850BED
:1037000083A3A3A3A3A3A3A3120FFF850A82850B00
:1037100083A3A3A3A3A3A3E0FCAA16AB17A9091232
:1037200020937402121201E97038850A82850B8396
:10373000A3A3A3A3A3A3A3A3A3A3120FFF850A82FA
:10374000850B83A3A3A3A3A3A3A3A3A3E0FCAA1411
:10375000AB15A9081220937402121201E97003023A
:10376000B65EE5082509C333240AFA7B00121B9BC9
:103770008A0C8B0DEA450D700302B6448A828B8356
:1037800074D2F085188285198312C5348A828B839E
:10379000A3A3E8F0A3E912C8D6A3E50912CB9DE5DF
:1037A00008F0EA2405F582E4350DF583E509602883
:1037B00012C899350D12BE048516108517117512A1
:1037C000007810121220AC09EC2CFCE433FD121B23
:1037D0007D74031212018004E4F0A3F0E50C2408C8
:1037E000F582E4350DF583E508700302B62AA809D1
:1037F000E828F8E433F9E50C28F8E50D39F9E81282
:10380000C89A3912BE0485141085151175120078F6
:1038100010121220AC08EC2CFCE433FD121B7D745A
:103820000312120102B62EE513602D851C82851D40
:1038300083E0F50878081212287508D37509157801
:1038400008121224E513F50878081212289015883A
:10385000120FFF7508008033E51A12C7FB351BF500
:1038600083E07037851C82851D83E0F50878081297
:1038700012287508D37509157808121224750800E6
:103880007808121228901588120FFF780812122853
:1038900012B8C31221717407121201E516451760A0
:1038A00007AA16AB17121C37E51445156007AA14B2
:1038B000AB15121C377F18020F30E0F8A3E0F58338
:1038C000888222AC18AD19851E82851F83E0F97AA3
:1038D000067B802274EF120C2974F41212B4EAFEF3
:1038E000EBFF8C088D09740B1215587403F012123B
:1038F0008C121D27122A4D8A0A8B0BAC0AAD0BEED7
:10390000240CF50AE43FF50B740312128C121D21EE
:10391000E9601CE5082413F50CE43509F50D850C68
:1039200082F583E0FA74036A601074016A600B85A3
:103930002182852283748402BA3EE5082408F8E4D3
:103940003509F9880E890F8882F583E0F510602526
:1039500074FF6510601FE5082414F8E43509F9E8E0
:10396000FCE9FD74036A70188C828D83E0F86005B1
:1039700074FF68700B852182852283748202BA3EAF
:10398000E5082409F8E43509F9E8FAE9FBE5082433
:103990000BF50850020509850A82850B83E0642136
:1039A0007002A3E07065852182852283748C12C524
:1039B00014E0F5107810121228AC08AD098A828B39
:1039C0008312BDFF850E82850F83E0F912277D7477
:1039D00001121201E97068852182852283E4F012C8
:1039E0002045850C82850D83E064037052740112BA
:1039F0001294AA08AB0912279BE970437D007C0052
:103A00007900AA08AB0912213B80348C828D83E0B7
:103A1000F50C780C121228AC08AD098A828B83123F
:103A2000BDFFA9101227837401121201E9852182BA
:103A30008522837007E4F012204580037488F01219
:103A4000C2AFF5087808121228740112128488088F
:103A500089097808121224850A82850B8312CA907C
:103A60004480F509780812122412BF8412212F74A1
:103A700005121201740C1212017F09020F30C0826C
:103A8000C08374F31212B4852182852283E4F0048A
:103A900012155812BE057403121558AA82AB831270
:103AA00023B7AA21AB221223F3740D12120102B024
:103AB00019EE12C5283FF58322EAFEEBFF12BAC1C8
:103AC00022EE2413F582E43FF5832212C882FBEA3A
:103AD0004B2274E8120C2974DB1212B48A168B176D
:103AE000751200751300750D0012BF74351712BEE4
:103AF0003E799C122519901A2CE060046401701420
:103B00007A04790012241DEAF50D8521828522832D
:103B1000E02A80088521828522837401F0E0F8E59F
:103B20000EC398400302BD96E0C3950EF509C394F9
:103B3000044003750903E50975F01AA4FAABF01205
:103B40001C318A128B13EA4513700302BD99750C60
:103B500000AE12AF13850E0802BBFA7C087D007917
:103B6000FFAA14AB15121B89E50A2404F8E4350BEF
:103B7000F9EE2416FAE43FFBEE2415FCE43FFDEEDB
:103B80002414F514E43FF51588828983E0702E85AE
:103B90000A82850B8312C05E8514828515837004AA
:103BA000E4F080087401F0901766E01485108285B7
:103BB000118312C514740212C846E480339017664C
:103BC000E00485108285118312C88EC39403851486
:103BD00082851583400302BCA3740212C88E64015F
:103BE000700302BCAF8C828D83740112C8467401CD
:103BF000F0EE241AFE50010F050CE50CC3950940A8
:103C00000302BD14E508C3950D400302BCB7AA0822
:103C10007B0012245F8A0A8B0B050890175312BE93
:103C200021121D27850A82850B8312C534EE2412CA
:103C3000F582E43FF583E8F0A3E912BE13EE241801
:103C4000F510E43FF511851082F58374FF12C93336
:103C5000A3A3A3A3A3A3A3A3A3E0C0E012BDEFD09B
:103C6000E0F07401121558E412C879F8A3E0F97471
:103C70000212155812BE0DEE240AF514E43FF51594
:103C8000740112128C1223E1E96401600302BB5B30
:103C90007404121558AC82AD83AA14AB15121D27FB
:103CA00002BB68740112C88E6403600302BBE58C1A
:103CB000828D83E402BBEBE50DC3950E40057508CC
:103CC000008058E50EC3950DF508804F850A828562
:103CD0000B83E412C514F0901766E0148A828B837C
:103CE00012BE13741D121558E0C0E012BDEFD0E0F3
:103CF000F0EE2414FAE43FFB8882898312C05E8AC6
:103D0000828B837003E480027401F0EE241AFE506B
:103D1000010F050CE50CC39509507E740E12129428
:103D2000AA087B00798712251905087418121558FE
:103D300012BE21121D277410121558AC82AD83EEED
:103D400012C89A3FFB121D27EE2412F8E43FF974C3
:103D50000E12155812BDFF8882898312BE05EE240B
:103D600018FAE43FFBEE2416FCE43FFDEE2415F5C3
:103D70000AE43FF50B901A2CE0600764016003022F
:103D8000BCCC850A82850B83740212C5140412C848
:103D90004674FF02BCE0750900750A00780A121229
:103DA0002878121212247809121228E50EF50978E3
:103DB000091212287405121558E0FD7C00E5161250
:103DC000C7F13517FBE51612C5223517F583E0F963
:103DD00012217D7405121201E51245136007AA1223
:103DE000AB13121C3774251212017F10020F30EE34
:103DF0002419F582E43FF5832285218285228312EE
:103E0000C882FB22FBEAF0A3EBF022A3A3E8F0A315
:103E1000E9F022F0EE2417F582E43FF5837402F016
:103E20002212C5388E828F83E8F0A3E9F07C677D8B
:103E300017EE12C7F13FFB22EE12BF793F22F58346
:103E400012B22EF50EAC21AD227A007B0022EE24B8
:103E500002FAE43FFBEE240FF582E43FF583E0F93C
:103E60002274EF120C2974FE1212B48A0A8B0B759D
:103E70000E00750F0012BF74350BF58312B22AF5D0
:103E80000DAC21AD227A007B0079A3122789AA0DFF
:103E900012C52EC3EA98E499501E8521828522839B
:103EA000E0C39AFEA3E09400FFC3EE9404EF9400F5
:103EB00040617E037F00805F7E00750C00EEF97527
:103EC00008007808121228780E121224E9F50878F2
:103ED00008121228E50DF508780812122874051248
:103EE0001558E0FDAC0CE50A12C7F1350BFBE50AED
:103EF00012C522350BF583E0F912218374051212E5
:103F000001E50E450F6007AA0EAB0F121C377402B5
:103F100002BA76EE4F60A3EEFAEFFBEA75F015A455
:103F2000FAA8F075F015EBA428FB121C318A088B57
:103F3000098A0E8B0FEA450F6032750C0075100070
:103F4000C3E5109EE49F400302BEBDAC08AD09A8C6
:103F50000DE51028FAE43400FB79A2122789E50860
:103F60002415F50850020509051080D4750CB579A3
:103F70000002BEBF12BF7822EA2413F582E4227445
:103F80000102B2DD790112BF8EFAE43FFB22EE247A
:103F900002FCE43FFDEE240F2274F4120C2974FAA3
:103FA0001212B48A088B09EA12C8FE12C7F6FFEE95
:103FB000FAEFFB1223BDE96017122A4D8A0A8B0B18
:103FC000AC0AAD0BEEFAEFFB121D21E96401700A99
:103FD0007401121558E4F0A380097401121558EE0B
:103FE000F0A3EF12C8E3FEA2E650087403121558BE
:103FF0007401F0EEA2E7500874041215587401F031
:10400000740512155812C064F0F50A780A121228C5
:104010007401121284880A890B780A121224750A14
:1040200034750B80780A121224790112C0DA122139
:104030002F7405121201740112128C122507EEA2C0
:10404000E7400D740112155812C05E70031230FB68
:10405000740612120102B28C85218285228312C558
:1040600038E84922E4F08521828522832274F61201
:104070000C2974FF1212B412BAB912B22AF50874DC
:10408000FF650870037508FEA9081224D1E985218F
:1040900082852283F012285BE96005A90812221F9D
:1040A000EE240B12C2B2702C750800780812122888
:1040B000740112128488088909780812122475087C
:1040C00036750980780812122412BF8412212F74C9
:1040D0000512120102BF7F0211CEE5082402FCE4A2
:1040E0003509FDE508240FFAE43509FB2212C0F476
:1040F000FCA3E022F583E0F8A3E0F988828983E05D
:104100002274F6120C2974E01212B4EAFEEBFF904E
:104110001755E0F87408686008740468600302C208
:10412000AAAC21AD2212211D122C0F7402121558B7
:10413000AC82AD8312BDF9122B19E9640170030240
:10414000C2AA741812128C122A5F7402121558AC8B
:1041500082AD83741812128C121D21E9602C122A70
:10416000598A088B09A808A909852182852283E03C
:10417000687003A3E069601212C52E90174912BE41
:104180000D7A497B17794B1222EB122A538A088B3E
:1041900009A808A909EE241112C2B2687003A3E0AD
:1041A0006960507402121558AA82AB831224478AA0
:1041B000828B83E5824583601CA3A3A3A3E0F874EC
:1041C00001686005740268700C7402121558AA82A6
:1041D000AB831224539017E312C05E6016901A1935
:1041E000E06401700E12BDF99017E4E0F583888257
:1041F000123199790012BDF912264B901753E0FC49
:10420000A3E0FD12BDF9122BC7740B12155812C092
:104210006412C534740C12155812BE0D740B1212B0
:104220008C1223E1E9603F7C087D0079007418124C
:10423000128C121B89740E121558AC82AD8374183F
:1042400012128C121D21E9601D7402121558AC82E5
:10425000AD83740E121558AA82AB831223B7740B68
:1042600012128C1223F37402121558AC82AD8374AF
:104270000E121558AA82AB831223B7740B12128C3C
:104280001223E7E96024740C12155812C489E068FF
:104290007003A3E069601312C52E740C1215581236
:1042A000BE0D740B12128C1223F3742002B2DDEED9
:1042B000240EF582E43FF583E02274EA120C29749F
:1042C000F71212B48A088B09751500750C00750D6C
:1042D000001221238A0E8B0FEA450F700302C4657A
:1042E000751400801E850A82850B83A3A3A3A3A354
:1042F000A3A3A3E510F0A3E511F085120AF50B05C1
:10430000150514850E82850F83E0F8E514C39840E7
:104310000302C3A6E514F51075110074037810129A
:1043200013D2E50E2510F582E50F3511F583A3AE06
:1043300082AF83EEFAEFFB1224478A108B11A8108C
:10434000A911E84960BB88828983A3A3A3A3E0FAEB
:1043500074016A600574026A70A7E8241BF582E4A0
:1043600039F583E0640170997A0A7B00121C318A66
:10437000108B118A12EEFCEFFD121D27851082852D
:104380001183A3A3A3A3A3A3A3A3E4F0A3F0E50C29
:10439000450D600302C2E585100A85110B850A0CE4
:1043A000850B0D02C2FFE515700302C45E7408128E
:1043B0001558740212C49312C48912BE0D751400EC
:1043C000E515F50A750B007403780A1213D2AA0AD0
:1043D000AB0B121C318A108B11EA4511607A802DCB
:1043E000850C0A850D0BAC0CAD0DE514F50C750DA7
:1043F000007403780C1213D2E510250CFAE5113580
:104400000DFB121D27051412C46F121C37E50C4555
:104410000D70CD750A00780A121228750A1F750BE7
:1044200080780A1212247810121224A91574051229
:104430001294E508240FFAE43509FB1221537405A0
:10444000121201AA10AB11121C378012850C0A85BA
:104450000D0B12C46F121C37E50C450D70EEAA0E41
:10446000AB0F121C3774091212017F0E020F308538
:104470000A82850B83A3A3A3A3A3A3A3A3E0F50CA4
:10448000A3E0F50DAA0AAB0B2212C538852182855F
:10449000228322F0850882850983A3A32274F21265
:1044A0000C291221238A088B09EA45096063750AE1
:1044B000008049E50AF50C750D007403780C1213A1
:1044C000D2E508250CF582E509350DF583A3AE820A
:1044D000AF83EEFAEFFB1224478A828B83E5824595
:1044E000836017A3A3A3A3E0F874016860057402B6
:1044F000687007EEFAEFFB122453050A85088285DF
:104500000983E0F8E50AC39840A9AA08AB09121C80
:104510003702C51DF08C828D83221212017F0602A4
:104520000F30240FF582E422240EF582E422852147
:104530008285228312C53822E0F8A3E0F922A3F095
:10454000A3E912C54622F0EE2402FE2274F6120CF4
:104550002912C5E012CA8EF509AC08FDEEFAEFFB90
:10456000121D27850882850983A3A3A312CBA5A3C7
:10457000A3F0E5082409F50850020509F58212CBDD
:10458000BAA3A312BE0E850882850983A3A3E0F80F
:1045900012BABDE8F0E5082403F50850020509EE5B
:1045A000240BFAE43FFB7403687025AC08AD0912D4
:1045B0001D27850882850983A3A3A3A3A3A3A3A37F
:1045C000E0C0E0EE2414F582E43FF583D0E0800CF7
:1045D00085088285098312C906F0A3E9F002B2E0DA
:1045E000ECFEEDFF12BF783B2274F2120C29750A23
:1045F00000EA241312C83DEA2410F582E43BF58357
:10460000E0C3940C40128E828F83E0F8A3E0C812BE
:10461000C7FB38F583E0F50AA80AE828F8E433F97F
:10462000E8240DFAE439FB121C318A088B09EA45AB
:1046300009700302C6C58E828F8312C8C7F88A82AA
:104640008B8312C6CC707EEEFCEFFDEA2403FAE405
:104650003509FB121D27EE2408FE50010F12C91167
:1046600012BE0EE508240BF8E43509F9E8FAE9FB77
:104670008A828B83E4F0E50A604BE508240DF8E4B8
:104680003509F98E828F83A312C92C12C8A4C0E009
:1046900012C8BBD0E0F0EE2404FE50010F850A0BD7
:1046A0008E828F83E0FCA3E0FBEC8882898312BEBC
:1046B00006E82402F8500109EE2402FE50010F150D
:1046C0000BE50B70DBAA08AB0902C51D12C8AFAE23
:1046D00082AF832274F6120C2912C850600302C7FD
:1046E000E9E812C7F139FBEC2403FEE43DFF8A82BE
:1046F0008B83E05407F5088E828F83E054F84508D9
:10470000F50912C808A2E3E433F508A2E0E4333364
:104710003333F50874F7550945088E828F8312C824
:1047200008A2E4E433FAA2E0E433C4FA8E828F8371
:10473000E054EF4AF0E82403FAE439FBEC24040ED9
:10474000E43DFF8A828B83E054F8F5088E828F83E4
:10475000E054074508F50812C8085407FA74F855DC
:10476000084A8E828F8312C81E8C828D83A3A3A3D6
:10477000A3A312C80DA312C88712C82412C801121D
:10478000C82412C88712C83512C80112C835A3122E
:10479000C801A3A3A3A3A3A3A3A3A3F0E8240AF897
:1047A0005001098882898312C7F6FBEEFAEC12C722
:1047B000FB3DF58312BE0588828983A3A3E0C0E098
:1047C000EC240DF582E43DF583D0E012C80DE0C085
:1047D000E0EC12C5283DF583D0E012C81EC0E0EC25
:1047E00012C5223DF583D0E0F002B2E0FCEFFDE51A
:1047F000082402FAE422E0FEA3E022240BF582E47E
:1048000022E08C828D83A32212C84AE02212C811B2
:104810002212C81522F088828983A3A3A32212C87A
:1048200011A3E02212C82822A3A3A3A3A3A312C802
:1048300015A3A3A322A3A312C828A3A322F8E43B91
:10484000F9E8FEE9FF2212C84A22F08A828B83220D
:1048500012BF783B12C0F48C828D83F088828983EA
:10486000A3A882A98312C7F6FBEE8C828D83A3F0E6
:10487000A3EBF08C828D83E022F0850A82850B8386
:10488000E022E0FAA3E022A3E08C828D832212C80A
:104890009222F088828983E022EA240AFAE4221232
:1048A000C8A9A32212C8A9E02212C8AFA3A322F06C
:1048B0008E828F83A3227F08020F30E508240CF537
:1048C00082E43509F5832212C8CB22E0FEA3E0FF83
:1048D0008E828F83E02212C8DA22F08A828B83A331
:1048E000A3A32212C89FA3A3A3A3E022F583E0F50C
:1048F0000AA3E02212C8F82212C8AFA3E02212BF16
:10490000793509F58322E0FCA3E0F9EC8A828B83F8
:10491000228E828F8312C882F9EA850882850983F4
:10492000A322E0FA850A82850B83A322A3E08A8270
:104930008B8322F0850A82850B83A32274F0120CEC
:1049400029EAFEEBFF8C088D098E828F8312C888BE
:1049500012C6CC12CAF612C53E50010F12CAF2A3FB
:10496000A3A3F0A3E912C8F4C4540F8C828D83A3CF
:10497000A3A3A3A312C8A4F50CEE2404FE50010FB8
:104980008C828D83A3A3A3A3A3A3E50CF0EC24073F
:10499000F8E43509F9880A890BE50C604C12CA77EE
:1049A000121C318A0E8B0FA80EA90F850A82850B67
:1049B0008312BE0DE849700302CA427A0080248E39
:1049C000828F83E0F50EA3E0FCE4CCFDE50E2CE441
:1049D0003DF50F12CA7EE50EF0A3E50F12C5465055
:1049E000010F0AEAC3950C40D68E828F83E0F50C46
:1049F000A3AE82AF83850882850983A3A3A3A3A363
:104A0000A3A3A3A3F0606B12CA77121C318A0E8B8A
:104A10000FA80EA90F850882850983A3A3A3A3A3CA
:104A2000A3A3A312BE0BE849701C850A82850B83E1
:104A300012BACB600D121C37850A82850B83E4F015
:104A4000A3F07901802E7A0080228E828F8312CA91
:104A500090FCE4CCFDE5082CE43DF50912CA7EE5A6
:104A600008F0A3E50912C54650010F0AEAC3950CE8
:104A700040D8790002C8B625E0FAE433FB22EA25E3
:104A8000E0FCE433FDE82CF582E93DF58322F58373
:104A9000E0F508A3E02274F6120C298C088D0912A7
:104AA000CAC112CACFFF12CAF212C53F50010F127B
:104AB000C7EC3509FB121D2712CAD6A3A3F002B218
:104AC000E012CAC522EA2413F582E43BF5832212E0
:104AD000C538E8FEE9228E828F83A3A3A3A3A3A3F4
:104AE000A3A3E0850882850983A3A3A3A3A3A3A30B
:104AF000A3228E828F8312CAFE8C828D832212C8DB
:104B000082F9EA2274F2120C2912CAC112C7F6FF06
:104B1000EA240CF582E43BF583E0641F7004A3E013
:104B2000648070098E828F83A3AE82AF838E828F62
:104B300083E0F50DA3AE82AF83F508750900740319
:104B400078081213D2E5082401FAE43509FB121C97
:104B5000318A0A8B0BEA450B603C8A828B83A385E2
:104B600082088583098A828B83E50DF0750C0080AD
:104B70001EEEFCEFFDAA08AB09121D27EE2408FE6D
:104B800050010FE5082408F50850020509050CE559
:104B90000CC3950D40DBAA0AAB0B02C51D12C8DA87
:104BA000A3A3A3A32212CBAAA322A3A3A3A3A3E0FC
:104BB0008E828F83A3A3A3A3A32285098312CAFE97
:104BC0008E828F83A3A3A3A3A3A3A32274F7120CA3
:104BD00029E99015B1F09015907402F09015887441
:104BE000FEF0A304F0122A4D12207B7ADF7B19120B
:104BF0003185122057121F6D02D0A874F7120C29AC
:104C000074F01212B48908122219E508603A90175C
:104C10006FE07034901A08E06401702C9016BFE0C9
:104C20006026AC21AD227A627B001222977900AA1D
:104C300021AB221228A979001228AF7C107D0079BF
:104C400000AA21AB22121B8912E0CD602012CC7287
:104C5000FEA3E0FF9015B712E029121C37EEF8EF23
:104C6000F99015B7E8F0A3E9F0E84970E074100294
:104C7000D0A59015B7E0F8A3E0F5838882E0227410
:104C8000F2120C29890AEAFEEBFF5480702DEEA285
:104C9000E05041790112205D7C0F7B0F9015B5E04B
:104CA000FA9015BAE05407F9122081EE640102CDA2
:104CB00099121F61AA08AB09121BA19015B1E0F966
:104CC000121BB38A088B09EA450970E5EEFAEF6416
:104CD0008002CDC454026009121F49EE640202CD65
:104CE00099EE542060349015B2E0701D9015B4E038
:104CF00064067005790712205D7900121CCD901AA8
:104D000019E0640170031220637A107B009015B1E2
:104D1000E0F9121BDDEE6420807FEF5440600B123F
:104D2000203FEEFAEF644002CDC4EF5420603B9088
:104D300015B4E0640C700D790212205D12202D90E4
:104D40001A00800B790C12205D1220339019FC128E
:104D50000FFB7A007B209015B1E0F9121CF174046E
:104D6000121201EEFAEF6420805AEE5410602E9079
:104D700015B4E0F912208D9016B2E064017017901E
:104D80008310120FFB7A007B089017A0E0F9121C29
:104D9000F17404121201EE6410FAEF8027EE540849
:104DA0006006EE6408FA8037EF5401601A901755D8
:104DB000E0F874086860057404687003121F55EE0B
:104DC000FAEF6401FB8018EE5404600A7A0379FF5D
:104DD0001222D312156BEEFAEFFBA90A121F310251
:104DE000E16C74F0120C29EAFEEBFFEE5440700304
:104DF00002CE7712E0CD607A12E6A7A3A312E029D3
:104E000012222512CC72F508A3E0F5099015B7120D
:104E1000E029121C379015B712E02FE5084509600C
:104E200051850882850983A3A3A3A3E0F50CA3E021
:104E3000F50D8014850882850983A3A3A3A3C3E08D
:104E4000950CF0A3E0950DF085088285098312E0AA
:104E50001DE508450970DDE4F50EF50F780C12121A
:104E60001C7A407B009015B1E0F9121CF174041219
:104E70001201EE6440801AEE54806019121F7F12F6
:104E80001F4F79011230537A0179031230E3EE6437
:104E900080FAEF802BEF5402600A121F85EEFAEFC2
:104EA0006402801CEF5408600A1222A9EEFAEF6433
:104EB00008800DEF5404600B1222AFEEFAEF640489
:104EC000FB80047A007B007F08020F3074F0120C24
:104ED0002974B61212B48A0A8B0B89097508017EEF
:104EE000007F009015B4E08521828522837008E45C
:104EF000F0F91222C780037401F0AA21AB22795283
:104F00001222EB1220699015BCE0901740F090152A
:104F1000B9E06404600302CFE4E4F0122A83122AA9
:104F2000891222BB74016508600302D055121F4329
:104F3000121B95EA547FF8E50A28F8E4350BF9E8E6
:104F40002464FEE439FF90169C12151D9015AC12D6
:104F500015297A0279FF1222D39080627409121205
:104F600094744112114A750C10750D0374091212D4
:104F700084880E890F780E121224750E41750F0069
:104F8000780E1212247C007D00E50C2410FAE50D49
:104F90003403FB121CB57404121201E97011050CE4
:104FA000E50C7002050DC39440E50D940340BD90DF
:104FB000174674FEF0A304F090174914F0A304F010
:104FC000901753F0A3F07C087D0079007A677B1777
:104FD000121B897900122AA17401650970347A00C4
:104FE0007B008041121F3DE9F508600302CF1B12D0
:104FF0001F5BE9F508750C018E0D8E0E8E0F901754
:1050000048E0780C12118A9015AC780C1214C70283
:10501000CF247C087D007900740112128C121B8948
:10502000740112128C122FFF750C32750D17780C4B
:10503000121224750C6E750D00780C1212247C006F
:105040007D007A217B00121CB574041212017A02D1
:1050500079001222D3A908121F2574FF650A700473
:1050600074FF650B60109015B47401F0121FA3EE6D
:10507000FAEFFB1220219015BCE0F9122AE3A908EF
:10508000744A12120102CEC774F7120C297E001264
:1050900022CDE9F8A2E150077E017900123053EEEB
:1050A000F9800574051212017F01020F30C082C021
:1050B00083901A2CE0700E9015B57402F09015BA1A
:1050C000E054F880369015BAE054F8F8901A2CE0C5
:1050D0006401700474018007E06402700774024880
:1050E0009015BAF07AEA7B16122C2DE99015B5705E
:1050F00003E480077403F09019DE04F002DA0CC0B8
:1051000082C0839015B2E0704E9015B4E0640870D0
:1051100033122015790912205D90035FE064057059
:105120000A79011230DD121F7F800CE064077007DE
:105130007A0179071230E3901A19E06401701112B4
:105140002063800C7A107B009015B1E0F9121BDD12
:105150007900121CCD8037122AD7E979002410502B
:105160000109C394FFE99400A2D265D033501A120A
:105170002AD7E9F8741029F9122ADD7A017B009008
:1051800015B1E0F9121BDD800579001230DD02DA7D
:105190000CC082C0839015B4E06405703A121F9D64
:1051A000790612205D12D5AB60097B007A00790088
:1051B000122501122045121F851220399015BCE0DE
:1051C000A2E35008901A19E06401700E9019E612DB
:1051D0001541122A71800312204502DA0CC082C0E8
:1051E00083790F122A957A0279001222D302DA0CFF
:1051F00074F7120C29122A83E9FE7045122A8FE9EE
:105200006036122A5390158812E6CD90158812E068
:10521000D070079015BAE054F8F0901A2CE06402B0
:105220009015B570097403F0901755E4800274016D
:1052300012DAC6121D2780027E0990172BE4F0A314
:10524000F0EE700479008002790102D0A874F612A1
:105250000C298A828B83E014602B14605E24E86042
:105260000A2447600B24D6600C807F122195807D34
:10527000121F6780789015CB12E0D0607012E6A7FD
:1052800012319980689015B4E064027060901A2C15
:10529000E064016005E0640270531230B3E9600617
:1052A0001230A1E9604712296F8B09EA45096004B1
:1052B00079018002790012309B8032901A2CE064D0
:1052C000016005E06402702590035FE064076005FB
:1052D000E0640870109015B2E0700A7A0190035FE4
:1052E000E0F91230E3121F798003121F73802675D4
:1052F00008B375091578081212247508017509009C
:1053000078081212247C007D007A857B00121CB57F
:1053100074041212017F02020F3074F6120C297409
:10532000EB1212B4EAFEEBFFEE240CF582E43F121E
:10533000E01B7808120EE402002100220076D30060
:1053400080018049D3000088D312210B8A088B0981
:10535000AE08AF09EE4F60308E828F83E0700EEEA4
:105360002403FCE43FFDA312E0291220CFEEFAEF64
:10537000FB121C378012AC21AD22122105AC21ADED
:1053800022EEFAEFFB1220C974158086C082C0831A
:105390007A017B809015B1E0F91221897A007B8037
:1053A0009015B1E0F91221897A217B009015B1E0C6
:1053B000F91221897A227B009015B1E0F912218936
:1053C00002DA0CC082C0838A828B83E024FC600AEC
:1053D00024FE601824FE6021802F901A2CE06401C6
:1053E0006005E064027022122231801D901A2CE0C8
:1053F000640170151222378010901A2CE06401604D
:1054000005E06402700312223D02DA0C74F6120CFD
:10541000299015B4E064036015E0640A600302D4C7
:10542000A39015BAE054076401600302D4BA901542
:10543000B2E070677A107B009015B1E0F9121BDDC5
:105440007901121F91E97009790512205D790180B7
:105450004C9015B4E0640A700D12D5AB602490171F
:10546000557408F0801CE064037017122039900313
:105470005FE06402700C79011230537A01790212F4
:1054800030E3790612205D12D5AB700302D5A87BFC
:10549000007A00790012250102D5A879001230891E
:1054A00002D5A8E064046012E0640E600DE0640FB1
:1054B0006008E0640D600302D5969015B2E0706656
:1054C0009015B6E4F07901121F91E9700F79051279
:1054D000205D7A107B27121F9702D5A8790612202B
:1054E0005D7A007B209015B1E0F9121CFD9015BC8F
:1054F000E0A2E3501D901A19E070179083D812159E
:1055000041122A717A007B00122A777A007B0012FE
:105510002A7D12D5AB60097B007A00790012250143
:1055200012203902D5A89015B5E0640170379015A6
:10553000B6E004F0C39404501F901753E0F47003D6
:10554000A3E0F4601B9015B57403F09015917401FD
:10555000F09019DE7404800C9016F2E0640170057E
:105560009015B5E4F0122BAF1224C59015BCE0A243
:10557000E35008901A19E06401702D9015B5E064AD
:105580000370259019FAE0F508A3E0AA08FBE4FCF3
:10559000FD122A718012E0600F1220397A107B0010
:1055A0009015B1E0F9121BDD02D3159015BAE05445
:1055B0000764022274F1120C2974F41212B47E00F2
:1055C0007508677509178E0A80010E9038E8E49314
:1055D000F8EEC398400302D690A821A922880C892E
:1055E0000D780C121224750C0C750D00780C12122B
:1055F000247C007D00EE2475FAE43400FB121CBB11
:1056000074041212017404121558A982AA83890C19
:105610008A0D750E00780C1212207C087D00A908F6
:10562000AA09AB0A121B837403121201E970617C90
:105630000879007404121558AA82AB83121C13E96E
:105640006088EEFF78081212207C087D0074071233
:105650001558AA82AB83121B7D7403121201852197
:1056600082852283E4F0A3F0A3F0A312DBE71212F9
:105670002475080C75090078081212247C007D003E
:10568000EF2475FAE43400FB121CB5740412120105
:1056900002D7D774F1120C2974DF1212B4740C12F1
:1056A000128C1228A3740C121284880889097808B5
:1056B00012122475081575090078081212247C004E
:1056C0007D007A827B00121CB574041212017508E9
:1056D0000080020508AE087F009038E8E493F8EEF9
:1056E000C398400302D772EE2475FE50010FA82123
:1056F000A922880A890B780A121224750A0C750BE4
:1057000000780A1212247C007D00EEFAEFFB121CD6
:10571000BB74041212017404121558A982AA838959
:105720000C8A0D750E00780C1212207C087D007911
:10573000677A177B00121B837403121201E96093CE
:10574000741D12155812151D85218285228312158C
:1057500029A821A922880889097808121224750825
:105760000C75090078081212247C007D00EEFAEF17
:1057700080457C087D0079FF7404121558AA82AB1D
:1057800083121B89741D12155812151D85218285DF
:105790002283121529A821A92288088909780812CC
:1057A000122475080C8F0978081212247C007D00E1
:1057B000EE2474FAE43400FB121CB57404121201D6
:1057C00090172BE4F0A3F07C15FDF9740C12128CE9
:1057D000121B8974218002740C1212017F07020FC0
:1057E0003074F1120C2974F41212B475080080544C
:1057F000A821A922880A890B780A121224750A0C9A
:10580000750B00780A1212247C007D00EEFAEFFB83
:10581000121CBB74041212017404121558A982AA36
:1058200083890C8A0D750E00780C1212207C087D7D
:105830000079677A177B00121B837403121201E947
:1058400070250508E5082475FEE43400FF9038E86B
:10585000E493F8E508984098852182852283121503
:105860001DE8494A4B605A9015B0E070547401F03D
:105870009083F478081214E58521828522837808C4
:1058800012140B85218285228312151D9017231275
:105890001529A821A92288088909780812122475D7
:1058A000080C75090078081212247C007D00EEFABD
:1058B000EFFB121CB5740412120190172BE4F0A335
:1058C000F002D7D774F5120C2974DB1212B47E00E3
:1058D000121F8B741012128488088909780812121A
:1058E000247508158E0978081212247C007D007A30
:1058F000827B00121CBB7404121201E970467C10FA
:105900007D007900AA21AB22121B89A821A9228837
:105910000889098E0A78081212207C107D00741400
:10592000121558A982AA837B00121B8374031212DA
:1059300001E970107E017C157D007900741012124F
:105940008C121B89EEF974251212017F03020F30AD
:1059500074F4120C298A088B097A047B009015B123
:10596000E0F9121D03EA4B4C4D701BE4F50AF50BF0
:10597000780812121C7A047B009015B1E0F9121C11
:10598000F1740412120102DBE2C082C0837A047B4C
:10599000009015B1E0F9121CFD7A047B009015B15E
:1059A000E0F9121BE302DA0C74F6120C299015B31D
:1059B000E4F07508B375091578081212247C017D8E
:1059C000007A857B00121CA97402121201E9702072
:1059D000780812122475080175090078081212243B
:1059E0007C007D007A857B00121CBB7404121201BE
:1059F00002D31574F6120C29E9FE9015B37401F068
:105A00006E70037403F002D2EF121201D083D082C1
:105A10000211CE74F6120C29E9FE121FA97A887BB6
:105A2000131227177A007B019017A0E0F9121CFDD2
:105A30007A007B019017A0E0F9121BE3901A2CE08A
:105A40006402704474016E70289019F212151D9052
:105A500019E61215299019F812E0159016D6E8F0FB
:105A6000A3E9F09019F612E0159016D8E8F0A3E932
:105A7000F09083D8121541122A717A007B00122A05
:105A80007D7A007B00122A7774016E702F9015B416
:105A90007402F09015B504F0901591740112DAC6F5
:105AA000121D279017557402F01224C5121B95EA97
:105AB000547F2464FA7B0012202180077A887B13AC
:105AC000121F9702D315F07C677D177A927B1522FF
:105AD00074F1120C2974E61212B48A088B09ECFED8
:105AE000EDFF890AEEFAEFFB1221DDEEFAEFFB1271
:105AF00021A790041612E0D0603374111215587467
:105B000003F08E0C8F0D750E00780C1212207C089D
:105B10007D00740C12128C121B7D7403121201741E
:105B20000912128C90041612E6A412319974011213
:105B30001558E4F0A3F0740312155812E02F740501
:105B4000121558EEF0A3EFF074071215587402F016
:105B50007429121558E0705C12285BE970567412B3
:105B60001212947A007B0079AB122789E4F50CF5C8
:105B70000D780C1212247402121294EEFAEFFB123A
:105B800028377402121201901A29E06401701785F7
:105B90002182852283E0700E7408121558E4F00407
:105BA00012128C12283D74081215587401F012124A
:105BB0008C12283DA90AEEFAEFFB122AEF7900AA0F
:105BC00008AB0912264B901753E0FCA3E0FDAA088E
:105BD000AB09122BC7122015741A02D7D9740412FC
:105BE00012017F04020F30F0A821A9228808890938
:105BF00078082274EE120C29890F8A108B118C0AF6
:105C00008D0BAE11EEFA7B00121B9B8A088B09EA02
:105C100045096035EE6020E50A450B601A850A0CDF
:105C2000850B0D750E00780C121220EEFC7D001213
:105C30001B7D7403121201850882850983E510F02B
:105C4000AA08AB09A90F121BA77F0A020F30C08256
:105C5000C08374FD1212B4E9852182852283F090FD
:105C6000159E12E27F6009AA21AB2212319980179A
:105C70007402121558E4F0041212947B027A019017
:105C800015B1E0F9121FBB7900740302DA09E0FED6
:105C9000A3E0FF2274F7120C2974EF1212B4E990FA
:105CA00015B2F0600302DD8B7901123053901A2C8B
:105CB000E0700B9015B4E07012790812205D901A14
:105CC0002CE060076401600302DD8B908252740156
:105CD000121294741012114A12285BE9700302DD4B
:105CE0008B7A677B17122C2DE9700B7CF57D0C7A73
:105CF000677B17121D277A007B0079F01222EB7A5E
:105D0000467B1779531222EB901740E0A2E3500430
:105D1000D2F08002C2F0A2F0E43385218285228392
:105D2000F0AA21AB2279521222EB9017557408F099
:105D3000122A9B121F8B90172312151DE8494A4BFC
:105D4000700D9017237401F0A3E4F0A3F0A3F07A90
:105D5000007B039015B1E0F9121BDD740112128C67
:105D60001222497900740112128C1228A990176F1F
:105D7000E0700579001228AF7C107D007900740175
:105D800012128C121B8979011230DD7A027B00908D
:105D900015B1E0F9121BDD741102D0A574EE120CDE
:105DA00029EAFEEBFF9015A012E27F6006123199FE
:105DB00002E0019017A112E01D9017A1E0F50AA3DF
:105DC000E0F50BEE2404F50EE43FF50FEE2402F5AA
:105DD0000CE43FF50D803E85088285098312E015AD
:105DE000850C82850D83E0687003A3E069701485DB
:105DF0000882850983A3A3E0F8850E82850F83E0DE
:105E000068607385080A85090BE5082414F582E4A7
:105E1000350912E01BE508450970BC7A167B0012B3
:105E20001C318A088B09EA4509700302E0017C16DF
:105E30007D007900121B89850882850983A3A3A3AD
:105E4000A3A3A3A374FEF0A304F0850882850983AD
:105E5000A3A3A3A3A3A3A3A3A3A3F09017A112E0BA
:105E6000D070059017A1800BE50A2414F582E43563
:105E70000BF58312E02F8E828F83A3A3A3A3A3A38A
:105E8000A3A3A312E004A3F0EE2408F8E43FF988EA
:105E900082898312E004F0850E82850F8312E00B65
:105EA000F0850C82850D8312E0298508828509839F
:105EB00012E6CD12E4CBE0C0E0E5082413F582E45D
:105EC0003509F583D0E0F0E508240BFAE43509FB49
:105ED00088828983E06401600CEE240DFCE43FFDC0
:105EE000121D2780097C087D0079FF121B89EE2492
:105EF0000A12E30E8882F583E0F890192AE0C3982D
:105F0000400302E0018E828F83A3A3A3A3A3E064D6
:105F10000160091230B3E9700302E001C2F0850AA2
:105F200082850B83E0F50CE5082409F8E43509F9CE
:105F300088828983E0F50DE508240AFAE43509FB37
:105F4000EE240BFCE43FFDE50DC3950C500C8C8258
:105F50008D83E0C3941440198019E50D650C70130E
:105F60008A828B83E0F50C8C828D83E0C3950C5084
:105F700002D2F0EE2406F50CE43FF50D850C82F517
:105F800083E070198E828F83E0F50EA3E0F50F9009
:105F90001749E0650E7004A3E0650F7034A2F0505D
:105FA000308E828F83E0F50EA3E0F50F85088285A1
:105FB0000983A3A3A3A3A3A3A3E50EF0A3E50F1254
:105FC000E42788828983F08C828D83E08A828B83A8
:105FD000F08E828F83A3A3A3A3A3A3A3E0600D8568
:105FE0000882850983A3A3A3A37401F0850C82858D
:105FF0000D83E0600C850882850983A3A3A3740147
:10600000F002DC4912E00BA3A3A322E085088285FD
:106010000983A3A322E0F8A3E0F922F583E0F508C1
:10602000A3E0F509228E828F83E0FAA3E0FB22E54C
:1060300008F0A3E509F02274F7120C29E99015B2D3
:10604000F0700B9015B4E07005790612205D7A208F
:106050007B009015B1E0F9121BDD02D0A874F71295
:106060000C2974FB1212B4E9FE9015B2F070149072
:1060700015B4E07005790312205D9019E612154100
:10608000122A719015A212E0D0602FEE8521828530
:106090002283F090174612E029740112155812E677
:1060A000CD90174912E029740312155812E6CDAAB3
:1060B00021AB22888289831231997C007D007B028A
:1060C0007A029015B1E0F9121FBB02D0A39015B768
:1060D000E0F8A3E0F9E84922C082C08374FF1212FD
:1060E000B4E9852182852283F09015A812E27F60B1
:1060F00007AA21AB22123199740102DA0974F21253
:106100000C298A0A8B0B90035112DC8E1220457ADF
:10611000107B009015B1E0F9121BDD8048EE2402DF
:10612000F8E43FF9880889098882F58312CC756004
:106130002D7A047B00121B9BEA4B60228A828B83A0
:1061400074D6F0A3A3E50AF0A3E50BF085088285D9
:10615000098312E6A4A3A312CC75F9121BA78E82A1
:106160008F8312DC8EEE4F70B41220397F06020F3F
:106170003074F0120C298A088B097A047B00901580
:10618000B1E0F9121D03EA4B4C4D6005790102E2C2
:106190004C1220457410121558E0F8600D74016817
:1061A0006008740268600302E24A7A067B00121CEF
:1061B000318A0A8B0BAE0AAF0BEE4F7005791002D5
:1061C000E24C12E0CD9015B77006EEF0A3EF801F01
:1061D000E0FAA3E08003E8FAE9FB8A828B8312E00D
:1061E000D070F3EEF8EFF98A828B83E8F0A3E9F040
:1061F0007A407B009015B1E0F9121D038A0C8B0DDB
:106200008E828F83E4F0A3F08E828F83A3A312E0AB
:106210002F7458C3950CF87402950DF98E828F83F4
:10622000A3A3A3A3E8F0A3E9F07458687003740271
:106230006970179083F8120FFB7A407B009015B1BC
:10624000E0F9121CF17404121201790002CEC77435
:10625000F7120C2974FB1212B412E6C7740212155D
:1062600058ECF0A3EDF07404121558E9F090159C69
:1062700012E27F6007AA21AB2212319902D0A3E07B
:10628000F8A3E0F988828983E58245832274F412B9
:106290000C29EAFEEBFF122A4D8A088B09AC08ADE7
:1062A0000912E30BEE2402F508E43FF509AA08FB06
:1062B000121D21E9640170239015A412E27F600E83
:1062C000EEFAEFFB1231998B09EA4509703A850A1B
:1062D00082850B83E0F9121FAF802D850A82850B22
:1062E00083E0F50A780A1212288E828F83A3A3A373
:1062F000A3A3A3A3A3A3A3E0F9AC08AD0912E025CF
:10630000121FB5740112120102DBE2EE240BF8E455
:106310003FF9880A890B2274F2120C2974F81212C0
:10632000B4EAFEEBFF12E30BEE240C08E43FF9881D
:106330000889098E828F83A3A3A3A3A3A3A3A3A3E6
:10634000A3E0640170717402121558E4F088828928
:1063500083E0701A7401121558E412E42785218233
:10636000852283F01230FBAA21AB2212250D85086D
:1063700082850983E0640170277403121558E4F0E4
:10638000A3F07405121558E4F07406121558740140
:10639000F07407121558E4F0740312128C122507DA
:1063A000850882850983E0F9121FAF740212128CEE
:1063B00079521222EB8059122A598A0C8B0D850AC8
:1063C00082850B83E0F912E025E50C6A7003E50D88
:1063D0006B7020740169600E12D5AB70168508824F
:1063E0008509837401F0850882850983E0F9121F0D
:1063F000AF801D850882850983E0F50878081212B0
:1064000028EE2402FCE43FFD121FB57401121201B4
:106410009015A612E27F6007EEFAEFFB1231997435
:106420000812120102E16CF0850A82850B83E022DA
:106430000211CEC082C0831225C702DA0CC082C00E
:1064400083122A5302DA0CC082C0837A007B019047
:1064500015B1E0F9121D03EA4B4C4D7003122045B3
:1064600002DA0C74F6120C29EAFEEBFF12E4CB12EE
:10647000E01554807052EE240BF582E43FF583E082
:1064800070467413687001E9603EE8F508E94480DD
:10649000F5097808121224E4F508F50978081212B3
:1064A00024EE240EF582E43FF583E0FD7C84EE24A7
:1064B00002FAE43FFBEE240FF582E43FF583E0F9B6
:1064C000122177740412120102D315EE240CF58206
:1064D000E43FF5832274F4120C29EA4B60218A0808
:1064E0008B09E4F50AF50B780812121C7A017B007F
:1064F0009015B1E0F9121CF17404121201800C7AAB
:10650000017B009015B1E0F9121BDD02DBE274F7AC
:10651000120C29E9FE9015BCE0A2E1501A901A066F
:10652000E06E60139015BAE054F84402F09015BC88
:10653000740CF0F9122AE302D0A8C082C08390152F
:10654000B4E064016005E0640270119019DD74012B
:10655000F07A007B0012202179018002790002DAB2
:106560000CC082C0839015B4E06401600AE064024C
:106570006005E0640C70099019DDE4F07901800297
:10658000790002DA0C74F6120C297A007B001227CB
:1065900017122A4D8A088B09AE08122A5375080073
:1065A00078081212289015BCE0F9EEFCAD09122112
:1065B0004D74011212017A007B0012271702D315C5
:1065C00074F4120C2974F61212B4AA21AB2212240C
:1065D000A18A088B09EA45096054852182852283B6
:1065E000E060447409121558740FF07401121558C4
:1065F00074FCF0A374FFF0750A00780A1212287573
:106600000A1F750B00780A121224780812122474DB
:1066100005121558E0F974061212947A0B7B1612C3
:1066200021537405121201AA08AB09121C37740A0F
:1066300002DBDFC082C083901740E0A2E1400E7A07
:10664000007B019015B1E0F9121BDD80179083FCEF
:10665000120FFB7A007B019015B1E0F9121CF17466
:106660000412120102DA0CEA24010A50010B021191
:10667000CE74F7120C2974FB1212B412E6C774021E
:10668000121558E9F07403121558ECF0A3EDF090D0
:10669000159A12E0D0600AAA21AB2212E6A71231A5
:1066A0009902D0A3E0F8A3E0F583888222C082C0DB
:1066B000837A00EA25E012E6D3E4F0A3F00AEAC305
:1066C000940940EF02DA0C852182852283EAF0A347
:1066D000EBF022F8E433F9749A28F582741539F551
:1066E000832274F7120C29E9FE9015B4E06E600E57
:1066F000EEF07A107B009015B1E0F9121BDD02D0AC
:10670000A874F4120C29121B95EA5410F508EB54E6
:1067100027F509E4F50AF50B9083CC78081213AC41
:10672000780812121C7A007B409015B1E0F9121C17
:10673000F102DBDD74F7120C29E9FE900354F0122C
:106740002FB17A027B80EEF91221897A017B80EEEB
:10675000F91221897A047B80EEF912218902EE7107
:1067600074F6120C29EAFEEBFF7A077B00121C314B
:10677000EA4B60238E828F83E08A828B83F0A3A30F
:106780007444F0A3741512E79AEEF0A3EF12E79A9F
:10679000A3A3E4F012318502FA00F08A828B83A36E
:1067A000A3A3A32274F4120C2974F81212B4EAFE03
:1067B000EBFF8908A821A922880A890B780A1212FE
:1067C000247C007D007A037B00A908121DC9740295
:1067D000121201E96056740612155812F5F7E06EB0
:1067E0007003A3E06F6045EE4F88828983601EEEE0
:1067F000F0A3EFF0908400120FFB7A007B2090034F
:1068000054E0F9121CF17404121201800FE4F0A399
:10681000F0FA7B20900354E0F9121CFD90036F12F4
:10682000F9376008A90812F5DE123199740802F0F0
:10683000F974F4120C2974EC1212B489085308CEBE
:10684000901916E070127A047B00900354E0F9125C
:106850001D03EA4B4C4D6024901919E06010E508C7
:10686000A2E1500A7A0179041230E3630802743F0E
:106870005508F8901916E048F002EA31743F5508BF
:10688000FE901916E04EF0900363E0600302EA0DFB
:106890007401F0121F3DE96401701A7A567B0012F0
:1068A0001CAF8A0A8B0BAC0AAD0BEC4D60077A5615
:1068B0007B00121CC1122291750A19750B19780AF6
:1068C000121224750A01750B00780A1212247C003A
:1068D0007D007A557B00121CBB74041212019019C2
:1068E00019E06401600302EA0D901A2CE064016073
:1068F00008E06402600302E9E17C0879009016F385
:1069000012FB60121C13E9600302E9E112285BE943
:10691000600302E9E1A821A922880A890B780A12FA
:106920001224750A01750B00780A1212247C107D5E
:10693000007A117B01121CBB7404121201901660C4
:10694000E0700302E9E1852182852283E064FD7025
:106950000302E9E1E06402700302E9E17C137D00D7
:106960007900740112128C121B897411121558745B
:10697000FFF07401121284880A890B780A1212241B
:10698000750A13750B00780A1212247C007D007AB8
:10699000117B01121CB57404121201901680E4F0F0
:1069A000A3F0A3F0A3F0A3F0A3F0A3F0A3F0901939
:1069B00019F0750A19750B19780A121224750A0153
:1069C000750B00780A1212247C007D007A557B003A
:1069D000121CB574041212017A0379FF1222D380BB
:1069E0004090035F7407F074104EF8901916E04859
:1069F000F079007A007B00121F37E970051230B978
:106A0000802F79001230537A007907800F90191681
:106A1000E0700E90035F7407F07A00F91230E380A3
:106A20001090035FE4F07A04FB900354E0F9121B2A
:106A3000DD741402F0F974F6120C2974FD1212B40C
:106A40007401121558E912F1B812F6291212247CB9
:106A5000037B007A0A900354E0F912303574021275
:106A60001201740302F9FDC082C083E990191A80F3
:106A700057C082C08379001230537A0379FF122203
:106A8000D38046C082C08374FB1212B4901919E0FF
:106A90006021901916E0A2E540197C057D0079007F
:106AA000AA21AB22121B891230FBAA21AB2212258C
:106AB00007800A1230FB7AF47B01121F97740512CB
:106AC00012018005EAF0A3EBF0D083D0820211CE50
:106AD0000211CE74F6120C2974FC1212B4E9FEEA0B
:106AE000FF90035FE06E6013E06408600302EE3C19
:106AF000900362E06406600302EE3CEE1470030251
:106B0000EBBE14700302ED8C14601B14700302ECD6
:106B10004514700302EC7A14700302ECDF14700366
:106B200002EDC702EE05901A2CE064016008E064F3
:106B300002600302EE059083F0120FFB7A047B00E3
:106B4000900354E0F9121CF17404121201EF602258
:106B500090035F7401F0800612FB5D123083900396
:106B60006412F93770F2908400121541122A7102F2
:106B7000EE3C852182852283E4F090840012154149
:106B8000122A719019157402F01215587401F090C0
:106B9000035FE4F0901916E0C2E112EF2B1222EB32
:106BA0001230FB122513790012205D90036412F954
:106BB00037700302EE0512FB5D12308380ED901AF0
:106BC0002CE064016008E06402600302EE05EF60FF
:106BD0003B7A0379001222D390035F740412F941C7
:106BE000120FFB7A047B00900354E0F9121CF1743D
:106BF00004121201908400121541122A717A007B4E
:106C000010900354E0F9121CFD02EE3C74021215C0
:106C1000587401F09019157407F07A007B109003F6
:106C200054E0F9121CFD901916E4F09083EC120F59
:106C3000FB7A027B00900354E0F9121CF1740412F9
:106C4000120102EE0574021215587401F0EF600A89
:106C5000901915E4F0790712205D12F93D120FFB2F
:106C60007A047B00900354E0F9121CF174041212B0
:106C700001901916E0C2E102EE0474021215587474
:106C800002F0EF901915600CE4F07A03F91222D3A8
:106C9000790780287408F0901A2CE0600464017071
:106CA0001E901919E07018852182852283E412EF65
:106CB0002B1222EB1230FB122513790012205D12E9
:106CC000F93D120FFB7A047B00900354E0F9121C8B
:106CD000F17404121201901916E0C2E202EE04747B
:106CE000021215587403F0901915E07006900368AD
:106CF0007401F0900353E0600302EE3C90035912DC
:106D0000FB60122FBD8B09EA4509600302EE3C7A55
:106D1000007B40900354E0F9121D03EA4B4C4D6098
:106D20000302EE3C90035BE4F0A3F090035DF0A35C
:106D3000F07A597B031230417A007B40900354E093
:106D4000F9121CFD900368E0600A901915E0640BCD
:106D50007002E4F0900368E4F090035FE064067072
:106D60001912F940120FFB7A047B00900354E0F9EA
:106D7000121CF17404121201800A900362E064068E
:106D80007002E4F0901916E0C2E3807879001229CD
:106D90009374021215587404F0EF600C901915E406
:106DA000F0A3F0790712205D12F93D120FFB7A046F
:106DB0007B00900354E0F9121CF17404121201904C
:106DC0001916E0C2E0803D7402121558E4F0EF603D
:106DD00027121F8B901915740DF090035FE4F0904B
:106DE00083E4120FFB7A047B00900354E0F9121C39
:106DF000F1740412120180069019157402F09019B2
:106E000016E0C2E4F090036912F937602F9019156B
:106E1000E0C0E07401121558D0E0F0740112128441
:106E20008808890978081212247C037B007A0A906A
:106E30000354E0F91230357402121201740402F99D
:106E4000FD74F7120C29E960047A01801F90191E65
:106E5000E0601790190B12151DE8494A4B600B9022
:106E6000191EE4F0F912307180077A0079051230AA
:106E7000E37F01020F30C082C083901919E0F9024C
:106E8000EAC979000211CE74F6120C2974FF1212AD
:106E9000B47E00901732E004F07508327509177857
:106EA000081212247508018E0978081212247C0039
:106EB0007D007A217B00121CB57404121201790046
:106EC000121F91E96401700479048002790E122086
:106ED0005D901746E064FE7003A3E0F470027E014B
:106EE000901753E0F47003A3E0F470047E01803641
:106EF000EEA2E04031852182852283740112EF2BBE
:106F00001222EB7901121F91E96401901748700B6E
:106F1000E0F97A927B151224E98009E0F97A927BF4
:106F2000151224EFE9FEEEF902F9FBF0AA21AB22DB
:106F300079522274F6120C2974FF1212B4E9FE85FC
:106F40002182852283E4F0EE6022A821A92288080C
:106F5000890978081212247C017B007A039003547B
:106F6000E0F91230357402121201803090191EE0DF
:106F7000602390190B12151DE8494A4B60179019B0
:106F80001EE4F090190B1215411230777A327B0013
:106F900012202180077A0079031230E302F9FB7492
:106FA000F4120C29750800750A0075090012296F82
:106FB00090036412FDFF1229759003648005050893
:106FC00012F0EF12FB57EE4F70F490036412F93792
:106FD000700302F0ED90036D12F937600EA90812EC
:106FE000FB5D90036E12F5DE12319990036412FB83
:106FF00057EE4F700302F0E1750B008022E064024F
:1070000070087401687003750901E50A7009EEFAE9
:10701000EFFB1230831508050B12F0EF12FB57E55A
:107020000BC39508400302F0E17A927B15122C2DD8
:10703000E964017013EE240BFCE43FFD7A927B15AA
:10704000121D21E9702180C6901A2AE0F47003A372
:10705000E0F460138E828F8312F929901A2AE06877
:107060007003A3E06970A790174912F9298E828FE7
:1070700083A3A3A3A3A3A3A3E0687003A3E0697001
:107080000A74FE68700374FF697018E5098E828FB8
:1070900083A3A3A37006E0700A02F00EA3E07003BE
:1070A00002F00E8E828F83A3A3A3A3A3E0F8901710
:1070B00043E068600302F0178E828F83A3A3A3A32B
:1070C000A3A3E0F8901A06E068700302F017E064EA
:1070D00001600302EFFD740268600302F00A02F02F
:1070E00007050AE50AC39402500302EFEB800DEE98
:1070F00012F21A3FF5832274041212017F04020F68
:107100003074F6120C2974FF1212B490036412F951
:1071100037900361601712F15512307DE9603385B5
:10712000218285228312F1551230838005E412F604
:1071300010F0A821A9228808890978081212247C55
:10714000017B017A03900354E0F912303574021286
:10715000120102F9FB7401F0900364E0FAA3E0FB72
:107160002274F6120C2974FF1212B4E9FE9019155C
:10717000740312F1B8F0EE60047B00801A9003678C
:10718000E0C394035004E004800A12FB5D123083D4
:10719000900367E4F07B01A821A922880889097877
:1071A000081212247C017A03900354E0F91230355E
:1071B000740212120102F9FBF08521828522837488
:1071C0000122C082C0839003648007E8FCE9FD12BD
:1071D000F22012F937603EEA687002EB6970EC1237
:1071E000FB5DE86A7002E96B7010E0CA12F21A3AAD
:1071F000F58312FB60900364800D12F22012FB6095
:10720000EC12F21A3DF58312FDFFE8FAE9FB121CBD
:107210003779008002790202EAC92414F582E42257
:10722000E812F21A39F5832274F6120C29EAFEEB01
:10723000FF790312205D8E828F83A3A3A3A3A3A350
:10724000E0F91220278E828F83A3A3A3A3A3A3A375
:10725000A3A3A3E0F50878081212288E828F83A3D7
:10726000A3A3A3A3A3A3120FFF9015BCE0F5087876
:10727000081212288E828F83A3A3E0F98E828F8357
:10728000E0FCA3E0FDEE240BFAE43FFB1224FB74C8
:1072900004121201E9FE70599015BCE0A2E3502ED1
:1072A000901A2CE0600F6401600BE0640270429061
:1072B0001A19E0703C9083D8121541122A717A0095
:1072C0007B00122A777A007B00122A7D802390159A
:1072D000B5E0701D9019F212151D9019E6121529CE
:1072E0009019FAE0F508A3E0AA08FBE4FCFD122AD5
:1072F00071EEF902FA0074F4120C298A088B098CD9
:107300000A8D0B90169C78081214C79015AC78085B
:107310001214C775089C750916780812122475088E
:107320000475090078081212247C007D007A847BA1
:1073300000121CB502F0F774F4120C29E9FE901942
:107340001EE0601C90190F78081214E5E508450945
:10735000450A450B600AAA08AB09AC0AAD0B800BC5
:1073600090191EE4F090190B121541123077901607
:107370009C12151DE8494A4B6012EE6004790080AA
:107380000279017A647B00121F37800EEE7A00606A
:10739000047903800279051230E302F0FC74F412E0
:1073A0000C2974FF1212B4E9FF7E00EA900360F02A
:1073B000EF60137A007B10900354E0F9121CFD90EB
:1073C000191BE4F080027E01A821A922880A890BFA
:1073D000780A1212247C01EEFB7A01900354E0F942
:1073E0001230357402121201740102F0F974F612AF
:1073F0000C2974F51212B4901916E0A2E1504390D2
:10740000035F7404F0901917E0A2E050329019194C
:10741000E060097A0179041230E38023901A2CE0AD
:1074200064016005E06402701612F618121B899060
:10743000035F7403F0790112307179011231070290
:10744000F5D6A2E2503790035F7405F0901917E06B
:10745000A2E1501F901919E0701912F618121B8939
:1074600090035F7405F079001230717902123107D0
:1074700002F5D67A0079051230E302F5D6A2E34090
:107480000302F5D690035F7406F0901919E07003BB
:1074900002F58F1230238A088B09AE08AF09EE4F30
:1074A000700302F58F12F5E4F8A312F5DEA3E0A253
:1074B000E1400302F56A740312128488088909788E
:1074C000081212247C007D007A037B008E828F8359
:1074D000E0F9121DC97402121201E9700302F5608D
:1074E000740912155812F5F7C3E094B5A3E094009F
:1074F00050408882898374B4F0A3E4F09084001231
:107500000FFB7A007B20900354E0F9121CF1740405
:1075100012120190036F12F937601790191FE0F4EF
:10752000700479FF80068E828F83E0F912F5DB12FA
:10753000319912F5FF40047909802C740112155815
:1075400012F60E740912F6291212247C037B007ABB
:107550000A900354E0F91230357402121201800AC5
:1075600012F5FF4005790E122FE712F5E42401F819
:10757000A3E03400F988828983E0A2E050589004A7
:107580001212FB66701088828983E0A2E14047797D
:107590000E122FE78040900353740CF09083D412A6
:1075A0000FFB7A407B00900354E0F9121CF1740445
:1075B000121201740112155812F60E740A12F629ED
:1075C0001212247C037B007A0A900354E0F91230F3
:1075D000357402121201740B02F9FD900370E0F58C
:1075E0008388822212F5E822900357E0F8A3E0F5A1
:1075F000838882A3A3E02212F92988828983221238
:10760000F5E8F8A3E0F5838882A3E0A2E022740302
:10761000F08521828522832290191E7401F07C045A
:107620007D0079007A5F7B0322F0A821A9228808D7
:10763000890978082274F0120C2974F31212B4EA42
:10764000FEEBFFEE5404604F90035FE0600D1460AA
:107650000F24FD601424FE601980361230658031DD
:107660007A01790112306B80287A0179041230E3B3
:10767000801F901915E4F090035F12F941120FFB7F
:107680007A047B00900354E0F9121CF17404121286
:1076900001EE640402F82EEF5480706EEF54107007
:1076A0000302F77F901A2CE064016008E064026036
:1076B0000302F77790035FE014700302F76F24FE74
:1076C000600302F777900361E06402600302F777DA
:1076D0007401F0790012308902F777740A68702318
:1076E000901916E08A828B83A3A3A3A3F090036969
:1076F00012F937600EEA2402FAE43509FB12F5DECE
:10770000123199AA08AB09121BA1900354E0F91297
:107710001BB38A088B09EA4509604C8A828B83E097
:10772000F874D3687032EA240CF582E43509F583E5
:10773000E0F50AA3E0F50B780A120F760180030347
:10774000F753F749F703F74EF712305980B5123067
:107750000580B012301D80AB90035FE068600302CB
:10776000F6DB12303B809CEEFAEF648002F910A346
:10777000E0FA790012306BEEFAEF641002F910EEC5
:10778000548060091230CBEE648002F82EEE540271
:10779000603A901A2CE064016005E0640270287C75
:1077A000057D007900AA21AB22121B8979001230D5
:1077B00053AA21AB22122507E9600C7A027B0090C4
:1077C0000354E0F9121BDDEE64028062EF5408609E
:1077D00006EF640802F910EE544060571230238B14
:1077E00009EA4509603A900353E014F060387A00E2
:1077F0007B40900354E0F9121D03EA4B4C4D700995
:1078000090035912FB60122FBD9083D4120FFB7AA4
:10781000407B00900354E0F9121CF1740412120131
:10782000900353E07005790B122FE7EE6440FAEFF6
:1078300002F910EF5420700302F90390035512F976
:1078400021750C008024901915E4F090036F12F953
:1078500037600E850A82850B83E0F912F5DB123161
:107860009985088285098312F921E5084509606335
:10787000850882850983A3A312F5F785820A85838B
:107880000BE060DDC394F150D87405121284880EA9
:10789000890F780E1212247C007D007A037B00850C
:1078A0000A82850B83E0F9121DC97402121201E9E4
:1078B00060AF740B12155812F5F712FB666087EA79
:1078C00024FF1AEB34FFFB8882898312FDFF750CBD
:1078D00001808EE50C6019908400120FFB7A007B0A
:1078E00020900354E0F9121CF17404121201800C70
:1078F0007A007B20900354E0F9121CFDEEFAEF644D
:1079000020800DEF5440600B122FC9EEFAEF644057
:10791000FB80047A007B00740D1212017F08020FB5
:107920003012F9298808890922E0F8A3E0F922EA4F
:10793000FEEBFF8E828F8312F929E8492290035FC4
:10794000E4F09083F02274F6120C2974DD1212B464
:10795000EAFEEBFF901660E0700302F9F790035F18
:10796000E06401600302F9F712285BE9600302F9A1
:10797000F78E828F83A3A312F937707B7A007B1076
:10798000900354E0F9121CFD7413121294EEFAEFF6
:10799000FB122111741E121558E0F508A3E0F50939
:1079A000740978081214B8C3E508941595E0C36506
:1079B000D03340097A02790112306B803A74101288
:1079C000155874FDF0858208858309780812122401
:1079D00075080175090078081212247C107D007A60
:1079E000117B01121CB574041212017900123101CD
:1079F0007A0179011230E3742380027401121201BA
:107A00007F02020F3074F6120C29E9FE901919E07A
:107A10006E7006900363E07033EE7005901916E403
:107A2000F0EE901919F075081975091978081212F5
:107A30002475080175090078081212247C007D0065
:107A40007A557B00121CB5740412120180B274F6D0
:107A5000120C2912F92F701F7A117B00121C318A27
:107A6000088B09A808A9098E828F83E8F0A3E9F0A2
:107A7000E849600312FB4102FA0074F6120C291265
:107A8000F92F700612304D02FB37EC4D606FE8FAAB
:107A9000E9FB8C828D83E0FCA3E0FD8A828B83A3CB
:107AA000A3A3A3A3A3A3A3A3E0FE8C828D83A3A37C
:107AB000A3A3A3A3A3A3A3E06E70348A828B83A3A2
:107AC000A3A3A3A3A3A3A3A3A312FB4FA3A3A3A313
:107AD000A3A3A3A3A3A3E06E7003A3E06F70108A17
:107AE000828B8312FB4FE06E7003A3E06F603FEA6E
:107AF000240FF582E43BF58312FB66709EE8240FA9
:107B0000FEE4398008E8240F500109FEE912F93239
:107B100070F37A117B00121C318A088B09A808A91E
:107B2000098E828F83E8F0A3E9F0E84970067A00B5
:107B30007B00800A12FB418E828F8312FB6002FA67
:107B400000E8240FF582E439F583E4F0A3F0221273
:107B5000FB578C828D8322E0FEA3E0FF229003641A
:107B6000E0FAA3E0FB22E0FAA3E0FBEA4B2274F484
:107B7000120C2912F92F60358E088F09801CEA2417
:107B80000FF50AE43BF50B121C3785088285098343
:107B9000E4F0A3F0850A08850B098508828509832E
:107BA00012FB6670D98E828F83E4F0A3F002F0FCA2
:107BB00074F6120C2974E61212B48A828B83E014D4
:107BC000700302FC5F24FE600302FD77901A2CE034
:107BD00064016008E06402600302FD778A828B839F
:107BE000A3A3E0600614601802FD778A828B83A34A
:107BF000E070051230958061790012309B02FD77AC
:107C00008A828B83A3E070099003617402F002FD05
:107C100060122A538A088B0974FE6508700474FF89
:107C20006509700D901746E064FE7003A3E0F460F0
:107C30001D740712155874FEF0A304F09017461433
:107C4000F0A304F0740712128C79531222EB122B5A
:107C5000AF1224C5901755E4F012308F02FD7790D3
:107C60001A2CE064016008E06402600302FD778A78
:107C7000828B83A3E0601190191BE004F0F8A3E06D
:107C8000C39850047A008071900360E014600C1473
:107C9000606E14700302FD2702FD77901660E060AD
:107CA0005112285BE9704790191DE0702D7419126C
:107CB00015587402F07411121558E4F0A3F0F50889
:107CC000780812122879027C007D00741212128C3E
:107CD0001221357401121201807A90036B12F93768
:107CE000700302FD7712F5DE12319902FD777901FA
:107CF000800279001231017A0179011230E3807734
:107D00007403121558E4F074041215587404F01436
:107D100012128C1228497A007B10900354E0F91259
:107D20001CFD9019EE803C74091212947A007B00BD
:107D300079AB1227897409121284852182852283E6
:107D4000E8F0A3E9F074021215587404F0AA21AB0C
:107D50002212284F7A007B10900354E0F9121CFD88
:107D60009083EC120FFB7A007B10900354E0F91221
:107D70001CF17404121201741A02F9FD74EE120C53
:107D800029890B8A0D8B0E8C0CEC6056741212151F
:107D900058E0F508A3E0F509E508450960447402D8
:107DA0002CFA7B00121B9B8A108B11AE10AF11EEC8
:107DB0004F602F750A007808121220AC0C7D00EE7F
:107DC0002402FAE43FFB121B7D74031212018E821F
:107DD0008F83E50DF0A3E50EF0EEFAEFFBA90B1291
:107DE0001BA77F0A020F30C082C08390036902EA9A
:107DF000C4C082C083900366E004F0F902EAC9EAD5
:107E0000F0A3EBF02279FF121BEF53BEFBE59DA21E
:107E1000E650FA0078F8790100E824FF18E934FF09
:107E2000F9E84970F375C600E59E70FC43BE049006
:107E300062707408F0C28143FD02C28443FD10C227
:107E40008543FD20C28643FD407E10794A12179F6C
:107E5000E960F81EEE70F47900121B531217BD7A18
:107E6000007B00121CA31222D912234B1222C11232
:107E70001BF579FF121BE97902121B53121BFB7AC7
:107E8000007B000211CE74EE120C2974F81212B4A9
:107E90009082B9AC21AD22740812114A7508F575AB
:107EA000090CF50AA821A922880C890DF50EF510F8
:107EB000F51178101212247C087D007A017B0012E3
:107EC0001CA97402121201E970467510F575110CA7
:107ED00078101212247510087511007810121224EF
:107EE0007C007D007A017B00121CBB74041212011D
:107EF000E9701D780C1212207C087D00A908AA09DF
:107F0000AB0A121B837403121201E9700302FFDB38
:107F100075100878101212247CF57D0C7AE87B0726
:107F2000797F1217CF7402121201780C1212207C82
:107F3000087D00A908AA09AB0A121B837403121258
:107F400001E96071780C1212207C087D00790C7AAE
:107F5000787B00121B837403121201E9701D7508EF
:107F60000C75097878081212207C087D007AF57B60
:107F70000C121B7D7403121201803A7E00121B95B5
:107F80008A08EEFA74F52AF582E4340CF583E508E4
:107F9000F00EEEF812FFEEEBF00EEEC3940640DDAD
:107FA0000812FFEE7420F00874F528F582E4340C12
:107FB000F58374F8F07508F575090C780812122429
:107FC00075080875090078081212247C007D007A73
:107FD000017B00121CB574041212017AF57B0C7936
:107FE000E21222EB74081212017F0A020F3074F5BC
:097FF0002EF582E4340CF5832225
:1080000074F4120C29EA75F0E8A4CAA8F075F0031C
:10801000A428F875F0E8EBA428FB121B77029180E6
:1080200074F6120C2974FD1212B4E9FE121EBFE49C
:10803000F508F50978081212247904908380121546
:1080400041121EC57402121201780812122479021C
:10805000908380121541121EC57402121201780815
:108060001212247903908380121541121EC57402E6
:10807000121201E4901660F078081212247C187D28
:10808000007A017B04121CA97402121201E9FFF5A7
:108090000878081212247AD37B80121727740212F0
:1080A000120174096F703C75088A750919780812F5
:1080B000122475081875090078081212247C007DB6
:1080C000007A017B04121CB57404121201E9F50850
:1080D00078081212247AA97B8112172774021212CF
:1080E000018030EF702D7A1E7B8212172D75088A61
:1080F000750919780812122475081875090078088E
:108100001212247C007D007A017B04121CBB7404D3
:10811000121201EE901552F07A7A7B199019C5E08F
:10812000F9121F077AC57B191231257CE57D329043
:1081300038DEE493FA9019C5E0F9121D757CA17D33
:108140001E7A007B009019C5E0F9121D7B7A7A7BBC
:10815000199019D1E0F9121F077AD17B1912312534
:108160007C577D379038DFE493FA9019D1E0F9120B
:108170001D757CA17D1E7A007B009019D1E0F9125B
:108180001D7B901552E0F9121D57901552E0F9121F
:108190001B597AD17B1E122FDB438F017A01901578
:1081A00052E0F9121CD31217E19083E41215411228
:1081B0001E7712173F908384121541121E777401A7
:1081C000121558E4F0A3F0852182852283F0AC21BA
:1081D000AD220412128C121745E9701474011215A5
:1081E00058E064607004A3E06401700474018001CD
:1081F000E490155CF0908384121541121E777AB9D1
:108200007B1E121D2D908400121541121E779019AD
:108210008BE06004790180027900121D3390198B84
:10822000E0901554F09083D4120FFB7A017B0090FC
:108230001552E0F9121CF77404121201908388128F
:108240000FFB7A107B00901552E0F9121CF77404B2
:108250001212017F7FEFF50878081212247904903A
:108260008380121541121EC5740212120178081281
:1082700012247902908380121541121EC5740212D5
:10828000120178081212247903908380121541128A
:108290001EC5740212120190830C121541121E7732
:1082A0001FEFC3940250AE7F01EFF5087808121259
:1082B000247904908380121541121EC57402121293
:1082C0000178081212247902908380121541121E3F
:1082D000C574021212017808121224790390838067
:1082E000121541121EC57402121201908314121548
:1082F00041121E770FEFC3947F40AEE4F508780873
:108300001212247904908380121541121EC5740242
:1083100012120178081212247902908380121541FA
:10832000121EC574021212017808121224790390E9
:108330008380121541121EC57402121201908384AB
:10834000121541121E77D2819083F0121541121E30
:1083500077C28174030289F974F4120C29EAFEEBE6
:10836000FF54807058EEA2E040030284197A307BFB
:108370008212172D901557E07024901558E02401B3
:10838000F0A3E03400F0901558E0640A7002A3E016
:1083900070067401901557F0740190155AF0121E72
:1083A00095EE6401028549129294E0FAA3E0FBEA9B
:1083B0004B6003121C37AA08AB09121BA19015527F
:1083C000E0F9121BB38A088B09EA450960438A82E7
:1083D0008B83E024CC60D0247470DBA3A3A3E0F5EE
:1083E0000B8A828B83A3A3E0F50A901919E064013C
:1083F0007007AA0BA90A121787AA0BA90A12171B42
:10840000E50AA2E650B0740190155AF0121E95804C
:10841000A5EEFAEF648002854B540260107AF57B7A
:108420008112172D121EA7EE64020285497ADE7BA7
:1084300081EE5404600C12172D121E8FEE6404029C
:108440008549EE5408605912172D7A477B19121688
:108450007FE970299019777405F0901975F0A3F0F1
:1084600090197814F0A37401F07A477B19791F12E0
:1084700016917A477B1979011216978003121ECB49
:10848000121D3990838C120FFB7A047B00901552D9
:10849000E0F9121CF17404121201EE64080285491D
:1084A000EE5410602012172D9083E4120FFB7A080F
:1084B0007B00901552E0F9121CF17404121201EEC7
:1084C0006410028549EE5420606812172D901553F0
:1084D000E0F8740128F0E860481460401460381433
:1084E000603014602814703E121EFB901553E0603B
:1084F000179083F0120FFB7A207B00901552E0F961
:10850000121CF17404121201EE6420803C121EF55C
:1085100080D9121EEF80D4121EE980CF121EE38094
:10852000CA121EDD80C5E4F090155AE060DAE4F06E
:1085300080D6EE54406007C281EE6440800BEE545A
:1085400080600B121ED7EE6480FAEFFB80047A0085
:108550007B0002918074F0120C297B007A007C0071
:10856000901555E0F8A3E0F975831975828CC3E086
:1085700098A3E099501C90198EE0F8A3E0F9758358
:1085800015758255C3E098A3E09950047B018002E1
:108590007B029019B578081214E578081208FFA834
:1085A00008A909901990C3E098A3E0995013A3E09B
:1085B000FEA3E0FFC3E89EE99F50047A0180027A9F
:1085C000029019B9780C1214E590199412892512A9
:1085D0000B5D7808790C120E494016A312892512FA
:1085E0000B5D780C7908120E9850047C0180027C97
:1085F00002EBFEC39A5002EAFEEEC39C5002ECFE70
:1086000090198AE070030287A5901946E06E700306
:108610000287EFE0703A7F01EFF5087509007808EE
:108620001212247902908380121541121EC5740221
:10863000121201908390121541121E770FEFC3940E
:108640007F40D5E4F508780812122479040286DE0A
:108650006401704E7F01EFF5087509007808121269
:10866000247902908380121541121EC574021212E1
:108670000178081212247903908380121541121E8A
:10868000C57402121201908390121541121E770FC9
:10869000EFC3947F40C0E4F50878081212247902F1
:1086A000803CE0640270457F01EFF50875090078B1
:1086B000081212247903908380121541121EC5748A
:1086C00002121201908390121541121E770FEFC310
:1086D000947F40D5E4F5087808121224790390833A
:1086E00080121541121EC57402121201EE90194635
:1086F000F070327F7FEFF5087509007808121224B8
:108700007902908380121541121EC5740212120163
:10871000908334121541121E771FEFC39402500349
:108720000287EF80D074016E70477F7FEFF5087588
:1087300009007808121224790290838012154112E0
:108740001EC5740212120178081212247903908354
:1087500080121541121EC574021212019083341248
:108760001541121E771FEFC3940250030287EF805A
:10877000BB74026E70797F7FEFF508750900780889
:108780001212247903908380121541121EC57402BF
:10879000121201908334121541121E771FEFC394F9
:1087A00002404C80D3E4F508F509780812122479C8
:1087B00004908380121541121EC5740212120178B2
:1087C000081212247902908380121541121EC5747A
:1087D0000212120178081212247903908380121574
:1087E00041121EC574021212019019467403F00260
:1087F000891774F0120C2974FA1212B47A477B1993
:10880000121EAD7C057B807A047900121D459015FF
:1088100081EAF0A3EBF09019A1E0FA3395E0FB9028
:108820001581128925120B5D780812121C90839411
:10883000120FFB9083D8120FFBEA24F3F508EB34F8
:108840001312891C120B42780812121CEA24DEF55E
:1088500008EB340312891C120B42AA08AB09AC0ABC
:10886000AD0B121D3F74101212018A088B098C0A7D
:108870008D0B9019B578081214C79083D8780C1214
:1088800014E57808790C120E49750C00750D007509
:108890000E005005750F3F8003750FBF7808790CE7
:1088A00012028778081208FFE50912891E120B428E
:1088B0009019B578081214C790155CE06054AA218D
:1088C000AB2212175DE9704A852182852283E06020
:1088D000417401121294740412128C121763E9701D
:1088E000137404121558128925120B5D9019BD7866
:1088F000081214C7740212128C121769E9701374EB
:1089000002121558128925120B5D9019B9780812B8
:1089100014C774061212017F08020F30F509128B7A
:108920009022901555E0F508A3E0F509E4F50AF565
:108930000B780822C082C0839015B4E064076005FC
:10894000E06406700990155AE06003121ECB901582
:1089500058128DC5497005E4901557F09083E412C4
:108960000FFB7A208013C082C0837A627B82121749
:108970002D121F01121EA7800F7B00901552E0F9E7
:10898000121CF17404121201D083D0820211CEC0E5
:1089900082C0837A417B8212172D90831C120FFBB9
:1089A0007A027B00901552E0F9121CF17404121245
:1089B00001790080D374F6120C2975088A7509199B
:1089C0007808121224750818750900780812122404
:1089D0007C007D007A017B04121CB5740412120124
:1089E000E9F50878081212247A4A7B811217277455
:1089F00002121201121E8980031212017F02020F5D
:108A00003074F0120C2974F41212B4EAFCEBFDAAD3
:108A100021AB2279071216A9E96003028B5F740863
:108A2000121558120FFB7404121558120FFB740C18
:108A3000121558120FFB7A6D7B81121727740C12D6
:108A40001201740812155878081214E590831078F2
:108A50000C1214E57808790C120AC27808120B5D22
:108A6000908398780C1214E57808790C12068778B0
:108A7000081208FF90199E128DC575F064A4F8AA1B
:108A8000F075F064128B6924BCF8E93402F990198E
:108A9000AC128B771214E57808120B5D9019B2E0D6
:108AA000F50C3395E0F50DF50EF50F780C120B4231
:108AB000780C12121C90839C1215411223817404AD
:108AC0001212018A0C8B0D8C0E8D0F7808790C1206
:108AD000068778081208FF9019B0128B85120B4296
:108AE00090839C780C1214E57808790C1204A17814
:108AF000081208FF90199A780C1214E5E508250C65
:108B0000F8E509350DF99019AEE8F0A3E9F0740421
:108B100012155878081214E5901998128DC575F041
:108B20000AA4F8AAF075F00A128B692424F8E93433
:108B3000FFF99019A8128B771214E5908310780C26
:108B40001214E57808790C120BBA9019B3128B85C0
:108B5000120B4290156178081214C7790080051233
:108B60001ECB7901740C028914E9A42AF9E50828BE
:108B7000F8E50939F9E822E8F0A3E9F085218285D2
:108B80002283780822E508F0A3E509F0128B9022F1
:108B90003395E0F50AF50B78082274EC120C298A5B
:108BA000088B098C0A8D0B7414121558780C12144A
:108BB000E59083A078101214E5780C7910120E98C5
:108BC00040339083A478101214E5780C7910120EBB
:108BD00049402275100075115075127D7513447847
:108BE00010790C1204A178107908120687AA10AB2C
:108BF00011AC12AD137F0C020F3074EC120C2974FF
:108C0000FF1212B4E9FE7F0080267C017D00AA21BC
:108C1000AB22EEF912186B852182852283E0C0E039
:108C2000EFF8747228F582E43415F583D0E0F00F84
:108C3000EEF912187D8B09EA450970CE901574E0A3
:108C4000F8901572E064FE7058A3E06404705274EA
:108C50007228F8E43415F988828983A3E0FB8882BE
:108C60008983A3A3E0F8EBF9901555E8F0A3E9F0A8
:108C7000128922120B5D85080C85090D850A0E8567
:108C80000B0F9083A878101214E5780C7910120459
:108C9000A19019A2780C1214C790155D78081214CF
:108CA000C7128922120B5D9019A0E0601E90156119
:108CB000120FFBAA08AB09AC0AAD0B121EB3740469
:108CC0001212018A088B098C0A8D0B9083A8780CEC
:108CD0001214E57808790C1204A19019A2780812F0
:108CE00014C7121E8990198BE0F8901554E0686043
:108CF0000DE8F06004790180027900121D337401DF
:108D0000121201028BF543FD7053F1BF43F103537F
:108D1000FF3F43F3700211CE74EC120C298A0C8BC6
:108D20000D8C0E8D0FE9FB53E4FC9083AC780C1294
:108D300011A9400B75108075118475121E8009757C
:108D400010007511247512F47513008A08850D0939
:108D50008C0A8D0B78107908120BBAA810A911E8AB
:108D6000F5DAE9F5DB7414121558128DC5FAE9F835
:108D7000EB14600B146011146017146023803188A9
:108D8000DD8ADC75E61C802888DF8ADE75E71C80BA
:108D90001FE89062ADF0EA9062ACF09062A3800DA3
:108DA000E89062AFF0EA9062AEF09062A4741CF0BA
:108DB0009083AC780C1211A9400543E40780037539
:108DC000E403028BF5E0F8A3E0F9E822C082C08357
:108DD000D2819083B0120FFB7A4002897974F61227
:108DE0000C29901583128DC54990155B6055E06084
:108DF00003028EB5E4F508F5097808121224790407
:108E0000908380121541121EC57402121201780857
:108E10001212247902908380121541121EC5740229
:108E200012120178081212247903908380121541DE
:108E3000121EC57402121201740190155BF0121E0D
:108E4000D78072E0606F7A807B00901552E0F91253
:108E50001CFD7A807B00901552E0F9121BE374012F
:108E600090155AF09019467403F0E490155BF0F5F4
:108E700008F50978081212247904908380121541AC
:108E8000121EC5740212120178081212247902907F
:108E90008380121541121EC5740212120178081245
:108EA00012247903908380121541121EC574021298
:108EB0001201121E950289FC74F6120C297E7FEEB7
:108EC000F50875090078081212247904908380123D
:108ED0001541121EC574021212017808121224796B
:108EE00002908380121541121EC57402121201787D
:108EF000081212247903908380121541121EC57442
:108F0000021212019083B4121541121E771EEEC395
:108F1000940250AB7E01EEF5087808121224790411
:108F2000908380121541121EC57402121201780836
:108F30001212247902908380121541121EC5740208
:108F400012120178081212247903908380121541BD
:108F5000121EC574021212019083B8121541121E1E
:108F6000770EEEC3947F40AEE4F508780812122421
:108F70007904908380121541121EC57402121201E9
:108F800078081212247902908380121541121EC5AE
:108F9000740212120178081212247903908380124D
:108FA0001541121EC574021212019083E4120FFBC8
:108FB0007A807B00901552E0F9121CF1740402894A
:108FC000F974F4120C2990155AE0605B7A0B7B005F
:108FD000121C318A088B09EA450960428A828B8318
:108FE000740212918574A8F0A37419129193749865
:108FF000F0A374191292DE121228750A01780A126F
:109000001228780A12122878081212247C027D0491
:109010007A667B157901121DA57405121201AA0842
:10902000AB09121C3780107C007D007A027B049013
:1090300019C5E0F91215DD02918074F4120C299023
:10904000155AE060667A0B7B00121C318A088B0986
:10905000EA4509604D8A828B837402F0A3E4F0A391
:109060001290BE74211290BEA374ACF0A3741912B6
:109070009193749EF0A374191292DE121228750A4D
:1090800001780A121228780A12122878081212247B
:109090007C057D047A667B157901121DA574051285
:1090A0001201AA08AB09121C3780107C007D007ADF
:1090B000057B049019C5E0F91215DD02918012902C
:1090C000C2221290C6221290CA22F08A828B83A3F7
:1090D000A3A32274F4120C2990155AE07003029194
:1090E000707A157B00121C318A088B09EA450960E9
:1090F000768A828B83740412918574AEF0A37419FE
:10910000129380E412919874B0F0A374191292B77C
:109110007414F0A3E41292AB74281292A774B2F004
:10912000A3741912929B74101293B2129297742B1B
:10913000F0EA2413129297749AF0A374191292DE33
:10914000121228750A01780A121228780A121228B7
:1091500078081212247C037D047A667B157901124B
:109160001DA57405121201AA08AB09121C37801044
:109170007C007D007A037B049019C5E0F91215DDAF
:109180007F04020F30F0A3E4F0A31290C2742912FE
:1091900092D922129384740212939074291293909C
:1091A000A32274F4120C2990155AE07003029281E4
:1091B0007A1F7B00121C318A088B09EA450970036B
:1091C0000292788A828B8374061292CB74A2F0A3E7
:1091D000741912945B7402F0A312938C74101291A0
:1091E0009D748BF0A374191292B77403F0A3141238
:1091F00092AB74101292A7748AF0A3741912929B06
:1092000074041293A2748CF0A37419F0EA2415125A
:1092100092977405F0A37402F01292947421F0EA0C
:109220002418129297748EF0A37419F0EA241A127B
:1092300092977411F0A374F1F0EA241C12929774BF
:1092400010F0EA241D12929774A0F0A374191292E0
:10925000DE121228750A01780A121228780A1212F0
:109260002878081212247C0D7D047A667B1579011A
:10927000121DA57405121201AA08AB09121C378031
:10928000107C007D007A0D7B049019C5E0F9121561
:10929000DD029180EA24171292C32212929F22F0DB
:1092A000EA24101292C322129473221292AF22F077
:1092B000EA240D1292C3221292BB22F0EA240B126E
:1092C00092C322F582E43509F58322F0A3E4F0A3EA
:1092D0001290C274391292D9221290C6A322F09031
:1092E0001565E0F8740128F0E8F50A780A2274F4AC
:1092F000120C2990155AE060777A157B00121C3108
:109300008A088B09EA4509605E8A828B837404129D
:1093100092CB74B5F0A37419129380740212938CDB
:10932000742812919D74A1F0A37419129461749021
:10933000F0A3741912939D7492F0A374191292DE23
:10934000121228750A01780A121228780A121228B5
:1093500078081212247C2B7D047A667B1579021220
:109360001DA57405121201AA08AB09121C37800D45
:109370007C007D007A2B7B0479021215DD0291803E
:10938000129384221293967410F0A32212939022C7
:10939000129396A3A3221290CAA3A3A32212929F70
:1093A00074051293B21292C37421F0EA241312923C
:1093B000C322F0A37402F0EA24122274F4120C29DE
:1093C00090155AE0700302944B7A157B00121C3101
:1093D0008A088B09EA450960698A828B837404F0E4
:1093E000A37455F0A3E41292D074B9F0A3741912C7
:1093F000945B7485F0A3740112938C743912919D5F
:1094000074BDF0A374191294617494F0A3741912CA
:10941000939D7496F0A374191292DE121228750AA5
:1094200001780A121228780A1212287808121224D7
:109430007C0C7D007A667B157902121DA5740512DD
:109440001201AA08AB09121C37800D7C557D007AE9
:109450000C7B0079021215DD0291801292D9A3A330
:10946000221292BB7404F0A374021292AF74211200
:10947000947322F0EA240E1292C32274F4120C297F
:1094800074F81212B47508007F0090152CE4F07E79
:1094900079750A088F0B780A12122474021212943A
:1094A0007A007B00EEF91217CF74021212018521A7
:1094B00082852283E0F47003A3E0F4701390152CEE
:1094C000E07004EEF080197A01EEF9121C4380106E
:1094D0007404121558E0F47003A3E0F460028E08DF
:1094E0000EEEC3947F40AAE50890152C601FE06043
:1094F0000FF9121C4F7A007B00A908121C5580142A
:10950000A908121C4FE50890152CF08007E06004B4
:10951000F9121C4F7E79EFFC7A007B00EEF9121CE9
:10952000498B0BEA450B60047F017E780EEEC394F5
:109530007F40E3EFA2E050147E797C007A007B004C
:10954000EEF9121C490EEEC3947F40EE90152CE00C
:10955000703C7E007C00EC12959312A47B74F86A38
:10956000700374076B7004ECFE8018EE129593394B
:10957000F583C3E09AA3E09B5002ECFE0CECC3948D
:109580000640D374792E90152CF0F9121C4F7901F6
:10959000029DCF25E0F8E433F9742028F582741594
:1095A0002274F7120C2974F81212B4EAFF85218292
:1095B000852283E4F0A3F0EF60087402121558E4EA
:1095C0008007740212155874FF129C0D7A007B00FC
:1095D000121C7974081212017F01020F3074EE120E
:1095E0000C2974F81212B4890C8A0E8B0F8C0D7E24
:1095F000087F008F0A8F0B7508087509007808121C
:1096000012247402121294EEFAEFFBA90C1217CF77
:109610007402121201852182852283E0F47003A373
:10962000E0F470030297657402121558129A1B40F9
:10963000087508FC7509FF8008129A10F508E9F50D
:1096400009129A049508E99509501CE50A2400E5D9
:109650000B3408F50BC3E50A9EF50AE50B9FF50BE5
:109660007E007F08029765EE2408FEE43FFF852117
:109670008285228312A32CE849700302973EE50EEF
:10968000450F604AA80EE50F547FF9852182852297
:1096900083E0687003A3E0696003029751740612C7
:1096A000155812A32CE50F5480700F74FF687003D7
:1096B00074FF696003029751800D74FF6870037432
:1096C000FF697003029751EEFAEFFB02977CEEFA06
:1096D000EFFBA90C121C738A108B11A810A911742E
:1096E00004121558E0687003A3E06970467406120E
:1096F000155812A32CE50D602A74FF68700374FFDF
:1097000069704E852182852283E0FAA3E04480FBC4
:10971000121C5BEA4B603A7C0190152DE0F9121C9B
:1097200067802E74FF68700374FF6960247AFF7B82
:10973000FF80497C01EEFAEFFBA90C121C67E508DB
:109740002408F8E43509F9E50A28F50AE50B39F5A6
:109750000BEE2508FEEF3509FFC3EE94F8EF9407F2
:1097600050030295F7A80C129780EEF0A3EF129722
:10977000B9E50AF0A3E50BF07A007B0074088013CA
:10978000E828F8E433F9742228F582741439F58353
:109790002274041212017F0A020F3074F7120C298E
:1097A000E9FE1217DBEE2E1297827408F0A3E41282
:1097B00097B9E4F0A3F00295D8F01297BE22742E68
:1097C00028F582741439F5832274EE120C2974F78B
:1097D0001212B489088A0A8B0B7E007F00750C0177
:1097E000750D00780C1212247402121294EEFAEF26
:1097F000FB90152CE0F91217CF740212120185218B
:1098000082852283E0F4600D90152CE0F9121C4F44
:1098100079000299FF0EEE70010FC3EF940840BD6E
:109820007E087F007401F090152CE025E0129782ED
:10983000E0F50CA3E0F50D750E08750F00780E121B
:1098400012247403121294EEFAEFFBA9081217CF38
:1098500074021212017401121558E0F47003A3E0AF
:10986000F470030299BF7403121558129A1B400832
:10987000750EFC750FFF8008129A10F50EE9F50FB2
:10988000129A04950EE9950F50030299BF74F8C31C
:10989000950CF87407950DF9C3E8950EE9950F50EE
:1098A000030299D2EE2408FEE43FFF74011215581A
:1098B00012A32CE84970030299AB7401121558E009
:1098C000650A7004A3E0650B70030299ABEEFAEF32
:1098D000FBA908121C738A108B11A810A91174051A
:1098E000121558E0687003A3E06960030299AB7435
:1098F00007121558E0F47003A3E0F4700B7C00EE3F
:10990000FAEFFBA908121C677509007809121228E2
:10991000E4F510F51178101212247406121558127D
:10992000A31D740412155812A47E90152CE0F91290
:109930001C917403121201E970030299D2E50C2400
:1099400008F50CE4350DF50D780E121224780C1282
:10995000122490152CE0FCEEFAEFFBA908121C8BE8
:1099600074041212017403121558129A26121C73F1
:10997000740512155812A33B7002EB6D7054AA0CBB
:10998000AB0D90152CE0F9121C6D8A108B11A810EC
:10999000A9117405121558E0687003A3E0697032CC
:1099A0007401121558129A26121C9DEE250EFEEF18
:1099B000350FFFC3EE94F8EF940750030298278504
:1099C0002182852283E0701490152CE0F9121C4F3F
:1099D0008025852182852283E4F080ECE50A450B11
:1099E00070157A0190152CE0F9121C43A908121C7D
:1099F0004FE50890152CF0852182852283E0F974CB
:109A00000902979374F8C39EF874079FF9C3E8227C
:109A1000EC2403F8E43DF9E854FC2212A31DC3EC46
:109A200094FCED94FF2212A31DAA0CAB0D90152CF3
:109A3000E0F92274F4120C29EAFEEB800374804FE3
:109A4000FF7508797C00EEFAEFFBA908121C49EAC1
:109A50004B6008E50890152DF080150508E508C352
:109A6000947F40E0EF548060D490152DE4F0FAFB31
:109A7000029DD474EE120C2974F61212B489098A6C
:109A80000C8B0DECFEEDFFC3EE94F4EF94FF400E53
:109A900085218285228374FCF0A374FF8018EE2454
:109AA00003F8E43FF9E854FC2408500109852182B9
:109AB000852283F0A3E9F07508007C0690152CE060
:109AC00004F50AE50AC3947F4003750A7990152CC2
:109AD000E0650A60317487250A25E0F8E433F974FB
:109AE0001428F582741512A47BE4C39AFA74089BB7
:109AF000FB742028F582741539F583E02AFAA3E077
:109B00003B129BF45009050A1CEC70B7029BEDEC6C
:109B10007003029BED741C121558E0F50EA3E0F5DE
:109B20000FA80A12978012A332FA740899129BF4B4
:109B30004003029BC9751008751100781012122499
:109B400074041212947A007B00A90A1217CF7402CF
:109B50001212017406121558E0F47003A3E0F470B9
:109B60000B129C067A04FBA90A121C7FAA0CAB0DEF
:109B7000A90A121C55E96075E509F50B780B12125C
:109B800028780E121224EEFCEFFDAA0CAB0D9015F6
:109B90002CE0F9121C917403121201E96006901571
:109BA0002CE0F508E509700A850E82850F83E50A29
:109BB00080147A0190152CE0F9121C43A90A121C9A
:109BC0004FE50A90152CF08024E509F50B780B126F
:109BD0001228780E121224EEFCAA0CAB0DA90A1260
:109BE0001C917403121201E96003850A08A9087424
:109BF0000A029793FB852182852283E0F8A3E0F98E
:109C0000C3EA98EB9922852182852283E4F0A3F0B0
:109C1000AC21AD222274F4120C2974F81212B4890A
:109C20000AEAFEEBFF8C0BEE24F8FEEF34FFFF7523
:109C3000080875090078081212247402121294EEB2
:109C4000FAEFFB1217CF7402121201E50B702074A9
:109C500006121558E4F0A3F07404121558AC82AD46
:109C600083EE2404FAE43FFBA90A121C79803974BC
:109C700002121558E02403F8A3E03400F9E854FC7C
:109C80002408F508E439F509129C06EEFAEFFBA961
:109C90000A121C79A80AE828F8E433F91297BEE002
:109CA0002508F0A3E03509F0029DCF74F4120C29C9
:109CB00074FE1212B4852182852283ECF0A3EDF0AC
:109CC0008908EAFEEBFFEE24FCFEEF34FFFFAC2137
:109CD000AD22EEFAEFFB121C7F750A02750B0078BD
:109CE0000A1212247402121294EEFAEFFBA908125F
:109CF00017CF740212120185218285228312A47E5D
:109D00007402029DD174F0120C2974FC1212B489F1
:109D10000CEAFEEBFF8D0B750800750900EC2403BF
:109D2000F50EE4350BF50F7402780E1214B8850E9B
:109D30000A850F0B12A789604E750E04750F007807
:109D40000E1212247402121294EEFAEFFBA90C12F6
:109D500017CF7402121201EE2404FEE43FFF7800D4
:109D6000E8FA852182852283E5822AF582E435831B
:109D7000F583E0FAE5082AF508E43509F50908E86D
:109D8000C3940450AF80D9AA08AB0974041212011D
:109D90007F08020F3074F4120C29E9FE7508017572
:109DA000090078081212248A088B097402780812B4
:109DB00014B8EEF50A750B007409780A1213D2E58F
:109DC000082400FAE509350BFB1217D5029D007433
:109DD000081212017F04020F3074F7120C2974FC70
:109DE0001212B48C828D83E0852182852283F08CCF
:109DF000828D83A3E0C0E07401121558D0E0F074A6
:109E00000212155874FFF0740312155874FFF0AC69
:109E100021AD22121C7974040295D574EE120C291E
:109E200074FC1212B4890A8A088B098C0C8D0DEA15
:109E30005403F50B7416121558E0FEA3E0FFE50B72
:109E4000605C74FC5508F508750E04750F00780EFB
:109E50001212247402121294AA081217CF7402125A
:109E60001201E50C450D60268E828F83E0C0E0A8CC
:109E70000B129F64D0E0129F75050BE50C24FFF5D3
:109E80000CE50D34FFF50DE50BC3940440D4AC2173
:109E9000AD22AA08AB09A90A121C7912A0E5E50CAB
:109EA0005403F50B850C0E850D0F7402780E1214F9
:109EB000B8850E0C850F0DE50C450D6051780C1220
:109EC0001224EEFCEFFD85080E85090F7402780E52
:109ED0001214B8E50AF51075110074097810121300
:109EE000D2E50E2400FAE50F3511FB1217D57402E6
:109EF0001212017402780C1213D2A80CA90DE508F5
:109F000028F508E50939F509EE28FEEF39FFE50BDC
:109F1000604F750C00750E04750F00780E12122438
:109F20007402121294AA08AB09A90A1217CF74027C
:109F300012120180138E828F83E0C0E0A80C129F62
:109F400064D0E0129F75050C850B0D74FF250DF58F
:109F50000B0470E1AC21AD22AA08AB09A90A121CBE
:109F600079029791852182852283E58228F582E412
:109F70003583F58322F08E828F83A3AE82AF832256
:109F800074EE120C2974FC1212B4890E8A0C8B0D1B
:109F90008C0B7416121558E0F508A3E0F509E508D6
:109FA0005403F50A7418121558E0FEA3E0FFE50A01
:109FB0006072F8C3E50898F508E5099400F509759D
:109FC000100475110078101212247402121294AA4F
:109FD00008AB09A90B1217CF7402121201EE4F60E1
:109FE000337510017810121224A80A740212155841
:109FF00012A0F11217CF7402121201050CE50C70B9
:10A0000002050D050AEE24FF1EEF34FFFFE50AC32B
:10A01000940440C9AC21AD22AA08AB09A90B121CBB
:10A020007912A0E5EE5403F50A8E108F11740278B0
:10A03000101214B8AE10AF118039751004751100EC
:10A0400078101212247402121294AA0CAB0DA90EED
:10A050001217CF7402121201E50C2404F50CE4353A
:10A060000DF50DAC21AD22AA08AB09A90B121C7984
:10A0700012A0E5EEF8EFF9E824FF1EE934FFFFE84F
:10A080004970B7E50A605B7E007510048E11781088
:10A090001212247402121294AA08AB09A90B121707
:10A0A000CF7402121201802375100178101212244D
:10A0B000EEF8740212155812A0F11217CF740212A2
:10A0C0001201050CE50C7002050D0EAF0A74FF2F8E
:10A0D000F50A0470D3AC21AD22AA08AB09A90B1272
:10A0E0001C79029791E5082404F508E43509F5097F
:10A0F00022E58228FCE43583FDAA0CAB0DA90E22D3
:10A1000074EC120C2974F81212B4890C8A0E8B0F9D
:10A11000ECFEEDFFE929F508E433F5097422250882
:10A12000F51074143509F511851082F583E0F50AF0
:10A13000A3E0F50B750D00852182852283EAF0A34B
:10A14000EBF07402121558EEF0A3EFF0AC21AD2243
:10A15000AA0AAB0B121C797512087513007812123B
:10A1600012247402121294AA0AAB0BA90C1217CF74
:10A170007402121201740212155812A32C85218246
:10A18000852283E0650E7004A3E0650F600302A2E0
:10A19000C0EE687002EF69600302A2C0741E12155F
:10A1A00058E0700302A29B741C121558E0F50EA330
:10A1B000E0F50F850E82F583EEF8EFF9E85403F52C
:10A1C00008E58245837015E875F0FFA4F8AAF075DC
:10A1D000F0FFE9A42AF9E8FAE9FB801F7A007B0086
:10A1E0008009E0FCEA2CFAE43BFBA3E8FCE9FDEC87
:10A1F00024FF18ED34FFF9EC4D70E7E508601EF818
:10A200007404C398F895E0F9E875F0FFA4F8ACF091
:10A2100075F0FFE9A42CF9EA28FAEB39FB74041273
:10A220001558EAF0A3EBF0E50A2408F50AE4350B2B
:10A23000F50BE50E450F6017780E121224EEFCEFB9
:10A24000FDAA0AAB0BA90C121C857402121201EEB6
:10A25000FCEFFDAA0AAB0BA90C121C7374041215B7
:10A260005812A33B7002EB6D7034AA0AAB0BA90C19
:10A27000121C6D8A088B09A808A9097404121558C4
:10A28000E0687003A3E0697015852182852283123E
:10A29000A31DAA0AAB0BA90C121C9D750D0174021B
:10A2A00012155812A32CC3E894F4E994FF40067EDB
:10A2B000FC7FFF804FE8240350010912A323804450
:10A2C000C3E894F4E994FF40067EFC7FFF8009E830
:10A2D000240350010912A32385108285118312A340
:10A2E00032F8740899F9C3E89EE99F5004E8FEE942
:10A2F000FF742E2508F58274143509F583E02EF0DD
:10A30000A3E03FF0851082851183E02EF0A3E03FAB
:10A31000F0A90D74081212017F0C020F30E0FCA3AB
:10A32000E0FD2254FC2408FEE439FF22E0F8A3E01B
:10A33000F922E0F8A3E0F9E4C3982212A31DEA6C25
:10A3400022C082C0837900E925E0FCE433FD74DE9D
:10A350002CF58274823DF583E06A7003A3E06B60A4
:10A360000709E9C3940340DFD083D0820211CE7481
:10A37000F6120C29E9FE8A088B09ECFAEDFB121C97
:10A3800097E9F8C39403500E12A470EE12A484E56A
:10A3900008F0A3E509F07F02020F30C082C08312EB
:10A3A0001C3D80C474F4120C29EAFEEBFF8C088D6E
:10A3B00009121C97E9C394035006121B6BE9603C19
:10A3C000EEFAEFFB121C5BEA4B6010EEFCEFFD9027
:10A3D000152DE0F9121C9D79008023740C1215587C
:10A3E000120FFFAC08AD09EEFAEFFB7901121C6108
:10A3F0007402121201E9600479098002790A029D4F
:10A40000D474F6120C2974F81212B4EAFEEBFF129F
:10A410001C97E9F8C39403504212A470E090152DE4
:10A4200012A48412A47E7508087509007808121217
:10A43000247402121294EA24F8FAEB34FFFB90150C
:10A440002DE0F91217CF740212120174021215587E
:10A4500012A47E740812120102A396EEFAEFFB1208
:10A460001C5B8B09A909EA4970BC7A007B0080E378
:10A47000742E29F582E43415F5832239F583E0FA48
:10A48000A3E0FB22F0E812A48A2229F8E433F9744D
:10A490003128F582741539F5832274E2120C29747F
:10A4A000F71212B48A168B178C0C8D0D75110012D1
:10A4B0001B6BE960697427121558E0F512A3E0F5EB
:10A4C00013E5124513700302A77DAA16AB17121CE1
:10A4D0005B8A188B1990152DE0F510EA4519700567
:10A4E000790902A77F7508087509007808121224F7
:10A4F0007403121294EA24F8FAEB34FFFBA9101249
:10A5000017CF74021212017403121558E50C2512AC
:10A51000F8E50D3513F9C3E098A3E0995005790AE1
:10A5200002A77FE518250CFEE519350DFF8E148F67
:10A53000157429121558E0F51CA3E0F51D851C08BB
:10A54000F50985120A85130B750E00806B751A01CB
:10A55000751B00781A1212247402121294AA14ABFA
:10A5600015A9101217CF74021212018521828522BB
:10A5700083E0F8850882850983E0686026750E010E
:10A580007405121558C3E098F0A3E09400F0850814
:10A5900082850983E0F87405121558E028F0A3E0DD
:10A5A0003400F00514E5147002051585088285094C
:10A5B00083A385820885830912A7897090E50EA27E
:10A5C000E0400302A77D852182852283E4F0A82153
:10A5D000A9228808890978081212247405121558CE
:10A5E00012A31DAA16AB177900121C617402121275
:10A5F00001E9F50A700302A721740312155812A38A
:10A600002CC3E894FCE994FF40087508FC7509FF29
:10A61000800DE8240350010954FCF508E9F509A868
:10A620000AE828F8E433F9742228F50E741439F591
:10A630000F850E82F58312A7A47407121558E0F453
:10A640007003A3E0F4700B7C00AA18AB19A91012D8
:10A650001C67780C1212247814121224AC0AAA185F
:10A66000AB19A910121C8B7404121201E514250CED
:10A67000F514E515350DF515781C121224AC12AD44
:10A6800013AA14AB15A90A121C85740212120174C4
:10A6900003121558E0C3950CF8A3E0950DF9E8C333
:10A6A0009512F50CE99513F50D780C121224E514AA
:10A6B0002512F50CE5153513F50D780C121224ACA6
:10A6C0000AEE2512FAEF3513FBA910121C8B740445
:10A6D000121201850E82850F8312A7A4740312152E
:10A6E0005812A79A121C73740512155812A33B70C6
:10A6F00002EB6D702CAA14AB15A90A121C6D8A0806
:10A700008B09A808A9097405121558E0687003A3FD
:10A71000E069700D740112155812A79A121C9D80E1
:10A720000375110A852182852283E06034651070EB
:10A7300010740A6511700A90152CE0F9121C4F80F4
:10A740003C7A0190152CE0F9121C43852182852268
:10A7500083E0F9121C4F852182852283E090152C1D
:10A76000F0852182852283E065106011740A6511ED
:10A77000600B7C01AA18AB19A910121C67A91174EF
:10A78000091212017F16020F30A80AA90BE824FF54
:10A79000F50AE934FFF50BE8492212A31DAA14AB10
:10A7A00015A90A22E0C39508F514A3E09509F5154B
:10A7B0002274F0120C29EAFEEBFF8C0A8D0B121C9E
:10A7C00097E9F87410121558E0F50CA3E0F50D7434
:10A7D00012121558E0F508A3E0F509E8C3940350F8
:10A7E00024E8FE780C121224AC08AD09EE12A48AFB
:10A7F000E0250AFAA3E0350BFB742E2EF582E43433
:10A8000015F5838023EEFAEFFB121C5BEA4B700414
:10A81000790A8020780C121224AC08AD09EA250AC6
:10A82000FAEB350BFB90152DE0F91217CF740212DD
:10A8300012017900029D9074F2120C29EAFEEBFFDE
:10A840008C0A8D0B121C5B8A088B09EA450970047F
:10A850007909803DEEFAEFFB121CAF8A0C8B0DE5F7
:10A860000A650C7004E50B650D6004790C80227C90
:10A8700001AA08AB0990152DE0F9121C67EEFAEF5A
:10A88000FB121C5B8B09EA45096004790A80027996
:10A89000007F06020F3074F2120C2974F41212B405
:10A8A0008A088B09ECFEEDFF890C7C0C7D00790099
:10A8B000AA21AB22121B897409121558E4F08E826A
:10A8C0008F83A3A3A3A3A3A3A3A3E0C0E074081250
:10A8D0001558D0E0F08E828F8312AA3D12B669908F
:10A8E00019ECE024FFF50AA3E034FFF50B8508829C
:10A8F000850983E0850A82850B83F0750D1E780D2E
:10A900001212287808121224780A121224E50C2454
:10A9100001F508E43400F5097808121224742112B4
:10A920001558120FFF90165DE0F97CDF7D19740950
:10A9300012128C12315B7409121201740C02AA9962
:10A9400074F5120C2989099019EC12B7B7890874AB
:10A950000D12155812B9B480178882898312B05B22
:10A9600012AF79A882A9838E828F83A3AE82AF8330
:10A9700085080A74FF250AF5080470DD740F1215A6
:10A9800058E090165D600474408001E4F0740B128E
:10A990001558120FFFA9091221297402121201E998
:10A9A000F990165DE4F07F03020F3074F6120C2963
:10A9B000E9FE12AABCF0EEF508750900780812123B
:10A9C00024790202B0A274F4120C2974F71212B4A2
:10A9D000EAFEEBFF890A8C0B9019EC12AF66EEFCD5
:10A9E000EFFD7AC87B17121D21E9700A7408121551
:10A9F0005812AB37801274081215587402F0901573
:10AA00008812AA3DE8F0A3E9F0EEFCEFFDAA08AB3E
:10AA100009121D278A828B8312B4B9E4F508F5095F
:10AA20007808121224790A74021212947A0B7B1697
:10AA30001221297402121201740902B48712B9B8E2
:10AA40008521828522832274F6120C2974F7121252
:10AA5000B4E9FEECFF12B9B174081215587402F093
:10AA6000852182852283EAF0A3EBF0EA888289833C
:10AA7000F0EB12AA8FF0EF88828983A3A3A3F0756D
:10AA800008017509007808121224790402AAC5A3E6
:10AA9000F0EE88828983A3A3221212017F06020F9F
:10AAA0003074F6120C2912AABC12B45D7508047534
:10AAB00009007808121224790302B0A212B499ECAA
:10AAC00012B493ED2274021212947A0B7B161221A7
:10AAD00029740212120174091212017F02020F304E
:10AAE0001212017F07020F3074F6120C2974F7124C
:10AAF00012B4E9FE740812155812AB3212B451EABE
:10AB000012B48FEBF09019ECE02402FAA3E03400C9
:10AB1000FB121D2712B9BDC8240AF582E438F5835B
:10AB2000EEF07508137509007808121224790B02EB
:10AB3000AAC512AB37F022740FF0852182852283DB
:10AB400074FDF0A374FF2274EA120C29EAFEEBFFF5
:10AB50008C088D09890B12B47E8C828D83A3A3A3EC
:10AB6000A3A3A3A3A3E0640F700B8C828D8374FC5A
:10AB7000F0A374FFF0750A01741812155812B80981
:10AB8000741F6510700474806511700B750A028A59
:10AB9000828B83E412B7E38A0C8B0D8A828B83E964
:10ABA00012B7E3751200741612155812B9B4880E54
:10ABB000890F90160CE0F5147515007403781412C3
:10ABC00013D2E50E2514FCE50F3515FD121D279057
:10ABD000160CE004F07408250AF50AE0650B701203
:10ABE00074012512850C82850D83F090160CE4F01B
:10ABF000804B0512E512C3940A40B7850C82850D7F
:10AC000083740AF090160CE0C3950B5030741F65E6
:10AC100010451170051220638023741F65107004A5
:10AC200074806511701790830C120FFB7A007B40C3
:10AC30009015B1E0F9121CF174041212017810128F
:10AC40001224A90AAC08AD09EEFAEFFB122129740F
:10AC5000021212017F0E020F3074E8120C2974EAFE
:10AC60001212B4EAFEEBFF7508FE7509FF751000BD
:10AC7000751100EE240CF50AE43FF50B850A82F508
:10AC80008312B481EA4B70047C0880027C02EE24BB
:10AC900013F516E43FF517851682F58312B10E2CD5
:10ACA000F582E439F583E0F50FEE240BF514E43F6B
:10ACB000F515EA4B704D88108911AC10AD117AC8AA
:10ACC0007B17121D21E9600990158812AF6602AD4D
:10ACD0007DAA10AB11122447EA4B700302AD8F8A94
:10ACE000828B83A3A3A3A3E0F874016860087402B5
:10ACF00068600302AD8F8A828B8312AF66E50F70A6
:10AD000079807A88828983E0FAA3E0F8E4C8F9EAD6
:10AD100028F508E439F509901588E065087004A362
:10AD2000E0650970087510C87511178050AB0912DD
:10AD300024418A0C8B0DA80CA90DE849605188822A
:10AD40008983A3A3A3A3E064017044740912155876
:10AD5000E412B077F8A3E0F9741412155812B6692A
:10AD6000740912128C1223EDE9600B740C12155841
:10AD7000858210858311E50F6003750FFF74FE65F2
:10AD800008700474FF65096006E5104511700C85B4
:10AD90001482851583E0600302AF5C9019ECE0F546
:10ADA0000CA3E0F50D750E0B74FE6508700474FFBE
:10ADB00065096026E51045116020E50F6006740105
:10ADC000650F7005751200803875128085148285B4
:10ADD0001583E06401702A02AF5C75128112AF6EB8
:10ADE00070087508FF7509FF80177C087D0079FFE2
:10ADF000740112128C121B8974011212848810893A
:10AE000011850C82850D83E512F0A385820C858364
:10AE10000DAC10AD11AA0CAB0D121D278A0C8B0DB9
:10AE20008A828B83E508F0A3E509F07401650F6061
:10AE30000302AF25901588E065087004A3E065095A
:10AE4000600302AF25E512600302AF2585218285EC
:10AE50002283E4F0AA21AB22122459E50C2402F843
:10AE6000E4350DF9E8FCE9FDEA4B700302AF1C1272
:10AE7000AF6E700478098002780385168285178387
:10AE8000E028F508A3E03400850882F583E0F508A2
:10AE900025E0F8E433F9EA28F8EB39F985218285D1
:10AEA0002283E0F509E508C39509500DE0C3950834
:10AEB000F0C333240BF50E8002E4F0E08C828D8326
:10AEC000F0850C82850D83A3A3A3E508F0E50C248F
:10AED00004F50C5002050D050E050E80318882899F
:10AEE00083E0850C82850D8312AF79E0850C828525
:10AEF0000D83A3F0E50C2402F50C5002050DE824A7
:10AF000002F8500109852182852283E014F0852111
:10AF100082852283E070C6121C3780098C828D8363
:10AF2000E4F0750E0C90165D7410F0850A82850BA6
:10AF300083E0F508A3E04480F5097808121224A9FB
:10AF40000EEE2402FCE43FFDEE240FFAE43FFB1278
:10AF50002129740212120190165DE4F07416121287
:10AF6000017F10020F30E0F508A3E0F50922850A01
:10AF700082850B8312B112492212AF7D2212B11FBA
:10AF8000A32274F6120C299019ECE0FEA3E012B192
:10AF90002512155812B06E541F8E828F83A3A3A35F
:10AFA00012AF7912B056A3A3A312B0778E828F830B
:10AFB00012B07D12B05612B07DA312B05B12B088F1
:10AFC00012B05612B088A312B06112B09C12B061D8
:10AFD000A3F0E82408FCE439FD8C828D83E0F508B9
:10AFE000EE240BF582E43FF583E50812B321E0C0BF
:10AFF000E0EE240CF582E43FF583D0E012B09CA390
:10B00000A3A3E0C0E0EE240DF582E43FF583D0E099
:10B01000F0E8240BF582E439F583E0C0E0EE240E7D
:10B02000F582E43FF583D0E0F0E8240CF582E439C2
:10B03000F583E0C0E0EE240FF582E43FF583D0E035
:10B04000F07508027509807808121224791012B080
:10B05000FF50010B805412B05BA322E08E828F83DD
:10B060002212B05BA3A3A3A3A3A3A3A3A32212B9F9
:10B07000B888828983E02212AF7DA3E022A3A3A334
:10B08000A3A312AF7DA3A322A3A3A3A3A3A3A3124D
:10B09000B0932212B11FA3A3A3A3A32212B093A320
:10B0A000A322EAFCEBFD7A0B7B1612212974020223
:10B0B000AAD874F6120C2912B10BFEE912B12512AE
:10B0C000155812B06E8E828F83A312B118F508A3A3
:10B0D000E0F509540FF9740C78081214B8E508C4A7
:10B0E000498E828F83A3A3A3A3F0750803750980FB
:10B0F0007808121224790512B0FF50010B80ABEAD8
:10B100002402FCE43BFDEA240FFA229019EC12B170
:10B11000122212B9C0F9E822A3A312B11FE022F053
:10B120008882898322FF8E828F83E4F0ECA3F0ED86
:10B130008E828F83A3A3F0740A2274EC120C29125E
:10B14000B9AFEC2409F508E43D85080CF50DEC24B5
:10B1500006F508E43D85080EF50FEE7024EC4D6011
:10B1600020850C82850D83E0FF850E82850F83E0AC
:10B170002FC333240CF50AC3944F4008791002B250
:10B18000D9750A04EE88828983F0EA2413F508E46D
:10B190003BF509850882F583E0FFA3E0F5838F8204
:10B1A00012B4AFA312B316FFA3E0F5838F82A312EC
:10B1B000B310F0E82403F582E439F583E50AC3947B
:10B1C00005500302B2BC74FC250AF08C828D8312F8
:10B1D000B31012B31F85820885830912B4AF12B36E
:10B1E00028F0EC2403F508E43DF509850882F58391
:10B1F00012B31012B32812B31FA3A3A3A3E0540FDA
:10B2000088828983A3A3A3A3A3A3A3A3A3F0850EEA
:10B2100082850F8312B310A3A3A3A3A3A3A3A3F0B8
:10B22000E8240BF8500109850E82850F83E0603811
:10B230007F00EC2407F508E43D850810F51180191E
:10B24000EF25E0F508E433F50912B2FB12B46B12F6
:10B25000B2FB12B2EA5001090F850E82850F83E01E
:10B26000F508EFC3950840D8850C82850D8312B48C
:10B270006BA3A882A983850C82850D83E0603F7F44
:10B2800000EC240AFC50010D8C088D09850C828588
:10B290000D83E0FCEFC39C5025EF25E0FCE433FD7B
:10B2A000850882850983E012B2DE12B4AF12B316AC
:10B2B00012B2DE12B2EA5001090F80D0E4F0750834
:10B2C000047509807808121224A90A12B0FF5001EF
:10B2D0000B12212974021212017F0C020F302CF57F
:10B2E0000BA3E03D850B82F5832212B2EE22A3E090
:10B2F00088828983A3F0E82402F8228510828511D0
:10B3000083E02508F50BA3E03509850B82F5832240
:10B3100012B4B3A3A322F0850882850983E022A397
:10B32000A3F08C828D83A322A3A3A3A312B339120B
:10B33000B4B3A3A3A3A3A3A322A3F0850882850982
:10B3400083A32274F1120C2974FF1212B4E985212F
:10B3500082852283F08A0A8B0BECFEEDFF9019ECBC
:10B3600012B4647508047406650A70047480650B71
:10B3700070057509108003750900741012155812B4
:10B38000B479741112155812B4707413121558E070
:10B39000F98A828B83A3A3A3F0602C740429F50897
:10B3A0007414121558E0F50CA3E0F50D750E007835
:10B3B0000C121220E9FC7D00EA2404FA50010B1261
:10B3C0001B7D7403121201E50990165DF0780A12D4
:10B3D0001224A908EEFCEFFD740212128C1221292E
:10B3E0007402121201E9F990165DE4F00402AAE079
:10B3F0007F0B020F3074F7120C2974FF1212B4E99C
:10B40000852182852283F012B451ECF0740A121562
:10B410005812B9B49019ECE0FCA3E0F5838C82A338
:10B42000E812B45D12B451A3A3A3E4F0740C121596
:10B4300058120FFF7904EAFCEBFD740212128C1211
:10B440002129740212120174011212017F01020FEC
:10B45000309019ECE0F8A3E0F58388822212B493CF
:10B46000A3E9F02212B112FAE9FB2212B4B3F022DE
:10B4700012B7FFA312B811F02212B7B1F02290193F
:10B48000ECE0FAA3E0FB221212017F04020F30125B
:10B49000B49322F012B499A3229019ECE0F8A3E03F
:10B4A000F58388822274011212017F0D020F30127F
:10B4B000B4B322E08882898322E50AF0A3E50BF089
:10B4C0002274EB120C2974FF1212B4E985218285D3
:10B4D0002283F08A128B138D14741812155812B728
:10B4E000B7EC602612B451ECF0750831750980781C
:10B4F000081212247901AC12AD13740212128C12CC
:10B500002129740212120102B62F7417121558E085
:10B51000F50E75F016A42404F50B12B65B121C315F
:10B520008A088B09EA45097005791002B62F8A82CC
:10B530008B83A385820C85830D850C10850D11E40A
:10B54000F0A3E514F0741612155812B643E50EF088
:10B55000E5102404F51050020511750F0002B5F135
:10B56000EE2402FCE43FFDAA10AB11121D27EE24CD
:10B570000AFCE43FFDE5102408FAE43511FB121D36
:10B5800027EE241212B7A512B7D7F0EA2402F8E486
:10B590003BF912B79B12B46BEE2415F582E43FF52C
:10B5A00083E0333354FCFC88828983E04CF0EE2442
:10B5B00016F582E43FF583E0C454F0FC8882898369
:10B5C000E04CF0EE241712B632F0EE2418F582E4C7
:10B5D0003FF58312B663EE241912B632A3A3F0EA44
:10B5E0002406F510E43BF511EE241AFE50010F0578
:10B5F0000FE50FC3950E500302B5609019ECE50CF2
:10B60000F0A3E50DF0750C31750D80780C12122445
:10B61000A90BAC12AD13740212128C122129740200
:10B62000121201E9FEAA08AB09121C3712B66F020A
:10B63000B4A5F582E43FF58312B63C2212B7B1A35C
:10B64000A3A32212B651F0851082851183A3A3A370
:10B6500022E0851082851183A3A3222401FAE43419
:10B6600000FB2212B63CA3F022E8F0A3E9F02290FE
:10B6700019EC740EF0A37416F0EEF92274EA120CB1
:10B680002974FF1212B4E9852182852283F08A127F
:10B690008B138C0E8D087418121558E0F50975F08F
:10B6A00015A4240412B65B121C318A0A8B0BEA45DE
:10B6B0000B7005791002B7968A828B83A385820C62
:10B6C00085830DAA0CAB0DE50EF0A3E508F0741709
:10B6D00012155812B7BDE50912B7D150010B750FFD
:10B6E00004751000741912155812B7B78016740E2D
:10B6F000250FF50F12B7EAFA50010BEE2415FE5094
:10B70000010F0510E510C395095057EEFCEFFD122F
:10B710001D278E828F83A3A3A3A3A3A3A3A312B4E5
:10B7200079EE240912B7A5A312B7D7A3F0EE24131C
:10B73000F8E43FF98882898312B7CE50010BEE24DA
:10B740000BFCE43FFD88828983E0640370A07415DC
:10B75000250FF50F121D2712B79B12B7AD12B7E3D5
:10B7600080999019ECE50CF0A3E50DF0750C33759C
:10B770000D80780C121224A90FAC12AD13740212B2
:10B78000128C1221297402121201E9FEAA0AAB0BD3
:10B79000121C3712B66F740102AC51EE2414F582FC
:10B7A000E43FF58322F8E43FF98882898312B7B138
:10B7B00022E08A828B8322E0FEA3E0FF2212B7DE22
:10B7C000A312B7C522F08A828B83A3A3A32212B649
:10B7D0003CF0EA2404FA2212AF7D12B7DE2212B73F
:10B7E000B1A322F0A3AA82AB83228C828D8312B7ED
:10B7F000B1F08C828D83A312B7DEF0EA240222120C
:10B80000B9C0F9E88A828B8322E0F510A3E0F51134
:10B8100022F0E98A828B83A3A32274F2120C298975
:10B820000A8A088B0990165E12B7B7EEF8EF8028E7
:10B8300088828983A3A3E0650A701288828983A322
:10B84000A3A3E065087004A3E065096051E8FEE980
:10B85000FF8882898312B9C0F9E84970D37A057BE1
:10B8600000121C318A0C8B0DA80CA90DE84960321E
:10B8700088828983A3A3E50A12B082E508F0A3E5D4
:10B880000912B11FE4F0A3F090165E12B481EA4BE6
:10B8900060068E828F83800390165E12B6697900EF
:10B8A0008002791002AA9C74ED120C298A088B0977
:10B8B000750E0090165E12B9C5EA2410F50CE43539
:10B8C00009F50D02B9A1E508240CF582E43509F566
:10B8D0008312B9B4850A82850B83A3A3A312B48112
:10B8E000E86A7002E96B601B74FF6A700374FF6B97
:10B8F000600302B998E954807009741368496003C1
:10B9000002B998850C82850D83E02417FAE434008F
:10B91000FB121B9B8A108B11AE10AF11EE4F60789B
:10B9200085081085091175120078101212207C17F5
:10B930007D00121B7D7403121201850C82850D831C
:10B94000E0603AEE2417FAE43FFBEE2413F582E4BC
:10B950003FF583EAF0A3EBF0E5082413F582E43524
:10B9600009F58312B8097810121220850C82850D12
:10B9700083E0FC7D00121B7D74031212018E828F06
:10B980008374D3F0EEFAEFFB850A82850B83A3A3C1
:10B99000E0F9121BA7750E01850A82850B8312B987
:10B9A000C5E50A450B600302B8C6A90E02B3F0E96B
:10B9B000FE9019EC12B9B82212B9C0F9229019EC14
:10B9C000E0F8A3E022E0F50AA3E0F50B2274F612FA
:10B9D0000C2974E91212B47E00740A12155874020C
:10B9E00012BB07A3A312B9B4740212155812B66998
:10B9F000EA2415F582E43BF583E0C0E0740B1215F0
:10BA000058D0E012BB0712B9B4740C12155812B614
:10BA100069EA2419F582E43BF583E0C0E0740E1274
:10BA20001558D0E0F0EA2420F582E43BF583E014D9
:10BA3000C0E07410121558D0E0F0EA2422F8E43B7C
:10BA4000F988828983E02401FCA3E03400FD7413AB
:10BA5000121558ECF0A3ED12B11A12B455E0C0E083
:10BA6000740F121558D0E0F0EA2412F582E43BF589
:10BA70008312B9B4741112155812B669EA2424F568
:10BA800082E43BF58312B9B4741512155812B669E5
:10BA9000AA21AB2212218FE9FC80010EEEF5087578
:10BAA0000900740278081213D274132508F8743749
:10BAB0003509F988828983E493C0E0740193F583A2
:10BAC000D082AA82AB8374FF6A700374FF6B602814
:10BAD000740C121558E06A7003A3E06B70BDAA21C4
:10BAE000AB2288828983A3A3E493C0E0740193F519
:10BAF00083D082123199800AEC7007AA21AB2212FE
:10BB0000201B741702AAD812B7C5A32274F6120C10
:10BB10002974FF1212B48A088B097E05852182855B
:10BB20002283E4F01216F1E9F97048780812122421
:10BB30007C017D00740212128C79D0121685740279
:10BB4000121201E97032852182852283E0646070DF
:10BB5000278508828509837460F0AA08AB0912164C
:10BB6000A3E9F97009AA08AB091216DFE9F9EE702A
:10BB70000279FE740102C4B19083BC12154112BB5C
:10BB80008A1231991EEE60E980A1850882850983B9
:10BB9000A3A3A3A3A3A3A3E0F8A3E0F58388822231
:10BBA00074F3120C29890CEAFEEBFF8C0A8D0B74DE
:10BBB0000D121558E0F508A3E0F509AA08FB1216C6
:10BBC000F1E9F9703E850882850983A3A3E0640149
:10BBD0006006E50CD2E7F50C780A121224EEFCEFB1
:10BBE000FDAA0C850882850983A3E0F98508828572
:10BBF000098312BB941231997402121201E9F9609F
:10BC00000279FC7F05020F3074F3120C2974EC12D8
:10BC100012B4EAFEEBFF8C088D09890CE9C3940B82
:10BC20004003750C0A7421121558E0F50AA3E0F5DB
:10BC30000BAA0AFB1216F1E9600302BD19EE4F7060
:10BC40000302BD19E5084509700302BD19E50C7032
:10BC50000302BD15850882850983E085218285223E
:10BC600083F0850A82850B83A3A3E06401601378C7
:10BC7000008009E8FA12BD23C2E7F008E8C3950C7A
:10BC800040F1E50CC3940240537C01ECFA25E0F846
:10BC9000E433F9852182852283E58228F8E583391A
:10BCA000F912BD23C0E0E824FFF582E934FFF583F3
:10BCB000D0E0F0E5082AF582E43509F58312CBE2FD
:10BCC000F00CECC3950C40C3A80CE828F8E433F959
:10BCD000E824FFF508E934FFF5098007E50CF508CD
:10BCE000750900780812122474021212948E828F41
:10BCF00083E0FA850A82850B83A3E0F9850A8285B1
:10BD00000B8312BB921231997402121201E9F9608D
:10BD10000A79FC800679FD800279FF741412120101
:10BD200002BC03EE2AF582E43FF583E02274F412AC
:10BD30000C2974FF1212B48909EAFEEBFF1216F106
:10BD4000E9F5087066EEFCEFFDAA21AB2212169D04
:10BD5000E9F5087013852182852283E0600EEEFAF2
:10BD6000EFFB1216CDE9F508E508703FEE242EF53D
:10BD70000AE43FF50BAA0979071216EBE96012EE07
:10BD8000FCEFFDAA0AAB0BA9091216BBE9F5087076
:10BD90001AAA0979181216EBE96010EEFCEFFDAA59
:10BDA0000AAB0BA9091216C1E9F508A9087401121A
:10BDB00012017F04020F3074F6120C2974FD121266
:10BDC000B4E9FE8A088B091216F1E9F97071AC0822
:10BDD000AD09740112128C12169DE9F970117401EB
:10BDE000121558E0600CAA08AB091216CDE9F9E962
:10BDF000704D740212155874F4F078081212247CF5
:10BE0000017D00740212128C79F4121685740212EC
:10BE10001201E9702974035EF8852182852283E08E
:10BE200054FC48F07808121224790174021212941A
:10BE3000740412128C12168B7402121201E9F902A8
:10BE4000C4AF74F6120C29EAFEEBFF8C088D09AA28
:10BE500008AB091216F1E9F9702178081212247C56
:10BE6000017D00EEFAEFFB79F412168574021212CE
:10BE700001E9F98E828F83E05403F002C4B474F6B2
:10BE8000120C2974FD1212B48A088B09740212155F
:10BE90005874E0F0852182852283E4F07E05041247
:10BEA000155874B6F01216F1E9F970687808121294
:10BEB0002479017403121294740412128C12168BDA
:10BEC0007402121201E9F9704B90837C1215411231
:10BED000BB8A12319978081212247C017D00740209
:10BEE00012128C79F31216857402121201E9F9709C
:10BEF00016EEF874FF28FE04600D852182852283EA
:10BF0000E0A2E040C4800D852182852283E0A2E08A
:10BF1000500279FA02C4AF74F5120C2974EC1212B3
:10BF2000B4890AEAFEEBFF8C088D099082A9AC2146
:10BF3000AD22740812114A90828A74081212947405
:10BF40000C12114AAA08AB091216F1E97052EE4F11
:10BF5000604E78081212247C087D00740212128C44
:10BF600079F71216857402121201E9F97034740817
:10BF7000121294AA21AB221216AFE5082409F50883
:10BF8000500205097808121224EEFCEFFD740A1223
:10BF9000128CA90A1216B57402121201E9F9800274
:10BFA00079FF74141212017F03020F3074F0120C27
:10BFB000298A828B8312C076F50B740C78081211D3
:10BFC0008AA312C9CB7404780C12118A7808790CF0
:10BFD0001214448A828B8312C0631214448C828DA3
:10BFE0008378081214C78A828B8312C073740C780A
:10BFF0000812118A8A828B83A3A3A3A3E0F50C7491
:10C0000004780C12118A7808790C1214448A828BF5
:10C0100083A3A3A312C0631214448C828D83A3A3B1
:10C02000A3A378081214C78A828B83A3A3A312C088
:10C03000737408780812118A8A828B83A3A3A3A33E
:10C04000A3A3A3E0F50C7808790C1214448C828D1C
:10C0500083A3A3A3A3A3A3A3A378081214C77F0851
:10C06000020F30A3A3E0C4540FF50CE4F50D7808DB
:10C07000790C22A3A3A3E0F508E4F509F50A2274DC
:10C08000E0120C29890B8A1C8B1D8C088D09750AFE
:10C0900000EA451D700302C24EEC4509700302C25E
:10C0A0004E7420121558E0FEA3E0FFEE4F7003021D
:10C0B000C24EEC2404FCE43509FD8C828D8312C24F
:10C0C0005885088285098312C259E5082408F51E9F
:10C0D000E43509F51F851E82F58312C25874075591
:10C0E0000B700302C2148A828B83A3A3A3A37810CC
:10C0F0001214E58E828F83E0F514A3E0F515851008
:10C100000C85110D85120E85130F7404780C121214
:10C110006B851418851519F51AF51B780C7918120A
:10C1200013707403781012126BF516F51704781457
:10C1300012118A781079141213708E828F8312C7AD
:10C14000B478107914120AC290837878141214E526
:10C1500078107914120D76850C14850D15850E1640
:10C16000850F17780C7914120AC290837478141210
:10C1700014E5780C7914120D768E828F8312C7B273
:10C18000780C7914120AC290837078141214E5782E
:10C190000C7914120D767810790C1213BF85100CDF
:10C1A00085110D85120E85130FEE2421F582E43FD3
:10C1B000F583780C1214C790836C78101214E5780C
:10C1C0000C7910120AC2908368780C1213AC908319
:10C1D0006478101214E5780C7910120D7690836053
:10C1E000780C121102400E750C60750DF0750EFF83
:10C1F000750FFF801690835C780C121102500C753D
:10C200000C34750D21750E00750F008C828D8378AE
:10C210000C1214C7E50BA2E05018EEFCEFFD12164D
:10C22000D3EAF8EBF9ECFAEDFB8508828509831275
:10C230001529E50BA2E25019EEFCEFFDAA1CAB1D7F
:10C240001216D9851E82851F831215358003750A43
:10C25000FFA90A7F18020F30E4F0A3F0A3F0A3F0C7
:10C260002274F4120C2974FD1212B4E9FE8A088BB0
:10C27000098C0A8D0B7F01A2E25073EF12155874DE
:10C28000F2F08A828B83A3A3E05407C0E074021209
:10C290001558D0E0F0780A121224790174041212B1
:10C2A00094740312128C12168B7402121201E9702C
:10C2B0003CEF12155874F4F0780A1212247C017DB8
:10C2C00000740212128C79F4121685740212120193
:10C2D000E9701A780A121224790174021212947405
:10C2E0000312128C12168B7402121201E9FF7403EE
:10C2F0005E605D740112155874F4F0780A1212240D
:10C300007C017D00740212128C79F412168574027D
:10C31000121201E9F87037EEA2E050098508828513
:10C32000098312C3E2EEA2E15009850882850983E0
:10C3300012C3CF780A121224790174021212947473
:10C340000312128C12168B7402121201E9F8E8FF24
:10C35000EFF9740302BDAF74F5120C2974FE1212CA
:10C36000B4890AEAFEEBFF8C088D09740112155896
:10C3700074F5F078081212247C017D007402121208
:10C380008C79F51216857402121201E9F9703BE5F9
:10C390000AA2E3500A8E828F83A3A3A312C3E2E50D
:10C3A0000AA2E4500A8E828F83A3A3A312C3CF787C
:10C3B0000812122479017402121294740312128C5E
:10C3C00012168B7402121201E9F9740202BFA4A3BF
:10C3D000E0C43354E0F8852182852283E0541F486D
:10C3E000F022E0333354FC541CF8852182852283EB
:10C3F000E054E348F02274F7120C298A828B83E020
:10C4000012C437A3A3F0EA2402F812C42712C43ED0
:10C41000F0EA24030812C427A3A3A312C43EA3A3D3
:10C42000A3F07F01020F30E43BF988828983E01397
:10C4300013543F12C4372254078C828D8322F08814
:10C44000828983E0C41312C437A32274F6120C2924
:10C4500074F71212B48A088B0978081212247C042B
:10C460007D00740712128C79F21216857402121272
:10C4700001E9F97036AC21AD22740512128C121646
:10C48000C7AA08AB091216A3E9F9701FAC08AD09D9
:10C49000AA21AB22791F1216BBE9700EAC08AD09B8
:10C4A000AA21AB22791F1216C1E9F974098002741E
:10C4B000031212017F02020F3074E4120C2912C918
:10C4C000C178101214E590837C78081214E5781076
:10C4D0007908120D7690835878101213AC851014D9
:10C4E000851115851216851317908340780812144C
:10C4F000E578147908120D768510088511098512E2
:10C500000A85130B908340780C1214E57808790C97
:10C51000120D7678147908120AC285140C85150D4F
:10C5200085160E85170F90837878081214E5780C1D
:10C530007908120D76EC241012C7A4120AC28510D5
:10C540000885110985120A85130BEC240E12C9B94E
:10C55000F518A3E0F5193395E0F51AF51B7808797D
:10C5600018120AC27401780812118A780C7908121C
:10C5700013BF90834078081214E5780C7908120DE7
:10C5800076EC240C12C9D67410780812118A780C33
:10C5900079081213BF8C828D83A3A3A3A3A3A3A3A3
:10C5A000A3A3A312C9DC90833C78181214E5781475
:10C5B0007918120D7678087914120AC290833478AB
:10C5C000141214E578087914120D768C828D83A3E9
:10C5D000A3A3A312C7B278147910120AC290837C65
:10C5E00078101214E578147910120D767808791401
:10C5F0001213BF90832078101214E5780879101276
:10C600000D769083DC78081213AC8C828D83A3A303
:10C61000A3A3A3A3E0F510A3E0F511E4F512F5132D
:10C6200078087910120AC29083DC78101214E57829
:10C63000087910120D76850810850911850A128572
:10C640000B13E510451145124513700302C78B7596
:10C6500014007515007516107517008A828B837883
:10C660001412129C90837478081214E5780C7908DF
:10C67000120D767814790C121370908318780812C2
:10C6800014E578147908120AC29082E47814121121
:10C69000A940107401781412118A78147910120BC1
:10C6A000BA800E78147910120BBA74017814121132
:10C6B0008A85141085151185161285171374037851
:10C6C0001012126BEC241612C9B9F508A3E0850804
:10C6D0000CF50D3395E0F50EF50F85100885110961
:10C6E00085120A85130B78087910120AC2740D7826
:10C6F0000812126B780C7908120AC29083747808B9
:10C700001214E5780C7908120D7685140885150940
:10C7100085160A85170B7402780812126BEC241424
:10C7200012C9B9F510A3E0F5113395E0F512F51330
:10C7300078087910120AC290833C78101214E578B8
:10C74000087910120D76780C79081213BFEC2412B8
:10C7500012C7A41213BF9083D078081214E5780C86
:10C760007908120D767814790C1213BF9082E8784C
:10C77000141211A950159082EC78141211A95017B7
:10C780007514B07515AD75160180097514307515E1
:10C7900075751600751700AA14AB15AC16AD177F8A
:10C7A00014020F30F582E43DF58312C9E0780C796C
:10C7B0000822A3A3A3A3E0F514A3E0F5153395E0A5
:10C7C000F516F5172274E8120C2912C9C1780C125B
:10C7D00014E59082F0780C1213AC8A828B83A3A3A9
:10C7E000A3A3A3A3A3A378101214E5740E781012C8
:10C7F000118AEC241C12C9D67414780812118A7894
:10C80000107908121370EC241E12C9D67808790C1E
:10C81000120AC2781079081213709083707810127F
:10C8200013AC9083DC78081214E578107908120DA7
:10C8300076850C08850D09850E0A850F0BEC2420E2
:10C8400012C9B9F5143395E0F515F516F517780802
:10C850007914120AC29082F478141214E5780879D7
:10C8600014120D76EC241B12C9B9F514E4F515F574
:10C8700016F517780C7914120AC29083787814127E
:10C8800014E5780C7914120D769083DC780C121371
:10C89000AC7808790C120AC29082F4780C1214E574
:10C8A0007808790C120D769082F878081213ACECA7
:10C8B000241912C9B9F50CA3E0F50D3395E0F50E76
:10C8C000F50F7808790C120AC290833C780812138D
:10C8D000AC908370780C1214E57808790C120D7600
:10C8E00078107908120AC285100C85110D85120E78
:10C8F00085130F9083DC78081214E5780C79081200
:10C900000D76850C08850D09850E0A850F0B7808B4
:10C91000790C120AC2908368780C1214E5780879B1
:10C920000C120D76EC2418F582E43DF58312C9CB88
:10C930007808790C120AC29083D0780C1214E5782A
:10C9400008790C120D76781079081213709083D83C
:10C950007810121102404A7510007511007512000E
:10C9600075130090837478081214E5781079081212
:10C970000D7685100885110985120A85130B9082A2
:10C98000FC78081211A9500C750800750990750AF9
:10C9900001750B00AA08AB09AC0AAD0B7F10020FA2
:10C9A00030908300781012110250B8751000751184
:10C9B0009075120175130080B9F582E43DF583E0AE
:10C9C00022EC2421F582E43DF58322E0F50CE4F528
:10C9D0000DF50EF50F22F582E43DF58312C9E02234
:10C9E000E0F508A3E0F5093395E0F50AF50B2274AC
:10C9F000F6120C2974E61212B48A088B099081C4CD
:10CA0000AC21AD22741A12114A78081212247C1A31
:10CA10007D00740212128C7988121685740212122B
:10CA200001E9F9600302CAC8AC08AD09AA21AB222A
:10CA30001216E578081212247C077D007402121287
:10CA40008C79E11216857402121201E9F97079E508
:10CA5000082409FAE43509FB7401121558E0FD8534
:10CA60002182852283E0FCEA12CBB9ECF0A3EDF041
:10CA70007402121558E0C0E0EA241BF582E43BF58D
:10CA800083D0E0F07404121558E0FE7403121558B8
:10CA900012CAE31213D2EE12CADA241C12CACD74DF
:10CAA0000512155812CAE31213D2EEC412CADA24C0
:10CAB0001E12CACD7406121558E0C0E0EA2420F513
:10CAC00082E43BF583D0E0F0741A02C4B1F582E44D
:10CAD0003BF583ECF0A3E509F022540FFCE5084C8C
:10CAE000FCEA22E0F5083395E0F5097404780822A1
:10CAF00074F7120C29EC2409F8E43DF98A828B833F
:10CB000012CBD612CBE212CC0512CBD712CBE0A3BC
:10CB1000A312CC05A312CBD612CBDE12CC1512CBAE
:10CB2000D7A3A312CBDEA3A312CC15A3A312CBF6DB
:10CB300012CBE812CC28240BF582E43BF58312CB10
:10CB4000F6A3A312CBE8A3A312CC28240D12CBCCBE
:10CB5000240C12CBC2240C12CC21240F12CBCC24D7
:10CB60000E12CBC2240E12CC21241112CBCC2410D5
:10CB700012CBC2241012CC21241312CBCC241212BB
:10CB8000CBC2241212CC21241512CBCC241412CBEC
:10CB9000C2241412CC21241712CBCC241612CBC2DF
:10CBA000241612CC2112CBB9E0C0E0E82418F5829B
:10CBB000E439F583D0E002C4212419F582E43BF581
:10CBC0008322F582E43BF583E0FCE822F582E43B36
:10CBD000F583E0FDEA22A3E0FD8A828B8322A3A3F2
:10CBE000A3A3E08882898322E088828983A3A3A308
:10CBF000A3A3A3A3A322E0FD8A828B83A3A3A3A361
:10CC0000A3A3A3A32212CC0922F0A3EDF08A828B66
:10CC100083A3A3A322A3A3A3A312CC09A3A3A3A387
:10CC200022F582E439F583ECF0A3EDF0EA22E9790C
:10CC3000005A600279010211CEC082C083EA4B60C3
:10CC40001D8A828B8312CC6D60148A828B8312CCF6
:10CC50006B600B8A828B83A3A312CC6B700479FF69
:10CC600080027900D083D0820211CEA3A3A3A3A314
:10CC7000E0F8A3E0F9E8492274F0120C2974FD12DF
:10CC800012B47402121558E9F08A088B098C0A8DC7
:10CC90000B7415121558E0FEA3E0FF852182852252
:10CCA00083E4F0A3F0EE2403FAE43FFB8E828F834B
:10CCB000A3AC82AD83901A97780C1214E5780879AA
:10CCC0000C12105970188E828F837469F08C828DCB
:10CCD00083746EF08E828F83A3A37466801F78089E
:10CCE0007908121059601A8E828F83746EF08C82CC
:10CCF0008D837461F08E828F83A3A3746EF002D152
:10CD00000B901A56780C1214E57808790C120E491B
:10CD1000500302CDB49083D8780C1214E5780879CA
:10CD20000C121059600302CE087417121558E070E7
:10CD30000302CE4A852182852283C082C083741378
:10CD400012155812DB37D083D08212D146502E856F
:10CD50002182852283C3E094FCA3E094FFA2D265E4
:10CD6000D03340197402121558E412DC1912DB3763
:10CD70007413121558C3E098F0A3E099F0741312DD
:10CD8000155812D17D7418121558E0700302CE4761
:10CD90007417121558E402CE49901A9B780C12149D
:10CDA000E57808790C1204A1852182852283E0248C
:10CDB0000A12DC33901A9F780C1214E57808790C6B
:10CDC000120E4940D490839C780C1214E5780879AF
:10CDD0000C120E49400302CD2990839C780C12144A
:10CDE000E57808790C1204A112DC2A80D8901A9BED
:10CDF000780C1214E57808790C1206878521828553
:10CE00002283E024F612D180901AA3780C1214E544
:10CE10007808790C120E9840D4901A56780C121497
:10CE2000E57808790C120E98400302CD2990839C76
:10CE3000780C1214E57808790C1206878521828512
:10CE4000228312D17D80D27401F07402121558E051
:10CE500060047A00807F12D152507E8E828F83745C
:10CE600030F0ECFEEDFF7413121558E0FCA3E0FD6A
:10CE7000EC4D70087418121558E0600B8E828F8389
:10CE8000742EF0A30EAF837A007B0080118E828F08
:10CE900083743012D176741312155812D17DEA249E
:10CEA000FF1AEB34FFFB85218285228312D13A5091
:10CEB0000B741312155812DB5D4970D185218285E0
:10CEC000228374FFC39CF874FF9DF912D14650036E
:10CED00002D01D7A017B00807112D12BFAE499FBFC
:10CEE000806885080C85090D850A0E850B0F780C66
:10CEF0001208FFAC0CE50D3395E0F50EF50F780C3C
:10CF0000120B427808790C12026290839C780C1202
:10CF100014E57808790C120687EC12D170EAF8EB68
:10CF2000F9E824010AE439FBE849701E741312156C
:10CF30005812DB5D4970087418121558E0600B8EAA
:10CF4000828F83742EF0A30EAF83741312155812C0
:10CF5000D13A508E901AA7780C1214E57808790C03
:10CF6000120E49400302D01D7C01EE24FFF8EF347D
:10CF7000FFF97415121558E0F508A3E0F509888249
:10CF80008983E0642E6010E02CF0643A70077430FE
:10CF9000F07C0180027C00E8FAE9FBEA24FF18EB50
:10CFA00034FFF9C3E5089AE5099B40D2ECA2E050B2
:10CFB0006C7402121558E0603BEEF8EF800DEC88BF
:10CFC000828983F0E824FF18E934FFF9C3E5089863
:10CFD000E50999501A12D115E0FC742E6C70DFE847
:10CFE00024FEF582E934FFF58312D122F980D512AF
:10CFF000DC2A801E8E828F83A3AE82AF83EEF8EF91
:10D00000800612D11512D122F9C3E50898E50999D5
:10D0100040F0741512155812DB6C7431F07417124D
:10D020001558E07005801C1EAF83EE24FFF582EFDB
:10D0300034FFF583E0F874306860EC742E68700398
:10D040001EAF837402121558E0700302D1078E825E
:10D050008F83F0EE2402E43FF9A3AA82AB8312D1BE
:10D06000528A828B835012742DF00E0EE9FF12D17A
:10D070002BF8E49912D1638007742BF00E0EE9FFB0
:10D080007C007D00EE240AFE50010F0CEC70010DB7
:10D0900012D1321209C7EA12D17012D1321209C765
:10D0A00012D164852182852283E04970DEC3EC942D
:10D0B00002ED12DB0C40D4ECFAEDFBC3E49CF8E487
:10D0C0009DF9EE28F582EF39F583E0C0E0C3E49ADC
:10D0D000F8E49BF9EE28F8EF39F9E82CF8E93DF986
:10D0E000E824F5F582E934FFF583D0E0F0EC24FF85
:10D0F0001CED34FFFDC3EC9401ED12DB0C50BCEED3
:10D1000024F6FEEF34FFFFEEFAEFFB740312120178
:10D110007F08020F30E824FFFAE934FFFB8A828B94
:10D120008322E088828983F018EB2212DBC5C3E4F6
:10D13000982212DBC57A0A7B0022C3E09AA3E09B07
:10D14000A2D265D03322C3E098A3E099A2D265D0E1
:10D150003322852182852283C3A3E012DB1022A320
:10D16000E03400F9852182852283E8F0A3E9F022EA
:10D1700024308E828F83F0A3AE82AF8322E024FF1F
:10D18000F0A3E034FFF02274F0120C2974B21212F2
:10D19000B485218285228312DBD97413121558ECD1
:10D1A000F0A3EDF0740B121558E4F0A38020745E28
:10D1B00012155812DB4D741312155812DB6C123114
:10D1C00099740B121558E02401F0A3E03400F0121A
:10D1D000DB9AF9852182852283E02401FAA3E034D9
:10D1E00000FB85218285228312DBD97425696010BA
:10D1F000E970BB740B12155812DB4D744E02D10D41
:10D2000012DB9A64257019852182852283E024012E
:10D210000812D15F745E12155812DB4D7925809685
:10D22000740A121558E4F07409121558E4F07408E1
:10D23000121558E4F07405121558E4F0741C12121B
:10D2400084740212155812D16A741A121558746235
:10D25000F0A3741A80197405121558E0700774054C
:10D26000121558EAF0852182852283E8F0A3E9129D
:10D27000DC3A12DB95FA24E060DC24FD601724F828
:10D2800060DC24FE600624FD600F80117408121516
:10D2900058E00480CF740980F5740A80F1852182FA
:10D2A00085228312DB95642A705C74601215581213
:10D2B000DB95FAA3E0FB8A828B83E0FCA3E0FD749C
:10D2C00006121558ECF0A3EDF0EA2402FA50010B17
:10D2D000746012155812DBD1740612155812D15809
:10D2E000501F740612155812DB4DC3E49AFAE49BE2
:10D2F000FB740612155812DBD97408121558E00495
:10D30000F012D16480427406121558E4F0A3802C08
:10D31000740612155812DB5D75F00AA4F8ABF075AF
:10D32000F00AE9A42BF9E82AF8E439F9E824D0F85E
:10D33000E934FFF9740612155812DC5512DC12FAA2
:10D3400074D02AC3940A40C87408121558E06007C4
:10D35000740A121558E4F012DB9A642E707B852152
:10D3600082852283E024010812DB62E8F0A3E9123F
:10D37000DC12642A7027746012155812DBA4F98835
:10D38000828983E0FEA3E0FFE82402F850010974DB
:10D390006012155812DB8412DC55F080407E007F4D
:10D3A0000012DB9AF874D028C3940A5030EE75F05E
:10D3B0000AA4FEA9F075F00AEFA429FFEE28F8E40C
:10D3C0003FF9E824D0FEE934FFFF852182852283DE
:10D3D000E02401F812D15F80C87EFF7FFF7A0085CC
:10D3E0002182852283E02401F812DB62E0FBA3E0C6
:10D3F000F5838B82E024B4600824E4600624FC708A
:10D40000057A0112D16412DB9AC0E0740412155837
:10D41000D0E012DC3A12D16A7404121558E070039D
:10D4200002D9AC24BB700302D88124FE700302D859
:10D430006624EF700302D5EB24F5700302D4E914DF
:10D44000700302D68814700302D88114700302D8C6
:10D450007F14700302D86624FE700302D68824FB72
:10D46000602414700302D5CF14700302D5EB24FDA1
:10D47000700302D52924FE700302D5EB24FD70034E
:10D4800002D5DF02D9B8746012155812DBB9E8FC76
:10D49000E9FDE5082402F50850020509EAA2E07456
:10D4A0000B502F12155812DB373395E0FA8C828D12
:10D4B00083E8FCE9FDEAFEECF0A3EDF0A3EEF0A3B7
:10D4C000F0746012155812DB6CE508F0A3E5090250
:10D4D000D1CE12155812DB378C828D8312D16A742B
:10D4E0006012155812DB8480E0746012155812DB4C
:10D4F000A4F5838882E0C0E0741C121558D0E0F0D7
:10D50000746012155812DBA02402F8A3E03400F96D
:10D51000746012155812DB8412D16A741D121558EA
:10D52000A882A983740D02D5C5746012155812DB48
:10D53000B9E5082402FAE43509FB746012155812A3
:10D54000DBD1740212155812D16AE849700C7402CA
:10D550001215587473F0A3741AF012DB0A50047E8B
:10D56000107F2775080075090080080508E5087018
:10D57000020509740212155812DB3788828983A3C9
:10D58000AA82AB83740212155812DBD98882898370
:10D59000E0600BC3E5089EE50912DAEF40CD7402A6
:10D5A00012155812DB3B740D12155812D16AC3E4E0
:10D5B0009508F8E49509F9740D121558E028F8A3B8
:10D5C000E039F97402121558E8F0A3E902D9CF74D2
:10D5D00009121558E06008EE4F70047E017F007458
:10D5E0001A1215587482F0A3741AF0746012155848
:10D5F00012DBAB7404121558E06470703485088235
:10D6000085098312DB4D740F12155812DC07E508EB
:10D6100012DB0012155812DB8412D16A741612152F
:10D6200058741012DC0BA3F07405121558E402D6DE
:10D63000FDEAA2E0E508501612DAF612155812DBE0
:10D64000EF12151D740F121558121529801912DBCF
:10D650000012155812DC02F8A3E0F9E8FAE9FB74AD
:10D660000F12155812DC077404121558E0646F701D
:10D67000097416121558740880A9E06475709D74B9
:10D6800016121558740A809B746012155812DBAB81
:10D69000EAA2E0E508501012DAF612155812DBEF94
:10D6A00078081214E5801612DB0012155812DC02FD
:10D6B000F508A3E0F5093395E0F50AF50B740F12B0
:10D6C000155878081214C79083D8780812110240B0
:10D6D000217405121558742DF0740F12155878081E
:10D6E0001214E5780812134B740F121558780812AB
:10D6F00014C77416121558740A12DC0BA3F0744D7B
:10D70000121558A882A983740212155812D16A748E
:10D710000D12155812DBE712155812151DE8494A6B
:10D720004B6004D2008009C200EE4F700302D7DCC8
:10D73000740212155812DB6612155812DBE7121527
:10D7400058780C1214E5741612155878081214E55E
:10D75000780C7908120BBA741A121558E02508F8DB
:10D76000A3E035098882F583E0C0E0740212155801
:10D7700012DB6CD0E0F0740F121558780C1214E51F
:10D78000741612155878081214E5780C7908120BE3
:10D79000BA740F121558780C1214C7740F1215585A
:10D7A00012151DE8494A4B708712DB0A502E740A85
:10D7B000121558E060267405121558E06004D2F086
:10D7C0008002C2F0740612155812DB29800E740212
:10D7D00012155812DBDF12155812DB7D7402121578
:10D7E0005812DB3B744D121558C082C0837402126C
:10D7F000155812DB4DD083D082E582C39AFAE583B7
:10D800009BFBC3EA9EEB12DAEF40C3740912155872
:10D81000E0700302D9D0A200400302D9D0740412F0
:10D820001558E064786005E064587010E0888289DB
:10D8300083F0E824FF18E934FFF98017E0646F6093
:10D840000302D9D0740212155812DB9564307003AC
:10D8500002D9D0740212155812DBDF12155812DBF0
:10D860006C743002D9CF74151215587401F0740419
:10D87000121558E024FEF0EE4F700D7E018010E48A
:10D88000F07415121558E4F012DB0A50047E067F7E
:10D8900000746012155812DBAB850882F583780C92
:10D8A0001214E5E50812DAF612155812DB8412DBC1
:10D8B000E7121558780C1214C79083D87808121400
:10D8C000E5780C7908120E985022740512155874D8
:10D8D0002DF0740F12155878081214E5E50BB2E715
:10D8E000F50B740F12155878081214C77406121528
:10D8F00058741C1212848909E028F8A3E03509F94C
:10D90000740212155812D16A7409121558E0F508FC
:10D9100078081212287416121558E0F508780812C3
:10D9200012287404121558120FFF8E088F097808F8
:10D93000121224740A121558E0F9741512155812AF
:10D9400015411223697406121201740D1215581232
:10D95000DBD9740A121558E060767405121558E088
:10D960006004D2F08002C2F0740612155812DB294E
:10D97000740D121558C082C083740212155812DB40
:10D9800037D083D082E0C398F8A3E099F9C3E89E2A
:10D99000E912DAEF503A740212155812DB661215CA
:10D9A0005812DBDF12155812DB7D80C48521828579
:10D9B000228312DB4412D16374021215587493F05F
:10D9C000A3741AF0740D1215587496F0A3741AF01B
:10D9D000740D121558C082C083740212155812DBE0
:10D9E00037D083D082E0C398FEA3E099FF7406127B
:10D9F0001558C3E09EA3E012DAEF500875080075D1
:10DA0000090080297405121558E06004D2F08002E4
:10DA1000C2F07406121558E0C39EF8A3E09FF9A265
:10DA2000F0E433FAE89AF508E99400F5097408126D
:10DA30001558E070208019745E12155812DB5312CD
:10DA4000155812DB6C123199740B12155812DC3018
:10DA500012DB1850E27405121558E06056745E121D
:10DA6000155812DB4D7405121558E0F97413121590
:10DA70005812DB6C1231998032745E12155812DB29
:10DA80004D740212155812DBA0F9741312155812B6
:10DA9000DB6C1231997402121558E02401F8A3E0EE
:10DAA0003400F9740212155812D16A740B12155809
:10DAB00012DC30EE24FF1EEF34FFFFC312DB0C50EC
:10DAC000B87408121558E0700302D1CF12DB185059
:10DAD0000302D1CF745E12155812DB53121558127F
:10DAE000DB6C123199740B12155812DC3080DD9FFB
:10DAF000A2D265D033222404F8E43509F9746022F7
:10DB00002402F8E43509F9746022C3EF12DB102215
:10DB10009400A2D265D03322E50824FFF508E50978
:10DB200034FFF509C312DB1022A2F0E433F8E098C9
:10DB3000FEA3E09400FF2212DBCB2212DB3F221275
:10DB4000DB44F922E024FFF8A3E034FF22E0FAA34B
:10DB5000E0FB22E0FAA3E0FB792074132212DBCB76
:10DB6000E82212DC492212DB3F74022212DB70220F
:10DB700012DB7422E0F8A3E0F58388822212DB70C6
:10DB80007430F02212DB882212DB8C22E0FAA3E050
:10DB9000F5838A822212DB88E02285218285228316
:10DBA00012DC212212DC21F8A3E02212DBAF2212C8
:10DBB000DC25F508A3E0F5092212DBAF850882F524
:10DBC0008312DBCB22852182852283E0F8A3E0F952
:10DBD00022E0FCA3E0F5838C82EAF0A3EBF022E8DC
:10DBE000F0A3E9F0740222E8F0A3E9F0740F221226
:10DBF000DBF32212DB8CE8F0A3E9F08508828509CB
:10DC0000832212DBF3E022EAF0A3EBF0A3E4F0A31B
:10DC1000F02212DC1912DC2122F085218285228378
:10DC20002212DC252212DB74E022852182852283E8
:10DC3000E02401F0A3E03400F02212DC3E2212DCEA
:10DC400019E02401F812DC4922A3E03400F985210F
:10DC50008285228322E8F0A3E912DC3EE8F0A3E902
:10DC60002274F6120C2912DFCD9038D4E493F50813
:10DC7000EC8508F0A4FCA8F08508F0EDA428FD7957
:10DC8000FF7AF17B0B121B8990041274FBF0A374D2
:10DC900015F090041474EFF0A37415F0900416744A
:10DCA0001FF0A37416F0900418745BF0A37416F0C0
:10DCB00090041A7461F0A37416F090041C7473F04D
:10DCC000A37416F090041E7479F0A37416F09004F7
:10DCD00011E4F080031212017F02020F30C082C0F3
:10DCE000837A0080010A9038D4E493F8EAC398500C
:10DCF0000CEA12DD0470EEAA82AB8380047A007B0A
:10DD00000002E39275F01AA4F8A9F012E2B1F4222D
:10DD1000C082C0837A007B007C008014EC12DD049A
:10DD2000600DA3A3A3A3A3E0F8EA28FAE43BFB0C4D
:10DD30009038D4E493F8ECC39840E102E39274F78E
:10DD4000120C297F007E008012EE75F01AA4F8856F
:10DD5000F008A90812DD0B60010F0E9038D4E4938F
:10DD6000F8EEC39840E3E4938A828B83F0A3E4F057
:10DD7000EF8C828D83F0A3E4F002E0FA74E9120CD8
:10DD80002974F41212B4890C8A0A8B0B8C0F8D083B
:10DD9000750E00EA2408F510E4350BF511851082A4
:10DDA000F583E0F874016860057403687011E96038
:10DDB0000E74FF650C6008740368700AEC70077AD3
:10DDC000007B0002DF868A148B157516007814120A
:10DDD00012207C097D00740312128C121B7D7403C7
:10DDE0001212017409121558E50FF07E007F00121F
:10DDF0001649AA0AAB0B12164F8A0A8B0B851082A2
:10DE0000851183E064017008750901750D008006B5
:10DE1000750900850F0D74FE650A700474FF650BAB
:10DE2000700302DF827A007423121558E0F510A304
:10DE3000E0F51180010A9038D4E493F8EAC39840E1
:10DE40000302DED5EA12E30F70EBA3E0650970E58B
:10DE50008E828F83A3A3E0650A7004A3E0650B7034
:10DE6000D48E828F83A3A3A3A3E0650D70C7750929
:10DE700000802C850A82850B8312E7B2740A121582
:10DE80005812DF90600CAA21AB22E0F58388821241
:10DE9000319912E87FA90C12317F750E010509E551
:10DEA00009C39508400302DF7912DFA0FCA3E0FD5F
:10DEB000EEFAEFFB121607E970E3850A82850B8301
:10DEC000E0FCA3E0FDEEFAEFFB121613E970A47E6E
:10DED000007F0080C81215E98A128B13AE12AF13AF
:10DEE000EE4F700302DF828E828F83E50CF0A3E594
:10DEF00009F08E828F83A3A3E50AF0A3E50BF08ED1
:10DF0000828F83A3A3A3A3E50DF09038D5E493C338
:10DF100095085004E493F508750900802A12DFA0E3
:10DF2000F8A3E0F9740A12155812DF90600CAA21C8
:10DF3000AB22E0F583888212319912E87FA90C1296
:10DF4000317F750E010509E509C3950840CF8E8222
:10DF50008F83A3A3A3A3A3E508F075120078101282
:10DF60001220AC08EC2CFCE433FDEE2406FAE43F6E
:10DF7000FB121B7D7403121201E50EA2E050031286
:10DF800030D7EEFAEFFB740C1212017F0F020F3044
:10DF9000E8F0A3E9F0900371E0F8A3E0F9E8492282
:10DFA000A809E828F8E433F9E51028F50AE511395D
:10DFB000F50B850A82F583E022C082C08312DFCD93
:10DFC00079FF121B891230B9790102E3929038D09F
:10DFD000E493FC740193FD2274F7120C29EA4B6060
:10DFE000377E0080010E8A828B83A3A3A3A3A3E0C4
:10DFF000F8EEC3985022EE25E0F8E433F9EA28F56C
:10E0000082EB39F583A3A3A3A3A3A3E06C7003A3BE
:10E01000E06D70D179018002790002E0FA74F212A9
:10E020000C29750A00EA4B607CEA240512E24DF5E2
:10E03000086072EA240608E43BF985080C750B00B9
:10E04000801488828983E508F0A3E509F0E82402BA
:10E05000F8500109050BE50BC3950C5036E50B256F
:10E06000E0F508E433F509EA2508F582EB3509F512
:10E0700083A3A3A3A3A3A3E0F508A3E0F509EC659C
:10E08000087003ED650970BA8E828F83E014F00585
:10E090000A70C1E50A60031230B98E828F83E06096
:10E0A00004790180027900800574021212017F0652
:10E0B000020F3074F7120C29EA4B603CEA2405F891
:10E0C000E43BF988828983E0FE9038D5E493FFEE43
:10E0D000C39F5024EE2EFEE433FFEA2EF582EB3F81
:10E0E000F583A3A3A3A3A3A3ECF0A3EDF0888289F7
:10E0F00083E004F07901800279007F01020F30741F
:10E10000F3120C29890A8C0B12E244700B8A828B61
:10E1100083E0FCA3E0FD800B1216378A088B09AC64
:10E1200008AD0974FE6C700374FF6D605D750800C6
:10E13000801574016509700D88828983E06C700315
:10E14000A3E06D6049050812E239503EE50812E28D
:10E1500025E0650A70EFA3E0F509EA2402F8E43B44
:10E16000F98E828F83E0640160C8E50970D78882E8
:10E170008983E06C7003A3E06D70CA8A828B83A3ED
:10E18000A3A3A3E0650B70BD80047A007B007F052C
:10E19000020F3074F4120C29EA2408F8E43BF988E1
:10E1A0000889098882F583E06401700B8A828B8379
:10E1B000E0FEA3E0FF800B1216378A0A8B0BAE0A33
:10E1C000AF0B74FE6E700374FF6F6054750A0080AD
:10E1D00015EC701088828983E06E7003A3E06F7085
:10E1E00003121601050A12E2BD502EE50A12E225BD
:10E1F000A3E0FCEA2402F8E43BF985088285098360
:10E20000E0640170CC74016C70DA88828983E06EFE
:10E210007003A3E06F60CA80CBEEFAEFFB121631F9
:10E220007F04020F3075F01AA4F8A9F074F128FAEF
:10E23000740B39FB8A828B83229038D4E493F8E5FF
:10E2400008C39822EA240812E24D640122F8E43B54
:10E25000F9E8FEE9FF8E828F83E022EC75F01AA4C4
:10E26000F8A9F074F128F8740B39F92274F4120C3F
:10E2700029890B8A088B097E007F00750A0080259A
:10E28000E50A75F01AA4F8A9F012E2B1650B701353
:10E29000AC08AD09AA82AB83121607E960050EEE41
:10E2A00070010F050A12E2BD40D6EEFAEFFB02E262
:10E2B0002074F128F582740B39F583E0229038D46C
:10E2C000E493F8E50AC3982274F2120C29890C8AA7
:10E2D000088B098C0D750B00750A008004050B0571
:10E2E0000A12E2BD5022E50A12E30F70F2AC08AD4B
:10E2F00009EEFAEFFB121607E960E4E50BC3950D92
:10E3000040DBEEFAEFFB80047A007B0002E0AE75A2
:10E31000F01AA4F8A9F074F128FE740B39FF8E826C
:10E320008F83E0650C22C082C08374F31212B47430
:10E33000FE6A700374FF6B604A7C00802212E25B0D
:10E3400088828983A3E0FD74016D6012ED700F88EF
:10E35000828983A3A3E06A7003A3E06B60250C901D
:10E3600038D4E493F8ECC39840D3E4936C701485EC
:10E3700021828522837404F0740B12155812E42B49
:10E380001223D58008740B12155812E889740D12E7
:10E390001201D083D0820211CEC082C08374F312E6
:10E3A00012B412E5616402700E12E3D11215581214
:10E3B000E5571223E18017EAFCEBFD7403121558B0
:10E3C000AA82AB831223B7AA21AB221223E702E36E
:10E3D000858A828B83E0F8A3E0F974012274F71236
:10E3E0000C2974F31212B4ECFEEDFF852182852214
:10E3F000837404F0740B12155812E42B1223EDE908
:10E40000F508601D8E828F83A3A3A3A3A3A3A3A358
:10E410007403F0121558AC82AD83EEFAEFFB121DB7
:10E4200027A908740D12120102E0FAEAF0A3EBF03A
:10E43000AA21AB2222C082C08374F31212B48521B8
:10E44000828522837404F0740B12155812E42B1287
:10E4500023ED740102E38774F6120C2974F312128F
:10E46000B4900411E0707B8521828522837404F0CE
:10E4700090174612E3D5121558E8F0A3E9F0122AD6
:10E480004D8A088B09AC08AD097403121558AA828D
:10E49000AB831223B7AA21AB221223F3122A598A83
:10E4A000088B09A808A9097401121558E0687003BF
:10E4B000A3E069602774FE68700374FF69601D74CF
:10E4C00001121558E8F0A3E9F07403121558AA8256
:10E4D000AB83122A5FAA21AB221223F3900411749A
:10E4E00001F0740D02DCD5C082C08374F31212B443
:10E4F00012E561F8740268701112E3D11215581216
:10E50000E5571223E1E9704C801F7403687023EA19
:10E51000FCEBFD7403121558AA82AB831223B7AA31
:10E5200021AB221223E7E9702BAA21AB221223F39D
:10E53000802274016870128A828B8312E7B2740B96
:10E54000121558E8F0A3E9800A740B12155874FEEE
:10E55000F0A304F002E385E8F0A3E9F0AA21AB22DE
:10E56000228521828522837404F08A828B83A3A36F
:10E57000A3A3A3A3A3A3E02274F7120C2978007924
:10E58000007C007D0080010D9038D4E493FEEDC343
:10E590009E502AED75F01AA4FE85F008AF0874F1BC
:10E5A0002EF582740B3FF583E0F460DB8C08740178
:10E5B0002CFCAE08EA6E4B70CEA882A983E8FAE97B
:10E5C000FB02E0FA74F6120C29E4F508F509780864
:10E5D00012122412E88F12E7BE121CA97402121242
:10E5E00001E9FE74096E7003121661EEF902DCD8BF
:10E5F00074F6120C2974FE1212B4852182852283CE
:10E60000E4F0A3F0A821A922880889097808121249
:10E610002475080275090078081212247C007D0018
:10E620007A417B00121CB57404121201740202DCE0
:10E63000D574F2120C2974E21212B48A088B09EC18
:10E64000FEEDFF750A007A417B00121CAF8A0C8B2D
:10E650000DAC0CAD0DEC4D600FEE6C7002EF6D600B
:10E66000077A417B00121CC1E4F50CF50D780C1201
:10E670001224EEFCEFFD7A417B00121CA9740212F9
:10E680001201E9640A700302E7A874021212848876
:10E690000C890D780C121224750C02750D00780C83
:10E6A0001212247C007D007A007B03121CBB7404D0
:10E6B000121201E9600302E7A8852182852283E422
:10E6C000F0A3F07E00806A7404121284880C890D15
:10E6D000780C1212249038D012102CEEF812E9683F
:10E6E0007A007B03121CBB7404121201E96003025E
:10E6F000E7A87404121558E0F4603574041212840B
:10E70000880C890D780C1212249038D012102C74B9
:10E710000412155812E7B212E974FA850CF0E912E6
:10E72000E7B8121CB57404121201E9707B12EA58A2
:10E730000E852182852283C082C0839038D4E493E1
:10E74000F8D083D082C3E098A3E0940050218521C3
:10E7500082852283C082C083740212155812E7B2E8
:10E76000D083D082C3E098A3E099500302E6C7A803
:10E7700021A922880C890D780C121224750C0275BF
:10E780000D00780C1212247C007D007A417B00126F
:10E790001CB57404121201E9700EAC08AD097A00C0
:10E7A0007B03121CC1E96003750A01A90A741E02E9
:10E7B000E0ABE0F8A3E0F922A42AF9E82402FCE4A3
:10E7C00039FD7A417B002274F2120C2974FE121278
:10E7D000B4750A0012E88FF508E439F5097A417B2F
:10E7E00000121CAF8A0C8B0DAE0CAF0DA821A92214
:10E7F000880C890D780C121224750C02750D0078A6
:10E800000C1212247C007D007A417B00121CBB7428
:10E81000041212017A007B03121CAF8A0C8B0DA824
:10E820000CA90DE849700CE5086E7003E5096F70DE
:10E83000138047EE4F603185218285228312E8895B
:10E84000EA4B60247C007D037A417B00122C5DE959
:10E85000F8880A7025EEFCEFFD7A417B00121CC19E
:10E86000E96009750A018012E8FEE9FFAC08AD090C
:10E87000EEFAEFFB121667E9F50AA90A02E0A97D94
:10E88000017C00850A82850B83E0FAA3E0FB2290DD
:10E8900038D0E493F8740193F99038D4E493F508F0
:10E8A000E88508F0A4F8AAF08508F0E9A42AF9E8B8
:10E8B00024022274F2120C2974FE1212B4852182F1
:10E8C000852283E4F0A3F012166DE9600302E95C8F
:10E8D000A821A9228808890978081212247508023B
:10E8E00075090078081212247C007D007A417B00B3
:10E8F000121CBB7404121201E970617E007F007566
:10E9000008008043E50875F01AA4F8A9F074F1280E
:10E91000F50A740B39F50B780A1212249038D012CC
:10E92000102CA80812E9687A417B00121CBB740401
:10E93000121201E9700F850A82850B83E0F46005ED
:10E940000EEE70010F050812E23950108521828504
:10E95000228312E7B2C3EE98EF9940A88521828501
:10E96000228312E88902E0A912E974F9E82402FC82
:10E97000E439FD229038D0E493F50C740193F50D41
:10E98000E8850CF0A4C8AAF0850DF0A42A2274F141
:10E99000120C2974E41212B4852182852283E4F0DA
:10E9A000A3F07E008075EE75F01AA4F8A9F074F15A
:10E9B00028F508740B39F50985080CF50D750E005E
:10E9C000780C12122012DFCD740512128C121B7DEE
:10E9D00074031212017402121284880A890B780AD5
:10E9E0001212249038D012102CEEF89038D0E49304
:10E9F000F50A740193F50BE8850AF0A4C8AAF0851E
:10EA00000BF012E7B8121CB57404121201850882CB
:10EA1000850983E0F4600312EA580E9038D4E49339
:10EA2000F8EEC3984080A821A922880889097808AF
:10EA300012122475080275090078081212247C004D
:10EA40007D007A417B00121CB57404121201741C03
:10EA50001212017F07020F30852182852283E02474
:10EA600001F0A3E03400F022C082C0839005D8E416
:10EA7000F09005E6F09005DCF0A3F09005D712F2D7
:10EA8000C39005D9E4F09005E7F09005E8F0900513
:10EA9000E902F162C082C083906194740512EF4D67
:10EAA00075E9FBE8A2E792AF9061A3E0D2E202F140
:10EAB00062C082C083121AC99005D8E4F0F9121A14
:10EAC000AB02F163C082C0839005E87401F0900549
:10EAD000E7E07008121A5D9005E8E4F002F163C007
:10EAE00082C0839061A4E0C2E0F09061947405F06C
:10EAF00075E1ED75E1EDA8A8C2AF759B0075E9FB66
:10EB0000E8A2E792AF12EF5FF9E84960077ADC7B91
:10EB100005122D779005DA7469F0A3741AF0900548
:10EB2000D7E070069005D9E0600C9005D7E4F0902E
:10EB300005D9F0121A9302F163C082C0839005E8F0
:10EB4000E070219005E7740112F2D112EF36123114
:10EB5000999005E7E4F09005E8E06008121A5D90EE
:10EB600005E8E4F002F16374F1120C2974FE12124C
:10EB7000B4750A009005D7E060031217AB9005D773
:10EB80007481F09005EAE0600D906193E0A2E740A7
:10EB900010E0A2E6400B9005D7E4F0121A9302EFC2
:10EBA0001412192B12F2819005D8E09005E5F07946
:10EBB000047ADE7B051219BB9005DEE0547F24FD4C
:10EBC0009005E2F0C3947D400302ECE99005DFE09C
:10EBD0005407F8C39404400302ECE974026860032C
:10EBE00002EC829005E6E0600302EC827902AA2141
:10EBF000AB221219BBA2AFE433F508C2AF9005EC0B
:10EC0000E06486707590182C12EF62F9E849700381
:10EC10001217AB852182852283E024B7FE7401128E
:10EC20001558E0547FFFFAEEF9121A3990182C1299
:10EC3000F0B52415F582E438F583E912EF67241660
:10EC4000F582E438F583EF12EF672417F582E43894
:10EC5000F583EEF0E508A2E092AF7401121558E0DA
:10EC6000A2E750119005DFE05410FA9005E1E0F9B9
:10EC7000121B23807A121B298075E508A2E092AF4F
:10EC8000806D9005ECE064867003121B299005E509
:10EC9000E0602F9005E6E070299005E5E0640170E2
:10ECA0000302ED2A9005DFE05407F89005E5E064E3
:10ECB000027005E87074800AE064037005740368EC
:10ECC00070689005E0E0F81313543F5403F508E82A
:10ECD000C413135403F509900563E07018740165BB
:10ECE00009600674016508700C75E1ED75E1ED12BF
:10ECF0001A8702EF14A80912EF1EFAA80812EF1ED5
:10ED00002AFEE509600A9005DFE0A2E650021E1E19
:10ED10009005E2E0FAEE79002402F8500109C3EA16
:10ED200098E499A2D265D0335006121A9902EF14D2
:10ED3000E0C39E24FE9005E412EF6F5003750A2590
:10ED40009005E4E0F8E50A28F8E43400F9E8243A0C
:10ED5000FAE439FB122D719005DCEAF0A3EB12EF17
:10ED600056F9E849700575E1E880BF7F009005DF3E
:10ED7000E0F89005E6E070077420589005D9F0900F
:10ED800005D9E0604AA2AFE433F50AC2AF74075870
:10ED90006403701D122D6BE9600302EEF2900559B9
:10EDA000E0700302EEE912189BE964FE700302EEC4
:10EDB000F290618AE0C2E212EF4D7591FEE8A2E79F
:10EDC00092AF9061A4E0D2E0F0E50AA2E092AF90A9
:10EDD00005DCE0243AF8A3E03400F99005DCE0FA21
:10EDE000A3E0F5838A82A3A312F2B0243312F0A623
:10EDF0009005E4E0C0E012EF2BD0E012EF56F5836F
:10EE00008882A3A3A3A3E0C0E09005DD12F28ED018
:10EE1000E012EF6F503A12EF3E7403F0750CDF759D
:10EE20000D05750E00780C12122012EF3EE0FC7DED
:10EE30000012F139121B7D74031212019005DCE0FF
:10EE4000243312F29D2435F582E43AF58312F14A17
:10EE500012F0B2241BF582E438F583E50912F2B909
:10EE60002424F582E438F583E508F01219798A083C
:10EE70008B098C0A8D0B12F0B22425F582E438F54B
:10EE80008378081214C712196D8A0812F2A7242970
:10EE9000F582E43AF583E508F0A3EBF09005DFE0B6
:10EEA0005407C0E012EF2BA3D0E0F09005E1E0C0E2
:10EEB000E012F0B22432F582E438F583D0E0F0902D
:10EEC00005DFE05478F8A3E0C4540F5403484FC062
:10EED000E012F0B9D0E0F0EE70239005DA747BF028
:10EEE000A3741AF0121A75802B122D65E9700302B3
:10EEF000EDB17F0490618AE0D2E202EDB79005E3C4
:10EF000012EF6F9005E3E040011412F2CE746FF03F
:10EF1000A3741AF074021212017F07020F3074BE3C
:10EF200028F582E43438F583E493229005DC12EF6F
:10EF300036A3A3A3A32212EF62F58388822212EFE5
:10EF40004512F294229005DC12EF62C822F0A8A8C4
:10EF5000C2AF759B002212EF5A22F012EF5F22908F
:10EF600005DCE0F8A3E022F090182C12EF4822F024
:10EF70009005DFE0A2E32274F6120C2974EC121261
:10EF8000B49005E3E070031217AB9005E3E0F9AA33
:10EF900021AB221219BBA821A92288088909AC0833
:10EFA000AD099005E0E01313543F5403FE607090E8
:10EFB00005DCE0242DF8A3E03400F98521828522C8
:10EFC00083E0FC7401121558E0FBEC88828983F021
:10EFD000A3EBF08882898312EF6212F2A6242B122F
:10EFE000F0C5241CFAA3E03400FB74036E701074A7
:10EFF00002121558AC82AD83121D27740A80197451
:10F0000002121558E0FC7403121558E0F9EC8A82DC
:10F010008B83F0A3E9F07404121558AC82AD839091
:10F0200005E0E0C413135403FA605812F0B9E0A2EB
:10F03000E640278C828D83E0FEA3E0F9EEF8900590
:10F04000DCE0FBA3E0CB242BF582E43BF583E8F086
:10F05000A3E9F0EC2402FC50010D74036A701190D6
:10F0600005DCE02413FAA3E03400FB121D27801313
:10F070008C828D83E0FAA3E0F9EAF812F2A7241358
:10F0800012F0A612F0B22410F582E438F583E412EF
:10F09000F2D1747BF0A3741AF0121A757414121260
:10F0A000017F02020F30F582E43AF583E8F0A3E92C
:10F0B000F0229005DC12EF482212EF452407F5827A
:10F0C000E438F58322F582E43AF583E8F0A3E9F029
:10F0D0009005DCE022C082C0839005E4E0701090CF
:10F0E0006194740112F2D17481F0A3741A8016C372
:10F0F00094105006E09005E380059005E37410F04D
:10F10000E014906194805BC082C0839005E3E0F9D5
:10F1100012F1391219BB9005DCE02433F8A3E03476
:10F1200000F99005E312F14A9005E3E0F89005E458
:10F13000E0C398F0121A75802A12EF452433F58245
:10F14000E438F583E0FAA3E0FB22E0FA88828983C1
:10F15000E02AFAA3E03400FB88828983EAF0A3EB7B
:10F16000F022F0D083D0820211CE74F6120C297EE8
:10F170000079027ADE7B051219BB9005DFE054802E
:10F18000F509700B9005E6E06402600302F26790F7
:10F1900005D77402F0121AD59005DEE024B7F50801
:10F1A000A3E0547FFFFAA908121A3912F0B2242FF3
:10F1B000F582E438F583E912F2B92431F582E438B6
:10F1C000F583E50812F2B92430F582E438F583EFCF
:10F1D00012F0CF243A12F29D243312F0C52402F823
:10F1E000A3E03400F9E8FAE9FB181812F28EE0F80F
:10F1F0009005DCE0FCA3E0F5838C82A3A3A3A3E04D
:10F20000FCE8C39CF895E0F98A828B83E028F8A398
:10F21000E039F98A828B8312F2B02407F582E43A4E
:10F22000F583E0A2E2501088828983E064046007DD
:10F2300090618AE0C2E2F0900559E060081218A1DE
:10F24000E960027E04E5094EF89005DCE0F9A3E0F0
:10F25000C92407F582E439F583E04812F0CFFAA318
:10F26000E0FB122D7D800A12F2817ADC7B05122DE3
:10F27000779005DCE4F0A3F012F2BE121A8702F0D8
:10F28000A19061A4E0C2E0F09005D9E4F022E0C8CA
:10F2900012F294222435F582E438F58322F8A3E0B3
:10F2A000340012F2A622F99005DCE0FAA3E0CA22AB
:10F2B000E8F0A3E9F012F2A72212EF5AC8229061F7
:10F2C00094740512F2D17469F0A3741AF02290615B
:10F2D00094F09005DA22C082C083906193E0A2E6A8
:10F2E000500BE0A2E7400675E1ED75E1ED9005D722
:10F2F000E4F09005D9E07003121A9302F163C08222
:10F30000C0839005D9E4F09005D7E07003121A93FA
:10F3100002F163C082C083121AD5121A09121B119E
:10F3200002F163C082C0839005DAE064697004A3CF
:10F33000E0641A60031217AB9005E2E07005121A40
:10F3400087801DC394105006E09005E3800590056A
:10F35000E37410F0E01412F2CE749FF0A3741AF06C
:10F3600002F163C082C08374F01212B49005E3E02E
:10F37000F9AA21AB221219BB9005E3E0F89005E24F
:10F38000E0C398F06011C394105012E09005E3F0D0
:10F3900014906194F0800612F2BE121A8774101253
:10F3A000120102F163C082C0839005E9E004F0120B
:10F3B0001A5702F16374F7120C29E9FE9005E6F082
:10F3C000700A906180E4F0E04409801374026E607A
:10F3D0000874016E60031217AB906180E0C2E0F028
:10F3E0007F01020F3074F7120C29EAFEEBFF74095B
:10F3F00012155812F4108E828F83800C121251F065
:10F40000E9240109E43AFAA312F41970EF02F75360
:10F41000E0F9A3E0FAA3E0FB22ECFEEDFFEE24FF0F
:10F420001CEF34FFFDEE4F2274ED120C29890C8A7B
:10F430000D8B0E741312155812F7B9A3E0F50AECF0
:10F44000F8EDF9E824FF1CE934FFFDE8496037A92D
:10F450000CAA0DAB0EE92401F50CE43AF50D850874
:10F4600010850911850A12E5082401F508E435091B
:10F47000F509121251F8A910AA11AB121212516813
:10F4800060BD7900800279017F0B020F3074F612A3
:10F490000C29E9FE8C088D097808121224EEFC7DF7
:10F4A0000012237B740212120102F7B474F0120CE2
:10F4B00029E9FE8A828B83E0F50CE4F50DF50EF563
:10F4C0000F74026E700512F540804774036E70125F
:10F4D00012F53A12118A780C79081213BF12F52B23
:10F4E000803074046E703712F53A12118A780C79F4
:10F4F000081213BF12F52B780812118A780C7908BC
:10F500001213BF8A828B83A3A3A3E0F508E4F50A54
:10F510007418780812118A780C79081213BFAA0C93
:10F52000AB0DAC0EAD0F7F08020F308A828B83A328
:10F53000A3E0F508E4F50974102212F540780822DA
:10F54000A3E0F508E4F509F50AF50B740822C0827A
:10F55000C083121B71807374F6120C29EAFEEBFF54
:10F56000EE4F603DEE2405FAE43FFB121C318A08A1
:10F570008B09A808A909E849602788828983E4F0F3
:10F58000A3F088828983A3A3EEF0A3EFF088828999
:10F5900083A3A3A3A374FFF0E82405FAE439FB8056
:10F5A000047A007B0002F7B4C082C083EA4B700487
:10F5B0007905801612F64360047904800DEA24FB75
:10F5C000FAEB34FFFB121C377900D083D082021192
:10F5D000CE74F7120C297C00121BAD02F75774F79A
:10F5E000120C29E9FEECFFEA4B6027908411E0F849
:10F5F000EEC3984007121BA179038044EA24FBF56F
:10F6000082EB12F85C12FA22700512F643600712C0
:10F610001BA17905802AEEF074016F700DEAFCEBF6
:10F62000FD7AFF7B0C121BCB800BEAFCEBFD7AFF13
:10F630007B0C121BBF7A007B80EEF9121BDD790078
:10F6400002F757EA24FFF582EB34FFF583E0F4225A
:10F6500074F2120C29890C750A00750B007E007F6C
:10F6600000A2AFE433F50DC2AF900CFF8015EE4F52
:10F67000700685080A85090BE50824FBF582E50973
:10F6800012F85C12F7B9E50845096023E50824FF84
:10F69000F582E50912F85CE0650C70D2EE4F700659
:10F6A000AE08AF0980D27A007B80121BDD800B7A16
:10F6B000007B80121BE3EE4F6015780A121224EED5
:10F6C000FCEFFD7AFF7B0C121BD17402121201E5D4
:10F6D0000DA2E092AFEEFAEFFB7F06020F30C08280
:10F6E000C083EAFCA2AFE433F8C2AF900CFF8009FC
:10F6F000EA24FBF582EB12F85C12F413EA4B601576
:10F70000EA24FFF582EB12F85CE06970E38A828BF1
:10F7100083E06C70DBE8A2E092AF02F5CAA2E0924F
:10F72000AF803474F7120C29A2AFE433FEC2AF12DB
:10F73000F856E4F0A3F0800612F8A6FAE9FB8A82F4
:10F740008B8312FA2270F18A828B83ECF0A3EDF0A6
:10F75000EE80CAAA82AB837F01020F3074F6120CCE
:10F760002978007900A2AFE433FEC2AF8A828B838E
:10F77000E0FCA3E0FDEC4D6032ECF8EDF9E824FB91
:10F78000FCE934FFFD8C828D8312F7B98A828B836A
:10F79000E508F0A3E509F08C828D83E4F0A3F0E89E
:10F7A00024FFF582E912F85C74FFF0EEA2E092AF5C
:10F7B000E8FAE9FB7F02020F30E0F508A3E0F50963
:10F7C0002274F7120C29A8A8C2AF8A828B83E0FEAC
:10F7D000A3E0FF12F856EEF0A3EFF08A828B83ECE1
:10F7E000F0A3EDF0E8A2E702F71F74F5120C29A2CE
:10F7F000AFE433F50AC2AFEC24FBF8ED34FFF9E8CF
:10F80000FEE9FF8E828F83E0F8A3E0F98A828B8382
:10F8100012F7B9EC65087003ED650970068A828BF2
:10F82000838012740B121558E0FAA3E0CA24FBF58A
:10F8300082EA12F85CE8F0A3E9F08E828F83E4F0AC
:10F84000A3F0EC24FF12F85974FFF0E50AA2E0924D
:10F85000AF7F03020F30EC24FBF582ED34FFF5831C
:10F860002274F7120C29EAFEEBFF89087A00A2AF96
:10F87000E433FBC2AF12FA1E70068015E508601C67
:10F88000150812F8A6FEE9FF12FA1E70EFE50860EF
:10F890000B8E828F83ECF0A3EDF07A01EBA2E09265
:10F8A000AFEAF902F757E824FBF8E934FFF9E82258
:10F8B00074F7120C29E9FE908411E0F8EEC3985019
:10F8C00027ACA8C2AFEE29F8E433F9900D01E02887
:10F8D000FDA3E0398D82F583E04AF0A3E04BF0EC24
:10F8E000A2E792AF79008002790302F75774F7120A
:10F8F0000C29E9FF908411E0F8EFC398501FAEA8DF
:10F90000C2AFEAF4FCEBF4FDEF2912FA0CE05CF074
:10F91000A3E05DF0EEA2E792AF79008002790302E6
:10F92000F757E9F874FF687006D2AF790080027962
:10F93000070211CEE9F874FF687006C2AF79008043
:10F940000279070211CEC082C083121C25900CFFE1
:10F95000E4F0A3F0121CD9121CC7121C19121C2BA4
:10F96000790002F5CAC082C083121C0180FB74F6C4
:10F97000120C29750800121C1F1217C9A808E828C4
:10F9800012FA0C12FA22700D0508908411E0F8E5C5
:10F9900008C39840E7908411E0F8E508C3985069DF
:10F9A000ACA8C2AFAE08EE2EFEE433FF900D01E02E
:10F9B0002EF8A3E03FF98882898312F413888289A4
:10F9C00083E4F0A3F0ECA2E792AFE50890192CF0E5
:10F9D000F9740A2EF58274823FF583E0F8A3E0F50E
:10F9E00083888212319990192C74FFF0A8A8C2AFB5
:10F9F000900D01E02EF9A3E03F8982F583E04AF003
:10FA0000A3E04BF0E8A2E792AF02F7B4F8E433F9D1
:10FA1000900D01E028FAA3E0398A82F583228E82D4
:10FA20008F83E0F8A3E0F9E8492274F0120C2974FE
:10FA300010121558780C1214E512FA99850E0A85E1
:10FA40000F0B7410780812126B8A828B83A3A3E5C4
:10FA500008F07418780C12126B8A828B83A3A3A30C
:10FA6000E50CF0EA2404FA50010B02F52674F012BA
:10FA70000C297410121558780C1214E512FA9974A6
:10FA800010780C12126B8A828B83A3A3E50CF0EA28
:10FA90002403FA50010B02F526850C088A828B8319
:10FAA000E508F0850D09E509A3F02274F7120C2989
:10FAB000E9FDEA4B60187800800108E8C39C501209
:10FAC000E8FEEA2EF582E43BF583E06D60EC790018
:10FAD0008002790102F757C082C083906180E4F010
:10FAE000E04409F0906189E0D2E5F0906182E0D2D3
:10FAF000E0F0E0D2E1F0E0D2E2F09005597401F0DC
:10FB000002FDE274E6120C2974F61212B48A088B14
:10FB100009ECFEEDFFEA4509601BEA2408F518E44C
:10FB20003509F519851882F583E0F8740268600AD2
:10FB3000740368600579E802FD631218A7E9F460B0
:10FB400005791E02FD63851882851983E0F50A1286
:10FB500018B38A108B118C128D131218B98A148B5A
:10FB6000158C168D1785100C85110D85120E8513B9
:10FB70000F780C79141214447402650A750A007027
:10FB80003B8A0C8B0D8C0E8D0F74FE550A780C126F
:10FB9000126BE50CA2E0401985100C85110D851241
:10FBA0000E85130FE50A780C12126BE50CA2E050DB
:10FBB00046050AE50AC39418503D80C5850C10859A
:10FBC0000D11850E12850F1375140375150075162A
:10FBD00000751700E50AC333781412118A7810797A
:10FBE000141213E5E5104511451245136009050A85
:10FBF000E50AC3940C40C57418650A7059851882CB
:10FC0000851983E06402605FE50AF50C750D0085D7
:10FC10001882851983E0640270527406121558EE3A
:10FC2000F07407121558EFF0850882850983E0C04B
:10FC3000E07408121558D0E0F0850882850983A386
:10FC4000E0C0E07409121558D0E0F079047406128F
:10FC500012947402801E740C650A70AC851882853B
:10FC60001983E0640370A1791A02FD637908AC0876
:10FC7000AD097403780C1213D2250CFA7461350D9A
:10FC8000FB1219A9851882851983E064027903ACF7
:10FC900021AD22704E7A677B611219AF7903AA21D8
:10FCA000AB22121B8F8A0C8B0D8C0E8D0F751001E1
:10FCB000751100751200751300E50A781012118A8B
:10FCC000780C7910121444780C12121C740712125A
:10FCD0008C121C0D74041212017903E91212947A29
:10FCE00067806A7A647B611219AF7903AA21AB221B
:10FCF000121B8F8A0C8B0D8C0E8D0FE50AC333FA05
:10FD0000751001751100751200751300781012112D
:10FD10008A780C791012144475100175110075124F
:10FD20000075130074012A781012118A780C79106A
:10FD3000121444780C12121C740712128C121C0D2F
:10FD400074041212017903E91212947A647B61122D
:10FD500019A9851882851983E0FB7A01A90A12186E
:10FD6000AD7900740A1212017F12020F3074F7127B
:10FD70000C29EA4B6021EA2408FEE43BFF8E828FC7
:10FD800083E0F87402686005740368700A1218A7AB
:10FD9000E9F974FF69700479E8800D8E828F83E041
:10FDA000FB7A001218AD79007F01020F30C082C0CB
:10FDB0008374016990055A700B7401F090618AE0B8
:10FDC000D2E28008E4F090618AE0C2E2F080137B26
:10FDD000611219AF7903AA21AB22121B8F7403128F
:10FDE0001201D083D0820211CEC082C08390055A06
:10FDF000E06401700479FE800279FF80E5C082C072
:10FE00008390055AE0600479018009906163E0F80D
:10FE1000744058F980CC74E8120C2974F41212B4AE
:10FE20008A828B83A3A3A3A3A3A3A3A3E0640270EA
:10FE30003FEC852182852283F07401121558EDF084
:10FE40008A828B83E0C0E07402121558D0E0F08AF9
:10FE5000828B83A3E0C0E07403121558D0E0F0A8B1
:10FE600021A922880E890F7E047F011218B3800B0E
:10FE70008A0E8B0F7E087F021218B98A108B118CA4
:10FE8000128D13750B0085101485111585121685BA
:10FE90001317E50B781412126BE514A2E05053EF20
:10FEA000F5F0E50B84F50CEEF97404121294E50CF0
:10FEB00089F0A4FAA8F0E428FB74613BFB1219AFA7
:10FEC000740412128488088909750A0078081212CD
:10FED00020EEFC7D00850E82850F83A982AA837B9C
:10FEE00000121B837403121201E964017004A90C4F
:10FEF000800CEF250BF50BC39418408A79FF740C26
:10FF00001212017F10020F3074EC120C29E9FEEA84
:10FF1000FF8B08751001751100751200751300EE46
:10FF2000C333781012118A750C01F50DF50EF50F1B
:10FF3000EE780C12118A046F702E7402650870142A
:10FF40001218B38A108B118C128D137810790C1241
:10FF5000144480311218B98A0C8B0D8C0E8D0F78D9
:10FF60000C7910121444803D740265087020121838
:10FF7000B38A108B118C128D13780C1214787810B0
:10FF8000790C1213E5781012121C7A83801E121855
:10FF9000B98A0C8B0D8C0E8D0F7810121478780C9A
:10FFA00079101213E5780C12121C7A867B61121CF0
:10FFB0000D74041212017F0C020F30C082C08374D2
:10FFC000FD1212B47903AC21AD227A8302FDCFC0B9
:10FFD00082C08374FD1212B47903AC21AD227A86FB
:03FFE00002FDCF50
:020000040003F7
:1000000074EC120C2974FC1212B4852182852283AF
:10001000EAF0A3EB1284351283DFE0F513F87431B4
:1000200028F582E43438F583E493F5087402121558
:1000300058E508F0A3E4F07402121558E0700302CA
:1000400083AA740D65137046740212128C795312D0
:1000500019CD7402121558E064FE7003A3E0F47029
:10006000030282EF7402121558E0F47003A3E0F467
:1000700070030282EF1283E7A3A3E070030282EF12
:10008000852182852283E0FEA3E0FF028279740548
:1000900065137015852182852283E0F81283F57936
:1000A000002421F8502E09802B740765137031123B
:1000B00083E7E0700F7402121558E0241BF0A3E0F0
:1000C0003400801B8521828522831283F575F021FF
:1000D000A4F8A9F07402121558E028F0A3E039F052
:1000E0007402121558E0FAA3E0FB121B9B8A0A8BDC
:1000F0000BAE0AAF0BEE4F7044740C651360030235
:1001000083AA12841070030283AAA2AFE433F50A13
:10011000C2AF122EA37402121558E0FAA3E0FB122C
:100120001B9B8A0C8B0DAE0CAF0DEE4F7009E50AD0
:10013000A2E092AF0283AAE50AA2E092AF852182F3
:10014000852283E0F50CA3E0F50D750E00780C1206
:100150001220AC087D00EEFAEFFB121B7D74031237
:100160001201EE2409F50AE43FF50BEE2408F50E22
:10017000E43FF50F7405651360030282031283CE1A
:10018000EE2403F50CE43FF50D850C82F583E0F5D4
:1001900010A3E0F51175120078101212207C217D59
:1001A00000AA08AB09121B7D7403121201850C8290
:1001B000850D83E508F0A3E509F0850A82850B83A8
:1001C000E0F510A3E0F5117810121220850E82855B
:1001D0000F83E0FC7D00E5082421FAE43509FB12D9
:1001E0001B7D7403121201850C82850D83E024218E
:1001F000F8A3E03400F9850A82850B83E8F0A3E9CF
:10020000F080767407651370709016C812840260CF
:10021000689016C8E0F50CA3E0F50D9016C8E4F060
:10022000A3F088108911F5121283CE8E828F83A3DA
:10023000A3E0850A82850B837012E508F0A3E50927
:10024000F078101212207C1B7D00801AE508F0A3C4
:10025000E509F07810121220850E82850F83E07573
:10026000F021A4FCADF0AA08AB09121B7D740312A7
:100270001201AA0CAB0D121C379016CB128402602F
:1002800010EEFAEFFB1283E1123199E96003028369
:1002900096740D6513600302834C128409F98882F9
:1002A0008983E0FA1313543F540FF9A3E0F8740361
:1002B0005AC39402501D901743E069701674C058D9
:1002C000701112842AC8241BF582E438F583E06497
:1002D00002602374036970171283D8740112843585
:1002E000FAA3E0FB901731E0F9121BA70283AAAA38
:1002F00021AB220283A7EE2413F8E43FF9E8241C83
:10030000FAE439FBE8241DF582E439F583E0F912BB
:10031000234512842AC8241CF582E438F583E0F4CE
:100320007003A3E0F47063128409C82406F582E424
:1003300038F583E0C394024051EEFAEFFB122A0530
:10034000E96067AA21AB22122EA3805E740C6513AC
:1003500070621283D8A3E0641A602F8E828F83A309
:10036000A3A31284026023E8240EF582E439F58306
:10037000E0A2E05015EE240CFAE43FFBEE240DF56C
:1003800082E43FF583E0F9122345EEFAEFFB901784
:10039000A0E0F9121BA7740C6513600674116513B5
:1003A00070081284106003122EA374041212017FCD
:1003B0000C020F307411651370D08E828F83E4F0BD
:1003C000EEFAEFFB901731E0F9121BA780D4EE2470
:1003D0000BF508E43FF50922852182852283E0F8A8
:1003E000A3E0F5838882221283EB2212842AF5830C
:1003F0008882A3A322A3E0C82408F582E438F58309
:10040000E022128430F9E849221283EB1284302270
:10041000852182852283E02403FAA3E03400FB8A4D
:10042000828B83128430F9E84922852182852283D8
:10043000E0F8A3E022F0852182852283E022C082B9
:10044000C0831229E7D083D0820211CE7900021135
:10045000CE74F6120C29E9FEEAFCEBFD9016CAE018
:1004600060518C828D83E0F87900EEC394325004A1
:100470007E328008EEC3946F40027E6E9016CAE012
:100480006401701FEE24CEF508E434FFF509E88519
:1004900008F0A4C8AAF08509F0A42AF97A3C7B00E8
:1004A0001209CFC3E99401400474FF8001E88C82F3
:1004B0008D83F07F02020F30E5A48521828522839F
:1004C000F0E5A5C0E07401121558D0E0F0E5A6C033
:1004D000E07402121558D0E0F07403121558E4F0DD
:1004E000E8A2E792AF852182852283121541740428
:1004F000121201D083D0820211CEC082C08374E078
:100500001212B49061A97414F09061AB743FF0A31F
:100510007455F090619674FCF09061A87485F09029
:100520007803E0F87495686005743468700C906224
:1005300065740FF090619674F8F09061AEE4F090FD
:1005400061B27415F0906182E4F09061B57410F0BE
:10055000A3740EF0A37403F09061FA7409F0906133
:10056000E574FFF0439A01D2A843A90153B9FE43B1
:10057000A90453B9FB906249E0900563F0A8A8C2B2
:10058000AF75C30275A20075A328E8A2E792AFE594
:100590009E70FC439403E594A2E250FA43940AD27D
:1005A000BA9061897448F0121ADB906199E0A2E078
:1005B00050F8780079007A10E825E0F8E933F990EE
:1005C00061A7E0A2E0E433FCE84CF8DAEBE849602C
:1005D0000A7480687003740369700478BE79BAE89D
:1005E000F5BCE9F5BC900572E0F8A3E0F9E84960D4
:1005F00042790078007A089061A7E0A2E0E433FB3A
:10060000E8334BF8DAF1E9FA852182852283E58225
:100610002AF582E43583F583E8F009E9C3942040A4
:10062000D2AA21AB22900572E0F8A3E0F58388827C
:10063000123199121AE19061897440F0E0D2E5F02C
:10064000906164E4F0A3F0A3F0A3F0A3F0A3F0742E
:10065000200284F0E5B454F34404F5B4E5BDF90296
:1006600011CEE5B454F34404F5B4E5BDF9E5BCFAA4
:10067000E9FB0211CEA9A8C2AF75C301A8A3AAA223
:10068000E9A2E792AFE8FB0211CEC082C08374FCFE
:100690001212B4A8A8C2AF75C300E5A20284B8C004
:1006A00082C08374FC1212B4A8A8C2AF75C3100232
:1006B00084B874F4120C2974FC1212B412880985DF
:1006C000218285228378081214E5908338780812F5
:1006D00013F812878A60031217AB90056EC082C0B0
:1006E000831219738A088B098C0A8D0BD083D082F0
:1006F00078081213AC852182852283780812129C17
:1007000090056E78081214C7A8A8C2AF75C30085FB
:100710002182852283E0F5A47401121558E0F5A525
:100720007402121558E0F5A6E8A2E702881D74F4D9
:10073000120C2974FC1212B41287FB1214E5908378
:100740003878081213F812878A60031217ABA2AF29
:10075000E433F8C2AFE5A7A2E45005D20053A7EFF7
:1007600075C330852182852283E0F5A474011215BA
:1007700058E0F5A57402121558E0F5A675A1EFA290
:1007800000500343A710E802881BE5084509450A05
:10079000450B2274F4120C2974FC1212B41287FB5C
:1007A0001214E590833878081213F812878A6003D0
:1007B0001217ABA2AFE433FEC2AFE5A7A2E3500528
:1007C000D20053A7F775C320852182852283E0F5E7
:1007D000A47401121558E0F5A57402121558E0F53D
:1007E000A653A1F7A200500343A7088521828522C2
:1007F00083121541121841EE02881B128809C200AB
:10080000852182852283780822852182852283EAB8
:10081000F0A3EBF0A3ECF0A3EDF022A2E092AF7412
:10082000041212017F04020F3074F4120C2974FCBC
:100830001212B4852182852283E4F0A3F0A3F0A3F1
:10084000F0A2AF33FEC2AF75C300E5A2E5A48521D7
:1008500082852283F0E5A5C0E07401121558D0E02E
:10086000F0E5A6C0E07402121558D0E0F090056ED5
:1008700078081214E5852182852283780812140BEA
:1008800090056A78081214E585218285228378080C
:10089000121488504190056E78081214E590056591
:1008A000780812131F702F1218F58A088B098C0A0A
:1008B0008D0B90056E780812140B1218F58A088BB0
:1008C000098C0A8D0B852182852283780812140BEE
:1008D0009005697401F085218285228312151D908F
:1008E000056A12152990056E12151D9005651215E1
:1008F00029EEA2E092AF8521828522831215410262
:10090000881FC082C0839005647480F043A70102F1
:1009100084F3C082C08353A7FE900564E0F902848B
:10092000F374F4120C29A2AFE433FEC2AF90056950
:10093000E070151218F58A088B098C0A8D0B90054A
:100940006E780812140B8002E4F0EEA2E092AF027F
:100950008824C082C083901540128960F0028A61A9
:10096000E4F0A3F0A3F0A32274F0120C298908EAA2
:10097000FEEBFF121CE57410121558780C1214E5EA
:10098000EA4B600D8A828B83A3A3780C1214C78074
:100990006A7A0D7B00121C31EA4B605B8A828B8382
:1009A000A3A3A3A3A3A3A3A3E508128A00EEF0A325
:1009B000EFF08A828B83A3A3780C1214C78A828BF0
:1009C00083E4F0A3128A00A3A3A3128961F0901517
:1009D0003E128D4290153E6017E0FCA3E08003E8D4
:1009E000FCE9FD8C828D83128D4270F38C828D83A5
:1009F000EAF0A3EBF080047A007B007F08020F305E
:100A0000F08A828B83A3A3A3A3A3A322C082C08363
:100A100090153E80048C828D83E0FCA3E0FDEC4DBC
:100A200060238C828D83A3A3A3A3A3A3E06A700396
:100A3000A3E06B70E08C828D83A3A3A3A3A3A3A3E5
:100A4000A3E06970D0ECFAEDFB8016C082C083EAA7
:100A50004B600E8A828B83A3A3A3A3A3A3E4F0A37A
:100A6000F0D083D0820211CE74F6120C29AEA8C247
:100A7000AF740A121558120FFB121CDF7404121205
:100A8000018B09A909EEA2E792AFEA496004790057
:100A9000800279087F02020F3074F2120C29A2AF93
:100AA000E433FEC2AF740E12155878081214E578BC
:100AB0000812121C121CDF7404121201EA4B60129D
:100AC0008A828B83A3A3A3A3A3A3A3A3A3780812BF
:100AD00014C7EEA2E092AFEA4B600479008002797D
:100AE000087F06020F3074F4120C29A2AFE433F52C
:100AF00008C2AF121CE58A0A8B0BAE0AAF0BEE4F91
:100B00006003121CEBE508A2E092AFEE4F6004799F
:100B100000800279067F04020F3074F2120C2975EE
:100B20000800750900750A00750B00A2AFE433FEDA
:100B3000C2AF121CE58A828B83E58245836007A3DE
:100B4000A378081214E5EEA2E092AFAA08AB09ACB4
:100B50000AAD0B808C74EA120C2974FC1212B48555
:100B60002182852283EAF0A3EBF0A3ECF0A3EDF061
:100B7000A9A8C2AF85218285228378081214E59046
:100B80001540780812140BE9A2E792AF90153E12B7
:100B90008D427003028D3290153EE0FEA3E0FF759A
:100BA0000C00750D00750A00750B00A2AFE433F55B
:100BB0000EC2AFEE2402F508E43FF50974021215E7
:100BC00058128D4270207401121558E0701885215A
:100BD00082852283E0F8850882850983E0C39840F6
:100BE00005E0C3988039850882850983781012143E
:100BF000E58521828522837810121488501885217A
:100C00008285228378101214E5850882850983780D
:100C10001012135C800A850882850983128960F0AE
:100C2000EE2406F514E43FF515EE2404F510E43F38
:100C3000F511128D3C7054851082851183128D42FE
:100C4000704EEE2409F512E43FF513851282F58308
:100C500012151DE8494A4B604D851482851583E0C5
:100C6000FAA3E0FBEA4B603E8E828F83A3A3A3A38B
:100C7000A3A3A3A3E0F9121BDD85128285138312BF
:100C8000151D850882850983121529128D3C700B6C
:100C9000851082851183128D42600B851482851523
:100CA00083128D4270258E828F83E0F8A3E0F9E5F0
:100CB0000C450D700590153E8006850C82850D83D0
:100CC000E8F0A3E9F08E0A8F0B80048E0C8F0D8E56
:100CD000828F83E0FEA3E0FFE50EA2E092AFE50A7B
:100CE000450B6047850A82850B83A3A3128D427052
:100CF00033850A82850B83A3A3A3A3128D4270249C
:100D0000850A82850B83A3A3A3A3A3A3E0FAA3E090
:100D1000FB850A82850B83A3A3A3A3A3A3A3A3E0BC
:100D2000F9121BDDAA0AAB0B121C37EE4F6003024F
:100D30008BA574041212017F0E020F308508828584
:100D40000983E0F8A3E0F9E84922C082C083901546
:100D500040121541028A6174F7120C29122F3312C6
:100D60002E5B122D4179011222DFE9FE79FF121B61
:100D7000EFEEF9806574F7120C2974FF1212B412A9
:100D80002F2DE9FE852182852283E4F0AA21AB2262
:100D900079561219D37AF57B0C79E21219D3128E97
:100DA000CD60129016C8E0FAA3E0FB121C37901633
:100DB000C8E4F0A3F0EEF9801C74F7120C29E9FEE8
:100DC00074E26E700B7CF57D0C121D277900800398
:100DD0001219CD800574011212017F01020F3074C7
:100DE000F7120C298908EAFEEBFF74E26508700B24
:100DF000EEFCEFFD7AF57B0C121D27EEFAEFFBA956
:100E0000081219D380D4C082C0838A828B83A3A3A3
:100E1000A3A3A3A3A3A3E4F0122E6102902FC08288
:100E2000C0838A828B83A3A3A3A3A3A3A3A3E4F079
:100E3000122D4702903174F4120C29EAFEEBFF8E5A
:100E4000828F8312151D9016C4121529128ECD6043
:100E50000479FC80418E828F83A3A3A3A3E0FA745C
:100E6000036A601D12910070307A1B7B00121C31E6
:100E7000128EBA60417C1B7D007900121B89129191
:100E8000248E828F83A3A3A3A3A3A3E4F0EEFAEF9F
:100E9000FB122F6F79000290FB8E828F83A3A3A396
:100EA000A3A3A3A3E060DA75F021A4FAABF0121CAF
:100EB0003112910D70CB791A80DC8A0A8B0BA80A4B
:100EC000A90B9016C8E8F0A3E9F0E849229016C8EB
:100ED000E0F8A3E0F9E8492274F7120C2974FF1234
:100EE00012B4EAFEEBFF8521828522837401F0AA09
:100EF00021AB2279521219D3EE2415F582E43FF585
:100F000083E4F0EE2420F582E43FF583E4F0EEFA8A
:100F1000EFFB122D4D7900028DD574ED120C298A4C
:100F2000088B098C0A8D0BEA241EF8E43509F98830
:100F30000C890DEA241CF582E43509F583E0FBEA0F
:100F4000241BF582E43509F583E0FA88828983E081
:100F5000F9122DCB8A0E8B0FAE0EAF0FEE4F700332
:100F60000290288508108509117512007810121258
:100F7000207C137D00EE2426FAE43FFB121B7D74D7
:100F800003121201EE2402F8E43FF9880E890FE5FE
:100F900008241FF582E43509F583E0F510A3E0F598
:100FA000117810121220850C82850D83E0FC7D00E3
:100FB000850E828983E0FAA3E0FB121B7D74031285
:100FC0001201E508241350020509F510850911786E
:100FD000101212207C0B7D00EE241BFAE43FFB1262
:100FE0001B7D7403121201E50A450B60308E828F5F
:100FF00083A3A3A3A3E0F96024850E82850F83E079
:10100000FAA3E0FBEA4B6015850A82850B83123157
:1010100099E96009EEFAEFFB121BA1800BEEFAEFE3
:10102000FB122DC579008002791A7F0B020F3079EF
:1010300000D083D0820211CE7900028DDAC082C046
:101040008312188380E9C082C08312188980E2C0AD
:1010500082C08312188F80D974F7120C2912189548
:1010600080D6C082C08374FF1212B4E985218285C4
:101070002283F0AA21AB2279E01219D37401121253
:101080000180AE74F4120C298A088B09ECFEEDFF86
:101090007B007A007900122DCBEA4B605EEA2431A6
:1010A000F582E43BF5837402F0EA2426F582E43B02
:1010B000F583E508F0A3E509F0EA242EF582E43B88
:1010C000F5837402F0EA242FF582E43BF583EEF019
:1010D000A3EFF0EA2432F582E43BF583E4F0EA245E
:1010E00033F582E43BF5837431F0A3E4F0EA242382
:1010F000F582E43BF583E4F0122DC57F04020F3046
:10110000EE2416F8E43FF988088909EA228A0A8B56
:101110000BA80AA90B850882850983E8F0A3E9F0EA
:10112000128EC2229016C8E0240BF8A3E03400F916
:10113000850882850983E8F0A3E9F02274F0120C97
:101140002974EA1212B4852182852283EAF0A3EB86
:10115000F0A3ECF0A3EDF0C2007426121558780845
:101160001214E59083D8780C1214E57808790C12E3
:101170001059700B7A007B007C807D3F02950A85B8
:10118000218285228378081214E59083D8780C1286
:1011900014E57808790C121059700302921E85210B
:1011A0008285228378081214E5EDC2E7F50B901AC8
:1011B000BB780C1214E57808790C12105970159050
:1011C00016CD7422F0A3E4F08521828522831215C6
:1011D0004102950A742612155878081214E5901ADF
:1011E000BB780C1214E57808790C12105970149021
:1011F00016CD7422F0A3E4F07AFF7BFF7C7F7D7F25
:1012000002950A742612155878081214E5901ABF30
:10121000780C1214E57808790C121059700B7A00CA
:101220007B007C007D0002950A85218285228378DF
:10123000081214E59083D8780C1214E57808790C1C
:10124000120E985071742612155878081214E5740D
:1012500026121558780C1214E5780C1208FF780C39
:10126000120B427808790C120262901AC3780C12A1
:1012700014E57808790C120E49500B9016CD7421A4
:10128000F0A3E4F0809885218285228378081214E7
:10129000E5EDC2E7F50B85218285228378081214DB
:1012A000C7742612155878081214E578081208FF3A
:1012B000E508A2E092008521828522837808121435
:1012C000E5E50B5480443FF50BE50AC2E7F50A74E7
:1012D0000612155878081214C78521828522837852
:1012E000081214E5E50A33E50B332482F50833953B
:1012F000E0F509F50AF50B7808120B427426121571
:1013000058780C1214E57808790C120687740E12BE
:10131000155878081214C7740E1215581215411278
:10132000235D8521828522831215358521828522C0
:101330008378081214E578081208FF74041215580F
:10134000E508F0A3E509F0740612155812154112CC
:101350002375741212155812153574261215587803
:10136000081214E57404121558E0F50CA3E0F50D0D
:101370003395E0F50EF50F780C120B427808790CD6
:101380001202627412121558780C1214E57808795A
:101390000C120687C008C009C00AC00B740E1215D3
:1013A0005878081214E5852182852283780C12145E
:1013B000E57808790C120262901AC7780C1214E5CD
:1013C0007808790C120687D00FD00ED00DD00C788B
:1013D0000C7908120287AA0CAB0DAC0EAD0F1223CC
:1013E00057740A121558121535852182852283E417
:1013F000F0A3F0A37480F0A3743FF07404121558A6
:10140000E0FAA3E0FB122351EA4B702F0294A77479
:1014100006121558780C1214E5740612155878083F
:101420001214E5780C79081206877406121558789C
:101430000C1214C7EBC313FBEA13FAEAA2E050271D
:10144000852182852283780C1214E57406121558C2
:1014500078081214E5780C790812068785218285B0
:101460002283780C1214C774016A4B70A2740412A0
:101470001558C3A3E09400A2D265D0335029750853
:1014800000750900750A80750B3F852182852283CE
:10149000780C1214E57808790C1204A18521828554
:1014A000228378081214C7740A1215587808121487
:1014B000E57404121558E0F9852182852283780CA1
:1014C0001214E5E9A2E713F9E413250EF50EE93548
:1014D0000FF50F7808790C120687740A12155878E0
:1014E000081214C7A200740A501012155878081276
:1014F00014E5E50BB2E7F50B8008121558780812D1
:1015000014E5AA08AB09AC0AAD0B74161212017FE0
:1015100008020F30C082C0839005ECE4F09005F320
:10152000F00296BE74F7120C29E9FE9005ECE0601B
:10153000031217AB9005EC7401F0901929E06008D4
:10154000791D121B2F029626EE9005EDF0640270B5
:1015500005121919804AE06007640160031217AB95
:101560009005F0E4F090182CE0F8A3E0C8240EF504
:1015700082E438F583E0544060059005AE80039026
:101580000590E09005EE1296857012900577E06068
:101590000C9005EEE0C3940340037402F0121AF9B4
:1015A0009005F3E0705A90182CE0F8A3E0F9E849B0
:1015B00070031217AB12988FE0F8A3E0F9888289C4
:1015C00083E054209005F2F088828983A3A3E09001
:1015D00005F1F090182CE0FAA3E0F5838A82A3A32A
:1015E000A3A3E0FAE824FFF582E934FFF58374024F
:1015F0002AF075E1EE74012AF9AA82AB831219B5BB
:10160000A2AFE433F8C2AF9005D7E070119005D9CE
:10161000E0700B9005EC1296F6121AFF8008900508
:10162000EC74021296F80297E874F6120C2912195B
:10163000E5E9F97508017509009005EEE0780812F2
:1016400013D2E50814599005EF129685700512190A
:101650000D80031219077F02020F30C082C08390F1
:1016600061A4E0C2E0F09005D9E4129685640270AE
:101670000512191F800DE0640370051219258003FF
:10168000121B058039F09005EDE022C082C08390E6
:1016900005EDE07014122D83E9F89005EFE0C39892
:1016A0004007791C121B2F80031219138010C0826F
:1016B000C0839005F37401129685F9121AF3D08352
:1016C000D0820211CEC082C0839005D7E070069010
:1016D00005D9E060031217ABA2AFE433F8C2AF90B4
:1016E00005ECE0640270081296F6121AFF8005E815
:1016F000A2E092AF80C87483F0E8A2E092AF22C06B
:1017000082C0839005EDE06007640160031217ABAF
:101710009005EC7404F0121AD59005F0E004F0F88E
:1017200090058FE0C398500779E1121B2F8032900B
:10173000059BE0FA9005EEE079002401F8500109DC
:10174000EAFCC3E89CE99400A2D265D0335004E0DF
:10175000048001EAF0121AF99005EC7483F0121B70
:10176000050296BE74F7120C29A2AFE433FEC2AF95
:101770009005ECE0648370279005D7E06003121AAF
:10178000579005F2E09005EC700F7485F0EEA2E042
:1017900092AF7900121B2F800B7486F0121931EE74
:1017A000A2E092AF804274F7120C29E9FF8A08A2E6
:1017B000AFE433FEC2AF9005ECE064867025748719
:1017C000F0121937EEA2E092AF9005F1E06F700CC5
:1017D000E5086004791B80067900800279E9121B14
:1017E0002F8005EEA2E092AF7F01020F3074F71256
:1017F0000C29A2AFE433FEC2AF9005ECE064867022
:10180000127487F0121937EEA2E092AF79E9121B39
:101810002F8005EEA2E092AF80CE74F7120C29E97A
:10182000FE9005F3E4F09005ECF09005B0E0600563
:101830009005D7E4F0121AD5121A09121A15EEF90A
:10184000122DA180A374F4120C2990182CE0F8A397
:10185000E0F9E84970031217AB1218D78A088B0910
:101860008C0A8D0B12988FA3A3A378081214C712A9
:10187000196D8A0890182CE0FAA3E0CA2409F582B1
:10188000E43AF583E508F0A3EBF07F04020F309013
:10189000182CE0F8A3E0F5838882A3A32274F11248
:1018A0000C2974EE1212B47E001222CDE9F8A2E0E7
:1018B00050027E0175081975091978081212247CE6
:1018C000017D007A557B00121CA97402121201E9F5
:1018D000700AEEA2E0500579001230537A247B00A2
:1018E000121CAF8A088B097A357B00121CAF8B0B58
:1018F000EA450B7072740265084509706AA821A94F
:1019000022880889097808121224750802750900CE
:1019100078081212247C007D007A247B00121CBB04
:101920007404121201852182852283E0F8A3E0F974
:10193000E8FAE9FB9019F2EAF0A3EBF0A3E4F0A3D4
:10194000F07508F275091978081212247C047D00DC
:101950007A357B00121CA974021212017C027D00F0
:101960007A247B00121CC17AAA7B1679E21222E546
:10197000EEF91222C77C107D007900740212128CDD
:10198000121B89901A2CE060046401704F750C637F
:10199000750D38750E8074021212848808890975D5
:1019A0000A0078081212207C107D00A90CAA0DAB49
:1019B0000E121B837403121201E9600A74021212E0
:1019C0008C1222498016780C1212207C107D007433
:1019D0000512128C121B7D74031212017402121272
:1019E000848808890978081212247C107D007A62A4
:1019F0007B00121CA97402121201E97025EEA2E00C
:101A00005020780812122475081075090078081201
:101A100012247C007D007A627B00121CB5740412D3
:101A200012017C107D007900740212128C121B8945
:101A3000EEF91222A3EEA2E050077A0179001222F9
:101A4000D3790074121212017F07020F3074F21260
:101A50000C29890D750C009016C07401F0801A12C3
:101A6000122478081212247C007D00EEFAEFFB129B
:101A70001CBB7404121201050CE50C75F006A4F8E9
:101A8000A9F0749B28F8743139F988828983E4932A
:101A9000FA740193FBEA4B606EA3A3A3A3E493F54E
:101AA0000A740193F50B88828983A3A3E493C0E0B1
:101AB000740193F583D082858208858309888289A1
:101AC00083E493C0E0740193F583D082AE82AF8348
:101AD000780A121224AC08AD09EEFAEFFB121CA929
:101AE0007402121201E9708FE50D780A7003029AF0
:101AF0005F12122478081212247C007D00EEFAEFA7
:101B0000FB121CB5029A727F06020F3074F6120C9B
:101B10002974FF1212B4129B611212247C017D0001
:101B20007A037B00121CA97402121201E97020785A
:101B30000812122475080175090078081212247C15
:101B4000007D007A037B00121CBB74041212018515
:101B50002182852283E0F974011212017F02020FB3
:101B600030852182852283E4F0A821A92288088972
:101B70000978082274F6120C2974FF1212B4E9FED7
:101B8000EAFF129B6112122475080175090078089A
:101B90001212247C007D007A037B00121CBB7404AB
:101BA000121201E9F9703E74FF6E700A8521828578
:101BB0002283E04F800C74FF6FF885218285228399
:101BC000E058129B68121224750801750900780804
:101BD0001212247C007D007A037B00121CB5740471
:101BE000121201E9F9029B57C082C08390044CE0B5
:101BF00070037401F0D083D0820211CE74F1120C04
:101C0000298A0A8B0B8C088D09EC4509605D121836
:101C100017750C00750D00801C1217FF53FE7F1204
:101C20001811E98E828F83F079001217F9050CE5FF
:101C30000C7002050DE50A250CFEE50B350DFFE5E0
:101C40000824FFF8E50934FFF9C3E50C98E50D9980
:101C5000790040C51217FF53FE7F121811E98E82DA
:101C60008F83F079011217F912180B79007F0702A0
:101C70000F3074F2120C298A088B09ECFEEDFF126A
:101C80001817750C03EE4F6031750A00750B00E5EF
:101C900008250AF582E509350BF583E0F91217F3FB
:101CA0004006150CE50C70E7050AE50A7002050B05
:101CB000C39EE50B9F40D812180B79007F06020FD8
:101CC0003074F7120C29E9FF7E0874805FF912174F
:101CD000F9EFC333FFDEF379001217FF129DA01254
:101CE00017FF7901121503A297B380057901121528
:101CF000037F01020F3074F7120C29E9FE790012FC
:101D000017FF7901121503EE600553FE7F8005432E
:101D1000FE80C29779011217FF80D174F7120C2947
:101D2000E9601453FEBF7E0AA2964010EE600D7962
:101D3000011215031E80F143FE40C29680AE74F777
:101D4000120C2979011217FF7E03A296400979012E
:101D50001215031EEE70F379001217FF129DA012E8
:101D600017FF790112150343FE80C29779011215FE
:101D70000379001217FF029CF1C082C08379001220
:101D800017FF43FE80C297790112150379011217DC
:101D9000FF129DA012150353FE7F53FEBF029BF559
:101DA00053FE7F79012274F6120C297E007F077999
:101DB000001217FF790112150379011217FF79013B
:101DC000121503A2975011750801750900EF7808E4
:101DD0001213D2E508CE4EFE74FF2F1FC39400A24B
:101DE000D265D03350C9EEF97F02020F3074F7127A
:101DF0000C29E9FF7E03121805EFF91217F34004CE
:101E00001EEE70F2029CF174F1120C29890E8A0BFD
:101E1000ECFEEDFF750C00750D00740F12155812D5
:101E20009F136037121805E50EC333F50AF9121730
:101E3000F35004D2F08002C2F0A2F0501EA90B129F
:101E400017F350171218057401450AF91217F350C9
:101E500004D2F08002C2F0A2F040047901804479FB
:101E6000001217FF53FE7F121811EE250CF582EFBA
:101E7000350DF583E9F0C3E5089402E509940040C7
:101E80000579001217F9050CE50C7002050D129F7B
:101E90001F70CC79001217FF129DA01217F91218AB
:101EA0000B7900029C6D74F2120C29890D8A0CECDE
:101EB000FEEDFF750A00750B00740E121558129F87
:101EC000136037121805E50DC333F91217F35004E8
:101ED000D2F08002C2F0A2F05020A90C1217F350E9
:101EE0001979001217FF53FE7FEE250AF582EF35B0
:101EF0000BF583E0F91217F3400479018012050A0B
:101F0000E50A7002050B129F1F70D612180B79009C
:101F1000029CBCE0F508A3E0F509E508450922E5C7
:101F20000824FFF508E50934FFF509E5084509220D
:101F300074F4120C298908EAFEEBFF901587E07013
:101F400021750A13750B1F780A1212247C147D0068
:101F50007A007B00121D6F740212120190158774B3
:101F600001F07A057B00121C318A0A8B0BA80AA9A2
:101F70000BE84970047910804E88828983E4F0A3CD
:101F8000F088828983A3A3E508F088828983A3A3CC
:101F9000A3EEF0A3EFF0901585E0FAA3E0FBEA4B87
:101FA000901585601BE0FCA3E08003EAFCEBFD8C50
:101FB000828D83E0FAA3E0FBEA4B70EF8C828D8385
:101FC000E8F0A3E9F0790002A25D78081212287502
:101FD000080078081212287C037D00EEF9121D8794
:101FE000740B12120174021212017F02020F30747C
:101FF000F6120C2974FE1212B4E9FEEC85218285DA
:102000002283F0740112155812A04212122475088E
:10201000027509007808121224741112155812A0C2
:102020004F121228E4F508780812122474131215BE
:102030005812A04F121228750801780812122802AF
:102040009FCAEDF0A821A92288088909780822E012
:10205000F50878082274F6120C298A828B83A3A3D0
:10206000E0FE5407640170658A828B83E0F8A3E088
:10207000F988088909E82414F582E43509F583E034
:10208000FC90158512A26F49604388828983A3A3BF
:10209000E06C8882898370ECA3A3A3E0FCA3E0FD3D
:1020A000EC4D6029850882850983A3A3A3A3E0F5ED
:1020B00008A3E0F5097808120F76000003FEA0D10E
:1020C000A0FEA0FEA0C7A0121F19E98033790180ED
:1020D00030EE540870248A828B83A3A3A3A3A3A306
:1020E000A3E0701A8C828D83E0F8A3E0F9888289DE
:1020F00083E5824583600312319974008002740184
:10210000F9029FEA74F4120C2974FA1212B48A08C4
:102110008B098A828B83A3A3A3A3A3A3A3E0F88A3A
:10212000828B83A3A3E05408600302A209E87037FE
:102130008A828B83A3A3A3A3A3A3A3A3E0FAA3E010
:10214000FB850882850983E0F8A3E0C82414F582A2
:10215000E438F583E0F98A828B83E0FCA3E0FBECB2
:10216000FA12311902A256740168600302A20C85AA
:102170002182852283E4F0A3F08A828B8312A26FEE
:10218000FEE9FFE4F50AF50B780A12122474021234
:102190001284880A890B780A1212247C007D008E32
:1021A000828F83A3A3A3A3E0FAA3E012A262121E6C
:1021B0000B740412120185218285228312A26F49B9
:1021C000700302A256850882850983E0FEA3E0FF22
:1021D000850882850983A3A3A3A3A3A312A04F12FA
:1021E000122875080178081212287402121558E096
:1021F000FCA3E0FDEE2406FAE43F12A262121F0DDA
:10220000740212120179FF804FE86004790180485E
:102210008A828B83E02406F8A3E03400F97402126A
:102220001558E8F0A3E9F08A828B83A3A3A3A3A3A4
:10223000A3A3A312A26FFAE9FB8A828B83E0FCA31B
:10224000E0F9ECF87404121558E8F0A3E9F0740210
:1022500012128C122FCF790074061212017F040221
:102260000F30FBEE2414F582E43FF583E0F922E021
:10227000F8A3E0F9E82274F0120C2974F81212B4F1
:10228000852182852283EAF0A3EBF0A3ECF0A3ED95
:1022900012A5421214E59083D8780C1214E5780840
:1022A000790C121059700B7A007B007C807D3F0204
:1022B000A53885218285228378081214E5EDC2E7CE
:1022C000F50B901A32780C1214E57808790C120E7E
:1022D0004950449016CD7422F0A3E412A542121482
:1022E000E59083D8780C1214E57808790C120E98D2
:1022F000500E750800750900750A00750B00800CFA
:102300007508FF7509FF750A7F750B7FAA08AB0971
:10231000AC0AAD0B02A5388521828522837808128C
:1023200014E5901A36780C1214E57808790C120628
:102330008785218285228378081214C785218285AA
:10234000228378081214E5E50BC2E7F50B78081232
:1023500008FFE508FA852182852283780C1214E5AE
:102360009083D878081214E5780C7908120E9850EA
:102370003985218285228378081214E5EAF50C3329
:1023800095E0F50DF50EF50F780C120B42780879F3
:102390000C1202629083D8780C1214E57808790C3C
:1023A00012105960010AEAF404FA85218285228319
:1023B000780C1214E5EAF5083395E0F509F50AF50D
:1023C0000B7808120B42780C79081202627404121E
:1023D0001558780C1214C77404121558780C12147E
:1023E000E5901A3A78081214E5780C7908120E98DC
:1023F00050277404121558780C1214E5901A3A7884
:10240000081214E5780C7908120287740412155822
:10241000780C1214C7D2008002C20074041215583E
:1024200078081214E5901A3E780C1214E5780879B1
:102430000C120687901A42780C1214E57808790C71
:102440001202877404121558780C1214E578087972
:102450000C120687901A46780C1214E57808790C4D
:102460001202877404121558780C1214E578087952
:102470000C120687901A4A780C1214E57808790C29
:102480001202877404121558780C1214E578087932
:102490000C120687901A4E780C1214E57808790C05
:1024A0001202877404121558780C1214E578087912
:1024B0000C120687901A52780C1214E57808790CE1
:1024C0001202877404121558780C1214E5780879F2
:1024D0000C120687901A56780C1214E57808790CBD
:1024E00012028785218285228378081214C7A200F0
:1024F0005025852182852283780C1214E5901A5A82
:1025000078081214E5780C790812068785218285EF
:102510002283780C1214C7EAF985218285228378F8
:10252000081214E5AA08AB09AC0AAD0BE9A2E7133F
:10253000F9E4132CFCE93DFD74081212017F080236
:102540000F30F0852182852283780822C082C083E3
:102550009005D4740BF09005D374FFF09005D2F081
:102560009005D58018C082C083121A21121A2D80BE
:102570000DC082C0831219618004F0EBA3F0D083F8
:10258000D0820211CEC082C083906180E0F8E96001
:1025900004D2F08002C2F0A2F0E43333FA74FD58A2
:1025A0004A80DAC082C083EA90617280CDC082C066
:1025B00083EA90617480C3C082C083EAFCEBFD793A
:1025C000087A6A7B611219A980B474F7120C29E9A0
:1025D000FE907803E0F874956860057434687006BE
:1025E0007AF77B3780047A157B388A828B83E49371
:1025F000F8C39EA2D265D033400EA3E493F8EEC395
:1026000098A2D265D0335002E8FEA2AFE433F9C2FB
:10261000AF8A828B83E4939E2402FCEA2CF582E449
:102620003BF583E4939005D512A6BB60057434682E
:1026300070119005D5E064FD9005D670047401809A
:1026400001E4F0E9A2E092AF121A09EEF902A78CB8
:10265000C082C083A2AFE433F9C2AF9005D5E0F8E1
:102660009005D2E068604C9005D9E070469005EC8A
:10267000E0A2E7403E9005D5E09005D212A6BB60EF
:102680000574346870259005D2E0906190F0900553
:10269000D6E09061AC600A74F5F09061917474803A
:1026A000117455F0906191746980079005D2E090A3
:1026B0006190F0E9A2E092AF02A57EF0907803E08D
:1026C000F87495682274F7120C29E9FF74F529C390
:1026D000941340031217ABA2AFE433FEC2AFEF90E6
:1026E00005D4F09005ECE07003121A15EEA2E0920A
:1026F000AF02A78CC082C0839005ECE06003121784
:10270000ABA2AFE433F8C2AF9005D4E0F99005D3A3
:10271000E06960269005D4E09005D3F0E8A2E0924D
:10272000AF121AE175F0059005D3E0A424D49061AE
:102730008FF0121A57121ACF8005E8A2E092AF026A
:10274000A57E74F7120C29E9FE901929E0600312A6
:1027500017AB9005D8E060031217ABEE7007900539
:10276000D87401802674036E70079005D8740380B6
:102770001A74016E600874026E60031217AB900544
:10278000D87402F090617274FFF0A3F07F01020F21
:1027900030C082C0839005D8E4F0900591E090614C
:1027A00072F0900592E090617302A57DC082C083B3
:1027B00012199702A57EC082C08312199DE924B721
:1027C000F9121A3302A57EE9FCC394A9A2D265D0FE
:1027D0003350047CA9800DECC3940BA2D265D03396
:1027E00040027C0AECF83395E0F9E82457500109DF
:1027F00075F0FFA4F8AAF075F0FFE9A42AF97A6150
:102800007B001209C7E8F90211CE74F7120C2912E5
:102810001A3302A78CF075E1E275E1FF02A916A94F
:10282000A8C2AF75C300AAA2A8A3E9A2E792AFE825
:10283000F9EAF87A007B021209C7E8F90211CEC062
:1028400082C0839061A4E0A2E450031217AB759C90
:10285000019061E47401F075E1E275E1FFA8A8C29E
:10286000AF759B007591EFE8A2E792AFA8A8C2AF41
:10287000759B007591F7E8A2E792AF02A916C08296
:10288000C08312190175E1BC75E1B875E10F75E1FE
:10289000D075E1D075E1D075E1D0805FC082C08392
:1028A00012190175E1BC75E11775E18175E11075CB
:1028B000E1D275E1818044C082C0839005EFE09051
:1028C00061E2F075A1FDA2AFE433FAC2AF75C300B7
:1028D000A8A2A9A3900563E094125008E87005E946
:1028E0007002780175C30388A289A3EAA2E092AFBF
:1028F00012A97A121ADB75E1E1801B75E11075E10E
:10290000D275E1D975E10175E10975E1BA75E101A9
:1029100075E1C575E1D2D083D0820211CEC082C0EC
:102920008312190175E1BC80D874F7120C2912A921
:102930007AA2AFE433F508C2AF75C300E5A2AFA435
:10294000740F5FF8740F98FE9061E2F0121AC9904C
:1029500005EA7401F075E1E175C300E5A2E5A46F35
:10296000600DEEC39402400774FF2E9061E2F0E523
:1029700008A2E092AF7F01020F309061A4E0D2E4A0
:10298000F0E0D2E3F022C082C0839005EFE09061D6
:10299000E2F002A8F0C082C0839061E4E07017907A
:1029A00061A4E0A2E4500FE0C2E4F0E0A2E350032F
:1029B00012193D121B1D02A91674F4120C29906104
:1029C000A4E0A2E450031217AB1218FBE9F508903B
:1029D0000574E0FEC3941550031217AB74EC250880
:1029E0002EFE75F01484FF75F014A4CE9EFE0F9099
:1029F00061E47402F0EF9061E2F0EEC394154003DD
:102A00001217AB75A1FDA2AFE433FAC2AF75C303D1
:102A1000EEF50A750B007409780A1213D2F8A90BA7
:102A2000900563E0C394125006E97003087900E84A
:102A3000F5A2E9F5A3EAA2E092AF75E1E275E1FF44
:102A4000A8A8C2AF759B007591EFE8A2E792AF7599
:102A5000E1BC75E1B875E1D29061A4E0D2E4F07513
:102A6000E1E11218FBE9C39508500A9061E2E06FBA
:102A70007003E014F07F04020F30C082C0839061C5
:102A8000A4E0C2E402A815C082C0839061A4E0C2A1
:102A9000E3F0121B3502A916C082C0839061A4E046
:102AA000C2E4F09061E4E07005121B1D8015E06443
:102AB000017005121B17800BE0640260031217AB54
:102AC000121B2902A91674F7120C297800790080CC
:102AD0002774502EF582E43404F583E08A828B83D8
:102AE000F09004D0E00412AB9BC3948040059004A6
:102AF000D0E4F008E87001099004D0E0FEA3E06E95
:102B00006007C3E89CE99D40C8E8FAE9FB02ACFB1A
:102B100074F7120C29900555E0FEF8900554E0FF7B
:102B2000EEC39FE05010C398F895E0F9E824FF1831
:102B3000E934FFF9800DC398F895E0F9E8247FF8AF
:102B4000500109C3E89CE99D50067A007B0080484B
:102B500078007900800BE004F0439A0408E87001E3
:102B600009C3E89CE99D502C8A828B83E0C0E090E9
:102B70000555E0FE74D42EF582E43404F583D0E0EC
:102B800012AB9B900556E4F0900555E0C3947F404E
:102B9000C5E480C4E8FAE9FB02ACFBF08A828B83CF
:102BA000A3AA82AB832274F6120C29900557E0F891
:102BB000A3E0F9E8FEE9FFEE4F606C1218598A08AD
:102BC0008B09A808A9097A009004D2E0FC6016A33A
:102BD000E0FBE595C39BFBC39C9004D25005E0C38A
:102BE0009B8001E4F0E595A3F0C3E8947FE99400AD
:102BF00040047A018019C3E89430E9940040047AD3
:102C000002800CE84960089004D2E070027A0490D7
:102C10000556E06006E4F0EAD2E4FAEA60097900D9
:102C20008E828F831231997F02020F30C082C0835F
:102C30009004D1E0FD9004D0E0FCFAEDF8C39C4094
:102C400008E8C39AFA95E0800D7480C39AFA95E07B
:102C5000FBEA2DFAE43BFBD083D0820211CE53FF76
:102C60003F85FFFF53F1FE43F30C53F2F37586806B
:102C700075C4800211CEC082C083E97068EA241B4B
:102C8000F582E43BF583E0F8A3E0F9900557E8F01E
:102C9000A3E9F08A828B83A3E0F8740368600A7466
:102CA0000468600575C23B800375C2D8E0601314E8
:102CB000600B14600314700F75C50A800D75C5098B
:102CC000800875C508800375C50B8A828B83A3A312
:102CD000E0600875C44243F330800375C402438644
:102CE00040D2AAD2E9790002AC5774F7120C29E954
:102CF000700512184780047A007B007F01020F30B4
:102D000074F7120C29E9700512184D80047A007BC3
:102D10000080E8C082C08312185302AC5774F712C7
:102D20000C29E9700512185980047A007B0080CBC9
:102D3000C082C0839036597C747D05745E12112860
:102D40001219E5E990058DF01219E5E9900581F079
:102D5000D083D0820211CEE9F874C029F9C3941E41
:102D60004010742028C3940F5006743E28F9800246
:102D7000792D0211CE74F3120C29EAFEEBFF121921
:102D8000C7E9F8742D68700479F4805385A80BC2E4
:102D9000AFE8F508750900740278081213D274B50B
:102DA0002508FA74333509FB8A828B83E493F8741F
:102DB0007428F508E43405F509750A00780812123C
:102DC000208A828B83A3E493FC7D00EEFAEFFB1252
:102DD0001B7D7403121201E50BA2E792AF79007F0D
:102DE00005020F3074F1120C298908EAFEEBFF741A
:102DF000F1650870248E828F83E06401790270147B
:102E0000121AC3A9081219C7E9F8742D68702F792E
:102E1000F402AF80121AB780EA74F06508700F8E62
:102E2000828F83E09018B4F0F91219EB80D57445C5
:102E3000650870CF900579EEF0A3EF02AF7DE8F55D
:102E40000A750B007402780A1213D274B5250AFAB7
:102E50007433350BFBEA2402F8E43BF9888289835A
:102E6000E493F509EA2403FCE43BFDE50970088CD2
:102E7000828D83E49360538C828D83E49365097023
:102E80000579FB02AF8074586508701A8E828F83B3
:102E9000E02471F50AA3E034FFF50BC3E50A9422A0
:102EA000E50B9464501F8E828F83E0F50988828938
:102EB00083E493F8E509C398400B8C828D83E493F7
:102EC000C39509500579E802AF8085A809C2AF8E85
:102ED0000C8F0D750E00780C1212208A828B83A342
:102EE000E493FC7D008A828B83E493F8747428FA5F
:102EF000E43405FB121B7D7403121201E509A2E7FD
:102F000092AFE50824B0601A24FE603014602024DB
:102F100073604E14603814603F24FD604E14605599
:102F2000805C900591E0FAA3E0FB1219F1804F90CC
:102F30000595E0FAA3E0FB1219F78042900594E0B2
:102F400079026005121AB78035121AC380309005D5
:102F5000A4E0F9121A0F80267AA57B051219FD80CC
:102F60001D9005A3E0F9121A0380138E828F83E06F
:102F70009005B080088E828F83E09005B1F07900D3
:102F80007F07020F30C082C08390150FE4F0A3F0DA
:102F90009015117411F0A3740DF0900D117470F070
:102FA000A37402F0900F81F0A37480F0A3748CF0EE
:102FB000A37405F0D083D0820211CE74F6120C29CE
:102FC0007A017B00121C318A088B09AE08AF09EE2A
:102FD0004F70031217AB85A808C2AFEE24FEF8EFBE
:102FE00034FFF9901511E8F0A3E9F0EEFAEFFB12C7
:102FF0001C379015137401F0E508A2E792AF7F0229
:10300000020F3074F2120C297C007D007E00EA244D
:1030100002FAE43BFBA2AFE433FFC2AF901513E02A
:103020006008EA9411EB9400500A901511E0F8A39F
:10303000E0F980047883790F88828983E0F508A31A
:10304000E0F509548060057E0002B0E0EEA2E05099
:103050007C8C828D83E0F50AA3E0F50B5480F50D9E
:10306000E50A2508F508E50B3509547FF509E50D56
:103070004509F5098C828D83E508F0A3E509F05434
:103080007FF509C3E5089AE5099B4054ECF8EDF992
:10309000E849700302B14E88828983E0FCA3E054C2
:1030A0007FFDECC39AFCED9BFDC3EC9404ED940012
:1030B000405DE82AF582E93BF583ECF0A3EDF0EB07
:1030C0004480FB88828983EAF0A3EB804AE50954B7
:1030D0007FFDC3E5089AED9B50B67E01E8FCE9FD53
:1030E00088828983E0F508A3E0547FF509E8250884
:1030F000F8E93509F988828983E0F508A3E0F50944
:10310000E5084509600302B03878007900803F88FF
:10311000828983A3E04480F0901513E06029901524
:1031200011E0FAA3E0FBE86A7002E96B701988828B
:103130008983E0FAA3E0547FFBE82AFAE93BFB909D
:103140001511EAF0A3EBF0E82402F8500109EFA210
:10315000E092AFE8FAE9FB7F06020F3074F7120C39
:1031600029EA24FEFEEB34FFFFEAF8EBF9C3E8940A
:1031700011E9940D4009C3E89411E9941540031234
:1031800017AB8E828F83A3E0548070031217ABA21B
:10319000AFE433FAC2AF8E828F83A3E0547FF09006
:1031A0001511E0F8A3E0F9EE98EF99500CEEF8EF66
:1031B000F9901511E8F0A3E9F0EAA2E092AF7F01DF
:1031C000020F3074F7120C29E9900420F07A097B81
:1031D0001712302F7A157B17122FD5790412232757
:1031E000901660E4F0790A12310D7F01020F30C0B1
:1031F00082C0839019207418F09019217410F0A3E4
:103200007427F0A3E4F0A3F0801EC082C0831216DE
:10321000FD9083CC120FFB7A017B00900420E0F933
:10322000121CF17404121201D083D0820211CE74E8
:10323000F0120C298A828B83A3E0600A14601224A6
:10324000FC601A02B2CA8A828B83E0640D707B80B4
:10325000078A828B83E07072121703806D8A828BDB
:1032600083E0640D70051216FD805F901920E090D8
:103270001921602E78081214E57808120B5D9083EE
:1032800004780C1214E57808790C12068778081275
:1032900008F490192178081214C7901920E014F04E
:1032A000801174A0F0A374BBF0A3740DF0A3E4F03C
:1032B0001216FD901921120FFB7A027B0090042058
:1032C000E0F9121CF174041212017F08020F30742D
:1032D000F4120C29EAFEEBFF54807031EE540260C8
:1032E00044EE640202B3698A828B83E06434701610
:1032F000EA2417F582E43509F583E0FAA3E0FBEA56
:103300004B6003121C37AA08AB09121BA1900420C2
:10331000E0F9121BB38A088B09EA450970C9EEFA75
:10332000EF64808037EEA2E050046401803B5404D7
:10333000602DD281908308120FFB7A087B009004E5
:1033400020E0F9121CF17404121201790A12310DF5
:10335000901558E4F0A3F0EE6404FAEFFB8011EE50
:1033600054086008C281EE6408FA80047A007B0089
:103370007F04020F30C082C08374FC1212B4740246
:10338000121558E4F0A3F0852182852283F0A3F082
:10339000AC21AD22740212128C1215F502B2237404
:1033A000F7120C29E9A2E6500E7A047B0090042063
:1033B000E0F9121CFD8021A2E2501D901919E07065
:1033C00017908400120FFB7A047B00900420E0F930
:1033D000121CF1740412120102B1EA74F0120C29E9
:1033E00074F61212B4852182852283EAF0A3EBF0F1
:1033F000A3ECF0A3EDF085218285228378081214D6
:10340000E59083BC780C1214E57808790C120E98BC
:10341000503385218285228378081214E59083D861
:10342000780C1214E57808790C1210599016CD70AA
:103430000A742212B5DF7DFF02B5D5742112B5DF03
:103440007D7F02B5D5740412128488088909780832
:1034500012122474021215581215411223637402B9
:1034600012120185218285228312153585218285DC
:10347000228378081214E5901A5A780C1214E57811
:1034800008790C120E9850328521828522837808A3
:103490001214E57401C31313250AF50AE4350BF57C
:1034A0000B85218285228378081214C774041215B3
:1034B00058E024FFF0A3E034FFF0852182852283C9
:1034C00078081214E5901AAB780C1214E578087994
:1034D0000C120287C008C009C00AC00B8521828572
:1034E0002283780C1214E5901A5678081214E578A5
:1034F0000C7908120287D00BD00AD009D0087808BE
:10350000790C1204A185218285228378081214C7C0
:1035100085218285228378081214E58521828522FF
:1035200083780C1214E57808790C12068774061259
:10353000155878081214C77404121558E0F50833AA
:1035400095E0F509F50AF50B7808120B42901AC7B9
:10355000780C1214E57808790C120687C008C009A7
:10356000C00AC00B740612155878081214E5901A98
:10357000AF780C1214E57808790C120687901AB30C
:10358000780C1214E57808790C120287740612156B
:1035900058780C1214E57808790C120687901AB73F
:1035A000780C1214E57808790C120287852182853F
:1035B0002283780C1214E57808790C120687D00F54
:1035C000D00ED00DD00C780C7908120287AA0CAB63
:1035D0000DAC0EAD0F740A1212017F08020F30F00D
:1035E000A3E4F07AFF7BFF7C7F22C082C0839083BC
:1035F000D812154112197F9083301215411218CB41
:1036000075A1F743A70875A1EF43A7108012C082E8
:10361000C08353A7EF53A7F71218BF8003121541B9
:10362000D083D0820211CE74F0120C298A088B0943
:103630008C0A8D0B1219738A0C8B0D8C0E8D0F78E2
:1036400008790C12149840031217ABAEA8C2AF90C1
:10365000055B78081214C7AA08AB09AC0AAD0B12B7
:10366000198B02B71E74F4120C29AEA8C2AF12193E
:10367000738A088B098C0A8D0BEEA2E792AF900536
:103680005B78081211A950087A007B007C007D004D
:103690007F04020F3074F4120C29AEA8C2AF1219C5
:1036A000798A088B098C0A8D0BEEA2E792AF900500
:1036B0005B78081211A950087A007B007C007D001D
:1036C00080CE74F0120C298A088B098C0A8D0B901D
:1036D000055B78081211A950031217ABA2AFE433AF
:1036E000FEC2AF90055F78081214C7AA08AB09ACF8
:1036F0000AAD0B1219851219738A0C8B0D8C0E8D65
:103700000F7808790C1212F5700D75A1EFEEA2E09A
:1037100092AF122F818005EEA2E092AF8005EEA25B
:10372000E792AF7F08020F300211CEC082C0831231
:103730002F8102B620C082C0831219A3122F8D02DE
:10374000B620C082C08390055B02B61DC082C083D4
:103750009005EBE4F09005EAF08004A2E092AFD08F
:1037600083D0820211CE74F7120C29E9FF70031284
:1037700017ABAEA8C2AF9005EBE04FF0121ADBEE2C
:10378000A2E78003EEA2E092AF7F01020F3074F750
:10379000120C29E9FE70031217ABA8A8C2AF90055E
:1037A000EBE04EF0E880D974F7120C29E9FE7003C3
:1037B0001217ABA8A8C2AF74FF6EF99005EBE059E1
:1037C000F0E8A2E792AF121AD580BEC082C083A8EB
:1037D000A8C2AF9005EBE4F09005EA12B871E8A238
:1037E000E792AF121A5702B75F74F7120C29A2AF13
:1037F000E433FEC2AF9005EBE06003121ADB808475
:1038000074F7120C29A2AFE433FEC2AF9005EBE0CF
:1038100070199005D7E0A2E740119005D9E0700B30
:103820009005ECE0A2E74003121AE102B784C082DF
:10383000C083A2AFE433F8C2AF9005EAE07006742B
:1038400001F075E1E3E802B75BC082C083A2AFE498
:1038500033F9C2AF9005EAE06013E412B871A8A88A
:10386000C2AF759B0075E9FBE8A2E792AFE902B72A
:103870005BF075E1EF75E1ED75E1ED2274F0120C8E
:103880002974F81212B4852182852283EAF0A3EB11
:10389000F0A3ECF0A3EDF085218285228378081255
:1038A00014E5EDC2E7F50B901A5E780C1214E5787A
:1038B00008790C120E498521828522835006121543
:1038C0004102B99078081214E59083D8780C12144C
:1038D000E57808790C120E98852182852283780874
:1038E0001214E5400302B97EEDC2E7F50B85218293
:1038F00085228378081214C785218285228378085F
:103900001214E578081208FF7808120B42740412AA
:10391000155878081214C7852182852283780812E9
:1039200014E57404121558780C1214E57808790C13
:103930001202629083D8780C1214E57808790C1280
:1039400010596023740412155878081214E5901A5F
:1039500056780C1214E57808790C12028774041258
:10396000155878081214C7740412155878081214E0
:10397000E5AA08AB09AC0AE50BB2E7FD80127808AE
:103980001208FF7808120B42AA08AB09AC0AAD0B6B
:1039900074081212017F08020F3074E4120C298A95
:1039A000188B198C1A8D1B7420121558781012144C
:1039B000E57424121558780C1214E5742812155861
:1039C00078141214E578147918120262850C0885AF
:1039D0000D09850E0A850F0B78087910120262789E
:1039E000147908120687741C12155878081214E509
:1039F00078087918120262781479081204A17814F0
:103A0000791012028778147910120E98500E8510D2
:103A10001885111985121A85131B800C85141885B9
:103A2000151985161A85171B780C7918120E9850DF
:103A30000E850C08850D09850E0A850F0B800C85F7
:103A40001808851909851A0A851B0BAA08AB09AC49
:103A50000AAD0B7F14020F3074ED120C2989118A04
:103A600010EB8C12F9121799750C00750D00750E7C
:103A700000750F007E008018AA10A9111217938AF2
:103A8000088B09E4F50AF50B780C79081213BF0EC0
:103A9000EEC3951240E2851208E4F509F50AF50B2C
:103AA000780C7908120BBAAA0CAB0D7F0B020F3001
:103AB00074F7120C29E97020900000E4F079FF12ED
:103AC0001BEFE59D5418F8601874086860137410B3
:103AD00068600E1217AB80097A657B1B790112189A
:103AE000357F01020F30C082C083E9F890192BE0C6
:103AF000F47006E8F079018002790002BB8D74F65B
:103B0000120C29E9FEEAFF90192BE0F4602B7A04ED
:103B10007B00121B9BEA4B601C8A828B8374C0F073
:103B2000EFA3A3F0EE8A828B83A3A3A3F090192BBB
:103B3000E0F9121BA77900800279017F02020F30A1
:103B400074F7120C29E9A2E5E433FA121B5F8091A5
:103B500074F7120C291217A5E9F8C394535025E8FD
:103B6000C3944F40047E0180027E00900CFDE0F87B
:103B7000A3E0F9E849600AEEF9E0F58388821231A2
:103B800099EE600479018002790002BAE1D083D015
:103B9000820211CEC082C08312196702BB8D8003DE
:103BA000000000EAF8EBF9E824FF1AE934FFFBE82B
:103BB0004970ED0211CE74F4120C298908740F5566
:103BC00008F50A750B00740B780A1213D2EA240068
:103BD000F8EB3480F9E82400E9350BF985C70AA22F
:103BE000AFE433F509C2AFE508C4540FFAE5C75492
:103BF000F84AF5C7740C121558E0FAA3E0FB801CD4
:103C000088828983E08C828D83F088828983A3A84F
:103C100082A9838C828D83A3AC82AD83EAFEEBFF05
:103C2000EE24FF1AEF34FFFBEE4F70D4850AC7E590
:103C300009A2E092AF7F04020F3074F6120C29EC57
:103C4000FEED900423F0EEA3F0A37462F0A374736E
:103C5000F0A3E0541FF0740A121558E0F508A3E031
:103C6000F509E508333354FC900428F0740678080D
:103C70001214B8E508900427F09004297412F0A3F8
:103C80007442F075D1FE75D601EA906271F0EBA333
:103C9000F0906270E0D2E1F0E0A2E740FB7F020228
:103CA0000F30C082C083E9C333906272F0906270BB
:103CB000E0D2E0F0D083D0820211CEC082C0831265
:103CC000BCFD7020E8601D740268700E12BCED70BF
:103CD00003A3E069700E7901800C7403687005120B
:103CE0001D2180027900D083D0820211CE8A828B7E
:103CF00083E0F8A3E0F98C828D83E068228A828BCE
:103D000083A3A3A3A3A3A3A3A3E0F88C828D83A37F
:103D1000A3A3A3A3A3A3A3E06822C082C0838C8231
:103D20008D83A3A3A3A3A3A3A3A3E0F88A828B8379
:103D3000A3A3A3A3A3A3A3A3F07403687005121DF8
:103D40002780128C828D83E0F8A3E0F98A828B832E
:103D5000E8F0A3E9F002BCE674F6120C2975080835
:103D6000EAFEEBFF8E828F83A3AA82AB83ECF8ED91
:103D7000F988828983A3AC82AD838E828F83E0FE33
:103D800088828983E06E6004790080081508E50860
:103D900070CE79017F02020F3074F5120C298C0865
:103DA0008D09750A0078081212207C087D00121B0C
:103DB0007D74031212017F03020F3074F6120C2976
:103DC0007E0090044DE014600914601124FE601A16
:103DD0008025638C0190044EE055808009638C0639
:103DE00090044EE05590700F800B638C0890044E49
:103DF000E055A070027E01EEF50875090078081202
:103E0000122490044EE0F508780812122490044D14
:103E1000E0F50878081212247AFC7B8012172774C8
:103E200006121201EEA2E050047820800278409041
:103E3000044DE048FA90044EE0F9121B5F7F020245
:103E40000F3053F5FE53FFFE0211CEC082C08390A7
:103E5000044F7401F043AC01439A0253F7FE53F749
:103E60007F7A327B00121B77438C08D083D082028A
:103E700011CE74F7120C29E990044DF01460091466
:103E8000600A24FE600E8016E5898002E58A9004AF
:103E90004EE48009E58BA2E0E43390044EF0908379
:103EA00024120FFB7A107B0090044BE0F9121CF1F6
:103EB00074041212017F01020F30C082C08390048B
:103EC000227480F0D083D0820211CE74F6120C29B5
:103ED000E9FCEAFD7901ECC39408500E78008005F6
:103EE000E9C333F908E8C39C40F6E942F2ED1460F7
:103EF0000814600914600A800C7800800A78108029
:103F000006782080027830900422E0FAEC484AF5E6
:103F1000B6E5B4A2E750FA74FF6952F2E5BAFAA91D
:103F2000BBE9FBC39400A2D265D03350047A007B76
:103F300000ED14600814600D14601280188A088B5C
:103F400009740880168A088B097406800E8A088B0B
:103F500009740480068A088B0974027808121468B0
:103F6000AA08AB097F02020F30C082C083E9900427
:103F70002202BEC3E9F875B60FE5B4A2E750FAE82D
:103F8000C395BB50047901800279000211CE75B649
:103F90000FE5B4A2E750FAE5BBF90211CEC082C02A
:103FA0008374E31212B48521828522837401F01296
:103FB0001558E4F07402121558E4F0740312155801
:103FC0007430F0A3E4F0740A1215587414F0A3E4EA
:103FD000F074121215587414F0A3E4F0740512155D
:103FE00058740AF074161215587401F0741B1215E7
:103FF00058EAF0A3EBF012185FAA21AB2279001265
:104000001865741D803374F7120C29E97C087D0053
:1040100060067A3D7B1980047A357B197900121885
:10402000717F01020F30C082C0837C087D007A2D31
:104030007B1979001218718003121201D083D0828B
:104040000211CED083D0820211CEC082C0838019EB
:10405000198C828D83E08A828B83F0A3AA82AB8342
:104060008C828D83A3AC82AD83E970E480D5C0825D
:10407000C083801D198A828B83E08C828D83F08AB5
:10408000828B83A3AA82AB838C828D83A3AC82AD07
:1040900083E970E080AD74F7120C29EAFEEBFF892A
:1040A00008E970031217AB8E828F83E0F5D9A3AEB7
:1040B00082AF831508E50870EE7F01020F3074F7B8
:1040C000120C29EAFEEBFF8908E970031217ABE531
:1040D000D98E828F83F0A3AE82AF831508E5087076
:1040E000EE80D6C082C083E990044BF0D083D082AA
:1040F0000211CEC082C08312178D1217B1122C7B11
:1041000012185F12182F80E474F6120C29EAFEEBE5
:10411000FF548060188003121BA190044BE0F91239
:104120001BB3EA4B70F1EEFAEF64808035EE542059
:104130006006EE6420FA8031EE54106028121829CF
:1041400090044FE07017908310120FFB7A107B00E1
:1041500090044BE0F9121CF17404121201EE641089
:10416000FAEFFB80047A007B007F02020F30C082EE
:10417000C08312187702C0ECC082C08390153DE462
:10418000F0901537F0A3F0D083D0820211CEC08218
:10419000C083E990153D80EE74F6120C29E9FE907B
:1041A0008411E0F8EEC39840047903803CA2AFE4A8
:1041B00033FBC2AF750801750900EE78081213D2FF
:1041C000AC08AD09EA7011ECF4F8EDF4F99015378C
:1041D000E058F0A3E0598009901537E04CF0A3E0D7
:1041E0004DF0EBA2E092AF79007F02020F3074F045
:1041F000120C298A088B098C0A8D0B741012155821
:10420000E0F8A3E0F9E8FAE9FB9083D8780C1214FF
:10421000E57808790C121059700E8A828B83E4F0CD
:10422000A3F0FAFBFCFD8022EC33ED332482F8335B
:1042300095E0F98A828B83E8F0A3E9F0AA08AB093C
:10424000ED5480443FFDECC2E7FC7F08020F30C014
:1042500082C0831217217A147B00121C31900D0149
:10426000EAF0A3EBF07C147D007900121B89790041
:10427000122E9179011228F779021217B7790312D9
:1042800026D57904121F1F7905121D4B79061231AC
:104290002B7907121E7D79081216F77909121781FA
:1042A000D083D0820211CEEEC0E0E9FA7B00123159
:1042B00096D0E0FE0211CE74F6120C2974FE121292
:1042C000B4740C121284852182852283E8F0A3E95C
:1042D000F0A821A922880889097808121224E4F597
:1042E00008F50978081212247C877D2312236F7445
:1042F0000412120174021212017F02020F30121214
:10430000017F02020F3079010211CE74F6120C29DE
:1043100074FE1212B4740C121284852182852283D9
:10432000E8F0A3E9F0A821A92288088909780812F1
:10433000122412238D7402121201740280C0C082F2
:10434000C08312238DD083D0820211CEC082C0835D
:1043500012195B1219D9121AB1121A45121AED125A
:1043600018BF8025C082C083A2AF50031217AB9044
:104370001929E07006121A511219DF1218C5121A03
:10438000E79005B07401F08000D083D0820211CE96
:104390000211CEC082C08312206F9015C77410F036
:1043A000A374C1F0D083D0820211CEC082C08390AA
:1043B00015BA7401F0A37440F0A3748EF0A3E4F076
:1043C000A3F0A37450F0A374A0F0A3E4F09015C47C
:1043D00074A0F0A3E4F0A380CAC082C0839019291E
:1043E000E06033E59E70FC439403E594A2E250FA4A
:1043F000E064027008121A3F121A4B8011E0640147
:1044000060031217ABE59DA2E640031217AB9019AB
:1044100029E4F0121ACFD083D0820211CE74F412A4
:104420000C298A088B098C0A8D0B90832878081236
:1044300011A9500C750896750951750A18750B006D
:1044400090832C78081213AC90192578081214C7A1
:104450007F04020F30C082C083852182852283E0E1
:10446000F8A3E0F9E84960128A828B83ECF0A3E8B4
:1044700024FF18E934FFF94870F2D083D08202118A
:10448000CEC3EB9400A2D265D0334005EAF8EB80AE
:0F44900006C3E49AF8E49BF9E8FAE9FB0211CEBF
:04000005000014A83B
:00000001FF
